# Blender 4.5.3 LTS
# www.blender.org
o DecalStatic
v 36.434963 -23.956955 26.194557
v 35.063160 -23.981966 25.287136
v 34.156677 -23.994051 23.916832
v 33.837162 -23.982864 22.285223
v 34.156780 -23.939066 20.654535
v 35.062054 -23.871979 19.285439
v 36.432133 -23.797054 18.380041
v 38.067944 -23.731628 18.060837
v 39.705727 -23.700403 18.381313
v 41.078163 -23.713484 19.286823
v 41.982471 -23.745810 20.655312
v 42.300945 -23.780334 22.285978
v 41.981449 -23.814928 23.917946
v 41.076397 -23.853271 25.287813
v 39.705620 -23.889788 26.194313
v 38.070572 -23.926928 26.514885
v 47.539646 -23.873657 31.593767
v 48.496967 -23.830708 31.327042
v 49.840405 -23.735004 31.206123
v 51.176933 -23.620922 31.322277
v 52.119061 -23.507412 31.587936
v 47.283550 -23.868019 32.543411
v 48.524109 -23.834114 32.547485
v 49.866070 -23.736410 32.523758
v 51.191673 -23.615807 32.547874
v 52.387444 -23.445499 32.543827
v 47.169113 -23.825378 33.885937
v 48.509056 -23.789780 33.885193
v 49.874542 -23.688313 33.884586
v 51.221527 -23.562698 33.886288
v 52.505085 -23.373215 33.888561
v 47.283623 -23.769968 35.229679
v 48.526592 -23.737383 35.224419
v 49.867008 -23.637829 35.248363
v 51.192917 -23.516136 35.227886
v 52.384945 -23.341667 35.234241
v 47.540012 -23.707087 36.185272
v 48.500595 -23.646715 36.451302
v 49.842579 -23.542873 36.571022
v 51.178524 -23.432222 36.454082
v 52.115993 -23.333176 36.188591
v 59.434326 -22.834042 20.045069
v 60.381248 -22.594187 19.796442
v 61.740738 -22.220072 19.682640
v 63.114090 -21.838600 19.796675
v 64.092209 -21.537289 20.048769
v 59.184761 -22.918026 20.980883
v 60.404106 -22.662905 20.994997
v 61.763073 -22.300665 20.978115
v 63.133091 -21.912794 20.999573
v 64.362335 -21.483017 20.989815
v 59.067516 -22.949224 22.309820
v 60.383213 -22.676401 22.323893
v 61.766624 -22.308832 22.329704
v 63.163891 -21.911654 22.324890
v 64.488533 -21.446419 22.312065
v 59.170933 -22.917519 23.632107
v 60.397881 -22.660442 23.640747
v 61.763180 -22.296072 23.668282
v 63.145138 -21.904579 23.639835
v 64.379227 -21.473513 23.627661
v 59.408920 -22.832928 24.560047
v 60.365059 -22.590237 24.815565
v 61.738262 -22.212069 24.930843
v 63.136730 -21.823921 24.809610
v 64.119926 -21.522879 24.549406
v 47.571808 -23.264585 8.368829
v 48.511780 -23.143618 8.092590
v 49.849571 -22.970057 7.974925
v 51.180935 -22.812933 8.094437
v 52.112213 -22.709269 8.369463
v 47.309315 -23.402084 9.299920
v 48.523788 -23.325989 9.274386
v 49.863544 -23.177633 9.244754
v 51.193497 -23.014479 9.277390
v 52.380852 -22.809217 9.301255
v 47.196217 -23.559717 10.639268
v 48.504871 -23.488453 10.609664
v 49.866440 -23.347534 10.600618
v 51.222092 -23.192768 10.609995
v 52.499054 -22.983023 10.638252
v 47.309631 -23.704809 11.983452
v 48.526138 -23.644930 11.958313
v 49.864204 -23.522350 11.974905
v 51.197159 -23.374989 11.959951
v 52.384754 -23.192678 11.983111
v 47.570953 -23.784887 12.933737
v 48.512741 -23.748112 13.190904
v 49.848488 -23.640985 13.301991
v 51.182861 -23.495653 13.190553
v 52.114071 -23.349442 12.931685
v 35.797176 -24.094074 20.039915
v 36.720860 -24.073492 19.779470
v 38.054058 -24.030899 19.666260
v 39.389942 -24.001205 19.779167
v 40.326599 -23.975767 20.038422
v 35.529533 -24.143150 20.968208
v 36.713432 -24.175968 20.977337
v 38.043777 -24.147053 20.959427
v 39.380539 -24.108677 20.979752
v 40.586502 -24.017014 20.969820
v 35.412857 -24.175680 22.298948
v 36.688629 -24.215675 22.310133
v 38.039951 -24.190022 22.315063
v 39.400394 -24.150499 22.311258
v 40.698166 -24.048996 22.300936
v 35.530628 -24.193104 23.626829
v 36.716755 -24.230629 23.634781
v 38.044903 -24.207008 23.662474
v 39.381943 -24.169472 23.637535
v 40.583290 -24.077168 23.630259
v 35.798328 -24.180759 24.551708
v 36.725273 -24.177603 24.818548
v 38.056084 -24.149714 24.935516
v 39.391464 -24.119610 24.818478
v 40.322170 -24.081293 24.551828
v 53.452053 -23.161413 33.890072
v 53.212841 -23.139275 35.408569
v 52.532921 -23.189629 36.626045
v 51.331726 -23.290361 37.327797
v 49.817059 -23.410067 37.571194
v 48.300117 -23.527040 37.317570
v 47.088318 -23.632662 36.619099
v 46.402355 -23.716217 35.404324
v 46.160648 -23.786730 33.886753
v 46.400974 -23.828112 32.370659
v 47.086189 -23.831362 31.160017
v 48.296749 -23.772430 30.464027
v 49.814152 -23.671686 30.213070
v 51.330116 -23.542593 30.453243
v 52.534969 -23.399599 31.153402
v 53.216820 -23.260166 32.370892
v 52.486095 -22.530268 8.005822
v 53.126225 -22.594591 9.177663
v 53.353786 -22.782146 10.665224
v 53.130779 -23.037800 12.156465
v 52.487461 -23.290627 13.336958
v 51.314426 -23.500467 13.977120
v 49.832439 -23.668781 14.198142
v 48.349285 -23.770844 13.974377
v 47.176994 -23.791475 13.337157
v 46.538189 -23.700153 12.159534
v 46.313072 -23.549547 10.669066
v 46.535118 -23.373005 9.180134
v 47.175900 -23.190704 8.004848
v 48.350533 -22.989428 7.358146
v 49.835686 -22.778492 7.133361
v 51.317047 -22.609177 7.361478
v 39.536552 -23.856043 19.028898
v 40.699955 -23.862799 19.666555
v 41.339489 -23.887287 20.824030
v 41.563908 -23.918346 22.292728
v 41.337055 -23.951277 23.761122
v 40.696785 -23.985151 24.916080
v 39.536873 -24.012239 25.557686
v 38.064476 -24.044044 25.784670
v 36.593773 -24.074255 25.556433
v 35.436253 -24.099340 24.913572
v 34.792568 -24.101465 23.758282
v 34.564232 -24.086086 22.291082
v 34.790852 -24.049679 20.823618
v 35.432922 -24.000877 19.666027
v 36.589325 -23.939896 19.027020
v 38.061619 -23.884283 18.802896
v 52.937134 -23.178846 13.789677
v 51.523010 -23.455496 14.693948
v 49.829628 -23.658569 15.009889
v 48.134495 -23.766382 14.693110
v 46.722954 -23.772127 13.791467
v 45.820717 -23.676157 12.378574
v 45.503410 -23.510427 10.682422
v 45.819618 -23.300920 8.985652
v 46.723701 -23.062553 7.570660
v 48.138660 -22.806534 6.664180
v 49.835186 -22.555931 6.346892
v 51.529072 -22.364834 6.665333
v 52.939175 -22.282265 7.569529
v 53.841236 -22.345100 8.980208
v 54.159069 -22.557278 10.675046
v 53.842361 -22.860027 12.372890
v 58.543255 -22.896542 25.412024
v 57.650520 -23.161827 23.989061
v 57.342449 -23.255495 22.288191
v 57.667343 -23.161966 20.585835
v 58.579533 -22.895729 19.158209
v 60.007599 -22.470190 18.241968
v 61.728779 -21.946245 17.918058
v 63.473156 -21.404171 18.239496
v 64.954338 -20.933720 19.163830
v 65.915390 -20.633503 20.595695
v 66.264412 -20.526075 22.290503
v 65.944923 -20.621035 23.981115
v 65.001945 -20.910835 25.405144
v 63.511684 -21.380089 26.328367
v 61.721176 -21.932835 26.650730
v 59.972187 -22.466619 26.326433
v 52.935982 -23.013678 37.028343
v 51.513252 -23.137060 37.954391
v 49.807495 -23.272463 38.278591
v 48.101357 -23.402449 37.950531
v 46.675705 -23.527468 37.025799
v 45.755634 -23.638214 35.599049
v 45.432098 -23.724337 33.893524
v 45.755054 -23.765768 32.188644
v 46.674587 -23.758001 30.763369
v 48.099724 -23.695393 29.839975
v 49.805592 -23.586012 29.513165
v 51.511707 -23.437313 29.836220
v 52.935917 -23.257568 30.761894
v 53.854271 -23.081480 32.189980
v 53.853050 -22.942532 35.600719
v 54.175171 -22.962948 33.895687
v 65.444443 -21.002159 22.300703
v 65.226318 -21.063829 23.774685
v 64.567154 -21.259085 24.974476
v 63.290558 -21.633709 25.621504
v 61.717953 -22.086327 25.842443
v 60.184559 -22.527653 25.616070
v 58.974575 -22.875122 24.975479
v 58.357159 -23.052029 23.777271
v 58.148655 -23.113750 22.298197
v 58.372448 -23.052301 20.815475
v 59.006535 -22.875027 19.611835
v 60.210926 -22.531250 18.972296
v 61.723038 -22.096991 18.746201
v 63.258457 -21.653530 18.963165
v 64.529160 -21.278006 19.607531
v 65.203270 -21.074738 20.821228
v 59.348587 -22.710117 25.670656
v 58.290688 -23.022360 24.600445
v 57.778156 -23.174833 23.106400
v 57.785675 -23.175074 21.478277
v 58.316906 -23.021965 19.979630
v 59.384300 -22.710869 18.906170
v 60.893368 -22.264370 18.370466
v 62.559731 -21.767706 18.366039
v 64.119576 -21.298037 18.900099
v 65.246574 -20.950459 19.983273
v 65.812752 -20.778173 21.484102
v 65.826698 -20.772270 23.104900
v 65.283783 -20.933542 24.596432
v 64.163574 -21.274689 25.673807
v 62.575546 -21.749565 26.210358
v 60.871479 -22.257143 26.206985
v 53.227428 -23.055031 36.231701
v 52.144142 -23.147415 37.331337
v 50.639248 -23.271284 37.898411
v 48.981956 -23.398438 37.893482
v 47.473232 -23.519705 37.323864
v 46.383316 -23.627968 36.227863
v 45.824333 -23.718016 34.718437
v 45.823715 -23.779808 33.061802
v 46.381744 -23.800446 31.554447
v 47.470963 -23.768677 30.460899
v 48.979385 -23.683855 29.894041
v 50.637012 -23.560387 29.889019
v 52.143627 -23.406836 30.453815
v 53.229626 -23.240086 31.552975
v 53.783466 -23.098688 33.063953
v 53.781689 -23.031118 34.721317
v 35.587929 -23.929609 25.999264
v 34.353550 -23.949936 24.764807
v 33.683605 -23.953257 23.154976
v 33.683857 -23.923973 21.411678
v 34.353745 -23.861580 19.802872
v 35.587139 -23.784323 18.569599
v 37.197903 -23.709538 17.899515
v 38.944763 -23.656242 17.899900
v 40.556805 -23.645916 18.570498
v 41.790340 -23.672302 19.803589
v 42.459457 -23.709656 21.412025
v 42.459278 -23.745617 23.155319
v 41.789604 -23.783384 24.765055
v 40.556171 -23.824558 25.999012
v 38.945518 -23.866623 26.669811
v 37.199516 -23.902607 26.670086
v 53.184612 -23.091042 12.978679
v 52.126709 -23.362408 14.037962
v 50.645226 -23.580719 14.567833
v 49.013870 -23.728283 14.566302
v 47.532345 -23.788467 14.036635
v 46.478291 -23.745823 12.981397
v 45.947197 -23.614794 11.495876
v 45.945587 -23.436012 9.859322
v 46.476276 -23.232529 8.374299
v 47.533474 -23.010387 7.314557
v 49.017715 -22.774082 6.780200
v 50.650211 -22.560926 6.781858
v 52.129375 -22.424559 7.316423
v 53.182522 -22.412844 8.372276
v 53.714939 -22.548250 9.853905
v 53.717022 -22.797810 11.490411
v 47.922878 -23.869795 31.963022
v 49.179363 -23.795729 31.860308
v 50.526546 -23.688278 31.859552
v 51.761532 -23.559549 31.960402
v 47.832645 -23.841545 33.209961
v 49.195511 -23.769962 33.207561
v 50.544876 -23.658270 33.207947
v 51.870678 -23.504103 33.211411
v 47.833412 -23.792425 34.561333
v 49.196472 -23.720974 34.562412
v 50.545498 -23.608496 34.563717
v 51.870544 -23.452587 34.564682
v 47.924240 -23.730412 35.813293
v 49.182003 -23.650133 35.914135
v 50.528313 -23.540686 35.915627
v 51.760506 -23.414730 35.816303
v 59.807755 -22.779295 20.412226
v 61.065002 -22.458672 20.318794
v 62.445454 -22.079313 20.320227
v 63.721756 -21.702908 20.418030
v 59.714138 -22.824425 21.645935
v 61.076183 -22.499741 21.655132
v 62.461212 -22.118986 21.656704
v 63.835159 -21.691118 21.651094
v 59.709217 -22.823687 22.985405
v 61.074791 -22.497955 22.997444
v 62.464432 -22.115641 22.997637
v 63.842907 -21.686386 22.984961
v 59.791122 -22.777426 24.205286
v 61.058430 -22.454023 24.310190
v 62.454033 -22.070122 24.308395
v 63.742985 -21.690565 24.197536
v 47.929207 -23.294933 8.704879
v 49.182446 -23.157419 8.591593
v 50.529953 -22.994835 8.593235
v 51.769333 -22.833475 8.706924
v 47.833344 -23.456114 9.946347
v 49.189827 -23.341654 9.925465
v 50.540634 -23.189390 9.926511
v 51.876762 -23.000076 9.947613
v 47.834274 -23.612514 11.301060
v 49.190788 -23.508030 11.283111
v 50.541901 -23.366255 11.283772
v 51.879292 -23.188560 11.301485
v 47.929779 -23.742044 12.566360
v 49.183388 -23.654469 12.655722
v 50.531452 -23.523130 12.656260
v 51.772724 -23.366095 12.565845
v 36.139099 -24.136097 20.390686
v 37.374924 -24.115612 20.295425
v 38.723049 -24.080175 20.296185
v 39.972164 -24.037035 20.390842
v 36.033985 -24.189430 21.632195
v 37.366634 -24.192387 21.639585
v 38.716877 -24.159157 21.640640
v 40.066586 -24.090710 21.634333
v 36.035397 -24.215761 22.975271
v 37.367886 -24.221170 22.985157
v 38.717651 -24.189425 22.986248
v 40.066212 -24.121105 22.978031
v 36.141369 -24.211418 24.209169
v 37.378006 -24.202261 24.314375
v 38.724979 -24.172216 24.315231
v 39.970413 -24.125877 24.210379
v 40.309326 -23.776213 19.015411
v 41.351715 -23.798555 20.055067
v 41.886852 -23.830032 21.495731
v 41.885983 -23.863092 23.082825
v 41.349461 -23.898756 24.523830
v 40.307899 -23.932638 25.564728
v 38.863411 -23.965464 26.102795
v 37.272297 -23.998112 26.102533
v 35.828690 -24.026791 25.563383
v 34.786186 -24.044273 24.521675
v 34.247578 -24.042168 23.081152
v 34.247204 -24.015564 21.494946
v 34.784473 -23.965134 20.054190
v 35.825291 -23.899958 19.013569
v 37.268566 -23.831934 18.477945
v 38.861782 -23.784239 18.479090
v 52.964417 -23.248066 34.618504
v 52.631413 -23.252190 35.912296
v 51.837597 -23.316607 36.721928
v 50.555706 -23.422577 37.062382
v 49.101105 -23.536268 37.058159
v 47.808189 -23.639147 36.715538
v 47.005814 -23.718723 35.907635
v 46.674435 -23.783278 34.614426
v 46.674076 -23.836838 33.157455
v 47.005417 -23.866236 31.868649
v 47.805889 -23.842903 31.064381
v 49.097630 -23.761923 30.722132
v 50.553234 -23.651258 30.717007
v 51.838501 -23.528442 31.055130
v 52.635715 -23.408812 31.865080
v 52.966591 -23.305738 33.159660
v 52.593018 -22.653427 8.665402
v 52.906563 -22.785425 9.933364
v 52.909405 -22.997971 11.374372
v 52.596355 -23.228350 12.651435
v 51.821854 -23.425304 13.428374
v 50.556217 -23.590916 13.736505
v 49.122459 -23.722555 13.735613
v 47.853951 -23.795179 13.428594
v 47.080662 -23.764835 12.653256
v 46.770756 -23.639250 11.376466
v 46.769634 -23.480261 9.934944
v 47.080044 -23.319748 8.665404
v 47.854107 -23.156839 7.888115
v 49.123688 -22.971687 7.571344
v 50.557735 -22.789461 7.573009
v 51.821411 -22.660040 7.889878
v 40.043053 -23.929016 19.554951
v 40.812450 -23.942314 20.320248
v 41.122044 -23.970524 21.581400
v 41.120323 -24.001789 23.011768
v 40.807671 -24.032633 24.268154
v 40.040943 -24.058744 25.032740
v 38.777790 -24.085485 25.348198
v 37.344658 -24.115990 25.347904
v 36.084900 -24.143944 25.032351
v 35.316872 -24.155369 24.266024
v 35.000580 -24.145607 23.008886
v 34.999760 -24.119896 21.579943
v 35.315563 -24.082438 20.320656
v 36.081596 -24.036091 19.555429
v 37.340828 -23.983313 19.244686
v 38.775784 -23.942747 19.245234
v 53.622234 -22.978952 13.224533
v 52.372456 -23.301041 14.474853
v 50.723190 -23.559294 15.140563
v 48.934601 -23.722309 15.140380
v 47.284988 -23.777800 14.475735
v 46.038246 -23.727806 13.228905
v 45.373081 -23.590910 11.579859
v 45.372795 -23.393942 9.790481
v 46.038506 -23.154955 8.139604
v 47.288155 -22.890028 6.889386
v 48.940037 -22.619732 6.222384
v 50.729614 -22.383469 6.222878
v 52.377274 -22.236622 6.889368
v 53.623070 -22.223072 8.136173
v 54.288269 -22.368458 9.783154
v 54.288643 -22.645063 11.572415
v 59.115578 -22.660570 26.089260
v 57.872299 -23.019512 24.834375
v 57.218204 -23.207911 23.182636
v 57.226410 -23.208288 21.388908
v 57.900803 -23.019331 19.734312
v 59.156425 -22.661587 18.475840
v 60.818687 -22.155886 17.801971
v 62.639130 -21.583147 17.802578
v 64.337425 -21.034721 18.483408
v 65.640053 -20.614376 19.747169
v 66.350342 -20.387756 21.397291
v 66.366257 -20.381069 23.177685
v 65.682564 -20.595638 24.821480
v 64.386749 -21.008623 26.080685
v 62.656059 -21.562456 26.761642
v 60.792286 -22.147312 26.762403
v 53.606476 -22.916122 36.444904
v 52.354794 -23.024725 37.700176
v 50.702049 -23.164160 38.372757
v 48.908970 -23.301390 38.371773
v 47.255680 -23.432636 37.698803
v 46.002407 -23.558237 36.444286
v 45.331814 -23.665531 34.791416
v 45.331638 -23.733049 32.999584
v 46.001801 -23.748014 31.347261
v 47.254631 -23.710543 30.093405
v 48.907604 -23.622519 29.421257
v 50.700493 -23.488951 29.420298
v 52.353935 -23.313700 30.092466
v 53.606716 -23.120050 31.348295
v 54.276237 -22.959818 33.001499
v 54.275860 -22.885559 34.792656
v 59.676369 -22.722015 25.056555
v 58.905727 -22.936426 24.283840
v 58.614906 -23.019194 23.015150
v 58.622135 -23.019396 21.590561
v 58.929665 -22.936193 20.315605
v 59.703922 -22.723505 19.541794
v 60.996033 -22.361605 19.233364
v 62.463493 -21.949492 19.230293
v 63.796635 -21.572348 19.538448
v 64.615227 -21.332750 20.320311
v 64.942444 -21.235714 21.596716
v 64.952766 -21.230396 23.014406
v 64.642349 -21.318480 24.276819
v 63.829617 -21.554075 25.051476
v 62.476158 -21.935677 25.367346
v 60.981792 -22.355505 25.367325
v 58.433582 -22.864540 25.519083
v 57.475845 -23.138069 24.040443
v 57.144321 -23.234959 22.285885
v 57.493156 -23.138491 20.530302
v 58.471085 -22.863997 19.047459
v 59.955242 -22.425249 18.066925
v 61.727268 -21.876196 17.721806
v 63.520283 -21.304407 18.068821
v 65.050301 -20.808279 19.057587
v 66.073479 -20.481077 20.542028
v 66.444359 -20.361706 22.288126
v 66.103760 -20.467810 24.030220
v 65.099724 -20.784809 25.507860
v 63.559700 -21.279093 26.494967
v 53.038517 -22.967997 37.129601
v 51.559940 -23.097374 38.107548
v 49.805729 -23.236946 38.450356
v 48.051533 -23.370243 38.106037
v 46.571972 -23.499928 37.128666
v 45.596569 -23.617577 35.648834
v 45.254131 -23.707664 33.895535
v 45.596294 -23.749159 32.142632
v 46.571304 -23.738628 30.663635
v 48.050396 -23.675035 29.687021
v 49.804161 -23.563301 29.343298
v 51.558430 -23.409525 29.685690
v 53.037971 -23.220465 30.663710
v 54.012814 -23.035709 32.144321
v 36.363071 -23.918667 26.408012
v 35.702747 -23.970772 25.805620
v 34.912521 -23.941967 25.439106
v 34.544296 -23.990574 24.646574
v 33.941628 -23.955988 23.991159
v 33.920654 -23.992403 23.116695
v 33.600399 -23.944452 22.282507
v 33.920971 -23.964931 21.452557
v 33.942307 -23.897278 20.574551
v 34.544685 -23.907780 19.923965
v 34.913342 -23.824560 19.128208
v 35.702110 -23.834898 18.767263
v 36.360909 -23.747208 18.157564
v 37.233833 -23.761934 18.144117
v 38.071907 -23.679539 17.816036
v 38.904224 -23.710981 18.144957
v 39.783947 -23.645950 18.158440
v 40.438656 -23.703133 18.769341
v 41.232105 -23.657618 19.129890
v 41.596130 -23.728983 19.926348
v 42.201962 -23.692390 20.576338
v 42.217884 -23.763491 21.454697
v 42.542889 -23.728981 22.284193
v 42.217224 -23.797676 23.119154
v 42.201191 -23.764990 23.992952
v 41.593880 -23.834391 24.648975
v 41.230228 -23.805098 25.440132
v 40.436058 -23.871954 25.806488
v 39.782478 -23.846714 26.411364
v 38.904110 -23.909077 26.430979
v 38.071926 -23.887169 26.753586
v 37.236565 -23.943237 26.429214
v 53.056320 -23.147919 13.908246
v 51.578922 -23.442272 14.878910
v 49.829475 -23.654800 15.218613
v 48.078041 -23.764576 14.878923
v 46.603294 -23.766661 13.910757
v 45.634720 -23.669455 12.435804
v 45.294666 -23.499466 10.685183
v 45.634464 -23.280863 8.933473
v 46.604828 -23.027340 7.455679
v 48.083035 -22.757324 6.483955
v 49.835575 -22.496468 6.143606
v 51.585796 -22.299355 6.484309
v 53.059425 -22.215271 7.453847
v 54.027443 -22.278570 8.927316
v 48.526554 -23.839573 31.904913
v 47.919586 -23.865206 31.450968
v 47.402203 -23.880636 31.971504
v 47.872559 -23.860535 32.561680
v 49.854584 -23.743530 31.840797
v 49.149849 -23.786362 31.239054
v 49.192253 -23.790087 32.533447
v 51.170769 -23.627674 31.903313
v 50.528961 -23.679098 31.236509
v 50.535633 -23.680563 32.533657
v 52.263210 -23.485769 31.967407
v 51.747059 -23.562086 31.443932
v 51.823700 -23.535067 32.562134
v 48.515003 -23.814905 33.212513
v 47.200386 -23.849041 33.195465
v 47.815369 -23.817228 33.886986
v 49.872463 -23.714888 33.205959
v 49.195015 -23.743944 33.886040
v 51.211559 -23.590902 33.213352
v 50.549648 -23.630938 33.886543
v 52.473286 -23.405972 33.197395
v 51.890430 -23.473967 33.888866
v 48.516289 -23.766100 34.560764
v 47.200539 -23.798500 34.577652
v 47.873672 -23.764252 35.213772
v 49.872910 -23.665512 34.566811
v 49.194004 -23.692421 35.240860
v 51.212311 -23.540493 34.563240
v 50.536957 -23.581394 35.242798
v 52.472019 -23.352215 34.581528
v 51.823486 -23.434435 35.218025
v 48.529663 -23.696632 35.871532
v 47.401535 -23.740952 35.807201
v 47.921757 -23.688946 36.329407
v 49.856117 -23.596098 35.934917
v 49.153069 -23.596823 36.538509
v 51.172375 -23.480867 35.874161
v 50.531147 -23.487108 36.540195
v 52.260441 -23.338821 35.810669
v 51.745651 -23.379438 36.332115
v 60.407093 -22.633171 20.359789
v 59.807140 -22.747419 19.911577
v 59.300560 -22.883675 20.416313
v 59.756641 -22.808468 21.002590
v 61.753555 -22.269541 20.300974
v 61.038975 -22.413754 19.713404
v 61.076172 -22.489336 20.985569
v 63.111588 -21.889826 20.363008
v 62.445648 -22.024986 19.713099
v 62.453850 -22.110701 20.987793
v 64.236710 -21.515791 20.422855
v 63.705563 -21.668659 19.913221
v 63.785999 -21.700485 21.009857
v 60.392200 -22.675049 21.655313
v 59.101341 -22.940968 21.626698
v 59.693489 -22.828939 22.318527
v 61.766407 -22.310144 21.655704
v 61.073017 -22.499395 22.329445
v 63.152824 -21.916046 21.658560
v 62.465439 -22.116484 22.329908
v 64.451790 -21.457874 21.633173
v 63.858150 -21.683407 22.320210
v 60.389343 -22.673748 22.991646
v 59.094604 -22.940630 22.991951
v 59.746166 -22.807074 23.625265
v 61.766705 -22.307711 23.003061
v 61.072685 -22.485888 23.660248
v 63.159008 -21.911766 22.991774
v 62.460091 -22.104134 23.660074
v 64.460678 -21.452829 22.990974
v 63.801159 -21.691351 23.622444
v 60.396053 -22.629700 24.266073
v 59.278606 -22.883196 24.194334
v 59.785027 -22.745310 24.697956
v 61.752571 -22.262993 24.330938
v 61.028576 -22.408186 24.900375
v 63.129189 -21.878082 24.261942
v 62.456284 -22.013243 24.897743
v 64.260735 -21.502459 24.184494
v 63.732544 -21.653221 24.687374
v 48.530609 -23.233631 8.639438
v 47.938332 -23.219114 8.215942
v 47.426922 -23.328096 8.731520
v 47.875397 -23.376471 9.299269
v 49.857487 -23.074903 8.571957
v 49.161560 -23.057741 8.005959
v 49.190250 -23.256578 9.255202
v 51.175690 -22.914925 8.642010
v 50.535282 -22.887003 8.007224
v 50.534424 -23.099737 9.257063
v 52.260349 -22.746899 8.731812
v 51.749920 -22.749540 8.216434
v 51.829887 -22.915096 9.301929
v 48.511875 -23.409235 9.936557
v 47.227055 -23.480604 9.949785
v 47.815460 -23.534815 10.624278
v 49.866020 -23.264975 9.922477
v 49.187897 -23.422529 10.603877
v 51.212029 -23.104797 9.938182
v 50.544491 -23.274881 10.604165
v 52.465946 -22.889027 9.949952
v 51.897572 -23.090834 10.624146
v 48.513298 -23.569864 11.287932
v 47.227474 -23.635975 11.330696
v 47.876488 -23.683800 11.958450
v 49.866539 -23.437214 11.285558
v 49.191597 -23.588871 11.969110
v 51.214329 -23.286577 11.288875
v 50.536491 -23.452961 11.970221
v 52.468502 -23.087378 11.330069
v 51.834106 -23.283857 11.959423
v 48.532524 -23.706043 12.617309
v 47.425823 -23.762218 12.562946
v 47.938831 -23.781580 13.077709
v 49.857502 -23.592218 12.674983
v 49.161533 -23.700708 13.272201
v 51.179230 -23.447828 12.617870
v 50.535603 -23.571211 13.272269
v 52.264206 -23.289158 12.561365
v 51.751835 -23.418938 13.075993
v 36.728893 -24.131226 20.336731
v 36.156105 -24.091917 19.895967
v 35.650505 -24.122255 20.402765
v 36.079376 -24.168306 20.986406
v 38.048729 -24.096212 20.277575
v 37.366726 -24.051668 19.696514
v 37.372246 -24.165470 20.967186
v 39.372898 -24.062145 20.337734
v 38.741394 -24.014044 19.696606
v 38.716572 -24.131426 20.968655
v 40.470348 -23.998764 20.401472
v 39.961807 -23.990639 19.893732
v 40.025146 -24.069408 20.988678
v 36.696827 -24.201143 21.640455
v 35.444607 -24.161020 21.614504
v 36.014980 -24.203857 22.306028
v 38.040821 -24.174654 21.639790
v 37.363415 -24.207376 22.314981
v 39.392838 -24.134922 21.642307
v 38.718922 -24.174772 22.315559
v 40.667881 -24.033453 21.616495
v 40.084572 -24.106234 22.307676
v 36.698605 -24.228640 22.979990
v 35.445396 -24.186621 22.983677
v 36.081482 -24.219961 23.620241
v 38.041386 -24.204439 22.990866
v 37.374481 -24.223017 23.653997
v 39.393677 -24.165279 22.982044
v 38.718102 -24.192192 23.655531
v 40.666302 -24.064013 22.986755
v 40.024448 -24.129513 23.623558
v 36.732838 -24.212263 24.270079
v 35.650574 -24.193901 24.192492
v 36.158989 -24.186722 24.699654
v 38.050304 -24.186861 24.335873
v 37.370285 -24.164444 24.904099
v 39.374660 -24.153305 24.271456
v 38.743565 -24.134615 24.904184
v 40.466381 -24.086266 24.193653
v 39.959545 -24.103849 24.698936
v 40.174488 -23.855955 19.288311
v 40.894516 -23.785940 19.472523
v 39.621407 -23.774757 18.686491
v 41.679058 -23.814390 20.739799
v 41.077251 -23.874201 20.190886
v 41.956154 -23.846878 22.289110
v 41.502739 -23.902779 21.538837
v 41.502602 -23.934774 23.047619
v 41.678474 -23.880516 23.839989
v 41.074959 -23.969000 24.394255
v 40.891636 -23.917112 25.107086
v 39.621445 -23.948702 25.893572
v 40.171303 -23.999346 25.293516
v 38.067833 -23.982870 26.172869
v 38.820187 -24.028162 25.722538
v 37.308331 -24.059626 25.723091
v 36.513664 -24.012848 25.893995
v 35.959400 -24.088879 25.292532
v 35.244587 -24.038431 25.104521
v 34.456909 -24.045921 23.837063
v 35.057720 -24.103506 24.389740
v 34.177422 -24.032885 22.287891
v 34.627041 -24.096485 23.044300
v 34.625011 -24.070139 21.536980
v 34.454933 -23.992695 20.738354
v 35.054241 -24.027029 20.189083
v 35.242554 -23.934429 19.470627
v 36.510723 -23.865501 18.685846
v 35.956902 -23.971640 19.289333
v 38.064835 -23.804285 18.408678
v 37.305405 -23.910366 18.863922
v 38.818459 -23.866325 18.865129
v 52.866688 -22.544828 8.535404
v 54.367546 -22.497519 10.676926
v 53.292835 -22.676016 9.900834
v 53.295788 -22.906046 11.430446
v 54.027439 -22.812374 12.429406
v 52.870316 -23.167696 12.803706
v 51.956997 -23.401001 13.718973
v 50.593296 -23.591148 14.140503
v 49.071110 -23.728914 14.138655
v 47.706551 -23.793879 13.717256
v 46.796604 -23.757114 12.805570
v 46.372978 -23.629805 11.434147
v 46.371014 -23.462826 9.904342
v 46.794125 -23.283333 8.536225
v 47.706642 -23.092419 7.620332
v 49.073540 -22.882280 7.192000
v 50.596664 -22.685652 7.194135
v 51.957882 -22.554562 7.622983
v 53.388901 -23.140516 34.668667
v 54.012478 -22.892128 35.649754
v 53.857925 -23.052425 33.892315
v 52.934494 -23.156578 36.071533
v 51.988052 -23.235672 37.039284
v 50.594688 -23.349434 37.508972
v 49.039154 -23.469469 37.502693
v 47.638763 -23.582117 37.029743
v 46.683167 -23.676594 36.066319
v 46.224266 -23.753948 34.664890
v 46.223503 -23.811520 33.108974
v 46.681419 -23.836271 31.710705
v 47.635918 -23.808758 30.750666
v 49.035877 -23.726326 30.280649
v 50.592205 -23.609818 30.274027
v 51.988167 -23.471949 30.740667
v 52.938076 -23.327337 31.707764
v 53.390278 -23.203352 33.110744
v 61.719101 -21.862041 26.842663
v 59.917904 -22.421442 26.497318
v 53.013260 -23.268682 33.889057
v 52.832874 -23.242920 35.306595
v 52.314384 -23.276432 36.397694
v 51.239498 -23.367025 36.928574
v 49.828621 -23.480055 37.110020
v 48.414112 -23.589777 36.921707
v 47.324200 -23.682671 36.392719
v 46.805473 -23.750942 35.301949
v 46.626160 -23.812872 33.885868
v 46.804916 -23.854771 32.471203
v 47.323483 -23.864496 31.386509
v 48.410400 -23.806910 30.858089
v 49.825924 -23.709526 30.670448
v 51.237877 -23.589991 30.849375
v 52.317825 -23.467552 31.379135
v 52.836651 -23.354164 32.471428
v 65.620567 -20.832945 23.882654
v 64.995857 -21.219063 22.306150
v 64.803955 -21.078918 25.207180
v 63.405563 -21.502481 26.005711
v 61.717007 -22.005466 26.281090
v 60.070862 -22.495378 26.000414
v 58.742062 -22.889154 25.208506
v 57.974258 -23.116116 23.886934
v 57.711330 -23.195614 22.292675
v 57.990200 -23.116308 20.695942
v 58.776272 -22.888596 19.369083
v 60.102261 -22.498810 18.576630
v 61.723454 -22.017605 18.296310
v 63.369869 -21.525236 18.569309
v 64.760368 -21.099936 19.367676
v 65.593880 -20.844601 20.702751
v 52.781429 -22.706390 9.257010
v 52.289585 -22.635052 8.195893
v 52.954094 -22.884623 10.653193
v 52.785805 -23.115715 12.054399
v 52.291027 -23.332808 13.124357
v 51.230839 -23.509739 13.614738
v 49.839382 -23.663637 13.781076
v 48.447006 -23.766720 13.613673
v 47.383778 -23.797903 13.125948
v 46.893909 -23.708027 12.056111
v 46.724739 -23.562105 10.655478
v 46.892361 -23.398056 9.257573
v 47.384083 -23.240652 8.195328
v 48.447102 -23.067595 7.696539
v 49.841541 -22.876497 7.525701
v 51.231159 -22.715641 7.699058
v 39.451427 -23.932091 19.368626
v 40.510735 -23.932514 19.855305
v 40.999088 -23.955685 20.908604
v 41.167061 -23.986147 22.296522
v 40.995758 -24.017353 23.683502
v 40.505962 -24.046520 24.730410
v 39.452366 -24.070959 25.222670
v 38.060692 -24.100954 25.394676
v 36.671982 -24.130398 25.222210
v 35.620171 -24.153170 24.729708
v 35.126598 -24.152121 23.680201
v 34.953548 -24.135115 22.294582
v 35.125252 -24.101755 20.907740
v 35.618542 -24.060730 19.856569
v 36.667408 -24.009571 19.368055
v 38.058197 -23.960131 19.199242
v 52.726734 -23.232315 13.580668
v 51.423992 -23.478386 14.367168
v 49.829899 -23.665071 14.640732
v 48.234333 -23.769535 14.364900
v 46.933830 -23.781504 13.581256
v 46.149216 -23.687840 12.277415
v 45.872494 -23.529552 10.677557
v 46.146675 -23.335793 9.078047
v 46.933212 -23.123539 7.773605
v 48.237003 -22.892494 6.982865
v 49.834282 -22.660114 6.706734
v 51.428455 -22.479361 6.985475
v 52.726727 -22.399004 7.773886
v 53.511890 -22.461535 9.074021
v 53.790070 -22.661961 10.671925
v 53.515076 -22.943291 12.273020
v 53.458294 -23.021793 13.131281
v 52.279762 -23.324982 14.310517
v 50.693817 -23.567820 14.927112
v 48.964581 -23.724915 14.926430
v 47.378666 -23.782337 14.310610
v 46.203693 -23.735117 13.135139
v 45.587040 -23.600231 11.548130
v 45.586281 -23.410215 9.816550
v 46.203136 -23.185041 8.228312
v 47.381184 -22.936108 7.048906
v 48.969696 -22.677881 6.429935
v 50.700085 -22.450287 6.430742
v 52.284237 -22.308065 7.049254
v 53.458397 -22.295155 8.224986
v 54.075329 -22.436060 9.809529
v 54.076229 -22.702494 11.541147
v 59.203957 -22.700239 25.937689
v 58.027565 -23.050161 24.749805
v 57.422031 -23.231197 23.155897
v 57.429966 -23.231441 21.420181
v 58.055119 -23.049538 19.822783
v 59.242977 -22.700899 18.631180
v 60.848579 -22.215700 18.004009
v 62.615555 -21.672644 18.001728
v 64.264275 -21.154650 18.631815
v 65.505737 -20.761011 19.831533
v 66.168716 -20.556534 21.427940
v 66.184204 -20.550320 23.151917
v 65.546509 -20.742626 24.741070
v 64.312248 -21.129776 25.935961
v 62.632328 -21.653187 26.566629
v 60.823635 -22.207748 26.564566
v 52.755527 -23.093925 36.850166
v 51.430828 -23.206955 37.684330
v 49.810593 -23.335039 37.975307
v 48.189220 -23.459152 37.676300
v 46.858116 -23.575771 36.844841
v 46.036140 -23.674541 35.511208
v 45.746319 -23.753723 33.889935
v 46.034924 -23.794979 32.269779
v 46.856163 -23.791977 30.938688
v 48.186691 -23.731213 30.109558
v 49.808128 -23.626003 29.812958
v 51.429260 -23.486208 30.101498
v 52.756443 -23.322689 30.934488
v 53.574577 -23.162130 32.270504
v 53.571762 -23.031315 35.514191
v 54.354210 -22.912397 33.897327
v 53.462902 -22.969505 36.363281
v 52.274265 -23.072182 37.559849
v 50.678040 -23.205200 38.193840
v 48.937012 -23.338541 38.191460
v 47.339214 -23.466450 37.556263
v 46.147327 -23.585495 36.361397
v 45.517368 -23.685871 34.763603
v 45.517082 -23.751207 33.023666
v 46.146484 -23.768707 31.427057
v 47.337841 -23.733459 30.233639
v 48.935226 -23.646275 29.599911
v 50.676140 -23.516609 29.597538
v 52.273331 -23.350071 30.230516
v 53.463646 -23.166348 31.427187
v 54.091167 -23.012516 33.025696
v 54.090351 -22.940758 34.765507
v 65.892303 -20.754158 22.295151
v 64.832466 -21.263536 23.684912
v 64.330742 -21.408571 24.748739
v 63.194019 -21.733721 25.244169
v 61.723824 -22.146763 25.415407
v 60.285892 -22.550772 25.245544
v 59.198387 -22.854313 24.756996
v 58.727909 -22.986393 23.688690
v 58.572487 -23.031937 22.303684
v 58.742958 -22.986586 20.913815
v 59.227997 -22.854252 19.840679
v 60.307156 -22.554493 19.354494
v 61.727627 -22.156115 19.184681
v 63.166466 -21.751049 19.349962
v 64.298782 -21.425335 19.840830
v 64.812805 -21.273764 20.921526
v 59.517067 -22.719967 25.357937
v 58.602081 -22.981340 24.433620
v 58.201740 -23.097424 23.054287
v 58.208954 -23.097683 21.540955
v 58.627071 -22.981241 20.156025
v 59.548775 -22.721165 19.229383
v 60.947456 -22.319860 18.806938
v 62.503971 -21.871771 18.801388
v 63.953449 -21.450645 19.220825
v 64.932114 -21.156179 20.157597
v 65.378311 -21.022303 21.546295
v 65.390312 -21.016697 23.053848
v 64.964378 -21.140699 24.430714
v 63.992317 -21.429857 25.361013
v 62.518471 -21.855921 25.785681
v 60.929359 -22.313210 25.782022
v -51.520214 -23.449867 30.619478
v -48.071598 -23.600512 30.620407
v -51.520222 -23.625332 32.537800
v -48.071598 -23.775843 32.536865
v -58.885040 -23.128443 19.787254
v -58.885979 -23.128477 23.235882
v -60.803375 -23.219625 19.787254
v -60.802437 -23.219601 23.235882
v -48.052814 -23.595690 12.422438
v -51.501450 -23.445190 12.421504
v -48.052814 -23.771147 10.504111
v -51.501446 -23.620522 10.505042
v -40.687981 -23.920774 23.254662
v -40.687057 -23.920891 19.806026
v -38.769680 -24.180861 23.254662
v -38.770603 -24.180752 19.806026
v 7.485003 0.994515 47.196247
v -7.484795 0.994667 47.196136
v 7.489439 -3.577243 49.776604
v -7.489380 -3.572669 49.774616
v 7.485096 -2.370722 49.231960
v 7.482182 -1.220248 48.654488
v 7.482399 -0.086887 48.000118
v -7.482811 -0.086291 47.999828
v -7.482132 -1.219294 48.653889
v -7.484624 -2.368083 49.230648
v -3.747565 -3.531484 49.828197
v 0.000012 -3.528939 49.810448
v 3.747627 -3.533684 49.829189
v 3.739546 1.009969 47.216694
v 0.000379 1.011710 47.247028
v -3.739708 1.010070 47.216614
v 3.740457 -0.068127 48.033096
v 0.000337 -0.079564 48.040741
v -3.740632 -0.067505 48.032887
v 3.741333 -1.197754 48.693897
v 0.000235 -1.207838 48.683670
v -3.741606 -1.196699 48.693470
v -3.743881 -2.337359 49.271145
v 0.000093 -2.338305 49.254356
v 3.743688 -2.338780 49.271847
v -1.999910 -14.405768 -13.518633
v 0.000868 -14.415162 -13.518888
v 2.001383 -14.410739 -13.513476
v -1.999617 -16.242479 -11.129317
v 0.000840 -16.242208 -11.130635
v 2.001298 -16.241211 -11.131381
v -0.000148 -14.941308 -12.971379
v -0.000051 -15.407368 -12.385907
v 0.000204 -15.858706 -11.785205
v 2.001848 -14.940488 -12.972345
v 2.001789 -15.407526 -12.385682
v 2.001320 -15.859436 -11.783963
v -2.001401 -15.858562 -11.785282
v -2.002022 -15.405884 -12.387800
v -2.001987 -14.939507 -12.973512
v 40.369831 -22.812580 43.599815
v 36.369377 -22.827145 43.600597
v 40.369682 -22.341175 46.600990
v 36.369232 -22.326149 46.600597
v -40.451405 -22.825125 43.600529
v -36.450958 -22.827961 43.601185
v -40.451344 -22.320139 46.601692
v -36.450893 -22.310137 46.601185
v -6.686794 3.979594 1.008192
v -3.342639 3.929837 1.007808
v 0.000394 3.887106 1.007830
v 3.343355 3.915752 1.007852
v 6.687435 3.957537 1.007356
v -6.686884 3.608413 -0.912378
v -3.342693 3.563093 -0.912236
v 0.000379 3.519549 -0.912124
v 3.343389 3.550109 -0.912146
v 6.687515 3.588776 -0.912262
v -6.687008 3.216791 -2.832939
v -3.342782 3.181459 -2.832277
v 0.000354 3.143364 -2.832083
v 3.343452 3.172975 -2.832146
v 6.687639 3.201103 -2.831885
v -13.890604 4.665039 4.887990
v -9.259717 4.681702 4.887673
v -4.629008 4.634979 4.887476
v 0.000302 4.583770 4.887281
v 4.629541 4.622187 4.887359
v 9.259988 4.666245 4.887418
v 13.890673 4.664608 4.886829
v -13.890777 4.361506 3.145243
v -9.259760 4.392176 3.145526
v -4.628941 4.335447 3.145443
v 0.000311 4.279370 3.145285
v 4.629510 4.320938 3.145355
v 9.260010 4.368206 3.145386
v 13.890749 4.360623 3.145261
v -13.890983 4.030904 1.402497
v -9.259834 4.084028 1.403387
v -4.628886 4.023005 1.403410
v 0.000318 3.962494 1.403279
v 4.629484 4.007366 1.403354
v 9.260040 4.056387 1.403354
v 13.890835 4.039774 1.403693
v -44.412788 -4.551346 51.909714
v -41.913342 -4.578924 51.873028
v -39.426151 -4.619280 51.586342
v -44.412865 -7.054521 52.440430
v -41.913830 -7.074556 52.385002
v -39.427723 -7.101361 52.087189
v -44.412857 -9.552203 52.624947
v -41.914139 -9.562762 52.562195
v -39.428596 -9.576419 52.261684
v 44.308319 -4.551361 51.909729
v 41.809387 -4.578913 51.873028
v 39.322994 -4.619165 51.586449
v 44.308380 -7.054531 52.440445
v 41.809925 -7.074545 52.385010
v 39.324608 -7.101286 52.087334
v 44.308384 -9.552222 52.624962
v 41.810261 -9.562757 52.562210
v 39.325459 -9.576369 52.261829
v 1.879575 -3.528422 49.821796
v 1.875128 -2.336619 49.263180
v 1.871385 -1.202446 48.687473
v 1.869026 -0.073407 48.037956
v 1.867652 1.013048 47.235874
v -1.879729 -3.527713 49.821476
v -1.875406 -2.336197 49.262966
v -1.871584 -1.201921 48.687176
v -1.869039 -0.072853 48.037636
v -1.867570 1.014245 47.236706
v -5.615865 -3.548480 49.808456
v -5.612607 -2.347879 49.258850
v -5.610744 -1.199457 48.683388
v -5.611193 -0.067763 48.023632
v -5.611632 1.009338 47.209148
v 5.615906 -3.551886 49.809978
v 5.612534 -2.350230 49.260021
v 5.610690 -1.200997 48.684292
v 5.611217 -0.068542 48.024094
v 5.611740 1.009273 47.209198
v -44.410713 -8.298265 52.560417
v -41.912071 -8.313985 52.499279
v -39.426537 -8.334526 52.199326
v -44.409832 -5.791390 52.244503
v -41.908733 -5.815745 52.196285
v -39.420563 -5.849947 51.900715
v -43.160679 -7.060429 52.442093
v -43.160576 -4.559374 51.918915
v -40.669338 -7.084158 52.263638
v -40.668297 -4.593418 51.757484
v -43.160782 -9.555346 52.623051
v -40.669983 -9.567653 52.438900
v -43.160049 -8.304007 52.558926
v -40.666553 -8.322314 52.376495
v -43.159088 -5.797469 52.249416
v -40.660824 -5.827256 52.075958
v 44.305603 -5.791319 52.244488
v 41.805046 -5.815939 52.196346
v 39.317650 -5.850357 51.900982
v 44.306324 -8.298351 52.560432
v 41.808273 -8.313739 52.499279
v 39.323509 -8.333930 52.199463
v 43.056431 -7.060437 52.442085
v 43.056313 -4.559382 51.918915
v 43.056541 -9.555357 52.623043
v 43.055084 -5.797540 52.249432
v 43.055897 -8.303936 52.558918
v 40.566078 -7.084090 52.263744
v 40.564999 -4.593345 51.757568
v 40.566734 -9.567623 52.439014
v 40.557793 -5.827539 52.076141
v 40.563400 -8.321897 52.376595
vn 0.2013 -0.9692 0.1420
vn 0.1388 -0.9635 0.2289
vn 0.0777 -0.9756 0.2055
vn 0.1714 -0.9784 0.1153
vn 0.2091 -0.9693 0.1296
vn 0.1799 -0.9785 0.1008
vn 0.2351 -0.9618 0.1399
vn 0.2310 -0.9606 0.1543
vn 0.1944 -0.9516 0.2380
vn 0.1593 -0.9842 0.0771
vn 0.0385 -0.9865 0.1589
vn 0.0239 -0.9942 0.1044
vn 0.1633 -0.9856 0.0450
vn 0.1692 -0.9837 0.0611
vn 0.1760 -0.9838 0.0330
vn 0.1684 -0.9855 0.0216
vn 0.0203 -0.9985 0.0517
vn 0.0190 -0.9998 0.0003
vn 0.1702 -0.9854 0.0010
vn 0.1829 -0.9830 0.0158
vn 0.1852 -0.9827 0.0011
vn 0.1687 -0.9855 -0.0196
vn 0.0217 -0.9985 -0.0509
vn 0.0267 -0.9943 -0.1031
vn 0.1638 -0.9855 -0.0430
vn 0.1831 -0.9830 -0.0136
vn 0.1764 -0.9838 -0.0308
vn 0.1600 -0.9843 -0.0747
vn 0.0421 -0.9869 -0.1560
vn 0.0809 -0.9764 -0.2002
vn 0.1723 -0.9787 -0.1115
vn 0.1700 -0.9837 -0.0584
vn 0.1810 -0.9787 -0.0968
vn 0.2022 -0.9698 -0.1365
vn 0.1408 -0.9649 -0.2217
vn 0.1956 -0.9534 -0.2298
vn 0.2317 -0.9615 -0.1476
vn 0.2101 -0.9698 -0.1241
vn 0.2360 -0.9626 -0.1334
vn 0.2559 -0.9537 -0.1579
vn 0.2403 -0.9406 -0.2400
vn 0.2836 -0.9237 -0.2577
vn 0.2816 -0.9439 -0.1725
vn 0.2547 -0.9568 -0.1404
vn 0.2743 -0.9496 -0.1516
vn 0.3117 -0.9306 -0.1916
vn 0.3321 -0.9008 -0.2798
vn 0.3901 -0.8693 -0.3035
vn 0.3505 -0.9117 -0.2144
vn 0.2970 -0.9402 -0.1668
vn 0.3260 -0.9269 -0.1860
vn 0.4055 -0.8851 -0.2286
vn 0.4605 -0.8304 -0.3137
vn 0.5299 -0.7981 -0.2868
vn 0.4661 -0.8602 -0.2068
vn 0.3733 -0.9063 -0.1983
vn 0.4334 -0.8844 -0.1731
vn 0.5009 -0.8523 -0.1509
vn 0.5748 -0.7877 -0.2217
vn 0.5944 -0.7908 -0.1464
vn 0.5073 -0.8566 -0.0940
vn 0.4669 -0.8767 -0.1159
vn 0.4685 -0.8809 -0.0674
vn 0.5064 -0.8610 -0.0465
vn 0.6032 -0.7942 -0.0739
vn 0.6073 -0.7944 -0.0024
vn 0.5061 -0.8625 -0.0012
vn 0.4642 -0.8851 -0.0330
vn 0.4627 -0.8865 -0.0004
vn 0.5065 -0.8611 0.0446
vn 0.6046 -0.7934 0.0699
vn 0.5963 -0.7896 0.1446
vn 0.5075 -0.8566 0.0933
vn 0.4639 -0.8853 0.0323
vn 0.4680 -0.8812 0.0674
vn 0.5012 -0.8519 0.1521
vn 0.5762 -0.7865 0.2224
vn 0.5305 -0.7963 0.2906
vn 0.4662 -0.8594 0.2100
vn 0.4663 -0.8769 0.1170
vn 0.4332 -0.8839 0.1761
vn 0.4052 -0.8838 0.2339
vn 0.4601 -0.8280 0.3204
vn 0.3885 -0.8670 0.3122
vn 0.3496 -0.9104 0.2213
vn 0.3736 -0.9049 0.2037
vn 0.3261 -0.9254 0.1931
vn 0.3108 -0.9294 0.1993
vn 0.3301 -0.8986 0.2890
vn 0.2823 -0.9215 0.2669
vn 0.2810 -0.9426 0.1804
vn 0.2967 -0.9389 0.1745
vn 0.2740 -0.9485 0.1592
vn 0.2554 -0.9526 0.1655
vn 0.2394 -0.9385 0.2489
vn 0.2542 -0.9558 0.1476
vn 0.2703 -0.9551 0.1212
vn 0.2741 -0.9530 0.1290
vn 0.2522 -0.9528 0.1689
vn 0.2470 -0.9552 0.1634
vn 0.2591 -0.9599 0.1067
vn 0.2337 -0.9606 0.1505
vn 0.2580 -0.9633 0.0735
vn 0.2719 -0.9585 0.0853
vn 0.2769 -0.9565 0.0921
vn 0.2020 -0.9608 0.1898
vn 0.2107 -0.9579 0.1953
vn 0.1621 -0.9655 0.2038
vn 0.1542 -0.9684 0.1959
vn 0.1846 -0.9671 0.1748
vn 0.1395 -0.9746 0.1749
vn 0.1124 -0.9743 0.1952
vn 0.1163 -0.9718 0.2052
vn 0.0745 -0.9759 0.2051
vn 0.0745 -0.9780 0.1948
vn 0.1054 -0.9797 0.1707
vn 0.0753 -0.9826 0.1699
vn 0.0388 -0.9800 0.1954
vn 0.0350 -0.9782 0.2048
vn -0.0036 -0.9789 0.2045
vn 0.0038 -0.9803 0.1973
vn 0.0468 -0.9839 0.1726
vn 0.0181 -0.9837 0.1788
vn -0.0358 -0.9803 0.1940
vn -0.0437 -0.9790 0.1991
vn -0.0795 -0.9810 0.1771
vn -0.0746 -0.9824 0.1714
vn -0.0198 -0.9833 0.1810
vn -0.0626 -0.9853 0.1589
vn -0.0942 -0.9868 0.1319
vn -0.0981 -0.9853 0.1402
vn -0.0996 -0.9898 0.1021
vn -0.0941 -0.9911 0.0946
vn -0.0831 -0.9897 0.1166
vn -0.0794 -0.9935 0.0817
vn -0.0896 -0.9939 0.0648
vn -0.0967 -0.9929 0.0687
vn -0.0956 -0.9947 0.0373
vn -0.0879 -0.9954 0.0371
vn -0.0724 -0.9957 0.0582
vn -0.0698 -0.9969 0.0369
vn -0.0892 -0.9960 0.0092
vn -0.0964 -0.9953 0.0057
vn -0.0989 -0.9947 -0.0288
vn -0.0931 -0.9954 -0.0215
vn -0.0718 -0.9973 0.0154
vn -0.0782 -0.9969 -0.0089
vn -0.0927 -0.9939 -0.0602
vn -0.0970 -0.9929 -0.0685
vn -0.0777 -0.9912 -0.1070
vn -0.0726 -0.9922 -0.1012
vn -0.0814 -0.9957 -0.0450
vn -0.0603 -0.9942 -0.0887
vn -0.0329 -0.9917 -0.1246
vn -0.0410 -0.9907 -0.1297
vn -0.0002 -0.9908 -0.1351
vn 0.0072 -0.9918 -0.1279
vn -0.0171 -0.9936 -0.1117
vn 0.0209 -0.9937 -0.1100
vn 0.0411 -0.9912 -0.1260
vn 0.0374 -0.9901 -0.1351
vn 0.0734 -0.9881 -0.1354
vn 0.0734 -0.9894 -0.1253
vn 0.0485 -0.9934 -0.1040
vn 0.0740 -0.9921 -0.1014
vn 0.1078 -0.9861 -0.1261
vn 0.1117 -0.9844 -0.1360
vn 0.1564 -0.9784 -0.1354
vn 0.1484 -0.9807 -0.1274
vn 0.1010 -0.9896 -0.1023
vn 0.1339 -0.9853 -0.1064
vn 0.1967 -0.9729 -0.1217
vn 0.2057 -0.9703 -0.1273
vn 0.2489 -0.9634 -0.0999
vn 0.2432 -0.9654 -0.0942
vn 0.1792 -0.9781 -0.1062
vn 0.2293 -0.9700 -0.0807
vn 0.2677 -0.9622 -0.0492
vn 0.2721 -0.9606 -0.0571
vn 0.2758 -0.9611 -0.0165
vn 0.2702 -0.9628 -0.0097
vn 0.2556 -0.9662 -0.0342
vn 0.2553 -0.9669 0.0021
vn 0.2673 -0.9634 0.0182
vn 0.2740 -0.9616 0.0151
vn 0.2733 -0.9611 0.0398
vn 0.2665 -0.9630 0.0395
vn 0.2508 -0.9678 0.0236
vn 0.2498 -0.9675 0.0392
vn 0.2682 -0.9615 0.0601
vn 0.2745 -0.9595 0.0635
vn 0.2522 -0.9662 0.0542
vn -0.0864 -0.9840 0.1555
vn -0.1201 -0.9833 0.1365
vn -0.1284 -0.9811 0.1448
vn -0.0902 -0.9823 0.1642
vn -0.0494 -0.9855 0.1622
vn -0.0497 -0.9848 0.1667
vn -0.1427 -0.9843 0.1041
vn -0.1539 -0.9860 0.0647
vn -0.1547 -0.9859 0.0635
vn -0.1497 -0.9830 0.1066
vn -0.1593 -0.9869 0.0245
vn -0.1615 -0.9867 -0.0167
vn -0.1549 -0.9878 -0.0164
vn -0.1549 -0.9877 0.0230
vn -0.1604 -0.9853 -0.0586
vn -0.1552 -0.9826 -0.1015
vn -0.1537 -0.9832 -0.0988
vn -0.1547 -0.9863 -0.0566
vn -0.1430 -0.9792 -0.1442
vn -0.1177 -0.9767 -0.1796
vn -0.1235 -0.9750 -0.1846
vn -0.1472 -0.9785 -0.1444
vn -0.0803 -0.9764 -0.2005
vn -0.0391 -0.9773 -0.2081
vn -0.0386 -0.9770 -0.2095
vn -0.0821 -0.9752 -0.2057
vn -0.0022 -0.9778 -0.2096
vn 0.0301 -0.9774 -0.2093
vn 0.0297 -0.9777 -0.2077
vn -0.0015 -0.9780 -0.2084
vn 0.0602 -0.9761 -0.2087
vn 0.0912 -0.9739 -0.2078
vn 0.0905 -0.9733 -0.2107
vn 0.0592 -0.9762 -0.2086
vn 0.1261 -0.9712 -0.2023
vn 0.1616 -0.9698 -0.1829
vn 0.1670 -0.9678 -0.1882
vn 0.1281 -0.9696 -0.2085
vn 0.1874 -0.9711 -0.1480
vn 0.2008 -0.9740 -0.1048
vn 0.1982 -0.9749 -0.1020
vn 0.1908 -0.9704 -0.1478
vn 0.2070 -0.9764 -0.0617
vn 0.2089 -0.9777 -0.0202
vn 0.2006 -0.9795 -0.0201
vn 0.1999 -0.9780 -0.0594
vn 0.2076 -0.9780 0.0200
vn 0.2032 -0.9773 0.0600
vn 0.2013 -0.9778 0.0579
vn 0.2011 -0.9794 0.0183
vn 0.1923 -0.9762 0.1004
vn 0.1680 -0.9764 0.1355
vn 0.1735 -0.9746 0.1414
vn 0.1961 -0.9753 0.1014
vn 0.1317 -0.9789 0.1565
vn 0.0924 -0.9821 0.1640
vn 0.0914 -0.9818 0.1664
vn 0.1332 -0.9776 0.1629
vn 0.0558 -0.9846 0.1658
vn 0.0203 -0.9859 0.1659
vn 0.0202 -0.9861 0.1646
vn 0.0546 -0.9847 0.1652
vn -0.0143 -0.9863 0.1646
vn -0.0139 -0.9862 0.1652
vn 0.2661 -0.9626 -0.0512
vn 0.2693 -0.9621 -0.0439
vn 0.2461 -0.9692 -0.0032
vn 0.2411 -0.9705 -0.0075
vn 0.2585 -0.9639 -0.0634
vn 0.2313 -0.9727 -0.0167
vn 0.2598 -0.9603 -0.1012
vn 0.2699 -0.9585 -0.0915
vn 0.2741 -0.9579 -0.0852
vn 0.1965 -0.9804 0.0172
vn 0.2048 -0.9786 0.0201
vn 0.1610 -0.9867 0.0239
vn 0.1535 -0.9880 0.0198
vn 0.1823 -0.9832 0.0082
vn 0.1416 -0.9899 0.0070
vn 0.1195 -0.9927 0.0165
vn 0.1232 -0.9921 0.0217
vn 0.0905 -0.9957 0.0200
vn 0.0902 -0.9958 0.0149
vn 0.1139 -0.9935 0.0021
vn 0.0903 -0.9959 0.0010
vn 0.0625 -0.9979 0.0156
vn 0.0596 -0.9980 0.0197
vn 0.0276 -0.9994 0.0206
vn 0.0335 -0.9993 0.0183
vn 0.0678 -0.9977 0.0038
vn 0.0435 -0.9990 0.0104
vn -0.0017 -0.9999 0.0169
vn -0.0077 -0.9998 0.0177
vn -0.0400 -0.9992 -0.0001
vn -0.0377 -0.9993 -0.0025
vn 0.0086 -0.9999 0.0135
vn -0.0332 -0.9994 -0.0069
vn -0.0561 -0.9977 -0.0370
vn -0.0564 -0.9979 -0.0313
vn -0.0574 -0.9964 -0.0619
vn -0.0559 -0.9962 -0.0673
vn -0.0545 -0.9975 -0.0459
vn -0.0513 -0.9958 -0.0757
vn -0.0522 -0.9946 -0.0892
vn -0.0552 -0.9947 -0.0867
vn -0.0554 -0.9925 -0.1089
vn -0.0515 -0.9928 -0.1085
vn -0.0447 -0.9946 -0.0935
vn -0.0422 -0.9932 -0.1086
vn -0.0540 -0.9901 -0.1296
vn -0.0581 -0.9894 -0.1332
vn -0.0624 -0.9844 -0.1644
vn -0.0591 -0.9858 -0.1571
vn -0.0436 -0.9912 -0.1248
vn -0.0494 -0.9880 -0.1464
vn -0.0591 -0.9788 -0.1961
vn -0.0615 -0.9769 -0.2045
vn -0.0409 -0.9686 -0.2453
vn -0.0366 -0.9701 -0.2400
vn -0.0516 -0.9818 -0.1828
vn -0.0271 -0.9728 -0.2300
vn 0.0081 -0.9637 -0.2667
vn 0.0003 -0.9627 -0.2706
vn 0.0470 -0.9595 -0.2778
vn 0.0540 -0.9607 -0.2724
vn 0.0221 -0.9662 -0.2570
vn 0.0659 -0.9638 -0.2583
vn 0.0920 -0.9579 -0.2720
vn 0.0889 -0.9563 -0.2787
vn 0.1253 -0.9521 -0.2790
vn 0.1248 -0.9541 -0.2722
vn 0.0973 -0.9619 -0.2554
vn 0.1240 -0.9587 -0.2560
vn 0.1556 -0.9492 -0.2737
vn 0.1595 -0.9468 -0.2795
vn 0.1941 -0.9402 -0.2797
vn 0.1872 -0.9428 -0.2759
vn 0.1494 -0.9540 -0.2598
vn 0.1762 -0.9476 -0.2666
vn 0.2241 -0.9357 -0.2725
vn 0.2312 -0.9333 -0.2747
vn 0.2647 -0.9302 -0.2542
vn 0.2613 -0.9322 -0.2505
vn 0.2131 -0.9394 -0.2686
vn 0.2565 -0.9348 -0.2458
vn 0.2801 -0.9356 -0.2150
vn 0.2815 -0.9335 -0.2221
vn 0.2813 -0.9399 -0.1936
vn 0.2787 -0.9420 -0.1868
vn 0.2781 -0.9383 -0.2054
vn 0.2736 -0.9454 -0.1772
vn 0.2728 -0.9475 -0.1666
vn 0.2770 -0.9456 -0.1705
vn 0.2745 -0.9504 -0.1464
vn 0.2695 -0.9520 -0.1455
vn 0.2645 -0.9509 -0.1608
vn 0.2591 -0.9550 -0.1441
vn 0.2687 -0.9555 -0.1214
vn 0.2738 -0.9544 -0.1189
vn 0.2575 -0.9581 -0.1252
vn 0.0340 -0.9994 0.0030
vn 0.0579 -0.9983 -0.0028
vn 0.0548 -0.9983 0.0205
vn 0.0283 -0.9993 0.0241
vn -0.0072 -1.0000 0.0006
vn -0.0091 -0.9997 0.0215
vn 0.0004 -0.9996 -0.0291
vn 0.0309 -0.9988 -0.0371
vn 0.0544 -0.9978 -0.0388
vn 0.0714 -0.9974 -0.0050
vn 0.0794 -0.9968 -0.0037
vn 0.0811 -0.9965 0.0196
vn 0.0730 -0.9972 0.0188
vn 0.0668 -0.9971 -0.0364
vn 0.0774 -0.9964 -0.0337
vn 0.0881 -0.9961 -0.0014
vn 0.1040 -0.9946 0.0039
vn 0.1105 -0.9935 0.0256
vn 0.0899 -0.9957 0.0216
vn 0.0888 -0.9955 -0.0324
vn 0.1039 -0.9941 -0.0311
vn 0.1313 -0.9913 0.0121
vn 0.1755 -0.9844 0.0113
vn 0.1807 -0.9831 0.0303
vn 0.1401 -0.9896 0.0312
vn 0.1313 -0.9910 -0.0268
vn 0.1649 -0.9861 -0.0176
vn 0.0255 -0.9991 0.0334
vn 0.0529 -0.9980 0.0339
vn 0.0527 -0.9980 0.0361
vn 0.0252 -0.9990 0.0363
vn -0.0077 -0.9995 0.0302
vn -0.0069 -0.9993 0.0365
vn 0.0736 -0.9967 0.0340
vn 0.0823 -0.9960 0.0347
vn 0.0829 -0.9959 0.0362
vn 0.0739 -0.9966 0.0360
vn 0.0917 -0.9951 0.0357
vn 0.1147 -0.9927 0.0371
vn 0.1163 -0.9925 0.0371
vn 0.0927 -0.9950 0.0365
vn 0.1454 -0.9886 0.0380
vn 0.1820 -0.9826 0.0362
vn 0.1827 -0.9824 0.0383
vn 0.1470 -0.9884 0.0377
vn 0.0250 -0.9989 0.0391
vn 0.0527 -0.9979 0.0382
vn 0.0542 -0.9972 0.0511
vn 0.0274 -0.9985 0.0481
vn -0.0082 -0.9991 0.0428
vn -0.0101 -0.9986 0.0511
vn 0.0737 -0.9966 0.0378
vn 0.0828 -0.9959 0.0374
vn 0.0820 -0.9953 0.0518
vn 0.0730 -0.9959 0.0525
vn 0.0927 -0.9950 0.0371
vn 0.1161 -0.9926 0.0368
vn 0.1131 -0.9924 0.0475
vn 0.0918 -0.9945 0.0506
vn 0.1471 -0.9884 0.0371
vn 0.1840 -0.9821 0.0402
vn 0.1845 -0.9818 0.0450
vn 0.1434 -0.9887 0.0430
vn 0.0326 -0.9971 0.0684
vn 0.0569 -0.9957 0.0736
vn 0.0529 -0.9927 0.1083
vn 0.0291 -0.9938 0.1073
vn -0.0087 -0.9974 0.0713
vn -0.0013 -0.9950 0.0999
vn 0.0713 -0.9946 0.0753
vn 0.0806 -0.9940 0.0741
vn 0.0788 -0.9916 0.1027
vn 0.0663 -0.9922 0.1055
vn 0.0906 -0.9932 0.0724
vn 0.1076 -0.9919 0.0681
vn 0.1083 -0.9889 0.1018
vn 0.0920 -0.9905 0.1020
vn 0.1358 -0.9889 0.0610
vn 0.1806 -0.9816 0.0626
vn 0.1705 -0.9812 0.0902
vn 0.1365 -0.9857 0.0986
vn 0.2155 -0.9753 -0.0481
vn 0.2420 -0.9685 -0.0587
vn 0.2360 -0.9714 -0.0273
vn 0.2063 -0.9783 -0.0212
vn 0.1769 -0.9832 -0.0459
vn 0.1734 -0.9846 -0.0213
vn 0.1867 -0.9792 -0.0798
vn 0.2176 -0.9715 -0.0935
vn 0.2424 -0.9648 -0.1018
vn 0.2574 -0.9641 -0.0646
vn 0.2648 -0.9620 -0.0661
vn 0.2649 -0.9637 -0.0317
vn 0.2573 -0.9658 -0.0310
vn 0.2553 -0.9611 -0.1052
vn 0.2655 -0.9580 -0.1080
vn 0.2723 -0.9599 -0.0663
vn 0.2880 -0.9556 -0.0624
vn 0.2933 -0.9556 -0.0273
vn 0.2725 -0.9617 -0.0309
vn 0.2764 -0.9544 -0.1127
vn 0.2914 -0.9494 -0.1174
vn 0.3214 -0.9454 -0.0550
vn 0.3809 -0.9226 -0.0605
vn 0.3849 -0.9226 -0.0279
vn 0.3289 -0.9441 -0.0223
vn 0.3243 -0.9388 -0.1163
vn 0.3684 -0.9236 -0.1060
vn 0.2019 -0.9794 -0.0061
vn 0.2325 -0.9726 -0.0060
vn 0.2319 -0.9727 0.0014
vn 0.2015 -0.9795 0.0013
vn 0.1743 -0.9847 -0.0087
vn 0.1753 -0.9845 0.0011
vn 0.2568 -0.9664 -0.0065
vn 0.2651 -0.9642 -0.0065
vn 0.2652 -0.9642 0.0017
vn 0.2567 -0.9665 0.0016
vn 0.2732 -0.9619 -0.0063
vn 0.2966 -0.9550 -0.0059
vn 0.2973 -0.9548 0.0017
vn 0.2735 -0.9619 0.0017
vn 0.3328 -0.9430 -0.0066
vn 0.3837 -0.9234 -0.0123
vn 0.3826 -0.9239 0.0009
vn 0.3332 -0.9429 0.0014
vn 0.2019 -0.9794 0.0088
vn 0.2326 -0.9725 0.0091
vn 0.2358 -0.9713 0.0309
vn 0.2062 -0.9782 0.0243
vn 0.1742 -0.9846 0.0110
vn 0.1734 -0.9846 0.0237
vn 0.2569 -0.9664 0.0097
vn 0.2652 -0.9641 0.0100
vn 0.2651 -0.9636 0.0356
vn 0.2572 -0.9657 0.0349
vn 0.2734 -0.9619 0.0098
vn 0.2967 -0.9549 0.0092
vn 0.2935 -0.9555 0.0309
vn 0.2728 -0.9614 0.0349
vn 0.3328 -0.9430 0.0094
vn 0.3836 -0.9234 0.0141
vn 0.3848 -0.9225 0.0297
vn 0.3291 -0.9440 0.0252
vn 0.2149 -0.9752 0.0520
vn 0.2414 -0.9684 0.0632
vn 0.2415 -0.9645 0.1072
vn 0.2168 -0.9713 0.0980
vn 0.1769 -0.9830 0.0490
vn 0.1864 -0.9789 0.0835
vn 0.2571 -0.9639 0.0694
vn 0.2650 -0.9616 0.0711
vn 0.2657 -0.9573 0.1141
vn 0.2549 -0.9606 0.1111
vn 0.2727 -0.9595 0.0712
vn 0.2885 -0.9551 0.0670
vn 0.2921 -0.9484 0.1233
vn 0.2768 -0.9535 0.1189
vn 0.3216 -0.9451 0.0585
vn 0.3814 -0.9223 0.0629
vn 0.3688 -0.9230 0.1100
vn 0.3249 -0.9379 0.1215
vn 0.0694 -0.9874 -0.1425
vn 0.0937 -0.9839 -0.1520
vn 0.0869 -0.9875 -0.1313
vn 0.0602 -0.9904 -0.1243
vn 0.0297 -0.9895 -0.1412
vn 0.0238 -0.9921 -0.1228
vn 0.0401 -0.9850 -0.1677
vn 0.0698 -0.9815 -0.1780
vn 0.0947 -0.9784 -0.1838
vn 0.1091 -0.9813 -0.1588
vn 0.1184 -0.9795 -0.1629
vn 0.1150 -0.9835 -0.1399
vn 0.1065 -0.9849 -0.1363
vn 0.1093 -0.9763 -0.1870
vn 0.1212 -0.9742 -0.1902
vn 0.1277 -0.9778 -0.1663
vn 0.1427 -0.9757 -0.1665
vn 0.1431 -0.9789 -0.1460
vn 0.1235 -0.9819 -0.1438
vn 0.1330 -0.9718 -0.1947
vn 0.1464 -0.9691 -0.1986
vn 0.1666 -0.9725 -0.1628
vn 0.2071 -0.9641 -0.1661
vn 0.2074 -0.9667 -0.1500
vn 0.1701 -0.9746 -0.1458
vn 0.1700 -0.9652 -0.1985
vn 0.1992 -0.9611 -0.1913
vn 0.0537 -0.9918 -0.1163
vn 0.0821 -0.9895 -0.1188
vn 0.0787 -0.9899 -0.1178
vn 0.0500 -0.9921 -0.1146
vn 0.0208 -0.9930 -0.1159
vn 0.0181 -0.9936 -0.1119
vn 0.1039 -0.9872 -0.1213
vn 0.1113 -0.9860 -0.1245
vn 0.1074 -0.9864 -0.1247
vn 0.1008 -0.9875 -0.1211
vn 0.1187 -0.9845 -0.1290
vn 0.1406 -0.9810 -0.1339
vn 0.1363 -0.9818 -0.1325
vn 0.1140 -0.9851 -0.1286
vn 0.1693 -0.9758 -0.1385
vn 0.2027 -0.9685 -0.1445
vn 0.1971 -0.9703 -0.1399
vn 0.1650 -0.9768 -0.1364
vn 0.0472 -0.9925 -0.1130
vn 0.0752 -0.9903 -0.1166
vn 0.0738 -0.9918 -0.1041
vn 0.0478 -0.9933 -0.1051
vn 0.0146 -0.9940 -0.1080
vn 0.0119 -0.9947 -0.1017
vn 0.0967 -0.9880 -0.1207
vn 0.1036 -0.9868 -0.1248
vn 0.1000 -0.9890 -0.1091
vn 0.0925 -0.9901 -0.1057
vn 0.1105 -0.9856 -0.1279
vn 0.1320 -0.9826 -0.1307
vn 0.1263 -0.9850 -0.1175
vn 0.1076 -0.9878 -0.1126
vn 0.1601 -0.9780 -0.1337
vn 0.1926 -0.9720 -0.1344
vn 0.1880 -0.9741 -0.1259
vn 0.1523 -0.9805 -0.1245
vn 0.0523 -0.9948 -0.0877
vn 0.0750 -0.9937 -0.0836
vn 0.0718 -0.9960 -0.0524
vn 0.0498 -0.9974 -0.0529
vn 0.0134 -0.9963 -0.0848
vn 0.0215 -0.9980 -0.0599
vn 0.0888 -0.9926 -0.0833
vn 0.0967 -0.9916 -0.0862
vn 0.0937 -0.9938 -0.0593
vn 0.0837 -0.9949 -0.0555
vn 0.1046 -0.9904 -0.0899
vn 0.1186 -0.9883 -0.0964
vn 0.1164 -0.9911 -0.0648
vn 0.1039 -0.9927 -0.0620
vn 0.1418 -0.9842 -0.1057
vn 0.1807 -0.9777 -0.1066
vn 0.1691 -0.9823 -0.0802
vn 0.1397 -0.9877 -0.0703
vn -0.0166 -0.9971 -0.0748
vn 0.0093 -0.9964 -0.0841
vn 0.0028 -0.9986 -0.0522
vn -0.0261 -0.9986 -0.0459
vn -0.0646 -0.9950 -0.0760
vn -0.0690 -0.9965 -0.0471
vn -0.0531 -0.9922 -0.1126
vn -0.0175 -0.9921 -0.1240
vn 0.0086 -0.9917 -0.1286
vn 0.0221 -0.9958 -0.0894
vn 0.0263 -0.9955 -0.0909
vn 0.0254 -0.9980 -0.0576
vn 0.0211 -0.9982 -0.0561
vn 0.0198 -0.9914 -0.1291
vn 0.0271 -0.9912 -0.1295
vn 0.0302 -0.9954 -0.0913
vn 0.0416 -0.9953 -0.0875
vn 0.0468 -0.9974 -0.0549
vn 0.0294 -0.9979 -0.0577
vn 0.0340 -0.9907 -0.1314
vn 0.0434 -0.9902 -0.1325
vn 0.0654 -0.9947 -0.0789
vn 0.1109 -0.9906 -0.0797
vn 0.1149 -0.9921 -0.0503
vn 0.0740 -0.9960 -0.0493
vn 0.0665 -0.9895 -0.1286
vn 0.0999 -0.9881 -0.1168
vn -0.0315 -0.9991 -0.0289
vn -0.0014 -0.9996 -0.0296
vn -0.0029 -0.9998 -0.0205
vn -0.0330 -0.9993 -0.0195
vn -0.0690 -0.9971 -0.0315
vn -0.0691 -0.9974 -0.0186
vn 0.0199 -0.9993 -0.0308
vn 0.0247 -0.9992 -0.0316
vn 0.0241 -0.9995 -0.0220
vn 0.0190 -0.9996 -0.0213
vn 0.0293 -0.9991 -0.0320
vn 0.0498 -0.9983 -0.0318
vn 0.0503 -0.9985 -0.0226
vn 0.0290 -0.9993 -0.0224
vn 0.0787 -0.9964 -0.0317
vn 0.1147 -0.9928 -0.0345
vn 0.1145 -0.9932 -0.0220
vn 0.0795 -0.9966 -0.0224
vn -0.0336 -0.9994 -0.0101
vn -0.0033 -0.9999 -0.0113
vn -0.0013 -0.9999 0.0113
vn -0.0304 -0.9995 0.0069
vn -0.0713 -0.9974 -0.0057
vn -0.0735 -0.9972 0.0098
vn 0.0182 -0.9998 -0.0119
vn 0.0235 -0.9996 -0.0125
vn 0.0229 -0.9996 0.0133
vn 0.0177 -0.9998 0.0136
vn 0.0287 -0.9995 -0.0131
vn 0.0498 -0.9987 -0.0136
vn 0.0467 -0.9989 0.0087
vn 0.0281 -0.9995 0.0123
vn 0.0793 -0.9968 -0.0135
vn 0.1161 -0.9932 -0.0099
vn 0.1175 -0.9931 0.0045
vn 0.0753 -0.9972 0.0029
vn -0.0230 -0.9991 0.0360
vn 0.0030 -0.9990 0.0436
vn 0.0002 -0.9960 0.0890
vn -0.0259 -0.9959 0.0862
vn -0.0711 -0.9967 0.0388
vn -0.0609 -0.9953 0.0755
vn 0.0165 -0.9988 0.0470
vn 0.0222 -0.9987 0.0467
vn 0.0216 -0.9961 0.0854
vn 0.0122 -0.9961 0.0873
vn 0.0279 -0.9986 0.0456
vn 0.0412 -0.9983 0.0407
vn 0.0429 -0.9954 0.0860
vn 0.0309 -0.9958 0.0858
vn 0.0670 -0.9973 0.0316
vn 0.1143 -0.9929 0.0329
vn 0.1035 -0.9922 0.0699
vn 0.0687 -0.9943 0.0817
vn 0.1268 -0.9679 -0.2172
vn 0.1153 -0.9698 -0.2151
vn 0.0745 -0.9750 -0.2092
vn 0.0855 -0.9731 -0.2139
vn 0.1729 -0.9657 -0.1939
vn 0.1676 -0.9679 -0.1875
vn 0.1954 -0.9701 -0.1439
vn 0.1933 -0.9766 -0.0940
vn 0.1867 -0.9790 -0.0817
vn 0.1928 -0.9725 -0.1304
vn 0.1877 -0.9807 -0.0546
vn 0.1864 -0.9823 -0.0203
vn 0.1760 -0.9842 -0.0208
vn 0.1780 -0.9828 -0.0487
vn 0.1899 -0.9817 0.0131
vn 0.1803 -0.9836 0.0067
vn 0.1976 -0.9790 0.0503
vn 0.1911 -0.9808 0.0377
vn 0.2015 -0.9746 0.0981
vn 0.1986 -0.9764 0.0849
vn 0.1794 -0.9726 0.1479
vn 0.1737 -0.9746 0.1417
vn 0.1317 -0.9763 0.1714
vn 0.0860 -0.9819 0.1687
vn 0.0748 -0.9837 0.1637
vn 0.1195 -0.9783 0.1693
vn 0.0513 -0.9854 0.1623
vn 0.0202 -0.9868 0.1606
vn 0.0206 -0.9881 0.1522
vn 0.0459 -0.9869 0.1545
vn -0.0108 -0.9864 0.1640
vn -0.0049 -0.9877 0.1565
vn -0.0456 -0.9840 0.1721
vn -0.0340 -0.9853 0.1676
vn -0.0912 -0.9801 0.1765
vn -0.0794 -0.9813 0.1753
vn -0.1384 -0.9782 0.1548
vn -0.1337 -0.9797 0.1497
vn -0.1595 -0.9815 0.1061
vn -0.1549 -0.9863 0.0573
vn -0.1494 -0.9878 0.0448
vn -0.1581 -0.9830 0.0932
vn -0.1467 -0.9890 0.0186
vn -0.1431 -0.9896 -0.0166
vn -0.1330 -0.9910 -0.0171
vn -0.1377 -0.9904 0.0119
vn -0.1445 -0.9881 -0.0519
vn -0.1350 -0.9898 -0.0462
vn -0.1504 -0.9844 -0.0915
vn -0.1440 -0.9864 -0.0793
vn -0.1526 -0.9782 -0.1408
vn -0.1500 -0.9804 -0.1278
vn -0.1292 -0.9732 -0.1902
vn -0.1234 -0.9752 -0.1839
vn -0.0802 -0.9738 -0.2130
vn -0.0331 -0.9770 -0.2105
vn -0.0221 -0.9785 -0.2051
vn -0.0679 -0.9753 -0.2104
vn 0.0016 -0.9788 -0.2047
vn 0.0294 -0.9787 -0.2032
vn 0.0287 -0.9803 -0.1952
vn 0.0064 -0.9804 -0.1969
vn 0.0558 -0.9769 -0.2064
vn 0.0500 -0.9787 -0.1992
vn 0.2234 -0.9736 0.0468
vn 0.2210 -0.9745 0.0389
vn 0.2288 -0.9718 0.0577
vn 0.2298 -0.9697 0.0830
vn 0.2053 -0.9709 0.1232
vn 0.1579 -0.9769 0.1441
vn 0.1213 -0.9824 0.1421
vn 0.0975 -0.9857 0.1373
vn 0.0768 -0.9876 0.1368
vn 0.0572 -0.9884 0.1406
vn 0.0374 -0.9882 0.1483
vn 0.0063 -0.9883 0.1524
vn -0.0355 -0.9905 0.1327
vn -0.0551 -0.9942 0.0924
vn -0.0512 -0.9966 0.0648
vn -0.0443 -0.9978 0.0500
vn -0.0417 -0.9985 0.0367
vn -0.0437 -0.9988 0.0234
vn -0.0501 -0.9987 0.0079
vn -0.0535 -0.9984 -0.0207
vn -0.0334 -0.9975 -0.0622
vn 0.0085 -0.9965 -0.0830
vn 0.0394 -0.9960 -0.0797
vn 0.0582 -0.9957 -0.0725
vn 0.0754 -0.9948 -0.0689
vn 0.0937 -0.9932 -0.0689
vn 0.1162 -0.9906 -0.0729
vn 0.1525 -0.9855 -0.0741
vn 0.2002 -0.9784 -0.0520
vn 0.2253 -0.9742 -0.0096
vn 0.2252 -0.9741 0.0180
vn 0.2215 -0.9747 0.0305
vn 0.2550 -0.9489 -0.1857
vn 0.2343 -0.9458 -0.2247
vn 0.2500 -0.9544 -0.1630
vn 0.2404 -0.9586 -0.1528
vn 0.2338 -0.9618 -0.1424
vn 0.2306 -0.9642 -0.1306
vn 0.2313 -0.9660 -0.1155
vn 0.2296 -0.9694 -0.0868
vn 0.2044 -0.9779 -0.0444
vn 0.1584 -0.9871 -0.0225
vn 0.1264 -0.9917 -0.0235
vn 0.1077 -0.9938 -0.0267
vn 0.0916 -0.9955 -0.0260
vn 0.0758 -0.9969 -0.0217
vn 0.0587 -0.9982 -0.0139
vn 0.0296 -0.9995 -0.0092
vn -0.0121 -0.9996 -0.0274
vn -0.0326 -0.9973 -0.0653
vn -0.0291 -0.9956 -0.0892
vn -0.0220 -0.9947 -0.1005
vn -0.0181 -0.9938 -0.1098
vn -0.0174 -0.9927 -0.1195
vn -0.0204 -0.9910 -0.1325
vn -0.0211 -0.9869 -0.1600
vn 0.0021 -0.9792 -0.2029
vn 0.0483 -0.9729 -0.2261
vn 0.0829 -0.9706 -0.2261
vn 0.1045 -0.9690 -0.2238
vn 0.1231 -0.9664 -0.2255
vn 0.1410 -0.9627 -0.2308
vn 0.1601 -0.9576 -0.2394
vn 0.1910 -0.9507 -0.2442
vn 0.0899 -0.9784 -0.1861
vn 0.0576 -0.9815 -0.1825
vn 0.1403 -0.9773 -0.1586
vn 0.1655 -0.9808 -0.1036
vn 0.1616 -0.9848 -0.0644
vn 0.1546 -0.9871 -0.0413
vn 0.1530 -0.9880 -0.0213
vn 0.1566 -0.9877 -0.0019
vn 0.1653 -0.9860 0.0197
vn 0.1704 -0.9837 0.0576
vn 0.1452 -0.9830 0.1125
vn 0.0932 -0.9858 0.1400
vn 0.0576 -0.9890 0.1366
vn 0.0382 -0.9909 0.1294
vn 0.0210 -0.9916 0.1275
vn 0.0038 -0.9914 0.1311
vn -0.0158 -0.9900 0.1401
vn -0.0518 -0.9880 0.1454
vn -0.1045 -0.9873 0.1196
vn -0.1290 -0.9895 0.0651
vn -0.1228 -0.9921 0.0260
vn -0.1132 -0.9936 0.0030
vn -0.1091 -0.9939 -0.0178
vn -0.1106 -0.9931 -0.0385
vn -0.1177 -0.9911 -0.0617
vn -0.1214 -0.9875 -0.1007
vn -0.0951 -0.9834 -0.1548
vn -0.0417 -0.9825 -0.1814
vn -0.0054 -0.9840 -0.1783
vn 0.0133 -0.9850 -0.1721
vn 0.0280 -0.9849 -0.1710
vn 0.0419 -0.9838 -0.1746
vn 0.2710 -0.9617 -0.0425
vn 0.2756 -0.9575 -0.0847
vn 0.2484 -0.9687 -0.0019
vn 0.2071 -0.9781 0.0211
vn 0.1623 -0.9864 0.0247
vn 0.1239 -0.9920 0.0226
vn 0.0907 -0.9957 0.0209
vn 0.0593 -0.9980 0.0204
vn 0.0268 -0.9994 0.0209
vn -0.0091 -0.9998 0.0181
vn -0.0410 -0.9992 0.0009
vn -0.0569 -0.9979 -0.0298
vn -0.0578 -0.9965 -0.0609
vn -0.0560 -0.9947 -0.0863
vn -0.0564 -0.9924 -0.1091
vn -0.0590 -0.9892 -0.1339
vn -0.0631 -0.9841 -0.1658
vn -0.0625 -0.9764 -0.2067
vn -0.0424 -0.9680 -0.2475
vn -0.0012 -0.9622 -0.2724
vn 0.0466 -0.9590 -0.2794
vn 0.0890 -0.9557 -0.2805
vn 0.1260 -0.9514 -0.2809
vn 0.1607 -0.9461 -0.2812
vn 0.1960 -0.9394 -0.2812
vn 0.2337 -0.9323 -0.2762
vn 0.2667 -0.9291 -0.2560
vn 0.2829 -0.9325 -0.2244
vn 0.2826 -0.9391 -0.1956
vn 0.2786 -0.9449 -0.1717
vn 0.2763 -0.9498 -0.1470
vn 0.2755 -0.9539 -0.1189
vn 0.0889 -0.9493 0.3016
vn 0.1658 -0.9365 0.3091
vn 0.0005 -0.9608 0.2771
vn -0.0646 -0.9733 0.2205
vn -0.0927 -0.9848 0.1467
vn -0.1033 -0.9920 0.0730
vn -0.1055 -0.9944 -0.0004
vn -0.1010 -0.9922 -0.0736
vn -0.0882 -0.9853 -0.1464
vn -0.0585 -0.9742 -0.2179
vn 0.0058 -0.9625 -0.2712
vn 0.0924 -0.9515 -0.2933
vn 0.1679 -0.9391 -0.2998
vn 0.2267 -0.9230 -0.3108
vn 0.2830 -0.9005 -0.3302
vn 0.3439 -0.8699 -0.3535
vn 0.4149 -0.8290 -0.3750
vn 0.4966 -0.7809 -0.3789
vn 0.5746 -0.7442 -0.3407
vn 0.6270 -0.7328 -0.2644
vn 0.6546 -0.7354 -0.1754
vn 0.6696 -0.7373 -0.0895
vn 0.6757 -0.7372 -0.0033
vn 0.6718 -0.7360 0.0841
vn 0.6576 -0.7334 0.1723
vn 0.6291 -0.7312 0.2638
vn 0.5758 -0.7418 0.3438
vn 0.4969 -0.7769 0.3867
vn 0.4136 -0.8246 0.3858
vn 0.3416 -0.8661 0.3648
vn 0.2811 -0.8971 0.3409
vn 0.2252 -0.9200 0.3208
vn 0.2747 -0.9526 0.1304
vn 0.2775 -0.9562 0.0931
vn 0.2535 -0.9523 0.1698
vn 0.2123 -0.9573 0.1961
vn 0.1630 -0.9652 0.2047
vn 0.1168 -0.9715 0.2063
vn 0.0746 -0.9756 0.2064
vn 0.0347 -0.9780 0.2059
vn -0.0042 -0.9787 0.2054
vn -0.0450 -0.9787 0.2001
vn -0.0804 -0.9806 0.1785
vn -0.0987 -0.9849 0.1420
vn -0.1002 -0.9896 0.1033
vn -0.0977 -0.9928 0.0694
vn -0.0967 -0.9946 0.0376
vn -0.0974 -0.9952 0.0054
vn -0.0996 -0.9946 -0.0295
vn -0.0978 -0.9927 -0.0699
vn -0.0789 -0.9910 -0.1081
vn -0.0425 -0.9905 -0.1307
vn -0.0010 -0.9907 -0.1360
vn 0.0371 -0.9900 -0.1363
vn 0.0735 -0.9879 -0.1367
vn 0.1122 -0.9842 -0.1371
vn 0.1574 -0.9781 -0.1363
vn 0.2076 -0.9698 -0.1282
vn 0.2506 -0.9629 -0.1005
vn 0.2731 -0.9602 -0.0579
vn 0.2765 -0.9609 -0.0168
vn 0.2749 -0.9613 0.0149
vn 0.2744 -0.9608 0.0400
vn 0.2753 -0.9592 0.0642
vn 0.2147 -0.9691 0.1212
vn 0.1819 -0.9790 0.0921
vn 0.2390 -0.9623 0.1297
vn 0.1657 -0.9848 0.0520
vn 0.1683 -0.9854 0.0270
vn 0.1741 -0.9846 0.0132
vn 0.1763 -0.9843 0.0011
vn 0.1742 -0.9846 -0.0110
vn 0.1686 -0.9854 -0.0248
vn 0.1662 -0.9849 -0.0494
vn 0.1827 -0.9792 -0.0882
vn 0.2158 -0.9695 -0.1160
vn 0.2399 -0.9629 -0.1235
vn 0.2544 -0.9588 -0.1262
vn 0.2687 -0.9541 -0.1322
vn 0.2846 -0.9480 -0.1427
vn 0.3047 -0.9394 -0.1571
vn 0.3427 -0.9250 -0.1639
vn 0.3987 -0.9068 -0.1371
vn 0.4303 -0.8989 -0.0823
vn 0.4314 -0.9011 -0.0440
vn 0.4261 -0.9044 -0.0212
vn 0.4242 -0.9056 0.0003
vn 0.4258 -0.9046 0.0219
vn 0.4308 -0.9013 0.0449
vn 0.4300 -0.8989 0.0839
vn 0.3989 -0.9062 0.1406
vn 0.3433 -0.9238 0.1693
vn 0.3052 -0.9382 0.1633
vn 0.2847 -0.9469 0.1494
vn 0.2687 -0.9531 0.1391
vn 0.2540 -0.9580 0.1329
vn -0.0434 -0.9949 -0.0910
vn 0.0475 -0.9989 -0.0000
vn -0.0434 -0.9949 0.0910
vn -0.1344 -0.9909 -0.0000
vn -0.0028 0.4758 0.8795
vn -0.0040 0.4379 0.8990
vn 0.0027 0.4363 0.8998
vn 0.0015 0.4773 0.8788
vn 0.0033 0.5950 0.8037
vn 0.0008 0.5480 0.8365
vn 0.0029 0.5531 0.8331
vn 0.0042 0.6011 0.7992
vn 0.0041 0.4237 0.9058
vn 0.0040 0.4379 0.8990
vn -0.0027 0.4364 0.8998
vn -0.0039 0.4215 0.9068
vn -0.0120 0.4763 0.8792
vn -0.0141 0.4330 0.9013
vn -0.0015 0.4773 0.8788
vn 0.0028 0.4758 0.8795
vn -0.0000 0.4378 0.8991
vn -0.0000 0.4744 0.8803
vn 0.0141 0.4329 0.9013
vn 0.0119 0.4763 0.8792
vn -0.0085 0.6017 0.7987
vn -0.0098 0.5534 0.8329
vn -0.0030 0.5530 0.8332
vn -0.0044 0.6010 0.7992
vn -0.0033 0.5946 0.8040
vn -0.0008 0.5479 0.8366
vn 0.0001 0.5446 0.8387
vn 0.0002 0.5909 0.8068
vn 0.0098 0.5533 0.8329
vn 0.0084 0.6016 0.7988
vn 0.0155 0.4166 0.9090
vn 0.0039 0.4215 0.9068
vn -0.0041 0.4237 0.9058
vn -0.0000 0.4238 0.9058
vn -0.0154 0.4167 0.9089
vn -0.0000 -0.7910 -0.6118
vn -0.0008 -0.7510 -0.6604
vn -0.0000 -0.7510 -0.6603
vn 0.0009 -0.7510 -0.6603
vn -0.0000 -0.8630 -0.5053
vn -0.0001 -0.8629 -0.5053
vn -0.0001 -0.8325 -0.5540
vn -0.0000 -0.8326 -0.5539
vn -0.0017 -0.7178 -0.6963
vn -0.0000 -0.7178 -0.6962
vn 0.0001 -0.8630 -0.5052
vn 0.0001 -0.8326 -0.5538
vn 0.0017 -0.7178 -0.6962
vn -0.0000 -0.9871 0.1599
vn 0.0009 -0.9858 0.1680
vn 0.0140 0.9819 -0.1887
vn 0.0133 0.9820 -0.1882
vn 0.0126 0.9813 -0.1919
vn 0.0129 0.9811 -0.1930
vn 0.0020 0.9822 -0.1877
vn 0.0018 0.9817 -0.1904
vn -0.0103 0.9822 -0.1877
vn -0.0098 0.9816 -0.1908
vn -0.0118 0.9821 -0.1879
vn -0.0108 0.9814 -0.1916
vn 0.0119 0.9806 -0.1955
vn 0.0118 0.9803 -0.1974
vn 0.0016 0.9812 -0.1931
vn -0.0093 0.9810 -0.1939
vn -0.0098 0.9807 -0.1953
vn -0.0050 0.9858 -0.1678
vn 0.0030 0.9859 -0.1672
vn 0.0024 0.9850 -0.1725
vn -0.0070 0.9847 -0.1740
vn 0.0112 0.9856 -0.1687
vn 0.0118 0.9849 -0.1726
vn 0.0015 0.9853 -0.1710
vn 0.0015 0.9847 -0.1745
vn -0.0091 0.9853 -0.1704
vn -0.0094 0.9847 -0.1739
vn -0.0044 0.9855 -0.1699
vn -0.0041 0.9848 -0.1738
vn 0.0010 0.9854 -0.1703
vn 0.0018 0.9847 -0.1745
vn 0.0018 0.9841 -0.1778
vn -0.0089 0.9836 -0.1803
vn 0.0125 0.9842 -0.1765
vn 0.0016 0.9840 -0.1779
vn -0.0097 0.9841 -0.1774
vn -0.0038 0.9841 -0.1777
vn 0.0026 0.9839 -0.1787
vn 0.0229 0.1223 0.9922
vn 0.0205 0.2043 0.9787
vn -0.0029 0.2062 0.9785
vn -0.0008 0.1236 0.9923
vn 0.1193 0.1183 0.9858
vn 0.1178 0.1977 0.9732
vn 0.0697 0.2006 0.9772
vn 0.0719 0.1199 0.9902
vn 0.0251 0.0510 0.9984
vn 0.0245 0.0724 0.9971
vn 0.0010 0.0731 0.9973
vn 0.0015 0.0513 0.9987
vn 0.1200 0.0495 0.9915
vn 0.1199 0.0700 0.9903
vn 0.0731 0.0710 0.9948
vn 0.0735 0.0502 0.9960
vn 0.0029 0.2062 0.9785
vn -0.0205 0.2043 0.9787
vn -0.0229 0.1223 0.9922
vn 0.0007 0.1236 0.9923
vn -0.0697 0.2006 0.9772
vn -0.1177 0.1977 0.9732
vn -0.1192 0.1183 0.9858
vn -0.0718 0.1199 0.9902
vn -0.0010 0.0731 0.9973
vn -0.0245 0.0724 0.9971
vn -0.0251 0.0510 0.9984
vn -0.0016 0.0513 0.9987
vn -0.0731 0.0710 0.9948
vn -0.1199 0.0700 0.9903
vn -0.1200 0.0495 0.9915
vn -0.0735 0.0502 0.9960
vn -0.0180 0.4752 0.8797
vn -0.0193 0.4311 0.9021
vn -0.0132 0.5999 0.8000
vn -0.0153 0.5517 0.8339
vn -0.0200 0.4139 0.9101
vn 0.0193 0.4310 0.9021
vn 0.0180 0.4752 0.8797
vn 0.0154 0.5517 0.8339
vn 0.0132 0.5998 0.8001
vn 0.0200 0.4138 0.9102
vn 0.1414 0.1177 0.9829
vn 0.1416 0.0697 0.9875
vn 0.0680 0.2531 0.9651
vn 0.0190 0.2573 0.9661
vn 0.1401 0.1967 0.9704
vn 0.1387 0.2470 0.9590
vn 0.1163 0.2489 0.9615
vn 0.1416 0.0493 0.9887
vn -0.0040 0.2593 0.9658
vn 0.0040 0.2593 0.9658
vn -0.0190 0.2573 0.9661
vn -0.0680 0.2531 0.9651
vn -0.1163 0.2489 0.9615
vn -0.1400 0.1967 0.9704
vn -0.1414 0.1177 0.9829
vn -0.1416 0.0697 0.9875
vn -0.1416 0.0493 0.9887
vn -0.1386 0.2470 0.9590
vt 0.510241 0.180117
vt 0.507246 0.186007
vt 0.491713 0.174031
vt 0.495910 0.169587
vt 0.513896 0.172989
vt 0.501079 0.164262
vt 0.529620 0.178870
vt 0.527312 0.187616
vt 0.525406 0.194813
vt 0.485205 0.155773
vt 0.479510 0.159050
vt 0.470681 0.141785
vt 0.477738 0.139560
vt 0.492232 0.151934
vt 0.486438 0.137035
vt 0.473113 0.121859
vt 0.465257 0.122939
vt 0.463454 0.103297
vt 0.471565 0.103409
vt 0.482790 0.120665
vt 0.481555 0.103548
vt 0.473328 0.084950
vt 0.465484 0.083656
vt 0.471157 0.064804
vt 0.478189 0.067227
vt 0.482993 0.086410
vt 0.486864 0.069996
vt 0.485932 0.050984
vt 0.480274 0.047524
vt 0.492709 0.032539
vt 0.496849 0.037161
vt 0.492918 0.055053
vt 0.501953 0.042712
vt 0.511232 0.026666
vt 0.508328 0.020589
vt 0.526414 0.011841
vt 0.528209 0.019235
vt 0.514777 0.034035
vt 0.530380 0.028236
vt 0.546880 0.014595
vt 0.546259 0.006430
vt 0.567068 0.004552
vt 0.566470 0.012967
vt 0.547688 0.024547
vt 0.565907 0.023229
vt 0.586201 0.014569
vt 0.588040 0.006401
vt 0.608340 0.011810
vt 0.605306 0.019220
vt 0.584241 0.024534
vt 0.601940 0.028252
vt 0.623007 0.026741
vt 0.627135 0.020615
vt 0.643550 0.032672
vt 0.638176 0.037369
vt 0.618250 0.034172
vt 0.631811 0.043002
vt 0.649730 0.051314
vt 0.656694 0.047787
vt 0.666363 0.065155
vt 0.657950 0.067625
vt 0.641372 0.055450
vt 0.647797 0.070437
vt 0.663122 0.085315
vt 0.672393 0.084001
vt 0.674586 0.103574
vt 0.665024 0.103681
vt 0.651915 0.086790
vt 0.653463 0.103809
vt 0.663438 0.122019
vt 0.672745 0.123120
vt 0.667035 0.141899
vt 0.658553 0.139629
vt 0.652186 0.120799
vt 0.648315 0.137057
vt 0.650569 0.155809
vt 0.657628 0.159173
vt 0.644645 0.174215
vt 0.639162 0.169650
vt 0.642089 0.151873
vt 0.632651 0.164182
vt 0.623989 0.180268
vt 0.628214 0.186259
vt 0.609161 0.195058
vt 0.606063 0.187803
vt 0.619097 0.173004
vt 0.602608 0.178966
vt 0.586463 0.192452
vt 0.588315 0.200448
vt 0.566741 0.202254
vt 0.566183 0.194024
vt 0.584478 0.182707
vt 0.565668 0.184000
vt 0.546213 0.192333
vt 0.545504 0.200302
vt 0.547130 0.182632
vt 0.320666 0.289338
vt 0.326264 0.292391
vt 0.314366 0.307322
vt 0.310009 0.303175
vt 0.313767 0.285656
vt 0.304757 0.298077
vt 0.320012 0.270790
vt 0.328334 0.273195
vt 0.334974 0.275206
vt 0.296334 0.314068
vt 0.299508 0.319350
vt 0.282357 0.328239
vt 0.280288 0.322007
vt 0.292562 0.307382
vt 0.277852 0.313939
vt 0.262520 0.326979
vt 0.263573 0.333766
vt 0.243960 0.335737
vt 0.243877 0.328753
vt 0.261308 0.318105
vt 0.243833 0.319607
vt 0.225210 0.327102
vt 0.224325 0.333960
vt 0.205469 0.328624
vt 0.207357 0.322272
vt 0.226334 0.318178
vt 0.209691 0.314117
vt 0.191159 0.314514
vt 0.188197 0.319919
vt 0.173183 0.308049
vt 0.177290 0.303792
vt 0.194789 0.307732
vt 0.182364 0.298598
vt 0.166422 0.290074
vt 0.161101 0.293226
vt 0.152167 0.276115
vt 0.158514 0.274010
vt 0.173142 0.286288
vt 0.166670 0.271495
vt 0.153519 0.256254
vt 0.146587 0.257374
vt 0.144553 0.237811
vt 0.151670 0.237647
vt 0.162506 0.254929
vt 0.160925 0.237471
vt 0.153196 0.219028
vt 0.146256 0.218232
vt 0.151518 0.199440
vt 0.157883 0.201234
vt 0.162199 0.220004
vt 0.166074 0.203415
vt 0.165515 0.185104
vt 0.160161 0.182241
vt 0.171987 0.167293
vt 0.176144 0.171286
vt 0.172291 0.188589
vt 0.181299 0.176214
vt 0.189824 0.160422
vt 0.186794 0.155256
vt 0.203912 0.146355
vt 0.205886 0.152494
vt 0.193554 0.166960
vt 0.208337 0.160424
vt 0.223658 0.147484
vt 0.222674 0.140807
vt 0.242276 0.138810
vt 0.242299 0.145634
vt 0.224916 0.156204
vt 0.242401 0.154593
vt 0.260972 0.147187
vt 0.261915 0.140561
vt 0.280782 0.145888
vt 0.278823 0.151950
vt 0.259906 0.155880
vt 0.276528 0.159836
vt 0.295007 0.159726
vt 0.298075 0.154618
vt 0.313133 0.166524
vt 0.308876 0.170499
vt 0.291372 0.166232
vt 0.303749 0.175423
vt 0.319785 0.184255
vt 0.325290 0.181373
vt 0.334303 0.198508
vt 0.327739 0.200352
vt 0.312992 0.187775
vt 0.319495 0.202605
vt 0.332742 0.218135
vt 0.339934 0.217267
vt 0.341990 0.236842
vt 0.334580 0.236763
vt 0.323644 0.219204
vt 0.325196 0.236689
vt 0.333041 0.255393
vt 0.340276 0.256422
vt 0.323903 0.254177
vt 0.843055 0.356424
vt 0.827811 0.343860
vt 0.831167 0.340454
vt 0.845556 0.352213
vt 0.860424 0.365803
vt 0.862056 0.360951
vt 0.815324 0.328561
vt 0.806033 0.311165
vt 0.810837 0.309505
vt 0.819485 0.326018
vt 0.800366 0.292281
vt 0.798465 0.272660
vt 0.803758 0.272734
vt 0.805541 0.291490
vt 0.800468 0.253051
vt 0.806228 0.234194
vt 0.811022 0.236009
vt 0.805639 0.253991
vt 0.815593 0.216836
vt 0.828136 0.201581
vt 0.831461 0.205145
vt 0.819735 0.219535
vt 0.843416 0.189060
vt 0.860807 0.179718
vt 0.862385 0.184747
vt 0.845872 0.193438
vt 0.879709 0.173992
vt 0.899367 0.172043
vt 0.899254 0.177572
vt 0.880433 0.179398
vt 0.919022 0.174026
vt 0.937909 0.179794
vt 0.936131 0.184835
vt 0.918080 0.179440
vt 0.955259 0.189196
vt 0.970469 0.201779
vt 0.966982 0.205350
vt 0.952624 0.193586
vt 0.982921 0.217080
vt 0.992190 0.234469
vt 0.987231 0.236280
vt 0.978620 0.219780
vt 0.997855 0.253343
vt 0.999768 0.272958
vt 0.994306 0.273028
vt 0.992516 0.254278
vt 0.997783 0.292574
vt 0.992039 0.311438
vt 0.987076 0.309779
vt 0.992441 0.291781
vt 0.982682 0.328798
vt 0.970145 0.344048
vt 0.966655 0.340642
vt 0.978374 0.326256
vt 0.954871 0.356562
vt 0.937485 0.365891
vt 0.935732 0.361035
vt 0.952245 0.352347
vt 0.918591 0.371599
vt 0.898948 0.373535
vt 0.898890 0.368196
vt 0.917692 0.366375
vt 0.879307 0.371555
vt 0.880090 0.366335
vt 0.859126 0.154719
vt 0.865528 0.158062
vt 0.853464 0.172937
vt 0.848521 0.168266
vt 0.851833 0.150908
vt 0.843007 0.162915
vt 0.858005 0.136285
vt 0.866852 0.138724
vt 0.874498 0.140844
vt 0.834916 0.178655
vt 0.838490 0.184773
vt 0.821289 0.193423
vt 0.818987 0.186062
vt 0.830992 0.171538
vt 0.816490 0.177396
vt 0.801419 0.190665
vt 0.802546 0.198745
vt 0.783044 0.200560
vt 0.783044 0.192245
vt 0.800230 0.181099
vt 0.783102 0.182390
vt 0.764698 0.190588
vt 0.763575 0.198688
vt 0.744963 0.193325
vt 0.747240 0.185933
vt 0.765999 0.181013
vt 0.749823 0.177250
vt 0.731533 0.178519
vt 0.728034 0.184670
vt 0.713456 0.172862
vt 0.718268 0.168158
vt 0.735475 0.171386
vt 0.723723 0.162786
vt 0.708133 0.154661
vt 0.701898 0.158043
vt 0.693508 0.140905
vt 0.700954 0.138735
vt 0.715322 0.150814
vt 0.709659 0.136245
vt 0.696554 0.121100
vt 0.688425 0.122141
vt 0.686832 0.102575
vt 0.695159 0.102623
vt 0.706123 0.119872
vt 0.704988 0.102613
vt 0.696997 0.084173
vt 0.688917 0.083030
vt 0.694482 0.064321
vt 0.701835 0.066607
vt 0.706523 0.085383
vt 0.710454 0.069095
vt 0.709440 0.050781
vt 0.703330 0.047257
vt 0.715304 0.032499
vt 0.719955 0.037357
vt 0.716507 0.054659
vt 0.725245 0.042784
vt 0.733528 0.026988
vt 0.730237 0.020707
vt 0.747452 0.012042
vt 0.749479 0.019532
vt 0.737242 0.034152
vt 0.751777 0.028206
vt 0.767120 0.014847
vt 0.766270 0.006654
vt 0.785873 0.004742
vt 0.785589 0.013171
vt 0.768110 0.024404
vt 0.785320 0.023020
vt 0.804015 0.014738
vt 0.805433 0.006506
vt 0.824132 0.011761
vt 0.821542 0.019319
vt 0.802487 0.024332
vt 0.818710 0.028061
vt 0.837314 0.026682
vt 0.841152 0.020323
vt 0.855814 0.032044
vt 0.850642 0.036985
vt 0.833089 0.033925
vt 0.844877 0.042500
vt 0.860843 0.050384
vt 0.867440 0.046772
vt 0.875857 0.063859
vt 0.868061 0.066233
vt 0.853339 0.054363
vt 0.859053 0.068827
vt 0.872440 0.083878
vt 0.880898 0.082651
vt 0.882399 0.102305
vt 0.873764 0.102430
vt 0.862589 0.085185
vt 0.863678 0.102501
vt 0.871816 0.121004
vt 0.880194 0.121981
vt 0.862053 0.119843
vt 0.200050 0.194033
vt 0.213572 0.192660
vt 0.213606 0.207035
vt 0.199018 0.207410
vt 0.188451 0.194298
vt 0.185851 0.207126
vt 0.191463 0.185856
vt 0.199955 0.182632
vt 0.212850 0.179742
vt 0.228206 0.191567
vt 0.243365 0.191047
vt 0.243717 0.206329
vt 0.228584 0.206600
vt 0.227491 0.177706
vt 0.242990 0.176847
vt 0.258462 0.191389
vt 0.272942 0.192306
vt 0.273508 0.206722
vt 0.258760 0.206443
vt 0.258458 0.177486
vt 0.273032 0.179318
vt 0.286256 0.193509
vt 0.297560 0.193631
vt 0.300514 0.206520
vt 0.287764 0.206944
vt 0.285847 0.182029
vt 0.294264 0.185171
vt 0.198226 0.221968
vt 0.213510 0.221894
vt 0.213499 0.236997
vt 0.197960 0.237114
vt 0.184097 0.221737
vt 0.183498 0.237234
vt 0.228773 0.221721
vt 0.243981 0.221573
vt 0.244157 0.236810
vt 0.228888 0.236895
vt 0.259091 0.221568
vt 0.274088 0.221589
vt 0.274448 0.236697
vt 0.259332 0.236743
vt 0.288966 0.221517
vt 0.302603 0.221151
vt 0.303488 0.236661
vt 0.289553 0.236672
vt 0.198495 0.252254
vt 0.213790 0.252100
vt 0.214159 0.266993
vt 0.199541 0.266832
vt 0.184358 0.252720
vt 0.186355 0.267337
vt 0.229046 0.252077
vt 0.244244 0.252064
vt 0.244244 0.267361
vt 0.229129 0.267244
vt 0.259358 0.251944
vt 0.274358 0.251834
vt 0.274040 0.266750
vt 0.259292 0.267124
vt 0.289222 0.251850
vt 0.302844 0.252186
vt 0.300981 0.266836
vt 0.288260 0.266456
vt 0.200799 0.280295
vt 0.214382 0.281466
vt 0.213884 0.294512
vt 0.200897 0.291810
vt 0.189158 0.280224
vt 0.192327 0.288692
vt 0.229018 0.282372
vt 0.244160 0.282725
vt 0.244034 0.297038
vt 0.228547 0.296362
vt 0.259257 0.282239
vt 0.273719 0.281200
vt 0.274026 0.294236
vt 0.259493 0.296225
vt 0.286962 0.279900
vt 0.298212 0.279720
vt 0.295068 0.288210
vt 0.286734 0.291398
vt 0.520161 0.061210
vt 0.534038 0.060054
vt 0.533723 0.074375
vt 0.518799 0.074485
vt 0.508513 0.061251
vt 0.505678 0.073978
vt 0.511750 0.052866
vt 0.520425 0.049904
vt 0.533762 0.047283
vt 0.549297 0.059144
vt 0.565286 0.058790
vt 0.565241 0.074055
vt 0.549295 0.074155
vt 0.549065 0.045466
vt 0.565387 0.044789
vt 0.581345 0.059291
vt 0.596847 0.060352
vt 0.597131 0.074663
vt 0.581275 0.074298
vt 0.581773 0.045582
vt 0.597311 0.047529
vt 0.611175 0.061661
vt 0.623520 0.061788
vt 0.626461 0.074496
vt 0.612559 0.074915
vt 0.611101 0.050301
vt 0.620307 0.053331
vt 0.517708 0.088970
vt 0.533329 0.089186
vt 0.533092 0.104208
vt 0.517197 0.104032
vt 0.503676 0.088478
vt 0.502840 0.103844
vt 0.549184 0.089240
vt 0.565214 0.089253
vt 0.565202 0.104386
vt 0.549089 0.104328
vt 0.581349 0.089342
vt 0.597524 0.089393
vt 0.597777 0.104316
vt 0.581435 0.104380
vt 0.613685 0.089284
vt 0.628550 0.088866
vt 0.629426 0.104057
vt 0.614222 0.104197
vt 0.517568 0.119029
vt 0.533240 0.119153
vt 0.533528 0.133775
vt 0.518509 0.133374
vt 0.503493 0.119161
vt 0.505304 0.133569
vt 0.549130 0.119335
vt 0.565202 0.119446
vt 0.565205 0.134430
vt 0.549171 0.134209
vt 0.581407 0.119357
vt 0.597652 0.119189
vt 0.597382 0.133739
vt 0.581385 0.134199
vt 0.613854 0.119071
vt 0.628748 0.119217
vt 0.626835 0.133465
vt 0.612883 0.133289
vt 0.519697 0.146488
vt 0.533709 0.147847
vt 0.533286 0.160341
vt 0.519792 0.157602
vt 0.507928 0.146215
vt 0.511058 0.154528
vt 0.549075 0.148908
vt 0.565204 0.149345
vt 0.565247 0.162972
vt 0.548730 0.162250
vt 0.581493 0.148843
vt 0.597209 0.147702
vt 0.597778 0.160151
vt 0.581951 0.162164
vt 0.611626 0.146241
vt 0.624020 0.145924
vt 0.620890 0.154201
vt 0.611668 0.157275
vt 0.741682 0.058772
vt 0.755199 0.057357
vt 0.754827 0.071691
vt 0.740291 0.072140
vt 0.730498 0.059295
vt 0.727657 0.072075
vt 0.733853 0.051160
vt 0.742109 0.047792
vt 0.754990 0.044985
vt 0.769866 0.056273
vt 0.785081 0.055812
vt 0.784970 0.071025
vt 0.769801 0.071244
vt 0.769644 0.043037
vt 0.785157 0.042269
vt 0.800234 0.056262
vt 0.814782 0.057324
vt 0.814936 0.071702
vt 0.800084 0.071258
vt 0.800610 0.042997
vt 0.815154 0.044900
vt 0.828187 0.058691
vt 0.839279 0.059151
vt 0.841839 0.071988
vt 0.829333 0.072115
vt 0.827936 0.047648
vt 0.836083 0.050984
vt 0.739150 0.086746
vt 0.754353 0.086580
vt 0.754001 0.101782
vt 0.738552 0.101994
vt 0.725619 0.086690
vt 0.724708 0.102237
vt 0.769585 0.086381
vt 0.784818 0.086277
vt 0.784630 0.101605
vt 0.769344 0.101649
vt 0.800013 0.086393
vt 0.815142 0.086592
vt 0.815161 0.101794
vt 0.799899 0.101658
vt 0.830183 0.086736
vt 0.843549 0.086637
vt 0.844082 0.102220
vt 0.830433 0.101998
vt 0.738786 0.117285
vt 0.753997 0.117049
vt 0.754108 0.132169
vt 0.739565 0.132063
vt 0.725239 0.117814
vt 0.726905 0.132549
vt 0.769207 0.117009
vt 0.784418 0.117045
vt 0.784164 0.132606
vt 0.769038 0.132427
vt 0.799621 0.117040
vt 0.814759 0.117103
vt 0.814160 0.132262
vt 0.799289 0.132480
vt 0.829784 0.117344
vt 0.843118 0.117860
vt 0.840989 0.132645
vt 0.828535 0.132167
vt 0.740598 0.145772
vt 0.754101 0.146933
vt 0.753547 0.159798
vt 0.740722 0.157157
vt 0.729397 0.145574
vt 0.732540 0.153911
vt 0.768697 0.147876
vt 0.783849 0.148304
vt 0.783533 0.162384
vt 0.768101 0.161647
vt 0.799013 0.147926
vt 0.813590 0.147019
vt 0.813570 0.159875
vt 0.798990 0.161693
vt 0.826986 0.145866
vt 0.838028 0.145667
vt 0.834577 0.154002
vt 0.826374 0.157239
vt 0.855755 0.230476
vt 0.868978 0.229293
vt 0.868590 0.243673
vt 0.854384 0.243810
vt 0.844843 0.230709
vt 0.842059 0.243383
vt 0.848127 0.222577
vt 0.856200 0.219397
vt 0.868827 0.216740
vt 0.883444 0.228360
vt 0.898539 0.227972
vt 0.898378 0.243297
vt 0.883339 0.243427
vt 0.883308 0.214895
vt 0.898715 0.214189
vt 0.913643 0.228416
vt 0.928195 0.229394
vt 0.928312 0.243811
vt 0.913442 0.243502
vt 0.914120 0.214934
vt 0.928652 0.216806
vt 0.941637 0.230598
vt 0.952807 0.230845
vt 0.955402 0.243583
vt 0.942777 0.243987
vt 0.941445 0.219472
vt 0.949629 0.222680
vt 0.853320 0.258305
vt 0.868174 0.258498
vt 0.867955 0.273522
vt 0.852858 0.273366
vt 0.840119 0.257848
vt 0.839349 0.273199
vt 0.883175 0.258529
vt 0.898272 0.258522
vt 0.898221 0.273679
vt 0.883069 0.273626
vt 0.913411 0.258596
vt 0.928557 0.258627
vt 0.928698 0.273638
vt 0.913425 0.273684
vt 0.943685 0.258486
vt 0.957199 0.258065
vt 0.957873 0.273420
vt 0.944061 0.273539
vt 0.853289 0.288385
vt 0.868154 0.288490
vt 0.868542 0.303180
vt 0.854316 0.302793
vt 0.840072 0.288528
vt 0.841961 0.302955
vt 0.883140 0.288666
vt 0.898221 0.288788
vt 0.898274 0.303865
vt 0.883266 0.303615
vt 0.913363 0.288736
vt 0.928509 0.288627
vt 0.928214 0.303332
vt 0.913345 0.303696
vt 0.943613 0.288582
vt 0.957101 0.288773
vt 0.955204 0.303202
vt 0.942630 0.303000
vt 0.855628 0.316028
vt 0.868886 0.317381
vt 0.868690 0.329725
vt 0.856024 0.326968
vt 0.844675 0.315600
vt 0.847940 0.323683
vt 0.883324 0.318454
vt 0.898382 0.318934
vt 0.898509 0.332434
vt 0.883142 0.331661
vt 0.913493 0.318519
vt 0.928039 0.317502
vt 0.928438 0.329813
vt 0.913915 0.331709
vt 0.941410 0.316184
vt 0.952510 0.315787
vt 0.949306 0.323835
vt 0.941153 0.327078
vt 0.949595 0.199310
vt 0.946428 0.205614
vt 0.932127 0.199707
vt 0.934167 0.191816
vt 0.962729 0.209634
vt 0.958180 0.214181
vt 0.972959 0.222807
vt 0.980339 0.238220
vt 0.972515 0.240207
vt 0.966690 0.225940
vt 0.984924 0.255260
vt 0.986496 0.273116
vt 0.977501 0.273213
vt 0.976209 0.256263
vt 0.984841 0.290972
vt 0.976116 0.290161
vt 0.980172 0.308004
vt 0.972331 0.306194
vt 0.972706 0.323382
vt 0.966420 0.320399
vt 0.962406 0.336510
vt 0.957852 0.332096
vt 0.949236 0.346793
vt 0.933803 0.354246
vt 0.931807 0.346544
vt 0.946090 0.340644
vt 0.916718 0.358886
vt 0.898812 0.360490
vt 0.898720 0.351621
vt 0.915712 0.350296
vt 0.880911 0.358836
vt 0.881742 0.350237
vt 0.863845 0.354144
vt 0.865683 0.346427
vt 0.848444 0.346635
vt 0.851451 0.340473
vt 0.835308 0.336299
vt 0.839732 0.331877
vt 0.825033 0.323130
vt 0.817600 0.307727
vt 0.825282 0.305916
vt 0.831178 0.320142
vt 0.812986 0.290685
vt 0.811404 0.272832
vt 0.820215 0.272945
vt 0.821536 0.289881
vt 0.813066 0.254991
vt 0.821596 0.256015
vt 0.817750 0.237971
vt 0.825397 0.239985
vt 0.825233 0.222581
vt 0.831335 0.225744
vt 0.835541 0.209437
vt 0.839919 0.214012
vt 0.848699 0.199156
vt 0.864116 0.191711
vt 0.865901 0.199597
vt 0.851653 0.205472
vt 0.881203 0.187077
vt 0.899130 0.185476
vt 0.898998 0.194550
vt 0.881988 0.195866
vt 0.917064 0.187130
vt 0.916014 0.195925
vt 0.314118 0.253034
vt 0.315098 0.236661
vt 0.311226 0.268474
vt 0.306710 0.282042
vt 0.299618 0.292887
vt 0.288980 0.300189
vt 0.275583 0.304914
vt 0.260238 0.308016
vt 0.243905 0.309183
vt 0.227550 0.308113
vt 0.212095 0.305129
vt 0.198467 0.300556
vt 0.187582 0.293389
vt 0.180334 0.282611
vt 0.175677 0.269080
vt 0.172576 0.253682
vt 0.171345 0.237343
vt 0.172295 0.220995
vt 0.175136 0.205588
vt 0.179571 0.192070
vt 0.186633 0.181270
vt 0.197362 0.173990
vt 0.210883 0.169254
vt 0.226294 0.166100
vt 0.242650 0.164848
vt 0.259004 0.165815
vt 0.274412 0.168729
vt 0.287933 0.173305
vt 0.298738 0.180508
vt 0.306023 0.191312
vt 0.310753 0.204869
vt 0.313878 0.220295
vt 0.846903 0.057499
vt 0.840185 0.047003
vt 0.851026 0.070820
vt 0.853653 0.086112
vt 0.854472 0.102410
vt 0.853178 0.118744
vt 0.850095 0.134138
vt 0.845551 0.147618
vt 0.838511 0.158241
vt 0.827926 0.165094
vt 0.814610 0.169332
vt 0.799408 0.172095
vt 0.783275 0.173090
vt 0.767168 0.172028
vt 0.752024 0.169219
vt 0.738778 0.164977
vt 0.728365 0.158135
vt 0.721696 0.147519
vt 0.717626 0.134062
vt 0.715020 0.118726
vt 0.714181 0.102463
vt 0.715406 0.086228
vt 0.718389 0.070989
vt 0.722820 0.057712
vt 0.729780 0.047228
vt 0.740367 0.040339
vt 0.753732 0.035982
vt 0.769004 0.033108
vt 0.785206 0.032030
vt 0.801356 0.033054
vt 0.816521 0.035868
vt 0.829764 0.040157
vt 0.943373 0.211747
vt 0.930124 0.207478
vt 0.953805 0.218542
vt 0.960559 0.228959
vt 0.964754 0.242160
vt 0.967502 0.257261
vt 0.968486 0.273313
vt 0.967399 0.289363
vt 0.964552 0.304428
vt 0.960261 0.317526
vt 0.953455 0.327852
vt 0.943051 0.334645
vt 0.929855 0.338942
vt 0.914717 0.341766
vt 0.898620 0.342796
vt 0.882550 0.341714
vt 0.867462 0.338843
vt 0.854309 0.334510
vt 0.843933 0.327677
vt 0.837132 0.317298
vt 0.832847 0.304159
vt 0.830029 0.289094
vt 0.829002 0.273063
vt 0.830082 0.257027
vt 0.832953 0.241950
vt 0.837295 0.228796
vt 0.844131 0.218423
vt 0.854496 0.211648
vt 0.867638 0.207395
vt 0.882756 0.204605
vt 0.898864 0.203589
vt 0.914971 0.204652
vt 0.869130 0.159943
vt 0.878800 0.142037
vt 0.856246 0.175566
vt 0.840501 0.188216
vt 0.822584 0.197564
vt 0.803179 0.203291
vt 0.783044 0.205238
vt 0.762944 0.203244
vt 0.743682 0.197484
vt 0.726065 0.188131
vt 0.710748 0.175508
vt 0.698390 0.159945
vt 0.689319 0.142125
vt 0.683852 0.122727
vt 0.682149 0.102548
vt 0.684371 0.082388
vt 0.690344 0.063035
vt 0.699893 0.045273
vt 0.712686 0.029764
vt 0.728386 0.017172
vt 0.746312 0.007827
vt 0.765792 0.002044
vt 0.786033 0.000000
vt 0.806230 0.001875
vt 0.825590 0.007509
vt 0.843311 0.016745
vt 0.858725 0.029264
vt 0.871152 0.044740
vt 0.880243 0.062523
vt 0.885657 0.081961
vt 0.887257 0.102234
vt 0.884907 0.122531
vt 0.505692 0.189272
vt 0.524488 0.198748
vt 0.489474 0.176529
vt 0.476483 0.160876
vt 0.466964 0.142992
vt 0.461139 0.123515
vt 0.459208 0.103240
vt 0.461373 0.082969
vt 0.467454 0.063495
vt 0.477271 0.045607
vt 0.490505 0.029956
vt 0.506823 0.017238
vt 0.525551 0.007817
vt 0.546040 0.002012
vt 0.567498 -0.000000
vt 0.589133 0.001958
vt 0.610099 0.007733
vt 0.629555 0.017183
vt 0.646702 0.029994
vt 0.660695 0.045788
vt 0.671109 0.063791
vt 0.677574 0.083285
vt 0.679912 0.103516
vt 0.677941 0.123724
vt 0.671810 0.143160
vt 0.661670 0.161083
vt 0.647843 0.176817
vt 0.630673 0.189618
vt 0.610943 0.199058
vt 0.589410 0.204809
vt 0.567150 0.206720
vt 0.545241 0.204631
vt 0.329413 0.294108
vt 0.338710 0.276337
vt 0.316818 0.309656
vt 0.301294 0.322322
vt 0.283521 0.331746
vt 0.264165 0.337584
vt 0.244007 0.339666
vt 0.223827 0.337818
vt 0.204407 0.332197
vt 0.186531 0.322960
vt 0.170871 0.310444
vt 0.158107 0.295000
vt 0.148596 0.277298
vt 0.142687 0.258003
vt 0.140549 0.237903
vt 0.142351 0.217784
vt 0.147937 0.198431
vt 0.157148 0.180631
vt 0.169648 0.165046
vt 0.185089 0.152349
vt 0.202802 0.142901
vt 0.222121 0.137051
vt 0.242263 0.134971
vt 0.262445 0.136833
vt 0.281883 0.142477
vt 0.299801 0.151743
vt 0.315529 0.164288
vt 0.328388 0.179752
vt 0.337996 0.197471
vt 0.343979 0.216779
vt 0.346158 0.236886
vt 0.344346 0.257001
vt 0.517467 0.165963
vt 0.506276 0.159079
vt 0.531766 0.170235
vt 0.499287 0.148392
vt 0.495116 0.134917
vt 0.492404 0.119737
vt 0.491465 0.103688
vt 0.492602 0.087604
vt 0.495526 0.072361
vt 0.499935 0.058833
vt 0.507082 0.048134
vt 0.518234 0.041311
vt 0.532385 0.037127
vt 0.548473 0.034380
vt 0.565572 0.033381
vt 0.582755 0.034428
vt 0.599147 0.037253
vt 0.613873 0.041579
vt 0.625604 0.048549
vt 0.633111 0.059327
vt 0.637758 0.072862
vt 0.640846 0.088002
vt 0.642056 0.103930
vt 0.641079 0.119831
vt 0.638198 0.134865
vt 0.633709 0.148194
vt 0.626293 0.158803
vt 0.614580 0.165768
vt 0.599716 0.170163
vt 0.582963 0.173036
vt 0.565380 0.174092
vt 0.548025 0.173053
vt 0.810582 0.373808
vt 0.887896 0.373808
vt 0.888067 0.416917
vt 0.810753 0.416917
vt 0.000000 0.421943
vt 0.077241 0.421943
vt 0.077241 0.464921
vt 0.000000 0.464921
vt 0.384259 0.000001
vt 0.461573 0.000001
vt 0.461402 0.043110
vt 0.384087 0.043110
vt 0.000000 0.000001
vt 0.077241 0.000001
vt 0.077241 0.043324
vt 0.000000 0.043324
vt 0.599477 0.380488
vt 0.599455 0.410150
vt 0.557586 0.410167
vt 0.557621 0.380482
vt 0.599383 0.320862
vt 0.599453 0.350801
vt 0.557591 0.350786
vt 0.557499 0.320875
vt 0.683212 0.440027
vt 0.683130 0.410139
vt 0.724993 0.410140
vt 0.725103 0.440006
vt 0.766816 0.380460
vt 0.766851 0.410120
vt 0.724964 0.380471
vt 0.683111 0.380483
vt 0.641292 0.410134
vt 0.641292 0.380492
vt 0.515728 0.410162
vt 0.515768 0.380480
vt 0.766942 0.320917
vt 0.766849 0.350795
vt 0.724997 0.350788
vt 0.725093 0.320884
vt 0.683208 0.320860
vt 0.683136 0.350798
vt 0.641292 0.350812
vt 0.641294 0.320857
vt 0.515738 0.350793
vt 0.515648 0.320898
vt 0.515605 0.440056
vt 0.557465 0.440060
vt 0.599367 0.440055
vt 0.641292 0.440044
vt 0.766964 0.439985
vt 0.954803 0.407755
vt 0.909944 0.407739
vt 0.909935 0.390921
vt 0.954803 0.390934
vt 0.999659 0.407777
vt 0.999665 0.390956
vt 0.954801 0.441535
vt 0.909956 0.441519
vt 0.909953 0.424563
vt 0.954803 0.424583
vt 0.909972 0.373811
vt 0.954824 0.373923
vt 0.999646 0.441550
vt 0.999652 0.424603
vt 0.999669 0.373934
vt 0.889387 0.138344
vt 0.889338 0.069832
vt 0.978942 0.069832
vt 0.978991 0.138217
vt 0.884501 0.000001
vt 0.974105 0.000001
vt 0.974095 0.068591
vt 0.884491 0.068533
vt 0.786592 0.295607
vt 0.711712 0.295607
vt 0.711712 0.251820
vt 0.786592 0.251820
vt 0.636833 0.295607
vt 0.636833 0.251820
vt 0.561954 0.295607
vt 0.561954 0.251820
vt 0.487076 0.295607
vt 0.487076 0.251820
vt 0.711712 0.207960
vt 0.786592 0.207960
vt 0.636833 0.207960
vt 0.561954 0.207960
vt 0.487076 0.207960
vt 1.000000 0.525500
vt 0.896336 0.525500
vt 0.896336 0.485913
vt 1.000000 0.485913
vt 0.792672 0.525500
vt 0.792672 0.485913
vt 0.689009 0.525500
vt 0.689009 0.485913
vt 0.585347 0.525500
vt 0.585347 0.485913
vt 0.481687 0.525500
vt 0.481687 0.485913
vt 0.378029 0.525500
vt 0.378029 0.485913
vt 0.896336 0.446236
vt 1.000000 0.446236
vt 0.792672 0.446236
vt 0.689009 0.446236
vt 0.585347 0.446236
vt 0.481687 0.446236
vt 0.378029 0.446236
vt 0.782406 0.584303
vt 0.782190 0.555811
vt 0.810202 0.555457
vt 0.810405 0.584030
vt 0.726610 0.584556
vt 0.726261 0.556208
vt 0.754251 0.556209
vt 0.754534 0.584581
vt 0.782500 0.640234
vt 0.782464 0.612204
vt 0.810485 0.611999
vt 0.810533 0.640108
vt 0.726567 0.640240
vt 0.726567 0.612335
vt 0.754542 0.612367
vt 0.754560 0.640339
vt 0.811830 0.555457
vt 0.839839 0.555657
vt 0.839787 0.584149
vt 0.811793 0.584035
vt 0.867770 0.555899
vt 0.895745 0.555740
vt 0.895563 0.584080
vt 0.867655 0.584267
vt 0.811871 0.612009
vt 0.839888 0.612048
vt 0.840018 0.640090
vt 0.811989 0.640120
vt 0.867803 0.612050
vt 0.895762 0.611848
vt 0.895931 0.639762
vt 0.867954 0.640019
vt 0.808671 0.380450
vt 0.808709 0.410099
vt 0.808789 0.320941
vt 0.808701 0.350800
vt 0.808822 0.439973
vt 0.473869 0.410158
vt 0.473911 0.380479
vt 0.473886 0.350800
vt 0.473800 0.320916
vt 0.473748 0.440064
vt 0.698542 0.584540
vt 0.698509 0.612260
vt 0.753978 0.527644
vt 0.781928 0.527192
vt 0.698211 0.556248
vt 0.697900 0.527847
vt 0.725977 0.527744
vt 0.698482 0.640112
vt 0.809964 0.526741
vt 0.811912 0.526741
vt 0.839945 0.527035
vt 0.867888 0.527328
vt 0.895874 0.527267
vt 0.923792 0.555623
vt 0.923628 0.583904
vt 0.923819 0.611611
vt 0.924004 0.639465
vt 0.923948 0.527210
s 1
f 229/1/1 885/2/2 181/3/3 811/4/4
f 949/5/5 229/1/1 811/4/4 219/6/6
f 229/1/1 949/5/5 218/7/7 810/8/8
f 885/2/2 229/1/1 810/8/8 196/9/9
f 230/10/10 886/11/11 182/12/12 812/13/13
f 950/14/14 230/10/10 812/13/13 220/15/15
f 230/10/10 950/14/14 219/6/6 811/4/4
f 886/11/11 230/10/10 811/4/4 181/3/3
f 231/16/16 887/17/17 183/18/18 813/19/19
f 951/20/20 231/16/16 813/19/19 221/21/21
f 231/16/16 951/20/20 220/15/15 812/13/13
f 887/17/17 231/16/16 812/13/13 182/12/12
f 232/22/22 888/23/23 184/24/24 814/25/25
f 952/26/26 232/22/22 814/25/25 222/27/27
f 232/22/22 952/26/26 221/21/21 813/19/19
f 888/23/23 232/22/22 813/19/19 183/18/18
f 233/28/28 889/29/29 185/30/30 815/31/31
f 953/32/32 233/28/28 815/31/31 223/33/33
f 233/28/28 953/32/32 222/27/27 814/25/25
f 889/29/29 233/28/28 814/25/25 184/24/24
f 234/34/34 890/35/35 186/36/36 816/37/37
f 954/38/38 234/34/34 816/37/37 224/39/39
f 234/34/34 954/38/38 223/33/33 815/31/31
f 890/35/35 234/34/34 815/31/31 185/30/30
f 235/40/40 891/41/41 187/42/42 817/43/43
f 955/44/44 235/40/40 817/43/43 225/45/45
f 235/40/40 955/44/44 224/39/39 816/37/37
f 891/41/41 235/40/40 816/37/37 186/36/36
f 236/46/46 892/47/47 188/48/48 818/49/49
f 956/50/50 236/46/46 818/49/49 226/51/51
f 236/46/46 956/50/50 225/45/45 817/43/43
f 892/47/47 236/46/46 817/43/43 187/42/42
f 237/52/52 893/53/53 189/54/54 819/55/55
f 957/56/56 237/52/52 819/55/55 227/57/57
f 237/52/52 957/56/56 226/51/51 818/49/49
f 893/53/53 237/52/52 818/49/49 188/48/48
f 238/58/58 894/59/59 190/60/60 820/61/61
f 958/62/62 238/58/58 820/61/61 228/63/63
f 238/58/58 958/62/62 227/57/57 819/55/55
f 894/59/59 238/58/58 819/55/55 189/54/54
f 239/64/64 895/65/65 191/66/66 933/67/67
f 959/68/68 239/64/64 933/67/67 213/69/69
f 239/64/64 959/68/68 228/63/63 820/61/61
f 895/65/65 239/64/64 820/61/61 190/60/60
f 240/70/70 896/71/71 192/72/72 805/73/73
f 960/74/74 240/70/70 805/73/73 214/75/75
f 240/70/70 960/74/74 213/69/69 933/67/67
f 896/71/71 240/70/70 933/67/67 191/66/66
f 241/76/76 897/77/77 193/78/78 807/79/79
f 961/80/80 241/76/76 807/79/79 215/81/81
f 241/76/76 961/80/80 214/75/75 805/73/73
f 897/77/77 241/76/76 805/73/73 192/72/72
f 242/82/82 898/83/83 194/84/84 808/85/85
f 962/86/86 242/82/82 808/85/85 216/87/87
f 242/82/82 962/86/86 215/81/81 807/79/79
f 898/83/83 242/82/82 807/79/79 193/78/78
f 243/88/88 899/89/89 195/90/90 809/91/91
f 963/92/92 243/88/88 809/91/91 217/93/93
f 243/88/88 963/92/92 216/87/87 808/85/85
f 899/89/89 243/88/88 808/85/85 194/84/84
f 244/94/94 900/95/95 196/9/9 810/8/8
f 964/96/96 244/94/94 810/8/8 218/7/7
f 244/94/94 964/96/96 217/93/93 809/91/91
f 900/95/95 244/94/94 809/91/91 195/90/90
f 245/97/97 917/98/98 197/99/99 901/100/100
f 772/101/101 245/97/97 901/100/100 119/102/102
f 245/97/97 772/101/101 118/103/103 915/104/104
f 917/98/98 245/97/97 915/104/104 211/105/105
f 246/106/106 918/107/107 198/108/108 902/109/109
f 773/110/110 246/106/106 902/109/109 120/111/111
f 246/106/106 773/110/110 119/102/102 901/100/100
f 918/107/107 246/106/106 901/100/100 197/99/99
f 247/112/112 919/113/113 199/114/114 903/115/115
f 774/116/116 247/112/112 903/115/115 121/117/117
f 247/112/112 774/116/116 120/111/111 902/109/109
f 919/113/113 247/112/112 902/109/109 198/108/108
f 248/118/118 920/119/119 200/120/120 904/121/121
f 775/122/122 248/118/118 904/121/121 122/123/123
f 248/118/118 775/122/122 121/117/117 903/115/115
f 920/119/119 248/118/118 903/115/115 199/114/114
f 249/124/124 921/125/125 201/126/126 905/127/127
f 776/128/128 249/124/124 905/127/127 123/129/129
f 249/124/124 776/128/128 122/123/123 904/121/121
f 921/125/125 249/124/124 904/121/121 200/120/120
f 250/130/130 922/131/131 202/132/132 906/133/133
f 777/134/134 250/130/130 906/133/133 124/135/135
f 250/130/130 777/134/134 123/129/129 905/127/127
f 922/131/131 250/130/130 905/127/127 201/126/126
f 251/136/136 923/137/137 203/138/138 907/139/139
f 778/140/140 251/136/136 907/139/139 125/141/141
f 251/136/136 778/140/140 124/135/135 906/133/133
f 923/137/137 251/136/136 906/133/133 202/132/132
f 252/142/142 924/143/143 204/144/144 908/145/145
f 779/146/146 252/142/142 908/145/145 126/147/147
f 252/142/142 779/146/146 125/141/141 907/139/139
f 924/143/143 252/142/142 907/139/139 203/138/138
f 253/148/148 925/149/149 205/150/150 909/151/151
f 780/152/152 253/148/148 909/151/151 127/153/153
f 253/148/148 780/152/152 126/147/147 908/145/145
f 925/149/149 253/148/148 908/145/145 204/144/144
f 254/154/154 926/155/155 206/156/156 910/157/157
f 781/158/158 254/154/154 910/157/157 128/159/159
f 254/154/154 781/158/158 127/153/153 909/151/151
f 926/155/155 254/154/154 909/151/151 205/150/150
f 255/160/160 927/161/161 207/162/162 911/163/163
f 782/164/164 255/160/160 911/163/163 129/165/165
f 255/160/160 782/164/164 128/159/159 910/157/157
f 927/161/161 255/160/160 910/157/157 206/156/156
f 256/166/166 928/167/167 208/168/168 912/169/169
f 783/170/170 256/166/166 912/169/169 130/171/171
f 256/166/166 783/170/170 129/165/165 911/163/163
f 928/167/167 256/166/166 911/163/163 207/162/162
f 257/172/172 929/173/173 209/174/174 913/175/175
f 784/176/176 257/172/172 913/175/175 131/177/177
f 257/172/172 784/176/176 130/171/171 912/169/169
f 929/173/173 257/172/172 912/169/169 208/168/168
f 258/178/178 930/179/179 210/180/180 914/181/181
f 785/182/182 258/178/178 914/181/181 132/183/183
f 258/178/178 785/182/182 131/177/177 913/175/175
f 930/179/179 258/178/178 913/175/175 209/174/174
f 259/184/184 931/185/185 212/186/186 771/187/187
f 786/188/188 259/184/184 771/187/187 117/189/189
f 259/184/184 786/188/188 132/183/183 914/181/181
f 931/185/185 259/184/184 914/181/181 210/180/180
f 260/190/190 932/191/191 211/105/105 915/104/104
f 769/192/192 260/190/190 915/104/104 118/103/103
f 260/190/190 769/192/192 117/189/189 771/187/187
f 932/191/191 260/190/190 771/187/187 212/186/186
f 261/193/193 515/194/194 2/195/195 514/196/196
f 513/197/197 261/193/193 514/196/196 1/198/198
f 262/199/199 517/200/200 3/201/201 516/202/202
f 515/194/194 262/199/199 516/202/202 2/195/195
f 263/203/203 519/204/204 4/205/205 518/206/206
f 517/200/200 263/203/203 518/206/206 3/201/201
f 264/207/207 521/208/208 5/209/209 520/210/210
f 519/204/204 264/207/207 520/210/210 4/205/205
f 265/211/211 523/212/212 6/213/213 522/214/214
f 521/208/208 265/211/211 522/214/214 5/209/209
f 266/215/215 525/216/216 7/217/217 524/218/218
f 523/212/212 266/215/215 524/218/218 6/213/213
f 267/219/219 527/220/220 8/221/221 526/222/222
f 525/216/216 267/219/219 526/222/222 7/217/217
f 268/223/223 529/224/224 9/225/225 528/226/226
f 527/220/220 268/223/223 528/226/226 8/221/221
f 269/227/227 531/228/228 10/229/229 530/230/230
f 529/224/224 269/227/227 530/230/230 9/225/225
f 270/231/231 533/232/232 11/233/233 532/234/234
f 531/228/228 270/231/231 532/234/234 10/229/229
f 271/235/235 535/236/236 12/237/237 534/238/238
f 533/232/232 271/235/235 534/238/238 11/233/233
f 272/239/239 537/240/240 13/241/241 536/242/242
f 535/236/236 272/239/239 536/242/242 12/237/237
f 273/243/243 539/244/244 14/245/245 538/246/246
f 537/240/240 273/243/243 538/246/246 13/241/241
f 274/247/247 541/248/248 15/249/249 540/250/250
f 539/244/244 274/247/247 540/250/250 14/245/245
f 275/251/251 543/252/252 16/253/253 542/254/254
f 541/248/248 275/251/251 542/254/254 15/249/249
f 276/255/255 513/197/197 1/198/198 544/256/256
f 543/252/252 276/255/255 544/256/256 16/253/253
f 277/257/257 869/258/258 165/259/259 853/260/260
f 756/261/261 277/257/257 853/260/260 137/262/262
f 277/257/257 756/261/261 136/263/263 868/264/264
f 869/258/258 277/257/257 868/264/264 180/265/265
f 278/266/266 870/267/267 166/268/268 854/269/269
f 757/270/270 278/266/266 854/269/269 138/271/271
f 278/266/266 757/270/270 137/262/262 853/260/260
f 870/267/267 278/266/266 853/260/260 165/259/259
f 279/272/272 871/273/273 167/274/274 855/275/275
f 758/276/276 279/272/272 855/275/275 139/277/277
f 279/272/272 758/276/276 138/271/271 854/269/269
f 871/273/273 279/272/272 854/269/269 166/268/268
f 280/278/278 872/279/279 168/280/280 856/281/281
f 759/282/282 280/278/278 856/281/281 140/283/283
f 280/278/278 759/282/282 139/277/277 855/275/275
f 872/279/279 280/278/278 855/275/275 167/274/274
f 281/284/284 873/285/285 169/286/286 857/287/287
f 760/288/288 281/284/284 857/287/287 141/289/289
f 281/284/284 760/288/288 140/283/283 856/281/281
f 873/285/285 281/284/284 856/281/281 168/280/280
f 282/290/290 874/291/291 170/292/292 858/293/293
f 761/294/294 282/290/290 858/293/293 142/295/295
f 282/290/290 761/294/294 141/289/289 857/287/287
f 874/291/291 282/290/290 857/287/287 169/286/286
f 283/296/296 875/297/297 171/298/298 859/299/299
f 762/300/300 283/296/296 859/299/299 143/301/301
f 283/296/296 762/300/300 142/295/295 858/293/293
f 875/297/297 283/296/296 858/293/293 170/292/292
f 284/302/302 876/303/303 172/304/304 860/305/305
f 763/306/306 284/302/302 860/305/305 144/307/307
f 284/302/302 763/306/306 143/301/301 859/299/299
f 876/303/303 284/302/302 859/299/299 171/298/298
f 285/308/308 877/309/309 173/310/310 861/311/311
f 764/312/312 285/308/308 861/311/311 145/313/313
f 285/308/308 764/312/312 144/307/307 860/305/305
f 877/309/309 285/308/308 860/305/305 172/304/304
f 286/314/314 878/315/315 174/316/316 862/317/317
f 765/318/318 286/314/314 862/317/317 146/319/319
f 286/314/314 765/318/318 145/313/313 861/311/311
f 878/315/315 286/314/314 861/311/311 173/310/310
f 287/320/320 879/321/321 175/322/322 863/323/323
f 766/324/324 287/320/320 863/323/323 147/325/325
f 287/320/320 766/324/324 146/319/319 862/317/317
f 879/321/321 287/320/320 862/317/317 174/316/316
f 288/326/326 880/327/327 176/328/328 864/329/329
f 767/330/330 288/326/326 864/329/329 148/331/331
f 288/326/326 767/330/330 147/325/325 863/323/323
f 880/327/327 288/326/326 863/323/323 175/322/322
f 289/332/332 881/333/333 177/334/334 865/335/335
f 768/336/336 289/332/332 865/335/335 133/337/337
f 289/332/332 768/336/336 148/331/331 864/329/329
f 881/333/333 289/332/332 864/329/329 176/328/328
f 290/338/338 882/339/339 178/340/340 866/341/341
f 751/342/342 290/338/338 866/341/341 134/343/343
f 290/338/338 751/342/342 133/337/337 865/335/335
f 882/339/339 290/338/338 865/335/335 177/334/334
f 291/344/344 883/345/345 179/346/346 867/347/347
f 753/348/348 291/344/344 867/347/347 135/349/349
f 291/344/344 753/348/348 134/343/343 866/341/341
f 883/345/345 291/344/344 866/341/341 178/340/340
f 292/350/350 884/351/351 180/265/265 868/264/264
f 754/352/352 292/350/350 868/264/264 136/263/263
f 292/350/350 754/352/352 135/349/349 867/347/347
f 884/351/351 292/350/350 867/347/347 179/346/346
f 293/353/353 559/354/354 23/355/355 562/356/356
f 561/357/357 293/353/353 562/356/356 22/358/358
f 293/353/353 561/357/357 17/359/359 560/360/360
f 559/354/354 293/353/353 560/360/360 18/361/361
f 294/362/362 563/363/363 24/364/364 565/365/365
f 559/354/354 294/362/362 565/365/365 23/355/355
f 294/362/362 559/354/354 18/361/361 564/366/366
f 563/363/363 294/362/362 564/366/366 19/367/367
f 295/368/368 566/369/369 25/370/370 568/371/371
f 563/363/363 295/368/368 568/371/371 24/364/364
f 295/368/368 563/363/363 19/367/367 567/372/372
f 566/369/369 295/368/368 567/372/372 20/373/373
f 296/374/374 569/375/375 26/376/376 571/377/377
f 566/369/369 296/374/374 571/377/377 25/370/370
f 296/374/374 566/369/369 20/373/373 570/378/378
f 569/375/375 296/374/374 570/378/378 21/379/379
f 297/380/380 572/381/381 28/382/382 574/383/383
f 573/384/384 297/380/380 574/383/383 27/385/385
f 297/380/380 573/384/384 22/358/358 562/356/356
f 572/381/381 297/380/380 562/356/356 23/355/355
f 298/386/386 575/387/387 29/388/388 576/389/389
f 572/381/381 298/386/386 576/389/389 28/382/382
f 298/386/386 572/381/381 23/355/355 565/365/365
f 575/387/387 298/386/386 565/365/365 24/364/364
f 299/390/390 577/391/391 30/392/392 578/393/393
f 575/387/387 299/390/390 578/393/393 29/388/388
f 299/390/390 575/387/387 24/364/364 568/371/371
f 577/391/391 299/390/390 568/371/371 25/370/370
f 300/394/394 579/395/395 31/396/396 580/397/397
f 577/391/391 300/394/394 580/397/397 30/392/392
f 300/394/394 577/391/391 25/370/370 571/377/377
f 579/395/395 300/394/394 571/377/377 26/376/376
f 301/398/398 581/399/399 33/400/400 583/401/401
f 582/402/402 301/398/398 583/401/401 32/403/403
f 301/398/398 582/402/402 27/385/385 574/383/383
f 581/399/399 301/398/398 574/383/383 28/382/382
f 302/404/404 584/405/405 34/406/406 585/407/407
f 581/399/399 302/404/404 585/407/407 33/400/400
f 302/404/404 581/399/399 28/382/382 576/389/389
f 584/405/405 302/404/404 576/389/389 29/388/388
f 303/408/408 586/409/409 35/410/410 587/411/411
f 584/405/405 303/408/408 587/411/411 34/406/406
f 303/408/408 584/405/405 29/388/388 578/393/393
f 586/409/409 303/408/408 578/393/393 30/392/392
f 304/412/412 588/413/413 36/414/414 589/415/415
f 586/409/409 304/412/412 589/415/415 35/410/410
f 304/412/412 586/409/409 30/392/392 580/397/397
f 588/413/413 304/412/412 580/397/397 31/396/396
f 305/416/416 590/417/417 38/418/418 592/419/419
f 591/420/420 305/416/416 592/419/419 37/421/421
f 305/416/416 591/420/420 32/403/403 583/401/401
f 590/417/417 305/416/416 583/401/401 33/400/400
f 306/422/422 593/423/423 39/424/424 594/425/425
f 590/417/417 306/422/422 594/425/425 38/418/418
f 306/422/422 590/417/417 33/400/400 585/407/407
f 593/423/423 306/422/422 585/407/407 34/406/406
f 307/426/426 595/427/427 40/428/428 596/429/429
f 593/423/423 307/426/426 596/429/429 39/424/424
f 307/426/426 593/423/423 34/406/406 587/411/411
f 595/427/427 307/426/426 587/411/411 35/410/410
f 308/430/430 597/431/431 41/432/432 598/433/433
f 595/427/427 308/430/430 598/433/433 40/428/428
f 308/430/430 595/427/427 35/410/410 589/415/415
f 597/431/431 308/430/430 589/415/415 36/414/414
f 309/434/434 599/435/435 48/436/436 602/437/437
f 601/438/438 309/434/434 602/437/437 47/439/439
f 309/434/434 601/438/438 42/440/440 600/441/441
f 599/435/435 309/434/434 600/441/441 43/442/442
f 310/443/443 603/444/444 49/445/445 605/446/446
f 599/435/435 310/443/443 605/446/446 48/436/436
f 310/443/443 599/435/435 43/442/442 604/447/447
f 603/444/444 310/443/443 604/447/447 44/448/448
f 311/449/449 606/450/450 50/451/451 608/452/452
f 603/444/444 311/449/449 608/452/452 49/445/445
f 311/449/449 603/444/444 44/448/448 607/453/453
f 606/450/450 311/449/449 607/453/453 45/454/454
f 312/455/455 609/456/456 51/457/457 611/458/458
f 606/450/450 312/455/455 611/458/458 50/451/451
f 312/455/455 606/450/450 45/454/454 610/459/459
f 609/456/456 312/455/455 610/459/459 46/460/460
f 313/461/461 612/462/462 53/463/463 614/464/464
f 613/465/465 313/461/461 614/464/464 52/466/466
f 313/461/461 613/465/465 47/439/439 602/437/437
f 612/462/462 313/461/461 602/437/437 48/436/436
f 314/467/467 615/468/468 54/469/469 616/470/470
f 612/462/462 314/467/467 616/470/470 53/463/463
f 314/467/467 612/462/462 48/436/436 605/446/446
f 615/468/468 314/467/467 605/446/446 49/445/445
f 315/471/471 617/472/472 55/473/473 618/474/474
f 615/468/468 315/471/471 618/474/474 54/469/469
f 315/471/471 615/468/468 49/445/445 608/452/452
f 617/472/472 315/471/471 608/452/452 50/451/451
f 316/475/475 619/476/476 56/477/477 620/478/478
f 617/472/472 316/475/475 620/478/478 55/473/473
f 316/475/475 617/472/472 50/451/451 611/458/458
f 619/476/476 316/475/475 611/458/458 51/457/457
f 317/479/479 621/480/480 58/481/481 623/482/482
f 622/483/483 317/479/479 623/482/482 57/484/484
f 317/479/479 622/483/483 52/466/466 614/464/464
f 621/480/480 317/479/479 614/464/464 53/463/463
f 318/485/485 624/486/486 59/487/487 625/488/488
f 621/480/480 318/485/485 625/488/488 58/481/481
f 318/485/485 621/480/480 53/463/463 616/470/470
f 624/486/486 318/485/485 616/470/470 54/469/469
f 319/489/489 626/490/490 60/491/491 627/492/492
f 624/486/486 319/489/489 627/492/492 59/487/487
f 319/489/489 624/486/486 54/469/469 618/474/474
f 626/490/490 319/489/489 618/474/474 55/473/473
f 320/493/493 628/494/494 61/495/495 629/496/496
f 626/490/490 320/493/493 629/496/496 60/491/491
f 320/493/493 626/490/490 55/473/473 620/478/478
f 628/494/494 320/493/493 620/478/478 56/477/477
f 321/497/497 630/498/498 63/499/499 632/500/500
f 631/501/501 321/497/497 632/500/500 62/502/502
f 321/497/497 631/501/501 57/484/484 623/482/482
f 630/498/498 321/497/497 623/482/482 58/481/481
f 322/503/503 633/504/504 64/505/505 634/506/506
f 630/498/498 322/503/503 634/506/506 63/499/499
f 322/503/503 630/498/498 58/481/481 625/488/488
f 633/504/504 322/503/503 625/488/488 59/487/487
f 323/507/507 635/508/508 65/509/509 636/510/510
f 633/504/504 323/507/507 636/510/510 64/505/505
f 323/507/507 633/504/504 59/487/487 627/492/492
f 635/508/508 323/507/507 627/492/492 60/491/491
f 324/511/511 637/512/512 66/513/513 638/514/514
f 635/508/508 324/511/511 638/514/514 65/509/509
f 324/511/511 635/508/508 60/491/491 629/496/496
f 637/512/512 324/511/511 629/496/496 61/495/495
f 325/515/515 639/516/516 73/517/517 642/518/518
f 641/519/519 325/515/515 642/518/518 72/520/520
f 325/515/515 641/519/519 67/521/521 640/522/522
f 639/516/516 325/515/515 640/522/522 68/523/523
f 326/524/524 643/525/525 74/526/526 645/527/527
f 639/516/516 326/524/524 645/527/527 73/517/517
f 326/524/524 639/516/516 68/523/523 644/528/528
f 643/525/525 326/524/524 644/528/528 69/529/529
f 327/530/530 646/531/531 75/532/532 648/533/533
f 643/525/525 327/530/530 648/533/533 74/526/526
f 327/530/530 643/525/525 69/529/529 647/534/534
f 646/531/531 327/530/530 647/534/534 70/535/535
f 328/536/536 649/537/537 76/538/538 651/539/539
f 646/531/531 328/536/536 651/539/539 75/532/532
f 328/536/536 646/531/531 70/535/535 650/540/540
f 649/537/537 328/536/536 650/540/540 71/541/541
f 329/542/542 652/543/543 78/544/544 654/545/545
f 653/546/546 329/542/542 654/545/545 77/547/547
f 329/542/542 653/546/546 72/520/520 642/518/518
f 652/543/543 329/542/542 642/518/518 73/517/517
f 330/548/548 655/549/549 79/550/550 656/551/551
f 652/543/543 330/548/548 656/551/551 78/544/544
f 330/548/548 652/543/543 73/517/517 645/527/527
f 655/549/549 330/548/548 645/527/527 74/526/526
f 331/552/552 657/553/553 80/554/554 658/555/555
f 655/549/549 331/552/552 658/555/555 79/550/550
f 331/552/552 655/549/549 74/526/526 648/533/533
f 657/553/553 331/552/552 648/533/533 75/532/532
f 332/556/556 659/557/557 81/558/558 660/559/559
f 657/553/553 332/556/556 660/559/559 80/554/554
f 332/556/556 657/553/553 75/532/532 651/539/539
f 659/557/557 332/556/556 651/539/539 76/538/538
f 333/560/560 661/561/561 83/562/562 663/563/563
f 662/564/564 333/560/560 663/563/563 82/565/565
f 333/560/560 662/564/564 77/547/547 654/545/545
f 661/561/561 333/560/560 654/545/545 78/544/544
f 334/566/566 664/567/567 84/568/568 665/569/569
f 661/561/561 334/566/566 665/569/569 83/562/562
f 334/566/566 661/561/561 78/544/544 656/551/551
f 664/567/567 334/566/566 656/551/551 79/550/550
f 335/570/570 666/571/571 85/572/572 667/573/573
f 664/567/567 335/570/570 667/573/573 84/568/568
f 335/570/570 664/567/567 79/550/550 658/555/555
f 666/571/571 335/570/570 658/555/555 80/554/554
f 336/574/574 668/575/575 86/576/576 669/577/577
f 666/571/571 336/574/574 669/577/577 85/572/572
f 336/574/574 666/571/571 80/554/554 660/559/559
f 668/575/575 336/574/574 660/559/559 81/558/558
f 337/578/578 670/579/579 88/580/580 672/581/581
f 671/582/582 337/578/578 672/581/581 87/583/583
f 337/578/578 671/582/582 82/565/565 663/563/563
f 670/579/579 337/578/578 663/563/563 83/562/562
f 338/584/584 673/585/585 89/586/586 674/587/587
f 670/579/579 338/584/584 674/587/587 88/580/580
f 338/584/584 670/579/579 83/562/562 665/569/569
f 673/585/585 338/584/584 665/569/569 84/568/568
f 339/588/588 675/589/589 90/590/590 676/591/591
f 673/585/585 339/588/588 676/591/591 89/586/586
f 339/588/588 673/585/585 84/568/568 667/573/573
f 675/589/589 339/588/588 667/573/573 85/572/572
f 340/592/592 677/593/593 91/594/594 678/595/595
f 675/589/589 340/592/592 678/595/595 90/590/590
f 340/592/592 675/589/589 85/572/572 669/577/577
f 677/593/593 340/592/592 669/577/577 86/576/576
f 341/596/596 679/597/597 98/598/598 682/599/599
f 681/600/600 341/596/596 682/599/599 97/601/601
f 341/596/596 681/600/600 92/602/602 680/603/603
f 679/597/597 341/596/596 680/603/603 93/604/604
f 342/605/605 683/606/606 99/607/607 685/608/608
f 679/597/597 342/605/605 685/608/608 98/598/598
f 342/605/605 679/597/597 93/604/604 684/609/609
f 683/606/606 342/605/605 684/609/609 94/610/610
f 343/611/611 686/612/612 100/613/613 688/614/614
f 683/606/606 343/611/611 688/614/614 99/607/607
f 343/611/611 683/606/606 94/610/610 687/615/615
f 686/612/612 343/611/611 687/615/615 95/616/616
f 344/617/617 689/618/618 101/619/619 691/620/620
f 686/612/612 344/617/617 691/620/620 100/613/613
f 344/617/617 686/612/612 95/616/616 690/621/621
f 689/618/618 344/617/617 690/621/621 96/622/622
f 345/623/623 692/624/624 103/625/625 694/626/626
f 693/627/627 345/623/623 694/626/626 102/628/628
f 345/623/623 693/627/627 97/601/601 682/599/599
f 692/624/624 345/623/623 682/599/599 98/598/598
f 346/629/629 695/630/630 104/631/631 696/632/632
f 692/624/624 346/629/629 696/632/632 103/625/625
f 346/629/629 692/624/624 98/598/598 685/608/608
f 695/630/630 346/629/629 685/608/608 99/607/607
f 347/633/633 697/634/634 105/635/635 698/636/636
f 695/630/630 347/633/633 698/636/636 104/631/631
f 347/633/633 695/630/630 99/607/607 688/614/614
f 697/634/634 347/633/633 688/614/614 100/613/613
f 348/637/637 699/638/638 106/639/639 700/640/640
f 697/634/634 348/637/637 700/640/640 105/635/635
f 348/637/637 697/634/634 100/613/613 691/620/620
f 699/638/638 348/637/637 691/620/620 101/619/619
f 349/641/641 701/642/642 108/643/643 703/644/644
f 702/645/645 349/641/641 703/644/644 107/646/646
f 349/641/641 702/645/645 102/628/628 694/626/626
f 701/642/642 349/641/641 694/626/626 103/625/625
f 350/647/647 704/648/648 109/649/649 705/650/650
f 701/642/642 350/647/647 705/650/650 108/643/643
f 350/647/647 701/642/642 103/625/625 696/632/632
f 704/648/648 350/647/647 696/632/632 104/631/631
f 351/651/651 706/652/652 110/653/653 707/654/654
f 704/648/648 351/651/651 707/654/654 109/649/649
f 351/651/651 704/648/648 104/631/631 698/636/636
f 706/652/652 351/651/651 698/636/636 105/635/635
f 352/655/655 708/656/656 111/657/657 709/658/658
f 706/652/652 352/655/655 709/658/658 110/653/653
f 352/655/655 706/652/652 105/635/635 700/640/640
f 708/656/656 352/655/655 700/640/640 106/639/639
f 353/659/659 710/660/660 113/661/661 712/662/662
f 711/663/663 353/659/659 712/662/662 112/664/664
f 353/659/659 711/663/663 107/646/646 703/644/644
f 710/660/660 353/659/659 703/644/644 108/643/643
f 354/665/665 713/666/666 114/667/667 714/668/668
f 710/660/660 354/665/665 714/668/668 113/661/661
f 354/665/665 710/660/660 108/643/643 705/650/650
f 713/666/666 354/665/665 705/650/650 109/649/649
f 355/669/669 715/670/670 115/671/671 716/672/672
f 713/666/666 355/669/669 716/672/672 114/667/667
f 355/669/669 713/666/666 109/649/649 707/654/654
f 715/670/670 355/669/669 707/654/654 110/653/653
f 356/673/673 717/674/674 116/675/675 718/676/676
f 715/670/670 356/673/673 718/676/676 115/671/671
f 356/673/673 715/670/670 110/653/653 709/658/658
f 717/674/674 356/673/673 709/658/658 111/657/657
f 357/677/677 719/678/678 149/679/679 721/680/680
f 530/230/230 357/677/677 721/680/680 9/225/225
f 357/677/677 530/230/230 10/229/229 720/681/681
f 719/678/678 357/677/677 720/681/681 150/682/682
f 358/683/683 722/684/684 151/685/685 723/686/686
f 720/681/681 358/683/683 723/686/686 150/682/682
f 358/683/683 720/681/681 10/229/229 532/234/234
f 722/684/684 358/683/683 532/234/234 11/233/233
f 359/687/687 724/688/688 152/689/689 725/690/690
f 722/684/684 359/687/687 725/690/690 151/685/685
f 359/687/687 722/684/684 11/233/233 534/238/238
f 724/688/688 359/687/687 534/238/238 12/237/237
f 360/691/691 726/692/692 152/689/689 724/688/688
f 536/242/242 360/691/691 724/688/688 12/237/237
f 360/691/691 536/242/242 13/241/241 727/693/693
f 726/692/692 360/691/691 727/693/693 153/694/694
f 361/695/695 728/696/696 153/694/694 727/693/693
f 538/246/246 361/695/695 727/693/693 13/241/241
f 361/695/695 538/246/246 14/245/245 729/697/697
f 728/696/696 361/695/695 729/697/697 154/698/698
f 362/699/699 730/700/700 155/701/701 731/702/702
f 729/697/697 362/699/699 731/702/702 154/698/698
f 362/699/699 729/697/697 14/245/245 540/250/250
f 730/700/700 362/699/699 540/250/250 15/249/249
f 363/703/703 732/704/704 156/705/705 733/706/706
f 730/700/700 363/703/703 733/706/706 155/701/701
f 363/703/703 730/700/700 15/249/249 542/254/254
f 732/704/704 363/703/703 542/254/254 16/253/253
f 364/707/707 734/708/708 156/705/705 732/704/704
f 544/256/256 364/707/707 732/704/704 16/253/253
f 364/707/707 544/256/256 1/198/198 735/709/709
f 734/708/708 364/707/707 735/709/709 157/710/710
f 365/711/711 736/712/712 157/710/710 735/709/709
f 514/196/196 365/711/711 735/709/709 1/198/198
f 365/711/711 514/196/196 2/195/195 737/713/713
f 736/712/712 365/711/711 737/713/713 158/714/714
f 366/715/715 738/716/716 159/717/717 739/718/718
f 737/713/713 366/715/715 739/718/718 158/714/714
f 366/715/715 737/713/713 2/195/195 516/202/202
f 738/716/716 366/715/715 516/202/202 3/201/201
f 367/719/719 740/720/720 160/721/721 741/722/722
f 738/716/716 367/719/719 741/722/722 159/717/717
f 367/719/719 738/716/716 3/201/201 518/206/206
f 740/720/720 367/719/719 518/206/206 4/205/205
f 368/723/723 742/724/724 160/721/721 740/720/720
f 520/210/210 368/723/723 740/720/720 4/205/205
f 368/723/723 520/210/210 5/209/209 743/725/725
f 742/724/724 368/723/723 743/725/725 161/726/726
f 369/727/727 744/728/728 161/726/726 743/725/725
f 522/214/214 369/727/727 743/725/725 5/209/209
f 369/727/727 522/214/214 6/213/213 745/729/729
f 744/728/728 369/727/727 745/729/729 162/730/730
f 370/731/731 746/732/732 163/733/733 747/734/734
f 745/729/729 370/731/731 747/734/734 162/730/730
f 370/731/731 745/729/729 6/213/213 524/218/218
f 746/732/732 370/731/731 524/218/218 7/217/217
f 371/735/735 748/736/736 164/737/737 749/738/738
f 746/732/732 371/735/735 749/738/738 163/733/733
f 371/735/735 746/732/732 7/217/217 526/222/222
f 748/736/736 371/735/735 526/222/222 8/221/221
f 372/739/739 750/740/740 164/737/737 748/736/736
f 528/226/226 372/739/739 748/736/736 8/221/221
f 372/739/739 528/226/226 9/225/225 721/680/680
f 750/740/740 372/739/739 721/680/680 149/679/679
f 373/741/741 789/742/742 117/189/189 769/192/192
f 790/743/743 373/741/741 769/192/192 118/103/103
f 373/741/741 790/743/743 36/414/414 588/413/413
f 789/742/742 373/741/741 588/413/413 31/396/396
f 374/744/744 790/743/743 118/103/103 772/101/101
f 791/745/745 374/744/744 772/101/101 119/102/102
f 374/744/744 791/745/745 41/432/432 597/431/431
f 790/743/743 374/744/744 597/431/431 36/414/414
f 375/746/746 598/433/433 41/432/432 791/745/745
f 773/110/110 375/746/746 791/745/745 119/102/102
f 375/746/746 773/110/110 120/111/111 792/747/747
f 598/433/433 375/746/746 792/747/747 40/428/428
f 376/748/748 792/747/747 120/111/111 774/116/116
f 793/749/749 376/748/748 774/116/116 121/117/117
f 376/748/748 793/749/749 39/424/424 596/429/429
f 792/747/747 376/748/748 596/429/429 40/428/428
f 377/750/750 793/749/749 121/117/117 775/122/122
f 794/751/751 377/750/750 775/122/122 122/123/123
f 377/750/750 794/751/751 38/418/418 594/425/425
f 793/749/749 377/750/750 594/425/425 39/424/424
f 378/752/752 794/751/751 122/123/123 776/128/128
f 795/753/753 378/752/752 776/128/128 123/129/129
f 378/752/752 795/753/753 37/421/421 592/419/419
f 794/751/751 378/752/752 592/419/419 38/418/418
f 379/754/754 591/420/420 37/421/421 795/753/753
f 777/134/134 379/754/754 795/753/753 123/129/129
f 379/754/754 777/134/134 124/135/135 796/755/755
f 591/420/420 379/754/754 796/755/755 32/403/403
f 380/756/756 796/755/755 124/135/135 778/140/140
f 797/757/757 380/756/756 778/140/140 125/141/141
f 380/756/756 797/757/757 27/385/385 582/402/402
f 796/755/755 380/756/756 582/402/402 32/403/403
f 381/758/758 573/384/384 27/385/385 797/757/757
f 779/146/146 381/758/758 797/757/757 125/141/141
f 381/758/758 779/146/146 126/147/147 798/759/759
f 573/384/384 381/758/758 798/759/759 22/358/358
f 382/760/760 798/759/759 126/147/147 780/152/152
f 799/761/761 382/760/760 780/152/152 127/153/153
f 382/760/760 799/761/761 17/359/359 561/357/357
f 798/759/759 382/760/760 561/357/357 22/358/358
f 383/762/762 560/360/360 17/359/359 799/761/761
f 781/158/158 383/762/762 799/761/761 127/153/153
f 383/762/762 781/158/158 128/159/159 800/763/763
f 560/360/360 383/762/762 800/763/763 18/361/361
f 384/764/764 564/366/366 18/361/361 800/763/763
f 782/164/164 384/764/764 800/763/763 128/159/159
f 384/764/764 782/164/164 129/165/165 801/765/765
f 564/366/366 384/764/764 801/765/765 19/367/367
f 385/766/766 567/372/372 19/367/367 801/765/765
f 783/170/170 385/766/766 801/765/765 129/165/165
f 385/766/766 783/170/170 130/171/171 802/767/767
f 567/372/372 385/766/766 802/767/767 20/373/373
f 386/768/768 802/767/767 130/171/171 784/176/176
f 803/769/769 386/768/768 784/176/176 131/177/177
f 386/768/768 803/769/769 21/379/379 570/378/378
f 802/767/767 386/768/768 570/378/378 20/373/373
f 387/770/770 569/375/375 21/379/379 803/769/769
f 785/182/182 387/770/770 803/769/769 131/177/177
f 387/770/770 785/182/182 132/183/183 804/771/771
f 569/375/375 387/770/770 804/771/771 26/376/376
f 388/772/772 804/771/771 132/183/183 786/188/188
f 789/742/742 388/772/772 786/188/188 117/189/189
f 388/772/772 789/742/742 31/396/396 579/395/395
f 804/771/771 388/772/772 579/395/395 26/376/376
f 389/773/773 649/537/537 71/541/541 822/774/774
f 751/342/342 389/773/773 822/774/774 133/337/337
f 389/773/773 751/342/342 134/343/343 821/775/775
f 649/537/537 389/773/773 821/775/775 76/538/538
f 390/776/776 821/775/775 134/343/343 753/348/348
f 823/777/777 390/776/776 753/348/348 135/349/349
f 390/776/776 823/777/777 81/558/558 659/557/557
f 821/775/775 390/776/776 659/557/557 76/538/538
f 391/778/778 668/575/575 81/558/558 823/777/777
f 754/352/352 391/778/778 823/777/777 135/349/349
f 391/778/778 754/352/352 136/263/263 824/779/779
f 668/575/575 391/778/778 824/779/779 86/576/576
f 392/780/780 824/779/779 136/263/263 756/261/261
f 825/781/781 392/780/780 756/261/261 137/262/262
f 392/780/780 825/781/781 91/594/594 677/593/593
f 824/779/779 392/780/780 677/593/593 86/576/576
f 393/782/782 678/595/595 91/594/594 825/781/781
f 757/270/270 393/782/782 825/781/781 137/262/262
f 393/782/782 757/270/270 138/271/271 826/783/783
f 678/595/595 393/782/782 826/783/783 90/590/590
f 394/784/784 826/783/783 138/271/271 758/276/276
f 827/785/785 394/784/784 758/276/276 139/277/277
f 394/784/784 827/785/785 89/586/586 676/591/591
f 826/783/783 394/784/784 676/591/591 90/590/590
f 395/786/786 827/785/785 139/277/277 759/282/282
f 828/787/787 395/786/786 759/282/282 140/283/283
f 395/786/786 828/787/787 88/580/580 674/587/587
f 827/785/785 395/786/786 674/587/587 89/586/586
f 396/788/788 828/787/787 140/283/283 760/288/288
f 829/789/789 396/788/788 760/288/288 141/289/289
f 396/788/788 829/789/789 87/583/583 672/581/581
f 828/787/787 396/788/788 672/581/581 88/580/580
f 397/790/790 671/582/582 87/583/583 829/789/789
f 761/294/294 397/790/790 829/789/789 141/289/289
f 397/790/790 761/294/294 142/295/295 830/791/791
f 671/582/582 397/790/790 830/791/791 82/565/565
f 398/792/792 662/564/564 82/565/565 830/791/791
f 762/300/300 398/792/792 830/791/791 142/295/295
f 398/792/792 762/300/300 143/301/301 831/793/793
f 662/564/564 398/792/792 831/793/793 77/547/547
f 399/794/794 653/546/546 77/547/547 831/793/793
f 763/306/306 399/794/794 831/793/793 143/301/301
f 399/794/794 763/306/306 144/307/307 832/795/795
f 653/546/546 399/794/794 832/795/795 72/520/520
f 400/796/796 832/795/795 144/307/307 764/312/312
f 833/797/797 400/796/796 764/312/312 145/313/313
f 400/796/796 833/797/797 67/521/521 641/519/519
f 832/795/795 400/796/796 641/519/519 72/520/520
f 401/798/798 640/522/522 67/521/521 833/797/797
f 765/318/318 401/798/798 833/797/797 145/313/313
f 401/798/798 765/318/318 146/319/319 834/799/799
f 640/522/522 401/798/798 834/799/799 68/523/523
f 402/800/800 834/799/799 146/319/319 766/324/324
f 835/801/801 402/800/800 766/324/324 147/325/325
f 402/800/800 835/801/801 69/529/529 644/528/528
f 834/799/799 402/800/800 644/528/528 68/523/523
f 403/802/802 835/801/801 147/325/325 767/330/330
f 836/803/803 403/802/802 767/330/330 148/331/331
f 403/802/802 836/803/803 70/535/535 647/534/534
f 835/801/801 403/802/802 647/534/534 69/529/529
f 404/804/804 836/803/803 148/331/331 768/336/336
f 822/774/774 404/804/804 768/336/336 133/337/337
f 404/804/804 822/774/774 71/541/541 650/540/540
f 836/803/803 404/804/804 650/540/540 70/535/535
f 405/805/805 837/806/806 149/679/679 719/678/678
f 838/807/807 405/805/805 719/678/678 150/682/682
f 405/805/805 838/807/807 96/622/622 690/621/621
f 837/806/806 405/805/805 690/621/621 95/616/616
f 406/808/808 689/618/618 96/622/622 838/807/807
f 723/686/686 406/808/808 838/807/807 150/682/682
f 406/808/808 723/686/686 151/685/685 839/809/809
f 689/618/618 406/808/808 839/809/809 101/619/619
f 407/810/810 839/809/809 151/685/685 725/690/690
f 840/811/811 407/810/810 725/690/690 152/689/689
f 407/810/810 840/811/811 106/639/639 699/638/638
f 839/809/809 407/810/810 699/638/638 101/619/619
f 408/812/812 708/656/656 106/639/639 840/811/811
f 726/692/692 408/812/812 840/811/811 152/689/689
f 408/812/812 726/692/692 153/694/694 841/813/813
f 708/656/656 408/812/812 841/813/813 111/657/657
f 409/814/814 841/813/813 153/694/694 728/696/696
f 842/815/815 409/814/814 728/696/696 154/698/698
f 409/814/814 842/815/815 116/675/675 717/674/674
f 841/813/813 409/814/814 717/674/674 111/657/657
f 410/816/816 718/676/676 116/675/675 842/815/815
f 731/702/702 410/816/816 842/815/815 154/698/698
f 410/816/816 731/702/702 155/701/701 843/817/817
f 718/676/676 410/816/816 843/817/817 115/671/671
f 411/818/818 843/817/817 155/701/701 733/706/706
f 844/819/819 411/818/818 733/706/706 156/705/705
f 411/818/818 844/819/819 114/667/667 716/672/672
f 843/817/817 411/818/818 716/672/672 115/671/671
f 412/820/820 714/668/668 114/667/667 844/819/819
f 734/708/708 412/820/820 844/819/819 156/705/705
f 412/820/820 734/708/708 157/710/710 845/821/821
f 714/668/668 412/820/820 845/821/821 113/661/661
f 413/822/822 845/821/821 157/710/710 736/712/712
f 846/823/823 413/822/822 736/712/712 158/714/714
f 413/822/822 846/823/823 112/664/664 712/662/662
f 845/821/821 413/822/822 712/662/662 113/661/661
f 414/824/824 711/663/663 112/664/664 846/823/823
f 739/718/718 414/824/824 846/823/823 158/714/714
f 414/824/824 739/718/718 159/717/717 847/825/825
f 711/663/663 414/824/824 847/825/825 107/646/646
f 415/826/826 847/825/825 159/717/717 741/722/722
f 848/827/827 415/826/826 741/722/722 160/721/721
f 415/826/826 848/827/827 102/628/628 702/645/645
f 847/825/825 415/826/826 702/645/645 107/646/646
f 416/828/828 848/827/827 160/721/721 742/724/724
f 849/829/829 416/828/828 742/724/724 161/726/726
f 416/828/828 849/829/829 97/601/601 693/627/627
f 848/827/827 416/828/828 693/627/627 102/628/628
f 417/830/830 849/829/829 161/726/726 744/728/728
f 850/831/831 417/830/830 744/728/728 162/730/730
f 417/830/830 850/831/831 92/602/602 681/600/600
f 849/829/829 417/830/830 681/600/600 97/601/601
f 418/832/832 680/603/603 92/602/602 850/831/831
f 747/734/734 418/832/832 850/831/831 162/730/730
f 418/832/832 747/734/734 163/733/733 851/833/833
f 680/603/603 418/832/832 851/833/833 93/604/604
f 419/834/834 851/833/833 163/733/733 749/738/738
f 852/835/835 419/834/834 749/738/738 164/737/737
f 419/834/834 852/835/835 94/610/610 684/609/609
f 851/833/833 419/834/834 684/609/609 93/604/604
f 420/836/836 852/835/835 164/737/737 750/740/740
f 837/806/806 420/836/836 750/740/740 149/679/679
f 420/836/836 837/806/806 95/616/616 687/615/615
f 852/835/835 420/836/836 687/615/615 94/610/610
f 421/837/837 869/258/258 180/265/265 755/838/838
f 869/258/258 421/837/837 545/839/839 165/259/259
f 422/840/840 870/267/267 165/259/259 545/839/839
f 870/267/267 422/840/840 546/841/841 166/268/268
f 423/842/842 871/273/273 166/268/268 546/841/841
f 871/273/273 423/842/842 547/843/843 167/274/274
f 424/844/844 872/279/279 167/274/274 547/843/843
f 872/279/279 424/844/844 548/845/845 168/280/280
f 425/846/846 873/285/285 168/280/280 548/845/845
f 873/285/285 425/846/846 549/847/847 169/286/286
f 426/848/848 874/291/291 169/286/286 549/847/847
f 874/291/291 426/848/848 550/849/849 170/292/292
f 427/850/850 875/297/297 170/292/292 550/849/849
f 875/297/297 427/850/850 551/851/851 171/298/298
f 428/852/852 876/303/303 171/298/298 551/851/851
f 876/303/303 428/852/852 552/853/853 172/304/304
f 429/854/854 877/309/309 172/304/304 552/853/853
f 877/309/309 429/854/854 553/855/855 173/310/310
f 430/856/856 878/315/315 173/310/310 553/855/855
f 878/315/315 430/856/856 554/857/857 174/316/316
f 431/858/858 879/321/321 174/316/316 554/857/857
f 879/321/321 431/858/858 555/859/859 175/322/322
f 432/860/860 880/327/327 175/322/322 555/859/859
f 880/327/327 432/860/860 556/861/861 176/328/328
f 433/862/862 881/333/333 176/328/328 556/861/861
f 881/333/333 433/862/862 557/863/863 177/334/334
f 434/864/864 882/339/339 177/334/334 557/863/863
f 882/339/339 434/864/864 558/865/865 178/340/340
f 435/866/866 883/345/345 178/340/340 558/865/865
f 883/345/345 435/866/866 752/867/867 179/346/346
f 436/868/868 884/351/351 179/346/346 752/867/867
f 884/351/351 436/868/868 755/838/838 180/265/265
f 437/869/869 885/2/2 196/9/9 788/870/870
f 885/2/2 437/869/869 485/871/871 181/3/3
f 438/872/872 886/11/11 181/3/3 485/871/871
f 886/11/11 438/872/872 486/873/873 182/12/12
f 439/874/874 887/17/17 182/12/12 486/873/873
f 887/17/17 439/874/874 487/875/875 183/18/18
f 440/876/876 888/23/23 183/18/18 487/875/875
f 888/23/23 440/876/876 488/877/877 184/24/24
f 441/878/878 889/29/29 184/24/24 488/877/877
f 889/29/29 441/878/878 489/879/879 185/30/30
f 442/880/880 890/35/35 185/30/30 489/879/879
f 890/35/35 442/880/880 490/881/881 186/36/36
f 443/882/882 891/41/41 186/36/36 490/881/881
f 891/41/41 443/882/882 491/883/883 187/42/42
f 444/884/884 892/47/47 187/42/42 491/883/883
f 892/47/47 444/884/884 492/885/885 188/48/48
f 445/886/886 893/53/53 188/48/48 492/885/885
f 893/53/53 445/886/886 493/887/887 189/54/54
f 446/888/888 894/59/59 189/54/54 493/887/887
f 894/59/59 446/888/888 494/889/889 190/60/60
f 447/890/890 895/65/65 190/60/60 494/889/889
f 895/65/65 447/890/890 495/891/891 191/66/66
f 448/892/892 896/71/71 191/66/66 495/891/891
f 896/71/71 448/892/892 496/893/893 192/72/72
f 449/894/894 897/77/77 192/72/72 496/893/893
f 897/77/77 449/894/894 497/895/895 193/78/78
f 450/896/896 898/83/83 193/78/78 497/895/895
f 898/83/83 450/896/896 498/897/897 194/84/84
f 451/898/898 899/89/89 194/84/84 498/897/897
f 899/89/89 451/898/898 787/899/899 195/90/90
f 452/900/900 900/95/95 195/90/90 787/899/899
f 900/95/95 452/900/900 788/870/870 196/9/9
f 453/901/901 917/98/98 211/105/105 770/902/902
f 917/98/98 453/901/901 499/903/903 197/99/99
f 454/904/904 918/107/107 197/99/99 499/903/903
f 918/107/107 454/904/904 500/905/905 198/108/108
f 455/906/906 919/113/113 198/108/108 500/905/905
f 919/113/113 455/906/906 501/907/907 199/114/114
f 456/908/908 920/119/119 199/114/114 501/907/907
f 920/119/119 456/908/908 502/909/909 200/120/120
f 457/910/910 921/125/125 200/120/120 502/909/909
f 921/125/125 457/910/910 503/911/911 201/126/126
f 458/912/912 922/131/131 201/126/126 503/911/911
f 922/131/131 458/912/912 504/913/913 202/132/132
f 459/914/914 923/137/137 202/132/132 504/913/913
f 923/137/137 459/914/914 505/915/915 203/138/138
f 460/916/916 924/143/143 203/138/138 505/915/915
f 924/143/143 460/916/916 506/917/917 204/144/144
f 461/918/918 925/149/149 204/144/144 506/917/917
f 925/149/149 461/918/918 507/919/919 205/150/150
f 462/920/920 926/155/155 205/150/150 507/919/919
f 926/155/155 462/920/920 508/921/921 206/156/156
f 463/922/922 927/161/161 206/156/156 508/921/921
f 927/161/161 463/922/922 509/923/923 207/162/162
f 464/924/924 928/167/167 207/162/162 509/923/923
f 928/167/167 464/924/924 510/925/925 208/168/168
f 465/926/926 929/173/173 208/168/168 510/925/925
f 929/173/173 465/926/926 511/927/927 209/174/174
f 466/928/928 930/179/179 209/174/174 511/927/927
f 930/179/179 466/928/928 512/929/929 210/180/180
f 467/930/930 931/185/185 210/180/180 512/929/929
f 931/185/185 467/930/930 916/931/931 212/186/186
f 468/932/932 932/191/191 212/186/186 916/931/931
f 932/191/191 468/932/932 770/902/902 211/105/105
f 469/933/933 949/5/5 219/6/6 939/934/934
f 632/500/500 469/933/933 939/934/934 62/502/502
f 469/933/933 632/500/500 63/499/499 938/935/935
f 949/5/5 469/933/933 938/935/935 218/7/7
f 470/936/936 950/14/14 220/15/15 940/937/937
f 631/501/501 470/936/936 940/937/937 57/484/484
f 470/936/936 631/501/501 62/502/502 939/934/934
f 950/14/14 470/936/936 939/934/934 219/6/6
f 471/938/938 951/20/20 221/21/21 941/939/939
f 622/483/483 471/938/938 941/939/939 52/466/466
f 471/938/938 622/483/483 57/484/484 940/937/937
f 951/20/20 471/938/938 940/937/937 220/15/15
f 472/940/940 952/26/26 222/27/27 942/941/941
f 613/465/465 472/940/940 942/941/941 47/439/439
f 472/940/940 613/465/465 52/466/466 941/939/939
f 952/26/26 472/940/940 941/939/939 221/21/21
f 473/942/942 953/32/32 223/33/33 943/943/943
f 601/438/438 473/942/942 943/943/943 42/440/440
f 473/942/942 601/438/438 47/439/439 942/941/941
f 953/32/32 473/942/942 942/941/941 222/27/27
f 474/944/944 954/38/38 224/39/39 944/945/945
f 600/441/441 474/944/944 944/945/945 43/442/442
f 474/944/944 600/441/441 42/440/440 943/943/943
f 954/38/38 474/944/944 943/943/943 223/33/33
f 475/946/946 955/44/44 225/45/45 945/947/947
f 604/447/447 475/946/946 945/947/947 44/448/448
f 475/946/946 604/447/447 43/442/442 944/945/945
f 955/44/44 475/946/946 944/945/945 224/39/39
f 476/948/948 956/50/50 226/51/51 946/949/949
f 607/453/453 476/948/948 946/949/949 45/454/454
f 476/948/948 607/453/453 44/448/448 945/947/947
f 956/50/50 476/948/948 945/947/947 225/45/45
f 477/950/950 957/56/56 227/57/57 947/951/951
f 610/459/459 477/950/950 947/951/951 46/460/460
f 477/950/950 610/459/459 45/454/454 946/949/949
f 957/56/56 477/950/950 946/949/949 226/51/51
f 478/952/952 958/62/62 228/63/63 948/953/953
f 609/456/456 478/952/952 948/953/953 51/457/457
f 478/952/952 609/456/456 46/460/460 947/951/951
f 958/62/62 478/952/952 947/951/951 227/57/57
f 479/954/954 959/68/68 213/69/69 806/955/955
f 619/476/476 479/954/954 806/955/955 56/477/477
f 479/954/954 619/476/476 51/457/457 948/953/953
f 959/68/68 479/954/954 948/953/953 228/63/63
f 480/956/956 960/74/74 214/75/75 934/957/957
f 628/494/494 480/956/956 934/957/957 61/495/495
f 480/956/956 628/494/494 56/477/477 806/955/955
f 960/74/74 480/956/956 806/955/955 213/69/69
f 481/958/958 961/80/80 215/81/81 935/959/959
f 637/512/512 481/958/958 935/959/959 66/513/513
f 481/958/958 637/512/512 61/495/495 934/957/957
f 961/80/80 481/958/958 934/957/957 214/75/75
f 482/960/960 962/86/86 216/87/87 936/961/961
f 638/514/514 482/960/960 936/961/961 65/509/509
f 482/960/960 638/514/514 66/513/513 935/959/959
f 962/86/86 482/960/960 935/959/959 215/81/81
f 483/962/962 963/92/92 217/93/93 937/963/963
f 636/510/510 483/962/962 937/963/963 64/505/505
f 483/962/962 636/510/510 65/509/509 936/961/961
f 963/92/92 483/962/962 936/961/961 216/87/87
f 484/964/964 964/96/96 218/7/7 938/935/935
f 634/506/506 484/964/964 938/935/935 63/499/499
f 484/964/964 634/506/506 64/505/505 937/963/963
f 964/96/96 484/964/964 937/963/963 217/93/93
f 965/965/965 966/966/965 968/967/965 967/968/965
f 969/969/966 970/970/966 972/971/966 971/972/966
f 973/973/967 974/974/967 976/975/967 975/976/967
f 977/977/968 978/978/968 980/979/968 979/980/968
f 1085/981/969 1084/982/970 1005/983/971 1000/984/972
f 1087/985/973 1086/986/974 997/987/975 994/988/976
f 1086/986/974 1085/981/969 1000/984/972 997/987/975
f 1088/989/977 1089/990/978 1003/991/979 991/992/980
f 1095/993/981 1094/994/982 1003/991/979 1002/995/983
f 1090/996/984 1089/990/978 1004/997/985 1001/998/986
f 1099/999/987 1100/1000/988 1000/984/972 1005/983/971
f 1097/1001/989 1096/1002/990 999/1003/991 996/1004/992
f 1092/1005/993 1091/1006/994 998/1007/995 995/1008/996
f 1101/1009/997 1102/1010/998 994/988/976 997/987/975
f 1096/1002/990 1095/993/981 1002/995/983 999/1003/991
f 1091/1006/994 1090/996/984 1001/998/986 998/1007/995
f 1100/1000/988 1101/1009/997 997/987/975 1000/984/972
f 1098/1011/999 1099/999/987 1005/983/971 993/1012/1000
f 1083/1013/1001 1084/982/970 1004/997/985 992/1014/1002
f 1094/994/982 1093/1015/1003 991/992/980 1003/991/979
f 1013/1016/1004 1019/1017/1004 1020/1018/1005 1012/1019/1006
f 1016/1020/1004 1013/1016/1004 1012/1019/1006 1015/1021/1007
f 1010/1022/1008 1009/1023/1009 1018/1024/1010 1014/1025/1011
f 1014/1025/1011 1018/1024/1010 1019/1017/1004 1013/1016/1004
f 1006/1026/1012 1007/1027/1013 1012/1019/1006 1020/1018/1005
f 1011/1028/1014 1010/1022/1008 1014/1025/1011 1017/1029/1015
f 1017/1029/1015 1014/1025/1011 1013/1016/1004 1016/1020/1004
f 1007/1027/1013 1008/1030/1016 1015/1021/1007 1012/1019/1006
f 1024/1031/1017 1022/1032/1017 1021/1033/1017 1023/1034/1017
f 1025/1035/1018 1026/1036/1018 1028/1037/1018 1027/1038/1018
f 1029/1039/1019 1030/1040/1020 1035/1041/1021 1034/1042/1022
f 1030/1040/1020 1031/1043/1023 1036/1044/1024 1035/1041/1021
f 1031/1043/1023 1032/1045/1025 1037/1046/1026 1036/1044/1024
f 1032/1045/1025 1033/1047/1027 1038/1048/1028 1037/1046/1026
f 1034/1042/1022 1035/1041/1021 1040/1049/1029 1039/1050/1030
f 1035/1041/1021 1036/1044/1024 1041/1051/1031 1040/1049/1029
f 1036/1044/1024 1037/1046/1026 1042/1052/1032 1041/1051/1031
f 1037/1046/1026 1038/1048/1028 1043/1053/1033 1042/1052/1032
f 1044/1054/1034 1045/1055/1035 1052/1056/1036 1051/1057/1037
f 1045/1055/1035 1046/1058/1038 1053/1059/1039 1052/1056/1036
f 1046/1058/1038 1047/1060/1040 1054/1061/1041 1053/1059/1039
f 1047/1060/1040 1048/1062/1042 1055/1063/1043 1054/1061/1041
f 1048/1062/1042 1049/1064/1044 1056/1065/1045 1055/1063/1043
f 1049/1064/1044 1050/1066/1046 1057/1067/1047 1056/1065/1045
f 1051/1057/1037 1052/1056/1036 1059/1068/1048 1058/1069/1049
f 1052/1056/1036 1053/1059/1039 1060/1070/1050 1059/1068/1048
f 1053/1059/1039 1054/1061/1041 1061/1071/1051 1060/1070/1050
f 1054/1061/1041 1055/1063/1043 1062/1072/1052 1061/1071/1051
f 1055/1063/1043 1056/1065/1045 1063/1073/1053 1062/1072/1052
f 1056/1065/1045 1057/1067/1047 1064/1074/1054 1063/1073/1053
f 1109/1075/1055 1117/1076/1056 1106/1077/1057 1068/1078/1058
f 1111/1079/1059 1118/1080/1060 1107/1081/1061 1069/1082/1062
f 1113/1083/1063 1115/1084/1064 1103/1085/1065 1071/1086/1066
f 1114/1087/1067 1116/1088/1068 1104/1089/1069 1072/1090/1070
f 1119/1091/1071 1128/1092/1072 1125/1093/1073 1077/1094/1074
f 1120/1095/1075 1133/1096/1076 1130/1097/1077 1078/1098/1078
f 1122/1099/1079 1129/1100/1080 1127/1101/1081 1080/1102/1082
f 1123/1103/1083 1134/1104/1084 1132/1105/1085 1081/1106/1086
f 1001/998/986 1004/997/985 1084/982/970 1085/981/969
f 995/1008/996 998/1007/995 1086/986/974 1087/985/973
f 998/1007/995 1001/998/986 1085/981/969 1086/986/974
f 993/1012/1000 1005/983/971 1084/982/970 1083/1013/1001
f 992/1014/1002 1004/997/985 1089/990/978 1088/989/977
f 1002/995/983 1003/991/979 1089/990/978 1090/996/984
f 996/1004/992 999/1003/991 1091/1006/994 1092/1005/993
f 999/1003/991 1002/995/983 1090/996/984 1091/1006/994
f 989/1107/1087 990/1108/1088 1094/994/982 1095/993/981
f 982/1109/1089 988/1110/1090 1096/1002/990 1097/1001/989
f 988/1110/1090 989/1107/1087 1095/993/981 1096/1002/990
f 990/1108/1088 984/1111/1091 1093/1015/1003 1094/994/982
f 985/1112/1092 986/1113/1093 1100/1000/988 1099/999/987
f 987/1114/1094 981/1115/1095 1102/1010/998 1101/1009/997
f 986/1113/1093 987/1114/1094 1101/1009/997 1100/1000/988
f 983/1116/1096 985/1112/1092 1099/999/987 1098/1011/999
f 1069/1082/1062 1109/1075/1055 1115/1084/1064 1104/1089/1069
f 1070/1117/1097 1111/1079/1059 1116/1088/1068 1105/1118/1098
f 1066/1119/1099 1110/1120/1100 1117/1076/1056 1107/1081/1061
f 1108/1121/1101 1067/1122/1102 1112/1123/1103 1118/1080/1060
f 1069/1082/1062 1107/1081/1061 1117/1076/1056 1109/1075/1055
f 1070/1117/1097 1108/1121/1101 1118/1080/1060 1111/1079/1059
f 1072/1090/1070 1104/1089/1069 1115/1084/1064 1113/1083/1063
f 1073/1124/1104 1105/1118/1098 1116/1088/1068 1114/1087/1067
f 1109/1075/1055 1068/1078/1058 1103/1085/1065 1115/1084/1064
f 1069/1082/1062 1104/1089/1069 1116/1088/1068 1111/1079/1059
f 1110/1120/1100 1065/1125/1105 1106/1077/1057 1117/1076/1056
f 1066/1119/1099 1107/1081/1061 1118/1080/1060 1112/1123/1103
f 1119/1091/1071 1074/1126/1106 1126/1127/1107 1128/1092/1072
f 1075/1128/1108 1131/1129/1109 1133/1096/1076 1120/1095/1075
f 1122/1099/1079 1077/1094/1074 1125/1093/1073 1129/1100/1080
f 1078/1098/1078 1130/1097/1077 1134/1104/1084 1123/1103/1083
f 1120/1095/1075 1078/1098/1078 1125/1093/1073 1128/1092/1072
f 1123/1103/1083 1081/1106/1086 1127/1101/1081 1129/1100/1080
f 1075/1128/1108 1120/1095/1075 1128/1092/1072 1126/1127/1107
f 1078/1098/1078 1123/1103/1083 1129/1100/1080 1125/1093/1073
f 1133/1096/1076 1121/1130/1110 1079/1131/1111 1130/1097/1077
f 1124/1132/1112 1082/1133/1113 1132/1105/1085 1134/1104/1084
f 1131/1129/1109 1076/1134/1114 1121/1130/1110 1133/1096/1076
f 1079/1131/1111 1124/1132/1112 1134/1104/1084 1130/1097/1077
