# Blender 4.5.3 LTS
# www.blender.org
o Dualsense.052
v -1.790226 -21.490995 6.071899
v -1.718118 -21.507439 6.080490
v -1.815977 -21.494905 6.001312
v -1.815292 -21.453838 6.109600
v -1.847912 -21.439072 6.016293
v -1.717433 -21.455784 6.121861
v -1.815292 -21.311443 6.132156
v -1.847912 -21.296673 6.038845
v -1.815292 -20.759989 6.219498
v -1.717433 -21.313383 6.144413
v -1.717433 -20.761921 6.231758
v -1.595622 -21.309219 6.118023
v -1.595623 -20.757757 6.205368
v -1.387229 -21.302055 6.072880
v -1.595622 -21.451591 6.095470
v -1.597570 -21.503395 6.054943
v -1.387229 -21.444454 6.050327
v -1.391594 -21.496382 6.010681
v -1.148323 -21.435606 5.994507
v -1.155070 -21.487623 5.955379
v -0.831059 -21.422785 5.913578
v -1.148323 -21.293203 6.017059
v -1.148323 -20.741753 6.104401
v -0.831059 -21.280390 5.936131
v -0.831059 -20.728933 6.023468
v -0.478719 -21.265358 5.841187
v -0.478719 -20.713907 5.928532
v -0.134585 -21.249872 5.743332
v -0.478719 -21.407757 5.818638
v -0.487121 -21.459833 5.779915
v -0.134585 -21.392256 5.720779
v -0.143409 -21.444357 5.682175
v 0.181956 -21.377361 5.626797
v 0.172602 -21.429501 5.588356
v 0.451517 -21.364178 5.543488
v 0.181955 -21.234974 5.649349
v 0.181956 -20.683523 5.736694
v 0.451517 -21.221786 5.566040
v 0.451517 -20.670332 5.653385
v 0.700621 -21.208115 5.479710
v 0.700621 -20.656649 5.567055
v 0.955790 -21.191790 5.376675
v 0.700621 -21.350502 5.457157
v 0.689352 -21.402719 5.419365
v 0.955790 -21.334175 5.354122
v 0.943205 -21.386492 5.316872
v 1.220398 -21.316092 5.239960
v 1.206385 -21.368507 5.203342
v 1.497822 -21.297153 5.120277
v 1.220398 -21.173712 5.262516
v 1.220398 -20.622242 5.349857
v 1.497822 -21.154760 5.142826
v 1.497822 -20.603294 5.230167
v 1.755347 -21.135080 5.018608
v 1.755348 -20.583614 5.105953
v 1.960261 -21.114849 4.890854
v 1.755347 -21.277468 4.996056
v 1.738307 -21.330133 4.960979
v 1.960261 -21.257233 4.868301
v 1.941278 -21.310143 4.834724
v 2.132618 -21.235853 4.733246
v 2.111522 -21.289028 4.701458
v 2.292474 -21.212696 4.587112
v 2.132618 -21.093458 4.755798
v 2.132618 -20.541981 4.843140
v 2.292474 -21.070309 4.609665
v 2.292474 -20.518843 4.697006
v 2.453063 -21.037508 4.402592
v 2.453063 -20.486053 4.489937
v 2.627620 -20.987167 4.084713
v 2.453063 -21.179903 4.380039
v 2.427622 -21.233793 4.352711
v 2.627620 -21.129555 4.062160
v 2.599715 -21.184135 4.039257
v 2.777556 -21.065451 3.657429
v 2.747583 -21.120857 3.639702
v 2.864284 -20.991388 3.189808
v 2.777556 -20.923059 3.679981
v 2.777556 -20.371593 3.767326
v 2.864284 -20.849001 3.212357
v 2.864284 -20.297531 3.299702
v 2.885133 -20.771090 2.720505
v 2.885133 -20.219627 2.807846
v 2.837431 -20.695477 2.243073
v 2.885133 -20.913485 2.697952
v 2.853981 -20.970482 2.690201
v 2.837431 -20.837873 2.220516
v 2.806921 -20.895748 2.218407
v 2.719764 -20.770632 1.796036
v 2.691405 -20.829506 1.800121
v 2.530711 -20.717892 1.463036
v 2.719764 -20.628246 1.818588
v 2.719764 -20.076780 1.905933
v 2.530711 -20.575504 1.485588
v 2.530711 -20.024038 1.572933
v 2.320188 -20.538427 1.251476
v 2.320188 -19.986958 1.338821
v 2.138102 -20.518171 1.123661
v 2.320188 -20.680815 1.228924
v 2.301488 -20.741634 1.245380
v 2.138102 -20.660572 1.101109
v 2.124174 -20.721823 1.120285
v 1.970237 -20.650904 1.040096
v 1.960832 -20.712360 1.060547
v 1.802371 -20.645565 1.006378
v 1.970237 -20.508524 1.062649
v 1.970237 -19.957050 1.149990
v 1.802371 -20.503178 1.028927
v 1.802371 -19.951712 1.116272
v 1.603987 -20.503756 1.032631
v 1.603987 -19.952301 1.119972
v 1.344565 -20.511881 1.083878
v 1.603987 -20.646151 1.010078
v 1.602543 -20.707897 1.032333
v 1.344565 -20.654264 1.061321
v 1.344386 -20.715851 1.082607
v 1.095860 -20.664465 1.125671
v 1.095815 -20.725845 1.145664
v 0.929625 -20.671278 1.168682
v 1.095860 -20.522064 1.148224
v 1.095860 -19.970610 1.235565
v 0.929625 -20.528883 1.191235
v 0.929625 -19.977432 1.278580
v 0.835875 -20.537245 1.244049
v 0.835875 -19.985790 1.331390
v 0.804624 -20.552092 1.337807
v 0.835875 -20.679642 1.221497
v 0.860180 -20.724226 1.230755
v 0.804624 -20.694490 1.315254
v 0.835875 -20.749992 1.298172
v 0.804624 -20.725660 1.512089
v 0.835875 -20.781193 1.495094
v 0.804624 -20.783010 1.874142
v 0.804624 -20.583271 1.534641
v 0.804624 -20.031813 1.621983
v 0.804624 -20.640623 1.896694
v 0.804624 -20.089153 1.984032
v 0.804624 -20.708374 2.324520
v 0.804624 -20.156923 2.411865
v 0.804624 -20.770803 2.718689
v 0.804624 -20.850760 2.301968
v 0.835875 -20.906414 2.285748
v 0.804624 -20.913198 2.696136
v 0.835875 -20.968977 2.680756
v 0.804624 -20.975899 3.092010
v 0.835875 -21.031803 3.077408
v 0.804624 -21.044477 3.524952
v 0.804624 -20.833511 3.114563
v 0.804624 -20.282045 3.201904
v 0.804624 -20.902079 3.547504
v 0.804624 -20.350613 3.634846
v 0.802842 -20.960386 3.915649
v 0.802842 -20.408920 4.002991
v 0.797495 -20.992302 4.117126
v 0.802842 -21.102774 3.893097
v 0.834077 -21.158895 3.879864
v 0.797495 -21.134701 4.094574
v 0.828684 -21.191277 4.084282
v 0.785321 -21.152857 4.209293
v 0.816186 -21.210112 4.203201
v 0.763060 -21.169949 4.317162
v 0.785321 -21.010462 4.231846
v 0.785321 -20.459007 4.319191
v 0.763060 -21.027565 4.339714
v 0.763060 -20.476091 4.427055
v 0.728493 -21.043203 4.438511
v 0.728493 -20.491737 4.525856
v 0.679401 -21.057058 4.526020
v 0.728493 -21.185591 4.415958
v 0.756754 -21.244436 4.419918
v 0.679401 -21.199453 4.503468
v 0.704634 -21.259136 4.512714
v 0.613567 -21.211170 4.577473
v 0.634401 -21.271620 4.591595
v 0.528773 -21.220411 4.635750
v 0.613567 -21.068781 4.600025
v 0.613567 -20.517315 4.687366
v 0.528773 -21.078020 4.658302
v 0.528773 -20.526546 4.745647
v 0.438066 -21.084099 4.696724
v 0.438066 -20.532631 4.784069
v 0.354495 -21.086376 4.711163
v 0.438066 -21.226480 4.674171
v 0.445808 -21.288008 4.694988
v 0.354495 -21.228775 4.688610
v 0.353761 -21.290459 4.710518
v 0.279381 -21.227325 4.679447
v 0.269927 -21.288818 4.700188
v 0.214045 -21.222204 4.647076
v 0.279381 -21.084938 4.702000
v 0.279381 -20.533472 4.789345
v 0.214045 -21.079807 4.669624
v 0.214045 -20.528336 4.756966
v 0.159154 -21.071344 4.616249
v 0.159154 -20.519890 4.703590
v 0.115374 -21.059919 4.544071
v 0.159154 -21.213739 4.593697
v 0.135375 -21.273714 4.604778
v 0.115374 -21.202314 4.521519
v 0.087657 -21.261372 4.526859
v 0.083372 -21.188240 4.432747
v 0.053545 -21.246534 4.433182
v 0.063816 -21.171915 4.329597
v 0.083372 -21.045860 4.455299
v 0.083372 -20.494406 4.542645
v 0.063816 -21.029524 4.352150
v 0.063816 -20.478062 4.439491
v 0.053815 -20.997129 4.147617
v 0.053815 -20.445660 4.234962
v 0.050482 -20.934895 3.754715
v 0.053815 -21.139517 4.125065
v 0.022904 -21.197077 4.120838
v 0.050482 -21.077293 3.732162
v 0.019489 -21.134800 3.727654
v 0.050482 -21.004196 3.270653
v 0.019470 -21.061800 3.266808
v 0.050482 -20.939201 2.860294
v 0.050482 -20.861809 3.293205
v 0.050482 -20.310347 3.380547
v 0.050482 -20.796804 2.882847
v 0.050482 -20.245346 2.970188
v 0.050482 -20.734310 2.488235
v 0.050482 -20.668695 2.073967
v 0.050482 -20.182844 2.575581
v 0.050482 -20.876682 2.465683
v 0.050482 -20.811085 2.051414
v 0.019437 -20.934679 2.464176
v 0.019420 -20.869064 2.049915
v -0.073697 -20.957165 2.483643
v 0.019453 -20.997009 2.857727
v -0.073633 -21.018997 2.874012
v -0.073566 -21.083172 3.279247
v -0.235092 -21.024498 2.908760
v -0.234980 -21.087992 3.309696
v -0.235201 -20.963266 2.522144
v -0.471241 -21.032858 2.961586
v -0.471354 -20.972065 2.577751
v -0.471124 -21.095942 3.359863
v -0.744734 -21.042656 3.023453
v -0.744830 -20.982231 2.641907
v -1.018227 -21.052462 3.085320
v -0.744634 -21.105446 3.419899
v -1.018144 -21.114964 3.479931
v -0.744520 -21.177124 3.872437
v -1.018048 -21.186352 3.930637
v -0.729344 -21.245598 4.304790
v -0.470991 -21.167923 3.814240
v -0.234851 -21.160294 3.766106
v -0.459688 -21.232798 4.223892
v -0.426063 -21.274630 4.488014
v -0.229118 -21.223396 4.164608
v -0.212191 -21.259405 4.391830
v -0.069831 -21.218250 4.132141
v -0.059014 -21.251644 4.342903
v -0.073490 -21.155857 3.738106
v 0.033108 -21.229710 4.326927
v -0.035937 -21.269939 4.458462
v -0.178132 -21.281145 4.529243
v 0.004506 -21.287121 4.566868
v 0.064040 -21.302185 4.662010
v -0.121000 -21.301594 4.658348
v -0.037751 -21.319258 4.769791
v -0.275783 -21.326910 4.818096
v -0.366099 -21.302853 4.666214
v -0.152900 -21.345030 4.932507
v -0.458983 -21.362818 5.044849
v -0.669739 -21.409153 5.337334
v -0.278173 -21.376446 5.130917
v -0.597620 -21.337599 4.885571
v -0.684059 -21.298815 4.640697
v -0.870476 -21.387964 5.203526
v -1.173031 -21.474499 5.750004
v -0.949627 -21.344404 4.928543
v -1.214362 -21.396946 5.260307
v -1.005889 -21.261028 4.402130
v -1.254885 -21.274857 4.489456
v -1.441895 -21.282911 4.540321
v -1.261487 -21.194555 3.982430
v -1.261558 -21.123428 3.533360
v -1.444744 -21.200727 4.021423
v -1.444782 -21.129797 3.573570
v -1.616849 -21.206078 4.055252
v -1.616859 -21.135359 3.608734
v -1.722912 -21.208979 4.073597
v -1.616139 -21.288019 4.572552
v -1.722912 -21.291058 4.591732
v -1.610829 -21.427408 5.452679
v -1.722157 -21.430555 5.472488
v -1.606227 -21.489773 5.846355
v -1.425320 -21.414362 5.370293
v -1.411430 -21.483715 5.808193
v -1.404690 -21.500759 5.915718
v -1.175313 -21.492239 5.861988
v -1.603412 -21.507345 5.957333
v -1.720172 -21.510988 5.980347
v -1.721071 -21.492977 5.866650
v -1.816204 -21.476492 5.885059
v -1.816475 -21.413877 5.489704
v -1.847912 -21.420502 5.899193
v -1.847912 -21.357826 5.503441
v -1.847912 -21.278120 5.921745
v -1.847912 -20.726665 6.009090
v -1.847912 -21.215443 5.525993
v -1.847912 -21.075918 4.645054
v -1.847912 -20.663988 5.613335
v -1.847912 -20.524456 4.732391
v -1.847912 -20.521587 5.635891
v -1.847912 -20.584278 6.031643
v -1.863536 -20.464800 5.644882
v -1.847912 -20.382061 4.754948
v -1.847912 -20.300127 4.237621
v -1.863537 -20.325266 4.763943
v -1.863536 -20.243328 4.246616
v -1.910412 -20.306337 4.766941
v -1.910412 -20.224403 4.249611
v -1.972912 -20.306337 4.766941
v -1.910412 -20.445864 5.647881
v -1.910412 -20.510065 6.053226
v -1.972912 -20.445864 5.647881
v -1.972912 -20.511578 6.062817
v -2.035412 -20.445864 5.647881
v -2.035412 -20.513098 6.072403
v -2.082286 -20.437304 5.649239
v -2.035412 -20.306337 4.766941
v -2.035412 -20.224403 4.249611
v -2.082286 -20.297781 4.768295
v -2.082286 -20.215839 4.250969
v -2.097911 -20.272087 4.772366
v -2.097911 -20.190149 4.255039
v -2.097912 -20.207691 4.782562
v -2.097911 -20.411610 5.653305
v -2.097911 -20.347216 5.663506
v -2.097911 -20.480371 6.087421
v -2.097911 -20.415972 6.097622
v -2.097911 -20.517143 6.319607
v -2.082286 -20.505690 6.080956
v -2.082286 -20.541309 6.305950
v -2.014093 -20.571962 6.499451
v -2.035412 -20.545315 6.275822
v -1.974333 -20.572796 6.449284
v -1.972912 -20.539230 6.237457
v -1.921319 -20.562477 6.384205
v -1.910412 -20.533167 6.199097
v -1.863536 -20.547546 6.167328
v -1.868305 -20.552181 6.319122
v -1.828546 -20.563379 6.267315
v -1.741988 -20.554672 6.334816
v -1.723572 -20.565456 6.280434
v -1.591552 -20.549513 6.302231
v -1.766543 -20.565514 6.403324
v -1.587482 -20.559374 6.364540
v -1.791098 -20.576380 6.471832
v -1.583412 -20.569246 6.426853
v -1.809514 -20.575945 6.524574
v -1.580359 -20.568083 6.474949
v -1.815653 -20.552959 6.545769
v -2.027347 -20.548843 6.519787
v -1.815653 -20.488567 6.555969
v -1.579341 -20.544870 6.494591
v -1.579341 -20.480461 6.504795
v -1.331004 -20.536345 6.440807
v -1.331004 -20.471941 6.451008
v -1.334518 -20.559647 6.421700
v -1.089019 -20.527386 6.384266
v -1.089019 -20.462978 6.394466
v -0.767844 -20.514418 6.302341
v -1.092726 -20.550709 6.365204
v -1.103845 -20.552143 6.318871
v -0.771795 -20.537737 6.283340
v -0.415698 -20.522541 6.187397
v -0.783648 -20.539198 6.237194
v -0.428302 -20.524044 6.141445
v -0.799451 -20.529732 6.177467
v -0.445108 -20.514622 6.081989
v -0.815255 -20.520285 6.117741
v -1.118671 -20.542645 6.258896
v -1.359117 -20.551529 6.315075
v -1.133497 -20.533140 6.198921
v -1.144617 -20.544950 6.150940
v -1.373173 -20.542007 6.254921
v -1.383715 -20.553797 6.206810
v -1.387229 -20.608202 6.182774
v -1.594605 -20.561031 6.252491
v -1.595622 -20.615355 6.227921
v -1.717433 -20.619530 6.254307
v -1.815292 -20.617599 6.242050
v -1.847912 -20.602818 6.148743
v -1.847912 -20.745222 6.126190
v -1.148323 -20.599354 6.126953
v -1.387229 -20.750605 6.160225
v -0.831059 -20.586546 6.046024
v -0.478719 -20.571503 5.951084
v -0.827108 -20.532116 6.069950
v -0.474517 -20.517065 5.974945
v -0.130173 -20.501568 5.877026
v -0.461913 -20.505205 6.022533
v -0.116937 -20.489674 5.924435
v 0.200638 -20.474728 5.830143
v -0.099289 -20.499058 5.983654
v 0.219321 -20.484068 5.889050
v -0.081641 -20.508427 6.042873
v 0.238003 -20.493391 5.947952
v -0.068405 -20.506910 6.088646
v 0.252015 -20.491835 5.993488
v -0.063993 -20.483564 6.107521
v -0.411497 -20.499210 6.206326
v -0.063993 -20.419149 6.117718
v 0.256686 -20.468470 6.012283
v 0.256686 -20.404070 6.022488
v 0.532562 -20.454969 5.926991
v 0.532562 -20.390566 5.937191
v 0.527497 -20.478346 5.908321
v 0.788670 -20.440903 5.838276
v 0.783167 -20.464315 5.819756
v 0.788670 -20.376511 5.848476
v 1.050048 -20.424210 5.732769
v 1.050048 -20.359802 5.742973
v 1.044157 -20.447622 5.714405
v 1.322200 -20.405602 5.615360
v 1.322200 -20.341198 5.625557
v 1.610630 -20.385899 5.490925
v 1.315838 -20.429064 5.597191
v 1.296750 -20.430925 5.553551
v 1.603580 -20.409409 5.473053
v 1.874485 -20.388607 5.341763
v 1.582428 -20.411402 5.430302
v 1.850657 -20.390835 5.300426
v 1.554226 -20.402655 5.375107
v 1.818887 -20.382404 5.247116
v 1.526024 -20.393923 5.319912
v 1.271299 -20.422001 5.497169
v 1.002919 -20.440336 5.612953
v 1.245849 -20.413071 5.440784
v 1.226761 -20.425304 5.395500
v 0.979354 -20.431292 5.555759
v 0.961680 -20.443405 5.509865
v 0.722633 -20.447693 5.659412
v 0.706124 -20.459766 5.613056
v 0.471778 -20.461454 5.746338
v 0.744646 -20.456854 5.717228
v 0.492039 -20.470716 5.804749
v 0.766658 -20.466019 5.775040
v 0.512300 -20.479965 5.863159
v 1.026483 -20.449396 5.670147
v 0.456582 -20.473446 5.699532
v 0.451517 -20.527937 5.675938
v 0.186626 -20.486664 5.782967
v 0.181955 -20.541121 5.759247
v -0.134585 -20.556009 5.853226
v -0.134585 -20.698410 5.830669
v 0.700621 -20.514265 5.589607
v 0.955790 -20.497936 5.486568
v 1.220398 -20.479855 5.372406
v 0.955790 -20.640320 5.464012
v 1.497822 -20.460896 5.252720
v 1.755347 -20.441227 5.128506
v 1.504872 -20.406286 5.275517
v 1.763290 -20.386547 5.150829
v 1.969287 -20.366196 5.022346
v 1.787118 -20.373940 5.193806
v 1.996366 -20.353254 5.063141
v 2.173625 -20.331234 4.924175
v 2.032472 -20.361237 5.113544
v 2.214632 -20.338610 4.970661
v 2.068577 -20.369213 5.163944
v 2.255638 -20.345974 5.017151
v 2.095655 -20.366650 5.203102
v 2.286393 -20.342941 5.053375
v 2.104682 -20.342960 5.219769
v 1.882428 -20.365032 5.359161
v 2.104682 -20.278551 5.229969
v 2.296645 -20.319086 5.069065
v 2.296645 -20.254686 5.079262
v 2.477569 -20.292841 4.903362
v 2.477569 -20.228437 4.913567
v 2.466000 -20.316872 4.888897
v 2.659131 -20.255972 4.670643
v 2.659131 -20.191580 4.680840
v 2.853008 -20.200256 4.318859
v 2.646251 -20.280272 4.657780
v 2.607614 -20.284657 4.630035
v 2.838921 -20.224895 4.308113
v 3.002852 -20.155128 3.867680
v 2.796661 -20.230278 4.286728
v 2.957793 -20.161665 3.853436
v 2.740314 -20.226042 4.260017
v 2.897713 -20.158924 3.836246
v 2.683967 -20.221813 4.233311
v 2.556096 -20.279083 4.594849
v 2.385022 -20.313896 4.814747
v 2.504580 -20.273514 4.559666
v 2.465943 -20.288261 4.530277
v 2.338748 -20.307325 4.773151
v 2.304042 -20.321314 4.738953
v 2.292474 -20.376459 4.719563
v 2.142870 -20.344645 4.886311
v 2.132618 -20.399593 4.865692
v 1.960261 -20.420994 5.000751
v 1.960261 -20.563379 4.978199
v 2.453063 -20.343657 4.512489
v 2.627619 -20.293310 4.194607
v 2.777556 -20.229208 3.789879
v 2.627619 -20.435701 4.172054
v 2.641706 -20.237579 4.210281
v 2.792576 -20.173092 3.803169
v 2.879791 -20.098652 3.333157
v 2.837635 -20.156212 3.819057
v 2.926311 -20.080629 3.341885
v 2.947879 -20.001530 2.842438
v 2.988338 -20.081844 3.349522
v 3.010626 -20.001541 2.842484
v 3.050366 -20.083052 3.357159
v 3.073373 -20.001545 2.842529
v 3.096886 -20.075396 3.364246
v 3.120434 -19.992985 2.843918
v 3.112392 -20.050014 3.370220
v 3.017872 -20.130123 3.876045
v 3.112392 -19.985605 3.380421
v 3.136120 -19.967295 2.848000
v 3.136120 -19.902899 2.858200
v 3.088602 -19.889374 2.355991
v 3.088603 -19.824966 2.366192
v 3.072904 -19.915205 2.352821
v 3.026267 -19.821421 1.926968
v 3.010624 -19.847277 1.923946
v 3.026267 -19.757021 1.937168
v 2.981459 -19.719604 1.284161
v 2.981459 -19.655212 1.294357
v 2.984886 -19.701160 1.167660
v 2.965700 -19.744123 1.272705
v 2.969262 -19.725668 1.156208
v 2.918439 -19.749187 1.249191
v 2.922390 -19.730724 1.132694
v 2.803308 -19.743141 1.211071
v 2.963693 -19.856337 1.925732
v 2.852901 -19.847013 1.866848
v 3.025809 -19.924187 2.354168
v 2.963016 -19.924759 2.357761
v 2.900224 -19.925333 2.361359
v 2.853129 -19.944691 2.361061
v 2.778516 -19.857220 1.931290
v 2.734451 -19.877243 1.935184
v 2.577924 -19.802347 1.584862
v 2.542515 -19.823973 1.598824
v 2.353640 -19.763048 1.336720
v 2.609984 -19.792198 1.520824
v 2.372876 -19.754450 1.282482
v 2.594636 -19.735836 1.164951
v 2.342373 -19.725750 1.101280
v 2.584927 -19.717049 1.046326
v 2.316839 -19.708332 0.991280
v 2.801580 -19.724697 1.094574
v 2.567272 -19.698397 0.928539
v 2.856051 -19.700613 0.942577
v 2.541134 -19.686550 0.853779
v 2.297792 -19.695076 0.907627
v 2.085002 -19.692402 0.890663
v 2.287494 -19.685350 0.846199
v 2.283053 -19.698315 0.805462
v 2.080810 -19.683857 0.836739
v 2.083244 -19.696928 0.796780
v 1.893445 -19.681572 0.822304
v 1.897029 -19.694664 0.782433
v 1.697767 -19.678007 0.799805
v 1.896677 -19.689564 0.872822
v 1.915931 -19.697994 0.926056
v 1.700591 -19.685846 0.849281
v 1.493414 -19.681383 0.821121
v 1.721708 -19.693832 0.899731
v 1.512963 -19.690346 0.877712
v 1.782234 -19.709955 1.001602
v 1.570345 -19.709095 0.996113
v 1.803666 -19.717964 1.052090
v 1.970458 -19.715298 1.035236
v 1.987471 -19.723642 1.088020
v 2.150343 -19.721169 1.072323
v 2.104074 -19.702404 0.953880
v 2.171289 -19.733715 1.151512
v 2.160854 -19.741632 1.201508
v 2.143790 -19.765799 1.231544
v 1.983979 -19.731436 1.137180
v 1.973673 -19.755997 1.169701
v 1.807434 -19.725819 1.101681
v 1.803637 -19.750580 1.135536
v 1.601511 -19.726339 1.104916
v 1.603368 -19.751154 1.139122
v 1.592481 -19.718092 1.052910
v 1.336504 -19.734550 1.156799
v 1.342550 -19.759296 1.190525
v 1.079676 -19.745066 1.223251
v 1.326525 -19.725498 1.099655
v 1.312712 -19.713860 1.026161
v 1.067570 -19.735201 1.160934
v 1.063621 -19.720438 1.067715
v 0.877389 -19.742239 1.205349
v 0.719081 -19.754242 1.281136
v 0.898290 -19.752506 1.270176
v 0.877356 -19.725021 1.096745
v 0.898160 -19.683702 0.835754
v 0.731800 -19.729872 1.127293
v 0.762942 -19.681297 0.820618
v 0.604836 -19.737188 1.173424
v 0.637081 -19.679092 0.806652
v 0.506160 -19.730192 1.129307
v 0.575776 -19.764236 1.344284
v 0.566089 -19.787334 1.490097
v 0.429176 -19.765839 1.354408
v 0.427553 -19.797426 1.553852
v 0.281446 -19.773394 1.402061
v 0.363568 -19.704617 0.967865
v 0.258731 -19.711687 1.012478
v 0.334109 -19.642866 0.577953
v 0.445468 -19.692152 0.889107
v 0.403744 -19.648756 0.615105
v 0.635960 -19.655443 0.657333
v 0.433557 -19.631754 0.507774
v 0.455899 -19.645559 0.472458
v 0.383247 -19.625458 0.468018
v 0.645599 -19.642588 0.576157
v 0.656864 -19.655920 0.537830
v 0.786888 -19.649509 0.619881
v 0.797412 -19.662804 0.581326
v 0.773886 -19.661207 0.693764
v 0.921187 -19.655470 0.657475
v 0.930655 -19.668716 0.618641
v 1.075031 -19.661177 0.693535
v 0.909118 -19.666302 0.725941
v 1.066733 -19.671198 0.756832
v 1.063881 -19.686016 0.850380
v 1.271813 -19.676365 0.789433
v 1.274961 -19.667372 0.732639
v 1.281251 -19.687981 0.862812
v 1.282041 -19.680540 0.693272
v 1.492149 -19.673250 0.769749
v 1.498055 -19.686378 0.730179
v 1.500024 -19.741241 0.708992
v 1.702508 -19.691113 0.760063
v 1.704089 -19.745964 0.738819
v 1.898223 -19.749506 0.761147
v 1.704089 -19.888363 0.716267
v 1.704089 -20.439817 0.628925
v 1.500024 -19.883636 0.686440
v 1.898223 -19.891911 0.738594
v 1.898223 -20.443350 0.651249
v 2.084056 -19.894163 0.752911
v 2.084056 -20.445618 0.665565
v 2.281572 -19.895500 0.761337
v 2.084056 -19.751768 0.775463
v 2.281572 -19.753113 0.783890
v 2.510756 -19.753843 0.788536
v 2.744470 -19.753683 0.787609
v 2.510756 -19.896231 0.765984
v 2.518350 -19.699160 0.810841
v 2.756327 -19.699152 0.810780
v 2.964175 -19.697952 0.803127
v 2.791901 -19.686953 0.856300
v 2.989970 -19.686054 0.850597
v 3.024364 -19.695475 0.910141
v 3.167178 -19.683804 0.836426
v 3.355365 -19.680191 0.813549
v 3.156880 -19.695509 0.787777
v 3.180909 -19.693464 0.897358
v 3.363273 -19.689884 0.874790
v 3.194640 -19.703119 0.958405
v 3.204938 -19.701820 1.005592
v 3.371182 -19.699577 0.936035
v 3.058763 -19.704990 0.970161
v 2.972093 -19.712210 1.015778
v 3.084562 -19.703581 1.016716
v 3.013695 -19.709822 1.056122
v 3.093163 -19.680281 1.035851
v 3.027562 -19.686203 1.073185
v 3.093163 -19.615885 1.046051
v 3.208371 -19.678547 1.024937
v 3.208371 -19.614149 1.035141
v 3.379092 -19.675032 1.002697
v 3.379092 -19.610624 1.012897
v 3.377114 -19.698296 0.983318
v 3.571725 -19.670588 0.974609
v 3.571725 -19.606169 0.984810
v 3.752673 -19.666079 0.946159
v 3.569358 -19.693855 0.955288
v 3.562257 -19.695173 0.908169
v 3.749938 -19.689354 0.926891
v 3.927419 -19.684225 0.894524
v 3.741732 -19.690697 0.879951
v 3.917948 -19.685610 0.847820
v 3.730791 -19.681078 0.819172
v 3.905322 -19.676037 0.787357
v 3.719850 -19.671444 0.758389
v 3.552790 -19.685503 0.847157
v 3.543322 -19.675838 0.786144
v 3.536222 -19.687521 0.737389
v 3.533855 -19.741903 0.713139
v 3.711643 -19.683155 0.709805
v 3.349431 -19.691835 0.764622
v 3.347455 -19.746206 0.740314
v 3.347455 -19.888594 0.717762
v 3.153448 -19.749895 0.763569
v 3.153447 -19.892286 0.741016
v 2.955577 -19.752371 0.779308
v 2.955577 -19.894775 0.756756
v 2.955577 -20.446230 0.669411
v 2.744470 -19.896086 0.765053
v 2.744470 -20.447556 0.677711
v 2.510756 -20.447693 0.678638
v 2.744470 -20.589931 0.655159
v 2.744074 -20.644594 0.632645
v 2.955577 -20.588625 0.646862
v 2.510756 -20.590082 0.656086
v 2.511562 -20.644611 0.632774
v 2.281572 -20.589352 0.651440
v 2.283256 -20.643723 0.627178
v 2.084056 -20.588018 0.643017
v 2.281572 -20.446960 0.673992
v 2.085751 -20.642225 0.617661
v 1.898223 -20.585737 0.628696
v 1.899460 -20.639765 0.602219
v 1.704089 -20.582218 0.606377
v 1.704801 -20.636066 0.578842
v 1.500024 -20.577482 0.576542
v 1.500299 -20.631197 0.548073
v 1.284401 -20.571655 0.539703
v 1.500024 -20.435091 0.599098
v 1.284401 -20.429256 0.562256
v 1.086053 -20.423107 0.523468
v 1.284401 -19.877802 0.649601
v 1.086053 -19.871658 0.610813
v 1.284401 -19.735411 0.672150
v 1.086052 -19.729259 0.633366
v 1.083297 -19.674391 0.654404
v 0.933811 -19.723608 0.597694
v 0.933811 -19.866009 0.575142
v 0.800920 -19.717726 0.560482
v 0.800920 -19.860119 0.537930
v 0.660619 -19.710846 0.517059
v 0.660619 -19.853233 0.494507
v 0.463347 -19.700645 0.452694
v 0.463347 -19.843048 0.430141
v 0.423396 -19.695114 0.417728
v 0.413359 -19.639837 0.436295
v 0.423396 -19.837509 0.395176
v 0.410079 -19.684158 0.348492
v 0.410079 -19.533094 -0.605263
v 0.399267 -19.628599 0.365353
v 0.410079 -19.826534 0.325939
v 0.410079 -20.378004 0.238602
v 0.410079 -19.675474 -0.627815
v 0.410079 -20.226940 -0.715160
v 0.423396 -19.665953 -0.687954
v 0.463347 -19.664745 -0.695641
v 0.423396 -20.217419 -0.775299
v 0.423396 -19.523565 -0.665401
v 0.463347 -19.522346 -0.673088
v 0.415817 -19.464437 -0.671207
v 0.460816 -19.463371 -0.677822
v 0.400729 -19.474104 -0.610119
v 0.393081 -19.438459 -0.712612
v 0.453222 -19.437927 -0.716011
v 0.347513 -19.431572 -0.756119
v 0.372680 -19.448605 -0.648659
v 0.366830 -19.613403 0.391949
v 0.318628 -19.447203 -0.657398
v 0.231268 -19.460604 -0.572838
v 0.310667 -19.617785 0.419552
v 0.228678 -19.620932 0.439449
v 0.147090 -19.623096 0.453171
v 0.236074 -19.650883 0.628536
v 0.150475 -19.652676 0.639893
v 0.160008 -19.715048 1.033661
v 0.093358 -19.653742 0.646561
v 0.061201 -19.673180 0.646805
v 0.096453 -19.716381 1.042118
v 0.092129 -19.624542 0.462254
v 0.088868 -19.486923 -0.406658
v 0.060894 -19.644283 0.464329
v 0.050482 -19.701332 0.457024
v 0.060078 -19.510008 -0.383423
v 0.050482 -19.568190 -0.383675
v 0.060188 -19.466572 -0.657696
v 0.060326 -19.435286 -0.855225
v 0.050482 -19.524488 -0.659523
v 0.089305 -19.444223 -0.676216
v 0.089858 -19.413992 -0.867153
v 0.144113 -19.437012 -0.721748
v 0.144695 -19.409388 -0.896187
v 0.143660 -19.477568 -0.465691
v 0.230301 -19.424232 -0.802471
v 0.230452 -19.401896 -0.943485
v 0.435421 -19.415785 -0.855778
v 0.445216 -19.429415 -0.769737
v 0.676253 -19.422550 -0.813103
v 0.422486 -19.393629 -0.995712
v 0.413004 -19.373453 -1.123074
v 0.658605 -19.402340 -0.940636
v 0.799891 -19.410177 -0.891171
v 0.640872 -19.382133 -1.068207
v 0.631736 -19.365158 -1.175522
v 0.782649 -19.390032 -1.018417
v 0.773884 -19.373074 -1.125496
v 0.916081 -19.397448 -0.971565
v 0.907450 -19.380514 -1.078495
v 1.069417 -19.405979 -0.917721
v 0.933143 -19.417572 -0.844513
v 1.086448 -19.426069 -0.790840
v 0.950117 -19.437693 -0.717495
v 1.103393 -19.446167 -0.663990
v 0.958661 -19.454617 -0.610600
v 0.817046 -19.430332 -0.763950
v 0.825725 -19.447289 -0.656902
v 0.685301 -19.439533 -0.705818
v 0.817539 -19.457853 -0.590168
v 0.805075 -19.482311 -0.558235
v 0.950430 -19.465185 -0.543911
v 0.677238 -19.450117 -0.639004
v 0.664774 -19.474588 -0.607071
v 0.660619 -19.533220 -0.604424
v 0.660619 -19.675615 -0.626976
v 0.800920 -19.540958 -0.555588
v 0.800920 -19.683346 -0.578140
v 0.933811 -19.548281 -0.509331
v 0.933811 -19.690670 -0.531883
v 0.937966 -19.489649 -0.511978
v 1.087057 -19.556730 -0.455990
v 1.087057 -19.699120 -0.478542
v 1.288419 -19.567831 -0.385899
v 1.091211 -19.498091 -0.458641
v 1.292573 -19.509184 -0.388550
v 1.103675 -19.473623 -0.490574
v 1.305037 -19.484735 -0.420483
v 1.111914 -19.463074 -0.557217
v 1.313287 -19.474186 -0.487072
v 1.539225 -19.486647 -0.408371
v 1.304797 -19.457302 -0.593678
v 1.530780 -19.469801 -0.514786
v 1.287894 -19.437243 -0.720310
v 1.513937 -19.449781 -0.641167
v 1.270905 -19.417189 -0.846973
v 1.262328 -19.400295 -0.953613
v 1.497008 -19.429758 -0.767578
v 1.488477 -19.412897 -0.874027
v 1.724189 -19.442394 -0.687809
v 1.715721 -19.425564 -0.794060
v 1.945922 -19.454729 -0.609951
v 1.741033 -19.462376 -0.561661
v 1.962646 -19.474663 -0.484070
v 1.757792 -19.482351 -0.435539
v 1.979184 -19.494589 -0.358250
v 1.766173 -19.499170 -0.329315
v 1.987413 -19.511379 -0.252251
v 1.757888 -19.509695 -0.262859
v 1.745424 -19.534163 -0.230923
v 1.979208 -19.521896 -0.185822
v 1.530960 -19.497189 -0.341846
v 1.518496 -19.521658 -0.309910
v 1.514342 -19.580286 -0.307262
v 1.514341 -19.722677 -0.329815
v 1.741269 -19.592798 -0.228275
v 1.741269 -19.735188 -0.250828
v 1.962786 -19.605011 -0.151169
v 1.966891 -19.546373 -0.153835
v 1.962786 -19.747395 -0.173721
v 2.172475 -19.616570 -0.078182
v 2.172475 -19.758955 -0.100735
v 2.176433 -19.557919 -0.080898
v 2.369442 -19.626926 -0.012825
v 2.369442 -19.769310 -0.035378
v 2.552791 -19.635509 0.041401
v 2.373084 -19.568256 -0.015640
v 2.555879 -19.576820 0.038429
v 2.384011 -19.543711 -0.048073
v 2.565144 -19.552212 0.005527
v 2.391296 -19.533194 -0.114494
v 2.188307 -19.533428 -0.113041
v 2.196223 -19.522902 -0.179516
v 2.188307 -19.506153 -0.285248
v 2.384011 -19.516602 -0.219276
v 2.172235 -19.486279 -0.410686
v 2.368886 -19.496937 -0.343426
v 2.155684 -19.466385 -0.536293
v 2.147288 -19.449621 -0.642193
v 2.352650 -19.477219 -0.467930
v 2.344254 -19.460562 -0.573078
v 2.535999 -19.487026 -0.405949
v 2.527603 -19.470692 -0.509155
v 2.706974 -19.495800 -0.350563
v 2.551681 -19.506319 -0.284184
v 2.721928 -19.514299 -0.233784
v 2.565144 -19.525494 -0.163090
v 2.733208 -19.532642 -0.118011
v 2.571322 -19.541744 -0.060558
v 2.737929 -19.548248 -0.019424
v 2.892742 -19.552473 0.007198
v 2.733208 -19.558582 0.045788
v 2.726126 -19.583273 0.079182
v 2.889698 -19.562534 0.070732
v 2.885133 -19.587294 0.104496
v 3.038824 -19.564497 0.083153
v 3.036981 -19.589289 0.117138
v 3.184792 -19.564919 0.085842
v 3.039400 -19.554790 0.021812
v 3.036213 -19.541264 -0.063580
v 3.181541 -19.555580 0.026905
v 3.312045 -19.555042 0.024021
v 3.174351 -19.543234 -0.051155
v 3.298822 -19.544058 -0.045513
v 3.160672 -19.529234 -0.139500
v 3.278969 -19.531828 -0.123013
v 3.137958 -19.515018 -0.229263
v 3.027562 -19.525717 -0.161701
v 2.880934 -19.520748 -0.193043
v 3.011744 -19.509949 -0.261219
v 3.001389 -19.496214 -0.348011
v 2.866817 -19.503504 -0.301983
v 2.858422 -19.488628 -0.395790
v 2.698579 -19.480038 -0.450150
v 2.866818 -19.478779 -0.458069
v 2.879413 -19.492178 -0.495953
v 2.706974 -19.469856 -0.514359
v 3.009133 -19.486717 -0.407951
v 3.021726 -19.500120 -0.445835
v 3.127516 -19.493319 -0.366261
v 3.140110 -19.506725 -0.404148
v 3.233594 -19.499231 -0.328907
v 3.121731 -19.502430 -0.308754
v 3.229128 -19.507921 -0.274059
v 3.249995 -19.519291 -0.202312
v 3.333264 -19.513323 -0.239964
v 3.352390 -19.523371 -0.176552
v 3.422769 -19.517935 -0.210850
v 3.338990 -19.505106 -0.291786
v 3.352606 -19.518568 -0.329311
v 3.430700 -19.510298 -0.259026
v 3.444958 -19.523949 -0.295387
v 3.495717 -19.514147 -0.234726
v 3.509860 -19.528240 -0.268311
v 3.546824 -19.517344 -0.214481
v 3.486277 -19.521053 -0.191105
v 3.495672 -19.528870 -0.141808
v 3.535989 -19.523457 -0.175884
v 3.541003 -19.530348 -0.132469
v 3.584108 -19.525896 -0.160351
v 3.585577 -19.531727 -0.123619
v 3.625278 -19.528101 -0.146244
v 3.596808 -19.520592 -0.193890
v 3.611647 -19.535749 -0.220844
v 3.639939 -19.523661 -0.174431
v 3.656393 -19.539431 -0.197674
v 3.670480 -19.526350 -0.157578
v 3.689400 -19.542929 -0.175800
v 3.692768 -19.529346 -0.138905
v 3.654142 -19.529842 -0.135300
v 3.655578 -19.534073 -0.109062
v 3.675547 -19.531179 -0.127277
v 3.682370 -19.534397 -0.107323
v 3.692264 -19.538254 -0.083508
v 3.711133 -19.533350 -0.113991
v 3.733445 -19.550976 -0.125141
v 3.722589 -19.537395 -0.088505
v 3.745907 -19.555346 -0.097073
v 3.724148 -19.540525 -0.068130
v 3.749479 -19.559177 -0.071716
v 3.717838 -19.543278 -0.050091
v 3.692848 -19.540962 -0.066360
v 3.666501 -19.541502 -0.062611
v 3.694756 -19.542795 -0.054043
v 3.676598 -19.544109 -0.045742
v 3.655197 -19.546341 -0.033924
v 3.705688 -19.546217 -0.031620
v 3.734627 -19.566536 -0.025063
v 3.686154 -19.549694 -0.013565
v 3.715228 -19.570850 -0.002682
v 3.657694 -19.554089 0.003235
v 3.684991 -19.576191 0.019112
v 3.624103 -19.557632 0.018608
v 3.627002 -19.549335 -0.023544
v 3.607714 -19.543781 -0.053596
v 3.594650 -19.551638 -0.014294
v 3.560786 -19.551836 -0.005856
v 3.572476 -19.544828 -0.049816
v 3.536589 -19.544621 -0.047028
v 3.555341 -19.537601 -0.088894
v 3.515307 -19.536938 -0.092045
v 3.595388 -19.537790 -0.086945
v 3.632436 -19.537870 -0.085369
v 3.639867 -19.542374 -0.057987
v 3.663470 -19.538216 -0.083344
v 3.625175 -19.532970 -0.115677
v 3.461756 -19.535757 -0.098122
v 3.381153 -19.534040 -0.108837
v 3.436997 -19.526735 -0.155285
v 3.485422 -19.544079 -0.045147
v 3.404338 -19.544125 -0.044075
v 3.509228 -19.551777 0.003304
v 3.423794 -19.553318 0.014706
v 3.534410 -19.558989 0.046894
v 3.553813 -19.583094 0.074764
v 3.589165 -19.558512 0.032375
v 3.441369 -19.561323 0.064503
v 3.453843 -19.585798 0.095478
v 3.321131 -19.563850 0.079414
v 3.326394 -19.588568 0.112659
v 3.328149 -19.647278 0.115749
v 3.185754 -19.589714 0.119869
v 3.186074 -19.648462 0.123219
v 3.036366 -19.648037 0.120472
v 3.186074 -19.790865 0.100662
v 3.186074 -20.342316 0.013321
v 3.328149 -19.789677 0.093193
v 3.036366 -19.790426 0.097919
v 3.036366 -20.341877 0.010574
v 2.883611 -19.788403 0.085205
v 2.883611 -20.339876 -0.002140
v 2.723766 -19.784380 0.059765
v 2.883611 -19.646019 0.107758
v 2.723766 -19.641991 0.082317
v 2.723766 -20.335835 -0.027580
v 2.552791 -19.777893 0.018848
v 2.552791 -20.329359 -0.068493
v 2.369442 -20.320768 -0.122715
v 2.552791 -20.471748 -0.091045
v 2.551985 -20.530804 -0.085724
v 2.723766 -20.478233 -0.050133
v 2.369442 -20.463165 -0.145267
v 2.367758 -20.522371 -0.138996
v 2.172475 -20.452808 -0.210629
v 2.170780 -20.512190 -0.203262
v 1.962786 -20.441248 -0.283619
v 2.172475 -20.310421 -0.188080
v 1.962786 -20.298857 -0.261066
v 1.741269 -20.286642 -0.338173
v 1.514342 -20.274143 -0.417160
v 1.741269 -20.429037 -0.360722
v 1.740557 -20.488762 -0.351181
v 1.514342 -20.416531 -0.439713
v 1.514067 -20.476397 -0.429230
v 1.288418 -20.404078 -0.518349
v 1.288341 -20.464081 -0.507065
v 1.087057 -20.392977 -0.588436
v 1.288419 -20.261679 -0.495796
v 1.288419 -19.710220 -0.408455
v 1.087057 -20.250578 -0.565884
v 0.933811 -20.242136 -0.619225
v 0.800920 -20.234800 -0.665482
v 0.933811 -20.384527 -0.641781
v 0.933811 -20.444683 -0.629555
v 0.800920 -20.377199 -0.688034
v 0.800920 -20.437378 -0.675640
v 0.660619 -20.369459 -0.736870
v 0.660619 -20.429667 -0.724369
v 0.463347 -20.358595 -0.805534
v 0.660619 -20.227074 -0.714317
v 0.463347 -20.216196 -0.782982
v 0.463347 -20.418800 -0.792950
v 0.423396 -20.359806 -0.797852
v 0.433754 -20.405106 -0.784119
v 0.410079 -20.369324 -0.737713
v 0.410079 -20.520386 0.216045
v 0.423396 -20.426851 -0.742085
v 0.463347 -20.447985 -0.731220
v 0.423396 -20.577892 0.211525
v 0.463347 -20.598951 0.221939
v 0.433754 -20.571314 0.265297
v 0.423396 -20.531353 0.285278
v 0.463347 -20.590271 0.289673
v 0.463347 -20.536900 0.320244
v 0.660619 -20.600475 0.354122
v 0.660619 -20.547089 0.384609
v 0.800920 -20.607374 0.397648
v 0.660619 -20.609192 0.286636
v 0.660619 -20.458799 -0.662884
v 0.800920 -20.616137 0.330479
v 0.933811 -20.622145 0.368385
v 0.800920 -20.466476 -0.614460
v 0.933811 -20.473684 -0.568897
v 1.086980 -20.481926 -0.516914
v 1.288111 -20.492651 -0.449223
v 1.086129 -20.627998 0.405407
v 1.087038 -20.453077 -0.576553
v 1.284709 -20.634520 0.446590
v 1.086071 -20.618998 0.471043
v 1.086052 -20.565510 0.500916
v 1.284478 -20.625233 0.510426
v 0.933811 -20.613295 0.435036
v 0.933811 -20.559862 0.465252
v 0.800920 -20.553968 0.428036
v 0.933811 -20.417467 0.487804
v 0.800920 -20.411573 0.450588
v 0.660619 -20.404692 0.407162
v 0.463347 -20.394497 0.342796
v 0.423396 -20.388960 0.307831
v 1.501122 -20.640873 0.486637
v 1.706939 -20.646196 0.520237
v 1.513244 -20.504593 -0.373795
v 1.738419 -20.516510 -0.298573
v 1.957836 -20.528055 -0.225666
v 1.903173 -20.650391 0.546761
v 2.165697 -20.538904 -0.157177
v 1.961549 -20.500813 -0.275127
v 2.090835 -20.653366 0.565575
v 2.362705 -20.548567 -0.096184
v 2.549568 -20.556551 -0.045757
v 2.288309 -20.655390 0.578365
v 2.513979 -20.656723 0.586815
v 2.742883 -20.657099 0.589092
v 2.950060 -20.656191 0.583382
v 2.725353 -20.562508 -0.008053
v 2.889128 -20.566143 0.014801
v 2.724163 -20.537167 -0.045605
v 2.884990 -20.541094 -0.020813
v 3.038610 -20.543020 -0.008648
v 2.883611 -20.482256 -0.024693
v 3.036366 -20.484276 -0.011978
v 3.186074 -20.484715 -0.009228
v 3.189168 -20.543365 -0.006397
v 3.328149 -20.483530 -0.016701
v 3.332091 -20.542130 -0.014248
v 3.458002 -20.480680 -0.034637
v 3.328149 -20.341135 0.005852
v 3.458002 -20.338308 -0.012089
v 3.560281 -20.334501 -0.033680
v 3.458002 -19.786835 0.075253
v 3.560281 -19.783758 0.053547
v 3.458002 -19.644432 0.097805
v 3.560281 -19.641556 0.076073
v 3.619634 -19.640240 0.057209
v 3.619634 -19.781895 0.034771
v 3.612016 -19.582140 0.056965
v 3.657193 -19.638355 0.038307
v 3.648920 -19.580618 0.039330
v 3.657193 -19.779636 0.015930
v 3.694091 -19.633781 0.016453
v 3.694091 -19.775431 -0.005985
v 3.724921 -19.628338 -0.007042
v 3.724921 -19.770567 -0.029568
v 3.744275 -19.623831 -0.030872
v 3.744276 -19.766296 -0.053436
v 3.754495 -19.619818 -0.055382
v 3.745329 -19.562803 -0.048058
v 3.754497 -19.762344 -0.077953
v 3.757924 -19.615904 -0.080914
v 3.753680 -19.611816 -0.107918
v 3.757925 -19.758377 -0.103477
v 3.757925 -20.310133 -0.190868
v 3.753680 -19.754223 -0.130474
v 3.753680 -20.305735 -0.217827
v 3.740883 -19.749704 -0.159401
v 3.740883 -19.607334 -0.136852
v 3.721050 -19.745260 -0.187607
v 3.740883 -20.301100 -0.246735
v 3.721051 -20.296610 -0.274933
v 3.740883 -20.443462 -0.269283
v 3.772591 -20.499464 -0.283283
v 3.721051 -20.438976 -0.297482
v 3.753680 -20.448141 -0.240383
v 3.785717 -20.504421 -0.252651
v 3.757924 -20.452600 -0.213432
v 3.789654 -20.509197 -0.223824
v 3.754495 -20.456757 -0.187939
v 3.784527 -20.513718 -0.196095
v 3.744275 -20.460527 -0.163391
v 3.754497 -20.314253 -0.165367
v 3.744276 -20.318054 -0.140827
v 3.724921 -20.321373 -0.116810
v 3.694091 -20.324039 -0.092873
v 3.724921 -20.463604 -0.139339
v 3.746130 -20.521357 -0.141911
v 3.694091 -20.465683 -0.115307
v 3.710221 -20.523571 -0.115772
v 3.657193 -20.468082 -0.093109
v 3.668809 -20.526070 -0.092129
v 3.619634 -20.472132 -0.074551
v 3.657193 -20.326797 -0.070732
v 3.619634 -20.330484 -0.052116
v 3.627973 -20.530380 -0.072796
v 3.560281 -20.476709 -0.056206
v 3.566411 -20.535192 -0.054108
v 3.462811 -20.539261 -0.032372
v 3.584797 -20.559412 -0.023853
v 3.652995 -20.554445 -0.043674
v 3.855550 -20.637497 0.465675
v 3.477238 -20.563549 -0.001568
v 3.689673 -20.642378 0.496109
v 3.343919 -20.566504 0.017105
v 3.198447 -20.567917 0.026089
v 3.518085 -20.646612 0.522896
v 3.335081 -20.650677 0.548561
v 3.529912 -20.633131 0.560246
v 3.533855 -20.578142 0.580688
v 3.704100 -20.628794 0.532906
v 3.344361 -20.637375 0.587044
v 3.151204 -20.640972 0.609798
v 3.347455 -20.582453 0.607868
v 3.153448 -20.586132 0.631119
v 3.347455 -20.440052 0.630421
v 3.153447 -20.443745 0.653671
v 3.533855 -20.435755 0.603241
v 3.533855 -19.884285 0.690586
v 3.708909 -20.431387 0.575718
v 3.708909 -19.879936 0.663059
v 3.880067 -20.426462 0.544548
v 3.708909 -20.573788 0.553165
v 3.880067 -20.568848 0.521996
v 3.873937 -20.623873 0.501919
v 4.054780 -20.562805 0.483871
v 4.046438 -20.617853 0.464176
v 4.230109 -20.555597 0.438370
v 4.054780 -20.420403 0.506428
v 4.054780 -19.868954 0.593769
v 4.230110 -20.413212 0.460922
v 4.230109 -19.861746 0.548264
v 4.403117 -20.404762 0.407604
v 4.403117 -19.853308 0.494949
v 4.598277 -20.393412 0.335876
v 4.403117 -20.547163 0.385052
v 4.389527 -20.602383 0.366470
v 4.598277 -20.535797 0.313320
v 4.581472 -20.591213 0.295765
v 4.840065 -20.519835 0.212570
v 4.818802 -20.575563 0.196831
v 5.073362 -20.501087 0.094200
v 4.840065 -20.377449 0.235123
v 4.840065 -19.825991 0.322468
v 5.073363 -20.358700 0.116753
v 5.073363 -19.807241 0.204094
v 5.243049 -20.338959 -0.007847
v 5.243049 -19.787504 0.079498
v 5.354600 -20.318724 -0.135635
v 5.243049 -20.481359 -0.030399
v 5.214321 -20.537748 -0.041943
v 5.354600 -20.461119 -0.158188
v 5.323933 -20.517830 -0.167751
v 5.413493 -20.440849 -0.286125
v 5.381761 -20.497873 -0.293724
v 5.425200 -20.421051 -0.411175
v 5.413493 -20.298466 -0.263573
v 5.413493 -19.747000 -0.176231
v 5.425200 -20.278646 -0.388622
v 5.425200 -19.727196 -0.301285
v 5.395200 -20.259787 -0.507755
v 5.395200 -19.708328 -0.420410
v 5.334589 -20.242390 -0.617584
v 5.395200 -20.402174 -0.530308
v 5.363492 -20.459766 -0.534298
v 5.334589 -20.384777 -0.640137
v 5.303663 -20.442608 -0.642563
v 5.254469 -20.369394 -0.737293
v 5.224592 -20.427443 -0.738335
v 5.162819 -20.356030 -0.821686
v 5.254469 -20.226995 -0.714741
v 5.254469 -19.675545 -0.627396
v 5.162818 -20.213640 -0.799137
v 5.162818 -19.662170 -0.711792
v 5.067616 -20.202312 -0.870674
v 5.067616 -19.650846 -0.783333
v 4.969453 -20.192663 -0.931507
v 5.067616 -20.344700 -0.893230
v 5.039804 -20.403080 -0.892200
v 4.969454 -20.335066 -0.954060
v 4.942790 -20.393564 -0.952221
v 4.868924 -20.326786 -1.006321
v 4.843943 -20.385426 -1.003601
v 4.766618 -20.319532 -1.052158
v 4.868924 -20.184385 -0.983768
v 4.868924 -19.632935 -0.896423
v 4.766618 -20.177137 -1.029606
v 4.766618 -19.625668 -0.942265
v 4.663129 -20.170553 -1.071159
v 4.663129 -19.619091 -0.983818
v 4.489996 -20.160538 -1.134438
v 4.663129 -20.312946 -1.093712
v 4.641115 -20.371782 -1.089794
v 4.489996 -20.302910 -1.156990
v 4.470057 -20.361881 -1.152397
v 4.178759 -20.285337 -1.268013
v 4.163011 -20.344524 -1.261948
v 3.798470 -20.263977 -1.402901
v 4.178759 -20.142942 -1.245461
v 4.178759 -19.591488 -1.158115
v 3.798470 -20.121578 -1.380352
v 3.798470 -19.570127 -1.293007
v 3.418180 -20.100218 -1.515240
v 3.418180 -19.548744 -1.427898
v 3.094392 -20.082020 -1.630089
v 3.418180 -20.242605 -1.537792
v 3.412930 -20.302378 -1.527992
v 3.094392 -20.224422 -1.652641
v 2.883611 -20.212580 -1.727406
v 3.093080 -20.284410 -1.641438
v 2.883611 -20.272642 -1.715733
v 3.089144 -20.312943 -1.583851
v 3.060158 -20.383593 -1.137768
v 3.397183 -20.330238 -1.474609
v 2.883611 -20.301390 -1.656723
v 2.883611 -20.373705 -1.200207
v 2.723766 -20.292419 -1.713390
v 2.723766 -20.364746 -1.256702
v 2.723766 -20.263657 -1.772423
v 2.552791 -20.282820 -1.774002
v 2.552791 -20.355175 -1.317131
v 2.369442 -20.272526 -1.839001
v 2.552791 -20.254065 -1.833061
v 2.552791 -20.193998 -1.844749
v 2.369442 -20.243763 -1.898087
v 2.172475 -20.232700 -1.967941
v 2.369442 -20.183697 -1.909782
v 2.172475 -20.172632 -1.979645
v 2.369442 -20.041298 -1.887230
v 2.172475 -20.030237 -1.957096
v 2.369442 -19.489840 -1.799889
v 2.552791 -20.051598 -1.822197
v 2.723766 -20.061205 -1.761551
v 2.552791 -19.500139 -1.734856
v 2.723766 -19.509747 -1.674210
v 2.552791 -19.357744 -1.712299
v 2.558072 -19.298655 -1.717831
v 2.369442 -19.347445 -1.777336
v 2.723766 -19.367355 -1.651657
v 2.729047 -19.308266 -1.657185
v 2.883611 -19.376333 -1.594959
v 2.888892 -19.317247 -1.600487
v 3.094392 -19.388180 -1.520191
v 2.883611 -19.518717 -1.617512
v 2.883611 -20.070179 -1.704853
v 3.094392 -19.530567 -1.542744
v 3.418180 -19.406363 -1.405346
v 3.099673 -19.329090 -1.525723
v 3.423461 -19.347273 -1.410873
v 3.115517 -19.303251 -1.566296
v 3.439305 -19.321445 -1.451450
v 3.136641 -19.294056 -1.624393
v 2.904735 -19.291405 -1.641064
v 2.744889 -19.282438 -1.697762
v 2.925859 -19.282209 -1.699162
v 2.766015 -19.273235 -1.755856
v 2.946984 -19.272997 -1.757259
v 2.787139 -19.264019 -1.813957
v 2.962827 -19.257549 -1.799477
v 3.157766 -19.284843 -1.682491
v 3.481553 -19.303038 -1.567642
v 3.173609 -19.269392 -1.724709
v 3.497396 -19.287582 -1.609863
v 3.178890 -19.241388 -1.735168
v 3.502677 -19.259590 -1.620316
v 3.178890 -19.176996 -1.724968
v 2.968108 -19.229549 -1.809929
v 2.968108 -19.165154 -1.799728
v 2.808263 -19.220572 -1.866627
v 2.808263 -19.156172 -1.856430
v 2.637289 -19.210972 -1.927273
v 2.802982 -19.248568 -1.856171
v 2.632006 -19.238968 -1.916821
v 2.448658 -19.228651 -1.981853
v 2.616164 -19.254423 -1.874599
v 2.432815 -19.244120 -1.939636
v 2.595039 -19.263628 -1.816505
v 2.411690 -19.253317 -1.881538
v 2.573915 -19.272820 -1.758404
v 2.390566 -19.262529 -1.823441
v 2.374723 -19.288353 -1.782864
v 2.193600 -19.251465 -1.893307
v 2.177757 -19.277288 -1.852730
v 1.984062 -19.239683 -1.967628
v 2.214724 -19.242264 -1.951401
v 2.005187 -19.230480 -2.025726
v 2.235848 -19.233055 -2.009502
v 2.026311 -19.221287 -2.083824
v 2.251692 -19.217592 -2.051716
v 2.042154 -19.205824 -2.126041
v 2.256973 -19.189608 -2.062172
v 2.453939 -19.200670 -1.992310
v 2.256973 -19.125200 -2.051971
v 2.047435 -19.177839 -2.136497
v 2.047436 -19.113432 -2.126297
v 1.826372 -19.165419 -2.214909
v 1.826372 -19.101011 -2.204708
v 1.821091 -19.193399 -2.204453
v 1.599973 -19.152697 -2.295212
v 1.594692 -19.180685 -2.284760
v 1.599973 -19.088291 -2.285011
v 1.374428 -19.140028 -2.375217
v 1.374428 -19.075621 -2.365013
v 1.369147 -19.168015 -2.364758
v 1.173331 -19.128729 -2.446545
v 1.168050 -19.156706 -2.436089
v 1.173331 -19.064318 -2.436344
v 1.020275 -19.120127 -2.500832
v 1.020275 -19.055727 -2.490635
v 1.014994 -19.148123 -2.490379
v 0.886910 -19.112631 -2.548141
v 0.886910 -19.048233 -2.537941
v 0.744887 -19.104656 -2.598515
v 0.881629 -19.140623 -2.537685
v 0.865786 -19.156080 -2.495464
v 0.739606 -19.132637 -2.588062
v 0.723763 -19.148115 -2.545841
v 0.541042 -19.121494 -2.658489
v 0.449041 -19.116348 -2.690937
v 0.525245 -19.136950 -2.616257
v 0.546308 -19.093498 -2.668953
v 0.546308 -19.029102 -2.658752
v 0.454275 -19.088350 -2.701408
v 0.454275 -19.023958 -2.691212
v 0.399250 -19.085310 -2.720669
v 0.399250 -19.020903 -2.710464
v 0.313783 -19.080568 -2.750580
v 0.394027 -19.113298 -2.710194
v 0.378359 -19.128765 -2.667912
v 0.308564 -19.108562 -2.740105
v 0.198082 -19.102726 -2.776955
v 0.292908 -19.124035 -2.697819
v 0.188241 -19.118446 -2.733070
v 0.272032 -19.133255 -2.639637
v 0.175119 -19.127998 -2.672771
v 0.251156 -19.142471 -2.581451
v 0.357467 -19.137993 -2.609734
v 0.412399 -19.141029 -2.590508
v 0.336576 -19.147205 -2.551552
v 0.315699 -19.171185 -2.400158
v 0.391461 -19.150253 -2.532345
v 0.415427 -19.174557 -2.457306
v 0.483121 -19.155367 -2.500019
v 0.370532 -19.173458 -2.385735
v 0.370577 -19.240614 -1.961811
v 0.400192 -19.193407 -2.382317
v 0.410079 -19.250546 -2.389172
v 0.400204 -19.260906 -1.956215
v 0.410079 -19.318375 -1.960880
v 0.400218 -19.341181 -1.449360
v 0.413427 -19.351870 -1.381863
v 0.410079 -19.396000 -1.470814
v 0.370635 -19.328173 -1.408981
v 0.385972 -19.339203 -1.339321
v 0.315859 -19.334227 -1.370728
v 0.332916 -19.351194 -1.263599
v 0.230423 -19.336626 -1.355640
v 0.315768 -19.240614 -1.961811
v 0.230349 -19.240614 -1.961811
v 0.230292 -19.167044 -2.426315
v 0.143802 -19.237522 -1.961319
v 0.142869 -19.156097 -2.459137
v 0.087484 -19.237444 -1.961308
v 0.144951 -19.337826 -1.348038
v 0.144917 -19.381254 -1.073799
v 0.090069 -19.340324 -1.332233
v 0.090054 -19.383720 -1.058212
v 0.060378 -19.361610 -1.320301
v 0.058422 -19.255962 -1.964237
v 0.050482 -19.419197 -1.324314
v 0.060375 -19.403978 -1.052780
v 0.050482 -19.461237 -1.058964
v 0.050482 -19.492876 -0.859241
v 0.050482 -19.603621 -1.081516
v 0.050482 -19.635256 -0.881794
v 0.050482 -19.561596 -1.346870
v 0.050482 -20.155071 -1.168858
v 0.050482 -20.186714 -0.969139
v 0.050482 -20.113043 -1.434212
v 0.050482 -20.297461 -1.191410
v 0.019292 -20.355738 -1.191124
v 0.050482 -20.329100 -0.991688
v 0.050482 -20.255445 -1.456764
v 0.050466 -20.151577 -2.106091
v 0.019279 -20.313705 -1.456436
v -0.074330 -20.337067 -1.431465
v 0.019232 -20.208344 -2.115082
v -0.074457 -20.232103 -2.094227
v 0.019139 -20.132565 -2.562939
v -0.005089 -20.115513 -2.612522
v -0.074613 -20.156078 -2.537060
v 0.050390 -20.074251 -2.563568
v 0.019221 -20.064800 -2.660404
v 0.050390 -19.931856 -2.541016
v 0.050466 -20.009174 -2.083538
v 0.050390 -19.380402 -2.453671
v 0.019221 -19.922413 -2.637852
v 0.019221 -19.370958 -2.550510
v -0.074561 -19.917507 -2.668869
v -0.074561 -19.366041 -2.581528
v -0.236659 -19.925556 -2.618034
v -0.074561 -20.059895 -2.691422
v -0.074551 -20.126234 -2.640167
v -0.236659 -20.067942 -2.640587
v -0.236642 -20.134243 -2.589523
v -0.472865 -20.079676 -2.566509
v -0.472848 -20.145948 -2.515663
v -0.746126 -20.093250 -2.480812
v -0.472865 -19.937288 -2.543957
v -0.472865 -19.385818 -2.456615
v -0.746126 -19.950851 -2.458260
v -0.746126 -19.399401 -2.370918
v -1.019387 -19.964434 -2.372562
v -1.019387 -19.412975 -2.285221
v -1.262491 -19.976515 -2.296326
v -1.019387 -20.106825 -2.395115
v -1.019375 -20.173019 -2.344730
v -1.262491 -20.118906 -2.318878
v -1.262481 -20.185068 -2.268692
v -1.445280 -20.127974 -2.261555
v -1.445275 -20.194117 -2.211521
v -1.616984 -20.136509 -2.207706
v -1.445280 -19.985586 -2.239002
v -1.445280 -19.434128 -2.151657
v -1.616984 -19.994110 -2.185150
v -1.616984 -19.442659 -2.097809
v -1.722912 -19.999372 -2.151932
v -1.722912 -19.447918 -2.064590
v -1.816662 -20.013298 -2.063957
v -1.722912 -20.141773 -2.174488
v -1.722912 -20.207867 -2.124744
v -1.816661 -20.155701 -2.086510
v -1.792356 -20.203783 -2.055164
v -1.848004 -20.167374 -1.975628
v -1.816754 -20.222645 -1.994255
v -1.847912 -20.242083 -1.541149
v -1.848004 -20.024977 -1.953075
v -1.848004 -19.473518 -1.865730
v -1.847912 -20.099680 -1.518597
v -1.847912 -19.548229 -1.431259
v -1.847912 -20.206589 -0.843613
v -1.847912 -19.655138 -0.756268
v -1.847912 -20.348988 -0.866165
v -1.847912 -20.249191 -0.574696
v -1.847912 -19.697714 -0.487350
v -1.847912 -20.281244 -0.372242
v -1.847912 -20.391582 -0.597248
v -1.816661 -20.446722 -0.616684
v -1.847912 -20.423647 -0.394794
v -1.816662 -20.478748 -0.414436
v -1.847912 -20.455706 -0.192348
v -1.816661 -20.510788 -0.212181
v -1.847912 -20.502340 0.101978
v -1.847912 -20.313318 -0.169796
v -1.847912 -19.761852 -0.082455
v -1.847912 -20.359938 0.124531
v -1.847912 -20.520649 1.139217
v -1.847912 -19.808468 0.211876
v -1.847912 -19.666086 0.234428
v -1.847912 -19.969194 1.226562
v -1.847912 -19.826792 1.249115
v -1.847912 -19.993305 1.378860
v -1.847912 -20.036560 1.651985
v -1.847912 -19.850914 1.401413
v -1.847912 -20.544764 1.291515
v -1.847912 -20.588022 1.564644
v -1.847912 -20.687159 1.268963
v -1.847912 -20.730417 1.542091
v -1.816662 -20.742535 1.251030
v -1.847912 -20.663038 1.116665
v -1.816661 -20.718365 1.098381
v -1.722912 -20.732868 1.067513
v -1.816661 -20.557392 0.082096
v -1.722912 -20.571154 0.046440
v -1.616930 -20.564962 0.007378
v -1.722912 -20.524565 -0.247688
v -1.722912 -20.492628 -0.449356
v -1.616937 -20.518702 -0.284695
v -1.616942 -20.486868 -0.485683
v -1.445095 -20.509094 -0.345322
v -1.262144 -20.499382 -0.406700
v -1.445115 -20.477451 -0.545147
v -1.445068 -20.554129 -0.061005
v -1.445005 -20.701908 0.871998
v -1.262094 -20.543287 -0.129543
v -1.261975 -20.679842 0.732716
v -1.018859 -20.530954 -0.207363
v -1.018701 -20.663820 0.631573
v -0.745495 -20.517897 -0.289818
v -1.018926 -20.487410 -0.482265
v -0.745574 -20.474318 -0.564930
v -1.018977 -20.455893 -0.681206
v -0.745635 -20.442776 -0.764042
v -1.019029 -20.424389 -0.880146
v -1.262183 -20.467855 -0.605774
v -1.262222 -20.436323 -0.804852
v -1.262272 -20.394415 -1.069359
v -1.445136 -20.445805 -0.744976
v -1.445163 -20.403753 -1.010471
v -1.616948 -20.455036 -0.686668
v -1.616955 -20.412739 -0.953674
v -1.722912 -20.460680 -0.651024
v -1.722912 -20.418257 -0.918926
v -1.722912 -20.311762 -1.591278
v -1.816661 -20.404156 -0.885349
v -1.816661 -20.297359 -1.559681
v -1.723003 -20.236992 -2.026169
v -1.616970 -20.306627 -1.623718
v -1.445228 -20.298656 -1.674046
v -1.617070 -20.231806 -2.058891
v -1.445352 -20.223379 -2.112072
v -1.616982 -20.202621 -2.157837
v -1.262545 -20.214405 -2.168789
v -1.262393 -20.289730 -1.730385
v -1.019429 -20.202450 -2.244217
v -0.746158 -20.189024 -2.328995
v -1.019257 -20.277906 -1.805042
v -0.745970 -20.264626 -1.888855
v -1.019096 -20.382523 -1.144478
v -0.745778 -20.369343 -1.227711
v -0.472460 -20.356159 -1.310944
v -0.745697 -20.411249 -0.963154
v -0.472366 -20.398106 -1.046158
v -0.236178 -20.386763 -1.117695
v -0.472294 -20.429667 -0.846878
v -0.236109 -20.418356 -0.918251
v -0.472222 -20.461224 -0.647594
v -0.236040 -20.449947 -0.718807
v -0.472131 -20.504835 -0.372272
v -0.471910 -20.637836 0.467438
v -0.235951 -20.493582 -0.443291
v -0.235740 -20.626642 0.396790
v -0.074142 -20.485952 -0.491425
v -0.074017 -20.619068 0.348976
v 0.019326 -20.462669 -0.515945
v -0.074195 -20.442299 -0.767109
v 0.019313 -20.418985 -0.791752
v -0.074236 -20.410690 -0.966698
v 0.019302 -20.387362 -0.991440
v -0.074277 -20.379070 -1.166286
v 0.050482 -20.360737 -0.791973
v 0.050482 -20.404436 -0.516121
v 0.050482 -20.218342 -0.769417
v 0.050482 -19.666887 -0.682076
v 0.050482 -20.262035 -0.493568
v 0.050482 -20.395189 0.347134
v 0.050482 -19.710581 -0.406227
v 0.050482 -19.843731 0.434471
v 0.050482 -19.872528 0.616337
v 0.050482 -20.423990 0.528999
v 0.050482 -19.934830 1.009678
v 0.050482 -19.730146 0.638889
v 0.050482 -19.792448 1.032230
v 0.061975 -19.735571 1.040699
v 0.050482 -19.856247 1.435101
v 0.050482 -19.889582 1.645542
v 0.062730 -19.799440 1.443962
v 0.050482 -19.998648 1.412548
v 0.050482 -20.550102 1.325203
v 0.050482 -20.031969 1.622990
v 0.050482 -20.583424 1.535645
v 0.050482 -20.062338 1.814686
v 0.050482 -20.613789 1.727341
v 0.050482 -20.117229 2.161312
v 0.050482 -19.919935 1.837238
v 0.050482 -19.974842 2.183865
v 0.062982 -19.863152 1.846233
v 0.062982 -19.918047 2.192860
v 0.062982 -19.832787 1.654537
v 0.100482 -19.844223 1.849228
v 0.100482 -19.899118 2.195862
v 0.172616 -19.842304 1.837189
v 0.100482 -19.813858 1.657532
v 0.099475 -19.780445 1.446568
v 0.172616 -19.811901 1.645168
v 0.289017 -19.806026 1.608078
v 0.169464 -19.778639 1.435177
v 0.289017 -19.836597 1.801052
v 0.289017 -19.892099 2.151539
v 0.427553 -19.828777 1.751690
v 0.427553 -19.885082 2.107220
v 0.566089 -19.820574 1.699944
v 0.682491 -19.814476 1.661427
v 0.566089 -19.878059 2.062901
v 0.682491 -19.872799 2.029659
v 0.566089 -19.945282 2.487339
v 0.682491 -19.940416 2.456642
v 0.427553 -19.951767 2.528267
v 0.566089 -20.007729 2.881615
v 0.427553 -20.014233 2.922657
v 0.682491 -20.002853 2.850838
v 0.565703 -20.070967 3.280834
v 0.426975 -20.078047 3.325493
v 0.564548 -20.140532 3.720081
v 0.682394 -20.065653 3.247314
v 0.682105 -20.134359 3.681145
v 0.754625 -20.063900 3.236267
v 0.792124 -20.082861 3.233406
v 0.754625 -20.001236 2.840576
v 0.754625 -20.132389 3.668659
v 0.792124 -20.151409 3.666210
v 0.752889 -20.190489 4.035469
v 0.790354 -20.209669 4.034023
v 0.680234 -20.192553 4.048508
v 0.747683 -20.221996 4.234421
v 0.785042 -20.241461 4.234867
v 0.736074 -20.239542 4.345181
v 0.675390 -20.223755 4.245579
v 0.558133 -20.230509 4.288235
v 0.665281 -20.240694 4.352493
v 0.647616 -20.256042 4.449379
v 0.551397 -20.246866 4.391533
v 0.540936 -20.261463 4.483650
v 0.420195 -20.255413 4.445400
v 0.297449 -20.263617 4.497192
v 0.421345 -20.239643 4.345890
v 0.419913 -20.269167 4.532223
v 0.419181 -20.280912 4.606400
v 0.309370 -20.276262 4.577080
v 0.324297 -20.286522 4.641884
v 0.219307 -20.282280 4.615067
v 0.247996 -20.291607 4.673920
v 0.196615 -20.270216 4.538914
v 0.159721 -20.286713 4.643021
v 0.126460 -20.308359 4.657227
v 0.197199 -20.296692 4.706013
v 0.131151 -20.273972 4.562572
v 0.113170 -20.258635 4.465755
v 0.095317 -20.294632 4.570534
v 0.083372 -20.352005 4.565197
v 0.076154 -20.278555 4.468967
v 0.066275 -20.246334 4.265533
v 0.063816 -20.335670 4.462044
v 0.053815 -20.303272 4.257515
v 0.050482 -20.241041 3.864613
v 0.062982 -20.184196 3.873238
v 0.050482 -20.167950 3.403099
v 0.050482 -20.383440 3.842060
v 0.062982 -20.111147 3.412003
v 0.050482 -20.102947 2.992744
v 0.062982 -20.046164 3.001736
v 0.050482 -20.040457 2.598133
v 0.062982 -19.983660 2.607128
v 0.100482 -19.964731 2.610123
v 0.100482 -20.027235 3.004738
v 0.172616 -19.963116 2.599892
v 0.172616 -19.897364 2.184776
v 0.289017 -19.958254 2.569195
v 0.172616 -20.025595 2.994476
v 0.172520 -20.090374 3.403355
v 0.289017 -20.020735 2.963696
v 0.288632 -20.085085 3.369972
v 0.287476 -20.156826 3.822952
v 0.172230 -20.162910 3.861355
v 0.287451 -20.217482 4.205898
v 0.425241 -20.148739 3.771877
v 0.423111 -20.208534 4.149460
v 0.562173 -20.199413 4.091751
v 0.174522 -20.224255 4.248722
v 0.290459 -20.248547 4.402050
v 0.182169 -20.255457 4.445686
v 0.103654 -20.226940 4.265602
v 0.100482 -20.165085 3.875137
v 0.100482 -20.092182 3.414726
v 0.115374 -20.366072 4.653969
v 0.115374 -20.508465 4.631413
v 0.159154 -20.377495 4.726143
v 0.168665 -20.319427 4.727108
v 0.214045 -20.385958 4.779526
v 0.221010 -20.327530 4.778252
v 0.279381 -20.391085 4.811893
v 0.283162 -20.332399 4.808998
v 0.354495 -20.392532 4.821056
v 0.354495 -20.534922 4.798504
v 0.354788 -20.333786 4.817688
v 0.438066 -20.390249 4.806622
v 0.434969 -20.331558 4.803692
v 0.528773 -20.384163 4.768200
v 0.522786 -20.325649 4.766354
v 0.613567 -20.374931 4.709919
v 0.605234 -20.316675 4.709667
v 0.679401 -20.363199 4.635918
v 0.679401 -20.505604 4.613365
v 0.669308 -20.305258 4.637615
v 0.728493 -20.349339 4.548409
v 0.717194 -20.291716 4.552109
v 0.763060 -20.333696 4.449608
v 0.751077 -20.276348 4.455055
v 0.785321 -20.316605 4.341740
v 0.773009 -20.259481 4.348598
v 0.797495 -20.298447 4.227024
v 0.797495 -20.440840 4.204468
v 0.802842 -20.266537 4.025543
v 0.804624 -20.208227 3.657398
v 0.804624 -20.139660 3.224457
v 0.804624 -20.076960 2.828583
v 0.804624 -20.219349 2.806034
v 0.792124 -20.020157 2.837578
v 0.804624 -20.014521 2.434418
v 0.792124 -19.957731 2.443409
v 0.804624 -19.946764 2.006584
v 0.792124 -19.889969 2.015583
v 0.804624 -19.889418 1.644535
v 0.804624 -19.858244 1.447701
v 0.792124 -19.832439 1.652340
v 0.792124 -19.800699 1.451931
v 0.754625 -19.812952 1.651768
v 0.754625 -19.779499 1.440636
v 0.754625 -19.871044 2.018581
v 0.754625 -19.938797 2.446407
v 0.790541 -19.762196 1.331379
v 0.682491 -19.779953 1.443470
v 0.824541 -19.785236 1.354298
v 0.835875 -19.843391 1.353939
v 0.921791 -19.776537 1.299389
v 0.929625 -19.835035 1.301128
v 1.091813 -19.769571 1.255398
v 1.095860 -19.828215 1.258118
v 1.344565 -19.818022 1.193771
v 1.344565 -19.960423 1.171219
v 1.603987 -19.809916 1.142529
v 1.802371 -19.809328 1.138824
v 1.970237 -19.814667 1.172546
v 2.138102 -19.824322 1.233559
v 2.320188 -19.844572 1.361374
v 2.138102 -19.966721 1.211006
v 2.530711 -19.881655 1.595486
v 2.328551 -19.786324 1.361206
v 2.719764 -19.934404 1.928486
v 2.837431 -20.001627 2.352966
v 2.837431 -20.144009 2.330414
v 2.885133 -20.077240 2.830395
v 2.900820 -20.020462 2.839405
v 2.864284 -20.155146 3.322254
v 0.804624 -20.000641 1.425144
v 0.715129 -20.255726 4.447414
v 0.683298 -20.270277 4.539223
v 0.621307 -20.269569 4.534824
v 0.639029 -20.282864 4.618725
v 0.580234 -20.293339 4.684929
v 0.585272 -20.281065 4.607410
v 0.504745 -20.284943 4.631836
v 0.553861 -20.289366 4.659733
v 0.492832 -20.293983 4.688915
v 0.417235 -20.299114 4.721333
v 0.504826 -20.301565 4.736839
v 0.425679 -20.306967 4.770916
v 0.355668 -20.308975 4.783607
v 0.294507 -20.307827 4.776318
v 0.352413 -20.301424 4.735924
v 0.340300 -20.294439 4.691757
v 0.307949 -20.302488 4.742680
v 0.280435 -20.298145 4.715244
v 0.241906 -20.303726 4.750450
v 0.416678 -20.290653 4.667961
v 0.525726 -20.274185 4.563965
v 0.050482 -20.756191 1.704788
v 0.050482 -20.725824 1.513092
v 0.019405 -20.814098 1.702892
v -0.073825 -20.836393 1.721180
v 0.019397 -20.783714 1.511066
v 0.019389 -20.750433 1.300888
v -0.073857 -20.805958 1.528957
v -0.073888 -20.772799 1.319584
v -0.235470 -20.812086 1.567612
v -0.235416 -20.842537 1.760002
v -0.235522 -20.779099 1.359375
v -0.471632 -20.821611 1.627850
v -0.471685 -20.788845 1.420910
v -0.471576 -20.851999 1.819679
v -0.745069 -20.832867 1.698883
v -0.745114 -20.800314 1.493320
v -1.018505 -20.844131 1.769917
v -0.745020 -20.863096 1.889797
v -0.744933 -20.917643 2.234081
v -1.018465 -20.874216 1.959915
v -1.018393 -20.928312 2.301445
v -1.261799 -20.884100 2.022305
v -1.261745 -20.937803 2.361393
v -1.444911 -20.891531 2.069241
v -1.261829 -20.854134 1.833122
v -1.261858 -20.822588 1.633938
v -1.444927 -20.861649 1.880672
v -1.444942 -20.832050 1.693756
v -1.616895 -20.868490 1.923843
v -1.616899 -20.840973 1.750023
v -1.722912 -20.872511 1.949131
v -1.616891 -20.898264 2.111748
v -1.616884 -20.951368 2.446999
v -1.722912 -20.902193 2.136539
v -1.816662 -20.886593 2.160599
v -1.722912 -20.955051 2.470303
v -1.816661 -20.939234 2.492893
v -1.722912 -21.017704 2.865856
v -1.816662 -21.001610 2.886730
v -1.616875 -21.014277 2.844292
v -1.722912 -21.076742 3.238632
v -1.816661 -21.060452 3.258282
v -1.722912 -21.138426 3.628071
v -1.616867 -21.073517 3.218307
v -1.444816 -21.067738 3.181808
v -1.261621 -21.061178 3.140373
v -1.444848 -21.008242 2.806122
v -1.261681 -21.001440 2.763157
v -1.444882 -20.944941 2.406494
v -1.018307 -20.992393 2.706066
v -1.816662 -21.121967 3.646732
v -1.816661 -21.192383 4.091282
v -1.847912 -21.066017 3.660954
v -1.847912 -21.004541 3.272827
v -1.847912 -21.136381 4.105171
v -1.847912 -20.923618 3.683506
v -1.847912 -20.862143 3.295380
v -1.847912 -20.372164 3.770851
v -1.847912 -20.993980 4.127724
v -1.847912 -20.442518 4.215069
v -1.847912 -20.229763 3.793404
v -1.847912 -20.310688 3.382721
v -1.847912 -20.251904 3.011581
v -1.847912 -20.168289 3.405277
v -1.863536 -20.111506 3.414268
v -1.847912 -20.109512 3.034134
v -1.847912 -20.047224 2.640865
v -1.863537 -20.052723 3.043129
v -1.863536 -19.990429 2.649860
v -1.910412 -20.033783 3.046124
v -1.910412 -19.971508 2.652855
v -1.972912 -20.033783 3.046124
v -1.910412 -20.092569 3.417267
v -1.910412 -20.154036 3.805393
v -1.972912 -20.092569 3.417267
v -1.972912 -20.154036 3.805393
v -2.035412 -20.092569 3.417267
v -2.035412 -20.154036 3.805393
v -2.082286 -20.084005 3.418625
v -2.035412 -20.033783 3.046124
v -2.035412 -19.971508 2.652855
v -2.082286 -20.025219 3.047482
v -2.082286 -19.962940 2.654217
v -2.097911 -19.999540 3.051548
v -2.097911 -19.937254 2.658283
v -2.097912 -19.935135 3.061752
v -2.097911 -20.058315 3.422691
v -2.097911 -19.993919 3.432892
v -2.097911 -20.119801 3.810818
v -2.097912 -20.055395 3.821018
v -2.082286 -20.145479 3.806751
v -2.097911 -20.125750 4.265240
v -2.097912 -19.805971 3.860523
v -2.097911 -19.876328 4.304745
v -2.097911 -19.744497 3.472397
v -2.097911 -19.741571 3.870724
v -2.066662 -19.715883 3.874794
v -2.097911 -19.811920 4.314941
v -2.097911 -19.680098 3.482597
v -2.066661 -19.654408 3.486668
v -2.097911 -19.621305 3.111454
v -2.097912 -19.685711 3.101254
v -2.097911 -19.559036 2.718189
v -2.066662 -19.595627 3.115524
v -2.066661 -19.533333 2.722260
v -1.972912 -19.587051 3.116879
v -1.847912 -19.587051 3.116879
v -1.972912 -19.645859 3.488022
v -1.972912 -19.524767 2.723614
v -1.847912 -19.524767 2.723614
v -1.972912 -19.472223 2.391811
v -1.847912 -19.472223 2.391811
v -2.066662 -19.480787 2.390453
v -1.972912 -19.442640 2.205059
v -1.847912 -19.442640 2.205059
v -1.972912 -19.417896 2.048817
v -2.066661 -19.451204 2.203701
v -2.097911 -19.476894 2.199635
v -2.066662 -19.427977 2.057068
v -2.097911 -19.454178 2.056202
v -2.066661 -19.394495 1.845623
v -2.097911 -19.422207 1.854366
v -2.083325 -19.365042 1.659660
v -1.972912 -19.379835 1.808537
v -1.847912 -19.371725 1.757286
v -1.999141 -19.345537 1.591980
v -1.886893 -19.330963 1.499931
v -2.029660 -19.337505 1.541267
v -1.933820 -19.320911 1.436440
v -2.101519 -19.358503 1.618462
v -2.086210 -19.333019 1.512878
v -2.164778 -19.329514 1.490818
v -2.003838 -19.314333 1.394943
v -2.133319 -19.353922 1.589470
v -2.160198 -19.384995 1.619381
v -2.192478 -19.352194 1.578545
v -2.201712 -19.382578 1.604172
v -2.251465 -19.349657 1.562546
v -2.258414 -19.380112 1.588589
v -2.337115 -19.345625 1.537090
v -2.230619 -19.326794 1.473572
v -2.188005 -19.308947 1.360931
v -2.309193 -19.323048 1.449978
v -2.271963 -19.305023 1.336159
v -2.680554 -19.303061 1.323807
v -2.639983 -19.284576 1.207024
v -2.710982 -19.325506 1.410042
v -3.673963 -19.247856 0.975216
v -3.632604 -19.229412 0.858707
v -4.683537 -19.191839 0.621525
v -3.704983 -19.270252 1.061241
v -3.715322 -19.300562 1.086300
v -4.714481 -19.214251 0.707584
v -4.724795 -19.244551 0.732651
v -5.134841 -19.191156 0.561806
v -5.145323 -19.221443 0.586823
v -5.262699 -19.184101 0.517323
v -5.103393 -19.168779 0.475922
v -5.061462 -19.150354 0.359589
v -5.229866 -19.161802 0.431938
v -5.186090 -19.143492 0.316288
v -5.359294 -19.154076 0.383137
v -5.312099 -19.135971 0.268810
v -5.491958 -19.145262 0.327450
v -5.394692 -19.176222 0.467529
v -5.406491 -19.206434 0.492043
v -5.530790 -19.167166 0.410378
v -5.543737 -19.197311 0.434406
v -5.670970 -19.156628 0.343815
v -5.685250 -19.186661 0.367203
v -5.817946 -19.144009 0.264168
v -5.628134 -19.135021 0.262806
v -5.571018 -19.117626 0.152985
v -5.769674 -19.122890 0.186214
v -5.705308 -19.106127 0.080463
v -5.918427 -19.108397 0.094681
v -5.843744 -19.092674 -0.004574
v -6.063480 -19.090298 -0.019516
v -5.974439 -19.128746 0.167767
v -5.993110 -19.158367 0.188511
v -6.130146 -19.109152 0.044064
v -6.152368 -19.138266 0.061638
v -6.274769 -19.083570 -0.117496
v -6.301717 -19.111786 -0.105572
v -6.373553 -19.053019 -0.310349
v -6.193922 -19.067406 -0.164112
v -6.086125 -19.057274 -0.228077
v -6.281562 -19.040659 -0.332977
v -6.158906 -19.035593 -0.364960
v -6.298215 -19.011040 -0.519997
v -6.173498 -19.012432 -0.511204
v -6.243213 -18.980984 -0.709751
v -6.391751 -19.018553 -0.527943
v -6.422931 -19.043900 -0.534206
v -6.329894 -18.983744 -0.747719
v -6.358787 -19.007496 -0.763992
v -6.188513 -18.952164 -0.947113
v -6.212721 -18.974743 -0.970814
v -5.977020 -18.924545 -1.121510
v -6.115893 -18.952929 -0.886837
v -6.019065 -18.965378 -0.808281
v -5.920662 -18.927711 -1.046108
v -5.845519 -18.943346 -0.947376
v -5.661929 -18.906128 -1.182407
v -5.604738 -18.923553 -1.072346
v -5.349344 -18.887388 -1.300678
v -5.704822 -18.901615 -1.266312
v -5.719120 -18.922939 -1.297897
v -5.381632 -18.882200 -1.388878
v -5.392394 -18.903299 -1.421890
v -5.017168 -18.865145 -1.496574
v -5.025369 -18.886108 -1.530426
v -4.632612 -18.851179 -1.584728
v -4.992562 -18.870726 -1.405861
v -4.959757 -18.889599 -1.286724
v -4.614078 -18.856987 -1.492615
v -4.589366 -18.876158 -1.371601
v -4.236382 -18.847012 -1.555584
v -4.219360 -18.866390 -1.433277
v -3.897081 -18.840809 -1.594807
v -4.249149 -18.841043 -1.648678
v -4.253405 -18.861904 -1.683323
v -3.906456 -18.834747 -1.688450
v -3.909580 -18.855572 -1.723282
v -3.644211 -18.832270 -1.704079
v -3.647688 -18.853079 -1.738964
v -3.424454 -18.827692 -1.732967
v -3.633782 -18.838350 -1.610283
v -3.619878 -18.857870 -1.487030
v -3.410101 -18.833700 -1.639637
v -3.387956 -18.853056 -1.517399
v -3.000622 -18.818766 -1.733959
v -2.968621 -18.827251 -1.610294
v -3.017583 -18.812849 -1.826698
v -2.738746 -18.808256 -1.800346
v -2.462978 -18.796097 -1.877125
v -2.705858 -18.812098 -1.680531
v -2.758315 -18.802437 -1.892464
v -2.764838 -18.823332 -1.926781
v -2.486947 -18.790464 -1.968014
v -2.494936 -18.811434 -2.001923
v -2.297485 -18.782120 -2.020760
v -2.305963 -18.803101 -2.054535
v -2.181240 -18.776995 -2.053120
v -2.272051 -18.787670 -1.930279
v -2.238138 -18.806486 -1.811451
v -2.158544 -18.784296 -1.963924
v -2.121032 -18.801327 -1.844051
v -2.038823 -18.777390 -1.995209
v -1.759766 -18.764387 -2.077267
v -2.003926 -18.796160 -1.876652
v -2.064995 -18.771864 -2.085487
v -2.073719 -18.792856 -2.119190
v -1.787407 -18.758930 -2.167107
v -1.796620 -18.779963 -2.200668
v -1.682757 -18.753744 -2.199928
v -1.692153 -18.774763 -2.233433
v -1.511480 -18.745235 -2.253643
v -1.654568 -18.759153 -2.110260
v -1.616984 -18.777813 -1.992508
v -1.483108 -18.750652 -2.164028
v -1.445280 -18.769287 -2.046360
v -1.300319 -18.741570 -2.221355
v -1.262491 -18.760208 -2.103683
v -1.328691 -18.736156 -2.310963
v -1.057216 -18.729500 -2.297592
v -1.019387 -18.748131 -2.179920
v -0.783955 -18.715921 -2.383289
v -1.085587 -18.724079 -2.387199
v -1.095044 -18.745102 -2.420689
v -0.812326 -18.710508 -2.472900
v -0.821783 -18.731527 -2.506386
v -0.539065 -18.696926 -2.558598
v -0.548522 -18.717958 -2.592083
v -0.294106 -18.684767 -2.635418
v -0.510694 -18.702339 -2.468987
v -0.472865 -18.720987 -2.351315
v -0.269486 -18.690363 -2.544632
v -0.236659 -18.709246 -2.425392
v -0.092383 -18.681570 -2.600170
v -0.074561 -18.701195 -2.476227
v 0.085487 -18.677826 -2.623829
v -0.105749 -18.675409 -2.694489
v -0.110204 -18.696192 -2.729542
v 0.085455 -18.671516 -2.719074
v 0.085445 -18.692244 -2.754440
v 0.194802 -18.675516 -2.693832
v 0.201363 -18.696423 -2.728065
v 0.303345 -18.681257 -2.657516
v 0.175119 -18.681273 -2.602016
v 0.144876 -18.700224 -2.482403
v 0.272032 -18.686529 -2.568882
v 0.230280 -18.704954 -2.452511
v 0.357467 -18.691267 -2.538979
v 0.315685 -18.709696 -2.422619
v 0.388804 -18.685993 -2.627605
v 0.412399 -18.694311 -2.519753
v 0.370523 -18.712729 -2.403427
v 0.504183 -18.699440 -2.487385
v 0.443806 -18.689047 -2.608353
v 0.454275 -18.710125 -2.641502
v 0.535777 -18.694181 -2.575920
v 0.546308 -18.715284 -2.609051
v 0.734325 -18.705334 -2.505493
v 0.744887 -18.726431 -2.538612
v 0.876348 -18.713322 -2.455116
v 0.702639 -18.710583 -2.416992
v 0.660390 -18.728987 -2.300797
v 0.844661 -18.718555 -2.366615
v 0.802413 -18.736958 -2.250420
v 0.978026 -18.726057 -2.319309
v 0.935777 -18.744453 -2.203114
v 1.131082 -18.734648 -2.265018
v 1.009712 -18.720810 -2.407814
v 1.020275 -18.741898 -2.440929
v 1.162769 -18.729418 -2.353523
v 1.173331 -18.750500 -2.386639
v 1.363866 -18.740709 -2.282192
v 1.374428 -18.761791 -2.315311
v 1.589411 -18.753380 -2.202190
v 1.332179 -18.745955 -2.193691
v 1.289931 -18.764359 -2.077496
v 1.557724 -18.758621 -2.113689
v 1.515476 -18.777027 -1.997494
v 1.784123 -18.771343 -2.033382
v 1.741874 -18.789749 -1.917187
v 2.005187 -18.783745 -1.954971
v 1.815810 -18.766102 -2.121887
v 1.826372 -18.787178 -2.155003
v 2.036873 -18.778517 -2.043476
v 2.047435 -18.799610 -2.076591
v 2.246411 -18.790297 -1.969151
v 2.256973 -18.811382 -2.002266
v 2.443377 -18.801350 -1.899284
v 2.214724 -18.795534 -1.880646
v 2.172475 -18.813934 -1.764450
v 2.411690 -18.806595 -1.810783
v 2.369442 -18.825001 -1.694588
v 2.595039 -18.816895 -1.745750
v 2.552791 -18.835302 -1.629555
v 2.766015 -18.826504 -1.685104
v 2.626725 -18.811657 -1.834251
v 2.637289 -18.832747 -1.867371
v 2.797701 -18.821262 -1.773605
v 2.808263 -18.842342 -1.806721
v 2.957545 -18.830244 -1.716908
v 2.968108 -18.851332 -1.750027
v 3.168328 -18.842085 -1.642143
v 2.925859 -18.835478 -1.628407
v 2.883611 -18.853880 -1.512211
v 3.136641 -18.847317 -1.553642
v 3.094392 -18.865719 -1.437447
v 3.460429 -18.865522 -1.438793
v 3.418180 -18.883921 -1.322598
v 3.840875 -18.886890 -1.303844
v 3.492115 -18.860270 -1.527294
v 3.502677 -18.881357 -1.560413
v 3.872678 -18.881649 -1.392307
v 3.883281 -18.902744 -1.425407
v 4.253791 -18.903065 -1.257126
v 4.264510 -18.924162 -1.290188
v 4.567139 -18.920767 -1.145325
v 4.221634 -18.908278 -1.168789
v 4.178759 -18.926649 -1.052818
v 4.534078 -18.925934 -1.057323
v 4.489996 -18.944229 -0.941795
v 4.709573 -18.936102 -0.993153
v 4.663129 -18.954258 -0.878517
v 4.816899 -18.942934 -0.949993
v 4.744405 -18.931046 -1.080482
v 4.756018 -18.952194 -1.113216
v 4.854610 -18.938053 -1.036129
v 4.867180 -18.959280 -1.068451
v 4.966763 -18.946039 -0.985764
v 4.980739 -18.967360 -1.017445
v 5.079835 -18.955387 -0.926788
v 4.924832 -18.950600 -0.901573
v 4.868924 -18.968090 -0.791126
v 5.032530 -18.959488 -0.845474
v 4.969454 -18.976364 -0.738865
v 5.139149 -18.969975 -0.779289
v 5.067616 -18.986002 -0.678032
v 5.244293 -18.982525 -0.700016
v 5.192799 -18.966503 -0.856586
v 5.210683 -18.988180 -0.885971
v 5.305401 -18.979973 -0.771515
v 5.325769 -19.001965 -0.798969
v 5.417387 -18.996380 -0.667923
v 5.440661 -19.018803 -0.692631
v 5.519551 -19.016449 -0.541245
v 5.347565 -18.997635 -0.604652
v 5.254469 -19.010700 -0.522099
v 5.440281 -19.015684 -0.490627
v 5.334589 -19.026093 -0.424942
v 5.513761 -19.037111 -0.355366
v 5.395200 -19.043489 -0.315113
v 5.551106 -19.061003 -0.204483
v 5.602683 -19.040894 -0.386913
v 5.632323 -19.064985 -0.401047
v 5.645535 -19.068565 -0.212212
v 5.677013 -19.093916 -0.218403
v 5.626866 -19.098305 -0.024422
v 5.657349 -19.125082 -0.021652
v 5.546055 -19.127808 0.161842
v 5.535420 -19.086498 -0.043579
v 5.413493 -19.082167 -0.070930
v 5.464003 -19.112040 0.117687
v 5.354600 -19.102425 0.057011
v 5.334153 -19.136108 0.269669
v 5.243049 -19.122663 0.184795
v 5.145492 -19.158386 0.410324
v 5.402480 -19.154757 0.331966
v 5.425255 -19.183792 0.349117
v 5.199589 -19.178942 0.484665
v 5.217621 -19.208616 0.505829
v 4.940827 -19.200157 0.618664
v 4.955221 -19.230198 0.642059
v 4.680504 -19.217356 0.727234
v 4.897644 -19.178543 0.537624
v 4.840065 -19.161150 0.427765
v 4.645264 -19.195213 0.642845
v 4.598277 -19.177109 0.528519
v 4.443008 -19.207001 0.717255
v 4.403117 -19.188478 0.600246
v 4.264766 -19.215702 0.772194
v 4.472927 -19.229460 0.803654
v 4.482900 -19.259781 0.828835
v 4.290758 -19.238356 0.859810
v 4.299422 -19.268736 0.885399
v 4.106658 -19.245930 0.907612
v 4.114069 -19.276358 0.933525
v 3.924261 -19.252230 0.947449
v 4.084424 -19.223116 0.819008
v 4.054780 -19.204124 0.699070
v 3.905321 -19.229303 0.858112
v 3.880067 -19.210152 0.737190
v 3.730791 -19.234344 0.889927
v 3.708909 -19.215103 0.768364
v 3.552790 -19.238781 0.917912
v 3.747203 -19.257343 0.979740
v 3.752673 -19.287848 1.006062
v 3.566991 -19.261837 1.008076
v 3.571725 -19.292358 1.034515
v 3.375137 -19.266266 1.036049
v 3.379092 -19.296803 1.062603
v 3.201506 -19.269808 1.058422
v 3.363273 -19.243151 0.945545
v 3.347455 -19.223753 0.823063
v 3.180909 -19.246767 0.968292
v 3.153448 -19.227434 0.846313
v 3.024371 -19.248873 0.981617
v 2.955577 -19.229933 0.862057
v 2.916635 -19.257490 1.035999
v 3.075964 -19.271641 1.069931
v 3.093163 -19.302055 1.095757
v 2.999831 -19.278225 1.111530
v 3.027562 -19.307959 1.133091
v 2.953640 -19.294947 1.217106
v 2.984885 -19.322935 1.227570
v 2.949948 -19.313398 1.333603
v 2.859902 -19.279480 1.174877
v 2.755702 -19.271385 1.123798
v 2.855477 -19.297928 1.291374
v 2.758591 -19.292269 1.255642
v 2.901120 -19.410271 2.000679
v 2.775970 -19.411600 2.009056
v 2.994981 -19.417837 1.993042
v 2.963017 -19.478037 2.428520
v 2.837431 -19.479170 2.435715
v 3.010626 -19.554808 2.913239
v 3.057206 -19.485744 2.421764
v 3.088603 -19.511152 2.415897
v 3.104747 -19.563374 2.911949
v 3.136120 -19.589069 2.907906
v 3.081379 -19.645485 3.430378
v 3.112393 -19.671768 3.430126
v 2.987833 -19.724850 3.931427
v 2.988338 -19.635111 3.420277
v 2.864284 -19.632700 3.405003
v 2.897714 -19.712206 3.907001
v 2.777556 -19.706755 3.872623
v 2.740314 -19.779324 4.330772
v 2.627620 -19.770857 4.277355
v 2.556096 -19.832350 4.665604
v 2.824836 -19.794237 4.369480
v 2.853008 -19.822031 4.378765
v 2.633372 -19.849285 4.717026
v 2.659131 -19.877758 4.730549
v 2.454432 -19.885637 4.946541
v 2.477569 -19.914612 4.963272
v 2.276141 -19.911482 5.109795
v 2.385021 -19.867178 4.885502
v 2.292474 -19.854015 4.802307
v 2.214632 -19.891891 5.041416
v 2.132618 -19.877150 4.948441
v 2.032472 -19.914503 5.184296
v 1.960261 -19.898544 5.083496
v 1.818887 -19.935663 5.317871
v 2.086629 -19.935041 5.258541
v 2.104682 -19.964718 5.279671
v 1.866543 -19.956894 5.396477
v 1.882428 -19.986801 5.419067
v 1.596529 -19.977610 5.527298
v 1.610630 -20.007673 5.550827
v 1.309475 -19.997221 5.651142
v 1.554226 -19.955925 5.445862
v 1.497822 -19.938454 5.335468
v 1.271299 -19.975267 5.567921
v 1.220398 -19.957407 5.455158
v 1.002919 -19.993610 5.683708
v 0.955790 -19.975494 5.569317
v 0.744646 -20.010128 5.787979
v 1.038267 -20.015757 5.768147
v 1.050049 -20.045973 5.792675
v 0.777665 -20.032410 5.873344
v 0.788671 -20.062681 5.898186
v 0.522432 -20.046427 5.961761
v 0.532563 -20.076736 5.986893
v 0.247345 -20.059895 6.046806
v 0.492040 -20.023979 5.875504
v 0.451517 -20.005484 5.758682
v 0.219321 -20.037331 5.959805
v 0.181956 -20.018679 5.841991
v -0.099289 -20.052324 6.054413
v -0.134585 -20.033552 5.935974
v -0.445108 -20.067884 6.152744
v -0.072817 -20.074947 6.141880
v -0.063993 -20.105328 6.167423
v -0.419899 -20.090584 6.240570
v -0.411496 -20.120981 6.266232
v -0.775746 -20.105768 6.336452
v -0.767844 -20.136189 6.362247
v -1.096432 -20.118729 6.418255
v -0.799451 -20.083006 6.248222
v -0.831059 -20.064100 6.128773
v -1.118671 -20.095922 6.329651
v -1.148323 -20.076923 6.209705
v -1.359117 -20.104807 6.385830
v -1.387229 -20.085758 6.265522
v -1.587482 -20.112652 6.435295
v -1.338032 -20.127665 6.474701
v -1.331004 -20.158104 6.500710
v -1.581377 -20.136013 6.527412
v -1.579341 -20.166639 6.554501
v -1.803376 -20.143627 6.575485
v -1.815653 -20.174738 6.605675
v -2.000840 -20.139791 6.551220
v -1.766543 -20.118788 6.474075
v -1.717433 -20.097088 6.337055
v -1.921319 -20.115751 6.454960
v -1.972912 -20.092520 6.308216
v -1.815292 -20.095142 6.324802
v -1.847912 -20.080360 6.231491
v -1.847912 -20.061821 6.114388
v -1.972912 -20.064863 6.133572
v -1.847912 -19.999146 5.718636
v -1.972912 -19.999146 5.718636
v -1.847912 -19.859604 4.837696
v -1.972912 -19.859604 4.837696
v -1.847912 -19.777670 4.320366
v -1.972912 -19.777670 4.320366
v -1.847912 -19.707321 3.876148
v -1.972912 -19.707321 3.876148
v -1.847912 -19.645859 3.488022
v -2.066661 -19.786242 4.319012
v -2.066662 -19.868183 4.836338
v -2.097911 -19.893862 4.832272
v -2.066661 -20.007708 5.717281
v -2.066661 -20.075701 6.146599
v -2.097911 -20.033382 5.713211
v -2.097911 -20.102142 6.147327
v -2.097911 -20.097795 5.703011
v -2.097911 -20.166550 6.137123
v -2.097912 -19.958269 4.822071
v -2.097911 -20.203321 6.369312
v -2.027347 -20.235027 6.569492
v -2.097911 -20.452749 6.329807
v -2.097911 -20.138916 6.379513
v -2.027347 -20.170622 6.579693
v -2.066661 -20.110193 6.364399
v -2.027347 -20.484451 6.529987
v -1.815653 -20.239147 6.595474
v -1.579341 -20.231041 6.544300
v -1.331004 -20.222515 6.490509
v -1.089019 -20.213570 6.433971
v -0.767844 -20.200581 6.352047
v -1.089019 -20.149160 6.444176
v -0.411496 -20.185381 6.256031
v -0.767844 -20.450006 6.312542
v -0.411496 -20.434803 6.216530
v -0.063993 -20.169735 6.157223
v 0.256687 -20.154648 6.061989
v 0.532563 -20.141144 5.976696
v 0.256687 -20.090240 6.072189
v 0.788671 -20.127090 5.887981
v 1.050049 -20.110380 5.782478
v 1.322200 -20.091784 5.665062
v 1.610630 -20.072073 5.540627
v 1.322200 -20.027376 5.675262
v 1.882428 -20.051210 5.408863
v 1.610630 -20.321487 5.501125
v 1.882428 -20.300623 5.369362
v 2.104682 -20.029131 5.269470
v 2.296645 -20.005249 5.118767
v 2.477569 -19.979019 4.953072
v 2.296645 -19.940849 5.128967
v 2.659131 -19.942152 4.720348
v 2.853008 -19.886438 4.368565
v 3.017871 -19.816301 3.925751
v 2.853008 -20.135860 4.329063
v 3.017871 -20.065718 3.886246
v 3.112393 -19.736189 3.419926
v 3.017872 -19.751905 3.935951
v 3.136120 -19.653477 2.897705
v 3.088603 -19.575542 2.405697
v 3.026267 -19.507597 1.976677
v 2.981459 -19.405788 1.333862
v 3.026267 -19.443192 1.986874
v 2.981459 -19.341383 1.344063
v 2.984885 -19.387342 1.217369
v 3.027562 -19.372374 1.122890
v 2.984885 -19.636749 1.177860
v 3.027562 -19.621796 1.083385
v 3.093163 -19.366457 1.085556
v 3.208371 -19.364725 1.074646
v 3.379092 -19.361208 1.052402
v 3.208371 -19.300325 1.084843
v 3.571725 -19.356750 1.024311
v 3.752673 -19.352249 0.995861
v 3.930575 -19.347120 0.963409
v 3.752673 -19.601686 0.956360
v 3.930575 -19.596539 0.923908
v 4.114069 -19.590191 0.883820
v 3.930574 -19.660934 0.913708
v 4.114069 -19.654583 0.873619
v 4.110364 -19.677906 0.854557
v 4.299422 -19.646969 0.825493
v 4.299422 -19.582561 0.835693
v 4.482900 -19.638008 0.768929
v 4.295090 -19.670300 0.806595
v 4.282094 -19.671827 0.760754
v 4.477913 -19.661373 0.750237
v 4.686376 -19.649221 0.673485
v 4.462954 -19.662991 0.705002
v 4.668756 -19.650991 0.629253
v 4.443008 -19.653727 0.646500
v 4.645264 -19.641939 0.572090
v 4.423063 -19.644449 0.587997
v 4.264766 -19.662420 0.701443
v 4.084424 -19.669842 0.748253
v 4.247438 -19.653032 0.642128
v 4.234442 -19.664902 0.594643
v 4.069602 -19.660341 0.688282
v 4.058485 -19.672152 0.640308
v 3.892694 -19.666462 0.726898
v 3.883224 -19.678213 0.678555
v 3.880067 -19.732609 0.654442
v 3.880067 -19.874996 0.631889
v 3.708909 -19.737537 0.685612
v 4.054780 -19.726578 0.616322
v 4.230109 -19.719358 0.570816
v 4.403117 -19.710920 0.517502
v 4.598277 -19.699554 0.445766
v 4.408104 -19.656435 0.541122
v 4.604150 -19.645027 0.469055
v 4.847262 -19.628983 0.367744
v 4.621770 -19.632887 0.514927
v 4.868855 -19.616570 0.411942
v 5.109427 -19.597116 0.289104
v 4.897644 -19.625269 0.466869
v 5.145492 -19.605114 0.339569
v 4.926432 -19.633970 0.521801
v 5.181558 -19.613098 0.390038
v 4.948025 -19.631937 0.564354
v 5.208605 -19.610538 0.429241
v 4.955221 -19.608427 0.582153
v 4.692250 -19.625801 0.691845
v 4.955221 -19.544020 0.592358
v 5.217621 -19.586849 0.445923
v 5.217621 -19.522444 0.456127
v 5.425255 -19.562025 0.289211
v 5.425255 -19.497629 0.299412
v 5.413868 -19.586040 0.274536
v 5.573404 -19.534130 0.113045
v 5.573406 -19.469723 0.123241
v 5.657349 -19.503305 -0.081554
v 5.559729 -19.558605 0.101387
v 5.518703 -19.563566 0.077278
v 5.642107 -19.528452 -0.089043
v 5.661275 -19.498001 -0.281315
v 5.596385 -19.535393 -0.100658
v 5.614060 -19.507069 -0.279488
v 5.535420 -19.533220 -0.114334
v 5.551106 -19.507736 -0.275238
v 5.474457 -19.531044 -0.128010
v 5.464003 -19.558758 0.046932
v 5.334153 -19.582838 0.198914
v 5.409302 -19.553951 0.016594
v 5.368276 -19.569281 -0.009159
v 5.288600 -19.576101 0.156479
v 5.254437 -19.590008 0.121651
v 5.243049 -19.645109 0.102051
v 5.082378 -19.610062 0.248257
v 5.073362 -19.664846 0.226646
v 4.840065 -19.683596 0.345020
v 5.354600 -19.624882 -0.025738
v 5.413493 -19.604612 -0.153675
v 5.354600 -19.767269 -0.048290
v 5.425200 -19.584797 -0.278732
v 5.428734 -19.548363 -0.141266
v 5.440938 -19.527842 -0.270798
v 5.410020 -19.508347 -0.393894
v 5.488154 -19.508402 -0.270985
v 5.454481 -19.487022 -0.405994
v 5.387436 -19.467621 -0.528538
v 5.513761 -19.483837 -0.426117
v 5.440281 -19.462418 -0.561378
v 5.573042 -19.480652 -0.446247
v 5.493128 -19.457205 -0.594223
v 5.617503 -19.469700 -0.459988
v 5.532763 -19.444752 -0.617496
v 5.632323 -19.443220 -0.460949
v 5.677013 -19.472141 -0.278309
v 5.632323 -19.378803 -0.450748
v 5.545973 -19.417767 -0.621635
v 5.545973 -19.353355 -0.611435
v 5.440661 -19.397036 -0.752537
v 5.440661 -19.332624 -0.742336
v 5.429025 -19.424349 -0.746284
v 5.325769 -19.380194 -0.858871
v 5.325769 -19.315783 -0.848671
v 5.210683 -19.366402 -0.945877
v 5.315583 -19.407734 -0.851250
v 5.285031 -19.421848 -0.817535
v 5.201741 -19.394096 -0.937286
v 5.087720 -19.382879 -1.008156
v 5.174916 -19.408669 -0.900673
v 5.064068 -19.397764 -0.969532
v 5.139149 -19.416700 -0.850044
v 5.032528 -19.406210 -0.916229
v 5.103383 -19.424709 -0.799416
v 5.244294 -19.429251 -0.770771
v 5.347565 -19.444357 -0.675407
v 5.203556 -19.436665 -0.724007
v 5.173003 -19.461140 -0.691936
v 5.301018 -19.450891 -0.634129
v 5.266106 -19.474722 -0.606171
v 5.254469 -19.533157 -0.604843
v 5.347800 -19.490450 -0.506905
v 5.334589 -19.548534 -0.507687
v 5.334589 -19.690924 -0.530239
v 5.395200 -19.565928 -0.397858
v 5.162818 -19.519787 -0.689240
v 5.067616 -19.508459 -0.760780
v 4.969454 -19.498825 -0.821609
v 5.076558 -19.449657 -0.764442
v 4.977337 -19.439913 -0.825943
v 4.875913 -19.431557 -0.878685
v 5.000992 -19.414660 -0.862923
v 4.896878 -19.406076 -0.917103
v 4.791759 -19.398603 -0.964233
v 4.924832 -19.397322 -0.972328
v 4.816899 -19.389662 -1.020748
v 4.952787 -19.388586 -1.027550
v 4.842041 -19.380699 -1.077267
v 4.973751 -19.373461 -1.067612
v 4.860896 -19.365429 -1.118298
v 4.980740 -19.345592 -1.077347
v 5.095605 -19.355074 -1.017414
v 4.980739 -19.281181 -1.067146
v 4.867180 -19.337505 -1.128357
v 4.867180 -19.273098 -1.118156
v 4.756018 -19.330427 -1.173119
v 4.756018 -19.265997 -1.162918
v 4.750212 -19.358381 -1.162857
v 4.578159 -19.320112 -1.238182
v 4.572649 -19.348089 -1.227810
v 4.578158 -19.255705 -1.227978
v 4.264510 -19.302387 -1.350090
v 4.264510 -19.237991 -1.339890
v 4.259150 -19.330370 -1.339664
v 3.883281 -19.280966 -1.485313
v 3.883281 -19.216560 -1.475117
v 3.877978 -19.308954 -1.474865
v 3.862077 -19.324417 -1.432671
v 3.840874 -19.333616 -1.374599
v 4.243073 -19.345823 -1.297531
v 4.221634 -19.355003 -1.239544
v 4.556117 -19.363506 -1.185844
v 4.534078 -19.372656 -1.128078
v 4.732795 -19.373745 -1.121223
v 4.709573 -19.382822 -1.063908
v 4.686350 -19.391905 -1.006588
v 4.668935 -19.417627 -0.966599
v 4.512037 -19.381809 -1.070312
v 4.495506 -19.407600 -1.029987
v 4.200197 -19.364189 -1.181561
v 4.184118 -19.390009 -1.141064
v 3.819672 -19.342817 -1.316528
v 3.803769 -19.368633 -1.275978
v 3.798470 -19.427738 -1.270454
v 4.178759 -19.449097 -1.135563
v 4.489996 -19.466686 -1.024544
v 4.489996 -19.609076 -1.047096
v 4.663129 -19.476704 -0.961266
v 4.766618 -19.483282 -0.919712
v 4.772904 -19.424252 -0.924847
v 4.868924 -19.490536 -0.873875
v 3.460428 -19.312233 -1.509548
v 3.502677 -19.195181 -1.610115
v 3.883281 -18.967148 -1.435612
v 3.502677 -18.945757 -1.570614
v 4.264510 -18.988556 -1.300388
v 4.578158 -19.006289 -1.188477
v 4.756018 -19.016594 -1.123413
v 4.578159 -18.941883 -1.178276
v 4.867180 -19.023685 -1.078651
v 4.980739 -19.031759 -1.027645
v 5.095605 -19.041254 -0.967709
v 5.095605 -19.290674 -1.007214
v 5.210683 -19.052588 -0.896172
v 5.095605 -18.976845 -0.957508
v 5.210683 -19.302010 -0.935677
v 5.325769 -19.066357 -0.809166
v 5.440661 -19.083199 -0.702827
v 5.545973 -19.103933 -0.571934
v 5.632323 -19.129383 -0.411247
v 5.545973 -19.039534 -0.561733
v 5.677013 -19.158310 -0.228607
v 5.677013 -19.407749 -0.268108
v 5.657349 -19.189472 -0.031853
v 5.657349 -19.438900 -0.071354
v 5.573406 -19.220299 0.162746
v 5.425255 -19.248192 0.338913
v 5.573404 -19.155905 0.172947
v 5.217621 -19.273020 0.495628
v 4.955221 -19.294603 0.631859
v 4.692250 -19.311968 0.741547
v 4.692250 -19.561392 0.702045
v 4.482900 -19.324179 0.818634
v 4.692250 -19.247568 0.751747
v 4.482900 -19.573599 0.779129
v 4.299422 -19.333139 0.875198
v 4.114069 -19.340765 0.923325
v 3.178890 -18.927574 -1.685459
v 2.968108 -18.915735 -1.760227
v 3.178890 -18.863167 -1.675259
v 2.808263 -18.906750 -1.816925
v 2.637289 -18.897146 -1.877571
v 2.453939 -18.886837 -1.942600
v 2.637289 -19.146561 -1.917072
v 2.453939 -19.136261 -1.982109
v 2.256973 -18.875774 -2.012470
v 2.453939 -18.822447 -1.932404
v 2.047436 -18.864006 -2.086792
v 1.826372 -18.851589 -2.165203
v 1.599973 -18.838867 -2.245510
v 1.374428 -18.826197 -2.325508
v 1.599973 -18.774471 -2.235310
v 1.173331 -18.814905 -2.396843
v 1.020275 -18.806305 -2.451130
v 0.886910 -18.798813 -2.498432
v 0.744887 -18.790836 -2.548813
v 0.886910 -18.734402 -2.488235
v 0.744887 -19.040264 -2.588314
v 0.546308 -18.779669 -2.619247
v 0.454275 -18.774532 -2.651703
v 0.399250 -18.771481 -2.670963
v 0.313783 -18.766745 -2.700878
v 0.399250 -18.707073 -2.660763
v 0.313783 -18.702339 -2.690678
v 0.201363 -18.760818 -2.738266
v 0.313783 -19.016169 -2.740379
v 0.201363 -19.010256 -2.777771
v 0.085445 -19.006065 -2.804146
v 0.201363 -19.074648 -2.787971
v 0.085445 -19.070477 -2.814346
v -0.110204 -19.074421 -2.789448
v 0.085450 -19.098642 -2.802765
v -0.107976 -19.102558 -2.778023
v 0.085466 -19.114632 -2.757175
v -0.101293 -19.118477 -2.732899
v 0.085487 -19.124552 -2.694580
v -0.092383 -19.128288 -2.670925
v 0.085508 -19.134466 -2.631985
v 0.085514 -19.159029 -2.440697
v 0.161997 -19.137550 -2.612503
v 0.036658 -19.159794 -2.550495
v -0.083472 -19.138113 -2.608952
v -0.253072 -19.146540 -2.555767
v -0.076789 -19.164410 -2.565472
v -0.240762 -19.172544 -2.514050
v -0.074561 -19.223644 -2.558975
v -0.236659 -19.231699 -2.508137
v 0.019221 -19.228559 -2.527958
v 0.050390 -19.238007 -2.431118
v 0.057015 -19.179977 -2.427311
v 0.050466 -19.315325 -1.973644
v 0.050466 -19.457720 -1.996193
v -0.236659 -19.374098 -2.530693
v -0.472865 -19.243433 -2.434063
v -0.746126 -19.257002 -2.348366
v -0.477594 -19.184305 -2.439777
v -0.750855 -19.197887 -2.354080
v -0.491780 -19.158400 -2.480907
v -0.765040 -19.171968 -2.395206
v -0.510694 -19.149080 -2.539742
v -0.783955 -19.162640 -2.454044
v -0.269486 -19.137094 -2.615387
v -0.529608 -19.139751 -2.598576
v -0.802869 -19.153334 -2.512882
v -0.543794 -19.124207 -2.641346
v -0.285899 -19.127644 -2.675007
v -0.298209 -19.112001 -2.718365
v -0.302312 -19.083958 -2.729202
v -0.302312 -19.019550 -2.719002
v -0.548522 -19.096188 -2.651985
v -0.548522 -19.031778 -2.641788
v -0.821783 -19.109755 -2.566292
v -0.821783 -19.045357 -2.556091
v -1.095044 -19.123331 -2.480595
v -0.817055 -19.137785 -2.555649
v -1.090316 -19.151348 -2.469955
v -1.333420 -19.163422 -2.393715
v -1.076130 -19.166893 -2.427185
v -1.319234 -19.178982 -2.350945
v -1.057216 -19.176222 -2.368347
v -1.300319 -19.188295 -2.292110
v -1.038301 -19.185543 -2.309509
v -1.024116 -19.211456 -2.268383
v -1.281405 -19.197617 -2.233273
v -1.267220 -19.223537 -2.192142
v -1.464194 -19.206696 -2.175945
v -1.450008 -19.232615 -2.134819
v -1.635776 -19.215221 -2.122139
v -1.483108 -19.197374 -2.234783
v -1.654568 -19.205879 -2.181015
v -1.502023 -19.188061 -2.293621
v -1.673360 -19.196566 -2.239887
v -1.516208 -19.172501 -2.336391
v -1.687455 -19.181009 -2.282688
v -1.520937 -19.144482 -2.347031
v -1.338148 -19.135405 -2.404354
v -1.520937 -19.080091 -2.336830
v -1.692153 -19.152998 -2.293339
v -1.692153 -19.088581 -2.283134
v -1.796620 -19.158188 -2.260574
v -1.796620 -19.093784 -2.250374
v -1.792013 -19.186195 -2.249897
v -2.073719 -19.171089 -2.179100
v -2.069357 -19.199121 -2.168346
v -2.073719 -19.106678 -2.168900
v -2.189841 -19.176199 -2.146770
v -2.189841 -19.111805 -2.136566
v -2.185541 -19.204243 -2.136002
v -2.305963 -19.181326 -2.114437
v -2.494936 -19.189663 -2.061829
v -2.301724 -19.209366 -2.103653
v -2.305963 -19.116922 -2.104240
v -2.305963 -18.867508 -2.064735
v -2.494936 -19.125252 -2.051632
v -2.494936 -18.875834 -2.012123
v -2.764838 -19.137159 -1.976486
v -2.764838 -18.887735 -1.936985
v -2.764838 -19.201565 -1.986687
v -3.023236 -19.147533 -1.910931
v -3.023236 -18.898113 -1.871426
v -3.429238 -19.162354 -1.817402
v -3.023236 -19.211945 -1.921131
v -3.429238 -19.226759 -1.827602
v -3.020410 -19.240036 -1.909969
v -3.426846 -19.254873 -1.816341
v -3.011930 -19.255846 -1.865635
v -2.761577 -19.229647 -1.975632
v -2.751792 -19.245398 -1.931610
v -2.490941 -19.217707 -2.050976
v -2.478957 -19.233364 -2.007568
v -2.449405 -19.248411 -1.912586
v -2.289006 -19.224983 -2.060448
v -2.172639 -19.219860 -2.092846
v -2.272195 -19.241560 -1.955830
v -2.253130 -19.268787 -1.757805
v -2.104168 -19.233974 -2.003727
v -1.974397 -19.260496 -1.836807
v -2.027275 -19.222759 -2.074524
v -1.934249 -19.236053 -2.017387
v -1.759766 -19.211109 -2.148022
v -2.056271 -19.214727 -2.125240
v -1.778193 -19.201759 -2.207012
v -1.741339 -19.220453 -2.089031
v -1.727518 -19.246391 -2.047791
v -1.855591 -19.251390 -1.972164
v -1.722912 -19.305519 -2.042038
v -1.621682 -19.241142 -2.080982
v -1.616984 -19.300255 -2.075260
v -1.445280 -19.291729 -2.129105
v -1.262491 -19.282650 -2.186428
v -1.262491 -19.425053 -2.208984
v -1.019387 -19.270576 -2.262669
v -1.816661 -19.319460 -1.954060
v -1.816662 -19.461847 -1.976612
v -1.848004 -19.331131 -1.843178
v -1.889117 -19.274094 -1.835712
v -1.847912 -19.405838 -1.408703
v -1.886953 -19.349594 -1.396244
v -1.847912 -19.512739 -0.733715
v -1.887268 -19.460920 -0.693371
v -1.847912 -19.555342 -0.464798
v -1.887096 -19.502096 -0.433346
v -1.847912 -19.587408 -0.262352
v -1.887124 -19.532438 -0.241817
v -1.847912 -19.619465 -0.059898
v -1.847912 -19.729790 -0.284904
v -1.887611 -19.562929 -0.049294
v -1.888219 -19.608057 0.235657
v -1.968651 -19.550573 -0.043964
v -1.971082 -19.592556 0.221748
v -2.158128 -19.566465 0.095566
v -1.966701 -19.523336 -0.216377
v -2.235606 -19.542639 -0.054878
v -2.237655 -19.522577 -0.181538
v -2.451206 -19.531443 -0.125580
v -2.238280 -19.560392 0.057224
v -2.462680 -19.548624 -0.017109
v -2.252288 -19.571520 0.127514
v -2.267044 -19.596327 0.161556
v -2.208272 -19.577007 0.162083
v -2.478211 -19.559338 0.050526
v -3.038902 -19.528069 -0.146828
v -2.491382 -19.583874 0.082943
v -2.495772 -19.642529 0.085751
v -3.051543 -19.552521 -0.114956
v -3.611112 -19.521183 -0.312885
v -3.055758 -19.611156 -0.112328
v -3.615326 -19.579817 -0.310257
v -3.055758 -19.753557 -0.134880
v -3.055758 -20.305016 -0.222221
v -2.495772 -19.784927 0.063198
v -3.615327 -19.722200 -0.332809
v -3.615327 -20.273666 -0.420155
v -3.837879 -19.709728 -0.411530
v -3.837880 -20.261198 -0.498875
v -3.891201 -19.706749 -0.430389
v -3.837879 -19.567341 -0.388977
v -3.891201 -19.564352 -0.407837
v -3.833665 -19.508707 -0.391605
v -3.886986 -19.505720 -0.410469
v -3.821022 -19.484259 -0.423477
v -3.598469 -19.496727 -0.344757
v -3.874343 -19.481264 -0.442337
v -3.778837 -19.475769 -0.477020
v -3.556902 -19.488047 -0.399616
v -3.685999 -19.465071 -0.544666
v -3.837901 -19.472662 -0.496708
v -3.762289 -19.461561 -0.566826
v -3.895985 -19.469704 -0.515312
v -3.839010 -19.458483 -0.586208
v -3.962630 -19.466385 -0.536301
v -3.926215 -19.478365 -0.460686
v -3.938858 -19.502815 -0.428814
v -3.987118 -19.474960 -0.482227
v -3.999762 -19.499403 -0.450359
v -4.067533 -19.470449 -0.510670
v -4.080181 -19.494902 -0.478802
v -4.150037 -19.465818 -0.539864
v -4.047377 -19.462141 -0.563129
v -4.020637 -19.451946 -0.627518
v -4.133158 -19.457899 -0.589855
v -4.117861 -19.448780 -0.647430
v -4.202907 -19.454632 -0.610542
v -4.200158 -19.446709 -0.660522
v -4.256741 -19.451767 -0.628593
v -4.217210 -19.462055 -0.563652
v -4.232271 -19.486374 -0.532635
v -4.270310 -19.458603 -0.585373
v -4.288193 -19.482714 -0.555710
v -4.310600 -19.454975 -0.608379
v -4.332129 -19.478708 -0.581055
v -4.344656 -19.450556 -0.636265
v -4.294777 -19.448793 -0.647400
v -4.304721 -19.443068 -0.683590
v -4.324004 -19.447155 -0.657806
v -4.338169 -19.442434 -0.687550
v -4.356694 -19.437927 -0.715969
v -4.379054 -19.444794 -0.672638
v -4.412505 -19.466616 -0.657379
v -4.403107 -19.438881 -0.709949
v -4.441299 -19.458942 -0.705841
v -4.406126 -19.434011 -0.740650
v -4.442814 -19.451700 -0.751530
v -4.385154 -19.429434 -0.769611
v -4.359482 -19.434875 -0.735241
v -4.317388 -19.434128 -0.740021
v -4.354098 -19.431627 -0.755787
v -4.317272 -19.429955 -0.766266
v -4.252278 -19.426346 -0.789139
v -4.337235 -19.424349 -0.801704
v -4.359736 -19.438520 -0.834732
v -4.261702 -19.419464 -0.832516
v -4.275897 -19.432999 -0.869682
v -4.157884 -19.415497 -0.857616
v -4.166282 -19.428699 -0.896736
v -4.033304 -19.412767 -0.874889
v -4.156549 -19.423145 -0.809315
v -4.174936 -19.430830 -0.760746
v -4.038499 -19.420910 -0.823475
v -4.065481 -19.429802 -0.767323
v -3.906543 -19.420132 -0.828308
v -3.942378 -19.430107 -0.765354
v -3.766672 -19.420799 -0.824146
v -3.895482 -19.411600 -0.882206
v -3.896477 -19.424673 -0.922230
v -3.749423 -19.412006 -0.879631
v -3.747639 -19.425091 -0.919621
v -3.600133 -19.413971 -0.867241
v -3.595724 -19.427076 -0.907024
v -3.452115 -19.417461 -0.845234
v -3.624876 -19.422821 -0.811340
v -3.687339 -19.433844 -0.741722
v -3.484694 -19.426237 -0.789825
v -3.564170 -19.437178 -0.720745
v -3.349670 -19.431025 -0.759544
v -3.444895 -19.441628 -0.692619
v -3.137292 -19.441399 -0.694046
v -3.309871 -19.422434 -0.813801
v -3.300807 -19.435677 -0.852745
v -3.098427 -19.432737 -0.748711
v -3.089557 -19.445978 -0.787674
v -2.742808 -19.452229 -0.625706
v -2.738738 -19.465279 -0.665821
v -2.406345 -19.471020 -0.507080
v -2.765048 -19.461542 -0.566875
v -2.407963 -19.481092 -0.443455
v -2.820907 -19.473824 -0.489376
v -2.891469 -19.488279 -0.398098
v -2.421805 -19.495077 -0.355137
v -3.230235 -19.452192 -0.625957
v -3.349145 -19.464243 -0.549870
v -3.566640 -19.453291 -0.618999
v -3.465913 -19.476700 -0.471203
v -2.957812 -19.504145 -0.297932
v -3.010201 -19.518412 -0.207851
v -3.665161 -19.449278 -0.644306
v -3.765918 -19.446068 -0.664600
v -3.871890 -19.443375 -0.681637
v -3.922884 -19.455429 -0.605534
v -3.986055 -19.440901 -0.697159
v -3.813657 -19.431538 -0.756329
v -4.097514 -19.439186 -0.708084
v -4.195366 -19.438673 -0.711338
v -4.271874 -19.438557 -0.711983
v -4.263714 -19.445028 -0.671131
v -4.319301 -19.438076 -0.715084
v -4.261866 -19.432510 -0.750141
v -2.439133 -19.512142 -0.247414
v -2.237818 -19.504528 -0.295498
v -1.966591 -19.496515 -0.385761
v -2.241064 -19.489691 -0.389210
v -2.153294 -19.486221 -0.411083
v -2.252365 -19.479240 -0.455120
v -2.263862 -19.492001 -0.497128
v -2.205281 -19.478251 -0.461411
v -2.223150 -19.491142 -0.502483
v -2.189504 -19.469362 -0.517536
v -2.188136 -19.327602 -1.412560
v -2.209558 -19.482750 -0.555489
v -2.130091 -19.469931 -0.513935
v -2.129901 -19.323940 -1.435680
v -1.967279 -19.458185 -0.627609
v -1.966187 -19.336287 -1.396740
v -2.153897 -19.307524 -1.539303
v -2.246936 -19.301857 -1.575104
v -2.204413 -19.317795 -1.474552
v -2.253492 -19.313995 -1.498444
v -2.222933 -19.339088 -1.462578
v -2.229106 -19.396681 -1.466579
v -2.264143 -19.335560 -1.484833
v -2.209217 -19.348372 -1.403934
v -2.216243 -19.405775 -1.409058
v -2.216243 -19.537703 -0.576138
v -2.216243 -19.548174 -1.431610
v -2.216243 -20.099625 -1.518955
v -2.216243 -19.680098 -0.598690
v -2.229106 -19.539055 -1.489132
v -2.229106 -20.090527 -1.576473
v -2.267694 -19.535624 -1.510849
v -2.267694 -20.087074 -1.598190
v -2.392295 -19.534077 -1.520580
v -2.267694 -19.393234 -1.488297
v -2.392295 -19.391685 -1.498024
v -2.391227 -19.333996 -1.494682
v -2.663200 -19.388273 -1.519592
v -2.969112 -19.384485 -1.543499
v -2.663200 -19.530668 -1.542145
v -2.662564 -19.330616 -1.516068
v -2.968469 -19.326656 -1.541019
v -2.660655 -19.309080 -1.529491
v -2.388023 -19.312386 -1.508625
v -2.966543 -19.304636 -1.557568
v -2.663312 -19.299030 -1.590927
v -2.966705 -19.292339 -1.630470
v -2.394722 -19.301458 -1.577648
v -2.692611 -19.277119 -1.706905
v -2.414157 -19.272137 -1.737633
v -2.728463 -19.259367 -1.843388
v -2.994826 -19.269659 -1.778393
v -3.408794 -19.283279 -1.692390
v -3.633782 -19.285070 -1.681038
v -3.406592 -19.295748 -1.613724
v -3.419669 -19.270710 -1.771709
v -3.187359 -19.288502 -1.659454
v -3.200843 -19.299604 -1.589378
v -3.199260 -19.323404 -1.561546
v -3.401467 -19.321386 -1.574360
v -3.198733 -19.381832 -1.560265
v -3.399758 -19.380402 -1.569237
v -3.198733 -19.524212 -1.582817
v -3.198733 -20.075682 -1.670158
v -2.969112 -19.526880 -1.566051
v -3.399758 -19.522797 -1.591793
v -3.399758 -20.074259 -1.679131
v -3.619878 -19.522722 -1.592327
v -3.619878 -20.074177 -1.679672
v -3.884581 -19.525133 -1.577049
v -3.619878 -19.380327 -1.569775
v -3.884581 -19.382744 -1.554497
v -3.621616 -19.321083 -1.576187
v -3.886144 -19.323521 -1.560886
v -3.626831 -19.294840 -1.619411
v -3.890831 -19.297279 -1.604034
v -3.897081 -19.287533 -1.665558
v -4.227870 -19.303423 -1.565186
v -4.221488 -19.329622 -1.522320
v -4.601721 -19.313301 -1.502861
v -4.236382 -19.293747 -1.626339
v -4.614078 -19.303724 -1.563366
v -4.244893 -19.284058 -1.687496
v -4.626434 -19.294146 -1.623875
v -4.251277 -19.268229 -1.732006
v -3.903331 -19.277788 -1.727085
v -3.640735 -19.275311 -1.742664
v -3.908018 -19.261908 -1.771877
v -3.645950 -19.259438 -1.787529
v -3.909580 -19.233786 -1.783188
v -3.909580 -19.169394 -1.772991
v -4.253405 -19.240126 -1.743229
v -3.647688 -19.231304 -1.798870
v -3.647688 -19.166912 -1.788666
v -3.647688 -18.917486 -1.749161
v -3.909580 -18.919968 -1.733482
v -3.429238 -18.912930 -1.777897
v -3.429237 -18.848522 -1.767696
v -3.023236 -18.833719 -1.861221
v -4.253405 -18.926296 -1.693523
v -4.638789 -18.936481 -1.629250
v -4.253405 -19.175718 -1.733028
v -4.638789 -19.185888 -1.668751
v -5.025369 -19.199930 -1.580132
v -4.638789 -19.250303 -1.678951
v -4.635701 -19.278391 -1.667896
v -5.025369 -19.264339 -1.590332
v -5.021268 -19.292377 -1.579506
v -5.392394 -19.281540 -1.481800
v -5.392394 -19.217129 -1.471600
v -5.719120 -19.301165 -1.357803
v -5.387012 -19.309505 -1.471394
v -5.370869 -19.324944 -1.429329
v -5.711969 -19.329033 -1.348114
v -5.986413 -19.352194 -1.201897
v -5.690524 -19.344124 -1.308197
v -5.958234 -19.366625 -1.166225
v -5.661929 -19.352842 -1.253162
v -5.920662 -19.374434 -1.116863
v -5.633334 -19.361559 -1.198128
v -5.349345 -19.334122 -1.371433
v -4.992562 -19.317459 -1.476616
v -5.327819 -19.343287 -1.313541
v -5.311675 -19.369091 -1.273117
v -4.976160 -19.326887 -1.417049
v -4.963859 -19.352898 -1.375370
v -4.959757 -19.412045 -1.369473
v -4.592454 -19.339413 -1.460484
v -4.589366 -19.398600 -1.454350
v -4.589366 -19.540995 -1.476902
v -4.219360 -19.388832 -1.516022
v -4.219360 -19.531231 -1.538574
v -4.219360 -20.082693 -1.625919
v -3.884581 -20.076588 -1.664394
v -4.589365 -20.092453 -1.564243
v -4.219360 -20.225080 -1.648472
v -4.213177 -20.283609 -1.646492
v -3.884581 -20.218987 -1.686947
v -4.589366 -20.234852 -1.586796
v -4.578817 -20.293217 -1.585857
v -4.959757 -20.248281 -1.501923
v -4.944602 -20.306456 -1.502258
v -5.306294 -20.264420 -1.400089
v -4.959757 -20.105902 -1.479370
v -4.959757 -19.554432 -1.392025
v -5.306295 -20.122021 -1.377537
v -5.306295 -19.570566 -1.290192
v -5.604738 -20.139851 -1.264988
v -5.604738 -19.588385 -1.177643
v -5.845518 -20.159651 -1.140018
v -5.604737 -20.282238 -1.287540
v -5.581020 -20.339951 -1.290760
v -5.845518 -20.302034 -1.162571
v -5.818316 -20.359497 -1.167362
v -6.019065 -20.324078 -1.023479
v -5.989089 -20.381245 -1.030022
v -6.127636 -20.347408 -0.876129
v -6.019065 -20.181679 -1.000927
v -6.019065 -19.630222 -0.913582
v -6.127636 -20.205021 -0.853577
v -6.127636 -19.653555 -0.766235
v -6.173498 -20.228731 -0.703846
v -6.173498 -19.677277 -0.616505
v -6.158906 -20.251888 -0.557602
v -6.173498 -20.371117 -0.726398
v -6.139960 -20.427719 -0.736668
v -6.158906 -20.394287 -0.580154
v -6.124813 -20.450573 -0.592335
v -6.086125 -20.415968 -0.443272
v -6.052645 -20.471941 -0.457424
v -5.974592 -20.435280 -0.321297
v -6.086125 -20.273577 -0.420719
v -6.086125 -19.722118 -0.333378
v -5.974592 -20.292892 -0.298744
v -5.974592 -19.741419 -0.211399
v -5.843744 -20.308975 -0.197216
v -5.843744 -19.757521 -0.109875
v -5.705309 -20.322441 -0.112179
v -5.843743 -20.451370 -0.219772
v -5.812953 -20.506805 -0.237255
v -5.705308 -20.464842 -0.134731
v -5.675839 -20.520102 -0.153370
v -5.571018 -20.476322 -0.062210
v -5.542524 -20.531448 -0.081676
v -5.440177 -20.486156 -0.000122
v -5.571018 -20.333923 -0.039658
v -5.571018 -19.782473 0.047688
v -5.440177 -20.343761 0.022430
v -5.440177 -19.792295 0.109768
v -5.312099 -20.352274 0.076168
v -5.312099 -19.800816 0.163509
v -5.186090 -20.359787 0.123646
v -5.312099 -20.494654 0.053612
v -5.285859 -20.549603 0.032883
v -5.186090 -20.502192 0.101093
v -5.161272 -20.557024 0.079803
v -5.061462 -20.509045 0.144394
v -5.038011 -20.563818 0.122639
v -4.642280 -20.532064 0.289787
v -5.061462 -20.366653 0.166946
v -5.061462 -19.815191 0.254292
v -4.642280 -20.389675 0.312340
v -4.642280 -19.838224 0.399677
v -3.632604 -20.445700 0.666065
v -3.632604 -19.894241 0.753410
v -2.639983 -20.500868 1.014378
v -3.632604 -20.588097 0.643513
v -3.621548 -20.642191 0.617493
v -2.639983 -20.643257 0.991825
v -2.637219 -20.696898 0.962929
v -2.271963 -20.663708 1.120964
v -2.271963 -20.717207 1.091106
v -2.230173 -20.662731 1.114769
v -2.271963 -20.521320 1.143517
v -2.271963 -19.969862 1.230862
v -2.230173 -20.520344 1.137321
v -2.230173 -19.968885 1.224667
v -2.216243 -20.511213 1.079628
v -2.216243 -19.959743 1.166973
v -2.216243 -20.365257 0.158157
v -2.216243 -20.653608 1.057076
v -2.216243 -20.507645 0.135605
v -2.230173 -20.709616 1.043194
v -2.271963 -20.726227 1.025520
v -2.230173 -20.563665 0.121685
v -2.241008 -20.701635 1.088078
v -2.271963 -20.580238 0.103920
v -2.241008 -20.540985 0.073830
v -2.230173 -20.496952 0.068096
v -2.271963 -20.551405 0.044331
v -2.271963 -20.491312 0.032463
v -2.498535 -20.538717 -0.035786
v -2.495772 -20.478773 -0.046696
v -3.066814 -20.506887 -0.236744
v -2.506828 -20.567112 0.020931
v -3.099983 -20.533918 -0.188663
v -2.628927 -20.706369 0.900211
v -3.588379 -20.653028 0.563419
v -4.563547 -20.598892 0.221634
v -4.967655 -20.576685 0.081356
v -3.694059 -20.500671 -0.398540
v -4.622596 -20.586643 0.266747
v -3.931688 -20.487383 -0.482372
v -3.635009 -20.475063 -0.437660
v -3.615326 -20.416054 -0.442703
v -3.861331 -20.462404 -0.517658
v -3.837880 -20.403578 -0.521427
v -3.916020 -20.459332 -0.536991
v -3.891201 -20.400599 -0.540287
v -3.969312 -20.456337 -0.555897
v -3.990475 -20.484108 -0.503109
v -4.048031 -20.480848 -0.523689
v -5.086815 -20.570126 0.039928
v -5.207139 -20.562954 -0.005322
v -5.330068 -20.554832 -0.056587
v -5.457043 -20.545404 -0.116096
v -4.114085 -20.477053 -0.547699
v -5.412651 -20.541176 -0.020237
v -4.198371 -20.472132 -0.578724
v -4.031505 -20.452827 -0.578053
v -4.003977 -20.394276 -0.580177
v -4.112891 -20.448227 -0.607143
v -4.084398 -20.389772 -0.608620
v -4.197181 -20.443436 -0.637447
v -4.167709 -20.385113 -0.638100
v -4.268082 -20.439341 -0.663246
v -4.285593 -20.466942 -0.611504
v -4.360454 -20.462307 -0.640774
v -5.587427 -20.534445 -0.185314
v -5.720582 -20.521711 -0.265724
v -5.845758 -20.506575 -0.361267
v -5.952202 -20.488419 -0.475899
v -4.422987 -20.457636 -0.670277
v -5.942384 -20.490971 -0.337284
v -4.473228 -20.452332 -0.703747
v -4.326362 -20.435373 -0.688263
v -4.294154 -20.377483 -0.686264
v -4.372787 -20.430952 -0.716221
v -4.339306 -20.373344 -0.712383
v -4.414137 -20.425285 -0.751999
v -4.380043 -20.367990 -0.746185
v -4.457195 -20.417612 -0.800461
v -4.516422 -20.445726 -0.745449
v -4.557811 -20.437143 -0.799644
v -6.022527 -20.467993 -0.604877
v -6.039343 -20.446039 -0.743481
v -5.999328 -20.423513 -0.885731
v -4.582339 -20.427689 -0.859306
v -5.899158 -20.401346 -1.025665
v -6.095560 -20.404285 -0.884525
v -4.574953 -20.418495 -0.917397
v -5.736709 -20.380426 -1.157745
v -4.535069 -20.409838 -0.972023
v -5.509865 -20.361616 -1.276428
v -4.462113 -20.402037 -1.021278
v -5.227660 -20.344723 -1.383133
v -4.359263 -20.395361 -1.063457
v -4.899139 -20.329498 -1.479282
v -5.286636 -20.322359 -1.401848
v -4.229698 -20.390070 -1.096848
v -4.547172 -20.316868 -1.559044
v -4.081199 -20.386379 -1.120106
v -4.194631 -20.307756 -1.616577
v -3.921538 -20.384520 -1.131897
v -3.874037 -20.302155 -1.651897
v -3.757587 -20.384430 -1.132427
v -3.617912 -20.300083 -1.665035
v -3.881945 -20.277637 -1.684181
v -3.619386 -20.275309 -1.698925
v -3.400586 -20.275461 -1.697968
v -3.619878 -20.216566 -1.702225
v -3.399758 -20.216654 -1.701683
v -3.198733 -20.218071 -1.692711
v -3.200632 -20.276937 -1.688549
v -2.969112 -20.220722 -1.675945
v -2.971363 -20.279749 -1.670856
v -2.663200 -20.224518 -1.652039
v -2.969112 -20.078339 -1.653393
v -2.663200 -20.082115 -1.629482
v -2.392295 -20.085543 -1.607922
v -2.392295 -20.227932 -1.630474
v -2.392650 -20.287537 -1.621689
v -2.267694 -20.229477 -1.620743
v -2.267694 -20.289211 -1.611164
v -2.229106 -20.232912 -1.599026
v -2.239110 -20.277161 -1.591892
v -2.216243 -20.242027 -1.541508
v -2.216243 -20.373940 -0.708580
v -2.229106 -20.298618 -1.551739
v -2.267694 -20.316969 -1.558434
v -2.229106 -20.430054 -0.721897
v -2.267694 -20.446930 -0.737865
v -2.239110 -20.421373 -0.681400
v -2.229106 -20.382170 -0.656616
v -2.267694 -20.436811 -0.679138
v -2.410485 -20.428833 -0.729568
v -2.267694 -20.382978 -0.651569
v -2.410841 -20.374857 -0.702793
v -2.267694 -20.240578 -0.629017
v -2.410841 -20.232471 -0.680241
v -2.267694 -19.689123 -0.541676
v -2.229106 -20.239777 -0.634064
v -2.229106 -19.688322 -0.546726
v -2.216243 -20.231552 -0.686028
v -2.229106 -19.545927 -0.524170
v -2.267694 -19.546736 -0.519123
v -2.410841 -19.538630 -0.570347
v -2.409716 -19.483856 -0.548531
v -2.410841 -19.681013 -0.592899
v -2.737381 -19.520096 -0.687195
v -2.737381 -19.662498 -0.709743
v -3.086601 -19.500870 -0.808655
v -3.086601 -19.643269 -0.831207
v -3.297784 -19.490570 -0.873718
v -3.297784 -19.632954 -0.896271
v -3.442985 -19.485493 -0.905792
v -3.445267 -19.430622 -0.884655
v -3.442985 -19.627880 -0.928349
v -3.594252 -19.481930 -0.928276
v -3.594252 -19.624315 -0.950829
v -3.747044 -19.479923 -0.940941
v -3.747044 -19.622311 -0.963497
v -3.896809 -19.479509 -0.943569
v -3.896809 -19.621901 -0.966122
v -4.039003 -19.480709 -0.935921
v -4.037579 -19.425865 -0.914665
v -4.039003 -19.623108 -0.958473
v -4.169080 -19.483589 -0.917774
v -4.169080 -19.625988 -0.940327
v -4.280629 -19.487976 -0.890064
v -4.280629 -19.630377 -0.912621
v -4.367239 -19.493736 -0.853733
v -4.367239 -19.636120 -0.876286
v -4.426260 -19.500542 -0.810764
v -4.415982 -19.444904 -0.794479
v -4.426260 -19.642931 -0.833317
v -4.455043 -19.508078 -0.763153
v -4.455043 -19.650478 -0.785706
v -4.454030 -19.516109 -0.712471
v -4.454030 -19.658499 -0.735023
v -4.423656 -19.524372 -0.660290
v -4.423656 -19.666769 -0.682842
v -4.380043 -19.531750 -0.613739
v -4.371195 -19.473589 -0.613373
v -4.380043 -19.674149 -0.636288
v -4.339306 -19.537090 -0.579941
v -4.339306 -19.679493 -0.602493
v -4.294154 -19.541229 -0.553818
v -4.294154 -19.683632 -0.576370
v -4.237291 -19.544970 -0.530293
v -4.237291 -19.687361 -0.552845
v -4.167709 -19.548859 -0.505653
v -4.167709 -19.691257 -0.528206
v -4.084398 -19.553541 -0.476173
v -4.163292 -19.490246 -0.508209
v -4.084398 -19.695919 -0.498730
v -4.003977 -19.558035 -0.447727
v -4.003977 -19.700418 -0.470284
v -3.943072 -19.561447 -0.426186
v -3.943073 -19.703846 -0.448738
v -3.943073 -20.255304 -0.536083
v -3.891201 -20.258204 -0.517735
v -4.003977 -20.251888 -0.557625
v -3.943073 -20.397686 -0.558636
v -4.084398 -20.247389 -0.586071
v -4.167709 -20.242714 -0.615551
v -4.237291 -20.238821 -0.640190
v -4.294154 -20.235085 -0.663712
v -4.237291 -20.381208 -0.662743
v -4.339306 -20.230959 -0.689831
v -4.380043 -20.225599 -0.723633
v -4.423656 -20.218216 -0.770187
v -4.454030 -20.209961 -0.822365
v -4.423656 -20.360607 -0.792740
v -4.454030 -20.352352 -0.844917
v -4.486107 -20.409052 -0.854511
v -4.455043 -20.344320 -0.895603
v -4.485021 -20.400717 -0.907047
v -4.426260 -20.336784 -0.943211
v -4.455043 -20.201933 -0.873051
v -4.426260 -20.194389 -0.920662
v -4.367239 -20.187586 -0.963631
v -4.280629 -20.181831 -0.999962
v -4.367239 -20.329975 -0.986183
v -4.390958 -20.385857 -1.000954
v -4.280629 -20.324215 -1.022514
v -4.300287 -20.379868 -1.038746
v -4.169080 -20.319838 -1.050224
v -4.184235 -20.375256 -1.067875
v -4.039003 -20.316954 -1.068367
v -4.169080 -20.177446 -1.027672
v -4.039003 -20.174574 -1.045818
v -3.896809 -20.173359 -1.053459
v -3.747044 -20.173777 -1.050838
v -3.896809 -20.315748 -1.076015
v -3.902991 -20.370808 -1.095982
v -3.747044 -20.316175 -1.073391
v -3.749680 -20.371094 -1.094147
v -3.594252 -20.318169 -1.060726
v -3.594745 -20.373020 -1.082016
v -3.442985 -20.321730 -1.038242
v -3.594252 -20.175781 -1.038174
v -3.442985 -20.179335 -1.015690
v -3.297784 -20.184420 -0.983616
v -3.086601 -20.194723 -0.918549
v -3.297784 -20.326807 -1.006168
v -3.295887 -20.381514 -1.028324
v -3.086601 -20.337105 -0.941101
v -3.084349 -20.391680 -0.964180
v -2.737381 -20.356354 -0.819641
v -2.735959 -20.410627 -0.844589
v -2.737381 -20.213957 -0.797085
v -2.731694 -20.421967 -0.895451
v -2.668887 -20.310347 -1.600216
v -2.409418 -20.439320 -0.785908
v -3.077593 -20.403917 -1.009430
v -2.978119 -20.305372 -1.631599
v -3.290191 -20.394194 -1.070793
v -3.206327 -20.302139 -1.652069
v -3.439671 -20.389393 -1.101101
v -3.403072 -20.300428 -1.662815
v -3.596217 -20.386103 -1.121899
v -3.442157 -20.376511 -1.059956
v -2.393717 -20.314920 -1.571346
v -2.664621 -20.283829 -1.645077
v -4.049552 -20.372181 -1.087299
v -4.453462 -20.392906 -0.956413
v -3.055758 -20.447407 -0.244774
v -2.495772 -20.336386 -0.024143
v -2.271963 -20.348917 0.055016
v -2.230173 -20.354561 0.090649
v -2.271963 -19.797455 0.142357
v -2.230173 -19.803110 0.177994
v -2.271963 -19.655075 0.164909
v -2.230173 -19.660723 0.200546
v -2.224698 -19.601923 0.196926
v -2.216243 -19.671406 0.268047
v -2.216243 -19.817356 1.189526
v -2.210509 -19.612722 0.265076
v -2.216243 -19.813791 0.245499
v -2.209294 -19.760578 1.198723
v -2.193307 -19.588108 0.232170
v -2.188445 -19.741762 1.202324
v -2.135798 -19.583647 0.204029
v -2.128504 -19.743002 1.210178
v -1.966220 -19.753735 1.238205
v -2.142688 -19.761986 1.330059
v -2.204496 -19.765701 1.311169
v -2.164778 -19.776247 1.420063
v -2.040011 -19.768969 1.369751
v -1.981740 -19.775930 1.418106
v -2.086210 -19.779737 1.442123
v -2.123204 -19.788607 1.498089
v -2.029660 -19.784231 1.470512
v -1.999141 -19.792269 1.521225
v -2.077572 -19.792538 1.522892
v -2.055264 -19.799557 1.567245
v -2.113488 -19.790184 1.563499
v -2.097356 -19.796469 1.603123
v -2.150950 -19.786697 1.541420
v -2.125453 -19.766565 1.580643
v -2.111387 -19.772593 1.618698
v -2.125453 -19.702166 1.590843
v -2.160198 -19.763212 1.559479
v -2.201712 -19.760801 1.544270
v -2.160198 -19.698812 1.569679
v -2.201712 -19.696407 1.554470
v -2.160198 -19.449390 1.609184
v -2.201713 -19.446983 1.593971
v -2.125453 -19.452747 1.630348
v -2.111387 -19.458775 1.668404
v -2.125453 -19.388336 1.640549
v -2.111387 -19.394360 1.678604
v -2.097911 -19.486616 1.844166
v -2.111387 -19.708193 1.628899
v -2.097911 -19.736036 1.804665
v -2.097912 -19.767996 2.006496
v -2.097911 -19.800440 1.794460
v -2.082286 -19.825100 1.783989
v -2.097911 -19.832405 1.996296
v -2.097911 -19.855124 2.139729
v -2.082286 -19.857830 1.990627
v -2.035412 -19.865631 1.984467
v -2.082286 -19.880804 2.135658
v -2.082286 -19.910383 2.322411
v -2.035412 -19.889366 2.134304
v -2.035412 -19.918941 2.321056
v -1.972912 -19.889366 2.134304
v -1.972912 -19.918941 2.321056
v -1.910412 -19.889366 2.134304
v -1.972912 -19.864622 1.978058
v -1.972912 -19.826569 1.737785
v -1.910412 -19.863609 1.971653
v -1.863537 -19.881773 1.963848
v -1.910412 -19.822519 1.712158
v -1.863536 -19.838388 1.689941
v -1.943017 -19.784983 1.475201
v -1.879666 -19.790768 1.428059
v -1.887003 -19.768852 1.250862
v -1.847912 -19.894163 1.674538
v -1.847912 -19.938316 1.953255
v -1.847912 -19.965101 2.122307
v -1.847912 -20.080704 1.930702
v -1.847912 -20.107485 2.099758
v -1.847912 -20.632158 1.843357
v -1.847912 -20.658936 2.012417
v -1.847912 -20.774557 1.820805
v -1.847912 -20.801338 1.989864
v -1.816662 -20.830177 1.804382
v -1.816661 -20.856991 1.973682
v -1.722912 -20.845570 1.779095
v -1.816661 -20.785910 1.524933
v -1.722912 -20.800959 1.497437
v -1.722912 -20.757217 1.221218
v -1.616905 -20.794567 1.457016
v -1.616911 -20.749077 1.169796
v -1.444968 -20.779434 1.361462
v -1.261906 -20.764135 1.264843
v -1.444992 -20.727976 1.036606
v -1.261952 -20.707108 0.904785
v -1.018671 -20.691622 0.807068
v -1.018608 -20.750946 1.181618
v -0.745269 -20.678848 0.726402
v -0.745193 -20.738821 1.105080
v -0.471867 -20.666069 0.645733
v -0.745305 -20.650829 0.549507
v -0.471778 -20.726704 1.028549
v -0.235698 -20.655085 0.576405
v -0.235611 -20.716343 0.963120
v -0.073992 -20.647701 0.529758
v -0.073941 -20.709496 0.919903
v 0.019363 -20.624571 0.506279
v 0.019376 -20.686749 0.898819
v 0.050482 -20.566385 0.506443
v 0.019357 -20.595808 0.324680
v 0.050482 -20.537584 0.324581
v 0.050482 -20.628687 0.899788
v 0.050482 -20.692486 1.302650
v 0.050482 -20.486288 0.922337
v -1.018543 -20.811792 1.565727
v -1.616915 -20.724285 1.013329
v -1.847912 -20.830917 2.176617
v -1.847912 -20.883471 2.508419
v -1.847912 -20.688519 2.199169
v -1.847912 -20.741072 2.530972
v -1.847912 -20.137068 2.286510
v -1.847912 -20.189613 2.618313
v -1.847912 -19.994673 2.309063
v -1.863537 -19.937883 2.318058
v -1.863536 -19.908308 2.131306
v -1.910412 -19.918941 2.321056
v -1.847912 -20.803366 2.924236
v -1.847912 -20.945765 2.901684
v -2.035412 -19.830626 1.763409
v -1.972912 -19.971508 2.652855
v -2.097911 -19.884701 2.326481
v -2.097912 -19.820295 2.336681
v -2.097912 -19.570868 2.376186
v -2.097911 -19.790712 2.149929
v -2.097911 -19.872841 2.668484
v -2.097911 -19.623432 2.707989
v -2.097911 -19.541300 2.189434
v -2.097912 -19.518568 2.046001
v -2.097911 -19.506470 2.386387
v -2.258414 -19.444510 1.578388
v -2.258413 -19.693933 1.538883
v -2.346423 -19.440390 1.552307
v -2.346422 -19.689810 1.512806
v -2.721125 -19.420221 1.424969
v -2.346423 -19.375977 1.562511
v -2.721125 -19.355818 1.435165
v -2.721125 -19.669634 1.385460
v -3.715322 -19.364956 1.076099
v -3.715322 -19.614372 1.036594
v -4.724795 -19.308947 0.722450
v -4.724795 -19.558359 0.682949
v -5.145323 -19.285851 0.576622
v -5.145323 -19.535273 0.537117
v -5.273643 -19.278780 0.531967
v -5.273643 -19.528202 0.492458
v -5.406491 -19.270842 0.481842
v -5.273643 -19.214369 0.542168
v -5.406491 -19.520264 0.442337
v -5.543737 -19.261705 0.424206
v -5.543737 -19.511133 0.384697
v -5.685250 -19.251062 0.357002
v -5.685250 -19.500490 0.317497
v -5.834038 -19.238297 0.276337
v -5.834038 -19.487709 0.236832
v -5.993110 -19.222759 0.178310
v -5.834038 -19.173889 0.286537
v -5.993110 -19.472185 0.138805
v -6.152367 -19.202675 0.051437
v -6.152367 -19.452099 0.011932
v -6.301717 -19.176191 -0.115772
v -6.301717 -19.425608 -0.155277
v -6.404218 -19.144363 -0.316620
v -6.404218 -19.393789 -0.356125
v -6.422931 -19.108299 -0.544411
v -6.404218 -19.079975 -0.306419
v -6.422931 -19.357718 -0.583916
v -6.358787 -19.071903 -0.774189
v -6.358787 -19.321333 -0.813694
v -6.212721 -19.039139 -0.981018
v -6.212721 -19.288563 -1.020523
v -5.995807 -19.010719 -1.160461
v -5.995807 -19.260145 -1.199966
v -5.719120 -18.987331 -1.308094
v -5.995807 -18.946320 -1.150261
v -5.719120 -19.236769 -1.347603
v -5.392394 -18.967703 -1.432095
v -5.025369 -18.950514 -1.540623
v -5.995807 -19.324553 -1.210171
v -6.212721 -19.352968 -1.030724
v -6.200618 -19.380211 -1.024971
v -6.358787 -19.385725 -0.823898
v -6.422931 -19.422117 -0.594112
v -6.344338 -19.412386 -0.821865
v -6.300999 -19.423845 -0.804913
v -6.407341 -19.447979 -0.597084
v -6.388886 -19.483246 -0.374393
v -6.360570 -19.457071 -0.595142
v -6.342891 -19.489918 -0.387741
v -6.298213 -19.457764 -0.590748
v -6.281562 -19.487385 -0.403732
v -6.235856 -19.458458 -0.586353
v -6.243211 -19.427706 -0.780506
v -6.115893 -19.399662 -0.957592
v -6.185425 -19.431576 -0.756096
v -6.142084 -19.453409 -0.740791
v -6.067479 -19.405886 -0.918316
v -6.031169 -19.429489 -0.891853
v -5.883090 -19.382254 -1.067493
v -5.854911 -19.407057 -1.033470
v -5.845518 -19.465803 -1.030121
v -5.611889 -19.387035 -1.159855
v -5.604738 -19.445997 -1.155090
v -5.306294 -19.428183 -1.267639
v -6.019065 -19.487823 -0.891029
v -5.845519 -19.608181 -1.052673
v -6.127636 -19.511168 -0.743679
v -6.173498 -19.534878 -0.593948
v -6.158906 -19.558050 -0.447708
v -6.189087 -19.477907 -0.586056
v -6.174240 -19.501879 -0.434715
v -6.099599 -19.524183 -0.293835
v -6.220235 -19.484856 -0.419724
v -6.140024 -19.509066 -0.266850
v -6.019034 -19.530165 -0.133564
v -6.193922 -19.514124 -0.234867
v -6.063480 -19.537035 -0.090271
v -6.247819 -19.519194 -0.202885
v -6.107924 -19.543882 -0.046986
v -6.288243 -19.514429 -0.177540
v -6.141257 -19.540466 -0.013157
v -6.301717 -19.490000 -0.165478
v -6.404218 -19.458204 -0.366329
v -6.152368 -19.516504 0.001732
v -5.993110 -19.536592 0.128609
v -5.983774 -19.560318 0.112129
v -5.834038 -19.552114 0.226631
v -5.685250 -19.564896 0.307293
v -5.825991 -19.575710 0.209347
v -5.801856 -19.577999 0.168335
v -5.678112 -19.588392 0.289497
v -5.537264 -19.598997 0.356384
v -5.656693 -19.590441 0.246960
v -5.517848 -19.600887 0.312885
v -5.628134 -19.581741 0.192051
v -5.491958 -19.591993 0.256695
v -5.599575 -19.573044 0.137142
v -5.769674 -19.569613 0.115459
v -5.918427 -19.555115 0.023926
v -5.737493 -19.561237 0.062584
v -5.713355 -19.573896 0.019932
v -5.881085 -19.547256 -0.025703
v -5.853080 -19.560299 -0.065922
v -5.843744 -19.615120 -0.087322
v -5.985703 -19.543957 -0.169029
v -5.974592 -19.599043 -0.188847
v -6.086125 -19.579720 -0.310825
v -5.705308 -19.628588 -0.002281
v -5.571017 -19.640070 0.070236
v -5.705309 -19.770983 -0.024834
v -5.440177 -19.649900 0.132320
v -5.578157 -19.585461 0.092960
v -5.446649 -19.595354 0.155365
v -5.317997 -19.603897 0.209351
v -5.466067 -19.583084 0.200504
v -5.335697 -19.591755 0.255219
v -5.207979 -19.599371 0.303356
v -5.359295 -19.600813 0.312382
v -5.229866 -19.608534 0.361183
v -5.382892 -19.609858 0.369549
v -5.251754 -19.617695 0.419010
v -5.400592 -19.608084 0.413776
v -5.268170 -19.615995 0.463734
v -5.406491 -19.584671 0.432137
v -5.543737 -19.575542 0.374500
v -5.273643 -19.592609 0.482262
v -5.145323 -19.599672 0.526917
v -5.140082 -19.623056 0.508308
v -4.724795 -19.622768 0.672745
v -4.719638 -19.646152 0.654110
v -3.715322 -19.678785 1.026394
v -3.710152 -19.702166 1.007763
v -2.721125 -19.734043 1.375259
v -2.346422 -19.754204 1.502605
v -2.716053 -19.757408 1.356594
v -2.700839 -19.759043 1.311443
v -2.341768 -19.777569 1.483795
v -2.254938 -19.781637 1.509556
v -2.327807 -19.779116 1.438202
v -2.244515 -19.783060 1.463036
v -2.309192 -19.769772 1.379223
v -2.230619 -19.773512 1.402817
v -2.290578 -19.760437 1.320244
v -2.680554 -19.749798 1.253052
v -3.673963 -19.694582 0.904461
v -2.660269 -19.740547 1.194660
v -2.645054 -19.752542 1.147865
v -3.653284 -19.685350 0.846210
v -3.637774 -19.697365 0.799522
v -4.662908 -19.629330 0.492500
v -4.647437 -19.641344 0.445797
v -5.082428 -19.606289 0.347004
v -4.683537 -19.638561 0.550777
v -5.103393 -19.615501 0.405167
v -4.704166 -19.647791 0.609047
v -5.124359 -19.624714 0.463329
v -3.694643 -19.703812 0.962719
v -5.066703 -19.618305 0.300381
v -5.061462 -19.672800 0.276844
v -5.191561 -19.611441 0.256992
v -5.186090 -19.665937 0.233536
v -5.186089 -19.808329 0.210987
v -5.312099 -19.658430 0.186062
v -4.642280 -19.695822 0.422230
v -3.632604 -19.751854 0.775963
v -2.639983 -19.807014 1.124271
v -2.271963 -19.827463 1.253414
v -2.639983 -19.949417 1.101719
v -2.230173 -19.826494 1.247219
v -2.276616 -19.773010 1.277153
v -2.223263 -19.765968 1.276772
v -2.183244 -19.785658 1.479454
v -2.197095 -19.784145 1.525352
v -2.258412 -19.758343 1.528683
v -5.955768 -19.562975 0.073555
v -6.158906 -19.700422 -0.470261
v -6.164307 -19.393444 -0.996872
v -5.008966 -19.308027 -1.536182
v -4.638789 -18.872074 -1.619045
v -2.189842 -18.862381 -2.097065
v -2.073719 -18.857260 -2.129391
v -2.189841 -18.797976 -2.086864
v -1.796620 -18.844355 -2.210873
v -1.692153 -18.839169 -2.243633
v -1.520937 -18.830660 -2.297329
v -1.338148 -18.821581 -2.354649
v -1.520937 -18.766254 -2.287125
v -1.338148 -18.757187 -2.344448
v -1.338148 -19.071005 -2.394157
v -1.095044 -18.809507 -2.430889
v -1.095044 -19.058931 -2.470394
v -0.821783 -18.795944 -2.516586
v -0.548522 -18.782362 -2.602283
v -0.302312 -18.770128 -2.679493
v -0.110204 -18.760592 -2.739742
v -0.302312 -18.705736 -2.669296
v -0.110204 -19.010014 -2.779247
v 0.085445 -18.756643 -2.764641
v 4.969454 -19.641212 -0.844162
v 5.394113 -19.437813 -0.716682
v 5.379704 -19.589558 0.241348
v 4.598277 -19.841942 0.423214
v 4.099247 -19.679340 0.808224
v 3.930574 -19.282709 0.973610
v -1.595622 -20.092911 6.310665
v -0.478719 -20.049061 6.033829
v 0.700621 -19.991804 5.672352
v 1.755347 -19.918770 5.211250
v 2.453063 -19.821207 4.595234
v 2.885133 -19.554790 2.913147
v 2.805707 -19.241243 0.933487
v 3.533855 -19.219454 0.795883
v 4.230109 -19.196913 0.653564
v 5.073362 -19.142401 0.309395
v 5.425200 -19.062363 -0.195980
v 5.162819 -18.997330 -0.606491
v 4.766618 -18.960829 -0.836964
v 3.798470 -18.905281 -1.187706
v 2.723766 -18.844898 -1.568909
v 1.962937 -18.802166 -1.838776
v 1.088833 -18.753067 -2.148823
v 0.462059 -18.717848 -2.371143
v 0.090037 -18.697187 -2.501598
v -0.746126 -18.734552 -2.265617
v -1.722912 -18.783077 -1.959290
v -2.428519 -18.814884 -1.758446
v -3.884581 -18.860302 -1.471752
v -5.306294 -18.905722 -1.184895
v -6.127636 -18.988710 -0.660934
v -5.974592 -19.076597 -0.106102
v -5.440177 -19.127455 0.215073
v -4.642280 -19.173380 0.504982
v -2.127844 -19.310709 1.372044
v -1.847912 -19.415859 2.035999
v -1.972912 -20.224403 4.249611
v -1.863537 -20.172976 3.802395
v -1.847912 -21.218300 4.622498
v -1.816662 -21.274357 4.608810
v -0.471474 -20.906973 2.166718
v -0.235318 -20.897776 2.108700
v -0.073766 -20.891558 2.069386
v -0.236268 -20.344797 -1.382687
v -0.236483 -20.239912 -2.044964
v -0.236683 -20.163998 -2.486988
v -0.472683 -20.251356 -1.972668
v -0.472887 -20.175594 -2.413780
v -0.746111 -20.159472 -2.430195
v 0.230386 -19.377901 -1.094967
v 0.413168 -19.355606 -1.235779
v 0.431965 -19.344276 -1.307232
v 0.639886 -19.354570 -1.242298
v 0.453051 -19.357174 -1.348343
v 0.652480 -19.367966 -1.280186
v 0.460079 -19.411955 -1.370045
v 0.656678 -19.422926 -1.300808
v 0.460079 -19.554354 -1.392597
v 0.422579 -19.406572 -1.404041
v 0.422579 -19.548967 -1.426594
v 0.422579 -20.100426 -1.513935
v 0.410079 -19.538387 -1.493366
v 0.410079 -19.460775 -1.983437
v 0.410079 -20.089853 -1.580704
v 0.410079 -20.012230 -2.070778
v 0.410079 -20.232241 -1.603256
v 0.410079 -20.154613 -2.093330
v 0.422617 -20.289730 -1.607838
v 0.422579 -20.242805 -1.536491
v 0.432318 -20.282864 -1.555889
v 0.460079 -20.248203 -1.502491
v 0.460117 -20.301710 -1.532261
v 0.656678 -20.259157 -1.433258
v 0.460079 -20.105804 -1.479939
v 0.656678 -20.116772 -1.410706
v 0.656678 -19.565321 -1.323360
v 0.798948 -20.124706 -1.360603
v 0.798948 -19.573252 -1.273262
v 0.798948 -20.267107 -1.383156
v 0.932560 -20.132154 -1.313553
v 0.932560 -19.580706 -1.226212
v 1.085926 -20.140711 -1.259544
v 0.932560 -20.274549 -1.336102
v 0.932622 -20.328056 -1.365841
v 1.085926 -20.283113 -1.282097
v 1.287456 -20.294357 -1.211128
v 1.085981 -20.336628 -1.311829
v 1.287503 -20.347853 -1.240852
v 1.086149 -20.345692 -1.377037
v 1.087379 -20.273153 -1.835049
v 0.932807 -20.337128 -1.431068
v 1.287646 -20.356945 -1.306038
v 1.288693 -20.284414 -1.763901
v 1.513762 -20.369553 -1.226368
v 1.514548 -20.297070 -1.684078
v 1.513655 -20.360474 -1.161198
v 1.740961 -20.382236 -1.146309
v 1.741380 -20.309769 -1.603909
v 1.962709 -20.394611 -1.068176
v 1.740903 -20.373154 -1.081158
v 1.740884 -20.319637 -1.051445
v 1.962695 -20.385532 -1.003044
v 2.172475 -20.397209 -0.929157
v 1.962690 -20.332012 -0.973335
v 2.172475 -20.343710 -0.899456
v 1.962690 -20.189613 -0.950783
v 2.172475 -20.201321 -0.876904
v 1.962690 -19.638163 -0.863441
v 1.740884 -20.177244 -1.028893
v 1.513620 -20.164572 -1.108925
v 1.740884 -19.625782 -0.941551
v 1.513620 -19.613113 -1.021584
v 1.740884 -19.483398 -0.918995
v 1.736687 -19.428446 -0.898373
v 1.962690 -19.495773 -0.840889
v 1.513620 -19.470728 -0.999031
v 1.509422 -19.415766 -0.978409
v 1.287456 -19.458107 -1.078678
v 1.283258 -19.403156 -1.058056
v 1.085926 -19.446861 -1.149647
v 1.287456 -19.600492 -1.101231
v 1.085926 -19.589256 -1.172199
v 1.287456 -20.151957 -1.188572
v 1.081728 -19.391924 -1.129025
v 0.932560 -19.438311 -1.203659
v 0.928362 -19.383360 -1.183033
v 0.798948 -19.430861 -1.250706
v 0.794750 -19.375904 -1.230083
v 0.782156 -19.362505 -1.192200
v 0.915768 -19.369947 -1.145149
v 1.069133 -19.378510 -1.091137
v 1.060808 -19.389063 -1.024529
v 1.270664 -19.389748 -1.020168
v 1.496827 -19.402369 -0.940521
v 1.724093 -19.415039 -0.860489
v 1.945898 -19.427414 -0.782379
v 1.958493 -19.440819 -0.820267
v 1.937508 -19.437923 -0.716011
v 2.155684 -19.439112 -0.708500
v 2.168277 -19.452518 -0.746384
v 2.352650 -19.450098 -0.639137
v 2.365244 -19.463505 -0.677025
v 2.535999 -19.460320 -0.574570
v 2.548592 -19.473738 -0.612453
v 2.719568 -19.483265 -0.552246
v 2.552791 -19.528679 -0.633080
v 2.723766 -19.538216 -0.572868
v 2.369442 -19.518457 -0.697647
v 2.552791 -19.671078 -0.655628
v 2.552791 -20.222532 -0.742973
v 2.369442 -19.660833 -0.720200
v 2.723766 -19.680614 -0.595421
v 2.883611 -19.689522 -0.539131
v 2.723766 -20.232069 -0.682766
v 2.723766 -20.374470 -0.705318
v 2.883611 -20.240976 -0.626472
v 3.025924 -20.248926 -0.576355
v 2.883611 -20.383377 -0.649025
v 2.883611 -20.436901 -0.678688
v 3.025924 -20.391315 -0.598907
v 3.144308 -20.397917 -0.557220
v 3.027237 -20.444906 -0.628101
v 3.149557 -20.451735 -0.585011
v 3.031174 -20.454239 -0.691689
v 2.883611 -20.445999 -0.743694
v 3.165305 -20.461735 -0.644390
v 3.292720 -20.468849 -0.599445
v 3.281244 -20.395990 -1.059498
v 3.524598 -20.409639 -0.973316
v 3.767952 -20.423292 -0.887135
v 3.756474 -20.350422 -1.347187
v 4.115768 -20.370602 -1.219765
v 3.787971 -20.323433 -1.394970
v 4.410241 -20.387255 -1.114628
v 4.575074 -20.396847 -1.054050
v 3.970341 -20.434826 -0.814236
v 3.530441 -20.482409 -0.513844
v 4.090801 -20.442165 -0.767906
v 3.606528 -20.487484 -0.481758
v 4.169466 -20.447563 -0.733864
v 4.673562 -20.403158 -1.014256
v 3.665370 -20.491968 -0.453472
v 4.769001 -20.409929 -0.971455
v 3.723939 -20.496603 -0.424198
v 4.862802 -20.417645 -0.922722
v 3.590530 -20.478558 -0.415699
v 3.565583 -20.423597 -0.395111
v 3.643432 -20.482658 -0.389751
v 3.537562 -20.474474 -0.441399
v 3.469894 -20.469881 -0.470421
v 3.514573 -20.419661 -0.419952
v 3.449712 -20.415220 -0.447948
v 3.514573 -20.277273 -0.397400
v 3.449712 -20.272829 -0.425396
v 3.514573 -19.725815 -0.310059
v 3.565584 -20.281199 -0.372559
v 3.565584 -19.729748 -0.285217
v 3.616594 -20.285133 -0.347721
v 3.616594 -19.733679 -0.260376
v 3.661876 -20.288984 -0.323307
v 3.616594 -20.427532 -0.370274
v 3.661876 -20.431381 -0.345860
v 3.690402 -20.486700 -0.364090
v 3.695706 -20.435072 -0.322304
v 3.725583 -20.490593 -0.339249
v 3.695706 -20.292692 -0.299747
v 3.695706 -19.741312 -0.212421
v 3.661876 -19.737553 -0.235970
v 3.695706 -19.598927 -0.189869
v 3.721051 -19.602894 -0.165058
v 3.661876 -19.595165 -0.213417
v 3.616594 -19.591278 -0.237827
v 3.565583 -19.587349 -0.262665
v 3.560894 -19.531994 -0.244621
v 3.514574 -19.583414 -0.287502
v 3.449712 -19.578974 -0.315502
v 3.449712 -19.721373 -0.338055
v 3.357145 -19.573540 -0.349819
v 3.357145 -19.715939 -0.372372
v 3.250726 -19.567608 -0.387295
v 3.246444 -19.512657 -0.366699
v 3.250726 -19.709993 -0.409847
v 3.144309 -19.561678 -0.424770
v 3.025924 -19.555073 -0.466461
v 3.144308 -19.704058 -0.447323
v 3.144308 -20.255527 -0.534664
v 3.025924 -19.697460 -0.489014
v 3.250726 -20.261463 -0.497189
v 3.250726 -20.403847 -0.519741
v 3.357145 -20.267389 -0.459713
v 3.357145 -20.409792 -0.482265
v 3.372893 -20.464197 -0.506321
v 3.261224 -20.457960 -0.545666
v 3.420136 -20.475965 -0.554501
v 2.883611 -19.547138 -0.516579
v 3.713982 -19.546646 -0.152523
v 3.751978 -20.494715 -0.313042
v 3.815211 -20.505753 -0.366108
v 5.134964 -20.450155 -0.717468
v 3.775975 -20.501251 -0.394791
v 3.844756 -20.510525 -0.335743
v 3.867714 -20.516005 -0.301289
v 5.210885 -20.464655 -0.625858
v 5.268369 -20.481060 -0.522285
v 5.297050 -20.498854 -0.410076
v 3.881830 -20.521797 -0.265469
v 5.286565 -20.517483 -0.292545
v 5.393164 -20.478352 -0.416897
v 3.884850 -20.527464 -0.231007
v 5.231925 -20.536497 -0.172462
v 3.874627 -20.533047 -0.196552
v 5.128142 -20.555481 -0.052586
v 3.849017 -20.538588 -0.160778
v 4.970683 -20.573906 0.063839
v 4.755011 -20.591291 0.173599
v 3.809764 -20.543341 -0.125687
v 5.047692 -20.557161 0.080616
v 4.531059 -20.606045 0.267086
v 3.758612 -20.546589 -0.093300
v 4.348759 -20.616598 0.334705
v 3.703658 -20.549797 -0.065376
v 4.186185 -20.624567 0.385639
v 4.021418 -20.631552 0.429070
v 4.219128 -20.610701 0.419189
v 3.770460 -20.517927 -0.168739
v 5.047745 -20.437531 -0.797199
v 4.956371 -20.426773 -0.865128
v 5.134050 -20.414263 -0.821560
v 4.743355 -20.378288 -1.048679
v 2.723766 -20.437088 -0.800018
v 2.552791 -20.427536 -0.860260
v 2.723766 -20.427975 -0.734989
v 2.552791 -20.418438 -0.795204
v 2.369442 -20.408216 -0.859783
v 2.552791 -20.364918 -0.765526
v 2.369442 -20.354694 -0.830097
v 2.369442 -20.212307 -0.807545
v 2.369442 -20.417315 -0.924866
v 2.369442 -20.344910 -1.381931
v 2.172475 -20.406321 -0.994267
v 2.172475 -20.333885 -1.451546
v 2.172475 -20.261463 -1.908829
v 1.962814 -20.322155 -1.525646
v 1.962919 -20.249695 -1.983116
v 1.962933 -20.220924 -2.042255
v 1.741799 -20.237293 -2.061504
v 1.515333 -20.224575 -2.141788
v 1.741856 -20.208511 -2.120659
v 1.741874 -20.148434 -2.132381
v 1.515440 -20.195793 -2.200958
v 1.515476 -20.135712 -2.212688
v 1.289883 -20.183123 -2.280956
v 1.289931 -20.123045 -2.292690
v 1.088778 -20.171827 -2.352280
v 1.289741 -20.211897 -2.221764
v 1.088611 -20.200605 -2.293068
v 0.935530 -20.192011 -2.347332
v 0.934169 -20.264572 -1.889198
v 0.802147 -20.184521 -2.394623
v 0.935716 -20.163231 -2.406559
v 0.935777 -20.103153 -2.418312
v 0.802346 -20.155735 -2.453861
v 0.802413 -20.095657 -2.465614
v 0.660319 -20.147762 -2.504234
v 0.660390 -20.087681 -2.515991
v 0.462021 -20.136623 -2.574562
v 0.660106 -20.176548 -2.444977
v 0.461907 -20.165424 -2.515240
v 0.658534 -20.249144 -1.986618
v 0.461117 -20.233898 -2.082897
v 0.656963 -20.321737 -1.528259
v 0.800680 -20.257097 -1.936382
v 0.799214 -20.329683 -1.478142
v 0.799015 -20.320608 -1.412899
v 0.656749 -20.312670 -1.463005
v 0.460231 -20.310762 -1.597580
v 0.422840 -20.212307 -2.096722
v 0.423036 -20.144310 -2.526020
v 0.433164 -20.122837 -2.566296
v 0.410079 -20.086788 -2.521618
v 0.423074 -20.077635 -2.579376
v 0.410079 -19.944399 -2.499065
v 0.423074 -19.935249 -2.556824
v 0.410079 -19.392933 -2.411724
v 0.423074 -19.383791 -2.469482
v 0.462059 -19.382685 -2.476444
v 0.423074 -19.241388 -2.446930
v 0.462059 -19.240290 -2.453892
v 0.467324 -19.181198 -2.459427
v 0.660390 -19.251432 -2.383541
v 0.665671 -19.192337 -2.389076
v 0.660390 -19.393831 -2.406094
v 0.802413 -19.259418 -2.333168
v 0.807694 -19.200314 -2.338696
v 0.802413 -19.401804 -2.355717
v 0.935777 -19.266911 -2.285862
v 0.941058 -19.207819 -2.291389
v 1.088833 -19.275497 -2.231571
v 0.935777 -19.409298 -2.308414
v 0.935777 -19.960749 -2.395756
v 1.088833 -19.417896 -2.254128
v 1.088833 -19.969355 -2.341469
v 1.289931 -19.429192 -2.182793
v 1.289931 -19.980650 -2.270138
v 1.515476 -19.441862 -2.102795
v 1.289931 -19.286804 -2.160240
v 1.295212 -19.227697 -2.165771
v 1.515476 -19.299484 -2.080242
v 1.741874 -19.312195 -1.999939
v 1.520757 -19.240383 -2.085770
v 1.747155 -19.253105 -2.005466
v 1.536600 -19.214556 -2.126343
v 1.762999 -19.227262 -2.046040
v 1.557725 -19.205347 -2.184444
v 1.311055 -19.201874 -2.206345
v 1.109958 -19.190582 -2.277676
v 1.332179 -19.192677 -2.264446
v 1.131082 -19.181385 -2.335777
v 1.353304 -19.183468 -2.322540
v 1.152207 -19.172176 -2.393871
v 1.578849 -19.196148 -2.242538
v 1.805248 -19.208874 -2.162235
v 1.784123 -19.218069 -2.104137
v 0.999150 -19.163574 -2.448162
v 0.978026 -19.172783 -2.390064
v 0.844661 -19.165293 -2.437370
v 0.956901 -19.181990 -2.331966
v 0.823537 -19.174479 -2.379272
v 0.681515 -19.166513 -2.429646
v 0.702639 -19.157312 -2.487747
v 0.504183 -19.146158 -2.558140
v 1.094115 -19.216406 -2.237103
v 1.968219 -19.265520 -1.927052
v 1.962937 -19.324612 -1.921524
v 2.172475 -19.336380 -1.847202
v 1.962937 -19.466999 -1.944077
v 1.741874 -19.454580 -2.022488
v 1.962937 -20.018461 -2.031422
v 2.172475 -19.478779 -1.869755
v 1.741874 -20.006044 -2.109829
v 1.962937 -20.160847 -2.053974
v 1.515476 -19.993328 -2.190136
v 1.088833 -20.111750 -2.364021
v 0.802413 -19.953262 -2.443062
v 0.660390 -19.945282 -2.493439
v 0.462059 -19.934143 -2.563786
v 0.462059 -20.076542 -2.586338
v 2.172475 -19.649847 -0.789562
v 2.172475 -19.507471 -0.767010
v 1.513620 -20.306959 -1.131481
v 0.433337 -19.131817 -2.648670
v 2.723766 -20.203594 -1.784103
v 2.954198 -20.643372 0.624996
v 3.144472 -20.654045 0.569824
v 3.045342 -20.567804 0.025333
v 2.889698 -19.537809 -0.085350
v 2.431295 -20.320498 4.856342
v -1.345060 -20.561069 6.375229
v -1.863536 -20.527859 6.043034
v -0.862666 -21.479591 5.782135
v -0.838961 -21.474857 5.874718
v -0.512330 -21.464638 5.687729
v -0.830238 -21.452528 5.611206
v -0.503636 -21.441687 5.542782
v -0.178858 -21.428894 5.462048
v -0.410335 -21.410477 5.345757
v -0.135197 -21.405447 5.314037
v 0.131281 -21.397017 5.260742
v -0.065218 -21.380453 5.156162
v 0.155438 -21.378248 5.142265
v 0.004761 -21.355453 4.998287
v 0.074659 -21.332624 4.854214
v 0.179594 -21.359484 5.023788
v 0.353988 -21.358471 5.017372
v 0.207165 -21.340698 4.905201
v 0.241566 -21.321892 4.786381
v 0.350700 -21.342461 4.916317
v 0.499164 -21.338373 4.890491
v 0.351561 -21.324080 4.800224
v 0.469034 -21.321095 4.781425
v 0.588641 -21.313292 4.732140
v 0.543740 -21.281492 4.653851
v 0.696901 -21.301540 4.657944
v 0.646455 -21.328888 4.830647
v 0.779905 -21.315063 4.743328
v 0.700160 -21.341379 4.909412
v 0.527618 -21.352428 4.979195
v 0.862249 -21.326351 4.814552
v 0.751811 -21.352276 4.978313
v 0.944263 -21.336506 4.878693
v 0.555235 -21.364861 5.057716
v 0.803462 -21.363195 5.047207
v 1.026278 -21.346655 4.942825
v 0.854785 -21.375849 5.127136
v 0.582851 -21.377302 5.136242
v 0.614833 -21.391186 5.223934
v 0.364711 -21.388105 5.204445
v 0.359349 -21.373283 5.110912
v 0.378913 -21.403830 5.303787
v 0.122518 -21.415751 5.379047
v 0.410795 -21.421398 5.414738
v 0.441336 -21.416340 5.505302
v 0.655544 -21.407972 5.329964
v 0.144540 -21.434441 5.497013
v -0.169881 -21.449223 5.590343
v 0.905451 -21.392006 5.229115
v 1.164346 -21.374327 5.117466
v 1.436056 -21.355766 5.000294
v 1.101802 -21.358665 5.018559
v 1.358917 -21.340410 4.903366
v 1.638393 -21.315134 4.743748
v 1.251033 -21.328568 4.828575
v 1.459726 -21.305342 4.681961
v 1.127777 -21.318472 4.764851
v 1.299184 -21.296185 4.624157
v 1.004520 -21.308384 4.701126
v 0.886845 -21.297928 4.635086
v 1.129234 -21.286968 4.565975
v 0.969983 -21.277987 4.509243
v 1.238650 -21.261637 4.405956
v 1.032025 -21.255787 4.369118
v 1.326459 -21.233427 4.227951
v 1.455316 -21.267649 4.443981
v 1.586555 -21.234613 4.235458
v 1.634355 -21.273441 4.480503
v 1.778407 -21.235834 4.243156
v 1.793550 -21.275524 4.493679
v 1.935879 -21.236193 4.245308
v 1.950686 -21.270460 4.461681
v 2.092837 -21.234732 4.236160
v 2.090975 -21.267298 4.441746
v 1.862951 -21.297861 4.634747
v 1.997110 -21.287352 4.568394
v 1.884328 -21.317385 4.757988
v 2.048232 -21.297134 4.630085
v 1.687183 -21.336674 4.879745
v 2.199632 -21.275118 4.491108
v 2.269263 -21.266167 4.557114
v 2.351300 -21.244011 4.294708
v 2.516001 -21.196466 3.994537
v 2.235803 -21.235888 4.243404
v 2.389869 -21.190512 3.956982
v 2.521342 -21.132837 3.592804
v 2.234710 -21.190289 3.955566
v 2.352146 -21.135487 3.609535
v 2.065039 -21.192938 3.972229
v 2.166513 -21.140865 3.643486
v 1.895367 -21.195568 3.988888
v 1.980881 -21.146244 3.677437
v 1.683278 -21.198872 4.009712
v 1.748841 -21.152969 3.719879
v 1.386352 -21.203484 4.038864
v 1.100655 -21.207657 4.065155
v 1.423985 -21.162374 3.779297
v 1.114302 -21.171116 3.834465
v 1.445012 -21.100693 3.389843
v 1.120971 -21.111134 3.455769
v 1.449948 -21.031075 2.950356
v 1.786601 -21.089491 3.319092
v 1.795856 -21.019327 2.876152
v 2.030594 -21.081484 3.268555
v 2.042933 -21.010939 2.823147
v 2.225788 -21.075081 3.228123
v 2.240595 -21.004223 2.780746
v 2.420982 -21.068674 3.187695
v 2.438256 -20.997509 2.738342
v 2.598390 -21.064474 3.161190
v 2.740230 -21.064688 3.162540
v 2.617654 -20.992268 2.705292
v 2.575776 -20.923048 2.268242
v 2.760525 -20.990002 2.690948
v 2.715392 -20.917948 2.236053
v 2.606332 -20.854649 1.836372
v 2.434850 -20.806181 1.530430
v 2.476508 -20.862263 1.884441
v 2.323604 -20.815353 1.588272
v 2.313901 -20.868517 1.923988
v 2.134902 -20.874384 1.960976
v 2.401010 -20.929626 2.309765
v 2.181588 -20.817701 1.603027
v 2.079330 -20.778950 1.358444
v 2.024187 -20.817701 1.603062
v 1.936699 -20.772718 1.319073
v 1.866786 -20.819868 1.616745
v 1.794068 -20.770262 1.303585
v 1.666891 -20.825539 1.652496
v 1.955905 -20.880789 2.001381
v 1.731371 -20.889517 2.056549
v 2.016328 -20.944256 2.402138
v 1.775902 -20.953405 2.459869
v 2.208669 -20.936947 2.355949
v 1.439306 -20.966209 2.540691
v 1.119545 -20.978182 2.616352
v 1.415766 -20.902395 2.137829
v 1.113660 -20.914743 2.215809
v 1.382005 -20.836018 1.718746
v 1.105220 -20.846918 1.787605
v 1.353031 -20.780478 1.368076
v 1.612493 -20.772539 1.317940
v 1.343850 -20.749182 1.170444
v 1.097976 -20.789816 1.427097
v 1.095681 -20.758539 1.229630
v 0.929625 -20.796322 1.468102
v 0.929625 -20.765099 1.270920
v 0.929625 -20.853828 1.831196
v 0.835875 -20.838570 1.857407
v 0.929625 -20.921915 2.261070
v 0.929625 -20.984884 2.658600
v 0.929625 -21.048069 3.057587
v 0.929625 -21.116848 3.491829
v 1.122205 -21.042042 3.019566
v 0.835875 -21.100424 3.510674
v 0.927781 -21.175823 3.864155
v 0.922252 -21.209585 4.077381
v 0.908781 -21.230413 4.208920
v 0.883114 -21.250576 4.336170
v 1.074931 -21.232094 4.219490
v 0.793073 -21.227955 4.315914
v 0.841537 -21.269522 4.455784
v 0.780332 -21.286726 4.564438
v 0.929625 -20.732595 1.188244
v 1.598211 -20.741678 1.123085
v 1.782845 -20.740759 1.117275
v 1.797490 -20.707232 1.028103
v 1.932617 -20.745281 1.145885
v 2.082388 -20.754147 1.201797
v 2.245389 -20.772657 1.318733
v 2.210496 -20.787764 1.414062
v 2.506747 -20.777836 1.473888
v 2.833270 -21.047577 3.176994
v 2.657667 -21.135639 3.610508
v 1.482380 -21.349665 5.084282
v 0.144393 -21.314180 4.737743
v 0.196632 -21.283060 4.663746
vn -0.6033 -0.4025 0.6885
vn -0.4114 -0.8294 0.3780
vn -0.0260 -0.8881 0.4588
vn 0.0295 -0.4161 0.9088
vn -0.5749 -0.8179 0.0208
vn -0.0854 -0.9950 -0.0517
vn -0.9480 -0.2913 0.1284
vn -0.6305 -0.1214 0.7666
vn -0.9862 -0.0259 0.1634
vn 0.0449 -0.1563 0.9867
vn 0.2142 -0.1528 0.9648
vn 0.2068 -0.3940 0.8955
vn 0.2222 -0.1525 0.9630
vn 0.2151 -0.3914 0.8947
vn 0.1252 -0.8865 0.4454
vn 0.1321 -0.8840 0.4484
vn 0.1434 -0.8830 0.4468
vn 0.2328 -0.3900 0.8909
vn 0.2402 -0.1519 0.9588
vn 0.1530 -0.8831 0.4436
vn 0.2487 -0.3896 0.8868
vn 0.2566 -0.1512 0.9546
vn 0.2699 -0.1506 0.9510
vn 0.2616 -0.3891 0.8833
vn 0.2823 -0.1501 0.9475
vn 0.2736 -0.3885 0.8799
vn 0.1609 -0.8827 0.4415
vn 0.1682 -0.8825 0.4392
vn 0.1748 -0.8822 0.4372
vn 0.2842 -0.3880 0.8767
vn 0.2933 -0.1496 0.9443
vn 0.1883 -0.8804 0.4352
vn 0.3053 -0.3866 0.8702
vn 0.3149 -0.1485 0.9374
vn 0.3549 -0.1463 0.9234
vn 0.3440 -0.3843 0.8567
vn 0.3894 -0.1441 0.9097
vn 0.3774 -0.3826 0.8433
vn 0.2126 -0.8783 0.4282
vn 0.2325 -0.8783 0.4178
vn 0.2382 -0.8790 0.4130
vn 0.3879 -0.3822 0.8387
vn 0.4003 -0.1434 0.9051
vn 0.2509 -0.8762 0.4115
vn 0.4070 -0.3802 0.8305
vn 0.4197 -0.1420 0.8965
vn 0.4003 -0.1433 0.9051
vn 0.4196 -0.1420 0.8965
vn 0.4870 -0.1366 0.8626
vn 0.4725 -0.3743 0.7979
vn 0.5785 -0.1276 0.8057
vn 0.5785 -0.1276 0.8056
vn 0.5610 -0.3655 0.7428
vn 0.2934 -0.8700 0.3963
vn 0.3488 -0.8645 0.3620
vn 0.3912 -0.8607 0.3259
vn 0.6311 -0.3574 0.6885
vn 0.6509 -0.1188 0.7499
vn 0.4493 -0.8484 0.2797
vn 0.7168 -0.3438 0.6066
vn 0.7392 -0.1053 0.6651
vn 0.6509 -0.1188 0.7498
vn 0.7392 -0.1054 0.6651
vn 0.8390 -0.0851 0.5374
vn 0.8133 -0.3241 0.4832
vn 0.9115 -0.0643 0.4062
vn 0.8839 -0.3032 0.3562
vn 0.5095 -0.8365 0.2014
vn 0.5538 -0.8236 0.1221
vn 0.5881 -0.8081 0.0339
vn 0.9358 -0.2801 0.2140
vn 0.9648 -0.0411 0.2596
vn 0.6035 -0.7953 -0.0577
vn 0.9639 -0.2574 0.0686
vn 0.9938 -0.0174 0.1099
vn 0.9996 0.0044 -0.0279
vn 0.9696 -0.2360 -0.0652
vn 0.9833 0.0284 -0.1795
vn 0.9538 -0.2122 -0.2125
vn 0.6073 -0.7819 -0.1411
vn 0.5997 -0.7656 -0.2329
vn 0.5698 -0.7421 -0.3530
vn 0.8975 -0.1812 -0.4020
vn 0.9252 0.0594 -0.3747
vn 0.5002 -0.7248 -0.4738
vn 0.7898 -0.1513 -0.5944
vn 0.8147 0.0907 -0.5728
vn 0.6678 0.1164 -0.7352
vn 0.6466 -0.1282 -0.7520
vn 0.4664 0.1384 -0.8737
vn 0.4521 -0.1076 -0.8854
vn 0.4097 -0.7106 -0.5720
vn 0.2872 -0.6955 -0.6586
vn 0.1655 -0.6937 -0.7010
vn 0.2651 -0.0958 -0.9595
vn 0.2731 0.1505 -0.9501
vn 0.0536 -0.6860 -0.7257
vn 0.0884 -0.0897 -0.9920
vn 0.0908 0.1558 -0.9836
vn 0.0907 0.1558 -0.9836
vn -0.1079 0.1555 -0.9819
vn -0.1030 -0.0875 -0.9908
vn -0.2249 0.1524 -0.9624
vn -0.2169 -0.0844 -0.9725
vn -0.0675 -0.6860 -0.7244
vn -0.1363 -0.6877 -0.7131
vn -0.1543 -0.6841 -0.7129
vn -0.2459 -0.0788 -0.9661
vn -0.2534 0.1513 -0.9554
vn -0.2801 -0.6663 -0.6910
vn -0.3695 -0.0837 -0.9255
vn -0.3777 0.1448 -0.9145
vn -0.7743 0.0990 -0.6251
vn -0.7540 -0.1387 -0.6421
vn -0.9874 0.0248 -0.1564
vn -0.9574 -0.2172 -0.1905
vn -0.5519 -0.6113 -0.5673
vn -0.6077 -0.7486 -0.2652
vn -0.5951 -0.7938 -0.1257
vn -0.9692 -0.2433 -0.0385
vn -1.0000 -0.0000 -0.0000
vn -0.5950 -0.7938 -0.1257
vn -0.5948 -0.7938 -0.1271
vn -0.9692 -0.2429 -0.0409
vn -1.0000 0.0004 -0.0024
vn -0.9999 0.0024 -0.0153
vn -0.9691 -0.2408 -0.0536
vn -0.9979 0.0102 -0.0645
vn -0.9670 -0.2336 -0.1015
vn -0.5937 -0.7933 -0.1348
vn -0.5885 -0.7917 -0.1638
vn -0.5821 -0.7844 -0.2142
vn -0.9579 -0.2201 -0.1843
vn -0.9884 0.0238 -0.1503
vn -0.5647 -0.7767 -0.2788
vn -0.9347 -0.2042 -0.2910
vn -0.9646 0.0413 -0.2605
vn -0.9134 0.0637 -0.4022
vn -0.9134 0.0637 -0.4021
vn -0.8847 -0.1841 -0.4282
vn -0.8177 0.0901 -0.5686
vn -0.7917 -0.1603 -0.5895
vn -0.5302 -0.7672 -0.3609
vn -0.4705 -0.7558 -0.4555
vn -0.3812 -0.7429 -0.5502
vn -0.6446 -0.1355 -0.7524
vn -0.6661 0.1167 -0.7367
vn -0.2792 -0.7276 -0.6267
vn -0.4695 -0.1142 -0.8755
vn -0.4852 0.1368 -0.8637
vn -0.2851 0.1499 -0.9467
vn -0.2758 -0.1017 -0.9558
vn -0.0251 0.1564 -0.9874
vn -0.0247 -0.0981 -0.9949
vn -0.1620 -0.7217 -0.6729
vn -0.0126 -0.7242 -0.6895
vn 0.1634 -0.7333 -0.6599
vn 0.2802 -0.1071 -0.9539
vn 0.2897 0.1497 -0.9453
vn 0.3285 -0.7421 -0.5843
vn 0.5633 -0.1273 -0.8164
vn 0.5821 0.1272 -0.8031
vn 0.7860 0.0967 -0.6106
vn 0.7605 -0.1544 -0.6307
vn 0.9044 0.0668 -0.4215
vn 0.8755 -0.1824 -0.4475
vn 0.4480 -0.7544 -0.4797
vn 0.5211 -0.7676 -0.3730
vn 0.5603 -0.7801 -0.2785
vn 0.9349 -0.2069 -0.2884
vn 0.9655 0.0408 -0.2573
vn 0.5789 -0.7916 -0.1953
vn 0.9621 -0.2280 -0.1498
vn 0.9932 0.0182 -0.1150
vn 0.9996 0.0044 -0.0280
vn 0.9690 -0.2383 -0.0653
vn 1.0000 0.0007 -0.0041
vn 0.9696 -0.2412 -0.0423
vn 0.5930 -0.7924 -0.1429
vn 0.5963 -0.7925 -0.1282
vn 0.5969 -0.7924 -0.1255
vn 0.9696 -0.2418 -0.0383
vn 1.0000 -0.0000 -0.0000
vn 0.5968 -0.7925 -0.1255
vn 0.9695 -0.2419 -0.0383
vn 0.9695 -0.2420 -0.0383
vn 0.9695 -0.2421 -0.0384
vn 0.5967 -0.7926 -0.1256
vn 0.5965 -0.7927 -0.1256
vn 0.1013 -0.9826 -0.1556
vn 0.1012 -0.9826 -0.1557
vn 0.1014 -0.9826 -0.1556
vn -0.0000 -0.9877 -0.1564
vn 0.0999 -0.9823 -0.1587
vn 0.0954 -0.9813 -0.1675
vn 0.1011 -0.9825 -0.1561
vn 0.0920 -0.9792 -0.1811
vn 0.0848 -0.9769 -0.1964
vn -0.0000 -0.9877 -0.1565
vn 0.0720 -0.9744 -0.2132
vn -0.1007 -0.9827 -0.1556
vn -0.1005 -0.9827 -0.1556
vn -0.1001 -0.9827 -0.1555
vn -0.0994 -0.9828 -0.1554
vn 0.0224 -0.9981 -0.0582
vn 0.0206 -0.9980 -0.0593
vn 0.0244 -0.9980 -0.0585
vn -0.5916 -0.7964 -0.1255
vn -0.5934 -0.7950 -0.1257
vn -0.9684 -0.2462 -0.0387
vn -0.9688 -0.2447 -0.0386
vn -0.9691 -0.2436 -0.0386
vn -0.9912 -0.1306 -0.0207
vn -0.7492 -0.6542 -0.1036
vn -0.1928 -0.9691 -0.1535
vn -0.1929 -0.9691 -0.1535
vn -0.0912 -0.9836 -0.1558
vn -0.0913 -0.9836 -0.1558
vn -0.5698 -0.8116 -0.1285
vn -0.5699 -0.8116 -0.1285
vn -0.5699 -0.8116 -0.1286
vn -0.9636 -0.2639 -0.0418
vn -0.9637 -0.2639 -0.0418
vn -0.9451 -0.3025 0.1233
vn -0.9860 -0.0261 0.1647
vn -0.5710 -0.8199 -0.0421
vn -0.0940 -0.9850 -0.1446
vn -0.3620 -0.8777 0.3141
vn -0.5988 -0.4159 0.6845
vn -0.0578 -0.9947 -0.0854
vn -0.1552 -0.9802 -0.1233
vn -0.0598 -0.9948 -0.0828
vn -0.7014 -0.7128 0.0025
vn -0.3685 -0.8725 0.3210
vn 0.0358 -0.8071 0.5893
vn 0.0017 -1.0000 0.0011
vn 0.1605 -0.7687 0.6191
vn 0.0413 -0.9986 0.0326
vn 0.0196 -0.9975 -0.0677
vn 0.0089 -0.9980 -0.0625
vn 0.1221 -0.8987 0.4213
vn 0.0364 -0.8964 0.4417
vn 0.2064 -0.4112 0.8879
vn 0.0351 -0.4263 0.9039
vn -0.6286 -0.1217 0.7682
vn 0.0461 -0.1563 0.9866
vn 0.2142 -0.4106 0.8863
vn 0.1269 -0.8978 0.4218
vn 0.2314 -0.4098 0.8823
vn 0.2401 -0.1519 0.9588
vn 0.1373 -0.8972 0.4197
vn 0.2473 -0.4093 0.8782
vn 0.1465 -0.8972 0.4167
vn 0.0221 -0.9975 -0.0677
vn 0.0235 -0.9974 -0.0683
vn 0.0204 -0.9975 -0.0674
vn 0.1541 -0.8968 0.4147
vn 0.2601 -0.4088 0.8748
vn 0.0247 -0.9973 -0.0686
vn 0.0493 -0.9983 0.0298
vn 0.0518 -0.9982 0.0291
vn 0.0460 -0.9985 0.0302
vn 0.0427 -0.9986 0.0313
vn 0.1796 -0.7692 0.6132
vn 0.1920 -0.7683 0.6106
vn 0.1663 -0.7695 0.6166
vn 0.2380 -0.2813 0.9296
vn 0.2203 -0.2819 0.9338
vn 0.2124 -0.2821 0.9356
vn 0.0508 -0.2980 0.9532
vn -0.6196 -0.3034 0.7239
vn -0.9768 -0.1676 0.1330
vn 0.2544 -0.2806 0.9255
vn 0.2676 -0.2800 0.9219
vn 0.2020 -0.7679 0.6078
vn 0.2798 -0.2795 0.9185
vn 0.2113 -0.7674 0.6054
vn 0.0542 -0.9981 0.0285
vn 0.2195 -0.7669 0.6030
vn 0.0564 -0.9980 0.0279
vn 0.0269 -0.9972 -0.0693
vn 0.0259 -0.9973 -0.0690
vn 0.1675 -0.8963 0.4106
vn 0.1612 -0.8966 0.4125
vn 0.2827 -0.4077 0.8682
vn 0.2721 -0.4082 0.8714
vn 0.2933 -0.1496 0.9442
vn 0.3035 -0.4063 0.8619
vn 0.1804 -0.8946 0.4088
vn 0.3419 -0.4039 0.8485
vn 0.3547 -0.1463 0.9235
vn 0.2037 -0.8926 0.4022
vn 0.2227 -0.8926 0.3920
vn 0.3752 -0.4023 0.8351
vn 0.3893 -0.1441 0.9098
vn 0.3857 -0.4021 0.8304
vn 0.2281 -0.8933 0.3872
vn 0.4054 -0.3998 0.8220
vn 0.4205 -0.1419 0.8961
vn 0.2411 -0.8905 0.3859
vn 0.0365 -0.9967 -0.0732
vn 0.0388 -0.9966 -0.0729
vn 0.0358 -0.9968 -0.0721
vn 0.2829 -0.8844 0.3712
vn 0.4717 -0.3935 0.7891
vn 0.0460 -0.9962 -0.0745
vn 0.0799 -0.9967 0.0169
vn 0.0908 -0.9958 0.0067
vn 0.0772 -0.9968 0.0210
vn 0.0745 -0.9970 0.0206
vn 0.2999 -0.7617 0.5744
vn 0.3133 -0.7633 0.5650
vn 0.2911 -0.7637 0.5762
vn 0.2647 -0.7669 0.5846
vn 0.0673 -0.9975 0.0216
vn 0.2352 -0.7675 0.5963
vn 0.0601 -0.9979 0.0253
vn 0.0329 -0.9970 -0.0701
vn 0.0290 -0.9972 -0.0693
vn 0.3517 -0.2760 0.8945
vn 0.3121 -0.2780 0.9085
vn 0.2907 -0.2789 0.9153
vn 0.3860 -0.2736 0.8810
vn 0.3968 -0.2728 0.8765
vn 0.4159 -0.2717 0.8679
vn 0.4826 -0.2669 0.8342
vn 0.3614 -0.7636 0.5351
vn 0.4295 -0.7566 0.4931
vn 0.5734 -0.2578 0.7777
vn 0.1079 -0.9942 -0.0036
vn 0.4847 -0.7477 0.4539
vn 0.1228 -0.9924 -0.0123
vn 0.0609 -0.9945 -0.0857
vn 0.0547 -0.9953 -0.0799
vn 0.3758 -0.8753 0.3044
vn 0.3357 -0.8792 0.3382
vn 0.6282 -0.3764 0.6809
vn 0.5592 -0.3847 0.7344
vn 0.4891 -0.1364 0.8615
vn 0.5800 -0.1274 0.8046
vn 0.6516 -0.1187 0.7493
vn 0.7124 -0.3625 0.6009
vn 0.7386 -0.1055 0.6659
vn 0.4311 -0.8635 0.2616
vn 0.8079 -0.3433 0.4790
vn 0.8378 -0.0854 0.5392
vn 0.4887 -0.8522 0.1871
vn 0.8785 -0.3231 0.3521
vn 0.9109 -0.0646 0.4076
vn 0.5307 -0.8404 0.1101
vn 0.0802 -0.9913 -0.1043
vn 0.0870 -0.9893 -0.1169
vn 0.0708 -0.9932 -0.0919
vn 0.5636 -0.8256 0.0254
vn 0.9303 -0.3003 0.2107
vn 0.0927 -0.9871 -0.1307
vn -0.0001 -0.9877 -0.1564
vn 0.1679 -0.9827 -0.0787
vn 0.1762 -0.9786 -0.1062
vn 0.1537 -0.9866 -0.0550
vn 0.1349 -0.9903 -0.0324
vn 0.6199 -0.7285 0.2917
vn 0.6744 -0.7121 0.1953
vn 0.5454 -0.7444 0.3852
vn 0.8316 -0.2160 0.5116
vn 0.7326 -0.2363 0.6383
vn 0.6451 -0.2486 0.7225
vn 0.9034 -0.1952 0.3817
vn 0.9563 -0.1724 0.2364
vn 0.7122 -0.6967 0.0861
vn 0.9849 -0.1488 0.0881
vn 0.7355 -0.6771 -0.0237
vn 0.1833 -0.9740 -0.1333
vn 0.7392 -0.6616 -0.1258
vn 0.1839 -0.9701 -0.1586
vn 0.0950 -0.9828 -0.1582
vn 0.0946 -0.9849 -0.1451
vn 0.5809 -0.8015 -0.1420
vn 0.5778 -0.8138 -0.0622
vn 0.9640 -0.2579 -0.0651
vn 0.9582 -0.2783 0.0668
vn 0.9644 -0.0413 0.2610
vn 0.9935 -0.0177 0.1120
vn 0.9997 0.0039 -0.0248
vn 0.9570 -0.2455 -0.1544
vn 0.9929 0.0185 -0.1171
vn 0.5693 -0.7985 -0.1955
vn 0.9581 -0.2487 -0.1423
vn 0.9944 0.0165 -0.1041
vn 0.5612 -0.8062 -0.1876
vn 0.5598 -0.8170 -0.1381
vn 0.9627 -0.2630 -0.0644
vn 0.9998 0.0031 -0.0196
vn 0.9331 -0.3242 0.1556
vn 0.9749 -0.0348 0.2197
vn 0.4979 -0.8670 -0.0213
vn 0.0717 -0.9877 -0.1387
vn 0.0877 -0.9838 -0.1562
vn 0.0890 -0.9823 -0.1649
vn 0.0918 -0.9817 -0.1667
vn 0.1815 -0.9656 -0.1861
vn 0.1770 -0.9585 -0.2235
vn 0.7285 -0.6419 -0.2393
vn 0.6936 -0.6064 -0.3888
vn 0.6274 -0.5568 -0.5444
vn 0.1719 -0.9466 -0.2727
vn 0.5203 -0.5275 -0.6715
vn 0.1452 -0.9386 -0.3129
vn -0.0028 -0.9981 0.0618
vn 0.0043 -0.9989 0.0459
vn -0.0081 -0.9973 0.0732
vn -0.0142 -0.9970 0.0757
vn -0.0267 -0.7321 0.6806
vn -0.0095 -0.7417 0.6707
vn -0.0481 -0.7289 0.6829
vn -0.0764 -0.7282 0.6811
vn -0.0224 -0.9969 0.0752
vn -0.1036 -0.7273 0.6785
vn -0.0304 -0.9967 0.0748
vn -0.0368 -0.9965 0.0744
vn 0.1001 -0.9348 -0.3407
vn 0.0612 -0.9290 -0.3651
vn 0.3629 -0.5132 -0.7778
vn 0.2144 -0.4939 -0.8427
vn 0.0712 -0.4964 -0.8652
vn 0.0202 -0.9299 -0.3672
vn -0.0842 -0.4936 -0.8656
vn -0.0228 -0.9290 -0.3694
vn -0.1774 -0.4862 -0.8557
vn -0.0513 -0.9262 -0.3735
vn -0.2008 -0.4826 -0.8525
vn -0.0593 -0.9248 -0.3757
vn -0.0817 -0.9364 -0.3414
vn -0.1254 -0.9590 -0.2541
vn -0.0967 -0.9952 0.0169
vn -0.0709 -0.9953 0.0665
vn -0.1439 -0.9877 -0.0614
vn -0.3701 -0.7477 0.5513
vn -0.2419 -0.7222 0.6480
vn -0.6422 -0.7234 0.2534
vn -0.2261 -0.7230 0.6528
vn -0.0663 -0.9955 0.0675
vn -0.1990 -0.7251 0.6593
vn -0.0582 -0.9959 0.0686
vn -0.1680 -0.7259 0.6670
vn -0.0492 -0.9962 0.0712
vn -0.0424 -0.9964 0.0735
vn -0.1442 -0.7259 0.6726
vn -0.1253 -0.7264 0.6758
vn -0.1575 -0.2592 0.9529
vn -0.1813 -0.2585 0.9488
vn -0.1303 -0.2598 0.9568
vn -0.0962 -0.2605 0.9607
vn -0.0967 -0.1557 0.9831
vn -0.1310 -0.1551 0.9792
vn -0.1584 -0.1545 0.9752
vn -0.0605 -0.1561 0.9859
vn -0.0602 -0.2612 0.9634
vn -0.0318 -0.1564 0.9872
vn -0.0322 -0.2633 0.9642
vn -0.0095 -0.2686 0.9632
vn -0.0082 -0.1564 0.9877
vn 0.0199 -0.2766 0.9608
vn 0.0134 -0.7568 0.6535
vn 0.0219 -0.1564 0.9875
vn 0.0584 -0.2834 0.9572
vn 0.0435 -0.7697 0.6369
vn 0.0121 -0.9993 0.0359
vn 0.0195 -0.9993 0.0331
vn 0.0750 -0.7736 0.6292
vn 0.0256 -0.9991 0.0336
vn 0.0998 -0.7722 0.6275
vn 0.0099 -0.9978 -0.0658
vn 0.0126 -0.9977 -0.0661
vn 0.0225 -0.9958 -0.0884
vn 0.0636 -0.8998 0.4316
vn 0.1527 -0.9278 0.3404
vn 0.0788 -0.8995 0.4298
vn 0.0441 -0.9922 -0.1163
vn 0.3410 -0.9253 0.1662
vn 0.1089 -0.4149 0.9033
vn 0.2812 -0.4380 0.8539
vn 0.7027 -0.4212 0.5734
vn 0.7426 -0.1048 0.6615
vn 0.3043 -0.1490 0.9409
vn 0.1131 -0.1554 0.9813
vn 0.1333 -0.4134 0.9007
vn 0.1384 -0.1549 0.9782
vn 0.1461 -0.4127 0.8991
vn 0.1516 -0.1546 0.9763
vn 0.0866 -0.8992 0.4289
vn 0.1633 -0.4120 0.8964
vn 0.1694 -0.1542 0.9734
vn 0.0969 -0.8983 0.4285
vn 0.0139 -0.9977 -0.0663
vn 0.0156 -0.9977 -0.0662
vn 0.1139 -0.8974 0.4264
vn 0.1916 -0.4110 0.8913
vn 0.0183 -0.9976 -0.0664
vn 0.0324 -0.9989 0.0328
vn 0.0379 -0.9988 0.0311
vn 0.0291 -0.9990 0.0341
vn 0.1135 -0.7707 0.6270
vn 0.1266 -0.7712 0.6239
vn 0.1503 -0.2840 0.9470
vn 0.1321 -0.2846 0.9495
vn 0.1678 -0.2836 0.9441
vn 0.0994 -0.2854 0.9532
vn 0.1333 -0.1550 0.9789
vn 0.1004 -0.1556 0.9827
vn 0.0600 -0.1562 0.9859
vn 0.0600 -0.1561 0.9859
vn -0.0083 -0.1564 0.9877
vn 0.0210 -0.2707 0.9624
vn 0.0591 -0.2656 0.9623
vn -0.0092 -0.2772 0.9608
vn 0.0144 -0.7439 0.6682
vn -0.0095 -0.7561 0.6544
vn 0.0450 -0.7340 0.6777
vn -0.0328 -0.2849 0.9580
vn -0.0278 -0.7690 0.6386
vn -0.0613 -0.2930 0.9541
vn -0.0489 -0.7810 0.6226
vn -0.0969 -0.3007 0.9488
vn -0.0742 -0.7919 0.6061
vn -0.1304 -0.3072 0.9427
vn -0.0969 -0.8013 0.5904
vn -0.1571 -0.3127 0.9368
vn -0.1145 -0.8088 0.5768
vn -0.1803 -0.3170 0.9311
vn -0.1295 -0.8143 0.5658
vn -0.1824 -0.1538 0.9711
vn -0.1823 -0.1538 0.9711
vn -0.2125 -0.1529 0.9651
vn -0.2096 -0.3192 0.9242
vn -0.2126 -0.1529 0.9651
vn -0.2113 -0.2577 0.9428
vn -0.2504 -0.2562 0.9336
vn -0.2518 -0.1514 0.9559
vn -0.2843 -0.2546 0.9243
vn -0.2859 -0.1499 0.9465
vn -0.3045 -0.2540 0.9180
vn -0.3064 -0.1489 0.9402
vn -0.4987 -0.1356 0.8561
vn -0.4926 -0.2487 0.8340
vn -0.8653 -0.1918 0.4631
vn -0.8694 -0.0773 0.4880
vn -0.8059 -0.5916 -0.0216
vn -0.9914 -0.1077 0.0743
vn -0.9956 -0.0147 0.0926
vn -0.9904 -0.0758 -0.1157
vn -0.9942 0.0168 -0.1061
vn -0.8048 -0.5664 -0.1774
vn -0.6989 0.1119 -0.7064
vn -0.6972 -0.0290 -0.7163
vn 0.0836 0.0334 -0.9959
vn 0.0732 0.1560 -0.9850
vn -0.4551 -0.6750 -0.5808
vn 0.0792 -0.5466 -0.8337
vn -0.0680 -0.9668 -0.2464
vn 0.0168 -0.9416 -0.3362
vn -0.2216 -0.9549 -0.1974
vn -0.2353 -0.9642 -0.1224
vn 0.2513 -0.9558 -0.1526
vn 0.2636 -0.9526 -0.1521
vn 0.2751 -0.9494 -0.1513
vn 0.8183 -0.5675 -0.0916
vn 0.8273 -0.5546 -0.0892
vn 0.8079 -0.5818 -0.0939
vn 0.2865 -0.9463 -0.1499
vn 0.8346 -0.5440 -0.0866
vn 0.9957 -0.0918 -0.0150
vn 0.9961 -0.0873 -0.0142
vn 0.9964 -0.0836 -0.0133
vn 0.8379 -0.5392 -0.0849
vn 0.9965 -0.0825 -0.0129
vn 0.2867 -0.9463 -0.1494
vn 0.8358 -0.5423 -0.0854
vn 0.2841 -0.9470 -0.1497
vn 0.9964 -0.0834 -0.0131
vn 0.0778 -0.9257 -0.3701
vn 0.0777 -0.9255 -0.3707
vn 0.2633 -0.4857 -0.8335
vn 0.2632 -0.4845 -0.8342
vn 0.3305 0.0412 -0.9429
vn 0.3304 0.0417 -0.9429
vn 0.3324 0.1475 -0.9315
vn 0.2634 -0.4857 -0.8335
vn 0.2634 -0.4856 -0.8335
vn 0.2581 -0.4843 -0.8359
vn 0.3236 0.0416 -0.9453
vn 0.3254 0.1479 -0.9339
vn 0.3010 0.0429 -0.9527
vn 0.3027 0.1491 -0.9414
vn 0.2404 -0.4821 -0.8425
vn 0.2598 0.0448 -0.9646
vn 0.2613 0.1510 -0.9534
vn 0.2077 -0.4792 -0.8528
vn 0.0716 -0.9245 -0.3745
vn 0.0622 -0.9235 -0.3786
vn 0.0765 -0.9253 -0.3716
vn 0.0473 -0.9222 -0.3837
vn 0.0291 -0.9218 -0.3866
vn 0.1572 -0.4756 -0.8655
vn 0.0968 -0.4741 -0.8751
vn 0.0408 -0.4740 -0.8796
vn 0.0123 -0.9218 -0.3874
vn -0.0132 -0.4725 -0.8813
vn -0.0035 -0.9214 -0.3886
vn 0.0003 -0.9877 -0.1564
vn 0.0002 -0.9877 -0.1563
vn 0.0011 -0.9876 -0.1568
vn -0.0210 -0.9197 -0.3920
vn 0.0009 -0.9878 -0.1558
vn 0.0003 -0.9878 -0.1560
vn 0.0001 -0.9877 -0.1564
vn -0.0000 -0.9877 -0.1563
vn -0.0786 -0.9947 0.0656
vn -0.0786 -0.9947 0.0657
vn -0.2661 -0.7194 0.6417
vn -0.2661 -0.7193 0.6417
vn -0.0000 -0.9877 -0.1562
vn -0.0801 -0.9946 0.0667
vn 0.0001 -0.9877 -0.1565
vn -0.0003 -0.9877 -0.1563
vn -0.0867 -0.9937 0.0715
vn -0.2716 -0.7170 0.6419
vn -0.2948 -0.7077 0.6420
vn -0.3293 -0.6914 0.6430
vn -0.0987 -0.9917 0.0822
vn -0.3506 -0.6719 0.6524
vn -0.1106 -0.9890 0.0980
vn 0.0003 -0.9877 -0.1565
vn -0.0007 -0.9875 -0.1576
vn 0.0003 -0.9872 -0.1597
vn 0.0004 -0.9877 -0.1565
vn 0.0018 -0.9871 -0.1603
vn -0.1253 -0.9853 0.1160
vn -0.0000 -0.9877 -0.1566
vn 0.0008 -0.9872 -0.1594
vn -0.1544 -0.9794 0.1301
vn -0.3745 -0.6473 0.6639
vn -0.4378 -0.6176 0.6534
vn -0.5468 -0.5858 0.5981
vn -0.2075 -0.9695 0.1306
vn -0.0011 -0.9875 -0.1574
vn -0.6672 -0.5611 0.4899
vn -0.2664 -0.9593 0.0932
vn -0.0017 -0.9874 -0.1581
vn -0.0013 -0.9873 -0.1588
vn -0.0011 -0.9873 -0.1586
vn -0.3065 -0.9514 0.0288
vn 0.0003 -0.9876 -0.1567
vn -0.0007 -0.9873 -0.1586
vn -0.3433 -0.9378 -0.0519
vn -0.7646 -0.5418 0.3491
vn -0.8412 -0.5170 0.1588
vn -0.8662 -0.4907 -0.0947
vn -0.3452 -0.9234 -0.1679
vn 0.0017 -0.9883 -0.1525
vn -0.8139 -0.4732 -0.3371
vn -0.2923 -0.9195 -0.2628
vn 0.0032 -0.9886 -0.1508
vn 0.0024 -0.9874 -0.1583
vn 0.0062 -0.9868 -0.1621
vn -0.2366 -0.9099 -0.3407
vn 0.0194 -0.9824 -0.1856
vn 0.0127 -0.9848 -0.1731
vn -0.1686 -0.8965 -0.4098
vn -0.7078 -0.4545 -0.5408
vn -0.5614 -0.4318 -0.7060
vn -0.4389 -0.4237 -0.7923
vn -0.1203 -0.8952 -0.4290
vn 0.0197 -0.9809 -0.1936
vn -0.3813 -0.4385 -0.8138
vn -0.1212 -0.9082 -0.4006
vn -0.0099 -0.9849 -0.1727
vn 0.0131 -0.9828 -0.1844
vn -0.0066 -0.9844 -0.1758
vn -0.0277 -0.9877 -0.1542
vn -0.1146 -0.9150 -0.3868
vn -0.0171 -0.9868 -0.1608
vn -0.0058 -0.9870 -0.1606
vn -0.0016 -0.9856 -0.1689
vn 0.0058 -0.9852 -0.1712
vn 0.0043 -0.9864 -0.1644
vn -0.0026 -0.9878 -0.1558
vn -0.0081 -0.9879 -0.1548
vn -0.0000 -0.9879 -0.1550
vn -0.0000 -0.9879 -0.1553
vn -0.0140 -0.9879 -0.1542
vn -0.0007 -0.9876 -0.1569
vn -0.0745 -0.9172 -0.3914
vn -0.0415 -0.9180 -0.3945
vn -0.2113 -0.4592 -0.8628
vn -0.1381 -0.4628 -0.8756
vn -0.3115 -0.4521 -0.8358
vn -0.0747 -0.4677 -0.8807
vn -0.0950 0.0514 -0.9941
vn -0.1729 0.0520 -0.9836
vn -0.0171 0.0506 -0.9986
vn 0.0510 0.0501 -0.9974
vn 0.0513 0.1562 -0.9864
vn -0.0173 0.1564 -0.9875
vn -0.0959 0.1557 -0.9831
vn 0.1216 0.1553 -0.9804
vn 0.1209 0.0491 -0.9914
vn 0.1974 0.1534 -0.9682
vn 0.1963 0.0472 -0.9794
vn 0.2612 0.1510 -0.9534
vn 0.1954 0.0390 -0.9800
vn 0.2582 0.0300 -0.9656
vn 0.2991 0.0202 -0.9540
vn 0.2233 -0.5390 -0.8122
vn 0.1947 -0.5219 -0.8305
vn 0.1484 -0.5064 -0.8495
vn 0.2376 -0.5540 -0.7979
vn 0.3214 0.0112 -0.9469
vn 0.2401 -0.5666 -0.7882
vn 0.3280 0.0037 -0.9447
vn 0.3278 -0.0030 -0.9447
vn 0.3276 -0.0090 -0.9448
vn 0.2346 -0.5883 -0.7738
vn 0.2372 -0.5783 -0.7806
vn 0.2324 -0.5969 -0.7680
vn 0.3274 -0.0142 -0.9448
vn 0.2308 -0.6033 -0.7634
vn 0.3273 -0.0183 -0.9448
vn 0.3273 -0.0209 -0.9447
vn 0.3273 -0.0223 -0.9446
vn 0.2299 -0.6093 -0.7589
vn 0.2301 -0.6072 -0.7605
vn 0.2298 -0.6105 -0.7579
vn 0.3274 -0.0231 -0.9446
vn -0.0543 -0.6074 -0.7925
vn 0.0479 -0.0341 -0.9983
vn -0.6829 -0.0747 -0.7267
vn -0.6210 -0.4713 -0.6263
vn -0.7511 -0.6077 -0.2581
vn -0.9846 -0.1081 -0.1377
vn -0.9882 -0.1314 0.0782
vn -0.7832 -0.6215 0.0209
vn -0.1828 -0.9364 -0.2994
vn -0.2744 -0.9616 -0.0092
vn -0.7707 -0.5510 0.3200
vn -0.4159 -0.7701 0.4837
vn -0.8578 -0.2174 0.4658
vn -0.4931 -0.2967 0.8178
vn -0.2123 -0.8163 0.5372
vn -0.3017 -0.3164 0.8994
vn -0.0463 -0.9988 -0.0140
vn -0.1986 -0.8165 0.5421
vn -0.2815 -0.3175 0.9055
vn -0.0436 -0.9990 -0.0127
vn 0.0498 -0.9543 -0.2947
vn 0.0498 -0.9541 -0.2954
vn -0.0390 -0.9992 -0.0108
vn -0.1758 -0.8167 0.5497
vn 0.0500 -0.9537 -0.2966
vn 0.0506 -0.9529 -0.2990
vn -0.0334 -0.9994 -0.0087
vn 0.0518 -0.9516 -0.3028
vn -0.0294 -0.9996 -0.0054
vn -0.1493 -0.8167 0.5574
vn -0.2479 -0.3189 0.9148
vn -0.0268 -0.9996 0.0001
vn 0.0534 -0.9500 -0.3078
vn -0.0237 -0.9997 0.0076
vn 0.0554 -0.9479 -0.3136
vn 0.0576 -0.9455 -0.3205
vn -0.0192 -0.9997 0.0169
vn 0.0583 -0.9428 -0.3283
vn -0.0136 -0.9995 0.0279
vn 0.0562 -0.9393 -0.3384
vn -0.0085 -0.9992 0.0396
vn 0.0502 -0.9351 -0.3507
vn -0.0036 -0.9987 0.0516
vn 0.0386 -0.9312 -0.3624
vn 0.0031 -0.9980 0.0630
vn 0.0120 -0.9973 0.0720
vn 0.0237 -0.9277 -0.3727
vn 0.0916 -0.4925 -0.8655
vn 0.1203 0.0459 -0.9917
vn 0.0376 -0.4815 -0.8756
vn 0.0087 -0.9246 -0.3807
vn 0.0506 0.0505 -0.9974
vn -0.0174 0.0532 -0.9984
vn -0.0159 -0.4749 -0.8799
vn -0.0951 0.0533 -0.9940
vn -0.0770 -0.4740 -0.8771
vn -0.1724 0.0505 -0.9837
vn -0.1361 -0.4771 -0.8683
vn -0.1742 0.1540 -0.9726
vn -0.2563 0.1512 -0.9547
vn -0.2517 0.0442 -0.9668
vn -0.2556 0.0511 -0.9654
vn -0.3762 0.0474 -0.9253
vn -0.3778 0.1448 -0.9145
vn -0.4782 0.0452 -0.8771
vn -0.4843 0.1369 -0.8641
vn -0.5585 0.0418 -0.8285
vn -0.5672 0.1288 -0.8134
vn -0.6950 0.0259 -0.7185
vn -0.7032 0.1112 -0.7023
vn -0.8544 -0.0037 -0.5195
vn -0.8617 0.0794 -0.5011
vn -0.9607 -0.0371 -0.2753
vn -0.9661 0.0404 -0.2551
vn -0.9973 -0.0735 -0.0065
vn -0.9999 -0.0017 0.0110
vn -0.9583 -0.1120 0.2628
vn -0.9602 -0.0437 0.2759
vn -0.8730 -0.0763 0.4818
vn -0.8729 -0.0763 0.4818
vn -0.8708 -0.1429 0.4703
vn -0.7631 -0.1669 0.6244
vn -0.7659 -0.1006 0.6351
vn -0.7430 -0.3221 0.5868
vn -0.8459 -0.3133 0.4317
vn -0.9292 -0.2927 0.2256
vn -0.5149 -0.8443 0.1481
vn -0.5479 -0.8364 0.0149
vn -0.4676 -0.8461 0.2556
vn -0.5645 -0.8127 -0.1447
vn -0.9673 -0.2505 -0.0398
vn -0.5631 -0.7662 -0.3097
vn -0.9337 -0.1880 -0.3047
vn -0.5340 -0.7056 -0.4658
vn -0.8326 -0.1169 -0.5414
vn -0.6845 -0.0510 -0.7272
vn -0.5577 -0.0072 -0.8300
vn -0.4788 -0.6383 -0.6028
vn -0.4165 -0.5735 -0.7054
vn -0.3546 -0.5275 -0.7720
vn -0.4753 0.0164 -0.8797
vn -0.2678 -0.5080 -0.8186
vn -0.3685 0.0317 -0.9291
vn -0.1896 -0.4879 -0.8521
vn -0.0491 -0.9252 -0.3763
vn -0.0400 -0.9234 -0.3817
vn -0.0661 -0.9302 -0.3611
vn 0.0573 -0.9959 0.0704
vn 0.0499 -0.9956 0.0788
vn 0.0414 -0.9956 0.0841
vn 0.0359 -0.9958 0.0840
vn -0.0248 -0.9229 -0.3844
vn -0.0069 -0.9229 -0.3850
vn 0.0306 -0.9962 0.0821
vn 0.1205 -0.7176 0.6860
vn 0.1048 -0.7207 0.6853
vn 0.1357 -0.7162 0.6845
vn 0.1507 -0.2560 0.9549
vn 0.1322 -0.2581 0.9570
vn 0.1686 -0.2554 0.9520
vn 0.0777 -0.7262 0.6831
vn 0.0220 -0.9967 0.0784
vn 0.0994 -0.2614 0.9601
vn 0.1693 -0.1542 0.9734
vn 0.1985 -0.1533 0.9680
vn 0.1986 -0.1533 0.9680
vn 0.1979 -0.2557 0.9463
vn 0.1593 -0.7181 0.6774
vn 0.1876 -0.7227 0.6652
vn 0.2344 -0.2568 0.9376
vn 0.2350 -0.1521 0.9600
vn 0.2184 -0.7289 0.6489
vn 0.2755 -0.2588 0.9258
vn 0.2761 -0.1504 0.9493
vn 0.3234 -0.1480 0.9346
vn 0.3227 -0.2614 0.9097
vn 0.3688 -0.1454 0.9181
vn 0.3675 -0.2640 0.8918
vn 0.2842 -0.7433 0.6056
vn 0.2527 -0.7359 0.6282
vn 0.3209 -0.7522 0.5755
vn 0.4224 -0.2680 0.8659
vn 0.4231 -0.1417 0.8949
vn 0.3862 -0.7688 0.5097
vn 0.5293 -0.2777 0.8017
vn 0.5286 -0.1328 0.8384
vn 0.6811 -0.1145 0.7232
vn 0.6773 -0.2880 0.6770
vn 0.8424 -0.0843 0.5323
vn 0.8289 -0.2888 0.4792
vn 0.5524 -0.7983 0.2399
vn 0.4713 -0.7883 0.3955
vn 0.6077 -0.7930 0.0433
vn 0.9411 -0.2704 0.2032
vn 0.9665 -0.0401 0.2534
vn 0.6137 -0.7712 -0.1692
vn 0.9664 -0.2315 -0.1117
vn 0.9971 0.0118 -0.0748
vn 0.9318 0.0568 -0.3585
vn 0.9051 -0.1852 -0.3826
vn 0.8302 0.0872 -0.5506
vn 0.8101 -0.1446 -0.5682
vn 0.5173 -0.7155 -0.4695
vn 0.5722 -0.7431 -0.3470
vn 0.4644 -0.6913 -0.5536
vn 0.7155 -0.1124 -0.6895
vn 0.7303 0.1069 -0.6747
vn 0.4175 -0.6717 -0.6119
vn 0.6331 -0.0882 -0.7690
vn 0.6445 0.1196 -0.7552
vn 0.5691 0.1286 -0.8122
vn 0.5606 -0.0690 -0.8252
vn 0.4990 0.1356 -0.8559
vn 0.4927 -0.0523 -0.8686
vn 0.3353 -0.6372 -0.6939
vn 0.3754 -0.6537 -0.6571
vn 0.3003 -0.6233 -0.7220
vn 0.4347 -0.0387 -0.8998
vn 0.4396 0.1405 -0.8871
vn 0.2732 -0.6132 -0.7412
vn 0.3905 -0.0290 -0.9201
vn 0.3949 0.1437 -0.9074
vn 0.3619 0.1458 -0.9208
vn 0.3580 -0.0221 -0.9335
vn 0.3434 0.1469 -0.9276
vn 0.3390 -0.0180 -0.9406
vn 0.2408 -0.6017 -0.7616
vn 0.2527 -0.6051 -0.7549
vn 0.2377 -0.6007 -0.7633
vn 0.3343 -0.0170 -0.9423
vn 0.3388 0.1472 -0.9293
vn 0.2371 -0.6006 -0.7636
vn 0.3334 -0.0169 -0.9426
vn 0.3380 0.1472 -0.9296
vn 0.3334 -0.0170 -0.9426
vn 0.2370 -0.6007 -0.7635
vn 0.2370 -0.6008 -0.7634
vn 0.0528 -0.9525 -0.2998
vn 0.0528 -0.9526 -0.2997
vn 0.2370 -0.6009 -0.7634
vn 0.0527 -0.9526 -0.2996
vn 0.2370 -0.6010 -0.7633
vn 0.0527 -0.9526 -0.2995
vn 0.2369 -0.6011 -0.7632
vn 0.3334 -0.0171 -0.9426
vn 0.3334 -0.0172 -0.9426
vn 0.2369 -0.6012 -0.7631
vn 0.3334 -0.0173 -0.9426
vn 0.3350 0.0153 -0.9421
vn 0.2532 -0.5440 -0.8000
vn 0.2532 -0.5439 -0.8000
vn 0.0652 -0.9407 -0.3328
vn 0.0652 -0.9408 -0.3328
vn 0.0652 -0.9408 -0.3327
vn 0.0309 -0.9701 -0.2406
vn 0.0308 -0.9701 -0.2406
vn 0.1926 -0.7277 -0.6582
vn 0.1926 -0.7278 -0.6582
vn 0.1926 -0.7277 -0.6583
vn 0.3257 -0.1220 -0.9376
vn 0.3257 -0.1221 -0.9376
vn 0.0309 -0.9701 -0.2407
vn 0.0308 -0.9701 -0.2407
vn 0.1921 -0.7276 -0.6586
vn 0.3249 -0.1219 -0.9379
vn 0.1910 -0.7275 -0.6590
vn 0.3230 -0.1218 -0.9385
vn 0.0306 -0.9701 -0.2408
vn 0.3371 0.1473 -0.9299
vn 0.3351 0.1474 -0.9306
vn 0.1903 -0.7276 -0.6591
vn 0.3219 -0.1218 -0.9389
vn 0.3340 0.1475 -0.9310
vn 0.3149 -0.1207 -0.9414
vn 0.3266 0.1479 -0.9335
vn 0.1869 -0.7259 -0.6619
vn 0.0305 -0.9701 -0.2408
vn 0.0301 -0.9700 -0.2414
vn 0.1585 -0.7179 -0.6778
vn 0.2623 -0.1159 -0.9580
vn 0.0262 -0.9691 -0.2453
vn -0.0105 -0.9882 -0.1527
vn -0.0080 -0.9894 -0.1449
vn -0.0277 -0.9794 -0.1999
vn -0.0233 -0.9877 -0.1544
vn -0.2287 -0.9574 -0.1763
vn -0.4012 -0.7601 -0.5111
vn -0.8041 -0.5682 -0.1748
vn 0.0972 -0.5976 -0.7959
vn 0.0346 -0.9513 -0.3062
vn -0.8347 -0.5440 -0.0861
vn -0.2832 -0.9473 -0.1500
vn -0.6937 -0.0322 -0.7195
vn -0.9904 -0.0703 -0.1194
vn -0.9964 -0.0839 -0.0133
vn -0.9920 -0.1050 0.0705
vn -0.8113 -0.5842 -0.0223
vn -0.2340 -0.9650 -0.1180
vn -0.6364 -0.7333 0.2395
vn -0.1260 -0.9899 -0.0644
vn -0.8720 -0.1954 0.4488
vn -0.0048 -0.9876 -0.1571
vn -0.0171 -0.9873 -0.1577
vn -0.0048 -0.9874 -0.1585
vn -0.0178 -0.9869 -0.1602
vn -0.0206 -0.9894 -0.1437
vn 0.2818 -0.9467 -0.1560
vn 0.2181 -0.9641 -0.1515
vn 0.2817 -0.9472 -0.1532
vn 0.2829 -0.9474 -0.1500
vn 0.8372 -0.5399 -0.0874
vn 0.8433 -0.5301 -0.0888
vn 0.8345 -0.5442 -0.0861
vn 0.9968 -0.0794 -0.0131
vn 0.9977 -0.0672 -0.0118
vn 0.9964 -0.0839 -0.0133
vn 0.9693 -0.2428 -0.0385
vn 0.9693 -0.2429 -0.0385
vn 0.9692 -0.2432 -0.0387
vn 0.5965 -0.7927 -0.1260
vn 0.5955 -0.7934 -0.1257
vn 0.5956 -0.7934 -0.1257
vn 0.9690 -0.2437 -0.0402
vn 1.0000 -0.0000 -0.0001
vn 0.5959 -0.7923 -0.1311
vn 0.1008 -0.9827 -0.1557
vn 0.1018 -0.9825 -0.1558
vn 0.1014 -0.9816 -0.1621
vn 0.0882 -0.9687 -0.2318
vn 0.5818 -0.7730 -0.2529
vn 0.9479 -0.2448 -0.2037
vn 0.4412 -0.7614 -0.4749
vn 0.6531 -0.2551 -0.7130
vn 0.0501 -0.8067 -0.5889
vn 0.9880 0.0242 -0.1528
vn 0.7115 0.1099 -0.6940
vn 0.0078 0.1564 -0.9877
vn 0.0209 -0.2385 -0.9709
vn -0.3026 0.1491 -0.9414
vn -0.2792 -0.2422 -0.9292
vn -0.1331 -0.8208 -0.5554
vn -0.1335 -0.8201 -0.5564
vn -0.2793 -0.2414 -0.9294
vn -0.1338 -0.8193 -0.5575
vn -0.2794 -0.2405 -0.9296
vn -0.2795 -0.2395 -0.9298
vn -0.2796 -0.2387 -0.9300
vn -0.1345 -0.8179 -0.5595
vn -0.1342 -0.8186 -0.5585
vn -0.1348 -0.8173 -0.5603
vn -0.2797 -0.2380 -0.9301
vn -0.1350 -0.8167 -0.5610
vn -0.2797 -0.2374 -0.9303
vn -0.5087 0.1347 -0.8504
vn -0.4661 -0.2255 -0.8555
vn -0.8563 0.0808 -0.5101
vn -0.8072 -0.2267 -0.5450
vn -0.5636 -0.7106 -0.4212
vn -0.3040 -0.7843 -0.5407
vn -0.6074 -0.7565 -0.2426
vn -0.9592 -0.2256 -0.1705
vn -0.9906 0.0214 -0.1350
vn -0.5950 -0.7931 -0.1304
vn -0.9690 -0.2439 -0.0400
vn -1.0000 -0.0000 0.0001
vn -0.9545 -0.2946 -0.0467
vn -0.9547 -0.2939 -0.0470
vn -0.9603 -0.2766 -0.0357
vn -0.9730 -0.2297 -0.0227
vn -0.9868 -0.1607 -0.0190
vn -0.1006 -0.9827 -0.1556
vn -0.1026 -0.9814 -0.1620
vn -0.0020 -0.9866 -0.1630
vn -0.1404 -0.9612 -0.2376
vn -0.0224 -0.9738 -0.2265
vn -0.0020 -0.9866 -0.1629
vn -0.0224 -0.9738 -0.2262
vn -0.0223 -0.9739 -0.2259
vn -0.0222 -0.9740 -0.2255
vn -0.0220 -0.9741 -0.2251
vn 0.1010 -0.9826 -0.1556
vn 0.1011 -0.9826 -0.1556
vn 0.1009 -0.9826 -0.1556
vn 0.5958 -0.7932 -0.1257
vn 0.5960 -0.7931 -0.1256
vn 0.5957 -0.7933 -0.1257
vn 0.1009 -0.9826 -0.1557
vn 0.9693 -0.2427 -0.0385
vn 0.9694 -0.2426 -0.0384
vn 0.9951 -0.0972 -0.0159
vn 0.7980 -0.5950 -0.0956
vn 0.9946 -0.1024 -0.0166
vn 0.9943 -0.1050 -0.0168
vn 0.7932 -0.6014 -0.0958
vn 0.9943 -0.1055 -0.0167
vn 0.7923 -0.6026 -0.0954
vn 0.2341 -0.9603 -0.1521
vn 0.2340 -0.9603 -0.1521
vn 0.2347 -0.9600 -0.1524
vn 0.2400 -0.9587 -0.1528
vn -0.2341 -0.9602 -0.1521
vn -0.2345 -0.9601 -0.1526
vn -0.2341 -0.9603 -0.1521
vn -0.7923 -0.6026 -0.0954
vn -0.7926 -0.6019 -0.0972
vn -0.7934 -0.5991 -0.1073
vn -0.2357 -0.9593 -0.1555
vn -0.7945 -0.5895 -0.1459
vn -0.2390 -0.9565 -0.1670
vn -0.7879 -0.5774 -0.2141
vn -0.2381 -0.9529 -0.1877
vn -0.0001 -0.9877 -0.1565
vn -0.2348 -0.9481 -0.2146
vn 0.1991 -0.9319 -0.3033
vn 0.2247 -0.9406 -0.2546
vn 0.2369 -0.9477 -0.2137
vn 0.7258 -0.5366 -0.4306
vn 0.7726 -0.5600 -0.2991
vn 0.6333 -0.5090 -0.5830
vn 0.2421 -0.9536 -0.1789
vn 0.7938 -0.5792 -0.1856
vn 0.9600 -0.0644 -0.2725
vn 0.8993 -0.0383 -0.4357
vn 0.9876 -0.0868 -0.1310
vn 0.7944 -0.5960 -0.1171
vn 0.2372 -0.9585 -0.1583
vn 0.9939 -0.1008 -0.0445
vn 0.9943 -0.1048 -0.0208
vn 0.7929 -0.6014 -0.0986
vn 0.7923 -0.6026 -0.0955
vn 0.2341 -0.9602 -0.1521
vn 0.2347 -0.9599 -0.1530
vn 0.7817 -0.0085 -0.6236
vn 0.4697 -0.4817 -0.7398
vn 0.5787 0.0216 -0.8153
vn 0.2880 0.0436 -0.9566
vn 0.2333 -0.4628 -0.8552
vn -0.0209 -0.4585 -0.8884
vn -0.0248 0.0508 -0.9984
vn -0.2836 0.0448 -0.9579
vn -0.2303 -0.4665 -0.8540
vn -0.3899 -0.4795 -0.7862
vn -0.4825 0.0314 -0.8753
vn -0.6623 0.0111 -0.7491
vn -0.5353 -0.4942 -0.6850
vn -0.6563 -0.5171 -0.5494
vn -0.8130 -0.0154 -0.5820
vn -0.9082 -0.0416 -0.4165
vn -0.7316 -0.5407 -0.4153
vn -0.7706 -0.5612 -0.3019
vn -0.9591 -0.0640 -0.2756
vn -0.9827 -0.0815 -0.1661
vn -0.9922 -0.0951 -0.0808
vn -0.9942 -0.1030 -0.0319
vn -0.9943 -0.1051 -0.0191
vn -0.9943 -0.1055 -0.0167
vn -0.9814 -0.0876 -0.1706
vn -0.7566 -0.6169 -0.2166
vn -0.2340 -0.9603 -0.1521
vn -0.1993 -0.9618 -0.1879
vn -0.5555 -0.6168 -0.5576
vn -0.2888 -0.5173 -0.8056
vn -0.7678 -0.0253 -0.6402
vn -0.3733 0.0336 -0.9271
vn -0.2520 0.0449 -0.9667
vn -0.2236 0.0458 -0.9736
vn -0.1075 0.0481 -0.9930
vn 0.0903 0.0483 -0.9947
vn 0.2715 0.0438 -0.9614
vn 0.4638 0.0309 -0.8854
vn 0.6638 0.0091 -0.7479
vn 0.8085 -0.0207 -0.5881
vn 0.9171 -0.0625 -0.3937
vn 0.9746 -0.1016 -0.1996
vn 0.9906 -0.1275 -0.0487
vn -0.2251 -0.9417 -0.2499
vn -0.2039 -0.9343 -0.2925
vn -0.1669 -0.9270 -0.3358
vn -0.1210 -0.9228 -0.3657
vn -0.0732 -0.9185 -0.3885
vn -0.0084 -0.9153 -0.4026
vn 0.0734 -0.9165 -0.3933
vn 0.1499 -0.9225 -0.3557
vn 0.9695 -0.2422 -0.0384
vn 0.9695 -0.2423 -0.0384
vn 0.5964 -0.7928 -0.1256
vn 0.5963 -0.7928 -0.1256
vn 0.1012 -0.9826 -0.1556
vn 0.5963 -0.7929 -0.1256
vn 0.9694 -0.2423 -0.0384
vn -0.1006 -0.9827 -0.1557
vn -0.9692 -0.2434 -0.0385
vn -0.9912 -0.1307 -0.0207
vn -0.5698 -0.8116 -0.1286
vn -0.9636 -0.2640 -0.0418
vn -0.9055 0.4192 0.0664
vn -0.9054 0.4193 0.0664
vn -0.3831 0.9123 0.1445
vn -0.3832 0.9123 0.1445
vn -0.0461 0.9866 0.1563
vn -0.0000 0.9877 0.1565
vn -0.0000 0.9877 0.1564
vn -0.3760 0.9122 0.1626
vn -0.9032 0.4176 0.0993
vn -0.0441 0.9863 0.1591
vn -0.3318 0.9136 0.2348
vn -0.8758 0.4128 0.2502
vn -0.0348 0.9851 0.1683
vn -0.0249 0.9835 0.1790
vn -0.2368 0.9114 0.3365
vn -0.0172 0.9808 0.1941
vn -0.1304 0.9027 0.4101
vn -0.0968 0.8595 0.5018
vn -0.0115 0.9796 0.2007
vn -0.3767 0.3491 0.8580
vn -0.6816 0.4210 0.5985
vn -0.2597 0.3047 0.9163
vn -0.1066 0.8539 0.5095
vn -0.2512 0.2824 0.9258
vn -0.0128 0.9796 0.2005
vn -0.1185 0.8535 0.5074
vn -0.2778 0.2823 0.9182
vn -0.0143 0.9797 0.2001
vn -0.0153 0.9798 0.1994
vn -0.1267 0.8553 0.5024
vn -0.0154 0.9799 0.1991
vn -0.1282 0.8559 0.5011
vn -0.0153 0.9799 0.1991
vn -0.1274 0.8560 0.5011
vn -0.2989 0.2850 0.9107
vn -0.3029 0.2857 0.9092
vn -0.3013 0.2858 0.9097
vn -0.1271 0.8558 0.5015
vn -0.3004 0.2856 0.9101
vn -0.0153 0.9798 0.1992
vn -0.1327 0.8549 0.5015
vn -0.3122 0.2849 0.9063
vn -0.0160 0.9798 0.1993
vn -0.0174 0.9799 0.1990
vn -0.1444 0.8551 0.4979
vn -0.0193 0.9799 0.1983
vn -0.1595 0.8557 0.4923
vn -0.3391 0.2858 0.8963
vn -0.3739 0.2877 0.8817
vn -0.1772 0.8566 0.4845
vn -0.4148 0.2903 0.8624
vn -0.0214 0.9801 0.1974
vn -0.1959 0.8581 0.4747
vn -0.4584 0.2938 0.8388
vn -0.0237 0.9803 0.1963
vn -0.0276 0.9805 0.1948
vn -0.2274 0.8582 0.4602
vn -0.0335 0.9810 0.1911
vn -0.2740 0.8616 0.4273
vn -0.5266 0.2972 0.7965
vn -0.6290 0.3077 0.7139
vn -0.3324 0.8688 0.3670
vn -0.7550 0.3277 0.5680
vn -0.0409 0.9821 0.1840
vn -0.3937 0.8838 0.2528
vn -0.8787 0.3651 0.3074
vn -0.0490 0.9842 0.1702
vn -0.0508 0.9872 0.1513
vn -0.4070 0.9075 0.1041
vn -0.0458 0.9899 0.1345
vn -0.3691 0.9289 -0.0299
vn -0.9087 0.4170 -0.0201
vn -0.8264 0.4643 -0.3185
vn -0.2968 0.9464 -0.1273
vn -0.6729 0.5026 -0.5428
vn -0.0365 0.9918 0.1226
vn -0.2234 0.9573 -0.1836
vn -0.5117 0.5268 -0.6787
vn -0.0273 0.9929 0.1159
vn -0.0199 0.9934 0.1131
vn -0.1639 0.9639 -0.2096
vn -0.0152 0.9936 0.1120
vn -0.1256 0.9674 -0.2201
vn -0.3800 0.5416 -0.7498
vn -0.2932 0.5495 -0.7824
vn -0.0996 0.9689 -0.2265
vn -0.2327 0.5531 -0.8000
vn -0.0121 0.9937 0.1113
vn -0.0762 0.9698 -0.2316
vn -0.1781 0.5552 -0.8124
vn -0.0092 0.9938 0.1108
vn -0.0066 0.9939 0.1105
vn -0.0549 0.9706 -0.2343
vn -0.0041 0.9939 0.1102
vn -0.0343 0.9710 -0.2367
vn -0.1285 0.5571 -0.8205
vn -0.0805 0.5579 -0.8260
vn -0.0363 0.9737 -0.2249
vn -0.0869 0.5644 -0.8209
vn -0.0043 0.9937 0.1122
vn -0.0671 0.9736 -0.2184
vn -0.1625 0.5641 -0.8095
vn -0.0137 0.9946 0.1029
vn -0.0112 0.9905 0.1369
vn -0.0279 0.9957 0.0882
vn -0.0248 0.9966 0.0782
vn -0.0905 0.9711 -0.2208
vn -0.0123 0.9971 0.0757
vn -0.0181 0.9972 0.0719
vn -0.0990 0.9707 -0.2188
vn -0.1039 0.9700 -0.2197
vn -0.0103 0.9953 0.0963
vn 0.0044 0.9922 0.1244
vn -0.2354 0.5572 -0.7963
vn -0.2154 0.5582 -0.8013
vn -0.2457 0.5555 -0.7944
vn -0.1015 0.9707 -0.2180
vn -0.2457 0.5556 -0.7944
vn -0.0086 0.9937 0.1120
vn -0.1028 0.9711 -0.2152
vn -0.2456 0.5556 -0.7943
vn -0.0121 0.9935 0.1129
vn -0.0021 0.9888 0.1491
vn 0.0028 0.9884 0.1516
vn -0.0048 0.9881 0.1539
vn -0.0162 0.9933 0.1144
vn -0.1076 0.9707 -0.2150
vn -0.0135 0.9935 0.1130
vn -0.1122 0.9700 -0.2158
vn -0.2519 0.5559 -0.7921
vn -0.2661 0.5554 -0.7879
vn -0.1159 0.9694 -0.2162
vn -0.2740 0.5542 -0.7860
vn -0.0139 0.9935 0.1129
vn -0.1159 0.9695 -0.2161
vn -0.2740 0.5543 -0.7859
vn -0.0140 0.9935 0.1129
vn -0.2740 0.5543 -0.7860
vn -0.0107 0.9939 0.1098
vn -0.0865 0.9677 -0.2368
vn 0.0030 0.9943 0.1063
vn 0.0218 0.9660 -0.2578
vn -0.1954 0.5510 -0.8113
vn 0.0436 0.5483 -0.8352
vn 0.1077 0.9676 -0.2282
vn 0.2470 0.5502 -0.7977
vn 0.0133 0.9937 0.1111
vn 0.1258 0.9686 -0.2146
vn 0.2960 0.5520 -0.7795
vn 0.0152 0.9935 0.1131
vn 0.0154 0.9934 0.1134
vn 0.1280 0.9688 -0.2121
vn 0.1285 0.9688 -0.2121
vn 0.0155 0.9934 0.1134
vn 0.1292 0.9687 -0.2119
vn 0.3024 0.5527 -0.7765
vn 0.3035 0.5525 -0.7763
vn 0.3053 0.5524 -0.7757
vn 0.1295 0.9687 -0.2117
vn 0.3060 0.5525 -0.7753
vn 0.1295 0.9687 -0.2116
vn 0.0156 0.9934 0.1134
vn 0.3060 0.5526 -0.7753
vn 0.3060 0.5526 -0.7752
vn 0.1299 0.9687 -0.2117
vn 0.3069 0.5524 -0.7751
vn 0.1318 0.9684 -0.2115
vn 0.3111 0.5518 -0.7737
vn 0.0159 0.9934 0.1134
vn 0.0168 0.9934 0.1134
vn 0.1397 0.9675 -0.2107
vn 0.0184 0.9933 0.1139
vn 0.1528 0.9665 -0.2062
vn 0.3285 0.5496 -0.7681
vn 0.3588 0.5473 -0.7561
vn 0.1709 0.9648 -0.1997
vn 0.3997 0.5435 -0.7381
vn 0.0207 0.9932 0.1146
vn 0.1946 0.9626 -0.1887
vn 0.4539 0.5383 -0.7101
vn 0.0236 0.9930 0.1159
vn 0.0270 0.9927 0.1178
vn 0.2228 0.9595 -0.1726
vn 0.0307 0.9923 0.1204
vn 0.2529 0.9557 -0.1509
vn 0.5181 0.5312 -0.6704
vn 0.5871 0.5224 -0.6185
vn 0.2901 0.9493 -0.1208
vn 0.6684 0.5081 -0.5432
vn 0.0354 0.9917 0.1239
vn 0.3327 0.9403 -0.0722
vn 0.7613 0.4878 -0.4272
vn 0.0407 0.9907 0.1297
vn 0.0463 0.9893 0.1386
vn 0.3757 0.9267 0.0016
vn -0.0001 0.9877 0.1564
vn 0.0504 0.9870 0.1527
vn 0.4058 0.9067 0.1149
vn 0.8519 0.4580 -0.2540
vn 0.9099 0.4148 0.0017
vn 0.3932 0.8867 0.2432
vn 0.8836 0.3700 0.2870
vn 0.0488 0.9844 0.1688
vn 0.3452 0.8698 0.3525
vn 0.7786 0.3314 0.5328
vn 0.0426 0.9823 0.1824
vn 0.0339 0.9809 0.1917
vn 0.2767 0.8595 0.4297
vn 0.0259 0.9801 0.1968
vn 0.2127 0.8543 0.4743
vn 0.6312 0.3055 0.7129
vn 0.4898 0.2908 0.8219
vn 0.1664 0.8543 0.4925
vn 0.3882 0.2864 0.8760
vn 0.0201 0.9799 0.1985
vn 0.1428 0.8546 0.4992
vn 0.3348 0.2851 0.8981
vn 0.0172 0.9798 0.1992
vn 0.0152 0.9797 0.2001
vn 0.1255 0.8532 0.5063
vn 0.0129 0.9796 0.2006
vn 0.1068 0.8527 0.5114
vn 0.2935 0.2822 0.9133
vn 0.2504 0.2806 0.9266
vn 0.0908 0.8523 0.5151
vn 0.2131 0.2794 0.9362
vn 0.0110 0.9795 0.2010
vn 0.0767 0.8520 0.5179
vn 0.1802 0.2785 0.9434
vn 0.0093 0.9795 0.2013
vn 0.0078 0.9795 0.2015
vn 0.0652 0.8521 0.5192
vn 0.0070 0.9795 0.2014
vn 0.0582 0.8526 0.5194
vn 0.1535 0.2782 0.9482
vn 0.1373 0.2785 0.9506
vn 0.0529 0.8525 0.5200
vn 0.1252 0.2786 0.9522
vn 0.0063 0.9795 0.2016
vn 0.0426 0.8522 0.5215
vn 0.1024 0.2782 0.9550
vn 0.0049 0.9794 0.2018
vn 0.0113 0.9815 0.1910
vn 0.0996 0.8856 0.4537
vn 0.0220 0.9841 0.1762
vn 0.2118 0.9164 0.3397
vn 0.2574 0.3308 0.9079
vn 0.6417 0.4078 0.6495
vn 0.3206 0.9208 0.2222
vn 0.8650 0.4305 0.2578
vn 0.0365 0.9856 0.1650
vn 0.3733 0.9169 0.1411
vn 0.9026 0.4280 0.0458
vn 0.0442 0.9867 0.1562
vn 0.0001 0.9877 0.1564
vn 0.0449 0.9874 0.1517
vn 0.3761 0.9205 0.1059
vn 0.0463 0.9875 0.1507
vn 0.3835 0.9182 0.0988
vn 0.0479 0.9868 0.1550
vn 0.3931 0.9097 0.1337
vn 0.8990 0.4371 -0.0273
vn 0.9000 0.4341 -0.0398
vn 0.9081 0.4165 0.0431
vn 0.3913 0.9009 0.1878
vn 0.9027 0.3964 0.1672
vn 0.0477 0.9857 0.1616
vn 0.3824 0.8904 0.2469
vn 0.8770 0.3733 0.3026
vn 0.0468 0.9845 0.1689
vn 0.0440 0.9834 0.1759
vn 0.3597 0.8820 0.3044
vn 0.0406 0.9824 0.1823
vn 0.3314 0.8736 0.3565
vn 0.8278 0.3532 0.4360
vn 0.7614 0.3340 0.5556
vn 0.2923 0.8653 0.4072
vn 0.6715 0.3155 0.6705
vn 0.0358 0.9814 0.1885
vn 0.2537 0.8635 0.4359
vn 0.5912 0.3074 0.7456
vn 0.0308 0.9810 0.1917
vn 0.0276 0.9805 0.1946
vn 0.2270 0.8590 0.4589
vn 0.0232 0.9801 0.1973
vn 0.1912 0.8555 0.4812
vn 0.5265 0.2983 0.7961
vn 0.4441 0.2902 0.8476
vn 0.1625 0.8560 0.4907
vn 0.3813 0.2884 0.8783
vn 0.0196 0.9800 0.1981
vn 0.1534 0.8574 0.4913
vn 0.3624 0.2894 0.8859
vn 0.0184 0.9800 0.1980
vn 0.0181 0.9799 0.1985
vn 0.1499 0.8561 0.4946
vn 0.0166 0.9798 0.1994
vn 0.1373 0.8541 0.5016
vn 0.3527 0.2875 0.8905
vn 0.3216 0.2841 0.9032
vn 0.1214 0.8539 0.5060
vn 0.2854 0.2830 0.9157
vn 0.0147 0.9797 0.1999
vn 0.1126 0.8545 0.5071
vn 0.2657 0.2832 0.9215
vn 0.0136 0.9797 0.2000
vn 0.0131 0.9797 0.2001
vn 0.1084 0.8543 0.5083
vn 0.0125 0.9797 0.2003
vn 0.1037 0.8540 0.5099
vn 0.2557 0.2827 0.9245
vn 0.2445 0.2820 0.9277
vn 0.0986 0.8538 0.5112
vn 0.2324 0.2816 0.9310
vn 0.0119 0.9796 0.2005
vn 0.0924 0.8533 0.5132
vn 0.2175 0.2806 0.9348
vn 0.0111 0.9796 0.2007
vn 0.0103 0.9796 0.2009
vn 0.0854 0.8532 0.5146
vn 0.0099 0.9796 0.2007
vn 0.0821 0.8538 0.5141
vn 0.2013 0.2803 0.9386
vn 0.1939 0.2809 0.9399
vn 0.0299 0.8492 0.5272
vn 0.0320 0.2815 0.9590
vn 0.0046 0.9791 0.2033
vn -0.2372 0.8690 0.4343
vn -0.5677 0.3137 0.7611
vn -0.0291 0.9810 0.1917
vn -0.3854 0.9016 0.1966
vn -0.0475 0.9857 0.1618
vn -0.3830 0.9124 0.1445
vn -0.8895 0.3976 0.2251
vn 0.2933 -0.1495 0.9442
vn 0.4891 -0.1365 0.8615
vn 0.1988 -0.1533 0.9680
vn 0.2352 -0.1521 0.9600
vn 0.2352 -0.1520 0.9600
vn 0.2267 -0.4096 0.8836
vn 0.1348 -0.8964 0.4222
vn 0.2662 -0.4079 0.8734
vn 0.2762 -0.1504 0.9493
vn 0.1585 -0.8952 0.4166
vn 0.3121 -0.4055 0.8592
vn 0.3238 -0.1480 0.9345
vn 0.1860 -0.8934 0.4089
vn 0.0256 -0.9974 -0.0678
vn 0.0301 -0.9972 -0.0689
vn 0.0217 -0.9975 -0.0670
vn 0.2118 -0.8924 0.3985
vn 0.3560 -0.4031 0.8431
vn 0.0342 -0.9969 -0.0708
vn 0.0613 -0.9978 0.0236
vn 0.0703 -0.9973 0.0212
vn 0.0525 -0.9983 0.0269
vn 0.0448 -0.9986 0.0293
vn 0.2060 -0.7696 0.6043
vn 0.2412 -0.7683 0.5928
vn 0.1755 -0.7705 0.6128
vn 0.1483 -0.7712 0.6191
vn 0.1968 -0.2828 0.9388
vn 0.2329 -0.2816 0.9308
vn 0.2736 -0.2799 0.9202
vn 0.3206 -0.2776 0.9056
vn 0.3656 -0.2749 0.8893
vn 0.2754 -0.7656 0.5814
vn 0.4194 -0.2714 0.8663
vn 0.3153 -0.7647 0.5620
vn 0.0801 -0.9967 0.0149
vn 0.3911 -0.7635 0.5139
vn 0.0977 -0.9952 -0.0006
vn 0.0514 -0.9958 -0.0754
vn 0.0399 -0.9966 -0.0720
vn 0.3140 -0.8785 0.3601
vn 0.2466 -0.8881 0.3879
vn 0.5195 -0.3873 0.7616
vn 0.4124 -0.3983 0.8194
vn 0.3693 -0.1454 0.9179
vn 0.4275 -0.1414 0.8929
vn 0.5381 -0.1319 0.8325
vn 0.6688 -0.3680 0.6460
vn 0.6926 -0.1128 0.7124
vn 0.4073 -0.8647 0.2938
vn 0.8242 -0.3370 0.4551
vn 0.8536 -0.0815 0.5145
vn 0.5063 -0.8433 0.1803
vn 0.9351 -0.2958 0.1950
vn 0.9688 -0.0388 0.2449
vn 0.5758 -0.8173 0.0204
vn 0.0845 -0.9910 -0.1041
vn 0.0966 -0.9867 -0.1308
vn 0.0673 -0.9940 -0.0857
vn 0.5942 -0.7869 -0.1665
vn 0.9627 -0.2484 -0.1071
vn 0.0998 -0.9816 -0.1626
vn 0.1671 -0.9796 -0.1112
vn 0.1709 -0.9711 -0.1666
vn 0.1487 -0.9869 -0.0619
vn 0.1235 -0.9920 -0.0247
vn 0.6158 -0.7362 0.2808
vn 0.7019 -0.7082 0.0761
vn 0.5013 -0.7537 0.4251
vn 0.8347 -0.2159 0.5066
vn 0.6748 -0.2453 0.6960
vn 0.5237 -0.2630 0.8103
vn 0.9576 -0.1731 0.2303
vn 0.9879 -0.1220 -0.0952
vn 0.7228 -0.6719 -0.1615
vn 0.9233 -0.0761 -0.3764
vn 0.6822 -0.6315 -0.3686
vn 0.1655 -0.9621 -0.2167
vn 0.6128 -0.6027 -0.5111
vn 0.1516 -0.9554 -0.2535
vn 0.0808 -0.9747 -0.2082
vn 0.0917 -0.9774 -0.1904
vn 0.4899 -0.7502 -0.4441
vn 0.5518 -0.7643 -0.3337
vn 0.8072 -0.1772 -0.5630
vn 0.9024 -0.2058 -0.3786
vn 0.9976 0.0108 -0.0685
vn 0.9350 0.0555 -0.3503
vn 0.8366 0.0857 -0.5410
vn 0.7093 -0.1585 -0.6869
vn 0.7353 0.1060 -0.6694
vn 0.4282 -0.7410 -0.5173
vn 0.6235 -0.1466 -0.7680
vn 0.6466 0.1193 -0.7534
vn 0.3741 -0.7365 -0.5636
vn 0.5504 -0.1381 -0.8234
vn 0.5708 0.1284 -0.8110
vn 0.3298 -0.7319 -0.5963
vn 0.0609 -0.9720 -0.2268
vn 0.0536 -0.9712 -0.2320
vn 0.0702 -0.9730 -0.2197
vn 0.2883 -0.7290 -0.6208
vn 0.4823 -0.1317 -0.8661
vn 0.0467 -0.9707 -0.2357
vn 0.1068 -0.9461 -0.3059
vn 0.0940 -0.9445 -0.3148
vn 0.1207 -0.9479 -0.2948
vn 0.1352 -0.9510 -0.2780
vn 0.4790 -0.5722 -0.6657
vn 0.4232 -0.5649 -0.7084
vn 0.5412 -0.5846 -0.6044
vn 0.6388 -0.0126 -0.7693
vn 0.7239 -0.0254 -0.6894
vn 0.8228 -0.0451 -0.5665
vn 0.5640 -0.0036 -0.8257
vn 0.4946 0.0033 -0.8691
vn 0.3715 -0.5587 -0.7415
vn 0.4358 0.0083 -0.9000
vn 0.3278 -0.5536 -0.7656
vn 0.0833 -0.9432 -0.3216
vn 0.2949 -0.5497 -0.7816
vn 0.0753 -0.9422 -0.3264
vn 0.0366 -0.9702 -0.2396
vn 0.0409 -0.9704 -0.2382
vn 0.2269 -0.7269 -0.6482
vn 0.2534 -0.7273 -0.6378
vn 0.3815 -0.1246 -0.9159
vn 0.4249 -0.1273 -0.8963
vn 0.5002 0.1355 -0.8552
vn 0.4407 0.1404 -0.8866
vn 0.3958 0.1436 -0.9070
vn 0.3494 -0.1227 -0.9289
vn 0.3625 0.1458 -0.9205
vn 0.2075 -0.7262 -0.6554
vn 0.3311 -0.1221 -0.9357
vn 0.3435 0.1469 -0.9276
vn 0.1960 -0.7273 -0.6577
vn 0.1932 -0.7276 -0.6583
vn 0.3266 -0.1220 -0.9373
vn 0.3389 0.1472 -0.9292
vn 0.0310 -0.9701 -0.2407
vn 0.0314 -0.9701 -0.2407
vn 0.0334 -0.9700 -0.2406
vn 0.0691 -0.9417 -0.3293
vn 0.0661 -0.9410 -0.3320
vn 0.2704 -0.5475 -0.7919
vn 0.2571 -0.5448 -0.7982
vn 0.2538 -0.5441 -0.7997
vn 0.0653 -0.9408 -0.3326
vn 0.3359 0.0152 -0.9418
vn 0.3403 0.0150 -0.9402
vn 0.3587 0.0137 -0.9334
vn 0.3915 0.0116 -0.9201
vn 0.3958 0.1437 -0.9070
vn 0.5003 0.1355 -0.8552
vn 0.3340 0.1474 -0.9310
vn 0.2721 0.1505 -0.9504
vn 0.0463 -0.1094 -0.9929
vn 0.0491 0.1562 -0.9865
vn 0.0491 0.1563 -0.9865
vn 0.0306 -0.7007 -0.7128
vn -0.2075 -0.1147 -0.9715
vn -0.2161 0.1527 -0.9644
vn -0.1268 -0.7135 -0.6891
vn -0.0212 -0.9686 -0.2477
vn 0.0057 -0.9671 -0.2542
vn 0.0339 -0.9825 -0.1832
vn -0.0220 -0.9559 -0.2929
vn 0.7951 -0.5851 -0.1594
vn 0.3918 -0.7971 -0.4594
vn -0.0494 -0.6359 -0.7701
vn -0.0583 -0.9404 -0.3350
vn -0.2267 -0.5426 -0.8088
vn -0.3000 0.0171 -0.9538
vn -0.0153 -0.0204 -0.9997
vn 0.7190 -0.0847 -0.6898
vn 0.9869 -0.0754 -0.1425
vn -0.0584 -0.9404 -0.3351
vn -0.0584 -0.9404 -0.3350
vn -0.0276 -0.9700 -0.2417
vn -0.0276 -0.9699 -0.2417
vn -0.1725 -0.7267 -0.6650
vn -0.1724 -0.7267 -0.6650
vn -0.2916 -0.1203 -0.9489
vn -0.2916 -0.1202 -0.9489
vn -0.1725 -0.7266 -0.6650
vn -0.0276 -0.9699 -0.2418
vn -0.2267 -0.5425 -0.8089
vn -0.0277 -0.9700 -0.2417
vn -0.0277 -0.9699 -0.2417
vn -0.1725 -0.7266 -0.6651
vn -0.2833 -0.1203 -0.9515
vn -0.2940 0.1495 -0.9440
vn -0.1671 -0.7278 -0.6651
vn -0.2682 -0.1195 -0.9559
vn -0.2783 0.1503 -0.9487
vn -0.1582 -0.7271 -0.6680
vn -0.1546 -0.7258 -0.6703
vn -0.2615 -0.1188 -0.9579
vn -0.2713 0.1506 -0.9506
vn -0.2614 -0.1188 -0.9579
vn -0.2614 -0.1189 -0.9579
vn -0.2713 0.1505 -0.9506
vn -0.2601 0.1510 -0.9537
vn -0.2601 0.1511 -0.9537
vn -0.2506 -0.1190 -0.9607
vn -0.2380 0.1519 -0.9593
vn -0.2380 0.1520 -0.9593
vn -0.2294 -0.1184 -0.9661
vn -0.1798 0.1539 -0.9716
vn -0.1733 -0.1189 -0.9777
vn -0.1350 -0.7270 -0.6732
vn -0.1006 -0.7321 -0.6737
vn -0.1476 -0.7274 -0.6702
vn -0.0215 -0.9699 -0.2427
vn -0.0158 -0.9703 -0.2414
vn -0.0235 -0.9699 -0.2422
vn -0.0248 -0.9698 -0.2426
vn 0.0022 -0.9894 -0.1455
vn 0.0035 -0.9891 -0.1472
vn -0.0006 -0.9890 -0.1482
vn -0.0082 -0.9885 -0.1511
vn -0.0040 -0.9875 -0.1573
vn 0.0017 -0.9875 -0.1578
vn -0.0736 -0.9840 -0.1620
vn -0.0073 -0.9872 -0.1594
vn -0.0467 -0.9792 -0.1976
vn -0.0253 -0.9699 -0.2420
vn -0.0532 -0.9525 -0.3000
vn -0.0005 -0.9863 -0.1650
vn -0.0267 -0.9700 -0.2415
vn -0.2876 -0.6420 -0.7107
vn -0.3726 -0.8327 -0.4096
vn -0.8105 -0.2030 -0.5495
vn -0.4764 -0.0530 -0.8776
vn -0.9409 -0.2912 -0.1730
vn -0.4958 -0.8464 -0.1941
vn -0.9552 -0.2922 -0.0477
vn -0.5357 -0.8333 -0.1366
vn -0.9555 -0.2913 -0.0461
vn -0.5369 -0.8333 -0.1320
vn -0.9555 -0.2914 -0.0461
vn -0.5369 -0.8333 -0.1319
vn -0.5365 -0.8334 -0.1325
vn -0.9554 -0.2917 -0.0464
vn -0.5336 -0.8352 -0.1332
vn -0.5325 -0.8360 -0.1326
vn -0.0969 -0.9831 -0.1553
vn -0.0922 -0.9836 -0.1548
vn -0.0921 -0.9835 -0.1560
vn -0.0187 -0.9876 -0.1558
vn -0.0170 -0.9881 -0.1526
vn -0.0061 -0.9881 -0.1534
vn -0.0106 -0.9880 -0.1540
vn -0.0114 -0.9876 -0.1564
vn 0.0951 -0.9405 -0.3263
vn 0.0765 -0.9275 -0.3659
vn 0.1547 -0.9511 -0.2674
vn 0.3792 -0.5387 -0.7523
vn 0.2641 -0.4929 -0.8291
vn 0.7040 -0.5375 -0.4642
vn 0.0785 -0.9261 -0.3690
vn 0.2667 -0.4871 -0.8316
vn 0.3347 0.0381 -0.9415
vn 0.5008 0.0211 -0.8653
vn 0.3352 0.0404 -0.9413
vn 0.2671 -0.4859 -0.8322
vn 0.0789 -0.9258 -0.3697
vn 0.3352 0.0409 -0.9412
vn 0.3372 0.1473 -0.9299
vn 0.0790 -0.9258 -0.3697
vn 0.2672 -0.4859 -0.8322
vn 0.2671 -0.4860 -0.8322
vn 0.0789 -0.9258 -0.3698
vn 0.2673 -0.4858 -0.8322
vn 0.0790 -0.9258 -0.3698
vn 0.0855 -0.9248 -0.3707
vn 0.1077 -0.9240 -0.3668
vn 0.2874 -0.4833 -0.8269
vn 0.3561 -0.4827 -0.8001
vn 0.4605 -0.4893 -0.7406
vn 0.1411 -0.9259 -0.3505
vn 0.5509 -0.5026 -0.6663
vn 0.1676 -0.9301 -0.3269
vn 0.1959 -0.9333 -0.3008
vn 0.2478 -0.9405 -0.2324
vn 0.6446 -0.5137 -0.5662
vn 0.7787 -0.5432 -0.3140
vn 0.7860 -0.6075 0.1150
vn 0.2650 -0.9611 -0.0775
vn 0.5945 -0.6641 0.4533
vn 0.1835 -0.9826 0.0304
vn 0.1191 -0.9907 0.0658
vn 0.0765 -0.9939 0.0793
vn 0.3954 -0.6959 0.5995
vn 0.2538 -0.7101 0.6568
vn 0.1527 -0.7177 0.6794
vn 0.0457 -0.9955 0.0826
vn 0.0773 -0.7210 0.6886
vn 0.0231 -0.9962 0.0843
vn 0.0043 -0.9964 0.0844
vn -0.0121 -0.9964 0.0836
vn 0.0145 -0.7223 0.6914
vn -0.0404 -0.7225 0.6902
vn -0.0925 -0.7219 0.6857
vn -0.0278 -0.9962 0.0822
vn -0.1462 -0.7205 0.6779
vn -0.0439 -0.9958 0.0801
vn -0.0620 -0.9951 0.0771
vn -0.0750 -0.9946 0.0711
vn -0.2056 -0.7176 0.6655
vn -0.2503 -0.7167 0.6509
vn -0.2674 -0.7138 0.6473
vn -0.0803 -0.9942 0.0712
vn -0.2711 -0.7072 0.6530
vn -0.0818 -0.9936 0.0775
vn -0.0115 -0.9871 -0.1597
vn -0.0064 -0.9869 -0.1610
vn -0.0950 -0.9830 -0.1574
vn -0.0183 -0.9863 -0.1640
vn -0.0108 -0.9992 0.0372
vn 0.0829 -0.9954 -0.0489
vn -0.0899 -0.7576 0.6465
vn 0.4978 -0.7807 0.3778
vn 0.8653 -0.5011 0.0122
vn 0.2817 -0.9547 -0.0956
vn -0.0195 -0.9874 -0.1573
vn 0.3236 -0.9262 -0.1933
vn -0.0161 -0.9871 -0.1594
vn 0.8747 -0.4551 -0.1666
vn -0.0966 -0.9823 -0.1606
vn -0.0990 -0.9828 -0.1560
vn -0.0130 -0.9865 -0.1634
vn 0.1930 -0.9327 -0.3047
vn -0.0042 -0.9861 -0.1659
vn 0.0985 -0.8804 -0.4639
vn 0.6679 -0.4518 -0.5914
vn 0.2415 -0.3150 -0.9179
vn 0.9922 -0.0447 -0.1159
vn 0.8014 0.0243 -0.5976
vn 0.2892 0.0929 -0.9527
vn 0.9912 -0.0855 0.1011
vn 0.9928 -0.0187 0.1181
vn 0.9941 0.0170 -0.1071
vn 0.8050 0.0928 -0.5860
vn 0.2940 0.1495 -0.9440
vn 0.0796 0.1559 -0.9846
vn 0.0793 0.1065 -0.9911
vn 0.0719 -0.2566 -0.9638
vn 0.0798 0.1053 -0.9912
vn 0.0742 -0.2636 -0.9618
vn 0.0786 0.0934 -0.9925
vn 0.0782 -0.3215 -0.9437
vn 0.0763 0.1560 -0.9848
vn 0.0362 -0.8642 -0.5018
vn 0.0333 -0.8397 -0.5420
vn 0.0315 -0.8386 -0.5439
vn 0.0001 -0.9850 -0.1725
vn -0.0006 -0.9856 -0.1690
vn 0.0033 -0.9875 -0.1578
vn 0.0040 -0.9871 -0.1599
vn 0.0028 -0.9883 -0.1524
vn 0.0013 -0.9877 -0.1566
vn -0.0086 -0.9700 -0.2431
vn 0.0113 -0.9323 -0.3614
vn -0.0042 -0.9395 -0.3424
vn 0.0287 -0.9072 -0.4197
vn 0.0673 -0.4208 -0.9047
vn 0.0305 -0.5023 -0.8641
vn 0.0270 0.0409 -0.9988
vn 0.0637 0.0677 -0.9957
vn 0.0238 0.1564 -0.9874
vn 0.0594 0.1562 -0.9859
vn -0.0279 0.1564 -0.9873
vn -0.0268 0.0267 -0.9993
vn -0.0870 0.1558 -0.9839
vn -0.0862 0.0233 -0.9960
vn -0.0649 -0.5425 -0.8376
vn -0.0182 -0.5368 -0.8435
vn -0.0165 -0.9404 -0.3398
vn -0.1052 -0.5424 -0.8335
vn -0.0268 -0.9404 -0.3391
vn -0.1463 -0.5441 -0.8262
vn -0.0372 -0.9408 -0.3369
vn -0.0183 -0.9691 -0.2459
vn -0.0131 -0.9691 -0.2465
vn -0.0082 -0.9690 -0.2471
vn -0.1130 -0.7197 -0.6851
vn -0.0814 -0.7197 -0.6895
vn -0.0509 -0.7190 -0.6931
vn -0.0542 -0.7291 -0.6822
vn -0.0855 -0.1129 -0.9899
vn -0.0927 -0.1164 -0.9889
vn -0.1366 -0.1137 -0.9841
vn -0.0887 0.1558 -0.9838
vn -0.0963 0.1557 -0.9831
vn -0.1417 0.1548 -0.9777
vn -0.1417 0.1549 -0.9777
vn -0.1964 0.1534 -0.9685
vn -0.1893 -0.1147 -0.9752
vn -0.2566 0.1512 -0.9546
vn -0.2474 -0.1167 -0.9619
vn -0.1476 -0.7207 -0.6773
vn -0.3115 -0.1194 -0.9427
vn -0.3230 0.1481 -0.9348
vn -0.1861 -0.7215 -0.6670
vn -0.4033 -0.1239 -0.9066
vn -0.4179 0.1421 -0.8973
vn -0.2425 -0.7211 -0.6490
vn -0.0302 -0.9695 -0.2433
vn -0.0395 -0.9697 -0.2411
vn -0.0239 -0.9693 -0.2447
vn -0.3292 -0.7232 -0.6071
vn -0.5423 -0.1346 -0.8293
vn -0.0542 -0.9704 -0.2354
vn -0.0771 -0.9440 -0.3209
vn -0.1008 -0.9477 -0.3029
vn -0.0607 -0.9420 -0.3300
vn -0.0484 -0.9412 -0.3343
vn -0.2392 -0.5489 -0.8009
vn -0.3057 -0.5564 -0.7726
vn -0.1907 -0.5456 -0.8161
vn -0.3183 0.0159 -0.9479
vn -0.2535 0.0190 -0.9672
vn -0.1946 0.0210 -0.9807
vn -0.1398 0.0225 -0.9899
vn -0.1963 0.1534 -0.9685
vn -0.2557 0.1512 -0.9549
vn -0.1410 0.1549 -0.9778
vn -0.0864 0.0530 -0.9948
vn -0.1407 0.0537 -0.9886
vn -0.1964 0.0516 -0.9792
vn -0.1583 -0.4651 -0.8710
vn -0.1133 -0.4623 -0.8795
vn -0.0688 -0.4659 -0.8822
vn -0.2045 -0.4773 -0.8546
vn -0.2561 0.0457 -0.9656
vn -0.2523 -0.4992 -0.8290
vn -0.3221 0.0345 -0.9461
vn -0.3212 0.1481 -0.9354
vn -0.3212 0.1482 -0.9354
vn -0.4117 0.1426 -0.9001
vn -0.4135 0.0130 -0.9104
vn -0.5503 0.1306 -0.8247
vn -0.5516 -0.0273 -0.8337
vn -0.3959 -0.5864 -0.7067
vn -0.3127 -0.5348 -0.7850
vn -0.4898 -0.6492 -0.5818
vn -0.7195 -0.0867 -0.6891
vn -0.7254 0.1077 -0.6798
vn -0.5703 -0.7133 -0.4074
vn -0.8761 -0.1595 -0.4549
vn -0.8954 0.0697 -0.4398
vn -0.9952 0.0153 -0.0964
vn -0.9636 -0.2344 -0.1285
vn -0.9580 -0.0449 0.2833
vn -0.9279 -0.2929 0.2304
vn -0.5822 -0.8112 0.0550
vn -0.6090 -0.7715 -0.1840
vn -0.5067 -0.8293 0.2357
vn -0.8007 -0.3210 0.5058
vn -0.8202 -0.0895 0.5651
vn -0.4347 -0.8304 0.3485
vn -0.6707 -0.3262 0.6661
vn -0.6824 -0.1144 0.7220
vn -0.8202 -0.0895 0.5650
vn -0.6824 -0.1143 0.7220
vn -0.5738 -0.1281 0.8089
vn -0.5658 -0.3239 0.7582
vn -0.5041 -0.1351 0.8530
vn -0.4968 -0.3212 0.8063
vn -0.3353 -0.8246 0.4557
vn -0.3755 -0.8270 0.4185
vn -0.3073 -0.8212 0.4808
vn -0.4506 -0.3191 0.8337
vn -0.4565 -0.1392 0.8787
vn -0.2809 -0.8174 0.5029
vn -0.4073 -0.3166 0.8567
vn -0.4121 -0.1425 0.8999
vn -0.4565 -0.1392 0.8788
vn -0.3738 -0.1451 0.9161
vn -0.3697 -0.3136 0.8746
vn -0.3442 -0.1469 0.9273
vn -0.3404 -0.3111 0.8874
vn -0.2396 -0.8104 0.5346
vn -0.2578 -0.8136 0.5212
vn -0.2316 -0.8099 0.5389
vn -0.3270 -0.3098 0.8928
vn -0.3316 -0.1476 0.9318
vn -0.2324 -0.8100 0.5383
vn -0.3281 -0.3097 0.8924
vn -0.3328 -0.1475 0.9314
vn -0.3345 -0.1474 0.9308
vn -0.3299 -0.3095 0.8918
vn -0.3348 -0.1474 0.9307
vn -0.3301 -0.3093 0.8918
vn -0.2340 -0.8094 0.5386
vn -0.2337 -0.8097 0.5382
vn 0.0364 -0.8193 0.5721
vn -0.0712 -0.3361 0.9391
vn -0.0961 -0.1557 0.9831
vn 0.5938 -0.6512 0.4725
vn 0.6611 -0.3001 0.6877
vn 0.6764 -0.1152 0.7275
vn 0.9932 -0.0183 0.1153
vn 0.9825 -0.1527 0.1068
vn 0.9950 0.0157 -0.0991
vn 0.9871 -0.1041 -0.1219
vn 0.7396 -0.6699 0.0648
vn 0.7752 -0.5927 -0.2186
vn 0.1715 -0.9852 -0.0001
vn 0.2699 -0.9173 -0.2928
vn 0.7611 -0.4256 -0.4894
vn 0.4193 -0.5773 -0.7007
vn 0.8517 -0.0612 -0.5204
vn 0.4990 -0.0251 -0.8663
vn 0.2356 -0.6034 -0.7618
vn 0.3325 -0.0187 -0.9429
vn 0.0521 -0.9530 -0.2983
vn 0.2355 -0.6039 -0.7615
vn 0.3324 -0.0190 -0.9429
vn 0.0520 -0.9531 -0.2981
vn -0.0517 -0.9986 -0.0107
vn -0.0516 -0.9986 -0.0109
vn -0.0514 -0.9986 -0.0111
vn 0.0518 -0.9533 -0.2977
vn -0.0512 -0.9986 -0.0108
vn 0.0517 -0.9534 -0.2973
vn 0.2352 -0.6045 -0.7611
vn 0.2350 -0.6052 -0.7606
vn 0.3324 -0.0194 -0.9429
vn 0.3324 -0.0197 -0.9429
vn 0.2352 -0.6054 -0.7603
vn 0.3325 -0.0199 -0.9429
vn 0.0519 -0.9535 -0.2969
vn 0.2361 -0.6052 -0.7602
vn 0.3328 -0.0196 -0.9428
vn 0.0523 -0.9535 -0.2968
vn -0.0523 -0.9986 -0.0110
vn -0.0552 -0.9984 -0.0156
vn -0.0588 -0.9980 -0.0218
vn 0.0531 -0.9532 -0.2975
vn -0.0629 -0.9976 -0.0289
vn 0.0542 -0.9528 -0.2986
vn 0.2373 -0.6039 -0.7609
vn 0.2390 -0.6012 -0.7625
vn 0.3331 -0.0186 -0.9427
vn 0.3336 -0.0166 -0.9426
vn 0.2420 -0.5972 -0.7647
vn 0.3345 -0.0135 -0.9423
vn 0.0560 -0.9523 -0.3000
vn 0.2609 -0.6037 -0.7533
vn 0.3567 -0.0147 -0.9341
vn 0.0606 -0.9549 -0.2908
vn -0.0672 -0.9971 -0.0365
vn -0.0732 -0.9963 -0.0451
vn -0.0813 -0.9948 -0.0621
vn 0.0677 -0.9611 -0.2677
vn -0.0902 -0.9921 -0.0871
vn 0.0749 -0.9670 -0.2435
vn 0.3129 -0.6336 -0.7076
vn 0.3829 -0.6747 -0.6309
vn 0.4361 -0.0319 -0.8993
vn 0.5612 -0.0656 -0.8251
vn 0.4430 -0.7015 -0.5582
vn 0.6737 -0.0978 -0.7325
vn 0.0819 -0.9704 -0.2272
vn 0.4941 -0.7383 -0.4590
vn 0.7831 -0.1329 -0.6075
vn 0.0852 -0.9752 -0.2041
vn -0.1002 -0.9875 -0.1217
vn -0.1061 -0.9803 -0.1665
vn -0.1074 -0.9709 -0.2139
vn 0.0826 -0.9822 -0.1687
vn -0.1033 -0.9593 -0.2629
vn 0.0852 -0.9879 -0.1295
vn -0.0941 -0.9453 -0.3122
vn 0.0885 -0.9929 -0.0789
vn -0.0816 -0.9337 -0.3486
vn 0.0849 -0.9962 -0.0185
vn -0.0700 -0.9260 -0.3710
vn 0.0722 -0.9967 0.0361
vn -0.0584 -0.9212 -0.3846
vn 0.0530 -0.9957 0.0755
vn -0.0457 -0.9185 -0.3927
vn 0.0315 -0.9952 0.0931
vn -0.0330 -0.9184 -0.3942
vn 0.0104 -0.9954 0.0949
vn -0.0200 -0.9195 -0.3926
vn -0.0079 -0.9962 0.0868
vn -0.0056 -0.9217 -0.3879
vn -0.0239 -0.9968 0.0765
vn -0.0208 -0.4733 -0.8806
vn -0.0274 0.0505 -0.9983
vn 0.0207 -0.4841 -0.8748
vn 0.0066 -0.9249 -0.3802
vn 0.0243 0.0468 -0.9986
vn 0.0599 0.0413 -0.9973
vn 0.0492 -0.4977 -0.8659
vn 0.0770 0.0322 -0.9965
vn 0.0623 -0.5196 -0.8521
vn 0.0804 0.0193 -0.9966
vn 0.0639 -0.5460 -0.8353
vn 0.0802 0.0071 -0.9968
vn 0.3003 -0.0075 -0.9538
vn 0.0622 -0.5688 -0.8201
vn 0.2951 -0.5596 -0.7745
vn 0.7939 -0.0518 -0.6058
vn 0.7214 -0.4092 -0.5587
vn 0.7792 -0.5788 -0.2405
vn 0.9864 -0.0970 -0.1325
vn 0.9834 -0.1435 0.1114
vn 0.7521 -0.6543 0.0785
vn 0.2505 -0.9162 -0.3128
vn 0.1816 -0.9832 0.0191
vn 0.5982 -0.6241 0.5026
vn 0.0362 -0.7998 0.5991
vn 0.6556 -0.2873 0.6983
vn -0.0821 -0.3181 0.9445
vn -0.2467 -0.7799 0.5753
vn -0.0598 -0.9981 0.0145
vn -0.3362 -0.2863 0.8972
vn -0.3406 -0.1471 0.9286
vn -0.1077 -0.1555 0.9819
vn 0.6679 -0.1164 0.7351
vn 0.6730 -0.2335 0.7018
vn -0.1132 -0.2642 0.9578
vn -0.3382 -0.2459 0.9084
vn -0.3343 -0.2496 0.9088
vn -0.3364 -0.1473 0.9301
vn -0.3131 -0.2523 0.9156
vn -0.3150 -0.1485 0.9374
vn -0.2567 -0.2554 0.9321
vn -0.2582 -0.1511 0.9542
vn -0.1826 -0.2582 0.9487
vn -0.1836 -0.1538 0.9709
vn -0.1156 -0.2597 0.9587
vn -0.1163 -0.1554 0.9810
vn -0.0504 -0.2606 0.9641
vn -0.0507 -0.1562 0.9864
vn 0.0182 -0.2607 0.9652
vn 0.0183 -0.1564 0.9875
vn 0.0967 -0.2600 0.9608
vn 0.0972 -0.1557 0.9830
vn 0.1910 -0.2575 0.9472
vn 0.1921 -0.1535 0.9693
vn 0.3165 -0.2518 0.9146
vn 0.3184 -0.1483 0.9363
vn 0.4925 -0.2392 0.8368
vn 0.4955 -0.1359 0.8579
vn 0.7356 -0.2089 0.6444
vn 0.7405 -0.1051 0.6638
vn 0.9611 -0.1463 0.2343
vn 0.9666 -0.0401 0.2532
vn 0.9576 -0.0650 -0.2805
vn 0.9636 0.0418 -0.2642
vn 0.8009 -0.0126 -0.5987
vn 0.8055 0.0927 -0.5852
vn 0.6859 0.0081 -0.7276
vn 0.6899 0.1132 -0.7150
vn 0.5728 0.0222 -0.8194
vn 0.5764 0.1278 -0.8071
vn 0.4442 0.0339 -0.8953
vn 0.4469 0.1399 -0.8836
vn 0.3599 0.0397 -0.9321
vn 0.3620 0.1458 -0.9207
vn 0.3354 0.0409 -0.9412
vn 0.3374 0.1473 -0.9298
vn 0.3353 0.0409 -0.9412
vn 0.3372 0.1473 -0.9298
vn 0.4468 0.1399 -0.8836
vn 0.6900 0.1132 -0.7149
vn 0.9317 -0.2094 -0.2968
vn 0.5340 -0.8064 -0.2541
vn 0.5354 -0.8440 0.0300
vn 0.9327 -0.2834 0.2229
vn 0.4671 -0.8258 0.3160
vn 0.7135 -0.2926 0.6366
vn 0.4799 -0.2743 0.8333
vn 0.3101 -0.2588 0.9148
vn 0.2441 -0.7368 0.6305
vn 0.3533 -0.7781 0.5193
vn 0.1543 -0.7130 0.6840
vn 0.1885 -0.2509 0.9495
vn 0.0811 -0.7061 0.7035
vn 0.0959 -0.2493 0.9637
vn 0.0185 -0.2513 0.9677
vn -0.0497 -0.2550 0.9657
vn -0.0364 -0.7175 0.6956
vn 0.0187 -0.7093 0.7046
vn -0.0884 -0.7263 0.6816
vn -0.1149 -0.2586 0.9591
vn -0.1403 -0.7343 0.6642
vn -0.1818 -0.2613 0.9480
vn -0.2558 -0.2637 0.9301
vn -0.3118 -0.2683 0.9115
vn -0.2370 -0.7518 0.6153
vn -0.1961 -0.7428 0.6401
vn -0.2484 -0.7664 0.5924
vn -0.3326 -0.2773 0.9014
vn -0.0623 -0.9972 0.0406
vn -0.0629 -0.9977 0.0266
vn 0.0178 -0.9410 -0.3378
vn 0.0182 -0.9344 -0.3558
vn 0.0164 -0.9462 -0.3232
vn -0.0524 -0.9972 0.0528
vn 0.0148 -0.9286 -0.3708
vn -0.0383 -0.9971 0.0659
vn 0.5038 0.1351 -0.8532
vn 0.8629 0.0791 -0.4992
vn 0.8659 -0.0169 -0.4999
vn 0.8841 -0.4437 -0.1464
vn 0.9936 -0.0461 -0.1028
vn 0.9918 -0.0807 0.0990
vn 0.8610 -0.5086 -0.0016
vn 0.3168 -0.9275 -0.1984
vn 0.3164 -0.9389 -0.1358
vn -0.0026 -0.9873 -0.1588
vn -0.0890 -0.9853 -0.1458
vn -0.0367 -0.9889 -0.1441
vn 0.0136 -0.9893 -0.1453
vn 0.0746 -0.9943 -0.0763
vn 0.0084 -0.9895 -0.1446
vn -0.0011 -0.9905 -0.1376
vn -0.0010 -0.9880 -0.1543
vn -0.5348 -0.8372 -0.1144
vn -0.0651 -0.9891 -0.1324
vn 0.0005 -0.9880 -0.1546
vn -0.0257 -0.9971 -0.0718
vn -0.0332 -0.9959 -0.0840
vn -0.0469 -0.9925 -0.1126
vn -0.1227 -0.9828 -0.1379
vn -0.0725 -0.9884 -0.1338
vn -0.5164 -0.8563 -0.0084
vn -0.3571 -0.9191 0.1666
vn -0.2286 -0.9104 0.3448
vn -0.9397 -0.3074 0.1499
vn -0.7371 -0.4049 0.5410
vn -0.4148 -0.4180 0.8082
vn -0.9774 -0.0330 0.2086
vn -0.7750 -0.0989 0.6242
vn -0.4385 -0.1406 0.8877
vn -0.2946 -0.4125 0.8620
vn -0.1685 -0.9020 0.3975
vn -0.3082 -0.1488 0.9396
vn -0.9993 -0.0059 0.0373
vn -0.9627 -0.2705 -0.0074
vn -0.5626 -0.8199 -0.1055
vn -0.5698 -0.8117 -0.1286
vn -0.0914 -0.9836 -0.1558
vn -0.0884 -0.9846 -0.1509
vn -0.1774 -0.9725 -0.1508
vn -0.7491 -0.6543 -0.1036
vn -0.7135 -0.6937 -0.0985
vn -0.6016 -0.7939 -0.0885
vn 0.5961 -0.7930 -0.1256
vn 0.5962 -0.7930 -0.1256
vn 0.9694 -0.2425 -0.0384
vn 0.9694 -0.2424 -0.0384
vn -0.2777 -0.1503 0.9488
vn -0.3301 -0.1477 0.9323
vn -0.3318 -0.1476 0.9317
vn -0.3446 -0.1468 0.9272
vn -0.3446 -0.1469 0.9272
vn -0.3741 -0.1451 0.9160
vn -0.4124 -0.1425 0.8998
vn -0.4574 -0.1391 0.8783
vn -0.5055 -0.1350 0.8522
vn -0.5796 -0.1275 0.8048
vn -0.6913 -0.1130 0.7136
vn -0.8282 -0.0877 0.5535
vn -0.9627 -0.0423 0.2672
vn -0.9956 0.0147 -0.0927
vn -0.9052 0.0665 -0.4198
vn -0.7376 0.1056 -0.6669
vn -0.5616 0.1295 -0.8172
vn -0.5616 0.1294 -0.8172
vn -0.7125 -0.1567 -0.6840
vn -0.4360 -0.7332 -0.5218
vn -0.8741 -0.1937 -0.4455
vn -0.5402 -0.7524 -0.3771
vn -0.9610 -0.2440 -0.1299
vn -0.5949 -0.7831 -0.1814
vn -0.0908 -0.9759 -0.1984
vn -0.1005 -0.9811 -0.1653
vn -0.0725 -0.9723 -0.2221
vn -0.5759 -0.8168 0.0351
vn -0.9291 -0.2997 0.2165
vn -0.0972 -0.9870 -0.1283
vn -0.1682 -0.9710 -0.1699
vn -0.1610 -0.9810 -0.1079
vn -0.1551 -0.9612 -0.2282
vn -0.1298 -0.9531 -0.2734
vn -0.6508 -0.6286 -0.4257
vn -0.7177 -0.6732 -0.1780
vn -0.5319 -0.5938 -0.6038
vn -0.4061 -0.5715 -0.7131
vn -0.5452 -0.0020 -0.8383
vn -0.4079 0.0103 -0.9130
vn -0.7187 -0.0253 -0.6949
vn -0.8871 -0.0639 -0.4570
vn -0.9860 -0.1189 -0.1171
vn -0.9490 -0.1790 0.2594
vn -0.6903 -0.7173 0.0945
vn -0.8126 -0.2211 0.5393
vn -0.6009 -0.7382 0.3067
vn -0.1462 -0.9877 -0.0549
vn -0.5046 -0.7501 0.4274
vn -0.1255 -0.9918 -0.0222
vn -0.0664 -0.9940 -0.0868
vn -0.0811 -0.9916 -0.1008
vn -0.4039 -0.8674 0.2907
vn -0.4886 -0.8489 0.2015
vn -0.6671 -0.3691 0.6471
vn -0.7996 -0.3438 0.4923
vn -0.5591 -0.3842 0.7347
vn -0.3362 -0.8783 0.3399
vn -0.4873 -0.3927 0.7800
vn -0.2905 -0.8857 0.3620
vn -0.4409 -0.3969 0.8050
vn -0.2628 -0.8883 0.3767
vn -0.0469 -0.9960 -0.0765
vn -0.0425 -0.9963 -0.0741
vn -0.0548 -0.9953 -0.0794
vn -0.2367 -0.8907 0.3882
vn -0.3975 -0.4004 0.8256
vn -0.0382 -0.9966 -0.0724
vn -0.0867 -0.9961 0.0132
vn -0.0784 -0.9968 0.0175
vn -0.0957 -0.9954 0.0082
vn -0.1073 -0.9942 -0.0032
vn -0.3761 -0.7587 0.5320
vn -0.3406 -0.7616 0.5513
vn -0.4264 -0.7567 0.4955
vn -0.4997 -0.2648 0.8247
vn -0.5687 -0.2581 0.7810
vn -0.6763 -0.2446 0.6948
vn -0.4525 -0.2689 0.8502
vn -0.4085 -0.2722 0.8712
vn -0.3076 -0.7638 0.5675
vn -0.3705 -0.2747 0.8873
vn -0.2792 -0.7652 0.5802
vn -0.0713 -0.9972 0.0211
vn -0.2573 -0.7658 0.5893
vn -0.0658 -0.9975 0.0239
vn -0.0317 -0.9970 -0.0703
vn -0.0346 -0.9969 -0.0711
vn -0.1971 -0.8941 0.4021
vn -0.2144 -0.8926 0.3967
vn -0.3321 -0.4050 0.8519
vn -0.3606 -0.4031 0.8411
vn -0.3197 -0.4061 0.8561
vn -0.1891 -0.8957 0.4025
vn -0.3207 -0.4061 0.8557
vn -0.1896 -0.8958 0.4020
vn -0.1906 -0.8956 0.4019
vn -0.3224 -0.4060 0.8551
vn -0.3181 -0.4060 0.8567
vn -0.1884 -0.8953 0.4037
vn -0.2954 -0.4066 0.8646
vn -0.1758 -0.8946 0.4108
vn -0.0302 -0.9971 -0.0703
vn -0.0284 -0.9972 -0.0689
vn -0.0306 -0.9970 -0.0708
vn -0.1585 -0.8964 0.4140
vn -0.2674 -0.4086 0.8727
vn -0.0255 -0.9973 -0.0684
vn -0.0107 -0.9888 -0.1488
vn -0.0422 -0.9991 0.0062
vn -0.0651 -0.9975 0.0292
vn -0.0645 -0.9976 0.0260
vn -0.2511 -0.7623 0.5966
vn -0.0876 -0.8006 0.5928
vn -0.2506 -0.7646 0.5937
vn -0.2494 -0.7646 0.5944
vn -0.0642 -0.9976 0.0263
vn -0.2484 -0.7648 0.5944
vn -0.0639 -0.9976 0.0262
vn -0.0304 -0.9970 -0.0708
vn -0.0303 -0.9970 -0.0706
vn -0.3299 -0.2769 0.9025
vn -0.3287 -0.2770 0.9029
vn -0.3411 -0.2764 0.8985
vn -0.3316 -0.2768 0.9019
vn -0.3318 -0.2768 0.9018
vn -0.1034 -0.2940 0.9502
vn 0.6862 -0.2420 0.6860
vn 0.4366 -0.8550 0.2799
vn -0.5947 -0.7941 -0.1257
vn -0.0020 -0.9866 -0.1628
vn -0.0218 -0.9743 -0.2243
vn -0.0219 -0.9742 -0.2247
vn -0.0865 -0.9962 0.0085
vn -0.0745 -0.9953 0.0618
vn -0.2601 -0.7269 0.6356
vn -0.3637 -0.7661 0.5300
vn -0.3327 -0.2560 0.9076
vn -0.5077 -0.2578 0.8220
vn -0.5163 -0.1340 0.8458
vn -0.3358 -0.1474 0.9303
vn -0.8749 -0.0758 0.4783
vn -0.9958 -0.0143 0.0902
vn -0.9892 -0.1249 0.0767
vn -0.9940 -0.1076 -0.0172
vn -0.8643 -0.2087 0.4577
vn -0.7883 -0.6077 -0.0966
vn -0.7934 -0.6083 0.0218
vn -0.7844 -0.5317 0.3194
vn -0.4328 -0.7604 0.4843
vn -0.5111 -0.2883 0.8097
vn -0.2351 -0.8085 0.5395
vn -0.3312 -0.3084 0.8917
vn -0.3358 -0.1473 0.9303
vn -0.3312 -0.3083 0.8917
vn -0.3312 -0.3083 0.8918
vn -0.2352 -0.8084 0.5396
vn -0.2352 -0.8083 0.5397
vn -0.2351 -0.8084 0.5396
vn -0.2352 -0.8082 0.5399
vn -0.0522 -0.9986 -0.0099
vn -0.0522 -0.9986 -0.0098
vn -0.0522 -0.9986 -0.0100
vn -0.0523 -0.9986 -0.0098
vn -0.2353 -0.8081 0.5400
vn -0.0523 -0.9986 -0.0097
vn -0.2353 -0.8080 0.5401
vn -0.0523 -0.9986 -0.0096
vn -0.2353 -0.8079 0.5402
vn -0.3313 -0.3081 0.8918
vn -0.3313 -0.3082 0.8918
vn -0.3313 -0.3080 0.8919
vn -0.0524 -0.9986 -0.0095
vn -0.2354 -0.8078 0.5404
vn -0.3313 -0.3079 0.8919
vn -0.3339 -0.2520 0.9083
vn -0.0786 -0.9948 0.0656
vn -0.3313 -0.3078 0.8919
vn -0.3313 -0.3077 0.8920
vn -0.3313 -0.3076 0.8920
vn -0.2355 -0.8076 0.5407
vn -0.2356 -0.8075 0.5408
vn -0.2355 -0.8076 0.5406
vn -0.3313 -0.3075 0.8920
vn -0.2356 -0.8073 0.5410
vn -0.0525 -0.9986 -0.0093
vn -0.0525 -0.9986 -0.0091
vn -0.0524 -0.9986 -0.0093
vn -0.0526 -0.9986 -0.0090
vn -0.2357 -0.8072 0.5412
vn 0.0528 -0.9525 -0.2999
vn -0.0535 -0.9985 -0.0109
vn 0.0529 -0.9525 -0.2998
vn 0.0535 -0.9526 -0.2994
vn 0.0553 -0.9531 -0.2977
vn -0.0569 -0.9982 -0.0183
vn -0.0611 -0.9978 -0.0266
vn 0.0587 -0.9545 -0.2923
vn -0.0637 -0.9976 -0.0286
vn 0.0631 -0.9562 -0.2860
vn 0.0683 -0.9585 -0.2767
vn -0.3018 -0.8181 0.4895
vn -0.0660 -0.9972 -0.0351
vn -0.3139 -0.8218 0.4756
vn 0.0741 -0.9613 -0.2655
vn -0.2873 -0.8178 0.4987
vn -0.4352 -0.3138 0.8439
vn -0.4129 -0.3124 0.8555
vn -0.4523 -0.3146 0.8345
vn -0.2597 -0.8132 0.5208
vn -0.3687 -0.3095 0.8765
vn -0.3761 -0.1449 0.9152
vn -0.4214 -0.1419 0.8957
vn -0.4422 -0.1403 0.8859
vn -0.4607 -0.1388 0.8766
vn -0.5285 -0.1328 0.8385
vn -0.5155 -0.3180 0.7957
vn -0.3515 -0.8311 0.4309
vn -0.4092 -0.8416 0.3526
vn -0.6240 -0.3225 0.7117
vn -0.6423 -0.1199 0.7570
vn -0.6377 -0.1884 0.7469
vn -0.5232 -0.2064 0.8268
vn -0.4558 -0.2189 0.8627
vn -0.4367 -0.2278 0.8703
vn -0.4160 -0.2370 0.8779
vn -0.3724 -0.2462 0.8948
vn -0.3414 -0.2510 0.9058
vn -0.3436 -0.1469 0.9275
vn -0.3313 -0.3074 0.8920
vn -0.3385 -0.3076 0.8892
vn -0.2404 -0.8085 0.5372
vn -0.0708 -0.9962 -0.0511
vn -0.0765 -0.9945 -0.0722
vn -0.0820 -0.9923 -0.0930
vn 0.0864 -0.9672 -0.2388
vn 0.0931 -0.9709 -0.2206
vn 0.0800 -0.9642 -0.2529
vn -0.0860 -0.9897 -0.1141
vn 0.1004 -0.9753 -0.1969
vn -0.0876 -0.9866 -0.1378
vn 0.1078 -0.9805 -0.1641
vn 0.1111 -0.9862 -0.1227
vn -0.0881 -0.9826 -0.1633
vn 0.1096 -0.9909 -0.0775
vn -0.0925 -0.9773 -0.1908
vn 0.1038 -0.9941 -0.0309
vn -0.0996 -0.9699 -0.2220
vn -0.1058 -0.9614 -0.2539
vn 0.0937 -0.9955 0.0130
vn 0.0835 -0.9960 0.0327
vn 0.0758 -0.9961 0.0441
vn 0.0669 -0.9961 0.0574
vn -0.1078 -0.9505 -0.2915
vn 0.0609 -0.9961 0.0645
vn -0.0937 -0.9379 -0.3339
vn -0.0524 -0.9986 -0.0094
vn -0.2355 -0.8077 0.5406
vn -0.2354 -0.8078 0.5405
vn 0.0527 -0.9527 -0.2994
vn 0.2369 -0.6013 -0.7631
vn 0.2368 -0.6014 -0.7630
vn 0.0526 -0.9527 -0.2993
vn 0.2368 -0.6016 -0.7629
vn 0.3334 -0.0174 -0.9426
vn 0.3334 -0.0175 -0.9426
vn 0.2367 -0.6017 -0.7628
vn 0.3334 -0.0176 -0.9426
vn 0.0526 -0.9527 -0.2992
vn 0.2367 -0.6019 -0.7627
vn 0.3334 -0.0177 -0.9426
vn 0.0526 -0.9528 -0.2991
vn 0.0525 -0.9528 -0.2991
vn 0.2367 -0.6020 -0.7626
vn 0.3333 -0.0177 -0.9426
vn 0.3333 -0.0178 -0.9426
vn 0.2366 -0.6021 -0.7625
vn 0.0525 -0.9528 -0.2990
vn -0.0501 -0.5999 -0.7985
vn 0.0573 -0.0282 -0.9980
vn -0.1860 -0.9342 -0.3046
vn -0.2304 -0.9611 -0.1525
vn -0.2876 -0.9577 -0.0061
vn -0.0522 -0.9986 -0.0101
vn -0.7552 -0.6009 -0.2620
vn -0.9848 -0.1044 -0.1392
vn -0.6193 -0.4601 -0.6362
vn -0.6779 -0.0694 -0.7319
vn -0.9940 0.0171 -0.1078
vn -0.6929 0.1128 -0.7122
vn 0.0945 0.0120 -0.9955
vn 0.0829 0.1559 -0.9843
vn 0.0651 -0.9408 -0.3327
vn 0.0260 -0.9979 -0.0591
vn 0.0273 -0.9979 -0.0595
vn 0.0285 -0.9978 -0.0599
vn 0.0525 -0.9720 -0.2292
vn 0.0261 -0.9705 -0.2398
vn -0.0014 -0.9693 -0.2460
vn -0.0258 -0.9693 -0.2445
vn -0.0453 -0.9704 -0.2372
vn -0.0617 -0.9726 -0.2241
vn 0.0320 -0.9977 -0.0602
vn 0.0296 -0.9977 -0.0602
vn 0.0363 -0.9975 -0.0612
vn 0.0395 -0.9972 -0.0633
vn 0.0403 -0.9971 -0.0645
vn 0.0426 -0.9970 -0.0642
vn 0.0502 -0.9966 -0.0659
vn 0.0670 -0.9947 -0.0783
vn 0.0598 -0.9956 -0.0717
vn 0.0779 -0.9933 -0.0856
vn 0.0883 -0.9911 -0.0994
vn 0.0961 -0.9889 -0.1130
vn 0.1024 -0.9864 -0.1282
vn 0.1045 -0.9840 -0.1441
vn 0.1053 -0.9817 -0.1584
vn 0.1044 -0.9792 -0.1742
vn 0.1005 -0.9755 -0.1955
vn 0.0881 -0.9723 -0.2165
vn -0.0237 -0.9655 -0.2592
vn -0.0125 -0.9655 -0.2602
vn -0.0270 -0.9650 -0.2609
vn -0.1388 -0.9530 -0.2694
vn -0.1006 -0.9826 -0.1559
vn -0.1002 -0.9825 -0.1571
vn -0.0987 -0.9819 -0.1616
vn -0.0974 -0.9806 -0.1700
vn -0.0938 -0.9790 -0.1808
vn -0.0871 -0.9771 -0.1942
vn -0.0766 -0.9749 -0.2092
vn 0.0085 -0.9653 -0.2609
vn 0.0286 -0.9663 -0.2558
vn 0.0509 -0.9672 -0.2489
vn 0.0721 -0.9698 -0.2331
vt 0.046562 0.026389
vt 0.046657 0.026253
vt 0.046877 0.026274
vt 0.046867 0.026473
vt 0.046594 0.026043
vt 0.046877 0.025990
vt 0.046405 0.026095
vt 0.274796 0.628839
vt 0.274785 0.628419
vt 0.275080 0.628408
vt 0.275090 0.628839
vt 0.274512 0.628849
vt 0.274502 0.628429
vt 0.274743 0.626759
vt 0.275038 0.626759
vt 0.274449 0.626770
vt 0.274134 0.628440
vt 0.274082 0.626791
vt 0.274145 0.628860
vt 0.273504 0.628461
vt 0.273452 0.626812
vt 0.273515 0.628881
vt 0.047234 0.026221
vt 0.047255 0.026410
vt 0.047843 0.026106
vt 0.047875 0.026295
vt 0.048547 0.025959
vt 0.048589 0.026137
vt 0.272790 0.628902
vt 0.272779 0.628482
vt 0.049482 0.025728
vt 0.049534 0.025917
vt 0.271824 0.628933
vt 0.271813 0.628513
vt 0.272727 0.626833
vt 0.271761 0.626864
vt 0.270731 0.628545
vt 0.270679 0.626896
vt 0.270752 0.628975
vt 0.269681 0.628587
vt 0.269618 0.626938
vt 0.269692 0.629007
vt 0.050532 0.025465
vt 0.050574 0.025654
vt 0.051530 0.025182
vt 0.051582 0.025381
vt 0.052454 0.024951
vt 0.052507 0.025129
vt 0.268715 0.629049
vt 0.268704 0.628618
vt 0.053231 0.024740
vt 0.053284 0.024930
vt 0.267885 0.629080
vt 0.267864 0.628650
vt 0.268641 0.626969
vt 0.267801 0.627001
vt 0.267024 0.627032
vt 0.267087 0.628681
vt 0.267108 0.629112
vt 0.266278 0.628713
vt 0.266215 0.627064
vt 0.266289 0.629143
vt 0.054019 0.024730
vt 0.053977 0.024541
vt 0.054723 0.024310
vt 0.054775 0.024499
vt 0.055521 0.024079
vt 0.055573 0.024257
vt 0.265438 0.629175
vt 0.265428 0.628755
vt 0.056350 0.023837
vt 0.056413 0.024016
vt 0.264545 0.629217
vt 0.264535 0.628786
vt 0.265354 0.627106
vt 0.264461 0.627137
vt 0.263684 0.628828
vt 0.263611 0.627180
vt 0.263705 0.629248
vt 0.262970 0.628860
vt 0.262897 0.627211
vt 0.262991 0.629280
vt 0.057149 0.023575
vt 0.057222 0.023764
vt 0.057789 0.023302
vt 0.057873 0.023480
vt 0.058346 0.022987
vt 0.058440 0.023155
vt 0.262340 0.629312
vt 0.262319 0.628881
vt 0.058861 0.022640
vt 0.058987 0.022787
vt 0.261678 0.628912
vt 0.261699 0.629343
vt 0.262245 0.627232
vt 0.261605 0.627263
vt 0.260901 0.628954
vt 0.260828 0.627306
vt 0.260922 0.629375
vt 0.259819 0.629007
vt 0.259746 0.627358
vt 0.259840 0.629427
vt 0.059417 0.022125
vt 0.059554 0.022251
vt 0.060068 0.021275
vt 0.060236 0.021380
vt 0.060688 0.020161
vt 0.060856 0.020245
vt 0.258559 0.629490
vt 0.258538 0.629070
vt 0.061161 0.018849
vt 0.061339 0.018901
vt 0.257141 0.629564
vt 0.257120 0.629143
vt 0.258454 0.627421
vt 0.257026 0.627495
vt 0.255650 0.629217
vt 0.255555 0.627568
vt 0.255671 0.629648
vt 0.254211 0.629291
vt 0.254127 0.627652
vt 0.254242 0.629721
vt 0.061465 0.017431
vt 0.061654 0.017462
vt 0.061560 0.016013
vt 0.061749 0.016013
vt 0.061434 0.014721
vt 0.061623 0.014679
vt 0.252930 0.629795
vt 0.252898 0.629364
vt 0.061045 0.013671
vt 0.061224 0.013576
vt 0.251785 0.629858
vt 0.251764 0.629438
vt 0.252804 0.627726
vt 0.251669 0.627789
vt 0.250829 0.629490
vt 0.250724 0.627841
vt 0.250850 0.629910
vt 0.250167 0.629532
vt 0.250073 0.627883
vt 0.250188 0.629952
vt 0.060572 0.012904
vt 0.060709 0.012768
vt 0.060110 0.012442
vt 0.060236 0.012285
vt 0.059659 0.012180
vt 0.059753 0.012011
vt 0.249663 0.629984
vt 0.249642 0.629564
vt 0.059207 0.012011
vt 0.059260 0.011822
vt 0.249138 0.629595
vt 0.249159 0.630015
vt 0.249537 0.627915
vt 0.249033 0.627946
vt 0.248550 0.629627
vt 0.248445 0.627978
vt 0.248571 0.630057
vt 0.247773 0.629679
vt 0.247668 0.628030
vt 0.247794 0.630099
vt 0.058640 0.011917
vt 0.058661 0.011728
vt 0.057852 0.011938
vt 0.057863 0.011749
vt 0.057107 0.012001
vt 0.057107 0.011812
vt 0.247038 0.630152
vt 0.247017 0.629721
vt 0.056592 0.012053
vt 0.056582 0.011875
vt 0.246533 0.630183
vt 0.246502 0.629753
vt 0.246912 0.628072
vt 0.246407 0.628104
vt 0.246082 0.628125
vt 0.246187 0.629774
vt 0.246208 0.630204
vt 0.338599 0.628188
vt 0.338515 0.629837
vt 0.338221 0.629816
vt 0.338305 0.628167
vt 0.338494 0.630257
vt 0.338200 0.630246
vt 0.056256 0.012022
vt 0.056371 0.012116
vt 0.056266 0.012327
vt 0.056077 0.012306
vt 0.056161 0.012915
vt 0.055972 0.012904
vt 0.337612 0.630215
vt 0.337633 0.629784
vt 0.055983 0.013975
vt 0.055794 0.013965
vt 0.336530 0.630162
vt 0.336551 0.629732
vt 0.337717 0.628135
vt 0.336635 0.628083
vt 0.335270 0.629669
vt 0.335354 0.628030
vt 0.335249 0.630099
vt 0.334094 0.629616
vt 0.334178 0.627967
vt 0.334073 0.630047
vt 0.055773 0.015246
vt 0.055573 0.015236
vt 0.055573 0.016423
vt 0.055384 0.016402
vt 0.055374 0.017599
vt 0.055185 0.017578
vt 0.332886 0.629984
vt 0.332907 0.629564
vt 0.055164 0.018880
vt 0.054964 0.018859
vt 0.331594 0.629921
vt 0.331615 0.629501
vt 0.332991 0.627915
vt 0.331699 0.627852
vt 0.330512 0.629448
vt 0.330596 0.627799
vt 0.330502 0.629868
vt 0.329914 0.629417
vt 0.329998 0.627768
vt 0.329893 0.629847
vt 0.054975 0.019972
vt 0.054786 0.019951
vt 0.054849 0.020581
vt 0.054660 0.020550
vt 0.054765 0.020939
vt 0.054586 0.020886
vt 0.329546 0.629826
vt 0.329567 0.629396
vt 0.054639 0.021264
vt 0.054460 0.021180
vt 0.329220 0.629816
vt 0.329242 0.629385
vt 0.329651 0.627757
vt 0.329315 0.627736
vt 0.328926 0.629375
vt 0.329010 0.627726
vt 0.328905 0.629795
vt 0.328632 0.629354
vt 0.328706 0.627705
vt 0.328611 0.629784
vt 0.054481 0.021558
vt 0.054323 0.021453
vt 0.054281 0.021821
vt 0.054145 0.021684
vt 0.054040 0.022031
vt 0.053935 0.021873
vt 0.328317 0.629763
vt 0.328338 0.629343
vt 0.053746 0.022199
vt 0.053662 0.022020
vt 0.328013 0.629753
vt 0.328034 0.629333
vt 0.328412 0.627694
vt 0.328107 0.627684
vt 0.327740 0.629312
vt 0.327824 0.627663
vt 0.327719 0.629742
vt 0.327488 0.629301
vt 0.327572 0.627652
vt 0.327467 0.629732
vt 0.053420 0.022304
vt 0.053389 0.022115
vt 0.053137 0.022335
vt 0.053147 0.022146
vt 0.052874 0.022283
vt 0.052948 0.022104
vt 0.327246 0.629721
vt 0.327267 0.629291
vt 0.052654 0.022157
vt 0.052769 0.021999
vt 0.327025 0.629700
vt 0.327046 0.629280
vt 0.327351 0.627642
vt 0.327130 0.627631
vt 0.326826 0.629269
vt 0.326899 0.627621
vt 0.326805 0.629690
vt 0.326574 0.629259
vt 0.326658 0.627610
vt 0.326553 0.629679
vt 0.052465 0.021968
vt 0.052612 0.021852
vt 0.052328 0.021737
vt 0.052496 0.021642
vt 0.052223 0.021443
vt 0.052412 0.021390
vt 0.326269 0.629669
vt 0.326290 0.629238
vt 0.052170 0.021128
vt 0.052360 0.021096
vt 0.325954 0.629648
vt 0.325975 0.629227
vt 0.326374 0.627589
vt 0.326059 0.627579
vt 0.325450 0.627547
vt 0.325366 0.629196
vt 0.325345 0.629616
vt 0.324190 0.629133
vt 0.324274 0.627484
vt 0.324169 0.629564
vt 0.052339 0.020487
vt 0.052149 0.020518
vt 0.052149 0.019332
vt 0.052339 0.019321
vt 0.052160 0.017935
vt 0.052360 0.017935
vt 0.322793 0.629490
vt 0.322814 0.629070
vt 0.052170 0.016717
vt 0.052370 0.016696
vt 0.321585 0.629007
vt 0.321564 0.629427
vt 0.322898 0.627421
vt 0.321669 0.627358
vt 0.320409 0.628944
vt 0.320482 0.627306
vt 0.320388 0.629375
vt 0.319169 0.628891
vt 0.319149 0.629312
vt 0.319243 0.627243
vt 0.052181 0.015519
vt 0.052191 0.014291
vt 0.052381 0.014270
vt 0.052370 0.015509
vt 0.051897 0.015593
vt 0.051908 0.014354
vt 0.051887 0.016759
vt 0.051876 0.017987
vt 0.051404 0.016864
vt 0.051404 0.015708
vt 0.051404 0.018071
vt 0.050700 0.018218
vt 0.050711 0.017021
vt 0.050721 0.015876
vt 0.049902 0.017189
vt 0.049902 0.016065
vt 0.049891 0.018386
vt 0.049093 0.017378
vt 0.049104 0.016244
vt 0.049083 0.018555
vt 0.049870 0.019741
vt 0.049062 0.019909
vt 0.050690 0.019573
vt 0.049902 0.021044
vt 0.049083 0.021317
vt 0.050711 0.020813
vt 0.051393 0.019447
vt 0.051393 0.020645
vt 0.050017 0.022041
vt 0.050805 0.021600
vt 0.051425 0.021327
vt 0.051855 0.020550
vt 0.051897 0.021180
vt 0.051855 0.019363
vt 0.051960 0.021537
vt 0.051530 0.021737
vt 0.052076 0.021863
vt 0.051687 0.022136
vt 0.052244 0.022157
vt 0.051939 0.022472
vt 0.051582 0.022945
vt 0.051215 0.022598
vt 0.050963 0.022146
vt 0.050658 0.023260
vt 0.050259 0.022777
vt 0.051194 0.023533
vt 0.049429 0.023722
vt 0.050007 0.024131
vt 0.050784 0.024163
vt 0.049219 0.022892
vt 0.048505 0.025350
vt 0.048411 0.023879
vt 0.049524 0.024940
vt 0.048337 0.021558
vt 0.048348 0.020046
vt 0.047791 0.021705
vt 0.047801 0.020151
vt 0.047791 0.024184
vt 0.048358 0.018712
vt 0.047812 0.018817
vt 0.047297 0.020256
vt 0.047308 0.018933
vt 0.047266 0.021789
vt 0.046972 0.020308
vt 0.046993 0.018975
vt 0.046951 0.021842
vt 0.047234 0.024425
vt 0.046898 0.024478
vt 0.047224 0.025602
vt 0.046877 0.025654
vt 0.047801 0.025507
vt 0.047812 0.025822
vt 0.047224 0.025938
vt 0.048484 0.025675
vt 0.046594 0.025707
vt 0.046604 0.024520
vt 0.046394 0.025717
vt 0.046415 0.024530
vt 0.275437 0.628398
vt 0.275447 0.628828
vt 0.276613 0.628377
vt 0.276623 0.628807
vt 0.275395 0.626749
vt 0.276581 0.626728
vt 0.279249 0.628324
vt 0.279260 0.628744
vt 0.279218 0.626675
vt 0.279207 0.626245
vt 0.276571 0.626297
vt 0.275384 0.626329
vt 0.275374 0.626150
vt 0.276571 0.626129
vt 0.279207 0.626066
vt 0.280761 0.626224
vt 0.280761 0.626644
vt 0.280751 0.626045
vt 0.695295 0.021155
vt 0.695295 0.022689
vt 0.695137 0.022689
vt 0.695137 0.021155
vt 0.695295 0.025338
vt 0.695137 0.025338
vt 0.694959 0.022689
vt 0.694959 0.021155
vt 0.694959 0.025338
vt 0.695295 0.026525
vt 0.695137 0.026557
vt 0.694959 0.026589
vt 0.694770 0.026610
vt 0.694770 0.025338
vt 0.694770 0.022689
vt 0.694633 0.026641
vt 0.694633 0.025338
vt 0.694633 0.022689
vt 0.694770 0.021155
vt 0.694633 0.021155
vt 0.110967 0.481927
vt 0.110967 0.482000
vt 0.109423 0.481895
vt 0.109434 0.481801
vt 0.113604 0.482126
vt 0.113594 0.482210
vt 0.110946 0.482200
vt 0.109413 0.482084
vt 0.113583 0.482400
vt 0.114897 0.482305
vt 0.114886 0.482505
vt 0.114897 0.482221
vt 0.115579 0.482358
vt 0.115569 0.482547
vt 0.115569 0.482273
vt 0.694770 0.027219
vt 0.694633 0.027303
vt 0.116199 0.482326
vt 0.116231 0.482410
vt 0.694959 0.027734
vt 0.694843 0.027881
vt 0.695116 0.027545
vt 0.694959 0.027103
vt 0.695137 0.026988
vt 0.695274 0.027345
vt 0.695295 0.026893
vt 0.695390 0.027198
vt 0.695715 0.027240
vt 0.695642 0.027398
vt 0.695568 0.027608
vt 0.696094 0.027156
vt 0.696104 0.027303
vt 0.696115 0.027492
vt 0.696125 0.027671
vt 0.695505 0.027808
vt 0.696125 0.027818
vt 0.695442 0.027976
vt 0.012581 0.483576
vt 0.012581 0.483671
vt 0.011867 0.483765
vt 0.011877 0.483671
vt 0.011247 0.483849
vt 0.011268 0.483755
vt 0.011268 0.484038
vt 0.011888 0.483954
vt 0.012613 0.483860
vt 0.013327 0.483566
vt 0.013348 0.483755
vt 0.013306 0.483482
vt 0.014052 0.483471
vt 0.014084 0.483660
vt 0.014042 0.483387
vt 0.015029 0.483356
vt 0.015040 0.483545
vt 0.015019 0.483261
vt 0.697576 0.027492
vt 0.697544 0.027356
vt 0.698490 0.027114
vt 0.698521 0.027251
vt 0.696861 0.027661
vt 0.696829 0.027524
vt 0.016101 0.483124
vt 0.016111 0.483208
vt 0.699541 0.026830
vt 0.699583 0.026967
vt 0.699499 0.026652
vt 0.698448 0.026935
vt 0.697502 0.027177
vt 0.698395 0.026757
vt 0.699446 0.026473
vt 0.697460 0.026998
vt 0.696787 0.027345
vt 0.696735 0.027167
vt 0.697429 0.026851
vt 0.698353 0.026620
vt 0.696714 0.027019
vt 0.272706 0.626402
vt 0.272706 0.626224
vt 0.273431 0.626203
vt 0.273441 0.626381
vt 0.274061 0.626182
vt 0.274071 0.626360
vt 0.274439 0.626171
vt 0.274439 0.626350
vt 0.274733 0.626329
vt 0.274733 0.626150
vt 0.275038 0.626329
vt 0.275017 0.626161
vt 0.271740 0.626434
vt 0.271740 0.626266
vt 0.270658 0.626476
vt 0.270658 0.626297
vt 0.699404 0.026326
vt 0.269597 0.626507
vt 0.269597 0.626339
vt 0.700424 0.026031
vt 0.700466 0.026179
vt 0.700518 0.026357
vt 0.701359 0.025748
vt 0.701401 0.025895
vt 0.701464 0.026063
vt 0.701517 0.026252
vt 0.700560 0.026536
vt 0.701559 0.026389
vt 0.700602 0.026673
vt 0.018139 0.482851
vt 0.018149 0.482946
vt 0.017172 0.483072
vt 0.017162 0.482977
vt 0.016132 0.483398
vt 0.017204 0.483261
vt 0.018181 0.483135
vt 0.019000 0.482830
vt 0.019032 0.483019
vt 0.018990 0.482736
vt 0.019799 0.482725
vt 0.019820 0.482925
vt 0.019788 0.482631
vt 0.020618 0.482536
vt 0.020629 0.482620
vt 0.020660 0.482820
vt 0.021501 0.482515
vt 0.021522 0.482704
vt 0.021490 0.482421
vt 0.022425 0.482400
vt 0.022446 0.482589
vt 0.022415 0.482315
vt 0.704712 0.025212
vt 0.704649 0.025075
vt 0.705500 0.024707
vt 0.705553 0.024844
vt 0.703903 0.025548
vt 0.703850 0.025422
vt 0.023308 0.482210
vt 0.023318 0.482294
vt 0.706299 0.024318
vt 0.706362 0.024434
vt 0.706204 0.024161
vt 0.705405 0.024550
vt 0.704575 0.024907
vt 0.705332 0.024371
vt 0.706110 0.024003
vt 0.704512 0.024739
vt 0.703776 0.025243
vt 0.703713 0.025075
vt 0.704449 0.024602
vt 0.705269 0.024245
vt 0.703650 0.024938
vt 0.702904 0.025243
vt 0.702946 0.025390
vt 0.703020 0.025559
vt 0.702158 0.025506
vt 0.702200 0.025643
vt 0.702263 0.025821
vt 0.703083 0.025727
vt 0.702326 0.026000
vt 0.703135 0.025863
vt 0.702368 0.026126
vt 0.267003 0.626612
vt 0.267003 0.626434
vt 0.267780 0.626402
vt 0.267791 0.626581
vt 0.268620 0.626371
vt 0.268620 0.626549
vt 0.266194 0.626644
vt 0.266184 0.626465
vt 0.265344 0.626675
vt 0.265333 0.626497
vt 0.264440 0.626717
vt 0.264440 0.626539
vt 0.263600 0.626749
vt 0.263590 0.626570
vt 0.706036 0.023866
vt 0.262876 0.626602
vt 0.262876 0.626780
vt 0.706646 0.023488
vt 0.706730 0.023614
vt 0.706835 0.023761
vt 0.707150 0.023078
vt 0.707255 0.023204
vt 0.707371 0.023341
vt 0.707497 0.023467
vt 0.706940 0.023908
vt 0.707581 0.023583
vt 0.707013 0.024035
vt 0.024810 0.482032
vt 0.024820 0.482126
vt 0.024085 0.482200
vt 0.024075 0.482126
vt 0.023339 0.482484
vt 0.024106 0.482389
vt 0.024841 0.482315
vt 0.025535 0.482053
vt 0.025556 0.482242
vt 0.025524 0.481958
vt 0.026417 0.481958
vt 0.026438 0.482147
vt 0.026417 0.481874
vt 0.027604 0.481843
vt 0.027625 0.482032
vt 0.027604 0.481748
vt 0.708653 0.022395
vt 0.708548 0.022311
vt 0.709105 0.021292
vt 0.709221 0.021355
vt 0.708128 0.023089
vt 0.708022 0.023005
vt 0.029012 0.481633
vt 0.029023 0.481727
vt 0.709588 0.019999
vt 0.709725 0.020030
vt 0.709410 0.019936
vt 0.708937 0.021218
vt 0.708390 0.022216
vt 0.708769 0.021134
vt 0.709221 0.019883
vt 0.708233 0.022101
vt 0.707886 0.022868
vt 0.707749 0.022742
vt 0.708117 0.022027
vt 0.708632 0.021050
vt 0.707623 0.022637
vt 0.260807 0.626875
vt 0.260796 0.626696
vt 0.261573 0.626665
vt 0.261584 0.626843
vt 0.262224 0.626633
vt 0.262224 0.626812
vt 0.259725 0.626927
vt 0.259714 0.626749
vt 0.258433 0.626990
vt 0.258422 0.626812
vt 0.709084 0.019841
vt 0.257005 0.627064
vt 0.256994 0.626885
vt 0.709347 0.018433
vt 0.709504 0.018454
vt 0.709683 0.018475
vt 0.709410 0.016961
vt 0.709557 0.016961
vt 0.709757 0.016961
vt 0.709935 0.016961
vt 0.709862 0.018506
vt 0.710072 0.016961
vt 0.709998 0.018517
vt 0.032111 0.481380
vt 0.032111 0.481475
vt 0.030557 0.481591
vt 0.030546 0.481507
vt 0.029033 0.481916
vt 0.030567 0.481780
vt 0.032132 0.481664
vt 0.033593 0.481370
vt 0.033614 0.481559
vt 0.033593 0.481286
vt 0.034895 0.481286
vt 0.034906 0.481475
vt 0.034885 0.481181
vt 0.036828 0.481044
vt 0.036807 0.481139
vt 0.036828 0.481338
vt 0.037154 0.481107
vt 0.037175 0.481307
vt 0.037165 0.481013
vt 0.709494 0.011822
vt 0.709630 0.011896
vt 0.709620 0.012243
vt 0.709483 0.012179
vt 0.709757 0.014197
vt 0.709609 0.014208
vt 0.709136 0.011717
vt 0.709136 0.012064
vt 0.709284 0.014029
vt 0.709799 0.015490
vt 0.709609 0.015501
vt 0.709946 0.015480
vt 0.709431 0.015511
vt 0.709063 0.014218
vt 0.709273 0.015522
vt 0.708926 0.014239
vt 0.708348 0.013241
vt 0.708474 0.013188
vt 0.708558 0.012999
vt 0.707739 0.012526
vt 0.707812 0.012432
vt 0.707875 0.012274
vt 0.707781 0.011738
vt 0.708527 0.011927
vt 0.707707 0.011412
vt 0.708495 0.011580
vt 0.707634 0.011160
vt 0.708443 0.011223
vt 0.709294 0.011265
vt 0.708359 0.011002
vt 0.709105 0.011013
vt 0.707602 0.010981
vt 0.707013 0.011107
vt 0.706993 0.010950
vt 0.707066 0.011297
vt 0.707592 0.010845
vt 0.708296 0.010866
vt 0.707003 0.010813
vt 0.706456 0.010771
vt 0.706446 0.010897
vt 0.706456 0.011044
vt 0.705878 0.010698
vt 0.705868 0.010813
vt 0.705868 0.010981
vt 0.706520 0.011213
vt 0.705941 0.011128
vt 0.705258 0.010887
vt 0.705258 0.010729
vt 0.705321 0.011055
vt 0.705490 0.011423
vt 0.706120 0.011423
vt 0.706677 0.011538
vt 0.705542 0.011591
vt 0.706183 0.011580
vt 0.706730 0.011685
vt 0.707203 0.011643
vt 0.707266 0.011885
vt 0.707234 0.012022
vt 0.706719 0.011833
vt 0.707171 0.012137
vt 0.706677 0.011959
vt 0.706173 0.011854
vt 0.706194 0.011728
vt 0.705574 0.011854
vt 0.705574 0.011738
vt 0.704817 0.012022
vt 0.704796 0.011885
vt 0.704764 0.011717
vt 0.704071 0.012211
vt 0.704029 0.012085
vt 0.703987 0.011896
vt 0.704733 0.011496
vt 0.703976 0.011622
vt 0.703430 0.012032
vt 0.703430 0.011707
vt 0.703493 0.012222
vt 0.702957 0.012253
vt 0.702999 0.011801
vt 0.703167 0.012411
vt 0.703503 0.010929
vt 0.703976 0.010981
vt 0.703104 0.010887
vt 0.702631 0.011938
vt 0.702736 0.010824
vt 0.702547 0.012442
vt 0.702326 0.011812
vt 0.702147 0.011086
vt 0.702095 0.012474
vt 0.702095 0.013073
vt 0.702505 0.012894
vt 0.702852 0.012757
vt 0.701664 0.012621
vt 0.701685 0.013241
vt 0.701601 0.011444
vt 0.701916 0.011318
vt 0.701538 0.010298
vt 0.701822 0.010141
vt 0.702032 0.010256
vt 0.702725 0.010393
vt 0.702126 0.009941
vt 0.702757 0.010151
vt 0.701969 0.009815
vt 0.702190 0.009825
vt 0.702789 0.010025
vt 0.702074 0.009720
vt 0.703209 0.010162
vt 0.703167 0.010277
vt 0.703135 0.010498
vt 0.703598 0.010267
vt 0.703566 0.010393
vt 0.703535 0.010592
vt 0.704050 0.010382
vt 0.704018 0.010498
vt 0.703987 0.010687
vt 0.704607 0.010792
vt 0.704638 0.011023
vt 0.704617 0.010613
vt 0.704638 0.010498
vt 0.705279 0.010613
vt 0.895366 0.188637
vt 0.895366 0.188469
vt 0.896027 0.188490
vt 0.896017 0.188658
vt 0.894757 0.188626
vt 0.894757 0.188458
vt 0.894169 0.188616
vt 0.894180 0.188437
vt 0.894158 0.189046
vt 0.894746 0.189057
vt 0.895355 0.189078
vt 0.894704 0.190715
vt 0.894127 0.190694
vt 0.895313 0.190726
vt 0.893581 0.190684
vt 0.893613 0.189036
vt 0.893623 0.188616
vt 0.893004 0.190673
vt 0.893035 0.189025
vt 0.893046 0.188595
vt 0.893046 0.188416
vt 0.893634 0.188427
vt 0.892353 0.188584
vt 0.892342 0.188416
vt 0.892353 0.189015
vt 0.891681 0.188574
vt 0.891649 0.188395
vt 0.891670 0.189004
vt 0.709000 0.010866
vt 0.891041 0.188563
vt 0.891020 0.188385
vt 0.709620 0.010845
vt 0.709693 0.010992
vt 0.709788 0.011170
vt 0.710219 0.010950
vt 0.710261 0.011139
vt 0.710187 0.010803
vt 0.710787 0.011065
vt 0.710766 0.010887
vt 0.710745 0.010729
vt 0.710303 0.011318
vt 0.710818 0.011244
vt 0.709904 0.011349
vt 0.710335 0.011454
vt 0.709967 0.011486
vt 0.710829 0.011391
vt 0.709641 0.011486
vt 0.709757 0.011601
vt 0.038016 0.480939
vt 0.038026 0.481023
vt 0.037690 0.481055
vt 0.037679 0.480960
vt 0.037469 0.481076
vt 0.037459 0.480981
vt 0.037490 0.481275
vt 0.037711 0.481254
vt 0.038047 0.481212
vt 0.038530 0.480887
vt 0.038541 0.480960
vt 0.038562 0.481149
vt 0.039108 0.480908
vt 0.039129 0.481097
vt 0.039098 0.480813
vt 0.039634 0.480845
vt 0.039655 0.481034
vt 0.039623 0.480750
vt 0.711407 0.011307
vt 0.711386 0.011170
vt 0.711922 0.011086
vt 0.711943 0.011223
vt 0.040169 0.480698
vt 0.040169 0.480782
vt 0.712437 0.010992
vt 0.712468 0.011128
vt 0.712395 0.010803
vt 0.711890 0.010908
vt 0.711354 0.010992
vt 0.711859 0.010719
vt 0.712363 0.010613
vt 0.711333 0.010803
vt 0.711312 0.010645
vt 0.711827 0.010571
vt 0.889319 0.188532
vt 0.889319 0.188364
vt 0.889886 0.188364
vt 0.889886 0.188542
vt 0.888794 0.188521
vt 0.888804 0.188353
vt 0.890463 0.188374
vt 0.890463 0.188553
vt 0.889308 0.188973
vt 0.889886 0.188973
vt 0.890453 0.188983
vt 0.891041 0.188994
vt 0.891009 0.190631
vt 0.890432 0.190621
vt 0.891639 0.190642
vt 0.892321 0.190663
vt 0.891628 0.191072
vt 0.890998 0.191062
vt 0.892311 0.191083
vt 0.451241 0.010561
vt 0.451237 0.010735
vt 0.450545 0.010707
vt 0.450556 0.010532
vt 0.451860 0.010565
vt 0.451864 0.010739
vt 0.449868 0.010665
vt 0.449884 0.010489
vt 0.892993 0.191093
vt 0.449283 0.010614
vt 0.449303 0.010438
vt 0.893571 0.191114
vt 0.448733 0.010548
vt 0.448755 0.010372
vt 0.894117 0.191125
vt 0.448159 0.010459
vt 0.448184 0.010282
vt 0.894704 0.191135
vt 0.447556 0.010347
vt 0.447583 0.010169
vt 0.895303 0.191146
vt 0.446921 0.010213
vt 0.446950 0.010034
vt 0.895954 0.190747
vt 0.895943 0.191167
vt 0.896006 0.189088
vt 0.896552 0.190757
vt 0.896542 0.191188
vt 0.896605 0.189109
vt 0.896615 0.188679
vt 0.896615 0.188500
vt 0.897077 0.188521
vt 0.897077 0.188689
vt 0.897066 0.189120
vt 0.897486 0.188700
vt 0.897476 0.189130
vt 0.897486 0.188532
vt 0.897917 0.188542
vt 0.897917 0.188710
vt 0.897917 0.189151
vt 0.898515 0.189162
vt 0.898526 0.188731
vt 0.898536 0.188553
vt 0.898694 0.188563
vt 0.898694 0.188731
vt 0.898683 0.189172
vt 0.898893 0.188574
vt 0.898904 0.188742
vt 0.898893 0.189183
vt 0.901759 0.188836
vt 0.901738 0.189277
vt 0.901801 0.188668
vt 0.898631 0.190820
vt 0.898841 0.190820
vt 0.901686 0.190925
vt 0.901917 0.189277
vt 0.901875 0.190936
vt 0.901938 0.188847
vt 0.714209 0.000651
vt 0.714209 0.000231
vt 0.714335 0.000220
vt 0.714335 0.000651
vt 0.714325 0.002288
vt 0.714199 0.002288
vt 0.714188 0.000052
vt 0.714314 0.000052
vt 0.901990 0.188679
vt 0.702210 0.006410
vt 0.702084 0.006420
vt 0.702011 0.006283
vt 0.702190 0.006273
vt 0.702042 0.006609
vt 0.701937 0.006483
vt 0.701874 0.006157
vt 0.702158 0.006115
vt 0.701780 0.006452
vt 0.701927 0.009584
vt 0.701748 0.009668
vt 0.702032 0.009510
vt 0.701527 0.006704
vt 0.701538 0.006010
vt 0.701517 0.009731
vt 0.701275 0.009773
vt 0.701265 0.007019
vt 0.701286 0.010330
vt 0.701307 0.011517
vt 0.701128 0.011538
vt 0.701117 0.010351
vt 0.701117 0.009804
vt 0.701002 0.010361
vt 0.701002 0.009815
vt 0.701002 0.011549
vt 0.701107 0.007198
vt 0.701002 0.007271
vt 0.314097 0.626413
vt 0.314643 0.626434
vt 0.314643 0.626612
vt 0.314097 0.626591
vt 0.311587 0.626486
vt 0.311566 0.626308
vt 0.310746 0.626276
vt 0.310757 0.626455
vt 0.701117 0.006399
vt 0.701002 0.006452
vt 0.701012 0.005863
vt 0.701117 0.005821
vt 0.310148 0.626255
vt 0.310158 0.626434
vt 0.701275 0.006252
vt 0.701275 0.005737
vt 0.701538 0.005590
vt 0.702095 0.005432
vt 0.702137 0.005863
vt 0.702862 0.005989
vt 0.702894 0.006304
vt 0.702799 0.005600
vt 0.701538 0.005138
vt 0.702074 0.005054
vt 0.702747 0.005222
vt 0.703219 0.005768
vt 0.703272 0.006136
vt 0.703167 0.005380
vt 0.702074 0.004728
vt 0.702725 0.004907
vt 0.703135 0.005054
vt 0.703535 0.005201
vt 0.703556 0.005516
vt 0.703619 0.005895
vt 0.703987 0.005359
vt 0.704018 0.005674
vt 0.704071 0.006052
vt 0.704123 0.006431
vt 0.703671 0.006273
vt 0.704144 0.006756
vt 0.703692 0.006599
vt 0.703304 0.006452
vt 0.703282 0.006651
vt 0.702862 0.006504
vt 0.703671 0.006788
vt 0.703240 0.006767
vt 0.702820 0.006620
vt 0.703629 0.006903
vt 0.715395 0.000052
vt 0.715395 0.000231
vt 0.714954 0.000231
vt 0.714954 0.000052
vt 0.714954 0.000651
vt 0.715395 0.000651
vt 0.715805 0.000231
vt 0.715794 0.000651
vt 0.715805 0.000052
vt 0.716288 0.000231
vt 0.716288 0.000651
vt 0.716288 0.000052
vt 0.716918 0.000231
vt 0.716918 0.000651
vt 0.716918 0.000052
vt 0.704680 0.007271
vt 0.704081 0.007061
vt 0.704123 0.006946
vt 0.704733 0.007156
vt 0.704743 0.006956
vt 0.704722 0.006641
vt 0.705416 0.007198
vt 0.705384 0.007397
vt 0.705384 0.006872
vt 0.705342 0.006504
vt 0.704670 0.006262
vt 0.704617 0.005895
vt 0.705290 0.006126
vt 0.704596 0.005569
vt 0.705258 0.005810
vt 0.705941 0.006042
vt 0.705952 0.006367
vt 0.706015 0.006735
vt 0.706593 0.006273
vt 0.706614 0.006599
vt 0.706667 0.006967
vt 0.706719 0.007345
vt 0.706068 0.007114
vt 0.706751 0.007660
vt 0.706089 0.007429
vt 0.706719 0.007860
vt 0.706068 0.007629
vt 0.706026 0.007755
vt 0.705342 0.007513
vt 0.706677 0.007986
vt 0.717632 0.000052
vt 0.717632 0.000241
vt 0.718335 0.000052
vt 0.718335 0.000241
vt 0.717632 0.000651
vt 0.718335 0.000651
vt 0.719038 0.000241
vt 0.719028 0.000651
vt 0.719038 0.000063
vt 0.719689 0.000063
vt 0.719689 0.000241
vt 0.719689 0.000661
vt 0.720298 0.000241
vt 0.720298 0.000661
vt 0.720298 0.000063
vt 0.720865 0.000241
vt 0.720865 0.000661
vt 0.720865 0.000063
vt 0.708422 0.008564
vt 0.707886 0.008406
vt 0.707928 0.008280
vt 0.708453 0.008438
vt 0.707297 0.008207
vt 0.707339 0.008081
vt 0.707949 0.008081
vt 0.708474 0.008238
vt 0.707350 0.007881
vt 0.707928 0.007765
vt 0.707339 0.007576
vt 0.707875 0.007387
vt 0.707287 0.007187
vt 0.707234 0.006809
vt 0.707823 0.007009
vt 0.707213 0.006494
vt 0.707802 0.006704
vt 0.708348 0.006893
vt 0.708359 0.007198
vt 0.708411 0.007576
vt 0.708842 0.007061
vt 0.708874 0.007366
vt 0.708916 0.007723
vt 0.708947 0.008070
vt 0.708453 0.007933
vt 0.708958 0.008364
vt 0.708947 0.008564
vt 0.709410 0.008175
vt 0.709420 0.008438
vt 0.709410 0.008638
vt 0.708926 0.008680
vt 0.709399 0.008764
vt 0.709841 0.008806
vt 0.709851 0.008680
vt 0.709851 0.008490
vt 0.710282 0.008806
vt 0.710282 0.008680
vt 0.710272 0.008501
vt 0.709841 0.008228
vt 0.710251 0.008270
vt 0.710650 0.008480
vt 0.710681 0.008648
vt 0.710608 0.008270
vt 0.710555 0.008039
vt 0.710209 0.008007
vt 0.709820 0.007933
vt 0.710156 0.007734
vt 0.710471 0.007807
vt 0.709767 0.007629
vt 0.709389 0.007839
vt 0.709347 0.007513
vt 0.709746 0.007366
vt 0.710103 0.007492
vt 0.709315 0.007219
vt 0.708874 0.006872
vt 0.709347 0.007030
vt 0.709767 0.007187
vt 0.709389 0.006924
vt 0.709809 0.007061
vt 0.708916 0.006756
vt 0.710156 0.007198
vt 0.710124 0.007303
vt 0.710471 0.007303
vt 0.710429 0.007408
vt 0.710419 0.007597
vt 0.710724 0.007692
vt 0.710776 0.007881
vt 0.710745 0.007534
vt 0.710976 0.007776
vt 0.711018 0.007944
vt 0.711007 0.007629
vt 0.710787 0.007408
vt 0.711060 0.007513
vt 0.711259 0.007608
vt 0.711207 0.007702
vt 0.711175 0.007828
vt 0.711407 0.007671
vt 0.711354 0.007765
vt 0.711323 0.007881
vt 0.711196 0.007986
vt 0.711344 0.008007
vt 0.711459 0.007933
vt 0.711470 0.008039
vt 0.711501 0.007828
vt 0.711575 0.007976
vt 0.711575 0.008060
vt 0.711627 0.007891
vt 0.711554 0.007744
vt 0.711690 0.007818
vt 0.711774 0.007881
vt 0.711722 0.007944
vt 0.711669 0.008007
vt 0.711859 0.007954
vt 0.711774 0.008007
vt 0.711732 0.008028
vt 0.711669 0.008081
vt 0.711753 0.008091
vt 0.711827 0.008070
vt 0.711764 0.008165
vt 0.711690 0.008165
vt 0.711859 0.008144
vt 0.711911 0.008039
vt 0.711953 0.008123
vt 0.711953 0.008207
vt 0.711869 0.008207
vt 0.711774 0.008207
vt 0.711953 0.008280
vt 0.711848 0.008259
vt 0.711774 0.008238
vt 0.711701 0.008217
vt 0.711732 0.008270
vt 0.711806 0.008312
vt 0.711669 0.008301
vt 0.711617 0.008228
vt 0.711753 0.008364
vt 0.711911 0.008354
vt 0.711848 0.008417
vt 0.711753 0.008480
vt 0.711680 0.008417
vt 0.711585 0.008343
vt 0.711659 0.008554
vt 0.711575 0.008459
vt 0.711491 0.008375
vt 0.711533 0.008249
vt 0.711428 0.008259
vt 0.711386 0.008396
vt 0.711470 0.008501
vt 0.711323 0.008270
vt 0.711259 0.008133
vt 0.711375 0.008144
vt 0.711491 0.008154
vt 0.711596 0.008154
vt 0.711102 0.008112
vt 0.711165 0.008270
vt 0.710923 0.008280
vt 0.710860 0.008081
vt 0.711239 0.008417
vt 0.710976 0.008448
vt 0.711312 0.008554
vt 0.711028 0.008606
vt 0.711375 0.008648
vt 0.711081 0.008722
vt 0.711554 0.008606
vt 0.710692 0.008774
vt 0.723175 0.000241
vt 0.723175 0.000063
vt 0.723563 0.000063
vt 0.723574 0.000241
vt 0.722765 0.000241
vt 0.722765 0.000063
vt 0.722324 0.000241
vt 0.722324 0.000063
vt 0.722324 0.000661
vt 0.722765 0.000661
vt 0.723175 0.000661
vt 0.722324 0.002309
vt 0.722765 0.002309
vt 0.723185 0.002309
vt 0.721862 0.002309
vt 0.721873 0.000661
vt 0.721873 0.000241
vt 0.721390 0.002309
vt 0.721390 0.000661
vt 0.721390 0.000241
vt 0.721390 0.000063
vt 0.721873 0.000063
vt 0.720865 0.002309
vt 0.720298 0.002309
vt 0.721390 0.002750
vt 0.720865 0.002740
vt 0.720298 0.002740
vt 0.450226 0.008184
vt 0.450275 0.008015
vt 0.450808 0.008194
vt 0.450765 0.008364
vt 0.451303 0.008331
vt 0.451271 0.008503
vt 0.449649 0.007972
vt 0.449701 0.007802
vt 0.719679 0.002740
vt 0.719679 0.002309
vt 0.449038 0.007735
vt 0.449089 0.007565
vt 0.719028 0.002740
vt 0.719028 0.002309
vt 0.718335 0.002299
vt 0.718335 0.002740
vt 0.717621 0.002299
vt 0.717621 0.002740
vt 0.447730 0.007229
vt 0.447777 0.007055
vt 0.448441 0.007313
vt 0.448392 0.007485
vt 0.447070 0.006973
vt 0.447116 0.006799
vt 0.716907 0.002729
vt 0.716918 0.002299
vt 0.446482 0.006745
vt 0.446528 0.006570
vt 0.716288 0.002729
vt 0.716288 0.002299
vt 0.715794 0.002299
vt 0.715794 0.002729
vt 0.715385 0.002288
vt 0.715385 0.002729
vt 0.445645 0.006420
vt 0.445689 0.006243
vt 0.446079 0.006396
vt 0.446034 0.006571
vt 0.445232 0.006259
vt 0.445269 0.006079
vt 0.714944 0.002729
vt 0.714954 0.002288
vt 0.444636 0.006067
vt 0.444633 0.005895
vt 0.714325 0.002719
vt 0.714199 0.002719
vt 0.444542 0.006067
vt 0.444478 0.005954
vt 0.444525 0.006203
vt 0.444353 0.006175
vt 0.901854 0.191356
vt 0.901675 0.191345
vt 0.898820 0.191240
vt 0.444259 0.009038
vt 0.444432 0.009049
vt 0.444652 0.006252
vt 0.444561 0.009090
vt 0.444442 0.009211
vt 0.444543 0.009279
vt 0.444331 0.009294
vt 0.444474 0.009440
vt 0.445119 0.009506
vt 0.445072 0.009681
vt 0.445134 0.009304
vt 0.445532 0.009650
vt 0.445492 0.009827
vt 0.445543 0.009450
vt 0.445227 0.006465
vt 0.445637 0.006621
vt 0.445931 0.009576
vt 0.445922 0.009774
vt 0.446025 0.006770
vt 0.446472 0.006941
vt 0.446377 0.009701
vt 0.447060 0.007164
vt 0.446959 0.009844
vt 0.446368 0.009897
vt 0.446336 0.010075
vt 0.445886 0.009952
vt 0.897423 0.190789
vt 0.897413 0.191209
vt 0.897003 0.191198
vt 0.897014 0.190768
vt 0.897864 0.190799
vt 0.897854 0.191219
vt 0.898463 0.191230
vt 0.898473 0.190820
vt 0.898610 0.191230
vt 0.447593 0.009985
vt 0.447718 0.007412
vt 0.448197 0.010106
vt 0.448376 0.007661
vt 0.449018 0.007901
vt 0.448773 0.010206
vt 0.449625 0.008128
vt 0.449325 0.010282
vt 0.450202 0.008332
vt 0.449905 0.010342
vt 0.450750 0.008504
vt 0.450569 0.010392
vt 0.451267 0.008637
vt 0.451243 0.010427
vt 0.451853 0.010436
vt 0.451750 0.008727
vt 0.451745 0.008598
vt 0.451765 0.008425
vt 0.452199 0.008655
vt 0.452212 0.008780
vt 0.452207 0.008481
vt 0.722324 0.002750
vt 0.721862 0.002750
vt 0.452642 0.008510
vt 0.452645 0.008684
vt 0.722765 0.002750
vt 0.453053 0.008509
vt 0.453070 0.008682
vt 0.723185 0.002750
vt 0.453431 0.008476
vt 0.453460 0.008647
vt 0.723574 0.002309
vt 0.723574 0.002750
vt 0.723574 0.000661
vt 0.723878 0.002309
vt 0.723878 0.002740
vt 0.723878 0.000661
vt 0.723878 0.000252
vt 0.723868 0.000063
vt 0.724046 0.000073
vt 0.724057 0.000252
vt 0.724057 0.000661
vt 0.724183 0.000252
vt 0.724183 0.000661
vt 0.724172 0.000073
vt 0.724298 0.000073
vt 0.724309 0.000252
vt 0.724309 0.000661
vt 0.724424 0.000252
vt 0.724424 0.000661
vt 0.724424 0.000063
vt 0.724508 0.000241
vt 0.724508 0.000661
vt 0.724508 0.000063
vt 0.724592 0.000241
vt 0.724592 0.000661
vt 0.724592 0.000063
vt 0.724665 0.000063
vt 0.724665 0.000241
vt 0.724665 0.000661
vt 0.724750 0.000063
vt 0.724750 0.000241
vt 0.724750 0.000661
vt 0.724676 0.002309
vt 0.724603 0.002309
vt 0.724760 0.002309
vt 0.724854 0.000661
vt 0.724854 0.002309
vt 0.724844 0.000241
vt 0.724949 0.000241
vt 0.724959 0.000661
vt 0.724959 0.002309
vt 0.724970 0.002740
vt 0.724854 0.002740
vt 0.724760 0.002740
vt 0.454451 0.007937
vt 0.454479 0.008035
vt 0.454299 0.008045
vt 0.454271 0.007977
vt 0.454397 0.007840
vt 0.454218 0.007914
vt 0.454483 0.008126
vt 0.454296 0.008106
vt 0.724676 0.002740
vt 0.454460 0.008210
vt 0.454276 0.008160
vt 0.724603 0.002740
vt 0.454409 0.008291
vt 0.454246 0.008215
vt 0.724519 0.002309
vt 0.724519 0.002740
vt 0.724424 0.002309
vt 0.724424 0.002740
vt 0.724309 0.002309
vt 0.724319 0.002740
vt 0.454330 0.008369
vt 0.454196 0.008271
vt 0.454214 0.008442
vt 0.454105 0.008305
vt 0.454084 0.008500
vt 0.454005 0.008348
vt 0.724193 0.002729
vt 0.724193 0.002299
vt 0.453956 0.008549
vt 0.453888 0.008389
vt 0.724057 0.002740
vt 0.724057 0.002309
vt 0.453769 0.008598
vt 0.453720 0.008432
vt 0.453825 0.008711
vt 0.453500 0.008764
vt 0.454033 0.008661
vt 0.455026 0.010150
vt 0.454533 0.010227
vt 0.454041 0.010288
vt 0.453532 0.010339
vt 0.453101 0.008800
vt 0.452667 0.008805
vt 0.452990 0.010387
vt 0.453563 0.010458
vt 0.453013 0.010508
vt 0.454079 0.010405
vt 0.453586 0.010630
vt 0.453031 0.010681
vt 0.454106 0.010577
vt 0.452442 0.010547
vt 0.452427 0.010422
vt 0.452453 0.010721
vt 0.890421 0.191051
vt 0.889854 0.191041
vt 0.889854 0.190621
vt 0.889287 0.191030
vt 0.889298 0.190621
vt 0.888773 0.190610
vt 0.888794 0.188962
vt 0.888762 0.191030
vt 0.888290 0.188952
vt 0.888269 0.190600
vt 0.888259 0.191020
vt 0.454582 0.010344
vt 0.454618 0.010514
vt 0.455096 0.010264
vt 0.455141 0.010433
vt 0.887723 0.191020
vt 0.887723 0.190600
vt 0.455611 0.010167
vt 0.455670 0.010333
vt 0.887188 0.191020
vt 0.887198 0.190589
vt 0.887744 0.188952
vt 0.887209 0.188941
vt 0.886673 0.190589
vt 0.886684 0.188941
vt 0.886663 0.191009
vt 0.886043 0.190579
vt 0.886064 0.188931
vt 0.886043 0.191009
vt 0.456704 0.009885
vt 0.456791 0.010042
vt 0.456195 0.010211
vt 0.456123 0.010049
vt 0.457427 0.009648
vt 0.457535 0.009796
vt 0.885277 0.190999
vt 0.885277 0.190579
vt 0.458130 0.009355
vt 0.458263 0.009487
vt 0.884490 0.190999
vt 0.884490 0.190579
vt 0.885288 0.188931
vt 0.884500 0.188920
vt 0.883881 0.190579
vt 0.883881 0.188920
vt 0.883881 0.190999
vt 0.883366 0.190579
vt 0.883366 0.188920
vt 0.883366 0.190999
vt 0.459003 0.008679
vt 0.459183 0.008752
vt 0.458810 0.009135
vt 0.458651 0.009029
vt 0.459203 0.008318
vt 0.459394 0.008353
vt 0.882957 0.190999
vt 0.882957 0.190579
vt 0.459267 0.007956
vt 0.459461 0.007954
vt 0.882590 0.190999
vt 0.882579 0.190579
vt 0.882946 0.188920
vt 0.882568 0.188931
vt 0.882222 0.190579
vt 0.882212 0.188931
vt 0.882222 0.191009
vt 0.881844 0.190589
vt 0.881823 0.188931
vt 0.881844 0.191009
vt 0.459065 0.007262
vt 0.459249 0.007203
vt 0.459402 0.007566
vt 0.459211 0.007600
vt 0.458858 0.006955
vt 0.459034 0.006875
vt 0.881477 0.191009
vt 0.881466 0.190589
vt 0.458614 0.006683
vt 0.458781 0.006587
vt 0.881099 0.191020
vt 0.881099 0.190589
vt 0.881456 0.188941
vt 0.881088 0.188941
vt 0.880752 0.190600
vt 0.880721 0.188952
vt 0.880752 0.191020
vt 0.880416 0.190600
vt 0.880385 0.188952
vt 0.880416 0.191020
vt 0.458087 0.006242
vt 0.458236 0.006124
vt 0.458514 0.006339
vt 0.458356 0.006447
vt 0.457810 0.006062
vt 0.457949 0.005935
vt 0.880080 0.191020
vt 0.880070 0.190610
vt 0.457526 0.005901
vt 0.457656 0.005766
vt 0.879744 0.191030
vt 0.879734 0.190621
vt 0.880049 0.188962
vt 0.879713 0.188962
vt 0.879409 0.190621
vt 0.879388 0.188973
vt 0.879419 0.191041
vt 0.878842 0.188983
vt 0.878873 0.190621
vt 0.878884 0.191051
vt 0.456750 0.005519
vt 0.456864 0.005374
vt 0.457359 0.005611
vt 0.457236 0.005751
vt 0.455877 0.005111
vt 0.455979 0.004960
vt 0.877897 0.191072
vt 0.877886 0.190642
vt 0.454812 0.004612
vt 0.454899 0.004455
vt 0.876700 0.191093
vt 0.876690 0.190673
vt 0.877865 0.189004
vt 0.876669 0.189025
vt 0.875503 0.190694
vt 0.875472 0.189046
vt 0.875503 0.191125
vt 0.874485 0.190726
vt 0.874464 0.189067
vt 0.874495 0.191146
vt 0.453747 0.004112
vt 0.452839 0.003684
vt 0.452901 0.003514
vt 0.453820 0.003947
vt 0.873834 0.190736
vt 0.873845 0.191167
vt 0.452245 0.003404
vt 0.452302 0.003232
vt 0.452807 0.003871
vt 0.452223 0.003596
vt 0.453681 0.004283
vt 0.452092 0.004956
vt 0.452594 0.005192
vt 0.453222 0.005488
vt 0.451638 0.004743
vt 0.451769 0.003382
vt 0.451791 0.003189
vt 0.451152 0.004514
vt 0.451284 0.003153
vt 0.451306 0.002960
vt 0.450631 0.004269
vt 0.450764 0.002907
vt 0.450785 0.002714
vt 0.451364 0.002789
vt 0.451849 0.003018
vt 0.450843 0.002543
vt 0.450205 0.002643
vt 0.450226 0.002450
vt 0.450284 0.002279
vt 0.871598 0.190789
vt 0.872217 0.190778
vt 0.872228 0.191198
vt 0.871608 0.191219
vt 0.872795 0.190768
vt 0.872805 0.191188
vt 0.871556 0.189141
vt 0.872175 0.189130
vt 0.872753 0.189109
vt 0.873330 0.190747
vt 0.873341 0.191177
vt 0.873288 0.189099
vt 0.872742 0.188679
vt 0.873278 0.188668
vt 0.872165 0.188689
vt 0.872742 0.188500
vt 0.873278 0.188490
vt 0.872154 0.188521
vt 0.873771 0.188479
vt 0.873782 0.188647
vt 0.873792 0.189088
vt 0.874443 0.188458
vt 0.874453 0.188637
vt 0.875461 0.188616
vt 0.875451 0.188437
vt 0.710976 0.004223
vt 0.710030 0.003866
vt 0.710082 0.003730
vt 0.711039 0.004087
vt 0.709410 0.003645
vt 0.709462 0.003509
vt 0.710156 0.003561
vt 0.711112 0.003908
vt 0.709525 0.003341
vt 0.708937 0.003477
vt 0.708979 0.003341
vt 0.709042 0.003172
vt 0.709116 0.002994
vt 0.709588 0.003162
vt 0.710209 0.003393
vt 0.709147 0.002857
vt 0.709641 0.003025
vt 0.710261 0.003257
vt 0.711165 0.003730
vt 0.711217 0.003603
vt 0.055886 0.479700
vt 0.055886 0.479784
vt 0.054867 0.479805
vt 0.054867 0.479721
vt 0.056548 0.479679
vt 0.056548 0.479773
vt 0.055896 0.479973
vt 0.054867 0.479994
vt 0.056558 0.479962
vt 0.057052 0.479763
vt 0.057063 0.479952
vt 0.057052 0.479668
vt 0.057598 0.479752
vt 0.057598 0.479941
vt 0.057588 0.479658
vt 0.708601 0.002805
vt 0.708653 0.002679
vt 0.058166 0.479637
vt 0.058166 0.479731
vt 0.708064 0.002615
vt 0.708117 0.002489
vt 0.708001 0.002794
vt 0.708548 0.002994
vt 0.708485 0.003162
vt 0.707949 0.002962
vt 0.708432 0.003299
vt 0.707896 0.003099
vt 0.707308 0.002889
vt 0.707350 0.002752
vt 0.707413 0.002584
vt 0.706688 0.002668
vt 0.706740 0.002531
vt 0.706803 0.002363
vt 0.706866 0.002174
vt 0.707476 0.002405
vt 0.706919 0.002037
vt 0.707528 0.002269
vt 0.059447 0.479616
vt 0.059447 0.479721
vt 0.058785 0.479731
vt 0.058785 0.479626
vt 0.058166 0.479941
vt 0.058796 0.479920
vt 0.059447 0.479910
vt 0.060141 0.479605
vt 0.060141 0.479700
vt 0.060141 0.479899
vt 0.060855 0.479679
vt 0.060855 0.479878
vt 0.060855 0.479584
vt 0.061548 0.479573
vt 0.061548 0.479668
vt 0.061559 0.479868
vt 0.062189 0.479647
vt 0.062200 0.479857
vt 0.062189 0.479552
vt 0.062673 0.479552
vt 0.062673 0.479637
vt 0.062673 0.479847
vt 0.063082 0.479637
vt 0.063082 0.479836
vt 0.063082 0.479542
vt 0.063534 0.479626
vt 0.063545 0.479826
vt 0.063534 0.479531
vt 0.703482 0.000808
vt 0.703430 0.000944
vt 0.703009 0.000797
vt 0.703062 0.000650
vt 0.703871 0.000955
vt 0.703829 0.001081
vt 0.702421 0.000587
vt 0.702463 0.000429
vt 0.064154 0.479521
vt 0.064154 0.479616
vt 0.064448 0.479521
vt 0.064448 0.479605
vt 0.702137 0.000471
vt 0.702190 0.000345
vt 0.064164 0.479815
vt 0.064448 0.479805
vt 0.064616 0.479521
vt 0.064616 0.479605
vt 0.064627 0.479805
vt 0.064889 0.479594
vt 0.064889 0.479805
vt 0.064889 0.479510
vt 0.702021 0.000293
vt 0.701979 0.000419
vt 0.701727 0.000335
vt 0.701769 0.000198
vt 0.065246 0.479510
vt 0.065246 0.479594
vt 0.701412 0.000219
vt 0.701443 0.000093
vt 0.701380 0.000398
vt 0.701664 0.000503
vt 0.701927 0.000598
vt 0.701601 0.000692
vt 0.701338 0.000598
vt 0.701864 0.000787
vt 0.702084 0.000661
vt 0.702021 0.000829
vt 0.701790 0.001228
vt 0.701538 0.001155
vt 0.701948 0.001270
vt 0.702105 0.001070
vt 0.702053 0.001291
vt 0.702253 0.001060
vt 0.702305 0.000923
vt 0.702358 0.000755
vt 0.702053 0.002573
vt 0.701937 0.002552
vt 0.701780 0.002552
vt 0.738387 0.000031
vt 0.738618 0.000021
vt 0.738555 0.000210
vt 0.738376 0.000199
vt 0.737085 0.000199
vt 0.737106 0.000031
vt 0.735626 0.000189
vt 0.735594 0.000010
vt 0.702042 0.004087
vt 0.701937 0.004202
vt 0.702084 0.004287
vt 0.701990 0.004413
vt 0.735405 0.000010
vt 0.735416 0.000178
vt 0.701780 0.004318
vt 0.701832 0.004633
vt 0.701538 0.004360
vt 0.701538 0.002552
vt 0.701286 0.004392
vt 0.701286 0.002552
vt 0.701286 0.001049
vt 0.701117 0.002552
vt 0.701117 0.001102
vt 0.701117 0.004423
vt 0.701286 0.005201
vt 0.701117 0.005243
vt 0.701012 0.004476
vt 0.701012 0.002552
vt 0.701012 0.005264
vt 0.308772 0.626381
vt 0.306818 0.626308
vt 0.306829 0.626129
vt 0.308761 0.626203
vt 0.309560 0.626402
vt 0.309560 0.626234
vt 0.309549 0.626833
vt 0.308751 0.626801
vt 0.310148 0.626854
vt 0.310085 0.628503
vt 0.309486 0.628482
vt 0.308688 0.628450
vt 0.310064 0.628933
vt 0.309465 0.628912
vt 0.308677 0.628881
vt 0.052191 0.003778
vt 0.052381 0.003746
vt 0.052391 0.004534
vt 0.052191 0.004565
vt 0.052191 0.005174
vt 0.052391 0.005143
vt 0.306734 0.628807
vt 0.306755 0.628377
vt 0.052381 0.001814
vt 0.052191 0.001814
vt 0.051908 0.004660
vt 0.051908 0.003872
vt 0.051908 0.001877
vt 0.051897 0.000553
vt 0.052181 0.000469
vt 0.052370 0.000427
vt 0.052118 0.000312
vt 0.052212 0.000112
vt 0.051908 0.000249
vt 0.305369 0.628744
vt 0.305380 0.628314
vt 0.305075 0.628755
vt 0.305086 0.628324
vt 0.306808 0.626728
vt 0.305432 0.626665
vt 0.305128 0.626675
vt 0.304791 0.628314
vt 0.304833 0.626665
vt 0.304781 0.628744
vt 0.304329 0.626654
vt 0.304287 0.628303
vt 0.304277 0.628734
vt 0.051414 0.000385
vt 0.051404 0.000144
vt 0.051908 0.000007
vt 0.050721 0.000606
vt 0.050700 0.000364
vt 0.303552 0.628713
vt 0.303563 0.628293
vt 0.049912 0.000868
vt 0.049881 0.000627
vt 0.302701 0.628702
vt 0.302712 0.628272
vt 0.303594 0.626644
vt 0.302743 0.626623
vt 0.301872 0.628251
vt 0.301903 0.626602
vt 0.301861 0.628681
vt 0.301116 0.628240
vt 0.301147 0.626591
vt 0.301105 0.628671
vt 0.048390 0.001341
vt 0.048369 0.001099
vt 0.049083 0.000868
vt 0.049104 0.001120
vt 0.047843 0.001530
vt 0.047822 0.001267
vt 0.300538 0.628660
vt 0.300548 0.628230
vt 0.047350 0.001688
vt 0.047308 0.001446
vt 0.300013 0.628650
vt 0.300013 0.628219
vt 0.300580 0.626581
vt 0.300044 0.626570
vt 0.299687 0.628209
vt 0.299719 0.626560
vt 0.299687 0.628639
vt 0.299330 0.626549
vt 0.299309 0.628209
vt 0.299309 0.628639
vt 0.046804 0.001992
vt 0.046688 0.001845
vt 0.046982 0.001561
vt 0.047024 0.001803
vt 0.046751 0.002171
vt 0.046562 0.002192
vt 0.298963 0.628608
vt 0.298973 0.628188
vt 0.046751 0.003483
vt 0.046562 0.003504
vt 0.297671 0.628198
vt 0.297671 0.628618
vt 0.298983 0.626528
vt 0.297681 0.626549
vt 0.295654 0.628188
vt 0.295654 0.626539
vt 0.295654 0.628618
vt 0.294845 0.626539
vt 0.294845 0.628188
vt 0.294845 0.628618
vt 0.294247 0.628188
vt 0.294247 0.626539
vt 0.294247 0.628618
vt 0.046562 0.006330
vt 0.046562 0.005521
vt 0.046751 0.005489
vt 0.046751 0.006298
vt 0.046751 0.006897
vt 0.046562 0.006928
vt 0.046751 0.007495
vt 0.046562 0.007537
vt 0.293638 0.628188
vt 0.293638 0.628618
vt 0.046751 0.008388
vt 0.046562 0.008420
vt 0.292755 0.628618
vt 0.292755 0.628188
vt 0.293638 0.626539
vt 0.292755 0.626539
vt 0.289731 0.628618
vt 0.289720 0.628198
vt 0.289720 0.626549
vt 0.292755 0.626108
vt 0.293638 0.626108
vt 0.289720 0.626119
vt 0.289258 0.626549
vt 0.289258 0.626119
vt 0.289269 0.628198
vt 0.288449 0.628209
vt 0.288439 0.626549
vt 0.288439 0.626129
vt 0.289269 0.628629
vt 0.288460 0.628629
vt 0.046751 0.011885
vt 0.046751 0.012705
vt 0.046562 0.012715
vt 0.046562 0.011906
vt 0.046751 0.011423
vt 0.046562 0.011455
vt 0.047024 0.011339
vt 0.047024 0.011801
vt 0.047024 0.008294
vt 0.047024 0.007411
vt 0.047360 0.008178
vt 0.047350 0.011182
vt 0.047360 0.007296
vt 0.047024 0.006813
vt 0.047360 0.006697
vt 0.047854 0.006519
vt 0.047854 0.007117
vt 0.047854 0.007968
vt 0.048400 0.006928
vt 0.048400 0.007758
vt 0.048400 0.006340
vt 0.048400 0.010331
vt 0.047854 0.010751
vt 0.049125 0.007527
vt 0.049125 0.010037
vt 0.049125 0.006708
vt 0.049923 0.009795
vt 0.049923 0.007285
vt 0.049923 0.006466
vt 0.049923 0.005868
vt 0.049114 0.006099
vt 0.049923 0.005269
vt 0.049114 0.005510
vt 0.048400 0.005741
vt 0.047854 0.005920
vt 0.048400 0.004954
vt 0.049114 0.004723
vt 0.047854 0.005122
vt 0.047350 0.006088
vt 0.047350 0.005290
vt 0.047024 0.006204
vt 0.047024 0.005405
vt 0.047024 0.003399
vt 0.047350 0.003294
vt 0.047024 0.002087
vt 0.047350 0.001992
vt 0.047854 0.003147
vt 0.047843 0.001835
vt 0.048390 0.001667
vt 0.048390 0.002969
vt 0.049104 0.001425
vt 0.049114 0.002748
vt 0.049912 0.001173
vt 0.049912 0.002486
vt 0.049923 0.004481
vt 0.050732 0.002244
vt 0.050732 0.004229
vt 0.050732 0.005027
vt 0.050732 0.005615
vt 0.051414 0.004009
vt 0.051425 0.004807
vt 0.051425 0.005405
vt 0.051425 0.005994
vt 0.050732 0.006204
vt 0.051425 0.006823
vt 0.050732 0.007033
vt 0.050742 0.009554
vt 0.051425 0.009333
vt 0.051918 0.006687
vt 0.051918 0.009186
vt 0.051908 0.005857
vt 0.052202 0.006603
vt 0.052202 0.009102
vt 0.052202 0.005762
vt 0.051908 0.005258
vt 0.052391 0.005741
vt 0.052391 0.006571
vt 0.310673 0.628524
vt 0.311503 0.628555
vt 0.311482 0.628986
vt 0.310662 0.628954
vt 0.310746 0.626875
vt 0.311566 0.626906
vt 0.313992 0.629091
vt 0.314013 0.628660
vt 0.314086 0.627011
vt 0.314622 0.627032
vt 0.314559 0.628681
vt 0.315735 0.628734
vt 0.315798 0.627085
vt 0.315819 0.626665
vt 0.315830 0.626486
vt 0.317037 0.626539
vt 0.317027 0.626717
vt 0.317006 0.627137
vt 0.317636 0.627169
vt 0.317657 0.626738
vt 0.317668 0.626570
vt 0.316932 0.628786
vt 0.317563 0.628818
vt 0.318140 0.628839
vt 0.318214 0.627190
vt 0.318235 0.626770
vt 0.319264 0.626812
vt 0.318235 0.626591
vt 0.319275 0.626644
vt 0.700991 0.015007
vt 0.701002 0.013956
vt 0.701128 0.013956
vt 0.701128 0.015007
vt 0.701002 0.013388
vt 0.701128 0.013388
vt 0.701338 0.013924
vt 0.701338 0.014975
vt 0.701338 0.013346
vt 0.701002 0.012757
vt 0.701128 0.012757
vt 0.701338 0.012726
vt 0.701685 0.013819
vt 0.702084 0.013672
vt 0.701675 0.014870
vt 0.702084 0.014744
vt 0.702494 0.013514
vt 0.702494 0.014618
vt 0.702852 0.013409
vt 0.702841 0.014513
vt 0.702494 0.015868
vt 0.702084 0.016005
vt 0.702841 0.015784
vt 0.702841 0.016972
vt 0.702484 0.017056
vt 0.702074 0.017182
vt 0.702484 0.018254
vt 0.702074 0.018391
vt 0.702831 0.018160
vt 0.702473 0.019578
vt 0.702063 0.019726
vt 0.702831 0.019452
vt 0.703051 0.018128
vt 0.703041 0.019431
vt 0.703051 0.016940
vt 0.703167 0.018128
vt 0.703167 0.019431
vt 0.703167 0.016940
vt 0.703156 0.020514
vt 0.703041 0.020514
vt 0.702820 0.020556
vt 0.703135 0.021123
vt 0.703020 0.021113
vt 0.702810 0.021144
vt 0.703114 0.021460
vt 0.702978 0.021439
vt 0.702778 0.021460
vt 0.702463 0.020682
vt 0.702452 0.021270
vt 0.702431 0.021586
vt 0.702725 0.021754
vt 0.702925 0.021743
vt 0.702400 0.021849
vt 0.702042 0.021996
vt 0.702042 0.021743
vt 0.702053 0.021439
vt 0.701685 0.021891
vt 0.701727 0.022132
vt 0.701664 0.021617
vt 0.702042 0.022216
vt 0.701759 0.022321
vt 0.702358 0.022090
vt 0.701538 0.022416
vt 0.701454 0.022237
vt 0.701380 0.022027
vt 0.701391 0.022511
vt 0.701286 0.022332
vt 0.701191 0.022101
vt 0.701159 0.022395
vt 0.701075 0.022132
vt 0.701307 0.022605
vt 0.701338 0.021754
vt 0.701138 0.021817
vt 0.701023 0.021838
vt 0.326395 0.627169
vt 0.326406 0.626990
vt 0.326689 0.627011
vt 0.326679 0.627180
vt 0.326080 0.627148
vt 0.326091 0.626980
vt 0.700991 0.021228
vt 0.701117 0.021218
vt 0.325471 0.627117
vt 0.325482 0.626948
vt 0.324295 0.627064
vt 0.324305 0.626885
vt 0.322919 0.626822
vt 0.322919 0.626990
vt 0.321690 0.626759
vt 0.321690 0.626927
vt 0.320514 0.626696
vt 0.320503 0.626875
vt 0.700991 0.016247
vt 0.701117 0.016247
vt 0.700991 0.017424
vt 0.701117 0.017424
vt 0.701338 0.016226
vt 0.701328 0.017392
vt 0.701675 0.016131
vt 0.701675 0.017298
vt 0.701328 0.018633
vt 0.701117 0.018654
vt 0.701664 0.018527
vt 0.701328 0.019999
vt 0.701664 0.019883
vt 0.701328 0.021165
vt 0.701653 0.021029
vt 0.702053 0.020850
vt 0.701117 0.020041
vt 0.700981 0.020041
vt 0.700981 0.018654
vt 0.326931 0.627200
vt 0.326931 0.627022
vt 0.327162 0.627032
vt 0.327151 0.627211
vt 0.327372 0.627221
vt 0.327372 0.627043
vt 0.327603 0.627053
vt 0.327593 0.627232
vt 0.327845 0.627243
vt 0.327845 0.627064
vt 0.328139 0.627085
vt 0.328128 0.627253
vt 0.328433 0.627274
vt 0.328443 0.627095
vt 0.328737 0.627106
vt 0.328727 0.627284
vt 0.329031 0.627295
vt 0.329031 0.627127
vt 0.329347 0.627137
vt 0.329336 0.627316
vt 0.329672 0.627327
vt 0.329672 0.627148
vt 0.330019 0.627169
vt 0.330008 0.627348
vt 0.330617 0.627369
vt 0.330628 0.627200
vt 0.331720 0.627253
vt 0.331720 0.627421
vt 0.333012 0.627484
vt 0.333022 0.627316
vt 0.334199 0.627369
vt 0.334199 0.627547
vt 0.335375 0.627600
vt 0.335386 0.627421
vt 0.336656 0.627484
vt 0.336646 0.627663
vt 0.337738 0.627715
vt 0.337749 0.627537
vt 0.338326 0.627747
vt 0.338337 0.627568
vt 0.703177 0.012800
vt 0.703177 0.013399
vt 0.703062 0.013378
vt 0.703062 0.012747
vt 0.703177 0.014481
vt 0.703051 0.014481
vt 0.703177 0.015753
vt 0.703051 0.015753
vt 0.703282 0.012495
vt 0.703566 0.012337
vt 0.338641 0.627589
vt 0.338620 0.627757
vt 0.246061 0.627705
vt 0.246029 0.627537
vt 0.246355 0.627505
vt 0.246376 0.627684
vt 0.246870 0.627474
vt 0.246880 0.627652
vt 0.247636 0.627432
vt 0.247636 0.627600
vt 0.248424 0.627558
vt 0.248413 0.627379
vt 0.249012 0.627516
vt 0.249002 0.627348
vt 0.249516 0.627484
vt 0.249506 0.627316
vt 0.250031 0.627284
vt 0.250041 0.627453
vt 0.250693 0.627243
vt 0.250703 0.627421
vt 0.251638 0.627358
vt 0.251638 0.627190
vt 0.252783 0.627295
vt 0.252783 0.627117
vt 0.254095 0.627043
vt 0.254095 0.627221
vt 0.255534 0.627148
vt 0.255524 0.626969
vt 0.703041 0.021785
vt 0.702946 0.022069
vt 0.702831 0.022017
vt 0.702652 0.022006
vt 0.702799 0.022321
vt 0.702704 0.022248
vt 0.702547 0.022227
vt 0.702610 0.022542
vt 0.702526 0.022437
vt 0.702442 0.022374
vt 0.702295 0.022290
vt 0.702263 0.022458
vt 0.702305 0.022605
vt 0.702042 0.022553
vt 0.702042 0.022395
vt 0.702063 0.022700
vt 0.702347 0.022710
vt 0.702095 0.022836
vt 0.701864 0.022868
vt 0.701864 0.022731
vt 0.701853 0.022595
vt 0.701643 0.022847
vt 0.701685 0.022710
vt 0.701727 0.022616
vt 0.701811 0.022458
vt 0.701643 0.022532
vt 0.701538 0.022637
vt 0.701464 0.022742
vt 0.318119 0.629269
vt 0.317542 0.629238
vt 0.052191 0.013251
vt 0.052191 0.012673
vt 0.052381 0.012652
vt 0.052381 0.013230
vt 0.051908 0.013314
vt 0.051908 0.012736
vt 0.052191 0.012043
vt 0.052391 0.012022
vt 0.051908 0.012106
vt 0.051425 0.012852
vt 0.051425 0.012222
vt 0.051414 0.013419
vt 0.050732 0.013597
vt 0.050732 0.013030
vt 0.050732 0.012400
vt 0.049923 0.013240
vt 0.049923 0.012621
vt 0.049912 0.013807
vt 0.049114 0.013440
vt 0.049114 0.012841
vt 0.049114 0.014007
vt 0.049912 0.014837
vt 0.050732 0.014637
vt 0.049104 0.015036
vt 0.048390 0.015204
vt 0.048390 0.014196
vt 0.048390 0.013629
vt 0.047843 0.015330
vt 0.047843 0.014333
vt 0.047843 0.013765
vt 0.048400 0.013041
vt 0.047854 0.013209
vt 0.047350 0.013902
vt 0.047350 0.013377
vt 0.047350 0.014459
vt 0.047024 0.013965
vt 0.047024 0.013461
vt 0.047014 0.014532
vt 0.047339 0.015456
vt 0.047014 0.015519
vt 0.046741 0.014595
vt 0.046741 0.014028
vt 0.046741 0.015572
vt 0.046730 0.016748
vt 0.047003 0.016706
vt 0.047329 0.016643
vt 0.046720 0.017872
vt 0.046993 0.017819
vt 0.047318 0.017756
vt 0.046709 0.019027
vt 0.047822 0.017662
vt 0.047833 0.016528
vt 0.048369 0.017536
vt 0.048379 0.016412
vt 0.046688 0.020340
vt 0.046499 0.020350
vt 0.046520 0.019038
vt 0.046531 0.017882
vt 0.282127 0.628272
vt 0.283282 0.628261
vt 0.283293 0.628681
vt 0.282127 0.628702
vt 0.280793 0.628293
vt 0.280804 0.628723
vt 0.282095 0.626623
vt 0.283261 0.626602
vt 0.282095 0.626192
vt 0.283251 0.626182
vt 0.284395 0.628240
vt 0.284374 0.626591
vt 0.284364 0.626161
vt 0.283251 0.626003
vt 0.284364 0.625993
vt 0.282085 0.626024
vt 0.285551 0.626581
vt 0.285540 0.626150
vt 0.285540 0.625972
vt 0.695295 0.016362
vt 0.695295 0.017529
vt 0.695137 0.017529
vt 0.695137 0.016362
vt 0.695295 0.018643
vt 0.695137 0.018643
vt 0.694959 0.017529
vt 0.694959 0.016362
vt 0.694959 0.018643
vt 0.695295 0.019820
vt 0.695137 0.019820
vt 0.694959 0.019820
vt 0.694770 0.019820
vt 0.694770 0.018643
vt 0.694770 0.017529
vt 0.694633 0.019820
vt 0.694633 0.018643
vt 0.694633 0.017529
vt 0.694770 0.016362
vt 0.694633 0.016362
vt 0.105841 0.481528
vt 0.105841 0.481612
vt 0.104664 0.481528
vt 0.104674 0.481433
vt 0.106944 0.481612
vt 0.106944 0.481706
vt 0.105820 0.481801
vt 0.104643 0.481717
vt 0.106923 0.481895
vt 0.108110 0.481790
vt 0.108099 0.481979
vt 0.108110 0.481706
vt 0.109349 0.482830
vt 0.108036 0.482725
vt 0.106881 0.482631
vt 0.108015 0.482925
vt 0.109328 0.483019
vt 0.106860 0.482830
vt 0.108015 0.483040
vt 0.106849 0.482956
vt 0.109318 0.483145
vt 0.105746 0.482736
vt 0.105757 0.482547
vt 0.105736 0.482862
vt 0.104569 0.482641
vt 0.104580 0.482452
vt 0.104559 0.482757
vt 0.655445 0.102434
vt 0.655445 0.103611
vt 0.655167 0.103611
vt 0.655167 0.102434
vt 0.655445 0.104721
vt 0.655167 0.104721
vt 0.654797 0.103611
vt 0.654797 0.102434
vt 0.654797 0.104721
vt 0.654797 0.101441
vt 0.655167 0.101441
vt 0.655445 0.101441
vt 0.654797 0.100882
vt 0.655167 0.100882
vt 0.655445 0.100882
vt 0.654797 0.100376
vt 0.655167 0.100414
vt 0.655445 0.100443
vt 0.103582 0.482557
vt 0.103571 0.482683
vt 0.103015 0.482641
vt 0.103025 0.482526
vt 0.102573 0.482599
vt 0.102594 0.482484
vt 0.101953 0.482547
vt 0.101995 0.482431
vt 0.655445 0.099810
vt 0.655167 0.099695
vt 0.101407 0.482505
vt 0.101470 0.482389
vt 0.655494 0.099254
vt 0.655244 0.099047
vt 0.654797 0.099542
vt 0.654912 0.098772
vt 0.655051 0.098582
vt 0.655335 0.098895
vt 0.655548 0.099131
vt 0.655258 0.098458
vt 0.655502 0.098810
vt 0.655642 0.099045
vt 0.655816 0.099012
vt 0.655734 0.098744
vt 0.655625 0.098389
vt 0.101302 0.482515
vt 0.101197 0.482515
vt 0.101208 0.482358
vt 0.101323 0.482379
vt 0.101050 0.482463
vt 0.101071 0.482347
vt 0.100871 0.482442
vt 0.100892 0.482326
vt 0.655991 0.098964
vt 0.655929 0.098693
vt 0.100619 0.482410
vt 0.100640 0.482294
vt 0.656161 0.098622
vt 0.656244 0.098888
vt 0.655803 0.098356
vt 0.656051 0.098282
vt 0.657139 0.097895
vt 0.657258 0.098245
vt 0.657349 0.098508
vt 0.660072 0.096853
vt 0.660195 0.097201
vt 0.660287 0.097464
vt 0.663057 0.095794
vt 0.663179 0.096143
vt 0.663271 0.096406
vt 0.099464 0.482158
vt 0.099453 0.482284
vt 0.096354 0.481948
vt 0.096364 0.481822
vt 0.093213 0.481591
vt 0.093223 0.481475
vt 0.091899 0.481443
vt 0.091910 0.481328
vt 0.664513 0.095969
vt 0.664420 0.095707
vt 0.091500 0.481401
vt 0.091511 0.481286
vt 0.664891 0.095836
vt 0.664794 0.095576
vt 0.664296 0.095359
vt 0.664664 0.095230
vt 0.665037 0.095087
vt 0.665176 0.095430
vt 0.665281 0.095687
vt 0.665415 0.094927
vt 0.665568 0.095263
vt 0.665684 0.095516
vt 0.091080 0.481349
vt 0.091101 0.481223
vt 0.090639 0.481317
vt 0.090649 0.481181
vt 0.090187 0.481265
vt 0.090198 0.481139
vt 0.666098 0.095317
vt 0.665971 0.095069
vt 0.089693 0.481202
vt 0.089704 0.481086
vt 0.666533 0.095079
vt 0.666389 0.094840
vt 0.665802 0.094741
vt 0.666199 0.094524
vt 0.666608 0.094269
vt 0.666829 0.094566
vt 0.666995 0.094790
vt 0.666995 0.093965
vt 0.667258 0.094225
vt 0.667455 0.094420
vt 0.089136 0.481149
vt 0.089147 0.481034
vt 0.088548 0.481107
vt 0.088559 0.480981
vt 0.087886 0.481044
vt 0.087886 0.480929
vt 0.667883 0.093936
vt 0.667643 0.093792
vt 0.087224 0.480992
vt 0.087224 0.480876
vt 0.668175 0.093359
vt 0.667902 0.093287
vt 0.667325 0.093600
vt 0.667540 0.093191
vt 0.667583 0.092753
vt 0.667952 0.092727
vt 0.668230 0.092708
vt 0.667449 0.092305
vt 0.667790 0.092159
vt 0.668048 0.092050
vt 0.086552 0.480950
vt 0.086563 0.480834
vt 0.085838 0.480929
vt 0.085848 0.480803
vt 0.085102 0.480908
vt 0.085113 0.480782
vt 0.667630 0.091452
vt 0.667415 0.091629
vt 0.084272 0.480887
vt 0.084272 0.480761
vt 0.667006 0.090929
vt 0.666838 0.091151
vt 0.667128 0.091864
vt 0.666616 0.091447
vt 0.665905 0.091072
vt 0.666074 0.090742
vt 0.666202 0.090495
vt 0.665023 0.090734
vt 0.665151 0.090387
vt 0.665247 0.090126
vt 0.083358 0.480866
vt 0.083358 0.480740
vt 0.082318 0.480855
vt 0.082329 0.480729
vt 0.081184 0.480855
vt 0.081184 0.480729
vt 0.664170 0.089803
vt 0.664096 0.090071
vt 0.080017 0.480855
vt 0.080017 0.480729
vt 0.663033 0.089537
vt 0.662978 0.089810
vt 0.663999 0.090428
vt 0.662905 0.090172
vt 0.661811 0.089986
vt 0.661862 0.089620
vt 0.661900 0.089344
vt 0.660822 0.089870
vt 0.660859 0.089501
vt 0.660887 0.089224
vt 0.078872 0.480855
vt 0.078872 0.480729
vt 0.077843 0.480855
vt 0.077843 0.480729
vt 0.077065 0.480866
vt 0.077065 0.480740
vt 0.660112 0.089176
vt 0.660081 0.089454
vt 0.076414 0.480866
vt 0.076414 0.480740
vt 0.659462 0.089089
vt 0.659420 0.089365
vt 0.660039 0.089823
vt 0.659354 0.089731
vt 0.658114 0.089448
vt 0.658209 0.089082
vt 0.658259 0.088807
vt 0.657338 0.089236
vt 0.657433 0.088882
vt 0.657489 0.088610
vt 0.656683 0.088394
vt 0.656614 0.088664
vt 0.656514 0.089020
vt 0.074397 0.480855
vt 0.074386 0.480729
vt 0.075174 0.480729
vt 0.075174 0.480855
vt 0.073557 0.480855
vt 0.073557 0.480729
vt 0.072979 0.480855
vt 0.072979 0.480729
vt 0.656125 0.088238
vt 0.656050 0.088506
vt 0.072621 0.480855
vt 0.072632 0.480729
vt 0.655715 0.088406
vt 0.655782 0.088142
vt 0.655605 0.088764
vt 0.655951 0.088862
vt 0.655259 0.088667
vt 0.655361 0.088312
vt 0.655439 0.088045
vt 0.654537 0.088066
vt 0.654619 0.087800
vt 0.654428 0.088419
vt 0.072264 0.480729
vt 0.072264 0.480855
vt 0.071413 0.480845
vt 0.071413 0.480729
vt 0.071098 0.480845
vt 0.071098 0.480729
vt 0.654310 0.087702
vt 0.654226 0.087968
vt 0.070552 0.480845
vt 0.070552 0.480729
vt 0.653803 0.087541
vt 0.653719 0.087807
vt 0.654115 0.088320
vt 0.653607 0.088159
vt 0.653067 0.087987
vt 0.653179 0.087635
vt 0.653263 0.087370
vt 0.652348 0.087759
vt 0.652460 0.087407
vt 0.652545 0.087142
vt 0.651541 0.087503
vt 0.651653 0.087150
vt 0.651737 0.086885
vt 0.069985 0.480729
vt 0.069985 0.480845
vt 0.069228 0.480845
vt 0.069228 0.480729
vt 0.068388 0.480834
vt 0.068388 0.480719
vt 0.067537 0.480834
vt 0.067537 0.480719
vt 0.650929 0.086629
vt 0.650845 0.086894
vt 0.066780 0.480834
vt 0.066780 0.480729
vt 0.650205 0.086399
vt 0.650132 0.086668
vt 0.650733 0.087246
vt 0.650035 0.087024
vt 0.649556 0.086872
vt 0.649608 0.086501
vt 0.649648 0.086222
vt 0.649069 0.086796
vt 0.649083 0.086431
vt 0.649083 0.086148
vt 0.066181 0.480834
vt 0.066181 0.480719
vt 0.065604 0.480845
vt 0.065604 0.480729
vt 0.065257 0.480855
vt 0.065267 0.480729
vt 0.648759 0.086224
vt 0.648818 0.086496
vt 0.064910 0.480855
vt 0.064910 0.480729
vt 0.648438 0.086333
vt 0.648531 0.086595
vt 0.648907 0.086854
vt 0.648655 0.086943
vt 0.648402 0.087033
vt 0.648279 0.086684
vt 0.648186 0.086422
vt 0.648240 0.087090
vt 0.648116 0.086742
vt 0.648023 0.086480
vt 0.647970 0.087187
vt 0.647845 0.086839
vt 0.647751 0.086577
vt 0.064637 0.480740
vt 0.064637 0.480866
vt 0.064469 0.480866
vt 0.064469 0.480740
vt 0.064185 0.480866
vt 0.064175 0.480740
vt 0.063566 0.480876
vt 0.063555 0.480750
vt 0.647259 0.087050
vt 0.647165 0.086788
vt 0.063103 0.480887
vt 0.063103 0.480761
vt 0.646745 0.086938
vt 0.646839 0.087200
vt 0.647383 0.087397
vt 0.646964 0.087548
vt 0.646569 0.087690
vt 0.646445 0.087342
vt 0.646351 0.087080
vt 0.646117 0.087852
vt 0.645992 0.087504
vt 0.645898 0.087242
vt 0.062683 0.480897
vt 0.062683 0.480771
vt 0.062221 0.480908
vt 0.062210 0.480782
vt 0.061580 0.480918
vt 0.061580 0.480792
vt 0.645304 0.087456
vt 0.645398 0.087718
vt 0.060866 0.480939
vt 0.060866 0.480813
vt 0.644637 0.087695
vt 0.644731 0.087957
vt 0.645523 0.088065
vt 0.644856 0.088305
vt 0.644187 0.088545
vt 0.644062 0.088197
vt 0.643968 0.087936
vt 0.643533 0.088780
vt 0.643408 0.088432
vt 0.643314 0.088170
vt 0.060172 0.480939
vt 0.060162 0.480824
vt 0.059458 0.480950
vt 0.059458 0.480845
vt 0.058817 0.480971
vt 0.058817 0.480855
vt 0.642695 0.088393
vt 0.642789 0.088655
vt 0.058187 0.480981
vt 0.058187 0.480866
vt 0.642113 0.088602
vt 0.642207 0.088864
vt 0.642914 0.089002
vt 0.642332 0.089211
vt 0.641790 0.089406
vt 0.641665 0.089058
vt 0.641571 0.088796
vt 0.641284 0.089587
vt 0.641160 0.089240
vt 0.641065 0.088978
vt 0.057619 0.480992
vt 0.057619 0.480876
vt 0.057084 0.481002
vt 0.057073 0.480887
vt 0.056579 0.481013
vt 0.056569 0.480897
vt 0.640593 0.089147
vt 0.640687 0.089409
vt 0.055917 0.481034
vt 0.055917 0.480918
vt 0.639970 0.089371
vt 0.640064 0.089633
vt 0.640812 0.089757
vt 0.640189 0.089981
vt 0.639232 0.090324
vt 0.639107 0.089977
vt 0.639013 0.089715
vt 0.638108 0.090728
vt 0.637982 0.090381
vt 0.637888 0.090119
vt 0.054898 0.481055
vt 0.054888 0.480939
vt 0.053701 0.481076
vt 0.053690 0.480950
vt 0.052514 0.481107
vt 0.052503 0.480981
vt 0.636761 0.090523
vt 0.636857 0.090785
vt 0.051526 0.481128
vt 0.051515 0.481002
vt 0.635835 0.090858
vt 0.635933 0.091118
vt 0.636984 0.091132
vt 0.636064 0.091464
vt 0.635552 0.091653
vt 0.635415 0.091310
vt 0.635311 0.091052
vt 0.635246 0.091778
vt 0.635097 0.091439
vt 0.634986 0.091185
vt 0.050969 0.481139
vt 0.050969 0.481013
vt 0.050612 0.481139
vt 0.050601 0.481023
vt 0.050234 0.481149
vt 0.050234 0.481034
vt 0.634654 0.091335
vt 0.634778 0.091584
vt 0.049856 0.481170
vt 0.049856 0.481055
vt 0.634320 0.091512
vt 0.634460 0.091752
vt 0.634944 0.091915
vt 0.634647 0.092071
vt 0.634356 0.092253
vt 0.634145 0.091950
vt 0.633986 0.091722
vt 0.634075 0.092467
vt 0.633834 0.092188
vt 0.633653 0.091977
vt 0.049467 0.481181
vt 0.049456 0.481065
vt 0.049026 0.481202
vt 0.049026 0.481086
vt 0.048584 0.481223
vt 0.048574 0.481107
vt 0.633322 0.092287
vt 0.633529 0.092473
vt 0.048080 0.481254
vt 0.048080 0.481128
vt 0.633020 0.092666
vt 0.633255 0.092814
vt 0.633804 0.092720
vt 0.633567 0.093011
vt 0.633388 0.093339
vt 0.633038 0.093219
vt 0.632774 0.093128
vt 0.633299 0.093696
vt 0.632927 0.093670
vt 0.632647 0.093651
vt 0.047544 0.481286
vt 0.047534 0.481149
vt 0.046998 0.481328
vt 0.046988 0.481191
vt 0.046410 0.481359
vt 0.046399 0.481244
vt 0.632702 0.094214
vt 0.632974 0.094152
vt 0.045779 0.481412
vt 0.045779 0.481296
vt 0.632941 0.094771
vt 0.633185 0.094635
vt 0.633334 0.094070
vt 0.633508 0.094453
vt 0.633838 0.094835
vt 0.633568 0.095089
vt 0.633366 0.095281
vt 0.634339 0.095208
vt 0.634126 0.095510
vt 0.633965 0.095738
vt 0.045107 0.481486
vt 0.045107 0.481359
vt 0.044340 0.481559
vt 0.044340 0.481443
vt 0.043479 0.481654
vt 0.043468 0.481538
vt 0.634730 0.096139
vt 0.634859 0.095891
vt 0.042638 0.481748
vt 0.042628 0.481633
vt 0.635500 0.096464
vt 0.635605 0.096206
vt 0.635029 0.095563
vt 0.635743 0.095864
vt 0.636320 0.096079
vt 0.636203 0.096429
vt 0.636114 0.096693
vt 0.636832 0.096238
vt 0.636729 0.096593
vt 0.636652 0.096861
vt 0.041987 0.481822
vt 0.041976 0.481717
vt 0.041419 0.481895
vt 0.041409 0.481769
vt 0.040863 0.481958
vt 0.040852 0.481843
vt 0.637196 0.097004
vt 0.637262 0.096734
vt 0.040316 0.482021
vt 0.040306 0.481906
vt 0.637736 0.097123
vt 0.637792 0.096851
vt 0.637350 0.096375
vt 0.637866 0.096489
vt 0.638372 0.096582
vt 0.638308 0.096946
vt 0.638259 0.097220
vt 0.638890 0.096664
vt 0.638834 0.097030
vt 0.638792 0.097305
vt 0.039770 0.482095
vt 0.039760 0.481969
vt 0.039245 0.482147
vt 0.039224 0.482032
vt 0.038677 0.482210
vt 0.038656 0.482095
vt 0.639359 0.097388
vt 0.639394 0.097112
vt 0.038152 0.482263
vt 0.038152 0.482137
vt 0.639872 0.097455
vt 0.639933 0.097180
vt 0.639441 0.096746
vt 0.640014 0.096815
vt 0.640599 0.096862
vt 0.640396 0.097220
vt 0.640243 0.097490
vt 0.641042 0.097076
vt 0.640714 0.097383
vt 0.640467 0.097614
vt 0.037806 0.482326
vt 0.037806 0.482189
vt 0.037585 0.482347
vt 0.037564 0.482210
vt 0.037280 0.482358
vt 0.037259 0.482231
vt 0.640604 0.097929
vt 0.640882 0.097799
vt 0.036955 0.482368
vt 0.036902 0.482263
vt 0.640895 0.098147
vt 0.640615 0.098278
vt 0.641190 0.097646
vt 0.641181 0.098040
vt 0.641130 0.100295
vt 0.640760 0.100270
vt 0.640481 0.100251
vt 0.640948 0.101572
vt 0.640577 0.101550
vt 0.640297 0.101534
vt 0.640807 0.103001
vt 0.640436 0.103001
vt 0.640157 0.103001
vt 0.034969 0.482400
vt 0.034979 0.482526
vt 0.033698 0.482610
vt 0.033677 0.482494
vt 0.032216 0.482725
vt 0.032206 0.482599
vt 0.030662 0.482841
vt 0.030651 0.482715
vt 0.640226 0.104553
vt 0.640502 0.104518
vt 0.029128 0.482967
vt 0.029107 0.482851
vt 0.640502 0.106052
vt 0.640770 0.105975
vt 0.640869 0.104473
vt 0.641125 0.105872
vt 0.641568 0.107083
vt 0.641235 0.107243
vt 0.640984 0.107364
vt 0.642084 0.108035
vt 0.641780 0.108245
vt 0.641550 0.108404
vt 0.027731 0.483093
vt 0.027720 0.482967
vt 0.026543 0.483208
vt 0.026522 0.483093
vt 0.025671 0.483293
vt 0.025661 0.483166
vt 0.642079 0.109091
vt 0.642285 0.108903
vt 0.024947 0.483366
vt 0.024936 0.483250
vt 0.642606 0.109579
vt 0.642789 0.109370
vt 0.642559 0.108654
vt 0.643031 0.109092
vt 0.643541 0.109496
vt 0.643327 0.109798
vt 0.643167 0.110025
vt 0.644146 0.109878
vt 0.643959 0.110197
vt 0.643817 0.110438
vt 0.024232 0.483450
vt 0.024222 0.483335
vt 0.023465 0.483545
vt 0.023455 0.483419
vt 0.022572 0.483650
vt 0.022562 0.483534
vt 0.644615 0.110829
vt 0.644741 0.110580
vt 0.021658 0.483755
vt 0.021648 0.483639
vt 0.645464 0.111200
vt 0.645577 0.110946
vt 0.644908 0.110250
vt 0.645728 0.110608
vt 0.646510 0.110950
vt 0.646370 0.111292
vt 0.646266 0.111550
vt 0.647264 0.111258
vt 0.647134 0.111604
vt 0.647036 0.111865
vt 0.020786 0.483870
vt 0.020765 0.483755
vt 0.019956 0.483965
vt 0.019946 0.483849
vt 0.019158 0.484070
vt 0.019147 0.483944
vt 0.647790 0.112129
vt 0.647880 0.111866
vt 0.018307 0.484175
vt 0.018286 0.484059
vt 0.648603 0.112384
vt 0.648687 0.112118
vt 0.648000 0.111517
vt 0.648797 0.111766
vt 0.649733 0.112047
vt 0.649628 0.112402
vt 0.649550 0.112669
vt 0.650750 0.112340
vt 0.650650 0.112696
vt 0.650576 0.112964
vt 0.017330 0.484301
vt 0.017319 0.484185
vt 0.016269 0.484448
vt 0.016248 0.484322
vt 0.015187 0.484585
vt 0.015176 0.484469
vt 0.651627 0.113251
vt 0.651698 0.112982
vt 0.014231 0.484721
vt 0.014210 0.484595
vt 0.652575 0.113496
vt 0.652641 0.113225
vt 0.651791 0.112624
vt 0.652729 0.112866
vt 0.653435 0.113034
vt 0.653352 0.113394
vt 0.653289 0.113665
vt 0.654051 0.113169
vt 0.654027 0.113542
vt 0.654009 0.113823
vt 0.013485 0.484816
vt 0.013464 0.484700
vt 0.012760 0.484921
vt 0.012728 0.484795
vt 0.012077 0.484994
vt 0.012014 0.484889
vt 0.654665 0.113966
vt 0.654556 0.113658
vt 0.011489 0.485099
vt 0.011405 0.484973
vt 0.655249 0.113893
vt 0.655014 0.113600
vt 0.654411 0.113248
vt 0.654700 0.113211
vt 0.655445 0.113334
vt 0.655166 0.113161
vt 0.654797 0.112932
vt 0.654797 0.112581
vt 0.655166 0.112639
vt 0.654797 0.111397
vt 0.655167 0.111397
vt 0.654797 0.108761
vt 0.655167 0.108761
vt 0.654797 0.107212
vt 0.655167 0.107212
vt 0.654797 0.105883
vt 0.655167 0.105883
vt 0.655445 0.105883
vt 0.655445 0.107212
vt 0.655445 0.108761
vt 0.110883 0.483145
vt 0.110873 0.483261
vt 0.113520 0.483345
vt 0.113510 0.483461
vt 0.655445 0.111397
vt 0.655445 0.112682
vt 0.114812 0.483440
vt 0.114781 0.483555
vt 0.114823 0.483250
vt 0.113531 0.483156
vt 0.110904 0.482956
vt 0.115516 0.483303
vt 0.115495 0.483492
vt 0.116147 0.483356
vt 0.116126 0.483555
vt 0.116210 0.482610
vt 0.116042 0.483681
vt 0.115443 0.483608
vt 0.011373 0.484784
vt 0.011993 0.484700
vt 0.012707 0.484606
vt 0.013443 0.484511
vt 0.014178 0.484406
vt 0.015145 0.484270
vt 0.016237 0.484133
vt 0.017288 0.483996
vt 0.018265 0.483870
vt 0.019116 0.483755
vt 0.019904 0.483660
vt 0.020744 0.483555
vt 0.021616 0.483450
vt 0.022530 0.483345
vt 0.023434 0.483229
vt 0.024190 0.483145
vt 0.024915 0.483061
vt 0.025640 0.482977
vt 0.026512 0.482904
vt 0.027699 0.482767
vt 0.029096 0.482652
vt 0.030630 0.482526
vt 0.032185 0.482400
vt 0.033666 0.482305
vt 0.034958 0.482210
vt 0.036881 0.482074
vt 0.037238 0.482042
vt 0.037553 0.482021
vt 0.037774 0.482000
vt 0.038121 0.481958
vt 0.038635 0.481906
vt 0.039203 0.481843
vt 0.039749 0.481780
vt 0.040285 0.481717
vt 0.040190 0.480971
vt 0.040747 0.480908
vt 0.040831 0.481654
vt 0.040726 0.480719
vt 0.040716 0.480624
vt 0.041283 0.480645
vt 0.041304 0.480834
vt 0.041262 0.480551
vt 0.041850 0.480582
vt 0.041871 0.480771
vt 0.041840 0.480498
vt 0.713561 0.010866
vt 0.713519 0.010729
vt 0.714055 0.010561
vt 0.714097 0.010698
vt 0.713015 0.011023
vt 0.712973 0.010876
vt 0.042491 0.480414
vt 0.042502 0.480509
vt 0.714665 0.010340
vt 0.714728 0.010466
vt 0.714591 0.010172
vt 0.713992 0.010393
vt 0.713467 0.010550
vt 0.713939 0.010214
vt 0.714539 0.010004
vt 0.713414 0.010372
vt 0.712941 0.010687
vt 0.712899 0.010508
vt 0.713372 0.010225
vt 0.713887 0.010067
vt 0.712857 0.010372
vt 0.712342 0.010477
vt 0.888290 0.188343
vt 0.888290 0.188521
vt 0.887744 0.188511
vt 0.887744 0.188343
vt 0.887219 0.188511
vt 0.887219 0.188332
vt 0.886684 0.188500
vt 0.886684 0.188332
vt 0.886064 0.188500
vt 0.886064 0.188322
vt 0.714465 0.009857
vt 0.885288 0.188490
vt 0.885288 0.188322
vt 0.715190 0.009562
vt 0.715264 0.009689
vt 0.715348 0.009857
vt 0.715884 0.009216
vt 0.715968 0.009331
vt 0.716073 0.009478
vt 0.716178 0.009626
vt 0.715421 0.010014
vt 0.716273 0.009741
vt 0.715495 0.010151
vt 0.044193 0.480225
vt 0.044214 0.480319
vt 0.043353 0.480403
vt 0.043342 0.480319
vt 0.042523 0.480698
vt 0.043374 0.480593
vt 0.044235 0.480509
vt 0.044991 0.480235
vt 0.045002 0.480424
vt 0.044981 0.480141
vt 0.045674 0.480162
vt 0.045685 0.480351
vt 0.045664 0.480078
vt 0.046315 0.480120
vt 0.046326 0.480309
vt 0.046305 0.480025
vt 0.717313 0.008753
vt 0.717187 0.008690
vt 0.717418 0.008154
vt 0.717555 0.008186
vt 0.716882 0.009279
vt 0.716767 0.009195
vt 0.046893 0.479973
vt 0.046903 0.480067
vt 0.717471 0.007618
vt 0.717607 0.007618
vt 0.717282 0.007629
vt 0.717240 0.008112
vt 0.717029 0.008596
vt 0.717061 0.008070
vt 0.717103 0.007639
vt 0.716861 0.008501
vt 0.716641 0.009047
vt 0.716514 0.008921
vt 0.716735 0.008427
vt 0.716914 0.008039
vt 0.716399 0.008816
vt 0.883366 0.188490
vt 0.883366 0.188311
vt 0.883881 0.188311
vt 0.883881 0.188490
vt 0.884500 0.188311
vt 0.884500 0.188490
vt 0.882946 0.188490
vt 0.882936 0.188311
vt 0.882568 0.188490
vt 0.882568 0.188322
vt 0.716956 0.007650
vt 0.882201 0.188500
vt 0.882201 0.188322
vt 0.716861 0.007271
vt 0.716998 0.007229
vt 0.717177 0.007177
vt 0.716683 0.006946
vt 0.716798 0.006861
vt 0.716966 0.006767
vt 0.717124 0.006662
vt 0.717355 0.007114
vt 0.717229 0.006599
vt 0.717481 0.007061
vt 0.048007 0.479920
vt 0.048017 0.480004
vt 0.047460 0.480036
vt 0.047460 0.479941
vt 0.046914 0.480256
vt 0.047471 0.480225
vt 0.048028 0.480193
vt 0.048521 0.479973
vt 0.048532 0.480162
vt 0.048511 0.479889
vt 0.048984 0.479952
vt 0.048994 0.480141
vt 0.048984 0.479868
vt 0.049414 0.479941
vt 0.049425 0.480130
vt 0.049414 0.479847
vt 0.716588 0.005895
vt 0.716504 0.006000
vt 0.716168 0.005747
vt 0.716262 0.005621
vt 0.716935 0.006210
vt 0.716819 0.006304
vt 0.049814 0.479836
vt 0.049814 0.479931
vt 0.715842 0.005537
vt 0.715915 0.005411
vt 0.715758 0.005695
vt 0.716062 0.005895
vt 0.716378 0.006136
vt 0.715957 0.006052
vt 0.715653 0.005853
vt 0.716262 0.006273
vt 0.716693 0.006420
vt 0.716556 0.006546
vt 0.716157 0.006389
vt 0.715873 0.006178
vt 0.716441 0.006641
vt 0.881078 0.188511
vt 0.881078 0.188332
vt 0.881445 0.188332
vt 0.881445 0.188500
vt 0.881813 0.188322
vt 0.881823 0.188500
vt 0.880721 0.188511
vt 0.880710 0.188343
vt 0.880364 0.188521
vt 0.880364 0.188343
vt 0.715579 0.005989
vt 0.880038 0.188521
vt 0.880038 0.188353
vt 0.715285 0.005831
vt 0.715358 0.005684
vt 0.715432 0.005527
vt 0.714980 0.005684
vt 0.715043 0.005548
vt 0.715117 0.005380
vt 0.715190 0.005201
vt 0.715516 0.005359
vt 0.715243 0.005085
vt 0.715579 0.005232
vt 0.050570 0.479815
vt 0.050570 0.479910
vt 0.050202 0.479920
vt 0.050202 0.479826
vt 0.049824 0.480120
vt 0.050213 0.480109
vt 0.050580 0.480099
vt 0.050938 0.479899
vt 0.050938 0.480088
vt 0.050927 0.479805
vt 0.051494 0.479878
vt 0.051494 0.480067
vt 0.051484 0.479784
vt 0.052482 0.479763
vt 0.052482 0.479857
vt 0.052482 0.480046
vt 0.053669 0.479826
vt 0.053669 0.480025
vt 0.053669 0.479731
vt 0.712342 0.004013
vt 0.712289 0.004150
vt 0.713467 0.004413
vt 0.713414 0.004549
vt 0.712226 0.004318
vt 0.713362 0.004728
vt 0.714339 0.004886
vt 0.714276 0.005054
vt 0.714381 0.004759
vt 0.714864 0.005075
vt 0.714801 0.005243
vt 0.714927 0.004949
vt 0.714738 0.005411
vt 0.714202 0.005222
vt 0.714675 0.005558
vt 0.714160 0.005369
vt 0.713235 0.005033
vt 0.713298 0.004896
vt 0.712111 0.004623
vt 0.712163 0.004486
vt 0.876648 0.188416
vt 0.876658 0.188595
vt 0.877855 0.188395
vt 0.877855 0.188563
vt 0.878831 0.188374
vt 0.878831 0.188553
vt 0.879377 0.188542
vt 0.879377 0.188364
vt 0.879703 0.188532
vt 0.879703 0.188353
vt 0.054888 0.480729
vt 0.053690 0.480761
vt 0.052503 0.480782
vt 0.051515 0.480813
vt 0.050959 0.480824
vt 0.050601 0.480834
vt 0.050223 0.480845
vt 0.049845 0.480855
vt 0.049446 0.480876
vt 0.049015 0.480887
vt 0.048563 0.480908
vt 0.048070 0.480939
vt 0.047523 0.480960
vt 0.046977 0.481002
vt 0.046389 0.481044
vt 0.045758 0.481097
vt 0.045086 0.481160
vt 0.044319 0.481254
vt 0.043447 0.481338
vt 0.042607 0.481443
vt 0.041966 0.481528
vt 0.041388 0.481580
vt 0.055907 0.480719
vt 0.056569 0.480708
vt 0.057073 0.480698
vt 0.057609 0.480687
vt 0.058187 0.480677
vt 0.058806 0.480666
vt 0.059458 0.480645
vt 0.060162 0.480635
vt 0.060866 0.480624
vt 0.061569 0.480603
vt 0.062210 0.480593
vt 0.062683 0.480582
vt 0.063103 0.480572
vt 0.063555 0.480561
vt 0.064175 0.480551
vt 0.064469 0.480551
vt 0.064637 0.480540
vt 0.064900 0.480540
vt 0.065257 0.480530
vt 0.065246 0.479794
vt 0.065593 0.479584
vt 0.065593 0.479794
vt 0.065604 0.480530
vt 0.065593 0.479510
vt 0.066171 0.479584
vt 0.066171 0.479784
vt 0.066171 0.479500
vt 0.700550 0.000209
vt 0.700529 0.000072
vt 0.701117 0.000009
vt 0.701117 0.000156
vt 0.700571 0.000398
vt 0.701117 0.000345
vt 0.701117 0.000524
vt 0.700592 0.000598
vt 0.701012 0.001155
vt 0.700960 0.000787
vt 0.700613 0.000745
vt 0.700045 0.000566
vt 0.700098 0.000755
vt 0.700130 0.000892
vt 0.304340 0.626234
vt 0.304340 0.626056
vt 0.304823 0.626056
vt 0.304844 0.626234
vt 0.305128 0.626014
vt 0.305149 0.626234
vt 0.305453 0.626245
vt 0.305453 0.626077
vt 0.303605 0.626213
vt 0.303605 0.626045
vt 0.302754 0.626203
vt 0.302764 0.626024
vt 0.699436 0.001113
vt 0.698616 0.001365
vt 0.698574 0.001218
vt 0.699394 0.000976
vt 0.699331 0.000797
vt 0.698521 0.001039
vt 0.698469 0.000871
vt 0.699289 0.000619
vt 0.700003 0.000387
vt 0.698427 0.000734
vt 0.699236 0.000471
vt 0.699961 0.000240
vt 0.066780 0.479500
vt 0.066780 0.479584
vt 0.067537 0.479500
vt 0.067537 0.479584
vt 0.066780 0.479784
vt 0.067537 0.479784
vt 0.068388 0.479584
vt 0.068388 0.479784
vt 0.068388 0.479500
vt 0.069239 0.479584
vt 0.069239 0.479784
vt 0.069239 0.479500
vt 0.697660 0.001123
vt 0.697618 0.000997
vt 0.069995 0.479500
vt 0.069995 0.479584
vt 0.696935 0.001344
vt 0.696892 0.001207
vt 0.696987 0.001522
vt 0.697723 0.001302
vt 0.697765 0.001470
vt 0.697050 0.001691
vt 0.697817 0.001607
vt 0.697092 0.001838
vt 0.696546 0.002006
vt 0.696514 0.001859
vt 0.696451 0.001691
vt 0.696041 0.002164
vt 0.695999 0.002016
vt 0.695947 0.001848
vt 0.695894 0.001670
vt 0.696398 0.001512
vt 0.695852 0.001543
vt 0.696346 0.001386
vt 0.071098 0.479510
vt 0.071098 0.479594
vt 0.070552 0.479584
vt 0.070552 0.479500
vt 0.069995 0.479784
vt 0.070552 0.479794
vt 0.071098 0.479794
vt 0.071413 0.479594
vt 0.071413 0.479794
vt 0.071413 0.479510
vt 0.072264 0.479594
vt 0.072264 0.479794
vt 0.072264 0.479510
vt 0.072632 0.479510
vt 0.072632 0.479594
vt 0.072632 0.479794
vt 0.072979 0.479594
vt 0.072979 0.479794
vt 0.072979 0.479510
vt 0.073557 0.479594
vt 0.073557 0.479805
vt 0.073557 0.479510
vt 0.072979 0.480540
vt 0.072632 0.480540
vt 0.073557 0.480540
vt 0.074397 0.479805
vt 0.074386 0.480540
vt 0.074397 0.479605
vt 0.075174 0.479805
vt 0.075174 0.480540
vt 0.075174 0.479605
vt 0.076414 0.480540
vt 0.076414 0.479805
vt 0.076414 0.479605
vt 0.075174 0.479521
vt 0.076414 0.479521
vt 0.074397 0.479521
vt 0.690692 0.002931
vt 0.691879 0.002647
vt 0.691911 0.002784
vt 0.690713 0.003067
vt 0.692657 0.002447
vt 0.692689 0.002584
vt 0.693466 0.002216
vt 0.693498 0.002363
vt 0.694034 0.002058
vt 0.694065 0.002195
vt 0.693582 0.002636
vt 0.692752 0.002847
vt 0.694118 0.002521
vt 0.694370 0.001974
vt 0.694412 0.002111
vt 0.694612 0.002384
vt 0.694160 0.003109
vt 0.693687 0.003162
vt 0.694990 0.002878
vt 0.694843 0.002164
vt 0.695116 0.002353
vt 0.694748 0.002006
vt 0.695684 0.002122
vt 0.695631 0.001943
vt 0.695568 0.001775
vt 0.694717 0.001880
vt 0.695526 0.001628
vt 0.695726 0.002258
vt 0.695337 0.002489
vt 0.299341 0.626119
vt 0.299351 0.625877
vt 0.299750 0.625961
vt 0.299729 0.626140
vt 0.300065 0.625972
vt 0.300055 0.626150
vt 0.300590 0.625982
vt 0.300590 0.626161
vt 0.301158 0.626171
vt 0.301158 0.625993
vt 0.301914 0.626003
vt 0.301914 0.626182
vt 0.298983 0.626108
vt 0.298973 0.625898
vt 0.297681 0.626119
vt 0.297671 0.625919
vt 0.295654 0.626119
vt 0.295560 0.625909
vt 0.294856 0.626108
vt 0.294782 0.625909
vt 0.294205 0.625909
vt 0.294247 0.626108
vt 0.293627 0.625909
vt 0.292776 0.625909
vt 0.695264 0.008259
vt 0.695274 0.009111
vt 0.695022 0.009058
vt 0.695022 0.008270
vt 0.695264 0.007681
vt 0.695022 0.007755
vt 0.694528 0.009005
vt 0.694465 0.008680
vt 0.694223 0.008575
vt 0.694233 0.008228
vt 0.694223 0.007849
vt 0.693571 0.008018
vt 0.693613 0.007660
vt 0.693540 0.008343
vt 0.694181 0.008785
vt 0.693498 0.008543
vt 0.694318 0.008879
vt 0.694118 0.008900
vt 0.693456 0.008659
vt 0.694255 0.009005
vt 0.691911 0.007776
vt 0.691837 0.007965
vt 0.691785 0.008070
vt 0.505226 0.376732
vt 0.505237 0.376564
vt 0.505940 0.376574
vt 0.505930 0.376742
vt 0.503462 0.376700
vt 0.503472 0.376532
vt 0.690135 0.007482
vt 0.690177 0.007355
vt 0.501719 0.376679
vt 0.501719 0.376501
vt 0.501708 0.377099
vt 0.503462 0.377131
vt 0.505226 0.377162
vt 0.501677 0.378759
vt 0.503430 0.378790
vt 0.505205 0.378822
vt 0.500983 0.378748
vt 0.501004 0.377078
vt 0.501015 0.376669
vt 0.500815 0.378738
vt 0.500847 0.377078
vt 0.500847 0.376669
vt 0.500857 0.376480
vt 0.501015 0.376490
vt 0.689483 0.007229
vt 0.689315 0.007187
vt 0.689367 0.007061
vt 0.689515 0.007124
vt 0.689651 0.006967
vt 0.690303 0.007198
vt 0.689472 0.006903
vt 0.689914 0.006767
vt 0.690576 0.006988
vt 0.689704 0.006693
vt 0.689304 0.006840
vt 0.689472 0.006630
vt 0.689210 0.007009
vt 0.689115 0.006788
vt 0.689220 0.006588
vt 0.689031 0.006946
vt 0.689168 0.007124
vt 0.688989 0.007061
vt 0.688747 0.006977
vt 0.688789 0.006861
vt 0.688863 0.006704
vt 0.688506 0.006882
vt 0.688548 0.006777
vt 0.688600 0.006620
vt 0.688937 0.006515
vt 0.688642 0.006452
vt 0.688390 0.006567
vt 0.688401 0.006410
vt 0.688348 0.006704
vt 0.688232 0.006515
vt 0.688211 0.006389
vt 0.688190 0.006630
vt 0.688306 0.006809
vt 0.688127 0.006746
vt 0.688001 0.006662
vt 0.688085 0.006578
vt 0.688117 0.006452
vt 0.687896 0.006578
vt 0.687980 0.006483
vt 0.688043 0.006420
vt 0.688096 0.006357
vt 0.688001 0.006336
vt 0.687886 0.006389
vt 0.687938 0.006252
vt 0.688054 0.006252
vt 0.687812 0.006273
vt 0.687770 0.006441
vt 0.687686 0.006294
vt 0.687686 0.006157
vt 0.687801 0.006189
vt 0.687928 0.006199
vt 0.687759 0.006021
vt 0.687864 0.006094
vt 0.687949 0.006136
vt 0.688064 0.006189
vt 0.688064 0.006105
vt 0.688001 0.006010
vt 0.688253 0.006042
vt 0.688222 0.006157
vt 0.688222 0.005916
vt 0.687917 0.005905
vt 0.688169 0.005810
vt 0.688495 0.005716
vt 0.688516 0.005831
vt 0.688527 0.005979
vt 0.688884 0.005653
vt 0.688905 0.005789
vt 0.688884 0.005937
vt 0.688474 0.006126
vt 0.688789 0.006105
vt 0.689273 0.005926
vt 0.689168 0.006105
vt 0.689304 0.005768
vt 0.689683 0.005937
vt 0.689536 0.006136
vt 0.689725 0.005779
vt 0.689304 0.005632
vt 0.689735 0.005632
vt 0.690177 0.005674
vt 0.690166 0.005810
vt 0.690103 0.005979
vt 0.690639 0.005758
vt 0.690608 0.005874
vt 0.690502 0.006031
vt 0.689914 0.006178
vt 0.690282 0.006241
vt 0.690912 0.006126
vt 0.690639 0.006325
vt 0.691028 0.005968
vt 0.691532 0.006325
vt 0.691270 0.006525
vt 0.691659 0.006157
vt 0.691060 0.005842
vt 0.691690 0.006031
vt 0.692720 0.006410
vt 0.692710 0.006525
vt 0.692647 0.006704
vt 0.693698 0.006756
vt 0.693708 0.006882
vt 0.693698 0.007072
vt 0.693666 0.007334
vt 0.692489 0.006935
vt 0.692279 0.007208
vt 0.690912 0.006746
vt 0.690271 0.006546
vt 0.692079 0.007513
vt 0.689977 0.006462
vt 0.689683 0.006410
vt 0.689367 0.006357
vt 0.689042 0.006315
vt 0.688705 0.006273
vt 0.688411 0.006262
vt 0.688190 0.006262
vt 0.694223 0.007513
vt 0.694202 0.007229
vt 0.695022 0.007240
vt 0.694475 0.007166
vt 0.694170 0.007030
vt 0.694318 0.007009
vt 0.694128 0.006903
vt 0.694255 0.006893
vt 0.694297 0.006735
vt 0.694370 0.006830
vt 0.694538 0.006851
vt 0.694360 0.004160
vt 0.694528 0.004087
vt 0.694286 0.004202
vt 0.695011 0.004202
vt 0.695022 0.006515
vt 0.695253 0.006325
vt 0.695264 0.007103
vt 0.695242 0.004213
vt 0.695242 0.002899
vt 0.694465 0.003772
vt 0.694318 0.003961
vt 0.694181 0.003656
vt 0.694160 0.003877
vt 0.694244 0.004024
vt 0.694118 0.003950
vt 0.488970 0.376259
vt 0.489138 0.376259
vt 0.489148 0.376427
vt 0.488970 0.376427
vt 0.488833 0.376427
vt 0.488844 0.376259
vt 0.491648 0.376459
vt 0.491690 0.376280
vt 0.491648 0.376879
vt 0.489138 0.376858
vt 0.488970 0.376858
vt 0.488959 0.378496
vt 0.489127 0.378496
vt 0.491627 0.378528
vt 0.488833 0.378496
vt 0.488833 0.376858
vt 0.488455 0.376858
vt 0.488455 0.378496
vt 0.488455 0.376427
vt 0.488455 0.376259
vt 0.487657 0.376858
vt 0.487657 0.376427
vt 0.487657 0.376259
vt 0.486733 0.376427
vt 0.486733 0.376259
vt 0.486744 0.376858
vt 0.692941 0.003856
vt 0.692037 0.003782
vt 0.692037 0.003698
vt 0.692941 0.003782
vt 0.693729 0.003919
vt 0.693750 0.003845
vt 0.692941 0.003603
vt 0.693729 0.003635
vt 0.692037 0.003477
vt 0.692857 0.003246
vt 0.691953 0.003036
vt 0.690734 0.003309
vt 0.691385 0.003404
vt 0.690072 0.003351
vt 0.690051 0.003162
vt 0.690744 0.003551
vt 0.690093 0.003530
vt 0.691343 0.003603
vt 0.691354 0.003719
vt 0.690755 0.003677
vt 0.485462 0.376438
vt 0.485452 0.376270
vt 0.486061 0.376259
vt 0.486061 0.376438
vt 0.485462 0.376858
vt 0.486071 0.376858
vt 0.485483 0.378507
vt 0.486082 0.378496
vt 0.486744 0.378496
vt 0.484832 0.378507
vt 0.484811 0.376868
vt 0.484811 0.376448
vt 0.484045 0.378517
vt 0.484024 0.376879
vt 0.484024 0.376459
vt 0.484013 0.376280
vt 0.484801 0.376270
vt 0.690103 0.003677
vt 0.689325 0.003730
vt 0.689315 0.003582
vt 0.689294 0.003393
vt 0.688327 0.003835
vt 0.688306 0.003687
vt 0.688285 0.003509
vt 0.687244 0.004034
vt 0.687213 0.003877
vt 0.687171 0.003698
vt 0.687139 0.003519
vt 0.688264 0.003330
vt 0.689273 0.003204
vt 0.687097 0.003383
vt 0.688243 0.003193
vt 0.689262 0.003067
vt 0.690030 0.003015
vt 0.077843 0.479521
vt 0.077843 0.479605
vt 0.077055 0.479605
vt 0.077055 0.479521
vt 0.078872 0.479510
vt 0.078872 0.479594
vt 0.077843 0.479805
vt 0.077065 0.479805
vt 0.078872 0.479794
vt 0.077065 0.480540
vt 0.077843 0.480540
vt 0.078872 0.480540
vt 0.080017 0.480540
vt 0.080017 0.479794
vt 0.080017 0.479594
vt 0.081184 0.479794
vt 0.081184 0.480540
vt 0.081194 0.479594
vt 0.080017 0.479510
vt 0.081194 0.479510
vt 0.082329 0.479605
vt 0.082329 0.479805
vt 0.082329 0.479521
vt 0.083379 0.479616
vt 0.083369 0.479815
vt 0.083379 0.479521
vt 0.684890 0.003971
vt 0.684932 0.004108
vt 0.683986 0.004465
vt 0.683923 0.004350
vt 0.685962 0.003645
vt 0.686004 0.003782
vt 0.084293 0.479531
vt 0.084304 0.479626
vt 0.683188 0.004896
vt 0.683104 0.004780
vt 0.683293 0.005033
vt 0.684081 0.004633
vt 0.684995 0.004287
vt 0.684155 0.004801
vt 0.683408 0.005190
vt 0.685058 0.004455
vt 0.686057 0.003961
vt 0.686109 0.004150
vt 0.685100 0.004602
vt 0.684228 0.004928
vt 0.686141 0.004287
vt 0.479708 0.376532
vt 0.479708 0.376354
vt 0.480779 0.376333
vt 0.480779 0.376501
vt 0.481902 0.376301
vt 0.481902 0.376480
vt 0.483026 0.376280
vt 0.483026 0.376469
vt 0.481913 0.376900
vt 0.480789 0.376931
vt 0.483037 0.376879
vt 0.483058 0.378538
vt 0.481944 0.378559
vt 0.484055 0.378958
vt 0.483068 0.378969
vt 0.481955 0.378990
vt 0.531955 0.000735
vt 0.531892 0.000567
vt 0.532985 0.000346
vt 0.533027 0.000514
vt 0.533952 0.000178
vt 0.533983 0.000346
vt 0.530883 0.000998
vt 0.530799 0.000851
vt 0.480842 0.379011
vt 0.480831 0.378580
vt 0.529885 0.001345
vt 0.529791 0.001187
vt 0.479781 0.379042
vt 0.479771 0.378612
vt 0.479718 0.376952
vt 0.478826 0.378633
vt 0.478773 0.376984
vt 0.478836 0.379074
vt 0.478017 0.378664
vt 0.477964 0.377015
vt 0.478027 0.379095
vt 0.528330 0.002059
vt 0.528183 0.001954
vt 0.528898 0.001555
vt 0.529013 0.001681
vt 0.527836 0.002479
vt 0.527658 0.002395
vt 0.477387 0.379105
vt 0.477366 0.378685
vt 0.527521 0.002931
vt 0.527332 0.002889
vt 0.476841 0.379126
vt 0.476830 0.378706
vt 0.477303 0.377036
vt 0.476757 0.377057
vt 0.476358 0.378727
vt 0.476274 0.377078
vt 0.476368 0.379147
vt 0.475917 0.378748
vt 0.475833 0.377089
vt 0.475938 0.379168
vt 0.527447 0.003793
vt 0.527258 0.003835
vt 0.527206 0.003373
vt 0.527395 0.003373
vt 0.527668 0.004192
vt 0.527490 0.004266
vt 0.475476 0.379200
vt 0.475455 0.378769
vt 0.528004 0.004560
vt 0.527836 0.004654
vt 0.474993 0.379221
vt 0.474972 0.378801
vt 0.475381 0.377110
vt 0.474877 0.377141
vt 0.474478 0.378822
vt 0.474394 0.377162
vt 0.474499 0.379252
vt 0.474005 0.378853
vt 0.473911 0.377204
vt 0.474026 0.379273
vt 0.528792 0.005096
vt 0.528645 0.005222
vt 0.528236 0.004970
vt 0.528393 0.004854
vt 0.529192 0.005306
vt 0.529055 0.005443
vt 0.473585 0.379305
vt 0.473554 0.378885
vt 0.529591 0.005485
vt 0.529444 0.005621
vt 0.473144 0.379315
vt 0.473123 0.378906
vt 0.473449 0.377236
vt 0.473018 0.377257
vt 0.472714 0.378927
vt 0.472609 0.377288
vt 0.472745 0.379347
vt 0.472325 0.378948
vt 0.472210 0.377299
vt 0.472346 0.379368
vt 0.530327 0.005779
vt 0.530200 0.005936
vt 0.529833 0.005789
vt 0.529959 0.005642
vt 0.530684 0.005905
vt 0.530579 0.006063
vt 0.471958 0.379399
vt 0.471926 0.378979
vt 0.531924 0.006325
vt 0.531819 0.006483
vt 0.470655 0.379494
vt 0.470624 0.379063
vt 0.471811 0.377330
vt 0.470519 0.377414
vt 0.467463 0.379294
vt 0.467348 0.377646
vt 0.467505 0.379704
vt 0.464355 0.379515
vt 0.464229 0.377877
vt 0.464397 0.379935
vt 0.537808 0.008374
vt 0.537755 0.008542
vt 0.534824 0.007513
vt 0.534887 0.007344
vt 0.538890 0.008721
vt 0.538869 0.008900
vt 0.463262 0.380029
vt 0.463220 0.379609
vt 0.538995 0.008731
vt 0.539058 0.008837
vt 0.463136 0.380050
vt 0.463105 0.379620
vt 0.463084 0.377961
vt 0.462947 0.377971
vt 0.462916 0.379641
vt 0.462769 0.377992
vt 0.462947 0.380061
vt 0.460175 0.379893
vt 0.460028 0.378244
vt 0.460217 0.380313
vt 0.539174 0.005831
vt 0.539184 0.008605
vt 0.539016 0.008584
vt 0.538995 0.005821
vt 0.538880 0.008542
vt 0.538859 0.005789
vt 0.538985 0.005663
vt 0.538869 0.005600
vt 0.539079 0.005590
vt 0.538932 0.005432
vt 0.538207 0.005359
vt 0.538260 0.005180
vt 0.538176 0.005548
vt 0.536516 0.004770
vt 0.536589 0.004602
vt 0.536421 0.004928
vt 0.537829 0.008185
vt 0.534992 0.007187
vt 0.532092 0.006199
vt 0.534656 0.004318
vt 0.530894 0.005779
vt 0.533952 0.004056
vt 0.534834 0.004171
vt 0.534151 0.003940
vt 0.534929 0.004014
vt 0.534256 0.003782
vt 0.533994 0.003877
vt 0.534109 0.003730
vt 0.533773 0.003993
vt 0.533836 0.003824
vt 0.533952 0.003677
vt 0.533605 0.003940
vt 0.530547 0.005653
vt 0.530190 0.005527
vt 0.529822 0.005380
vt 0.533416 0.003866
vt 0.529444 0.005201
vt 0.533164 0.003772
vt 0.533647 0.003761
vt 0.533416 0.003677
vt 0.533773 0.003614
vt 0.533542 0.003530
vt 0.533164 0.003583
vt 0.533290 0.003446
vt 0.532901 0.003688
vt 0.532964 0.003520
vt 0.533090 0.003373
vt 0.532670 0.003593
vt 0.529055 0.005001
vt 0.528666 0.004770
vt 0.528288 0.004486
vt 0.532481 0.003509
vt 0.527983 0.004150
vt 0.532333 0.003404
vt 0.532785 0.003436
vt 0.532638 0.003362
vt 0.532932 0.003320
vt 0.532806 0.003246
vt 0.532512 0.003257
vt 0.532680 0.003173
vt 0.532218 0.003289
vt 0.532386 0.003120
vt 0.532565 0.003047
vt 0.532081 0.003131
vt 0.527763 0.003772
vt 0.527700 0.003362
vt 0.527805 0.002931
vt 0.532018 0.002952
vt 0.528109 0.002500
vt 0.532029 0.002774
vt 0.528582 0.002112
vt 0.532144 0.002584
vt 0.529234 0.001744
vt 0.532355 0.002437
vt 0.530064 0.001408
vt 0.532659 0.002301
vt 0.531020 0.001103
vt 0.533048 0.002175
vt 0.532050 0.000830
vt 0.533489 0.002101
vt 0.533080 0.000620
vt 0.533962 0.002038
vt 0.534015 0.000472
vt 0.534456 0.001996
vt 0.534761 0.000378
vt 0.534939 0.001996
vt 0.534750 0.000262
vt 0.534729 0.000094
vt 0.535391 0.000210
vt 0.535391 0.000346
vt 0.535381 0.000042
vt 0.485483 0.378937
vt 0.484843 0.378948
vt 0.535969 0.000021
vt 0.535969 0.000199
vt 0.486082 0.378937
vt 0.536652 0.000021
vt 0.536652 0.000189
vt 0.486744 0.378927
vt 0.537556 0.000010
vt 0.537556 0.000189
vt 0.487657 0.378496
vt 0.487657 0.378927
vt 0.488455 0.378927
vt 0.488823 0.378927
vt 0.538365 0.000010
vt 0.538365 0.000189
vt 0.538764 0.000031
vt 0.538733 0.000199
vt 0.538922 0.000136
vt 0.538838 0.000231
vt 0.488949 0.378927
vt 0.538859 0.000357
vt 0.539037 0.000346
vt 0.489127 0.378927
vt 0.491616 0.378958
vt 0.539269 0.002837
vt 0.539079 0.002826
vt 0.538743 0.000367
vt 0.538964 0.002795
vt 0.539079 0.002963
vt 0.538995 0.002963
vt 0.539174 0.003057
vt 0.539016 0.003131
vt 0.538544 0.002879
vt 0.538533 0.002711
vt 0.538522 0.003057
vt 0.492330 0.378538
vt 0.492330 0.378969
vt 0.491889 0.378958
vt 0.491900 0.378528
vt 0.491774 0.378958
vt 0.491774 0.378528
vt 0.492372 0.376889
vt 0.491931 0.376879
vt 0.491805 0.376879
vt 0.491816 0.376459
vt 0.491931 0.376459
vt 0.491826 0.376280
vt 0.491931 0.376280
vt 0.492383 0.376469
vt 0.492372 0.376291
vt 0.493412 0.376312
vt 0.493412 0.376490
vt 0.493401 0.376910
vt 0.494504 0.376511
vt 0.494494 0.376942
vt 0.494504 0.376343
vt 0.495155 0.376532
vt 0.495155 0.376952
vt 0.495166 0.376364
vt 0.495596 0.376543
vt 0.495586 0.376963
vt 0.495596 0.376375
vt 0.496048 0.376385
vt 0.496048 0.376553
vt 0.496037 0.376984
vt 0.496510 0.376564
vt 0.496499 0.376994
vt 0.496520 0.376396
vt 0.496961 0.376406
vt 0.496951 0.376574
vt 0.496940 0.377005
vt 0.497361 0.376585
vt 0.497361 0.377015
vt 0.497361 0.376417
vt 0.497770 0.376427
vt 0.497770 0.376595
vt 0.497760 0.377026
vt 0.498106 0.376606
vt 0.498085 0.377036
vt 0.498106 0.376438
vt 0.498369 0.376448
vt 0.498369 0.376616
vt 0.498369 0.377047
vt 0.498589 0.376627
vt 0.498568 0.377047
vt 0.498589 0.376459
vt 0.498757 0.376459
vt 0.498757 0.376627
vt 0.498747 0.377047
vt 0.498904 0.376637
vt 0.498894 0.377057
vt 0.498904 0.376459
vt 0.499083 0.376459
vt 0.499072 0.376637
vt 0.499072 0.377057
vt 0.499272 0.376637
vt 0.499272 0.377057
vt 0.499272 0.376469
vt 0.499429 0.376469
vt 0.499429 0.376637
vt 0.499419 0.377068
vt 0.499587 0.376648
vt 0.499587 0.377068
vt 0.499587 0.376469
vt 0.499765 0.376469
vt 0.499765 0.376648
vt 0.499765 0.377068
vt 0.499986 0.376648
vt 0.499975 0.377078
vt 0.499986 0.376480
vt 0.500238 0.376658
vt 0.500227 0.377078
vt 0.500238 0.376480
vt 0.500490 0.376658
vt 0.500479 0.377078
vt 0.500490 0.376480
vt 0.500689 0.376480
vt 0.500689 0.376658
vt 0.500679 0.377078
vt 0.500448 0.378738
vt 0.500637 0.378738
vt 0.500805 0.379168
vt 0.500637 0.379168
vt 0.500448 0.379158
vt 0.500196 0.378727
vt 0.500196 0.379158
vt 0.499944 0.378727
vt 0.499933 0.379147
vt 0.499723 0.378727
vt 0.499723 0.379147
vt 0.499545 0.378717
vt 0.499545 0.379147
vt 0.499387 0.378717
vt 0.499387 0.379137
vt 0.499230 0.378717
vt 0.499219 0.379137
vt 0.499030 0.378706
vt 0.499020 0.379137
vt 0.498852 0.378706
vt 0.498841 0.379126
vt 0.532302 0.002952
vt 0.532481 0.002931
vt 0.532302 0.002784
vt 0.532481 0.002805
vt 0.498694 0.379126
vt 0.498705 0.378706
vt 0.532397 0.002616
vt 0.532554 0.002711
vt 0.498537 0.379126
vt 0.498547 0.378706
vt 0.498327 0.378706
vt 0.498316 0.379116
vt 0.498043 0.378685
vt 0.498033 0.379105
vt 0.532848 0.002364
vt 0.532953 0.002511
vt 0.532712 0.002606
vt 0.532575 0.002479
vt 0.533195 0.002269
vt 0.533269 0.002427
vt 0.497707 0.379105
vt 0.497718 0.378675
vt 0.533594 0.002185
vt 0.533636 0.002364
vt 0.497308 0.379105
vt 0.497319 0.378664
vt 0.496898 0.378654
vt 0.496888 0.379095
vt 0.496457 0.378643
vt 0.496447 0.379074
vt 0.534488 0.002122
vt 0.534498 0.002290
vt 0.534046 0.002322
vt 0.534025 0.002143
vt 0.534950 0.002122
vt 0.534950 0.002301
vt 0.495985 0.379063
vt 0.495995 0.378633
vt 0.535412 0.002164
vt 0.535391 0.002332
vt 0.495544 0.379053
vt 0.495554 0.378622
vt 0.495113 0.378612
vt 0.495103 0.379042
vt 0.494452 0.378591
vt 0.494441 0.379021
vt 0.536494 0.002353
vt 0.536452 0.002521
vt 0.535822 0.002385
vt 0.535843 0.002217
vt 0.537545 0.002616
vt 0.537514 0.002795
vt 0.493349 0.379000
vt 0.493359 0.378559
vt 0.536505 0.002206
vt 0.537545 0.002458
vt 0.537556 0.000346
vt 0.536642 0.000336
vt 0.538375 0.000357
vt 0.535843 0.002080
vt 0.535959 0.000336
vt 0.535412 0.002028
vt 0.500983 0.379168
vt 0.501666 0.379179
vt 0.503420 0.379210
vt 0.505195 0.379242
vt 0.505898 0.378832
vt 0.505888 0.379252
vt 0.505930 0.377173
vt 0.506056 0.378832
vt 0.506045 0.379263
vt 0.506087 0.377173
vt 0.506098 0.376753
vt 0.506098 0.376585
vt 0.459723 0.377688
vt 0.459923 0.377667
vt 0.459986 0.377824
vt 0.459776 0.377845
vt 0.459818 0.378265
vt 0.462727 0.377572
vt 0.462716 0.377404
vt 0.459976 0.379903
vt 0.694360 0.009090
vt 0.694349 0.012011
vt 0.694275 0.012001
vt 0.694286 0.009216
vt 0.694528 0.012022
vt 0.695001 0.012116
vt 0.694770 0.012505
vt 0.694475 0.012390
vt 0.694297 0.012327
vt 0.694402 0.012663
vt 0.694212 0.012621
vt 0.694633 0.012726
vt 0.695242 0.012158
vt 0.694938 0.012652
vt 0.694801 0.012821
vt 0.694349 0.012831
vt 0.694517 0.012894
vt 0.694664 0.012978
vt 0.695053 0.012831
vt 0.694896 0.012968
vt 0.694717 0.013104
vt 0.694591 0.013209
vt 0.694549 0.013083
vt 0.694444 0.013020
vt 0.101554 0.481160
vt 0.101565 0.481265
vt 0.101449 0.481244
vt 0.101449 0.481139
vt 0.101323 0.481223
vt 0.101334 0.481139
vt 0.101544 0.481454
vt 0.101428 0.481443
vt 0.101302 0.481433
vt 0.101197 0.481212
vt 0.101197 0.481128
vt 0.101176 0.481412
vt 0.101239 0.482168
vt 0.101092 0.482147
vt 0.101355 0.482179
vt 0.101470 0.482189
vt 0.102016 0.482242
vt 0.102080 0.481507
vt 0.102090 0.481317
vt 0.102678 0.481549
vt 0.102615 0.482294
vt 0.102689 0.481359
vt 0.102080 0.481212
vt 0.102689 0.481275
vt 0.103109 0.481391
vt 0.103099 0.481591
vt 0.103120 0.481317
vt 0.694633 0.014376
vt 0.694770 0.014366
vt 0.694770 0.014807
vt 0.694633 0.014807
vt 0.694643 0.013745
vt 0.694780 0.013693
vt 0.103687 0.481349
vt 0.103687 0.481443
vt 0.694770 0.015364
vt 0.694633 0.015364
vt 0.694959 0.015364
vt 0.694959 0.014807
vt 0.694959 0.014345
vt 0.695137 0.014807
vt 0.695137 0.015364
vt 0.695137 0.014323
vt 0.694959 0.013619
vt 0.695137 0.013535
vt 0.695295 0.014302
vt 0.695295 0.014807
vt 0.695295 0.013483
vt 0.695242 0.012694
vt 0.288418 0.625951
vt 0.289206 0.625909
vt 0.289741 0.625919
vt 0.287599 0.625961
vt 0.287609 0.626129
vt 0.287609 0.626560
vt 0.287095 0.625961
vt 0.287095 0.626140
vt 0.287105 0.626560
vt 0.287620 0.628209
vt 0.287116 0.628209
vt 0.287620 0.628639
vt 0.287116 0.628639
vt 0.046751 0.013524
vt 0.046552 0.014049
vt 0.046552 0.013545
vt 0.047024 0.012631
vt 0.047350 0.012505
vt 0.047350 0.011644
vt 0.047854 0.011255
vt 0.047854 0.012211
vt 0.048400 0.011927
vt 0.048400 0.010856
vt 0.049125 0.010562
vt 0.049114 0.011686
vt 0.049923 0.010321
vt 0.049923 0.011465
vt 0.050742 0.010090
vt 0.050732 0.011234
vt 0.051425 0.009879
vt 0.051425 0.011045
vt 0.051918 0.009732
vt 0.051918 0.010898
vt 0.052202 0.009659
vt 0.052202 0.010835
vt 0.052391 0.009638
vt 0.052391 0.010804
vt 0.052391 0.009092
vt 0.314538 0.629112
vt 0.315714 0.629164
vt 0.316911 0.629217
vt 0.046552 0.014616
vt 0.286559 0.628219
vt 0.286559 0.628639
vt 0.285561 0.628230
vt 0.285572 0.628650
vt 0.046541 0.015593
vt 0.286538 0.626570
vt 0.286538 0.626140
vt 0.286538 0.625961
vt 0.695295 0.015364
vt 0.284395 0.628671
vt 0.046541 0.016769
vt 0.103666 0.481633
vt 0.103603 0.482368
vt 0.103036 0.482336
vt 0.100924 0.482137
vt 0.101008 0.481391
vt 0.100661 0.482105
vt 0.100735 0.481359
vt 0.099569 0.481223
vt 0.099485 0.481969
vt 0.096385 0.481633
vt 0.096469 0.480887
vt 0.093234 0.481286
vt 0.093318 0.480530
vt 0.091931 0.481128
vt 0.092015 0.480382
vt 0.091616 0.480340
vt 0.091532 0.481086
vt 0.091122 0.481034
vt 0.091206 0.480298
vt 0.090754 0.480256
vt 0.090670 0.480992
vt 0.090219 0.480939
vt 0.090292 0.480204
vt 0.089798 0.480151
vt 0.089725 0.480897
vt 0.089168 0.480845
vt 0.089231 0.480109
vt 0.088632 0.480046
vt 0.088580 0.480792
vt 0.087907 0.480729
vt 0.087970 0.479994
vt 0.087287 0.479941
vt 0.087235 0.480687
vt 0.086573 0.480645
vt 0.086605 0.479910
vt 0.085890 0.479878
vt 0.085859 0.480614
vt 0.085113 0.480582
vt 0.085144 0.479847
vt 0.084293 0.479826
vt 0.084283 0.480561
vt 0.083369 0.480551
vt 0.082329 0.480540
vt 0.085144 0.479647
vt 0.085144 0.479552
vt 0.085901 0.479679
vt 0.085901 0.479584
vt 0.086615 0.479721
vt 0.086615 0.479616
vt 0.682052 0.005926
vt 0.682179 0.005989
vt 0.681989 0.006609
vt 0.681853 0.006599
vt 0.682473 0.005306
vt 0.682578 0.005401
vt 0.087308 0.479658
vt 0.087308 0.479752
vt 0.682052 0.007229
vt 0.681895 0.007261
vt 0.682231 0.007187
vt 0.682179 0.006620
vt 0.682347 0.006052
vt 0.682368 0.006630
vt 0.682410 0.007135
vt 0.682515 0.006126
vt 0.682725 0.005516
vt 0.682872 0.005632
vt 0.682662 0.006189
vt 0.682515 0.006641
vt 0.682977 0.005737
vt 0.683492 0.005306
vt 0.477943 0.376585
vt 0.477943 0.376417
vt 0.478752 0.376385
vt 0.478763 0.376564
vt 0.477282 0.376606
vt 0.477271 0.376438
vt 0.476746 0.376627
vt 0.476736 0.376459
vt 0.476263 0.376648
vt 0.476253 0.376480
vt 0.475822 0.376669
vt 0.475822 0.376490
vt 0.682557 0.007093
vt 0.475360 0.376690
vt 0.475350 0.376511
vt 0.682778 0.007524
vt 0.682652 0.007608
vt 0.682494 0.007702
vt 0.683104 0.007902
vt 0.683009 0.008007
vt 0.682883 0.008133
vt 0.682736 0.008259
vt 0.682326 0.007797
vt 0.682641 0.008364
vt 0.682210 0.007860
vt 0.088653 0.479763
vt 0.088643 0.479857
vt 0.087991 0.479805
vt 0.088002 0.479721
vt 0.089252 0.479920
vt 0.089263 0.479826
vt 0.089819 0.479962
vt 0.089819 0.479878
vt 0.090313 0.480015
vt 0.090324 0.479931
vt 0.683566 0.009016
vt 0.683650 0.008900
vt 0.684091 0.009153
vt 0.684018 0.009279
vt 0.683104 0.008732
vt 0.683188 0.008617
vt 0.090786 0.479973
vt 0.090775 0.480067
vt 0.684501 0.009352
vt 0.684438 0.009478
vt 0.684564 0.009184
vt 0.684165 0.008984
vt 0.683745 0.008753
vt 0.684249 0.008806
vt 0.684649 0.009005
vt 0.683850 0.008596
vt 0.683293 0.008469
vt 0.683408 0.008322
vt 0.683913 0.008459
vt 0.684312 0.008680
vt 0.683492 0.008207
vt 0.473890 0.376774
vt 0.473879 0.376595
vt 0.474362 0.376564
vt 0.474373 0.376742
vt 0.474846 0.376543
vt 0.474856 0.376711
vt 0.473417 0.376795
vt 0.473407 0.376627
vt 0.472997 0.376826
vt 0.472987 0.376648
vt 0.684701 0.008869
vt 0.472588 0.376847
vt 0.472577 0.376679
vt 0.685090 0.009026
vt 0.685027 0.009174
vt 0.684964 0.009342
vt 0.685468 0.009163
vt 0.685405 0.009300
vt 0.685342 0.009478
vt 0.685290 0.009647
vt 0.684901 0.009510
vt 0.685248 0.009783
vt 0.684848 0.009647
vt 0.091637 0.480067
vt 0.091626 0.480151
vt 0.091227 0.480109
vt 0.091227 0.480025
vt 0.092026 0.480193
vt 0.092036 0.480109
vt 0.093349 0.480340
vt 0.093360 0.480256
vt 0.096501 0.480603
vt 0.096490 0.480698
vt 0.099590 0.481034
vt 0.099600 0.480950
vt 0.100756 0.481160
vt 0.100766 0.481076
vt 0.692762 0.012453
vt 0.692815 0.012327
vt 0.693918 0.012715
vt 0.693876 0.012852
vt 0.689840 0.011391
vt 0.689882 0.011255
vt 0.101029 0.481118
vt 0.101029 0.481191
vt 0.694170 0.012800
vt 0.694139 0.012926
vt 0.693981 0.012537
vt 0.692878 0.012158
vt 0.694034 0.012358
vt 0.692930 0.011980
vt 0.689945 0.011086
vt 0.690009 0.010918
vt 0.692983 0.011833
vt 0.694086 0.012222
vt 0.690061 0.010771
vt 0.687087 0.009678
vt 0.687034 0.009815
vt 0.686971 0.010004
vt 0.685836 0.009279
vt 0.685794 0.009415
vt 0.685731 0.009605
vt 0.686908 0.010172
vt 0.685678 0.009773
vt 0.686866 0.010309
vt 0.685636 0.009899
vt 0.470477 0.376984
vt 0.470466 0.376816
vt 0.471790 0.376721
vt 0.471790 0.376889
vt 0.472189 0.376690
vt 0.472199 0.376879
vt 0.467316 0.377225
vt 0.467295 0.377036
vt 0.464197 0.377456
vt 0.464187 0.377288
vt 0.463052 0.377540
vt 0.463052 0.377362
vt 0.462916 0.377551
vt 0.462905 0.377341
vt 0.694244 0.012222
vt 0.694318 0.012978
vt 0.460018 0.380334
vt 0.072264 0.480530
vt 0.071413 0.480530
vt 0.071098 0.480530
vt 0.070552 0.480530
vt 0.069985 0.480530
vt 0.069228 0.480530
vt 0.068388 0.480530
vt 0.067537 0.480530
vt 0.066780 0.480530
vt 0.066181 0.480530
vt 0.046667 0.021884
vt 0.046468 0.021894
vt 0.051414 0.014480
vt 0.051414 0.002034
vt 0.051404 0.000700
vt 0.050721 0.000921
vt 0.702137 0.004518
vt 0.702747 0.004717
vt 0.702789 0.004602
vt 0.702200 0.004392
vt 0.734649 0.000189
vt 0.734639 0.000021
vt 0.735269 0.000010
vt 0.735269 0.000178
vt 0.735269 0.000609
vt 0.734649 0.000609
vt 0.735416 0.000609
vt 0.735626 0.000609
vt 0.735416 0.002257
vt 0.735615 0.002257
vt 0.735269 0.002257
vt 0.737085 0.000619
vt 0.737075 0.002257
vt 0.735615 0.002687
vt 0.737075 0.002698
vt 0.735416 0.002687
vt 0.444797 0.003011
vt 0.444924 0.001539
vt 0.445096 0.001572
vt 0.444968 0.003027
vt 0.444966 0.003183
vt 0.444851 0.003258
vt 0.445057 0.003253
vt 0.444974 0.003406
vt 0.735269 0.002687
vt 0.445609 0.003533
vt 0.445546 0.003703
vt 0.734649 0.002687
vt 0.734649 0.002257
vt 0.734198 0.000609
vt 0.734209 0.002257
vt 0.734209 0.002687
vt 0.733789 0.002257
vt 0.733778 0.000619
vt 0.733789 0.002687
vt 0.733295 0.002257
vt 0.733295 0.000619
vt 0.733295 0.002687
vt 0.446395 0.003903
vt 0.446831 0.004108
vt 0.446773 0.004280
vt 0.446337 0.004075
vt 0.446014 0.003725
vt 0.445956 0.003896
vt 0.732665 0.002257
vt 0.732665 0.002698
vt 0.447403 0.004378
vt 0.447345 0.004549
vt 0.446853 0.003915
vt 0.447426 0.004185
vt 0.446418 0.003710
vt 0.447563 0.002821
vt 0.446991 0.002550
vt 0.446557 0.002344
vt 0.448204 0.003124
vt 0.448068 0.004487
vt 0.448046 0.004680
vt 0.448848 0.003428
vt 0.448714 0.004791
vt 0.448692 0.004984
vt 0.449476 0.003725
vt 0.449344 0.005088
vt 0.449322 0.005281
vt 0.448634 0.005156
vt 0.447988 0.004852
vt 0.449264 0.005452
vt 0.449940 0.005368
vt 0.449918 0.005561
vt 0.449861 0.005733
vt 0.729894 0.002278
vt 0.730545 0.002267
vt 0.730555 0.002708
vt 0.729894 0.002708
vt 0.731258 0.002267
vt 0.731258 0.002698
vt 0.729883 0.000630
vt 0.730534 0.000630
vt 0.731248 0.000630
vt 0.731962 0.002257
vt 0.731962 0.002698
vt 0.731951 0.000619
vt 0.731248 0.000199
vt 0.731951 0.000199
vt 0.730534 0.000199
vt 0.731238 0.000031
vt 0.731951 0.000021
vt 0.730534 0.000031
vt 0.732665 0.000021
vt 0.732665 0.000189
vt 0.732665 0.000619
vt 0.733285 0.000021
vt 0.733285 0.000189
vt 0.733778 0.000189
vt 0.733778 0.000021
vt 0.734198 0.000021
vt 0.734198 0.000189
vt 0.703209 0.004749
vt 0.703598 0.004886
vt 0.703556 0.005001
vt 0.703167 0.004865
vt 0.704060 0.005043
vt 0.704018 0.005169
vt 0.704659 0.005253
vt 0.704617 0.005380
vt 0.705332 0.005485
vt 0.705290 0.005600
vt 0.706005 0.005737
vt 0.705952 0.005853
vt 0.706656 0.005968
vt 0.706614 0.006084
vt 0.707276 0.006189
vt 0.707234 0.006294
vt 0.707865 0.006389
vt 0.707823 0.006504
vt 0.708401 0.006578
vt 0.708359 0.006693
vt 0.728151 0.000052
vt 0.728686 0.000042
vt 0.728686 0.000220
vt 0.728151 0.000220
vt 0.729253 0.000042
vt 0.729253 0.000210
vt 0.728686 0.000640
vt 0.728162 0.000640
vt 0.729253 0.000640
vt 0.728697 0.002278
vt 0.728172 0.002288
vt 0.729264 0.002278
vt 0.727657 0.002288
vt 0.727647 0.000651
vt 0.727637 0.000220
vt 0.728697 0.002719
vt 0.728172 0.002719
vt 0.727657 0.002719
vt 0.727217 0.002288
vt 0.727206 0.000651
vt 0.727227 0.002729
vt 0.451941 0.006509
vt 0.452350 0.006700
vt 0.452289 0.006870
vt 0.451884 0.006681
vt 0.451486 0.006297
vt 0.451429 0.006468
vt 0.726839 0.002299
vt 0.726849 0.002729
vt 0.452698 0.006863
vt 0.452626 0.007027
vt 0.452382 0.006513
vt 0.452764 0.006691
vt 0.451962 0.006317
vt 0.453127 0.006861
vt 0.453016 0.007011
vt 0.453914 0.005813
vt 0.454701 0.004763
vt 0.453490 0.007032
vt 0.454606 0.006138
vt 0.455722 0.005241
vt 0.456559 0.005633
vt 0.455181 0.006411
vt 0.457027 0.005857
vt 0.455523 0.006581
vt 0.453803 0.007187
vt 0.454019 0.007304
vt 0.457306 0.006001
vt 0.455745 0.006704
vt 0.454184 0.007407
vt 0.457575 0.006154
vt 0.457838 0.006324
vt 0.453948 0.007490
vt 0.454349 0.007511
vt 0.454098 0.007581
vt 0.458097 0.006520
vt 0.453799 0.007400
vt 0.453809 0.007617
vt 0.453672 0.007534
vt 0.453954 0.007695
vt 0.453607 0.007297
vt 0.453485 0.007439
vt 0.725883 0.002299
vt 0.725883 0.002740
vt 0.725673 0.002740
vt 0.725673 0.002299
vt 0.725505 0.002740
vt 0.725505 0.002299
vt 0.725873 0.000651
vt 0.725663 0.000651
vt 0.725495 0.000651
vt 0.725337 0.002309
vt 0.725337 0.000651
vt 0.725348 0.002740
vt 0.725190 0.002309
vt 0.725180 0.000651
vt 0.725190 0.002740
vt 0.454228 0.007672
vt 0.454070 0.007777
vt 0.454325 0.007755
vt 0.454156 0.007847
vt 0.725064 0.002740
vt 0.725064 0.002309
vt 0.725054 0.000651
vt 0.725054 0.000241
vt 0.725180 0.000241
vt 0.725054 0.000063
vt 0.725180 0.000063
vt 0.724959 0.000063
vt 0.725327 0.000241
vt 0.725327 0.000063
vt 0.725495 0.000241
vt 0.725495 0.000052
vt 0.725652 0.000052
vt 0.725663 0.000241
vt 0.725862 0.000231
vt 0.725862 0.000052
vt 0.726156 0.000231
vt 0.726167 0.000651
vt 0.726156 0.000052
vt 0.726503 0.000231
vt 0.726503 0.000651
vt 0.726503 0.000052
vt 0.726839 0.000052
vt 0.726839 0.000231
vt 0.726839 0.000651
vt 0.727206 0.000052
vt 0.727206 0.000231
vt 0.726513 0.002299
vt 0.726513 0.002729
vt 0.726177 0.002299
vt 0.726177 0.002729
vt 0.453333 0.007159
vt 0.453230 0.007306
vt 0.452929 0.007168
vt 0.727637 0.000052
vt 0.724844 0.000063
vt 0.454493 0.007614
vt 0.454601 0.007711
vt 0.454680 0.007811
vt 0.458583 0.007006
vt 0.458781 0.007297
vt 0.458348 0.006746
vt 0.454738 0.007921
vt 0.458923 0.007620
vt 0.454769 0.008033
vt 0.458978 0.007960
vt 0.458918 0.008306
vt 0.454769 0.008138
vt 0.458727 0.008649
vt 0.454729 0.008240
vt 0.458393 0.008979
vt 0.454644 0.008342
vt 0.454519 0.008439
vt 0.457901 0.009287
vt 0.457240 0.009561
vt 0.456559 0.009785
vt 0.456007 0.009941
vt 0.454360 0.008528
vt 0.455519 0.010056
vt 0.454189 0.008603
vt 0.451508 0.006104
vt 0.451021 0.005876
vt 0.451000 0.006069
vt 0.450942 0.006240
vt 0.450478 0.005824
vt 0.450500 0.005631
vt 0.450421 0.005996
vt 0.729274 0.002708
vt 0.450072 0.004005
vt 0.449610 0.002362
vt 0.448982 0.002065
vt 0.449632 0.002169
vt 0.449005 0.001872
vt 0.448340 0.001760
vt 0.448362 0.001567
vt 0.449063 0.001700
vt 0.449690 0.001997
vt 0.448421 0.001396
vt 0.447723 0.001263
vt 0.447781 0.001092
vt 0.447700 0.001456
vt 0.447152 0.000992
vt 0.447210 0.000820
vt 0.447129 0.001185
vt 0.446695 0.000978
vt 0.446718 0.000785
vt 0.446178 0.002165
vt 0.446317 0.000799
vt 0.446338 0.000604
vt 0.446776 0.000613
vt 0.446395 0.000432
vt 0.445933 0.000413
vt 0.445983 0.000236
vt 0.445914 0.000610
vt 0.445352 0.000179
vt 0.445363 0.000008
vt 0.445353 0.000360
vt 0.445775 0.001974
vt 0.445218 0.001634
vt 0.445088 0.003072
vt 0.445637 0.003340
vt 0.446039 0.003531
vt 0.445235 0.000298
vt 0.445071 0.000249
vt 0.445263 0.000169
vt 0.445209 0.000052
vt 0.738366 0.002267
vt 0.738534 0.002267
vt 0.738534 0.002708
vt 0.738355 0.002698
vt 0.738376 0.000630
vt 0.738544 0.000630
vt 0.866065 0.189277
vt 0.866065 0.188836
vt 0.866181 0.188836
vt 0.866191 0.189267
vt 0.866233 0.190915
vt 0.866107 0.190925
vt 0.866023 0.188647
vt 0.866170 0.188658
vt 0.866821 0.189256
vt 0.866811 0.188815
vt 0.866800 0.188647
vt 0.867252 0.188637
vt 0.867252 0.188815
vt 0.867262 0.189246
vt 0.867661 0.188626
vt 0.867661 0.188805
vt 0.867672 0.189235
vt 0.868144 0.188616
vt 0.868155 0.188794
vt 0.868165 0.189225
vt 0.867714 0.190883
vt 0.867294 0.190894
vt 0.868207 0.190873
vt 0.868826 0.190852
vt 0.868784 0.189214
vt 0.868774 0.188784
vt 0.869540 0.190831
vt 0.869498 0.189193
vt 0.869488 0.188763
vt 0.868774 0.188605
vt 0.869488 0.188584
vt 0.870212 0.189172
vt 0.870202 0.188742
vt 0.870191 0.188574
vt 0.706036 0.002437
vt 0.705363 0.002195
vt 0.705416 0.002037
vt 0.706089 0.002300
vt 0.704701 0.001943
vt 0.704743 0.001796
vt 0.705479 0.001869
vt 0.706152 0.002111
vt 0.704817 0.001628
vt 0.704102 0.001733
vt 0.704144 0.001596
vt 0.704207 0.001417
vt 0.704291 0.001239
vt 0.704880 0.001459
vt 0.705542 0.001701
vt 0.704333 0.001113
vt 0.704933 0.001333
vt 0.705584 0.001575
vt 0.706215 0.001943
vt 0.706267 0.001806
vt 0.703755 0.001249
vt 0.703367 0.001113
vt 0.703703 0.001428
vt 0.703314 0.001281
vt 0.703650 0.001575
vt 0.703261 0.001428
vt 0.702841 0.001270
vt 0.702894 0.001134
vt 0.702946 0.000965
vt 0.870874 0.188553
vt 0.870884 0.188721
vt 0.871545 0.188532
vt 0.871545 0.188710
vt 0.870895 0.189162
vt 0.870937 0.190810
vt 0.870254 0.190820
vt 0.870947 0.191219
vt 0.870265 0.191240
vt 0.869551 0.191261
vt 0.868847 0.191282
vt 0.868218 0.191293
vt 0.867724 0.191303
vt 0.867304 0.191314
vt 0.866863 0.190904
vt 0.866874 0.191324
vt 0.866244 0.191345
vt 0.866118 0.191345
vt 0.729883 0.000210
vt 0.729883 0.000042
vt 0.049419 0.025455
vt 0.050459 0.025182
vt 0.050490 0.024751
vt 0.051593 0.024100
vt 0.051446 0.024541
vt 0.051456 0.024919
vt 0.051803 0.023617
vt 0.052381 0.023963
vt 0.052339 0.024320
vt 0.052465 0.023606
vt 0.052044 0.023155
vt 0.052559 0.023249
vt 0.052265 0.022735
vt 0.052654 0.022903
vt 0.053063 0.023543
vt 0.053074 0.023260
vt 0.053084 0.022955
vt 0.052486 0.022388
vt 0.052780 0.022545
vt 0.053105 0.022608
vt 0.053546 0.022913
vt 0.053609 0.023176
vt 0.053473 0.022577
vt 0.053851 0.022461
vt 0.053998 0.022766
vt 0.054208 0.022272
vt 0.054418 0.022545
vt 0.054628 0.022787
vt 0.054134 0.023018
vt 0.054260 0.023239
vt 0.053662 0.023428
vt 0.054849 0.023008
vt 0.055080 0.023228
vt 0.054397 0.023459
vt 0.053725 0.023680
vt 0.055269 0.023491
vt 0.054513 0.023732
vt 0.053798 0.023942
vt 0.053095 0.024131
vt 0.053063 0.023827
vt 0.053168 0.024467
vt 0.052391 0.024667
vt 0.053893 0.024268
vt 0.054628 0.024047
vt 0.055426 0.023806
vt 0.056245 0.023564
vt 0.056056 0.023249
vt 0.055783 0.022987
vt 0.056949 0.022903
vt 0.057033 0.023323
vt 0.056434 0.022640
vt 0.056004 0.022398
vt 0.055437 0.022745
vt 0.055101 0.022514
vt 0.055531 0.022157
vt 0.054775 0.022272
vt 0.055080 0.021926
vt 0.055332 0.021537
vt 0.055909 0.021737
vt 0.056529 0.021936
vt 0.055521 0.021117
vt 0.056245 0.021243
vt 0.057023 0.021380
vt 0.057569 0.021495
vt 0.057044 0.022136
vt 0.058031 0.021569
vt 0.057506 0.022241
vt 0.058493 0.021611
vt 0.057978 0.022220
vt 0.057642 0.022692
vt 0.058903 0.021705
vt 0.058398 0.022230
vt 0.058052 0.022545
vt 0.058178 0.022756
vt 0.057642 0.023060
vt 0.058682 0.022419
vt 0.059218 0.021915
vt 0.059837 0.021117
vt 0.059480 0.020939
vt 0.059029 0.020865
vt 0.060047 0.019930
vt 0.060436 0.020046
vt 0.059543 0.019899
vt 0.058987 0.019909
vt 0.058535 0.020834
vt 0.058440 0.019920
vt 0.058031 0.020802
vt 0.057726 0.019930
vt 0.057401 0.020760
vt 0.056508 0.020718
vt 0.056760 0.019951
vt 0.055668 0.020666
vt 0.055825 0.019972
vt 0.056025 0.018859
vt 0.057012 0.018817
vt 0.058031 0.018765
vt 0.056235 0.017567
vt 0.057233 0.017536
vt 0.058283 0.017473
vt 0.059029 0.017441
vt 0.058777 0.018733
vt 0.059617 0.017410
vt 0.059354 0.018712
vt 0.060226 0.017378
vt 0.059953 0.018691
vt 0.060762 0.017368
vt 0.060478 0.018691
vt 0.060888 0.018765
vt 0.061182 0.017389
vt 0.060320 0.016097
vt 0.060846 0.016065
vt 0.061266 0.016034
vt 0.061150 0.014795
vt 0.060751 0.014879
vt 0.060804 0.013807
vt 0.060446 0.013923
vt 0.060257 0.014921
vt 0.060037 0.013902
vt 0.059711 0.014931
vt 0.059575 0.013828
vt 0.059732 0.016139
vt 0.059858 0.013135
vt 0.060215 0.013356
vt 0.059459 0.012946
vt 0.059050 0.012841
vt 0.059102 0.013786
vt 0.059176 0.014963
vt 0.058524 0.012789
vt 0.058514 0.013797
vt 0.058493 0.015026
vt 0.059155 0.016181
vt 0.058430 0.016233
vt 0.057401 0.016317
vt 0.057537 0.015110
vt 0.056424 0.016370
vt 0.056624 0.015183
vt 0.056813 0.013912
vt 0.057642 0.013849
vt 0.056970 0.012862
vt 0.057737 0.012810
vt 0.057810 0.012211
vt 0.058587 0.012201
vt 0.057065 0.012264
vt 0.056445 0.012894
vt 0.056561 0.012306
vt 0.056266 0.013954
vt 0.056046 0.015225
vt 0.055857 0.016412
vt 0.055657 0.017588
vt 0.055447 0.018870
vt 0.055258 0.019983
vt 0.055143 0.020624
vt 0.055027 0.021002
vt 0.054891 0.021369
vt 0.054723 0.021716
vt 0.054492 0.022010
vt 0.059113 0.012274
vt 0.059533 0.012432
vt 0.059953 0.012684
vt 0.060362 0.013104
s 1
f 4/1/1 1/2/2 2/3/3 6/4/4
f 2/3/3 1/2/2 3/5/5 295/6/6
f 1/2/2 4/1/1 5/7/7 3/5/5
f 4/8/1 7/9/8 8/10/9 5/11/7
f 7/9/8 4/8/1 6/12/4 10/13/10
f 9/14/8 388/15/9 8/10/9 7/9/8
f 9/14/8 7/9/8 10/13/10 11/16/10
f 12/17/11 13/18/11 11/16/10 10/13/10
f 15/19/12 12/17/11 10/13/10 6/12/4
f 13/18/11 12/17/11 14/20/13 390/21/13
f 12/17/11 15/19/12 17/22/14 14/20/13
f 16/23/15 15/24/12 6/4/4 2/3/3
f 15/24/12 16/23/15 18/25/16 17/26/14
f 20/27/17 19/28/18 17/26/14 18/25/16
f 19/29/18 22/30/19 14/20/13 17/22/14
f 19/28/18 20/27/17 4202/31/20 21/32/21
f 22/30/19 19/29/18 21/33/21 24/34/22
f 22/30/19 23/35/19 390/21/13 14/20/13
f 23/35/19 22/30/19 24/34/22 25/36/22
f 26/37/23 27/38/23 25/36/22 24/34/22
f 29/39/24 26/37/23 24/34/22 21/33/21
f 27/38/23 26/37/23 28/40/25 450/41/25
f 26/37/23 29/39/24 31/42/26 28/40/25
f 30/43/27 29/44/24 21/32/21 4202/31/20
f 29/44/24 30/43/27 32/45/28 31/46/26
f 34/47/29 33/48/30 31/46/26 32/45/28
f 33/49/30 36/50/31 28/40/25 31/42/26
f 33/48/30 34/47/29 4243/51/32 35/52/33
f 36/50/31 33/49/30 35/53/33 38/54/34
f 36/50/31 37/55/31 450/41/25 28/40/25
f 37/55/31 36/50/31 38/54/34 39/56/34
f 41/57/35 39/56/34 38/54/34 40/58/35
f 43/59/36 40/58/35 38/54/34 35/53/33
f 41/57/35 40/58/35 42/60/37 454/61/37
f 40/58/35 43/59/36 45/62/38 42/60/37
f 43/63/36 44/64/39 46/65/40 45/66/38
f 44/64/39 43/63/36 35/52/33 4243/51/32
f 48/67/41 47/68/42 45/66/38 46/65/40
f 47/69/42 50/70/43 42/60/37 45/62/38
f 47/68/42 48/67/41 4373/71/44 49/72/45
f 50/70/43 47/69/42 49/73/45 52/74/46
f 50/70/43 51/75/47 454/61/37 42/60/37
f 51/75/47 50/70/43 52/74/46 53/76/48
f 54/77/49 55/78/49 53/76/48 52/74/46
f 57/79/50 54/77/49 52/74/46 49/73/45
f 55/78/49 54/77/49 56/80/51 499/81/52
f 54/77/49 57/79/50 59/82/53 56/80/51
f 58/83/54 57/84/50 49/72/45 4373/71/44
f 57/84/50 58/83/54 60/85/55 59/86/53
f 62/87/56 61/88/57 59/86/53 60/85/55
f 61/89/57 64/90/58 56/80/51 59/82/53
f 62/87/56 4279/91/59 63/92/60 61/88/57
f 66/93/61 64/90/58 61/89/57 63/94/60
f 65/95/62 499/81/52 56/80/51 64/90/58
f 64/90/58 66/93/61 67/96/63 65/95/62
f 68/97/64 69/98/64 67/96/63 66/93/61
f 68/97/64 66/93/61 63/94/60 71/99/65
f 69/98/64 68/97/64 70/100/66 503/101/66
f 68/97/64 71/99/65 73/102/67 70/100/66
f 4279/91/59 72/103/68 71/104/65 63/92/60
f 71/104/65 72/103/68 74/105/69 73/106/67
f 76/107/70 75/108/71 73/106/67 74/105/69
f 75/109/71 78/110/72 70/100/66 73/102/67
f 75/108/71 76/107/70 4371/111/73 77/112/74
f 78/110/72 75/109/71 77/113/74 80/114/75
f 78/110/72 79/115/72 503/101/66 70/100/66
f 79/115/72 78/110/72 80/114/75 81/116/75
f 82/117/76 83/118/76 81/116/75 80/114/75
f 85/119/77 82/117/76 80/114/75 77/113/74
f 83/118/76 82/117/76 84/120/78 1810/121/78
f 82/117/76 85/119/77 87/122/79 84/120/78
f 86/123/80 85/124/77 77/112/74 4371/111/73
f 85/124/77 86/123/80 88/125/81 87/126/79
f 90/127/82 89/128/83 87/126/79 88/125/81
f 89/129/83 92/130/84 84/120/78 87/122/79
f 89/128/83 90/127/82 4370/131/85 91/132/86
f 92/130/84 89/129/83 91/133/86 94/134/87
f 92/130/84 93/135/84 1810/121/78 84/120/78
f 93/135/84 92/130/84 94/134/87 95/136/87
f 96/137/88 97/138/88 95/136/87 94/134/87
f 99/139/89 96/137/88 94/134/87 91/133/86
f 97/138/88 96/137/88 98/140/90 1805/141/90
f 96/137/88 99/139/89 101/142/91 98/140/90
f 100/143/92 99/144/89 91/132/86 4370/131/85
f 99/144/89 100/143/92 102/145/93 101/146/91
f 104/147/94 103/148/95 101/146/91 102/145/93
f 103/149/95 106/150/96 98/140/90 101/142/91
f 104/147/94 4365/151/97 105/152/98 103/148/95
f 108/153/99 106/150/96 103/149/95 105/154/98
f 107/155/96 1805/141/90 98/140/90 106/150/96
f 106/150/96 108/153/99 109/156/100 107/155/96
f 110/157/101 111/158/101 109/156/100 108/153/99
f 110/157/101 108/153/99 105/154/98 113/159/102
f 111/158/101 110/157/101 112/160/103 1799/161/103
f 110/157/101 113/159/102 115/162/104 112/160/103
f 4365/151/97 114/163/105 113/164/102 105/152/98
f 113/164/102 114/163/105 116/165/106 115/166/104
f 118/167/107 117/168/108 115/166/104 116/165/106
f 117/169/108 120/170/109 112/160/103 115/162/104
f 117/168/108 118/167/107 4362/171/110 119/172/111
f 120/170/109 117/169/108 119/173/111 122/174/112
f 120/170/109 121/175/109 1799/161/103 112/160/103
f 121/175/109 120/170/109 122/174/112 123/176/112
f 125/177/113 123/176/112 122/174/112 124/178/113
f 127/179/114 124/178/113 122/174/112 119/173/111
f 125/180/113 124/181/113 126/182/115 1814/183/115
f 124/181/113 127/184/114 129/185/116 126/182/115
f 127/186/114 128/187/117 130/188/118 129/189/116
f 128/187/117 127/186/114 119/172/111 4362/171/110
f 132/190/119 131/191/120 129/189/116 130/188/118
f 131/192/120 134/193/121 126/182/115 129/185/116
f 131/191/120 132/190/119 4347/194/119 133/195/120
f 134/193/121 131/192/120 133/196/120 136/197/121
f 135/198/121 1814/183/115 126/182/115 134/193/121
f 135/198/121 134/193/121 136/197/121 137/199/121
f 138/200/121 139/201/121 137/199/121 136/197/121
f 141/202/120 138/200/121 136/197/121 133/196/120
f 139/201/121 138/200/121 140/203/121 1776/204/121
f 138/200/121 141/202/120 143/205/120 140/203/121
f 142/206/119 141/207/120 133/195/120 4347/194/119
f 141/207/120 142/206/119 144/208/119 143/209/120
f 146/210/122 145/211/120 143/209/120 144/208/119
f 145/212/120 148/213/121 140/203/121 143/205/120
f 145/211/120 146/210/122 4353/214/123 147/215/124
f 148/213/121 145/212/120 147/216/124 150/217/125
f 148/213/121 149/218/121 1776/204/121 140/203/121
f 149/218/121 148/213/121 150/217/125 151/219/125
f 152/220/126 153/221/126 151/219/125 150/217/125
f 155/222/127 152/220/126 150/217/125 147/216/124
f 153/221/126 152/220/126 154/223/128 1771/224/128
f 152/220/126 155/222/127 157/225/129 154/223/128
f 156/226/130 155/227/127 147/215/124 4353/214/123
f 155/227/127 156/226/130 158/228/131 157/229/129
f 160/230/132 159/231/133 157/229/129 158/228/131
f 159/232/133 162/233/134 154/223/128 157/225/129
f 159/231/133 160/230/132 4359/234/135 161/235/136
f 162/233/134 159/232/133 161/236/136 164/237/137
f 162/233/134 163/238/134 1771/224/128 154/223/128
f 163/238/134 162/233/134 164/237/137 165/239/137
f 166/240/138 167/241/139 165/239/137 164/237/137
f 169/242/140 166/240/138 164/237/137 161/236/136
f 167/241/139 166/240/138 168/243/141 1762/244/141
f 166/240/138 169/242/140 171/245/142 168/243/141
f 170/246/143 169/247/140 161/235/136 4359/234/135
f 169/247/140 170/246/143 172/248/144 171/249/142
f 174/250/145 173/251/146 171/249/142 172/248/144
f 173/252/146 176/253/147 168/243/141 171/245/142
f 173/251/146 174/250/145 4223/254/148 175/255/149
f 176/253/147 173/252/146 175/256/149 178/257/150
f 176/253/147 177/258/147 1762/244/141 168/243/141
f 177/258/147 176/253/147 178/257/150 179/259/150
f 180/260/151 181/261/151 179/259/150 178/257/150
f 183/262/152 180/260/151 178/257/150 175/256/149
f 181/261/151 180/260/151 182/263/153 1753/264/153
f 180/260/151 183/262/152 185/265/154 182/263/153
f 184/266/155 183/267/152 175/255/149 4223/254/148
f 183/267/152 184/266/155 186/268/156 185/269/154
f 188/270/157 187/271/158 185/269/154 186/268/156
f 187/272/158 190/273/159 182/263/153 185/265/154
f 187/271/158 188/270/157 4375/274/160 189/275/161
f 190/273/159 187/272/158 189/276/161 192/277/162
f 190/273/159 191/278/159 1753/264/153 182/263/153
f 191/278/159 190/273/159 192/277/162 193/279/162
f 194/280/163 195/281/163 193/279/162 192/277/162
f 197/282/164 194/280/163 192/277/162 189/276/161
f 195/281/163 194/280/163 196/283/165 1745/284/165
f 194/280/163 197/282/164 199/285/166 196/283/165
f 198/286/167 197/287/164 189/275/161 4375/274/160
f 197/287/164 198/286/167 200/288/168 199/289/166
f 202/290/169 201/291/170 199/289/166 200/288/168
f 201/292/170 204/293/171 196/283/165 199/285/166
f 201/291/170 202/290/169 256/294/172 203/295/173
f 204/293/171 201/292/170 203/296/173 206/297/174
f 204/293/171 205/298/171 1745/284/165 196/283/165
f 205/298/171 204/293/171 206/297/174 207/299/174
f 209/300/175 207/299/174 206/297/174 208/301/175
f 211/302/176 208/301/175 206/297/174 203/296/173
f 209/300/175 208/301/175 210/303/177 1717/304/177
f 208/301/175 211/302/176 213/305/178 210/303/177
f 211/306/176 212/307/179 214/308/180 213/309/178
f 212/307/179 211/306/176 203/295/173 256/294/172
f 216/310/181 215/311/182 213/309/178 214/308/180
f 215/312/182 218/313/183 210/303/177 213/305/178
f 216/310/181 230/314/184 217/315/185 215/311/182
f 220/316/183 218/313/183 215/312/182 217/317/185
f 219/318/183 1717/304/177 210/303/177 218/313/183
f 218/313/183 220/316/183 221/319/183 219/318/183
f 220/316/183 222/320/183 224/321/183 221/319/183
f 222/320/183 220/316/183 217/317/185 225/322/186
f 223/323/183 222/320/183 225/322/186 226/324/187
f 222/320/183 223/323/183 1643/325/183 224/321/183
f 227/326/188 228/327/189 226/328/187 225/329/186
f 230/314/184 227/326/188 225/329/186 217/315/185
f 228/327/189 227/326/188 229/330/190 3844/331/191
f 227/326/188 230/314/184 231/332/192 229/330/190
f 230/314/184 216/310/181 232/333/192 231/332/192
f 233/334/193 235/335/193 229/330/190 231/332/192
f 234/336/193 233/334/193 231/332/192 232/333/192
f 233/334/193 234/336/193 238/337/193 236/338/193
f 235/335/193 233/334/193 236/338/193 237/339/193
f 239/340/193 240/341/193 237/339/193 236/338/193
f 242/342/193 239/340/193 236/338/193 238/337/193
f 240/341/193 239/340/193 241/343/193 1885/344/193
f 239/340/193 242/342/193 243/345/193 241/343/193
f 242/342/193 244/346/193 245/347/193 243/345/193
f 244/346/193 242/342/193 238/337/193 247/348/193
f 244/346/193 246/349/193 275/350/193 245/347/193
f 246/349/193 244/346/193 247/348/193 249/351/193
f 248/352/193 251/353/193 249/351/193 247/348/193
f 234/336/193 248/352/193 247/348/193 238/337/193
f 270/354/193 246/349/193 249/351/193 250/355/193
f 251/353/193 252/356/193 250/355/193 249/351/193
f 252/356/193 251/353/193 253/357/194 254/358/195
f 251/353/193 248/352/193 255/359/196 253/357/194
f 212/307/179 256/294/172 254/358/195 253/357/194
f 214/308/180 212/307/179 253/357/194 255/359/196
f 216/310/181 214/308/180 255/359/196 232/333/192
f 248/352/193 234/336/193 232/333/192 255/359/196
f 256/294/172 202/290/169 257/360/197 254/358/195
f 258/361/193 252/356/193 254/358/195 257/360/197
f 202/290/169 200/288/168 259/362/198 257/360/197
f 261/363/199 258/361/193 257/360/197 259/362/198
f 200/288/168 198/286/167 260/364/200 259/362/198
f 262/365/199 261/363/199 259/362/198 260/364/200
f 261/363/199 262/365/199 265/366/193 263/367/193
f 258/361/193 261/363/199 263/367/193 264/368/193
f 266/369/193 269/370/193 264/368/193 263/367/193
f 268/371/193 266/369/193 263/367/193 265/366/193
f 271/372/193 269/370/193 266/369/193 267/373/193
f 268/371/193 4207/374/193 267/373/193 266/369/193
f 270/354/193 269/370/193 271/372/193 273/375/193
f 269/370/193 270/354/193 250/355/193 264/368/193
f 272/376/193 274/377/193 273/375/193 271/372/193
f 272/376/193 271/372/193 267/373/193 4204/378/193
f 274/377/193 276/379/193 275/350/193 273/375/193
f 246/349/193 270/354/193 273/375/193 275/350/193
f 276/379/193 278/380/193 245/347/193 275/350/193
f 278/380/193 276/379/193 277/381/193 280/382/193
f 277/381/193 276/379/193 274/377/193 290/383/193
f 278/380/193 279/384/193 243/345/193 245/347/193
f 279/384/193 278/380/193 280/382/193 281/385/193
f 282/386/193 283/387/193 281/385/193 280/382/193
f 285/388/193 282/386/193 280/382/193 277/381/193
f 283/387/193 282/386/193 284/389/201 1878/390/201
f 282/386/193 285/388/193 286/391/202 284/389/201
f 285/388/193 287/392/193 288/393/203 286/391/202
f 285/388/193 277/381/193 290/383/193 287/392/193
f 287/392/193 289/394/193 296/395/204 288/393/203
f 291/396/199 289/394/193 287/392/193 290/383/193
f 272/376/193 291/396/199 290/383/193 274/377/193
f 289/394/193 291/396/199 292/397/205 294/398/206
f 291/396/199 272/376/193 293/399/207 292/397/205
f 18/25/16 16/23/15 294/398/206 292/397/205
f 20/27/17 18/25/16 292/397/205 293/399/207
f 16/23/15 2/3/3 295/6/6 294/398/206
f 296/395/204 289/394/193 294/398/206 295/6/6
f 297/400/208 296/395/204 295/6/6 3/5/5
f 297/400/208 298/401/209 288/393/203 296/395/204
f 299/402/210 297/400/208 3/5/5 5/7/7
f 297/400/208 299/402/210 300/403/211 298/401/209
f 301/404/121 299/405/210 5/11/7 8/10/9
f 299/405/210 301/404/121 303/406/121 300/407/211
f 301/404/121 302/408/121 305/409/121 303/406/121
f 302/408/121 301/404/121 8/10/9 388/15/9
f 304/410/121 3840/411/212 300/407/211 303/406/121
f 306/412/121 304/410/121 303/406/121 305/409/121
f 310/413/213 306/412/121 305/409/121 307/414/213
f 302/408/121 308/415/213 307/414/213 305/409/121
f 308/415/213 4200/416/214 309/417/214 307/414/213
f 312/418/214 310/413/213 307/414/213 309/417/214
f 306/412/121 310/413/213 311/419/213 1895/420/121
f 310/413/213 312/418/214 313/421/214 311/419/213
f 313/422/214 312/423/214 314/424/215 315/425/215
f 312/423/214 309/426/214 317/427/216 314/424/215
f 316/428/193 3838/429/193 315/425/215 314/424/215
f 319/430/193 316/428/193 314/424/215 317/427/216
f 309/426/214 4200/431/214 318/432/216 317/427/216
f 320/433/193 319/430/193 317/427/216 318/432/216
f 320/433/193 322/434/217 321/435/217 319/430/193
f 324/436/218 316/428/193 319/430/193 321/435/217
f 322/434/217 336/437/219 323/438/220 321/435/217
f 326/439/220 324/436/218 321/435/217 323/438/220
f 316/428/193 324/436/218 325/440/218 3838/429/193
f 324/436/218 326/439/220 327/441/221 325/440/218
f 326/442/220 328/443/222 329/444/222 327/445/221
f 328/443/222 326/442/220 323/446/220 331/447/223
f 328/443/222 330/448/121 1927/449/121 329/444/222
f 330/448/121 328/443/222 331/447/223 332/450/121
f 333/451/223 334/452/121 332/450/121 331/447/223
f 336/453/219 333/451/223 331/447/223 323/446/220
f 334/452/121 333/451/223 335/454/224 2412/455/225
f 333/451/223 336/453/219 337/456/226 335/454/224
f 336/437/219 322/434/217 339/457/227 337/458/226
f 338/459/228 357/460/229 335/454/224 337/456/226
f 340/461/230 338/462/228 337/458/226 339/457/227
f 342/463/199 340/461/230 339/457/227 341/464/193
f 322/434/217 320/433/193 341/464/193 339/457/227
f 342/463/199 341/464/193 343/465/231 345/466/232
f 341/464/193 320/433/193 318/432/216 343/465/231
f 344/467/233 346/468/234 345/466/232 343/465/231
f 4200/431/214 344/467/233 343/465/231 318/432/216
f 346/468/234 348/469/235 347/470/236 345/466/232
f 350/471/199 342/463/199 345/466/232 347/470/236
f 348/469/235 383/472/237 349/473/238 347/470/236
f 351/474/193 350/471/199 347/470/236 349/473/238
f 351/474/193 353/475/239 352/476/240 350/471/199
f 340/461/230 342/463/199 350/471/199 352/476/240
f 353/475/239 355/477/241 354/478/242 352/476/240
f 338/462/228 340/461/230 352/476/240 354/478/242
f 355/479/241 359/480/243 356/481/244 354/482/242
f 357/483/229 338/484/228 354/482/242 356/481/244
f 2416/485/245 357/483/229 356/481/244 358/486/246
f 359/480/243 360/487/11 358/486/246 356/481/244
f 360/487/11 359/480/243 361/488/247 362/489/13
f 359/480/243 355/479/241 363/490/248 361/488/247
f 364/491/249 365/492/250 362/489/13 361/488/247
f 367/493/251 364/491/249 361/488/247 363/490/248
f 365/492/250 364/491/249 366/494/252 2424/495/22
f 364/491/249 367/493/251 369/496/253 366/494/252
f 367/497/251 368/498/254 371/499/255 369/500/253
f 368/498/254 367/497/251 363/501/248 4199/502/256
f 370/503/257 406/504/258 366/494/252 369/496/253
f 372/505/259 370/506/257 369/500/253 371/499/255
f 374/507/193 372/505/259 371/499/255 373/508/193
f 368/498/254 376/509/193 373/508/193 371/499/255
f 374/507/193 373/508/193 375/510/260 396/511/261
f 373/508/193 376/509/193 378/512/262 375/510/260
f 376/509/193 368/498/254 4199/502/256 377/513/199
f 376/509/193 377/513/199 380/514/263 378/512/262
f 379/515/264 393/516/265 375/510/260 378/512/262
f 381/517/266 379/515/264 378/512/262 380/514/263
f 383/472/237 381/517/266 380/514/263 349/473/238
f 377/513/199 351/474/193 349/473/238 380/514/263
f 389/518/267 379/519/264 381/520/266 382/521/268
f 383/522/237 384/523/269 382/521/268 381/520/266
f 384/523/269 383/522/237 348/524/235 385/525/270
f 384/523/269 13/18/11 390/21/13 382/521/268
f 13/18/11 384/523/269 385/525/270 11/16/10
f 386/526/271 9/14/8 11/16/10 385/525/270
f 346/527/234 386/526/271 385/525/270 348/524/235
f 9/14/8 386/526/271 387/528/272 388/15/9
f 386/526/271 346/527/234 344/529/233 387/528/272
f 308/415/213 302/408/121 388/15/9 387/528/272
f 4200/416/214 308/415/213 387/528/272 344/529/233
f 23/35/19 389/518/267 382/521/268 390/21/13
f 379/519/264 389/518/267 391/530/273 393/531/265
f 389/518/267 23/35/19 25/36/22 391/530/273
f 392/532/274 394/533/275 393/531/265 391/530/273
f 27/38/23 392/532/274 391/530/273 25/36/22
f 393/516/265 394/534/275 396/511/261 375/510/260
f 394/533/275 392/532/274 449/535/276 395/536/277
f 394/534/275 395/537/277 397/538/278 396/511/261
f 399/539/193 374/507/193 396/511/261 397/538/278
f 395/537/277 447/540/279 398/541/280 397/538/278
f 400/542/193 399/539/193 397/538/278 398/541/280
f 400/542/193 402/543/281 401/544/282 399/539/193
f 372/505/259 374/507/193 399/539/193 401/544/282
f 402/543/281 404/545/283 403/546/284 401/544/282
f 370/506/257 372/505/259 401/544/282 403/546/284
f 404/547/283 408/548/285 405/549/286 403/550/284
f 406/504/258 370/503/257 403/550/284 405/549/286
f 2425/551/23 406/504/258 405/549/286 407/552/25
f 408/548/285 409/553/287 407/552/25 405/549/286
f 409/553/287 408/548/285 410/554/288 411/555/34
f 408/548/285 404/547/283 412/556/289 410/554/288
f 413/557/290 415/558/291 411/555/34 410/554/288
f 414/559/292 413/557/290 410/554/288 412/556/289
f 413/557/290 414/559/292 418/560/293 416/561/294
f 415/558/291 413/557/290 416/561/294 417/562/295
f 419/563/296 420/564/47 417/562/295 416/561/294
f 422/565/297 419/563/296 416/561/294 418/560/293
f 420/564/47 419/563/296 421/566/298 2436/567/299
f 419/563/296 422/565/297 424/568/300 421/566/298
f 422/569/297 423/570/301 426/571/302 424/572/300
f 423/570/301 422/569/297 418/573/293 444/574/303
f 425/575/304 470/576/305 421/566/298 424/568/300
f 427/577/306 425/578/304 424/572/300 426/571/302
f 429/579/193 427/577/306 426/571/302 428/580/193
f 423/570/301 431/581/193 428/580/193 426/571/302
f 429/579/193 428/580/193 430/582/307 460/583/308
f 428/580/193 431/581/193 433/584/309 430/582/307
f 431/581/193 423/570/301 444/574/303 432/585/193
f 431/581/193 432/585/193 435/586/310 433/584/309
f 434/587/311 457/588/312 430/582/307 433/584/309
f 436/589/313 434/587/311 433/584/309 435/586/310
f 438/590/314 436/589/313 435/586/310 437/591/315
f 432/585/193 440/592/199 437/591/315 435/586/310
f 445/593/316 438/590/314 437/591/315 439/594/317
f 440/592/199 441/595/199 439/594/317 437/591/315
f 440/592/199 442/596/318 443/597/319 441/595/199
f 442/596/318 440/592/199 432/585/193 444/574/303
f 442/596/318 414/598/292 412/599/289 443/597/319
f 414/598/292 442/596/318 444/574/303 418/573/293
f 402/543/281 400/542/193 441/595/199 443/597/319
f 404/545/283 402/543/281 443/597/319 412/599/289
f 441/595/199 400/542/193 398/541/280 439/594/317
f 447/540/279 445/593/316 439/594/317 398/541/280
f 451/600/320 438/601/314 445/602/316 446/603/321
f 447/604/279 448/605/322 446/603/321 445/602/316
f 448/605/322 447/604/279 395/536/277 449/535/276
f 448/605/322 37/55/31 39/56/34 446/603/321
f 37/55/31 448/605/322 449/535/276 450/41/25
f 392/532/274 27/38/23 450/41/25 449/535/276
f 41/57/35 451/600/320 446/603/321 39/56/34
f 451/600/320 41/57/35 454/61/37 452/606/323
f 438/601/314 451/600/320 452/606/323 436/607/313
f 453/608/324 434/609/311 436/607/313 452/606/323
f 51/75/47 453/608/324 452/606/323 454/61/37
f 434/609/311 453/608/324 455/610/325 457/611/312
f 453/608/324 51/75/47 53/76/48 455/610/325
f 456/612/326 458/613/327 457/611/312 455/610/325
f 55/78/49 456/612/326 455/610/325 53/76/48
f 457/588/312 458/614/327 460/583/308 430/582/307
f 459/615/328 458/613/327 456/612/326 498/616/329
f 458/614/327 459/617/328 461/618/330 460/583/308
f 463/619/193 429/579/193 460/583/308 461/618/330
f 459/617/328 496/620/331 462/621/332 461/618/330
f 464/622/199 463/619/193 461/618/330 462/621/332
f 464/622/199 466/623/333 465/624/334 463/619/193
f 427/577/306 429/579/193 463/619/193 465/624/334
f 466/623/333 468/625/335 467/626/336 465/624/334
f 425/578/304 427/577/306 465/624/334 467/626/336
f 468/627/335 472/628/337 469/629/338 467/630/336
f 470/576/305 425/575/304 467/630/336 469/629/338
f 2437/631/339 470/576/305 469/629/338 471/632/340
f 472/628/337 473/633/341 471/632/340 469/629/338
f 473/633/341 472/628/337 474/634/342 475/635/343
f 472/628/337 468/627/335 476/636/344 474/634/342
f 477/637/345 478/638/346 475/635/343 474/634/342
f 480/639/347 477/637/345 474/634/342 476/636/344
f 478/638/346 477/637/345 479/640/348 2445/641/349
f 477/637/345 480/639/347 482/642/350 479/640/348
f 480/643/347 481/644/351 484/645/352 482/646/350
f 481/644/351 480/643/347 476/647/344 4198/648/353
f 483/649/354 517/650/355 479/640/348 482/642/350
f 485/651/356 483/652/354 482/646/350 484/645/352
f 487/653/357 485/651/356 484/645/352 486/654/193
f 481/644/351 489/655/193 486/654/193 484/645/352
f 487/653/357 486/654/193 488/656/358 507/657/359
f 486/654/193 489/655/193 491/658/360 488/656/358
f 489/655/193 481/644/351 4198/648/353 490/659/199
f 489/655/193 490/659/199 493/660/361 491/658/360
f 492/661/362 504/662/363 488/656/358 491/658/360
f 494/663/364 492/661/362 491/658/360 493/660/361
f 496/620/331 494/663/364 493/660/361 462/621/332
f 490/659/199 464/622/199 462/621/332 493/660/361
f 500/664/365 492/665/362 494/666/364 495/667/366
f 496/668/331 497/669/367 495/667/366 494/666/364
f 496/668/331 459/615/328 498/616/329 497/669/367
f 497/669/367 65/95/62 67/96/63 495/667/366
f 499/81/52 65/95/62 497/669/367 498/616/329
f 55/78/49 499/81/52 498/616/329 456/612/326
f 69/98/64 500/664/365 495/667/366 67/96/63
f 492/665/362 500/664/365 501/670/368 504/671/363
f 500/664/365 69/98/64 503/101/66 501/670/368
f 502/672/369 505/673/370 504/671/363 501/670/368
f 79/115/72 502/672/369 501/670/368 503/101/66
f 504/662/363 505/674/370 507/657/359 488/656/358
f 505/673/370 502/672/369 1813/675/371 506/676/372
f 505/674/370 506/677/372 508/678/373 507/657/359
f 510/679/193 487/653/357 507/657/359 508/678/373
f 506/677/372 1812/680/374 509/681/375 508/678/373
f 511/682/193 510/679/193 508/678/373 509/681/375
f 511/682/193 513/683/376 512/684/377 510/679/193
f 485/651/356 487/653/357 510/679/193 512/684/377
f 513/683/376 515/685/378 514/686/379 512/684/377
f 483/652/354 485/651/356 512/684/377 514/686/379
f 515/687/378 519/688/380 516/689/381 514/690/379
f 517/650/355 483/649/354 514/690/379 516/689/381
f 2446/691/382 517/650/355 516/689/381 518/692/383
f 519/688/380 520/693/384 518/692/383 516/689/381
f 520/693/384 519/688/380 521/694/385 522/695/386
f 519/688/380 515/687/378 523/696/387 521/694/385
f 524/697/388 526/698/389 522/695/386 521/694/385
f 525/699/390 524/697/388 521/694/385 523/696/387
f 524/697/388 525/699/390 530/700/391 527/701/392
f 526/698/389 524/697/388 527/701/392 528/702/393
f 528/702/393 527/701/392 529/703/394 2457/704/395
f 527/701/392 530/700/391 531/705/396 529/703/394
f 533/706/397 531/707/396 530/708/391 532/709/398
f 525/710/390 535/711/399 532/709/398 530/708/391
f 552/712/193 533/706/397 532/709/398 534/713/193
f 535/711/399 536/714/193 534/713/193 532/709/398
f 536/714/193 535/711/399 537/715/400 538/716/193
f 535/711/399 525/710/390 523/717/387 537/715/400
f 513/683/376 511/682/193 538/716/193 537/715/400
f 515/685/378 513/683/376 537/715/400 523/717/387
f 536/714/193 538/716/193 539/718/401 541/719/402
f 538/716/193 511/682/193 509/681/375 539/718/401
f 540/720/403 542/721/404 541/719/402 539/718/401
f 1812/680/374 540/720/403 539/718/401 509/681/375
f 542/721/404 544/722/405 543/723/406 541/719/402
f 546/724/199 536/714/193 541/719/402 543/723/406
f 544/722/405 1807/725/407 545/726/408 543/723/406
f 547/727/199 546/724/199 543/723/406 545/726/408
f 547/727/199 549/728/193 548/729/193 546/724/199
f 534/713/193 536/714/193 546/724/199 548/729/193
f 549/728/193 551/730/193 550/731/193 548/729/193
f 548/729/193 550/731/193 552/712/193 534/713/193
f 551/730/193 556/732/193 553/733/193 550/731/193
f 554/734/193 552/712/193 550/731/193 553/733/193
f 554/734/193 553/733/193 555/735/409 656/736/410
f 553/733/193 556/732/193 558/737/411 555/735/409
f 556/732/193 557/738/193 560/739/412 558/737/411
f 557/738/193 556/732/193 551/730/193 577/740/193
f 559/741/413 653/742/414 555/735/409 558/737/411
f 561/743/415 559/741/413 558/737/411 560/739/412
f 563/744/416 561/743/415 560/739/412 562/745/417
f 557/738/193 565/746/193 562/745/417 560/739/412
f 637/747/418 563/744/416 562/745/417 564/748/419
f 565/746/193 567/749/193 564/748/419 562/745/417
f 565/746/193 557/738/193 577/740/193 566/750/193
f 565/746/193 566/750/193 569/751/193 567/749/193
f 567/749/193 568/752/193 634/753/420 564/748/419
f 570/754/193 568/752/193 567/749/193 569/751/193
f 572/755/193 570/754/193 569/751/193 571/756/193
f 571/756/193 569/751/193 566/750/193 574/757/193
f 587/758/199 572/755/193 571/756/193 573/759/199
f 574/757/193 575/760/193 573/759/199 571/756/193
f 576/761/193 574/757/193 566/750/193 577/740/193
f 575/760/193 574/757/193 576/761/193 578/762/193
f 549/728/193 547/727/199 578/762/193 576/761/193
f 549/728/193 576/761/193 577/740/193 551/730/193
f 575/760/193 578/762/193 579/763/421 581/764/422
f 578/762/193 547/727/199 545/726/408 579/763/421
f 580/765/423 582/766/424 581/764/422 579/763/421
f 1807/725/407 580/765/423 579/763/421 545/726/408
f 582/766/424 584/767/425 583/768/426 581/764/422
f 573/759/199 575/760/193 581/764/422 583/768/426
f 584/767/425 586/769/427 585/770/428 583/768/426
f 587/758/199 573/759/199 583/768/426 585/770/428
f 586/769/427 589/771/429 588/772/430 585/770/428
f 591/773/193 587/758/199 585/770/428 588/772/430
f 589/771/429 1796/774/431 590/775/432 588/772/430
f 593/776/193 591/773/193 588/772/430 590/775/432
f 587/758/199 591/773/193 592/777/193 572/755/193
f 591/773/193 593/776/193 594/778/193 592/777/193
f 594/778/193 593/776/193 595/779/199 598/780/199
f 595/779/199 593/776/193 590/775/432 597/781/433
f 596/782/193 600/783/193 598/780/199 595/779/199
f 596/782/193 595/779/199 597/781/433 1790/784/434
f 594/778/193 598/780/199 599/785/193 629/786/193
f 598/780/199 600/783/193 601/787/193 599/785/193
f 601/787/193 600/783/193 602/788/193 603/789/193
f 600/783/193 596/782/193 605/790/193 602/788/193
f 603/789/193 602/788/193 604/791/193 613/792/357
f 607/793/193 604/791/193 602/788/193 605/790/193
f 608/794/199 607/793/193 605/790/193 606/795/199
f 596/782/193 1791/796/193 606/795/199 605/790/193
f 609/797/193 607/793/193 608/794/199 1655/798/199
f 607/793/193 609/797/193 611/799/193 610/800/193
f 607/793/193 610/800/193 613/792/357 604/791/193
f 768/801/193 612/802/193 610/800/193 611/799/193
f 610/800/193 612/802/193 614/803/193 613/792/357
f 613/792/357 614/803/193 615/804/193 603/789/193
f 616/805/435 619/806/436 615/804/193 614/803/193
f 614/803/193 612/802/193 618/807/437 616/805/435
f 617/808/438 620/809/439 619/806/436 616/805/435
f 741/810/440 617/808/438 616/805/435 618/807/437
f 620/809/439 622/811/441 621/812/442 619/806/436
f 623/813/193 615/804/193 619/806/436 621/812/442
f 622/811/441 625/814/443 624/815/444 621/812/442
f 627/816/193 623/813/193 621/812/442 624/815/444
f 625/814/443 731/817/445 626/818/446 624/815/444
f 628/819/193 627/816/193 624/815/444 626/818/446
f 623/813/193 627/816/193 599/785/193 601/787/193
f 627/816/193 628/819/193 629/786/193 599/785/193
f 629/786/193 628/819/193 630/820/193 632/821/193
f 630/820/193 628/819/193 626/818/446 631/822/447
f 568/752/193 570/754/193 632/821/193 630/820/193
f 568/752/193 630/820/193 631/822/447 634/753/420
f 632/821/193 570/754/193 572/755/193 592/777/193
f 632/821/193 592/777/193 594/778/193 629/786/193
f 633/823/448 635/824/449 634/753/420 631/822/447
f 731/817/445 633/823/448 631/822/447 626/818/446
f 635/824/449 637/747/418 564/748/419 634/753/420
f 636/825/450 635/826/449 633/827/448 729/828/451
f 635/826/449 636/825/450 638/829/452 637/830/418
f 639/831/453 563/832/416 637/830/418 638/829/452
f 643/833/454 639/831/453 638/829/452 640/834/455
f 636/825/450 642/835/456 640/834/455 638/829/452
f 643/833/454 640/834/455 641/836/455 644/837/454
f 642/835/456 724/838/456 641/836/455 640/834/455
f 643/833/454 644/837/454 646/839/457 645/840/457
f 639/831/453 643/833/454 645/840/457 648/841/458
f 715/842/459 647/843/459 645/840/457 646/839/457
f 647/843/459 649/844/460 648/841/458 645/840/457
f 649/844/460 559/845/413 561/846/415 648/841/458
f 563/832/416 639/831/453 648/841/458 561/846/415
f 559/845/413 649/844/460 650/847/461 653/848/414
f 649/844/460 647/843/459 652/849/462 650/847/461
f 651/850/463 654/851/464 653/848/414 650/847/461
f 704/852/465 651/850/463 650/847/461 652/849/462
f 653/742/414 654/853/464 656/736/410 555/735/409
f 654/851/464 651/850/463 701/854/466 655/855/467
f 656/736/410 654/853/464 655/856/467 657/857/468
f 554/734/193 656/736/410 657/857/468 658/858/193
f 659/859/469 662/860/193 658/858/193 657/857/468
f 661/861/470 659/859/469 657/857/468 655/856/467
f 663/862/193 662/860/193 659/859/469 660/863/471
f 661/861/470 696/864/472 660/863/471 659/859/469
f 664/865/473 662/860/193 663/862/193 666/866/474
f 658/858/193 662/860/193 664/865/473 667/867/475
f 665/868/476 669/869/477 667/867/475 664/865/473
f 665/868/476 664/865/473 666/866/474 678/870/478
f 554/734/193 658/858/193 667/867/475 668/871/479
f 669/869/477 670/872/480 668/871/479 667/867/475
f 665/873/476 674/874/481 671/875/482 669/876/477
f 672/877/483 670/878/480 669/876/477 671/875/482
f 2458/879/484 672/877/483 671/875/482 673/880/485
f 674/874/481 675/881/486 673/880/485 671/875/482
f 674/874/481 665/873/476 678/882/478 676/883/487
f 675/881/486 674/874/481 676/883/487 677/884/488
f 679/885/489 680/886/490 677/884/488 676/883/487
f 682/887/491 679/885/489 676/883/487 678/882/478
f 680/886/490 679/885/489 681/888/492 2466/889/493
f 679/885/489 682/887/491 684/890/494 681/888/492
f 682/891/491 683/892/495 686/893/496 684/894/494
f 683/892/495 682/891/491 678/870/478 666/866/474
f 685/895/497 2469/896/498 681/888/492 684/890/494
f 687/897/499 685/898/497 684/894/494 686/893/496
f 689/899/193 687/897/499 686/893/496 688/900/193
f 683/892/495 691/901/193 688/900/193 686/893/496
f 689/899/193 688/900/193 690/902/500 2490/903/501
f 688/900/193 691/901/193 692/904/502 690/902/500
f 691/901/193 683/892/495 666/866/474 663/862/193
f 691/901/193 663/862/193 660/863/471 692/904/502
f 693/905/503 695/906/504 690/902/500 692/904/502
f 696/864/472 693/905/503 692/904/502 660/863/471
f 694/907/505 693/908/503 696/909/472 697/910/506
f 693/908/503 694/907/505 2494/911/507 695/912/504
f 661/913/470 699/914/508 697/910/506 696/909/472
f 1198/915/490 694/907/505 697/910/506 698/916/509
f 699/914/508 700/917/510 698/916/509 697/910/506
f 700/917/510 699/914/508 701/854/466 702/918/511
f 699/914/508 661/913/470 655/855/467 701/854/466
f 651/850/463 704/852/465 702/918/511 701/854/466
f 700/917/510 702/918/511 703/919/512 1196/920/510
f 704/852/465 705/921/465 703/919/512 702/918/511
f 705/921/465 704/852/465 652/849/462 706/922/513
f 705/921/465 707/923/514 709/924/515 703/919/512
f 707/923/514 705/921/465 706/922/513 710/925/516
f 708/926/517 707/927/514 710/928/516 711/929/518
f 707/927/514 708/926/517 4194/930/519 709/931/515
f 712/932/520 713/933/521 711/929/518 710/928/516
f 715/842/459 712/934/520 710/925/516 706/922/513
f 713/933/521 712/932/520 714/935/522 716/936/523
f 712/934/520 715/842/459 646/839/457 714/937/522
f 647/843/459 715/842/459 706/922/513 652/849/462
f 717/938/524 718/939/525 716/936/523 714/935/522
f 644/837/454 717/940/524 714/937/522 646/839/457
f 718/939/525 717/938/524 719/941/526 720/942/527
f 717/940/524 644/837/454 641/836/455 719/943/526
f 721/944/528 722/945/529 720/942/527 719/941/526
f 724/838/456 721/946/528 719/943/526 641/836/455
f 722/945/529 721/944/528 723/947/530 1083/948/531
f 721/946/528 724/838/456 725/949/532 723/950/530
f 724/838/456 642/835/456 727/951/533 725/949/532
f 726/952/534 1082/953/535 723/950/530 725/949/532
f 728/954/536 726/952/534 725/949/532 727/951/533
f 730/955/537 728/954/536 727/951/533 729/828/451
f 642/835/456 636/825/450 729/828/451 727/951/533
f 731/956/445 730/955/537 729/828/451 633/827/448
f 730/955/537 731/956/445 625/957/443 732/958/538
f 728/954/536 730/955/537 732/958/538 733/959/539
f 734/960/540 735/961/541 733/959/539 732/958/538
f 622/962/441 734/960/540 732/958/538 625/957/443
f 734/960/540 622/962/441 620/963/439 736/964/542
f 735/961/541 734/960/540 736/964/542 737/965/543
f 739/966/544 737/965/543 736/964/542 738/967/545
f 617/968/438 738/967/545 736/964/542 620/963/439
f 741/969/440 740/970/546 738/967/545 617/968/438
f 740/970/546 742/971/547 739/966/544 738/967/545
f 741/969/440 745/972/548 743/973/549 740/970/546
f 746/974/550 742/971/547 740/970/546 743/973/549
f 743/973/549 744/975/551 748/976/552 746/974/550
f 744/975/551 743/973/549 745/972/548 757/977/553
f 1091/978/547 742/971/547 746/974/550 747/979/550
f 747/979/550 746/974/550 748/976/552 749/980/552
f 750/981/554 752/982/554 749/980/552 748/976/552
f 750/981/554 748/976/552 744/975/551 753/983/555
f 750/984/554 753/985/555 754/986/556 751/987/557
f 750/984/554 751/987/557 1053/988/557 752/989/554
f 753/985/555 755/990/558 756/991/559 754/986/556
f 757/977/553 755/992/558 753/983/555 744/975/551
f 756/993/559 755/994/558 758/995/560 759/996/561
f 755/994/558 757/997/553 761/998/562 758/995/560
f 760/999/193 791/1000/193 759/996/561 758/995/560
f 763/1001/193 760/999/193 758/995/560 761/998/562
f 761/998/562 762/1002/563 765/1003/193 763/1001/193
f 762/1002/563 761/998/562 757/997/553 745/1004/548
f 760/999/193 763/1001/193 764/1005/193 788/1006/193
f 766/1007/193 764/1005/193 763/1001/193 765/1003/193
f 765/1003/193 612/802/193 768/801/193 766/1007/193
f 612/802/193 765/1003/193 762/1002/563 618/807/437
f 764/1005/193 766/1007/193 767/1008/193 787/1009/193
f 769/1010/193 767/1008/193 766/1007/193 768/801/193
f 769/1010/193 768/801/193 611/799/193 770/1011/193
f 769/1010/193 770/1011/193 773/1012/564 771/1013/565
f 767/1008/193 769/1010/193 771/1013/565 774/1014/566
f 772/1015/567 776/1016/568 774/1014/566 771/1013/565
f 1633/1017/569 772/1015/567 771/1013/565 773/1012/564
f 767/1008/193 774/1014/566 775/1018/570 787/1009/193
f 775/1018/570 774/1014/566 776/1016/568 778/1019/571
f 776/1020/568 772/1021/567 1631/1022/572 777/1023/573
f 776/1020/568 777/1023/573 779/1024/574 778/1025/571
f 780/1026/575 778/1025/571 779/1024/574 782/1027/576
f 783/1028/577 775/1018/570 778/1019/571 780/1029/575
f 780/1029/575 781/1030/578 784/1031/579 783/1028/577
f 781/1032/578 780/1026/575 782/1027/576 1452/1033/580
f 785/1034/193 787/1009/193 775/1018/570 783/1028/577
f 786/1035/193 785/1034/193 783/1028/577 784/1031/579
f 786/1035/193 789/1036/193 788/1006/193 785/1034/193
f 764/1005/193 787/1009/193 785/1034/193 788/1006/193
f 789/1036/193 793/1037/199 790/1038/193 788/1006/193
f 760/999/193 788/1006/193 790/1038/193 791/1000/193
f 791/1000/193 790/1038/193 792/1039/193 811/1040/193
f 790/1038/193 793/1037/199 795/1041/193 792/1039/193
f 789/1036/193 3851/1042/193 794/1043/193 793/1037/199
f 793/1037/199 794/1043/193 797/1044/193 795/1041/193
f 796/1045/199 809/1046/193 792/1039/193 795/1041/193
f 796/1045/199 795/1041/193 797/1044/193 799/1047/193
f 797/1044/193 794/1043/193 3852/1048/199 798/1049/193
f 798/1049/193 800/1050/193 799/1047/193 797/1044/193
f 800/1050/193 802/1051/199 801/1052/193 799/1047/193
f 804/1053/193 796/1045/199 799/1047/193 801/1052/193
f 802/1051/199 3933/1054/199 803/1055/193 801/1052/193
f 805/1056/193 804/1053/193 801/1052/193 803/1055/193
f 805/1056/193 807/1057/193 806/1058/193 804/1053/193
f 809/1046/193 796/1045/199 804/1053/193 806/1058/193
f 807/1057/193 831/1059/193 808/1060/193 806/1058/193
f 810/1061/193 809/1046/193 806/1058/193 808/1060/193
f 809/1046/193 810/1061/193 811/1040/193 792/1039/193
f 811/1040/193 810/1061/193 812/1062/581 815/1063/582
f 810/1061/193 808/1060/193 814/1064/581 812/1062/581
f 813/1065/583 816/1066/584 815/1063/582 812/1062/581
f 823/1067/583 813/1065/583 812/1062/581 814/1064/581
f 791/1000/193 811/1040/193 815/1063/582 759/996/561
f 759/996/561 815/1063/582 816/1066/584 756/993/559
f 813/1068/583 819/1069/585 817/1070/586 816/1071/584
f 816/1071/584 817/1070/586 754/986/556 756/991/559
f 818/1072/587 751/987/557 754/986/556 817/1070/586
f 819/1069/585 820/1073/587 818/1072/587 817/1070/586
f 820/1073/587 819/1069/585 821/1074/585 822/1075/587
f 819/1069/585 813/1068/583 823/1076/583 821/1074/585
f 824/1077/585 825/1078/587 822/1075/587 821/1074/585
f 827/1079/588 824/1077/585 821/1074/585 823/1076/583
f 825/1078/587 824/1077/585 826/1080/585 1041/1081/587
f 824/1077/585 827/1079/588 828/1082/583 826/1080/585
f 828/1083/583 827/1084/588 829/1085/581 830/1086/581
f 827/1084/588 823/1067/583 814/1064/581 829/1085/581
f 831/1059/193 832/1087/193 830/1086/581 829/1085/581
f 808/1060/193 831/1059/193 829/1085/581 814/1064/581
f 831/1059/193 807/1057/193 834/1088/193 832/1087/193
f 832/1087/193 833/1089/193 854/1090/581 830/1086/581
f 835/1091/193 833/1089/193 832/1087/193 834/1088/193
f 837/1092/193 835/1091/193 834/1088/193 836/1093/193
f 807/1057/193 805/1056/193 836/1093/193 834/1088/193
f 837/1092/193 836/1093/193 838/1094/193 840/1095/193
f 836/1093/193 805/1056/193 803/1055/193 838/1094/193
f 839/1096/199 841/1097/199 840/1095/193 838/1094/193
f 3933/1054/199 839/1096/199 838/1094/193 803/1055/193
f 841/1097/199 843/1098/199 842/1099/193 840/1095/193
f 845/1100/193 837/1092/193 840/1095/193 842/1099/193
f 843/1098/199 3939/1101/199 844/1102/193 842/1099/193
f 846/1103/193 845/1100/193 842/1099/193 844/1102/193
f 846/1103/193 848/1104/193 847/1105/193 845/1100/193
f 835/1091/193 837/1092/193 845/1100/193 847/1105/193
f 848/1104/193 850/1106/193 849/1107/193 847/1105/193
f 833/1089/193 835/1091/193 847/1105/193 849/1107/193
f 849/1107/193 850/1106/193 853/1108/581 851/1109/581
f 833/1089/193 849/1107/193 851/1109/581 854/1090/581
f 852/1110/589 855/1111/583 854/1090/581 851/1109/581
f 861/1112/588 852/1110/589 851/1109/581 853/1108/581
f 855/1111/583 828/1083/583 830/1086/581 854/1090/581
f 855/1113/583 856/1114/585 826/1080/585 828/1082/583
f 856/1114/585 855/1113/583 852/1115/589 858/1116/585
f 856/1114/585 857/1117/587 1041/1081/587 826/1080/585
f 857/1117/587 856/1114/585 858/1116/585 859/1118/587
f 860/1119/585 862/1120/587 859/1118/587 858/1116/585
f 861/1121/588 860/1119/585 858/1116/585 852/1115/589
f 860/1119/585 861/1121/588 865/1122/590 863/1123/591
f 862/1120/587 860/1119/585 863/1123/591 864/1124/592
f 866/1125/593 867/1126/594 864/1124/592 863/1123/591
f 869/1127/595 866/1125/593 863/1123/591 865/1122/590
f 867/1126/594 866/1125/593 868/1128/596 1018/1129/597
f 866/1125/593 869/1127/595 870/1130/598 868/1128/596
f 870/1131/598 869/1132/595 871/1133/599 872/1134/600
f 869/1132/595 865/1135/590 874/1136/601 871/1133/599
f 873/1137/193 891/1138/199 872/1134/600 871/1133/599
f 875/1139/193 873/1137/193 871/1133/599 874/1136/601
f 865/1135/590 861/1112/588 853/1108/581 874/1136/601
f 850/1106/193 875/1139/193 874/1136/601 853/1108/581
f 877/1140/193 873/1137/193 875/1139/193 876/1141/199
f 850/1106/193 848/1104/193 876/1141/199 875/1139/193
f 879/1142/193 877/1140/193 876/1141/199 878/1143/193
f 848/1104/193 846/1103/193 878/1143/193 876/1141/199
f 879/1142/193 878/1143/193 880/1144/193 882/1145/193
f 878/1143/193 846/1103/193 844/1102/193 880/1144/193
f 881/1146/199 883/1147/199 882/1145/193 880/1144/193
f 3939/1101/199 881/1146/199 880/1144/193 844/1102/193
f 883/1147/199 885/1148/199 884/1149/193 882/1145/193
f 887/1150/199 879/1142/193 882/1145/193 884/1149/193
f 885/1148/199 916/1151/193 886/1152/193 884/1149/193
f 888/1153/193 887/1150/199 884/1149/193 886/1152/193
f 888/1153/193 890/1154/193 889/1155/193 887/1150/199
f 877/1140/193 879/1142/193 887/1150/199 889/1155/193
f 890/1154/193 892/1156/193 891/1138/199 889/1155/193
f 873/1137/193 877/1140/193 889/1155/193 891/1138/199
f 891/1138/199 892/1156/193 894/1157/602 872/1134/600
f 892/1156/193 890/1154/193 4197/1158/199 893/1159/193
f 892/1156/193 893/1159/193 896/1160/603 894/1157/602
f 895/1161/604 870/1131/598 872/1134/600 894/1157/602
f 897/1162/605 895/1161/604 894/1157/602 896/1160/603
f 899/1163/606 897/1162/605 896/1160/603 898/1164/607
f 893/1159/193 901/1165/193 898/1164/607 896/1160/603
f 1004/1166/608 899/1163/606 898/1164/607 900/1167/609
f 901/1165/193 903/1168/610 900/1167/609 898/1164/607
f 901/1165/193 902/1169/199 905/1170/611 903/1168/610
f 902/1169/199 901/1165/193 893/1159/193 4197/1158/199
f 903/1168/610 904/1171/612 1001/1172/613 900/1167/609
f 906/1173/614 904/1171/612 903/1168/610 905/1170/611
f 908/1174/615 906/1173/614 905/1170/611 907/1175/616
f 902/1169/199 910/1176/199 907/1175/616 905/1170/611
f 908/1174/615 907/1175/616 909/1177/193 927/1178/617
f 907/1175/616 910/1176/199 912/1179/193 909/1177/193
f 910/1176/199 902/1169/199 4197/1158/199 911/1180/193
f 910/1176/199 911/1180/193 914/1181/193 912/1179/193
f 913/1182/193 925/1183/193 909/1177/193 912/1179/193
f 915/1184/193 913/1182/193 912/1179/193 914/1181/193
f 916/1151/193 915/1184/193 914/1181/193 886/1152/193
f 911/1180/193 888/1153/193 886/1152/193 914/1181/193
f 915/1184/193 916/1151/193 919/1185/618 917/1186/618
f 913/1182/193 915/1184/193 917/1186/618 920/1187/619
f 918/1188/620 921/1189/621 920/1187/619 917/1186/618
f 3946/1190/621 918/1188/620 917/1186/618 919/1185/618
f 921/1189/621 923/1191/621 922/1192/619 920/1187/619
f 925/1183/193 913/1182/193 920/1187/619 922/1192/619
f 923/1191/621 4022/1193/621 924/1194/619 922/1192/619
f 926/1195/199 925/1183/193 922/1192/619 924/1194/619
f 925/1183/193 926/1195/199 927/1178/617 909/1177/193
f 926/1195/199 928/1196/199 929/1197/622 927/1178/617
f 928/1196/199 926/1195/199 924/1194/619 931/1198/623
f 928/1196/199 930/1199/624 991/1200/625 929/1197/622
f 930/1199/624 928/1196/199 931/1198/623 933/1201/626
f 932/1202/627 934/1203/628 933/1201/626 931/1198/623
f 4022/1193/621 932/1202/627 931/1198/623 924/1194/619
f 934/1203/628 936/1204/629 935/1205/630 933/1201/626
f 938/1206/624 930/1199/624 933/1201/626 935/1205/630
f 936/1204/629 4015/1207/631 937/1208/632 935/1205/630
f 940/1209/633 938/1206/624 935/1205/630 937/1208/632
f 930/1199/624 938/1206/624 939/1210/634 991/1200/625
f 938/1206/624 940/1209/633 941/1211/635 939/1210/634
f 940/1209/633 942/1212/636 943/1213/637 941/1211/635
f 942/1212/636 940/1209/633 937/1208/632 945/1214/638
f 942/1212/636 944/1215/639 988/1216/640 943/1213/637
f 944/1215/639 942/1212/636 945/1214/638 947/1217/641
f 946/1218/642 948/1219/643 947/1217/641 945/1214/638
f 4015/1207/631 946/1218/642 945/1214/638 937/1208/632
f 948/1219/643 950/1220/644 949/1221/645 947/1217/641
f 952/1222/646 944/1215/639 947/1217/641 949/1221/645
f 950/1220/644 4037/1223/647 951/1224/648 949/1221/645
f 954/1225/649 952/1222/646 949/1221/645 951/1224/648
f 944/1215/639 952/1222/646 953/1226/650 988/1216/640
f 952/1222/646 954/1225/649 955/1227/651 953/1226/650
f 955/1227/651 954/1225/649 951/1224/648 957/1228/652
f 956/1229/653 987/1230/654 953/1226/650 955/1227/651
f 956/1229/653 955/1227/651 957/1228/652 959/1231/655
f 958/1232/656 960/1233/657 959/1231/655 957/1228/652
f 4037/1223/647 958/1232/656 957/1228/652 951/1224/648
f 960/1233/657 962/1234/658 961/1235/659 959/1231/655
f 964/1236/660 956/1229/653 959/1231/655 961/1235/659
f 962/1234/658 1139/1237/661 963/1238/662 961/1235/659
f 966/1239/663 964/1236/660 961/1235/659 963/1238/662
f 956/1229/653 964/1236/660 965/1240/664 987/1230/654
f 964/1236/660 966/1239/663 967/1241/665 965/1240/664
f 967/1241/665 966/1239/663 963/1238/662 969/1242/666
f 968/1243/667 986/1244/668 965/1240/664 967/1241/665
f 968/1243/667 967/1241/665 969/1242/666 971/1245/669
f 970/1246/670 972/1247/671 971/1245/669 969/1242/666
f 1139/1237/661 970/1246/670 969/1242/666 963/1238/662
f 972/1247/671 974/1248/672 973/1249/673 971/1245/669
f 976/1250/674 968/1243/667 971/1245/669 973/1249/673
f 974/1248/672 1130/1251/675 975/1252/676 973/1249/673
f 978/1253/677 976/1250/674 973/1249/673 975/1252/676
f 968/1243/667 976/1250/674 977/1254/678 986/1244/668
f 976/1250/674 978/1253/677 980/1255/679 977/1254/678
f 979/1256/680 978/1253/677 975/1252/676 998/1257/681
f 978/1253/677 979/1256/680 981/1258/682 980/1255/679
f 983/1259/683 982/1260/684 980/1255/679 981/1258/682
f 982/1260/684 984/1261/685 977/1254/678 980/1255/679
f 982/1260/684 983/1259/683 939/1210/634 941/1211/635
f 984/1261/685 982/1260/684 941/1211/635 943/1213/637
f 984/1261/685 985/1262/686 986/1244/668 977/1254/678
f 985/1262/686 984/1261/685 943/1213/637 988/1216/640
f 986/1244/668 985/1262/686 987/1230/654 965/1240/664
f 987/1230/654 985/1262/686 988/1216/640 953/1226/650
f 983/1259/683 989/1263/687 991/1200/625 939/1210/634
f 989/1263/687 983/1259/683 981/1258/682 992/1264/688
f 989/1263/687 992/1264/688 993/1265/689 990/1266/690
f 989/1263/687 990/1266/690 929/1197/622 991/1200/625
f 992/1264/688 994/1267/691 995/1268/692 993/1265/689
f 979/1256/680 994/1267/691 992/1264/688 981/1258/682
f 995/1268/692 994/1267/691 996/1269/693 999/1270/694
f 994/1267/691 979/1256/680 998/1257/681 996/1269/693
f 997/1271/695 1000/1272/696 999/1270/694 996/1269/693
f 1128/1273/697 997/1271/695 996/1269/693 998/1257/681
f 1000/1272/696 1002/1274/698 1001/1172/613 999/1270/694
f 904/1171/612 995/1268/692 999/1270/694 1001/1172/613
f 1002/1274/698 1004/1166/608 900/1167/609 1001/1172/613
f 1003/1275/699 1002/1276/698 1000/1277/696 1124/1278/700
f 1002/1276/698 1003/1275/699 1005/1279/701 1004/1280/608
f 1006/1281/702 899/1282/606 1004/1280/608 1005/1279/701
f 1010/1283/703 1006/1281/702 1005/1279/701 1007/1284/704
f 1003/1275/699 1009/1285/705 1007/1284/704 1005/1279/701
f 1011/1286/703 1010/1283/703 1007/1284/704 1008/1287/704
f 1009/1285/705 1119/1288/705 1008/1287/704 1007/1284/704
f 1010/1283/703 1011/1286/703 1013/1289/706 1012/1290/706
f 1006/1281/702 1010/1283/703 1012/1290/706 1015/1291/707
f 1017/1292/708 1014/1293/708 1012/1290/706 1013/1289/706
f 1014/1293/708 1016/1294/709 1015/1291/707 1012/1290/706
f 1016/1294/709 895/1295/604 897/1296/605 1015/1291/707
f 899/1282/606 1006/1281/702 1015/1291/707 897/1296/605
f 895/1295/604 1016/1294/709 868/1128/596 870/1130/598
f 1016/1294/709 1014/1293/708 1018/1129/597 868/1128/596
f 1014/1293/708 1017/1292/708 1019/1297/710 1018/1129/597
f 867/1126/594 1018/1129/597 1019/1297/710 1020/1298/594
f 1017/1292/708 1023/1299/711 1021/1300/712 1019/1297/710
f 1024/1301/713 1020/1298/594 1019/1297/710 1021/1300/712
f 1025/1302/714 1024/1303/713 1021/1304/712 1022/1305/715
f 1023/1306/711 1109/1307/716 1022/1305/715 1021/1304/712
f 1024/1303/713 1025/1302/714 1027/1308/717 1026/1309/718
f 1020/1298/594 1024/1301/713 1026/1310/718 1029/1311/592
f 1099/1312/719 1028/1313/720 1026/1309/718 1027/1308/717
f 1028/1314/720 1030/1315/587 1029/1311/592 1026/1310/718
f 867/1126/594 1020/1298/594 1029/1311/592 864/1124/592
f 1030/1315/587 862/1120/587 864/1124/592 1029/1311/592
f 862/1120/587 1030/1315/587 1031/1316/587 859/1118/587
f 1030/1315/587 1028/1314/720 1033/1317/721 1031/1316/587
f 857/1117/587 859/1118/587 1031/1316/587 1032/1318/587
f 1035/1319/722 1032/1318/587 1031/1316/587 1033/1317/721
f 1036/1320/723 1035/1321/722 1033/1322/721 1034/1323/724
f 1028/1313/720 1099/1312/719 1034/1323/724 1033/1322/721
f 1035/1321/722 1036/1320/723 1038/1324/725 1037/1325/726
f 1032/1318/587 1035/1319/722 1037/1326/726 1040/1327/587
f 1079/1328/727 1039/1329/728 1037/1325/726 1038/1324/725
f 1039/1330/728 1042/1331/587 1040/1327/587 1037/1326/726
f 857/1117/587 1032/1318/587 1040/1327/587 1041/1081/587
f 825/1078/587 1041/1081/587 1040/1327/587 1042/1331/587
f 825/1078/587 1042/1331/587 1043/1332/587 822/1075/587
f 1042/1331/587 1039/1330/728 1045/1333/729 1043/1332/587
f 820/1073/587 822/1075/587 1043/1332/587 1044/1334/587
f 1047/1335/730 1044/1334/587 1043/1332/587 1045/1333/729
f 1048/1336/731 1047/1337/730 1045/1338/729 1046/1339/732
f 1039/1329/728 1079/1328/727 1046/1339/732 1045/1338/729
f 1047/1337/730 1048/1336/731 1050/1340/733 1049/1341/734
f 1044/1334/587 1047/1335/730 1049/1342/734 1052/1343/587
f 1049/1341/734 1050/1340/733 1054/1344/735 1051/1345/736
f 1049/1342/734 1051/1346/736 1053/988/557 1052/1343/587
f 820/1073/587 1044/1334/587 1052/1343/587 818/1072/587
f 818/1072/587 1052/1343/587 1053/988/557 751/987/557
f 1055/1347/737 752/989/554 1053/988/557 1051/1346/736
f 1056/1348/738 1055/1349/737 1051/1345/736 1054/1344/735
f 1056/1348/738 1059/1350/739 1057/1351/740 1055/1349/737
f 749/980/552 752/982/554 1055/1352/737 1057/1353/740
f 1057/1353/740 1058/1354/741 747/979/550 749/980/552
f 1058/1355/741 1057/1351/740 1059/1350/739 1061/1356/742
f 1059/1350/739 1056/1348/738 1054/1344/735 1060/1357/743
f 1059/1350/739 1060/1357/743 1062/1358/744 1061/1356/742
f 1063/1359/745 1061/1356/742 1062/1358/744 1065/1360/746
f 1061/1356/742 1063/1359/745 1064/1361/747 1058/1355/741
f 1064/1361/747 1063/1359/745 1065/1360/746 1066/1362/748
f 1066/1362/748 1065/1360/746 1067/1363/749 1068/1364/750
f 1070/1365/751 1067/1363/749 1065/1360/746 1062/1358/744
f 1069/1366/752 1086/1367/753 1068/1364/750 1067/1363/749
f 1072/1368/754 1069/1366/752 1067/1363/749 1070/1365/751
f 1070/1365/751 1071/1369/755 1074/1370/756 1072/1368/754
f 1060/1357/743 1071/1369/755 1070/1365/751 1062/1358/744
f 1069/1366/752 1072/1368/754 1073/1371/757 1084/1372/758
f 1074/1370/756 1075/1373/759 1073/1371/757 1072/1368/754
f 1074/1370/756 1048/1336/731 1046/1339/732 1075/1373/759
f 1048/1336/731 1074/1370/756 1071/1369/755 1050/1340/733
f 1073/1371/757 1075/1373/759 1076/1374/760 1078/1375/761
f 1079/1328/727 1076/1374/760 1075/1373/759 1046/1339/732
f 1076/1374/760 1079/1328/727 1038/1324/725 1077/1376/762
f 1076/1374/760 1077/1376/762 1080/1377/763 1078/1375/761
f 1081/1378/764 1078/1375/761 1080/1377/763 1083/948/531
f 1078/1375/761 1081/1378/764 1084/1372/758 1073/1371/757
f 1081/1378/764 1082/1379/535 1085/1380/765 1084/1372/758
f 1082/1379/535 1081/1378/764 1083/948/531 723/947/530
f 1086/1367/753 1069/1366/752 1084/1372/758 1085/1380/765
f 1088/1381/541 1086/1382/753 1085/1383/765 1087/1384/539
f 1082/953/535 726/952/534 1087/1384/539 1085/1383/765
f 735/961/541 1088/1381/541 1087/1384/539 733/959/539
f 726/952/534 728/954/536 733/959/539 1087/1384/539
f 1088/1381/541 735/961/541 737/965/543 1089/1385/543
f 1086/1382/753 1088/1381/541 1089/1385/543 1068/1386/750
f 1066/1387/748 1068/1386/750 1089/1385/543 1090/1388/544
f 739/966/544 1090/1388/544 1089/1385/543 737/965/543
f 742/971/547 1091/978/547 1090/1388/544 739/966/544
f 1091/978/547 1064/1389/747 1066/1387/748 1090/1388/544
f 1091/978/547 747/979/550 1058/1354/741 1064/1389/747
f 1092/1390/766 722/945/529 1083/948/531 1080/1377/763
f 1080/1377/763 1077/1376/762 1094/1391/767 1092/1390/766
f 722/945/529 1092/1390/766 1093/1392/768 720/942/527
f 1094/1391/767 1095/1393/769 1093/1392/768 1092/1390/766
f 1094/1391/767 1036/1320/723 1034/1323/724 1095/1393/769
f 1036/1320/723 1094/1391/767 1077/1376/762 1038/1324/725
f 1093/1392/768 1095/1393/769 1096/1394/770 1097/1395/771
f 1099/1312/719 1096/1394/770 1095/1393/769 1034/1323/724
f 1098/1396/772 1100/1397/773 1097/1395/771 1096/1394/770
f 1096/1394/770 1099/1312/719 1027/1308/717 1098/1396/772
f 1100/1397/773 1098/1396/772 1101/1398/774 1103/1399/775
f 1025/1302/714 1101/1398/774 1098/1396/772 1027/1308/717
f 1101/1398/774 1025/1302/714 1022/1305/715 1102/1400/776
f 1101/1398/774 1102/1400/776 1104/1401/777 1103/1399/775
f 713/933/521 1103/1399/775 1104/1401/777 711/929/518
f 1103/1399/775 713/933/521 716/936/523 1100/1397/773
f 1104/1401/777 1102/1400/776 1107/1402/778 1105/1403/779
f 1105/1403/779 708/926/517 711/929/518 1104/1401/777
f 708/926/517 1105/1403/779 1106/1404/780 4194/930/519
f 1107/1402/778 1108/1405/781 1106/1404/780 1105/1403/779
f 1107/1402/778 1109/1307/716 1110/1406/782 1108/1405/781
f 1109/1307/716 1107/1402/778 1102/1400/776 1022/1305/715
f 1109/1307/716 1023/1306/711 1112/1407/783 1110/1406/782
f 1111/1408/784 4196/1409/785 1108/1405/781 1110/1406/782
f 1113/1410/786 1111/1408/784 1110/1406/782 1112/1407/783
f 1011/1286/703 1113/1411/786 1112/1412/783 1013/1289/706
f 1023/1299/711 1017/1292/708 1013/1289/706 1112/1412/783
f 1111/1408/784 1113/1410/786 1114/1413/787 1115/1414/788
f 1113/1411/786 1011/1286/703 1008/1287/704 1114/1415/787
f 1116/1416/789 1117/1417/790 1115/1414/788 1114/1413/787
f 1119/1288/705 1116/1418/789 1114/1415/787 1008/1287/704
f 1117/1417/790 1116/1416/789 1118/1419/791 1178/1420/792
f 1116/1418/789 1119/1288/705 1120/1421/793 1118/1422/791
f 1119/1288/705 1009/1285/705 1122/1423/793 1120/1421/793
f 1121/1424/794 1176/1425/795 1118/1422/791 1120/1421/793
f 1123/1426/794 1121/1424/794 1120/1421/793 1122/1423/793
f 1125/1427/796 1123/1426/794 1122/1423/793 1124/1278/700
f 1009/1285/705 1003/1275/699 1124/1278/700 1122/1423/793
f 997/1428/695 1125/1427/796 1124/1278/700 1000/1277/696
f 1125/1427/796 997/1428/695 1128/1429/697 1126/1430/797
f 1123/1426/794 1125/1427/796 1126/1430/797 1127/1431/798
f 1129/1432/799 1131/1433/800 1127/1431/798 1126/1430/797
f 1130/1434/675 1129/1432/799 1126/1430/797 1128/1429/697
f 1129/1432/799 1130/1434/675 974/1435/672 1132/1436/801
f 1131/1433/800 1129/1432/799 1132/1436/801 1133/1437/802
f 1134/1438/803 1135/1439/804 1133/1437/802 1132/1436/801
f 972/1440/671 1134/1438/803 1132/1436/801 974/1435/672
f 1135/1439/804 1134/1438/803 1136/1441/805 1137/1442/806
f 1134/1438/803 972/1440/671 970/1443/670 1136/1441/805
f 1138/1444/807 1140/1445/808 1137/1442/806 1136/1441/805
f 1139/1446/661 1138/1444/807 1136/1441/805 970/1443/670
f 1139/1446/661 962/1447/658 1141/1448/809 1138/1444/807
f 1143/1449/810 1140/1445/808 1138/1444/807 1141/1448/809
f 962/1447/658 960/1450/657 1142/1451/811 1141/1448/809
f 1145/1452/812 1143/1449/810 1141/1448/809 1142/1451/811
f 1140/1445/808 1143/1449/810 1144/1453/810 1162/1454/808
f 1145/1452/812 1146/1455/812 1144/1453/810 1143/1449/810
f 1146/1455/812 1145/1452/812 1147/1456/813 1150/1457/814
f 1145/1452/812 1142/1451/811 1148/1458/815 1147/1456/813
f 4011/1459/816 1149/1460/817 1147/1456/813 1148/1458/815
f 1151/1461/817 1150/1457/814 1147/1456/813 1149/1460/817
f 1150/1457/814 1151/1461/817 1154/1462/818 1152/1463/819
f 1146/1455/812 1150/1457/814 1152/1463/819 1155/1464/820
f 1153/1465/821 1156/1466/822 1155/1467/820 1152/1468/819
f 4038/1469/823 1153/1465/821 1152/1468/819 1154/1470/818
f 1155/1467/820 1156/1466/822 1158/1471/824 1157/1472/825
f 1146/1455/812 1155/1464/820 1157/1473/825 1144/1453/810
f 1160/1474/826 1159/1475/827 1157/1472/825 1158/1471/824
f 1159/1476/827 1162/1454/808 1144/1453/810 1157/1473/825
f 1160/1474/826 4066/1477/828 1161/1478/829 1159/1475/827
f 1163/1479/806 1162/1454/808 1159/1476/827 1161/1480/829
f 1162/1454/808 1163/1479/806 1137/1442/806 1140/1445/808
f 1164/1481/804 1135/1439/804 1137/1442/806 1163/1479/806
f 1164/1481/804 1163/1479/806 1161/1480/829 1166/1482/830
f 1135/1439/804 1164/1481/804 1165/1483/802 1133/1437/802
f 1164/1481/804 1166/1482/830 1168/1484/831 1165/1483/802
f 4066/1477/828 1167/1485/832 1166/1486/830 1161/1478/829
f 1166/1486/830 1167/1485/832 1169/1487/833 1168/1488/831
f 1171/1489/834 1170/1490/835 1168/1488/831 1169/1487/833
f 1170/1491/835 1173/1492/800 1165/1483/802 1168/1484/831
f 1170/1490/835 1171/1489/834 1175/1493/836 1172/1494/837
f 1173/1492/800 1170/1491/835 1172/1495/837 1174/1496/798
f 1173/1492/800 1131/1433/800 1133/1437/802 1165/1483/802
f 1131/1433/800 1173/1492/800 1174/1496/798 1127/1431/798
f 1121/1424/794 1123/1426/794 1127/1431/798 1174/1496/798
f 1176/1425/795 1121/1424/794 1174/1496/798 1172/1495/837
f 1177/1497/838 1176/1498/795 1172/1494/837 1175/1493/836
f 1176/1498/795 1177/1497/838 1178/1420/792 1118/1419/791
f 1177/1497/838 1179/1499/839 1182/1500/840 1178/1420/792
f 1179/1499/839 1177/1497/838 1175/1493/836 1180/1501/841
f 1179/1499/839 1180/1501/841 4064/1502/842 1181/1503/843
f 1183/1504/844 1182/1500/840 1179/1499/839 1181/1503/843
f 1182/1500/840 1183/1504/844 1186/1505/845 1184/1506/846
f 1184/1506/846 1117/1417/790 1178/1420/792 1182/1500/840
f 1117/1417/790 1184/1506/846 1185/1507/847 1115/1414/788
f 1187/1508/848 1185/1507/847 1184/1506/846 1186/1505/845
f 1186/1505/845 1188/1509/849 1191/1510/850 1187/1508/848
f 1188/1509/849 1186/1505/845 1183/1504/844 1190/1511/851
f 1188/1509/849 1189/1512/852 1193/1513/853 1191/1510/850
f 1189/1512/852 1188/1509/849 1190/1511/851 1202/1514/854
f 1192/1515/855 4195/1516/856 1187/1508/848 1191/1510/850
f 1194/1517/857 1192/1515/855 1191/1510/850 1193/1513/853
f 1196/920/510 1194/1518/857 1193/1519/853 1195/1520/509
f 1189/1521/852 1197/1522/490 1195/1520/509 1193/1519/853
f 700/917/510 1196/920/510 1195/1520/509 698/916/509
f 1197/1522/490 1198/915/490 698/916/509 1195/1520/509
f 1198/915/490 1197/1522/490 1199/1523/858 1200/1524/858
f 1197/1522/490 1189/1521/852 1202/1525/854 1199/1523/858
f 2493/1526/859 1200/1524/858 1199/1523/858 1201/1527/860
f 1203/1528/861 1201/1527/860 1199/1523/858 1202/1525/854
f 1204/1529/862 1203/1530/861 1202/1514/854 1190/1511/851
f 1203/1530/861 1204/1529/862 1206/1531/863 1205/1532/864
f 1201/1527/860 1203/1528/861 1205/1533/864 1208/1534/865
f 4065/1535/866 1207/1536/867 1205/1532/864 1206/1531/863
f 1207/1537/867 1210/1538/868 1208/1534/865 1205/1533/864
f 2493/1526/859 1201/1527/860 1208/1534/865 1209/1539/865
f 1210/1538/868 1211/1540/868 1209/1539/865 1208/1534/865
f 1211/1540/868 1210/1538/868 1212/1541/869 1213/1542/869
f 1210/1538/868 1207/1537/867 1215/1543/870 1212/1541/869
f 1214/1544/871 3805/1545/871 1213/1542/869 1212/1541/869
f 1217/1546/872 1214/1544/871 1212/1541/869 1215/1543/870
f 1218/1547/873 1217/1548/872 1215/1549/870 1216/1550/874
f 1207/1536/867 4065/1535/866 1216/1550/874 1215/1549/870
f 1217/1548/872 1218/1547/873 1220/1551/875 1219/1552/876
f 1214/1544/871 1217/1546/872 1219/1553/876 1222/1554/877
f 4058/1555/878 1221/1556/879 1219/1552/876 1220/1551/875
f 1221/1557/879 1224/1558/880 1222/1554/877 1219/1553/876
f 3805/1545/871 1214/1544/871 1222/1554/877 1223/1559/877
f 1224/1558/880 1225/1560/880 1223/1559/877 1222/1554/877
f 1225/1560/880 1224/1558/880 1226/1561/881 1227/1562/881
f 1224/1558/880 1221/1557/879 1229/1563/882 1226/1561/881
f 1228/1564/883 2543/1565/883 1227/1562/881 1226/1561/881
f 1231/1566/884 1228/1564/883 1226/1561/881 1229/1563/882
f 1232/1567/885 1231/1568/884 1229/1569/882 1230/1570/886
f 1221/1556/879 4058/1555/878 1230/1570/886 1229/1569/882
f 1231/1568/884 1232/1567/885 1234/1571/887 1233/1572/888
f 1228/1564/883 1231/1566/884 1233/1573/888 1236/1574/889
f 4049/1575/890 1235/1576/891 1233/1572/888 1234/1571/887
f 1235/1577/891 1238/1578/892 1236/1574/889 1233/1573/888
f 2543/1565/883 1228/1564/883 1236/1574/889 1237/1579/889
f 1238/1578/892 1239/1580/892 1237/1579/889 1236/1574/889
f 1239/1580/892 1238/1578/892 1240/1581/893 1241/1582/893
f 1238/1578/892 1235/1577/891 1243/1583/894 1240/1581/893
f 1242/1584/895 2586/1585/895 1241/1582/893 1240/1581/893
f 1245/1586/896 1242/1584/895 1240/1581/893 1243/1583/894
f 1246/1587/897 1245/1588/896 1243/1589/894 1244/1590/898
f 1235/1576/891 4049/1575/890 1244/1590/898 1243/1589/894
f 1245/1588/896 1246/1587/897 1248/1591/899 1247/1592/900
f 1242/1584/895 1245/1586/896 1247/1593/900 1250/1594/901
f 4069/1595/902 1249/1596/903 1247/1592/900 1248/1591/899
f 1249/1597/903 1252/1598/904 1250/1594/901 1247/1593/900
f 2586/1585/895 1242/1584/895 1250/1594/901 1251/1599/901
f 1252/1598/904 1253/1600/904 1251/1599/901 1250/1594/901
f 1253/1600/904 1252/1598/904 1254/1601/905 1255/1602/905
f 1252/1598/904 1249/1597/903 1257/1603/906 1254/1601/905
f 1256/1604/907 3802/1605/907 1255/1602/905 1254/1601/905
f 1259/1606/908 1256/1604/907 1254/1601/905 1257/1603/906
f 1260/1607/909 1259/1608/908 1257/1609/906 1258/1610/910
f 1249/1596/903 4069/1595/902 1258/1610/910 1257/1609/906
f 1259/1608/908 1260/1607/909 1262/1611/911 1261/1612/912
f 1256/1604/907 1259/1606/908 1261/1613/912 1264/1614/913
f 4070/1615/914 1263/1616/915 1261/1612/912 1262/1611/911
f 1263/1617/915 1266/1618/916 1264/1614/913 1261/1613/912
f 3802/1605/907 1256/1604/907 1264/1614/913 1265/1619/913
f 1266/1618/916 1267/1620/916 1265/1619/913 1264/1614/913
f 1267/1620/916 1266/1618/916 1268/1621/917 1269/1622/917
f 1266/1618/916 1263/1617/915 1271/1623/918 1268/1621/917
f 2639/1624/919 1269/1622/917 1268/1621/917 1270/1625/919
f 1273/1626/920 1270/1625/919 1268/1621/917 1271/1623/918
f 1274/1627/921 1273/1628/920 1271/1629/918 1272/1630/922
f 1263/1616/915 4070/1615/914 1272/1630/922 1271/1629/918
f 1273/1628/920 1274/1627/921 1276/1631/923 1275/1632/924
f 1270/1625/919 1273/1626/920 1275/1633/924 1278/1634/925
f 3974/1635/926 1277/1636/927 1275/1632/924 1276/1631/923
f 1277/1637/927 1280/1638/928 1278/1634/925 1275/1633/924
f 2639/1624/919 1270/1625/919 1278/1634/925 1279/1639/925
f 1281/1640/928 1279/1639/925 1278/1634/925 1280/1638/928
f 1280/1638/928 1282/1641/928 1283/1642/928 1281/1640/928
f 1282/1641/928 1280/1638/928 1277/1637/927 1285/1643/927
f 1282/1641/928 1284/1644/928 1325/1645/928 1283/1642/928
f 1284/1644/928 1282/1641/928 1285/1643/927 1287/1646/929
f 1286/1647/926 1289/1648/930 1287/1649/929 1285/1650/927
f 3974/1635/926 1286/1647/926 1285/1650/927 1277/1636/927
f 1324/1651/928 1284/1644/928 1287/1646/929 1288/1652/929
f 1289/1648/930 1290/1653/931 1288/1654/929 1287/1649/929
f 1289/1648/930 1291/1655/932 1294/1656/933 1290/1653/931
f 1291/1655/932 1289/1648/930 1286/1647/926 1293/1657/932
f 1295/1658/193 1294/1656/933 1291/1655/932 1292/1659/193
f 1293/1657/932 3969/1660/193 1292/1659/193 1291/1655/932
f 1294/1656/933 1295/1658/193 1297/1661/193 1296/1662/933
f 1296/1662/933 1298/1663/934 1290/1653/931 1294/1656/933
f 1300/1664/193 1299/1665/935 1296/1662/933 1297/1661/193
f 1298/1663/934 1296/1662/933 1299/1665/935 1302/1666/936
f 1299/1665/935 1300/1664/193 4080/1667/193 1301/1668/937
f 1301/1668/937 1304/1669/938 1302/1666/936 1299/1665/935
f 1298/1663/934 1302/1666/936 1303/1670/939 4193/1671/939
f 1302/1666/936 1304/1669/938 1306/1672/940 1303/1670/939
f 1304/1669/938 1301/1668/937 4083/1673/937 1305/1674/941
f 1304/1669/938 1305/1674/941 1307/1675/942 1306/1672/940
f 1309/1676/928 1308/1677/928 1306/1678/940 1307/1679/942
f 1308/1677/928 1311/1680/928 1303/1681/939 1306/1678/940
f 1308/1677/928 1309/1676/928 4180/1682/928 1310/1683/928
f 1311/1680/928 1308/1677/928 1310/1683/928 1313/1684/928
f 1311/1680/928 1312/1685/928 4193/1686/939 1303/1681/939
f 1312/1685/928 1311/1680/928 1313/1684/928 1314/1687/928
f 1314/1687/928 1313/1684/928 1315/1688/943 1318/1689/943
f 1313/1684/928 1310/1683/928 1317/1690/943 1315/1688/943
f 1316/1691/944 1319/1692/945 1318/1689/943 1315/1688/943
f 1360/1693/944 1316/1691/944 1315/1688/943 1317/1690/943
f 1319/1692/945 1321/1694/945 1320/1695/943 1318/1689/943
f 1323/1696/928 1314/1687/928 1318/1689/943 1320/1695/943
f 1321/1694/945 1327/1697/945 1322/1698/943 1320/1695/943
f 1325/1645/928 1323/1696/928 1320/1695/943 1322/1698/943
f 1324/1651/928 1312/1685/928 1314/1687/928 1323/1696/928
f 1284/1644/928 1324/1651/928 1323/1696/928 1325/1645/928
f 1283/1642/928 1325/1645/928 1322/1698/943 1326/1699/943
f 1312/1685/928 1324/1651/928 1288/1652/929 4193/1686/939
f 1327/1697/945 1328/1700/944 1326/1699/943 1322/1698/943
f 1328/1701/944 1327/1702/945 1329/1703/946 1330/1704/947
f 1327/1702/945 1321/1705/945 1332/1706/946 1329/1703/946
f 1331/1707/199 2644/1708/193 1330/1704/947 1329/1703/946
f 1334/1709/199 1331/1707/199 1329/1703/946 1332/1706/946
f 1321/1705/945 1319/1710/945 1333/1711/948 1332/1706/946
f 1335/1712/199 1334/1709/199 1332/1706/946 1333/1711/948
f 1335/1712/199 1337/1713/949 1336/1714/950 1334/1709/199
f 1339/1715/950 1331/1707/199 1334/1709/199 1336/1714/950
f 1337/1713/949 1351/1716/951 1338/1717/952 1336/1714/950
f 1341/1718/952 1339/1715/950 1336/1714/950 1338/1717/952
f 1331/1707/199 1339/1715/950 1340/1719/950 2644/1708/193
f 1339/1715/950 1341/1718/952 1342/1720/953 1340/1719/950
f 1341/1721/952 1343/1722/954 1344/1723/954 1342/1724/953
f 1343/1722/954 1341/1721/952 1338/1725/952 1346/1726/954
f 1343/1722/954 1345/1727/928 2645/1728/928 1344/1723/954
f 1345/1727/928 1343/1722/954 1346/1726/954 1347/1729/928
f 1348/1730/954 1349/1731/928 1347/1729/928 1346/1726/954
f 1351/1732/951 1348/1730/954 1346/1726/954 1338/1725/952
f 1349/1731/928 1348/1730/954 1350/1733/954 2686/1734/928
f 1348/1730/954 1351/1732/951 1352/1735/953 1350/1733/954
f 1351/1716/951 1337/1713/949 1354/1736/950 1352/1737/953
f 1353/1738/953 1371/1739/955 1350/1733/954 1352/1735/953
f 1355/1740/956 1353/1741/953 1352/1737/953 1354/1736/950
f 1357/1742/199 1355/1740/956 1354/1736/950 1356/1743/199
f 1337/1713/949 1335/1712/199 1356/1743/199 1354/1736/950
f 1357/1742/199 1356/1743/199 1358/1744/948 1359/1745/948
f 1356/1743/199 1335/1712/199 1333/1711/948 1358/1744/948
f 1316/1746/944 1360/1747/944 1359/1745/948 1358/1744/948
f 1319/1710/945 1316/1746/944 1358/1744/948 1333/1711/948
f 1360/1747/944 1362/1748/944 1361/1749/948 1359/1745/948
f 1364/1750/199 1357/1742/199 1359/1745/948 1361/1749/948
f 1362/1748/944 4174/1751/945 1363/1752/947 1361/1749/948
f 1365/1753/193 1364/1750/199 1361/1749/948 1363/1752/947
f 1365/1753/193 1367/1754/949 1366/1755/956 1364/1750/199
f 1355/1740/956 1357/1742/199 1364/1750/199 1366/1755/956
f 1367/1754/949 1369/1756/953 1368/1757/953 1366/1755/956
f 1353/1741/953 1355/1740/956 1366/1755/956 1368/1757/953
f 1369/1758/953 1373/1759/955 1370/1760/955 1368/1761/953
f 1371/1739/955 1353/1738/953 1368/1761/953 1370/1760/955
f 2687/1762/928 1371/1739/955 1370/1760/955 1372/1763/928
f 1373/1759/955 1374/1764/928 1372/1763/928 1370/1760/955
f 1373/1759/955 1369/1758/953 1377/1765/953 1375/1766/955
f 1374/1764/928 1373/1759/955 1375/1766/955 1376/1767/928
f 1378/1768/954 1380/1769/928 1376/1767/928 1375/1766/955
f 1379/1770/953 1378/1768/954 1375/1766/955 1377/1765/953
f 1378/1768/954 1379/1770/953 1383/1771/952 1381/1772/955
f 1380/1769/928 1378/1768/954 1381/1772/955 1382/1773/928
f 1384/1774/955 1386/1775/928 1382/1773/928 1381/1772/955
f 1385/1776/951 1384/1774/955 1381/1772/955 1383/1771/952
f 1384/1774/955 1385/1776/951 1389/1777/951 1387/1778/954
f 1386/1775/928 1384/1774/955 1387/1778/954 1388/1779/928
f 1390/1780/954 1391/1781/928 1388/1779/928 1387/1778/954
f 1393/1782/953 1390/1780/954 1387/1778/954 1389/1777/951
f 1391/1781/928 1390/1780/954 1392/1783/954 2700/1784/928
f 1390/1780/954 1393/1782/953 1395/1785/953 1392/1783/954
f 1393/1786/953 1394/1787/956 1396/1788/956 1395/1789/953
f 1394/1787/956 1393/1786/953 1389/1790/951 4165/1791/949
f 1395/1789/953 1396/1788/956 1399/1792/957 1397/1793/958
f 1392/1783/954 1395/1785/953 1397/1794/958 1400/1795/959
f 1398/1796/960 1402/1797/961 1400/1795/959 1397/1794/958
f 4192/1798/962 1398/1799/960 1397/1793/958 1399/1792/957
f 1392/1783/954 1400/1795/959 1401/1800/963 2700/1784/928
f 1402/1797/961 1403/1801/964 1401/1800/963 1400/1795/959
f 1407/1802/965 1404/1803/966 1402/1797/961 1398/1796/960
f 1404/1803/966 1405/1804/967 1403/1801/964 1402/1797/961
f 1405/1804/967 1404/1803/966 1406/1805/968 2708/1806/969
f 1404/1803/966 1407/1802/965 1409/1807/970 1406/1805/968
f 1407/1808/965 1408/1809/971 1411/1810/972 1409/1811/970
f 1408/1809/971 1407/1808/965 1398/1799/960 4192/1798/962
f 1410/1812/973 2711/1813/974 1406/1805/968 1409/1807/970
f 1412/1814/975 1410/1815/973 1409/1811/970 1411/1810/972
f 1414/1816/199 1412/1814/975 1411/1810/972 1413/1817/199
f 1408/1809/971 1416/1818/199 1413/1817/199 1411/1810/972
f 1414/1816/199 1413/1817/199 1415/1819/976 2722/1820/977
f 1413/1817/199 1416/1818/199 1418/1821/193 1415/1819/976
f 1416/1818/199 1408/1809/971 4192/1798/962 1417/1822/199
f 1416/1818/199 1417/1822/199 1420/1823/978 1418/1821/193
f 1419/1824/193 1439/1825/979 1415/1819/976 1418/1821/193
f 1423/1826/980 1419/1824/193 1418/1821/193 1420/1823/978
f 1421/1827/981 1425/1828/982 1423/1826/980 1420/1823/978
f 4130/1829/983 1421/1827/981 1420/1823/978 1422/1830/984
f 1422/1830/984 1420/1823/978 1417/1822/199 4172/1831/199
f 1423/1826/980 1425/1828/982 1427/1832/985 1424/1833/986
f 1423/1826/980 1424/1833/986 1437/1834/193 1419/1824/193
f 1425/1835/982 1421/1836/981 4128/1837/987 1426/1838/988
f 1425/1835/982 1426/1838/988 1428/1839/989 1427/1840/985
f 1431/1841/990 1429/1842/991 1427/1840/985 1428/1839/989
f 1429/1843/991 1432/1844/992 1424/1833/986 1427/1832/985
f 1429/1843/991 1430/1845/993 1433/1846/994 1432/1844/992
f 1430/1847/993 1429/1842/991 1431/1841/990 3860/1848/995
f 1432/1844/992 1434/1849/193 1437/1834/193 1424/1833/986
f 1435/1850/193 1434/1849/193 1432/1844/992 1433/1846/994
f 1434/1849/193 1435/1850/193 3851/1042/193 1436/1851/996
f 1434/1849/193 1436/1851/996 1438/1852/997 1437/1834/193
f 1438/1852/997 1439/1825/979 1419/1824/193 1437/1834/193
f 1438/1852/997 1436/1851/996 1443/1853/998 1440/1854/999
f 1439/1825/979 1438/1852/997 1440/1854/999 1441/1855/1000
f 1442/1856/1001 2721/1857/1002 1441/1855/1000 1440/1854/999
f 1443/1853/998 1445/1858/1003 1442/1856/1001 1440/1854/999
f 1443/1853/998 1444/1859/193 1446/1860/1004 1445/1858/1003
f 1436/1851/996 3851/1042/193 1444/1859/193 1443/1853/998
f 1445/1858/1003 1447/1861/1005 1448/1862/1006 1442/1856/1001
f 1445/1858/1003 1446/1860/1004 1450/1863/1007 1447/1861/1005
f 1449/1864/1008 2733/1865/1009 1448/1866/1006 1447/1867/1005
f 1451/1868/1010 1449/1864/1008 1447/1867/1005 1450/1869/1007
f 1450/1869/1007 781/1032/578 1452/1033/580 1451/1868/1010
f 784/1031/579 781/1030/578 1450/1863/1007 1446/1860/1004
f 1453/1870/183 1455/1871/183 1449/1864/1008 1451/1868/1010
f 1454/1872/183 1453/1870/183 1451/1868/1010 1452/1033/580
f 1457/1873/183 1456/1874/183 1453/1870/183 1454/1872/183
f 1458/1875/183 1455/1871/183 1453/1870/183 1456/1874/183
f 1456/1874/183 1457/1873/183 1461/1876/1011 1459/1877/1012
f 1459/1877/1012 1462/1878/1013 1458/1875/183 1456/1874/183
f 1464/1879/1014 1462/1880/1013 1459/1881/1012 1460/1882/1015
f 1618/1883/1016 1460/1882/1015 1459/1881/1012 1461/1884/1011
f 1462/1878/1013 1463/1885/1017 1474/1886/1018 1458/1875/183
f 1463/1887/1017 1462/1880/1013 1464/1879/1014 1466/1888/1019
f 1619/1889/1020 1465/1890/1021 1464/1879/1014 1460/1882/1015
f 1464/1879/1014 1465/1890/1021 1467/1891/1022 1466/1888/1019
f 1466/1888/1019 1467/1891/1022 1470/1892/1023 1468/1893/1024
f 1466/1888/1019 1468/1893/1024 1471/1894/1025 1463/1887/1017
f 1469/1895/1026 1472/1896/1027 1471/1894/1025 1468/1893/1024
f 1482/1897/1028 1469/1895/1026 1468/1893/1024 1470/1892/1023
f 1474/1886/1018 1463/1885/1017 1471/1898/1025 1473/1899/1029
f 1472/1900/1027 1476/1901/1030 1473/1899/1029 1471/1898/1025
f 2734/1902/1018 1474/1886/1018 1473/1899/1029 1475/1903/1029
f 1477/1904/1030 1475/1903/1029 1473/1899/1029 1476/1901/1030
f 1477/1904/1030 1476/1901/1030 1478/1905/1031 1479/1906/1031
f 1476/1901/1030 1472/1900/1027 1481/1907/1032 1478/1905/1031
f 2735/1908/1033 1479/1906/1031 1478/1905/1031 1480/1909/1033
f 1483/1910/1034 1480/1909/1033 1478/1905/1031 1481/1907/1032
f 1484/1911/1035 1483/1912/1034 1481/1913/1032 1482/1897/1028
f 1472/1896/1027 1469/1895/1026 1482/1897/1028 1481/1913/1032
f 1483/1912/1034 1484/1911/1035 1486/1914/1036 1485/1915/1037
f 1480/1909/1033 1483/1910/1034 1485/1916/1037 1488/1917/1033
f 3850/1918/1038 1487/1919/1039 1485/1915/1037 1486/1914/1036
f 1487/1920/1039 1490/1921/1033 1488/1917/1033 1485/1916/1037
f 2735/1908/1033 1480/1909/1033 1488/1917/1033 1489/1922/1033
f 1490/1921/1033 1491/1923/1033 1489/1922/1033 1488/1917/1033
f 1491/1923/1033 1490/1921/1033 1492/1924/1033 1493/1925/1033
f 1490/1921/1033 1487/1920/1039 1495/1926/1040 1492/1924/1033
f 1494/1927/1033 2833/1928/1033 1493/1925/1033 1492/1924/1033
f 1497/1929/1041 1494/1927/1033 1492/1924/1033 1495/1926/1040
f 1498/1930/1042 1497/1931/1041 1495/1932/1040 1496/1933/1043
f 1487/1919/1039 3850/1918/1038 1496/1933/1043 1495/1932/1040
f 1497/1931/1041 1498/1930/1042 1500/1934/1044 1499/1935/1045
f 1494/1927/1033 1497/1929/1041 1499/1936/1045 1502/1937/1033
f 1591/1938/1046 1501/1939/1047 1499/1935/1045 1500/1934/1044
f 1501/1940/1047 1504/1941/1033 1502/1937/1033 1499/1936/1045
f 2833/1928/1033 1494/1927/1033 1502/1937/1033 1503/1942/1033
f 1504/1941/1033 1505/1943/1033 1503/1942/1033 1502/1937/1033
f 1505/1943/1033 1504/1941/1033 1506/1944/1048 1507/1945/1048
f 1504/1941/1033 1501/1940/1047 1509/1946/1049 1506/1944/1048
f 2836/1947/1050 1507/1945/1048 1506/1944/1048 1508/1948/1050
f 1511/1949/1051 1508/1948/1050 1506/1944/1048 1509/1946/1049
f 1512/1950/1052 1511/1951/1051 1509/1952/1049 1510/1953/1053
f 1501/1939/1047 1591/1938/1046 1510/1953/1053 1509/1952/1049
f 1511/1951/1051 1512/1950/1052 1514/1954/1054 1513/1955/1055
f 1508/1948/1050 1511/1949/1051 1513/1956/1055 1516/1957/1056
f 1585/1958/1057 1515/1959/1058 1513/1955/1055 1514/1954/1054
f 1518/1960/1059 1516/1957/1056 1513/1956/1055 1515/1961/1058
f 2836/1947/1050 1508/1948/1050 1516/1957/1056 1517/1962/1056
f 1518/1960/1059 1519/1963/1059 1517/1962/1056 1516/1957/1056
f 1519/1963/1059 1518/1960/1059 1520/1964/121 1521/1965/121
f 1515/1961/1058 1522/1966/120 1520/1964/121 1518/1960/1059
f 1524/1967/121 1521/1965/121 1520/1964/121 1523/1968/121
f 1523/1968/121 1520/1964/121 1522/1966/120 1526/1969/120
f 1523/1968/121 1525/1970/121 2848/1971/121 1524/1967/121
f 1525/1970/121 1523/1968/121 1526/1969/120 1528/1972/120
f 1526/1973/120 1522/1974/120 1584/1975/122 1527/1976/122
f 1527/1976/122 1529/1977/122 1528/1978/120 1526/1973/120
f 1529/1977/122 1531/1979/122 1530/1980/120 1528/1978/120
f 1533/1981/121 1525/1970/121 1528/1972/120 1530/1982/120
f 1552/1983/122 1532/1984/120 1530/1980/120 1531/1979/122
f 1530/1982/120 1532/1985/120 1535/1986/121 1533/1981/121
f 1525/1970/121 1533/1981/121 1534/1987/121 2848/1971/121
f 1535/1986/121 1537/1988/121 1534/1987/121 1533/1981/121
f 1532/1985/120 1549/1989/120 1536/1990/121 1535/1986/121
f 1535/1986/121 1536/1990/121 1539/1991/121 1537/1988/121
f 1534/1987/121 1537/1988/121 1538/1992/1060 2847/1993/1061
f 1540/1994/1062 1538/1992/1060 1537/1988/121 1539/1991/121
f 1539/1991/121 1541/1995/121 1543/1996/1063 1540/1994/1062
f 1536/1990/121 1544/1997/121 1541/1995/121 1539/1991/121
f 1544/1997/121 1545/1998/121 1542/1999/121 1541/1995/121
f 1541/1995/121 1542/1999/121 3529/2000/1064 1543/1996/1063
f 1545/1998/121 1544/1997/121 1546/2001/120 1547/2002/120
f 1544/1997/121 1536/1990/121 1549/1989/120 1546/2001/120
f 1548/2003/122 3541/2004/122 1547/2005/120 1546/2006/120
f 1550/2007/122 1548/2003/122 1546/2006/120 1549/2008/120
f 1549/2008/120 1532/1984/120 1552/1983/122 1550/2007/122
f 1548/2003/122 1550/2007/122 1551/2009/1065 3543/2010/201
f 1552/1983/122 1553/2011/1065 1551/2009/1065 1550/2007/122
f 1555/2012/1065 1553/2011/1065 1552/1983/122 1531/1979/122
f 1551/2009/1065 1553/2011/1065 1554/2013/193 3570/2014/193
f 1557/2015/193 1554/2013/193 1553/2011/1065 1555/2012/1065
f 1531/1979/122 1529/1977/122 1556/2016/1065 1555/2012/1065
f 1558/2017/193 1557/2015/193 1555/2012/1065 1556/2016/1065
f 1557/2015/193 1558/2017/193 1561/2018/193 1559/2019/193
f 1559/2019/193 1562/2020/193 1554/2013/193 1557/2015/193
f 1560/2021/193 1564/2022/193 1562/2020/193 1559/2019/193
f 1574/2023/193 1560/2021/193 1559/2019/193 1561/2018/193
f 1565/2024/193 1563/2025/193 1562/2020/193 1564/2022/193
f 1562/2020/193 1563/2025/193 3570/2014/193 1554/2013/193
f 1566/2026/193 1567/2027/193 1565/2024/193 1564/2022/193
f 1569/2028/199 1566/2026/193 1564/2022/193 1560/2021/193
f 3555/2029/193 1567/2027/193 1566/2026/193 1568/2030/193
f 1570/2031/199 1568/2030/193 1566/2026/193 1569/2028/199
f 1572/2032/193 1570/2031/199 1569/2028/199 1571/2033/193
f 1560/2021/193 1574/2023/193 1571/2033/193 1569/2028/199
f 1601/2034/193 1572/2032/193 1571/2033/193 1573/2035/193
f 1574/2023/193 1575/2036/193 1573/2035/193 1571/2033/193
f 1575/2036/193 1574/2023/193 1561/2018/193 1577/2037/193
f 1576/2038/193 1598/2039/193 1573/2035/193 1575/2036/193
f 1577/2037/193 1578/2040/193 1576/2038/193 1575/2036/193
f 1579/2041/193 1580/2042/193 1578/2040/193 1577/2037/193
f 1558/2017/193 1579/2041/193 1577/2037/193 1561/2018/193
f 1579/2041/193 1558/2017/193 1556/2016/1065 1581/2043/1065
f 1581/2043/1065 1582/2044/201 1580/2042/193 1579/2041/193
f 1584/1975/122 1582/2044/201 1581/2043/1065 1527/1976/122
f 1529/1977/122 1527/1976/122 1581/2043/1065 1556/2016/1065
f 1583/2045/1066 1582/2044/201 1584/1975/122 1585/1958/1057
f 1582/2044/201 1583/2045/1066 1587/2046/1067 1580/2042/193
f 1584/1975/122 1522/1974/120 1515/1959/1058 1585/1958/1057
f 1514/1954/1054 1586/2047/1068 1583/2045/1066 1585/1958/1057
f 1589/2048/1069 1587/2046/1067 1583/2045/1066 1586/2047/1068
f 1588/2049/1070 1578/2040/193 1580/2042/193 1587/2046/1067
f 1588/2049/1070 1587/2046/1067 1589/2048/1069 1590/2050/1071
f 1591/1938/1046 1500/1934/1044 1590/2050/1071 1589/2048/1069
f 1591/1938/1046 1589/2048/1069 1586/2047/1068 1510/1953/1053
f 1500/1934/1044 1498/1930/1042 1592/2051/1072 1590/2050/1071
f 1593/2052/1070 1588/2049/1070 1590/2050/1071 1592/2051/1072
f 1498/1930/1042 1496/1933/1043 1594/2053/1073 1592/2051/1072
f 1593/2052/1070 1592/2051/1072 1594/2053/1073 1596/2054/1070
f 1496/1933/1043 3850/1918/1038 1595/2055/1074 1594/2053/1073
f 1597/2056/1070 1596/2054/1070 1594/2053/1073 1595/2055/1074
f 1599/2057/193 1598/2039/193 1596/2054/1070 1597/2056/1070
f 1596/2054/1070 1598/2039/193 1576/2038/193 1593/2052/1070
f 1573/2035/193 1598/2039/193 1599/2057/193 1601/2034/193
f 3848/2058/1070 1600/2059/193 1599/2057/193 1597/2056/1070
f 1601/2034/193 1599/2057/193 1600/2059/193 1602/2060/193
f 1572/2032/193 1601/2034/193 1602/2060/193 1604/2061/193
f 1602/2060/193 1600/2059/193 3845/2062/193 1603/2063/193
f 1603/2063/193 1605/2064/193 1604/2061/193 1602/2060/193
f 1605/2064/193 1607/2065/193 1606/2066/193 1604/2061/193
f 1570/2031/199 1572/2032/193 1604/2061/193 1606/2066/193
f 1607/2065/193 1610/2067/193 1608/2068/193 1606/2066/193
f 1606/2066/193 1608/2068/193 1568/2030/193 1570/2031/199
f 1609/2069/193 1608/2068/193 1610/2067/193 1611/2070/193
f 1608/2068/193 1609/2069/193 3555/2029/193 1568/2030/193
f 1612/2071/1075 1613/2072/1076 1611/2070/193 1610/2067/193
f 1607/2065/193 1615/2073/1077 1612/2071/1075 1610/2067/193
f 1613/2072/1076 1612/2071/1075 1614/2074/1078 3564/2075/1079
f 1616/2076/1080 1614/2074/1078 1612/2071/1075 1615/2073/1077
f 1618/1883/1016 1616/2076/1080 1615/2073/1077 1617/2077/1081
f 1607/2065/193 1605/2064/193 1617/2077/1081 1615/2073/1077
f 1460/1882/1015 1618/1883/1016 1617/2077/1081 1619/1889/1020
f 1605/2064/193 1603/2063/193 1619/1889/1020 1617/2077/1081
f 3845/2062/193 1465/1890/1021 1619/1889/1020 1603/2063/193
f 1616/2076/1080 1618/1883/1016 1461/1884/1011 1620/2078/1011
f 1620/2078/1011 1621/2079/1082 1614/2074/1078 1616/2076/1080
f 1622/2080/183 1624/2081/183 1621/2082/1082 1620/2083/1011
f 1457/1873/183 1622/2080/183 1620/2083/1011 1461/1876/1011
f 1622/2080/183 1457/1873/183 1454/1872/183 1623/2084/183
f 1622/2080/183 1623/2084/183 1626/2085/183 1624/2081/183
f 3565/2086/1083 1621/2082/1082 1624/2081/183 1625/2087/183
f 1627/2088/183 1625/2087/183 1624/2081/183 1626/2085/183
f 779/1024/574 777/1023/573 1627/2088/183 1626/2085/183
f 782/1027/576 779/1024/574 1626/2085/183 1623/2084/183
f 1628/2089/183 1629/2090/183 1625/2087/183 1627/2088/183
f 1628/2089/183 1627/2088/183 777/1023/573 1631/1022/572
f 3568/2091/183 1629/2090/183 1628/2089/183 1630/2092/183
f 1630/2092/183 1628/2089/183 1631/1022/572 1632/2093/1084
f 772/1021/567 1633/2094/569 1632/2093/1084 1631/1022/572
f 1633/2094/569 1636/2095/1085 1634/2096/1086 1632/2093/1084
f 1637/2097/183 1630/2092/183 1632/2093/1084 1634/2096/1086
f 1639/2098/183 1637/2097/183 1634/2096/1086 1635/2099/1087
f 1636/2095/1085 1648/2100/1088 1635/2099/1087 1634/2096/1086
f 1638/2101/183 3568/2091/183 1630/2092/183 1637/2097/183
f 1640/2102/183 1638/2101/183 1637/2097/183 1639/2098/183
f 1642/2103/183 1640/2102/183 1639/2098/183 1641/2104/183
f 1641/2104/183 1639/2098/183 1635/2099/1087 1644/2105/1089
f 223/323/183 1642/2103/183 1641/2104/183 1643/325/183
f 1643/325/183 1641/2104/183 1644/2105/1089 1645/2106/1089
f 1646/2107/1090 1647/2108/1090 1645/2106/1089 1644/2105/1089
f 1648/2100/1088 1646/2107/1090 1644/2105/1089 1635/2099/1087
f 1647/2109/1090 1646/2110/1090 1649/2111/1091 1650/2112/1092
f 1646/2110/1090 1648/2113/1088 1652/2114/1093 1649/2111/1091
f 1651/2115/193 1726/2116/193 1650/2112/1092 1649/2111/1091
f 1654/2117/193 1651/2115/193 1649/2111/1091 1652/2114/1093
f 1648/2113/1088 1636/2118/1085 1653/2119/1094 1652/2114/1093
f 1656/2120/193 1654/2117/193 1652/2114/1093 1653/2119/1094
f 1657/2121/193 1651/2115/193 1654/2117/193 1655/798/199
f 1656/2120/193 609/797/193 1655/798/199 1654/2117/193
f 609/797/193 1656/2120/193 770/1011/193 611/799/193
f 770/1011/193 1656/2120/193 1653/2119/1094 773/1012/564
f 1659/2122/199 1657/2121/193 1655/798/199 608/794/199
f 1726/2116/193 1651/2115/193 1657/2121/193 1658/2123/193
f 1659/2122/199 1660/2124/193 1658/2123/193 1657/2121/193
f 1659/2122/199 1661/2125/193 1663/2126/193 1660/2124/193
f 1659/2122/199 608/794/199 606/795/199 1661/2125/193
f 1661/2125/193 1662/2127/193 1664/2128/193 1663/2126/193
f 1791/796/193 1662/2127/193 1661/2125/193 606/795/199
f 1665/2129/193 1667/2130/193 1660/2124/193 1663/2126/193
f 1666/2131/193 1665/2129/193 1663/2126/193 1664/2128/193
f 1665/2129/193 1666/2131/193 1670/2132/193 1668/2133/193
f 1667/2130/193 1665/2129/193 1668/2133/193 1669/2134/193
f 1671/2135/193 1672/2136/193 1669/2134/193 1668/2133/193
f 1674/2137/193 1671/2135/193 1668/2133/193 1670/2132/193
f 1672/2136/193 1671/2135/193 1673/2138/193 1735/2139/193
f 1671/2135/193 1674/2137/193 1675/2140/193 1673/2138/193
f 1675/2140/193 1674/2137/193 1676/2141/1095 1679/2142/1096
f 1674/2137/193 1670/2132/193 1678/2143/1097 1676/2141/1095
f 1677/2144/1098 1680/2145/1099 1679/2142/1096 1676/2141/1095
f 1777/2146/1098 1677/2144/1098 1676/2141/1095 1678/2143/1097
f 1680/2145/1099 1682/2147/1100 1681/2148/1101 1679/2142/1096
f 1683/2149/193 1675/2140/193 1679/2142/1096 1681/2148/1101
f 1682/2147/1100 1685/2150/1102 1684/2151/1103 1681/2148/1101
f 1687/2152/193 1683/2149/193 1681/2148/1101 1684/2151/1103
f 1685/2150/1102 1769/2153/1104 1686/2154/1105 1684/2151/1103
f 1689/2155/1106 1687/2152/193 1684/2151/1103 1686/2154/1105
f 1737/2156/193 1683/2149/193 1687/2152/193 1688/2157/193
f 1689/2155/1106 1691/2158/199 1688/2157/193 1687/2152/193
f 1690/2159/1106 1689/2155/1106 1686/2154/1105 1815/2160/1107
f 1689/2155/1106 1690/2159/1106 1692/2161/199 1691/2158/199
f 1696/2162/193 1693/2163/199 1691/2158/199 1692/2161/199
f 1691/2158/199 1693/2163/199 1695/2164/193 1688/2157/193
f 1694/2165/193 1693/2163/199 1696/2162/193 1698/2166/193
f 1693/2163/199 1694/2165/193 1739/2167/193 1695/2164/193
f 1697/2168/193 1699/2169/199 1698/2166/193 1696/2162/193
f 1697/2168/193 1696/2162/193 1692/2161/199 1835/2170/193
f 1699/2169/199 1701/2171/199 1700/2172/199 1698/2166/193
f 1702/2173/193 1694/2165/193 1698/2166/193 1700/2172/199
f 1700/2172/199 1701/2171/199 1705/2174/1108 1703/2175/1109
f 1702/2173/193 1700/2172/199 1703/2175/1109 1706/2176/1110
f 1704/2177/1111 1708/2178/1112 1706/2176/1110 1703/2175/1109
f 1747/2179/1113 1704/2177/1111 1703/2175/1109 1705/2174/1108
f 1740/2180/193 1702/2173/193 1706/2176/1110 1707/2181/1114
f 1708/2178/1112 1710/2182/1115 1707/2181/1114 1706/2176/1110
f 1709/2183/1116 1708/2184/1112 1704/2185/1111 1744/2186/1117
f 1708/2184/1112 1709/2183/1116 1712/2187/1118 1710/2188/1115
f 1710/2182/1115 1711/2189/1119 1741/2190/1120 1707/2181/1114
f 1713/2191/1121 1711/2192/1119 1710/2188/1115 1712/2187/1118
f 209/300/175 1713/2191/1121 1712/2187/1118 207/299/174
f 1709/2183/1116 205/298/171 207/299/174 1712/2187/1118
f 209/300/175 1717/304/177 1714/2193/1122 1713/2191/1121
f 1715/2194/1123 1711/2192/1119 1713/2191/1121 1714/2193/1122
f 1718/2195/1090 1715/2194/1123 1714/2193/1122 1716/2196/1089
f 1717/304/177 219/318/183 1716/2196/1089 1714/2193/1122
f 1720/2197/1124 1718/2195/1090 1716/2196/1089 1719/2198/1089
f 219/318/183 221/319/183 1719/2198/1089 1716/2196/1089
f 1722/2199/1090 1720/2197/1124 1719/2198/1089 1721/2200/1089
f 221/319/183 224/321/183 1721/2200/1089 1719/2198/1089
f 1647/2108/1090 1722/2199/1090 1721/2200/1089 1645/2106/1089
f 224/321/183 1643/325/183 1645/2106/1089 1721/2200/1089
f 1722/2201/1090 1647/2109/1090 1650/2112/1092 1723/2202/1092
f 1720/2203/1124 1722/2201/1090 1723/2202/1092 1724/2204/1125
f 1725/2205/193 1728/2206/193 1724/2204/1125 1723/2202/1092
f 1726/2116/193 1725/2205/193 1723/2202/1092 1650/2112/1092
f 1725/2205/193 1726/2116/193 1658/2123/193 1727/2207/193
f 1728/2206/193 1725/2205/193 1727/2207/193 1730/2208/193
f 1728/2206/193 1729/2209/193 1743/2210/1091 1724/2204/1125
f 1729/2209/193 1728/2206/193 1730/2208/193 1731/2211/193
f 1669/2134/193 1672/2136/193 1731/2211/193 1730/2208/193
f 1667/2130/193 1669/2134/193 1730/2208/193 1727/2207/193
f 1733/2212/193 1729/2209/193 1731/2211/193 1732/2213/193
f 1672/2136/193 1735/2139/193 1732/2213/193 1731/2211/193
f 1738/2214/193 1733/2212/193 1732/2213/193 1734/2215/193
f 1735/2139/193 1736/2216/193 1734/2215/193 1732/2213/193
f 1737/2156/193 1736/2216/193 1735/2139/193 1673/2138/193
f 1734/2215/193 1736/2216/193 1695/2164/193 1739/2167/193
f 1736/2216/193 1737/2156/193 1688/2157/193 1695/2164/193
f 1683/2149/193 1737/2156/193 1673/2138/193 1675/2140/193
f 1738/2214/193 1734/2215/193 1739/2167/193 1740/2180/193
f 1694/2165/193 1702/2173/193 1740/2180/193 1739/2167/193
f 1738/2214/193 1740/2180/193 1707/2181/1114 1741/2190/1120
f 1733/2212/193 1738/2214/193 1741/2190/1120 1742/2217/1126
f 1711/2189/1119 1715/2218/1123 1742/2217/1126 1741/2190/1120
f 1715/2218/1123 1718/2219/1090 1743/2210/1091 1742/2217/1126
f 1729/2209/193 1733/2212/193 1742/2217/1126 1743/2210/1091
f 1718/2219/1090 1720/2203/1124 1724/2204/1125 1743/2210/1091
f 1660/2124/193 1667/2130/193 1727/2207/193 1658/2123/193
f 205/298/171 1709/2183/1116 1744/2186/1117 1745/284/165
f 1746/2220/1127 195/281/163 1745/284/165 1744/2186/1117
f 1747/2221/1113 1746/2220/1127 1744/2186/1117 1704/2185/1111
f 1746/2220/1127 1747/2221/1113 1749/2222/1128 1748/2223/1129
f 195/281/163 1746/2220/1127 1748/2223/1129 193/279/162
f 1750/2224/1130 191/278/159 193/279/162 1748/2223/1129
f 1751/2225/1131 1750/2224/1130 1748/2223/1129 1749/2222/1128
f 1750/2224/1130 1751/2225/1131 1754/2226/1132 1752/2227/1133
f 191/278/159 1750/2224/1130 1752/2227/1133 1753/264/153
f 1755/2228/1134 181/261/151 1753/264/153 1752/2227/1133
f 1756/2229/1135 1755/2228/1134 1752/2227/1133 1754/2226/1132
f 1755/2228/1134 1756/2229/1135 1758/2230/1136 1757/2231/1137
f 181/261/151 1755/2228/1134 1757/2231/1137 179/259/150
f 1759/2232/1138 177/258/147 179/259/150 1757/2231/1137
f 1760/2233/1139 1759/2232/1138 1757/2231/1137 1758/2230/1136
f 1759/2232/1138 1760/2233/1139 1763/2234/1140 1761/2235/1141
f 177/258/147 1759/2232/1138 1761/2235/1141 1762/244/141
f 1764/2236/1142 167/241/139 1762/244/141 1761/2235/1141
f 1765/2237/1143 1764/2236/1142 1761/2235/1141 1763/2234/1140
f 1764/2236/1142 1765/2237/1143 1767/2238/1144 1766/2239/1145
f 167/241/139 1764/2236/1142 1766/2239/1145 165/239/137
f 1768/2240/1146 163/238/134 165/239/137 1766/2239/1145
f 1769/2241/1104 1768/2240/1146 1766/2239/1145 1767/2238/1144
f 1768/2240/1146 1769/2241/1104 1685/2242/1102 1770/2243/1147
f 163/238/134 1768/2240/1146 1770/2243/1147 1771/224/128
f 1772/2244/1148 153/221/126 1771/224/128 1770/2243/1147
f 1682/2245/1100 1772/2244/1148 1770/2243/1147 1685/2242/1102
f 1772/2244/1148 1682/2245/1100 1680/2246/1099 1773/2247/1149
f 153/221/126 1772/2244/1148 1773/2247/1149 151/219/125
f 1774/2248/1150 149/218/121 151/219/125 1773/2247/1149
f 1677/2249/1098 1774/2248/1150 1773/2247/1149 1680/2246/1099
f 1774/2248/1150 1677/2249/1098 1777/2250/1098 1775/2251/1150
f 149/218/121 1774/2248/1150 1775/2251/1150 1776/204/121
f 1778/2252/1150 139/201/121 1776/204/121 1775/2251/1150
f 1779/2253/1098 1778/2252/1150 1775/2251/1150 1777/2250/1098
f 1778/2252/1150 1779/2253/1098 1781/2254/1098 1780/2255/1150
f 139/201/121 1778/2252/1150 1780/2255/1150 137/199/121
f 1782/2256/1150 135/198/121 137/199/121 1780/2255/1150
f 1784/2257/1098 1782/2256/1150 1780/2255/1150 1781/2254/1098
f 135/198/121 1782/2256/1150 1783/2258/1151 1814/183/115
f 1782/2256/1150 1784/2257/1098 1785/2259/1152 1783/2258/1151
f 1785/2260/1152 1784/2261/1098 1786/2262/1153 1787/2263/1154
f 1784/2261/1098 1781/2264/1098 1788/2265/1153 1786/2262/1153
f 1662/2127/193 1791/796/193 1787/2263/1154 1786/2262/1153
f 1664/2128/193 1662/2127/193 1786/2262/1153 1788/2265/1153
f 1781/2264/1098 1779/2266/1098 1789/2267/1097 1788/2265/1153
f 1666/2131/193 1664/2128/193 1788/2265/1153 1789/2267/1097
f 1779/2266/1098 1777/2146/1098 1678/2143/1097 1789/2267/1097
f 1670/2132/193 1666/2131/193 1789/2267/1097 1678/2143/1097
f 1792/2268/1155 1785/2260/1152 1787/2263/1154 1790/784/434
f 1791/796/193 596/782/193 1790/784/434 1787/2263/1154
f 1794/2269/1156 1792/2268/1155 1790/784/434 597/781/433
f 1792/2270/1155 1793/2271/1157 1783/2258/1151 1785/2259/1152
f 1793/2272/1157 1792/2273/1155 1794/2274/1156 1795/2275/1158
f 1796/2276/431 1797/2277/1159 1795/2275/1158 1794/2274/1156
f 1796/774/431 1794/2269/1156 597/781/433 590/775/432
f 1797/2277/1159 1796/2276/431 589/2278/429 1798/2279/1160
f 1797/2277/1159 121/175/109 123/176/112 1795/2275/1158
f 121/175/109 1797/2277/1159 1798/2279/1160 1799/161/103
f 1800/2280/1161 111/158/101 1799/161/103 1798/2279/1160
f 586/2281/427 1800/2280/1161 1798/2279/1160 589/2278/429
f 111/158/101 1800/2280/1161 1801/2282/1162 109/156/100
f 1800/2280/1161 586/2281/427 584/2283/425 1801/2282/1162
f 1802/2284/1163 107/155/96 109/156/100 1801/2282/1162
f 582/2285/424 1802/2284/1163 1801/2282/1162 584/2283/425
f 582/2285/424 580/2286/423 1803/2287/1164 1802/2284/1163
f 1805/141/90 107/155/96 1802/2284/1163 1803/2287/1164
f 580/2286/423 1807/2288/407 1804/2289/1165 1803/2287/1164
f 97/138/88 1805/141/90 1803/2287/1164 1804/2289/1165
f 97/138/88 1804/2289/1165 1806/2290/1166 95/136/87
f 1804/2289/1165 1807/2288/407 544/2291/405 1806/2290/1166
f 1808/2292/1167 93/135/84 95/136/87 1806/2290/1166
f 542/2293/404 1808/2292/1167 1806/2290/1166 544/2291/405
f 1808/2292/1167 542/2293/404 540/2294/403 1809/2295/1168
f 93/135/84 1808/2292/1167 1809/2295/1168 1810/121/78
f 1811/2296/1169 83/118/76 1810/121/78 1809/2295/1168
f 1812/2297/374 1811/2296/1169 1809/2295/1168 540/2294/403
f 1811/2296/1169 1812/2297/374 506/676/372 1813/675/371
f 83/118/76 1811/2296/1169 1813/675/371 81/116/75
f 502/672/369 79/115/72 81/116/75 1813/675/371
f 125/177/113 1793/2272/1157 1795/2275/1158 123/176/112
f 1793/2271/1157 125/180/113 1814/183/115 1783/2258/1151
f 1769/2153/1104 1767/2298/1144 1815/2160/1107 1686/2154/1105
f 1767/2298/1144 1765/2299/1143 1816/2300/1170 1815/2160/1107
f 1817/2301/357 1690/2159/1106 1815/2160/1107 1816/2300/1170
f 1765/2299/1143 1763/2302/1140 1818/2303/1171 1816/2300/1170
f 1820/2304/199 1817/2301/357 1816/2300/1170 1818/2303/1171
f 1763/2302/1140 1760/2305/1139 1819/2306/1172 1818/2303/1171
f 1822/2307/616 1820/2304/199 1818/2303/1171 1819/2306/1172
f 1817/2301/357 1820/2304/199 1821/2308/199 1835/2170/193
f 1820/2304/199 1822/2307/616 1823/2309/193 1821/2308/199
f 1823/2309/193 1822/2307/616 1819/2306/1172 1825/2310/1173
f 1824/2311/193 1834/2312/199 1821/2308/199 1823/2309/193
f 1824/2311/193 1823/2309/193 1825/2310/1173 1826/2313/1174
f 1758/2314/1136 1756/2315/1135 1826/2313/1174 1825/2310/1173
f 1760/2305/1139 1758/2314/1136 1825/2310/1173 1819/2306/1172
f 1756/2315/1135 1754/2316/1132 1827/2317/1175 1826/2313/1174
f 1829/2318/193 1824/2311/193 1826/2313/1174 1827/2317/1175
f 1754/2316/1132 1751/2319/1131 1828/2320/1176 1827/2317/1175
f 1831/2321/193 1829/2318/193 1827/2317/1175 1828/2320/1176
f 1824/2311/193 1829/2318/193 1830/2322/193 1834/2312/199
f 1829/2318/193 1831/2321/193 1832/2323/193 1830/2322/193
f 1832/2323/193 1831/2321/193 1828/2320/1176 1833/2324/1177
f 1701/2171/199 1699/2169/199 1830/2322/193 1832/2323/193
f 1701/2171/199 1832/2323/193 1833/2324/1177 1705/2174/1108
f 1749/2325/1128 1747/2179/1113 1705/2174/1108 1833/2324/1177
f 1751/2319/1131 1749/2325/1128 1833/2324/1177 1828/2320/1176
f 1699/2169/199 1697/2168/193 1834/2312/199 1830/2322/193
f 1834/2312/199 1697/2168/193 1835/2170/193 1821/2308/199
f 1690/2159/1106 1817/2301/357 1835/2170/193 1692/2161/199
f 1636/2118/1085 1633/1017/569 773/1012/564 1653/2119/1094
f 1640/2102/183 1642/2103/183 1836/2326/1178 1837/2327/1179
f 1642/2103/183 223/323/183 226/324/187 1836/2326/1178
f 1838/2328/1180 1840/2329/1181 1837/2330/1179 1836/2331/1178
f 228/327/189 1838/2328/1180 1836/2331/1178 226/328/187
f 1838/2328/1180 228/327/189 3844/331/191 1839/2332/1182
f 1840/2329/1181 1838/2328/1180 1839/2332/1182 1842/2333/1182
f 1840/2329/1181 1841/2334/1183 3567/2335/1184 1837/2330/1179
f 1841/2334/1183 1840/2329/1181 1842/2333/1182 1843/2336/1182
f 1844/2337/193 1846/2338/193 1843/2336/1182 1842/2333/1182
f 1845/2339/193 1844/2337/193 1842/2333/1182 1839/2332/1182
f 1844/2337/193 1845/2339/193 1849/2340/193 1847/2341/193
f 1846/2338/193 1844/2337/193 1847/2341/193 1848/2342/193
f 1850/2343/193 1851/2344/193 1848/2342/193 1847/2341/193
f 1853/2345/193 1850/2343/193 1847/2341/193 1849/2340/193
f 1851/2344/193 1850/2343/193 1852/2346/193 3569/2347/193
f 1850/2343/193 1853/2345/193 1855/2348/193 1852/2346/193
f 1854/2349/193 1853/2345/193 1849/2340/193 3842/2350/193
f 1853/2345/193 1854/2349/193 1856/2351/193 1855/2348/193
f 1858/2352/193 1857/2353/193 1855/2348/193 1856/2351/193
f 1857/2353/193 1860/2354/193 1852/2346/193 1855/2348/193
f 1857/2353/193 1858/2352/193 1884/2355/193 1859/2356/199
f 1860/2354/193 1857/2353/193 1859/2356/199 1862/2357/193
f 1860/2354/193 1861/2358/193 3569/2347/193 1852/2346/193
f 1861/2358/193 1860/2354/193 1862/2357/193 1863/2359/193
f 1864/2360/193 1865/2361/193 1863/2359/193 1862/2357/193
f 1867/2362/199 1864/2360/193 1862/2357/193 1859/2356/199
f 1865/2361/193 1864/2360/193 1866/2363/1185 3540/2364/201
f 1864/2360/193 1867/2362/199 1869/2365/201 1866/2363/1185
f 1867/2362/199 1868/2366/193 1871/2367/1065 1869/2365/201
f 1868/2366/193 1867/2362/199 1859/2356/199 1884/2355/193
f 1870/2368/122 3539/2369/122 1866/2363/1185 1869/2365/201
f 1872/2370/122 1870/2368/122 1869/2365/201 1871/2367/1065
f 1874/2371/122 1872/2370/122 1871/2367/1065 1873/2372/1065
f 1868/2366/193 1875/2373/193 1873/2372/1065 1871/2367/1065
f 1877/2374/122 1874/2371/122 1873/2372/1065 1876/2375/1065
f 1875/2373/193 1879/2376/193 1876/2375/1065 1873/2372/1065
f 1886/2377/122 1877/2374/122 1876/2375/1065 1878/390/201
f 1879/2376/193 283/387/193 1878/390/201 1876/2375/1065
f 283/387/193 1879/2376/193 1880/2378/193 281/385/193
f 1879/2376/193 1875/2373/193 1882/2379/193 1880/2378/193
f 1881/2380/193 279/384/193 281/385/193 1880/2378/193
f 1883/2381/193 1881/2380/193 1880/2378/193 1882/2379/193
f 1858/2352/193 1883/2381/193 1882/2379/193 1884/2355/193
f 1875/2373/193 1868/2366/193 1884/2355/193 1882/2379/193
f 1883/2381/193 1858/2352/193 1856/2351/193 1885/344/193
f 1881/2380/193 1883/2381/193 1885/344/193 241/343/193
f 1854/2349/193 240/341/193 1885/344/193 1856/2351/193
f 279/384/193 1881/2380/193 241/343/193 243/345/193
f 1887/2382/122 1886/2377/122 1878/390/201 284/389/201
f 1886/2377/122 1887/2382/122 1890/2383/1186 1888/2384/1186
f 1877/2374/122 1886/2377/122 1888/2384/1186 1889/2385/120
f 1891/2386/121 1892/2387/121 1889/2388/120 1888/2389/1186
f 1894/2390/121 1891/2386/121 1888/2389/1186 1890/2391/1186
f 1892/2387/121 1891/2386/121 1893/2392/121 1897/2393/121
f 1891/2386/121 1894/2390/121 1895/420/121 1893/2392/121
f 304/410/121 306/412/121 1895/420/121 1894/2390/121
f 304/410/121 1894/2390/121 1890/2391/1186 3840/411/212
f 1896/2394/1187 1893/2392/121 1895/420/121 311/419/213
f 1897/2393/121 1893/2392/121 1896/2394/1187 1899/2395/1187
f 3581/2396/121 1892/2387/121 1897/2393/121 1898/2397/121
f 1898/2397/121 1897/2393/121 1899/2395/1187 1901/2398/1187
f 1900/2399/214 1903/2400/214 1901/2398/1187 1899/2395/1187
f 3839/2401/214 1900/2399/214 1899/2395/1187 1896/2394/1187
f 3576/2402/121 1898/2397/121 1901/2398/1187 1902/2403/213
f 1903/2400/214 1904/2404/214 1902/2403/213 1901/2398/1187
f 1904/2405/214 1903/2406/214 1905/2407/216 1906/2408/216
f 1903/2406/214 1900/2409/214 1908/2410/216 1905/2407/216
f 1907/2411/193 3584/2412/193 1906/2408/216 1905/2407/216
f 1910/2413/193 1907/2411/193 1905/2407/216 1908/2410/216
f 1900/2409/214 3839/2414/214 1909/2415/216 1908/2410/216
f 1911/2416/193 1910/2413/193 1908/2410/216 1909/2415/216
f 1911/2416/193 1913/2417/218 1912/2418/218 1910/2413/193
f 1915/2419/218 1907/2411/193 1910/2413/193 1912/2418/218
f 1913/2417/218 1926/2420/1188 1914/2421/1188 1912/2418/218
f 1917/2422/220 1915/2419/218 1912/2418/218 1914/2421/1188
f 1907/2411/193 1915/2419/218 1916/2423/218 3584/2412/193
f 1915/2419/218 1917/2422/220 1918/2424/221 1916/2423/218
f 1917/2425/220 1919/2426/1189 1920/2427/1189 1918/2428/221
f 1919/2426/1189 1917/2425/220 1914/2429/1188 1922/2430/222
f 1919/2426/1189 1921/2431/121 3589/2432/121 1920/2427/1189
f 1921/2431/121 1919/2426/1189 1922/2430/222 1923/2433/121
f 1924/2434/1189 1925/2435/121 1923/2433/121 1922/2430/222
f 1926/2436/1188 1924/2434/1189 1922/2430/222 1914/2429/1188
f 1925/2435/121 1924/2434/1189 329/444/222 1927/449/121
f 1924/2434/1189 1926/2436/1188 327/445/221 329/444/222
f 1926/2420/1188 1913/2417/218 325/440/218 327/441/221
f 1925/2435/121 1927/449/121 1929/2437/121 1928/2438/121
f 1925/2435/121 1928/2438/121 1930/2439/121 1923/2433/121
f 1931/2440/1190 1928/2438/121 1929/2437/121 1933/2441/1191
f 1928/2438/121 1931/2440/1190 1934/2442/1190 1930/2439/121
f 1931/2440/1190 1932/2443/1192 1935/2444/1192 1934/2442/1190
f 1932/2443/1192 1931/2440/1190 1933/2441/1191 2400/2445/1192
f 1936/2446/1190 1937/2447/121 1930/2439/121 1934/2442/1190
f 1939/2448/1192 1936/2446/1190 1934/2442/1190 1935/2444/1192
f 1937/2447/121 1936/2446/1190 1938/2449/1190 3590/2450/121
f 1936/2446/1190 1939/2448/1192 1940/2451/1193 1938/2449/1190
f 1940/2452/1193 1939/2453/1192 1941/2454/1194 1944/2455/1194
f 1939/2453/1192 1935/2456/1192 1943/2457/1194 1941/2454/1194
f 1942/2458/1195 1945/2459/1196 1944/2455/1194 1941/2454/1194
f 2399/2460/1195 1942/2458/1195 1941/2454/1194 1943/2457/1194
f 1945/2459/1196 1947/2461/1196 1946/2462/1194 1944/2455/1194
f 1948/2463/1192 1940/2452/1193 1944/2455/1194 1946/2462/1194
f 1947/2461/1196 1950/2464/1196 1949/2465/1194 1946/2462/1194
f 1952/2466/1192 1948/2463/1192 1946/2462/1194 1949/2465/1194
f 1950/2464/1196 3837/2467/1196 1951/2468/1194 1949/2465/1194
f 1954/2469/1192 1952/2466/1192 1949/2465/1194 1951/2468/1194
f 3593/2470/1190 1948/2471/1192 1952/2472/1192 1953/2473/1190
f 1954/2474/1192 1955/2475/1190 1953/2473/1190 1952/2472/1192
f 1955/2475/1190 1954/2474/1192 1956/2476/1197 1957/2477/1198
f 1956/2478/1197 1954/2469/1192 1951/2468/1194 1959/2479/1199
f 1958/2480/1200 3502/2481/1201 1957/2477/1198 1956/2476/1197
f 1958/2482/1200 1956/2478/1197 1959/2479/1199 1961/2483/1202
f 1960/2484/1196 1962/2485/1196 1961/2483/1202 1959/2479/1199
f 3837/2467/1196 1960/2484/1196 1959/2479/1199 1951/2468/1194
f 1964/2486/1196 1963/2487/1203 1961/2483/1202 1962/2485/1196
f 1965/2488/1204 1958/2482/1200 1961/2483/1202 1963/2487/1203
f 1964/2486/1196 1968/2489/1196 1966/2490/1205 1963/2487/1203
f 1969/2491/1206 1965/2488/1204 1963/2487/1203 1966/2490/1205
f 1971/2492/1207 1969/2491/1206 1966/2490/1205 1967/2493/1208
f 1968/2489/1196 3836/2494/1196 1967/2493/1208 1966/2490/1205
f 1965/2495/1204 1969/2496/1206 1970/2497/1209 3501/2498/1210
f 1971/2499/1207 1972/2500/1211 1970/2497/1209 1969/2496/1206
f 1972/2500/1211 1971/2499/1207 1973/2501/1212 1974/2502/1213
f 1973/2503/1212 1971/2492/1207 1967/2493/1208 1976/2504/1214
f 1974/2502/1213 1973/2501/1212 1975/2505/1215 3599/2506/1216
f 1976/2504/1214 1978/2507/1217 1975/2508/1215 1973/2503/1212
f 1977/2509/1196 1979/2510/1196 1978/2507/1217 1976/2504/1214
f 3836/2494/1196 1977/2509/1196 1976/2504/1214 1967/2493/1208
f 1979/2510/1196 1981/2511/1196 1980/2512/1218 1978/2507/1217
f 1982/2513/1219 1975/2508/1215 1978/2507/1217 1980/2512/1218
f 1981/2511/1196 1984/2514/1196 1983/2515/1220 1980/2512/1218
f 1986/2516/1221 1982/2513/1219 1980/2512/1218 1983/2515/1220
f 1984/2514/1196 3835/2517/1196 1985/2518/1222 1983/2515/1220
f 1988/2519/1223 1986/2516/1221 1983/2515/1220 1985/2518/1222
f 3600/2520/1224 1982/2521/1219 1986/2522/1221 1987/2523/1225
f 1988/2524/1223 1989/2525/1226 1987/2523/1225 1986/2522/1221
f 1989/2525/1226 1988/2524/1223 1990/2526/1227 1991/2527/1228
f 1990/2528/1227 1988/2519/1223 1985/2518/1222 1993/2529/1229
f 1992/2530/1230 3611/2531/1231 1991/2527/1228 1990/2526/1227
f 1992/2532/1230 1990/2528/1227 1993/2529/1229 1995/2533/1232
f 1994/2534/1196 1996/2535/1196 1995/2533/1232 1993/2529/1229
f 3835/2517/1196 1994/2534/1196 1993/2529/1229 1985/2518/1222
f 1996/2535/1196 1998/2536/1196 1997/2537/1233 1995/2533/1232
f 2000/2538/1234 1992/2532/1230 1995/2533/1232 1997/2537/1233
f 1998/2536/1196 3834/2539/1195 1999/2540/1235 1997/2537/1233
f 2002/2541/1236 2000/2538/1234 1997/2537/1233 1999/2540/1235
f 3611/2531/1231 1992/2530/1230 2000/2542/1234 2001/2543/1237
f 2002/2544/1236 2003/2545/1238 2001/2543/1237 2000/2542/1234
f 2003/2545/1238 2002/2544/1236 2004/2546/1239 2005/2547/1240
f 2004/2548/1239 2002/2541/1236 1999/2540/1235 2007/2549/1241
f 2006/2550/1242 3620/2551/1243 2005/2547/1240 2004/2546/1239
f 2006/2552/1242 2004/2548/1239 2007/2549/1241 2009/2553/1244
f 2008/2554/1195 2010/2555/1195 2009/2553/1244 2007/2549/1241
f 3834/2539/1195 2008/2554/1195 2007/2549/1241 1999/2540/1235
f 2010/2555/1195 2012/2556/1196 2011/2557/1245 2009/2553/1244
f 2014/2558/1246 2006/2552/1242 2009/2553/1244 2011/2557/1245
f 2012/2556/1196 3833/2559/1196 2013/2560/1247 2011/2557/1245
f 2016/2561/1248 2014/2558/1246 2011/2557/1245 2013/2560/1247
f 3620/2551/1243 2006/2550/1242 2014/2562/1246 2015/2563/1249
f 2016/2564/1248 2017/2565/1250 2015/2563/1249 2014/2562/1246
f 2017/2565/1250 2016/2564/1248 2018/2566/1251 2019/2567/1252
f 2018/2568/1251 2016/2561/1248 2013/2560/1247 2021/2569/1253
f 2020/2570/1254 3629/2571/1255 2019/2567/1252 2018/2566/1251
f 2020/2572/1254 2018/2568/1251 2021/2569/1253 2023/2573/1256
f 2022/2574/1196 2024/2575/1196 2023/2573/1256 2021/2569/1253
f 3833/2559/1196 2022/2574/1196 2021/2569/1253 2013/2560/1247
f 2024/2575/1196 2026/2576/1196 2025/2577/1257 2023/2573/1256
f 2028/2578/1258 2020/2572/1254 2023/2573/1256 2025/2577/1257
f 2026/2576/1196 3832/2579/1195 2027/2580/1259 2025/2577/1257
f 2030/2581/1260 2028/2578/1258 2025/2577/1257 2027/2580/1259
f 3629/2571/1255 2020/2570/1254 2028/2582/1258 2029/2583/1261
f 2030/2584/1260 2031/2585/1262 2029/2583/1261 2028/2582/1258
f 2031/2585/1262 2030/2584/1260 2032/2586/1263 2033/2587/1264
f 2032/2588/1263 2030/2581/1260 2027/2580/1259 2035/2589/1265
f 2034/2590/1266 3638/2591/1267 2033/2587/1264 2032/2586/1263
f 2034/2592/1266 2032/2588/1263 2035/2589/1265 2037/2593/1268
f 2036/2594/1196 2038/2595/1196 2037/2593/1268 2035/2589/1265
f 3832/2579/1195 2036/2594/1196 2035/2589/1265 2027/2580/1259
f 2038/2595/1196 2040/2596/1196 2039/2597/1269 2037/2593/1268
f 2042/2598/1270 2034/2592/1266 2037/2593/1268 2039/2597/1269
f 2040/2596/1196 3831/2599/1196 2041/2600/1271 2039/2597/1269
f 2044/2601/1272 2042/2598/1270 2039/2597/1269 2041/2600/1271
f 3638/2591/1267 2034/2590/1266 2042/2602/1270 2043/2603/1273
f 2044/2604/1272 2045/2605/1274 2043/2603/1273 2042/2602/1270
f 2045/2605/1274 2044/2604/1272 2046/2606/1275 2047/2607/1276
f 2046/2608/1275 2044/2601/1272 2041/2600/1271 2049/2609/1277
f 2048/2610/1278 3782/2611/1279 2047/2607/1276 2046/2606/1275
f 2048/2612/1278 2046/2608/1275 2049/2609/1277 2051/2613/1280
f 2050/2614/1196 2052/2615/1195 2051/2613/1280 2049/2609/1277
f 3831/2599/1196 2050/2614/1196 2049/2609/1277 2041/2600/1271
f 2052/2615/1195 2054/2616/1195 2053/2617/1281 2051/2613/1280
f 2056/2618/1282 2048/2612/1278 2051/2613/1280 2053/2617/1281
f 2054/2616/1195 3830/2619/1195 2055/2620/1283 2053/2617/1281
f 2058/2621/1284 2056/2618/1282 2053/2617/1281 2055/2620/1283
f 3782/2611/1279 2048/2610/1278 2056/2622/1282 2057/2623/1285
f 2058/2624/1284 2059/2625/1286 2057/2623/1285 2056/2622/1282
f 2059/2625/1286 2058/2624/1284 2060/2626/1287 2061/2627/1288
f 2060/2628/1287 2058/2621/1284 2055/2620/1283 2063/2629/1289
f 2062/2630/1290 3087/2631/1291 2061/2627/1288 2060/2626/1287
f 2062/2632/1290 2060/2628/1287 2063/2629/1289 2065/2633/1292
f 2064/2634/1196 2066/2635/1293 2065/2633/1292 2063/2629/1289
f 3830/2619/1195 2064/2634/1196 2063/2629/1289 2055/2620/1283
f 2068/2636/1294 2067/2637/1295 2065/2633/1292 2066/2635/1293
f 2062/2632/1290 2065/2633/1292 2067/2637/1295 2069/2638/1296
f 2072/2639/1297 2070/2640/1298 2067/2637/1295 2068/2636/1294
f 2069/2638/1296 2067/2637/1295 2070/2640/1298 2073/2641/1299
f 2075/2642/1300 2073/2641/1299 2070/2640/1298 2071/2643/1301
f 3829/2644/1302 2071/2643/1301 2070/2640/1298 2072/2639/1297
f 2073/2645/1299 2074/2646/1303 3088/2647/1304 2069/2648/1296
f 2075/2649/1300 2076/2650/1305 2074/2646/1303 2073/2645/1299
f 2076/2650/1305 2075/2649/1300 2077/2651/1306 2078/2652/1307
f 2077/2653/1306 2075/2642/1300 2071/2643/1301 2080/2654/1308
f 2078/2652/1307 2077/2651/1306 2079/2655/1309 3785/2656/1310
f 2080/2654/1308 2082/2657/1311 2079/2658/1309 2077/2653/1306
f 2083/2659/1312 2082/2657/1311 2080/2654/1308 2081/2660/1313
f 3829/2644/1302 2081/2660/1313 2080/2654/1308 2071/2643/1301
f 2086/2661/1314 2084/2662/1315 2082/2657/1311 2083/2659/1312
f 2082/2657/1311 2084/2662/1315 2087/2663/1316 2079/2658/1309
f 2084/2662/1315 2085/2664/1317 2089/2665/1318 2087/2663/1316
f 2086/2661/1314 3828/2666/1195 2085/2664/1317 2084/2662/1315
f 2088/2667/1319 3785/2656/1310 2079/2655/1309 2087/2668/1316
f 2088/2667/1319 2087/2668/1316 2089/2669/1318 2090/2670/1320
f 2091/2671/1321 2092/2672/1322 2090/2670/1320 2089/2669/1318
f 2091/2673/1321 2089/2665/1318 2085/2664/1317 2094/2674/1323
f 2092/2672/1322 2091/2671/1321 2093/2675/1324 3790/2676/1325
f 2093/2677/1324 2091/2673/1321 2094/2674/1323 2096/2678/1323
f 2095/2679/1195 2097/2680/1196 2096/2678/1323 2094/2674/1323
f 3828/2666/1195 2095/2679/1195 2094/2674/1323 2085/2664/1317
f 2097/2680/1196 2099/2681/1196 2098/2682/1326 2096/2678/1323
f 2100/2683/1324 2093/2677/1324 2096/2678/1323 2098/2682/1326
f 2099/2681/1196 2102/2684/1196 2101/2685/1326 2098/2682/1326
f 2104/2686/1324 2100/2683/1324 2098/2682/1326 2101/2685/1326
f 2102/2684/1196 3827/2687/1196 2103/2688/1326 2101/2685/1326
f 2106/2689/1324 2104/2686/1324 2101/2685/1326 2103/2688/1326
f 3791/2690/1322 2100/2691/1324 2104/2692/1324 2105/2693/1325
f 2106/2694/1324 2107/2695/1327 2105/2693/1325 2104/2692/1324
f 2107/2695/1327 2106/2694/1324 2108/2696/1321 2109/2697/1322
f 2108/2698/1321 2106/2689/1324 2103/2688/1326 2111/2699/1326
f 2110/2700/1321 3799/2701/1322 2109/2697/1322 2108/2696/1321
f 2110/2702/1321 2108/2698/1321 2111/2699/1326 2113/2703/1323
f 2112/2704/1195 2114/2705/1196 2113/2703/1323 2111/2699/1326
f 3827/2687/1196 2112/2704/1195 2111/2699/1326 2103/2688/1326
f 2114/2705/1196 2116/2706/1196 2115/2707/1328 2113/2703/1323
f 2118/2708/1329 2110/2702/1321 2113/2703/1323 2115/2707/1328
f 2116/2706/1196 3826/2709/1196 2117/2710/1330 2115/2707/1328
f 2115/2707/1328 2117/2710/1330 2120/2711/1331 2118/2708/1329
f 3799/2701/1322 2110/2700/1321 2118/2712/1329 2119/2713/1332
f 2120/2714/1331 2121/2715/1333 2119/2713/1332 2118/2712/1329
f 2122/2716/1334 2123/2717/1335 2121/2715/1333 2120/2714/1331
f 2122/2718/1334 2120/2711/1331 2117/2710/1330 2125/2719/1336
f 2123/2717/1335 2122/2716/1334 2124/2720/1337 2706/2721/1338
f 2124/2722/1337 2122/2718/1334 2125/2719/1336 2127/2723/1339
f 2126/2724/1195 2128/2725/1196 2127/2723/1339 2125/2719/1336
f 3826/2709/1196 2126/2724/1195 2125/2719/1336 2117/2710/1330
f 2128/2725/1196 2130/2726/1196 2129/2727/1340 2127/2723/1339
f 2131/2728/1341 2124/2722/1337 2127/2723/1339 2129/2727/1340
f 2130/2726/1196 2133/2729/1196 2132/2730/1340 2129/2727/1340
f 2135/2731/1342 2131/2728/1341 2129/2727/1340 2132/2730/1340
f 2133/2729/1196 3825/2732/1196 2134/2733/1343 2132/2730/1340
f 2132/2730/1340 2134/2733/1343 2137/2734/1344 2135/2731/1342
f 2705/2735/1345 2131/2736/1341 2135/2737/1342 2136/2738/1346
f 2136/2738/1346 2135/2737/1342 2137/2739/1344 2138/2740/1347
f 2139/2741/1348 2140/2742/1349 2138/2740/1347 2137/2739/1344
f 2134/2733/1343 2142/2743/1343 2139/2744/1348 2137/2734/1344
f 2141/2745/1350 2699/2746/1349 2140/2742/1349 2139/2741/1348
f 2141/2747/1350 2139/2744/1348 2142/2743/1343 2144/2748/1351
f 2143/2749/1196 2145/2750/1196 2144/2748/1351 2142/2743/1343
f 2143/2749/1196 2142/2743/1343 2134/2733/1343 3825/2732/1196
f 2145/2750/1196 2147/2751/1195 2146/2752/1351 2144/2748/1351
f 2149/2753/1350 2141/2747/1350 2144/2748/1351 2146/2752/1351
f 2147/2751/1195 3824/2754/1195 2148/2755/1351 2146/2752/1351
f 2151/2756/1350 2149/2753/1350 2146/2752/1351 2148/2755/1351
f 2699/2746/1349 2141/2745/1350 2149/2757/1350 2150/2758/1349
f 2151/2759/1350 2152/2760/1349 2150/2758/1349 2149/2757/1350
f 2152/2760/1349 2151/2759/1350 2153/2761/1350 2154/2762/1352
f 2153/2763/1350 2151/2756/1350 2148/2755/1351 2156/2764/1351
f 2155/2765/1350 2694/2766/1349 2154/2762/1352 2153/2761/1350
f 2155/2767/1350 2153/2763/1350 2156/2764/1351 2158/2768/1351
f 2157/2769/1195 2159/2770/1196 2158/2768/1351 2156/2764/1351
f 3824/2754/1195 2157/2769/1195 2156/2764/1351 2148/2755/1351
f 2159/2770/1196 2161/2771/1195 2160/2772/1351 2158/2768/1351
f 2163/2773/1350 2155/2767/1350 2158/2768/1351 2160/2772/1351
f 2161/2771/1195 3823/2774/1195 2162/2775/1351 2160/2772/1351
f 2165/2776/1348 2163/2773/1350 2160/2772/1351 2162/2775/1351
f 2694/2766/1349 2155/2765/1350 2163/2777/1350 2164/2778/1352
f 2165/2779/1348 2166/2780/1349 2164/2778/1352 2163/2777/1350
f 2166/2780/1349 2165/2779/1348 2167/2781/1348 2168/2782/1349
f 2167/2783/1348 2165/2776/1348 2162/2775/1351 2170/2784/1351
f 2169/2785/1348 2689/2786/1349 2168/2782/1349 2167/2781/1348
f 2169/2787/1348 2167/2783/1348 2170/2784/1351 2172/2788/1351
f 2171/2789/1195 2173/2790/1196 2172/2788/1351 2170/2784/1351
f 3823/2774/1195 2171/2789/1195 2170/2784/1351 2162/2775/1351
f 2173/2790/1196 2175/2791/1196 2174/2792/1351 2172/2788/1351
f 2177/2793/1350 2169/2787/1348 2172/2788/1351 2174/2792/1351
f 2175/2791/1196 3822/2794/1196 2176/2795/1351 2174/2792/1351
f 2179/2796/1350 2177/2793/1350 2174/2792/1351 2176/2795/1351
f 2689/2786/1349 2169/2785/1348 2177/2797/1350 2178/2798/1349
f 2179/2799/1350 2180/2800/1353 2178/2798/1349 2177/2797/1350
f 2180/2800/1353 2179/2799/1350 2181/2801/1350 2182/2802/1349
f 2181/2803/1350 2179/2796/1350 2176/2795/1351 2184/2804/1351
f 2183/2805/1350 2682/2806/1352 2182/2802/1349 2181/2801/1350
f 2183/2807/1350 2181/2803/1350 2184/2804/1351 2186/2808/1351
f 2185/2809/1196 2187/2810/1196 2186/2808/1351 2184/2804/1351
f 3822/2794/1196 2185/2809/1196 2184/2804/1351 2176/2795/1351
f 2187/2810/1196 2189/2811/1196 2188/2812/1351 2186/2808/1351
f 2191/2813/1350 2183/2807/1350 2186/2808/1351 2188/2812/1351
f 2189/2811/1196 3821/2814/1196 2190/2815/1351 2188/2812/1351
f 2193/2816/1350 2191/2813/1350 2188/2812/1351 2190/2815/1351
f 2682/2806/1352 2183/2805/1350 2191/2817/1350 2192/2818/1349
f 2193/2819/1350 2194/2820/1349 2192/2818/1349 2191/2817/1350
f 2194/2820/1349 2193/2819/1350 2195/2821/1354 2196/2822/1355
f 2195/2823/1354 2193/2816/1350 2190/2815/1351 2198/2824/1351
f 2197/2825/1356 2651/2826/1357 2196/2822/1355 2195/2821/1354
f 2197/2827/1356 2195/2823/1354 2198/2824/1351 2200/2828/1358
f 2199/2829/1196 2201/2830/1196 2200/2828/1358 2198/2824/1351
f 3821/2814/1196 2199/2829/1196 2198/2824/1351 2190/2815/1351
f 2201/2830/1196 2203/2831/1196 2202/2832/1359 2200/2828/1358
f 2205/2833/1360 2197/2827/1356 2200/2828/1358 2202/2832/1359
f 2203/2831/1196 3820/2834/1196 2204/2835/1361 2202/2832/1359
f 2207/2836/1362 2205/2833/1360 2202/2832/1359 2204/2835/1361
f 2651/2826/1357 2197/2825/1356 2205/2837/1360 2206/2838/1363
f 2207/2839/1362 2208/2840/1364 2206/2838/1363 2205/2837/1360
f 2208/2840/1364 2207/2839/1362 2209/2841/1365 2210/2842/1366
f 2209/2843/1365 2207/2836/1362 2204/2835/1361 2212/2844/1367
f 2211/2845/1368 2657/2846/1369 2210/2842/1366 2209/2841/1365
f 2211/2847/1368 2209/2843/1365 2212/2844/1367 2214/2848/1370
f 2213/2849/1196 2215/2850/1196 2214/2848/1370 2212/2844/1367
f 3820/2834/1196 2213/2849/1196 2212/2844/1367 2204/2835/1361
f 2215/2850/1196 2217/2851/1196 2216/2852/1371 2214/2848/1370
f 2219/2853/1372 2211/2847/1368 2214/2848/1370 2216/2852/1371
f 2217/2851/1196 3819/2854/1196 2218/2855/1373 2216/2852/1371
f 2221/2856/1374 2219/2853/1372 2216/2852/1371 2218/2855/1373
f 2657/2846/1369 2211/2845/1368 2219/2857/1372 2220/2858/1375
f 2221/2859/1374 2222/2860/1376 2220/2858/1375 2219/2857/1372
f 2222/2860/1376 2221/2859/1374 2223/2861/1377 2224/2862/1378
f 2223/2863/1377 2221/2856/1374 2218/2855/1373 2226/2864/1379
f 2225/2865/1380 2663/2866/1381 2224/2862/1378 2223/2861/1377
f 2225/2867/1380 2223/2863/1377 2226/2864/1379 2228/2868/1382
f 2227/2869/1196 2229/2870/1196 2228/2868/1382 2226/2864/1379
f 3819/2854/1196 2227/2869/1196 2226/2864/1379 2218/2855/1373
f 2229/2870/1196 2231/2871/1195 2230/2872/1383 2228/2868/1382
f 2233/2873/1384 2225/2867/1380 2228/2868/1382 2230/2872/1383
f 2231/2871/1195 3818/2874/1385 2232/2875/1386 2230/2872/1383
f 2235/2876/1387 2233/2873/1384 2230/2872/1383 2232/2875/1386
f 2663/2866/1381 2225/2865/1380 2233/2877/1384 2234/2878/1388
f 2235/2879/1387 2236/2880/1389 2234/2878/1388 2233/2877/1384
f 2236/2880/1389 2235/2879/1387 2237/2881/1390 2238/2882/1391
f 2237/2883/1390 2235/2876/1387 2232/2875/1386 2240/2884/1392
f 2239/2885/1393 2670/2886/1394 2238/2882/1391 2237/2881/1390
f 2239/2887/1393 2237/2883/1390 2240/2884/1392 2242/2888/1395
f 2241/2889/1196 2243/2890/1196 2242/2888/1395 2240/2884/1392
f 3818/2874/1385 2241/2889/1196 2240/2884/1392 2232/2875/1386
f 2243/2890/1196 2245/2891/1196 2244/2892/1396 2242/2888/1395
f 2247/2893/1397 2239/2887/1393 2242/2888/1395 2244/2892/1396
f 2245/2891/1196 3817/2894/1196 2246/2895/1398 2244/2892/1396
f 2249/2896/1399 2247/2893/1397 2244/2892/1396 2246/2895/1398
f 2670/2886/1394 2239/2885/1393 2247/2897/1397 2248/2898/1400
f 2249/2899/1399 2250/2900/1401 2248/2898/1400 2247/2897/1397
f 2250/2900/1401 2249/2899/1399 2251/2901/1402 2252/2902/1403
f 2251/2903/1402 2249/2896/1399 2246/2895/1398 2254/2904/1404
f 2253/2905/1405 2676/2906/1406 2252/2902/1403 2251/2901/1402
f 2253/2907/1405 2251/2903/1402 2254/2904/1404 2256/2908/1407
f 2255/2909/1196 2257/2910/1196 2256/2908/1407 2254/2904/1404
f 3817/2894/1196 2255/2909/1196 2254/2904/1404 2246/2895/1398
f 2257/2910/1196 2259/2911/1196 2258/2912/1408 2256/2908/1407
f 2261/2913/1409 2253/2907/1405 2256/2908/1407 2258/2912/1408
f 2259/2911/1196 3816/2914/1196 2260/2915/1410 2258/2912/1408
f 2263/2916/1411 2261/2913/1409 2258/2912/1408 2260/2915/1410
f 2676/2906/1406 2253/2905/1405 2261/2917/1409 2262/2918/1412
f 2263/2919/1411 2264/2920/1413 2262/2918/1412 2261/2917/1409
f 2264/2920/1413 2263/2919/1411 2265/2921/1414 2266/2922/1415
f 2265/2923/1414 2263/2916/1411 2260/2915/1410 2268/2924/1416
f 2267/2925/1417 3807/2926/1418 2266/2922/1415 2265/2921/1414
f 2267/2927/1417 2265/2923/1414 2268/2924/1416 2270/2928/1419
f 2269/2929/1196 2271/2930/1196 2270/2928/1419 2268/2924/1416
f 3816/2914/1196 2269/2929/1196 2268/2924/1416 2260/2915/1410
f 2271/2930/1196 2273/2931/1196 2272/2932/1420 2270/2928/1419
f 2275/2933/1421 2267/2927/1417 2270/2928/1419 2272/2932/1420
f 2273/2931/1196 3815/2934/1196 2274/2935/1422 2272/2932/1420
f 2277/2936/1423 2275/2933/1421 2272/2932/1420 2274/2935/1422
f 3807/2926/1418 2267/2925/1417 2275/2937/1421 2276/2938/1424
f 2277/2939/1423 2278/2940/1425 2276/2938/1424 2275/2937/1421
f 2278/2940/1425 2277/2939/1423 2279/2941/1426 2280/2942/1427
f 2279/2943/1426 2277/2936/1423 2274/2935/1422 2282/2944/1428
f 2281/2945/1429 2462/2946/1430 2280/2942/1427 2279/2941/1426
f 2281/2947/1429 2279/2943/1426 2282/2944/1428 2284/2948/1431
f 2283/2949/1195 2285/2950/1195 2284/2948/1431 2282/2944/1428
f 3815/2934/1196 2283/2949/1195 2282/2944/1428 2274/2935/1422
f 2285/2950/1195 2287/2951/1195 2286/2952/1432 2284/2948/1431
f 2289/2953/1433 2281/2947/1429 2284/2948/1431 2286/2952/1432
f 2287/2951/1195 3814/2954/1195 2288/2955/1434 2286/2952/1432
f 2291/2956/1435 2289/2953/1433 2286/2952/1432 2288/2955/1434
f 2462/2946/1430 2281/2945/1429 2289/2957/1433 2290/2958/1436
f 2291/2959/1435 2292/2960/1437 2290/2958/1436 2289/2957/1433
f 2292/2960/1437 2291/2959/1435 2293/2961/1438 2294/2962/1439
f 2293/2963/1438 2291/2956/1435 2288/2955/1434 2296/2964/1440
f 2295/2965/1441 2454/2966/1442 2294/2962/1439 2293/2961/1438
f 2296/2964/1440 2298/2967/1443 2295/2968/1441 2293/2963/1438
f 2297/2969/1444 2299/2970/1196 2298/2967/1443 2296/2964/1440
f 3814/2954/1195 2297/2969/1444 2296/2964/1440 2288/2955/1434
f 2299/2970/1196 2301/2971/1196 2300/2972/1445 2298/2967/1443
f 2302/2973/1446 2295/2968/1441 2298/2967/1443 2300/2972/1445
f 2301/2971/1196 2304/2974/1196 2303/2975/1447 2300/2972/1445
f 2306/2976/1448 2302/2973/1446 2300/2972/1445 2303/2975/1447
f 2304/2974/1196 3813/2977/1196 2305/2978/1449 2303/2975/1447
f 2308/2979/1450 2306/2976/1448 2303/2975/1447 2305/2978/1449
f 2453/2980/1451 2302/2981/1446 2306/2982/1448 2307/2983/1452
f 2308/2984/1450 2309/2985/1453 2307/2983/1452 2306/2982/1448
f 2309/2985/1453 2308/2984/1450 2310/2986/1454 2311/2987/1455
f 2310/2988/1454 2308/2979/1450 2305/2978/1449 2313/2989/1456
f 2312/2990/1457 2448/2991/1458 2311/2987/1455 2310/2986/1454
f 2312/2992/1457 2310/2988/1454 2313/2989/1456 2315/2993/1459
f 2314/2994/1196 2316/2995/1196 2315/2993/1459 2313/2989/1456
f 3813/2977/1196 2314/2994/1196 2313/2989/1456 2305/2978/1449
f 2316/2995/1196 2318/2996/1196 2317/2997/1460 2315/2993/1459
f 2320/2998/1461 2312/2992/1457 2315/2993/1459 2317/2997/1460
f 2318/2996/1196 3812/2999/1196 2319/3000/1462 2317/2997/1460
f 2322/3001/1463 2320/2998/1461 2317/2997/1460 2319/3000/1462
f 2448/2991/1458 2312/2990/1457 2320/3002/1461 2321/3003/1464
f 2322/3004/1463 2323/3005/1465 2321/3003/1464 2320/3002/1461
f 2323/3005/1465 2322/3004/1463 2324/3006/1466 2325/3007/1467
f 2324/3008/1466 2322/3001/1463 2319/3000/1462 2327/3009/1468
f 2326/3010/1469 2441/3011/1470 2325/3007/1467 2324/3006/1466
f 2326/3012/1469 2324/3008/1466 2327/3009/1468 2329/3013/1471
f 2328/3014/1196 2330/3015/1195 2329/3013/1471 2327/3009/1468
f 3812/2999/1196 2328/3014/1196 2327/3009/1468 2319/3000/1462
f 2330/3015/1195 2332/3016/1196 2331/3017/1472 2329/3013/1471
f 2334/3018/1473 2326/3012/1469 2329/3013/1471 2331/3017/1472
f 2332/3016/1196 3811/3019/1196 2333/3020/1474 2331/3017/1472
f 2336/3021/1475 2334/3018/1473 2331/3017/1472 2333/3020/1474
f 2441/3011/1470 2326/3010/1469 2334/3022/1473 2335/3023/1476
f 2336/3024/1475 2337/3025/1477 2335/3023/1476 2334/3022/1473
f 2337/3025/1477 2336/3024/1475 2338/3026/1478 2339/3027/1479
f 2338/3028/1478 2336/3021/1475 2333/3020/1474 2341/3029/1480
f 2340/3030/1481 2434/3031/1482 2339/3027/1479 2338/3026/1478
f 2340/3032/1481 2338/3028/1478 2341/3029/1480 2343/3033/1483
f 2342/3034/1196 2344/3035/1196 2343/3033/1483 2341/3029/1480
f 3811/3019/1196 2342/3034/1196 2341/3029/1480 2333/3020/1474
f 2344/3035/1196 2346/3036/1195 2345/3037/1484 2343/3033/1483
f 2348/3038/1485 2340/3032/1481 2343/3033/1483 2345/3037/1484
f 2346/3036/1195 3810/3039/1196 2347/3040/1486 2345/3037/1484
f 2350/3041/1487 2348/3038/1485 2345/3037/1484 2347/3040/1486
f 2434/3031/1482 2340/3030/1481 2348/3042/1485 2349/3043/1488
f 2350/3044/1487 2351/3045/1489 2349/3043/1488 2348/3042/1485
f 2351/3045/1489 2350/3044/1487 2352/3046/1490 2353/3047/1491
f 2352/3048/1490 2350/3041/1487 2347/3040/1486 2355/3049/1492
f 2354/3050/1493 2429/3051/1494 2353/3047/1491 2352/3046/1490
f 2354/3052/1493 2352/3048/1490 2355/3049/1492 2357/3053/1495
f 2356/3054/1196 2358/3055/1196 2357/3053/1495 2355/3049/1492
f 3810/3039/1196 2356/3054/1196 2355/3049/1492 2347/3040/1486
f 2358/3055/1196 2360/3056/1195 2359/3057/1496 2357/3053/1495
f 2362/3058/1497 2354/3052/1493 2357/3053/1495 2359/3057/1496
f 2360/3056/1195 3809/3059/1196 2361/3060/1498 2359/3057/1496
f 2364/3061/1499 2362/3058/1497 2359/3057/1496 2361/3060/1498
f 2429/3051/1494 2354/3050/1493 2362/3062/1497 2363/3063/1500
f 2364/3064/1499 2365/3065/1501 2363/3063/1500 2362/3062/1497
f 2365/3065/1501 2364/3064/1499 2366/3066/1502 2367/3067/1503
f 2366/3068/1502 2364/3061/1499 2361/3060/1498 2369/3069/1504
f 2368/3070/1505 2422/3071/1506 2367/3067/1503 2366/3066/1502
f 2368/3072/1505 2366/3068/1502 2369/3069/1504 2371/3073/1507
f 2370/3074/1196 2372/3075/1196 2371/3073/1507 2369/3069/1504
f 3809/3059/1196 2370/3074/1196 2369/3069/1504 2361/3060/1498
f 2372/3075/1196 2374/3076/1196 2373/3077/1508 2371/3073/1507
f 2376/3078/1509 2368/3072/1505 2371/3073/1507 2373/3077/1508
f 2374/3076/1196 3808/3079/1196 2375/3080/1510 2373/3077/1508
f 2378/3081/1511 2376/3078/1509 2373/3077/1508 2375/3080/1510
f 2422/3071/1506 2368/3070/1505 2376/3082/1509 2377/3083/1512
f 2378/3084/1511 2379/3085/1513 2377/3083/1512 2376/3082/1509
f 2379/3085/1513 2378/3084/1511 2380/3086/1514 2381/3087/1515
f 2380/3088/1514 2378/3081/1511 2375/3080/1510 2383/3089/1516
f 2382/3090/1517 2414/3091/1518 2381/3087/1515 2380/3086/1514
f 2382/3092/1517 2380/3088/1514 2383/3089/1516 2385/3093/1519
f 2384/3094/1196 2387/3095/1196 2385/3093/1519 2383/3089/1516
f 3808/3079/1196 2384/3094/1196 2383/3089/1516 2375/3080/1510
f 2415/3096/1520 2382/3092/1517 2385/3093/1519 2386/3097/1521
f 2387/3095/1196 2388/3098/1196 2386/3097/1521 2385/3093/1519
f 2388/3098/1196 2389/3099/1196 2390/3100/1194 2386/3097/1521
f 2389/3099/1196 2391/3101/1196 2392/3102/1194 2390/3100/1194
f 2391/3101/1196 2393/3103/1196 2394/3104/1194 2392/3102/1194
f 2393/3103/1196 2395/3105/1196 2396/3106/1194 2394/3104/1194
f 2395/3105/1196 2397/3107/1196 2398/3108/1194 2396/3106/1194
f 2397/3107/1196 2399/2460/1195 1943/2457/1194 2398/3108/1194
f 1932/3109/1192 2400/3110/1192 2396/3106/1194 2398/3108/1194
f 1935/2456/1192 1932/3109/1192 2398/3108/1194 1943/2457/1194
f 2400/3110/1192 2401/3111/1192 2394/3104/1194 2396/3106/1194
f 2402/3112/1191 2401/3113/1192 2400/2445/1192 1933/2441/1191
f 2401/3113/1192 2402/3112/1191 2405/3114/1191 2403/3115/1522
f 2401/3111/1192 2403/3116/1522 2392/3102/1194 2394/3104/1194
f 2403/3116/1522 2404/3117/1522 2390/3100/1194 2392/3102/1194
f 2406/3118/1191 2404/3119/1522 2403/3115/1522 2405/3114/1191
f 2408/3120/121 2406/3118/1191 2405/3114/1191 2407/3121/121
f 2402/3112/1191 2409/3122/121 2407/3121/121 2405/3114/1191
f 334/452/121 2408/3120/121 2407/3121/121 332/450/121
f 2409/3122/121 330/448/121 332/450/121 2407/3121/121
f 330/448/121 2409/3122/121 1929/2437/121 1927/449/121
f 2409/3122/121 2402/3112/1191 1933/2441/1191 1929/2437/121
f 2406/3118/1191 2408/3120/121 2410/3123/225 2413/3124/1523
f 334/452/121 2412/455/225 2410/3123/225 2408/3120/121
f 2411/3125/245 2414/3126/1518 2413/3124/1523 2410/3123/225
f 2416/3127/245 2411/3125/245 2410/3123/225 2412/455/225
f 2414/3126/1518 2382/3128/1517 2415/3129/1520 2413/3124/1523
f 2404/3119/1522 2406/3118/1191 2413/3124/1523 2415/3129/1520
f 2404/3117/1522 2415/3096/1520 2386/3097/1521 2390/3100/1194
f 2414/3091/1518 2411/3130/245 2417/3131/246 2381/3087/1515
f 357/460/229 2416/3127/245 2412/455/225 335/454/224
f 2411/3130/245 2416/485/245 358/486/246 2417/3131/246
f 2418/3132/11 2379/3085/1513 2381/3087/1515 2417/3131/246
f 360/487/11 2418/3132/11 2417/3131/246 358/486/246
f 2379/3085/1513 2418/3132/11 2419/3133/13 2377/3083/1512
f 360/487/11 362/489/13 2419/3133/13 2418/3132/11
f 2420/3134/250 2422/3071/1506 2377/3083/1512 2419/3133/13
f 365/492/250 2420/3134/250 2419/3133/13 362/489/13
f 2422/3071/1506 2420/3134/250 2421/3135/22 2367/3067/1503
f 365/492/250 2424/495/22 2421/3135/22 2420/3134/250
f 2423/3136/23 2365/3065/1501 2367/3067/1503 2421/3135/22
f 2425/551/23 2423/3136/23 2421/3135/22 2424/495/22
f 406/504/258 2425/551/23 2424/495/22 366/494/252
f 2425/551/23 407/552/25 2426/3137/25 2423/3136/23
f 2365/3065/1501 2423/3136/23 2426/3137/25 2363/3063/1500
f 2427/3138/1524 2429/3051/1494 2363/3063/1500 2426/3137/25
f 409/553/287 2427/3138/1524 2426/3137/25 407/552/25
f 2429/3051/1494 2427/3138/1524 2428/3139/34 2353/3047/1491
f 409/553/287 411/555/34 2428/3139/34 2427/3138/1524
f 2430/3140/291 2351/3045/1489 2353/3047/1491 2428/3139/34
f 415/558/291 2430/3140/291 2428/3139/34 411/555/34
f 2430/3140/291 415/558/291 417/562/295 2431/3141/295
f 2351/3045/1489 2430/3140/291 2431/3141/295 2349/3043/1488
f 2432/3142/47 2434/3031/1482 2349/3043/1488 2431/3141/295
f 420/564/47 2432/3142/47 2431/3141/295 417/562/295
f 2434/3031/1482 2432/3142/47 2433/3143/299 2339/3027/1479
f 420/564/47 2436/567/299 2433/3143/299 2432/3142/47
f 2435/3144/1525 2337/3025/1477 2339/3027/1479 2433/3143/299
f 2437/631/339 2435/3144/1525 2433/3143/299 2436/567/299
f 470/576/305 2437/631/339 2436/567/299 421/566/298
f 2435/3144/1525 2437/631/339 471/632/340 2438/3145/340
f 2337/3025/1477 2435/3144/1525 2438/3145/340 2335/3023/1476
f 2439/3146/341 2441/3011/1470 2335/3023/1476 2438/3145/340
f 473/633/341 2439/3146/341 2438/3145/340 471/632/340
f 2441/3011/1470 2439/3146/341 2440/3147/343 2325/3007/1467
f 473/633/341 475/635/343 2440/3147/343 2439/3146/341
f 2442/3148/346 2323/3005/1465 2325/3007/1467 2440/3147/343
f 478/638/346 2442/3148/346 2440/3147/343 475/635/343
f 2323/3005/1465 2442/3148/346 2443/3149/349 2321/3003/1464
f 478/638/346 2445/641/349 2443/3149/349 2442/3148/346
f 2444/3150/382 2448/2991/1458 2321/3003/1464 2443/3149/349
f 2446/691/382 2444/3150/382 2443/3149/349 2445/641/349
f 517/650/355 2446/691/382 2445/641/349 479/640/348
f 2446/691/382 518/692/383 2447/3151/383 2444/3150/382
f 2448/2991/1458 2444/3150/382 2447/3151/383 2311/2987/1455
f 2449/3152/384 2309/2985/1453 2311/2987/1455 2447/3151/383
f 520/693/384 2449/3152/384 2447/3151/383 518/692/383
f 2309/2985/1453 2449/3152/384 2450/3153/386 2307/2983/1452
f 520/693/384 522/695/386 2450/3153/386 2449/3152/384
f 2451/3154/389 2453/2980/1451 2307/2983/1452 2450/3153/386
f 526/698/389 2451/3154/389 2450/3153/386 522/695/386
f 2451/3154/389 526/698/389 528/702/393 2452/3155/393
f 2453/2980/1451 2451/3154/389 2452/3155/393 2454/2966/1442
f 2302/2981/1446 2453/2980/1451 2454/2966/1442 2295/2965/1441
f 2454/2966/1442 2452/3155/393 2455/3156/395 2294/2962/1439
f 528/702/393 2457/704/395 2455/3156/395 2452/3155/393
f 2456/3157/484 2292/2960/1437 2294/2962/1439 2455/3156/395
f 2458/879/484 2456/3157/484 2455/3156/395 2457/704/395
f 672/877/483 2458/879/484 2457/704/395 529/703/394
f 2458/879/484 673/880/485 2459/3158/485 2456/3157/484
f 2292/2960/1437 2456/3157/484 2459/3158/485 2290/2958/1436
f 2460/3159/486 2462/2946/1430 2290/2958/1436 2459/3158/485
f 675/881/486 2460/3159/486 2459/3158/485 673/880/485
f 2460/3159/486 675/881/486 677/884/488 2461/3160/488
f 2462/2946/1430 2460/3159/486 2461/3160/488 2280/2942/1427
f 2463/3161/490 2278/2940/1425 2280/2942/1427 2461/3160/488
f 680/886/490 2463/3161/490 2461/3160/488 677/884/488
f 2278/2940/1425 2463/3161/490 2464/3162/493 2276/2938/1424
f 680/886/490 2466/889/493 2464/3162/493 2463/3161/490
f 2465/3163/1526 3807/2926/1418 2276/2938/1424 2464/3162/493
f 2467/3164/1526 2465/3163/1526 2464/3162/493 2466/889/493
f 2469/896/498 2467/3164/1526 2466/889/493 681/888/492
f 2465/3163/1526 2467/3164/1526 2468/3165/1527 2679/3166/1528
f 2467/3164/1526 2469/896/498 2470/3167/1529 2468/3165/1527
f 2469/896/498 685/895/497 2471/3168/1530 2470/3167/1529
f 2472/3169/1531 2473/3170/1532 2468/3165/1527 2470/3167/1529
f 2475/3171/1533 2472/3169/1531 2470/3167/1529 2471/3168/1530
f 2473/3170/1532 2472/3169/1531 2474/3172/1534 2677/3173/1535
f 2472/3169/1531 2475/3171/1533 2477/3174/1536 2474/3172/1534
f 2475/3175/1533 2476/3176/1537 2479/3177/1538 2477/3178/1536
f 2476/3176/1537 2475/3175/1533 2471/3179/1530 3806/3180/1539
f 2478/3181/1540 2512/3182/1541 2474/3172/1534 2477/3174/1536
f 2480/3183/1542 2478/3184/1540 2477/3178/1536 2479/3177/1538
f 2482/3185/193 2480/3183/1542 2479/3177/1538 2481/3186/199
f 2476/3176/1537 2484/3187/199 2481/3186/199 2479/3177/1538
f 2482/3185/193 2481/3186/199 2483/3188/1543 2502/3189/1544
f 2481/3186/199 2484/3187/199 2486/3190/1545 2483/3188/1543
f 2484/3187/199 2476/3176/1537 3806/3180/1539 2485/3191/199
f 2484/3187/199 2485/3191/199 2488/3192/1546 2486/3190/1545
f 2487/3193/1547 2499/3194/1548 2483/3188/1543 2486/3190/1545
f 2489/3195/1549 2487/3193/1547 2486/3190/1545 2488/3192/1546
f 2491/3196/1550 2489/3195/1549 2488/3192/1546 2490/903/501
f 2485/3191/199 689/899/193 2490/903/501 2488/3192/1546
f 695/906/504 2491/3196/1550 2490/903/501 690/902/500
f 2491/3197/1550 2492/3198/1551 2495/3199/1552 2489/3200/1549
f 2492/3198/1551 2491/3197/1550 695/912/504 2494/911/507
f 2492/3198/1551 2493/1526/859 1209/1539/865 2495/3199/1552
f 2493/1526/859 2492/3198/1551 2494/911/507 1200/1524/858
f 2496/3201/1553 2487/3202/1547 2489/3200/1549 2495/3199/1552
f 1211/1540/868 2496/3201/1553 2495/3199/1552 1209/1539/865
f 2487/3202/1547 2496/3201/1553 2497/3203/1554 2499/3204/1548
f 2496/3201/1553 1211/1540/868 1213/1542/869 2497/3203/1554
f 2498/3205/1555 2500/3206/1556 2499/3204/1548 2497/3203/1554
f 3805/1545/871 2498/3205/1555 2497/3203/1554 1213/1542/869
f 2499/3194/1548 2500/3207/1556 2502/3189/1544 2483/3188/1543
f 2500/3206/1556 2498/3205/1555 2540/3208/1557 2501/3209/1558
f 2500/3207/1556 2501/3210/1558 2503/3211/1559 2502/3189/1544
f 2505/3212/193 2482/3185/193 2502/3189/1544 2503/3211/1559
f 2501/3210/1558 2538/3213/1560 2504/3214/1561 2503/3211/1559
f 2506/3215/193 2505/3212/193 2503/3211/1559 2504/3214/1561
f 2506/3215/193 2508/3216/1562 2507/3217/1563 2505/3212/193
f 2480/3183/1542 2482/3185/193 2505/3212/193 2507/3217/1563
f 2508/3216/1562 2510/3218/1564 2509/3219/1565 2507/3217/1563
f 2478/3184/1540 2480/3183/1542 2507/3217/1563 2509/3219/1565
f 2510/3220/1564 2514/3221/1566 2511/3222/1567 2509/3223/1565
f 2512/3182/1541 2478/3181/1540 2509/3223/1565 2511/3222/1567
f 2674/3224/1568 2512/3182/1541 2511/3222/1567 2513/3225/1569
f 2514/3221/1566 2515/3226/1570 2513/3225/1569 2511/3222/1567
f 2515/3226/1570 2514/3221/1566 2516/3227/1571 2517/3228/1572
f 2514/3221/1566 2510/3220/1564 2518/3229/1573 2516/3227/1571
f 2519/3230/1574 2520/3231/1575 2517/3228/1572 2516/3227/1571
f 2522/3232/1576 2519/3230/1574 2516/3227/1571 2518/3229/1573
f 2520/3231/1575 2519/3230/1574 2521/3233/1577 2667/3234/1578
f 2519/3230/1574 2522/3232/1576 2524/3235/1579 2521/3233/1577
f 2522/3236/1576 2523/3237/1580 2526/3238/1581 2524/3239/1579
f 2523/3237/1580 2522/3236/1576 2518/3240/1573 3804/3241/1582
f 2525/3242/1583 2558/3243/1584 2521/3233/1577 2524/3235/1579
f 2527/3244/1585 2525/3245/1583 2524/3239/1579 2526/3238/1581
f 2529/3246/357 2527/3244/1585 2526/3238/1581 2528/3247/357
f 2523/3237/1580 2531/3248/1106 2528/3247/357 2526/3238/1581
f 2529/3246/357 2528/3247/357 2530/3249/1586 2548/3250/1587
f 2528/3247/357 2531/3248/1106 2533/3251/1588 2530/3249/1586
f 2531/3248/1106 2523/3237/1580 3804/3241/1582 2532/3252/199
f 2531/3248/1106 2532/3252/199 2535/3253/1589 2533/3251/1588
f 2534/3254/1590 2545/3255/1591 2530/3249/1586 2533/3251/1588
f 2536/3256/1592 2534/3254/1590 2533/3251/1588 2535/3253/1589
f 2538/3213/1560 2536/3256/1592 2535/3253/1589 2504/3214/1561
f 2532/3252/199 2506/3215/193 2504/3214/1561 2535/3253/1589
f 2541/3257/1593 2534/3258/1590 2536/3259/1592 2537/3260/1594
f 2538/3261/1560 2539/3262/1595 2537/3260/1594 2536/3259/1592
f 2539/3262/1595 2538/3261/1560 2501/3209/1558 2540/3208/1557
f 2539/3262/1595 1225/1560/880 1227/1562/881 2537/3260/1594
f 1225/1560/880 2539/3262/1595 2540/3208/1557 1223/1559/877
f 2498/3205/1555 3805/1545/871 1223/1559/877 2540/3208/1557
f 2543/1565/883 2541/3257/1593 2537/3260/1594 1227/1562/881
f 2534/3258/1590 2541/3257/1593 2542/3263/1596 2545/3264/1591
f 2541/3257/1593 2543/1565/883 1237/1579/889 2542/3263/1596
f 2544/3265/1597 2546/3266/1598 2545/3264/1591 2542/3263/1596
f 1239/1580/892 2544/3265/1597 2542/3263/1596 1237/1579/889
f 2545/3255/1591 2546/3267/1598 2548/3250/1587 2530/3249/1586
f 2546/3266/1598 2544/3265/1597 2587/3268/1599 2547/3269/1600
f 2546/3267/1598 2547/3270/1600 2549/3271/1601 2548/3250/1587
f 2551/3272/193 2529/3246/357 2548/3250/1587 2549/3271/1601
f 2547/3270/1600 2584/3273/1602 2550/3274/1603 2549/3271/1601
f 2552/3275/199 2551/3272/193 2549/3271/1601 2550/3274/1603
f 2552/3275/199 2554/3276/1604 2553/3277/1605 2551/3272/193
f 2527/3244/1585 2529/3246/357 2551/3272/193 2553/3277/1605
f 2554/3276/1604 2556/3278/1606 2555/3279/1607 2553/3277/1605
f 2525/3245/1583 2527/3244/1585 2553/3277/1605 2555/3279/1607
f 2556/3280/1606 2560/3281/1608 2557/3282/1609 2555/3283/1607
f 2558/3243/1584 2525/3242/1583 2555/3283/1607 2557/3282/1609
f 2665/3284/1610 2558/3243/1584 2557/3282/1609 2559/3285/1611
f 2560/3281/1608 2561/3286/1612 2559/3285/1611 2557/3282/1609
f 2561/3286/1612 2560/3281/1608 2562/3287/1613 2563/3288/1614
f 2560/3281/1608 2556/3280/1606 2564/3289/1615 2562/3287/1613
f 2565/3290/1616 2566/3291/1617 2563/3288/1614 2562/3287/1613
f 2568/3292/1618 2565/3290/1616 2562/3287/1613 2564/3289/1615
f 2566/3291/1617 2565/3290/1616 2567/3293/1619 2658/3294/1620
f 2565/3290/1616 2568/3292/1618 2570/3295/1621 2567/3293/1619
f 2568/3296/1618 2569/3297/1622 2572/3298/1623 2570/3299/1621
f 2569/3297/1622 2568/3296/1618 2564/3300/1615 3803/3301/1624
f 2571/3302/1625 2604/3303/1626 2567/3293/1619 2570/3295/1621
f 2573/3304/1627 2571/3305/1625 2570/3299/1621 2572/3298/1623
f 2575/3306/199 2573/3304/1627 2572/3298/1623 2574/3307/199
f 2569/3297/1622 2577/3308/199 2574/3307/199 2572/3298/1623
f 2575/3306/199 2574/3307/199 2576/3309/1628 2594/3310/1629
f 2574/3307/199 2577/3308/199 2579/3311/1630 2576/3309/1628
f 2577/3308/199 2569/3297/1622 3803/3301/1624 2578/3312/199
f 2577/3308/199 2578/3312/199 2581/3313/1631 2579/3311/1630
f 2580/3314/1632 2591/3315/1633 2576/3309/1628 2579/3311/1630
f 2582/3316/1634 2580/3314/1632 2579/3311/1630 2581/3313/1631
f 2584/3273/1602 2582/3316/1634 2581/3313/1631 2550/3274/1603
f 2578/3312/199 2552/3275/199 2550/3274/1603 2581/3313/1631
f 2588/3317/1635 2580/3318/1632 2582/3319/1634 2583/3320/1636
f 2584/3321/1602 2585/3322/1637 2583/3320/1636 2582/3319/1634
f 2585/3322/1637 2584/3321/1602 2547/3269/1600 2587/3268/1599
f 2585/3322/1637 2586/1585/895 1251/1599/901 2583/3320/1636
f 2586/1585/895 2585/3322/1637 2587/3268/1599 1241/1582/893
f 2544/3265/1597 1239/1580/892 1241/1582/893 2587/3268/1599
f 1253/1600/904 2588/3317/1635 2583/3320/1636 1251/1599/901
f 2580/3318/1632 2588/3317/1635 2589/3323/1638 2591/3324/1633
f 2588/3317/1635 1253/1600/904 1255/1602/905 2589/3323/1638
f 2590/3325/1639 2592/3326/1640 2591/3324/1633 2589/3323/1638
f 3802/1605/907 2590/3325/1639 2589/3323/1638 1255/1602/905
f 2591/3315/1633 2592/3327/1640 2594/3310/1629 2576/3309/1628
f 2592/3326/1640 2590/3325/1639 2643/3328/1641 2593/3329/1642
f 2592/3327/1640 2593/3330/1642 2595/3331/1643 2594/3310/1629
f 2597/3332/193 2575/3306/199 2594/3310/1629 2595/3331/1643
f 2593/3330/1642 2642/3333/1644 2596/3334/1645 2595/3331/1643
f 2598/3335/193 2597/3332/193 2595/3331/1643 2596/3334/1645
f 2598/3335/193 2600/3336/1646 2599/3337/1647 2597/3332/193
f 2573/3304/1627 2575/3306/199 2597/3332/193 2599/3337/1647
f 2600/3336/1646 2602/3338/1648 2601/3339/1649 2599/3337/1647
f 2571/3305/1625 2573/3304/1627 2599/3337/1647 2601/3339/1649
f 2602/3340/1648 2606/3341/1650 2603/3342/1651 2601/3343/1649
f 2604/3303/1626 2571/3302/1625 2601/3343/1649 2603/3342/1651
f 2655/3344/1652 2604/3303/1626 2603/3342/1651 2605/3345/1653
f 2606/3341/1650 2607/3346/1654 2605/3345/1653 2603/3342/1651
f 2607/3346/1654 2606/3341/1650 2608/3347/1655 2609/3348/1656
f 2606/3341/1650 2602/3340/1648 2610/3349/1657 2608/3347/1655
f 2611/3350/1658 2613/3351/1659 2609/3348/1656 2608/3347/1655
f 2612/3352/1660 2611/3350/1658 2608/3347/1655 2610/3349/1657
f 2611/3350/1658 2612/3352/1660 2616/3353/1661 2614/3354/1662
f 2613/3351/1659 2611/3350/1658 2614/3354/1662 2615/3355/1663
f 2617/3356/954 2618/3357/928 2615/3355/1663 2614/3354/1662
f 2619/3358/953 2617/3356/954 2614/3354/1662 2616/3353/1661
f 2618/3357/928 2617/3356/954 1344/1723/954 2645/1728/928
f 2617/3356/954 2619/3358/953 1342/1724/953 1344/1723/954
f 2619/3359/953 2620/3360/956 1340/1719/950 1342/1720/953
f 2620/3360/956 2619/3359/953 2616/3361/1661 2622/3362/1664
f 2620/3360/956 2621/3363/199 2644/1708/193 1340/1719/950
f 2621/3363/199 2620/3360/956 2622/3362/1664 2623/3364/199
f 2624/3365/1665 2625/3366/199 2623/3364/199 2622/3362/1664
f 2612/3367/1660 2624/3365/1665 2622/3362/1664 2616/3361/1661
f 2625/3366/199 2624/3365/1665 2626/3368/1666 2627/3369/199
f 2624/3365/1665 2612/3367/1660 2610/3370/1657 2626/3368/1666
f 2600/3336/1646 2598/3335/193 2627/3369/199 2626/3368/1666
f 2602/3338/1648 2600/3336/1646 2626/3368/1666 2610/3370/1657
f 2625/3366/199 2627/3369/199 2628/3371/1667 2630/3372/1668
f 2627/3369/199 2598/3335/193 2596/3334/1645 2628/3371/1667
f 2629/3373/1669 2631/3374/1670 2630/3372/1668 2628/3371/1667
f 2642/3333/1644 2629/3373/1669 2628/3371/1667 2596/3334/1645
f 2631/3374/1670 2633/3375/1671 2632/3376/1672 2630/3372/1668
f 2623/3364/199 2625/3366/199 2630/3372/1668 2632/3376/1672
f 2633/3375/1671 2635/3377/944 2634/3378/948 2632/3376/1672
f 2621/3363/199 2623/3364/199 2632/3376/1672 2634/3378/948
f 2635/3377/944 1328/1701/944 1330/1704/947 2634/3378/948
f 2644/1708/193 2621/3363/199 2634/3378/948 1330/1704/947
f 1328/1700/944 2635/3379/944 2636/3380/943 1326/1699/943
f 2635/3379/944 2633/3381/1671 2637/3382/1673 2636/3380/943
f 1281/1640/928 1283/1642/928 1326/1699/943 2636/3380/943
f 1279/1639/925 1281/1640/928 2636/3380/943 2637/3382/1673
f 2633/3381/1671 2631/3383/1670 2638/3384/1674 2637/3382/1673
f 2639/1624/919 1279/1639/925 2637/3382/1673 2638/3384/1674
f 2639/1624/919 2638/3384/1674 2640/3385/1675 1269/1622/917
f 2638/3384/1674 2631/3383/1670 2629/3386/1669 2640/3385/1675
f 2641/3387/1676 1267/1620/916 1269/1622/917 2640/3385/1675
f 2642/3388/1644 2641/3387/1676 2640/3385/1675 2629/3386/1669
f 2641/3387/1676 2642/3388/1644 2593/3329/1642 2643/3328/1641
f 1267/1620/916 2641/3387/1676 2643/3328/1641 1265/1619/913
f 2590/3325/1639 3802/1605/907 1265/1619/913 2643/3328/1641
f 2618/3357/928 2645/1728/928 2647/3389/928 2646/3390/928
f 2618/3357/928 2646/3390/928 2648/3391/1663 2615/3355/1663
f 2194/2820/1349 2646/3390/928 2647/3389/928 2192/2818/1349
f 2646/3390/928 2194/2820/1349 2196/2822/1355 2648/3391/1663
f 2649/3392/1659 2613/3351/1659 2615/3355/1663 2648/3391/1663
f 2651/2826/1357 2649/3392/1659 2648/3391/1663 2196/2822/1355
f 2613/3351/1659 2649/3392/1659 2650/3393/1656 2609/3348/1656
f 2649/3392/1659 2651/2826/1357 2206/2838/1363 2650/3393/1656
f 2607/3346/1654 2609/3348/1656 2650/3393/1656 2652/3394/1677
f 2208/2840/1364 2652/3394/1677 2650/3393/1656 2206/2838/1363
f 2607/3346/1654 2652/3394/1677 2653/3395/1653 2605/3345/1653
f 2652/3394/1677 2208/2840/1364 2210/2842/1366 2653/3395/1653
f 2655/3344/1652 2605/3345/1653 2653/3395/1653 2654/3396/1678
f 2657/2846/1369 2654/3396/1678 2653/3395/1653 2210/2842/1366
f 2655/3344/1652 2654/3396/1678 2656/3397/1620 2658/3294/1620
f 2654/3396/1678 2657/2846/1369 2220/2858/1375 2656/3397/1620
f 2566/3291/1617 2658/3294/1620 2656/3397/1620 2659/3398/1617
f 2222/2860/1376 2659/3398/1617 2656/3397/1620 2220/2858/1375
f 2566/3291/1617 2659/3398/1617 2660/3399/1614 2563/3288/1614
f 2659/3398/1617 2222/2860/1376 2224/2862/1378 2660/3399/1614
f 2561/3286/1612 2563/3288/1614 2660/3399/1614 2661/3400/1612
f 2663/2866/1381 2661/3400/1612 2660/3399/1614 2224/2862/1378
f 2561/3286/1612 2661/3400/1612 2662/3401/1611 2559/3285/1611
f 2661/3400/1612 2663/2866/1381 2234/2878/1388 2662/3401/1611
f 2665/3284/1610 2559/3285/1611 2662/3401/1611 2664/3402/1610
f 2236/2880/1389 2664/3402/1610 2662/3401/1611 2234/2878/1388
f 2665/3284/1610 2664/3402/1610 2666/3403/1578 2667/3234/1578
f 2664/3402/1610 2236/2880/1389 2238/2882/1391 2666/3403/1578
f 2520/3231/1575 2667/3234/1578 2666/3403/1578 2668/3404/1575
f 2670/2886/1394 2668/3404/1575 2666/3403/1578 2238/2882/1391
f 2520/3231/1575 2668/3404/1575 2669/3405/1572 2517/3228/1572
f 2668/3404/1575 2670/2886/1394 2248/2898/1400 2669/3405/1572
f 2515/3226/1570 2517/3228/1572 2669/3405/1572 2671/3406/1570
f 2250/2900/1401 2671/3406/1570 2669/3405/1572 2248/2898/1400
f 2515/3226/1570 2671/3406/1570 2672/3407/1569 2513/3225/1569
f 2671/3406/1570 2250/2900/1401 2252/2902/1403 2672/3407/1569
f 2674/3224/1568 2513/3225/1569 2672/3407/1569 2673/3408/1568
f 2676/2906/1406 2673/3408/1568 2672/3407/1569 2252/2902/1403
f 2674/3224/1568 2673/3408/1568 2675/3409/1535 2677/3173/1535
f 2673/3408/1568 2676/2906/1406 2262/2918/1412 2675/3409/1535
f 2473/3170/1532 2677/3173/1535 2675/3409/1535 2678/3410/1532
f 2264/2920/1413 2678/3410/1532 2675/3409/1535 2262/2918/1412
f 2473/3170/1532 2678/3410/1532 2679/3166/1528 2468/3165/1527
f 2678/3410/1532 2264/2920/1413 2266/2922/1415 2679/3166/1528
f 3807/2926/1418 2465/3163/1526 2679/3166/1528 2266/2922/1415
f 2512/3182/1541 2674/3224/1568 2677/3173/1535 2474/3172/1534
f 2558/3243/1584 2665/3284/1610 2667/3234/1578 2521/3233/1577
f 2604/3303/1626 2655/3344/1652 2658/3294/1620 2567/3293/1619
f 2680/3411/928 2682/2806/1352 2192/2818/1349 2647/3389/928
f 1345/1727/928 2680/3411/928 2647/3389/928 2645/1728/928
f 2680/3411/928 1345/1727/928 1347/1729/928 2681/3412/928
f 2682/2806/1352 2680/3411/928 2681/3412/928 2182/2802/1349
f 2683/3413/928 2180/2800/1353 2182/2802/1349 2681/3412/928
f 1349/1731/928 2683/3413/928 2681/3412/928 1347/1729/928
f 2180/2800/1353 2683/3413/928 2684/3414/928 2178/2798/1349
f 1349/1731/928 2686/1734/928 2684/3414/928 2683/3413/928
f 2685/3415/928 2689/2786/1349 2178/2798/1349 2684/3414/928
f 2687/1762/928 2685/3415/928 2684/3414/928 2686/1734/928
f 1371/1739/955 2687/1762/928 2686/1734/928 1350/1733/954
f 2687/1762/928 1372/1763/928 2688/3416/928 2685/3415/928
f 2689/2786/1349 2685/3415/928 2688/3416/928 2168/2782/1349
f 2690/3417/928 2166/2780/1349 2168/2782/1349 2688/3416/928
f 1374/1764/928 2690/3417/928 2688/3416/928 1372/1763/928
f 2690/3417/928 1374/1764/928 1376/1767/928 2691/3418/928
f 2166/2780/1349 2690/3417/928 2691/3418/928 2164/2778/1352
f 2692/3419/928 2694/2766/1349 2164/2778/1352 2691/3418/928
f 1380/1769/928 2692/3419/928 2691/3418/928 1376/1767/928
f 2692/3419/928 1380/1769/928 1382/1773/928 2693/3420/928
f 2694/2766/1349 2692/3419/928 2693/3420/928 2154/2762/1352
f 2695/3421/928 2152/2760/1349 2154/2762/1352 2693/3420/928
f 1386/1775/928 2695/3421/928 2693/3420/928 1382/1773/928
f 2695/3421/928 1386/1775/928 1388/1779/928 2696/3422/928
f 2152/2760/1349 2695/3421/928 2696/3422/928 2150/2758/1349
f 2697/3423/928 2699/2746/1349 2150/2758/1349 2696/3422/928
f 1391/1781/928 2697/3423/928 2696/3422/928 1388/1779/928
f 2699/2746/1349 2697/3423/928 2698/3424/928 2140/2742/1349
f 1391/1781/928 2700/1784/928 2698/3424/928 2697/3423/928
f 2698/3424/928 2700/1784/928 1401/1800/963 2701/3425/963
f 2698/3424/928 2701/3425/963 2138/2740/1347 2140/2742/1349
f 2702/3426/964 2136/2738/1346 2138/2740/1347 2701/3425/963
f 1403/1801/964 2702/3426/964 2701/3425/963 1401/1800/963
f 1405/1804/967 2703/3427/1679 2702/3426/964 1403/1801/964
f 2703/3427/1679 2705/2735/1345 2136/2738/1346 2702/3426/964
f 2705/2735/1345 2703/3427/1679 2704/3428/969 2706/2721/1338
f 1405/1804/967 2708/1806/969 2704/3428/969 2703/3427/1679
f 2131/2736/1341 2705/2735/1345 2706/2721/1338 2124/2720/1337
f 2707/3429/1680 2123/2717/1335 2706/2721/1338 2704/3428/969
f 2709/3430/1680 2707/3429/1680 2704/3428/969 2708/1806/969
f 2711/1813/974 2709/3430/1680 2708/1806/969 1406/1805/968
f 2709/3430/1680 2711/1813/974 2712/3431/1681 2710/3432/1682
f 2709/3430/1680 2710/3432/1682 3801/3433/1683 2707/3429/1680
f 2711/1813/974 1410/1812/973 2714/3434/1684 2712/3431/1681
f 2710/3432/1682 2712/3431/1681 2713/3435/1685 3800/3436/1686
f 2712/3431/1681 2714/3434/1684 2715/3437/1687 2713/3435/1685
f 2717/3438/1688 2715/3439/1687 2714/3440/1684 2716/3441/1689
f 1410/1815/973 1412/1814/975 2716/3441/1689 2714/3440/1684
f 2719/3442/199 2717/3438/1688 2716/3441/1689 2718/3443/199
f 1412/1814/975 1414/1816/199 2718/3443/199 2716/3441/1689
f 2720/3444/1690 2724/3445/1691 2719/3442/199 2718/3443/199
f 2718/3443/199 1414/1816/199 2722/1820/977 2720/3444/1690
f 2721/1857/1002 2732/3446/1692 2723/3447/1693 2720/3444/1690
f 1441/1855/1000 2721/1857/1002 2720/3444/1690 2722/1820/977
f 2723/3447/1693 2726/3448/1694 2724/3445/1691 2720/3444/1690
f 2744/3449/199 2719/3442/199 2724/3445/1691 2725/3450/1695
f 2726/3448/1694 2727/3451/1696 2725/3450/1695 2724/3445/1691
f 2729/3452/1697 2727/3453/1696 2726/3454/1694 2728/3455/1698
f 2723/3456/1693 2730/3457/1699 2728/3455/1698 2726/3454/1694
f 2735/1908/1033 2729/3452/1697 2728/3455/1698 1479/1906/1031
f 2730/3457/1699 1477/1904/1030 1479/1906/1031 2728/3455/1698
f 1477/1904/1030 2730/3457/1699 2731/3458/1700 1475/1903/1029
f 2730/3457/1699 2723/3456/1693 2732/3459/1692 2731/3458/1700
f 2734/1902/1018 1475/1903/1029 2731/3458/1700 2733/1865/1009
f 2731/3458/1700 2732/3459/1692 1448/1866/1006 2733/1865/1009
f 2733/1865/1009 1449/1864/1008 1455/1871/183 2734/1902/1018
f 1458/1875/183 1474/1886/1018 2734/1902/1018 1455/1871/183
f 2732/3446/1692 2721/1857/1002 1442/1856/1001 1448/1862/1006
f 2729/3452/1697 2735/1908/1033 1489/1922/1033 2736/3460/1697
f 2727/3453/1696 2729/3452/1697 2736/3460/1697 2738/3461/1696
f 2737/3462/1697 2739/3463/1696 2738/3461/1696 2736/3460/1697
f 1491/1923/1033 2737/3462/1697 2736/3460/1697 1489/1922/1033
f 2738/3464/1696 2739/3465/1696 2741/3466/1701 2740/3467/1702
f 2727/3451/1696 2738/3464/1696 2740/3467/1702 2725/3450/1695
f 2742/3468/199 2744/3449/199 2725/3450/1695 2740/3467/1702
f 2743/3469/199 2742/3468/199 2740/3467/1702 2741/3466/1701
f 2743/3469/199 2746/3470/1703 2745/3471/1704 2742/3468/199
f 2748/3472/1704 2744/3449/199 2742/3468/199 2745/3471/1704
f 2746/3470/1703 2757/3473/1705 2747/3474/1706 2745/3471/1704
f 2749/3475/1706 2748/3472/1704 2745/3471/1704 2747/3474/1706
f 2744/3449/199 2748/3472/1704 2717/3438/1688 2719/3442/199
f 2748/3472/1704 2749/3475/1706 2715/3439/1687 2717/3438/1688
f 2749/3476/1706 2750/3477/1707 2713/3435/1685 2715/3437/1687
f 2750/3477/1707 2749/3476/1706 2747/3478/1706 2752/3479/1708
f 2750/3477/1707 2751/3480/1033 3800/3436/1686 2713/3435/1685
f 2751/3480/1033 2750/3477/1707 2752/3479/1708 2753/3481/1033
f 2754/3482/1708 2755/3483/1033 2753/3481/1033 2752/3479/1708
f 2757/3484/1705 2754/3482/1708 2752/3479/1708 2747/3478/1706
f 2755/3483/1033 2754/3482/1708 2756/3485/1708 3794/3486/1033
f 2754/3482/1708 2757/3484/1705 2758/3487/1709 2756/3485/1708
f 2757/3473/1705 2746/3470/1703 2760/3488/1704 2758/3489/1709
f 2759/3490/1709 2778/3491/1708 2756/3485/1708 2758/3487/1709
f 2761/3492/1710 2759/3493/1709 2758/3489/1709 2760/3488/1704
f 2763/3494/193 2761/3492/1710 2760/3488/1704 2762/3495/199
f 2746/3470/1703 2743/3469/199 2762/3495/199 2760/3488/1704
f 2763/3494/193 2762/3495/199 2764/3496/1701 2766/3497/1702
f 2762/3495/199 2743/3469/199 2741/3466/1701 2764/3496/1701
f 2765/3498/1696 2767/3499/1711 2766/3497/1702 2764/3496/1701
f 2739/3465/1696 2765/3498/1696 2764/3496/1701 2741/3466/1701
f 2767/3499/1711 2769/3500/1711 2768/3501/1701 2766/3497/1702
f 2771/3502/193 2763/3494/193 2766/3497/1702 2768/3501/1701
f 2769/3500/1711 2829/3503/1711 2770/3504/1701 2768/3501/1701
f 2772/3505/199 2771/3502/193 2768/3501/1701 2770/3504/1701
f 2772/3505/199 2774/3506/1712 2773/3507/1713 2771/3502/193
f 2761/3492/1710 2763/3494/193 2771/3502/193 2773/3507/1713
f 2774/3506/1712 2776/3508/1705 2775/3509/1714 2773/3507/1713
f 2759/3493/1709 2761/3492/1710 2773/3507/1713 2775/3509/1714
f 2776/3510/1705 2780/3511/1707 2777/3512/1708 2775/3513/1714
f 2778/3491/1708 2759/3490/1709 2775/3513/1714 2777/3512/1708
f 3792/3514/1033 2778/3491/1708 2777/3512/1708 2779/3515/1033
f 2780/3511/1707 2781/3516/1033 2779/3515/1033 2777/3512/1708
f 2781/3516/1033 2780/3511/1707 2782/3517/1715 2783/3518/1716
f 2780/3511/1707 2776/3510/1705 2784/3519/1717 2782/3517/1715
f 2785/3520/1718 2787/3521/1719 2783/3518/1716 2782/3517/1715
f 2786/3522/1720 2785/3520/1718 2782/3517/1715 2784/3519/1717
f 2786/3522/1720 2790/3523/1721 2788/3524/1722 2785/3520/1718
f 2785/3520/1718 2788/3524/1722 2789/3525/1723 2787/3521/1719
f 2791/3526/1724 2794/3527/1723 2789/3525/1723 2788/3524/1722
f 2793/3528/1721 2791/3526/1724 2788/3524/1722 2790/3523/1721
f 2792/3529/1725 2796/3530/1726 2794/3527/1723 2791/3526/1724
f 2811/3531/1721 2792/3529/1725 2791/3526/1724 2793/3528/1721
f 2794/3527/1723 2795/3532/1723 3783/3533/1723 2789/3525/1723
f 2796/3530/1726 2797/3534/1723 2795/3532/1723 2794/3527/1723
f 2797/3534/1723 2796/3530/1726 2798/3535/1727 2799/3536/1728
f 2796/3530/1726 2792/3529/1725 2800/3537/1729 2798/3535/1727
f 2799/3536/1728 2798/3535/1727 2801/3538/1730 2802/3539/1731
f 2798/3535/1727 2800/3537/1729 2804/3540/1732 2801/3538/1730
f 3086/3541/1733 2802/3539/1731 2801/3538/1730 2803/3542/1733
f 2803/3542/1733 2801/3538/1730 2804/3540/1732 2805/3543/1734
f 2805/3543/1734 2804/3540/1732 2806/3544/1735 2807/3545/1736
f 2804/3540/1732 2800/3537/1729 2809/3546/1737 2806/3544/1735
f 2807/3547/1736 2806/3548/1735 2808/3549/1738 3045/3550/1739
f 2806/3548/1735 2809/3551/1737 2810/3552/1740 2808/3549/1738
f 2811/3553/1721 2812/3554/1741 2810/3552/1740 2809/3551/1737
f 2792/3529/1725 2811/3531/1721 2809/3546/1737 2800/3537/1729
f 2812/3554/1741 2811/3553/1721 2793/3555/1721 2814/3556/1741
f 2812/3554/1741 2813/3557/1742 3040/3558/1743 2810/3552/1740
f 2813/3557/1742 2812/3554/1741 2814/3556/1741 2816/3559/1744
f 2793/3555/1721 2790/3560/1721 2815/3561/1741 2814/3556/1741
f 2814/3556/1741 2815/3561/1741 2818/3562/1745 2816/3559/1744
f 2813/3557/1742 2816/3559/1744 2817/3563/1746 3039/3564/1747
f 2816/3559/1744 2818/3562/1745 2819/3565/1748 2817/3563/1746
f 2820/3566/1749 2821/3567/1750 2819/3565/1748 2818/3562/1745
f 2823/3568/1751 2820/3566/1749 2818/3562/1745 2815/3561/1741
f 2825/3569/1752 2821/3567/1750 2820/3566/1749 2822/3570/1753
f 2820/3566/1749 2823/3568/1751 2824/3571/1754 2822/3570/1753
f 2823/3568/1751 2786/3572/1720 2784/3573/1717 2824/3571/1754
f 2786/3572/1720 2823/3568/1751 2815/3561/1741 2790/3560/1721
f 2774/3506/1712 2772/3505/199 2822/3570/1753 2824/3571/1754
f 2776/3508/1705 2774/3506/1712 2824/3571/1754 2784/3573/1717
f 2822/3570/1753 2772/3505/199 2770/3504/1701 2825/3569/1752
f 2826/3574/1755 2827/3575/1756 2821/3567/1750 2825/3569/1752
f 2829/3503/1711 2826/3574/1755 2825/3569/1752 2770/3504/1701
f 2835/3576/1757 2827/3577/1756 2826/3578/1755 2828/3579/1758
f 2829/3580/1711 2830/3581/1697 2828/3579/1758 2826/3578/1755
f 2830/3581/1697 2829/3580/1711 2769/3582/1711 2831/3583/1697
f 2830/3581/1697 1505/1943/1033 1507/1945/1048 2828/3579/1758
f 1505/1943/1033 2830/3581/1697 2831/3583/1697 1503/1942/1033
f 2832/3584/1697 2833/1928/1033 1503/1942/1033 2831/3583/1697
f 2767/3585/1711 2832/3584/1697 2831/3583/1697 2769/3582/1711
f 2832/3584/1697 2767/3585/1711 2765/3586/1696 2834/3587/1697
f 2833/1928/1033 2832/3584/1697 2834/3587/1697 1493/1925/1033
f 2737/3462/1697 1491/1923/1033 1493/1925/1033 2834/3587/1697
f 2739/3463/1696 2737/3462/1697 2834/3587/1697 2765/3586/1696
f 2836/1947/1050 2835/3576/1757 2828/3579/1758 1507/1945/1048
f 2836/1947/1050 1517/1962/1056 2837/3588/1759 2835/3576/1757
f 2838/3589/1760 2827/3577/1756 2835/3576/1757 2837/3588/1759
f 2838/3589/1760 2837/3588/1759 2839/3590/1761 2840/3591/1762
f 1517/1962/1056 1519/1963/1059 2839/3590/1761 2837/3588/1759
f 2840/3591/1762 2839/3590/1761 2841/3592/1763 2842/3593/1764
f 2841/3592/1763 2839/3590/1761 1519/1963/1059 1521/1965/121
f 2843/3594/1765 2841/3592/1763 1521/1965/121 1524/1967/121
f 2844/3595/1766 2842/3593/1764 2841/3592/1763 2843/3594/1765
f 2846/3596/1767 2844/3595/1766 2843/3594/1765 2845/3597/1768
f 1524/1967/121 2848/1971/121 2845/3597/1768 2843/3594/1765
f 2849/3598/1769 2846/3596/1767 2845/3597/1768 2847/1993/1061
f 2848/1971/121 1534/1987/121 2847/1993/1061 2845/3597/1768
f 2847/1993/1061 1538/1992/1060 2850/3599/1770 2849/3598/1769
f 2849/3600/1769 2850/3601/1770 2852/3602/1771 2851/3603/1772
f 2846/3604/1767 2849/3600/1769 2851/3603/1772 2854/3605/1773
f 2851/3603/1772 2852/3602/1771 3473/3606/1774 2853/3607/1775
f 2853/3607/1775 2858/3608/1776 2855/3609/1777 2851/3603/1772
f 2855/3609/1777 2856/3610/1778 2854/3605/1773 2851/3603/1772
f 2857/3611/193 2990/3612/193 2856/3610/1778 2855/3609/1777
f 2859/3613/193 2857/3611/193 2855/3609/1777 2858/3608/1776
f 2859/3613/193 2858/3608/1776 2860/3614/1779 2863/3615/1780
f 2858/3608/1776 2853/3607/1775 2862/3616/1781 2860/3614/1779
f 2861/3617/1782 2865/3618/1783 2863/3615/1780 2860/3614/1779
f 3465/3619/1784 2861/3617/1782 2860/3614/1779 2862/3616/1781
f 2977/3620/193 2859/3613/193 2863/3615/1780 2864/3621/1785
f 2865/3618/1783 2867/3622/1786 2864/3621/1785 2863/3615/1780
f 2866/3623/1787 2865/3624/1783 2861/3625/1782 3463/3626/1788
f 2865/3624/1783 2866/3623/1787 2869/3627/1789 2867/3628/1786
f 2867/3622/1786 2868/3629/1790 2884/3630/1791 2864/3621/1785
f 2870/3631/1792 2868/3632/1790 2867/3628/1786 2869/3627/1789
f 2874/3633/1793 2870/3631/1792 2869/3627/1789 2871/3634/1793
f 2866/3623/1787 2873/3635/963 2871/3634/1793 2869/3627/1789
f 2875/3636/1793 2874/3633/1793 2871/3634/1793 2872/3637/1793
f 2873/3635/963 3458/3638/963 2872/3637/1793 2871/3634/1793
f 2874/3633/1793 2875/3636/1793 2877/3639/1793 2876/3640/963
f 2870/3631/1792 2874/3633/1793 2876/3640/963 2879/3641/1792
f 3391/3642/1793 2878/3643/1793 2876/3640/963 2877/3639/1793
f 2878/3643/1793 2880/3644/1792 2879/3641/1792 2876/3640/963
f 2880/3644/1792 2882/3645/1790 2881/3646/1790 2879/3641/1792
f 2868/3632/1790 2870/3631/1792 2879/3641/1792 2881/3646/1790
f 2881/3647/1790 2882/3648/1790 2885/3649/1791 2883/3650/1791
f 2868/3629/1790 2881/3647/1790 2883/3650/1791 2884/3630/1791
f 2886/3651/193 2887/3652/193 2884/3630/1791 2883/3650/1791
f 2889/3653/193 2886/3651/193 2883/3650/1791 2885/3649/1791
f 2887/3652/193 2886/3651/193 2888/3654/193 2975/3655/193
f 2886/3651/193 2889/3653/193 2890/3656/193 2888/3654/193
f 2889/3653/193 2891/3657/193 2892/3658/193 2890/3656/193
f 2891/3657/193 2889/3653/193 2885/3649/1791 2894/3659/1794
f 2891/3657/193 2893/3660/616 2981/3661/193 2892/3658/193
f 2893/3660/616 2891/3657/193 2894/3659/1794 2896/3662/1791
f 2895/3663/1795 2897/3664/1796 2896/3662/1791 2894/3659/1794
f 2882/3648/1790 2895/3663/1795 2894/3659/1794 2885/3649/1791
f 2897/3664/1796 2899/3665/1795 2898/3666/1797 2896/3662/1791
f 2901/3667/199 2893/3660/616 2896/3662/1791 2898/3666/1797
f 2899/3665/1795 3384/3668/1798 2900/3669/1799 2898/3666/1797
f 2903/3670/193 2901/3667/199 2898/3666/1797 2900/3669/1799
f 2893/3660/616 2901/3667/199 2902/3671/193 2981/3661/193
f 2901/3667/199 2903/3670/193 2904/3672/193 2902/3671/193
f 2903/3670/193 2905/3673/193 2906/3674/193 2904/3672/193
f 2905/3673/193 2903/3670/193 2900/3669/1799 2908/3675/1800
f 2905/3673/193 2907/3676/193 2987/3677/616 2906/3674/193
f 2907/3676/193 2905/3673/193 2908/3675/1800 2910/3678/1801
f 2909/3679/1802 2911/3680/1803 2910/3678/1801 2908/3675/1800
f 3384/3668/1798 2909/3679/1802 2908/3675/1800 2900/3669/1799
f 2911/3680/1803 2913/3681/1804 2912/3682/1805 2910/3678/1801
f 2915/3683/616 2907/3676/193 2910/3678/1801 2912/3682/1805
f 2913/3681/1804 3373/3684/1806 2914/3685/1807 2912/3682/1805
f 2917/3686/193 2915/3683/616 2912/3682/1805 2914/3685/1807
f 2907/3676/193 2915/3683/616 2916/3687/624 2987/3677/616
f 2915/3683/616 2917/3686/193 2918/3688/1106 2916/3687/624
f 2918/3688/1106 2917/3686/193 2914/3685/1807 2920/3689/1808
f 2919/3690/1106 2988/3691/199 2916/3687/624 2918/3688/1106
f 2919/3690/1106 2918/3688/1106 2920/3689/1808 2922/3692/1809
f 2921/3693/1810 2923/3694/1811 2922/3692/1809 2920/3689/1808
f 3373/3684/1806 2921/3693/1810 2920/3689/1808 2914/3685/1807
f 2923/3694/1811 2925/3695/1812 2924/3696/1813 2922/3692/1809
f 2927/3697/357 2919/3690/1106 2922/3692/1809 2924/3696/1813
f 2925/3695/1812 3364/3698/1814 2926/3699/1815 2924/3696/1813
f 2929/3700/199 2927/3697/357 2924/3696/1813 2926/3699/1815
f 2919/3690/1106 2927/3697/357 2928/3701/199 2988/3691/199
f 2927/3697/357 2929/3700/199 2930/3702/199 2928/3701/199
f 2930/3702/199 2929/3700/199 2926/3699/1815 2932/3703/1816
f 2931/3704/193 2989/3705/199 2928/3701/199 2930/3702/199
f 2931/3704/193 2930/3702/199 2932/3703/1816 2934/3706/1817
f 2933/3707/1818 2935/3708/1819 2934/3706/1817 2932/3703/1816
f 3364/3698/1814 2933/3707/1818 2932/3703/1816 2926/3699/1815
f 2935/3708/1819 2937/3709/1820 2936/3710/1821 2934/3706/1817
f 2939/3711/193 2931/3704/193 2934/3706/1817 2936/3710/1821
f 2937/3709/1820 3355/3712/1822 2938/3713/1823 2936/3710/1821
f 2941/3714/193 2939/3711/193 2936/3710/1821 2938/3713/1823
f 2989/3705/199 2931/3704/193 2939/3711/193 2940/3715/199
f 2941/3714/193 2942/3716/193 2940/3715/199 2939/3711/193
f 2942/3716/193 2941/3714/193 2943/3717/193 2944/3718/193
f 2943/3717/193 2941/3714/193 2938/3713/1823 2946/3719/1824
f 2945/3720/193 2983/3721/199 2944/3718/193 2943/3717/193
f 2945/3720/193 2943/3717/193 2946/3719/1824 2948/3722/1825
f 2947/3723/1826 2949/3724/1827 2948/3722/1825 2946/3719/1824
f 3355/3712/1822 2947/3723/1826 2946/3719/1824 2938/3713/1823
f 2949/3724/1827 2951/3725/1828 2950/3726/1829 2948/3722/1825
f 2953/3727/193 2945/3720/193 2948/3722/1825 2950/3726/1829
f 2951/3725/1828 3346/3728/1830 2952/3729/1831 2950/3726/1829
f 2955/3730/193 2953/3727/193 2950/3726/1829 2952/3729/1831
f 2983/3721/199 2945/3720/193 2953/3727/193 2954/3731/193
f 2955/3730/193 2956/3732/193 2954/3731/193 2953/3727/193
f 2956/3732/193 2955/3730/193 2957/3733/193 2958/3734/193
f 2957/3733/193 2955/3730/193 2952/3729/1831 2960/3735/1832
f 2959/3736/199 2972/3737/199 2958/3734/193 2957/3733/193
f 2959/3736/199 2957/3733/193 2960/3735/1832 2962/3738/1833
f 2961/3739/1834 2963/3740/1835 2962/3738/1833 2960/3735/1832
f 3346/3728/1830 2961/3739/1834 2960/3735/1832 2952/3729/1831
f 2963/3740/1835 2965/3741/1836 2964/3742/1837 2962/3738/1833
f 2967/3743/193 2959/3736/199 2962/3738/1833 2964/3742/1837
f 2965/3741/1836 3337/3744/1838 2966/3745/1839 2964/3742/1837
f 2968/3746/193 2967/3743/193 2964/3742/1837 2966/3745/1839
f 2967/3743/193 2968/3746/193 2971/3747/193 2969/3748/199
f 2959/3736/199 2967/3743/193 2969/3748/199 2972/3737/199
f 2970/3749/193 2973/3750/193 2972/3737/199 2969/3748/199
f 2990/3612/193 2970/3749/193 2969/3748/199 2971/3747/193
f 2972/3737/199 2973/3750/193 2974/3751/199 2958/3734/193
f 2974/3751/199 2973/3750/193 2975/3655/193 2888/3654/193
f 2973/3750/193 2970/3749/193 2976/3752/193 2975/3655/193
f 2977/3620/193 2887/3652/193 2975/3655/193 2976/3752/193
f 2859/3613/193 2977/3620/193 2976/3752/193 2857/3611/193
f 2970/3749/193 2990/3612/193 2857/3611/193 2976/3752/193
f 2887/3652/193 2977/3620/193 2864/3621/1785 2884/3630/1791
f 2978/3753/199 2956/3732/193 2958/3734/193 2974/3751/199
f 2978/3753/199 2974/3751/199 2888/3654/193 2890/3656/193
f 2979/3754/199 2978/3753/199 2890/3656/193 2892/3658/193
f 2956/3732/193 2978/3753/199 2979/3754/199 2954/3731/193
f 2980/3755/199 2983/3721/199 2954/3731/193 2979/3754/199
f 2980/3755/199 2979/3754/199 2892/3658/193 2981/3661/193
f 2982/3756/199 2980/3755/199 2981/3661/193 2902/3671/193
f 2983/3721/199 2980/3755/199 2982/3756/199 2944/3718/193
f 2984/3757/193 2942/3716/193 2944/3718/193 2982/3756/199
f 2984/3757/193 2982/3756/199 2902/3671/193 2904/3672/193
f 2985/3758/1106 2984/3757/193 2904/3672/193 2906/3674/193
f 2942/3716/193 2984/3757/193 2985/3758/1106 2940/3715/199
f 2986/3759/624 2989/3705/199 2940/3715/199 2985/3758/1106
f 2986/3759/624 2985/3758/1106 2906/3674/193 2987/3677/616
f 2988/3691/199 2986/3759/624 2987/3677/616 2916/3687/624
f 2989/3705/199 2986/3759/624 2988/3691/199 2928/3701/199
f 2990/3612/193 2971/3747/193 2991/3760/1840 2856/3610/1778
f 2971/3747/193 2968/3746/193 2993/3761/1841 2991/3760/1840
f 2992/3762/1842 2854/3605/1773 2856/3610/1778 2991/3760/1840
f 2994/3763/1843 2992/3762/1842 2991/3760/1840 2993/3761/1841
f 2994/3763/1843 2993/3761/1841 2995/3764/1844 2997/3765/1845
f 2993/3761/1841 2968/3746/193 2966/3745/1839 2995/3764/1844
f 2996/3766/1846 2998/3767/1847 2997/3765/1845 2995/3764/1844
f 3337/3744/1838 2996/3766/1846 2995/3764/1844 2966/3745/1839
f 2998/3767/1847 3001/3768/1848 2999/3769/1849 2997/3765/1845
f 3002/3770/1850 2994/3763/1843 2997/3765/1845 2999/3769/1849
f 3002/3770/1850 2999/3769/1849 3000/3771/1851 3003/3772/1852
f 3000/3771/1851 2999/3769/1849 3001/3768/1848 3013/3773/1853
f 3003/3772/1852 3005/3774/1854 3004/3775/1855 3002/3770/1850
f 2994/3763/1843 3002/3770/1850 3004/3775/1855 2992/3762/1842
f 2992/3762/1842 3004/3775/1855 2842/3776/1764 2844/3777/1766
f 3004/3775/1855 3005/3774/1854 2840/3778/1762 2842/3776/1764
f 2840/3778/1762 3005/3774/1854 2819/3565/1748 2838/3779/1760
f 2819/3565/1748 3005/3774/1854 3003/3772/1852 3006/3780/1856
f 3006/3780/1856 3003/3772/1852 3000/3771/1851 3008/3781/1857
f 3006/3780/1856 3007/3782/1858 2817/3563/1746 2819/3565/1748
f 3007/3782/1858 3006/3780/1856 3008/3781/1857 3009/3783/1859
f 3010/3784/1860 3012/3785/1861 3009/3783/1859 3008/3781/1857
f 3013/3773/1853 3010/3784/1860 3008/3781/1857 3000/3771/1851
f 3010/3786/1860 3013/3787/1853 3014/3788/1862 3011/3789/1863
f 3010/3786/1860 3011/3789/1863 3024/3790/1864 3012/3791/1861
f 3015/3792/1865 3014/3788/1862 3013/3787/1853 3001/3793/1848
f 3014/3788/1862 3015/3792/1865 3018/3794/1866 3016/3795/1867
f 3016/3795/1867 3019/3796/1868 3011/3789/1863 3014/3788/1862
f 3020/3797/1868 3019/3796/1868 3016/3795/1867 3017/3798/1867
f 3017/3798/1867 3016/3795/1867 3018/3794/1866 3333/3799/1866
f 3019/3796/1868 3020/3797/1868 3022/3800/1869 3021/3801/1869
f 3011/3789/1863 3019/3796/1868 3021/3801/1869 3024/3790/1864
f 3023/3802/1870 3021/3801/1869 3022/3800/1869 3309/3803/1870
f 3023/3802/1870 3025/3804/1871 3024/3790/1864 3021/3801/1869
f 3025/3804/1871 3026/3805/1872 3012/3791/1861 3024/3790/1864
f 3025/3804/1871 3023/3802/1870 3029/3806/1870 3027/3807/1873
f 3026/3805/1872 3025/3804/1871 3027/3807/1873 3030/3808/1874
f 3028/3809/1875 3031/3810/1876 3030/3808/1874 3027/3807/1873
f 3054/3811/1877 3028/3809/1875 3027/3807/1873 3029/3806/1870
f 3030/3812/1874 3031/3813/1876 3034/3814/1878 3032/3815/1879
f 3026/3816/1872 3030/3812/1874 3032/3815/1879 3033/3817/1880
f 3035/3818/1881 3037/3819/1882 3033/3817/1880 3032/3815/1879
f 3036/3820/1883 3035/3818/1881 3032/3815/1879 3034/3814/1878
f 3035/3818/1881 3036/3820/1883 3038/3821/1884
f 3037/3819/1882 3035/3818/1881 3038/3821/1884 3039/3564/1747
f 3040/3558/1743 2813/3557/1742 3039/3564/1747 3038/3821/1884
f 3036/3820/1883 3041/3822/1885 3040/3558/1743 3038/3821/1884
f 2808/3549/1738 2810/3552/1740 3040/3558/1743 3041/3822/1885
f 3045/3550/1739 2808/3549/1738 3041/3822/1885 3042/3823/616
f 3046/3824/1886 3042/3823/616 3041/3822/1885 3036/3820/1883
f 3045/3550/1739 3042/3823/616 3043/3825/199 3076/3826/1887
f 3043/3825/199 3042/3823/616 3044/3827/1888 3064/3828/1889
f 3044/3827/1888 3042/3823/616 3046/3824/1886 3047/3829/1890
f 3036/3820/1883 3034/3814/1878 3047/3829/1890 3046/3824/1886
f 3034/3814/1878 3031/3813/1876 3048/3830/1891 3047/3829/1890
f 3049/3831/1892 3044/3827/1888 3047/3829/1890 3048/3830/1891
f 3051/3832/1893 3049/3833/1892 3048/3834/1891 3050/3835/1894
f 3031/3810/1876 3028/3809/1875 3050/3835/1894 3048/3834/1891
f 3055/3836/1895 3051/3832/1893 3050/3835/1894 3052/3837/1896
f 3028/3809/1875 3054/3811/1877 3052/3837/1896 3050/3835/1894
f 3056/3838/1895 3055/3836/1895 3052/3837/1896 3053/3839/1896
f 3054/3811/1877 3307/3840/1877 3053/3839/1896 3052/3837/1896
f 3055/3836/1895 3056/3838/1895 3058/3841/1897 3057/3842/1897
f 3051/3832/1893 3055/3836/1895 3057/3842/1897 3060/3843/1898
f 3123/3844/1899 3059/3845/1899 3057/3842/1897 3058/3841/1897
f 3059/3845/1899 3061/3846/1900 3060/3843/1898 3057/3842/1897
f 3061/3846/1900 3063/3847/1901 3062/3848/1902 3060/3843/1898
f 3049/3833/1892 3051/3832/1893 3060/3843/1898 3062/3848/1902
f 3062/3849/1902 3063/3850/1901 3065/3851/1903 3064/3828/1889
f 3049/3831/1892 3062/3849/1902 3064/3828/1889 3044/3827/1888
f 3066/3852/193 3043/3825/199 3064/3828/1889 3065/3851/1903
f 3063/3850/1901 3068/3853/1904 3067/3854/1905 3065/3851/1903
f 3070/3855/193 3066/3852/193 3065/3851/1903 3067/3854/1905
f 3068/3853/1904 3117/3856/1906 3069/3857/1907 3067/3854/1905
f 3071/3858/193 3070/3855/193 3067/3854/1905 3069/3857/1907
f 3071/3858/193 3073/3859/1908 3072/3860/1909 3070/3855/193
f 3075/3861/1910 3066/3852/193 3070/3855/193 3072/3860/1909
f 3073/3859/1908 3095/3862/1911 3074/3863/1912 3072/3860/1909
f 3077/3864/1913 3075/3861/1910 3072/3860/1909 3074/3863/1912
f 3066/3852/193 3075/3861/1910 3076/3826/1887 3043/3825/199
f 3075/3861/1910 3077/3864/1913 3078/3865/1914 3076/3826/1887
f 3077/3866/1913 3079/3867/1915 3082/3868/1916 3078/3869/1914
f 3079/3867/1915 3077/3866/1913 3074/3870/1912 3081/3871/1917
f 3079/3867/1915 3080/3872/1918 3083/3873/1919 3082/3868/1916
f 3080/3872/1918 3079/3867/1915 3081/3871/1917 3091/3874/1920
f 2805/3543/1734 2807/3545/1736 3078/3869/1914 3082/3868/1916
f 2803/3542/1733 2805/3543/1734 3082/3868/1916 3083/3873/1919
f 2803/3542/1733 3083/3873/1919 3084/3875/1919 3086/3541/1733
f 3080/3872/1918 3085/3876/1918 3084/3875/1919 3083/3873/1919
f 3085/3876/1918 2059/2625/1286 2061/2627/1288 3084/3875/1919
f 3087/2631/1291 3086/3541/1733 3084/3875/1919 2061/2627/1288
f 3087/2631/1291 3088/2647/1304 2802/3539/1731 3086/3541/1733
f 3087/2631/1291 2062/2630/1290 2069/2648/1296 3088/2647/1304
f 2074/2646/1303 2799/3536/1728 2802/3539/1731 3088/2647/1304
f 2059/2625/1286 3085/3876/1918 3089/3877/1921 2057/2623/1285
f 3080/3872/1918 3091/3874/1920 3089/3877/1921 3085/3876/1918
f 3090/3878/1922 3782/2611/1279 2057/2623/1285 3089/3877/1921
f 3092/3879/1922 3090/3878/1922 3089/3877/1921 3091/3874/1920
f 3094/3880/1923 3092/3879/1922 3091/3874/1920 3081/3871/1917
f 3090/3878/1922 3092/3879/1922 3093/3881/1924 3641/3882/1924
f 3092/3879/1922 3094/3880/1923 3096/3883/1925 3093/3881/1924
f 3094/3880/1923 3095/3884/1911 3097/3885/1926 3096/3883/1925
f 3095/3884/1911 3094/3880/1923 3081/3871/1917 3074/3870/1912
f 3098/3886/1927 3099/3887/1928 3093/3881/1924 3096/3883/1925
f 3101/3888/1929 3098/3886/1927 3096/3883/1925 3097/3885/1926
f 3099/3887/1928 3098/3886/1927 3100/3889/1930 3639/3890/1931
f 3098/3886/1927 3101/3888/1929 3103/3891/1932 3100/3889/1930
f 3101/3892/1929 3102/3893/1933 3105/3894/1934 3103/3895/1932
f 3102/3893/1933 3101/3892/1929 3097/3896/1926 3781/3897/1935
f 3104/3898/1936 3642/3899/1937 3100/3889/1930 3103/3891/1932
f 3106/3900/1938 3104/3901/1936 3103/3895/1932 3105/3894/1934
f 3108/3902/193 3106/3900/1938 3105/3894/1934 3107/3903/193
f 3102/3893/1933 3110/3904/193 3107/3903/193 3105/3894/1934
f 3108/3902/193 3107/3903/193 3109/3905/1939 3662/3906/1940
f 3107/3903/193 3110/3904/193 3112/3907/1941 3109/3905/1939
f 3110/3904/193 3102/3893/1933 3781/3897/1935 3111/3908/193
f 3110/3904/193 3111/3908/193 3114/3909/1942 3112/3907/1941
f 3113/3910/1943 3665/3911/1944 3109/3905/1939 3112/3907/1941
f 3115/3912/1945 3113/3910/1943 3112/3907/1941 3114/3909/1942
f 3117/3856/1906 3115/3912/1945 3114/3909/1942 3069/3857/1907
f 3111/3908/193 3071/3858/193 3069/3857/1907 3114/3909/1942
f 3667/3913/1946 3113/3914/1943 3115/3915/1945 3116/3916/1947
f 3117/3917/1906 3118/3918/1948 3116/3916/1947 3115/3915/1945
f 3118/3918/1948 3117/3917/1906 3068/3919/1904 3120/3920/1949
f 3118/3918/1948 3119/3921/1950 3134/3922/1951 3116/3916/1947
f 3119/3921/1950 3118/3918/1948 3120/3920/1949 3121/3923/1952
f 3061/3846/1900 3059/3845/1899 3121/3923/1952 3120/3920/1949
f 3063/3847/1901 3061/3846/1900 3120/3920/1949 3068/3919/1904
f 3119/3921/1950 3121/3923/1952 3122/3924/1952 3124/3925/1950
f 3059/3845/1899 3123/3844/1899 3122/3924/1952 3121/3923/1952
f 3123/3844/1899 3127/3926/1953 3125/3927/1954 3122/3924/1952
f 3128/3928/1955 3124/3925/1950 3122/3924/1952 3125/3927/1954
f 3129/3929/1956 3128/3930/1955 3125/3931/1954 3126/3932/1957
f 3127/3933/1953 3297/3934/1958 3126/3932/1957 3125/3931/1954
f 3128/3930/1955 3129/3929/1956 3131/3935/1959 3130/3936/1960
f 3124/3925/1950 3128/3928/1955 3130/3937/1960 3133/3938/1951
f 3288/3939/1961 3132/3940/1962 3130/3936/1960 3131/3935/1959
f 3132/3941/1962 3135/3942/1963 3133/3938/1951 3130/3937/1960
f 3119/3921/1950 3124/3925/1950 3133/3938/1951 3134/3922/1951
f 3135/3942/1963 3136/3943/1964 3134/3922/1951 3133/3938/1951
f 3136/3943/1964 3135/3942/1963 3137/3944/1965 3138/3945/1965
f 3135/3942/1963 3132/3941/1962 3140/3946/1966 3137/3944/1965
f 3139/3947/1967 3669/3948/1967 3138/3945/1965 3137/3944/1965
f 3142/3949/1968 3139/3947/1967 3137/3944/1965 3140/3946/1966
f 3143/3950/1969 3142/3951/1968 3140/3952/1966 3141/3953/1970
f 3132/3940/1962 3288/3939/1961 3141/3953/1970 3140/3952/1966
f 3142/3951/1968 3143/3950/1969 3145/3954/1971 3144/3955/1972
f 3139/3947/1967 3142/3949/1968 3144/3956/1972 3147/3957/1973
f 3279/3958/1974 3146/3959/1975 3144/3955/1972 3145/3954/1971
f 3146/3960/1975 3149/3961/1976 3147/3957/1973 3144/3956/1972
f 3669/3948/1967 3139/3947/1967 3147/3957/1973 3148/3962/1973
f 3149/3961/1976 3150/3963/1976 3148/3962/1973 3147/3957/1973
f 3150/3963/1976 3149/3961/1976 3151/3964/1977 3152/3965/1977
f 3149/3961/1976 3146/3960/1975 3154/3966/1978 3151/3964/1977
f 3153/3967/1979 3779/3968/1979 3152/3965/1977 3151/3964/1977
f 3156/3969/1980 3153/3967/1979 3151/3964/1977 3154/3966/1978
f 3157/3970/1981 3156/3971/1980 3154/3972/1978 3155/3973/1982
f 3146/3959/1975 3279/3958/1974 3155/3973/1982 3154/3972/1978
f 3156/3971/1980 3157/3970/1981 3159/3974/1983 3158/3975/1984
f 3153/3967/1979 3156/3969/1980 3158/3976/1984 3161/3977/1985
f 3263/3978/1986 3160/3979/1987 3158/3975/1984 3159/3974/1983
f 3160/3980/1987 3163/3981/1988 3161/3977/1985 3158/3976/1984
f 3779/3968/1979 3153/3967/1979 3161/3977/1985 3162/3982/1989
f 3163/3981/1988 3164/3983/1990 3162/3982/1989 3161/3977/1985
f 3164/3983/1990 3163/3981/1988 3165/3984/1991 3166/3985/1991
f 3163/3981/1988 3160/3980/1987 3168/3986/1992 3165/3984/1991
f 3167/3987/1993 3713/3988/1993 3166/3985/1991 3165/3984/1991
f 3170/3989/1994 3167/3987/1993 3165/3984/1991 3168/3986/1992
f 3171/3990/1995 3170/3991/1994 3168/3992/1992 3169/3993/1996
f 3160/3979/1987 3263/3978/1986 3169/3993/1996 3168/3992/1992
f 3170/3991/1994 3171/3990/1995 3173/3994/1997 3172/3995/1998
f 3167/3987/1993 3170/3989/1994 3172/3996/1998 3175/3997/1999
f 3247/3998/2000 3174/3999/2001 3172/3995/1998 3173/3994/1997
f 3174/4000/2001 3177/4001/2002 3175/3997/1999 3172/3996/1998
f 3713/3988/1993 3167/3987/1993 3175/3997/1999 3176/4002/2003
f 3177/4001/2002 3178/4003/2002 3176/4002/2003 3175/3997/1999
f 3178/4003/2002 3177/4001/2002 3179/4004/2004 3180/4005/2004
f 3177/4001/2002 3174/4000/2001 3182/4006/2005 3179/4004/2004
f 3181/4007/2006 3765/4008/2006 3180/4005/2004 3179/4004/2004
f 3184/4009/2007 3181/4007/2006 3179/4004/2004 3182/4006/2005
f 3185/4010/2008 3184/4011/2007 3182/4012/2005 3183/4013/2009
f 3174/3999/2001 3247/3998/2000 3183/4013/2009 3182/4012/2005
f 3184/4011/2007 3185/4010/2008 3187/4014/2010 3186/4015/2011
f 3181/4007/2006 3184/4009/2007 3186/4016/2011 3189/4017/2012
f 3231/4018/2013 3188/4019/2014 3186/4015/2011 3187/4014/2010
f 3188/4020/2014 3191/4021/2015 3189/4017/2012 3186/4016/2011
f 3765/4008/2006 3181/4007/2006 3189/4017/2012 3190/4022/2012
f 3192/4023/2015 3190/4022/2012 3189/4017/2012 3191/4021/2015
f 3192/4023/2015 3191/4021/2015 3193/4024/2016 3194/4025/2016
f 3191/4021/2015 3188/4020/2014 3196/4026/2017 3193/4024/2016
f 3195/4027/2018 3771/4028/2018 3194/4025/2016 3193/4024/2016
f 3198/4029/2019 3195/4027/2018 3193/4024/2016 3196/4026/2017
f 3199/4030/2020 3198/4031/2019 3196/4032/2017 3197/4033/2021
f 3188/4019/2014 3231/4018/2013 3197/4033/2021 3196/4032/2017
f 3198/4031/2019 3199/4030/2020 3201/4034/2022 3200/4035/2023
f 3195/4027/2018 3198/4029/2019 3200/4036/2023 3203/4037/2024
f 3215/4038/2025 3202/4039/2026 3200/4035/2023 3201/4034/2022
f 3202/4040/2026 3205/4041/2027 3203/4037/2024 3200/4036/2023
f 3771/4028/2018 3195/4027/2018 3203/4037/2024 3204/4042/2024
f 3206/4043/2027 3204/4042/2024 3203/4037/2024 3205/4041/2027
f 3206/4043/2027 3205/4041/2027 3207/4044/2028 3208/4045/2028
f 3207/4044/2028 3205/4041/2027 3202/4040/2026 3210/4046/2029
f 3209/4047/2030 3469/4048/2030 3208/4045/2028 3207/4044/2028
f 3210/4046/2029 3211/4049/2031 3209/4047/2030 3207/4044/2028
f 3211/4050/2031 3210/4051/2029 3212/4052/2032 3214/4053/2033
f 3215/4038/2025 3212/4052/2032 3210/4051/2029 3202/4039/2026
f 3212/4052/2032 3215/4038/2025 3201/4034/2022 3213/4054/2034
f 3212/4052/2032 3213/4054/2034 3216/4055/2035 3214/4053/2033
f 3217/4056/2036 3214/4053/2033 3216/4055/2035 3219/4057/2037
f 3214/4053/2033 3217/4056/2036 3218/4058/2038 3211/4050/2031
f 3218/4058/2038 3217/4056/2036 3219/4057/2037 3220/4059/2039
f 3221/4060/2040 3222/4061/2041 3220/4059/2039 3219/4057/2037
f 3224/4062/2042 3221/4060/2040 3219/4057/2037 3216/4055/2035
f 3222/4061/2041 3221/4060/2040 3223/4063/2043 3457/4064/2044
f 3221/4060/2040 3224/4062/2042 3225/4065/2045 3223/4063/2043
f 3226/4066/2046 3227/4067/2047 3225/4065/2045 3224/4062/2042
f 3216/4055/2035 3213/4054/2034 3226/4066/2046 3224/4062/2042
f 3226/4066/2046 3199/4030/2020 3197/4033/2021 3227/4067/2047
f 3199/4030/2020 3226/4066/2046 3213/4054/2034 3201/4034/2022
f 3225/4065/2045 3227/4067/2047 3228/4068/2048 3230/4069/2049
f 3231/4018/2013 3228/4068/2048 3227/4067/2047 3197/4033/2021
f 3228/4068/2048 3231/4018/2013 3187/4014/2010 3229/4070/2050
f 3228/4068/2048 3229/4070/2050 3232/4071/2051 3230/4069/2049
f 3233/4072/2052 3230/4069/2049 3232/4071/2051 3235/4073/2053
f 3230/4069/2049 3233/4072/2052 3223/4063/2043 3225/4065/2045
f 3233/4072/2052 3234/4074/2054 3457/4064/2044 3223/4063/2043
f 3234/4074/2054 3233/4072/2052 3235/4073/2053 3236/4075/2055
f 3237/4076/2056 3238/4077/2057 3236/4075/2055 3235/4073/2053
f 3240/4078/2058 3237/4076/2056 3235/4073/2053 3232/4071/2051
f 3238/4077/2057 3237/4076/2056 3239/4079/2059 3393/4080/2060
f 3237/4076/2056 3240/4078/2058 3241/4081/2061 3239/4079/2059
f 3242/4082/2062 3243/4083/2063 3241/4081/2061 3240/4078/2058
f 3232/4071/2051 3229/4070/2050 3242/4082/2062 3240/4078/2058
f 3242/4082/2062 3185/4010/2008 3183/4013/2009 3243/4083/2063
f 3185/4010/2008 3242/4082/2062 3229/4070/2050 3187/4014/2010
f 3241/4081/2061 3243/4083/2063 3244/4084/2064 3246/4085/2065
f 3247/3998/2000 3244/4084/2064 3243/4083/2063 3183/4013/2009
f 3244/4084/2064 3247/3998/2000 3173/3994/1997 3245/4086/2066
f 3244/4084/2064 3245/4086/2066 3248/4087/2067 3246/4085/2065
f 3249/4088/2068 3246/4085/2065 3248/4087/2067 3251/4089/2069
f 3246/4085/2065 3249/4088/2068 3239/4079/2059 3241/4081/2061
f 3249/4088/2068 3250/4090/2070 3393/4080/2060 3239/4079/2059
f 3250/4090/2070 3249/4088/2068 3251/4089/2069 3252/4091/2071
f 3253/4092/2072 3254/4093/2073 3252/4091/2071 3251/4089/2069
f 3256/4094/2074 3253/4092/2072 3251/4089/2069 3248/4087/2067
f 3254/4093/2073 3253/4092/2072 3255/4095/2075 3398/4096/2076
f 3253/4092/2072 3256/4094/2074 3257/4097/2077 3255/4095/2075
f 3258/4098/2078 3259/4099/2079 3257/4097/2077 3256/4094/2074
f 3248/4087/2067 3245/4086/2066 3258/4098/2078 3256/4094/2074
f 3258/4098/2078 3171/3990/1995 3169/3993/1996 3259/4099/2079
f 3171/3990/1995 3258/4098/2078 3245/4086/2066 3173/3994/1997
f 3257/4097/2077 3259/4099/2079 3260/4100/2080 3262/4101/2081
f 3263/3978/1986 3260/4100/2080 3259/4099/2079 3169/3993/1996
f 3260/4100/2080 3263/3978/1986 3159/3974/1983 3261/4102/2082
f 3260/4100/2080 3261/4102/2082 3264/4103/2083 3262/4101/2081
f 3265/4104/2084 3262/4101/2081 3264/4103/2083 3267/4105/2085
f 3262/4101/2081 3265/4104/2084 3255/4095/2075 3257/4097/2077
f 3265/4104/2084 3266/4106/2086 3398/4096/2076 3255/4095/2075
f 3266/4106/2086 3265/4104/2084 3267/4105/2085 3268/4107/2087
f 3269/4108/2088 3270/4109/2089 3268/4107/2087 3267/4105/2085
f 3272/4110/2090 3269/4108/2088 3267/4105/2085 3264/4103/2083
f 3270/4109/2089 3269/4108/2088 3271/4111/2091 3403/4112/2092
f 3269/4108/2088 3272/4110/2090 3273/4113/2093 3271/4111/2091
f 3274/4114/2094 3275/4115/2095 3273/4113/2093 3272/4110/2090
f 3264/4103/2083 3261/4102/2082 3274/4114/2094 3272/4110/2090
f 3274/4114/2094 3157/3970/1981 3155/3973/1982 3275/4115/2095
f 3157/3970/1981 3274/4114/2094 3261/4102/2082 3159/3974/1983
f 3273/4113/2093 3275/4115/2095 3276/4116/2096 3277/4117/2097
f 3279/3958/1974 3276/4116/2096 3275/4115/2095 3155/3973/1982
f 3278/4118/2098 3280/4119/2099 3277/4117/2097 3276/4116/2096
f 3276/4116/2096 3279/3958/1974 3145/3954/1971 3278/4118/2098
f 3280/4119/2099 3278/4118/2098 3281/4120/2100 3282/4121/2101
f 3143/3950/1969 3281/4120/2100 3278/4118/2098 3145/3954/1971
f 3283/4122/2102 3284/4123/2103 3282/4121/2101 3281/4120/2100
f 3281/4120/2100 3143/3950/1969 3141/3953/1970 3283/4122/2102
f 3284/4123/2103 3283/4122/2102 3285/4124/2104 3286/4125/2105
f 3288/3939/1961 3285/4124/2104 3283/4122/2102 3141/3953/1970
f 3287/4126/2106 3289/4127/2107 3286/4125/2105 3285/4124/2104
f 3285/4124/2104 3288/3939/1961 3131/3935/1959 3287/4126/2106
f 3289/4127/2107 3287/4126/2106 3290/4128/2108 3291/4129/2109
f 3129/3929/1956 3290/4128/2108 3287/4126/2106 3131/3935/1959
f 3292/4130/2110 3293/4131/2111 3291/4129/2109 3290/4128/2108
f 3290/4128/2108 3129/3929/1956 3126/3932/1957 3292/4130/2110
f 3293/4131/2111 3292/4130/2110 3294/4132/2112 3295/4133/2113
f 3297/3934/1958 3294/4132/2112 3292/4130/2110 3126/3932/1957
f 3296/4134/2114 3451/4135/2115 3295/4133/2113 3294/4132/2112
f 3294/4132/2112 3297/3934/1958 3298/4136/2116 3296/4134/2114
f 3297/3934/1958 3127/3933/1953 3300/4137/2117 3298/4136/2116
f 3299/4138/2118 3450/4139/2119 3296/4134/2114 3298/4136/2116
f 3301/4140/2120 3299/4138/2118 3298/4136/2116 3300/4137/2117
f 3056/3838/1895 3301/4141/2120 3300/4142/2117 3058/3841/1897
f 3127/3926/1953 3123/3844/1899 3058/3841/1897 3300/4142/2117
f 3299/4138/2118 3301/4140/2120 3302/4143/2121 3303/4144/2122
f 3301/4141/2120 3056/3838/1895 3053/3839/1896 3302/4145/2121
f 3304/4146/2123 3305/4147/2124 3303/4144/2122 3302/4143/2121
f 3307/3840/1877 3304/4148/2123 3302/4145/2121 3053/3839/1896
f 3305/4147/2124 3304/4146/2123 3306/4149/2125 3454/4150/2126
f 3304/4148/2123 3307/3840/1877 3308/4151/1870 3306/4152/2125
f 3307/3840/1877 3054/3811/1877 3029/3806/1870 3308/4151/1870
f 3309/3803/1870 3310/4153/2127 3306/4152/2125 3308/4151/1870
f 3023/3802/1870 3309/3803/1870 3308/4151/1870 3029/3806/1870
f 3310/4153/2127 3309/3803/1870 3022/3800/1869 3312/4154/2128
f 3310/4155/2127 3311/4156/2129 3454/4150/2126 3306/4149/2125
f 3311/4156/2129 3310/4155/2127 3312/4157/2128 3313/4158/2130
f 3314/4159/2131 3315/4160/2132 3313/4158/2130 3312/4157/2128
f 3020/3797/1868 3314/4161/2131 3312/4154/2128 3022/3800/1869
f 3318/4162/2133 3315/4160/2132 3314/4159/2131 3316/4163/2134
f 3020/3797/1868 3017/3798/1867 3316/4164/2134 3314/4161/2131
f 3317/4165/2135 3316/4164/2134 3017/3798/1867 3333/3799/1866
f 3316/4163/2134 3317/4166/2135 3320/4167/2136 3318/4162/2133
f 3315/4160/2132 3318/4162/2133 3319/4168/2137 3313/4158/2130
f 3321/4169/2138 3319/4168/2137 3318/4162/2133 3320/4167/2136
f 3320/4167/2136 3322/4170/2139 3324/4171/2140 3321/4169/2138
f 3322/4170/2139 3320/4167/2136 3317/4166/2135 3323/4172/2141
f 3322/4170/2139 3323/4172/2141 3326/4173/2142 3324/4171/2140
f 3325/4174/2143 3444/4175/2144 3321/4169/2138 3324/4171/2140
f 3327/4176/2145 3325/4174/2143 3324/4171/2140 3326/4173/2142
f 3329/4177/2146 3327/4178/2145 3326/4179/2142 3328/4180/2147
f 3323/4181/2141 3331/4182/2148 3328/4180/2147 3326/4179/2142
f 3338/4183/2146 3329/4177/2146 3328/4180/2147 3330/4184/2147
f 3332/4185/2148 3330/4184/2147 3328/4180/2147 3331/4182/2148
f 3332/4185/2148 3331/4182/2148 3333/3799/1866 3018/3794/1866
f 3333/3799/1866 3331/4182/2148 3323/4181/2141 3317/4165/2135
f 3332/4185/2148 3334/4186/2149 3335/4187/2150 3330/4184/2147
f 3332/4185/2148 3018/3794/1866 3015/3792/1865 3334/4186/2149
f 3334/4186/2149 2998/4188/1847 2996/4189/1846 3335/4187/2150
f 3001/3793/1848 2998/4188/1847 3334/4186/2149 3015/3792/1865
f 3336/4190/2151 3338/4183/2146 3330/4184/2147 3335/4187/2150
f 3337/4191/1838 3336/4190/2151 3335/4187/2150 2996/4189/1846
f 3336/4190/2151 3337/4191/1838 2965/4192/1836 3339/4193/2152
f 3338/4183/2146 3336/4190/2151 3339/4193/2152 3340/4194/2153
f 3341/4195/2154 3342/4196/2155 3340/4194/2153 3339/4193/2152
f 2963/4197/1835 3341/4195/2154 3339/4193/2152 2965/4192/1836
f 3342/4196/2155 3341/4195/2154 3343/4198/2156 3344/4199/2157
f 3341/4195/2154 2963/4197/1835 2961/4200/1834 3343/4198/2156
f 3345/4201/2158 3347/4202/2159 3344/4199/2157 3343/4198/2156
f 3346/4203/1830 3345/4201/2158 3343/4198/2156 2961/4200/1834
f 3345/4201/2158 3346/4203/1830 2951/4204/1828 3348/4205/2160
f 3347/4202/2159 3345/4201/2158 3348/4205/2160 3349/4206/2161
f 3350/4207/2162 3351/4208/2163 3349/4206/2161 3348/4205/2160
f 2949/4209/1827 3350/4207/2162 3348/4205/2160 2951/4204/1828
f 3350/4207/2162 2949/4209/1827 2947/4210/1826 3352/4211/2164
f 3351/4208/2163 3350/4207/2162 3352/4211/2164 3353/4212/2165
f 3354/4213/2166 3356/4214/2167 3353/4212/2165 3352/4211/2164
f 3355/4215/1822 3354/4213/2166 3352/4211/2164 2947/4210/1826
f 3354/4213/2166 3355/4215/1822 2937/4216/1820 3357/4217/2168
f 3356/4214/2167 3354/4213/2166 3357/4217/2168 3358/4218/2169
f 3359/4219/2170 3360/4220/2171 3358/4218/2169 3357/4217/2168
f 2935/4221/1819 3359/4219/2170 3357/4217/2168 2937/4216/1820
f 3359/4219/2170 2935/4221/1819 2933/4222/1818 3361/4223/2172
f 3360/4220/2171 3359/4219/2170 3361/4223/2172 3362/4224/2173
f 3363/4225/2174 3365/4226/2175 3362/4224/2173 3361/4223/2172
f 3364/4227/1814 3363/4225/2174 3361/4223/2172 2933/4222/1818
f 3363/4225/2174 3364/4227/1814 2925/4228/1812 3366/4229/2176
f 3365/4226/2175 3363/4225/2174 3366/4229/2176 3367/4230/2177
f 3368/4231/2178 3369/4232/2179 3367/4230/2177 3366/4229/2176
f 2923/4233/1811 3368/4231/2178 3366/4229/2176 2925/4228/1812
f 3368/4231/2178 2923/4233/1811 2921/4234/1810 3370/4235/2180
f 3369/4232/2179 3368/4231/2178 3370/4235/2180 3371/4236/2181
f 3372/4237/2182 3374/4238/2183 3371/4236/2181 3370/4235/2180
f 3373/4239/1806 3372/4237/2182 3370/4235/2180 2921/4234/1810
f 3372/4237/2182 3373/4239/1806 2913/4240/1804 3375/4241/2184
f 3374/4238/2183 3372/4237/2182 3375/4241/2184 3376/4242/2185
f 3377/4243/2186 3378/4244/2187 3376/4242/2185 3375/4241/2184
f 2911/4245/1803 3377/4243/2186 3375/4241/2184 2913/4240/1804
f 3377/4243/2186 2911/4245/1803 2909/4246/1802 3379/4247/2188
f 3378/4244/2187 3377/4243/2186 3379/4247/2188 3380/4248/2189
f 3381/4249/2190 3382/4250/2191 3380/4248/2189 3379/4247/2188
f 3384/4251/1798 3381/4249/2190 3379/4247/2188 2909/4246/1802
f 3382/4250/2191 3381/4249/2190 3383/4252/2192 3385/4253/2193
f 3381/4249/2190 3384/4251/1798 2899/4254/1795 3383/4252/2192
f 3386/4255/1792 3387/4256/1793 3385/4253/2193 3383/4252/2192
f 2897/4257/1796 3386/4255/1792 3383/4252/2192 2899/4254/1795
f 3386/4255/1792 2897/4257/1796 2895/4258/1795 3388/4259/1792
f 3387/4256/1793 3386/4255/1792 3388/4259/1792 3389/4260/1793
f 2880/3644/1792 2878/3643/1793 3389/4260/1793 3388/4259/1792
f 2882/3645/1790 2880/3644/1792 3388/4259/1792 2895/4258/1795
f 3392/4261/1793 3387/4256/1793 3389/4260/1793 3390/4262/1793
f 2878/3643/1793 3391/3642/1793 3390/4262/1793 3389/4260/1793
f 3391/3642/1793 3238/4263/2057 3393/4264/2060 3390/4262/1793
f 3250/4265/2070 3392/4261/1793 3390/4262/1793 3393/4264/2060
f 3387/4256/1793 3392/4261/1793 3394/4266/2193 3385/4253/2193
f 3392/4261/1793 3250/4265/2070 3252/4267/2071 3394/4266/2193
f 3382/4250/2191 3385/4253/2193 3394/4266/2193 3395/4268/2191
f 3254/4269/2073 3395/4268/2191 3394/4266/2193 3252/4267/2071
f 3382/4250/2191 3395/4268/2191 3396/4270/2189 3380/4248/2189
f 3395/4268/2191 3254/4269/2073 3398/4271/2076 3396/4270/2189
f 3397/4272/2194 3378/4244/2187 3380/4248/2189 3396/4270/2189
f 3266/4273/2086 3397/4272/2194 3396/4270/2189 3398/4271/2076
f 3378/4244/2187 3397/4272/2194 3399/4274/2185 3376/4242/2185
f 3397/4272/2194 3266/4273/2086 3268/4275/2087 3399/4274/2185
f 3400/4276/2195 3374/4238/2183 3376/4242/2185 3399/4274/2185
f 3270/4277/2089 3400/4276/2195 3399/4274/2185 3268/4275/2087
f 3374/4238/2183 3400/4276/2195 3401/4278/2181 3371/4236/2181
f 3400/4276/2195 3270/4277/2089 3403/4279/2092 3401/4278/2181
f 3402/4280/2179 3369/4232/2179 3371/4236/2181 3401/4278/2181
f 3404/4281/2196 3402/4280/2179 3401/4278/2181 3403/4279/2092
f 3405/4282/2197 3404/4283/2196 3403/4112/2092 3271/4111/2091
f 3404/4283/2196 3405/4282/2197 3407/4284/2198 3406/4285/2199
f 3402/4280/2179 3404/4281/2196 3406/4286/2199 3409/4287/2177
f 3456/4288/2200 3408/4289/2201 3406/4285/2199 3407/4284/2198
f 3408/4290/2201 3410/4291/2175 3409/4287/2177 3406/4286/2199
f 3369/4232/2179 3402/4280/2179 3409/4287/2177 3367/4230/2177
f 3410/4291/2175 3365/4226/2175 3367/4230/2177 3409/4287/2177
f 3365/4226/2175 3410/4291/2175 3411/4292/2173 3362/4224/2173
f 3410/4291/2175 3408/4290/2201 3413/4293/2202 3411/4292/2173
f 3412/4294/2171 3360/4220/2171 3362/4224/2173 3411/4292/2173
f 3415/4295/2203 3412/4294/2171 3411/4292/2173 3413/4293/2202
f 3416/4296/2204 3415/4297/2203 3413/4298/2202 3414/4299/2205
f 3408/4289/2201 3456/4288/2200 3414/4299/2205 3413/4298/2202
f 3415/4297/2203 3416/4296/2204 3418/4300/2206 3417/4301/2207
f 3412/4294/2171 3415/4295/2203 3417/4302/2207 3420/4303/2169
f 3455/4304/2208 3419/4305/2209 3417/4301/2207 3418/4300/2206
f 3419/4306/2209 3421/4307/2167 3420/4303/2169 3417/4302/2207
f 3360/4220/2171 3412/4294/2171 3420/4303/2169 3358/4218/2169
f 3421/4307/2167 3356/4214/2167 3358/4218/2169 3420/4303/2169
f 3356/4214/2167 3421/4307/2167 3422/4308/2165 3353/4212/2165
f 3421/4307/2167 3419/4306/2209 3424/4309/2210 3422/4308/2165
f 3423/4310/2163 3351/4208/2163 3353/4212/2165 3422/4308/2165
f 3426/4311/2211 3423/4310/2163 3422/4308/2165 3424/4309/2210
f 3427/4312/2212 3426/4313/2211 3424/4314/2210 3425/4315/2213
f 3419/4305/2209 3455/4304/2208 3425/4315/2213 3424/4314/2210
f 3426/4313/2211 3427/4312/2212 3429/4316/2214 3428/4317/2215
f 3423/4310/2163 3426/4311/2211 3428/4318/2215 3431/4319/2161
f 3452/4320/2216 3430/4321/2217 3428/4317/2215 3429/4316/2214
f 3430/4322/2217 3432/4323/2159 3431/4319/2161 3428/4318/2215
f 3351/4208/2163 3423/4310/2163 3431/4319/2161 3349/4206/2161
f 3432/4323/2159 3347/4202/2159 3349/4206/2161 3431/4319/2161
f 3347/4202/2159 3432/4323/2159 3433/4324/2157 3344/4199/2157
f 3432/4323/2159 3430/4322/2217 3435/4325/2218 3433/4324/2157
f 3342/4196/2155 3344/4199/2157 3433/4324/2157 3434/4326/2155
f 3437/4327/2219 3434/4326/2155 3433/4324/2157 3435/4325/2218
f 3438/4328/2220 3437/4329/2219 3435/4330/2218 3436/4331/2221
f 3430/4321/2217 3452/4320/2216 3436/4331/2221 3435/4330/2218
f 3437/4329/2219 3438/4328/2220 3440/4332/2222 3439/4333/2223
f 3434/4326/2155 3437/4327/2219 3439/4334/2223 3441/4335/2153
f 3325/4174/2143 3327/4176/2145 3439/4333/2223 3440/4332/2222
f 3327/4178/2145 3329/4177/2146 3441/4335/2153 3439/4334/2223
f 3342/4196/2155 3434/4326/2155 3441/4335/2153 3340/4194/2153
f 3329/4177/2146 3338/4183/2146 3340/4194/2153 3441/4335/2153
f 3438/4328/2220 3445/4336/2224 3442/4337/2225 3440/4332/2222
f 3444/4175/2144 3325/4174/2143 3440/4332/2222 3442/4337/2225
f 3443/4338/2226 3442/4337/2225 3445/4336/2224 3446/4339/2227
f 3442/4337/2225 3443/4338/2226 3453/4340/2228 3444/4175/2144
f 3447/4341/2229 3448/4342/2230 3446/4339/2227 3445/4336/2224
f 3445/4336/2224 3438/4328/2220 3436/4331/2221 3447/4341/2229
f 3448/4342/2230 3447/4341/2229 3449/4343/2231 3450/4139/2119
f 3452/4320/2216 3449/4343/2231 3447/4341/2229 3436/4331/2221
f 3451/4135/2115 3296/4134/2114 3450/4139/2119 3449/4343/2231
f 3449/4343/2231 3452/4320/2216 3429/4316/2214 3451/4135/2115
f 3427/4312/2212 3295/4133/2113 3451/4135/2115 3429/4316/2214
f 3450/4139/2119 3299/4138/2118 3303/4144/2122 3448/4342/2230
f 3305/4147/2124 3446/4339/2227 3448/4342/2230 3303/4144/2122
f 3446/4339/2227 3305/4147/2124 3454/4150/2126 3443/4338/2226
f 3453/4340/2228 3319/4168/2137 3321/4169/2138 3444/4175/2144
f 3453/4340/2228 3311/4156/2129 3313/4158/2130 3319/4168/2137
f 3311/4156/2129 3453/4340/2228 3443/4338/2226 3454/4150/2126
f 3295/4133/2113 3427/4312/2212 3425/4315/2213 3293/4131/2111
f 3455/4304/2208 3291/4129/2109 3293/4131/2111 3425/4315/2213
f 3291/4129/2109 3455/4304/2208 3418/4300/2206 3289/4127/2107
f 3416/4296/2204 3286/4125/2105 3289/4127/2107 3418/4300/2206
f 3286/4125/2105 3416/4296/2204 3414/4299/2205 3284/4123/2103
f 3456/4288/2200 3282/4121/2101 3284/4123/2103 3414/4299/2205
f 3282/4121/2101 3456/4288/2200 3407/4284/2198 3280/4119/2099
f 3405/4282/2197 3277/4117/2097 3280/4119/2099 3407/4284/2198
f 3277/4117/2097 3405/4282/2197 3271/4111/2091 3273/4113/2093
f 3238/4263/2057 3391/3642/1793 2877/3639/1793 3236/4344/2055
f 2875/3636/1793 3234/4345/2054 3236/4344/2055 2877/3639/1793
f 3234/4345/2054 2875/3636/1793 2872/3637/1793 3457/4346/2044
f 3458/3638/963 3222/4347/2041 3457/4346/2044 2872/3637/1793
f 3222/4347/2041 3458/3638/963 3459/4348/2232 3220/4349/2039
f 3458/3638/963 2873/3635/963 3461/4350/2232 3459/4348/2232
f 3460/4351/2233 3218/4352/2038 3220/4349/2039 3459/4348/2232
f 3462/4353/2233 3460/4351/2233 3459/4348/2232 3461/4350/2232
f 3464/4354/2234 3462/4353/2233 3461/4350/2232 3463/3626/1788
f 2873/3635/963 2866/3623/1787 3463/3626/1788 3461/4350/2232
f 3465/4355/1784 3464/4354/2234 3463/3626/1788 2861/3625/1782
f 3465/4356/1784 3468/4357/2235 3466/4358/2236 3464/4359/2234
f 3469/4048/2030 3462/4360/2233 3464/4359/2234 3466/4358/2236
f 3466/4358/2236 3467/4361/2237 3208/4045/2028 3469/4048/2030
f 3467/4361/2237 3466/4358/2236 3468/4357/2235 3470/4362/2238
f 3460/4363/2233 3462/4360/2233 3469/4048/2030 3209/4047/2030
f 3471/4364/2239 3472/4365/2240 3470/4366/2238 3468/4367/2235
f 3468/4367/2235 3465/3619/1784 2862/3616/1781 3471/4364/2239
f 3472/4365/2240 3471/4364/2239 3473/3606/1774 3474/4368/2241
f 2853/3607/1775 3473/3606/1774 3471/4364/2239 2862/3616/1781
f 2852/3602/1771 3475/4369/2242 3474/4368/2241 3473/3606/1774
f 3474/4368/2241 3475/4369/2242 3479/4370/2243 3476/4371/2244
f 3472/4365/2240 3474/4368/2241 3476/4371/2244 3477/4372/2245
f 3478/4373/2246 3745/4374/2247 3477/4372/2245 3476/4371/2244
f 3481/4375/2248 3478/4373/2246 3476/4371/2244 3479/4370/2243
f 3475/4369/2242 3528/4376/2249 3480/4377/2250 3479/4370/2243
f 3481/4375/2248 3479/4370/2243 3480/4377/2250 3483/4378/2251
f 3775/4379/2252 3478/4373/2246 3481/4375/2248 3482/4380/2253
f 3482/4380/2253 3481/4375/2248 3483/4378/2251 3485/4381/2254
f 3483/4378/2251 3480/4377/2250 3526/4382/2255 3484/4383/199
f 3484/4383/199 3486/4384/2256 3485/4381/2254 3483/4378/2251
f 3486/4384/2256 3488/4385/2257 3487/4386/2258 3485/4381/2254
f 3489/4387/2259 3482/4380/2253 3485/4381/2254 3487/4386/2258
f 3488/4388/2257 3491/4389/2260 3490/4390/2261 3487/4391/2258
f 3493/4392/2262 3489/4393/2259 3487/4391/2258 3490/4390/2261
f 3504/4394/2263 3492/4395/2264 3490/4390/2261 3491/4389/2260
f 3495/4396/2265 3493/4392/2262 3490/4390/2261 3492/4395/2264
f 3494/4397/2266 3776/4398/2267 3489/4393/2259 3493/4392/2262
f 3496/4399/2268 3494/4397/2266 3493/4392/2262 3495/4396/2265
f 3496/4399/2268 3495/4396/2265 3497/4400/2265 3498/4401/2268
f 3497/4400/2265 3495/4396/2265 3492/4395/2264 3499/4402/2264
f 1972/2500/1211 3498/4401/2268 3497/4400/2265 1970/2497/1209
f 1970/2497/1209 3497/4400/2265 3499/4402/2264 3501/2498/1210
f 3502/2481/1201 3501/2498/1210 3499/4402/2264 3500/4403/2263
f 3500/4403/2263 3499/4402/2264 3492/4395/2264 3504/4394/2263
f 1958/2480/1200 1965/2495/1204 3501/2498/1210 3502/2481/1201
f 3502/2481/1201 3500/4403/2263 3503/4404/2269 1957/2477/1198
f 3504/4394/2263 3505/4405/2269 3503/4404/2269 3500/4403/2263
f 3504/4394/2263 3491/4389/2260 3507/4406/2270 3505/4405/2269
f 3506/4407/121 3592/4408/121 3503/4404/2269 3505/4405/2269
f 3509/4409/1189 3506/4407/121 3505/4405/2269 3507/4406/2270
f 3491/4389/2260 3488/4388/2257 3508/4410/2271 3507/4406/2270
f 3511/4411/2272 3509/4409/1189 3507/4406/2270 3508/4410/2271
f 3506/4407/121 3509/4409/1189 3510/4412/1189 3588/4413/121
f 3509/4409/1189 3511/4411/2272 3513/4414/2272 3510/4412/1189
f 3511/4415/2272 3512/4416/2273 3515/4417/218 3513/4418/2272
f 3512/4416/2273 3511/4415/2272 3508/4419/2271 3583/4420/2274
f 3514/4421/1188 3585/4422/1189 3510/4412/1189 3513/4414/2272
f 3516/4423/218 3514/4424/1188 3513/4418/2272 3515/4417/218
f 3518/4425/193 3516/4423/218 3515/4417/218 3517/4426/193
f 3512/4416/2273 3520/4427/193 3517/4426/193 3515/4417/218
f 3518/4425/193 3517/4426/193 3519/4428/216 3580/4429/216
f 3517/4426/193 3520/4427/193 3522/4430/215 3519/4428/216
f 3520/4427/193 3512/4416/2273 3583/4420/2274 3521/4431/357
f 3520/4427/193 3521/4431/357 3524/4432/2275 3522/4430/215
f 3523/4433/2276 3579/4434/214 3519/4428/216 3522/4430/215
f 3525/4435/2277 3523/4433/2276 3522/4430/215 3524/4432/2275
f 3527/4436/2278 3525/4435/2277 3524/4432/2275 3526/4382/2255
f 3521/4431/357 3484/4383/199 3526/4382/2255 3524/4432/2275
f 3527/4436/2278 3526/4382/2255 3480/4377/2250 3528/4376/2249
f 3525/4437/2277 3527/4438/2278 1543/1996/1063 3529/2000/1064
f 3527/4438/2278 3528/4439/2249 1540/1994/1062 1543/1996/1063
f 2850/3599/1770 1538/1992/1060 1540/1994/1062 3528/4439/2249
f 3475/4369/2242 2852/3602/1771 2850/3601/1770 3528/4376/2249
f 3523/4440/2276 3525/4437/2277 3529/2000/1064 3530/4441/213
f 1542/1999/121 3532/4442/121 3530/4441/213 3529/2000/1064
f 3579/4443/214 3523/4440/2276 3530/4441/213 3531/4444/213
f 3532/4442/121 3533/4445/121 3531/4444/213 3530/4441/213
f 3534/4446/121 3535/4447/121 3533/4445/121 3532/4442/121
f 1545/1998/121 3534/4446/121 3532/4442/121 1542/1999/121
f 3535/4447/121 3534/4446/121 3536/4448/120 3537/4449/120
f 3534/4446/121 1545/1998/121 1547/2002/120 3536/4448/120
f 3538/4450/122 3539/2369/122 3537/4451/120 3536/4452/120
f 3541/2004/122 3538/4450/122 3536/4452/120 1547/2005/120
f 3539/2369/122 3538/4450/122 3540/2364/201 1866/2363/1185
f 3538/4450/122 3541/2004/122 3542/4453/201 3540/2364/201
f 3541/2004/122 1548/2003/122 3543/2010/201 3542/4453/201
f 3544/4454/193 1865/2361/193 3540/2364/201 3542/4453/201
f 3545/4455/193 3544/4454/193 3542/4453/201 3543/2010/201
f 3544/4454/193 3545/4455/193 3548/4456/193 3546/4457/193
f 1865/2361/193 3544/4454/193 3546/4457/193 1863/2359/193
f 3547/4458/193 1861/2358/193 1863/2359/193 3546/4457/193
f 3549/4459/199 3547/4458/193 3546/4457/193 3548/4456/193
f 1565/2024/193 3549/4459/199 3548/4456/193 1563/2025/193
f 3545/4455/193 3570/2014/193 1563/2025/193 3548/4456/193
f 3547/4458/193 3549/4459/199 3550/4460/199 3551/4461/193
f 3549/4459/199 1565/2024/193 1567/2027/193 3550/4460/199
f 3552/4462/193 3553/4463/193 3551/4461/193 3550/4460/199
f 3555/2029/193 3552/4462/193 3550/4460/199 1567/2027/193
f 3553/4463/193 3552/4462/193 3554/4464/193 3556/4465/193
f 3552/4462/193 3555/2029/193 1609/2069/193 3554/4464/193
f 3557/4466/193 3558/4467/193 3556/4465/193 3554/4464/193
f 1611/2070/193 3557/4466/193 3554/4464/193 1609/2069/193
f 3558/4467/193 3557/4466/193 3559/4468/1076 3560/4469/1076
f 3557/4466/193 1611/2070/193 1613/2072/1076 3559/4468/1076
f 3561/4470/2279 3562/4471/2280 3560/4469/1076 3559/4468/1076
f 3564/2075/1079 3561/4470/2279 3559/4468/1076 1613/2072/1076
f 3562/4471/2280 3561/4470/2279 3563/4472/2281 3566/4473/2282
f 3561/4470/2279 3564/2075/1079 3565/4474/1083 3563/4472/2281
f 1614/2074/1078 1621/2079/1082 3565/4474/1083 3564/2075/1079
f 1625/2087/183 1629/2090/183 3563/4475/2281 3565/2086/1083
f 1629/2090/183 3568/2091/183 3566/4476/2282 3563/4475/2281
f 1841/2334/1183 3562/4471/2280 3566/4473/2282 3567/2335/1184
f 3568/2091/183 1638/2101/183 3567/4477/1184 3566/4476/2282
f 1638/2101/183 1640/2102/183 1837/2327/1179 3567/4477/1184
f 3562/4471/2280 1841/2334/1183 1843/2336/1182 3560/4469/1076
f 1846/2338/193 3558/4467/193 3560/4469/1076 1843/2336/1182
f 3558/4467/193 1846/2338/193 1848/2342/193 3556/4465/193
f 1851/2344/193 3553/4463/193 3556/4465/193 1848/2342/193
f 3553/4463/193 1851/2344/193 3569/2347/193 3551/4461/193
f 1861/2358/193 3547/4458/193 3551/4461/193 3569/2347/193
f 3570/2014/193 3545/4455/193 3543/2010/201 1551/2009/1065
f 3539/2369/122 1870/2368/122 3571/4478/120 3537/4451/120
f 3573/4479/121 3535/4447/121 3537/4449/120 3571/4480/120
f 3574/4481/121 3573/4479/121 3571/4480/120 3572/4482/120
f 1870/2368/122 1872/2370/122 3572/4483/120 3571/4478/120
f 3573/4479/121 3574/4481/121 3576/2402/121 3575/4484/121
f 3535/4447/121 3573/4479/121 3575/4484/121 3533/4445/121
f 3575/4484/121 3576/2402/121 1902/2403/213 3577/4485/213
f 3533/4445/121 3575/4484/121 3577/4485/213 3531/4444/213
f 3578/4486/214 3579/4443/214 3531/4444/213 3577/4485/213
f 1904/2404/214 3578/4486/214 3577/4485/213 1902/2403/213
f 3579/4434/214 3578/4487/214 3580/4429/216 3519/4428/216
f 3578/4487/214 1904/2405/214 1906/2408/216 3580/4429/216
f 3584/2412/193 3518/4425/193 3580/4429/216 1906/2408/216
f 3574/4481/121 3581/2396/121 1898/2397/121 3576/2402/121
f 3581/2396/121 3574/4481/121 3572/4482/120 3582/4488/120
f 1892/2387/121 3581/2396/121 3582/4488/120 1889/2388/120
f 1874/2371/122 1877/2374/122 1889/2385/120 3582/4489/120
f 1872/2370/122 1874/2371/122 3582/4489/120 3572/4483/120
f 3486/4384/2256 3484/4383/199 3521/4431/357 3583/4420/2274
f 3488/4385/2257 3486/4384/2256 3583/4420/2274 3508/4419/2271
f 3516/4423/218 3518/4425/193 3584/2412/193 1916/2423/218
f 3514/4424/1188 3516/4423/218 1916/2423/218 1918/2424/221
f 3585/4422/1189 3514/4421/1188 1918/2428/221 1920/2427/1189
f 3585/4422/1189 3586/4490/121 3588/4413/121 3510/4412/1189
f 3586/4490/121 3585/4422/1189 1920/2427/1189 3589/2432/121
f 3587/4491/121 3586/4490/121 3589/2432/121 3590/2450/121
f 3586/4490/121 3587/4491/121 3591/4492/121 3588/4413/121
f 1921/2431/121 1937/2447/121 3590/2450/121 3589/2432/121
f 3593/2470/1190 3587/4491/121 3590/2450/121 1938/2449/1190
f 3506/4407/121 3588/4413/121 3591/4492/121 3592/4408/121
f 3587/4491/121 3593/2470/1190 1953/2473/1190 3591/4492/121
f 1955/2475/1190 3592/4408/121 3591/4492/121 1953/2473/1190
f 3592/4408/121 1955/2475/1190 1957/2477/1198 3503/4404/2269
f 1948/2471/1192 3593/2470/1190 1938/2449/1190 1940/2451/1193
f 3496/4399/2268 3498/4401/2268 3594/4493/2283 3595/4494/2283
f 3498/4401/2268 1972/2500/1211 1974/2502/1213 3594/4493/2283
f 3595/4494/2283 3594/4493/2283 3596/4495/543 3597/4496/543
f 3594/4493/2283 1974/2502/1213 3599/2506/1216 3596/4495/543
f 3601/4497/2284 3597/4496/543 3596/4495/543 3598/4498/2284
f 3600/2520/1224 3598/4498/2284 3596/4495/543 3599/2506/1216
f 1982/2521/1219 3600/2520/1224 3599/2506/1216 1975/2505/1215
f 3598/4498/2284 3600/2520/1224 1987/2523/1225 3602/4499/2016
f 3601/4497/2284 3598/4498/2284 3602/4499/2016 3603/4500/2016
f 3604/4501/2015 3605/4502/2015 3603/4500/2016 3602/4499/2016
f 1989/2525/1226 3604/4501/2015 3602/4499/2016 1987/2523/1225
f 3605/4502/2015 3604/4501/2015 3606/4503/2285 3607/4504/2285
f 3604/4501/2015 1989/2525/1226 1991/2527/1228 3606/4503/2285
f 3609/4505/2286 3607/4504/2285 3606/4503/2285 3608/4506/2287
f 3611/2531/1231 3608/4506/2287 3606/4503/2285 1991/2527/1228
f 3609/4505/2286 3608/4506/2287 3610/4507/2288 3612/4508/2288
f 3608/4506/2287 3611/2531/1231 2001/2543/1237 3610/4507/2288
f 3614/4509/2289 3612/4508/2288 3610/4507/2288 3613/4510/2289
f 2003/2545/1238 3613/4510/2289 3610/4507/2288 2001/2543/1237
f 3614/4509/2289 3613/4510/2289 3615/4511/2290 3616/4512/2290
f 3613/4510/2289 2003/2545/1238 2005/2547/1240 3615/4511/2290
f 3618/4513/2291 3616/4512/2290 3615/4511/2290 3617/4514/2291
f 3620/2551/1243 3617/4514/2291 3615/4511/2290 2005/2547/1240
f 3618/4513/2291 3617/4514/2291 3619/4515/2292 3621/4516/2292
f 3617/4514/2291 3620/2551/1243 2015/2563/1249 3619/4515/2292
f 3623/4517/2293 3621/4516/2292 3619/4515/2292 3622/4518/2293
f 2017/2565/1250 3622/4518/2293 3619/4515/2292 2015/2563/1249
f 3623/4517/2293 3622/4518/2293 3624/4519/2294 3625/4520/2294
f 3622/4518/2293 2017/2565/1250 2019/2567/1252 3624/4519/2294
f 3627/4521/2295 3625/4520/2294 3624/4519/2294 3626/4522/2295
f 3629/2571/1255 3626/4522/2295 3624/4519/2294 2019/2567/1252
f 3627/4521/2295 3626/4522/2295 3628/4523/2296 3630/4524/2296
f 3626/4522/2295 3629/2571/1255 2029/2583/1261 3628/4523/2296
f 3632/4525/2297 3630/4524/2296 3628/4523/2296 3631/4526/2297
f 2031/2585/1262 3631/4526/2297 3628/4523/2296 2029/2583/1261
f 3632/4525/2297 3631/4526/2297 3633/4527/2298 3634/4528/2298
f 3631/4526/2297 2031/2585/1262 2033/2587/1264 3633/4527/2298
f 3636/4529/2299 3634/4528/2298 3633/4527/2298 3635/4530/2300
f 3638/2591/1267 3635/4530/2300 3633/4527/2298 2033/2587/1264
f 3636/4529/2299 3635/4530/2300 3637/4531/1931 3639/3890/1931
f 3635/4530/2300 3638/2591/1267 2043/2603/1273 3637/4531/1931
f 3099/3887/1928 3639/3890/1931 3637/4531/1931 3640/4532/1928
f 2045/2605/1274 3640/4532/1928 3637/4531/1931 2043/2603/1273
f 3099/3887/1928 3640/4532/1928 3641/3882/1924 3093/3881/1924
f 3640/4532/1928 2045/2605/1274 2047/2607/1276 3641/3882/1924
f 3782/2611/1279 3090/3878/1922 3641/3882/1924 2047/2607/1276
f 3642/3899/1937 3636/4529/2299 3639/3890/1931 3100/3889/1930
f 3636/4529/2299 3642/3899/1937 3643/4533/2301 3634/4528/2298
f 3642/3899/1937 3104/3898/1936 3644/4534/2302 3643/4533/2301
f 3645/4535/2303 3632/4525/2297 3634/4528/2298 3643/4533/2301
f 3647/4536/2304 3645/4535/2303 3643/4533/2301 3644/4534/2302
f 3632/4525/2297 3645/4535/2303 3646/4537/2305 3630/4524/2296
f 3645/4535/2303 3647/4536/2304 3649/4538/2306 3646/4537/2305
f 3647/4539/2304 3648/4540/2307 3651/4541/2308 3649/4542/2306
f 3648/4540/2307 3647/4539/2304 3644/4543/2302 3780/4544/2309
f 3650/4545/2310 3686/4546/2311 3646/4537/2305 3649/4538/2306
f 3652/4547/2312 3650/4548/2310 3649/4542/2306 3651/4541/2308
f 3654/4549/193 3652/4547/2312 3651/4541/2308 3653/4550/193
f 3648/4540/2307 3656/4551/193 3653/4550/193 3651/4541/2308
f 3654/4549/193 3653/4550/193 3655/4552/2313 3676/4553/2314
f 3653/4550/193 3656/4551/193 3658/4554/2315 3655/4552/2313
f 3656/4551/193 3648/4540/2307 3780/4544/2309 3657/4555/193
f 3656/4551/193 3657/4555/193 3660/4556/2316 3658/4554/2315
f 3659/4557/2317 3673/4558/2318 3655/4552/2313 3658/4554/2315
f 3661/4559/2319 3659/4557/2317 3658/4554/2315 3660/4556/2316
f 3663/4560/2320 3661/4559/2319 3660/4556/2316 3662/3906/1940
f 3657/4555/193 3108/3902/193 3662/3906/1940 3660/4556/2316
f 3665/3911/1944 3663/4560/2320 3662/3906/1940 3109/3905/1939
f 3664/4561/2321 3663/4562/2320 3665/4563/1944 3666/4564/2322
f 3663/4562/2320 3664/4561/2321 3668/4565/2323 3661/4566/2319
f 3113/3914/1943 3667/3913/1946 3666/4564/2322 3665/4563/1944
f 3669/3948/1967 3664/4561/2321 3666/4564/2322 3138/3945/1965
f 3667/3913/1946 3136/3943/1964 3138/3945/1965 3666/4564/2322
f 3136/3943/1964 3667/3913/1946 3116/3916/1947 3134/3922/1951
f 3664/4561/2321 3669/3948/1967 3148/3962/1973 3668/4565/2323
f 3670/4567/2324 3659/4568/2317 3661/4566/2319 3668/4565/2323
f 3150/3963/1976 3670/4567/2324 3668/4565/2323 3148/3962/1973
f 3659/4568/2317 3670/4567/2324 3671/4569/2325 3673/4570/2318
f 3670/4567/2324 3150/3963/1976 3152/3965/1977 3671/4569/2325
f 3672/4571/2326 3674/4572/2327 3673/4570/2318 3671/4569/2325
f 3779/3968/1979 3672/4571/2326 3671/4569/2325 3152/3965/1977
f 3673/4558/2318 3674/4573/2327 3676/4553/2314 3655/4552/2313
f 3674/4572/2327 3672/4571/2326 3710/4574/2328 3675/4575/2329
f 3674/4573/2327 3675/4576/2329 3677/4577/2330 3676/4553/2314
f 3679/4578/193 3654/4549/193 3676/4553/2314 3677/4577/2330
f 3675/4576/2329 3708/4579/2331 3678/4580/2332 3677/4577/2330
f 3680/4581/193 3679/4578/193 3677/4577/2330 3678/4580/2332
f 3680/4581/193 3682/4582/2333 3681/4583/2334 3679/4578/193
f 3652/4547/2312 3654/4549/193 3679/4578/193 3681/4583/2334
f 3682/4582/2333 3684/4584/2335 3683/4585/2336 3681/4583/2334
f 3650/4548/2310 3652/4547/2312 3681/4583/2334 3683/4585/2336
f 3684/4586/2335 3687/4587/2337 3685/4588/2338 3683/4589/2336
f 3686/4546/2311 3650/4545/2310 3683/4589/2336 3685/4588/2338
f 3627/4521/2295 3686/4546/2311 3685/4588/2338 3625/4520/2294
f 3687/4587/2337 3623/4517/2293 3625/4520/2294 3685/4588/2338
f 3623/4517/2293 3687/4587/2337 3688/4590/2339 3621/4516/2292
f 3687/4587/2337 3684/4586/2335 3689/4591/2340 3688/4590/2339
f 3690/4592/2341 3618/4513/2291 3621/4516/2292 3688/4590/2339
f 3692/4593/2342 3690/4592/2341 3688/4590/2339 3689/4591/2340
f 3618/4513/2291 3690/4592/2341 3691/4594/2343 3616/4512/2290
f 3690/4592/2341 3692/4593/2342 3694/4595/2344 3691/4594/2343
f 3692/4596/2342 3693/4597/2345 3696/4598/2346 3694/4599/2344
f 3693/4597/2345 3692/4596/2342 3689/4600/2340 3778/4601/2347
f 3695/4602/2348 3728/4603/2349 3691/4594/2343 3694/4595/2344
f 3697/4604/2350 3695/4605/2348 3694/4599/2344 3696/4598/2346
f 3699/4606/199 3697/4604/2350 3696/4598/2346 3698/4607/199
f 3693/4597/2345 3701/4608/199 3698/4607/199 3696/4598/2346
f 3699/4606/199 3698/4607/199 3700/4609/2351 3718/4610/2352
f 3698/4607/199 3701/4608/199 3703/4611/2353 3700/4609/2351
f 3701/4608/199 3693/4597/2345 3778/4601/2347 3702/4612/199
f 3701/4608/199 3702/4612/199 3705/4613/2354 3703/4611/2353
f 3704/4614/2355 3715/4615/2356 3700/4609/2351 3703/4611/2353
f 3706/4616/2357 3704/4614/2355 3703/4611/2353 3705/4613/2354
f 3708/4579/2331 3706/4616/2357 3705/4613/2354 3678/4580/2332
f 3702/4612/199 3680/4581/193 3678/4580/2332 3705/4613/2354
f 3711/4617/2358 3704/4618/2355 3706/4619/2357 3707/4620/2359
f 3708/4621/2331 3709/4622/2360 3707/4620/2359 3706/4619/2357
f 3709/4622/2360 3708/4621/2331 3675/4575/2329 3710/4574/2328
f 3709/4622/2360 3164/3983/1990 3166/3985/1991 3707/4620/2359
f 3164/3983/1990 3709/4622/2360 3710/4574/2328 3162/3982/1989
f 3672/4571/2326 3779/3968/1979 3162/3982/1989 3710/4574/2328
f 3713/3988/1993 3711/4617/2358 3707/4620/2359 3166/3985/1991
f 3704/4618/2355 3711/4617/2358 3712/4623/2361 3715/4624/2356
f 3711/4617/2358 3713/3988/1993 3176/4002/2003 3712/4623/2361
f 3714/4625/2362 3716/4626/2363 3715/4624/2356 3712/4623/2361
f 3178/4003/2002 3714/4625/2362 3712/4623/2361 3176/4002/2003
f 3715/4615/2356 3716/4627/2363 3718/4610/2352 3700/4609/2351
f 3716/4626/2363 3714/4625/2362 3766/4628/2364 3717/4629/2365
f 3716/4627/2363 3717/4630/2365 3719/4631/2366 3718/4610/2352
f 3721/4632/193 3699/4606/199 3718/4610/2352 3719/4631/2366
f 3717/4630/2365 3763/4633/2367 3720/4634/2368 3719/4631/2366
f 3722/4635/193 3721/4632/193 3719/4631/2366 3720/4634/2368
f 3722/4635/193 3724/4636/2369 3723/4637/2370 3721/4632/193
f 3697/4604/2350 3699/4606/199 3721/4632/193 3723/4637/2370
f 3724/4636/2369 3726/4638/2371 3725/4639/2372 3723/4637/2370
f 3695/4605/2348 3697/4604/2350 3723/4637/2370 3725/4639/2372
f 3726/4640/2371 3729/4641/2373 3727/4642/2374 3725/4643/2372
f 3728/4603/2349 3695/4602/2348 3725/4643/2372 3727/4642/2374
f 3614/4509/2289 3728/4603/2349 3727/4642/2374 3612/4508/2288
f 3729/4641/2373 3609/4505/2286 3612/4508/2288 3727/4642/2374
f 3609/4505/2286 3729/4641/2373 3730/4644/2375 3607/4504/2285
f 3729/4641/2373 3726/4640/2371 3731/4645/2376 3730/4644/2375
f 3732/4646/2377 3605/4502/2015 3607/4504/2285 3730/4644/2375
f 3733/4647/2378 3732/4646/2377 3730/4644/2375 3731/4645/2376
f 3732/4646/2377 3733/4647/2378 3735/4648/2379 3734/4649/2380
f 3605/4502/2015 3732/4646/2377 3734/4649/2380 3603/4500/2016
f 3736/4650/2381 3601/4497/2284 3603/4500/2016 3734/4649/2380
f 3738/4651/2382 3736/4650/2381 3734/4649/2380 3735/4648/2379
f 3601/4497/2284 3736/4650/2381 3737/4652/2383 3597/4496/543
f 3736/4650/2381 3738/4651/2382 3740/4653/2384 3737/4652/2383
f 3738/4654/2382 3739/4655/2385 3742/4656/2386 3740/4657/2384
f 3739/4655/2385 3738/4654/2382 3735/4658/2379 3760/4659/2387
f 3741/4660/2388 3777/4661/2389 3737/4652/2383 3740/4653/2384
f 3743/4662/2390 3741/4663/2388 3740/4657/2384 3742/4656/2386
f 3745/4374/2247 3743/4662/2390 3742/4656/2386 3744/4664/2391
f 3739/4655/2385 3747/4665/193 3744/4664/2391 3742/4656/2386
f 3746/4666/2392 3477/4372/2245 3745/4374/2247 3744/4664/2391
f 3744/4664/2391 3747/4665/193 3749/4667/2393 3746/4666/2392
f 3747/4665/193 3739/4655/2385 3760/4659/2387 3748/4668/199
f 3747/4665/193 3748/4668/199 3751/4669/2394 3749/4667/2393
f 3750/4670/2395 3773/4671/2396 3746/4666/2392 3749/4667/2393
f 3752/4672/2397 3750/4670/2395 3749/4667/2393 3751/4669/2394
f 3754/4673/2398 3752/4672/2397 3751/4669/2394 3753/4674/2399
f 3748/4668/199 3756/4675/199 3753/4674/2399 3751/4669/2394
f 3761/4676/2400 3754/4673/2398 3753/4674/2399 3755/4677/2401
f 3756/4675/199 3757/4678/199 3755/4677/2401 3753/4674/2399
f 3756/4675/199 3758/4679/2402 3759/4680/2403 3757/4678/199
f 3758/4679/2402 3756/4675/199 3748/4668/199 3760/4659/2387
f 3758/4679/2402 3733/4681/2378 3731/4682/2376 3759/4680/2403
f 3733/4681/2378 3758/4679/2402 3760/4659/2387 3735/4658/2379
f 3724/4636/2369 3722/4635/193 3757/4678/199 3759/4680/2403
f 3726/4638/2371 3724/4636/2369 3759/4680/2403 3731/4682/2376
f 3757/4678/199 3722/4635/193 3720/4634/2368 3755/4677/2401
f 3763/4633/2367 3761/4676/2400 3755/4677/2401 3720/4634/2368
f 3767/4683/2404 3754/4684/2398 3761/4685/2400 3762/4686/2405
f 3763/4687/2367 3764/4688/2406 3762/4686/2405 3761/4685/2400
f 3764/4688/2406 3763/4687/2367 3717/4629/2365 3766/4628/2364
f 3764/4688/2406 3765/4008/2006 3190/4022/2012 3762/4686/2405
f 3765/4008/2006 3764/4688/2406 3766/4628/2364 3180/4005/2004
f 3714/4625/2362 3178/4003/2002 3180/4005/2004 3766/4628/2364
f 3192/4023/2015 3767/4683/2404 3762/4686/2405 3190/4022/2012
f 3767/4683/2404 3192/4023/2015 3194/4025/2016 3768/4689/2407
f 3754/4684/2398 3767/4683/2404 3768/4689/2407 3752/4690/2397
f 3769/4691/2408 3750/4692/2395 3752/4690/2397 3768/4689/2407
f 3771/4028/2018 3769/4691/2408 3768/4689/2407 3194/4025/2016
f 3750/4692/2395 3769/4691/2408 3770/4693/2409 3773/4694/2396
f 3769/4691/2408 3771/4028/2018 3204/4042/2024 3770/4693/2409
f 3772/4695/2410 3774/4696/2411 3773/4694/2396 3770/4693/2409
f 3206/4043/2027 3772/4695/2410 3770/4693/2409 3204/4042/2024
f 3773/4671/2396 3774/4697/2411 3477/4372/2245 3746/4666/2392
f 3470/4362/2238 3774/4696/2411 3772/4695/2410 3467/4361/2237
f 3774/4697/2411 3470/4366/2238 3472/4365/2240 3477/4372/2245
f 3206/4043/2027 3208/4045/2028 3467/4361/2237 3772/4695/2410
f 3478/4373/2246 3775/4379/2252 3743/4662/2390 3745/4374/2247
f 3775/4379/2252 3776/4698/2267 3741/4663/2388 3743/4662/2390
f 3776/4698/2267 3775/4379/2252 3482/4380/2253 3489/4387/2259
f 3776/4398/2267 3494/4397/2266 3777/4661/2389 3741/4660/2388
f 3777/4661/2389 3595/4494/2283 3597/4496/543 3737/4652/2383
f 3494/4397/2266 3496/4399/2268 3595/4494/2283 3777/4661/2389
f 3728/4603/2349 3614/4509/2289 3616/4512/2290 3691/4594/2343
f 3682/4582/2333 3680/4581/193 3702/4612/199 3778/4601/2347
f 3684/4584/2335 3682/4582/2333 3778/4601/2347 3689/4600/2340
f 3686/4546/2311 3627/4521/2295 3630/4524/2296 3646/4537/2305
f 3106/3900/1938 3108/3902/193 3657/4555/193 3780/4544/2309
f 3104/3901/1936 3106/3900/1938 3780/4544/2309 3644/4543/2302
f 3460/4363/2233 3209/4047/2030 3211/4049/2031 3218/4699/2038
f 3073/3859/1908 3071/3858/193 3111/3908/193 3781/3897/1935
f 3095/3862/1911 3073/3859/1908 3781/3897/1935 3097/3896/1926
f 2807/3547/1736 3045/3550/1739 3076/3826/1887 3078/3865/1914
f 3007/3782/1858 3037/3819/1882 3039/3564/1747 2817/3563/1746
f 3037/3819/1882 3007/3782/1858 3009/3783/1859 3033/3817/1880
f 3012/3785/1861 3026/3816/1872 3033/3817/1880 3009/3783/1859
f 2844/3777/1766 2846/3604/1767 2854/3605/1773 2992/3762/1842
f 2827/3575/1756 2838/3779/1760 2819/3565/1748 2821/3567/1750
f 2076/2650/1305 2797/3534/1723 2799/3536/1728 2074/2646/1303
f 2797/3534/1723 2076/2650/1305 2078/2652/1307 2795/3532/1723
f 2795/3532/1723 2078/2652/1307 3785/2656/1310 3783/3533/1723
f 2787/3521/1719 2789/3525/1723 3783/3533/1723 3784/4700/1719
f 3784/4700/1719 3783/3533/1723 3785/2656/1310 2088/2667/1319
f 2787/3521/1719 3784/4700/1719 3786/4701/1716 2783/3518/1716
f 3784/4700/1719 2088/2667/1319 2090/2670/1320 3786/4701/1716
f 2781/3516/1033 2783/3518/1716 3786/4701/1716 3787/4702/1033
f 2092/2672/1322 3787/4702/1033 3786/4701/1716 2090/2670/1320
f 2781/3516/1033 3787/4702/1033 3788/4703/1033 2779/3515/1033
f 3787/4702/1033 2092/2672/1322 3790/2676/1325 3788/4703/1033
f 3792/3514/1033 2779/3515/1033 3788/4703/1033 3789/4704/1033
f 3791/2690/1322 3789/4704/1033 3788/4703/1033 3790/2676/1325
f 2100/2691/1324 3791/2690/1322 3790/2676/1325 2093/2675/1324
f 3789/4704/1033 3791/2690/1322 2105/2693/1325 3793/4705/1033
f 3792/3514/1033 3789/4704/1033 3793/4705/1033 3794/3486/1033
f 2755/3483/1033 3794/3486/1033 3793/4705/1033 3795/4706/1033
f 2107/2695/1327 3795/4706/1033 3793/4705/1033 2105/2693/1325
f 2755/3483/1033 3795/4706/1033 3796/4707/1033 2753/3481/1033
f 3795/4706/1033 2107/2695/1327 2109/2697/1322 3796/4707/1033
f 3797/4708/1033 2751/3480/1033 2753/3481/1033 3796/4707/1033
f 3799/2701/1322 3797/4708/1033 3796/4707/1033 2109/2697/1322
f 2751/3480/1033 3797/4708/1033 3798/4709/1686 3800/3436/1686
f 3797/4708/1033 3799/2701/1322 2119/2713/1332 3798/4709/1686
f 2710/3432/1682 3800/3436/1686 3798/4709/1686 3801/3433/1683
f 2121/2715/1333 3801/3433/1683 3798/4709/1686 2119/2713/1332
f 2123/2717/1335 2707/3429/1680 3801/3433/1683 2121/2715/1333
f 2778/3491/1708 3792/3514/1033 3794/3486/1033 2756/3485/1708
f 1439/1825/979 1441/1855/1000 2722/1820/977 1415/1819/976
f 2554/3276/1604 2552/3275/199 2578/3312/199 3803/3301/1624
f 2556/3278/1606 2554/3276/1604 3803/3301/1624 2564/3300/1615
f 2508/3216/1562 2506/3215/193 2532/3252/199 3804/3241/1582
f 2510/3218/1564 2508/3216/1562 3804/3241/1582 2518/3240/1573
f 694/907/505 1198/915/490 1200/1524/858 2494/911/507
f 687/897/499 689/899/193 2485/3191/199 3806/3180/1539
f 685/898/497 687/897/499 3806/3180/1539 2471/3179/1530
f 1937/2447/121 1921/2431/121 1923/2433/121 1930/2439/121
f 1913/2417/218 1911/2416/193 3838/429/193 325/440/218
f 3838/429/193 1911/2416/193 1909/2415/216 315/425/215
f 3839/2414/214 313/422/214 315/425/215 1909/2415/216
f 3839/2401/214 1896/2394/1187 311/419/213 313/421/214
f 1887/2382/122 3841/4710/2412 3840/4711/212 1890/2383/1186
f 3840/4711/212 3841/4710/2412 298/401/209 300/403/211
f 3841/4710/2412 1887/2382/122 284/389/201 286/391/202
f 298/401/209 3841/4710/2412 286/391/202 288/393/203
f 240/341/193 1854/2349/193 3842/2350/193 237/339/193
f 3843/4712/193 235/335/193 237/339/193 3842/2350/193
f 1845/2339/193 3843/4712/193 3842/2350/193 1849/2340/193
f 235/335/193 3843/4712/193 3844/331/191 229/330/190
f 3843/4712/193 1845/2339/193 1839/2332/1182 3844/331/191
f 1623/2084/183 1454/1872/183 1452/1033/580 782/1027/576
f 1467/1891/1022 1465/1890/1021 3845/2062/193 3846/4713/2413
f 1600/2059/193 3848/2058/1070 3846/4713/2413 3845/2062/193
f 1467/1891/1022 3846/4713/2413 3847/4714/2414 1470/1892/1023
f 3846/4713/2413 3848/2058/1070 3849/4715/2415 3847/4714/2414
f 1597/2056/1070 1595/2055/1074 3849/4715/2415 3848/2058/1070
f 1486/1914/1036 1484/1911/1035 3847/4714/2414 3849/4715/2415
f 3850/1918/1038 1486/1914/1036 3849/4715/2415 1595/2055/1074
f 1484/1911/1035 1482/1897/1028 1470/1892/1023 3847/4714/2414
f 1576/2038/193 1578/2040/193 1588/2049/1070 1593/2052/1070
f 1514/1954/1054 1512/1950/1052 1510/1953/1053 1586/2047/1068
f 786/1035/193 784/1031/579 1446/1860/1004 1444/1859/193
f 789/1036/193 786/1035/193 1444/1859/193 3851/1042/193
f 1435/1850/193 3852/1048/199 794/1043/193 3851/1042/193
f 3852/1048/199 1435/1850/193 1433/1846/994 3853/4716/2416
f 798/1049/193 3852/1048/199 3853/4716/2416 3854/4717/2417
f 3856/4718/2418 3854/4717/2417 3853/4716/2416 3855/4719/2419
f 1430/1845/993 3855/4719/2419 3853/4716/2416 1433/1846/994
f 3858/4720/2420 3856/4721/2418 3855/4722/2419 3857/4723/2421
f 1430/1847/993 3860/1848/995 3857/4723/2421 3855/4722/2419
f 3858/4720/2420 3857/4723/2421 3859/4724/2422 3877/4725/2423
f 3860/1848/995 3861/4726/2424 3859/4724/2422 3857/4723/2421
f 3863/4727/2425 3861/4726/2424 3860/1848/995 1431/1841/990
f 3862/4728/2424 3861/4726/2424 3863/4727/2425 3865/4729/2425
f 3861/4726/2424 3862/4728/2424 3875/4730/2422 3859/4724/2422
f 1431/1841/990 1428/1839/989 3864/4731/121 3863/4727/2425
f 3863/4727/2425 3864/4731/121 3866/4732/121 3865/4729/2425
f 3867/4733/2426 3865/4729/2425 3866/4732/121 3868/4734/2427
f 3862/4728/2424 3865/4729/2425 3867/4733/2426 3870/4735/2428
f 3867/4736/2426 3868/4737/2427 4118/4738/2429 3869/4739/2430
f 3869/4739/2430 3871/4740/2431 3870/4741/2428 3867/4736/2426
f 3870/4741/2428 3871/4740/2431 3873/4742/2432 3872/4743/2433
f 3862/4728/2424 3870/4735/2428 3872/4744/2433 3875/4730/2422
f 3872/4743/2433 3873/4742/2432 4116/4745/2434 3874/4746/2435
f 3872/4744/2433 3874/4747/2435 3876/4748/2436 3875/4730/2422
f 3859/4724/2422 3875/4730/2422 3876/4748/2436 3877/4725/2423
f 3879/4749/2423 3877/4725/2423 3876/4748/2436 3878/4750/2436
f 3880/4751/2435 3878/4750/2436 3876/4748/2436 3874/4747/2435
f 3878/4750/2436 3881/4752/2436 3882/4753/2423 3879/4749/2423
f 3881/4752/2436 3878/4750/2436 3880/4751/2435 3884/4754/2437
f 3881/4752/2436 3883/4755/2436 3923/4756/2436 3882/4753/2423
f 3883/4755/2436 3881/4752/2436 3884/4754/2437 3886/4757/2438
f 3885/4758/2439 3888/4759/2440 3886/4760/2438 3884/4761/2437
f 4115/4762/2441 3885/4758/2439 3884/4761/2437 3880/4763/2435
f 3924/4764/2423 3883/4755/2436 3886/4757/2438 3887/4765/2438
f 3888/4759/2440 3889/4766/2442 3887/4767/2438 3886/4760/2438
f 3888/4759/2440 3890/4768/2443 3893/4769/2444 3889/4766/2442
f 3890/4768/2443 3888/4759/2440 3885/4758/2439 3892/4770/2445
f 3894/4771/193 3893/4769/2444 3890/4768/2443 3891/4772/193
f 3892/4770/2445 4099/4773/193 3891/4772/193 3890/4768/2443
f 3893/4769/2444 3894/4771/193 3896/4774/193 3895/4775/2446
f 3895/4775/2446 3897/4776/2447 3889/4766/2442 3893/4769/2444
f 3899/4777/193 3898/4778/2448 3895/4775/2446 3896/4774/193
f 3897/4776/2447 3895/4775/2446 3898/4778/2448 3901/4779/2449
f 3898/4778/2448 3899/4777/193 4084/4780/193 3900/4781/2450
f 3900/4781/2450 3903/4782/2451 3901/4779/2449 3898/4778/2448
f 3897/4776/2447 3901/4779/2449 3902/4783/2452 4191/4784/2453
f 3901/4779/2449 3903/4782/2451 3905/4785/2454 3902/4783/2452
f 3903/4782/2451 3900/4781/2450 4081/4786/2455 3904/4787/2456
f 3903/4782/2451 3904/4787/2456 3906/4788/2457 3905/4785/2454
f 3908/4789/2436 3907/4790/2436 3905/4791/2454 3906/4792/2457
f 3907/4790/2436 3910/4793/2436 3902/4794/2452 3905/4791/2454
f 3907/4790/2436 3908/4789/2436 4189/4795/2423 3909/4796/2423
f 3910/4793/2436 3907/4790/2436 3909/4796/2423 3912/4797/2423
f 3910/4793/2436 3911/4798/2423 4191/4799/2453 3902/4794/2452
f 3911/4798/2423 3910/4793/2436 3912/4797/2423 3913/4800/2423
f 3913/4800/2423 3912/4797/2423 3914/4801/2458 3917/4802/2458
f 3912/4797/2423 3909/4796/2423 3916/4803/2458 3914/4801/2458
f 3915/4804/621 3918/4805/621 3917/4802/2458 3914/4801/2458
f 3938/4806/621 3915/4804/621 3914/4801/2458 3916/4803/2458
f 3918/4805/621 3920/4807/621 3919/4808/2458 3917/4802/2458
f 3922/4809/2436 3913/4800/2423 3917/4802/2458 3919/4808/2458
f 3920/4807/621 3925/4810/621 3921/4811/2458 3919/4808/2458
f 3923/4756/2436 3922/4809/2436 3919/4808/2458 3921/4811/2458
f 3883/4755/2436 3924/4764/2423 3922/4809/2436 3923/4756/2436
f 3924/4764/2423 3911/4798/2423 3913/4800/2423 3922/4809/2436
f 3911/4798/2423 3924/4764/2423 3887/4765/2438 4191/4799/2453
f 3882/4753/2423 3923/4756/2436 3921/4811/2458 3926/4812/2458
f 3925/4810/621 3927/4813/621 3926/4812/2458 3921/4811/2458
f 3927/4813/621 3929/4814/621 3928/4815/2458 3926/4812/2458
f 3879/4749/2423 3882/4753/2423 3926/4812/2458 3928/4815/2458
f 3929/4814/621 3856/4721/2418 3858/4720/2420 3928/4815/2458
f 3877/4725/2423 3879/4749/2423 3928/4815/2458 3858/4720/2420
f 3929/4816/621 3927/4817/621 3931/4818/619 3930/4819/2459
f 3856/4718/2418 3929/4816/621 3930/4819/2459 3854/4717/2417
f 800/1050/193 798/1049/193 3854/4717/2417 3930/4819/2459
f 802/1051/199 800/1050/193 3930/4819/2459 3931/4818/619
f 3927/4817/621 3925/4820/621 3932/4821/619 3931/4818/619
f 3933/1054/199 802/1051/199 3931/4818/619 3932/4821/619
f 3925/4820/621 3920/4822/621 3934/4823/619 3932/4821/619
f 839/1096/199 3933/1054/199 3932/4821/619 3934/4823/619
f 3920/4822/621 3918/4824/621 3935/4825/618 3934/4823/619
f 841/1097/199 839/1096/199 3934/4823/619 3935/4825/618
f 3918/4824/621 3915/4826/621 3936/4827/618 3935/4825/618
f 843/1098/199 841/1097/199 3935/4825/618 3936/4827/618
f 3915/4826/621 3938/4828/621 3937/4829/619 3936/4827/618
f 3939/1101/199 843/1098/199 3936/4827/618 3937/4829/619
f 3938/4828/621 3941/4830/621 3940/4831/618 3937/4829/619
f 881/1146/199 3939/1101/199 3937/4829/619 3940/4831/618
f 3941/4830/621 3943/4832/621 3942/4833/619 3940/4831/618
f 883/1147/199 881/1146/199 3940/4831/618 3942/4833/619
f 3943/4832/621 3945/4834/621 3944/4835/619 3942/4833/619
f 885/1148/199 883/1147/199 3942/4833/619 3944/4835/619
f 3945/4834/621 3946/1190/621 919/1185/618 3944/4835/619
f 916/1151/193 885/1148/199 3944/4835/619 919/1185/618
f 3946/4836/621 3945/4837/621 3947/4838/2458 3948/4839/2458
f 3945/4837/621 3943/4840/621 3949/4841/2458 3947/4838/2458
f 3950/4842/2436 3953/4843/2436 3948/4839/2458 3947/4838/2458
f 3952/4844/2423 3950/4842/2436 3947/4838/2458 3949/4841/2458
f 3951/4845/2423 3955/4846/2436 3953/4843/2436 3950/4842/2436
f 4078/4847/2423 3951/4845/2423 3950/4842/2436 3952/4844/2423
f 3955/4846/2436 3957/4848/2436 3954/4849/2436 3953/4843/2436
f 3953/4843/2436 3954/4849/2436 4036/4850/2458 3948/4839/2458
f 3955/4846/2436 3951/4845/2423 4076/4851/2460 3956/4852/2460
f 3957/4848/2436 3955/4846/2436 3956/4852/2460 3959/4853/2461
f 3957/4848/2436 3958/4854/2436 4028/4855/2436 3954/4849/2436
f 3958/4854/2436 3957/4848/2436 3959/4853/2461 3961/4856/2462
f 3960/4857/2463 3963/4858/2464 3961/4859/2462 3959/4860/2461
f 4073/4861/2465 3960/4857/2463 3959/4860/2461 3956/4862/2460
f 4027/4863/2423 3958/4854/2436 3961/4856/2462 3962/4864/2466
f 3963/4858/2464 3964/4865/2467 3962/4866/2466 3961/4859/2462
f 3963/4858/2464 3965/4867/2468 3967/4868/2469 3964/4865/2467
f 3965/4867/2468 3963/4858/2464 3960/4857/2463 3966/4869/2470
f 3969/1660/193 3967/4868/2469 3965/4867/2468 1292/1659/193
f 3966/4869/2470 1295/1658/193 1292/1659/193 3965/4867/2468
f 3968/4870/2471 4034/4871/2472 3964/4865/2467 3967/4868/2469
f 3968/4870/2471 3967/4868/2469 3969/1660/193 3970/4872/193
f 1293/1657/932 3972/4873/2473 3970/4872/193 3969/1660/193
f 4035/4874/2474 3968/4870/2471 3970/4872/193 3971/4875/193
f 3972/4873/2473 3973/4876/2475 3971/4875/193 3970/4872/193
f 3972/4873/2473 3974/1635/926 1276/1631/923 3973/4876/2475
f 3974/1635/926 3972/4873/2473 1293/1657/932 1286/1647/926
f 3973/4876/2475 3975/4877/2476 3977/4878/193 3971/4875/193
f 1274/1627/921 3975/4877/2476 3973/4876/2475 1276/1631/923
f 3975/4877/2476 1274/1627/921 1272/1630/922 3976/4879/2477
f 3975/4877/2476 3976/4879/2477 3979/4880/199 3977/4878/193
f 3978/4881/2478 4035/4874/2474 3971/4875/193 3977/4878/193
f 3980/4882/2479 3978/4881/2478 3977/4878/193 3979/4880/199
f 3976/4879/2477 3982/4883/2480 3981/4884/193 3979/4880/199
f 3983/4885/2481 3980/4882/2479 3979/4880/199 3981/4884/193
f 3981/4884/193 3982/4883/2480 3984/4886/2482 3983/4885/2481
f 3984/4886/2482 3986/4887/2483 3983/4885/2481
f 3987/4888/2484 3983/4885/2481 3985/4889/2485 3989/4890/2486
f 4068/4891/2487 3985/4889/2485 3983/4885/2481 3986/4887/2483
f 3983/4885/2481 3987/4888/2484 3990/4892/2488 3980/4882/2479
f 3987/4888/2484 3988/4893/2489 3992/4894/2490 3990/4892/2488
f 3988/4893/2489 3987/4888/2484 3989/4890/2486 4002/4895/2491
f 3991/4896/2492 3978/4881/2478 3980/4882/2479 3990/4892/2488
f 3993/4897/2493 3991/4896/2492 3990/4892/2488 3992/4894/2490
f 3995/4898/2494 3993/4899/2493 3992/4900/2490 3994/4901/2495
f 3988/4902/2489 3997/4903/2496 3994/4901/2495 3992/4900/2490
f 4018/4904/2494 3995/4898/2494 3994/4901/2495 3996/4905/2495
f 3997/4903/2496 3998/4906/2496 3996/4905/2495 3994/4901/2495
f 3998/4906/2496 3997/4903/2496 3999/4907/2497 4000/4908/2497
f 3997/4903/2496 3988/4902/2489 4002/4909/2491 3999/4907/2497
f 4001/4910/2498 4009/4911/2498 4000/4908/2497 3999/4907/2497
f 4003/4912/2499 4001/4910/2498 3999/4907/2497 4002/4909/2491
f 4004/4913/2500 4003/4914/2499 4002/4895/2491 3989/4890/2486
f 4003/4914/2499 4004/4913/2500 4006/4915/2501 4005/4916/2502
f 4001/4910/2498 4003/4912/2499 4005/4917/2502 4007/4918/2503
f 4038/1469/823 1154/1470/818 4005/4916/2502 4006/4915/2501
f 1154/1462/818 1151/1461/817 4007/4918/2503 4005/4917/2502
f 4009/4911/2498 4001/4910/2498 4007/4918/2503 4008/4919/2503
f 1149/1460/817 4008/4919/2503 4007/4918/2503 1151/1461/817
f 4009/4911/2498 4008/4919/2503 4010/4920/2504 4012/4921/2505
f 4008/4919/2503 1149/1460/817 4011/1459/816 4010/4920/2504
f 950/4922/644 948/4923/643 4012/4921/2505 4010/4920/2504
f 4037/4924/647 950/4922/644 4010/4920/2504 4011/1459/816
f 4009/4911/2498 4012/4921/2505 4013/4925/2506 4000/4908/2497
f 4012/4921/2505 948/4923/643 946/4926/642 4013/4925/2506
f 4014/4927/2507 3998/4906/2496 4000/4908/2497 4013/4925/2506
f 4015/4928/631 4014/4927/2507 4013/4925/2506 946/4926/642
f 4014/4927/2507 4015/4928/631 936/4929/629 4016/4930/2508
f 3998/4906/2496 4014/4927/2507 4016/4930/2508 3996/4905/2495
f 4017/4931/2509 4018/4904/2494 3996/4905/2495 4016/4930/2508
f 934/4932/628 4017/4931/2509 4016/4930/2508 936/4929/629
f 4018/4904/2494 4017/4931/2509 4019/4933/2510 4020/4934/2511
f 4017/4931/2509 934/4932/628 932/4935/627 4019/4933/2510
f 4021/4936/2458 4023/4937/2436 4020/4934/2511 4019/4933/2510
f 4022/4938/621 4021/4936/2458 4019/4933/2510 932/4935/627
f 4022/4938/621 923/4939/621 4024/4940/2458 4021/4936/2458
f 4026/4941/2423 4023/4937/2436 4021/4936/2458 4024/4940/2458
f 923/4939/621 921/4942/621 4025/4943/2458 4024/4940/2458
f 4028/4855/2436 4026/4941/2423 4024/4940/2458 4025/4943/2458
f 4027/4863/2423 4029/4944/2436 4023/4937/2436 4026/4941/2423
f 3958/4854/2436 4027/4863/2423 4026/4941/2423 4028/4855/2436
f 3954/4849/2436 4028/4855/2436 4025/4943/2458 4036/4850/2458
f 4029/4944/2436 4027/4863/2423 3962/4864/2466 4030/4945/2512
f 4029/4944/2436 4031/4946/2511 4020/4934/2511 4023/4937/2436
f 4031/4946/2511 4029/4944/2436 4030/4945/2512 4032/4947/2513
f 3995/4898/2494 4018/4904/2494 4020/4934/2511 4031/4946/2511
f 3995/4898/2494 4031/4946/2511 4032/4947/2513 3993/4899/2493
f 4033/4948/2514 3991/4896/2492 3993/4897/2493 4032/4949/2513
f 4034/4871/2472 4033/4948/2514 4032/4949/2513 4030/4950/2512
f 4034/4871/2472 3968/4870/2471 4035/4874/2474 4033/4948/2514
f 3978/4881/2478 3991/4896/2492 4033/4948/2514 4035/4874/2474
f 3964/4865/2467 4034/4871/2472 4030/4950/2512 3962/4866/2466
f 921/4942/621 918/4951/620 4036/4850/2458 4025/4943/2458
f 918/4951/620 3946/4836/621 3948/4839/2458 4036/4850/2458
f 4037/4924/647 4011/1459/816 1148/1458/815 958/4952/656
f 4004/4913/2500 4041/4953/2515 4039/4954/2516 4006/4915/2501
f 4042/4955/2517 4038/1469/823 4006/4915/2501 4039/4954/2516
f 4039/4954/2516 4040/4956/2518 4044/4957/2519 4042/4955/2517
f 4040/4956/2518 4039/4954/2516 4041/4953/2515 4067/4958/2520
f 4038/1469/823 4042/4955/2517 4043/4959/2521 1153/1465/821
f 4045/4960/2522 4043/4959/2521 4042/4955/2517 4044/4957/2519
f 4044/4957/2519 1246/1587/897 1244/1590/898 4045/4960/2522
f 1246/1587/897 4044/4957/2519 4040/4956/2518 1248/1591/899
f 4047/4961/2523 4043/4959/2521 4045/4960/2522 4046/4962/2524
f 4049/1575/890 4046/4962/2524 4045/4960/2522 1244/1590/898
f 4048/4963/2525 4050/4964/2526 4047/4961/2523 4046/4962/2524
f 4046/4962/2524 4049/1575/890 1234/1571/887 4048/4963/2525
f 4050/4964/2526 4048/4963/2525 4051/4965/2527 4052/4966/2528
f 1232/1567/885 4051/4965/2527 4048/4963/2525 1234/1571/887
f 4053/4967/2529 4054/4968/2530 4052/4966/2528 4051/4965/2527
f 4051/4965/2527 1232/1567/885 1230/1570/886 4053/4967/2529
f 4057/4969/2531 4054/4968/2530 4053/4967/2529 4055/4970/2532
f 4058/1555/878 4055/4970/2532 4053/4967/2529 1230/1570/886
f 4055/4970/2532 4058/1555/878 1220/1551/875 4056/4971/2533
f 4055/4970/2532 4056/4971/2533 4057/4969/2531
f 4056/4971/2533 4059/4972/2534 4057/4969/2531
f 4061/4973/2535 4060/4974/2536 4057/4969/2531 4059/4972/2534
f 1167/1485/832 4057/4969/2531 4060/4974/2536 1169/1487/833
f 4057/4969/2531 1167/1485/832 4066/1477/828 4054/4968/2530
f 4060/4974/2536 4061/4973/2535 4063/4975/2537 4062/4976/2538
f 4062/4976/2538 1171/1489/834 1169/1487/833 4060/4974/2536
f 1171/1489/834 4062/4976/2538 1180/1501/841 1175/1493/836
f 4064/1502/842 1180/1501/841 4062/4976/2538 4063/4975/2537
f 4063/4975/2537 4065/1535/866 1206/1531/863 4064/1502/842
f 4065/1535/866 4063/4975/2537 4061/4973/2535 1216/1550/874
f 1204/1529/862 1181/1503/843 4064/1502/842 1206/1531/863
f 4059/4972/2534 1218/1547/873 1216/1550/874 4061/4973/2535
f 1218/1547/873 4059/4972/2534 4056/4971/2533 1220/1551/875
f 1160/1474/826 4052/4966/2528 4054/4968/2530 4066/1477/828
f 4052/4966/2528 1160/1474/826 1158/1471/824 4050/4964/2526
f 1156/1466/822 4047/4961/2523 4050/4964/2526 1158/1471/824
f 4047/4961/2523 1156/1466/822 1153/1465/821 4043/4959/2521
f 4041/4953/2515 4004/4913/2500 3989/4890/2486 3985/4889/2485
f 4041/4953/2515 3985/4889/2485 4068/4891/2487 4067/4958/2520
f 4069/1595/902 4067/4958/2520 4068/4891/2487 1258/1610/910
f 4067/4958/2520 4069/1595/902 1248/1591/899 4040/4956/2518
f 3986/4887/2483 1260/1607/909 1258/1610/910 4068/4891/2487
f 1260/1607/909 3986/4887/2483 3984/4886/2482 1262/1611/911
f 3982/4883/2480 4070/1615/914 1262/1611/911 3984/4886/2482
f 4070/1615/914 3982/4883/2480 3976/4879/2477 1272/1630/922
f 1295/1658/193 3966/4869/2470 4071/4977/2539 1297/1661/193
f 4073/4861/2465 4071/4977/2539 3966/4869/2470 3960/4857/2463
f 4072/4978/2539 1300/1664/193 1297/1661/193 4071/4977/2539
f 4071/4977/2539 4073/4861/2465 4074/4979/2540 4072/4978/2539
f 4074/4979/2540 4073/4861/2465 3956/4862/2460 4076/4980/2460
f 4075/4981/2541 4079/4982/2455 4072/4978/2539 4074/4979/2540
f 4075/4981/2541 4074/4979/2540 4076/4980/2460 4077/4983/2457
f 3951/4845/2423 4078/4847/2423 4077/4984/2457 4076/4851/2460
f 3904/4787/2456 4075/4981/2541 4077/4983/2457 3906/4788/2457
f 4078/4847/2423 3908/4789/2436 3906/4792/2457 4077/4984/2457
f 3908/4789/2436 4078/4847/2423 3952/4844/2423 4189/4795/2423
f 4079/4982/2455 4075/4981/2541 3904/4787/2456 4081/4786/2455
f 1300/1664/193 4072/4978/2539 4079/4982/2455 4080/1667/193
f 4081/4786/2455 4082/4985/193 4080/1667/193 4079/4982/2455
f 4082/4985/193 4081/4786/2455 3900/4781/2450 4084/4780/193
f 4082/4985/193 4083/1673/937 1301/1668/937 4080/1667/193
f 4083/1673/937 4082/4985/193 4084/4780/193 4085/4986/2542
f 3899/4777/193 4087/4987/2542 4085/4986/2542 4084/4780/193
f 4085/4986/2542 4086/4988/2543 1305/1674/941 4083/1673/937
f 4086/4988/2543 4085/4986/2542 4087/4987/2542 4089/4989/2544
f 4087/4987/2542 3899/4777/193 3896/4774/193 4088/4990/2545
f 4088/4990/2545 4091/4991/2546 4089/4989/2544 4087/4987/2542
f 4086/4988/2543 4089/4989/2544 4090/4992/2547 4182/4993/942
f 4089/4989/2544 4091/4991/2546 4092/4994/2548 4090/4992/2547
f 4091/4991/2546 4093/4995/2549 4094/4996/2550 4092/4994/2548
f 4091/4991/2546 4088/4990/2545 4096/4997/2551 4093/4995/2549
f 4093/4995/2549 4095/4998/2552 4184/4999/2553 4094/4996/2550
f 4097/5000/2554 4095/4998/2552 4093/4995/2549 4096/4997/2551
f 3894/4771/193 4096/4997/2551 4088/4990/2545 3896/4774/193
f 4096/4997/2551 3894/4771/193 3891/4772/193 4097/5000/2554
f 4099/4773/193 4098/5001/2555 4097/5000/2554 3891/4772/193
f 4095/4998/2552 4097/5000/2554 4098/5001/2555 4101/5002/2556
f 4098/5001/2555 4099/4773/193 4113/5003/193 4100/5004/2555
f 4100/5004/2555 4103/5005/2556 4101/5002/2556 4098/5001/2555
f 4095/4998/2552 4101/5002/2556 4102/5006/2557 4184/4999/2553
f 4101/5002/2556 4103/5005/2556 4104/5007/2558 4102/5006/2557
f 4103/5005/2556 4105/5008/2559 4106/5009/2558 4104/5007/2558
f 4103/5005/2556 4100/5004/2555 4108/5010/2560 4105/5008/2559
f 4106/5009/2558 4105/5008/2559 4107/5011/2561 4188/5012/2562
f 4105/5008/2559 4108/5010/2560 4109/5013/2563 4107/5011/2561
f 4109/5013/2563 4108/5010/2560 4110/5014/193 4111/5015/2564
f 4110/5014/193 4108/5010/2560 4100/5004/2555 4113/5003/193
f 4117/5016/2565 4111/5015/2564 4110/5014/193 4112/5017/2566
f 4112/5017/2566 4110/5014/193 4113/5003/193 4114/5018/2445
f 4099/4773/193 3892/4770/2445 4114/5018/2445 4113/5003/193
f 4114/5018/2445 4115/4762/2441 4116/4745/2434 4112/5017/2566
f 4115/4762/2441 4114/5018/2445 3892/4770/2445 3885/4758/2439
f 4115/4762/2441 3880/4763/2435 3874/4746/2435 4116/4745/2434
f 4112/5017/2566 4116/4745/2434 3873/4742/2432 4117/5016/2565
f 4111/5015/2564 4117/5016/2565 3869/4739/2430 4118/4738/2429
f 3871/4740/2431 3869/4739/2430 4117/5016/2565 3873/4742/2432
f 4109/5013/2563 4111/5015/2564 4118/4738/2429 4119/5019/2567
f 3868/4737/2427 4121/5020/2568 4119/5019/2567 4118/4738/2429
f 4119/5019/2567 4120/5021/2569 4107/5011/2561 4109/5013/2563
f 4120/5021/2569 4119/5019/2567 4121/5020/2568 4122/5022/2570
f 4123/5023/2571 4124/5024/2572 4122/5025/2570 4121/5026/2568
f 4121/5026/2568 3868/4734/2427 3866/4732/121 4123/5023/2571
f 4125/5027/2571 4123/5023/2571 3866/4732/121 3864/4731/121
f 4126/5028/2572 4124/5024/2572 4123/5023/2571 4125/5027/2571
f 4126/5028/2572 4125/5027/2571 1426/1838/988 4128/1837/987
f 1426/1838/988 4125/5027/2571 3864/4731/121 1428/1839/989
f 4126/5029/2572 4128/5030/987 4129/5031/2573 4127/5032/2574
f 4126/5029/2572 4127/5032/2574 4187/5033/2574 4124/5034/2572
f 4128/5030/987 1421/5035/981 4130/5036/983 4129/5031/2573
f 4133/5037/928 4127/5032/2574 4129/5031/2573 4131/5038/943
f 4132/5039/944 4131/5038/943 4129/5031/2573 4130/5036/983
f 4135/5040/945 4134/5041/943 4131/5038/943 4132/5039/944
f 4134/5041/943 4136/5042/928 4133/5037/928 4131/5038/943
f 4135/5040/945 4138/5043/945 4137/5044/943 4134/5041/943
f 4140/5045/928 4136/5042/928 4134/5041/943 4137/5044/943
f 4138/5043/945 4173/5046/944 4139/5047/943 4137/5044/943
f 4142/5048/928 4140/5045/928 4137/5044/943 4139/5047/943
f 4141/5049/928 4185/5050/928 4136/5042/928 4140/5045/928
f 4143/5051/928 4141/5049/928 4140/5045/928 4142/5048/928
f 4145/5052/928 4143/5051/928 4142/5048/928 4144/5053/928
f 4144/5053/928 4142/5048/928 4139/5047/943 4147/5054/943
f 4183/5055/928 4145/5052/928 4144/5053/928 4146/5056/928
f 4146/5056/928 4144/5053/928 4147/5054/943 4149/5057/943
f 4148/5058/944 4151/5059/945 4149/5057/943 4147/5054/943
f 4173/5046/944 4148/5058/944 4147/5054/943 4139/5047/943
f 4178/5060/928 4146/5056/928 4149/5057/943 4150/5061/943
f 4151/5059/945 4152/5062/945 4150/5061/943 4149/5057/943
f 4152/5063/945 4151/5064/945 4153/5065/947 4154/5066/946
f 4151/5064/945 4148/5067/944 4156/5068/948 4153/5065/947
f 4155/5069/193 4164/5070/193 4154/5066/946 4153/5065/947
f 4158/5071/199 4155/5069/193 4153/5065/947 4156/5068/948
f 4148/5067/944 4173/5072/944 4157/5073/948 4156/5068/948
f 4159/5074/199 4158/5071/199 4156/5068/948 4157/5073/948
f 4159/5074/199 4161/5075/956 4160/5076/956 4158/5071/199
f 4162/5077/957 4155/5069/193 4158/5071/199 4160/5076/956
f 4161/5075/956 1385/5078/951 1383/5079/952 4160/5076/956
f 1379/5080/953 4162/5077/957 4160/5076/956 1383/5079/952
f 4155/5069/193 4162/5077/957 4163/5081/956 4164/5070/193
f 4162/5077/957 1379/5080/953 1377/5082/953 4163/5081/956
f 1367/1754/949 1365/1753/193 4164/5070/193 4163/5081/956
f 1369/1756/953 1367/1754/949 4163/5081/956 1377/5082/953
f 4164/5070/193 1365/1753/193 1363/1752/947 4154/5066/946
f 4161/5075/956 4159/5074/199 4166/5083/199 4165/1791/949
f 1385/5078/951 4161/5075/956 4165/1791/949 1389/1790/951
f 4167/5084/193 1394/1787/956 4165/1791/949 4166/5083/199
f 4167/5084/193 4166/5083/199 4168/5085/2575 4169/5086/2575
f 4166/5083/199 4159/5074/199 4157/5073/948 4168/5085/2575
f 4138/5087/945 4135/5088/945 4169/5086/2575 4168/5085/2575
f 4173/5072/944 4138/5087/945 4168/5085/2575 4157/5073/948
f 4135/5088/945 4132/5089/944 4170/5090/948 4169/5086/2575
f 4171/5091/193 4167/5084/193 4169/5086/2575 4170/5090/948
f 4132/5089/944 4130/1829/983 1422/1830/984 4170/5090/948
f 4170/5090/948 1422/1830/984 4172/1831/199 4171/5091/193
f 4171/5091/193 4172/1831/199 1399/1792/957 1396/1788/956
f 1394/1787/956 4167/5084/193 4171/5091/193 1396/1788/956
f 1417/1822/199 4192/1798/962 1399/1792/957 4172/1831/199
f 4174/1751/945 4152/5063/945 4154/5066/946 1363/1752/947
f 4152/5062/945 4174/5092/945 4175/5093/943 4150/5061/943
f 4174/5092/945 1362/5094/944 4176/5095/943 4175/5093/943
f 4180/1682/928 4177/5096/928 4175/5093/943 4176/5095/943
f 4177/5096/928 4178/5060/928 4150/5061/943 4175/5093/943
f 4179/5097/928 4181/5098/928 4178/5060/928 4177/5096/928
f 1309/1676/928 4179/5097/928 4177/5096/928 4180/1682/928
f 1310/1683/928 4180/1682/928 4176/5095/943 1317/1690/943
f 4181/5098/928 4179/5097/928 4182/5099/942 4090/5100/2547
f 4179/5097/928 1309/1676/928 1307/1679/942 4182/5099/942
f 1305/1674/941 4086/4988/2543 4182/4993/942 1307/1675/942
f 4181/5098/928 4183/5055/928 4146/5056/928 4178/5060/928
f 4183/5055/928 4181/5098/928 4090/5100/2547 4092/5101/2548
f 4145/5052/928 4183/5055/928 4092/5101/2548 4094/5102/2550
f 1362/5094/944 1360/1693/944 1317/1690/943 4176/5095/943
f 4143/5051/928 4145/5052/928 4094/5102/2550 4184/5103/2553
f 4141/5049/928 4143/5051/928 4184/5103/2553 4102/5104/2557
f 4185/5050/928 4141/5049/928 4102/5104/2557 4104/5105/2558
f 4185/5050/928 4186/5106/928 4133/5037/928 4136/5042/928
f 4186/5106/928 4185/5050/928 4104/5105/2558 4106/5107/2558
f 4133/5037/928 4186/5106/928 4187/5033/2574 4127/5032/2574
f 4106/5107/2558 4188/5108/2562 4187/5033/2574 4186/5106/928
f 4122/5109/2570 4124/5034/2572 4187/5033/2574 4188/5108/2562
f 4120/5021/2569 4122/5022/2570 4188/5012/2562 4107/5011/2561
f 4189/4795/2423 3952/4844/2423 3949/4841/2458 4190/5110/2458
f 3909/4796/2423 4189/4795/2423 4190/5110/2458 3916/4803/2458
f 3941/5111/621 3938/4806/621 3916/4803/2458 4190/5110/2458
f 3943/4840/621 3941/5111/621 4190/5110/2458 3949/4841/2458
f 3889/4766/2442 3897/4776/2447 4191/4784/2453 3887/4767/2438
f 1290/1653/931 1298/1663/934 4193/1671/939 1288/1654/929
f 1181/1503/843 1204/1529/862 1190/1511/851 1183/1504/844
f 1194/1518/857 1196/920/510 703/919/512 709/924/515
f 1192/1515/855 1194/1517/857 709/931/515 4194/930/519
f 4195/1516/856 1192/1515/855 4194/930/519 1106/1404/780
f 4196/1409/785 1185/1507/847 1187/1508/848 4195/1516/856
f 1106/1404/780 1108/1405/781 4196/1409/785 4195/1516/856
f 4196/1409/785 1111/1408/784 1115/1414/788 1185/1507/847
f 1142/1451/811 960/1450/657 958/4952/656 1148/1458/815
f 1130/1251/675 1128/1273/697 998/1257/681 975/1252/676
f 718/939/525 1097/1395/771 1100/1397/773 716/936/523
f 1097/1395/771 718/939/525 720/942/527 1093/1392/768
f 1050/1340/733 1071/1369/755 1060/1357/743 1054/1344/735
f 904/1171/612 906/1173/614 993/1265/689 995/1268/692
f 906/1173/614 908/1174/615 990/1266/690 993/1265/689
f 990/1266/690 908/1174/615 927/1178/617 929/1197/622
f 890/1154/193 888/1153/193 911/1180/193 4197/1158/199
f 745/1004/548 741/810/440 618/807/437 762/1002/563
f 670/878/480 672/877/483 529/703/394 531/705/396
f 668/871/479 670/872/480 531/707/396 533/706/397
f 554/734/193 668/871/479 533/706/397 552/712/193
f 623/813/193 601/787/193 603/789/193 615/804/193
f 466/623/333 464/622/199 490/659/199 4198/648/353
f 468/625/335 466/623/333 4198/648/353 476/647/344
f 353/475/239 351/474/193 377/513/199 4199/502/256
f 355/477/241 353/475/239 4199/502/256 363/501/248
f 4202/31/20 20/27/17 293/399/207 4201/5112/2576
f 272/376/193 4204/378/193 4201/5112/2576 293/399/207
f 30/43/27 4202/31/20 4201/5112/2576 4203/5113/2577
f 4204/378/193 4205/5114/193 4203/5113/2577 4201/5112/2576
f 4207/374/193 4205/5114/193 4204/378/193 267/373/193
f 4205/5114/193 4207/374/193 4208/5115/193 4206/5116/199
f 4205/5114/193 4206/5116/199 4246/5117/2578 4203/5113/2577
f 4207/374/193 268/371/193 4210/5118/193 4208/5115/193
f 4209/5119/193 4241/5120/193 4206/5116/199 4208/5115/193
f 4211/5121/193 4209/5119/193 4208/5115/193 4210/5118/193
f 4211/5121/193 4210/5118/193 4212/5122/193 4214/5123/193
f 4210/5118/193 268/371/193 265/366/193 4212/5122/193
f 4213/5124/193 4216/5125/193 4214/5123/193 4212/5122/193
f 262/365/199 4213/5124/193 4212/5122/193 265/366/193
f 4239/5126/193 4211/5121/193 4214/5123/193 4215/5127/193
f 4216/5125/193 4218/5128/193 4215/5127/193 4214/5123/193
f 4216/5125/193 4213/5124/193 4374/5129/2579 4217/5130/2580
f 4218/5128/193 4216/5125/193 4217/5130/2580 4220/5131/2581
f 4218/5128/193 4219/5132/199 4228/5133/193 4215/5127/193
f 4219/5132/199 4218/5128/193 4220/5131/2581 4221/5134/2582
f 186/268/156 184/266/155 4221/5134/2582 4220/5131/2581
f 188/270/157 186/268/156 4220/5131/2581 4217/5130/2580
f 184/266/155 4223/254/148 4222/5135/2583 4221/5134/2582
f 4225/5136/199 4219/5132/199 4221/5134/2582 4222/5135/2583
f 4223/254/148 174/250/145 4224/5137/2584 4222/5135/2583
f 4226/5138/199 4225/5136/199 4222/5135/2583 4224/5137/2584
f 4225/5136/199 4226/5138/199 4229/5139/193 4227/5140/193
f 4219/5132/199 4225/5136/199 4227/5140/193 4228/5133/193
f 4230/5141/193 4232/5142/193 4228/5133/193 4227/5140/193
f 4231/5143/193 4230/5141/193 4227/5140/193 4229/5139/193
f 4231/5143/193 4234/5144/193 4233/5145/193 4230/5141/193
f 4236/5146/193 4232/5142/193 4230/5141/193 4233/5145/193
f 4234/5144/193 4250/5147/199 4235/5148/193 4233/5145/193
f 4237/5149/193 4236/5146/193 4233/5145/193 4235/5148/193
f 4236/5146/193 4237/5149/193 4240/5150/193 4238/5151/193
f 4232/5142/193 4236/5146/193 4238/5151/193 4239/5126/193
f 4209/5119/193 4211/5121/193 4239/5126/193 4238/5151/193
f 4241/5120/193 4209/5119/193 4238/5151/193 4240/5150/193
f 4241/5120/193 4240/5150/193 4242/5152/2585 4245/5153/2586
f 4240/5150/193 4237/5149/193 4244/5154/2587 4242/5152/2585
f 4243/51/32 34/47/29 4245/5153/2586 4242/5152/2585
f 44/64/39 4243/51/32 4242/5152/2585 4244/5154/2587
f 34/47/29 32/45/28 4246/5117/2578 4245/5153/2586
f 4206/5116/199 4241/5120/193 4245/5153/2586 4246/5117/2578
f 32/45/28 30/43/27 4203/5113/2577 4246/5117/2578
f 46/65/40 44/64/39 4244/5154/2587 4247/5155/2588
f 4237/5149/193 4235/5148/193 4247/5155/2588 4244/5154/2587
f 48/67/41 46/65/40 4247/5155/2588 4248/5156/2589
f 4235/5148/193 4250/5147/199 4248/5156/2589 4247/5155/2588
f 4373/71/44 48/67/41 4248/5156/2589 4249/5157/2590
f 4250/5147/199 4251/5158/193 4249/5157/2590 4248/5156/2589
f 4250/5147/199 4234/5144/193 4253/5159/199 4251/5158/193
f 4251/5158/193 4252/5160/193 4277/5161/2591 4249/5157/2590
f 4254/5162/193 4252/5160/193 4251/5158/193 4253/5159/199
f 4256/5163/193 4254/5162/193 4253/5159/199 4255/5164/193
f 4234/5144/193 4231/5143/193 4255/5164/193 4253/5159/199
f 4256/5163/193 4255/5164/193 4257/5165/193 4259/5166/193
f 4255/5164/193 4231/5143/193 4229/5139/193 4257/5165/193
f 4258/5167/199 4260/5168/199 4259/5166/193 4257/5165/193
f 4226/5138/199 4258/5167/199 4257/5165/193 4229/5139/193
f 4260/5168/199 4262/5169/193 4261/5170/193 4259/5166/193
f 4264/5171/193 4256/5163/193 4259/5166/193 4261/5170/193
f 4262/5169/193 4358/5172/193 4263/5173/193 4261/5170/193
f 4265/5174/193 4264/5171/193 4261/5170/193 4263/5173/193
f 4265/5174/193 4267/5175/193 4266/5176/199 4264/5171/193
f 4254/5162/193 4256/5163/193 4264/5171/193 4266/5176/199
f 4267/5175/193 4269/5177/193 4268/5178/193 4266/5176/199
f 4252/5160/193 4254/5162/193 4266/5176/199 4268/5178/193
f 4269/5177/193 4271/5179/193 4270/5180/193 4268/5178/193
f 4273/5181/193 4252/5160/193 4268/5178/193 4270/5180/193
f 4271/5179/193 4282/5182/199 4272/5183/193 4270/5180/193
f 4274/5184/193 4273/5181/193 4270/5180/193 4272/5183/193
f 4273/5181/193 4274/5184/193 4276/5185/2592 4275/5186/2593
f 4252/5160/193 4273/5181/193 4275/5186/2593 4277/5161/2591
f 60/85/55 58/83/54 4277/5161/2591 4275/5186/2593
f 62/87/56 60/85/55 4275/5186/2593 4276/5185/2592
f 58/83/54 4373/71/44 4249/5157/2590 4277/5161/2591
f 4279/91/59 62/87/56 4276/5185/2592 4278/5187/2594
f 4274/5184/193 4272/5183/193 4278/5187/2594 4276/5185/2592
f 72/103/68 4279/91/59 4278/5187/2594 4280/5188/2595
f 4272/5183/193 4282/5182/199 4280/5188/2595 4278/5187/2594
f 74/105/69 72/103/68 4280/5188/2595 4281/5189/2596
f 4282/5182/199 4283/5190/193 4281/5189/2596 4280/5188/2595
f 4282/5182/199 4271/5179/193 4285/5191/193 4283/5190/193
f 4283/5190/193 4284/5192/193 4372/5193/2597 4281/5189/2596
f 4286/5194/193 4284/5192/193 4283/5190/193 4285/5191/193
f 4288/5195/193 4286/5194/193 4285/5191/193 4287/5196/193
f 4271/5179/193 4269/5177/193 4287/5196/193 4285/5191/193
f 4290/5197/193 4288/5195/193 4287/5196/193 4289/5198/193
f 4269/5177/193 4267/5175/193 4289/5198/193 4287/5196/193
f 4292/5199/193 4290/5197/193 4289/5198/193 4291/5200/193
f 4267/5175/193 4265/5174/193 4291/5200/193 4289/5198/193
f 4292/5199/193 4291/5200/193 4293/5201/193 4295/5202/193
f 4291/5200/193 4265/5174/193 4263/5173/193 4293/5201/193
f 4294/5203/193 4296/5204/193 4295/5202/193 4293/5201/193
f 4358/5172/193 4294/5203/193 4293/5201/193 4263/5173/193
f 4296/5204/193 4298/5205/193 4297/5206/193 4295/5202/193
f 4300/5207/193 4292/5199/193 4295/5202/193 4297/5206/193
f 4298/5205/193 4352/5208/193 4299/5209/193 4297/5206/193
f 4301/5210/193 4300/5207/193 4297/5206/193 4299/5209/193
f 4301/5210/193 4303/5211/193 4302/5212/193 4300/5207/193
f 4290/5197/193 4292/5199/193 4300/5207/193 4302/5212/193
f 4303/5211/193 4305/5213/193 4304/5214/193 4302/5212/193
f 4288/5195/193 4290/5197/193 4302/5212/193 4304/5214/193
f 4305/5213/193 4307/5215/193 4306/5216/193 4304/5214/193
f 4286/5194/193 4288/5195/193 4304/5214/193 4306/5216/193
f 4307/5215/193 4310/5217/193 4308/5218/193 4306/5216/193
f 4284/5192/193 4286/5194/193 4306/5216/193 4308/5218/193
f 4284/5192/193 4308/5218/193 4309/5219/2598 4372/5193/2597
f 4308/5218/193 4310/5217/193 4312/5220/2599 4309/5219/2598
f 4310/5217/193 4307/5215/193 4320/5221/193 4311/5222/193
f 4310/5217/193 4311/5222/193 4313/5223/2600 4312/5220/2599
f 86/123/80 4371/111/73 4309/5219/2598 4312/5220/2599
f 88/125/81 86/123/80 4312/5220/2599 4313/5223/2600
f 90/127/82 88/125/81 4313/5223/2600 4314/5224/2601
f 4311/5222/193 4316/5225/193 4314/5224/2601 4313/5223/2600
f 4370/131/85 90/127/82 4314/5224/2601 4315/5226/2602
f 4316/5225/193 4317/5227/199 4315/5226/2602 4314/5224/2601
f 4316/5225/193 4318/5228/193 4321/5229/193 4317/5227/199
f 4318/5228/193 4316/5225/193 4311/5222/193 4320/5221/193
f 4318/5228/193 4319/5230/193 4323/5231/193 4321/5229/193
f 4319/5230/193 4318/5228/193 4320/5221/193 4332/5232/193
f 4322/5233/199 4369/5234/199 4317/5227/199 4321/5229/193
f 4324/5235/193 4322/5233/199 4321/5229/193 4323/5231/193
f 4326/5236/193 4324/5235/193 4323/5231/193 4325/5237/193
f 4319/5230/193 4328/5238/193 4325/5237/193 4323/5231/193
f 4340/5239/193 4326/5236/193 4325/5237/193 4327/5240/193
f 4328/5238/193 4329/5241/193 4327/5240/193 4325/5237/193
f 4329/5241/193 4328/5238/193 4330/5242/193 4331/5243/193
f 4328/5238/193 4319/5230/193 4332/5232/193 4330/5242/193
f 4303/5211/193 4301/5210/193 4331/5243/193 4330/5242/193
f 4305/5213/193 4303/5211/193 4330/5242/193 4332/5232/193
f 4307/5215/193 4305/5213/193 4332/5232/193 4320/5221/193
f 4329/5241/193 4331/5243/193 4333/5244/193 4335/5245/193
f 4331/5243/193 4301/5210/193 4299/5209/193 4333/5244/193
f 4334/5246/193 4336/5247/193 4335/5245/193 4333/5244/193
f 4352/5208/193 4334/5246/193 4333/5244/193 4299/5209/193
f 4336/5247/193 4338/5248/193 4337/5249/193 4335/5245/193
f 4327/5240/193 4329/5241/193 4335/5245/193 4337/5249/193
f 4338/5248/193 4342/5250/193 4339/5251/193 4337/5249/193
f 4340/5239/193 4327/5240/193 4337/5249/193 4339/5251/193
f 4340/5239/193 4339/5251/193 4341/5252/2603 4363/5253/2604
f 4339/5251/193 4342/5250/193 4343/5254/2605 4341/5252/2603
f 4343/5254/2605 4342/5250/193 4344/5255/201 4345/5256/2606
f 4342/5250/193 4338/5248/193 4346/5257/201 4344/5255/201
f 132/190/119 130/188/118 4345/5256/2606 4344/5255/201
f 4347/194/119 132/190/119 4344/5255/201 4346/5257/201
f 142/206/119 4347/194/119 4346/5257/201 4348/5258/201
f 4338/5248/193 4336/5247/193 4348/5258/201 4346/5257/201
f 144/208/119 142/206/119 4348/5258/201 4349/5259/201
f 4336/5247/193 4334/5246/193 4349/5259/201 4348/5258/201
f 146/210/122 144/208/119 4349/5259/201 4350/5260/201
f 4334/5246/193 4352/5208/193 4350/5260/201 4349/5259/201
f 4353/214/123 146/210/122 4350/5260/201 4351/5261/2607
f 4352/5208/193 4298/5205/193 4351/5261/2607 4350/5260/201
f 156/226/130 4353/214/123 4351/5261/2607 4354/5262/2608
f 4298/5205/193 4296/5204/193 4354/5262/2608 4351/5261/2607
f 158/228/131 156/226/130 4354/5262/2608 4355/5263/2609
f 4296/5204/193 4294/5203/193 4355/5263/2609 4354/5262/2608
f 160/230/132 158/228/131 4355/5263/2609 4356/5264/2610
f 4294/5203/193 4358/5172/193 4356/5264/2610 4355/5263/2609
f 4359/234/135 160/230/132 4356/5264/2610 4357/5265/2611
f 4358/5172/193 4262/5169/193 4357/5265/2611 4356/5264/2610
f 170/246/143 4359/234/135 4357/5265/2611 4360/5266/2612
f 4262/5169/193 4260/5168/199 4360/5266/2612 4357/5265/2611
f 172/248/144 170/246/143 4360/5266/2612 4361/5267/2613
f 4260/5168/199 4258/5167/199 4361/5267/2613 4360/5266/2612
f 174/250/145 172/248/144 4361/5267/2613 4224/5137/2584
f 4258/5167/199 4226/5138/199 4224/5137/2584 4361/5267/2613
f 130/188/118 128/187/117 4362/171/110 4345/5256/2606
f 118/167/107 4343/5254/2605 4345/5256/2606 4362/171/110
f 118/167/107 116/165/106 4341/5252/2603 4343/5254/2605
f 116/165/106 114/163/105 4363/5253/2604 4341/5252/2603
f 4326/5236/193 4340/5239/193 4363/5253/2604 4364/5268/2614
f 114/163/105 4365/151/97 4364/5268/2614 4363/5253/2604
f 4365/151/97 104/147/94 4366/5269/2615 4364/5268/2614
f 4324/5235/193 4326/5236/193 4364/5268/2614 4366/5269/2615
f 104/147/94 102/145/93 4367/5270/2616 4366/5269/2615
f 4322/5233/199 4324/5235/193 4366/5269/2615 4367/5270/2616
f 102/145/93 100/143/92 4368/5271/2617 4367/5270/2616
f 4369/5234/199 4322/5233/199 4367/5270/2616 4368/5271/2617
f 4317/5227/199 4369/5234/199 4368/5271/2617 4315/5226/2602
f 100/143/92 4370/131/85 4315/5226/2602 4368/5271/2617
f 4371/111/73 76/107/70 4372/5193/2597 4309/5219/2598
f 76/107/70 74/105/69 4281/5189/2596 4372/5193/2597
f 4232/5142/193 4239/5126/193 4215/5127/193 4228/5133/193
f 4375/274/160 188/270/157 4217/5130/2580 4374/5129/2579
f 198/286/167 4375/274/160 4374/5129/2579 260/364/200
f 4213/5124/193 262/365/199 260/364/200 4374/5129/2579
f 252/356/193 258/361/193 264/368/193 250/355/193
