v 34.2112 -28.4932 0.0336
v 34.1692 -28.4932 0.8788
v 34.2612 -28.6448 0.8879
v 34.3037 -28.6448 0.0336
v 34.0447 -28.4932 1.7160
v 34.1353 -28.6448 1.7340
v 34.1548 -28.8406 1.7379
v 34.2809 -28.8406 0.8898
v 34.3235 -28.8406 0.0336
v 33.8393 -28.4932 2.5371
v 33.9278 -28.6448 2.5640
v 33.5547 -28.4932 3.3341
v 33.6401 -28.6448 3.3695
v 33.6584 -28.8406 3.3771
v 33.9468 -28.8406 2.5697
v 33.5157 -29.5272 3.3179
v 33.7989 -29.5272 2.5249
v 33.9175 -29.0639 2.5608
v 33.6301 -29.0639 3.3654
v 34.0033 -29.5272 1.7078
v 34.1248 -29.0639 1.7319
v 34.1272 -29.5272 0.8747
v 34.2504 -29.0639 0.8868
v 34.1690 -29.5272 0.0336
v 34.2929 -29.0639 0.0336
v 33.1924 -28.4932 4.0989
v 33.2739 -28.6448 4.1425
v 32.7570 -28.4932 4.8248
v 32.8339 -28.6448 4.8761
v 32.8503 -28.8406 4.8871
v 33.2914 -28.8406 4.1518
v 32.2531 -28.4932 5.5048
v 32.3245 -28.6448 5.5634
v 31.6851 -28.4932 6.1322
v 31.7505 -28.6448 6.1975
v 31.7645 -28.8406 6.2116
v 32.3398 -28.8406 5.5760
v 31.6552 -29.5272 6.1023
v 32.2204 -29.5272 5.4780
v 32.3162 -29.0639 5.5566
v 31.7428 -29.0639 6.1899
v 32.7219 -29.5272 4.8013
v 32.8249 -29.0639 4.8701
v 33.1552 -29.5272 4.0790
v 33.2644 -29.0639 4.1374
v 31.0577 -28.4932 6.7001
v 31.1163 -28.6448 6.7716
v 30.3777 -28.4932 7.2041
v 30.4290 -28.6448 7.2809
v 30.4400 -28.8406 7.2974
v 31.1289 -28.8406 6.7869
v 29.6518 -28.4932 7.6395
v 29.6954 -28.6448 7.7210
v 28.8870 -28.4932 8.0018
v 28.9224 -28.6448 8.0872
v 28.9300 -28.8406 8.1055
v 29.7048 -28.8406 7.7385
v 28.8709 -29.5272 7.9628
v 29.6319 -29.5272 7.6022
v 29.6903 -29.0639 7.7115
v 28.9183 -29.0639 8.0772
v 30.3542 -29.5272 7.1690
v 30.4230 -29.0639 7.2720
v 31.0309 -29.5272 6.6675
v 31.1095 -29.0639 6.7632
v 28.0900 -28.4932 8.2864
v 28.1169 -28.6448 8.3749
v 27.2689 -28.4932 8.4918
v 27.2870 -28.6448 8.5824
v 27.2908 -28.8406 8.6019
v 28.1226 -28.8406 8.3938
v 26.4317 -28.4932 8.6163
v 26.4408 -28.6448 8.7083
v 25.5865 -28.4932 8.6583
v 25.5865 -28.6448 8.7507
v 25.5865 -28.8406 8.7706
v 26.4427 -28.8406 8.7280
v 25.5865 -29.5272 8.6161
v 26.4276 -29.5272 8.5742
v 26.4397 -29.0639 8.6975
v 25.5865 -29.0639 8.7400
v 27.2607 -29.5272 8.4504
v 27.2849 -29.0639 8.5719
v 28.0778 -29.5272 8.2460
v 28.1137 -29.0639 8.3646
v 24.7412 -28.4932 8.6163
v 24.7322 -28.6448 8.7083
v 23.9040 -28.4932 8.4918
v 23.8860 -28.6448 8.5824
v 23.8821 -28.8406 8.6019
v 24.7302 -28.8406 8.7280
v 23.0829 -28.4932 8.2864
v 23.0561 -28.6448 8.3749
v 22.2859 -28.4932 8.0018
v 22.2506 -28.6448 8.0872
v 22.2430 -28.8406 8.1055
v 23.0503 -28.8406 8.3938
v 22.3021 -29.5272 7.9628
v 23.0952 -29.5272 8.2460
v 23.0592 -29.0639 8.3646
v 22.2547 -29.0639 8.0772
v 23.9123 -29.5272 8.4504
v 23.8881 -29.0639 8.5719
v 24.7454 -29.5272 8.5742
v 24.7332 -29.0639 8.6975
v 21.5211 -28.4932 7.6395
v 21.4775 -28.6448 7.7210
v 20.7953 -28.4932 7.2041
v 20.7439 -28.6448 7.2809
v 20.7329 -28.8406 7.2974
v 21.4682 -28.8406 7.7385
v 20.1153 -28.4932 6.7001
v 20.0566 -28.6448 6.7716
v 19.4879 -28.4932 6.1322
v 19.4225 -28.6448 6.1975
v 19.4085 -28.8406 6.2116
v 20.0440 -28.8406 6.7869
v 19.5177 -29.5272 6.1023
v 20.1421 -29.5272 6.6675
v 20.0635 -29.0639 6.7632
v 19.4301 -29.0639 6.1899
v 20.8188 -29.5272 7.1690
v 20.7499 -29.0639 7.2720
v 21.5410 -29.5272 7.6022
v 21.4826 -29.0639 7.7115
v 18.9199 -28.4932 5.5048
v 18.8485 -28.6448 5.5634
v 18.4159 -28.4932 4.8248
v 18.3391 -28.6448 4.8761
v 18.3226 -28.8406 4.8871
v 18.8331 -28.8406 5.5760
v 17.9805 -28.4932 4.0989
v 17.8990 -28.6448 4.1425
v 17.6182 -28.4932 3.3341
v 17.5329 -28.6448 3.3695
v 17.5145 -28.8406 3.3771
v 17.8815 -28.8406 4.1518
v 17.6573 -29.5272 3.3179
v 18.0178 -29.5272 4.0790
v 17.9085 -29.0639 4.1374
v 17.5428 -29.0639 3.3654
v 18.4511 -29.5272 4.8013
v 18.3481 -29.0639 4.8701
v 18.9526 -29.5272 5.4780
v 18.8568 -29.0639 5.5566
v 17.3336 -28.4932 2.5371
v 17.2452 -28.6448 2.5640
v 17.1283 -28.4932 1.7160
v 17.0376 -28.6448 1.7340
v 17.0182 -28.8406 1.7379
v 17.2262 -28.8406 2.5697
v 17.0038 -28.4932 0.8788
v 16.9118 -28.6448 0.8879
v 16.9617 -28.4932 0.0336
v 16.8693 -28.6448 0.0336
v 16.8495 -28.8406 0.0336
v 16.8921 -28.8406 0.8898
v 17.0040 -29.5272 0.0336
v 17.0458 -29.5272 0.8747
v 16.9225 -29.0639 0.8868
v 16.8801 -29.0639 0.0336
v 17.1697 -29.5272 1.7078
v 17.0482 -29.0639 1.7319
v 17.3741 -29.5272 2.5249
v 17.2555 -29.0639 2.5608
v 17.0038 -28.4932 -0.8117
v 16.9118 -28.6448 -0.8207
v 17.1283 -28.4932 -1.6489
v 17.0376 -28.6448 -1.6669
v 17.0182 -28.8406 -1.6708
v 16.8921 -28.8406 -0.8227
v 17.3336 -28.4932 -2.4700
v 17.2452 -28.6448 -2.4968
v 17.6182 -28.4932 -3.2670
v 17.5329 -28.6448 -3.3024
v 17.5145 -28.8406 -3.3099
v 17.2262 -28.8406 -2.5026
v 17.6573 -29.5272 -3.2508
v 17.3741 -29.5272 -2.4577
v 17.2555 -29.0639 -2.4937
v 17.5428 -29.0639 -3.2982
v 17.1697 -29.5272 -1.6406
v 17.0482 -29.0639 -1.6648
v 17.0458 -29.5272 -0.8075
v 16.9225 -29.0639 -0.8197
v 17.9805 -28.4932 -4.0318
v 17.8990 -28.6448 -4.0754
v 18.4159 -28.4932 -4.7576
v 18.3391 -28.6448 -4.8090
v 18.3226 -28.8406 -4.8200
v 17.8815 -28.8406 -4.0847
v 18.9199 -28.4932 -5.4377
v 18.8485 -28.6448 -5.4963
v 19.4879 -28.4932 -6.0651
v 19.4225 -28.6448 -6.1304
v 19.4085 -28.8406 -6.1444
v 18.8331 -28.8406 -5.5089
v 19.5177 -29.5272 -6.0352
v 18.9526 -29.5272 -5.4108
v 18.8568 -29.0639 -5.4894
v 19.4301 -29.0639 -6.1228
v 18.4511 -29.5272 -4.7342
v 18.3481 -29.0639 -4.8030
v 18.0178 -29.5272 -4.0119
v 17.9085 -29.0639 -4.0703
v 20.1153 -28.4932 -6.6330
v 20.0566 -28.6448 -6.7044
v 20.7953 -28.4932 -7.1370
v 20.7439 -28.6448 -7.2138
v 20.7329 -28.8406 -7.2303
v 20.0440 -28.8406 -6.7198
v 21.5211 -28.4932 -7.5724
v 21.4775 -28.6448 -7.6539
v 22.2859 -28.4932 -7.9347
v 22.2506 -28.6448 -8.0201
v 22.2430 -28.8406 -8.0384
v 21.4682 -28.8406 -7.6714
v 22.3021 -29.5272 -7.8956
v 21.5410 -29.5272 -7.5351
v 21.4826 -29.0639 -7.6444
v 22.2547 -29.0639 -8.0101
v 20.8188 -29.5272 -7.1018
v 20.7499 -29.0639 -7.2048
v 20.1421 -29.5272 -6.6003
v 20.0635 -29.0639 -6.6961
v 23.0829 -28.4932 -8.2193
v 23.0561 -28.6448 -8.3077
v 23.9040 -28.4932 -8.4247
v 23.8860 -28.6448 -8.5153
v 23.8821 -28.8406 -8.5347
v 23.0503 -28.8406 -8.3267
v 24.7412 -28.4932 -8.5492
v 24.7322 -28.6448 -8.6411
v 25.5865 -28.4932 -8.5912
v 25.5865 -28.6448 -8.6836
v 25.5865 -28.8406 -8.7034
v 24.7302 -28.8406 -8.6609
v 25.5865 -29.5272 -8.5489
v 24.7454 -29.5272 -8.5071
v 24.7332 -29.0639 -8.6304
v 25.5865 -29.0639 -8.6728
v 23.9123 -29.5272 -8.3832
v 23.8881 -29.0639 -8.5047
v 23.0952 -29.5272 -8.1789
v 23.0592 -29.0639 -8.2974
v 26.4317 -28.4932 -8.5492
v 26.4408 -28.6448 -8.6411
v 27.2689 -28.4932 -8.4247
v 27.2870 -28.6448 -8.5153
v 27.2908 -28.8406 -8.5347
v 26.4427 -28.8406 -8.6609
v 28.0900 -28.4932 -8.2193
v 28.1169 -28.6448 -8.3077
v 28.8870 -28.4932 -7.9347
v 28.9224 -28.6448 -8.0200
v 28.9300 -28.8406 -8.0384
v 28.1226 -28.8406 -8.3267
v 28.8709 -29.5272 -7.8956
v 28.0778 -29.5272 -8.1789
v 28.1137 -29.0639 -8.2974
v 28.9183 -29.0639 -8.0101
v 27.2607 -29.5272 -8.3832
v 27.2849 -29.0639 -8.5047
v 26.4276 -29.5272 -8.5071
v 26.4397 -29.0639 -8.6304
v 29.6519 -28.4932 -7.5724
v 29.6954 -28.6448 -7.6539
v 30.3777 -28.4932 -7.1370
v 30.4290 -28.6448 -7.2138
v 30.4400 -28.8406 -7.2303
v 29.7048 -28.8406 -7.6714
v 31.0577 -28.4932 -6.6330
v 31.1163 -28.6448 -6.7044
v 31.6851 -28.4932 -6.0651
v 31.7505 -28.6448 -6.1304
v 31.7645 -28.8406 -6.1444
v 31.1289 -28.8406 -6.7198
v 31.6552 -29.5272 -6.0352
v 31.0309 -29.5272 -6.6003
v 31.1095 -29.0639 -6.6961
v 31.7428 -29.0639 -6.1228
v 30.3542 -29.5272 -7.1018
v 30.4230 -29.0639 -7.2048
v 29.6319 -29.5272 -7.5351
v 29.6903 -29.0639 -7.6444
v 32.2531 -28.4932 -5.4377
v 32.3245 -28.6448 -5.4963
v 32.7570 -28.4932 -4.7576
v 32.8339 -28.6448 -4.8090
v 32.8503 -28.8406 -4.8200
v 32.3398 -28.8406 -5.5089
v 33.1924 -28.4932 -4.0318
v 33.2739 -28.6448 -4.0754
v 33.5547 -28.4932 -3.2670
v 33.6401 -28.6448 -3.3023
v 33.6584 -28.8406 -3.3099
v 33.2914 -28.8406 -4.0847
v 33.5157 -29.5272 -3.2508
v 33.1552 -29.5272 -4.0119
v 33.2644 -29.0639 -4.0703
v 33.6301 -29.0639 -3.2982
v 32.7219 -29.5272 -4.7341
v 32.8249 -29.0639 -4.8030
v 32.2204 -29.5272 -5.4108
v 32.3162 -29.0639 -5.4894
v 33.8393 -28.4932 -2.4700
v 33.9278 -28.6448 -2.4968
v 34.0447 -28.4932 -1.6489
v 34.1353 -28.6448 -1.6669
v 34.1548 -28.8406 -1.6708
v 33.9468 -28.8406 -2.5026
v 34.1692 -28.4932 -0.8117
v 34.2612 -28.6448 -0.8207
v 34.2809 -28.8406 -0.8227
v 34.1272 -29.5272 -0.8075
v 34.2504 -29.0639 -0.8197
v 34.0033 -29.5272 -1.6406
v 34.1248 -29.0639 -1.6648
v 33.7989 -29.5272 -2.4577
v 33.9175 -29.0639 -2.4937
v 33.0377 -31.6489 0.0336
v 33.0013 -31.6489 0.7638
v 32.8877 -31.7183 0.7526
v 32.9234 -31.7183 0.0336
v 32.8938 -31.6489 1.4871
v 32.7818 -31.7183 1.4648
v 32.6745 -31.7531 1.4435
v 32.7789 -31.7531 0.7419
v 32.8141 -31.7531 0.0336
v 32.7164 -31.6489 2.1965
v 32.6071 -31.7183 2.1633
v 32.4705 -31.6489 2.8850
v 32.3649 -31.7183 2.8413
v 32.2639 -31.7531 2.7995
v 32.5024 -31.7531 2.1316
v 31.7162 -31.7608 1.8931
v 32.0590 -31.7627 1.9971
v 31.8358 -31.7627 2.6221
v 31.5048 -31.7608 2.4850
v 31.8688 -31.7608 1.2832
v 32.2201 -31.7627 1.3531
v 32.4018 -31.7646 2.1011
v 32.5714 -31.7646 1.4230
v 32.1667 -31.7646 2.7592
v 31.9612 -31.7608 0.6614
v 32.3177 -31.7627 0.6965
v 31.9925 -31.7608 0.0336
v 32.3507 -31.7627 0.0336
v 32.6742 -31.7646 0.7316
v 32.7089 -31.7646 0.0336
v 32.1575 -31.6489 3.5458
v 32.0567 -31.7183 3.4919
v 31.7813 -31.6489 4.1728
v 31.6863 -31.7183 4.1094
v 31.5954 -31.7531 4.0486
v 31.9603 -31.7531 3.4404
v 31.3459 -31.6489 4.7603
v 31.2576 -31.7183 4.6879
v 30.8553 -31.6489 5.3024
v 30.7745 -31.7183 5.2216
v 30.6972 -31.7531 5.1443
v 31.1731 -31.7531 4.6185
v 30.5380 -31.7608 4.0973
v 30.8149 -31.7627 4.3245
v 30.3695 -31.7627 4.8166
v 30.1162 -31.7608 4.5633
v 30.9123 -31.7608 3.5922
v 31.2102 -31.7627 3.7912
v 31.0918 -31.7646 4.5518
v 31.5080 -31.7646 3.9902
v 30.6228 -31.7646 5.0699
v 31.2357 -31.7608 3.0531
v 31.5516 -31.7627 3.2220
v 31.8676 -31.7646 3.3908
v 30.3132 -31.6489 5.7930
v 30.2408 -31.7183 5.7047
v 29.7257 -31.6489 6.2284
v 29.6623 -31.7183 6.1335
v 29.6015 -31.7531 6.0425
v 30.1714 -31.7531 5.6202
v 29.0987 -31.6489 6.6046
v 29.0448 -31.7183 6.5038
v 28.4379 -31.6489 6.9176
v 28.3942 -31.7183 6.8120
v 28.3524 -31.7531 6.7110
v 28.9933 -31.7531 6.4074
v 28.6060 -31.7608 5.6828
v 28.7749 -31.7627 5.9987
v 28.1750 -31.7627 6.2829
v 28.0379 -31.7608 5.9519
v 29.1451 -31.7608 5.3594
v 29.3441 -31.7627 5.6573
v 28.9437 -31.7646 6.3147
v 29.5431 -31.7646 5.9551
v 28.3121 -31.7646 6.6138
v 29.6502 -31.7608 4.9851
v 29.8774 -31.7627 5.2620
v 30.1047 -31.7646 5.5389
v 27.7494 -31.6489 7.1635
v 27.7162 -31.7183 7.0542
v 27.0400 -31.6489 7.3409
v 27.0177 -31.7183 7.2289
v 26.9964 -31.7531 7.1216
v 27.6845 -31.7531 6.9495
v 26.3167 -31.6489 7.4485
v 26.3055 -31.7183 7.3348
v 25.5865 -31.6489 7.4848
v 25.5865 -31.7183 7.3705
v 25.5865 -31.7531 7.2612
v 26.2948 -31.7531 7.2260
v 26.2143 -31.7608 6.4083
v 26.2494 -31.7627 6.7648
v 25.5865 -31.7627 6.7978
v 25.5865 -31.7608 6.4395
v 26.8361 -31.7608 6.3159
v 26.9060 -31.7627 6.6672
v 26.2845 -31.7646 7.1213
v 26.9759 -31.7646 7.0185
v 25.5865 -31.7646 7.1560
v 27.4460 -31.7608 6.1633
v 27.5500 -31.7627 6.5061
v 27.6540 -31.7646 6.8489
v 24.8563 -31.6489 7.4485
v 24.8675 -31.7183 7.3348
v 24.1330 -31.6489 7.3409
v 24.1553 -31.7183 7.2289
v 24.1766 -31.7531 7.1216
v 24.8782 -31.7531 7.2260
v 23.4236 -31.6489 7.1635
v 23.4567 -31.7183 7.0542
v 22.7350 -31.6489 6.9176
v 22.7788 -31.7183 6.8120
v 22.8206 -31.7531 6.7110
v 23.4885 -31.7531 6.9495
v 23.7270 -31.7608 6.1633
v 23.6230 -31.7627 6.5061
v 22.9979 -31.7627 6.2829
v 23.1350 -31.7608 5.9519
v 24.3369 -31.7608 6.3159
v 24.2670 -31.7627 6.6672
v 23.5190 -31.7646 6.8489
v 24.1971 -31.7646 7.0185
v 22.8609 -31.7646 6.6138
v 24.9587 -31.7608 6.4083
v 24.9236 -31.7627 6.7648
v 24.8885 -31.7646 7.1213
v 22.0743 -31.6489 6.6046
v 22.1281 -31.7183 6.5038
v 21.4472 -31.6489 6.2284
v 21.5107 -31.7183 6.1335
v 21.5714 -31.7531 6.0425
v 22.1797 -31.7531 6.4074
v 20.8597 -31.6489 5.7930
v 20.9322 -31.7183 5.7047
v 20.3177 -31.6489 5.3024
v 20.3985 -31.7183 5.2216
v 20.4758 -31.7531 5.1443
v 21.0016 -31.7531 5.6202
v 21.5228 -31.7608 4.9851
v 21.2955 -31.7627 5.2620
v 20.8035 -31.7627 4.8166
v 21.0568 -31.7608 4.5633
v 22.0279 -31.7608 5.3594
v 21.8289 -31.7627 5.6573
v 21.0683 -31.7646 5.5389
v 21.6299 -31.7646 5.9551
v 20.5502 -31.7646 5.0699
v 22.5670 -31.7608 5.6828
v 22.3981 -31.7627 5.9987
v 22.2293 -31.7646 6.3147
v 19.8270 -31.6489 4.7603
v 19.9153 -31.7183 4.6879
v 19.3917 -31.6489 4.1728
v 19.4866 -31.7183 4.1094
v 19.5775 -31.7531 4.0486
v 19.9999 -31.7531 4.6185
v 19.0155 -31.6489 3.5458
v 19.1162 -31.7183 3.4919
v 18.7025 -31.6489 2.8850
v 18.8080 -31.7183 2.8413
v 18.9091 -31.7531 2.7995
v 19.2127 -31.7531 3.4404
v 19.9372 -31.7608 3.0531
v 19.6213 -31.7627 3.2220
v 19.3372 -31.7627 2.6221
v 19.6681 -31.7608 2.4850
v 20.2606 -31.7608 3.5922
v 19.9628 -31.7627 3.7912
v 19.3054 -31.7646 3.3908
v 19.6650 -31.7646 3.9902
v 19.0062 -31.7646 2.7592
v 20.6349 -31.7608 4.0973
v 20.3580 -31.7627 4.3245
v 20.0812 -31.7646 4.5518
v 18.4566 -31.6489 2.1965
v 18.5659 -31.7183 2.1633
v 18.2792 -31.6489 1.4871
v 18.3912 -31.7183 1.4648
v 18.4984 -31.7531 1.4435
v 18.6705 -31.7531 2.1316
v 18.1716 -31.6489 0.7638
v 18.2853 -31.7183 0.7526
v 18.1353 -31.6489 0.0336
v 18.2496 -31.7183 0.0336
v 18.3589 -31.7531 0.0336
v 18.3941 -31.7531 0.7419
v 19.2117 -31.7608 0.6614
v 18.8553 -31.7627 0.6965
v 18.8223 -31.7627 0.0336
v 19.1805 -31.7608 0.0336
v 19.3042 -31.7608 1.2832
v 18.9529 -31.7627 1.3531
v 18.4988 -31.7646 0.7316
v 18.6016 -31.7646 1.4230
v 18.4641 -31.7646 0.0336
v 19.4567 -31.7608 1.8931
v 19.1140 -31.7627 1.9971
v 18.7712 -31.7646 2.1011
v 18.1716 -31.6489 -0.6966
v 18.2853 -31.7183 -0.6854
v 18.2792 -31.6489 -1.4199
v 18.3912 -31.7183 -1.3976
v 18.4984 -31.7531 -1.3763
v 18.3941 -31.7531 -0.6747
v 18.4566 -31.6489 -2.1293
v 18.5659 -31.7183 -2.0961
v 18.7025 -31.6489 -2.8178
v 18.8080 -31.7183 -2.7741
v 18.9091 -31.7531 -2.7323
v 18.6705 -31.7531 -2.0644
v 19.4567 -31.7608 -1.8259
v 19.1140 -31.7627 -1.9299
v 19.3372 -31.7627 -2.5550
v 19.6681 -31.7608 -2.4179
v 19.3042 -31.7608 -1.2160
v 18.9529 -31.7627 -1.2859
v 18.7712 -31.7646 -2.0339
v 18.6016 -31.7646 -1.3558
v 19.0062 -31.7646 -2.6920
v 19.2117 -31.7608 -0.5942
v 18.8553 -31.7627 -0.6293
v 18.4988 -31.7646 -0.6644
v 19.0155 -31.6489 -3.4786
v 19.1162 -31.7183 -3.4247
v 19.3917 -31.6489 -4.1057
v 19.4866 -31.7183 -4.0422
v 19.5775 -31.7531 -3.9815
v 19.2127 -31.7531 -3.3732
v 19.8270 -31.6489 -4.6932
v 19.9153 -31.7183 -4.6207
v 20.3177 -31.6489 -5.2352
v 20.3985 -31.7183 -5.1544
v 20.4758 -31.7531 -5.0771
v 19.9999 -31.7531 -4.5513
v 20.6349 -31.7608 -4.0301
v 20.3580 -31.7627 -4.2574
v 20.8035 -31.7627 -4.7494
v 21.0568 -31.7608 -4.4961
v 20.2606 -31.7608 -3.5251
v 19.9628 -31.7627 -3.7240
v 20.0812 -31.7646 -4.4846
v 19.6650 -31.7646 -3.9230
v 20.5502 -31.7646 -5.0027
v 19.9372 -31.7608 -2.9859
v 19.6213 -31.7627 -3.1548
v 19.3054 -31.7646 -3.3236
v 20.8597 -31.6489 -5.7259
v 20.9322 -31.7183 -5.6376
v 21.4472 -31.6489 -6.1612
v 21.5107 -31.7183 -6.0663
v 21.5714 -31.7531 -5.9754
v 21.0016 -31.7531 -5.5530
v 22.0743 -31.6489 -6.5374
v 22.1281 -31.7183 -6.4367
v 22.7350 -31.6489 -6.8504
v 22.7788 -31.7183 -6.7448
v 22.8206 -31.7531 -6.6438
v 22.1797 -31.7531 -6.3402
v 22.5670 -31.7608 -5.6157
v 22.3981 -31.7627 -5.9316
v 22.9979 -31.7627 -6.2157
v 23.1350 -31.7608 -5.8848
v 22.0279 -31.7608 -5.2923
v 21.8289 -31.7627 -5.5901
v 22.2293 -31.7646 -6.2475
v 21.6299 -31.7646 -5.8879
v 22.8609 -31.7646 -6.5467
v 21.5228 -31.7608 -4.9180
v 21.2955 -31.7627 -5.1949
v 21.0683 -31.7646 -5.4717
v 23.4236 -31.6489 -7.0963
v 23.4567 -31.7183 -6.9870
v 24.1330 -31.6489 -7.2737
v 24.1553 -31.7183 -7.1617
v 24.1766 -31.7531 -7.0545
v 23.4885 -31.7531 -6.8824
v 24.8563 -31.6489 -7.3813
v 24.8675 -31.7183 -7.2676
v 25.5865 -31.6489 -7.4176
v 25.5865 -31.7183 -7.3033
v 25.5865 -31.7531 -7.1940
v 24.8782 -31.7531 -7.1588
v 24.9587 -31.7608 -6.3412
v 24.9236 -31.7627 -6.6976
v 25.5865 -31.7627 -6.7306
v 25.5865 -31.7608 -6.3724
v 24.3369 -31.7608 -6.2487
v 24.2670 -31.7627 -6.6000
v 24.8885 -31.7646 -7.0541
v 24.1971 -31.7646 -6.9513
v 25.5865 -31.7646 -7.0888
v 23.7270 -31.7608 -6.0962
v 23.6230 -31.7627 -6.4389
v 23.5190 -31.7646 -6.7817
v 26.3167 -31.6489 -7.3813
v 26.3055 -31.7183 -7.2676
v 27.0400 -31.6489 -7.2737
v 27.0177 -31.7183 -7.1617
v 26.9964 -31.7531 -7.0545
v 26.2948 -31.7531 -7.1588
v 27.7494 -31.6489 -7.0963
v 27.7162 -31.7183 -6.9870
v 28.4379 -31.6489 -6.8504
v 28.3942 -31.7183 -6.7448
v 28.3524 -31.7531 -6.6438
v 27.6845 -31.7531 -6.8824
v 27.4460 -31.7608 -6.0962
v 27.5500 -31.7627 -6.4389
v 28.1750 -31.7627 -6.2157
v 28.0379 -31.7608 -5.8848
v 26.8361 -31.7608 -6.2487
v 26.9060 -31.7627 -6.6000
v 27.6540 -31.7646 -6.7817
v 26.9759 -31.7646 -6.9513
v 28.3121 -31.7646 -6.5467
v 26.2143 -31.7608 -6.3412
v 26.2494 -31.7627 -6.6976
v 26.2845 -31.7646 -7.0541
v 29.0987 -31.6489 -6.5374
v 29.0448 -31.7183 -6.4367
v 29.7257 -31.6489 -6.1612
v 29.6623 -31.7183 -6.0663
v 29.6015 -31.7531 -5.9754
v 28.9933 -31.7531 -6.3402
v 30.3132 -31.6489 -5.7259
v 30.2408 -31.7183 -5.6376
v 30.8553 -31.6489 -5.2352
v 30.7745 -31.7183 -5.1544
v 30.6972 -31.7531 -5.0771
v 30.1714 -31.7531 -5.5530
v 29.6502 -31.7608 -4.9180
v 29.8774 -31.7627 -5.1949
v 30.3695 -31.7627 -4.7494
v 30.1162 -31.7608 -4.4961
v 29.1451 -31.7608 -5.2923
v 29.3441 -31.7627 -5.5901
v 30.1047 -31.7646 -5.4717
v 29.5431 -31.7646 -5.8879
v 30.6228 -31.7646 -5.0027
v 28.6060 -31.7608 -5.6157
v 28.7749 -31.7627 -5.9316
v 28.9437 -31.7646 -6.2475
v 31.3459 -31.6489 -4.6932
v 31.2576 -31.7183 -4.6207
v 31.7813 -31.6489 -4.1057
v 31.6864 -31.7183 -4.0422
v 31.5954 -31.7531 -3.9815
v 31.1731 -31.7531 -4.5513
v 32.1575 -31.6489 -3.4786
v 32.0567 -31.7183 -3.4247
v 32.4705 -31.6489 -2.8178
v 32.3649 -31.7183 -2.7741
v 32.2639 -31.7531 -2.7323
v 31.9603 -31.7531 -3.3732
v 31.2357 -31.7608 -2.9859
v 31.5516 -31.7627 -3.1548
v 31.8358 -31.7627 -2.5550
v 31.5048 -31.7608 -2.4179
v 30.9123 -31.7608 -3.5251
v 31.2102 -31.7627 -3.7240
v 31.8676 -31.7646 -3.3236
v 31.5080 -31.7646 -3.9230
v 32.1667 -31.7646 -2.6920
v 30.5380 -31.7608 -4.0301
v 30.8149 -31.7627 -4.2574
v 31.0918 -31.7646 -4.4846
v 32.7164 -31.6489 -2.1293
v 32.6071 -31.7183 -2.0961
v 32.8938 -31.6489 -1.4199
v 32.7818 -31.7183 -1.3976
v 32.6745 -31.7531 -1.3763
v 32.5024 -31.7531 -2.0644
v 33.0013 -31.6489 -0.6966
v 32.8877 -31.7183 -0.6854
v 32.7789 -31.7531 -0.6747
v 31.9612 -31.7608 -0.5942
v 32.3177 -31.7627 -0.6293
v 31.8688 -31.7608 -1.2160
v 32.2201 -31.7627 -1.2859
v 32.6742 -31.7646 -0.6644
v 32.5714 -31.7646 -1.3558
v 31.7162 -31.7608 -1.8259
v 32.0590 -31.7627 -1.9299
v 32.4018 -31.7646 -2.0339
v 30.6410 -31.2097 0.0336
v 30.6164 -31.2096 0.5289
v 30.0382 -31.2720 0.4721
v 30.0600 -31.2722 0.0336
v 30.5434 -31.2096 1.0196
v 29.9736 -31.2718 0.9064
v 30.4230 -31.2096 1.5008
v 29.8672 -31.2718 1.3323
v 30.2562 -31.2095 1.9678
v 29.7196 -31.2718 1.7458
v 29.0298 -31.3685 1.4621
v 29.1523 -31.3686 1.1172
v 29.2408 -31.3687 0.7619
v 29.2944 -31.3689 0.3995
v 29.3125 -31.3693 0.0337
v 30.0439 -31.2095 2.4161
v 29.5317 -31.2717 2.1425
v 29.7887 -31.2095 2.8414
v 29.3059 -31.2717 2.5190
v 29.4934 -31.2095 3.2400
v 29.0446 -31.2717 2.8717
v 29.1606 -31.2095 3.6076
v 28.7501 -31.2717 3.1971
v 28.2244 -31.3684 2.6715
v 28.4693 -31.3684 2.4006
v 28.6864 -31.3684 2.1067
v 28.8739 -31.3685 1.7929
v 28.7929 -31.2095 3.9405
v 28.4246 -31.2717 3.4917
v 28.3943 -31.2095 4.2358
v 28.0719 -31.2717 3.7530
v 27.9690 -31.2095 4.4910
v 27.6954 -31.2717 3.9788
v 27.5208 -31.2095 4.7033
v 27.2987 -31.2717 4.1666
v 27.0150 -31.3684 3.4769
v 27.3458 -31.3684 3.3210
v 27.6596 -31.3684 3.1335
v 27.9535 -31.3684 2.9164
v 27.0537 -31.2095 4.8701
v 26.8852 -31.2717 4.3142
v 26.5725 -31.2095 4.9905
v 26.4593 -31.2717 4.4207
v 26.0818 -31.2095 5.0634
v 26.0250 -31.2717 4.4853
v 25.5865 -31.2095 5.0881
v 25.5865 -31.2717 4.5071
v 25.5865 -31.3684 3.7595
v 25.9524 -31.3684 3.7414
v 26.3147 -31.3684 3.6878
v 26.6701 -31.3684 3.5994
v 25.0911 -31.2095 5.0634
v 25.1480 -31.2717 4.4853
v 24.6005 -31.2095 4.9905
v 24.7137 -31.2717 4.4207
v 24.1193 -31.2095 4.8701
v 24.2877 -31.2717 4.3142
v 23.6522 -31.2095 4.7033
v 23.8743 -31.2717 4.1666
v 24.1580 -31.3684 3.4769
v 24.5029 -31.3684 3.5994
v 24.8582 -31.3684 3.6878
v 25.2206 -31.3684 3.7414
v 23.2040 -31.2095 4.4910
v 23.4775 -31.2717 3.9788
v 22.7786 -31.2095 4.2358
v 23.1010 -31.2717 3.7530
v 22.3801 -31.2095 3.9405
v 22.7483 -31.2717 3.4917
v 22.0124 -31.2095 3.6076
v 22.4229 -31.2717 3.1971
v 22.9486 -31.3684 2.6715
v 23.2195 -31.3684 2.9164
v 23.5133 -31.3684 3.1335
v 23.8272 -31.3684 3.3210
v 21.6796 -31.2095 3.2400
v 22.1284 -31.2717 2.8717
v 21.3842 -31.2095 2.8414
v 21.8670 -31.2717 2.5190
v 21.1291 -31.2096 2.4161
v 21.6413 -31.2718 2.1425
v 20.9167 -31.2096 1.9679
v 21.4534 -31.2720 1.7458
v 22.1432 -31.3688 1.4621
v 22.2991 -31.3685 1.7929
v 22.4865 -31.3684 2.1067
v 22.7037 -31.3684 2.4006
v 20.7499 -31.2097 1.5008
v 21.3058 -31.2723 1.3324
v 20.6296 -31.2099 1.0196
v 21.1994 -31.2729 0.9064
v 20.5566 -31.2102 0.5290
v 21.1348 -31.2738 0.4722
v 20.5320 -31.2106 0.0336
v 21.1130 -31.2751 0.0337
v 21.8607 -31.3736 0.0340
v 21.8788 -31.3714 0.3998
v 21.9324 -31.3700 0.7621
v 22.0207 -31.3692 1.1174
v 20.5566 -31.2112 -0.4617
v 21.1348 -31.2771 -0.4048
v 20.6296 -31.2119 -0.9524
v 21.1994 -31.2793 -0.8391
v 20.7499 -31.2126 -1.4336
v 21.3059 -31.2815 -1.2650
v 20.9167 -31.2133 -1.9007
v 21.4535 -31.2835 -1.6785
v 22.1433 -31.3873 -1.3944
v 22.0208 -31.3841 -1.0495
v 21.9324 -31.3804 -0.6942
v 21.8788 -31.3767 -0.3319
v 21.1291 -31.2137 -2.3489
v 21.6413 -31.2849 -2.0752
v 21.3842 -31.2140 -2.7743
v 21.8671 -31.2859 -2.4517
v 21.6796 -31.2142 -3.1728
v 22.1284 -31.2865 -2.8045
v 22.0124 -31.2143 -3.5405
v 22.4230 -31.2868 -3.1299
v 22.9488 -31.3927 -2.6039
v 22.7039 -31.3921 -2.3330
v 22.4867 -31.3911 -2.0391
v 22.2993 -31.3896 -1.7253
v 22.3801 -31.2144 -3.8733
v 22.7484 -31.2871 -3.4244
v 22.7786 -31.2144 -4.1687
v 23.1011 -31.2872 -3.6858
v 23.2040 -31.2144 -4.4238
v 23.4776 -31.2873 -3.9115
v 23.6522 -31.2144 -4.6361
v 23.8743 -31.2873 -4.0994
v 24.1582 -31.3935 -3.4094
v 23.8274 -31.3934 -3.2535
v 23.5135 -31.3933 -3.0660
v 23.2197 -31.3931 -2.8489
v 24.1193 -31.2145 -4.8030
v 24.2878 -31.2873 -4.2470
v 24.6005 -31.2144 -4.9233
v 24.7137 -31.2873 -4.3535
v 25.0911 -31.2145 -4.9963
v 25.1480 -31.2873 -4.4180
v 25.5865 -31.2145 -5.0209
v 25.5865 -31.2873 -4.4398
v 25.5865 -31.3936 -3.6920
v 25.2207 -31.3935 -3.6739
v 24.8583 -31.3935 -3.6203
v 24.5030 -31.3935 -3.5319
v 26.0818 -31.2145 -4.9963
v 26.0250 -31.2873 -4.4180
v 26.5725 -31.2144 -4.9233
v 26.4593 -31.2873 -4.3535
v 27.0537 -31.2144 -4.8030
v 26.8852 -31.2872 -4.2470
v 27.5207 -31.2144 -4.6361
v 27.2987 -31.2870 -4.0994
v 27.0149 -31.3932 -3.4093
v 26.6701 -31.3935 -3.5319
v 26.3147 -31.3936 -3.6203
v 25.9523 -31.3936 -3.6739
v 27.9690 -31.2143 -4.4238
v 27.6954 -31.2867 -3.9115
v 28.3943 -31.2141 -4.1687
v 28.0719 -31.2862 -3.6857
v 28.7929 -31.2138 -3.8733
v 28.4247 -31.2853 -3.4244
v 29.1606 -31.2134 -3.5405
v 28.7501 -31.2839 -3.1298
v 28.2245 -31.3884 -2.6039
v 27.9536 -31.3906 -2.8488
v 27.6597 -31.3920 -3.0659
v 27.3458 -31.3928 -3.2534
v 29.4934 -31.2128 -3.1728
v 29.0447 -31.2820 -2.8044
v 29.7888 -31.2121 -2.7742
v 29.3060 -31.2797 -2.4517
v 30.0439 -31.2114 -2.3489
v 29.5318 -31.2775 -2.0752
v 30.2562 -31.2107 -1.9007
v 29.7196 -31.2755 -1.6785
v 29.0299 -31.3747 -1.3945
v 28.8740 -31.3779 -1.7253
v 28.6866 -31.3816 -2.0391
v 28.4695 -31.3853 -2.3330
v 30.4230 -31.2103 -1.4336
v 29.8672 -31.2741 -1.2651
v 30.5434 -31.2100 -0.9524
v 29.9737 -31.2732 -0.8391
v 30.6164 -31.2098 -0.4618
v 30.0382 -31.2726 -0.4049
v 29.2944 -31.3699 -0.3321
v 29.2408 -31.3709 -0.6944
v 29.1524 -31.3724 -1.0497
v 31.7785 -31.7263 0.0336
v 31.7484 -31.7263 0.6404
v 31.6489 -31.6880 0.6306
v 31.6786 -31.6880 0.0336
v 31.6590 -31.7263 1.2415
v 31.5610 -31.6880 1.2220
v 31.4670 -31.6381 1.2033
v 31.5535 -31.6381 0.6212
v 31.5828 -31.6381 0.0336
v 31.5115 -31.7263 1.8310
v 31.4159 -31.6880 1.8020
v 31.3072 -31.7263 2.4032
v 31.2149 -31.6880 2.3649
v 31.1263 -31.6381 2.3283
v 31.3242 -31.6381 1.7742
v 30.9556 -31.5193 2.2576
v 31.1474 -31.5193 1.7205
v 31.2858 -31.5193 1.1672
v 31.3697 -31.5193 0.6031
v 31.3980 -31.5193 0.0336
v 31.0471 -31.7263 2.9523
v 30.9589 -31.6880 2.9052
v 30.7345 -31.7263 3.4734
v 30.6514 -31.6880 3.4178
v 30.5717 -31.6381 3.3646
v 30.8745 -31.6381 2.8600
v 30.3727 -31.7263 3.9616
v 30.2954 -31.6880 3.8982
v 29.9649 -31.7263 4.4120
v 29.8943 -31.6880 4.3413
v 29.8265 -31.6381 4.2736
v 30.2214 -31.6381 3.8374
v 29.6959 -31.5193 4.1430
v 30.0786 -31.5193 3.7202
v 30.4181 -31.5193 3.2620
v 30.7115 -31.5193 2.7729
v 29.5145 -31.7263 4.8198
v 29.4511 -31.6880 4.7425
v 29.0263 -31.7263 5.1816
v 28.9708 -31.6880 5.0985
v 28.9175 -31.6381 5.0188
v 29.3903 -31.6381 4.6685
v 28.5052 -31.7263 5.4942
v 28.4581 -31.6880 5.4060
v 27.9561 -31.7263 5.7543
v 27.9178 -31.6880 5.6619
v 27.8812 -31.6381 5.5734
v 28.4129 -31.6381 5.3215
v 27.8105 -31.5193 5.4027
v 28.3258 -31.5193 5.1586
v 28.8149 -31.5193 4.8652
v 29.2731 -31.5193 4.5257
v 27.3839 -31.7263 5.9586
v 27.3549 -31.6880 5.8630
v 26.7944 -31.7263 6.1061
v 26.7749 -31.6880 6.0081
v 26.7562 -31.6381 5.9141
v 27.3271 -31.6381 5.7713
v 26.1933 -31.7263 6.1955
v 26.1835 -31.6880 6.0960
v 25.5865 -31.7263 6.2256
v 25.5865 -31.6880 6.1257
v 25.5865 -31.6381 6.0299
v 26.1741 -31.6381 6.0006
v 25.5865 -31.5193 5.8451
v 26.1560 -31.5193 5.8168
v 26.7202 -31.5193 5.7329
v 27.2734 -31.5193 5.5945
v 24.9796 -31.7263 6.1955
v 24.9894 -31.6880 6.0960
v 24.3786 -31.7263 6.1061
v 24.3981 -31.6880 6.0081
v 24.4168 -31.6381 5.9141
v 24.9988 -31.6381 6.0006
v 23.7891 -31.7263 5.9586
v 23.8181 -31.6880 5.8630
v 23.2169 -31.7263 5.7543
v 23.2551 -31.6880 5.6619
v 23.2918 -31.6381 5.5734
v 23.8459 -31.6381 5.7713
v 23.3625 -31.5193 5.4027
v 23.8995 -31.5193 5.5945
v 24.4528 -31.5193 5.7329
v 25.0169 -31.5193 5.8168
v 22.6678 -31.7263 5.4942
v 22.7149 -31.6880 5.4060
v 22.1467 -31.7263 5.1816
v 22.2022 -31.6880 5.0985
v 22.2554 -31.6381 5.0188
v 22.7601 -31.6381 5.3215
v 21.6585 -31.7263 4.8198
v 21.7219 -31.6880 4.7425
v 21.2080 -31.7263 4.4120
v 21.2787 -31.6880 4.3413
v 21.3465 -31.6381 4.2736
v 21.7827 -31.6381 4.6685
v 21.4771 -31.5193 4.1430
v 21.8999 -31.5193 4.5257
v 22.3581 -31.5193 4.8652
v 22.8471 -31.5193 5.1586
v 20.8003 -31.7263 3.9616
v 20.8775 -31.6880 3.8982
v 20.4385 -31.7263 3.4734
v 20.5216 -31.6880 3.4178
v 20.6012 -31.6381 3.3646
v 20.9516 -31.6381 3.8374
v 20.1259 -31.7263 2.9523
v 20.2140 -31.6880 2.9052
v 19.8658 -31.7263 2.4032
v 19.9581 -31.6880 2.3649
v 20.0466 -31.6381 2.3283
v 20.2985 -31.6381 2.8600
v 20.2173 -31.5193 2.2576
v 20.4614 -31.5193 2.7729
v 20.7548 -31.5193 3.2620
v 21.0944 -31.5193 3.7202
v 19.6614 -31.7263 1.8310
v 19.7571 -31.6880 1.8020
v 19.5140 -31.7263 1.2415
v 19.6120 -31.6880 1.2220
v 19.7060 -31.6381 1.2033
v 19.8487 -31.6381 1.7742
v 19.4246 -31.7263 0.6404
v 19.5241 -31.6880 0.6306
v 19.3944 -31.7263 0.0336
v 19.4944 -31.6880 0.0336
v 19.5902 -31.6381 0.0336
v 19.6194 -31.6381 0.6212
v 19.7749 -31.5193 0.0336
v 19.8033 -31.5193 0.6031
v 19.8871 -31.5193 1.1672
v 20.0255 -31.5193 1.7205
v 19.4246 -31.7263 -0.5733
v 19.5241 -31.6880 -0.5635
v 19.5140 -31.7263 -1.1743
v 19.6120 -31.6880 -1.1548
v 19.7060 -31.6381 -1.1361
v 19.6194 -31.6381 -0.5541
v 19.6614 -31.7263 -1.7638
v 19.7571 -31.6880 -1.7348
v 19.8658 -31.7263 -2.3360
v 19.9581 -31.6880 -2.2978
v 20.0466 -31.6381 -2.2611
v 19.8487 -31.6381 -1.7070
v 20.2173 -31.5193 -2.1904
v 20.0255 -31.5193 -1.6534
v 19.8871 -31.5193 -1.1001
v 19.8033 -31.5193 -0.5360
v 20.1259 -31.7263 -2.8851
v 20.2140 -31.6880 -2.8380
v 20.4385 -31.7263 -3.4062
v 20.5216 -31.6880 -3.3507
v 20.6012 -31.6381 -3.2975
v 20.2985 -31.6381 -2.7928
v 20.8003 -31.7263 -3.8944
v 20.8775 -31.6880 -3.8310
v 21.2080 -31.7263 -4.3449
v 21.2787 -31.6880 -4.2742
v 21.3465 -31.6381 -4.2064
v 20.9516 -31.6381 -3.7702
v 21.4771 -31.5193 -4.0758
v 21.0944 -31.5193 -3.6531
v 20.7548 -31.5193 -3.1948
v 20.4614 -31.5193 -2.7058
v 21.6585 -31.7263 -4.7526
v 21.7219 -31.6880 -4.6754
v 22.1467 -31.7263 -5.1144
v 22.2022 -31.6880 -5.0313
v 22.2554 -31.6381 -4.9517
v 21.7827 -31.6381 -4.6013
v 22.6678 -31.7263 -5.4270
v 22.7149 -31.6880 -5.3389
v 23.2169 -31.7263 -5.6871
v 23.2551 -31.6880 -5.5948
v 23.2918 -31.6381 -5.5063
v 22.7601 -31.6381 -5.2544
v 23.3625 -31.5193 -5.3356
v 22.8471 -31.5193 -5.0915
v 22.3581 -31.5193 -4.7981
v 21.8999 -31.5193 -4.4585
v 23.7891 -31.7263 -5.8915
v 23.8181 -31.6880 -5.7959
v 24.3786 -31.7263 -6.0389
v 24.3981 -31.6880 -5.9409
v 24.4168 -31.6381 -5.8469
v 23.8459 -31.6381 -5.7042
v 24.9796 -31.7263 -6.1283
v 24.9894 -31.6880 -6.0289
v 25.5865 -31.7263 -6.1585
v 25.5865 -31.6880 -6.0585
v 25.5865 -31.6381 -5.9627
v 24.9988 -31.6381 -5.9335
v 25.5865 -31.5193 -5.7780
v 25.0169 -31.5193 -5.7497
v 24.4528 -31.5193 -5.6658
v 23.8995 -31.5193 -5.5274
v 26.1933 -31.7263 -6.1283
v 26.1835 -31.6880 -6.0289
v 26.7944 -31.7263 -6.0389
v 26.7749 -31.6880 -5.9409
v 26.7562 -31.6381 -5.8469
v 26.1741 -31.6381 -5.9335
v 27.3839 -31.7263 -5.8915
v 27.3549 -31.6880 -5.7959
v 27.9561 -31.7263 -5.6871
v 27.9178 -31.6880 -5.5948
v 27.8812 -31.6381 -5.5063
v 27.3271 -31.6381 -5.7042
v 27.8105 -31.5193 -5.3356
v 27.2734 -31.5193 -5.5274
v 26.7202 -31.5193 -5.6658
v 26.1560 -31.5193 -5.7497
v 28.5052 -31.7263 -5.4270
v 28.4581 -31.6880 -5.3389
v 29.0263 -31.7263 -5.1144
v 28.9708 -31.6880 -5.0313
v 28.9175 -31.6381 -4.9517
v 28.4129 -31.6381 -5.2544
v 29.5145 -31.7263 -4.7526
v 29.4511 -31.6880 -4.6754
v 29.9649 -31.7263 -4.3449
v 29.8943 -31.6880 -4.2742
v 29.8265 -31.6381 -4.2064
v 29.3903 -31.6381 -4.6013
v 29.6959 -31.5193 -4.0758
v 29.2731 -31.5193 -4.4585
v 28.8149 -31.5193 -4.7981
v 28.3258 -31.5193 -5.0915
v 30.3727 -31.7263 -3.8944
v 30.2954 -31.6880 -3.8310
v 30.7345 -31.7263 -3.4062
v 30.6514 -31.6880 -3.3507
v 30.5717 -31.6381 -3.2975
v 30.2214 -31.6381 -3.7702
v 31.0471 -31.7263 -2.8851
v 30.9590 -31.6880 -2.8380
v 31.3072 -31.7263 -2.3360
v 31.2149 -31.6880 -2.2978
v 31.1263 -31.6381 -2.2611
v 30.8745 -31.6381 -2.7928
v 30.9556 -31.5193 -2.1904
v 30.7115 -31.5193 -2.7058
v 30.4181 -31.5193 -3.1948
v 30.0786 -31.5193 -3.6531
v 31.5115 -31.7263 -1.7638
v 31.4159 -31.6880 -1.7348
v 31.6590 -31.7263 -1.1743
v 31.5610 -31.6880 -1.1548
v 31.4670 -31.6381 -1.1361
v 31.3242 -31.6381 -1.7070
v 31.7484 -31.7263 -0.5733
v 31.6489 -31.6880 -0.5635
v 31.5535 -31.6381 -0.5541
v 31.3697 -31.5193 -0.5360
v 31.2858 -31.5193 -1.1001
v 31.1474 -31.5193 -1.6534
v 33.6602 -28.4021 2.4828
v 33.3818 -28.4021 3.2625
v 33.8611 -28.4021 1.6795
v 33.5271 -28.3566 1.6131
v 33.3343 -28.3566 2.3839
v 33.0671 -28.3566 3.1322
v 33.9829 -28.4021 0.8605
v 34.0240 -28.4021 0.0336
v 33.6835 -28.3566 0.0336
v 33.6440 -28.3566 0.8271
v 32.4727 -28.3415 0.0336
v 32.4391 -28.3415 0.7084
v 32.3397 -28.3415 1.3769
v 31.9485 -28.3415 2.6688
v 32.1757 -28.3415 2.0325
v 32.1084 -28.4021 5.3860
v 31.5527 -28.4021 5.9998
v 32.6014 -28.4021 4.7208
v 32.3182 -28.3566 4.5316
v 31.8451 -28.3566 5.1700
v 31.3119 -28.3566 5.7590
v 33.0273 -28.4021 4.0107
v 32.7270 -28.3566 3.8502
v 31.6592 -28.3415 3.2794
v 31.3116 -28.3415 3.8590
v 30.4557 -28.3415 4.9028
v 30.9092 -28.3415 4.4019
v 29.5636 -28.4021 7.4744
v 28.8154 -28.4021 7.8289
v 30.2737 -28.4021 7.0485
v 30.0845 -28.3566 6.7653
v 29.4031 -28.3566 7.1741
v 28.6851 -28.3566 7.5142
v 30.9390 -28.4021 6.5555
v 30.7229 -28.3566 6.2922
v 29.9548 -28.3415 5.3563
v 29.4119 -28.3415 5.7587
v 28.2217 -28.3415 6.3956
v 28.8324 -28.3415 6.1063
v 26.4134 -28.4021 8.4300
v 25.5865 -28.4021 8.4711
v 27.2324 -28.4021 8.3082
v 27.1660 -28.3566 7.9742
v 26.3800 -28.3566 8.0911
v 25.5865 -28.3566 8.1306
v 28.0357 -28.4021 8.1073
v 27.9368 -28.3566 7.7814
v 27.5854 -28.3415 6.6228
v 26.9298 -28.3415 6.7868
v 25.5865 -28.3415 6.9197
v 26.2613 -28.3415 6.8862
v 23.1373 -28.4021 8.1073
v 22.3576 -28.4021 7.8289
v 23.9405 -28.4021 8.3082
v 24.0070 -28.3566 7.9742
v 23.2361 -28.3566 7.7814
v 22.4879 -28.3566 7.5142
v 24.7596 -28.4021 8.4300
v 24.7930 -28.3566 8.0911
v 24.9116 -28.3415 6.8862
v 24.2432 -28.3415 6.7868
v 22.9512 -28.3415 6.3956
v 23.5876 -28.3415 6.6228
v 20.2340 -28.4021 6.5555
v 19.6202 -28.4021 5.9998
v 20.8993 -28.4021 7.0485
v 21.0885 -28.3566 6.7653
v 20.4500 -28.3566 6.2922
v 19.8610 -28.3566 5.7590
v 21.6093 -28.4021 7.4744
v 21.7699 -28.3566 7.1741
v 22.3406 -28.3415 6.1063
v 21.7611 -28.3415 5.7587
v 20.7172 -28.3415 4.9028
v 21.2181 -28.3415 5.3563
v 18.1456 -28.4021 4.0107
v 17.7912 -28.4021 3.2625
v 18.5716 -28.4021 4.7208
v 18.8547 -28.3566 4.5316
v 18.4460 -28.3566 3.8502
v 18.1058 -28.3566 3.1322
v 19.0646 -28.4021 5.3860
v 19.3278 -28.3566 5.1700
v 20.2637 -28.3415 4.4019
v 19.8614 -28.3415 3.8590
v 19.2245 -28.3415 2.6688
v 19.5137 -28.3415 3.2794
v 17.1900 -28.4021 0.8605
v 17.1489 -28.4021 0.0336
v 17.3118 -28.4021 1.6795
v 17.6458 -28.3566 1.6131
v 17.5289 -28.3566 0.8271
v 17.4895 -28.3566 0.0336
v 17.5127 -28.4021 2.4828
v 17.8386 -28.3566 2.3839
v 18.9972 -28.3415 2.0325
v 18.8332 -28.3415 1.3769
v 18.7003 -28.3415 0.0336
v 18.7339 -28.3415 0.7084
v 17.5127 -28.4021 -2.4157
v 17.7912 -28.4021 -3.1954
v 17.3118 -28.4021 -1.6124
v 17.6458 -28.3566 -1.5459
v 17.8386 -28.3566 -2.3168
v 18.1058 -28.3566 -3.0650
v 17.1900 -28.4021 -0.7933
v 17.5289 -28.3566 -0.7600
v 18.7339 -28.3415 -0.6413
v 18.8332 -28.3415 -1.3097
v 19.2245 -28.3415 -2.6017
v 18.9972 -28.3415 -1.9653
v 19.0646 -28.4021 -5.3189
v 19.6202 -28.4021 -5.9327
v 18.5716 -28.4021 -4.6536
v 18.8547 -28.3566 -4.4645
v 19.3278 -28.3566 -5.1029
v 19.8610 -28.3566 -5.6919
v 18.1456 -28.4021 -3.9436
v 18.4460 -28.3566 -3.7830
v 19.5137 -28.3415 -3.2123
v 19.8614 -28.3415 -3.7918
v 20.7172 -28.3415 -4.8357
v 20.2637 -28.3415 -4.3348
v 21.6093 -28.4021 -7.4073
v 22.3576 -28.4021 -7.7617
v 20.8993 -28.4021 -6.9813
v 21.0885 -28.3566 -6.6982
v 21.7699 -28.3566 -7.1070
v 22.4879 -28.3566 -7.4471
v 20.2340 -28.4021 -6.4883
v 20.4500 -28.3566 -6.2251
v 21.2181 -28.3415 -5.2892
v 21.7611 -28.3415 -5.6915
v 22.9512 -28.3415 -6.3284
v 22.3406 -28.3415 -6.0392
v 24.7596 -28.4021 -8.3629
v 25.5865 -28.4021 -8.4040
v 23.9405 -28.4021 -8.2411
v 24.0070 -28.3566 -7.9071
v 24.7930 -28.3566 -8.0240
v 25.5865 -28.3566 -8.0634
v 23.1373 -28.4021 -8.0402
v 23.2361 -28.3566 -7.7143
v 23.5876 -28.3415 -6.5557
v 24.2432 -28.3415 -6.7197
v 25.5865 -28.3415 -6.8526
v 24.9116 -28.3415 -6.8191
v 28.0357 -28.4021 -8.0402
v 28.8154 -28.4021 -7.7617
v 27.2324 -28.4021 -8.2411
v 27.1660 -28.3566 -7.9071
v 27.9368 -28.3566 -7.7143
v 28.6851 -28.3566 -7.4471
v 26.4134 -28.4021 -8.3629
v 26.3800 -28.3566 -8.0240
v 26.2613 -28.3415 -6.8191
v 26.9298 -28.3415 -6.7197
v 28.2217 -28.3415 -6.3284
v 27.5854 -28.3415 -6.5557
v 30.9390 -28.4021 -6.4883
v 31.5527 -28.4021 -5.9327
v 30.2737 -28.4021 -6.9813
v 30.0845 -28.3566 -6.6982
v 30.7229 -28.3566 -6.2251
v 31.3119 -28.3566 -5.6919
v 29.5636 -28.4021 -7.4073
v 29.4031 -28.3566 -7.1070
v 28.8324 -28.3415 -6.0392
v 29.4119 -28.3415 -5.6915
v 30.4558 -28.3415 -4.8357
v 29.9548 -28.3415 -5.2892
v 33.0273 -28.4021 -3.9436
v 33.3818 -28.4021 -3.1953
v 32.6014 -28.4021 -4.6536
v 32.3182 -28.3566 -4.4645
v 32.7270 -28.3566 -3.7830
v 33.0671 -28.3566 -3.0650
v 32.1084 -28.4021 -5.3189
v 31.8451 -28.3566 -5.1029
v 30.9092 -28.3415 -4.3348
v 31.3116 -28.3415 -3.7918
v 31.9485 -28.3415 -2.6017
v 31.6592 -28.3415 -3.2123
v 33.9829 -28.4021 -0.7933
v 33.8611 -28.4021 -1.6124
v 33.5271 -28.3566 -1.5459
v 33.6440 -28.3566 -0.7600
v 33.6602 -28.4021 -2.4157
v 33.3343 -28.3566 -2.3168
v 32.1757 -28.3415 -1.9653
v 32.3397 -28.3415 -1.3097
v 32.4391 -28.3415 -0.6413
v 29.8232 -28.3010 1.7885
v 29.9745 -28.3010 1.3647
v 29.9393 -28.2604 1.3540
v 29.7892 -28.2604 1.7744
v 30.0837 -28.3010 0.9281
v 30.0477 -28.2604 0.9210
v 30.1499 -28.3010 0.4830
v 30.1133 -28.2604 0.4794
v 30.1723 -28.3010 0.0336
v 30.1355 -28.2604 0.0336
v 28.8291 -28.3010 3.2762
v 29.1311 -28.3010 2.9426
v 29.1027 -28.2604 2.9193
v 28.8031 -28.2604 3.2502
v 29.3990 -28.3010 2.5811
v 29.3685 -28.2604 2.5606
v 29.6305 -28.3010 2.1951
v 29.5981 -28.2604 2.1778
v 27.3414 -28.3010 4.2703
v 27.7480 -28.3010 4.0777
v 27.7307 -28.2604 4.0453
v 27.3273 -28.2604 4.2363
v 28.1339 -28.3010 3.8462
v 28.1135 -28.2604 3.8156
v 28.4955 -28.3010 3.5782
v 28.4722 -28.2604 3.5498
v 25.5864 -28.3010 4.6194
v 26.0359 -28.3010 4.5970
v 26.0323 -28.2604 4.5604
v 25.5865 -28.2604 4.5826
v 26.4810 -28.3010 4.5308
v 26.4738 -28.2604 4.4948
v 26.9176 -28.3010 4.4216
v 26.9069 -28.2604 4.3865
v 23.8315 -28.3010 4.2703
v 24.2553 -28.3010 4.4216
v 24.2660 -28.2604 4.3865
v 23.8456 -28.2604 4.2363
v 24.6919 -28.3010 4.5308
v 24.6991 -28.2604 4.4948
v 25.1370 -28.3010 4.5970
v 25.1406 -28.2604 4.5604
v 22.3438 -28.3010 3.2762
v 22.6774 -28.3010 3.5782
v 22.7007 -28.2604 3.5498
v 22.3698 -28.2604 3.2502
v 23.0390 -28.3010 3.8462
v 23.0594 -28.2604 3.8156
v 23.4249 -28.3010 4.0777
v 23.4422 -28.2604 4.0453
v 21.3497 -28.3010 1.7885
v 21.5424 -28.3010 2.1951
v 21.5748 -28.2604 2.1778
v 21.3837 -28.2604 1.7744
v 21.7739 -28.3010 2.5811
v 21.8044 -28.2604 2.5606
v 22.0418 -28.3010 2.9426
v 22.0702 -28.2604 2.9193
v 21.0006 -28.3010 0.0336
v 21.0230 -28.3010 0.4830
v 21.0596 -28.2604 0.4794
v 21.0374 -28.2604 0.0336
v 21.0892 -28.3010 0.9281
v 21.1252 -28.2604 0.9210
v 21.1984 -28.3010 1.3647
v 21.2336 -28.2604 1.3540
v 21.3497 -28.3010 -1.7213
v 21.1984 -28.3010 -1.2976
v 21.2336 -28.2604 -1.2869
v 21.3837 -28.2604 -1.7073
v 21.0892 -28.3010 -0.8610
v 21.1252 -28.2604 -0.8538
v 21.0230 -28.3010 -0.4159
v 21.0596 -28.2604 -0.4123
v 22.3438 -28.3010 -3.2091
v 22.0418 -28.3010 -2.8755
v 22.0702 -28.2604 -2.8522
v 22.3698 -28.2604 -3.1831
v 21.7739 -28.3010 -2.5139
v 21.8044 -28.2604 -2.4935
v 21.5424 -28.3010 -2.1280
v 21.5748 -28.2604 -2.1107
v 23.8315 -28.3010 -4.2032
v 23.4249 -28.3010 -4.0105
v 23.4422 -28.2604 -3.9781
v 23.8456 -28.2604 -4.1692
v 23.0390 -28.3010 -3.7790
v 23.0594 -28.2604 -3.7485
v 22.6774 -28.3010 -3.5111
v 22.7007 -28.2604 -3.4827
v 25.5865 -28.3010 -4.5522
v 25.1370 -28.3010 -4.5299
v 25.1406 -28.2604 -4.4933
v 25.5865 -28.2604 -4.5155
v 24.6919 -28.3010 -4.4637
v 24.6991 -28.2604 -4.4276
v 24.2553 -28.3010 -4.3545
v 24.2660 -28.2604 -4.3193
v 27.3414 -28.3010 -4.2032
v 26.9176 -28.3010 -4.3545
v 26.9069 -28.2604 -4.3193
v 27.3273 -28.2604 -4.1692
v 26.4810 -28.3010 -4.4637
v 26.4738 -28.2604 -4.4276
v 26.0359 -28.3010 -4.5299
v 26.0323 -28.2604 -4.4933
v 28.8291 -28.3010 -3.2091
v 28.4955 -28.3010 -3.5111
v 28.4722 -28.2604 -3.4827
v 28.8031 -28.2604 -3.1831
v 28.1339 -28.3010 -3.7790
v 28.1135 -28.2604 -3.7485
v 27.7480 -28.3010 -4.0105
v 27.7307 -28.2604 -3.9781
v 29.8232 -28.3010 -1.7213
v 29.6306 -28.3010 -2.1280
v 29.5981 -28.2604 -2.1107
v 29.7892 -28.2604 -1.7073
v 29.3990 -28.3010 -2.5139
v 29.3685 -28.2604 -2.4935
v 29.1311 -28.3010 -2.8755
v 29.1027 -28.2604 -2.8522
v 30.1499 -28.3010 -0.4159
v 30.1133 -28.2604 -0.4123
v 30.0837 -28.3010 -0.8610
v 30.0477 -28.2604 -0.8538
v 29.9745 -28.3010 -1.2976
v 29.9394 -28.2604 -1.2869
v 28.5489 -31.4560 0.3283
v 28.5632 -31.4565 0.0339
v 28.5066 -31.4557 0.6199
v 28.4369 -31.4556 0.9057
v 28.3404 -31.4554 1.1829
v 27.7394 -31.5232 0.9525
v 27.8104 -31.5235 0.7317
v 27.8618 -31.5238 0.5033
v 27.8931 -31.5241 0.2699
v 27.9037 -31.5245 0.0341
v 28.2177 -31.4553 1.4485
v 28.0699 -31.4553 1.7001
v 27.8983 -31.4552 1.9351
v 27.7039 -31.4552 2.1510
v 27.2650 -31.5225 1.7121
v 27.4124 -31.5226 1.5454
v 27.5405 -31.5227 1.3617
v 27.6495 -31.5230 1.1633
v 27.4880 -31.4552 2.3454
v 27.2530 -31.4552 2.5170
v 27.0014 -31.4552 2.6647
v 26.7357 -31.4552 2.7874
v 26.5054 -31.5229 2.1864
v 26.7162 -31.5227 2.0965
v 26.9146 -31.5226 1.9876
v 27.0983 -31.5225 1.8594
v 26.4586 -31.4552 2.8839
v 26.1727 -31.4552 2.9536
v 25.8810 -31.4552 2.9959
v 25.5865 -31.4552 3.0102
v 25.5865 -31.5230 2.3506
v 25.8225 -31.5230 2.3400
v 26.0560 -31.5230 2.3087
v 26.2845 -31.5230 2.2574
v 25.2920 -31.4552 2.9959
v 25.0003 -31.4552 2.9536
v 24.7145 -31.4552 2.8839
v 24.4373 -31.4552 2.7874
v 24.6677 -31.5229 2.1864
v 24.8886 -31.5230 2.2574
v 25.1171 -31.5230 2.3087
v 25.3505 -31.5230 2.3400
v 24.1716 -31.4552 2.6647
v 23.9200 -31.4552 2.5170
v 23.6850 -31.4551 2.3454
v 23.4691 -31.4551 2.1510
v 23.9081 -31.5223 1.7121
v 24.0748 -31.5224 1.8594
v 24.2585 -31.5226 1.9876
v 24.4569 -31.5227 2.0965
v 23.2747 -31.4550 1.9351
v 23.1031 -31.4550 1.7001
v 22.9554 -31.4551 1.4486
v 22.8328 -31.4552 1.1831
v 23.4339 -31.5226 0.9528
v 23.5237 -31.5224 1.1635
v 23.6327 -31.5223 1.3618
v 23.7608 -31.5223 1.5454
v 22.7363 -31.4555 0.9060
v 22.6667 -31.4563 0.6203
v 22.6245 -31.4576 0.3288
v 22.6103 -31.4598 0.0344
v 23.2700 -31.5261 0.0349
v 23.2806 -31.5243 0.2707
v 23.3117 -31.5233 0.5039
v 23.3630 -31.5228 0.7321
v 22.6246 -31.4632 -0.2600
v 22.6668 -31.4671 -0.5516
v 22.7365 -31.4711 -0.8374
v 22.8330 -31.4746 -1.1146
v 23.4342 -31.5388 -0.8836
v 23.3633 -31.5358 -0.6628
v 23.3119 -31.5324 -0.4344
v 23.2806 -31.5290 -0.2010
v 22.9557 -31.4770 -1.3803
v 23.1035 -31.4787 -1.6319
v 23.2752 -31.4797 -1.8670
v 23.4696 -31.4803 -2.0830
v 23.9088 -31.5434 -1.6435
v 23.7614 -31.5429 -1.4767
v 23.6332 -31.5421 -1.2930
v 23.5242 -31.5408 -1.0945
v 23.6855 -31.4807 -2.2774
v 23.9205 -31.4810 -2.4490
v 24.1720 -31.4812 -2.5968
v 24.4376 -31.4813 -2.7194
v 24.6682 -31.5447 -2.1179
v 24.4575 -31.5445 -2.0280
v 24.2591 -31.5442 -1.9191
v 24.0755 -31.5439 -1.7909
v 24.7147 -31.4813 -2.8159
v 25.0005 -31.4814 -2.8856
v 25.2921 -31.4814 -2.9278
v 25.5865 -31.4815 -2.9421
v 25.5866 -31.5451 -2.2821
v 25.3507 -31.5450 -2.2715
v 25.1173 -31.5449 -2.2402
v 24.8890 -31.5448 -2.1888
v 25.8810 -31.4816 -2.9278
v 26.1726 -31.4816 -2.8856
v 26.4585 -31.4816 -2.8159
v 26.7357 -31.4815 -2.7194
v 26.5053 -31.5453 -2.1178
v 26.2844 -31.5454 -2.1888
v 26.0560 -31.5453 -2.2402
v 25.8225 -31.5452 -2.2714
v 27.0014 -31.4812 -2.5967
v 27.2531 -31.4805 -2.4489
v 27.4882 -31.4792 -2.2772
v 27.7042 -31.4769 -2.0828
v 27.2654 -31.5419 -1.6433
v 27.0986 -31.5437 -1.7907
v 26.9148 -31.5447 -1.9189
v 26.7162 -31.5452 -2.0279
v 27.8986 -31.4736 -1.8669
v 28.0702 -31.4697 -1.6319
v 28.2179 -31.4657 -1.3804
v 28.3406 -31.4622 -1.1148
v 27.7397 -31.5295 -0.8839
v 27.6499 -31.5324 -1.0946
v 27.5409 -31.5358 -1.2929
v 27.4128 -31.5391 -1.4766
v 28.4371 -31.4598 -0.8377
v 28.5067 -31.4581 -0.5520
v 28.5489 -31.4571 -0.2605
v 27.8932 -31.5251 -0.2017
v 27.8619 -31.5260 -0.4350
v 27.8106 -31.5274 -0.6632
v 30.3022 -28.3374 0.9716
v 31.1075 -28.3415 1.1318
v 31.1887 -28.3415 0.5853
v 30.3716 -28.3374 0.5048
v 30.3951 -28.3374 0.0336
v 31.2162 -28.3415 0.0336
v 30.2335 -28.3253 0.0336
v 30.2109 -28.3253 0.4890
v 30.1438 -28.3253 0.9401
v 29.8798 -28.3253 1.8119
v 30.0331 -28.3253 1.3825
v 30.0290 -28.3374 1.8737
v 30.1877 -28.3374 1.4294
v 30.7876 -28.3415 2.1880
v 30.9734 -28.3415 1.6677
v 29.5843 -28.3374 2.7048
v 30.2670 -28.3415 3.1610
v 30.5512 -28.3415 2.6872
v 29.8270 -28.3374 2.3002
v 29.6846 -28.3253 2.2240
v 29.4500 -28.3253 2.6151
v 28.8724 -28.3253 3.3195
v 29.1784 -28.3253 2.9815
v 28.9867 -28.3374 3.4338
v 29.3033 -28.3374 3.0840
v 29.5673 -28.3415 4.0144
v 29.9380 -28.3415 3.6048
v 28.2577 -28.3374 4.0314
v 28.7139 -28.3415 4.7141
v 29.1577 -28.3415 4.3851
v 28.6369 -28.3374 3.7504
v 28.5344 -28.3253 3.6256
v 28.1680 -28.3253 3.8971
v 27.3648 -28.3253 4.3269
v 27.7769 -28.3253 4.1317
v 27.4266 -28.3374 4.4762
v 27.8530 -28.3374 4.2742
v 27.7409 -28.3415 5.2347
v 28.2401 -28.3415 4.9983
v 26.5245 -28.3374 4.7493
v 26.6847 -28.3415 5.5546
v 27.2206 -28.3415 5.4205
v 26.9823 -28.3374 4.6348
v 26.9354 -28.3253 4.4803
v 26.4930 -28.3253 4.5909
v 25.5865 -28.3253 4.6806
v 26.0419 -28.3253 4.6580
v 25.5865 -28.3374 4.8422
v 26.0577 -28.3374 4.8187
v 25.5865 -28.3415 5.6633
v 26.1382 -28.3415 5.6358
v 24.6484 -28.3374 4.7493
v 24.4883 -28.3415 5.5546
v 25.0347 -28.3415 5.6358
v 25.1152 -28.3374 4.8187
v 25.1310 -28.3253 4.6580
v 24.6799 -28.3253 4.5909
v 23.8081 -28.3253 4.3269
v 24.2375 -28.3253 4.4803
v 23.7463 -28.3374 4.4762
v 24.1906 -28.3374 4.6348
v 23.4321 -28.3415 5.2347
v 23.9523 -28.3415 5.4205
v 22.9152 -28.3374 4.0314
v 22.4591 -28.3415 4.7141
v 22.9328 -28.3415 4.9983
v 23.3199 -28.3374 4.2742
v 23.3960 -28.3253 4.1317
v 23.0049 -28.3253 3.8971
v 22.3005 -28.3253 3.3195
v 22.6385 -28.3253 3.6256
v 22.1862 -28.3374 3.4338
v 22.5360 -28.3374 3.7504
v 21.6057 -28.3415 4.0144
v 22.0152 -28.3415 4.3851
v 21.5886 -28.3374 2.7048
v 20.9060 -28.3415 3.1610
v 21.2349 -28.3415 3.6048
v 21.8696 -28.3374 3.0840
v 21.9945 -28.3253 2.9815
v 21.7229 -28.3253 2.6151
v 21.2931 -28.3253 1.8119
v 21.4883 -28.3253 2.2240
v 21.1439 -28.3374 1.8737
v 21.3459 -28.3374 2.3002
v 20.3853 -28.3415 2.1880
v 20.6218 -28.3415 2.6872
v 20.8707 -28.3374 0.9716
v 20.0655 -28.3415 1.1318
v 20.1995 -28.3415 1.6677
v 20.9852 -28.3374 1.4294
v 21.1398 -28.3253 1.3825
v 21.0291 -28.3253 0.9401
v 20.9394 -28.3253 0.0336
v 20.9620 -28.3253 0.4890
v 20.7778 -28.3374 0.0336
v 20.8013 -28.3374 0.5048
v 19.9568 -28.3415 0.0336
v 19.9842 -28.3415 0.5853
v 20.8707 -28.3374 -0.9045
v 20.0655 -28.3415 -1.0646
v 19.9842 -28.3415 -0.5182
v 20.8013 -28.3374 -0.4377
v 20.9620 -28.3253 -0.4219
v 21.0291 -28.3253 -0.8729
v 21.2931 -28.3253 -1.7448
v 21.1398 -28.3253 -1.3154
v 21.1439 -28.3374 -1.8066
v 20.9852 -28.3374 -1.3623
v 20.3853 -28.3415 -2.1208
v 20.1995 -28.3415 -1.6006
v 21.5886 -28.3374 -2.6377
v 20.9060 -28.3415 -3.0938
v 20.6218 -28.3415 -2.6201
v 21.3459 -28.3374 -2.2330
v 21.4883 -28.3253 -2.1569
v 21.7229 -28.3253 -2.5480
v 22.3005 -28.3253 -3.2524
v 21.9945 -28.3253 -2.9144
v 22.1862 -28.3374 -3.3666
v 21.8696 -28.3374 -3.0168
v 21.6057 -28.3415 -3.9472
v 21.2349 -28.3415 -3.5377
v 22.9152 -28.3374 -3.9643
v 22.4591 -28.3415 -4.6469
v 22.0152 -28.3415 -4.3180
v 22.5360 -28.3374 -3.6833
v 22.6385 -28.3253 -3.5584
v 23.0049 -28.3253 -3.8300
v 23.8081 -28.3253 -4.2598
v 23.3960 -28.3253 -4.0646
v 23.7463 -28.3374 -4.4090
v 23.3199 -28.3374 -4.2070
v 23.4321 -28.3415 -5.1676
v 22.9328 -28.3415 -4.9311
v 24.6484 -28.3374 -4.6822
v 24.4883 -28.3415 -5.4874
v 23.9523 -28.3415 -5.3534
v 24.1906 -28.3374 -4.5677
v 24.2375 -28.3253 -4.4131
v 24.6799 -28.3253 -4.5238
v 25.5865 -28.3253 -4.6135
v 25.1310 -28.3253 -4.5909
v 25.5865 -28.3374 -4.7751
v 25.1152 -28.3374 -4.7516
v 25.5865 -28.3415 -5.5961
v 25.0347 -28.3415 -5.5687
v 26.5245 -28.3374 -4.6822
v 26.6847 -28.3415 -5.4874
v 26.1382 -28.3415 -5.5687
v 26.0577 -28.3374 -4.7516
v 26.0419 -28.3253 -4.5909
v 26.4930 -28.3253 -4.5238
v 27.3648 -28.3253 -4.2598
v 26.9354 -28.3253 -4.4131
v 27.4266 -28.3374 -4.4090
v 26.9823 -28.3374 -4.5677
v 27.7409 -28.3415 -5.1676
v 27.2206 -28.3415 -5.3534
v 28.2577 -28.3374 -3.9643
v 28.7139 -28.3415 -4.6469
v 28.2401 -28.3415 -4.9311
v 27.8530 -28.3374 -4.2070
v 27.7769 -28.3253 -4.0646
v 28.1680 -28.3253 -3.8300
v 28.8724 -28.3253 -3.2524
v 28.5344 -28.3253 -3.5584
v 28.9867 -28.3374 -3.3666
v 28.6369 -28.3374 -3.6833
v 29.5673 -28.3415 -3.9472
v 29.1577 -28.3415 -4.3180
v 29.5843 -28.3374 -2.6377
v 30.2670 -28.3415 -3.0938
v 29.9380 -28.3415 -3.5377
v 29.3033 -28.3374 -3.0168
v 29.1784 -28.3253 -2.9144
v 29.4500 -28.3253 -2.5480
v 29.8798 -28.3253 -1.7448
v 29.6846 -28.3253 -2.1569
v 30.0290 -28.3374 -1.8066
v 29.8270 -28.3374 -2.2330
v 30.7876 -28.3415 -2.1208
v 30.5512 -28.3415 -2.6201
v 30.3022 -28.3374 -0.9045
v 31.1075 -28.3415 -1.0646
v 30.9734 -28.3415 -1.6006
v 30.1877 -28.3374 -1.3623
v 30.0331 -28.3253 -1.3154
v 30.1438 -28.3253 -0.8729
v 30.2109 -28.3253 -0.4219
v 30.3716 -28.3374 -0.4377
v 31.1887 -28.3415 -0.5182
v 24.2481 -31.6073 -0.6600
v 24.2811 -31.6075 -0.8162
v 24.4382 -31.6155 -0.7990
v 24.4150 -31.6159 -0.6446
v 24.3165 -31.6066 -0.9592
v 24.4599 -31.6138 -0.9436
v 24.6058 -31.6187 -0.9461
v 24.5940 -31.6212 -0.7957
v 24.5786 -31.6223 -0.6397
v 24.3507 -31.6044 -1.0851
v 24.4750 -31.6104 -1.0769
v 24.3763 -31.6017 -1.1756
v 24.4668 -31.6048 -1.2013
v 24.5926 -31.6077 -1.2354
v 24.6082 -31.6144 -1.0919
v 24.8917 -31.6105 -1.3038
v 24.9072 -31.6184 -1.1368
v 24.7528 -31.6169 -1.1137
v 24.7356 -31.6095 -1.2708
v 24.9121 -31.6240 -0.9732
v 24.7561 -31.6219 -0.9579
v 24.9102 -31.6278 -0.8107
v 24.7506 -31.6252 -0.8012
v 24.9049 -31.6302 -0.6470
v 24.7411 -31.6270 -0.6417
v 25.0749 -31.6297 -0.8192
v 25.0723 -31.6326 -0.6520
v 25.0749 -31.6254 -0.9864
v 25.2428 -31.6263 -0.9966
v 25.2434 -31.6309 -0.8260
v 25.2423 -31.6341 -0.6563
v 25.0698 -31.6194 -1.1561
v 25.0573 -31.6112 -1.3307
v 25.2299 -31.6115 -1.3508
v 25.2387 -31.6200 -1.1707
v 25.5868 -31.6117 -1.3679
v 25.5869 -31.6203 -1.1834
v 25.4118 -31.6202 -1.1801
v 25.4072 -31.6117 -1.3635
v 25.5869 -31.6268 -1.0058
v 25.4140 -31.6267 -1.0033
v 25.5869 -31.6316 -0.8323
v 25.4145 -31.6315 -0.8306
v 25.5870 -31.6350 -0.6604
v 25.4142 -31.6349 -0.6593
v 25.7593 -31.6313 -0.8306
v 25.7597 -31.6347 -0.6593
v 25.7599 -31.6266 -1.0033
v 25.9311 -31.6260 -0.9966
v 25.9305 -31.6305 -0.8260
v 25.9316 -31.6337 -0.6563
v 25.7620 -31.6202 -1.1801
v 25.7665 -31.6117 -1.3634
v 25.9439 -31.6116 -1.3508
v 25.9351 -31.6198 -1.1707
v 26.2821 -31.6106 -1.3037
v 26.2667 -31.6181 -1.1368
v 26.1040 -31.6192 -1.1560
v 26.1165 -31.6112 -1.3306
v 26.2618 -31.6234 -0.9732
v 26.0990 -31.6250 -0.9864
v 26.2638 -31.6269 -0.8108
v 26.0991 -31.6291 -0.8192
v 26.2691 -31.6292 -0.6470
v 26.1017 -31.6319 -0.6521
v 26.4234 -31.6239 -0.8013
v 26.4329 -31.6255 -0.6418
v 26.4179 -31.6211 -0.9579
v 26.5683 -31.6175 -0.9460
v 26.5801 -31.6194 -0.7957
v 26.5955 -31.6203 -0.6398
v 26.4212 -31.6165 -1.1136
v 26.4384 -31.6096 -1.2707
v 26.5815 -31.6077 -1.2353
v 26.5659 -31.6138 -1.0919
v 26.7979 -31.6010 -1.1755
v 26.8236 -31.6031 -1.0851
v 26.6992 -31.6095 -1.0769
v 26.7074 -31.6046 -1.2011
v 26.8577 -31.6043 -0.9592
v 26.7142 -31.6121 -0.9436
v 26.8931 -31.6042 -0.8163
v 26.7360 -31.6131 -0.7991
v 26.9260 -31.6036 -0.6602
v 26.7591 -31.6132 -0.6448
v 24.1839 -31.6017 0.0349
v 24.1884 -31.6032 -0.1446
v 24.3717 -31.6135 -0.1401
v 24.3683 -31.6123 0.0349
v 24.2010 -31.6048 -0.3219
v 24.3811 -31.6147 -0.3131
v 24.5552 -31.6223 -0.3091
v 24.5485 -31.6215 -0.1380
v 24.5460 -31.6206 0.0348
v 24.2212 -31.6063 -0.4945
v 24.3957 -31.6156 -0.4819
v 24.5654 -31.6226 -0.4769
v 24.8999 -31.6317 -0.4797
v 24.7327 -31.6279 -0.4770
v 24.8956 -31.6323 -0.3097
v 24.7258 -31.6280 -0.3085
v 24.8927 -31.6323 -0.1379
v 24.7213 -31.6277 -0.1375
v 24.8915 -31.6318 0.0348
v 24.7195 -31.6270 0.0348
v 25.0652 -31.6357 -0.1385
v 25.0645 -31.6353 0.0347
v 25.0670 -31.6355 -0.3110
v 25.2397 -31.6376 -0.3124
v 25.2387 -31.6380 -0.1391
v 25.2382 -31.6378 0.0347
v 25.0695 -31.6344 -0.4824
v 25.2410 -31.6363 -0.4849
v 25.5870 -31.6375 -0.4875
v 25.4137 -31.6373 -0.4868
v 25.5870 -31.6391 -0.3139
v 25.4131 -31.6387 -0.3134
v 25.5870 -31.6397 -0.1397
v 25.4127 -31.6393 -0.1395
v 25.5870 -31.6396 0.0346
v 25.4125 -31.6391 0.0347
v 25.7613 -31.6392 -0.1396
v 25.7615 -31.6391 0.0346
v 25.7609 -31.6386 -0.3135
v 25.9343 -31.6373 -0.3125
v 25.9353 -31.6379 -0.1391
v 25.9358 -31.6377 0.0346
v 25.7603 -31.6371 -0.4868
v 25.9330 -31.6359 -0.4850
v 26.2741 -31.6308 -0.4798
v 26.1045 -31.6338 -0.4825
v 26.2784 -31.6316 -0.3098
v 26.1070 -31.6350 -0.3112
v 26.2814 -31.6319 -0.1381
v 26.1088 -31.6354 -0.1386
v 26.2825 -31.6316 0.0346
v 26.1095 -31.6352 0.0346
v 26.4527 -31.6272 -0.1377
v 26.4545 -31.6269 0.0345
v 26.4482 -31.6271 -0.3087
v 26.6189 -31.6210 -0.3094
v 26.6255 -31.6209 -0.1383
v 26.6280 -31.6205 0.0345
v 26.4414 -31.6266 -0.4772
v 26.6086 -31.6208 -0.4771
v 26.9529 -31.6030 -0.4948
v 26.7783 -31.6131 -0.4822
v 26.9730 -31.6025 -0.3223
v 26.7930 -31.6129 -0.3134
v 26.9857 -31.6020 -0.1451
v 26.8023 -31.6126 -0.1405
v 26.9901 -31.6015 0.0344
v 26.8057 -31.6122 0.0344
v 24.2478 -31.5983 0.7295
v 24.2209 -31.5992 0.5641
v 24.3956 -31.6095 0.5515
v 24.4148 -31.6081 0.7141
v 24.2009 -31.5999 0.3916
v 24.3810 -31.6105 0.3828
v 24.5551 -31.6187 0.3787
v 24.5653 -31.6174 0.5465
v 24.5784 -31.6155 0.7091
v 24.1883 -31.6007 0.2145
v 24.3716 -31.6114 0.2099
v 24.5484 -31.6197 0.2076
v 24.8926 -31.6309 0.2074
v 24.7212 -31.6261 0.2071
v 24.8955 -31.6295 0.3791
v 24.7258 -31.6249 0.3780
v 24.8998 -31.6275 0.5491
v 24.7325 -31.6232 0.5465
v 24.9047 -31.6246 0.7163
v 24.7409 -31.6208 0.7111
v 25.0694 -31.6306 0.5518
v 25.0721 -31.6273 0.7213
v 25.0670 -31.6329 0.3805
v 25.2396 -31.6352 0.3818
v 25.2409 -31.6327 0.5543
v 25.2422 -31.6291 0.7256
v 25.0652 -31.6344 0.2079
v 25.2386 -31.6369 0.2084
v 25.5870 -31.6387 0.2090
v 25.4127 -31.6382 0.2089
v 25.5870 -31.6369 0.3832
v 25.4131 -31.6365 0.3828
v 25.5869 -31.6342 0.5568
v 25.4136 -31.6338 0.5561
v 25.5869 -31.6304 0.7297
v 25.4141 -31.6301 0.7285
v 25.7603 -31.6339 0.5561
v 25.7597 -31.6301 0.7285
v 25.7608 -31.6365 0.3827
v 25.9343 -31.6352 0.3817
v 25.9330 -31.6327 0.5542
v 25.9316 -31.6292 0.7255
v 25.7613 -31.6382 0.2088
v 25.9353 -31.6369 0.2084
v 26.2813 -31.6309 0.2072
v 26.1088 -31.6344 0.2078
v 26.2784 -31.6296 0.3790
v 26.1069 -31.6330 0.3803
v 26.2741 -31.6276 0.5489
v 26.1044 -31.6307 0.5517
v 26.2691 -31.6247 0.7162
v 26.1017 -31.6274 0.7213
v 26.4413 -31.6234 0.5463
v 26.4328 -31.6210 0.7109
v 26.4481 -31.6251 0.3778
v 26.6188 -31.6190 0.3785
v 26.6085 -31.6177 0.5462
v 26.5954 -31.6157 0.7089
v 26.4527 -31.6262 0.2068
v 26.6255 -31.6199 0.2073
v 26.9856 -31.6010 0.2140
v 26.8023 -31.6117 0.2094
v 26.9729 -31.6005 0.3912
v 26.7929 -31.6109 0.3824
v 26.9528 -31.5997 0.5638
v 26.7782 -31.6099 0.5512
v 26.9258 -31.5987 0.7293
v 26.7589 -31.6085 0.7139
v 24.3758 -31.5882 1.2447
v 24.3502 -31.5917 1.1543
v 24.4745 -31.5987 1.1461
v 24.4662 -31.5917 1.2703
v 24.3161 -31.5949 1.0285
v 24.4595 -31.6033 1.0129
v 24.6054 -31.6090 1.0153
v 24.6078 -31.6033 1.1611
v 24.5921 -31.5950 1.3045
v 24.2807 -31.5970 0.8856
v 24.4379 -31.6062 0.8684
v 24.5937 -31.6129 0.8650
v 24.9100 -31.6207 0.8800
v 24.7503 -31.6176 0.8706
v 24.9119 -31.6154 1.0425
v 24.7558 -31.6129 1.0271
v 24.9069 -31.6081 1.2060
v 24.7524 -31.6062 1.1828
v 24.8913 -31.5983 1.3728
v 24.7351 -31.5970 1.3399
v 25.0696 -31.6093 1.2252
v 25.0570 -31.5991 1.3997
v 25.0747 -31.6171 1.0556
v 25.2426 -31.6182 1.0658
v 25.2385 -31.6101 1.2399
v 25.2296 -31.5996 1.4199
v 25.0747 -31.6230 0.8885
v 25.2433 -31.6245 0.8953
v 25.5869 -31.6255 0.9015
v 25.4145 -31.6252 0.8998
v 25.5868 -31.6190 1.0750
v 25.4139 -31.6188 1.0725
v 25.5868 -31.6106 1.2526
v 25.4116 -31.6105 1.2492
v 25.5867 -31.5999 1.4370
v 25.4070 -31.5998 1.4325
v 25.7620 -31.6105 1.2492
v 25.7665 -31.5998 1.4325
v 25.7598 -31.6188 1.0725
v 25.9311 -31.6183 1.0658
v 25.9350 -31.6101 1.2399
v 25.9438 -31.5996 1.4199
v 25.7593 -31.6253 0.8998
v 25.9304 -31.6245 0.8952
v 26.2637 -31.6208 0.8800
v 26.0990 -31.6231 0.8884
v 26.2618 -31.6155 1.0424
v 26.0990 -31.6172 1.0556
v 26.2667 -31.6081 1.2059
v 26.1040 -31.6094 1.2252
v 26.2821 -31.5983 1.3728
v 26.1165 -31.5991 1.3997
v 26.4211 -31.6063 1.1828
v 26.4383 -31.5971 1.3398
v 26.4178 -31.6130 1.0270
v 26.5682 -31.6092 1.0152
v 26.5657 -31.6034 1.1610
v 26.5813 -31.5950 1.3044
v 26.4234 -31.6177 0.8705
v 26.5800 -31.6131 0.8649
v 26.8928 -31.5973 0.8854
v 26.7357 -31.6065 0.8682
v 26.8574 -31.5952 1.0284
v 26.7140 -31.6035 1.0128
v 26.8233 -31.5919 1.1542
v 26.6990 -31.5988 1.1460
v 26.7976 -31.5883 1.2447
v 26.7072 -31.5918 1.2703
v 27.3327 -31.5736 -0.5518
v 27.2858 -31.5751 -0.7356
v 27.3670 -31.5726 -0.3606
v 27.3881 -31.5719 -0.1644
v 27.3953 -31.5713 0.0342
v 27.1782 -31.5887 -0.1529
v 27.1839 -31.5881 0.0343
v 27.1616 -31.5893 -0.3376
v 27.1348 -31.5901 -0.5174
v 27.0986 -31.5911 -0.6898
v 27.3880 -31.5709 0.2330
v 27.3668 -31.5705 0.4292
v 27.3325 -31.5701 0.6206
v 27.2855 -31.5696 0.8045
v 27.1346 -31.5867 0.5863
v 27.0984 -31.5860 0.7588
v 27.1614 -31.5872 0.4064
v 27.1781 -31.5877 0.2216
v 27.2267 -31.5690 0.9784
v 27.1548 -31.5682 1.1396
v 27.0689 -31.5674 1.2852
v 26.9647 -31.5670 1.4118
v 26.9409 -31.5818 1.2021
v 26.8630 -31.5807 1.3100
v 27.0005 -31.5837 1.0705
v 27.0533 -31.5850 0.9215
v 26.8381 -31.5674 1.5159
v 26.6925 -31.5681 1.6018
v 26.5313 -31.5687 1.6737
v 26.3573 -31.5692 1.7325
v 26.4743 -31.5848 1.5003
v 26.3116 -31.5856 1.5453
v 26.6234 -31.5835 1.4475
v 26.7551 -31.5817 1.3879
v 26.1733 -31.5695 1.7794
v 25.9819 -31.5696 1.8138
v 25.7855 -31.5697 1.8349
v 25.5866 -31.5697 1.8421
v 25.7741 -31.5865 1.6250
v 25.5867 -31.5865 1.6307
v 25.9590 -31.5864 1.6084
v 26.1390 -31.5861 1.5816
v 25.3878 -31.5697 1.8349
v 25.1913 -31.5696 1.8138
v 24.9999 -31.5695 1.7794
v 24.8160 -31.5692 1.7325
v 25.0343 -31.5860 1.5816
v 24.8617 -31.5855 1.5454
v 25.2143 -31.5863 1.6084
v 25.3993 -31.5865 1.6250
v 24.6420 -31.5687 1.6737
v 24.4808 -31.5680 1.6018
v 24.3351 -31.5673 1.5159
v 24.2085 -31.5669 1.4118
v 24.4183 -31.5816 1.3880
v 24.3103 -31.5805 1.3101
v 24.5499 -31.5834 1.4475
v 24.6990 -31.5847 1.5003
v 24.1044 -31.5672 1.2853
v 24.0185 -31.5678 1.1397
v 23.9467 -31.5684 0.9786
v 23.8879 -31.5689 0.8048
v 24.1202 -31.5846 0.9217
v 24.0752 -31.5854 0.7591
v 24.1729 -31.5834 1.0706
v 24.2324 -31.5815 1.2022
v 23.8411 -31.5693 0.6210
v 23.8068 -31.5698 0.4298
v 23.7858 -31.5706 0.2337
v 23.7786 -31.5719 0.0350
v 23.9958 -31.5873 0.2222
v 23.9900 -31.5885 0.0350
v 24.0123 -31.5866 0.4069
v 24.0390 -31.5860 0.5867
v 23.7859 -31.5741 -0.1637
v 23.8070 -31.5766 -0.3600
v 23.8414 -31.5792 -0.5514
v 23.8883 -31.5813 -0.7353
v 24.0392 -31.5944 -0.5170
v 24.0755 -31.5960 -0.6896
v 24.0125 -31.5924 -0.3371
v 23.9958 -31.5903 -0.1523
v 23.9472 -31.5826 -0.9093
v 24.0191 -31.5832 -1.0705
v 24.1050 -31.5833 -1.2162
v 24.2092 -31.5834 -1.3429
v 24.2330 -31.5958 -1.1331
v 24.3110 -31.5952 -1.2411
v 24.1734 -31.5967 -1.0014
v 24.1206 -31.5968 -0.8523
v 24.3358 -31.5841 -1.4471
v 24.4814 -31.5849 -1.5330
v 24.6425 -31.5855 -1.6048
v 24.8164 -31.5860 -1.6637
v 24.6995 -31.5992 -1.4314
v 24.8621 -31.5999 -1.4764
v 24.5505 -31.5981 -1.3786
v 24.4189 -31.5964 -1.3190
v 25.0003 -31.5862 -1.7106
v 25.1916 -31.5864 -1.7449
v 25.3879 -31.5865 -1.7660
v 25.5867 -31.5865 -1.7732
v 25.3994 -31.6007 -1.5560
v 25.5868 -31.6007 -1.5618
v 25.2146 -31.6006 -1.5394
v 25.0347 -31.6004 -1.5126
v 25.7855 -31.5866 -1.7660
v 25.9819 -31.5866 -1.7449
v 26.1733 -31.5866 -1.7105
v 26.3573 -31.5865 -1.6636
v 26.1390 -31.6006 -1.5126
v 26.3116 -31.6003 -1.4763
v 25.9590 -31.6007 -1.5394
v 25.7741 -31.6008 -1.5560
v 26.5314 -31.5862 -1.6047
v 26.6927 -31.5856 -1.5328
v 26.8384 -31.5844 -1.4469
v 26.9651 -31.5829 -1.3427
v 26.7553 -31.5966 -1.3188
v 26.8633 -31.5947 -1.2409
v 26.6236 -31.5986 -1.3784
v 26.4744 -31.5997 -1.4313
v 27.0693 -31.5811 -1.2161
v 27.1552 -31.5792 -1.0705
v 27.2270 -31.5770 -0.9094
v 27.0536 -31.5925 -0.8524
v 27.0008 -31.5936 -1.0014
v 26.9413 -31.5941 -1.1330
v 30.6444 -31.2940 2.1286
v 30.5873 -31.2526 2.1050
v 30.7659 -31.2526 1.6048
v 30.8251 -31.2940 1.6227
v 30.5186 -31.2226 2.0765
v 30.6948 -31.2226 1.5832
v 30.8219 -31.2226 1.0750
v 30.8948 -31.2526 1.0895
v 30.9555 -31.2940 1.1015
v 30.9250 -31.2226 0.0336
v 30.8990 -31.2226 0.5568
v 30.9993 -31.2526 0.0336
v 30.9730 -31.2526 0.5640
v 31.0612 -31.2940 0.0336
v 31.0345 -31.2940 0.5701
v 29.4577 -31.2940 3.9047
v 29.4139 -31.2526 3.8610
v 29.7704 -31.2526 3.4673
v 29.8182 -31.2940 3.5065
v 29.3614 -31.2226 3.8085
v 29.7129 -31.2226 3.4201
v 30.0249 -31.2226 2.9992
v 30.0867 -31.2526 3.0405
v 30.1381 -31.2940 3.0748
v 30.2944 -31.2226 2.5499
v 30.3599 -31.2526 2.5850
v 30.4145 -31.2940 2.6141
v 27.6816 -31.2940 5.0915
v 27.6579 -31.2526 5.0344
v 28.1379 -31.2526 4.8070
v 28.1670 -31.2940 4.8615
v 27.6295 -31.2226 4.9657
v 28.1029 -31.2226 4.7415
v 28.5521 -31.2226 4.4720
v 28.5934 -31.2526 4.5338
v 28.6278 -31.2940 4.5852
v 28.9730 -31.2226 4.1600
v 29.0202 -31.2526 4.2175
v 29.0594 -31.2940 4.2653
v 25.5865 -31.2940 5.5082
v 25.5865 -31.2526 5.4464
v 26.1169 -31.2526 5.4201
v 26.1230 -31.2940 5.4816
v 25.5865 -31.2226 5.3721
v 26.1097 -31.2226 5.3461
v 26.6279 -31.2226 5.2690
v 26.6424 -31.2526 5.3419
v 26.6544 -31.2940 5.4025
v 27.1361 -31.2226 5.1419
v 27.1577 -31.2526 5.2130
v 27.1756 -31.2940 5.2722
v 23.4914 -31.2940 5.0915
v 23.5151 -31.2526 5.0344
v 24.0153 -31.2526 5.2130
v 23.9973 -31.2940 5.2722
v 23.5435 -31.2226 4.9657
v 24.0368 -31.2226 5.1419
v 24.5451 -31.2226 5.2690
v 24.5306 -31.2526 5.3419
v 24.5185 -31.2940 5.4025
v 25.0633 -31.2226 5.3461
v 25.0560 -31.2526 5.4201
v 25.0500 -31.2940 5.4816
v 21.7153 -31.2940 3.9047
v 21.7590 -31.2526 3.8610
v 22.1528 -31.2526 4.2175
v 22.1136 -31.2940 4.2653
v 21.8116 -31.2226 3.8085
v 22.1999 -31.2226 4.1600
v 22.6208 -31.2226 4.4720
v 22.5795 -31.2526 4.5338
v 22.5452 -31.2940 4.5852
v 23.0701 -31.2226 4.7415
v 23.0351 -31.2526 4.8070
v 23.0059 -31.2940 4.8615
v 20.5285 -31.2940 2.1286
v 20.5857 -31.2526 2.1050
v 20.8130 -31.2526 2.5850
v 20.7585 -31.2940 2.6141
v 20.6543 -31.2226 2.0765
v 20.8786 -31.2226 2.5499
v 21.1481 -31.2226 2.9992
v 21.0863 -31.2526 3.0405
v 21.0349 -31.2940 3.0748
v 21.4600 -31.2226 3.4201
v 21.4026 -31.2526 3.4673
v 21.3548 -31.2940 3.5065
v 20.1118 -31.2940 0.0336
v 20.1736 -31.2526 0.0336
v 20.2000 -31.2526 0.5640
v 20.1385 -31.2940 0.5701
v 20.2480 -31.2227 0.0336
v 20.2740 -31.2226 0.5568
v 20.3510 -31.2226 1.0750
v 20.2781 -31.2526 1.0895
v 20.2175 -31.2940 1.1015
v 20.4781 -31.2226 1.5832
v 20.4070 -31.2526 1.6048
v 20.3479 -31.2940 1.6227
v 20.5285 -31.2940 -2.0615
v 20.5857 -31.2526 -2.0378
v 20.4070 -31.2526 -1.5377
v 20.3479 -31.2940 -1.5556
v 20.6543 -31.2229 -2.0094
v 20.4781 -31.2229 -1.5161
v 20.3510 -31.2228 -1.0078
v 20.2781 -31.2526 -1.0223
v 20.2175 -31.2940 -1.0344
v 20.2740 -31.2227 -0.4896
v 20.2000 -31.2526 -0.4969
v 20.1385 -31.2940 -0.5030
v 21.7153 -31.2940 -3.8376
v 21.7590 -31.2526 -3.7939
v 21.4026 -31.2526 -3.4001
v 21.3548 -31.2940 -3.4394
v 21.8116 -31.2230 -3.7413
v 21.4600 -31.2230 -3.3530
v 21.1481 -31.2230 -2.9321
v 21.0863 -31.2526 -2.9734
v 21.0349 -31.2940 -3.0077
v 20.8786 -31.2230 -2.4828
v 20.8130 -31.2526 -2.5178
v 20.7585 -31.2940 -2.5470
v 23.4914 -31.2940 -5.0244
v 23.5151 -31.2526 -4.9673
v 23.0351 -31.2526 -4.7399
v 23.0059 -31.2940 -4.7944
v 23.5435 -31.2231 -4.8986
v 23.0701 -31.2231 -4.6743
v 22.6208 -31.2231 -4.4048
v 22.5795 -31.2526 -4.4666
v 22.5452 -31.2940 -4.5180
v 22.1999 -31.2231 -4.0929
v 22.1528 -31.2526 -4.1503
v 22.1135 -31.2940 -4.1981
v 25.5865 -31.2940 -5.4411
v 25.5865 -31.2526 -5.3793
v 25.0560 -31.2526 -5.3529
v 25.0500 -31.2940 -5.4144
v 25.5865 -31.2231 -5.3050
v 25.0633 -31.2231 -5.2789
v 24.5451 -31.2231 -5.2019
v 24.5306 -31.2526 -5.2748
v 24.5185 -31.2940 -5.3354
v 24.0368 -31.2231 -5.0748
v 24.0153 -31.2526 -5.1459
v 23.9973 -31.2940 -5.2050
v 27.6816 -31.2940 -5.0244
v 27.6579 -31.2526 -4.9673
v 27.1577 -31.2526 -5.1459
v 27.1756 -31.2940 -5.2050
v 27.6294 -31.2230 -4.8986
v 27.1361 -31.2231 -5.0748
v 26.6279 -31.2231 -5.2019
v 26.6424 -31.2526 -5.2748
v 26.6544 -31.2940 -5.3354
v 26.1097 -31.2231 -5.2789
v 26.1170 -31.2526 -5.3529
v 26.1230 -31.2940 -5.4144
v 29.4577 -31.2940 -3.8376
v 29.4140 -31.2526 -3.7939
v 29.0202 -31.2526 -4.1503
v 29.0594 -31.2940 -4.1981
v 29.3614 -31.2229 -3.7413
v 28.9730 -31.2230 -4.0929
v 28.5521 -31.2230 -4.4048
v 28.5934 -31.2526 -4.4666
v 28.6278 -31.2940 -4.5180
v 28.1029 -31.2230 -4.6743
v 28.1379 -31.2526 -4.7399
v 28.1670 -31.2940 -4.7944
v 30.6444 -31.2940 -2.0615
v 30.5873 -31.2526 -2.0378
v 30.3599 -31.2526 -2.5178
v 30.4145 -31.2940 -2.5470
v 30.5186 -31.2227 -2.0094
v 30.2944 -31.2227 -2.4828
v 30.0249 -31.2228 -2.9321
v 30.0867 -31.2526 -2.9734
v 30.1381 -31.2940 -3.0077
v 29.7129 -31.2229 -3.3530
v 29.7704 -31.2526 -3.4001
v 29.8182 -31.2940 -3.4394
v 30.9730 -31.2526 -0.4969
v 31.0345 -31.2940 -0.5030
v 30.8990 -31.2226 -0.4896
v 30.8219 -31.2226 -1.0078
v 30.8948 -31.2526 -1.0223
v 30.9555 -31.2940 -1.0344
v 30.6948 -31.2226 -1.5161
v 30.7659 -31.2526 -1.5377
v 30.8251 -31.2940 -1.5556
v 33.3774 -29.9705 3.2607
v 33.6557 -29.9705 2.4814
v 33.8565 -29.9705 1.6786
v 33.2129 -30.3985 3.1925
v 33.4853 -30.3985 2.4297
v 33.6818 -30.3985 1.6438
v 33.9782 -29.9705 0.8600
v 33.8010 -30.3985 0.8426
v 33.8412 -30.3985 0.0336
v 34.0193 -29.9705 0.0336
v 31.5494 -29.9705 5.9965
v 32.1047 -29.9705 5.3830
v 32.5974 -29.9705 4.7181
v 31.4235 -30.3985 5.8705
v 31.9671 -30.3985 5.2701
v 32.4494 -30.3985 4.6192
v 33.0231 -29.9705 4.0085
v 32.8661 -30.3985 3.9245
v 28.8136 -29.9705 7.8245
v 29.5614 -29.9705 7.4702
v 30.2710 -29.9705 7.0445
v 28.7454 -30.3985 7.6600
v 29.4774 -30.3985 7.3132
v 30.1721 -30.3985 6.8965
v 30.9359 -29.9705 6.5518
v 30.8230 -30.3985 6.4141
v 25.5865 -29.9705 8.4664
v 26.4129 -29.9705 8.4253
v 27.2315 -29.9705 8.3036
v 25.5865 -30.3985 8.2883
v 26.3955 -30.3985 8.2481
v 27.1967 -30.3985 8.1289
v 28.0343 -29.9705 8.1028
v 27.9826 -30.3985 7.9324
v 22.3594 -29.9705 7.8245
v 23.1386 -29.9705 8.1028
v 23.9415 -29.9705 8.3036
v 22.4275 -30.3985 7.6600
v 23.1903 -30.3985 7.9324
v 23.9762 -30.3985 8.1289
v 24.7600 -29.9705 8.4253
v 24.7775 -30.3985 8.2481
v 19.6236 -29.9705 5.9965
v 20.2370 -29.9705 6.5518
v 20.9019 -29.9705 7.0445
v 19.7495 -30.3985 5.8705
v 20.3500 -30.3985 6.4141
v 21.0008 -30.3985 6.8965
v 21.6116 -29.9705 7.4702
v 21.6955 -30.3985 7.3132
v 17.7956 -29.9705 3.2607
v 18.1498 -29.9705 4.0085
v 18.5755 -29.9705 4.7181
v 17.9601 -30.3985 3.1925
v 18.3069 -30.3985 3.9245
v 18.7236 -30.3985 4.6192
v 19.0683 -29.9705 5.3830
v 19.2059 -30.3985 5.2701
v 17.1537 -29.9705 0.0336
v 17.1948 -29.9705 0.8600
v 17.3165 -29.9705 1.6786
v 17.3317 -30.3985 0.0336
v 17.3720 -30.3985 0.8426
v 17.4911 -30.3985 1.6438
v 17.5173 -29.9705 2.4814
v 17.6877 -30.3985 2.4297
v 17.7956 -29.9705 -3.1935
v 17.5173 -29.9705 -2.4143
v 17.3165 -29.9705 -1.6114
v 17.9601 -30.3985 -3.1254
v 17.6877 -30.3985 -2.3626
v 17.4911 -30.3985 -1.5767
v 17.1948 -29.9705 -0.7929
v 17.3720 -30.3985 -0.7754
v 19.6236 -29.9705 -5.9293
v 19.0683 -29.9705 -5.3159
v 18.5755 -29.9705 -4.6510
v 19.7495 -30.3985 -5.8034
v 19.2059 -30.3985 -5.2029
v 18.7236 -30.3985 -4.5521
v 18.1498 -29.9705 -3.9413
v 18.3069 -30.3985 -3.8574
v 22.3594 -29.9705 -7.7573
v 21.6116 -29.9705 -7.4031
v 20.9019 -29.9705 -6.9774
v 22.4275 -30.3985 -7.5928
v 21.6955 -30.3985 -7.2461
v 21.0008 -30.3985 -6.8293
v 20.2370 -29.9705 -6.4846
v 20.3500 -30.3985 -6.3470
v 25.5865 -29.9705 -8.3992
v 24.7600 -29.9705 -8.3581
v 23.9415 -29.9705 -8.2364
v 25.5865 -30.3985 -8.2212
v 24.7775 -30.3985 -8.1809
v 23.9762 -30.3985 -8.0618
v 23.1386 -29.9705 -8.0356
v 23.1903 -30.3985 -7.8652
v 28.8136 -29.9705 -7.7573
v 28.0343 -29.9705 -8.0356
v 27.2315 -29.9705 -8.2364
v 28.7454 -30.3985 -7.5928
v 27.9826 -30.3985 -7.8652
v 27.1967 -30.3985 -8.0618
v 26.4129 -29.9705 -8.3581
v 26.3955 -30.3985 -8.1809
v 31.5494 -29.9705 -5.9293
v 30.9359 -29.9705 -6.4846
v 30.2711 -29.9705 -6.9774
v 31.4235 -30.3985 -5.8034
v 30.8230 -30.3985 -6.3470
v 30.1721 -30.3985 -6.8293
v 29.5614 -29.9705 -7.4031
v 29.4774 -30.3985 -7.2461
v 33.3774 -29.9705 -3.1935
v 33.0231 -29.9705 -3.9413
v 32.5974 -29.9705 -4.6510
v 33.2129 -30.3985 -3.1254
v 32.8661 -30.3985 -3.8574
v 32.4494 -30.3985 -4.5521
v 32.1047 -29.9705 -5.3159
v 31.9671 -30.3985 -5.2029
v 33.9782 -29.9705 -0.7929
v 33.8565 -29.9705 -1.6114
v 33.8010 -30.3985 -0.7754
v 33.6818 -30.3985 -1.5767
v 33.6557 -29.9705 -2.4143
v 33.4853 -30.3985 -2.3626
v 33.0655 -31.2034 2.3024
v 33.2877 -30.8109 2.3698
v 33.0221 -30.8109 3.1135
v 32.8076 -31.2034 3.0247
v 32.5812 -31.5331 2.9309
v 32.8311 -31.5331 2.2313
v 33.0114 -31.5331 1.5105
v 33.2516 -31.2034 1.5583
v 33.4794 -30.8109 1.6036
v 33.1576 -31.5331 0.0336
v 33.1207 -31.5331 0.7756
v 33.4025 -31.2034 0.0336
v 33.3644 -31.2034 0.7996
v 33.6348 -30.8109 0.0336
v 33.5955 -30.8109 0.8223
v 31.6280 -31.2034 4.9918
v 31.8075 -30.8109 5.1391
v 31.2775 -30.8109 5.7246
v 31.1133 -31.2034 5.5603
v 30.9400 -31.5331 5.3871
v 31.4386 -31.5331 4.8364
v 31.8810 -31.5331 4.2394
v 32.0847 -31.2034 4.3755
v 32.2777 -30.8109 4.5045
v 32.2632 -31.5331 3.6023
v 32.4792 -31.2034 3.7178
v 32.6840 -30.8109 3.8272
v 29.2707 -31.2034 6.9263
v 29.3801 -30.8109 7.1311
v 28.6664 -30.8109 7.4692
v 28.5776 -31.2034 7.2546
v 28.4838 -31.5331 7.0283
v 29.1552 -31.5331 6.7103
v 29.7923 -31.5331 6.3281
v 29.9284 -31.2034 6.5318
v 30.0574 -30.8109 6.7248
v 30.3893 -31.5331 5.8857
v 30.5447 -31.2034 6.0751
v 30.6920 -30.8109 6.2546
v 26.3525 -31.2034 7.8115
v 26.3752 -30.8109 8.0426
v 25.5865 -30.8109 8.0819
v 25.5865 -31.2034 7.8496
v 25.5865 -31.5331 7.6047
v 26.3285 -31.5331 7.5678
v 27.0634 -31.5331 7.4585
v 27.1112 -31.2034 7.6987
v 27.1565 -30.8109 7.9265
v 27.7842 -31.5331 7.2782
v 27.8553 -31.2034 7.5126
v 27.9227 -30.8109 7.7348
v 23.3177 -31.2034 7.5126
v 23.2503 -30.8109 7.7348
v 22.5065 -30.8109 7.4692
v 22.5954 -31.2034 7.2546
v 22.6892 -31.5331 7.0283
v 23.3888 -31.5331 7.2782
v 24.1096 -31.5331 7.4585
v 24.0618 -31.2034 7.6987
v 24.0165 -30.8109 7.9265
v 24.8445 -31.5331 7.5678
v 24.8205 -31.2034 7.8115
v 24.7977 -30.8109 8.0426
v 20.6283 -31.2034 6.0751
v 20.4810 -30.8109 6.2546
v 19.8955 -30.8109 5.7246
v 20.0597 -31.2034 5.5603
v 20.2329 -31.5331 5.3871
v 20.7837 -31.5331 5.8857
v 21.3806 -31.5331 6.3281
v 21.2445 -31.2034 6.5318
v 21.1155 -30.8109 6.7248
v 22.0178 -31.5331 6.7103
v 21.9023 -31.2034 6.9263
v 21.7928 -30.8109 7.1311
v 18.6937 -31.2034 3.7178
v 18.4889 -30.8109 3.8272
v 18.1508 -30.8109 3.1135
v 18.3654 -31.2034 3.0247
v 18.5917 -31.5331 2.9309
v 18.9098 -31.5331 3.6023
v 19.2920 -31.5331 4.2394
v 19.0883 -31.2034 4.3755
v 18.8952 -30.8109 4.5045
v 19.7344 -31.5331 4.8364
v 19.5450 -31.2034 4.9918
v 19.3655 -30.8109 5.1391
v 17.8086 -31.2034 0.7996
v 17.5774 -30.8109 0.8223
v 17.5382 -30.8109 0.0336
v 17.7705 -31.2034 0.0336
v 18.0154 -31.5331 0.0336
v 18.0523 -31.5331 0.7756
v 18.1616 -31.5331 1.5105
v 17.9214 -31.2034 1.5583
v 17.6936 -30.8109 1.6036
v 18.3419 -31.5331 2.2313
v 18.1075 -31.2034 2.3024
v 17.8852 -30.8109 2.3698
v 18.1075 -31.2034 -2.2352
v 17.8852 -30.8109 -2.3026
v 18.1508 -30.8109 -3.0464
v 18.3654 -31.2034 -2.9575
v 18.5917 -31.5331 -2.8637
v 18.3419 -31.5331 -2.1641
v 18.1616 -31.5331 -1.4433
v 17.9214 -31.2034 -1.4911
v 17.6936 -30.8109 -1.5364
v 18.0523 -31.5331 -0.7084
v 17.8086 -31.2034 -0.7324
v 17.5774 -30.8109 -0.7552
v 19.5450 -31.2034 -4.9246
v 19.3655 -30.8109 -5.0719
v 19.8955 -30.8109 -5.6574
v 20.0597 -31.2034 -5.4932
v 20.2329 -31.5331 -5.3200
v 19.7344 -31.5331 -4.7692
v 19.2920 -31.5331 -4.1723
v 19.0883 -31.2034 -4.3083
v 18.8952 -30.8109 -4.4374
v 18.9098 -31.5331 -3.5351
v 18.6937 -31.2034 -3.6506
v 18.4889 -30.8109 -3.7601
v 21.9023 -31.2034 -6.8592
v 21.7928 -30.8109 -7.0640
v 22.5065 -30.8109 -7.4021
v 22.5954 -31.2034 -7.1875
v 22.6892 -31.5331 -6.9612
v 22.0178 -31.5331 -6.6431
v 21.3806 -31.5331 -6.2609
v 21.2445 -31.2034 -6.4646
v 21.1155 -30.8109 -6.6577
v 20.7837 -31.5331 -5.8185
v 20.6283 -31.2034 -6.0079
v 20.4810 -30.8109 -6.1874
v 24.8205 -31.2034 -7.7443
v 24.7977 -30.8109 -7.9755
v 25.5865 -30.8109 -8.0147
v 25.5865 -31.2034 -7.7824
v 25.5865 -31.5331 -7.5375
v 24.8445 -31.5331 -7.5006
v 24.1096 -31.5331 -7.3913
v 24.0618 -31.2034 -7.6315
v 24.0165 -30.8109 -7.8593
v 23.3888 -31.5331 -7.2110
v 23.3177 -31.2034 -7.4454
v 23.2503 -30.8109 -7.6677
v 27.8553 -31.2034 -7.4454
v 27.9227 -30.8109 -7.6677
v 28.6664 -30.8109 -7.4021
v 28.5776 -31.2034 -7.1875
v 28.4838 -31.5331 -6.9612
v 27.7842 -31.5331 -7.2110
v 27.0634 -31.5331 -7.3913
v 27.1112 -31.2034 -7.6315
v 27.1565 -30.8109 -7.8593
v 26.3285 -31.5331 -7.5006
v 26.3525 -31.2034 -7.7443
v 26.3752 -30.8109 -7.9755
v 30.5447 -31.2034 -6.0079
v 30.6920 -30.8109 -6.1874
v 31.2775 -30.8109 -5.6574
v 31.1133 -31.2034 -5.4932
v 30.9400 -31.5331 -5.3200
v 30.3893 -31.5331 -5.8185
v 29.7923 -31.5331 -6.2609
v 29.9284 -31.2034 -6.4646
v 30.0574 -30.8109 -6.6577
v 29.1552 -31.5331 -6.6431
v 29.2707 -31.2034 -6.8592
v 29.3801 -30.8109 -7.0640
v 32.4792 -31.2034 -3.6506
v 32.6840 -30.8109 -3.7601
v 33.0221 -30.8109 -3.0464
v 32.8076 -31.2034 -2.9575
v 32.5812 -31.5331 -2.8637
v 32.2632 -31.5331 -3.5351
v 31.8810 -31.5331 -4.1723
v 32.0847 -31.2034 -4.3083
v 32.2777 -30.8109 -4.4374
v 31.4386 -31.5331 -4.7692
v 31.6280 -31.2034 -4.9246
v 31.8075 -30.8109 -5.0719
v 33.3644 -31.2034 -0.7324
v 33.5955 -30.8109 -0.7552
v 33.1207 -31.5331 -0.7084
v 33.0114 -31.5331 -1.4433
v 33.2516 -31.2034 -1.4911
v 33.4794 -30.8109 -1.5364
v 32.8311 -31.5331 -2.1641
v 33.0655 -31.2034 -2.2352
v 33.2877 -30.8109 -2.3026
v 30.7890 -31.3987 2.1885
v 30.9748 -31.3987 1.6682
v 31.1089 -31.3987 1.1321
v 31.2176 -31.3987 0.0336
v 31.1902 -31.3987 0.5854
v 29.5683 -31.3987 4.0154
v 29.9391 -31.3987 3.6058
v 30.2682 -31.3987 3.1618
v 30.5525 -31.3987 2.6879
v 27.7414 -31.3987 5.2361
v 28.2408 -31.3987 4.9995
v 28.7147 -31.3987 4.7153
v 29.1587 -31.3987 4.3862
v 25.5865 -31.3987 5.6647
v 26.1383 -31.3987 5.6373
v 26.6850 -31.3987 5.5560
v 27.2211 -31.3987 5.4219
v 23.4315 -31.3987 5.2361
v 23.9519 -31.3987 5.4219
v 24.4880 -31.3987 5.5560
v 25.0346 -31.3987 5.6373
v 21.6046 -31.3987 4.0154
v 22.0143 -31.3987 4.3862
v 22.4583 -31.3987 4.7153
v 22.9322 -31.3987 4.9995
v 20.3840 -31.3987 2.1885
v 20.6205 -31.3987 2.6879
v 20.9048 -31.3987 3.1618
v 21.2338 -31.3987 3.6058
v 19.9553 -31.3987 0.0336
v 19.9828 -31.3987 0.5854
v 20.0640 -31.3987 1.1321
v 20.1981 -31.3987 1.6682
v 20.3840 -31.3987 -2.1214
v 20.1981 -31.3987 -1.6010
v 20.0640 -31.3987 -1.0649
v 19.9828 -31.3987 -0.5183
v 21.6046 -31.3987 -3.9483
v 21.2338 -31.3987 -3.5386
v 20.9048 -31.3987 -3.0946
v 20.6205 -31.3987 -2.6207
v 23.4315 -31.3987 -5.1689
v 22.9322 -31.3987 -4.9324
v 22.4583 -31.3987 -4.6481
v 22.0143 -31.3987 -4.3191
v 25.5865 -31.3987 -5.5976
v 25.0346 -31.3987 -5.5701
v 24.4880 -31.3987 -5.4889
v 23.9519 -31.3987 -5.3548
v 27.7414 -31.3987 -5.1689
v 27.2211 -31.3987 -5.3548
v 26.6850 -31.3987 -5.4889
v 26.1383 -31.3987 -5.5701
v 29.5683 -31.3987 -3.9483
v 29.1587 -31.3987 -4.3191
v 28.7147 -31.3987 -4.6481
v 28.2408 -31.3987 -4.9324
v 30.7890 -31.3987 -2.1214
v 30.5525 -31.3987 -2.6207
v 30.2682 -31.3987 -3.0946
v 29.9391 -31.3987 -3.5386
v 31.1902 -31.3987 -0.5183
v 31.1089 -31.3987 -1.0649
v 30.9748 -31.3987 -1.6010
v 31.4046 -31.7493 2.4435
v 31.6125 -31.7493 1.8616
v 31.7624 -31.7493 1.2620
v 31.8840 -31.7493 0.0336
v 31.8533 -31.7493 0.6507
v 30.0395 -31.7493 4.4866
v 30.4542 -31.7493 4.0285
v 30.8222 -31.7493 3.5320
v 31.1401 -31.7493 3.0020
v 27.9964 -31.7493 5.8517
v 28.5549 -31.7493 5.5872
v 29.0849 -31.7493 5.2693
v 29.5814 -31.7493 4.9013
v 25.5865 -31.7493 6.3311
v 26.2037 -31.7493 6.3004
v 26.8150 -31.7493 6.2095
v 27.4145 -31.7493 6.0596
v 23.1765 -31.7493 5.8517
v 23.7585 -31.7493 6.0596
v 24.3580 -31.7493 6.2095
v 24.9693 -31.7493 6.3004
v 21.1335 -31.7493 4.4866
v 21.5916 -31.7493 4.9013
v 22.0881 -31.7493 5.2693
v 22.6181 -31.7493 5.5872
v 19.7683 -31.7493 2.4435
v 20.0329 -31.7493 3.0020
v 20.3508 -31.7493 3.5320
v 20.7188 -31.7493 4.0285
v 19.2889 -31.7493 0.0336
v 19.3196 -31.7493 0.6507
v 19.4105 -31.7493 1.2620
v 19.5605 -31.7493 1.8616
v 19.7683 -31.7493 -2.3764
v 19.5605 -31.7493 -1.7944
v 19.4105 -31.7493 -1.1949
v 19.3196 -31.7493 -0.5836
v 21.1335 -31.7493 -4.4195
v 20.7188 -31.7493 -3.9613
v 20.3508 -31.7493 -3.4648
v 20.0329 -31.7493 -2.9348
v 23.1765 -31.7493 -5.7846
v 22.6181 -31.7493 -5.5201
v 22.0881 -31.7493 -5.2021
v 21.5916 -31.7493 -4.8342
v 25.5865 -31.7493 -6.2640
v 24.9693 -31.7493 -6.2333
v 24.3580 -31.7493 -6.1424
v 23.7585 -31.7493 -5.9924
v 27.9964 -31.7493 -5.7846
v 27.4145 -31.7493 -5.9924
v 26.8150 -31.7493 -6.1424
v 26.2036 -31.7493 -6.2333
v 30.0395 -31.7493 -4.4194
v 29.5814 -31.7493 -4.8342
v 29.0849 -31.7493 -5.2021
v 28.5549 -31.7493 -5.5201
v 31.4046 -31.7493 -2.3764
v 31.1401 -31.7493 -2.9348
v 30.8222 -31.7493 -3.4648
v 30.4542 -31.7493 -3.9613
v 31.8533 -31.7493 -0.5836
v 31.7624 -31.7493 -1.1949
v 31.6125 -31.7493 -1.7944
vt 0.736694 0.772678
vt 0.744242 0.773158
vt 0.744134 0.774779
vt 0.736600 0.774300
vt 0.751809 0.773703
vt 0.751685 0.775323
vt 0.751545 0.777119
vt 0.744013 0.776577
vt 0.736494 0.776099
vt 0.759391 0.774340
vt 0.759248 0.775959
vt 0.766984 0.775071
vt 0.766820 0.776688
vt 0.766637 0.778480
vt 0.759088 0.777753
vt 0.765966 0.784900
vt 0.758499 0.784182
vt 0.758902 0.779809
vt 0.766425 0.780533
vt 0.751032 0.783552
vt 0.751384 0.779177
vt 0.743568 0.783021
vt 0.743872 0.778637
vt 0.736106 0.782541
vt 0.736372 0.778159
vt 0.774587 0.775907
vt 0.774401 0.777521
vt 0.782206 0.776852
vt 0.781995 0.778463
vt 0.781759 0.780249
vt 0.774193 0.779311
vt 0.789835 0.777933
vt 0.789596 0.779541
vt 0.797469 0.779158
vt 0.797199 0.780761
vt 0.796898 0.782537
vt 0.789329 0.781322
vt 0.795799 0.788898
vt 0.788352 0.787705
vt 0.789019 0.783363
vt 0.796549 0.784571
vt 0.780895 0.786645
vt 0.781485 0.782295
vt 0.773431 0.785724
vt 0.773952 0.781361
vt 0.805104 0.780540
vt 0.804802 0.782137
vt 0.812741 0.782091
vt 0.812402 0.783680
vt 0.812024 0.785441
vt 0.804463 0.783906
vt 0.820369 0.783834
vt 0.819991 0.785415
vt 0.827979 0.785784
vt 0.827558 0.787353
vt 0.827089 0.789092
vt 0.819569 0.787166
vt 0.825394 0.795317
vt 0.818038 0.793436
vt 0.819082 0.789171
vt 0.826550 0.791083
vt 0.810649 0.791748
vt 0.811587 0.787459
vt 0.803233 0.790245
vt 0.804073 0.785933
vt 0.835556 0.787955
vt 0.835090 0.789512
vt 0.843078 0.790354
vt 0.842570 0.791896
vt 0.842007 0.793606
vt 0.834572 0.791236
vt 0.850512 0.792957
vt 0.849976 0.794488
vt 0.857840 0.795618
vt 0.857334 0.797165
vt 0.856733 0.798876
vt 0.849382 0.796185
vt 0.854415 0.804981
vt 0.847208 0.802253
vt 0.848696 0.798128
vt 0.856011 0.800832
vt 0.839980 0.799720
vt 0.841362 0.795562
vt 0.832708 0.797409
vt 0.833978 0.793211
vt 0.376333 0.795120
vt 0.383675 0.792470
vt 0.384208 0.794006
vt 0.376838 0.796673
vt 0.391115 0.789887
vt 0.391620 0.791431
vt 0.392179 0.793142
vt 0.384799 0.795705
vt 0.377438 0.798387
vt 0.398643 0.787506
vt 0.399105 0.789063
vt 0.406225 0.785353
vt 0.406642 0.786923
vt 0.407107 0.788662
vt 0.399618 0.790789
vt 0.408788 0.794890
vt 0.401468 0.796966
vt 0.400208 0.792766
vt 0.407642 0.790655
vt 0.394191 0.799264
vt 0.392820 0.795102
vt 0.386954 0.801782
vt 0.385481 0.797650
vt 0.379765 0.804487
vt 0.378158 0.800344
vt 0.413837 0.783421
vt 0.414212 0.785002
vt 0.421468 0.781692
vt 0.421804 0.783282
vt 0.422179 0.785043
vt 0.414631 0.786754
vt 0.429109 0.780155
vt 0.429408 0.781752
vt 0.436749 0.778791
vt 0.437015 0.780394
vt 0.437312 0.782170
vt 0.429743 0.783521
vt 0.438397 0.788533
vt 0.430960 0.789860
vt 0.430129 0.785549
vt 0.437656 0.784205
vt 0.423541 0.791351
vt 0.422612 0.787061
vt 0.416149 0.793028
vt 0.415113 0.788761
vt 0.444384 0.777585
vt 0.444620 0.779193
vt 0.452013 0.776516
vt 0.452222 0.778128
vt 0.452455 0.779914
vt 0.444884 0.780975
vt 0.459635 0.775582
vt 0.459818 0.777197
vt 0.467243 0.774766
vt 0.467403 0.776383
vt 0.467582 0.778176
vt 0.460023 0.778987
vt 0.468239 0.784596
vt 0.460771 0.785398
vt 0.460259 0.781037
vt 0.467790 0.780229
vt 0.453305 0.786311
vt 0.452724 0.781960
vt 0.445848 0.787360
vt 0.445189 0.783017
vt 0.474835 0.774055
vt 0.474975 0.775674
vt 0.482416 0.773429
vt 0.482537 0.775050
vt 0.482674 0.776846
vt 0.475131 0.777469
vt 0.489985 0.772894
vt 0.490090 0.774516
vt 0.497538 0.772435
vt 0.497628 0.774058
vt 0.497729 0.775856
vt 0.490208 0.776314
vt 0.498103 0.782299
vt 0.490641 0.782754
vt 0.490344 0.778373
vt 0.497847 0.777916
vt 0.483174 0.783278
vt 0.482832 0.778903
vt 0.475708 0.783901
vt 0.475313 0.779526
vt 0.505074 0.772041
vt 0.505152 0.773664
vt 0.512601 0.771694
vt 0.512667 0.773317
vt 0.512742 0.775117
vt 0.505239 0.775464
vt 0.520118 0.771407
vt 0.520174 0.773031
vt 0.527621 0.771166
vt 0.527668 0.772790
vt 0.527721 0.774590
vt 0.520237 0.774831
vt 0.527919 0.781041
vt 0.520471 0.781281
vt 0.520310 0.776894
vt 0.527783 0.776653
vt 0.513018 0.781562
vt 0.512829 0.777179
vt 0.505564 0.781914
vt 0.505341 0.777526
vt 0.535110 0.770962
vt 0.535150 0.772587
vt 0.542593 0.770781
vt 0.542627 0.772406
vt 0.542665 0.774207
vt 0.535195 0.774388
vt 0.550071 0.770640
vt 0.550099 0.772265
vt 0.557539 0.770526
vt 0.557561 0.772151
vt 0.557586 0.773952
vt 0.550130 0.774066
vt 0.557681 0.780404
vt 0.550245 0.780519
vt 0.550166 0.776130
vt 0.557616 0.776015
vt 0.542806 0.780656
vt 0.542709 0.776269
vt 0.535365 0.780844
vt 0.535248 0.776452
vt 0.564996 0.770433
vt 0.565015 0.772058
vt 0.572452 0.770347
vt 0.572467 0.771972
vt 0.572483 0.773773
vt 0.565035 0.773860
vt 0.579906 0.770289
vt 0.579917 0.771914
vt 0.587353 0.770248
vt 0.587361 0.771873
vt 0.587370 0.773675
vt 0.579929 0.773716
vt 0.587404 0.780127
vt 0.579975 0.780170
vt 0.579944 0.775780
vt 0.587380 0.775738
vt 0.572545 0.780223
vt 0.572503 0.775836
vt 0.565115 0.780317
vt 0.565060 0.775924
vt 0.594793 0.770219
vt 0.594799 0.771845
vt 0.602235 0.770190
vt 0.602239 0.771815
vt 0.602243 0.773616
vt 0.594805 0.773646
vt 0.609679 0.770184
vt 0.609680 0.771809
vt 0.617119 0.770190
vt 0.617117 0.771815
vt 0.617114 0.773617
vt 0.609680 0.773611
vt 0.617107 0.780069
vt 0.609682 0.780065
vt 0.609680 0.775675
vt 0.617112 0.775680
vt 0.602256 0.780066
vt 0.602247 0.775679
vt 0.594831 0.780105
vt 0.594813 0.775711
vt 0.624554 0.770206
vt 0.624551 0.771831
vt 0.631995 0.770220
vt 0.631989 0.771845
vt 0.631983 0.773647
vt 0.624546 0.773633
vt 0.639440 0.770258
vt 0.639431 0.771883
vt 0.646884 0.770308
vt 0.646872 0.771934
vt 0.646859 0.773735
vt 0.639421 0.773684
vt 0.646810 0.780187
vt 0.639383 0.780138
vt 0.639409 0.775748
vt 0.646844 0.775798
vt 0.631957 0.780096
vt 0.631975 0.775710
vt 0.624533 0.780091
vt 0.624542 0.775698
vt 0.654327 0.770371
vt 0.654313 0.771997
vt 0.661778 0.770438
vt 0.661761 0.772063
vt 0.661741 0.773864
vt 0.654297 0.773799
vt 0.669237 0.770532
vt 0.669215 0.772157
vt 0.676697 0.770647
vt 0.676671 0.772272
vt 0.676642 0.774073
vt 0.669191 0.773958
vt 0.676532 0.780525
vt 0.669099 0.780412
vt 0.669162 0.776022
vt 0.676608 0.776136
vt 0.661667 0.780313
vt 0.661718 0.775927
vt 0.654239 0.780257
vt 0.654278 0.775863
vt 0.684161 0.770783
vt 0.684130 0.772408
vt 0.691636 0.770932
vt 0.691600 0.772557
vt 0.691559 0.774358
vt 0.684096 0.774209
vt 0.699122 0.771122
vt 0.699079 0.772747
vt 0.706614 0.771347
vt 0.706563 0.772972
vt 0.706505 0.774772
vt 0.699030 0.774548
vt 0.706292 0.781222
vt 0.698848 0.781000
vt 0.698973 0.776611
vt 0.706439 0.776835
vt 0.691406 0.780807
vt 0.691511 0.776421
vt 0.683969 0.780666
vt 0.684056 0.776273
vt 0.714113 0.771609
vt 0.714054 0.773234
vt 0.721627 0.771906
vt 0.721558 0.773529
vt 0.721480 0.775329
vt 0.713987 0.775034
vt 0.729155 0.772262
vt 0.729075 0.773886
vt 0.728984 0.775685
vt 0.728647 0.782131
vt 0.728878 0.777746
vt 0.721192 0.781774
vt 0.721390 0.777391
vt 0.713741 0.781488
vt 0.713909 0.777098
vt 0.824705 0.266961
vt 0.824349 0.273772
vt 0.823132 0.273648
vt 0.823482 0.266958
vt 0.823327 0.280515
vt 0.822128 0.280273
vt 0.821099 0.280066
vt 0.822088 0.273543
vt 0.822433 0.266955
vt 0.821654 0.287127
vt 0.820484 0.286769
vt 0.819342 0.293543
vt 0.818214 0.293071
vt 0.817245 0.292667
vt 0.819481 0.286461
vt 0.812300 0.284261
vt 0.815428 0.285220
vt 0.813333 0.291034
vt 0.810314 0.289774
vt 0.813739 0.278580
vt 0.816945 0.279227
vt 0.818556 0.286178
vt 0.820151 0.279874
vt 0.816353 0.292295
vt 0.814616 0.272786
vt 0.817871 0.273116
vt 0.814922 0.266934
vt 0.818194 0.266943
vt 0.821125 0.273445
vt 0.821466 0.266952
vt 0.816407 0.299698
vt 0.815330 0.299118
vt 0.812882 0.305537
vt 0.811867 0.304854
vt 0.810996 0.304269
vt 0.814406 0.298621
vt 0.808806 0.311005
vt 0.807863 0.310226
vt 0.804216 0.316048
vt 0.803354 0.315180
vt 0.802614 0.314436
vt 0.807054 0.309559
vt 0.801261 0.304778
vt 0.803784 0.306860
vt 0.799624 0.311431
vt 0.797317 0.309111
vt 0.804764 0.300080
vt 0.807479 0.301905
vt 0.806308 0.308943
vt 0.810193 0.303729
vt 0.801931 0.313750
vt 0.807792 0.295062
vt 0.810673 0.296613
vt 0.813554 0.298163
vt 0.799149 0.320611
vt 0.798375 0.319663
vt 0.793658 0.324657
vt 0.792981 0.323638
vt 0.792401 0.322764
vt 0.797712 0.318850
vt 0.787800 0.328149
vt 0.787227 0.327069
vt 0.781630 0.331052
vt 0.781165 0.329920
vt 0.780766 0.328950
vt 0.786735 0.326142
vt 0.783212 0.319509
vt 0.784746 0.322398
vt 0.779154 0.325029
vt 0.777910 0.322003
vt 0.788246 0.316509
vt 0.790056 0.319234
vt 0.786281 0.325288
vt 0.791866 0.321958
vt 0.780398 0.328055
vt 0.792963 0.313032
vt 0.795032 0.315566
vt 0.797100 0.318101
vt 0.775202 0.333328
vt 0.774850 0.332157
vt 0.768581 0.334966
vt 0.768346 0.333765
vt 0.768144 0.332736
vt 0.774548 0.331152
vt 0.761833 0.335951
vt 0.761716 0.334733
vt 0.755022 0.336271
vt 0.755025 0.335048
vt 0.755027 0.333999
vt 0.761616 0.333689
vt 0.760900 0.326212
vt 0.761212 0.329469
vt 0.755038 0.329760
vt 0.755047 0.326488
vt 0.766699 0.325367
vt 0.767328 0.328577
vt 0.761524 0.332726
vt 0.767958 0.331786
vt 0.755030 0.333032
vt 0.772387 0.323960
vt 0.773329 0.327093
vt 0.774270 0.330226
vt 0.748212 0.335916
vt 0.748335 0.334699
vt 0.741468 0.334895
vt 0.741710 0.333696
vt 0.741917 0.332667
vt 0.748440 0.333655
vt 0.734856 0.333223
vt 0.735215 0.332053
vt 0.728441 0.330913
vt 0.728912 0.329784
vt 0.729316 0.328815
vt 0.735522 0.331050
vt 0.737721 0.323868
vt 0.736763 0.326997
vt 0.730948 0.324903
vt 0.732208 0.321884
vt 0.743401 0.325306
vt 0.742755 0.328513
vt 0.735805 0.330125
vt 0.742109 0.331719
vt 0.729688 0.327922
vt 0.749196 0.326182
vt 0.748867 0.329437
vt 0.748538 0.332692
vt 0.722285 0.327978
vt 0.722865 0.326901
vt 0.716446 0.324454
vt 0.717128 0.323439
vt 0.717713 0.322568
vt 0.723362 0.325977
vt 0.710977 0.320380
vt 0.711755 0.319436
vt 0.705933 0.315790
vt 0.706800 0.314928
vt 0.707544 0.314188
vt 0.712423 0.318627
vt 0.717202 0.312833
vt 0.715120 0.315357
vt 0.710549 0.311198
vt 0.712868 0.308890
vt 0.721901 0.316335
vt 0.720077 0.319050
vt 0.713038 0.317881
vt 0.718253 0.321765
vt 0.708230 0.313505
vt 0.726919 0.319362
vt 0.725369 0.322243
vt 0.723820 0.325125
vt 0.701369 0.310723
vt 0.702317 0.309950
vt 0.697322 0.305233
vt 0.698341 0.304557
vt 0.699215 0.303976
vt 0.703129 0.309286
vt 0.693828 0.299376
vt 0.694909 0.298802
vt 0.690925 0.293205
vt 0.692056 0.292740
vt 0.693027 0.292341
vt 0.695835 0.298310
vt 0.702468 0.294786
vt 0.699579 0.296321
vt 0.696947 0.290729
vt 0.699973 0.289485
vt 0.705469 0.299820
vt 0.702745 0.301630
vt 0.696690 0.297856
vt 0.700020 0.303440
vt 0.693921 0.291973
vt 0.708947 0.304537
vt 0.706413 0.306606
vt 0.703879 0.308675
vt 0.688647 0.286777
vt 0.689819 0.286426
vt 0.687010 0.280156
vt 0.688210 0.279921
vt 0.689239 0.279719
vt 0.690823 0.286124
vt 0.686024 0.273407
vt 0.687241 0.273291
vt 0.685703 0.266595
vt 0.686926 0.266598
vt 0.687975 0.266601
vt 0.688286 0.273191
vt 0.695762 0.272474
vt 0.692505 0.272786
vt 0.692214 0.266612
vt 0.695486 0.266621
vt 0.696607 0.278273
vt 0.693398 0.278903
vt 0.689249 0.273098
vt 0.690189 0.279533
vt 0.688943 0.266604
vt 0.698016 0.283962
vt 0.694883 0.284903
vt 0.691750 0.285845
vt 0.686059 0.259785
vt 0.687276 0.259908
vt 0.687080 0.253041
vt 0.688279 0.253283
vt 0.689308 0.253490
vt 0.688320 0.260014
vt 0.688752 0.246428
vt 0.689922 0.246787
vt 0.691063 0.240012
vt 0.692192 0.240483
vt 0.693160 0.240887
vt 0.690925 0.247094
vt 0.698107 0.249293
vt 0.694978 0.248335
vt 0.697072 0.242520
vt 0.700092 0.243780
vt 0.696668 0.254974
vt 0.693462 0.254328
vt 0.691850 0.247377
vt 0.690256 0.253681
vt 0.694053 0.241260
vt 0.695792 0.260769
vt 0.692537 0.260440
vt 0.689282 0.260111
vt 0.693998 0.233856
vt 0.695076 0.234436
vt 0.697522 0.228017
vt 0.698538 0.228699
vt 0.699408 0.229284
vt 0.695999 0.234933
vt 0.701598 0.222547
vt 0.702541 0.223326
vt 0.706188 0.217503
vt 0.707050 0.218370
vt 0.707790 0.219114
vt 0.703350 0.223993
vt 0.709144 0.228773
vt 0.706620 0.226691
vt 0.710780 0.222119
vt 0.713087 0.224439
vt 0.705641 0.233472
vt 0.702926 0.231648
vt 0.704097 0.224609
vt 0.700211 0.229824
vt 0.708473 0.219800
vt 0.702613 0.238490
vt 0.699732 0.236941
vt 0.696852 0.235391
vt 0.711255 0.212939
vt 0.712029 0.213886
vt 0.716746 0.208892
vt 0.717423 0.209911
vt 0.718003 0.210784
vt 0.712692 0.214699
vt 0.722604 0.205398
vt 0.723178 0.206478
vt 0.728776 0.202495
vt 0.729241 0.203626
vt 0.729640 0.204596
vt 0.723670 0.207405
vt 0.727193 0.214038
vt 0.725659 0.211148
vt 0.731252 0.208517
vt 0.732496 0.211542
vt 0.722159 0.217038
vt 0.720349 0.214314
vt 0.724124 0.208259
vt 0.718539 0.211590
vt 0.730007 0.205491
vt 0.717441 0.220517
vt 0.715373 0.217983
vt 0.713304 0.215449
vt 0.735204 0.200217
vt 0.735556 0.201389
vt 0.741826 0.198580
vt 0.742061 0.199780
vt 0.742263 0.200809
vt 0.735858 0.202393
vt 0.748576 0.197594
vt 0.748692 0.198812
vt 0.755388 0.197274
vt 0.755385 0.198497
vt 0.755382 0.199546
vt 0.748792 0.199856
vt 0.749509 0.207332
vt 0.749197 0.204076
vt 0.755371 0.203785
vt 0.755362 0.207056
vt 0.743709 0.208177
vt 0.743079 0.204968
vt 0.748885 0.200819
vt 0.742450 0.201759
vt 0.755380 0.200514
vt 0.738019 0.209585
vt 0.737078 0.206453
vt 0.736136 0.203320
vt 0.762199 0.197630
vt 0.762076 0.198847
vt 0.768943 0.198652
vt 0.768701 0.199851
vt 0.768494 0.200879
vt 0.761970 0.199891
vt 0.775556 0.200325
vt 0.775198 0.201494
vt 0.781973 0.202636
vt 0.781501 0.203765
vt 0.781097 0.204733
vt 0.774891 0.202497
vt 0.772691 0.209678
vt 0.773649 0.206550
vt 0.779464 0.208645
vt 0.778204 0.211664
vt 0.767009 0.208239
vt 0.767656 0.205033
vt 0.774607 0.203422
vt 0.768303 0.201827
vt 0.780725 0.205626
vt 0.761214 0.207363
vt 0.761544 0.204108
vt 0.761873 0.200853
vt 0.788128 0.205572
vt 0.787549 0.206649
vt 0.793968 0.209096
vt 0.793286 0.210112
vt 0.792700 0.210982
vt 0.787052 0.207573
vt 0.799437 0.213172
vt 0.798658 0.214116
vt 0.804480 0.217763
vt 0.803613 0.218625
vt 0.802869 0.219365
vt 0.797991 0.214925
vt 0.793210 0.220718
vt 0.795293 0.218194
vt 0.799864 0.222355
vt 0.797544 0.224662
vt 0.788512 0.217214
vt 0.790336 0.214500
vt 0.797375 0.215671
vt 0.792161 0.211785
vt 0.802183 0.220047
vt 0.783494 0.214186
vt 0.785044 0.211306
vt 0.786593 0.208425
vt 0.809044 0.222830
vt 0.808097 0.223604
vt 0.813091 0.228321
vt 0.812072 0.228998
vt 0.811198 0.229578
vt 0.807284 0.224267
vt 0.816584 0.234179
vt 0.815504 0.234753
vt 0.819487 0.240350
vt 0.818355 0.240815
vt 0.817385 0.241214
vt 0.814577 0.235245
vt 0.807944 0.238768
vt 0.810833 0.237233
vt 0.813464 0.242826
vt 0.810438 0.244070
vt 0.804944 0.233733
vt 0.807668 0.231923
vt 0.813723 0.235699
vt 0.810392 0.230114
vt 0.816490 0.241582
vt 0.801466 0.229016
vt 0.804000 0.226947
vt 0.806534 0.224879
vt 0.821764 0.246779
vt 0.820592 0.247131
vt 0.823401 0.253400
vt 0.822200 0.253635
vt 0.821171 0.253837
vt 0.819588 0.247432
vt 0.824386 0.260149
vt 0.823168 0.260266
vt 0.822124 0.260366
vt 0.814647 0.261082
vt 0.817904 0.260770
vt 0.813802 0.255282
vt 0.817012 0.254653
vt 0.821161 0.260458
vt 0.820222 0.254024
vt 0.812395 0.249593
vt 0.815528 0.248652
vt 0.818661 0.247711
vt 0.801305 0.266898
vt 0.801068 0.271415
vt 0.795783 0.270881
vt 0.795993 0.266884
vt 0.800390 0.275888
vt 0.795184 0.274839
vt 0.799281 0.280273
vt 0.794202 0.278719
vt 0.797748 0.284529
vt 0.792846 0.282485
vt 0.786533 0.279868
vt 0.787657 0.276730
vt 0.788472 0.273496
vt 0.788969 0.270197
vt 0.789143 0.266866
vt 0.795800 0.288611
vt 0.791123 0.286097
vt 0.793462 0.292484
vt 0.789055 0.289524
vt 0.790759 0.296111
vt 0.786664 0.292733
vt 0.787714 0.299456
vt 0.783971 0.295693
vt 0.779166 0.290862
vt 0.781404 0.288401
vt 0.783389 0.285730
vt 0.785104 0.282877
vt 0.784352 0.302482
vt 0.780997 0.298370
vt 0.780710 0.305166
vt 0.777774 0.300744
vt 0.776825 0.307483
vt 0.774336 0.302793
vt 0.772732 0.309408
vt 0.770715 0.304496
vt 0.768132 0.298168
vt 0.771149 0.296757
vt 0.774011 0.295057
vt 0.776693 0.293086
vt 0.768469 0.310918
vt 0.766942 0.305831
vt 0.764077 0.312004
vt 0.763056 0.306792
vt 0.759601 0.312658
vt 0.759095 0.307370
vt 0.755083 0.312871
vt 0.755097 0.307559
vt 0.755115 0.300708
vt 0.758447 0.300552
vt 0.761749 0.300073
vt 0.764988 0.299276
vt 0.750566 0.312634
vt 0.751100 0.307349
vt 0.746093 0.311957
vt 0.747142 0.306750
vt 0.741707 0.310849
vt 0.743261 0.305770
vt 0.737451 0.309316
vt 0.739495 0.304414
vt 0.742111 0.298101
vt 0.745249 0.299225
vt 0.748484 0.300038
vt 0.751783 0.300535
vt 0.733369 0.307369
vt 0.735882 0.302692
vt 0.729496 0.305032
vt 0.732455 0.300625
vt 0.725867 0.302330
vt 0.729245 0.298235
vt 0.722522 0.299286
vt 0.726285 0.295542
vt 0.731115 0.290737
vt 0.733576 0.292974
vt 0.736248 0.294958
vt 0.739102 0.296673
vt 0.719495 0.295925
vt 0.723607 0.292569
vt 0.716811 0.292283
vt 0.721233 0.289347
vt 0.714493 0.288399
vt 0.719183 0.285909
vt 0.712567 0.284306
vt 0.717479 0.282288
vt 0.723807 0.279705
vt 0.725219 0.282721
vt 0.726919 0.285583
vt 0.728890 0.288264
vt 0.711057 0.280043
vt 0.716144 0.278516
vt 0.709970 0.275651
vt 0.715183 0.274630
vt 0.709315 0.271175
vt 0.714605 0.270670
vt 0.709102 0.266657
vt 0.714417 0.266672
vt 0.721270 0.266692
vt 0.721424 0.270024
vt 0.721903 0.273324
vt 0.722699 0.276562
vt 0.709338 0.262140
vt 0.714627 0.262675
vt 0.710016 0.257667
vt 0.715227 0.258717
vt 0.711123 0.253280
vt 0.716209 0.254836
vt 0.712656 0.249024
vt 0.717566 0.251071
vt 0.723888 0.253693
vt 0.722762 0.256830
vt 0.721945 0.260063
vt 0.721446 0.263361
vt 0.714603 0.244940
vt 0.719289 0.247459
vt 0.716941 0.241066
vt 0.721356 0.244031
vt 0.719644 0.237436
vt 0.723747 0.240821
vt 0.722689 0.234090
vt 0.726440 0.237861
vt 0.731253 0.242701
vt 0.729017 0.245162
vt 0.727032 0.247832
vt 0.725317 0.250685
vt 0.726050 0.231063
vt 0.729414 0.235184
vt 0.729693 0.228378
vt 0.732636 0.232809
vt 0.733579 0.226059
vt 0.736073 0.230759
vt 0.737672 0.224133
vt 0.739694 0.229056
vt 0.742283 0.235396
vt 0.739267 0.236807
vt 0.736406 0.238507
vt 0.733725 0.240477
vt 0.741937 0.222623
vt 0.743467 0.227721
vt 0.746330 0.221537
vt 0.747353 0.226760
vt 0.750807 0.220882
vt 0.751314 0.226182
vt 0.755326 0.220670
vt 0.755312 0.225994
vt 0.755293 0.232857
vt 0.751962 0.233012
vt 0.748662 0.233492
vt 0.745425 0.234288
vt 0.759844 0.220907
vt 0.759309 0.226203
vt 0.764318 0.221585
vt 0.763267 0.226803
vt 0.768705 0.222694
vt 0.767148 0.227784
vt 0.772961 0.224228
vt 0.770913 0.229140
vt 0.768292 0.235465
vt 0.765155 0.234341
vt 0.761922 0.233527
vt 0.758624 0.233030
vt 0.777044 0.226176
vt 0.774526 0.230862
vt 0.780918 0.228515
vt 0.777953 0.232930
vt 0.784547 0.231218
vt 0.781163 0.235321
vt 0.787892 0.234264
vt 0.784123 0.238014
vt 0.779287 0.242827
vt 0.776825 0.240591
vt 0.774154 0.238607
vt 0.771300 0.236893
vt 0.790919 0.237626
vt 0.786802 0.240987
vt 0.793603 0.241269
vt 0.789177 0.244209
vt 0.795920 0.245155
vt 0.791227 0.247646
vt 0.797845 0.249248
vt 0.792931 0.251267
vt 0.786602 0.253853
vt 0.785188 0.250838
vt 0.783486 0.247977
vt 0.781513 0.245298
vt 0.799355 0.253512
vt 0.794267 0.255040
vt 0.800440 0.257904
vt 0.795227 0.258925
vt 0.801094 0.262380
vt 0.795806 0.262886
vt 0.788987 0.263534
vt 0.788508 0.260233
vt 0.787710 0.256996
vt 0.812944 0.266929
vt 0.812647 0.272587
vt 0.811677 0.272489
vt 0.811968 0.266927
vt 0.811799 0.278189
vt 0.810843 0.277996
vt 0.809879 0.277802
vt 0.810698 0.272389
vt 0.810984 0.266924
vt 0.810408 0.283682
vt 0.809475 0.283396
vt 0.808488 0.289012
vt 0.807588 0.288636
vt 0.806680 0.288257
vt 0.808534 0.283107
vt 0.804834 0.287486
vt 0.806621 0.282521
vt 0.807919 0.277406
vt 0.808708 0.272188
vt 0.808984 0.266918
vt 0.806049 0.294125
vt 0.805190 0.293663
vt 0.803122 0.298976
vt 0.802313 0.298432
vt 0.801496 0.297884
vt 0.804324 0.293197
vt 0.799735 0.303518
vt 0.798982 0.302897
vt 0.795922 0.307708
vt 0.795234 0.307016
vt 0.794540 0.306319
vt 0.798223 0.302271
vt 0.793129 0.304900
vt 0.796680 0.300997
vt 0.799837 0.296768
vt 0.802562 0.292249
vt 0.791712 0.311499
vt 0.791095 0.310743
vt 0.787151 0.314861
vt 0.786612 0.314049
vt 0.786067 0.313229
vt 0.790473 0.309981
vt 0.782284 0.317761
vt 0.781826 0.316899
vt 0.777158 0.320173
vt 0.776787 0.319270
vt 0.776413 0.318360
vt 0.781365 0.316030
vt 0.775652 0.316510
vt 0.780426 0.314263
vt 0.784961 0.311563
vt 0.789208 0.308431
vt 0.771818 0.322065
vt 0.771537 0.321130
vt 0.766318 0.323426
vt 0.766130 0.322469
vt 0.765941 0.321503
vt 0.771254 0.320188
vt 0.760711 0.324242
vt 0.760618 0.323271
vt 0.755052 0.324509
vt 0.755055 0.323534
vt 0.755057 0.322550
vt 0.760524 0.322292
vt 0.755063 0.320549
vt 0.760334 0.320300
vt 0.765556 0.319541
vt 0.770679 0.318272
vt 0.749395 0.324214
vt 0.749493 0.323243
vt 0.743793 0.323367
vt 0.743985 0.322411
vt 0.744180 0.321446
vt 0.749592 0.322264
vt 0.738300 0.321976
vt 0.738586 0.321043
vt 0.732970 0.320057
vt 0.733345 0.319157
vt 0.733724 0.318249
vt 0.738874 0.320102
vt 0.734495 0.316403
vt 0.739460 0.318189
vt 0.744576 0.319486
vt 0.749793 0.320274
vt 0.727856 0.317620
vt 0.728318 0.316760
vt 0.723004 0.314693
vt 0.723548 0.313884
vt 0.724097 0.313067
vt 0.728784 0.315894
vt 0.718462 0.311307
vt 0.719083 0.310554
vt 0.714271 0.307494
vt 0.714963 0.306806
vt 0.715660 0.306112
vt 0.719709 0.309795
vt 0.717079 0.304701
vt 0.720982 0.308252
vt 0.725212 0.311408
vt 0.729732 0.314132
vt 0.710479 0.303285
vt 0.711235 0.302668
vt 0.707116 0.298725
vt 0.707929 0.298185
vt 0.708748 0.297641
vt 0.711997 0.302046
vt 0.704216 0.293858
vt 0.705077 0.293400
vt 0.701803 0.288732
vt 0.702706 0.288361
vt 0.703615 0.287987
vt 0.705947 0.292939
vt 0.705465 0.287226
vt 0.707713 0.292000
vt 0.710414 0.296535
vt 0.713547 0.300781
vt 0.699911 0.283392
vt 0.700845 0.283111
vt 0.698549 0.277892
vt 0.699506 0.277704
vt 0.700471 0.277515
vt 0.701787 0.282828
vt 0.697732 0.272285
vt 0.698703 0.272192
vt 0.697465 0.266626
vt 0.698440 0.266628
vt 0.699424 0.266631
vt 0.699683 0.272098
vt 0.701425 0.266636
vt 0.701674 0.271908
vt 0.702434 0.277130
vt 0.703703 0.282253
vt 0.697760 0.260968
vt 0.698731 0.261066
vt 0.698608 0.255365
vt 0.699564 0.255558
vt 0.700528 0.255753
vt 0.699710 0.261165
vt 0.699999 0.249872
vt 0.700932 0.250158
vt 0.701918 0.244542
vt 0.702818 0.244917
vt 0.703726 0.245296
vt 0.701873 0.250446
vt 0.705572 0.246067
vt 0.703785 0.251032
vt 0.702488 0.256149
vt 0.701700 0.261367
vt 0.704356 0.239427
vt 0.705215 0.239890
vt 0.707283 0.234575
vt 0.708092 0.235119
vt 0.708909 0.235668
vt 0.706082 0.240356
vt 0.710670 0.230032
vt 0.711423 0.230653
vt 0.714483 0.225841
vt 0.715171 0.226533
vt 0.715865 0.227231
vt 0.712182 0.231280
vt 0.717275 0.228649
vt 0.713725 0.232553
vt 0.710568 0.236784
vt 0.707843 0.241303
vt 0.718693 0.222049
vt 0.719310 0.222805
vt 0.723253 0.218686
vt 0.723793 0.219499
vt 0.724338 0.220318
vt 0.719932 0.223567
vt 0.728121 0.215785
vt 0.728579 0.216647
vt 0.733248 0.213373
vt 0.733619 0.214275
vt 0.733993 0.215185
vt 0.729041 0.217516
vt 0.734754 0.217035
vt 0.729979 0.219283
vt 0.725444 0.221984
vt 0.721196 0.225117
vt 0.738589 0.211480
vt 0.738869 0.212414
vt 0.744090 0.210119
vt 0.744277 0.211076
vt 0.744467 0.212041
vt 0.739152 0.213357
vt 0.749697 0.209302
vt 0.749790 0.210273
vt 0.755357 0.209035
vt 0.755354 0.210011
vt 0.755352 0.210995
vt 0.749884 0.211253
vt 0.755346 0.212995
vt 0.750075 0.213244
vt 0.744851 0.214003
vt 0.739728 0.215272
vt 0.761015 0.209331
vt 0.760917 0.210302
vt 0.766618 0.210179
vt 0.766425 0.211135
vt 0.766231 0.212099
vt 0.760818 0.211281
vt 0.772111 0.211570
vt 0.771826 0.212503
vt 0.777442 0.213490
vt 0.777066 0.214390
vt 0.776687 0.215299
vt 0.771537 0.213444
vt 0.775917 0.217144
vt 0.770951 0.215357
vt 0.765835 0.214059
vt 0.760616 0.213271
vt 0.782556 0.215929
vt 0.782094 0.216788
vt 0.787408 0.218856
vt 0.786864 0.219666
vt 0.786316 0.220482
vt 0.781628 0.217655
vt 0.791951 0.222244
vt 0.791330 0.222997
vt 0.796141 0.226057
vt 0.795450 0.226745
vt 0.794752 0.227439
vt 0.790703 0.223756
vt 0.793334 0.228850
vt 0.789430 0.225299
vt 0.785200 0.222142
vt 0.780681 0.219416
vt 0.799933 0.230267
vt 0.799177 0.230884
vt 0.803296 0.234828
vt 0.802483 0.235368
vt 0.801664 0.235912
vt 0.798415 0.231506
vt 0.806196 0.239696
vt 0.805334 0.240154
vt 0.808608 0.244822
vt 0.807706 0.245193
vt 0.806796 0.245567
vt 0.804465 0.240615
vt 0.804946 0.246328
vt 0.802698 0.241553
vt 0.799998 0.237018
vt 0.796865 0.232771
vt 0.810500 0.250163
vt 0.809566 0.250443
vt 0.811861 0.255663
vt 0.810904 0.255851
vt 0.809938 0.256040
vt 0.808623 0.250726
vt 0.812677 0.261270
vt 0.811706 0.261363
vt 0.810726 0.261457
vt 0.808735 0.261647
vt 0.807976 0.256424
vt 0.806708 0.251302
vt 0.844681 0.049074
vt 0.847280 0.056390
vt 0.845456 0.056940
vt 0.842920 0.049800
vt 0.849152 0.063927
vt 0.847283 0.064295
vt 0.844199 0.064903
vt 0.842446 0.057848
vt 0.840013 0.050998
vt 0.850282 0.071609
vt 0.848386 0.071793
vt 0.850656 0.079365
vt 0.848751 0.079362
vt 0.845607 0.079357
vt 0.845257 0.072096
vt 0.834527 0.079340
vt 0.834229 0.073165
vt 0.833329 0.067047
vt 0.829769 0.055221
vt 0.831838 0.061046
vt 0.827577 0.023373
vt 0.832776 0.029139
vt 0.831302 0.030344
vt 0.826228 0.024717
vt 0.837387 0.035386
vt 0.835802 0.036441
vt 0.833185 0.038183
vt 0.828867 0.032334
vt 0.824000 0.026935
vt 0.841370 0.042052
vt 0.839688 0.042947
vt 0.836913 0.044424
vt 0.827132 0.049629
vt 0.823961 0.044321
vt 0.816148 0.034754
vt 0.820289 0.039346
vt 0.801949 0.006166
vt 0.808956 0.009506
vt 0.808054 0.011183
vt 0.801215 0.007924
vt 0.815604 0.013514
vt 0.814543 0.015096
vt 0.812790 0.017706
vt 0.806565 0.013952
vt 0.800005 0.010826
vt 0.821832 0.018151
vt 0.820621 0.019620
vt 0.818621 0.022046
vt 0.811574 0.030596
vt 0.806614 0.026903
vt 0.795736 0.021050
vt 0.801318 0.023710
vt 0.771647 0.000004
vt 0.779472 0.000460
vt 0.779268 0.002354
vt 0.771644 0.001911
vt 0.787127 0.001634
vt 0.786748 0.003500
vt 0.786120 0.006581
vt 0.778934 0.005479
vt 0.771639 0.005067
vt 0.794647 0.003538
vt 0.794089 0.005359
vt 0.793167 0.008364
vt 0.789917 0.018956
vt 0.783920 0.017438
vt 0.771621 0.016177
vt 0.777803 0.016509
vt 0.741327 0.006068
vt 0.748637 0.003461
vt 0.749189 0.005284
vt 0.742055 0.007828
vt 0.756164 0.001580
vt 0.756537 0.003447
vt 0.757153 0.006529
vt 0.750102 0.008292
vt 0.743257 0.010733
vt 0.763827 0.000431
vt 0.764023 0.002325
vt 0.764343 0.005452
vt 0.765440 0.016483
vt 0.759320 0.017394
vt 0.747495 0.020971
vt 0.753319 0.018894
vt 0.715647 0.023198
vt 0.721408 0.017993
vt 0.722614 0.019466
vt 0.716993 0.024546
vt 0.727649 0.013375
vt 0.728706 0.014960
vt 0.730451 0.017575
vt 0.724607 0.021898
vt 0.719214 0.026771
vt 0.734310 0.009387
vt 0.735207 0.011067
vt 0.736687 0.013840
vt 0.741905 0.023614
vt 0.736600 0.026791
vt 0.727042 0.034614
vt 0.731629 0.030469
vt 0.698466 0.048847
vt 0.701799 0.041835
vt 0.703478 0.042735
vt 0.700225 0.049578
vt 0.705801 0.035181
vt 0.707384 0.036241
vt 0.709996 0.037991
vt 0.706248 0.044220
vt 0.703128 0.050785
vt 0.710431 0.028948
vt 0.711902 0.030158
vt 0.714330 0.032155
vt 0.722888 0.039193
vt 0.719201 0.044156
vt 0.713360 0.055039
vt 0.716014 0.049455
vt 0.692399 0.079119
vt 0.692797 0.071364
vt 0.694692 0.071554
vt 0.694304 0.079122
vt 0.693950 0.063685
vt 0.695818 0.064060
vt 0.698900 0.064678
vt 0.697820 0.071867
vt 0.697448 0.079127
vt 0.695845 0.056155
vt 0.697667 0.056711
vt 0.700674 0.057627
vt 0.711273 0.060858
vt 0.709764 0.066855
vt 0.708529 0.079144
vt 0.708845 0.072969
vt 0.698373 0.109411
vt 0.695774 0.102094
vt 0.697597 0.101544
vt 0.700134 0.108685
vt 0.693902 0.094557
vt 0.695771 0.094189
vt 0.698855 0.093580
vt 0.700607 0.100637
vt 0.703041 0.107487
vt 0.692772 0.086874
vt 0.694668 0.086691
vt 0.697798 0.086387
vt 0.708826 0.085319
vt 0.709725 0.091436
vt 0.713285 0.103264
vt 0.711215 0.097438
vt 0.715483 0.135114
vt 0.710281 0.129348
vt 0.711756 0.128142
vt 0.716832 0.133769
vt 0.705668 0.123101
vt 0.707254 0.122045
vt 0.709871 0.120303
vt 0.714190 0.126152
vt 0.719059 0.131550
vt 0.701685 0.116434
vt 0.703366 0.115539
vt 0.706141 0.114062
vt 0.715922 0.108855
vt 0.719093 0.114164
vt 0.726907 0.123729
vt 0.722766 0.119138
vt 0.741128 0.152313
vt 0.734116 0.148977
vt 0.735017 0.147299
vt 0.741860 0.150555
vt 0.727462 0.144970
vt 0.728523 0.143389
vt 0.730274 0.140778
vt 0.736503 0.144529
vt 0.743068 0.147652
vt 0.721231 0.140335
vt 0.722441 0.138865
vt 0.724440 0.136438
vt 0.731484 0.127886
vt 0.736445 0.131576
vt 0.747325 0.137422
vt 0.741742 0.134766
vt 0.771405 0.158386
vt 0.763649 0.157989
vt 0.763839 0.156094
vt 0.771408 0.156482
vt 0.755969 0.156834
vt 0.756343 0.154967
vt 0.756962 0.151884
vt 0.764152 0.152965
vt 0.771412 0.153338
vt 0.748437 0.154937
vt 0.748993 0.153115
vt 0.749911 0.150108
vt 0.753144 0.139511
vt 0.759141 0.141021
vt 0.771430 0.142258
vt 0.765255 0.141941
vt 0.801700 0.152408
vt 0.794383 0.155009
vt 0.793833 0.153186
vt 0.800973 0.150647
vt 0.786845 0.156882
vt 0.786477 0.155014
vt 0.785868 0.151929
vt 0.792924 0.150176
vt 0.799775 0.147741
vt 0.779161 0.158013
vt 0.778977 0.156117
vt 0.778674 0.152988
vt 0.777605 0.141960
vt 0.783723 0.141060
vt 0.795549 0.137498
vt 0.789724 0.139569
vt 0.827399 0.135289
vt 0.821635 0.140492
vt 0.820429 0.139018
vt 0.826054 0.133940
vt 0.815389 0.145108
vt 0.814333 0.143523
vt 0.812590 0.140906
vt 0.818438 0.136585
vt 0.823834 0.131714
vt 0.808723 0.149094
vt 0.807827 0.147413
vt 0.806349 0.144638
vt 0.801141 0.134859
vt 0.806448 0.131686
vt 0.816010 0.123868
vt 0.811421 0.128011
vt 0.844589 0.109639
vt 0.841255 0.116652
vt 0.839577 0.115751
vt 0.842830 0.108907
vt 0.837251 0.123306
vt 0.835669 0.122246
vt 0.833057 0.120495
vt 0.836806 0.114266
vt 0.839927 0.107700
vt 0.832618 0.129539
vt 0.831148 0.128329
vt 0.828720 0.126331
vt 0.820165 0.119290
vt 0.823854 0.114327
vt 0.829696 0.103445
vt 0.827042 0.109029
vt 0.850259 0.087119
vt 0.848364 0.086930
vt 0.849106 0.094799
vt 0.847238 0.094424
vt 0.844156 0.093807
vt 0.845235 0.086617
vt 0.847211 0.102330
vt 0.845389 0.101774
vt 0.842382 0.100857
vt 0.831784 0.097626
vt 0.833292 0.091629
vt 0.834211 0.085514
vt 0.559644 0.952332
vt 0.555578 0.952350
vt 0.555576 0.951850
vt 0.559641 0.951832
vt 0.551512 0.952368
vt 0.551510 0.951868
vt 0.547446 0.952384
vt 0.547444 0.951884
vt 0.543381 0.952400
vt 0.543379 0.951900
vt 0.575908 0.952248
vt 0.571842 0.952270
vt 0.571839 0.951770
vt 0.575905 0.951747
vt 0.567775 0.952292
vt 0.567773 0.951791
vt 0.563709 0.952312
vt 0.563707 0.951812
vt 0.592174 0.952146
vt 0.588108 0.952173
vt 0.588104 0.951672
vt 0.592171 0.951645
vt 0.584041 0.952199
vt 0.584037 0.951698
vt 0.579974 0.952224
vt 0.579971 0.951723
vt 0.608479 0.952004
vt 0.604383 0.952056
vt 0.604378 0.951556
vt 0.608455 0.951505
vt 0.600310 0.952088
vt 0.600306 0.951587
vt 0.596241 0.952117
vt 0.596238 0.951617
vt 0.364515 0.952341
vt 0.360449 0.952320
vt 0.360451 0.951820
vt 0.364518 0.951841
vt 0.356380 0.952298
vt 0.356383 0.951798
vt 0.352306 0.952274
vt 0.352311 0.951774
vt 0.348209 0.952229
vt 0.348231 0.951729
vt 0.380782 0.952414
vt 0.376716 0.952397
vt 0.376718 0.951897
vt 0.380784 0.951914
vt 0.372649 0.952380
vt 0.372651 0.951880
vt 0.368582 0.952361
vt 0.368584 0.951861
vt 0.397046 0.952470
vt 0.392980 0.952457
vt 0.392982 0.951957
vt 0.397047 0.951969
vt 0.388914 0.952444
vt 0.388916 0.951944
vt 0.384847 0.952429
vt 0.384849 0.951929
vt 0.413308 0.952510
vt 0.409243 0.952501
vt 0.409244 0.952000
vt 0.413309 0.952009
vt 0.405177 0.952491
vt 0.405178 0.951991
vt 0.401111 0.952481
vt 0.401112 0.951980
vt 0.429568 0.952536
vt 0.425504 0.952530
vt 0.425504 0.952030
vt 0.429569 0.952035
vt 0.421438 0.952524
vt 0.421439 0.952024
vt 0.417372 0.952517
vt 0.417373 0.952017
vt 0.445827 0.952550
vt 0.441763 0.952547
vt 0.441763 0.952047
vt 0.445828 0.952049
vt 0.437698 0.952544
vt 0.437698 0.952044
vt 0.433632 0.952540
vt 0.433633 0.952040
vt 0.462086 0.952552
vt 0.458022 0.952552
vt 0.458022 0.952052
vt 0.462086 0.952052
vt 0.453957 0.952552
vt 0.453957 0.952052
vt 0.449892 0.952551
vt 0.449892 0.952051
vt 0.478344 0.952544
vt 0.474280 0.952547
vt 0.474279 0.952047
vt 0.478343 0.952044
vt 0.470215 0.952549
vt 0.470215 0.952049
vt 0.466150 0.952551
vt 0.466150 0.952051
vt 0.494602 0.952525
vt 0.490538 0.952531
vt 0.490537 0.952031
vt 0.494601 0.952025
vt 0.486473 0.952536
vt 0.486472 0.952036
vt 0.482408 0.952540
vt 0.482408 0.952040
vt 0.510861 0.952496
vt 0.506796 0.952504
vt 0.506795 0.952004
vt 0.510860 0.951995
vt 0.502731 0.952512
vt 0.502730 0.952011
vt 0.498666 0.952519
vt 0.498665 0.952019
vt 0.527120 0.952455
vt 0.523056 0.952466
vt 0.523054 0.951966
vt 0.527119 0.951954
vt 0.518990 0.952477
vt 0.518989 0.951976
vt 0.514925 0.952486
vt 0.514924 0.951986
vt 0.539316 0.952415
vt 0.539314 0.951915
vt 0.535251 0.952429
vt 0.535249 0.951928
vt 0.531185 0.952442
vt 0.531184 0.951942
vt 0.782154 0.269527
vt 0.782291 0.266849
vt 0.781762 0.272179
vt 0.781120 0.274778
vt 0.780235 0.277297
vt 0.774755 0.275178
vt 0.775405 0.273173
vt 0.775878 0.271098
vt 0.776169 0.268978
vt 0.776272 0.266834
vt 0.779112 0.279711
vt 0.777761 0.281996
vt 0.776193 0.284130
vt 0.774419 0.286090
vt 0.770422 0.282070
vt 0.771766 0.280559
vt 0.772935 0.278892
vt 0.773932 0.277092
vt 0.772450 0.287853
vt 0.770307 0.289409
vt 0.768015 0.290747
vt 0.765595 0.291857
vt 0.763505 0.286365
vt 0.765424 0.285553
vt 0.767230 0.284567
vt 0.768903 0.283406
vt 0.763070 0.292729
vt 0.760468 0.293356
vt 0.757813 0.293734
vt 0.755133 0.293857
vt 0.755149 0.287837
vt 0.757295 0.287746
vt 0.759418 0.287467
vt 0.761496 0.287005
vt 0.752454 0.293720
vt 0.749801 0.293328
vt 0.747202 0.292687
vt 0.744682 0.291803
vt 0.746801 0.286322
vt 0.748807 0.286972
vt 0.750883 0.287445
vt 0.753004 0.287735
vt 0.742268 0.290680
vt 0.739982 0.289330
vt 0.737848 0.287763
vt 0.735887 0.285990
vt 0.739907 0.281992
vt 0.741419 0.283335
vt 0.743086 0.284504
vt 0.744887 0.285500
vt 0.734124 0.284021
vt 0.732567 0.281879
vt 0.731229 0.279588
vt 0.730119 0.277169
vt 0.735611 0.275080
vt 0.736424 0.276997
vt 0.737410 0.278802
vt 0.738571 0.280474
vt 0.729248 0.274646
vt 0.728621 0.272045
vt 0.728244 0.269392
vt 0.728123 0.266714
vt 0.734144 0.266733
vt 0.734233 0.268876
vt 0.734511 0.270997
vt 0.734972 0.273072
vt 0.728263 0.264035
vt 0.728657 0.261384
vt 0.729301 0.258787
vt 0.730188 0.256268
vt 0.735667 0.258390
vt 0.735015 0.260395
vt 0.734540 0.262469
vt 0.734248 0.264589
vt 0.731312 0.253855
vt 0.732663 0.251571
vt 0.734230 0.249437
vt 0.736003 0.247477
vt 0.740000 0.251497
vt 0.738657 0.253009
vt 0.737487 0.254676
vt 0.736491 0.256477
vt 0.737972 0.245714
vt 0.740113 0.244159
vt 0.742403 0.242821
vt 0.744821 0.241711
vt 0.746911 0.247203
vt 0.744995 0.248015
vt 0.743190 0.249001
vt 0.741518 0.250162
vt 0.747344 0.240840
vt 0.749945 0.240213
vt 0.752597 0.239836
vt 0.755275 0.239713
vt 0.755260 0.245733
vt 0.753116 0.245824
vt 0.750995 0.246102
vt 0.748919 0.246564
vt 0.757953 0.239850
vt 0.760604 0.240242
vt 0.763202 0.240883
vt 0.765721 0.241768
vt 0.763603 0.247249
vt 0.761598 0.246598
vt 0.759524 0.246126
vt 0.757403 0.245835
vt 0.768134 0.242890
vt 0.770419 0.244240
vt 0.772554 0.245807
vt 0.774515 0.247579
vt 0.770499 0.251579
vt 0.768986 0.250237
vt 0.767318 0.249068
vt 0.765517 0.248072
vt 0.776280 0.249547
vt 0.777838 0.251686
vt 0.779179 0.253977
vt 0.780291 0.256394
vt 0.774800 0.258487
vt 0.773986 0.256571
vt 0.772998 0.254767
vt 0.771836 0.253096
vt 0.781163 0.258917
vt 0.781791 0.261517
vt 0.782169 0.264170
vt 0.776181 0.264691
vt 0.775903 0.262570
vt 0.775441 0.260495
vt 0.814678 0.070725
vt 0.822049 0.069272
vt 0.822785 0.074273
vt 0.815307 0.074998
vt 0.815515 0.079311
vt 0.823029 0.079322
vt 0.814033 0.079309
vt 0.813832 0.075141
vt 0.813429 0.079308
vt 0.813231 0.075199
vt 0.812632 0.071129
vt 0.813224 0.071012
vt 0.810263 0.063260
vt 0.810821 0.063030
vt 0.812218 0.066962
vt 0.811640 0.067136
vt 0.812191 0.062465
vt 0.813637 0.066534
vt 0.819138 0.059602
vt 0.820831 0.064365
vt 0.808134 0.054852
vt 0.814389 0.050689
vt 0.816982 0.055030
vt 0.810349 0.058559
vt 0.809041 0.059256
vt 0.808508 0.059539
vt 0.806398 0.056007
vt 0.806900 0.055673
vt 0.801199 0.049641
vt 0.801627 0.049215
vt 0.804421 0.052315
vt 0.803954 0.052697
vt 0.802677 0.048169
vt 0.805569 0.051377
vt 0.808001 0.042867
vt 0.811387 0.046622
vt 0.796018 0.042685
vt 0.800205 0.036447
vt 0.804261 0.039467
vt 0.799482 0.045264
vt 0.798539 0.046408
vt 0.798155 0.046874
vt 0.794855 0.044416
vt 0.795191 0.043916
vt 0.787619 0.040521
vt 0.787851 0.039964
vt 0.791617 0.041760
vt 0.791332 0.042291
vt 0.788421 0.038596
vt 0.792319 0.040454
vt 0.791312 0.031661
vt 0.795875 0.033836
vt 0.780173 0.036076
vt 0.781652 0.028710
vt 0.786555 0.029949
vt 0.784359 0.037134
vt 0.783926 0.038551
vt 0.783749 0.039128
vt 0.779762 0.038120
vt 0.779882 0.037529
vt 0.771592 0.037297
vt 0.771593 0.036694
vt 0.775758 0.036908
vt 0.775699 0.037508
vt 0.771595 0.035211
vt 0.775905 0.035433
vt 0.771606 0.027692
vt 0.776652 0.027955
vt 0.763013 0.036043
vt 0.761557 0.028672
vt 0.766559 0.027932
vt 0.767284 0.035415
vt 0.767425 0.036892
vt 0.767481 0.037492
vt 0.763417 0.038089
vt 0.763300 0.037498
vt 0.755554 0.040466
vt 0.755324 0.039908
vt 0.759253 0.038507
vt 0.759428 0.039084
vt 0.754757 0.038538
vt 0.758824 0.037088
vt 0.751888 0.031595
vt 0.756650 0.029897
vt 0.747149 0.042605
vt 0.742980 0.036355
vt 0.747317 0.033757
vt 0.750854 0.040385
vt 0.751552 0.041693
vt 0.751836 0.042225
vt 0.748306 0.044339
vt 0.747971 0.043838
vt 0.741946 0.049545
vt 0.741520 0.049119
vt 0.744616 0.046320
vt 0.744998 0.046787
vt 0.740472 0.048069
vt 0.743676 0.045174
vt 0.735164 0.042751
vt 0.738915 0.039362
vt 0.734995 0.054735
vt 0.728753 0.050554
vt 0.731768 0.046496
vt 0.737571 0.051268
vt 0.738716 0.052210
vt 0.739181 0.052593
vt 0.736728 0.055896
vt 0.736227 0.055560
vt 0.732841 0.063137
vt 0.732284 0.062906
vt 0.734075 0.059137
vt 0.734607 0.059422
vt 0.730915 0.062337
vt 0.732769 0.058436
vt 0.723977 0.059452
vt 0.726147 0.054887
vt 0.728403 0.070590
vt 0.721036 0.069113
vt 0.722270 0.064210
vt 0.729457 0.066401
vt 0.730875 0.066834
vt 0.731452 0.067010
vt 0.730448 0.071000
vt 0.729856 0.070881
vt 0.729625 0.079176
vt 0.729022 0.079175
vt 0.729236 0.075008
vt 0.729836 0.075068
vt 0.727540 0.079173
vt 0.727761 0.074860
vt 0.720026 0.079161
vt 0.720285 0.074113
vt 0.728375 0.087758
vt 0.721004 0.089212
vt 0.720269 0.084210
vt 0.727747 0.083486
vt 0.729223 0.083343
vt 0.729823 0.083285
vt 0.730421 0.087355
vt 0.729829 0.087471
vt 0.732789 0.095223
vt 0.732231 0.095453
vt 0.730835 0.091521
vt 0.731412 0.091347
vt 0.730860 0.096018
vt 0.729416 0.091949
vt 0.723914 0.098881
vt 0.722222 0.094118
vt 0.734917 0.103629
vt 0.728663 0.107793
vt 0.726070 0.103453
vt 0.732702 0.099923
vt 0.734010 0.099226
vt 0.734543 0.098943
vt 0.736653 0.102474
vt 0.736151 0.102808
vt 0.741850 0.108837
vt 0.741423 0.109262
vt 0.738629 0.106165
vt 0.739096 0.105783
vt 0.740373 0.110309
vt 0.737481 0.107103
vt 0.735051 0.115612
vt 0.731665 0.111859
vt 0.747033 0.115788
vt 0.742848 0.122028
vt 0.738792 0.119011
vt 0.743568 0.113212
vt 0.744511 0.112067
vt 0.744894 0.111602
vt 0.748194 0.114056
vt 0.747858 0.114557
vt 0.755431 0.117945
vt 0.755199 0.118502
vt 0.751432 0.116710
vt 0.751717 0.116178
vt 0.754629 0.119871
vt 0.750731 0.118016
vt 0.751742 0.126807
vt 0.747179 0.124636
vt 0.762879 0.122384
vt 0.761401 0.129750
vt 0.756500 0.128515
vt 0.758692 0.121329
vt 0.759125 0.119911
vt 0.759301 0.119335
vt 0.763289 0.120339
vt 0.763170 0.120930
vt 0.771463 0.121161
vt 0.771462 0.121764
vt 0.767296 0.121551
vt 0.767356 0.120951
vt 0.771459 0.123247
vt 0.767148 0.123026
vt 0.771448 0.130760
vt 0.766400 0.130501
vt 0.780042 0.122411
vt 0.781497 0.129781
vt 0.776496 0.130517
vt 0.775771 0.123039
vt 0.775628 0.121564
vt 0.775570 0.120963
vt 0.779639 0.120365
vt 0.779755 0.120956
vt 0.787504 0.117995
vt 0.787734 0.118553
vt 0.783804 0.119950
vt 0.783630 0.119373
vt 0.788300 0.119923
vt 0.784232 0.121369
vt 0.791165 0.126869
vt 0.786403 0.128562
vt 0.795909 0.115865
vt 0.800074 0.122118
vt 0.795736 0.124712
vt 0.792204 0.118081
vt 0.791507 0.116773
vt 0.791223 0.116240
vt 0.794753 0.114130
vt 0.795087 0.114632
vt 0.801113 0.108930
vt 0.801539 0.109357
vt 0.798443 0.112152
vt 0.798061 0.111685
vt 0.802586 0.110406
vt 0.799382 0.113299
vt 0.807892 0.115727
vt 0.804140 0.119113
vt 0.808063 0.103744
vt 0.814304 0.107927
vt 0.811289 0.111984
vt 0.805487 0.107210
vt 0.804343 0.106268
vt 0.803877 0.105884
vt 0.806331 0.102583
vt 0.806832 0.102919
vt 0.810217 0.095344
vt 0.810774 0.095576
vt 0.808983 0.099344
vt 0.808451 0.099059
vt 0.812142 0.096145
vt 0.810289 0.100044
vt 0.819080 0.099030
vt 0.816910 0.103595
vt 0.814653 0.087893
vt 0.822020 0.089370
vt 0.820787 0.094272
vt 0.813600 0.092081
vt 0.812182 0.091649
vt 0.811605 0.091473
vt 0.812609 0.087484
vt 0.813200 0.087602
vt 0.813819 0.083476
vt 0.813219 0.083416
vt 0.815294 0.083623
vt 0.822771 0.084370
vt 0.743072 0.260447
vt 0.743376 0.259030
vt 0.744803 0.259191
vt 0.744588 0.260592
vt 0.743701 0.257734
vt 0.745004 0.257879
vt 0.746328 0.257861
vt 0.746217 0.259226
vt 0.746073 0.260641
vt 0.744014 0.256591
vt 0.745143 0.256670
vt 0.744249 0.255770
vt 0.745071 0.255540
vt 0.746214 0.255233
vt 0.746353 0.256537
vt 0.748930 0.254619
vt 0.749067 0.256136
vt 0.747665 0.256343
vt 0.747512 0.254915
vt 0.749109 0.257622
vt 0.747693 0.257758
vt 0.749087 0.259097
vt 0.747639 0.259179
vt 0.749035 0.260583
vt 0.747548 0.260627
vt 0.750582 0.259024
vt 0.750554 0.260541
vt 0.750586 0.257506
vt 0.752109 0.257417
vt 0.752111 0.258966
vt 0.752097 0.260506
vt 0.750544 0.255965
vt 0.750433 0.254379
vt 0.752000 0.254200
vt 0.752077 0.255836
vt 0.755240 0.254053
vt 0.755236 0.255728
vt 0.753647 0.255755
vt 0.753609 0.254089
vt 0.755232 0.257342
vt 0.753663 0.257360
vt 0.755228 0.258917
vt 0.753664 0.258928
vt 0.755225 0.260476
vt 0.753657 0.260483
vt 0.756793 0.258936
vt 0.756792 0.260491
vt 0.756801 0.257368
vt 0.758355 0.257433
vt 0.758345 0.258982
vt 0.758352 0.260522
vt 0.756825 0.255763
vt 0.756871 0.254097
vt 0.758480 0.254217
vt 0.758395 0.255853
vt 0.761549 0.254653
vt 0.761404 0.256169
vt 0.759928 0.255990
vt 0.760046 0.254404
vt 0.761356 0.257654
vt 0.759878 0.257530
vt 0.761370 0.259128
vt 0.759875 0.259048
vt 0.761414 0.260614
vt 0.759895 0.260565
vt 0.762819 0.259218
vt 0.762901 0.260666
vt 0.762772 0.257797
vt 0.764137 0.257908
vt 0.764241 0.259272
vt 0.764377 0.260687
vt 0.762806 0.256383
vt 0.762966 0.254957
vt 0.764264 0.255282
vt 0.764118 0.256584
vt 0.766228 0.255829
vt 0.766458 0.256651
vt 0.765329 0.256723
vt 0.765406 0.255595
vt 0.766766 0.257794
vt 0.765462 0.257932
vt 0.767084 0.259091
vt 0.765656 0.259245
vt 0.767381 0.260508
vt 0.765863 0.260645
vt 0.742468 0.266753
vt 0.742514 0.265124
vt 0.744180 0.265169
vt 0.744145 0.266757
vt 0.742634 0.263515
vt 0.744270 0.263599
vt 0.745852 0.263640
vt 0.745786 0.265192
vt 0.745759 0.266761
vt 0.742822 0.261949
vt 0.744408 0.262068
vt 0.745949 0.262117
vt 0.748985 0.262101
vt 0.747468 0.262121
vt 0.748943 0.263643
vt 0.747401 0.263649
vt 0.748911 0.265201
vt 0.747355 0.265201
vt 0.748896 0.266768
vt 0.747335 0.266764
vt 0.750478 0.265200
vt 0.750467 0.266771
vt 0.750498 0.263634
vt 0.752065 0.263626
vt 0.752051 0.265199
vt 0.752043 0.266775
vt 0.750525 0.262079
vt 0.752081 0.262061
vt 0.755221 0.262045
vt 0.753648 0.262048
vt 0.755217 0.263621
vt 0.753639 0.263621
vt 0.755212 0.265201
vt 0.753631 0.265199
vt 0.755208 0.266783
vt 0.753625 0.266779
vt 0.756794 0.265207
vt 0.756792 0.266787
vt 0.756794 0.263629
vt 0.758368 0.263642
vt 0.758373 0.265215
vt 0.758373 0.266791
vt 0.756793 0.262056
vt 0.758360 0.262077
vt 0.761456 0.262132
vt 0.759916 0.262103
vt 0.761491 0.263674
vt 0.759935 0.263658
vt 0.761514 0.265232
vt 0.759947 0.265224
vt 0.761520 0.266799
vt 0.759950 0.266795
vt 0.763070 0.265240
vt 0.763081 0.266803
vt 0.763032 0.263688
vt 0.764582 0.263686
vt 0.764639 0.265238
vt 0.764657 0.266806
vt 0.762974 0.262160
vt 0.764493 0.262163
vt 0.767622 0.262010
vt 0.766035 0.262121
vt 0.767801 0.263576
vt 0.766164 0.263653
vt 0.767912 0.265185
vt 0.766245 0.265222
vt 0.767948 0.266814
vt 0.766271 0.266810
vt 0.743033 0.273060
vt 0.742793 0.271558
vt 0.744380 0.271446
vt 0.744551 0.272922
vt 0.742614 0.269992
vt 0.744251 0.269915
vt 0.745834 0.269882
vt 0.745922 0.271404
vt 0.746038 0.272880
vt 0.742504 0.268383
vt 0.744171 0.268345
vt 0.745777 0.268329
vt 0.748903 0.268334
vt 0.747347 0.268327
vt 0.748925 0.269892
vt 0.747384 0.269879
vt 0.748959 0.271435
vt 0.747441 0.271407
vt 0.749001 0.272953
vt 0.747514 0.272901
vt 0.750499 0.271463
vt 0.750520 0.273002
vt 0.750481 0.269908
vt 0.752048 0.269924
vt 0.752056 0.271490
vt 0.752063 0.273044
vt 0.750469 0.268343
vt 0.752043 0.268352
vt 0.755204 0.268365
vt 0.753622 0.268360
vt 0.755200 0.269945
vt 0.753622 0.269937
vt 0.755195 0.271521
vt 0.753623 0.271510
vt 0.755191 0.273090
vt 0.753623 0.273075
vt 0.756768 0.271518
vt 0.756759 0.273083
vt 0.756777 0.269945
vt 0.758352 0.269940
vt 0.758335 0.271506
vt 0.758319 0.273060
vt 0.756786 0.268367
vt 0.758365 0.268367
vt 0.761505 0.268365
vt 0.759939 0.268366
vt 0.761474 0.269924
vt 0.759918 0.269932
vt 0.761431 0.271466
vt 0.759892 0.271487
vt 0.761382 0.272984
vt 0.759862 0.273025
vt 0.762949 0.271446
vt 0.762869 0.272940
vt 0.763016 0.269917
vt 0.764565 0.269927
vt 0.764468 0.271450
vt 0.764344 0.272926
vt 0.763061 0.268366
vt 0.764630 0.268375
vt 0.767903 0.268444
vt 0.766237 0.268398
vt 0.767784 0.270053
vt 0.766147 0.269968
vt 0.767596 0.271619
vt 0.766009 0.271500
vt 0.767347 0.273120
vt 0.765830 0.272975
vt 0.744183 0.277740
vt 0.743953 0.276918
vt 0.745083 0.276845
vt 0.745004 0.277974
vt 0.743647 0.275775
vt 0.744951 0.275635
vt 0.746276 0.275660
vt 0.746294 0.276984
vt 0.746147 0.278286
vt 0.743329 0.274477
vt 0.744758 0.274323
vt 0.746173 0.274295
vt 0.749044 0.274438
vt 0.747595 0.274349
vt 0.749057 0.275913
vt 0.747641 0.275770
vt 0.749007 0.277398
vt 0.747606 0.277184
vt 0.748862 0.278915
vt 0.747444 0.278611
vt 0.750484 0.277577
vt 0.750364 0.279163
vt 0.750535 0.276036
vt 0.752058 0.276134
vt 0.752017 0.277714
vt 0.751932 0.279350
vt 0.750539 0.274519
vt 0.752069 0.274585
vt 0.755187 0.274650
vt 0.753622 0.274630
vt 0.755182 0.276225
vt 0.753613 0.276198
vt 0.755178 0.277838
vt 0.753588 0.277804
vt 0.755173 0.279515
vt 0.753541 0.279470
vt 0.756768 0.277812
vt 0.756804 0.279478
vt 0.756752 0.276206
vt 0.758307 0.276149
vt 0.758339 0.277731
vt 0.758415 0.279367
vt 0.756751 0.274638
vt 0.758305 0.274600
vt 0.761330 0.274470
vt 0.759834 0.274542
vt 0.761308 0.275944
vt 0.759830 0.276060
vt 0.761350 0.277430
vt 0.759872 0.277601
vt 0.761487 0.278947
vt 0.759983 0.279188
vt 0.762752 0.277223
vt 0.762905 0.278651
vt 0.762725 0.275808
vt 0.764090 0.275705
vt 0.764065 0.277029
vt 0.764204 0.278333
vt 0.762779 0.274387
vt 0.764201 0.274341
vt 0.767043 0.274537
vt 0.765616 0.274376
vt 0.766718 0.275833
vt 0.765415 0.275687
vt 0.766405 0.276975
vt 0.765276 0.276897
vt 0.766171 0.277797
vt 0.765348 0.278026
vt 0.771081 0.261499
vt 0.770658 0.259830
vt 0.771388 0.263237
vt 0.771576 0.265019
vt 0.771636 0.266823
vt 0.769664 0.265119
vt 0.769711 0.266818
vt 0.769517 0.263441
vt 0.769278 0.261809
vt 0.768952 0.260243
vt 0.771565 0.268628
vt 0.771368 0.270410
vt 0.771051 0.272147
vt 0.770619 0.273815
vt 0.769250 0.271829
vt 0.768916 0.273394
vt 0.769498 0.270196
vt 0.769654 0.268518
vt 0.770080 0.275393
vt 0.769422 0.276855
vt 0.768638 0.278176
vt 0.767689 0.279323
vt 0.767475 0.277415
vt 0.766764 0.278393
vt 0.768019 0.276221
vt 0.768502 0.274870
vt 0.766536 0.280266
vt 0.765212 0.281043
vt 0.763746 0.281692
vt 0.762164 0.282223
vt 0.763230 0.280112
vt 0.761752 0.280517
vt 0.764585 0.279636
vt 0.765782 0.279098
vt 0.760493 0.282645
vt 0.758753 0.282953
vt 0.756969 0.283141
vt 0.755162 0.283202
vt 0.756870 0.281229
vt 0.755168 0.281277
vt 0.758549 0.281082
vt 0.760184 0.280843
vt 0.753356 0.283131
vt 0.751572 0.282935
vt 0.749835 0.282618
vt 0.748165 0.282187
vt 0.750154 0.280817
vt 0.748587 0.280484
vt 0.751787 0.281065
vt 0.753466 0.281220
vt 0.746586 0.281648
vt 0.745124 0.280991
vt 0.743803 0.280207
vt 0.742655 0.279259
vt 0.744564 0.279044
vt 0.743586 0.278334
vt 0.745758 0.279587
vt 0.747111 0.280070
vt 0.741712 0.278107
vt 0.740935 0.276783
vt 0.740286 0.275318
vt 0.739755 0.273738
vt 0.741867 0.274803
vt 0.741462 0.273326
vt 0.742343 0.276156
vt 0.742881 0.277352
vt 0.739333 0.272069
vt 0.739026 0.270332
vt 0.738840 0.268550
vt 0.738780 0.266745
vt 0.740752 0.268449
vt 0.740705 0.266749
vt 0.740898 0.270127
vt 0.741137 0.271760
vt 0.738852 0.264940
vt 0.739050 0.263158
vt 0.739368 0.261422
vt 0.739801 0.259753
vt 0.741168 0.261739
vt 0.741503 0.260174
vt 0.740919 0.263372
vt 0.740763 0.265050
vt 0.740341 0.258175
vt 0.740998 0.256713
vt 0.741783 0.255392
vt 0.742732 0.254244
vt 0.742946 0.256152
vt 0.743656 0.255174
vt 0.742401 0.257346
vt 0.741917 0.258698
vt 0.743884 0.253301
vt 0.745207 0.252524
vt 0.746672 0.251875
vt 0.748252 0.251344
vt 0.747187 0.253455
vt 0.748665 0.253049
vt 0.745834 0.253931
vt 0.744637 0.254469
vt 0.749923 0.250922
vt 0.751661 0.250615
vt 0.753443 0.250428
vt 0.755249 0.250367
vt 0.753543 0.252338
vt 0.755244 0.252291
vt 0.751865 0.252485
vt 0.750231 0.252724
vt 0.757054 0.250438
vt 0.758836 0.250634
vt 0.760573 0.250951
vt 0.762242 0.251383
vt 0.760256 0.252751
vt 0.761822 0.253085
vt 0.758623 0.252503
vt 0.756945 0.252348
vt 0.763821 0.251922
vt 0.765284 0.252579
vt 0.766605 0.253363
vt 0.767753 0.254312
vt 0.765845 0.254526
vt 0.766824 0.255236
vt 0.764651 0.253982
vt 0.763298 0.253499
vt 0.768697 0.255463
vt 0.769476 0.256786
vt 0.770126 0.258250
vt 0.768546 0.258766
vt 0.768069 0.257413
vt 0.767530 0.256217
vt 0.801431 0.286066
vt 0.800806 0.285805
vt 0.802451 0.281244
vt 0.803098 0.281442
vt 0.800134 0.285524
vt 0.801754 0.281031
vt 0.802923 0.276399
vt 0.803638 0.276543
vt 0.804301 0.276676
vt 0.803891 0.266905
vt 0.803640 0.271675
vt 0.804620 0.266907
vt 0.804366 0.271749
vt 0.805296 0.266909
vt 0.805039 0.271817
vt 0.790529 0.302286
vt 0.790052 0.301806
vt 0.793316 0.298222
vt 0.793839 0.298652
vt 0.789537 0.301289
vt 0.792754 0.297757
vt 0.795607 0.293925
vt 0.796212 0.294332
vt 0.796773 0.294709
vt 0.798076 0.289836
vt 0.798719 0.290181
vt 0.799314 0.290502
vt 0.774250 0.313100
vt 0.773993 0.312474
vt 0.778381 0.310412
vt 0.778698 0.311009
vt 0.773715 0.311800
vt 0.778039 0.309767
vt 0.782141 0.307319
vt 0.782544 0.307926
vt 0.782918 0.308489
vt 0.785987 0.304485
vt 0.786448 0.305050
vt 0.786876 0.305574
vt 0.755072 0.316862
vt 0.755074 0.316185
vt 0.759917 0.315959
vt 0.759982 0.316633
vt 0.755076 0.315456
vt 0.759848 0.315233
vt 0.764575 0.314540
vt 0.764715 0.315255
vt 0.764845 0.315919
vt 0.769212 0.313394
vt 0.769422 0.314093
vt 0.769617 0.314740
vt 0.735915 0.313000
vt 0.736175 0.312375
vt 0.740736 0.314019
vt 0.740538 0.314666
vt 0.736456 0.311702
vt 0.740950 0.313322
vt 0.745582 0.314490
vt 0.745438 0.315205
vt 0.745305 0.315868
vt 0.750306 0.315206
vt 0.750232 0.315932
vt 0.750164 0.316605
vt 0.719693 0.302101
vt 0.720172 0.301624
vt 0.723757 0.304888
vt 0.723327 0.305410
vt 0.720689 0.301109
vt 0.724222 0.304325
vt 0.728054 0.307177
vt 0.727648 0.307782
vt 0.727271 0.308344
vt 0.732144 0.309646
vt 0.731799 0.310288
vt 0.731478 0.310884
vt 0.708876 0.285824
vt 0.709502 0.285566
vt 0.711565 0.289954
vt 0.710967 0.290272
vt 0.710176 0.285289
vt 0.712209 0.289612
vt 0.714658 0.293714
vt 0.714051 0.294117
vt 0.713488 0.294491
vt 0.717492 0.297560
vt 0.716927 0.298021
vt 0.716403 0.298449
vt 0.705112 0.266646
vt 0.705788 0.266648
vt 0.706015 0.271491
vt 0.705341 0.271556
vt 0.706517 0.266650
vt 0.706741 0.271422
vt 0.707434 0.276149
vt 0.706719 0.276289
vt 0.706055 0.276419
vt 0.708581 0.280787
vt 0.707882 0.280996
vt 0.707235 0.281191
vt 0.708975 0.247487
vt 0.709599 0.247747
vt 0.707955 0.252309
vt 0.707308 0.252111
vt 0.710271 0.248028
vt 0.708652 0.252523
vt 0.707483 0.257155
vt 0.706769 0.257011
vt 0.706106 0.256878
vt 0.706767 0.261879
vt 0.706042 0.261806
vt 0.705369 0.261738
vt 0.719876 0.231263
vt 0.720353 0.231742
vt 0.717088 0.235328
vt 0.716566 0.234898
vt 0.720866 0.232258
vt 0.717650 0.235791
vt 0.714797 0.239625
vt 0.714193 0.239219
vt 0.713632 0.238842
vt 0.712328 0.243715
vt 0.711687 0.243371
vt 0.711091 0.243050
vt 0.736156 0.220445
vt 0.736413 0.221071
vt 0.732025 0.223134
vt 0.731707 0.222536
vt 0.736690 0.221744
vt 0.732366 0.223777
vt 0.728263 0.226226
vt 0.727861 0.225621
vt 0.727487 0.225058
vt 0.724416 0.229061
vt 0.723957 0.228497
vt 0.723529 0.227973
vt 0.755337 0.216682
vt 0.755335 0.217359
vt 0.750491 0.217585
vt 0.750426 0.216911
vt 0.755333 0.218086
vt 0.750560 0.218309
vt 0.745832 0.219002
vt 0.745692 0.218289
vt 0.745562 0.217625
vt 0.741194 0.220149
vt 0.740984 0.219452
vt 0.740790 0.218804
vt 0.774497 0.220547
vt 0.774237 0.221172
vt 0.769675 0.219527
vt 0.769873 0.218880
vt 0.773956 0.221843
vt 0.769462 0.220223
vt 0.764829 0.219053
vt 0.764972 0.218340
vt 0.765106 0.217677
vt 0.760104 0.218336
vt 0.760177 0.217613
vt 0.760246 0.216940
vt 0.790720 0.231451
vt 0.790240 0.231928
vt 0.786655 0.228662
vt 0.787086 0.228140
vt 0.789724 0.232441
vt 0.786192 0.229224
vt 0.782359 0.226370
vt 0.782765 0.225767
vt 0.783142 0.225205
vt 0.778269 0.223900
vt 0.778613 0.223260
vt 0.778934 0.222664
vt 0.801536 0.247730
vt 0.800910 0.247988
vt 0.798847 0.243599
vt 0.799445 0.243282
vt 0.800236 0.248265
vt 0.798204 0.243941
vt 0.795755 0.239839
vt 0.796361 0.239436
vt 0.796924 0.239061
vt 0.792921 0.235992
vt 0.793485 0.235531
vt 0.794009 0.235104
vt 0.804394 0.262064
vt 0.805068 0.261999
vt 0.803668 0.262133
vt 0.802976 0.257406
vt 0.803691 0.257266
vt 0.804354 0.257135
vt 0.801830 0.252768
vt 0.802528 0.252558
vt 0.803176 0.252364
vt 0.765511 0.789161
vt 0.758101 0.788450
vt 0.750684 0.787830
vt 0.765059 0.793381
vt 0.757702 0.792677
vt 0.750337 0.792055
vt 0.743264 0.787288
vt 0.742960 0.791528
vt 0.735578 0.791053
vt 0.735841 0.786817
vt 0.795060 0.793119
vt 0.787695 0.791940
vt 0.780311 0.790896
vt 0.794325 0.797300
vt 0.787039 0.796135
vt 0.779732 0.795098
vt 0.772916 0.789974
vt 0.772402 0.794193
vt 0.824258 0.799445
vt 0.817011 0.797596
vt 0.809724 0.795934
vt 0.823128 0.803532
vt 0.815990 0.801715
vt 0.808807 0.800076
vt 0.802405 0.794448
vt 0.801581 0.798616
vt 0.852775 0.809004
vt 0.845723 0.806269
vt 0.838614 0.803770
vt 0.851099 0.812961
vt 0.844214 0.810235
vt 0.837246 0.807774
vt 0.831460 0.801501
vt 0.830213 0.805551
vt 0.409915 0.799021
vt 0.402709 0.801060
vt 0.395548 0.803317
vt 0.411036 0.803111
vt 0.403946 0.805113
vt 0.396911 0.807325
vt 0.388437 0.805801
vt 0.389938 0.809772
vt 0.383043 0.812481
vt 0.381382 0.808517
vt 0.439127 0.792756
vt 0.431779 0.794068
vt 0.424457 0.795540
vt 0.439853 0.796939
vt 0.432593 0.798236
vt 0.425366 0.799685
vt 0.417167 0.797188
vt 0.418180 0.801313
vt 0.468683 0.788859
vt 0.461278 0.789655
vt 0.453880 0.790563
vt 0.469127 0.793081
vt 0.461781 0.793872
vt 0.454452 0.794767
vt 0.446496 0.791593
vt 0.447142 0.795795
vt 0.498358 0.786576
vt 0.490936 0.787030
vt 0.483514 0.787558
vt 0.498612 0.790812
vt 0.491229 0.791266
vt 0.483853 0.791784
vt 0.476097 0.788164
vt 0.476485 0.792397
vt 0.528055 0.785322
vt 0.520632 0.785564
vt 0.513207 0.785852
vt 0.528192 0.789563
vt 0.520791 0.789806
vt 0.513395 0.790086
vt 0.505783 0.786186
vt 0.506002 0.790431
vt 0.557746 0.784687
vt 0.550325 0.784804
vt 0.542903 0.784948
vt 0.557812 0.788928
vt 0.550404 0.789047
vt 0.543000 0.789184
vt 0.535480 0.785119
vt 0.535595 0.789368
vt 0.587427 0.784410
vt 0.580009 0.784454
vt 0.572588 0.784516
vt 0.587451 0.788651
vt 0.580040 0.788698
vt 0.572631 0.788752
vt 0.565169 0.784592
vt 0.565222 0.788842
vt 0.617102 0.784352
vt 0.609684 0.784349
vt 0.602265 0.784360
vt 0.617098 0.788593
vt 0.609685 0.788593
vt 0.602275 0.788596
vt 0.594847 0.784378
vt 0.594863 0.788629
vt 0.646776 0.784470
vt 0.639358 0.784423
vt 0.631939 0.784390
vt 0.646744 0.788711
vt 0.639332 0.788666
vt 0.631922 0.788626
vt 0.624522 0.784365
vt 0.624510 0.788615
vt 0.676457 0.784807
vt 0.669037 0.784696
vt 0.661616 0.784607
vt 0.676382 0.789049
vt 0.668973 0.788940
vt 0.661565 0.788842
vt 0.654197 0.784531
vt 0.654155 0.788781
vt 0.706146 0.785503
vt 0.698724 0.785284
vt 0.691301 0.785099
vt 0.706001 0.789743
vt 0.698599 0.789526
vt 0.691196 0.789335
vt 0.683880 0.784940
vt 0.683790 0.789190
vt 0.728419 0.786411
vt 0.720995 0.786063
vt 0.728190 0.790650
vt 0.720799 0.790296
vt 0.713571 0.785762
vt 0.713401 0.790008
vt 0.756923 0.801044
vt 0.757309 0.796884
vt 0.764610 0.797581
vt 0.764172 0.801733
vt 0.763785 0.805472
vt 0.756586 0.804790
vt 0.749357 0.804201
vt 0.749655 0.800434
vt 0.749991 0.796277
vt 0.763633 0.806989
vt 0.756454 0.806309
vt 0.749238 0.805721
vt 0.734753 0.804707
vt 0.734839 0.803185
vt 0.742107 0.803633
vt 0.742003 0.805155
vt 0.735062 0.799434
vt 0.742366 0.799901
vt 0.735316 0.795267
vt 0.742661 0.795729
vt 0.785752 0.804441
vt 0.786390 0.800311
vt 0.793594 0.801460
vt 0.792880 0.805575
vt 0.792246 0.809281
vt 0.785191 0.808160
vt 0.778089 0.807171
vt 0.778590 0.803427
vt 0.779154 0.799293
vt 0.791995 0.810785
vt 0.784968 0.809669
vt 0.777889 0.808682
vt 0.770954 0.806247
vt 0.770777 0.807762
vt 0.771394 0.802530
vt 0.771894 0.798377
vt 0.813981 0.809872
vt 0.814977 0.805815
vt 0.822005 0.807600
vt 0.820901 0.811625
vt 0.819921 0.815253
vt 0.813099 0.813528
vt 0.806203 0.811974
vt 0.807000 0.808284
vt 0.807894 0.804208
vt 0.819530 0.816727
vt 0.812746 0.815012
vt 0.805884 0.813465
vt 0.799254 0.810536
vt 0.798968 0.812035
vt 0.799963 0.806858
vt 0.800766 0.802754
vt 0.841164 0.818057
vt 0.842686 0.814171
vt 0.849390 0.816868
vt 0.847678 0.820702
vt 0.846133 0.824135
vt 0.839804 0.821560
vt 0.833294 0.819264
vt 0.834509 0.815699
vt 0.835869 0.811761
vt 0.845508 0.825527
vt 0.839263 0.822985
vt 0.832811 0.820710
vt 0.826661 0.817154
vt 0.826225 0.818616
vt 0.827746 0.813566
vt 0.828972 0.809577
vt 0.406398 0.813140
vt 0.405182 0.809147
vt 0.412151 0.807183
vt 0.413247 0.811212
vt 0.414220 0.814843
vt 0.407480 0.816742
vt 0.400840 0.818829
vt 0.399633 0.815260
vt 0.398280 0.811315
vt 0.414610 0.816318
vt 0.407912 0.818205
vt 0.401319 0.820277
vt 0.388610 0.825071
vt 0.387987 0.823677
vt 0.394323 0.821108
vt 0.394862 0.822536
vt 0.386446 0.820235
vt 0.392972 0.817605
vt 0.384742 0.816395
vt 0.391458 0.813711
vt 0.434194 0.806488
vt 0.433402 0.802384
vt 0.440573 0.801102
vt 0.441280 0.805219
vt 0.441905 0.808926
vt 0.434898 0.810183
vt 0.427944 0.811592
vt 0.427155 0.807900
vt 0.426270 0.803820
vt 0.442156 0.810431
vt 0.435180 0.811683
vt 0.428256 0.813084
vt 0.421041 0.813118
vt 0.421390 0.814604
vt 0.420170 0.809473
vt 0.419183 0.805410
vt 0.462771 0.802218
vt 0.462282 0.798068
vt 0.469565 0.797282
vt 0.469996 0.801436
vt 0.470374 0.805176
vt 0.463205 0.805955
vt 0.456067 0.806846
vt 0.455575 0.803100
vt 0.455021 0.798964
vt 0.470526 0.806693
vt 0.463378 0.807471
vt 0.456261 0.808358
vt 0.448959 0.807803
vt 0.449179 0.809313
vt 0.448409 0.804099
vt 0.447782 0.799962
vt 0.491804 0.799650
vt 0.491521 0.795481
vt 0.498863 0.795027
vt 0.499110 0.799195
vt 0.499325 0.802947
vt 0.492056 0.803403
vt 0.484805 0.803934
vt 0.484516 0.800166
vt 0.484190 0.796007
vt 0.499412 0.804470
vt 0.492156 0.804925
vt 0.484917 0.805454
vt 0.477572 0.804488
vt 0.477701 0.806008
vt 0.477245 0.800760
vt 0.476869 0.796593
vt 0.521105 0.798202
vt 0.520951 0.794028
vt 0.528326 0.793782
vt 0.528457 0.797954
vt 0.528571 0.801710
vt 0.521242 0.801960
vt 0.513921 0.802261
vt 0.513763 0.798484
vt 0.513582 0.794318
vt 0.528618 0.803234
vt 0.521297 0.803484
vt 0.513981 0.803784
vt 0.506611 0.802550
vt 0.506682 0.804074
vt 0.506429 0.798815
vt 0.506219 0.794636
vt 0.550560 0.797446
vt 0.550485 0.793270
vt 0.557877 0.793149
vt 0.557941 0.797321
vt 0.557995 0.801078
vt 0.550630 0.801206
vt 0.543267 0.801367
vt 0.543187 0.797587
vt 0.543095 0.793420
vt 0.558018 0.802602
vt 0.550657 0.802731
vt 0.543296 0.802891
vt 0.535911 0.801494
vt 0.535946 0.803019
vt 0.535818 0.797757
vt 0.535709 0.793575
vt 0.580104 0.797097
vt 0.580074 0.792921
vt 0.587474 0.792871
vt 0.587498 0.797044
vt 0.587517 0.800801
vt 0.580133 0.800857
vt 0.572748 0.800937
vt 0.572714 0.797156
vt 0.572674 0.792989
vt 0.587527 0.802325
vt 0.580145 0.802382
vt 0.572759 0.802460
vt 0.565365 0.800968
vt 0.565380 0.802494
vt 0.565324 0.797231
vt 0.565274 0.793049
vt 0.609689 0.796991
vt 0.609688 0.792816
vt 0.617092 0.792813
vt 0.617088 0.796986
vt 0.617084 0.800743
vt 0.609693 0.800752
vt 0.602299 0.800780
vt 0.602292 0.796999
vt 0.602284 0.792832
vt 0.617085 0.802267
vt 0.609696 0.802276
vt 0.602299 0.802304
vt 0.594904 0.800754
vt 0.594906 0.802280
vt 0.594894 0.797018
vt 0.594879 0.792835
vt 0.639282 0.797065
vt 0.639308 0.792889
vt 0.646710 0.792931
vt 0.646679 0.797104
vt 0.646651 0.800861
vt 0.639264 0.800825
vt 0.631870 0.800810
vt 0.631886 0.797029
vt 0.631904 0.792862
vt 0.646642 0.802385
vt 0.639257 0.802350
vt 0.631862 0.802334
vt 0.624474 0.800741
vt 0.624468 0.802266
vt 0.624487 0.797004
vt 0.624499 0.792822
vt 0.668851 0.797338
vt 0.668912 0.793162
vt 0.676307 0.793268
vt 0.676235 0.797441
vt 0.676173 0.801197
vt 0.668801 0.801098
vt 0.661420 0.801026
vt 0.661464 0.797246
vt 0.661514 0.793079
vt 0.676150 0.802721
vt 0.668783 0.802623
vt 0.661401 0.802550
vt 0.654034 0.800906
vt 0.654018 0.802431
vt 0.654072 0.797170
vt 0.654113 0.792987
vt 0.698356 0.797923
vt 0.698477 0.793748
vt 0.705856 0.793962
vt 0.705717 0.798134
vt 0.705595 0.801889
vt 0.698255 0.801682
vt 0.690900 0.801516
vt 0.690989 0.797736
vt 0.691091 0.793570
vt 0.705549 0.803413
vt 0.698216 0.803206
vt 0.690863 0.803039
vt 0.683537 0.801315
vt 0.683506 0.802840
vt 0.683614 0.797578
vt 0.683702 0.793397
vt 0.727742 0.799040
vt 0.727964 0.794869
vt 0.727552 0.802796
vt 0.720245 0.802469
vt 0.720412 0.798693
vt 0.720603 0.794528
vt 0.727477 0.804319
vt 0.720177 0.803992
vt 0.712924 0.802130
vt 0.712866 0.803655
vt 0.713069 0.798394
vt 0.713234 0.794215
vt 0.803011 0.286726
vt 0.804735 0.281943
vt 0.805981 0.277015
vt 0.807009 0.266913
vt 0.806743 0.271989
vt 0.791736 0.303500
vt 0.795158 0.299741
vt 0.798196 0.295665
vt 0.800823 0.291313
vt 0.774901 0.314684
vt 0.779501 0.312520
vt 0.783867 0.309917
vt 0.787959 0.306901
vt 0.755068 0.318574
vt 0.760145 0.318336
vt 0.765176 0.317601
vt 0.770110 0.316381
vt 0.735255 0.314580
vt 0.740038 0.316303
vt 0.744966 0.317548
vt 0.749992 0.318309
vt 0.718478 0.303308
vt 0.722238 0.306730
vt 0.726315 0.309767
vt 0.730667 0.312393
vt 0.707292 0.286475
vt 0.709456 0.291075
vt 0.712060 0.295440
vt 0.715077 0.299532
vt 0.703399 0.266641
vt 0.703638 0.271719
vt 0.704373 0.276750
vt 0.705594 0.281684
vt 0.707395 0.246827
vt 0.705672 0.251610
vt 0.704426 0.256539
vt 0.703665 0.261565
vt 0.718668 0.230049
vt 0.715246 0.233809
vt 0.712209 0.237886
vt 0.709583 0.242239
vt 0.735505 0.218861
vt 0.730904 0.221025
vt 0.726538 0.223630
vt 0.722446 0.226646
vt 0.755341 0.214970
vt 0.750263 0.215208
vt 0.745232 0.215943
vt 0.740297 0.217164
vt 0.775157 0.218967
vt 0.770374 0.217243
vt 0.765444 0.215997
vt 0.760418 0.215236
vt 0.791934 0.230243
vt 0.788174 0.226820
vt 0.784097 0.223783
vt 0.779745 0.221155
vt 0.803119 0.247079
vt 0.800956 0.242479
vt 0.798352 0.238113
vt 0.795336 0.234020
vt 0.806771 0.261835
vt 0.806036 0.256805
vt 0.804816 0.251871
vt 0.809396 0.289391
vt 0.811349 0.283970
vt 0.812764 0.278384
vt 0.813928 0.266932
vt 0.813626 0.272686
vt 0.796616 0.308406
vt 0.800494 0.304145
vt 0.803939 0.299525
vt 0.806916 0.294591
vt 0.777532 0.321083
vt 0.782745 0.318630
vt 0.787696 0.315681
vt 0.792334 0.312261
vt 0.755050 0.325494
vt 0.760805 0.325222
vt 0.766507 0.324391
vt 0.772101 0.323007
vt 0.732591 0.320966
vt 0.738012 0.322917
vt 0.743598 0.324331
vt 0.749296 0.325193
vt 0.713573 0.308188
vt 0.717835 0.312066
vt 0.722455 0.315510
vt 0.727390 0.318486
vt 0.700893 0.289106
vt 0.703346 0.294320
vt 0.706297 0.299270
vt 0.709717 0.303908
vt 0.696481 0.266623
vt 0.696752 0.272379
vt 0.697583 0.278081
vt 0.698968 0.283675
vt 0.701009 0.244163
vt 0.699058 0.249584
vt 0.697643 0.255171
vt 0.696781 0.260869
vt 0.713789 0.225144
vt 0.709911 0.229406
vt 0.706466 0.234026
vt 0.703489 0.238961
vt 0.732874 0.212462
vt 0.727660 0.214916
vt 0.722709 0.217867
vt 0.718070 0.221287
vt 0.755359 0.208051
vt 0.749603 0.208322
vt 0.743900 0.209153
vt 0.738305 0.210538
vt 0.777821 0.212582
vt 0.772400 0.210629
vt 0.766813 0.209214
vt 0.761114 0.208352
vt 0.796839 0.225363
vt 0.792577 0.221485
vt 0.787957 0.218040
vt 0.783023 0.215062
vt 0.809518 0.244448
vt 0.807065 0.239234
vt 0.804115 0.234284
vt 0.800695 0.229645
vt 0.813657 0.261176
vt 0.812827 0.255474
vt 0.811443 0.249879
vn 0.6572 0.7537 -0.0000
vn 0.6540 0.7537 0.0647
vn 0.9472 0.3067 0.0937
vn 0.9518 0.3068 -0.0000
vn 0.6446 0.7537 0.1282
vn 0.9335 0.3067 0.1857
vn 0.9805 -0.0257 0.1950
vn 0.9948 -0.0257 0.0985
vn 0.9997 -0.0257 -0.0000
vn 0.6290 0.7537 0.1905
vn 0.9109 0.3067 0.2759
vn 0.6072 0.7537 0.2515
vn 0.8793 0.3068 0.3642
vn 0.9236 -0.0257 0.3826
vn 0.9568 -0.0257 0.2897
vn 0.8845 -0.2890 0.3664
vn 0.9164 -0.2885 0.2775
vn 0.9338 -0.2193 0.2828
vn 0.9014 -0.2193 0.3734
vn 0.9390 -0.2887 0.1868
vn 0.9569 -0.2193 0.1903
vn 0.9528 -0.2885 0.0943
vn 0.9709 -0.2193 0.0961
vn 0.9573 -0.2890 -0.0000
vn 0.9757 -0.2193 -0.0000
vn 0.5795 0.7537 0.3101
vn 0.8392 0.3067 0.4491
vn 0.5465 0.7537 0.3652
vn 0.7914 0.3067 0.5288
vn 0.8312 -0.0257 0.5554
vn 0.8814 -0.0257 0.4717
vn 0.5083 0.7537 0.4167
vn 0.7360 0.3067 0.6035
vn 0.4647 0.7537 0.4647
vn 0.6730 0.3068 0.6730
vn 0.7069 -0.0257 0.7069
vn 0.7731 -0.0257 0.6338
vn 0.6769 -0.2890 0.6769
vn 0.7404 -0.2887 0.6070
vn 0.7545 -0.2193 0.6186
vn 0.6899 -0.2193 0.6899
vn 0.7961 -0.2885 0.5319
vn 0.8112 -0.2193 0.5420
vn 0.8441 -0.2890 0.4517
vn 0.8602 -0.2193 0.4603
vn 0.4167 0.7537 0.5083
vn 0.6035 0.3067 0.7360
vn 0.3652 0.7537 0.5465
vn 0.5288 0.3067 0.7914
vn 0.5554 -0.0257 0.8312
vn 0.6338 -0.0257 0.7731
vn 0.3101 0.7537 0.5795
vn 0.4491 0.3067 0.8392
vn 0.2515 0.7537 0.6072
vn 0.3642 0.3067 0.8793
vn 0.3826 -0.0257 0.9236
vn 0.4717 -0.0257 0.8814
vn 0.3664 -0.2890 0.8845
vn 0.4517 -0.2890 0.8441
vn 0.4603 -0.2193 0.8602
vn 0.3734 -0.2193 0.9014
vn 0.5319 -0.2886 0.7961
vn 0.5421 -0.2193 0.8112
vn 0.6070 -0.2887 0.7404
vn 0.6186 -0.2193 0.7545
vn 0.1905 0.7537 0.6290
vn 0.2758 0.3067 0.9110
vn 0.1282 0.7537 0.6446
vn 0.1857 0.3067 0.9335
vn 0.1950 -0.0257 0.9805
vn 0.2897 -0.0257 0.9568
vn 0.0647 0.7537 0.6541
vn 0.0938 0.3067 0.9472
vn -0.0000 0.7537 0.6572
vn -0.0000 0.3068 0.9518
vn -0.0000 -0.0257 0.9997
vn 0.0985 -0.0257 0.9948
vn -0.0000 -0.2885 0.9575
vn 0.0943 -0.2885 0.9528
vn 0.0961 -0.2193 0.9709
vn -0.0000 -0.2193 0.9757
vn 0.1868 -0.2887 0.9390
vn 0.1903 -0.2193 0.9569
vn 0.2775 -0.2890 0.9162
vn 0.2828 -0.2193 0.9338
vn -0.0647 0.7537 0.6540
vn -0.0938 0.3067 0.9472
vn -0.1282 0.7537 0.6446
vn -0.1857 0.3067 0.9335
vn -0.1950 -0.0257 0.9805
vn -0.0985 -0.0257 0.9948
vn -0.1905 0.7537 0.6290
vn -0.2758 0.3067 0.9110
vn -0.2515 0.7537 0.6072
vn -0.3642 0.3067 0.8793
vn -0.3826 -0.0256 0.9236
vn -0.2897 -0.0257 0.9568
vn -0.3664 -0.2885 0.8846
vn -0.2775 -0.2887 0.9163
vn -0.2828 -0.2193 0.9338
vn -0.3734 -0.2193 0.9014
vn -0.1868 -0.2890 0.9389
vn -0.1903 -0.2193 0.9569
vn -0.0943 -0.2887 0.9528
vn -0.0961 -0.2193 0.9709
vn -0.3101 0.7537 0.5795
vn -0.4491 0.3067 0.8392
vn -0.3652 0.7537 0.5465
vn -0.5288 0.3067 0.7914
vn -0.5554 -0.0257 0.8312
vn -0.4717 -0.0257 0.8814
vn -0.4167 0.7537 0.5082
vn -0.6035 0.3067 0.7360
vn -0.4647 0.7537 0.4647
vn -0.6730 0.3068 0.6730
vn -0.7069 -0.0257 0.7069
vn -0.6338 -0.0257 0.7731
vn -0.6770 -0.2885 0.6770
vn -0.6070 -0.2887 0.7404
vn -0.6186 -0.2193 0.7545
vn -0.6899 -0.2193 0.6899
vn -0.5319 -0.2886 0.7961
vn -0.5420 -0.2193 0.8112
vn -0.4518 -0.2885 0.8442
vn -0.4603 -0.2193 0.8602
vn -0.5083 0.7537 0.4167
vn -0.7360 0.3067 0.6035
vn -0.5465 0.7537 0.3652
vn -0.7914 0.3067 0.5288
vn -0.8312 -0.0257 0.5554
vn -0.7731 -0.0257 0.6338
vn -0.5795 0.7537 0.3101
vn -0.8392 0.3068 0.4491
vn -0.6072 0.7537 0.2515
vn -0.8793 0.3067 0.3642
vn -0.9236 -0.0257 0.3826
vn -0.8814 -0.0257 0.4717
vn -0.8845 -0.2890 0.3664
vn -0.8442 -0.2885 0.4518
vn -0.8602 -0.2193 0.4603
vn -0.9014 -0.2193 0.3734
vn -0.7961 -0.2885 0.5319
vn -0.8112 -0.2193 0.5420
vn -0.7403 -0.2890 0.6070
vn -0.7545 -0.2193 0.6186
vn -0.6290 0.7537 0.1905
vn -0.9109 0.3067 0.2759
vn -0.6446 0.7537 0.1282
vn -0.9335 0.3067 0.1857
vn -0.9805 -0.0257 0.1950
vn -0.9568 -0.0257 0.2897
vn -0.6540 0.7537 0.0647
vn -0.9472 0.3067 0.0938
vn -0.6572 0.7537 -0.0000
vn -0.9518 0.3067 -0.0000
vn -0.9997 -0.0257 -0.0000
vn -0.9948 -0.0257 0.0985
vn -0.9575 -0.2885 -0.0000
vn -0.9528 -0.2887 0.0943
vn -0.9709 -0.2193 0.0961
vn -0.9757 -0.2193 -0.0000
vn -0.9390 -0.2887 0.1868
vn -0.9569 -0.2193 0.1903
vn -0.9164 -0.2884 0.2775
vn -0.9338 -0.2193 0.2828
vn -0.6540 0.7537 -0.0647
vn -0.9472 0.3067 -0.0938
vn -0.6446 0.7537 -0.1282
vn -0.9335 0.3067 -0.1857
vn -0.9805 -0.0256 -0.1950
vn -0.9948 -0.0257 -0.0985
vn -0.6290 0.7537 -0.1905
vn -0.9109 0.3067 -0.2759
vn -0.6072 0.7537 -0.2515
vn -0.8793 0.3067 -0.3642
vn -0.9236 -0.0257 -0.3826
vn -0.9568 -0.0257 -0.2897
vn -0.8845 -0.2887 -0.3664
vn -0.9162 -0.2890 -0.2775
vn -0.9338 -0.2193 -0.2828
vn -0.9014 -0.2193 -0.3734
vn -0.9391 -0.2885 -0.1868
vn -0.9569 -0.2193 -0.1903
vn -0.9528 -0.2885 -0.0943
vn -0.9709 -0.2193 -0.0961
vn -0.5795 0.7537 -0.3101
vn -0.8392 0.3067 -0.4491
vn -0.5465 0.7537 -0.3652
vn -0.7914 0.3067 -0.5288
vn -0.8312 -0.0257 -0.5554
vn -0.8814 -0.0257 -0.4717
vn -0.5083 0.7537 -0.4167
vn -0.7360 0.3068 -0.6035
vn -0.4647 0.7537 -0.4647
vn -0.6730 0.3067 -0.6730
vn -0.7069 -0.0256 -0.7069
vn -0.7731 -0.0257 -0.6338
vn -0.6770 -0.2887 -0.6770
vn -0.7404 -0.2887 -0.6070
vn -0.7545 -0.2193 -0.6186
vn -0.6899 -0.2193 -0.6899
vn -0.7961 -0.2887 -0.5319
vn -0.8112 -0.2193 -0.5420
vn -0.8441 -0.2890 -0.4517
vn -0.8602 -0.2193 -0.4603
vn -0.4167 0.7537 -0.5083
vn -0.6035 0.3067 -0.7360
vn -0.3652 0.7537 -0.5465
vn -0.5288 0.3067 -0.7914
vn -0.5554 -0.0257 -0.8312
vn -0.6338 -0.0257 -0.7731
vn -0.3101 0.7537 -0.5795
vn -0.4491 0.3067 -0.8392
vn -0.2515 0.7537 -0.6072
vn -0.3642 0.3068 -0.8793
vn -0.3826 -0.0256 -0.9236
vn -0.4717 -0.0257 -0.8814
vn -0.3664 -0.2885 -0.8846
vn -0.4517 -0.2887 -0.8442
vn -0.4603 -0.2193 -0.8602
vn -0.3734 -0.2193 -0.9014
vn -0.5319 -0.2887 -0.7961
vn -0.5420 -0.2193 -0.8112
vn -0.6070 -0.2890 -0.7403
vn -0.6186 -0.2193 -0.7545
vn -0.1905 0.7537 -0.6290
vn -0.2758 0.3068 -0.9109
vn -0.1282 0.7536 -0.6446
vn -0.1857 0.3067 -0.9335
vn -0.1950 -0.0257 -0.9805
vn -0.2897 -0.0257 -0.9568
vn -0.0647 0.7537 -0.6541
vn -0.0938 0.3067 -0.9472
vn -0.0000 0.7537 -0.6572
vn -0.0000 0.3067 -0.9518
vn -0.0000 -0.0257 -0.9997
vn -0.0985 -0.0257 -0.9948
vn -0.0000 -0.2885 -0.9575
vn -0.0943 -0.2887 -0.9528
vn -0.0961 -0.2193 -0.9709
vn -0.0000 -0.2193 -0.9757
vn -0.1868 -0.2890 -0.9389
vn -0.1903 -0.2193 -0.9569
vn -0.2775 -0.2890 -0.9162
vn -0.2828 -0.2193 -0.9338
vn 0.0647 0.7537 -0.6541
vn 0.0937 0.3067 -0.9472
vn 0.1282 0.7536 -0.6446
vn 0.1857 0.3067 -0.9335
vn 0.1950 -0.0257 -0.9805
vn 0.0985 -0.0257 -0.9948
vn 0.1905 0.7537 -0.6290
vn 0.2758 0.3067 -0.9110
vn 0.2515 0.7537 -0.6072
vn 0.3642 0.3067 -0.8793
vn 0.3826 -0.0257 -0.9236
vn 0.2897 -0.0257 -0.9568
vn 0.3664 -0.2885 -0.8846
vn 0.2775 -0.2890 -0.9162
vn 0.2828 -0.2193 -0.9338
vn 0.3734 -0.2193 -0.9014
vn 0.1868 -0.2885 -0.9391
vn 0.1903 -0.2193 -0.9569
vn 0.0943 -0.2890 -0.9527
vn 0.0961 -0.2193 -0.9709
vn 0.3101 0.7537 -0.5795
vn 0.4491 0.3067 -0.8392
vn 0.3652 0.7536 -0.5465
vn 0.5288 0.3067 -0.7914
vn 0.5554 -0.0257 -0.8312
vn 0.4717 -0.0257 -0.8814
vn 0.4167 0.7537 -0.5083
vn 0.6035 0.3067 -0.7360
vn 0.4648 0.7537 -0.4647
vn 0.6730 0.3067 -0.6730
vn 0.7069 -0.0256 -0.7069
vn 0.6338 -0.0257 -0.7731
vn 0.6770 -0.2887 -0.6770
vn 0.6070 -0.2887 -0.7404
vn 0.6186 -0.2193 -0.7545
vn 0.6899 -0.2193 -0.6899
vn 0.5319 -0.2890 -0.7960
vn 0.5420 -0.2193 -0.8112
vn 0.4517 -0.2890 -0.8441
vn 0.4603 -0.2193 -0.8602
vn 0.5083 0.7537 -0.4167
vn 0.7360 0.3067 -0.6035
vn 0.5465 0.7536 -0.3652
vn 0.7914 0.3067 -0.5288
vn 0.8312 -0.0257 -0.5554
vn 0.7731 -0.0257 -0.6338
vn 0.5795 0.7537 -0.3101
vn 0.8392 0.3067 -0.4491
vn 0.6072 0.7537 -0.2515
vn 0.8793 0.3068 -0.3642
vn 0.9236 -0.0257 -0.3826
vn 0.8814 -0.0257 -0.4717
vn 0.8846 -0.2885 -0.3664
vn 0.8442 -0.2887 -0.4517
vn 0.8602 -0.2193 -0.4603
vn 0.9014 -0.2193 -0.3734
vn 0.7961 -0.2885 -0.5319
vn 0.8112 -0.2193 -0.5420
vn 0.7403 -0.2890 -0.6070
vn 0.7545 -0.2193 -0.6186
vn 0.6290 0.7537 -0.1905
vn 0.9109 0.3067 -0.2759
vn 0.6446 0.7537 -0.1282
vn 0.9335 0.3067 -0.1857
vn 0.9805 -0.0257 -0.1950
vn 0.9568 -0.0256 -0.2897
vn 0.6540 0.7537 -0.0647
vn 0.9472 0.3067 -0.0937
vn 0.9948 -0.0257 -0.0985
vn 0.9528 -0.2887 -0.0943
vn 0.9709 -0.2193 -0.0961
vn 0.9390 -0.2886 -0.1868
vn 0.9569 -0.2193 -0.1903
vn 0.9162 -0.2890 -0.2775
vn 0.9338 -0.2193 -0.2828
vn 0.6212 -0.7837 -0.0000
vn 0.6182 -0.7836 0.0612
vn 0.4212 -0.9060 0.0417
vn 0.4232 -0.9060 -0.0000
vn 0.6093 -0.7836 0.1212
vn 0.4152 -0.9060 0.0826
vn 0.2076 -0.9773 0.0413
vn 0.2107 -0.9773 0.0209
vn 0.2117 -0.9773 -0.0000
vn 0.5945 -0.7836 0.1800
vn 0.4051 -0.9060 0.1227
vn 0.5739 -0.7837 0.2377
vn 0.3911 -0.9060 0.1620
vn 0.1956 -0.9773 0.0810
vn 0.2026 -0.9773 0.0614
vn -0.0051 -1.0000 -0.0015
vn -0.0051 -1.0000 -0.0016
vn -0.0049 -1.0000 -0.0020
vn -0.0049 -1.0000 -0.0021
vn -0.0052 -1.0000 -0.0010
vn -0.0053 -1.0000 -0.0010
vn -0.0024 -1.0000 -0.0007
vn -0.0025 -1.0000 -0.0005
vn -0.0024 -1.0000 -0.0010
vn -0.0053 -1.0000 -0.0005
vn -0.0054 -1.0000 -0.0000
vn -0.0025 -1.0000 -0.0002
vn -0.0026 -1.0000 -0.0000
vn 0.5477 -0.7837 0.2931
vn 0.3732 -0.9060 0.1997
vn 0.5165 -0.7836 0.3451
vn 0.3520 -0.9060 0.2352
vn 0.1761 -0.9773 0.1176
vn 0.1867 -0.9773 0.0999
vn 0.4804 -0.7836 0.3939
vn 0.3273 -0.9060 0.2684
vn 0.4392 -0.7837 0.4392
vn 0.2993 -0.9060 0.2993
vn 0.1497 -0.9773 0.1497
vn 0.1638 -0.9773 0.1343
vn -0.0041 -1.0000 -0.0034
vn -0.0038 -1.0000 -0.0038
vn -0.0044 -1.0000 -0.0030
vn -0.0045 -1.0000 -0.0030
vn -0.0020 -1.0000 -0.0016
vn -0.0021 -1.0000 -0.0014
vn -0.0018 -1.0000 -0.0018
vn -0.0047 -1.0000 -0.0025
vn -0.0022 -1.0000 -0.0012
vn 0.3939 -0.7836 0.4804
vn 0.2684 -0.9060 0.3273
vn 0.3451 -0.7836 0.5165
vn 0.2352 -0.9060 0.3520
vn 0.1176 -0.9773 0.1761
vn 0.1343 -0.9773 0.1638
vn 0.2931 -0.7836 0.5477
vn 0.1997 -0.9060 0.3732
vn 0.2377 -0.7837 0.5739
vn 0.1620 -0.9060 0.3911
vn 0.0810 -0.9773 0.1956
vn 0.0999 -0.9773 0.1867
vn -0.0025 -1.0000 -0.0047
vn -0.0020 -1.0000 -0.0049
vn -0.0030 -1.0000 -0.0044
vn -0.0030 -1.0000 -0.0045
vn -0.0012 -1.0000 -0.0022
vn -0.0014 -1.0000 -0.0021
vn -0.0010 -1.0000 -0.0024
vn -0.0034 -1.0000 -0.0041
vn -0.0016 -1.0000 -0.0020
vn 0.1800 -0.7837 0.5945
vn 0.1227 -0.9060 0.4051
vn 0.1212 -0.7836 0.6093
vn 0.0826 -0.9060 0.4152
vn 0.0413 -0.9773 0.2077
vn 0.0614 -0.9773 0.2027
vn 0.0612 -0.7836 0.6182
vn 0.0417 -0.9060 0.4212
vn -0.0000 -0.7837 0.6212
vn -0.0000 -0.9060 0.4233
vn -0.0000 -0.9773 0.2117
vn 0.0209 -0.9773 0.2107
vn -0.0005 -1.0000 -0.0053
vn -0.0000 -1.0000 -0.0054
vn -0.0010 -1.0000 -0.0052
vn -0.0010 -1.0000 -0.0053
vn -0.0003 -1.0000 -0.0025
vn -0.0005 -1.0000 -0.0025
vn -0.0000 -1.0000 -0.0026
vn -0.0016 -1.0000 -0.0051
vn -0.0007 -1.0000 -0.0024
vn -0.0612 -0.7836 0.6182
vn -0.0417 -0.9060 0.4212
vn -0.1212 -0.7836 0.6093
vn -0.0826 -0.9060 0.4152
vn -0.0413 -0.9773 0.2076
vn -0.0209 -0.9773 0.2107
vn -0.1800 -0.7836 0.5945
vn -0.1227 -0.9060 0.4051
vn -0.2377 -0.7837 0.5739
vn -0.1620 -0.9060 0.3911
vn -0.0810 -0.9773 0.1956
vn -0.0614 -0.9773 0.2027
vn 0.0016 -1.0000 -0.0051
vn 0.0020 -1.0000 -0.0049
vn 0.0010 -1.0000 -0.0053
vn 0.0007 -1.0000 -0.0024
vn 0.0005 -1.0000 -0.0025
vn 0.0010 -1.0000 -0.0024
vn 0.0005 -1.0000 -0.0053
vn 0.0002 -1.0000 -0.0025
vn -0.2931 -0.7836 0.5477
vn -0.1997 -0.9060 0.3732
vn -0.3451 -0.7836 0.5165
vn -0.2352 -0.9060 0.3520
vn -0.1176 -0.9773 0.1761
vn -0.0999 -0.9773 0.1867
vn -0.3939 -0.7836 0.4804
vn -0.2684 -0.9060 0.3273
vn -0.4392 -0.7837 0.4392
vn -0.2993 -0.9060 0.2993
vn -0.1497 -0.9773 0.1497
vn -0.1343 -0.9773 0.1638
vn 0.0034 -1.0000 -0.0041
vn 0.0038 -1.0000 -0.0038
vn 0.0030 -1.0000 -0.0045
vn 0.0016 -1.0000 -0.0020
vn 0.0014 -1.0000 -0.0021
vn 0.0018 -1.0000 -0.0018
vn 0.0025 -1.0000 -0.0047
vn 0.0012 -1.0000 -0.0022
vn -0.4804 -0.7836 0.3938
vn -0.3273 -0.9060 0.2684
vn -0.5165 -0.7836 0.3451
vn -0.3520 -0.9060 0.2352
vn -0.1760 -0.9773 0.1176
vn -0.1637 -0.9773 0.1342
vn -0.5477 -0.7836 0.2931
vn -0.3732 -0.9060 0.1997
vn -0.5739 -0.7837 0.2377
vn -0.3911 -0.9060 0.1620
vn -0.1956 -0.9773 0.0810
vn -0.1867 -0.9773 0.0999
vn 0.0047 -1.0000 -0.0025
vn 0.0049 -1.0000 -0.0020
vn 0.0044 -1.0000 -0.0030
vn 0.0045 -1.0000 -0.0030
vn 0.0023 -1.0000 -0.0012
vn 0.0021 -1.0000 -0.0014
vn 0.0024 -1.0000 -0.0010
vn 0.0041 -1.0000 -0.0034
vn 0.0020 -1.0000 -0.0016
vn -0.5945 -0.7837 0.1800
vn -0.4051 -0.9060 0.1227
vn -0.6093 -0.7836 0.1212
vn -0.4152 -0.9060 0.0826
vn -0.2077 -0.9773 0.0413
vn -0.2026 -0.9773 0.0614
vn -0.6181 -0.7837 0.0612
vn -0.4212 -0.9060 0.0417
vn -0.6212 -0.7837 -0.0000
vn -0.4233 -0.9060 -0.0000
vn -0.2117 -0.9773 -0.0000
vn -0.2107 -0.9773 0.0209
vn 0.0053 -1.0000 -0.0005
vn 0.0054 -1.0000 -0.0000
vn 0.0052 -1.0000 -0.0010
vn 0.0053 -1.0000 -0.0010
vn 0.0025 -1.0000 -0.0003
vn 0.0025 -1.0000 -0.0005
vn 0.0026 -1.0000 -0.0000
vn 0.0051 -1.0000 -0.0015
vn 0.0051 -1.0000 -0.0016
vn 0.0024 -1.0000 -0.0007
vn -0.6182 -0.7836 -0.0612
vn -0.4212 -0.9060 -0.0417
vn -0.6093 -0.7836 -0.1212
vn -0.4152 -0.9060 -0.0826
vn -0.2077 -0.9773 -0.0413
vn -0.2107 -0.9773 -0.0209
vn -0.5945 -0.7837 -0.1800
vn -0.4051 -0.9060 -0.1227
vn -0.5739 -0.7837 -0.2377
vn -0.3911 -0.9060 -0.1620
vn -0.1956 -0.9773 -0.0810
vn -0.2027 -0.9773 -0.0614
vn 0.0051 -1.0000 0.0016
vn 0.0049 -1.0000 0.0020
vn 0.0052 -1.0000 0.0010
vn 0.0053 -1.0000 0.0010
vn 0.0024 -1.0000 0.0007
vn 0.0025 -1.0000 0.0005
vn 0.0024 -1.0000 0.0010
vn 0.0053 -1.0000 0.0005
vn 0.0025 -1.0000 0.0002
vn -0.5477 -0.7837 -0.2931
vn -0.3732 -0.9060 -0.1997
vn -0.5165 -0.7836 -0.3451
vn -0.3520 -0.9060 -0.2352
vn -0.1761 -0.9773 -0.1177
vn -0.1867 -0.9773 -0.0999
vn -0.4803 -0.7837 -0.3938
vn -0.3273 -0.9060 -0.2684
vn -0.4392 -0.7837 -0.4392
vn -0.2993 -0.9060 -0.2993
vn -0.1498 -0.9773 -0.1497
vn -0.1637 -0.9773 -0.1342
vn 0.0041 -1.0000 0.0034
vn 0.0038 -1.0000 0.0038
vn 0.0045 -1.0000 0.0030
vn 0.0020 -1.0000 0.0016
vn 0.0021 -1.0000 0.0014
vn 0.0018 -1.0000 0.0018
vn 0.0047 -1.0000 0.0025
vn 0.0022 -1.0000 0.0012
vn -0.3939 -0.7837 -0.4804
vn -0.2684 -0.9060 -0.3273
vn -0.3451 -0.7836 -0.5165
vn -0.2352 -0.9060 -0.3520
vn -0.1176 -0.9773 -0.1760
vn -0.1343 -0.9773 -0.1637
vn -0.2931 -0.7837 -0.5477
vn -0.1997 -0.9060 -0.3732
vn -0.2377 -0.7837 -0.5739
vn -0.1620 -0.9060 -0.3911
vn -0.0810 -0.9773 -0.1956
vn -0.0999 -0.9773 -0.1867
vn 0.0025 -1.0000 0.0047
vn 0.0020 -1.0000 0.0049
vn 0.0030 -1.0000 0.0044
vn 0.0030 -1.0000 0.0045
vn 0.0012 -1.0000 0.0023
vn 0.0014 -1.0000 0.0021
vn 0.0010 -1.0000 0.0024
vn 0.0034 -1.0000 0.0041
vn 0.0016 -1.0000 0.0020
vn -0.1800 -0.7837 -0.5945
vn -0.1227 -0.9060 -0.4051
vn -0.1212 -0.7837 -0.6093
vn -0.0826 -0.9060 -0.4152
vn -0.0413 -0.9773 -0.2077
vn -0.0614 -0.9773 -0.2027
vn -0.0612 -0.7837 -0.6182
vn -0.0417 -0.9060 -0.4212
vn -0.0000 -0.7837 -0.6212
vn -0.0000 -0.9060 -0.4233
vn -0.0000 -0.9773 -0.2117
vn -0.0209 -0.9773 -0.2107
vn 0.0005 -1.0000 0.0053
vn -0.0000 -1.0000 0.0054
vn 0.0010 -1.0000 0.0052
vn 0.0010 -1.0000 0.0053
vn 0.0003 -1.0000 0.0025
vn 0.0005 -1.0000 0.0025
vn -0.0000 -1.0000 0.0026
vn 0.0016 -1.0000 0.0051
vn 0.0007 -1.0000 0.0024
vn 0.0612 -0.7837 -0.6182
vn 0.0417 -0.9060 -0.4212
vn 0.1212 -0.7837 -0.6093
vn 0.0826 -0.9060 -0.4152
vn 0.0413 -0.9773 -0.2077
vn 0.0209 -0.9773 -0.2107
vn 0.1800 -0.7837 -0.5945
vn 0.1227 -0.9060 -0.4051
vn 0.2377 -0.7837 -0.5739
vn 0.1620 -0.9060 -0.3911
vn 0.0810 -0.9773 -0.1956
vn 0.0614 -0.9773 -0.2027
vn -0.0016 -1.0000 0.0051
vn -0.0020 -1.0000 0.0049
vn -0.0010 -1.0000 0.0052
vn -0.0010 -1.0000 0.0053
vn -0.0007 -1.0000 0.0024
vn -0.0005 -1.0000 0.0025
vn -0.0010 -1.0000 0.0024
vn -0.0005 -1.0000 0.0053
vn -0.0003 -1.0000 0.0025
vn 0.2931 -0.7837 -0.5477
vn 0.1997 -0.9060 -0.3732
vn 0.3451 -0.7836 -0.5165
vn 0.2352 -0.9060 -0.3520
vn 0.1176 -0.9773 -0.1761
vn 0.0999 -0.9773 -0.1867
vn 0.3939 -0.7836 -0.4804
vn 0.2684 -0.9060 -0.3273
vn 0.4392 -0.7837 -0.4392
vn 0.2993 -0.9060 -0.2993
vn 0.1497 -0.9773 -0.1497
vn 0.1343 -0.9773 -0.1637
vn -0.0034 -1.0000 0.0041
vn -0.0038 -1.0000 0.0038
vn -0.0030 -1.0000 0.0044
vn -0.0030 -1.0000 0.0045
vn -0.0016 -1.0000 0.0020
vn -0.0014 -1.0000 0.0021
vn -0.0018 -1.0000 0.0018
vn -0.0025 -1.0000 0.0047
vn -0.0012 -1.0000 0.0023
vn 0.4804 -0.7836 -0.3939
vn 0.3273 -0.9060 -0.2684
vn 0.5165 -0.7836 -0.3451
vn 0.3520 -0.9060 -0.2352
vn 0.1761 -0.9773 -0.1176
vn 0.1638 -0.9773 -0.1343
vn 0.5477 -0.7836 -0.2931
vn 0.3732 -0.9060 -0.1997
vn 0.5739 -0.7837 -0.2377
vn 0.3911 -0.9060 -0.1620
vn 0.1956 -0.9773 -0.0810
vn 0.1867 -0.9773 -0.0999
vn -0.0047 -1.0000 0.0025
vn -0.0049 -1.0000 0.0020
vn -0.0048 -1.0000 0.0023
vn -0.0044 -1.0000 0.0030
vn -0.0045 -1.0000 0.0030
vn -0.0023 -1.0000 0.0012
vn -0.0021 -1.0000 0.0014
vn -0.0010 -1.0000 0.0005
vn -0.0041 -1.0000 0.0034
vn -0.0020 -1.0000 0.0016
vn 0.5945 -0.7836 -0.1800
vn 0.4051 -0.9060 -0.1227
vn 0.6093 -0.7836 -0.1212
vn 0.4152 -0.9060 -0.0826
vn 0.2077 -0.9773 -0.0413
vn 0.2027 -0.9773 -0.0614
vn 0.6182 -0.7836 -0.0612
vn 0.4212 -0.9060 -0.0417
vn 0.2107 -0.9773 -0.0209
vn -0.0053 -1.0000 0.0005
vn -0.0052 -1.0000 0.0010
vn -0.0053 -1.0000 0.0010
vn -0.0025 -1.0000 0.0003
vn -0.0025 -1.0000 0.0005
vn -0.0169 -0.9998 0.0051
vn -0.0051 -1.0000 0.0016
vn -0.0212 -0.9997 0.0087
vn -0.0011 -1.0000 0.0003
vn 0.0543 -0.9985 0.0003
vn 0.0538 -0.9985 0.0055
vn 0.1176 -0.9930 0.0121
vn 0.1185 -0.9930 0.0007
vn 0.0529 -0.9985 0.0106
vn 0.1159 -0.9930 0.0233
vn 0.0515 -0.9985 0.0156
vn 0.1131 -0.9930 0.0343
vn 0.0497 -0.9985 0.0206
vn 0.1092 -0.9930 0.0452
vn 0.1138 -0.9924 0.0469
vn 0.1175 -0.9924 0.0356
vn 0.1204 -0.9924 0.0242
vn 0.1220 -0.9924 0.0128
vn 0.1228 -0.9924 0.0012
vn 0.0474 -0.9986 0.0254
vn 0.1043 -0.9930 0.0558
vn 0.0447 -0.9986 0.0299
vn 0.0984 -0.9930 0.0657
vn 0.0416 -0.9986 0.0341
vn 0.0915 -0.9930 0.0750
vn 0.0380 -0.9986 0.0380
vn 0.0836 -0.9930 0.0836
vn 0.0873 -0.9923 0.0874
vn 0.0957 -0.9923 0.0783
vn 0.1028 -0.9923 0.0684
vn 0.1088 -0.9924 0.0580
vn 0.0341 -0.9986 0.0416
vn 0.0751 -0.9930 0.0916
vn 0.0299 -0.9986 0.0448
vn 0.0657 -0.9930 0.0984
vn 0.0254 -0.9986 0.0474
vn 0.0557 -0.9930 0.1042
vn 0.0206 -0.9986 0.0497
vn 0.0451 -0.9930 0.1091
vn 0.0467 -0.9924 0.1137
vn 0.0579 -0.9924 0.1089
vn 0.0682 -0.9924 0.1027
vn 0.0782 -0.9923 0.0957
vn 0.0156 -0.9986 0.0515
vn 0.0342 -0.9930 0.1130
vn 0.0105 -0.9986 0.0528
vn 0.0230 -0.9930 0.1158
vn 0.0053 -0.9986 0.0535
vn 0.0116 -0.9930 0.1174
vn -0.0000 -0.9986 0.0538
vn -0.0000 -0.9930 0.1179
vn -0.0000 -0.9925 0.1224
vn 0.0120 -0.9925 0.1217
vn 0.0237 -0.9925 0.1201
vn 0.0353 -0.9924 0.1175
vn -0.0053 -0.9986 0.0535
vn -0.0116 -0.9930 0.1174
vn -0.0105 -0.9986 0.0528
vn -0.0230 -0.9930 0.1157
vn -0.0156 -0.9986 0.0515
vn -0.0342 -0.9930 0.1130
vn -0.0206 -0.9986 0.0497
vn -0.0451 -0.9930 0.1091
vn -0.0468 -0.9924 0.1138
vn -0.0352 -0.9925 0.1171
vn -0.0237 -0.9925 0.1202
vn -0.0120 -0.9925 0.1218
vn -0.0254 -0.9986 0.0474
vn -0.0557 -0.9930 0.1043
vn -0.0299 -0.9986 0.0447
vn -0.0657 -0.9930 0.0984
vn -0.0341 -0.9986 0.0416
vn -0.0750 -0.9930 0.0915
vn -0.0380 -0.9986 0.0380
vn -0.0836 -0.9930 0.0836
vn -0.0874 -0.9923 0.0874
vn -0.0781 -0.9924 0.0955
vn -0.0684 -0.9923 0.1028
vn -0.0579 -0.9924 0.1088
vn -0.0416 -0.9986 0.0341
vn -0.0914 -0.9930 0.0749
vn -0.0447 -0.9985 0.0300
vn -0.0982 -0.9930 0.0657
vn -0.0475 -0.9985 0.0256
vn -0.1041 -0.9930 0.0560
vn -0.0499 -0.9985 0.0210
vn -0.1091 -0.9930 0.0457
vn -0.1132 -0.9924 0.0474
vn -0.1085 -0.9924 0.0581
vn -0.1027 -0.9924 0.0684
vn -0.0956 -0.9923 0.0782
vn -0.0520 -0.9985 0.0162
vn -0.1132 -0.9929 0.0352
vn -0.0540 -0.9985 0.0115
vn -0.1164 -0.9929 0.0248
vn -0.0558 -0.9984 0.0067
vn -0.1190 -0.9928 0.0144
vn -0.0577 -0.9983 0.0017
vn -0.1212 -0.9926 0.0038
vn -0.1234 -0.9923 0.0066
vn -0.1219 -0.9924 0.0163
vn -0.1197 -0.9925 0.0264
vn -0.1168 -0.9925 0.0367
vn -0.0597 -0.9982 -0.0038
vn -0.1228 -0.9924 -0.0072
vn -0.0614 -0.9981 -0.0099
vn -0.1237 -0.9921 -0.0192
vn -0.0625 -0.9979 -0.0167
vn -0.1233 -0.9919 -0.0321
vn -0.0623 -0.9978 -0.0240
vn -0.1209 -0.9916 -0.0457
vn -0.1210 -0.9918 -0.0423
vn -0.1239 -0.9919 -0.0283
vn -0.1249 -0.9920 -0.0154
vn -0.1245 -0.9922 -0.0037
vn -0.0608 -0.9977 -0.0312
vn -0.1165 -0.9914 -0.0591
vn -0.0582 -0.9976 -0.0379
vn -0.1105 -0.9913 -0.0716
vn -0.0545 -0.9975 -0.0441
vn -0.1031 -0.9912 -0.0830
vn -0.0501 -0.9975 -0.0497
vn -0.0944 -0.9911 -0.0934
vn -0.0933 -0.9914 -0.0915
vn -0.1022 -0.9915 -0.0810
vn -0.1100 -0.9915 -0.0693
vn -0.1162 -0.9916 -0.0564
vn -0.0450 -0.9975 -0.0546
vn -0.0846 -0.9911 -0.1025
vn -0.0395 -0.9975 -0.0590
vn -0.0742 -0.9911 -0.1107
vn -0.0335 -0.9975 -0.0626
vn -0.0628 -0.9911 -0.1174
vn -0.0272 -0.9975 -0.0656
vn -0.0509 -0.9911 -0.1229
vn -0.0497 -0.9915 -0.1204
vn -0.0615 -0.9914 -0.1152
vn -0.0727 -0.9914 -0.1086
vn -0.0834 -0.9914 -0.1008
vn -0.0206 -0.9975 -0.0680
vn -0.0386 -0.9911 -0.1274
vn -0.0139 -0.9975 -0.0697
vn -0.0259 -0.9911 -0.1304
vn -0.0070 -0.9975 -0.0707
vn -0.0131 -0.9911 -0.1323
vn -0.0000 -0.9975 -0.0711
vn -0.0000 -0.9911 -0.1330
vn -0.0001 -0.9915 -0.1298
vn -0.0127 -0.9915 -0.1292
vn -0.0252 -0.9915 -0.1274
vn -0.0375 -0.9915 -0.1246
vn 0.0070 -0.9975 -0.0707
vn 0.0131 -0.9911 -0.1323
vn 0.0139 -0.9975 -0.0697
vn 0.0260 -0.9911 -0.1305
vn 0.0207 -0.9975 -0.0678
vn 0.0387 -0.9911 -0.1271
vn 0.0273 -0.9975 -0.0653
vn 0.0513 -0.9911 -0.1227
vn 0.0503 -0.9914 -0.1205
vn 0.0379 -0.9915 -0.1247
vn 0.0253 -0.9915 -0.1276
vn 0.0127 -0.9915 -0.1292
vn 0.0336 -0.9975 -0.0618
vn 0.0633 -0.9912 -0.1165
vn 0.0393 -0.9976 -0.0576
vn 0.0748 -0.9912 -0.1091
vn 0.0445 -0.9976 -0.0524
vn 0.0853 -0.9913 -0.1000
vn 0.0487 -0.9977 -0.0463
vn 0.0948 -0.9915 -0.0893
vn 0.0966 -0.9915 -0.0873
vn 0.0861 -0.9914 -0.0984
vn 0.0747 -0.9914 -0.1076
vn 0.0627 -0.9914 -0.1148
vn 0.0517 -0.9979 -0.0396
vn 0.1023 -0.9917 -0.0776
vn 0.0534 -0.9980 -0.0330
vn 0.1079 -0.9920 -0.0657
vn 0.0541 -0.9982 -0.0266
vn 0.1117 -0.9923 -0.0541
vn 0.0544 -0.9983 -0.0207
vn 0.1144 -0.9925 -0.0430
vn 0.1184 -0.9921 -0.0412
vn 0.1157 -0.9919 -0.0517
vn 0.1116 -0.9917 -0.0633
vn 0.1053 -0.9916 -0.0752
vn 0.0545 -0.9984 -0.0153
vn 0.1163 -0.9927 -0.0323
vn 0.0546 -0.9985 -0.0101
vn 0.1176 -0.9928 -0.0215
vn 0.0546 -0.9985 -0.0049
vn 0.1185 -0.9929 -0.0106
vn 0.1226 -0.9924 -0.0101
vn 0.1218 -0.9923 -0.0209
vn 0.1204 -0.9922 -0.0312
vn -0.2855 -0.9584 -0.0000
vn -0.2841 -0.9584 -0.0281
vn -0.4082 -0.9120 -0.0404
vn -0.4101 -0.9120 -0.0000
vn -0.2800 -0.9584 -0.0557
vn -0.4023 -0.9120 -0.0800
vn -0.5050 -0.8573 -0.1004
vn -0.5123 -0.8573 -0.0507
vn -0.5148 -0.8573 -0.0000
vn -0.2732 -0.9584 -0.0827
vn -0.3926 -0.9120 -0.1189
vn -0.2637 -0.9584 -0.1092
vn -0.3790 -0.9120 -0.1570
vn -0.4756 -0.8573 -0.1970
vn -0.4928 -0.8573 -0.1492
vn -0.5092 -0.8344 -0.2109
vn -0.5275 -0.8344 -0.1597
vn -0.5406 -0.8344 -0.1075
vn -0.5485 -0.8344 -0.0543
vn -0.5512 -0.8344 -0.0000
vn -0.2516 -0.9584 -0.1347
vn -0.3617 -0.9120 -0.1936
vn -0.2374 -0.9584 -0.1586
vn -0.3411 -0.9120 -0.2279
vn -0.4281 -0.8573 -0.2860
vn -0.4539 -0.8573 -0.2429
vn -0.2207 -0.9584 -0.1810
vn -0.3172 -0.9120 -0.2601
vn -0.2018 -0.9584 -0.2018
vn -0.2900 -0.9120 -0.2900
vn -0.3640 -0.8573 -0.3640
vn -0.3981 -0.8573 -0.3264
vn -0.3897 -0.8344 -0.3897
vn -0.4262 -0.8344 -0.3494
vn -0.4583 -0.8344 -0.3062
vn -0.4860 -0.8344 -0.2600
vn -0.1810 -0.9584 -0.2208
vn -0.2601 -0.9120 -0.3172
vn -0.1586 -0.9584 -0.2374
vn -0.2279 -0.9120 -0.3411
vn -0.2860 -0.8573 -0.4281
vn -0.3264 -0.8573 -0.3981
vn -0.1347 -0.9584 -0.2517
vn -0.1935 -0.9120 -0.3617
vn -0.1092 -0.9584 -0.2637
vn -0.1570 -0.9120 -0.3790
vn -0.1970 -0.8573 -0.4756
vn -0.2429 -0.8573 -0.4539
vn -0.2109 -0.8344 -0.5092
vn -0.2601 -0.8344 -0.4859
vn -0.3049 -0.8346 -0.4589
vn -0.3504 -0.8346 -0.4251
vn -0.0827 -0.9584 -0.2732
vn -0.1189 -0.9120 -0.3926
vn -0.0557 -0.9584 -0.2800
vn -0.0801 -0.9120 -0.4024
vn -0.1005 -0.8573 -0.5050
vn -0.1492 -0.8573 -0.4927
vn -0.0281 -0.9584 -0.2841
vn -0.0404 -0.9120 -0.4082
vn -0.0000 -0.9584 -0.2855
vn -0.0000 -0.9120 -0.4101
vn -0.0000 -0.8573 -0.5148
vn -0.0507 -0.8573 -0.5123
vn -0.0061 -0.8351 -0.5500
vn -0.0543 -0.8344 -0.5485
vn -0.1061 -0.8346 -0.5406
vn -0.1610 -0.8346 -0.5268
vn 0.0281 -0.9584 -0.2841
vn 0.0404 -0.9120 -0.4082
vn 0.0557 -0.9584 -0.2800
vn 0.0800 -0.9120 -0.4023
vn 0.1004 -0.8573 -0.5050
vn 0.0507 -0.8573 -0.5124
vn 0.0827 -0.9584 -0.2732
vn 0.1189 -0.9120 -0.3926
vn 0.1092 -0.9584 -0.2637
vn 0.1570 -0.9120 -0.3789
vn 0.1970 -0.8573 -0.4756
vn 0.1492 -0.8573 -0.4928
vn 0.2109 -0.8344 -0.5092
vn 0.1597 -0.8344 -0.5275
vn 0.1075 -0.8344 -0.5406
vn 0.0602 -0.8351 -0.5468
vn 0.1347 -0.9584 -0.2517
vn 0.1935 -0.9120 -0.3617
vn 0.1586 -0.9584 -0.2374
vn 0.2279 -0.9120 -0.3411
vn 0.2860 -0.8573 -0.4281
vn 0.2429 -0.8573 -0.4539
vn 0.1810 -0.9584 -0.2207
vn 0.2601 -0.9120 -0.3172
vn 0.2019 -0.9584 -0.2019
vn 0.2901 -0.9120 -0.2900
vn 0.3640 -0.8573 -0.3640
vn 0.3264 -0.8573 -0.3981
vn 0.3906 -0.8346 -0.3885
vn 0.3482 -0.8346 -0.4270
vn 0.3062 -0.8344 -0.4583
vn 0.2601 -0.8344 -0.4859
vn 0.2207 -0.9584 -0.1810
vn 0.3172 -0.9120 -0.2601
vn 0.2374 -0.9584 -0.1586
vn 0.3411 -0.9120 -0.2279
vn 0.4281 -0.8573 -0.2860
vn 0.3981 -0.8573 -0.3264
vn 0.2517 -0.9584 -0.1347
vn 0.3617 -0.9120 -0.1936
vn 0.2638 -0.9584 -0.1093
vn 0.3790 -0.9120 -0.1570
vn 0.4756 -0.8573 -0.1970
vn 0.4539 -0.8573 -0.2429
vn 0.5092 -0.8344 -0.2109
vn 0.4860 -0.8344 -0.2600
vn 0.4583 -0.8344 -0.3062
vn 0.4262 -0.8344 -0.3494
vn 0.2732 -0.9584 -0.0827
vn 0.3926 -0.9120 -0.1189
vn 0.2799 -0.9584 -0.0557
vn 0.4023 -0.9120 -0.0800
vn 0.5050 -0.8573 -0.1004
vn 0.4928 -0.8573 -0.1492
vn 0.2841 -0.9584 -0.0281
vn 0.4082 -0.9120 -0.0404
vn 0.2854 -0.9584 -0.0000
vn 0.4102 -0.9120 -0.0000
vn 0.5148 -0.8573 -0.0000
vn 0.5123 -0.8573 -0.0507
vn 0.5500 -0.8351 0.0061
vn 0.5468 -0.8351 -0.0602
vn 0.5406 -0.8344 -0.1075
vn 0.5275 -0.8344 -0.1597
vn 0.2840 -0.9584 0.0281
vn 0.4082 -0.9120 0.0404
vn 0.2800 -0.9584 0.0557
vn 0.4023 -0.9120 0.0800
vn 0.5049 -0.8573 0.1004
vn 0.5124 -0.8573 0.0507
vn 0.2732 -0.9584 0.0827
vn 0.3926 -0.9120 0.1189
vn 0.2637 -0.9584 0.1092
vn 0.3790 -0.9120 0.1570
vn 0.4756 -0.8573 0.1970
vn 0.4928 -0.8573 0.1492
vn 0.5092 -0.8344 0.2109
vn 0.5247 -0.8351 0.1652
vn 0.5378 -0.8363 0.1070
vn 0.5480 -0.8351 0.0482
vn 0.2517 -0.9584 0.1347
vn 0.3617 -0.9120 0.1935
vn 0.2374 -0.9584 0.1586
vn 0.3411 -0.9120 0.2279
vn 0.4281 -0.8573 0.2860
vn 0.4539 -0.8573 0.2429
vn 0.2208 -0.9584 0.1810
vn 0.3172 -0.9120 0.2601
vn 0.2018 -0.9584 0.2018
vn 0.2900 -0.9120 0.2900
vn 0.3640 -0.8573 0.3640
vn 0.3982 -0.8573 0.3264
vn 0.3897 -0.8344 0.3897
vn 0.4262 -0.8344 0.3494
vn 0.4583 -0.8344 0.3062
vn 0.4860 -0.8344 0.2600
vn 0.1810 -0.9584 0.2207
vn 0.2601 -0.9120 0.3173
vn 0.1586 -0.9584 0.2374
vn 0.2279 -0.9120 0.3411
vn 0.2860 -0.8573 0.4281
vn 0.3264 -0.8573 0.3982
vn 0.1347 -0.9584 0.2517
vn 0.1936 -0.9120 0.3617
vn 0.1093 -0.9584 0.2638
vn 0.1570 -0.9120 0.3790
vn 0.1970 -0.8573 0.4756
vn 0.2429 -0.8573 0.4540
vn 0.2122 -0.8346 0.5084
vn 0.2601 -0.8344 0.4859
vn 0.3062 -0.8344 0.4583
vn 0.3494 -0.8344 0.4262
vn 0.0827 -0.9584 0.2732
vn 0.1189 -0.9120 0.3926
vn 0.0557 -0.9584 0.2800
vn 0.0800 -0.9119 0.4024
vn 0.1004 -0.8573 0.5049
vn 0.1492 -0.8573 0.4928
vn 0.0281 -0.9584 0.2841
vn 0.0404 -0.9120 0.4083
vn -0.0000 -0.9584 0.2854
vn -0.0000 -0.9120 0.4102
vn -0.0000 -0.8573 0.5148
vn 0.0507 -0.8573 0.5124
vn -0.0000 -0.8344 0.5511
vn 0.0543 -0.8344 0.5485
vn 0.1075 -0.8344 0.5405
vn 0.1583 -0.8346 0.5277
vn -0.0281 -0.9584 0.2842
vn -0.0404 -0.9120 0.4082
vn -0.0557 -0.9584 0.2800
vn -0.0800 -0.9120 0.4024
vn -0.1004 -0.8573 0.5049
vn -0.0507 -0.8573 0.5124
vn -0.0827 -0.9584 0.2732
vn -0.1189 -0.9120 0.3926
vn -0.1092 -0.9584 0.2637
vn -0.1570 -0.9120 0.3790
vn -0.1970 -0.8573 0.4756
vn -0.1492 -0.8573 0.4928
vn -0.2109 -0.8344 0.5092
vn -0.1597 -0.8344 0.5275
vn -0.1075 -0.8344 0.5405
vn -0.0543 -0.8344 0.5485
vn -0.1347 -0.9584 0.2517
vn -0.1936 -0.9120 0.3617
vn -0.1586 -0.9584 0.2374
vn -0.2279 -0.9120 0.3411
vn -0.2860 -0.8573 0.4281
vn -0.2429 -0.8573 0.4539
vn -0.1810 -0.9584 0.2208
vn -0.2601 -0.9120 0.3172
vn -0.2018 -0.9584 0.2018
vn -0.2901 -0.9120 0.2900
vn -0.3640 -0.8573 0.3640
vn -0.3264 -0.8573 0.3981
vn -0.3933 -0.8351 0.3846
vn -0.3449 -0.8354 0.4280
vn -0.3049 -0.8346 0.4589
vn -0.2601 -0.8344 0.4859
vn -0.2208 -0.9584 0.1810
vn -0.3173 -0.9120 0.2601
vn -0.2374 -0.9584 0.1586
vn -0.3411 -0.9120 0.2279
vn -0.4281 -0.8573 0.2860
vn -0.3981 -0.8573 0.3264
vn -0.2517 -0.9584 0.1347
vn -0.3617 -0.9120 0.1936
vn -0.2637 -0.9584 0.1092
vn -0.3789 -0.9120 0.1570
vn -0.4756 -0.8573 0.1970
vn -0.4539 -0.8573 0.2429
vn -0.5092 -0.8344 0.2109
vn -0.4860 -0.8344 0.2600
vn -0.4583 -0.8344 0.3062
vn -0.4262 -0.8344 0.3494
vn -0.2732 -0.9584 0.0827
vn -0.3926 -0.9120 0.1189
vn -0.2800 -0.9584 0.0557
vn -0.4023 -0.9120 0.0800
vn -0.5050 -0.8573 0.1004
vn -0.4928 -0.8573 0.1492
vn -0.2841 -0.9584 0.0281
vn -0.4082 -0.9120 0.0404
vn -0.5123 -0.8573 0.0507
vn -0.5485 -0.8344 0.0543
vn -0.5406 -0.8344 0.1075
vn -0.5275 -0.8344 0.1597
vn 0.2419 0.9675 0.0732
vn 0.2335 0.9675 0.0967
vn 0.2479 0.9675 0.0493
vn 0.0128 0.9999 0.0026
vn 0.0125 0.9999 0.0038
vn 0.0121 0.9999 0.0050
vn 0.2515 0.9675 0.0249
vn 0.2527 0.9675 -0.0000
vn 0.0131 0.9999 -0.0000
vn 0.0130 0.9999 0.0013
vn 0.0065 1.0000 -0.0000
vn 0.0064 1.0000 0.0006
vn 0.0067 1.0000 0.0013
vn 0.0060 1.0000 0.0025
vn 0.0062 1.0000 0.0019
vn 0.1954 0.9675 0.1602
vn 0.1787 0.9675 0.1787
vn 0.2102 0.9675 0.1404
vn 0.0109 0.9999 0.0073
vn 0.0101 0.9999 0.0083
vn 0.0093 0.9999 0.0093
vn 0.2228 0.9675 0.1192
vn 0.0116 0.9999 0.0062
vn 0.0057 1.0000 0.0030
vn 0.0056 1.0000 0.0038
vn 0.0046 1.0000 0.0046
vn 0.0053 1.0000 0.0043
vn 0.1192 0.9675 0.2228
vn 0.0967 0.9675 0.2335
vn 0.1404 0.9675 0.2101
vn 0.0073 0.9999 0.0109
vn 0.0062 0.9999 0.0115
vn 0.0050 0.9999 0.0121
vn 0.1602 0.9675 0.1954
vn 0.0083 0.9999 0.0101
vn 0.0043 1.0000 0.0053
vn 0.0038 1.0000 0.0056
vn 0.0025 1.0000 0.0060
vn 0.0032 1.0000 0.0060
vn 0.0249 0.9675 0.2515
vn -0.0000 0.9675 0.2527
vn 0.0493 0.9675 0.2479
vn 0.0026 0.9999 0.0129
vn 0.0013 0.9999 0.0130
vn -0.0000 0.9999 0.0131
vn 0.0732 0.9675 0.2419
vn 0.0038 0.9999 0.0125
vn 0.0019 1.0000 0.0062
vn 0.0013 1.0000 0.0067
vn -0.0000 1.0000 0.0065
vn 0.0006 1.0000 0.0064
vn -0.0732 0.9675 0.2419
vn -0.0967 0.9675 0.2335
vn -0.0493 0.9675 0.2479
vn -0.0026 0.9999 0.0128
vn -0.0038 0.9999 0.0125
vn -0.0050 0.9999 0.0121
vn -0.0249 0.9675 0.2515
vn -0.0013 0.9999 0.0130
vn -0.0006 1.0000 0.0064
vn -0.0013 1.0000 0.0067
vn -0.0025 1.0000 0.0060
vn -0.0019 1.0000 0.0062
vn -0.1602 0.9675 0.1954
vn -0.1787 0.9675 0.1787
vn -0.1404 0.9675 0.2101
vn -0.0073 0.9999 0.0109
vn -0.0083 0.9999 0.0101
vn -0.0093 0.9999 0.0093
vn -0.1192 0.9675 0.2228
vn -0.0062 0.9999 0.0116
vn -0.0030 1.0000 0.0057
vn -0.0038 1.0000 0.0056
vn -0.0046 1.0000 0.0046
vn -0.0041 1.0000 0.0050
vn -0.2228 0.9675 0.1192
vn -0.2335 0.9675 0.0967
vn -0.2101 0.9675 0.1404
vn -0.0109 0.9999 0.0073
vn -0.0116 0.9999 0.0062
vn -0.0121 0.9999 0.0050
vn -0.1954 0.9675 0.1602
vn -0.0101 0.9999 0.0083
vn -0.0053 1.0000 0.0043
vn -0.0056 1.0000 0.0038
vn -0.0060 1.0000 0.0025
vn -0.0057 1.0000 0.0030
vn -0.2515 0.9675 0.0249
vn -0.2527 0.9675 -0.0000
vn -0.2479 0.9675 0.0493
vn -0.0129 0.9999 0.0026
vn -0.0130 0.9999 0.0013
vn -0.0131 0.9999 -0.0000
vn -0.2419 0.9675 0.0732
vn -0.0125 0.9999 0.0038
vn -0.0062 1.0000 0.0019
vn -0.0067 1.0000 0.0013
vn -0.0065 1.0000 -0.0000
vn -0.0064 1.0000 0.0006
vn -0.2419 0.9675 -0.0732
vn -0.2335 0.9675 -0.0967
vn -0.2479 0.9675 -0.0493
vn -0.0129 0.9999 -0.0026
vn -0.0125 0.9999 -0.0038
vn -0.0121 0.9999 -0.0050
vn -0.2515 0.9675 -0.0249
vn -0.0130 0.9999 -0.0013
vn -0.0068 1.0000 -0.0007
vn -0.0067 1.0000 -0.0013
vn -0.0060 1.0000 -0.0025
vn -0.0065 1.0000 -0.0020
vn -0.1954 0.9675 -0.1602
vn -0.1787 0.9675 -0.1787
vn -0.2102 0.9675 -0.1404
vn -0.0109 0.9999 -0.0073
vn -0.0101 0.9999 -0.0083
vn -0.0093 0.9999 -0.0093
vn -0.2229 0.9675 -0.1193
vn -0.0116 0.9999 -0.0062
vn -0.0057 1.0000 -0.0030
vn -0.0056 1.0000 -0.0038
vn -0.0046 1.0000 -0.0046
vn -0.0050 1.0000 -0.0041
vn -0.1192 0.9675 -0.2228
vn -0.0967 0.9675 -0.2335
vn -0.1404 0.9675 -0.2101
vn -0.0073 0.9999 -0.0109
vn -0.0062 0.9999 -0.0116
vn -0.0050 0.9999 -0.0121
vn -0.1602 0.9675 -0.1954
vn -0.0083 0.9999 -0.0101
vn -0.0041 1.0000 -0.0050
vn -0.0038 1.0000 -0.0056
vn -0.0025 1.0000 -0.0060
vn -0.0032 1.0000 -0.0060
vn -0.0249 0.9675 -0.2515
vn -0.0000 0.9675 -0.2527
vn -0.0493 0.9675 -0.2479
vn -0.0026 0.9999 -0.0128
vn -0.0013 0.9999 -0.0130
vn -0.0000 0.9999 -0.0131
vn -0.0732 0.9675 -0.2419
vn -0.0038 0.9999 -0.0125
vn -0.0019 1.0000 -0.0062
vn -0.0013 1.0000 -0.0067
vn -0.0000 1.0000 -0.0065
vn -0.0006 1.0000 -0.0064
vn 0.0732 0.9675 -0.2419
vn 0.0967 0.9675 -0.2335
vn 0.0493 0.9675 -0.2479
vn 0.0026 0.9999 -0.0128
vn 0.0038 0.9999 -0.0125
vn 0.0050 0.9999 -0.0121
vn 0.0249 0.9675 -0.2515
vn 0.0013 0.9999 -0.0130
vn 0.0006 1.0000 -0.0064
vn 0.0013 1.0000 -0.0067
vn 0.0025 1.0000 -0.0060
vn 0.0019 1.0000 -0.0062
vn 0.1603 0.9675 -0.1955
vn 0.1787 0.9675 -0.1787
vn 0.1404 0.9675 -0.2101
vn 0.0073 0.9999 -0.0109
vn 0.0083 0.9999 -0.0101
vn 0.0093 0.9999 -0.0093
vn 0.1192 0.9675 -0.2228
vn 0.0062 0.9999 -0.0116
vn 0.0030 1.0000 -0.0057
vn 0.0038 1.0000 -0.0057
vn 0.0046 1.0000 -0.0046
vn 0.0041 1.0000 -0.0050
vn 0.2228 0.9675 -0.1192
vn 0.2335 0.9675 -0.0967
vn 0.2102 0.9675 -0.1404
vn 0.0109 0.9999 -0.0073
vn 0.0116 0.9999 -0.0062
vn 0.0121 0.9999 -0.0051
vn 0.1954 0.9675 -0.1602
vn 0.0101 0.9999 -0.0083
vn 0.0053 1.0000 -0.0043
vn 0.0056 1.0000 -0.0038
vn 0.0060 1.0000 -0.0025
vn 0.0057 1.0000 -0.0030
vn 0.2515 0.9675 -0.0249
vn 0.2479 0.9675 -0.0493
vn 0.0129 0.9999 -0.0026
vn 0.0130 0.9999 -0.0013
vn 0.2419 0.9675 -0.0732
vn 0.0125 0.9999 -0.0038
vn 0.0062 1.0000 -0.0019
vn 0.0067 1.0000 -0.0013
vn 0.0068 1.0000 -0.0007
vn 0.5089 0.8346 0.2108
vn 0.5272 0.8346 0.1596
vn 0.7207 0.6443 0.2558
vn 0.6632 0.6720 0.3296
vn 0.5402 0.8346 0.1075
vn 0.7422 0.6444 0.1843
vn 0.5481 0.8346 0.0543
vn 0.7566 0.6443 0.1110
vn 0.5508 0.8346 -0.0000
vn 0.7639 0.6444 0.0360
vn 0.3895 0.8346 0.3895
vn 0.4260 0.8346 0.3492
vn 0.5679 0.6444 0.5121
vn 0.4866 0.6720 0.5582
vn 0.4580 0.8346 0.3060
vn 0.6152 0.6444 0.4543
vn 0.4857 0.8346 0.2599
vn 0.6565 0.6443 0.3921
vn 0.2108 0.8346 0.5089
vn 0.2599 0.8346 0.4857
vn 0.3287 0.6444 0.6905
vn 0.2359 0.6720 0.7019
vn 0.3060 0.8346 0.4580
vn 0.3945 0.6443 0.6551
vn 0.3492 0.8346 0.4260
vn 0.4565 0.6444 0.6135
vn -0.0000 0.8346 0.5508
vn 0.0543 0.8346 0.5481
vn 0.0394 0.6443 0.7637
vn -0.0507 0.6720 0.7388
vn 0.1075 0.8346 0.5403
vn 0.1137 0.6443 0.7562
vn 0.1596 0.8346 0.5272
vn 0.1869 0.6443 0.7415
vn -0.2108 0.8346 0.5089
vn -0.1596 0.8346 0.5272
vn -0.2558 0.6444 0.7207
vn -0.3295 0.6720 0.6631
vn -0.1075 0.8346 0.5403
vn -0.1843 0.6443 0.7422
vn -0.0543 0.8346 0.5482
vn -0.1111 0.6443 0.7566
vn -0.3895 0.8346 0.3895
vn -0.3492 0.8346 0.4260
vn -0.5121 0.6444 0.5679
vn -0.5582 0.6721 0.4865
vn -0.3060 0.8346 0.4580
vn -0.4543 0.6443 0.6152
vn -0.2599 0.8346 0.4857
vn -0.3921 0.6444 0.6565
vn -0.5089 0.8346 0.2108
vn -0.4857 0.8346 0.2599
vn -0.6905 0.6443 0.3287
vn -0.7020 0.6720 0.2359
vn -0.4580 0.8346 0.3060
vn -0.6551 0.6443 0.3945
vn -0.4260 0.8346 0.3492
vn -0.6135 0.6444 0.4565
vn -0.5508 0.8346 -0.0000
vn -0.5481 0.8346 0.0543
vn -0.7637 0.6444 0.0394
vn -0.7388 0.6721 -0.0507
vn -0.5402 0.8346 0.1075
vn -0.7562 0.6444 0.1138
vn -0.5272 0.8346 0.1596
vn -0.7415 0.6443 0.1870
vn -0.5089 0.8346 -0.2108
vn -0.5272 0.8346 -0.1596
vn -0.7207 0.6443 -0.2558
vn -0.6631 0.6720 -0.3295
vn -0.5402 0.8346 -0.1075
vn -0.7422 0.6444 -0.1843
vn -0.5481 0.8346 -0.0543
vn -0.7566 0.6444 -0.1111
vn -0.3895 0.8346 -0.3895
vn -0.4260 0.8346 -0.3492
vn -0.5679 0.6444 -0.5121
vn -0.4865 0.6721 -0.5582
vn -0.4580 0.8346 -0.3060
vn -0.6151 0.6444 -0.4543
vn -0.4857 0.8346 -0.2599
vn -0.6565 0.6444 -0.3921
vn -0.2108 0.8346 -0.5089
vn -0.2599 0.8346 -0.4857
vn -0.3287 0.6443 -0.6905
vn -0.2359 0.6720 -0.7019
vn -0.3060 0.8346 -0.4580
vn -0.3945 0.6443 -0.6552
vn -0.3492 0.8346 -0.4260
vn -0.4565 0.6444 -0.6135
vn -0.0000 0.8346 -0.5508
vn -0.0543 0.8346 -0.5482
vn -0.0394 0.6443 -0.7637
vn 0.0507 0.6720 -0.7388
vn -0.1075 0.8346 -0.5403
vn -0.1137 0.6443 -0.7563
vn -0.1596 0.8346 -0.5272
vn -0.1870 0.6443 -0.7415
vn 0.2108 0.8346 -0.5089
vn 0.1596 0.8346 -0.5272
vn 0.2558 0.6444 -0.7207
vn 0.3295 0.6720 -0.6632
vn 0.1075 0.8346 -0.5403
vn 0.1843 0.6443 -0.7422
vn 0.0543 0.8346 -0.5482
vn 0.1111 0.6443 -0.7566
vn 0.3895 0.8346 -0.3895
vn 0.3492 0.8346 -0.4260
vn 0.5121 0.6444 -0.5679
vn 0.5582 0.6721 -0.4865
vn 0.3060 0.8346 -0.4580
vn 0.4543 0.6443 -0.6152
vn 0.2599 0.8346 -0.4857
vn 0.3922 0.6443 -0.6566
vn 0.5089 0.8346 -0.2108
vn 0.4857 0.8346 -0.2599
vn 0.6904 0.6444 -0.3287
vn 0.7019 0.6721 -0.2359
vn 0.4580 0.8346 -0.3060
vn 0.6551 0.6444 -0.3945
vn 0.4260 0.8346 -0.3492
vn 0.6135 0.6444 -0.4565
vn 0.5481 0.8346 -0.0543
vn 0.7637 0.6443 -0.0394
vn 0.5403 0.8346 -0.1075
vn 0.7562 0.6444 -0.1137
vn 0.5272 0.8346 -0.1596
vn 0.7415 0.6444 -0.1869
vn 0.1097 -0.9939 0.0117
vn 0.1102 -0.9939 0.0017
vn 0.1084 -0.9939 0.0217
vn 0.1063 -0.9938 0.0317
vn 0.1034 -0.9938 0.0420
vn 0.0963 -0.9946 0.0377
vn 0.0983 -0.9948 0.0284
vn 0.0996 -0.9948 0.0194
vn 0.1004 -0.9949 0.0107
vn 0.1007 -0.9949 0.0020
vn 0.0993 -0.9937 0.0520
vn 0.0941 -0.9936 0.0618
vn 0.0878 -0.9936 0.0714
vn 0.0800 -0.9936 0.0801
vn 0.0756 -0.9942 0.0758
vn 0.0833 -0.9943 0.0668
vn 0.0892 -0.9944 0.0572
vn 0.0934 -0.9945 0.0474
vn 0.0712 -0.9936 0.0878
vn 0.0618 -0.9936 0.0943
vn 0.0517 -0.9937 0.0992
vn 0.0415 -0.9938 0.1032
vn 0.0372 -0.9947 0.0963
vn 0.0469 -0.9945 0.0934
vn 0.0569 -0.9944 0.0892
vn 0.0665 -0.9943 0.0834
vn 0.0312 -0.9939 0.1062
vn 0.0209 -0.9939 0.1083
vn 0.0105 -0.9939 0.1094
vn -0.0000 -0.9940 0.1098
vn -0.0000 -0.9950 0.1004
vn 0.0092 -0.9949 0.1001
vn 0.0183 -0.9949 0.0994
vn 0.0276 -0.9948 0.0983
vn -0.0105 -0.9939 0.1094
vn -0.0209 -0.9939 0.1082
vn -0.0313 -0.9938 0.1063
vn -0.0416 -0.9938 0.1033
vn -0.0372 -0.9947 0.0963
vn -0.0276 -0.9948 0.0982
vn -0.0183 -0.9949 0.0995
vn -0.0092 -0.9949 0.1001
vn -0.0518 -0.9937 0.0993
vn -0.0618 -0.9936 0.0942
vn -0.0713 -0.9936 0.0878
vn -0.0800 -0.9936 0.0798
vn -0.0758 -0.9943 0.0755
vn -0.0667 -0.9943 0.0833
vn -0.0569 -0.9944 0.0892
vn -0.0470 -0.9945 0.0934
vn -0.0879 -0.9936 0.0711
vn -0.0941 -0.9937 0.0616
vn -0.0989 -0.9937 0.0519
vn -0.1025 -0.9938 0.0420
vn -0.0958 -0.9947 0.0375
vn -0.0932 -0.9945 0.0470
vn -0.0892 -0.9944 0.0567
vn -0.0835 -0.9943 0.0663
vn -0.1051 -0.9939 0.0325
vn -0.1068 -0.9940 0.0239
vn -0.1077 -0.9941 0.0160
vn -0.1084 -0.9941 0.0088
vn -0.0982 -0.9951 0.0096
vn -0.0981 -0.9951 0.0150
vn -0.0979 -0.9950 0.0213
vn -0.0972 -0.9948 0.0288
vn -0.1090 -0.9940 0.0010
vn -0.1089 -0.9940 -0.0083
vn -0.1077 -0.9940 -0.0194
vn -0.1050 -0.9940 -0.0321
vn -0.0946 -0.9952 -0.0249
vn -0.0969 -0.9952 -0.0133
vn -0.0979 -0.9952 -0.0037
vn -0.0982 -0.9952 0.0039
vn -0.1006 -0.9939 -0.0451
vn -0.0948 -0.9939 -0.0570
vn -0.0879 -0.9938 -0.0679
vn -0.0798 -0.9938 -0.0774
vn -0.0718 -0.9950 -0.0691
vn -0.0797 -0.9950 -0.0596
vn -0.0860 -0.9951 -0.0489
vn -0.0909 -0.9952 -0.0373
vn -0.0708 -0.9938 -0.0855
vn -0.0612 -0.9939 -0.0921
vn -0.0512 -0.9939 -0.0974
vn -0.0411 -0.9940 -0.1014
vn -0.0348 -0.9954 -0.0893
vn -0.0440 -0.9953 -0.0866
vn -0.0535 -0.9952 -0.0825
vn -0.0630 -0.9951 -0.0767
vn -0.0308 -0.9941 -0.1043
vn -0.0207 -0.9941 -0.1063
vn -0.0105 -0.9941 -0.1076
vn -0.0002 -0.9942 -0.1080
vn -0.0003 -0.9957 -0.0932
vn -0.0088 -0.9956 -0.0929
vn -0.0172 -0.9956 -0.0923
vn -0.0259 -0.9955 -0.0911
vn 0.0102 -0.9941 -0.1077
vn 0.0205 -0.9941 -0.1066
vn 0.0310 -0.9940 -0.1047
vn 0.0417 -0.9939 -0.1018
vn 0.0349 -0.9953 -0.0899
vn 0.0256 -0.9955 -0.0915
vn 0.0168 -0.9956 -0.0925
vn 0.0082 -0.9956 -0.0930
vn 0.0526 -0.9938 -0.0977
vn 0.0640 -0.9937 -0.0919
vn 0.0753 -0.9936 -0.0840
vn 0.0862 -0.9936 -0.0736
vn 0.0794 -0.9947 -0.0654
vn 0.0678 -0.9948 -0.0754
vn 0.0561 -0.9950 -0.0825
vn 0.0450 -0.9952 -0.0871
vn 0.0952 -0.9935 -0.0623
vn 0.1012 -0.9935 -0.0512
vn 0.1050 -0.9936 -0.0413
vn 0.1071 -0.9937 -0.0329
vn 0.0994 -0.9947 -0.0268
vn 0.0981 -0.9946 -0.0340
vn 0.0948 -0.9946 -0.0431
vn 0.0889 -0.9946 -0.0539
vn 0.1084 -0.9938 -0.0251
vn 0.1095 -0.9938 -0.0168
vn 0.1102 -0.9939 -0.0079
vn 0.1007 -0.9949 -0.0062
vn 0.1004 -0.9949 -0.0136
vn 0.0999 -0.9948 -0.0204
vn 0.0051 1.0000 0.0010
vn 0.0018 1.0000 0.0004
vn 0.0018 1.0000 0.0002
vn 0.0051 1.0000 0.0005
vn 0.0051 1.0000 -0.0000
vn 0.0018 1.0000 -0.0000
vn 0.1601 0.9871 -0.0000
vn 0.1593 0.9871 0.0158
vn 0.1570 0.9871 0.0312
vn 0.1478 0.9871 0.0612
vn 0.1532 0.9871 0.0464
vn 0.0047 1.0000 0.0020
vn 0.0049 1.0000 0.0015
vn 0.0017 1.0000 0.0007
vn 0.0017 1.0000 0.0005
vn 0.0042 1.0000 0.0028
vn 0.0015 1.0000 0.0010
vn 0.0016 1.0000 0.0009
vn 0.0045 1.0000 0.0024
vn 0.1411 0.9871 0.0756
vn 0.1331 0.9871 0.0889
vn 0.1132 0.9871 0.1132
vn 0.1238 0.9871 0.1015
vn 0.0036 1.0000 0.0036
vn 0.0040 1.0000 0.0033
vn 0.0013 1.0000 0.0013
vn 0.0014 1.0000 0.0012
vn 0.0028 1.0000 0.0042
vn 0.0010 1.0000 0.0015
vn 0.0012 1.0000 0.0014
vn 0.0032 1.0000 0.0040
vn 0.1015 0.9871 0.1238
vn 0.0889 0.9871 0.1331
vn 0.0612 0.9871 0.1479
vn 0.0755 0.9871 0.1411
vn 0.0020 1.0000 0.0047
vn 0.0024 1.0000 0.0045
vn 0.0007 1.0000 0.0017
vn 0.0009 1.0000 0.0016
vn 0.0010 1.0000 0.0050
vn 0.0004 1.0000 0.0018
vn 0.0005 1.0000 0.0017
vn 0.0015 1.0000 0.0049
vn 0.0464 0.9871 0.1532
vn 0.0312 0.9871 0.1570
vn -0.0000 0.9871 0.1601
vn 0.0158 0.9871 0.1593
vn -0.0000 1.0000 0.0051
vn 0.0005 1.0000 0.0051
vn -0.0000 1.0000 0.0018
vn 0.0002 1.0000 0.0018
vn -0.0010 1.0000 0.0050
vn -0.0004 1.0000 0.0018
vn -0.0002 1.0000 0.0018
vn -0.0005 1.0000 0.0051
vn -0.0158 0.9871 0.1593
vn -0.0312 0.9871 0.1570
vn -0.0612 0.9871 0.1479
vn -0.0464 0.9871 0.1532
vn -0.0020 1.0000 0.0047
vn -0.0015 1.0000 0.0049
vn -0.0007 1.0000 0.0017
vn -0.0005 1.0000 0.0017
vn -0.0028 1.0000 0.0042
vn -0.0010 1.0000 0.0015
vn -0.0009 1.0000 0.0016
vn -0.0024 1.0000 0.0045
vn -0.0755 0.9871 0.1411
vn -0.0889 0.9871 0.1331
vn -0.1132 0.9871 0.1132
vn -0.1015 0.9871 0.1238
vn -0.0036 1.0000 0.0036
vn -0.0033 1.0000 0.0040
vn -0.0013 1.0000 0.0013
vn -0.0012 1.0000 0.0014
vn -0.0043 1.0000 0.0028
vn -0.0015 1.0000 0.0010
vn -0.0014 1.0000 0.0012
vn -0.0039 1.0000 0.0032
vn -0.1238 0.9871 0.1015
vn -0.1331 0.9871 0.0889
vn -0.1479 0.9871 0.0613
vn -0.1411 0.9871 0.0755
vn -0.0047 1.0000 0.0020
vn -0.0045 1.0000 0.0024
vn -0.0017 1.0000 0.0007
vn -0.0016 1.0000 0.0009
vn -0.0051 1.0000 0.0010
vn -0.0018 1.0000 0.0004
vn -0.0017 1.0000 0.0005
vn -0.0049 1.0000 0.0015
vn -0.1532 0.9871 0.0464
vn -0.1570 0.9871 0.0312
vn -0.1600 0.9871 -0.0000
vn -0.1593 0.9871 0.0158
vn -0.0051 1.0000 -0.0000
vn -0.0051 1.0000 0.0005
vn -0.0018 1.0000 -0.0000
vn -0.0018 1.0000 0.0002
vn -0.0050 1.0000 -0.0010
vn -0.0018 1.0000 -0.0004
vn -0.0018 1.0000 -0.0002
vn -0.0051 1.0000 -0.0005
vn -0.1592 0.9871 -0.0158
vn -0.1570 0.9871 -0.0312
vn -0.1479 0.9871 -0.0613
vn -0.1532 0.9871 -0.0464
vn -0.0047 1.0000 -0.0020
vn -0.0049 1.0000 -0.0015
vn -0.0017 1.0000 -0.0007
vn -0.0017 1.0000 -0.0005
vn -0.0043 1.0000 -0.0029
vn -0.0015 1.0000 -0.0010
vn -0.0016 1.0000 -0.0009
vn -0.0045 1.0000 -0.0024
vn -0.1411 0.9871 -0.0756
vn -0.1331 0.9871 -0.0889
vn -0.1132 0.9871 -0.1132
vn -0.1238 0.9871 -0.1015
vn -0.0036 1.0000 -0.0036
vn -0.0040 1.0000 -0.0033
vn -0.0013 1.0000 -0.0013
vn -0.0014 1.0000 -0.0012
vn -0.0028 1.0000 -0.0043
vn -0.0010 1.0000 -0.0015
vn -0.0012 1.0000 -0.0014
vn -0.0032 1.0000 -0.0040
vn -0.1015 0.9871 -0.1238
vn -0.0889 0.9871 -0.1331
vn -0.0613 0.9871 -0.1479
vn -0.0755 0.9871 -0.1411
vn -0.0020 1.0000 -0.0047
vn -0.0024 1.0000 -0.0045
vn -0.0007 1.0000 -0.0017
vn -0.0009 1.0000 -0.0016
vn -0.0010 1.0000 -0.0050
vn -0.0004 1.0000 -0.0018
vn -0.0005 1.0000 -0.0017
vn -0.0015 1.0000 -0.0049
vn -0.0464 0.9871 -0.1532
vn -0.0312 0.9871 -0.1570
vn -0.0000 0.9871 -0.1601
vn -0.0158 0.9871 -0.1593
vn -0.0000 1.0000 -0.0051
vn -0.0005 1.0000 -0.0051
vn -0.0000 1.0000 -0.0018
vn -0.0002 1.0000 -0.0018
vn 0.0010 1.0000 -0.0050
vn 0.0004 1.0000 -0.0018
vn 0.0002 1.0000 -0.0018
vn 0.0005 1.0000 -0.0051
vn 0.0158 0.9871 -0.1593
vn 0.0312 0.9871 -0.1570
vn 0.0612 0.9871 -0.1479
vn 0.0464 0.9871 -0.1532
vn 0.0020 1.0000 -0.0047
vn 0.0015 1.0000 -0.0049
vn 0.0007 1.0000 -0.0017
vn 0.0005 1.0000 -0.0017
vn 0.0028 1.0000 -0.0042
vn 0.0010 1.0000 -0.0015
vn 0.0009 1.0000 -0.0016
vn 0.0024 1.0000 -0.0045
vn 0.0755 0.9871 -0.1411
vn 0.0889 0.9871 -0.1331
vn 0.1132 0.9871 -0.1132
vn 0.1015 0.9871 -0.1238
vn 0.0036 1.0000 -0.0036
vn 0.0033 1.0000 -0.0040
vn 0.0013 1.0000 -0.0013
vn 0.0012 1.0000 -0.0014
vn 0.0042 1.0000 -0.0029
vn 0.0015 1.0000 -0.0010
vn 0.0014 1.0000 -0.0012
vn 0.0039 1.0000 -0.0032
vn 0.1238 0.9871 -0.1015
vn 0.1331 0.9871 -0.0889
vn 0.1479 0.9871 -0.0613
vn 0.1411 0.9871 -0.0756
vn 0.0047 1.0000 -0.0020
vn 0.0045 1.0000 -0.0024
vn 0.0017 1.0000 -0.0007
vn 0.0016 1.0000 -0.0009
vn 0.0050 1.0000 -0.0010
vn 0.0018 1.0000 -0.0004
vn 0.0017 1.0000 -0.0005
vn 0.0049 1.0000 -0.0015
vn 0.1532 0.9871 -0.0464
vn 0.1570 0.9871 -0.0312
vn 0.1593 0.9871 -0.0158
vn 0.0051 1.0000 -0.0005
vn 0.0018 1.0000 -0.0002
vn -0.0577 -0.9983 -0.0075
vn -0.0564 -0.9983 -0.0154
vn -0.0431 -0.9990 -0.0136
vn -0.0452 -0.9990 -0.0066
vn -0.0544 -0.9982 -0.0255
vn -0.0408 -0.9989 -0.0236
vn -0.0290 -0.9993 -0.0246
vn -0.0312 -0.9994 -0.0148
vn -0.0338 -0.9994 -0.0077
vn -0.0519 -0.9980 -0.0367
vn -0.0397 -0.9986 -0.0359
vn -0.0495 -0.9977 -0.0461
vn -0.0404 -0.9980 -0.0484
vn -0.0306 -0.9983 -0.0502
vn -0.0281 -0.9989 -0.0368
vn -0.0154 -0.9985 -0.0521
vn -0.0136 -0.9991 -0.0399
vn -0.0196 -0.9991 -0.0385
vn -0.0215 -0.9984 -0.0520
vn -0.0137 -0.9995 -0.0287
vn -0.0199 -0.9994 -0.0266
vn -0.0152 -0.9997 -0.0193
vn -0.0219 -0.9996 -0.0169
vn -0.0173 -0.9998 -0.0121
vn -0.0244 -0.9997 -0.0097
vn -0.0102 -0.9997 -0.0213
vn -0.0118 -0.9998 -0.0142
vn -0.0092 -0.9995 -0.0304
vn -0.0055 -0.9995 -0.0314
vn -0.0061 -0.9997 -0.0227
vn -0.0071 -0.9999 -0.0158
vn -0.0092 -0.9991 -0.0409
vn -0.0106 -0.9986 -0.0521
vn -0.0066 -0.9986 -0.0520
vn -0.0056 -0.9991 -0.0414
vn -0.0000 -0.9987 -0.0516
vn 0.0002 -0.9991 -0.0415
vn -0.0025 -0.9991 -0.0416
vn -0.0031 -0.9987 -0.0518
vn 0.0003 -0.9995 -0.0321
vn -0.0023 -0.9995 -0.0320
vn 0.0005 -0.9997 -0.0238
vn -0.0025 -0.9997 -0.0236
vn 0.0005 -0.9999 -0.0170
vn -0.0030 -0.9999 -0.0167
vn 0.0035 -0.9997 -0.0234
vn 0.0041 -0.9999 -0.0167
vn 0.0030 -0.9995 -0.0317
vn 0.0063 -0.9995 -0.0307
vn 0.0072 -0.9997 -0.0223
vn 0.0084 -0.9998 -0.0157
vn 0.0028 -0.9991 -0.0412
vn 0.0030 -0.9987 -0.0514
vn 0.0064 -0.9987 -0.0513
vn 0.0059 -0.9992 -0.0406
vn 0.0148 -0.9986 -0.0506
vn 0.0139 -0.9992 -0.0378
vn 0.0095 -0.9992 -0.0395
vn 0.0103 -0.9986 -0.0509
vn 0.0149 -0.9995 -0.0268
vn 0.0102 -0.9995 -0.0291
vn 0.0171 -0.9997 -0.0181
vn 0.0117 -0.9997 -0.0205
vn 0.0195 -0.9997 -0.0121
vn 0.0135 -0.9998 -0.0142
vn 0.0244 -0.9996 -0.0152
vn 0.0273 -0.9996 -0.0098
vn 0.0216 -0.9995 -0.0238
vn 0.0316 -0.9993 -0.0208
vn 0.0347 -0.9993 -0.0125
vn 0.0376 -0.9993 -0.0079
vn 0.0201 -0.9992 -0.0354
vn 0.0213 -0.9986 -0.0490
vn 0.0310 -0.9984 -0.0466
vn 0.0295 -0.9990 -0.0325
vn 0.0537 -0.9977 -0.0404
vn 0.0571 -0.9979 -0.0302
vn 0.0427 -0.9986 -0.0304
vn 0.0425 -0.9981 -0.0437
vn 0.0604 -0.9980 -0.0199
vn 0.0449 -0.9988 -0.0188
vn 0.0627 -0.9980 -0.0124
vn 0.0477 -0.9988 -0.0112
vn 0.0635 -0.9979 -0.0084
vn 0.0499 -0.9987 -0.0072
vn -0.0619 -0.9981 0.0069
vn -0.0613 -0.9981 0.0061
vn -0.0519 -0.9986 0.0053
vn -0.0530 -0.9986 0.0061
vn -0.0605 -0.9982 0.0030
vn -0.0496 -0.9988 0.0026
vn -0.0386 -0.9993 0.0013
vn -0.0404 -0.9992 0.0038
vn -0.0415 -0.9991 0.0053
vn -0.0592 -0.9982 -0.0013
vn -0.0473 -0.9989 -0.0013
vn -0.0364 -0.9993 -0.0025
vn -0.0196 -0.9998 -0.0066
vn -0.0270 -0.9996 -0.0044
vn -0.0216 -0.9998 -0.0021
vn -0.0293 -0.9996 -0.0004
vn -0.0231 -0.9997 0.0014
vn -0.0320 -0.9995 0.0030
vn -0.0240 -0.9997 0.0041
vn -0.0334 -0.9994 0.0047
vn -0.0165 -0.9999 0.0003
vn -0.0171 -0.9998 0.0037
vn -0.0152 -0.9999 -0.0037
vn -0.0095 -0.9999 -0.0050
vn -0.0104 -0.9999 -0.0005
vn -0.0108 -0.9999 0.0034
vn -0.0136 -0.9999 -0.0085
vn -0.0083 -0.9999 -0.0100
vn 0.0005 -0.9999 -0.0114
vn -0.0036 -0.9999 -0.0110
vn 0.0004 -1.0000 -0.0062
vn -0.0043 -1.0000 -0.0058
vn 0.0002 -1.0000 -0.0014
vn -0.0048 -1.0000 -0.0011
vn 0.0001 -1.0000 0.0030
vn -0.0051 -1.0000 0.0032
vn 0.0053 -1.0000 -0.0014
vn 0.0053 -1.0000 0.0029
vn 0.0051 -1.0000 -0.0061
vn 0.0103 -0.9999 -0.0056
vn 0.0109 -0.9999 -0.0012
vn 0.0110 -0.9999 0.0029
vn 0.0047 -0.9999 -0.0112
vn 0.0095 -0.9999 -0.0104
vn 0.0216 -0.9997 -0.0077
vn 0.0151 -0.9998 -0.0092
vn 0.0230 -0.9997 -0.0038
vn 0.0163 -0.9999 -0.0048
vn 0.0239 -0.9997 -0.0003
vn 0.0171 -0.9999 -0.0008
vn 0.0241 -0.9997 0.0028
vn 0.0173 -0.9998 0.0028
vn 0.0319 -0.9995 0.0001
vn 0.0321 -0.9995 0.0028
vn 0.0311 -0.9995 -0.0029
vn 0.0409 -0.9992 -0.0023
vn 0.0415 -0.9991 0.0003
vn 0.0417 -0.9991 0.0028
vn 0.0296 -0.9995 -0.0061
vn 0.0396 -0.9992 -0.0050
vn 0.0641 -0.9979 -0.0059
vn 0.0516 -0.9987 -0.0047
vn 0.0641 -0.9979 -0.0033
vn 0.0520 -0.9986 -0.0023
vn 0.0639 -0.9980 -0.0005
vn 0.0523 -0.9986 0.0002
vn 0.0635 -0.9980 0.0027
vn 0.0523 -0.9986 0.0027
vn -0.0645 -0.9977 0.0192
vn -0.0643 -0.9978 0.0142
vn -0.0519 -0.9986 0.0127
vn -0.0508 -0.9986 0.0174
vn -0.0621 -0.9980 0.0098
vn -0.0545 -0.9985 0.0090
vn -0.0414 -0.9991 0.0092
vn -0.0403 -0.9991 0.0127
vn -0.0386 -0.9991 0.0176
vn -0.0618 -0.9981 0.0079
vn -0.0544 -0.9985 0.0072
vn -0.0418 -0.9991 0.0062
vn -0.0241 -0.9997 0.0068
vn -0.0331 -0.9994 0.0064
vn -0.0234 -0.9997 0.0105
vn -0.0315 -0.9995 0.0096
vn -0.0220 -0.9996 0.0151
vn -0.0302 -0.9994 0.0137
vn -0.0203 -0.9996 0.0209
vn -0.0283 -0.9994 0.0190
vn -0.0154 -0.9997 0.0165
vn -0.0140 -0.9996 0.0227
vn -0.0165 -0.9998 0.0113
vn -0.0104 -0.9999 0.0121
vn -0.0096 -0.9998 0.0176
vn -0.0087 -0.9997 0.0240
vn -0.0171 -0.9998 0.0071
vn -0.0108 -0.9999 0.0074
vn -0.0000 -1.0000 0.0076
vn -0.0051 -1.0000 0.0075
vn -0.0000 -0.9999 0.0127
vn -0.0049 -0.9999 0.0126
vn -0.0000 -0.9998 0.0186
vn -0.0045 -0.9998 0.0183
vn -0.0001 -0.9997 0.0252
vn -0.0040 -0.9997 0.0249
vn 0.0044 -0.9998 0.0183
vn 0.0039 -0.9997 0.0249
vn 0.0048 -0.9999 0.0125
vn 0.0103 -0.9999 0.0120
vn 0.0094 -0.9998 0.0176
vn 0.0085 -0.9997 0.0240
vn 0.0052 -1.0000 0.0074
vn 0.0108 -0.9999 0.0071
vn 0.0238 -0.9997 0.0061
vn 0.0170 -0.9998 0.0066
vn 0.0230 -0.9997 0.0102
vn 0.0163 -0.9998 0.0112
vn 0.0217 -0.9997 0.0151
vn 0.0152 -0.9997 0.0165
vn 0.0200 -0.9996 0.0210
vn 0.0138 -0.9996 0.0227
vn 0.0297 -0.9995 0.0138
vn 0.0279 -0.9994 0.0192
vn 0.0310 -0.9995 0.0093
vn 0.0408 -0.9991 0.0088
vn 0.0397 -0.9991 0.0129
vn 0.0381 -0.9991 0.0179
vn 0.0318 -0.9995 0.0057
vn 0.0415 -0.9991 0.0055
vn 0.0634 -0.9980 0.0061
vn 0.0522 -0.9986 0.0056
vn 0.0635 -0.9979 0.0099
vn 0.0519 -0.9986 0.0089
vn 0.0635 -0.9979 0.0144
vn 0.0513 -0.9986 0.0129
vn 0.0638 -0.9978 0.0197
vn 0.0503 -0.9986 0.0178
vn -0.0571 -0.9968 0.0568
vn -0.0597 -0.9971 0.0469
vn -0.0458 -0.9979 0.0456
vn -0.0471 -0.9971 0.0594
vn -0.0620 -0.9974 0.0358
vn -0.0473 -0.9983 0.0335
vn -0.0343 -0.9988 0.0344
vn -0.0334 -0.9983 0.0472
vn -0.0360 -0.9975 0.0615
vn -0.0634 -0.9976 0.0263
vn -0.0492 -0.9985 0.0241
vn -0.0363 -0.9990 0.0244
vn -0.0184 -0.9994 0.0285
vn -0.0260 -0.9993 0.0263
vn -0.0170 -0.9991 0.0386
vn -0.0241 -0.9990 0.0364
vn -0.0169 -0.9986 0.0506
vn -0.0238 -0.9985 0.0490
vn -0.0188 -0.9978 0.0637
vn -0.0258 -0.9976 0.0635
vn -0.0117 -0.9986 0.0516
vn -0.0131 -0.9979 0.0638
vn -0.0116 -0.9991 0.0403
vn -0.0071 -0.9991 0.0414
vn -0.0072 -0.9986 0.0522
vn -0.0082 -0.9979 0.0641
vn -0.0126 -0.9995 0.0304
vn -0.0077 -0.9995 0.0319
vn -0.0000 -0.9995 0.0329
vn -0.0036 -0.9995 0.0327
vn -0.0000 -0.9991 0.0423
vn -0.0033 -0.9991 0.0421
vn -0.0000 -0.9986 0.0527
vn -0.0034 -0.9986 0.0526
vn -0.0000 -0.9980 0.0636
vn -0.0040 -0.9980 0.0637
vn 0.0033 -0.9986 0.0526
vn 0.0039 -0.9980 0.0637
vn 0.0032 -0.9991 0.0421
vn 0.0070 -0.9991 0.0414
vn 0.0071 -0.9986 0.0523
vn 0.0082 -0.9979 0.0638
vn 0.0035 -0.9995 0.0327
vn 0.0076 -0.9995 0.0319
vn 0.0182 -0.9994 0.0287
vn 0.0124 -0.9995 0.0305
vn 0.0168 -0.9991 0.0387
vn 0.0115 -0.9991 0.0403
vn 0.0167 -0.9986 0.0507
vn 0.0115 -0.9986 0.0517
vn 0.0187 -0.9978 0.0638
vn 0.0130 -0.9979 0.0639
vn 0.0237 -0.9985 0.0492
vn 0.0258 -0.9976 0.0635
vn 0.0239 -0.9990 0.0366
vn 0.0339 -0.9988 0.0344
vn 0.0336 -0.9983 0.0474
vn 0.0356 -0.9974 0.0620
vn 0.0257 -0.9993 0.0265
vn 0.0360 -0.9990 0.0247
vn 0.0633 -0.9976 0.0265
vn 0.0487 -0.9985 0.0245
vn 0.0617 -0.9974 0.0362
vn 0.0470 -0.9983 0.0342
vn 0.0593 -0.9971 0.0472
vn 0.0456 -0.9979 0.0460
vn 0.0568 -0.9968 0.0571
vn 0.0469 -0.9971 0.0596
vn 0.0859 -0.9962 -0.0122
vn 0.0867 -0.9961 -0.0165
vn 0.0851 -0.9963 -0.0078
vn 0.0845 -0.9964 -0.0029
vn 0.0842 -0.9964 0.0024
vn 0.0751 -0.9972 -0.0016
vn 0.0743 -0.9972 0.0025
vn 0.0754 -0.9971 -0.0052
vn 0.0761 -0.9971 -0.0086
vn 0.0767 -0.9970 -0.0119
vn 0.0843 -0.9964 0.0082
vn 0.0846 -0.9963 0.0143
vn 0.0849 -0.9962 0.0210
vn 0.0851 -0.9960 0.0285
vn 0.0755 -0.9970 0.0173
vn 0.0756 -0.9969 0.0237
vn 0.0750 -0.9971 0.0119
vn 0.0747 -0.9972 0.0070
vn 0.0848 -0.9957 0.0374
vn 0.0829 -0.9954 0.0478
vn 0.0783 -0.9952 0.0596
vn 0.0699 -0.9951 0.0702
vn 0.0711 -0.9961 0.0531
vn 0.0639 -0.9959 0.0642
vn 0.0745 -0.9964 0.0416
vn 0.0759 -0.9966 0.0316
vn 0.0590 -0.9952 0.0785
vn 0.0474 -0.9954 0.0832
vn 0.0367 -0.9957 0.0850
vn 0.0277 -0.9960 0.0854
vn 0.0308 -0.9966 0.0762
vn 0.0227 -0.9969 0.0759
vn 0.0411 -0.9964 0.0743
vn 0.0527 -0.9961 0.0714
vn 0.0198 -0.9962 0.0850
vn 0.0127 -0.9963 0.0845
vn 0.0063 -0.9964 0.0843
vn -0.0000 -0.9965 0.0842
vn 0.0049 -0.9972 0.0745
vn -0.0000 -0.9972 0.0747
vn 0.0102 -0.9971 0.0749
vn 0.0160 -0.9970 0.0754
vn -0.0063 -0.9964 0.0842
vn -0.0128 -0.9963 0.0846
vn -0.0198 -0.9962 0.0850
vn -0.0277 -0.9960 0.0853
vn -0.0160 -0.9970 0.0753
vn -0.0228 -0.9968 0.0761
vn -0.0102 -0.9971 0.0752
vn -0.0050 -0.9972 0.0748
vn -0.0368 -0.9957 0.0849
vn -0.0473 -0.9954 0.0830
vn -0.0591 -0.9952 0.0783
vn -0.0701 -0.9951 0.0697
vn -0.0528 -0.9961 0.0711
vn -0.0642 -0.9959 0.0638
vn -0.0412 -0.9964 0.0747
vn -0.0309 -0.9966 0.0761
vn -0.0787 -0.9952 0.0588
vn -0.0834 -0.9954 0.0473
vn -0.0853 -0.9957 0.0368
vn -0.0856 -0.9959 0.0279
vn -0.0767 -0.9966 0.0310
vn -0.0766 -0.9968 0.0231
vn -0.0753 -0.9963 0.0411
vn -0.0715 -0.9961 0.0526
vn -0.0852 -0.9961 0.0208
vn -0.0844 -0.9963 0.0155
vn -0.0834 -0.9964 0.0115
vn -0.0827 -0.9965 0.0088
vn -0.0734 -0.9973 0.0094
vn -0.0718 -0.9974 0.0078
vn -0.0750 -0.9971 0.0127
vn -0.0763 -0.9969 0.0171
vn -0.0821 -0.9966 0.0059
vn -0.0817 -0.9967 0.0013
vn -0.0811 -0.9967 -0.0054
vn -0.0803 -0.9967 -0.0145
vn -0.0711 -0.9975 -0.0027
vn -0.0704 -0.9975 -0.0103
vn -0.0716 -0.9974 0.0026
vn -0.0717 -0.9974 0.0062
vn -0.0788 -0.9966 -0.0254
vn -0.0762 -0.9964 -0.0371
vn -0.0712 -0.9962 -0.0491
vn -0.0632 -0.9962 -0.0600
vn -0.0634 -0.9971 -0.0424
vn -0.0565 -0.9970 -0.0532
vn -0.0670 -0.9973 -0.0306
vn -0.0690 -0.9974 -0.0197
vn -0.0529 -0.9963 -0.0679
vn -0.0420 -0.9965 -0.0721
vn -0.0323 -0.9967 -0.0739
vn -0.0242 -0.9970 -0.0741
vn -0.0264 -0.9976 -0.0642
vn -0.0192 -0.9978 -0.0642
vn -0.0356 -0.9974 -0.0630
vn -0.0462 -0.9971 -0.0599
vn -0.0172 -0.9971 -0.0737
vn -0.0111 -0.9973 -0.0731
vn -0.0056 -0.9973 -0.0727
vn -0.0003 -0.9974 -0.0725
vn -0.0042 -0.9980 -0.0626
vn -0.0002 -0.9980 -0.0625
vn -0.0085 -0.9980 -0.0631
vn -0.0135 -0.9979 -0.0637
vn 0.0049 -0.9973 -0.0726
vn 0.0104 -0.9973 -0.0729
vn 0.0164 -0.9972 -0.0733
vn 0.0232 -0.9970 -0.0736
vn 0.0128 -0.9979 -0.0628
vn 0.0183 -0.9978 -0.0632
vn 0.0080 -0.9980 -0.0622
vn 0.0038 -0.9981 -0.0620
vn 0.0318 -0.9968 -0.0733
vn 0.0429 -0.9965 -0.0712
vn 0.0561 -0.9963 -0.0657
vn 0.0696 -0.9960 -0.0555
vn 0.0485 -0.9972 -0.0567
vn 0.0617 -0.9969 -0.0480
vn 0.0359 -0.9975 -0.0610
vn 0.0256 -0.9977 -0.0628
vn 0.0800 -0.9959 -0.0427
vn 0.0853 -0.9959 -0.0310
vn 0.0870 -0.9960 -0.0221
vn 0.0768 -0.9969 -0.0165
vn 0.0751 -0.9969 -0.0247
vn 0.0707 -0.9969 -0.0357
vn -0.5137 -0.8312 -0.2128
vn -0.4918 -0.8466 -0.2037
vn -0.5095 -0.8465 -0.1543
vn -0.5321 -0.8312 -0.1611
vn -0.1121 -0.9926 -0.0464
vn -0.1161 -0.9926 -0.0351
vn -0.1189 -0.9926 -0.0236
vn -0.5221 -0.8465 -0.1039
vn -0.5453 -0.8312 -0.1085
vn -0.1209 -0.9927 0.0001
vn -0.1206 -0.9926 -0.0119
vn -0.5322 -0.8466 -0.0000
vn -0.5297 -0.8466 -0.0524
vn -0.5560 -0.8312 -0.0000
vn -0.5533 -0.8312 -0.0548
vn -0.3931 -0.8312 -0.3931
vn -0.3764 -0.8466 -0.3764
vn -0.4116 -0.8466 -0.3375
vn -0.4300 -0.8312 -0.3525
vn -0.0858 -0.9926 -0.0858
vn -0.0939 -0.9926 -0.0769
vn -0.1009 -0.9926 -0.0674
vn -0.4426 -0.8465 -0.2958
vn -0.4623 -0.8312 -0.3089
vn -0.1070 -0.9926 -0.0573
vn -0.4694 -0.8465 -0.2511
vn -0.4902 -0.8312 -0.2623
vn -0.2128 -0.8312 -0.5137
vn -0.2037 -0.8466 -0.4918
vn -0.2512 -0.8466 -0.4693
vn -0.2623 -0.8312 -0.4902
vn -0.0465 -0.9926 -0.1121
vn -0.0573 -0.9926 -0.1070
vn -0.0674 -0.9926 -0.1009
vn -0.2749 -0.8550 -0.4397
vn -0.3014 -0.8311 -0.4673
vn -0.0770 -0.9926 -0.0939
vn -0.3408 -0.8550 -0.3908
vn -0.3595 -0.8312 -0.4242
vn -0.0159 -0.8311 -0.5559
vn -0.0160 -0.8550 -0.5183
vn -0.0524 -0.8466 -0.5297
vn -0.0548 -0.8312 -0.5533
vn -0.0000 -0.9926 -0.1214
vn -0.0120 -0.9926 -0.1208
vn -0.0237 -0.9926 -0.1190
vn -0.0857 -0.8550 -0.5115
vn -0.0996 -0.8311 -0.5471
vn -0.0352 -0.9926 -0.1162
vn -0.1653 -0.8550 -0.4915
vn -0.1698 -0.8311 -0.5295
vn 0.2128 -0.8312 -0.5137
vn 0.2037 -0.8466 -0.4918
vn 0.1543 -0.8466 -0.5095
vn 0.1611 -0.8312 -0.5321
vn 0.0464 -0.9926 -0.1121
vn 0.0351 -0.9926 -0.1162
vn 0.0237 -0.9926 -0.1190
vn 0.1039 -0.8465 -0.5221
vn 0.1085 -0.8312 -0.5453
vn 0.0120 -0.9926 -0.1208
vn 0.0668 -0.8550 -0.5143
vn 0.0704 -0.8311 -0.5517
vn 0.3996 -0.8312 -0.3866
vn 0.3778 -0.8550 -0.3552
vn 0.3164 -0.8550 -0.4109
vn 0.3455 -0.8311 -0.4357
vn 0.0858 -0.9926 -0.0858
vn 0.0769 -0.9926 -0.0939
vn 0.0674 -0.9926 -0.1009
vn 0.2957 -0.8465 -0.4426
vn 0.3089 -0.8312 -0.4623
vn 0.0572 -0.9926 -0.1070
vn 0.2511 -0.8466 -0.4693
vn 0.2623 -0.8312 -0.4902
vn 0.5137 -0.8312 -0.2128
vn 0.4918 -0.8466 -0.2037
vn 0.4693 -0.8466 -0.2512
vn 0.4902 -0.8312 -0.2623
vn 0.1119 -0.9926 -0.0463
vn 0.1069 -0.9926 -0.0572
vn 0.1009 -0.9926 -0.0674
vn 0.4426 -0.8465 -0.2957
vn 0.4623 -0.8312 -0.3089
vn 0.0939 -0.9926 -0.0770
vn 0.4116 -0.8465 -0.3375
vn 0.4300 -0.8312 -0.3525
vn 0.5560 -0.8312 0.0083
vn 0.5262 -0.8504 0.0069
vn 0.5230 -0.8503 -0.0586
vn 0.5525 -0.8312 -0.0629
vn 0.1183 -0.9930 0.0004
vn 0.1189 -0.9928 -0.0116
vn 0.1180 -0.9927 -0.0233
vn 0.5221 -0.8466 -0.1038
vn 0.5453 -0.8312 -0.1085
vn 0.1156 -0.9927 -0.0349
vn 0.5094 -0.8466 -0.1543
vn 0.5321 -0.8312 -0.1611
vn 0.5137 -0.8312 0.2128
vn 0.4914 -0.8468 0.2035
vn 0.5013 -0.8505 0.1589
vn 0.5298 -0.8312 0.1690
vn 0.1027 -0.9938 0.0430
vn 0.1080 -0.9936 0.0330
vn 0.1125 -0.9934 0.0227
vn 0.5060 -0.8566 0.1006
vn 0.5453 -0.8312 0.1085
vn 0.1160 -0.9932 0.0120
vn 0.5242 -0.8504 0.0451
vn 0.5541 -0.8311 0.0466
vn 0.3931 -0.8312 0.3931
vn 0.3760 -0.8469 0.3759
vn 0.4112 -0.8469 0.3371
vn 0.4300 -0.8312 0.3525
vn 0.0766 -0.9941 0.0767
vn 0.0840 -0.9941 0.0689
vn 0.0908 -0.9940 0.0608
vn 0.4422 -0.8469 0.2955
vn 0.4623 -0.8312 0.3089
vn 0.0969 -0.9939 0.0522
vn 0.4689 -0.8469 0.2509
vn 0.4902 -0.8312 0.2623
vn 0.2213 -0.8312 0.5101
vn 0.2128 -0.8556 0.4718
vn 0.2509 -0.8469 0.4688
vn 0.2623 -0.8312 0.4902
vn 0.0413 -0.9942 0.0997
vn 0.0510 -0.9942 0.0952
vn 0.0600 -0.9941 0.0898
vn 0.2954 -0.8469 0.4421
vn 0.3089 -0.8312 0.4623
vn 0.0686 -0.9941 0.0836
vn 0.3372 -0.8469 0.4112
vn 0.3525 -0.8312 0.4300
vn -0.0000 -0.8312 0.5560
vn -0.0000 -0.8470 0.5317
vn 0.0524 -0.8469 0.5291
vn 0.0548 -0.8312 0.5533
vn -0.0000 -0.9942 0.1079
vn 0.0107 -0.9942 0.1074
vn 0.0211 -0.9942 0.1059
vn 0.1037 -0.8469 0.5215
vn 0.1085 -0.8312 0.5453
vn 0.0313 -0.9942 0.1033
vn 0.1348 -0.8556 0.4998
vn 0.1524 -0.8311 0.5348
vn -0.2128 -0.8312 0.5137
vn -0.2035 -0.8469 0.4912
vn -0.1541 -0.8469 0.5089
vn -0.1611 -0.8312 0.5321
vn -0.0414 -0.9941 0.1000
vn -0.0313 -0.9941 0.1035
vn -0.0211 -0.9942 0.1059
vn -0.1037 -0.8469 0.5215
vn -0.1085 -0.8312 0.5453
vn -0.0106 -0.9942 0.1074
vn -0.0523 -0.8469 0.5291
vn -0.0548 -0.8312 0.5533
vn -0.3990 -0.8312 0.3873
vn -0.3766 -0.8506 0.3669
vn -0.3249 -0.8662 0.3796
vn -0.3533 -0.8312 0.4293
vn -0.0782 -0.9938 0.0788
vn -0.0695 -0.9939 0.0851
vn -0.0605 -0.9940 0.0907
vn -0.2744 -0.8556 0.4390
vn -0.3014 -0.8311 0.4673
vn -0.0511 -0.9941 0.0957
vn -0.2508 -0.8469 0.4688
vn -0.2623 -0.8312 0.4902
vn -0.5137 -0.8312 0.2128
vn -0.4916 -0.8467 0.2036
vn -0.4691 -0.8467 0.2510
vn -0.4902 -0.8312 0.2623
vn -0.1088 -0.9930 0.0455
vn -0.1024 -0.9932 0.0552
vn -0.0950 -0.9934 0.0639
vn -0.4424 -0.8467 0.2956
vn -0.4623 -0.8312 0.3089
vn -0.0868 -0.9936 0.0718
vn -0.4113 -0.8468 0.3373
vn -0.4300 -0.8312 0.3525
vn -0.5297 -0.8466 0.0524
vn -0.5533 -0.8312 0.0548
vn -0.1200 -0.9927 0.0120
vn -0.1177 -0.9928 0.0235
vn -0.5221 -0.8466 0.1038
vn -0.5453 -0.8312 0.1085
vn -0.1141 -0.9929 0.0348
vn -0.5094 -0.8466 0.1543
vn -0.5321 -0.8312 0.1611
vn 0.8648 -0.3519 0.3582
vn 0.8959 -0.3519 0.2713
vn 0.9181 -0.3519 0.1826
vn 0.8402 -0.4158 0.3480
vn 0.8704 -0.4157 0.2636
vn 0.8920 -0.4157 0.1774
vn 0.9316 -0.3516 0.0922
vn 0.9051 -0.4157 0.0896
vn 0.9095 -0.4158 -0.0000
vn 0.9360 -0.3519 -0.0000
vn 0.6619 -0.3519 0.6619
vn 0.7240 -0.3514 0.5936
vn 0.7783 -0.3519 0.5200
vn 0.6431 -0.4158 0.6431
vn 0.7033 -0.4157 0.5766
vn 0.7562 -0.4157 0.5053
vn 0.8253 -0.3519 0.4416
vn 0.8019 -0.4157 0.4291
vn 0.3582 -0.3519 0.8648
vn 0.4416 -0.3519 0.8253
vn 0.5200 -0.3519 0.7783
vn 0.3480 -0.4158 0.8402
vn 0.4291 -0.4157 0.8019
vn 0.5053 -0.4157 0.7562
vn 0.5935 -0.3516 0.7240
vn 0.5766 -0.4157 0.7033
vn -0.0000 -0.3519 0.9360
vn 0.0922 -0.3519 0.9315
vn 0.1826 -0.3519 0.9181
vn -0.0000 -0.4158 0.9095
vn 0.0896 -0.4157 0.9051
vn 0.1774 -0.4157 0.8920
vn 0.2713 -0.3519 0.8959
vn 0.2636 -0.4157 0.8704
vn -0.3582 -0.3519 0.8648
vn -0.2713 -0.3519 0.8959
vn -0.1826 -0.3519 0.9181
vn -0.3480 -0.4158 0.8402
vn -0.2636 -0.4157 0.8704
vn -0.1774 -0.4157 0.8920
vn -0.0922 -0.3516 0.9316
vn -0.0896 -0.4157 0.9051
vn -0.6619 -0.3519 0.6619
vn -0.5935 -0.3519 0.7239
vn -0.5200 -0.3519 0.7783
vn -0.6431 -0.4158 0.6431
vn -0.5766 -0.4157 0.7033
vn -0.5053 -0.4157 0.7562
vn -0.4416 -0.3519 0.8253
vn -0.4291 -0.4157 0.8019
vn -0.8648 -0.3519 0.3582
vn -0.8254 -0.3516 0.4417
vn -0.7784 -0.3514 0.5201
vn -0.8402 -0.4158 0.3480
vn -0.8019 -0.4158 0.4291
vn -0.7562 -0.4157 0.5053
vn -0.7239 -0.3519 0.5935
vn -0.7033 -0.4158 0.5766
vn -0.9360 -0.3519 -0.0000
vn -0.9316 -0.3516 0.0922
vn -0.9181 -0.3519 0.1826
vn -0.9095 -0.4158 -0.0000
vn -0.9051 -0.4158 0.0896
vn -0.8920 -0.4157 0.1774
vn -0.8959 -0.3519 0.2713
vn -0.8704 -0.4158 0.2636
vn -0.8648 -0.3519 -0.3582
vn -0.8960 -0.3516 -0.2713
vn -0.9181 -0.3519 -0.1826
vn -0.8402 -0.4158 -0.3480
vn -0.8704 -0.4158 -0.2636
vn -0.8920 -0.4157 -0.1774
vn -0.9315 -0.3519 -0.0922
vn -0.9051 -0.4158 -0.0896
vn -0.6619 -0.3519 -0.6619
vn -0.7239 -0.3519 -0.5935
vn -0.7784 -0.3516 -0.5201
vn -0.6431 -0.4158 -0.6431
vn -0.7033 -0.4158 -0.5766
vn -0.7562 -0.4158 -0.5053
vn -0.8253 -0.3519 -0.4416
vn -0.8019 -0.4158 -0.4291
vn -0.3582 -0.3519 -0.8648
vn -0.4417 -0.3516 -0.8254
vn -0.5201 -0.3516 -0.7784
vn -0.3480 -0.4158 -0.8402
vn -0.4291 -0.4158 -0.8019
vn -0.5053 -0.4157 -0.7562
vn -0.5936 -0.3514 -0.7240
vn -0.5766 -0.4158 -0.7033
vn -0.0000 -0.3519 -0.9360
vn -0.0922 -0.3519 -0.9315
vn -0.1826 -0.3519 -0.9181
vn -0.0000 -0.4158 -0.9095
vn -0.0896 -0.4158 -0.9051
vn -0.1774 -0.4157 -0.8920
vn -0.2713 -0.3519 -0.8959
vn -0.2636 -0.4158 -0.8704
vn 0.3582 -0.3519 -0.8648
vn 0.2713 -0.3519 -0.8959
vn 0.1826 -0.3519 -0.9181
vn 0.3480 -0.4158 -0.8402
vn 0.2636 -0.4158 -0.8704
vn 0.1774 -0.4157 -0.8920
vn 0.0922 -0.3516 -0.9316
vn 0.0896 -0.4158 -0.9051
vn 0.6619 -0.3519 -0.6619
vn 0.5935 -0.3516 -0.7240
vn 0.5200 -0.3519 -0.7783
vn 0.6431 -0.4158 -0.6431
vn 0.5766 -0.4158 -0.7033
vn 0.5053 -0.4157 -0.7562
vn 0.4416 -0.3519 -0.8253
vn 0.4291 -0.4158 -0.8019
vn 0.8648 -0.3519 -0.3582
vn 0.8254 -0.3516 -0.4417
vn 0.7783 -0.3519 -0.5200
vn 0.8402 -0.4158 -0.3480
vn 0.8019 -0.4157 -0.4291
vn 0.7562 -0.4157 -0.5053
vn 0.7240 -0.3516 -0.5935
vn 0.7033 -0.4157 -0.5766
vn 0.9315 -0.3519 -0.0922
vn 0.9182 -0.3516 -0.1826
vn 0.9051 -0.4158 -0.0896
vn 0.8920 -0.4157 -0.1774
vn 0.8959 -0.3519 -0.2713
vn 0.8704 -0.4158 -0.2636
vn 0.7989 -0.5506 0.2419
vn 0.8405 -0.4782 0.2545
vn 0.8114 -0.4783 0.3361
vn 0.7712 -0.5506 0.3194
vn 0.7152 -0.6330 0.2962
vn 0.7409 -0.6330 0.2244
vn 0.7593 -0.6330 0.1510
vn 0.8187 -0.5506 0.1629
vn 0.8614 -0.4782 0.1713
vn 0.7741 -0.6330 -0.0000
vn 0.7704 -0.6330 0.0762
vn 0.8348 -0.5506 -0.0000
vn 0.8307 -0.5506 0.0822
vn 0.8782 -0.4783 -0.0000
vn 0.8741 -0.4779 0.0865
vn 0.6455 -0.5506 0.5293
vn 0.6792 -0.4782 0.5568
vn 0.6210 -0.4782 0.6210
vn 0.5903 -0.5506 0.5903
vn 0.5474 -0.6330 0.5474
vn 0.5987 -0.6330 0.4909
vn 0.6437 -0.6330 0.4301
vn 0.6941 -0.5506 0.4638
vn 0.7302 -0.4782 0.4879
vn 0.6826 -0.6330 0.3653
vn 0.7360 -0.5506 0.3939
vn 0.7743 -0.4782 0.4144
vn 0.3939 -0.5506 0.7360
vn 0.4144 -0.4782 0.7743
vn 0.3361 -0.4783 0.8114
vn 0.3194 -0.5506 0.7712
vn 0.2963 -0.6330 0.7152
vn 0.3653 -0.6330 0.6826
vn 0.4301 -0.6330 0.6437
vn 0.4638 -0.5506 0.6941
vn 0.4879 -0.4782 0.7302
vn 0.4908 -0.6330 0.5987
vn 0.5293 -0.5506 0.6456
vn 0.5568 -0.4782 0.6792
vn 0.0822 -0.5506 0.8307
vn 0.0865 -0.4782 0.8740
vn -0.0000 -0.4783 0.8782
vn -0.0000 -0.5506 0.8348
vn -0.0000 -0.6330 0.7741
vn 0.0762 -0.6330 0.7704
vn 0.1510 -0.6330 0.7593
vn 0.1629 -0.5506 0.8187
vn 0.1714 -0.4779 0.8615
vn 0.2244 -0.6330 0.7410
vn 0.2419 -0.5506 0.7989
vn 0.2546 -0.4779 0.8407
vn -0.2419 -0.5506 0.7989
vn -0.2545 -0.4782 0.8405
vn -0.3362 -0.4778 0.8116
vn -0.3194 -0.5506 0.7712
vn -0.2962 -0.6330 0.7152
vn -0.2244 -0.6330 0.7409
vn -0.1510 -0.6330 0.7593
vn -0.1629 -0.5506 0.8187
vn -0.1713 -0.4782 0.8614
vn -0.0763 -0.6330 0.7704
vn -0.0822 -0.5506 0.8307
vn -0.0865 -0.4782 0.8740
vn -0.5293 -0.5506 0.6456
vn -0.5568 -0.4782 0.6792
vn -0.6211 -0.4779 0.6211
vn -0.5903 -0.5506 0.5903
vn -0.5474 -0.6330 0.5474
vn -0.4909 -0.6330 0.5987
vn -0.4301 -0.6330 0.6437
vn -0.4638 -0.5506 0.6941
vn -0.4880 -0.4779 0.7304
vn -0.3653 -0.6330 0.6826
vn -0.3939 -0.5506 0.7360
vn -0.4144 -0.4782 0.7743
vn -0.7360 -0.5506 0.3939
vn -0.7743 -0.4782 0.4144
vn -0.8114 -0.4783 0.3361
vn -0.7712 -0.5506 0.3194
vn -0.7152 -0.6330 0.2962
vn -0.6826 -0.6330 0.3653
vn -0.6437 -0.6330 0.4301
vn -0.6941 -0.5506 0.4638
vn -0.7302 -0.4782 0.4879
vn -0.5987 -0.6330 0.4908
vn -0.6456 -0.5506 0.5293
vn -0.6791 -0.4782 0.5568
vn -0.8307 -0.5506 0.0822
vn -0.8740 -0.4782 0.0865
vn -0.8782 -0.4783 -0.0000
vn -0.8347 -0.5506 -0.0000
vn -0.7741 -0.6330 -0.0000
vn -0.7704 -0.6330 0.0762
vn -0.7593 -0.6330 0.1510
vn -0.8187 -0.5506 0.1629
vn -0.8614 -0.4782 0.1713
vn -0.7409 -0.6330 0.2244
vn -0.7989 -0.5506 0.2419
vn -0.8405 -0.4782 0.2545
vn -0.7989 -0.5506 -0.2419
vn -0.8405 -0.4783 -0.2545
vn -0.8114 -0.4783 -0.3361
vn -0.7712 -0.5506 -0.3194
vn -0.7152 -0.6330 -0.2962
vn -0.7409 -0.6330 -0.2244
vn -0.7593 -0.6330 -0.1510
vn -0.8187 -0.5506 -0.1629
vn -0.8615 -0.4779 -0.1714
vn -0.7704 -0.6330 -0.0763
vn -0.8307 -0.5506 -0.0822
vn -0.8740 -0.4783 -0.0865
vn -0.6455 -0.5506 -0.5293
vn -0.6791 -0.4783 -0.5568
vn -0.6210 -0.4783 -0.6210
vn -0.5903 -0.5506 -0.5903
vn -0.5474 -0.6330 -0.5474
vn -0.5987 -0.6330 -0.4908
vn -0.6437 -0.6330 -0.4301
vn -0.6941 -0.5506 -0.4638
vn -0.7302 -0.4782 -0.4879
vn -0.6826 -0.6330 -0.3653
vn -0.7360 -0.5506 -0.3939
vn -0.7745 -0.4779 -0.4144
vn -0.3939 -0.5506 -0.7360
vn -0.4144 -0.4782 -0.7743
vn -0.3361 -0.4783 -0.8114
vn -0.3195 -0.5506 -0.7712
vn -0.2963 -0.6330 -0.7152
vn -0.3653 -0.6330 -0.6826
vn -0.4301 -0.6330 -0.6437
vn -0.4638 -0.5506 -0.6941
vn -0.4879 -0.4782 -0.7302
vn -0.4908 -0.6330 -0.5987
vn -0.5292 -0.5506 -0.6455
vn -0.5568 -0.4783 -0.6791
vn -0.0822 -0.5506 -0.8307
vn -0.0865 -0.4779 -0.8741
vn -0.0000 -0.4783 -0.8782
vn -0.0000 -0.5506 -0.8347
vn -0.0000 -0.6330 -0.7741
vn -0.0762 -0.6330 -0.7704
vn -0.1510 -0.6330 -0.7593
vn -0.1629 -0.5506 -0.8187
vn -0.1713 -0.4782 -0.8614
vn -0.2244 -0.6330 -0.7409
vn -0.2419 -0.5506 -0.7990
vn -0.2545 -0.4782 -0.8405
vn 0.2419 -0.5506 -0.7990
vn 0.2545 -0.4782 -0.8405
vn 0.3361 -0.4783 -0.8114
vn 0.3194 -0.5506 -0.7712
vn 0.2963 -0.6330 -0.7152
vn 0.2244 -0.6330 -0.7409
vn 0.1510 -0.6330 -0.7593
vn 0.1629 -0.5506 -0.8187
vn 0.1713 -0.4782 -0.8614
vn 0.0762 -0.6330 -0.7704
vn 0.0822 -0.5506 -0.8307
vn 0.0865 -0.4783 -0.8740
vn 0.5293 -0.5506 -0.6455
vn 0.5568 -0.4782 -0.6791
vn 0.6210 -0.4783 -0.6210
vn 0.5903 -0.5506 -0.5903
vn 0.5474 -0.6330 -0.5474
vn 0.4908 -0.6330 -0.5987
vn 0.4301 -0.6330 -0.6437
vn 0.4638 -0.5506 -0.6941
vn 0.4879 -0.4782 -0.7302
vn 0.3653 -0.6330 -0.6826
vn 0.3939 -0.5506 -0.7360
vn 0.4144 -0.4782 -0.7743
vn 0.7360 -0.5506 -0.3939
vn 0.7743 -0.4782 -0.4144
vn 0.8115 -0.4780 -0.3361
vn 0.7712 -0.5506 -0.3194
vn 0.7152 -0.6330 -0.2962
vn 0.6826 -0.6330 -0.3653
vn 0.6437 -0.6330 -0.4301
vn 0.6941 -0.5506 -0.4638
vn 0.7302 -0.4782 -0.4879
vn 0.5987 -0.6330 -0.4908
vn 0.6455 -0.5506 -0.5293
vn 0.6791 -0.4782 -0.5568
vn 0.8307 -0.5506 -0.0822
vn 0.8740 -0.4782 -0.0865
vn 0.7704 -0.6330 -0.0762
vn 0.7593 -0.6330 -0.1510
vn 0.8187 -0.5506 -0.1629
vn 0.8614 -0.4782 -0.1713
vn 0.7409 -0.6330 -0.2244
vn 0.7990 -0.5506 -0.2419
vn 0.8405 -0.4782 -0.2545
vn -0.5322 -0.8312 -0.1612
vn -0.5454 -0.8312 -0.1085
vn -0.3932 -0.8312 -0.3932
vn -0.3071 -0.8311 -0.4636
vn -0.3543 -0.8312 -0.4286
vn -0.0112 -0.8311 -0.5560
vn -0.1063 -0.8312 -0.5458
vn -0.1633 -0.8312 -0.5315
vn 0.1612 -0.8312 -0.5322
vn 0.1085 -0.8312 -0.5454
vn 0.0657 -0.8311 -0.5522
vn 0.3947 -0.8312 -0.3916
vn 0.3508 -0.8312 -0.4314
vn 0.2623 -0.8312 -0.4903
vn 0.5560 -0.8311 0.0092
vn 0.5524 -0.8311 -0.0638
vn 0.5454 -0.8312 -0.1085
vn 0.5322 -0.8312 -0.1611
vn 0.5295 -0.8311 0.1698
vn 0.5454 -0.8312 0.1085
vn 0.5542 -0.8311 0.0457
vn 0.3932 -0.8312 0.3932
vn 0.2148 -0.8312 0.5128
vn 0.1085 -0.8312 0.5454
vn 0.1590 -0.8312 0.5328
vn -0.1611 -0.8312 0.5322
vn -0.1085 -0.8312 0.5454
vn -0.3997 -0.8311 0.3866
vn -0.3471 -0.8311 0.4345
vn -0.3071 -0.8311 0.4635
vn -0.5454 -0.8312 0.1085
vn -0.5322 -0.8312 0.1612
vn -0.0253 -0.9996 -0.0105
vn -0.1466 -0.9873 -0.0607
vn -0.1519 -0.9873 -0.0460
vn -0.0262 -0.9996 -0.0080
vn -0.1557 -0.9873 -0.0310
vn -0.0269 -0.9996 -0.0054
vn -0.1587 -0.9873 -0.0000
vn -0.1580 -0.9873 -0.0156
vn -0.0229 -0.9997 -0.0000
vn -0.0244 -0.9997 -0.0021
vn -0.0249 -0.9994 -0.0249
vn -0.1122 -0.9873 -0.1122
vn -0.1228 -0.9873 -0.1007
vn -0.0304 -0.9992 -0.0252
vn -0.1320 -0.9873 -0.0882
vn -0.0389 -0.9989 -0.0260
vn -0.1400 -0.9873 -0.0749
vn -0.0286 -0.9995 -0.0148
vn -0.0135 -0.9994 -0.0325
vn -0.0608 -0.9873 -0.1467
vn -0.0748 -0.9873 -0.1398
vn -0.0184 -0.9992 -0.0349
vn -0.0882 -0.9873 -0.1321
vn -0.0260 -0.9989 -0.0389
vn -0.1006 -0.9873 -0.1228
vn -0.0252 -0.9992 -0.0304
vn -0.0000 -0.9995 -0.0302
vn -0.0000 -0.9873 -0.1588
vn -0.0156 -0.9873 -0.1579
vn -0.0030 -0.9995 -0.0301
vn -0.0310 -0.9873 -0.1557
vn -0.0065 -0.9994 -0.0346
vn -0.0460 -0.9873 -0.1519
vn -0.0117 -0.9992 -0.0378
vn 0.0105 -0.9996 -0.0253
vn 0.0608 -0.9873 -0.1467
vn 0.0460 -0.9873 -0.1519
vn 0.0098 -0.9995 -0.0307
vn 0.0310 -0.9873 -0.1557
vn 0.0091 -0.9989 -0.0459
vn 0.0156 -0.9873 -0.1580
vn 0.0031 -0.9994 -0.0350
vn 0.0152 -0.9998 -0.0152
vn 0.1123 -0.9873 -0.1123
vn 0.1007 -0.9873 -0.1228
vn 0.0150 -0.9997 -0.0177
vn 0.0882 -0.9873 -0.1319
vn 0.0152 -0.9996 -0.0228
vn 0.0749 -0.9873 -0.1400
vn 0.0129 -0.9996 -0.0242
vn 0.0199 -0.9998 -0.0083
vn 0.1467 -0.9873 -0.0608
vn 0.1400 -0.9873 -0.0749
vn 0.0190 -0.9998 -0.0102
vn 0.1320 -0.9873 -0.0882
vn 0.0180 -0.9998 -0.0120
vn 0.1228 -0.9873 -0.1007
vn 0.0167 -0.9998 -0.0137
vn 0.0215 -0.9998 -0.0000
vn 0.1587 -0.9873 -0.0000
vn 0.1579 -0.9873 -0.0156
vn 0.0214 -0.9998 -0.0021
vn 0.1556 -0.9873 -0.0310
vn 0.0211 -0.9998 -0.0042
vn 0.1519 -0.9873 -0.0460
vn 0.0207 -0.9998 -0.0063
vn 0.0278 -0.9995 0.0115
vn 0.1466 -0.9873 0.0607
vn 0.1519 -0.9873 0.0460
vn 0.0335 -0.9994 0.0105
vn 0.1558 -0.9873 0.0310
vn 0.0241 -0.9997 0.0041
vn 0.1580 -0.9873 0.0156
vn 0.0215 -0.9998 0.0021
vn 0.0213 -0.9995 0.0213
vn 0.1122 -0.9873 0.1122
vn 0.1228 -0.9873 0.1007
vn 0.0269 -0.9994 0.0225
vn 0.1320 -0.9873 0.0882
vn 0.0294 -0.9994 0.0193
vn 0.1400 -0.9873 0.0749
vn 0.0266 -0.9995 0.0143
vn 0.0081 -0.9998 0.0196
vn 0.0608 -0.9873 0.1467
vn 0.0749 -0.9873 0.1400
vn 0.0107 -0.9997 0.0215
vn 0.0882 -0.9873 0.1320
vn 0.0198 -0.9994 0.0291
vn 0.1007 -0.9873 0.1228
vn 0.0191 -0.9995 0.0234
vn -0.0000 -0.9998 0.0213
vn -0.0000 -0.9873 0.1588
vn 0.0156 -0.9873 0.1578
vn 0.0021 -0.9998 0.0212
vn 0.0310 -0.9873 0.1556
vn 0.0041 -0.9998 0.0208
vn 0.0460 -0.9873 0.1519
vn 0.0062 -0.9998 0.0203
vn -0.0081 -0.9998 0.0196
vn -0.0608 -0.9873 0.1467
vn -0.0460 -0.9873 0.1520
vn -0.0062 -0.9998 0.0204
vn -0.0310 -0.9873 0.1557
vn -0.0041 -0.9998 0.0208
vn -0.0156 -0.9873 0.1579
vn -0.0021 -0.9998 0.0212
vn -0.0248 -0.9994 0.0249
vn -0.1122 -0.9873 0.1122
vn -0.1007 -0.9873 0.1228
vn -0.0145 -0.9997 0.0186
vn -0.0882 -0.9873 0.1320
vn -0.0118 -0.9998 0.0177
vn -0.0749 -0.9873 0.1400
vn -0.0100 -0.9998 0.0187
vn -0.1466 -0.9873 0.0608
vn -0.1400 -0.9873 0.0749
vn -0.0202 -0.9997 0.0108
vn -0.1321 -0.9873 0.0882
vn -0.0190 -0.9997 0.0127
vn -0.1228 -0.9873 0.1007
vn -0.0201 -0.9997 0.0159
vn -0.1580 -0.9873 0.0156
vn -0.0228 -0.9997 0.0023
vn -0.1557 -0.9873 0.0310
vn -0.0224 -0.9997 0.0045
vn -0.1519 -0.9873 0.0460
f 1/1/1 2/2/2 3/3/3 4/4/4
f 2/2/2 5/5/5 6/6/6 3/3/3
f 7/7/7 8/8/8 3/3/3 6/6/6
f 8/8/8 9/9/9 4/4/4 3/3/3
f 5/5/5 10/10/10 11/11/11 6/6/6
f 10/10/10 12/12/12 13/13/13 11/11/11
f 14/14/14 15/15/15 11/11/11 13/13/13
f 15/15/15 7/7/7 6/6/6 11/11/11
f 16/16/16 17/17/17 18/18/18 19/19/19
f 17/17/17 20/20/20 21/21/21 18/18/18
f 7/7/7 15/15/15 18/18/18 21/21/21
f 15/15/15 14/14/14 19/19/19 18/18/18
f 20/20/20 22/22/22 23/23/23 21/21/21
f 22/22/22 24/24/24 25/25/25 23/23/23
f 9/9/9 8/8/8 23/23/23 25/25/25
f 8/8/8 7/7/7 21/21/21 23/23/23
f 12/12/12 26/26/26 27/27/27 13/13/13
f 26/26/26 28/28/28 29/29/29 27/27/27
f 30/30/30 31/31/31 27/27/27 29/29/29
f 31/31/31 14/14/14 13/13/13 27/27/27
f 28/28/28 32/32/32 33/33/33 29/29/29
f 32/32/32 34/34/34 35/35/35 33/33/33
f 36/36/36 37/37/37 33/33/33 35/35/35
f 37/37/37 30/30/30 29/29/29 33/33/33
f 38/38/38 39/39/39 40/40/40 41/41/41
f 39/39/39 42/42/42 43/43/43 40/40/40
f 30/30/30 37/37/37 40/40/40 43/43/43
f 37/37/37 36/36/36 41/41/41 40/40/40
f 42/42/42 44/44/44 45/45/45 43/43/43
f 44/44/44 16/16/16 19/19/19 45/45/45
f 14/14/14 31/31/31 45/45/45 19/19/19
f 31/31/31 30/30/30 43/43/43 45/45/45
f 34/34/34 46/46/46 47/47/47 35/35/35
f 46/46/46 48/48/48 49/49/49 47/47/47
f 50/50/50 51/51/51 47/47/47 49/49/49
f 51/51/51 36/36/36 35/35/35 47/47/47
f 48/48/48 52/52/52 53/53/53 49/49/49
f 52/52/52 54/54/54 55/55/55 53/53/53
f 56/56/56 57/57/57 53/53/53 55/55/55
f 57/57/57 50/50/50 49/49/49 53/53/53
f 58/58/58 59/59/59 60/60/60 61/61/61
f 59/59/59 62/62/62 63/63/63 60/60/60
f 50/50/50 57/57/57 60/60/60 63/63/63
f 57/57/57 56/56/56 61/61/61 60/60/60
f 62/62/62 64/64/64 65/65/65 63/63/63
f 64/64/64 38/38/38 41/41/41 65/65/65
f 36/36/36 51/51/51 65/65/65 41/41/41
f 51/51/51 50/50/50 63/63/63 65/65/65
f 54/54/54 66/66/66 67/67/67 55/55/55
f 66/66/66 68/68/68 69/69/69 67/67/67
f 70/70/70 71/71/71 67/67/67 69/69/69
f 71/71/71 56/56/56 55/55/55 67/67/67
f 68/68/68 72/72/72 73/73/73 69/69/69
f 72/72/72 74/74/74 75/75/75 73/73/73
f 76/76/76 77/77/77 73/73/73 75/75/75
f 77/77/77 70/70/70 69/69/69 73/73/73
f 78/78/78 79/79/79 80/80/80 81/81/81
f 79/79/79 82/82/82 83/83/83 80/80/80
f 70/70/70 77/77/77 80/80/80 83/83/83
f 77/77/77 76/76/76 81/81/81 80/80/80
f 82/82/82 84/84/84 85/85/85 83/83/83
f 84/84/84 58/58/58 61/61/61 85/85/85
f 56/56/56 71/71/71 85/85/85 61/61/61
f 71/71/71 70/70/70 83/83/83 85/85/85
f 74/86/74 86/87/86 87/88/87 75/89/75
f 86/87/86 88/90/88 89/91/89 87/88/87
f 90/92/90 91/93/91 87/88/87 89/91/89
f 91/93/91 76/94/76 75/89/75 87/88/87
f 88/90/88 92/95/92 93/96/93 89/91/89
f 92/95/92 94/97/94 95/98/95 93/96/93
f 96/99/96 97/100/97 93/96/93 95/98/95
f 97/100/97 90/92/90 89/91/89 93/96/93
f 98/101/98 99/102/99 100/103/100 101/104/101
f 99/102/99 102/105/102 103/106/103 100/103/100
f 90/92/90 97/100/97 100/103/100 103/106/103
f 97/100/97 96/99/96 101/104/101 100/103/100
f 102/105/102 104/107/104 105/108/105 103/106/103
f 104/107/104 78/109/78 81/110/81 105/108/105
f 76/94/76 91/93/91 105/108/105 81/110/81
f 91/93/91 90/92/90 103/106/103 105/108/105
f 94/97/94 106/111/106 107/112/107 95/98/95
f 106/111/106 108/113/108 109/114/109 107/112/107
f 110/115/110 111/116/111 107/112/107 109/114/109
f 111/116/111 96/99/96 95/98/95 107/112/107
f 108/113/108 112/117/112 113/118/113 109/114/109
f 112/117/112 114/119/114 115/120/115 113/118/113
f 116/121/116 117/122/117 113/118/113 115/120/115
f 117/122/117 110/115/110 109/114/109 113/118/113
f 118/123/118 119/124/119 120/125/120 121/126/121
f 119/124/119 122/127/122 123/128/123 120/125/120
f 110/115/110 117/122/117 120/125/120 123/128/123
f 117/122/117 116/121/116 121/126/121 120/125/120
f 122/127/122 124/129/124 125/130/125 123/128/123
f 124/129/124 98/101/98 101/104/101 125/130/125
f 96/99/96 111/116/111 125/130/125 101/104/101
f 111/116/111 110/115/110 123/128/123 125/130/125
f 114/119/114 126/131/126 127/132/127 115/120/115
f 126/131/126 128/133/128 129/134/129 127/132/127
f 130/135/130 131/136/131 127/132/127 129/134/129
f 131/136/131 116/121/116 115/120/115 127/132/127
f 128/133/128 132/137/132 133/138/133 129/134/129
f 132/137/132 134/139/134 135/140/135 133/138/133
f 136/141/136 137/142/137 133/138/133 135/140/135
f 137/142/137 130/135/130 129/134/129 133/138/133
f 138/143/138 139/144/139 140/145/140 141/146/141
f 139/144/139 142/147/142 143/148/143 140/145/140
f 130/135/130 137/142/137 140/145/140 143/148/143
f 137/142/137 136/141/136 141/146/141 140/145/140
f 142/147/142 144/149/144 145/150/145 143/148/143
f 144/149/144 118/123/118 121/126/121 145/150/145
f 116/121/116 131/136/131 145/150/145 121/126/121
f 131/136/131 130/135/130 143/148/143 145/150/145
f 134/139/134 146/151/146 147/152/147 135/140/135
f 146/151/146 148/153/148 149/154/149 147/152/147
f 150/155/150 151/156/151 147/152/147 149/154/149
f 151/156/151 136/141/136 135/140/135 147/152/147
f 148/153/148 152/157/152 153/158/153 149/154/149
f 152/157/152 154/159/154 155/160/155 153/158/153
f 156/161/156 157/162/157 153/158/153 155/160/155
f 157/162/157 150/155/150 149/154/149 153/158/153
f 158/163/158 159/164/159 160/165/160 161/166/161
f 159/164/159 162/167/162 163/168/163 160/165/160
f 150/155/150 157/162/157 160/165/160 163/168/163
f 157/162/157 156/161/156 161/166/161 160/165/160
f 162/167/162 164/169/164 165/170/165 163/168/163
f 164/169/164 138/143/138 141/146/141 165/170/165
f 136/141/136 151/156/151 165/170/165 141/146/141
f 151/156/151 150/155/150 163/168/163 165/170/165
f 154/159/154 166/171/166 167/172/167 155/160/155
f 166/171/166 168/173/168 169/174/169 167/172/167
f 170/175/170 171/176/171 167/172/167 169/174/169
f 171/176/171 156/161/156 155/160/155 167/172/167
f 168/173/168 172/177/172 173/178/173 169/174/169
f 172/177/172 174/179/174 175/180/175 173/178/173
f 176/181/176 177/182/177 173/178/173 175/180/175
f 177/182/177 170/175/170 169/174/169 173/178/173
f 178/183/178 179/184/179 180/185/180 181/186/181
f 179/184/179 182/187/182 183/188/183 180/185/180
f 170/175/170 177/182/177 180/185/180 183/188/183
f 177/182/177 176/181/176 181/186/181 180/185/180
f 182/187/182 184/189/184 185/190/185 183/188/183
f 184/189/184 158/163/158 161/166/161 185/190/185
f 156/161/156 171/176/171 185/190/185 161/166/161
f 171/176/171 170/175/170 183/188/183 185/190/185
f 174/179/174 186/191/186 187/192/187 175/180/175
f 186/191/186 188/193/188 189/194/189 187/192/187
f 190/195/190 191/196/191 187/192/187 189/194/189
f 191/196/191 176/181/176 175/180/175 187/192/187
f 188/193/188 192/197/192 193/198/193 189/194/189
f 192/197/192 194/199/194 195/200/195 193/198/193
f 196/201/196 197/202/197 193/198/193 195/200/195
f 197/202/197 190/195/190 189/194/189 193/198/193
f 198/203/198 199/204/199 200/205/200 201/206/201
f 199/204/199 202/207/202 203/208/203 200/205/200
f 190/195/190 197/202/197 200/205/200 203/208/203
f 197/202/197 196/201/196 201/206/201 200/205/200
f 202/207/202 204/209/204 205/210/205 203/208/203
f 204/209/204 178/183/178 181/186/181 205/210/205
f 176/181/176 191/196/191 205/210/205 181/186/181
f 191/196/191 190/195/190 203/208/203 205/210/205
f 194/199/194 206/211/206 207/212/207 195/200/195
f 206/211/206 208/213/208 209/214/209 207/212/207
f 210/215/210 211/216/211 207/212/207 209/214/209
f 211/216/211 196/201/196 195/200/195 207/212/207
f 208/213/208 212/217/212 213/218/213 209/214/209
f 212/217/212 214/219/214 215/220/215 213/218/213
f 216/221/216 217/222/217 213/218/213 215/220/215
f 217/222/217 210/215/210 209/214/209 213/218/213
f 218/223/218 219/224/219 220/225/220 221/226/221
f 219/224/219 222/227/222 223/228/223 220/225/220
f 210/215/210 217/222/217 220/225/220 223/228/223
f 217/222/217 216/221/216 221/226/221 220/225/220
f 222/227/222 224/229/224 225/230/225 223/228/223
f 224/229/224 198/203/198 201/206/201 225/230/225
f 196/201/196 211/216/211 225/230/225 201/206/201
f 211/216/211 210/215/210 223/228/223 225/230/225
f 214/219/214 226/231/226 227/232/227 215/220/215
f 226/231/226 228/233/228 229/234/229 227/232/227
f 230/235/230 231/236/231 227/232/227 229/234/229
f 231/236/231 216/221/216 215/220/215 227/232/227
f 228/233/228 232/237/232 233/238/233 229/234/229
f 232/237/232 234/239/234 235/240/235 233/238/233
f 236/241/236 237/242/237 233/238/233 235/240/235
f 237/242/237 230/235/230 229/234/229 233/238/233
f 238/243/238 239/244/239 240/245/240 241/246/241
f 239/244/239 242/247/242 243/248/243 240/245/240
f 230/235/230 237/242/237 240/245/240 243/248/243
f 237/242/237 236/241/236 241/246/241 240/245/240
f 242/247/242 244/249/244 245/250/245 243/248/243
f 244/249/244 218/223/218 221/226/221 245/250/245
f 216/221/216 231/236/231 245/250/245 221/226/221
f 231/236/231 230/235/230 243/248/243 245/250/245
f 234/239/234 246/251/246 247/252/247 235/240/235
f 246/251/246 248/253/248 249/254/249 247/252/247
f 250/255/250 251/256/251 247/252/247 249/254/249
f 251/256/251 236/241/236 235/240/235 247/252/247
f 248/253/248 252/257/252 253/258/253 249/254/249
f 252/257/252 254/259/254 255/260/255 253/258/253
f 256/261/256 257/262/257 253/258/253 255/260/255
f 257/262/257 250/255/250 249/254/249 253/258/253
f 258/263/258 259/264/259 260/265/260 261/266/261
f 259/264/259 262/267/262 263/268/263 260/265/260
f 250/255/250 257/262/257 260/265/260 263/268/263
f 257/262/257 256/261/256 261/266/261 260/265/260
f 262/267/262 264/269/264 265/270/265 263/268/263
f 264/269/264 238/243/238 241/246/241 265/270/265
f 236/241/236 251/256/251 265/270/265 241/246/241
f 251/256/251 250/255/250 263/268/263 265/270/265
f 254/259/254 266/271/266 267/272/267 255/260/255
f 266/271/266 268/273/268 269/274/269 267/272/267
f 270/275/270 271/276/271 267/272/267 269/274/269
f 271/276/271 256/261/256 255/260/255 267/272/267
f 268/273/268 272/277/272 273/278/273 269/274/269
f 272/277/272 274/279/274 275/280/275 273/278/273
f 276/281/276 277/282/277 273/278/273 275/280/275
f 277/282/277 270/275/270 269/274/269 273/278/273
f 278/283/278 279/284/279 280/285/280 281/286/281
f 279/284/279 282/287/282 283/288/283 280/285/280
f 270/275/270 277/282/277 280/285/280 283/288/283
f 277/282/277 276/281/276 281/286/281 280/285/280
f 282/287/282 284/289/284 285/290/285 283/288/283
f 284/289/284 258/263/258 261/266/261 285/290/285
f 256/261/256 271/276/271 285/290/285 261/266/261
f 271/276/271 270/275/270 283/288/283 285/290/285
f 274/279/274 286/291/286 287/292/287 275/280/275
f 286/291/286 288/293/288 289/294/289 287/292/287
f 290/295/290 291/296/291 287/292/287 289/294/289
f 291/296/291 276/281/276 275/280/275 287/292/287
f 288/293/288 292/297/292 293/298/293 289/294/289
f 292/297/292 294/299/294 295/300/295 293/298/293
f 296/301/296 297/302/297 293/298/293 295/300/295
f 297/302/297 290/295/290 289/294/289 293/298/293
f 298/303/298 299/304/299 300/305/300 301/306/301
f 299/304/299 302/307/302 303/308/303 300/305/300
f 290/295/290 297/302/297 300/305/300 303/308/303
f 297/302/297 296/301/296 301/306/301 300/305/300
f 302/307/302 304/309/304 305/310/305 303/308/303
f 304/309/304 278/283/278 281/286/281 305/310/305
f 276/281/276 291/296/291 305/310/305 281/286/281
f 291/296/291 290/295/290 303/308/303 305/310/305
f 294/299/294 306/311/306 307/312/307 295/300/295
f 306/311/306 308/313/308 309/314/309 307/312/307
f 310/315/310 311/316/311 307/312/307 309/314/309
f 311/316/311 296/301/296 295/300/295 307/312/307
f 308/313/308 312/317/312 313/318/313 309/314/309
f 312/317/312 1/1/1 4/4/4 313/318/313
f 9/9/9 314/319/314 313/318/313 4/4/4
f 314/319/314 310/315/310 309/314/309 313/318/313
f 24/24/24 315/320/315 316/321/316 25/25/25
f 315/320/315 317/322/317 318/323/318 316/321/316
f 310/315/310 314/319/314 316/321/316 318/323/318
f 314/319/314 9/9/9 25/25/25 316/321/316
f 317/322/317 319/324/319 320/325/320 318/323/318
f 319/324/319 298/303/298 301/306/301 320/325/320
f 296/301/296 311/316/311 320/325/320 301/306/301
f 311/316/311 310/315/310 318/323/318 320/325/320
f 321/326/321 322/327/322 323/328/323 324/329/324
f 322/327/322 325/330/325 326/331/326 323/328/323
f 327/332/327 328/333/328 323/328/323 326/331/326
f 328/333/328 329/334/329 324/329/324 323/328/323
f 325/330/325 330/335/330 331/336/331 326/331/326
f 330/335/330 332/337/332 333/338/333 331/336/331
f 334/339/334 335/340/335 331/336/331 333/338/333
f 335/340/335 327/332/327 326/331/326 331/336/331
f 336/341/336 337/342/337 338/343/338 339/344/339
f 340/345/340 341/346/341 337/342/337 336/341/336
f 327/332/327 335/340/335 342/347/342 343/348/343
f 335/340/335 334/339/334 344/349/344 342/347/342
f 345/350/345 346/351/345 341/346/341 340/345/340
f 347/352/346 348/353/346 346/351/345 345/350/345
f 329/334/329 328/333/328 349/354/347 350/355/348
f 328/333/328 327/332/327 343/348/343 349/354/347
f 332/337/332 351/356/349 352/357/350 333/338/333
f 351/356/349 353/358/351 354/359/352 352/357/350
f 355/360/353 356/361/354 352/357/350 354/359/352
f 356/361/354 334/339/334 333/338/333 352/357/350
f 353/358/351 357/362/355 358/363/356 354/359/352
f 357/362/355 359/364/357 360/365/358 358/363/356
f 361/366/359 362/367/360 358/363/356 360/365/358
f 362/367/360 355/360/353 354/359/352 358/363/356
f 363/368/361 364/369/361 365/370/362 366/371/362
f 367/372/363 368/373/364 364/369/361 363/368/361
f 355/360/353 362/367/360 369/374/365 370/375/366
f 362/367/360 361/366/359 371/376/367 369/374/365
f 372/377/368 373/378/368 368/373/364 367/372/363
f 339/344/339 338/343/338 373/378/368 372/377/368
f 334/339/334 356/361/354 374/379/369 344/349/344
f 356/361/354 355/360/353 370/375/366 374/379/369
f 359/364/357 375/380/370 376/381/371 360/365/358
f 375/380/370 377/382/372 378/383/373 376/381/371
f 379/384/374 380/385/375 376/381/371 378/383/373
f 380/385/375 361/366/359 360/365/358 376/381/371
f 377/382/372 381/386/376 382/387/377 378/383/373
f 381/386/376 383/388/378 384/389/379 382/387/377
f 385/390/380 386/391/381 382/387/377 384/389/379
f 386/391/381 379/384/374 378/383/373 382/387/377
f 387/392/382 388/393/382 389/394/383 390/395/383
f 391/396/384 392/397/385 388/393/382 387/392/382
f 379/384/374 386/391/381 393/398/386 394/399/387
f 386/391/381 385/390/380 395/400/388 393/398/386
f 396/401/389 397/402/389 392/397/385 391/396/384
f 366/371/362 365/370/362 397/402/389 396/401/389
f 361/366/359 380/385/375 398/403/390 371/376/367
f 380/385/375 379/384/374 394/399/387 398/403/390
f 383/388/378 399/404/391 400/405/392 384/389/379
f 399/404/391 401/406/393 402/407/394 400/405/392
f 403/408/395 404/409/396 400/405/392 402/407/394
f 404/409/396 385/390/380 384/389/379 400/405/392
f 401/406/393 405/410/397 406/411/398 402/407/394
f 405/410/397 407/412/399 408/413/400 406/411/398
f 409/414/401 410/415/402 406/411/398 408/413/400
f 410/415/402 403/408/395 402/407/394 406/411/398
f 411/416/403 412/417/403 413/418/404 414/419/404
f 415/420/405 416/421/406 412/417/403 411/416/403
f 403/408/395 410/415/402 417/422/407 418/423/408
f 410/415/402 409/414/401 419/424/409 417/422/407
f 420/425/410 421/426/410 416/421/406 415/420/405
f 390/395/383 389/394/383 421/426/410 420/425/410
f 385/390/380 404/409/396 422/427/411 395/400/388
f 404/409/396 403/408/395 418/423/408 422/427/411
f 407/412/399 423/428/412 424/429/413 408/413/400
f 423/428/412 425/430/414 426/431/415 424/429/413
f 427/432/416 428/433/417 424/429/413 426/431/415
f 428/433/417 409/414/401 408/413/400 424/429/413
f 425/430/414 429/434/418 430/435/419 426/431/415
f 429/434/418 431/436/420 432/437/421 430/435/419
f 433/438/422 434/439/423 430/435/419 432/437/421
f 434/439/423 427/432/416 426/431/415 430/435/419
f 435/440/424 436/441/424 437/442/425 438/443/425
f 439/444/426 440/445/426 436/441/424 435/440/424
f 427/432/416 434/439/423 441/446/427 442/447/428
f 434/439/423 433/438/422 443/448/429 441/446/427
f 444/449/430 445/450/430 440/445/426 439/444/426
f 414/419/404 413/418/404 445/450/430 444/449/430
f 409/414/401 428/433/417 446/451/431 419/424/409
f 428/433/417 427/432/416 442/447/428 446/451/431
f 431/436/420 447/452/432 448/453/433 432/437/421
f 447/452/432 449/454/434 450/455/435 448/453/433
f 451/456/436 452/457/437 448/453/433 450/455/435
f 452/457/437 433/438/422 432/437/421 448/453/433
f 449/454/434 453/458/438 454/459/439 450/455/435
f 453/458/438 455/460/440 456/461/441 454/459/439
f 457/462/442 458/463/443 454/459/439 456/461/441
f 458/463/443 451/456/436 450/455/435 454/459/439
f 459/464/444 460/465/444 461/466/445 462/467/445
f 463/468/446 464/469/446 460/465/444 459/464/444
f 451/456/436 458/463/443 465/470/447 466/471/448
f 458/463/443 457/462/442 467/472/449 465/470/447
f 468/473/450 469/474/450 464/469/446 463/468/446
f 438/443/425 437/442/425 469/474/450 468/473/450
f 433/438/422 452/457/437 470/475/451 443/448/429
f 452/457/437 451/456/436 466/471/448 470/475/451
f 455/460/440 471/476/452 472/477/453 456/461/441
f 471/476/452 473/478/454 474/479/455 472/477/453
f 475/480/456 476/481/457 472/477/453 474/479/455
f 476/481/457 457/462/442 456/461/441 472/477/453
f 473/478/454 477/482/458 478/483/459 474/479/455
f 477/482/458 479/484/460 480/485/461 478/483/459
f 481/486/462 482/487/463 478/483/459 480/485/461
f 482/487/463 475/480/456 474/479/455 478/483/459
f 483/488/464 484/489/464 485/490/465 486/491/465
f 487/492/466 488/493/467 484/489/464 483/488/464
f 475/480/456 482/487/463 489/494/468 490/495/469
f 482/487/463 481/486/462 491/496/470 489/494/468
f 492/497/471 493/498/471 488/493/467 487/492/466
f 462/467/445 461/466/445 493/498/471 492/497/471
f 457/462/442 476/481/457 494/499/472 467/472/449
f 476/481/457 475/480/456 490/495/469 494/499/472
f 479/484/460 495/500/473 496/501/474 480/485/461
f 495/500/473 497/502/475 498/503/476 496/501/474
f 499/504/477 500/505/478 496/501/474 498/503/476
f 500/505/478 481/486/462 480/485/461 496/501/474
f 497/502/475 501/506/479 502/507/480 498/503/476
f 501/506/479 503/508/481 504/509/482 502/507/480
f 505/510/483 506/511/484 502/507/480 504/509/482
f 506/511/484 499/504/477 498/503/476 502/507/480
f 507/512/485 508/513/485 509/514/486 510/515/486
f 511/516/487 512/517/488 508/513/485 507/512/485
f 499/504/477 506/511/484 513/518/489 514/519/490
f 506/511/484 505/510/483 515/520/491 513/518/489
f 516/521/492 517/522/493 512/517/488 511/516/487
f 486/491/465 485/490/465 517/522/493 516/521/492
f 481/486/462 500/505/478 518/523/494 491/496/470
f 500/505/478 499/504/477 514/519/490 518/523/494
f 503/508/481 519/524/495 520/525/496 504/509/482
f 519/524/495 521/526/497 522/527/498 520/525/496
f 523/528/499 524/529/500 520/525/496 522/527/498
f 524/529/500 505/510/483 504/509/482 520/525/496
f 521/526/497 525/530/501 526/531/502 522/527/498
f 525/530/501 527/532/503 528/533/504 526/531/502
f 529/534/505 530/535/506 526/531/502 528/533/504
f 530/535/506 523/528/499 522/527/498 526/531/502
f 531/536/507 532/537/507 533/538/508 534/539/508
f 535/540/509 536/541/510 532/537/507 531/536/507
f 523/528/499 530/535/506 537/542/511 538/543/512
f 530/535/506 529/534/505 539/544/513 537/542/511
f 540/545/514 541/546/514 536/541/510 535/540/509
f 510/515/486 509/514/486 541/546/514 540/545/514
f 505/510/483 524/529/500 542/547/515 515/520/491
f 524/529/500 523/528/499 538/543/512 542/547/515
f 527/532/503 543/548/516 544/549/517 528/533/504
f 543/548/516 545/550/518 546/551/519 544/549/517
f 547/552/520 548/553/521 544/549/517 546/551/519
f 548/553/521 529/534/505 528/533/504 544/549/517
f 545/550/518 549/554/522 550/555/523 546/551/519
f 549/554/522 551/556/524 552/557/525 550/555/523
f 553/558/526 554/559/527 550/555/523 552/557/525
f 554/559/527 547/552/520 546/551/519 550/555/523
f 555/560/528 556/561/528 557/562/529 558/563/529
f 559/564/530 560/565/530 556/561/528 555/560/528
f 547/552/520 554/559/527 561/566/531 562/567/532
f 554/559/527 553/558/526 563/568/533 561/566/531
f 564/569/534 565/570/534 560/565/530 559/564/530
f 534/539/508 533/538/508 565/570/534 564/569/534
f 529/534/505 548/553/521 566/571/535 539/544/513
f 548/553/521 547/552/520 562/567/532 566/571/535
f 551/556/524 567/572/536 568/573/537 552/557/525
f 567/572/536 569/574/538 570/575/539 568/573/537
f 571/576/540 572/577/541 568/573/537 570/575/539
f 572/577/541 553/558/526 552/557/525 568/573/537
f 569/574/538 573/578/542 574/579/543 570/575/539
f 573/578/542 575/580/544 576/581/545 574/579/543
f 577/582/546 578/583/547 574/579/543 576/581/545
f 578/583/547 571/576/540 570/575/539 574/579/543
f 579/584/548 580/585/548 581/586/549 582/587/549
f 583/588/550 584/589/551 580/585/548 579/584/548
f 571/576/540 578/583/547 585/590/552 586/591/553
f 578/583/547 577/582/546 587/592/554 585/590/552
f 588/593/555 589/594/555 584/589/551 583/588/550
f 558/563/529 557/562/529 589/594/555 588/593/555
f 553/558/526 572/577/541 590/595/556 563/568/533
f 572/577/541 571/576/540 586/591/553 590/595/556
f 575/580/544 591/596/557 592/597/558 576/581/545
f 591/596/557 593/598/559 594/599/560 592/597/558
f 595/600/561 596/601/562 592/597/558 594/599/560
f 596/601/562 577/582/546 576/581/545 592/597/558
f 593/598/559 597/602/563 598/603/564 594/599/560
f 597/602/563 599/604/565 600/605/566 598/603/564
f 601/606/567 602/607/568 598/603/564 600/605/566
f 602/607/568 595/600/561 594/599/560 598/603/564
f 603/608/569 604/609/569 605/610/570 606/611/570
f 607/612/571 608/613/572 604/609/569 603/608/569
f 595/600/561 602/607/568 609/614/573 610/615/574
f 602/607/568 601/606/567 611/616/575 609/614/573
f 612/617/576 613/618/576 608/613/572 607/612/571
f 582/587/549 581/586/549 613/618/576 612/617/576
f 577/582/546 596/601/562 614/619/577 587/592/554
f 596/601/562 595/600/561 610/615/574 614/619/577
f 599/604/565 615/620/578 616/621/579 600/605/566
f 615/620/578 617/622/580 618/623/581 616/621/579
f 619/624/582 620/625/583 616/621/579 618/623/581
f 620/625/583 601/606/567 600/605/566 616/621/579
f 617/622/580 621/626/584 622/627/585 618/623/581
f 621/626/584 623/628/586 624/629/587 622/627/585
f 625/630/588 626/631/589 622/627/585 624/629/587
f 626/631/589 619/624/582 618/623/581 622/627/585
f 627/632/590 628/633/590 629/634/591 630/635/591
f 631/636/592 632/637/593 628/633/590 627/632/590
f 619/624/582 626/631/589 633/638/594 634/639/595
f 626/631/589 625/630/588 635/640/596 633/638/594
f 636/641/597 637/642/597 632/637/593 631/636/592
f 606/611/570 605/610/570 637/642/597 636/641/597
f 601/606/567 620/625/583 638/643/598 611/616/575
f 620/625/583 619/624/582 634/639/595 638/643/598
f 623/628/586 639/644/599 640/645/600 624/629/587
f 639/644/599 641/646/601 642/647/602 640/645/600
f 643/648/603 644/649/604 640/645/600 642/647/602
f 644/649/604 625/630/588 624/629/587 640/645/600
f 641/646/601 645/650/605 646/651/606 642/647/602
f 645/650/605 647/652/607 648/653/608 646/651/606
f 649/654/609 650/655/610 646/651/606 648/653/608
f 650/655/610 643/648/603 642/647/602 646/651/606
f 651/656/611 652/657/611 653/658/612 654/659/612
f 655/660/613 656/661/614 652/657/611 651/656/611
f 643/648/603 650/655/610 657/662/615 658/663/616
f 650/655/610 649/654/609 659/664/617 657/662/615
f 660/665/618 661/666/618 656/661/614 655/660/613
f 630/635/591 629/634/591 661/666/618 660/665/618
f 625/630/588 644/649/604 662/667/619 635/640/596
f 644/649/604 643/648/603 658/663/616 662/667/619
f 647/652/607 663/668/620 664/669/621 648/653/608
f 663/668/620 665/670/622 666/671/623 664/669/621
f 667/672/624 668/673/625 664/669/621 666/671/623
f 668/673/625 649/654/609 648/653/608 664/669/621
f 665/670/622 669/674/626 670/675/627 666/671/623
f 669/674/626 671/676/628 672/677/629 670/675/627
f 673/678/630 674/679/631 670/675/627 672/677/629
f 674/679/631 667/672/624 666/671/623 670/675/627
f 675/680/632 676/681/632 677/682/633 678/683/634
f 679/684/635 680/685/636 676/681/632 675/680/632
f 667/672/624 674/679/631 681/686/637 682/687/638
f 674/679/631 673/678/630 683/688/639 681/686/637
f 684/689/640 685/690/640 680/685/636 679/684/635
f 654/659/612 653/658/612 685/690/640 684/689/640
f 649/654/609 668/673/625 686/691/641 659/664/617
f 668/673/625 667/672/624 682/687/638 686/691/641
f 671/676/628 687/692/642 688/693/643 672/677/629
f 687/692/642 689/694/644 690/695/645 688/693/643
f 691/696/646 692/697/647 688/693/643 690/695/645
f 692/697/647 673/678/630 672/677/629 688/693/643
f 689/694/644 693/698/648 694/699/649 690/695/645
f 693/698/648 321/326/321 324/329/324 694/699/649
f 329/334/329 695/700/650 694/699/649 324/329/324
f 695/700/650 691/696/646 690/695/645 694/699/649
f 696/701/651 697/702/651 348/353/346 347/352/346
f 698/703/652 699/704/653 697/702/651 696/701/651
f 691/696/646 695/700/650 700/705/654 701/706/655
f 695/700/650 329/334/329 350/355/348 700/705/654
f 702/707/656 703/708/657 699/704/653 698/703/652
f 678/683/658 677/682/633 703/708/657 702/707/656
f 673/678/630 692/697/647 704/709/659 683/688/639
f 692/697/647 691/696/646 701/706/655 704/709/659
f 705/710/660 706/711/661 707/712/662 708/713/663
f 706/711/661 709/714/664 710/715/665 707/712/662
f 709/714/664 711/716/666 712/717/667 710/715/665
f 711/716/666 713/718/668 714/719/669 712/717/667
f 715/720/670 716/721/671 712/717/667 714/719/669
f 716/721/671 717/722/672 710/715/665 712/717/667
f 717/722/672 718/723/673 707/712/662 710/715/665
f 718/723/673 719/724/674 708/713/663 707/712/662
f 713/718/668 720/725/675 721/726/676 714/719/669
f 720/725/675 722/727/677 723/728/678 721/726/676
f 722/727/677 724/729/679 725/730/680 723/728/678
f 724/729/679 726/731/681 727/732/682 725/730/680
f 728/733/683 729/734/684 725/730/680 727/732/682
f 729/734/684 730/735/685 723/728/678 725/730/680
f 730/735/685 731/736/686 721/726/676 723/728/678
f 731/736/686 715/720/670 714/719/669 721/726/676
f 726/731/681 732/737/687 733/738/688 727/732/682
f 732/737/687 734/739/689 735/740/690 733/738/688
f 734/739/689 736/741/691 737/742/692 735/740/690
f 736/741/691 738/743/693 739/744/694 737/742/692
f 740/745/695 741/746/696 737/742/692 739/744/694
f 741/746/696 742/747/697 735/740/690 737/742/692
f 742/747/697 743/748/698 733/738/688 735/740/690
f 743/748/698 728/733/683 727/732/682 733/738/688
f 738/743/693 744/749/699 745/750/700 739/744/694
f 744/749/699 746/751/701 747/752/702 745/750/700
f 746/751/701 748/753/703 749/754/704 747/752/702
f 748/753/703 750/755/705 751/756/706 749/754/704
f 752/757/707 753/758/708 749/754/704 751/756/706
f 753/758/708 754/759/709 747/752/702 749/754/704
f 754/759/709 755/760/710 745/750/700 747/752/702
f 755/760/710 740/745/695 739/744/694 745/750/700
f 750/755/705 756/761/711 757/762/712 751/756/706
f 756/761/711 758/763/713 759/764/714 757/762/712
f 758/763/713 760/765/715 761/766/716 759/764/714
f 760/765/715 762/767/717 763/768/718 761/766/716
f 764/769/719 765/770/720 761/766/716 763/768/718
f 765/770/720 766/771/721 759/764/714 761/766/716
f 766/771/721 767/772/722 757/762/712 759/764/714
f 767/772/722 752/757/707 751/756/706 757/762/712
f 762/767/717 768/773/723 769/774/724 763/768/718
f 768/773/723 770/775/725 771/776/726 769/774/724
f 770/775/725 772/777/727 773/778/728 771/776/726
f 772/777/727 774/779/729 775/780/730 773/778/728
f 776/781/731 777/782/732 773/778/728 775/780/730
f 777/782/732 778/783/733 771/776/726 773/778/728
f 778/783/733 779/784/734 769/774/724 771/776/726
f 779/784/734 764/769/719 763/768/718 769/774/724
f 774/779/729 780/785/735 781/786/736 775/780/730
f 780/785/735 782/787/737 783/788/738 781/786/736
f 782/787/737 784/789/739 785/790/740 783/788/738
f 784/789/739 786/791/741 787/792/742 785/790/740
f 788/793/743 789/794/744 785/790/740 787/792/742
f 789/794/744 790/795/745 783/788/738 785/790/740
f 790/795/745 791/796/746 781/786/736 783/788/738
f 791/796/746 776/781/731 775/780/730 781/786/736
f 786/791/741 792/797/747 793/798/748 787/792/742
f 792/797/747 794/799/749 795/800/750 793/798/748
f 794/799/749 796/801/751 797/802/752 795/800/750
f 796/801/751 798/803/753 799/804/754 797/802/752
f 800/805/755 801/806/756 797/802/752 799/804/754
f 801/806/756 802/807/757 795/800/750 797/802/752
f 802/807/757 803/808/758 793/798/748 795/800/750
f 803/808/758 788/793/743 787/792/742 793/798/748
f 798/803/753 804/809/759 805/810/760 799/804/754
f 804/809/759 806/811/761 807/812/762 805/810/760
f 806/811/761 808/813/763 809/814/764 807/812/762
f 808/813/763 810/815/765 811/816/766 809/814/764
f 812/817/767 813/818/768 809/814/764 811/816/766
f 813/818/768 814/819/769 807/812/762 809/814/764
f 814/819/769 815/820/770 805/810/760 807/812/762
f 815/820/770 800/805/755 799/804/754 805/810/760
f 810/815/765 816/821/771 817/822/772 811/816/766
f 816/821/771 818/823/773 819/824/774 817/822/772
f 818/823/773 820/825/775 821/826/776 819/824/774
f 820/825/775 822/827/777 823/828/778 821/826/776
f 824/829/779 825/830/780 821/826/776 823/828/778
f 825/830/780 826/831/781 819/824/774 821/826/776
f 826/831/781 827/832/782 817/822/772 819/824/774
f 827/832/782 812/817/767 811/816/766 817/822/772
f 822/827/777 828/833/783 829/834/784 823/828/778
f 828/833/783 830/835/785 831/836/786 829/834/784
f 830/835/785 832/837/787 833/838/788 831/836/786
f 832/837/787 834/839/789 835/840/790 833/838/788
f 836/841/791 837/842/792 833/838/788 835/840/790
f 837/842/792 838/843/793 831/836/786 833/838/788
f 838/843/793 839/844/794 829/834/784 831/836/786
f 839/844/794 824/829/779 823/828/778 829/834/784
f 834/839/789 840/845/795 841/846/796 835/840/790
f 840/845/795 842/847/797 843/848/798 841/846/796
f 842/847/797 844/849/799 845/850/800 843/848/798
f 844/849/799 846/851/801 847/852/802 845/850/800
f 848/853/803 849/854/804 845/850/800 847/852/802
f 849/854/804 850/855/805 843/848/798 845/850/800
f 850/855/805 851/856/806 841/846/796 843/848/798
f 851/856/806 836/841/791 835/840/790 841/846/796
f 846/851/801 852/857/807 853/858/808 847/852/802
f 852/857/807 854/859/809 855/860/810 853/858/808
f 854/859/809 856/861/811 857/862/812 855/860/810
f 856/861/811 858/863/813 859/864/814 857/862/812
f 860/865/815 861/866/816 857/862/812 859/864/814
f 861/866/816 862/867/817 855/860/810 857/862/812
f 862/867/817 863/868/818 853/858/808 855/860/810
f 863/868/818 848/853/803 847/852/802 853/858/808
f 858/863/813 864/869/819 865/870/820 859/864/814
f 864/869/819 866/871/821 867/872/822 865/870/820
f 866/871/821 868/873/823 869/874/824 867/872/822
f 868/873/823 870/875/825 871/876/826 869/874/824
f 872/877/827 873/878/828 869/874/824 871/876/826
f 873/878/828 874/879/829 867/872/822 869/874/824
f 874/879/829 875/880/830 865/870/820 867/872/822
f 875/880/830 860/865/815 859/864/814 865/870/820
f 870/875/825 876/881/831 877/882/832 871/876/826
f 876/881/831 878/883/833 879/884/834 877/882/832
f 878/883/833 880/885/835 881/886/836 879/884/834
f 880/885/835 882/887/837 883/888/838 881/886/836
f 884/889/839 885/890/840 881/886/836 883/888/838
f 885/890/840 886/891/841 879/884/834 881/886/836
f 886/891/841 887/892/842 877/882/832 879/884/834
f 887/892/842 872/877/827 871/876/826 877/882/832
f 882/887/837 888/893/843 889/894/844 883/888/838
f 888/893/843 890/895/845 891/896/846 889/894/844
f 890/895/845 892/897/847 893/898/848 891/896/846
f 892/897/847 705/710/660 708/713/663 893/898/848
f 719/724/674 894/899/849 893/898/848 708/713/663
f 894/899/849 895/900/850 891/896/846 893/898/848
f 895/900/850 896/901/851 889/894/844 891/896/846
f 896/901/851 884/889/839 883/888/838 889/894/844
f 897/902/852 898/903/853 899/904/854 900/905/855
f 898/903/853 901/906/856 902/907/857 899/904/854
f 903/908/858 904/909/859 899/904/854 902/907/857
f 904/909/859 905/910/860 900/905/855 899/904/854
f 901/906/856 906/911/861 907/912/862 902/907/857
f 906/911/861 908/913/863 909/914/864 907/912/862
f 910/915/865 911/916/866 907/912/862 909/914/864
f 911/916/866 903/908/858 902/907/857 907/912/862
f 912/917/867 913/918/868 911/916/866 910/915/865
f 913/918/868 914/919/869 903/908/858 911/916/866
f 914/919/869 915/920/870 904/909/859 903/908/858
f 915/920/870 916/921/871 905/910/860 904/909/859
f 908/913/863 917/922/872 918/923/873 909/914/864
f 917/922/872 919/924/874 920/925/875 918/923/873
f 921/926/876 922/927/877 918/923/873 920/925/875
f 922/927/877 910/915/865 909/914/864 918/923/873
f 919/924/874 923/928/878 924/929/879 920/925/875
f 923/928/878 925/930/880 926/931/881 924/929/879
f 927/932/882 928/933/883 924/929/879 926/931/881
f 928/933/883 921/926/876 920/925/875 924/929/879
f 929/934/884 930/935/885 928/933/883 927/932/882
f 930/935/885 931/936/886 921/926/876 928/933/883
f 931/936/886 932/937/887 922/927/877 921/926/876
f 932/937/887 912/917/867 910/915/865 922/927/877
f 925/930/880 933/938/888 934/939/889 926/931/881
f 933/938/888 935/940/890 936/941/891 934/939/889
f 937/942/892 938/943/893 934/939/889 936/941/891
f 938/943/893 927/932/882 926/931/881 934/939/889
f 935/940/890 939/944/894 940/945/895 936/941/891
f 939/944/894 941/946/896 942/947/897 940/945/895
f 943/948/898 944/949/899 940/945/895 942/947/897
f 944/949/899 937/942/892 936/941/891 940/945/895
f 945/950/900 946/951/901 944/949/899 943/948/898
f 946/951/901 947/952/902 937/942/892 944/949/899
f 947/952/902 948/953/903 938/943/893 937/942/892
f 948/953/903 929/934/884 927/932/882 938/943/893
f 941/946/896 949/954/904 950/955/905 942/947/897
f 949/954/904 951/956/906 952/957/907 950/955/905
f 953/958/908 954/959/909 950/955/905 952/957/907
f 954/959/909 943/948/898 942/947/897 950/955/905
f 951/956/906 955/960/910 956/961/911 952/957/907
f 955/960/910 957/962/912 958/963/913 956/961/911
f 959/964/914 960/965/915 956/961/911 958/963/913
f 960/965/915 953/958/908 952/957/907 956/961/911
f 961/966/916 962/967/917 960/965/915 959/964/914
f 962/967/917 963/968/918 953/958/908 960/965/915
f 963/968/918 964/969/919 954/959/909 953/958/908
f 964/969/919 945/950/900 943/948/898 954/959/909
f 957/962/912 965/970/920 966/971/921 958/963/913
f 965/970/920 967/972/922 968/973/923 966/971/921
f 969/974/924 970/975/925 966/971/921 968/973/923
f 970/975/925 959/964/914 958/963/913 966/971/921
f 967/972/922 971/976/926 972/977/927 968/973/923
f 971/976/926 973/978/928 974/979/929 972/977/927
f 975/980/930 976/981/931 972/977/927 974/979/929
f 976/981/931 969/974/924 968/973/923 972/977/927
f 977/982/932 978/983/933 976/981/931 975/980/930
f 978/983/933 979/984/934 969/974/924 976/981/931
f 979/984/934 980/985/935 970/975/925 969/974/924
f 980/985/935 961/966/916 959/964/914 970/975/925
f 973/978/928 981/986/936 982/987/937 974/979/929
f 981/986/936 983/988/938 984/989/939 982/987/937
f 985/990/940 986/991/941 982/987/937 984/989/939
f 986/991/941 975/980/930 974/979/929 982/987/937
f 983/988/938 987/992/942 988/993/943 984/989/939
f 987/992/942 989/994/944 990/995/945 988/993/943
f 991/996/946 992/997/947 988/993/943 990/995/945
f 992/997/947 985/990/940 984/989/939 988/993/943
f 993/998/948 994/999/949 992/997/947 991/996/946
f 994/999/949 995/1000/950 985/990/940 992/997/947
f 995/1000/950 996/1001/951 986/991/941 985/990/940
f 996/1001/951 977/982/932 975/980/930 986/991/941
f 989/994/944 997/1002/952 998/1003/953 990/995/945
f 997/1002/952 999/1004/954 1000/1005/955 998/1003/953
f 1001/1006/956 1002/1007/957 998/1003/953 1000/1005/955
f 1002/1007/957 991/996/946 990/995/945 998/1003/953
f 999/1004/954 1003/1008/958 1004/1009/959 1000/1005/955
f 1003/1008/958 1005/1010/960 1006/1011/961 1004/1009/959
f 1007/1012/962 1008/1013/963 1004/1009/959 1006/1011/961
f 1008/1013/963 1001/1006/956 1000/1005/955 1004/1009/959
f 1009/1014/964 1010/1015/965 1008/1013/963 1007/1012/962
f 1010/1015/965 1011/1016/966 1001/1006/956 1008/1013/963
f 1011/1016/966 1012/1017/967 1002/1007/957 1001/1006/956
f 1012/1017/967 993/998/948 991/996/946 1002/1007/957
f 1005/1010/960 1013/1018/968 1014/1019/969 1006/1011/961
f 1013/1018/968 1015/1020/970 1016/1021/971 1014/1019/969
f 1017/1022/972 1018/1023/973 1014/1019/969 1016/1021/971
f 1018/1023/973 1007/1012/962 1006/1011/961 1014/1019/969
f 1015/1020/970 1019/1024/974 1020/1025/975 1016/1021/971
f 1019/1024/974 1021/1026/976 1022/1027/977 1020/1025/975
f 1023/1028/978 1024/1029/979 1020/1025/975 1022/1027/977
f 1024/1029/979 1017/1022/972 1016/1021/971 1020/1025/975
f 1025/1030/980 1026/1031/981 1024/1029/979 1023/1028/978
f 1026/1031/981 1027/1032/982 1017/1022/972 1024/1029/979
f 1027/1032/982 1028/1033/983 1018/1023/973 1017/1022/972
f 1028/1033/983 1009/1014/964 1007/1012/962 1018/1023/973
f 1021/1026/976 1029/1034/984 1030/1035/985 1022/1027/977
f 1029/1034/984 1031/1036/986 1032/1037/987 1030/1035/985
f 1033/1038/988 1034/1039/989 1030/1035/985 1032/1037/987
f 1034/1039/989 1023/1028/978 1022/1027/977 1030/1035/985
f 1031/1036/986 1035/1040/990 1036/1041/991 1032/1037/987
f 1035/1040/990 1037/1042/992 1038/1043/993 1036/1041/991
f 1039/1044/994 1040/1045/995 1036/1041/991 1038/1043/993
f 1040/1045/995 1033/1038/988 1032/1037/987 1036/1041/991
f 1041/1046/996 1042/1047/997 1040/1045/995 1039/1044/994
f 1042/1047/997 1043/1048/998 1033/1038/988 1040/1045/995
f 1043/1048/998 1044/1049/999 1034/1039/989 1033/1038/988
f 1044/1049/999 1025/1030/980 1023/1028/978 1034/1039/989
f 1037/1042/992 1045/1050/1000 1046/1051/1001 1038/1043/993
f 1045/1050/1000 1047/1052/1002 1048/1053/1003 1046/1051/1001
f 1049/1054/1004 1050/1055/1005 1046/1051/1001 1048/1053/1003
f 1050/1055/1005 1039/1044/994 1038/1043/993 1046/1051/1001
f 1047/1052/1002 1051/1056/1006 1052/1057/1007 1048/1053/1003
f 1051/1056/1006 1053/1058/1008 1054/1059/1009 1052/1057/1007
f 1055/1060/1010 1056/1061/1011 1052/1057/1007 1054/1059/1009
f 1056/1061/1011 1049/1054/1004 1048/1053/1003 1052/1057/1007
f 1057/1062/1012 1058/1063/1013 1056/1061/1011 1055/1060/1010
f 1058/1063/1013 1059/1064/1014 1049/1054/1004 1056/1061/1011
f 1059/1064/1014 1060/1065/1015 1050/1055/1005 1049/1054/1004
f 1060/1065/1015 1041/1046/996 1039/1044/994 1050/1055/1005
f 1053/1058/1008 1061/1066/1016 1062/1067/1017 1054/1059/1009
f 1061/1066/1016 1063/1068/1018 1064/1069/1019 1062/1067/1017
f 1065/1070/1020 1066/1071/1021 1062/1067/1017 1064/1069/1019
f 1066/1071/1021 1055/1060/1010 1054/1059/1009 1062/1067/1017
f 1063/1068/1018 1067/1072/1022 1068/1073/1023 1064/1069/1019
f 1067/1072/1022 1069/1074/1024 1070/1075/1025 1068/1073/1023
f 1071/1076/1026 1072/1077/1027 1068/1073/1023 1070/1075/1025
f 1072/1077/1027 1065/1070/1020 1064/1069/1019 1068/1073/1023
f 1073/1078/1028 1074/1079/1029 1072/1077/1027 1071/1076/1026
f 1074/1079/1029 1075/1080/1030 1065/1070/1020 1072/1077/1027
f 1075/1080/1030 1076/1081/1031 1066/1071/1021 1065/1070/1020
f 1076/1081/1031 1057/1062/1012 1055/1060/1010 1066/1071/1021
f 1069/1074/1024 1077/1082/1032 1078/1083/1033 1070/1075/1025
f 1077/1082/1032 1079/1084/1034 1080/1085/1035 1078/1083/1033
f 1081/1086/1036 1082/1087/1037 1078/1083/1033 1080/1085/1035
f 1082/1087/1037 1071/1076/1026 1070/1075/1025 1078/1083/1033
f 1079/1084/1034 1083/1088/1038 1084/1089/1039 1080/1085/1035
f 1083/1088/1038 1085/1090/1040 1086/1091/1041 1084/1089/1039
f 1087/1092/1042 1088/1093/1043 1084/1089/1039 1086/1091/1041
f 1088/1093/1043 1081/1086/1036 1080/1085/1035 1084/1089/1039
f 1089/1094/1044 1090/1095/1045 1088/1093/1043 1087/1092/1042
f 1090/1095/1045 1091/1096/1046 1081/1086/1036 1088/1093/1043
f 1091/1096/1046 1092/1097/1047 1082/1087/1037 1081/1086/1036
f 1092/1097/1047 1073/1078/1028 1071/1076/1026 1082/1087/1037
f 1085/1090/1040 1093/1098/1048 1094/1099/1049 1086/1091/1041
f 1093/1098/1048 1095/1100/1050 1096/1101/1051 1094/1099/1049
f 1097/1102/1052 1098/1103/1053 1094/1099/1049 1096/1101/1051
f 1098/1103/1053 1087/1092/1042 1086/1091/1041 1094/1099/1049
f 1095/1100/1050 1099/1104/1054 1100/1105/1055 1096/1101/1051
f 1099/1104/1054 1101/1106/1056 1102/1107/1057 1100/1105/1055
f 1103/1108/1058 1104/1109/1059 1100/1105/1055 1102/1107/1057
f 1104/1109/1059 1097/1102/1052 1096/1101/1051 1100/1105/1055
f 1105/1110/1060 1106/1111/1061 1104/1109/1059 1103/1108/1058
f 1106/1111/1061 1107/1112/1062 1097/1102/1052 1104/1109/1059
f 1107/1112/1062 1108/1113/1063 1098/1103/1053 1097/1102/1052
f 1108/1113/1063 1089/1094/1044 1087/1092/1042 1098/1103/1053
f 1101/1106/1056 1109/1114/1064 1110/1115/1065 1102/1107/1057
f 1109/1114/1064 1111/1116/1066 1112/1117/1067 1110/1115/1065
f 1113/1118/1068 1114/1119/1069 1110/1115/1065 1112/1117/1067
f 1114/1119/1069 1103/1108/1058 1102/1107/1057 1110/1115/1065
f 1111/1116/1066 1115/1120/1070 1116/1121/1071 1112/1117/1067
f 1115/1120/1070 1117/1122/1072 1118/1123/1073 1116/1121/1071
f 1119/1124/1074 1120/1125/1075 1116/1121/1071 1118/1123/1073
f 1120/1125/1075 1113/1118/1068 1112/1117/1067 1116/1121/1071
f 1121/1126/1076 1122/1127/1077 1120/1125/1075 1119/1124/1074
f 1122/1127/1077 1123/1128/1078 1113/1118/1068 1120/1125/1075
f 1123/1128/1078 1124/1129/1079 1114/1119/1069 1113/1118/1068
f 1124/1129/1079 1105/1110/1060 1103/1108/1058 1114/1119/1069
f 1117/1122/1072 1125/1130/1080 1126/1131/1081 1118/1123/1073
f 1125/1130/1080 1127/1132/1082 1128/1133/1083 1126/1131/1081
f 1129/1134/1084 1130/1135/1085 1126/1131/1081 1128/1133/1083
f 1130/1135/1085 1119/1124/1074 1118/1123/1073 1126/1131/1081
f 1127/1132/1082 1131/1136/1086 1132/1137/1087 1128/1133/1083
f 1131/1136/1086 1133/1138/1088 1134/1139/1089 1132/1137/1087
f 1135/1140/1090 1136/1141/1091 1132/1137/1087 1134/1139/1089
f 1136/1141/1091 1129/1134/1084 1128/1133/1083 1132/1137/1087
f 1137/1142/1092 1138/1143/1093 1136/1141/1091 1135/1140/1090
f 1138/1143/1093 1139/1144/1094 1129/1134/1084 1136/1141/1091
f 1139/1144/1094 1140/1145/1095 1130/1135/1085 1129/1134/1084
f 1140/1145/1095 1121/1126/1076 1119/1124/1074 1130/1135/1085
f 1133/1138/1088 1141/1146/1096 1142/1147/1097 1134/1139/1089
f 1141/1146/1096 1143/1148/1098 1144/1149/1099 1142/1147/1097
f 1145/1150/1100 1146/1151/1101 1142/1147/1097 1144/1149/1099
f 1146/1151/1101 1135/1140/1090 1134/1139/1089 1142/1147/1097
f 1143/1148/1098 1147/1152/1102 1148/1153/1103 1144/1149/1099
f 1147/1152/1102 897/902/852 900/905/855 1148/1153/1103
f 905/910/860 1149/1154/1104 1148/1153/1103 900/905/855
f 1149/1154/1104 1145/1150/1100 1144/1149/1099 1148/1153/1103
f 916/921/871 1150/1155/1105 1149/1154/1104 905/910/860
f 1150/1155/1105 1151/1156/1106 1145/1150/1100 1149/1154/1104
f 1151/1156/1106 1152/1157/1107 1146/1151/1101 1145/1150/1100
f 1152/1157/1107 1137/1142/1092 1135/1140/1090 1146/1151/1101
f 12/1158/12 10/1159/10 1153/1160/1108 1154/1161/1109
f 10/1159/10 5/1162/5 1155/1163/1110 1153/1160/1108
f 1156/1164/1111 1157/1165/1112 1153/1160/1108 1155/1163/1110
f 1157/1165/1112 1158/1166/1113 1154/1161/1109 1153/1160/1108
f 5/1162/5 2/1167/2 1159/1168/1114 1155/1163/1110
f 2/1167/2 1/1169/1 1160/1170/1115 1159/1168/1114
f 1161/1171/1116 1162/1172/1117 1159/1168/1114 1160/1170/1115
f 1162/1172/1117 1156/1164/1111 1155/1163/1110 1159/1168/1114
f 1163/1173/1118 1164/1174/1119 1162/1172/1117 1161/1171/1116
f 1164/1174/1119 1165/1175/1120 1156/1164/1111 1162/1172/1117
f 1166/1176/1121 1158/1166/1113 1157/1165/1112 1167/1177/1122
f 1156/1164/1111 1165/1175/1120 1167/1177/1122 1157/1165/1112
f 34/1178/34 32/1179/32 1168/1180/1123 1169/1181/1124
f 32/1179/32 28/1182/28 1170/1183/1125 1168/1180/1123
f 1171/1184/1126 1172/1185/1127 1168/1180/1123 1170/1183/1125
f 1172/1185/1127 1173/1186/1128 1169/1181/1124 1168/1180/1123
f 28/1182/28 26/1187/26 1174/1188/1129 1170/1183/1125
f 26/1187/26 12/1158/12 1154/1161/1109 1174/1188/1129
f 1158/1166/1113 1175/1189/1130 1174/1188/1129 1154/1161/1109
f 1175/1189/1130 1171/1184/1126 1170/1183/1125 1174/1188/1129
f 1166/1176/1121 1176/1190/1131 1175/1189/1130 1158/1166/1113
f 1176/1190/1131 1177/1191/1132 1171/1184/1126 1175/1189/1130
f 1178/1192/1133 1173/1186/1128 1172/1185/1127 1179/1193/1134
f 1171/1184/1126 1177/1191/1132 1179/1193/1134 1172/1185/1127
f 54/1194/54 52/1195/52 1180/1196/1135 1181/1197/1136
f 52/1195/52 48/1198/48 1182/1199/1137 1180/1196/1135
f 1183/1200/1138 1184/1201/1139 1180/1196/1135 1182/1199/1137
f 1184/1201/1139 1185/1202/1140 1181/1197/1136 1180/1196/1135
f 48/1198/48 46/1203/46 1186/1204/1141 1182/1199/1137
f 46/1203/46 34/1178/34 1169/1181/1124 1186/1204/1141
f 1173/1186/1128 1187/1205/1142 1186/1204/1141 1169/1181/1124
f 1187/1205/1142 1183/1200/1138 1182/1199/1137 1186/1204/1141
f 1178/1192/1133 1188/1206/1143 1187/1205/1142 1173/1186/1128
f 1188/1206/1143 1189/1207/1144 1183/1200/1138 1187/1205/1142
f 1190/1208/1145 1185/1202/1140 1184/1201/1139 1191/1209/1146
f 1183/1200/1138 1189/1207/1144 1191/1209/1146 1184/1201/1139
f 74/1210/74 72/1211/72 1192/1212/1147 1193/1213/1148
f 72/1211/72 68/1214/68 1194/1215/1149 1192/1212/1147
f 1195/1216/1150 1196/1217/1151 1192/1212/1147 1194/1215/1149
f 1196/1217/1151 1197/1218/1152 1193/1213/1148 1192/1212/1147
f 68/1214/68 66/1219/66 1198/1220/1153 1194/1215/1149
f 66/1219/66 54/1194/54 1181/1197/1136 1198/1220/1153
f 1185/1202/1140 1199/1221/1154 1198/1220/1153 1181/1197/1136
f 1199/1221/1154 1195/1216/1150 1194/1215/1149 1198/1220/1153
f 1190/1208/1145 1200/1222/1155 1199/1221/1154 1185/1202/1140
f 1200/1222/1155 1201/1223/1156 1195/1216/1150 1199/1221/1154
f 1202/1224/1157 1197/1218/1152 1196/1217/1151 1203/1225/1158
f 1195/1216/1150 1201/1223/1156 1203/1225/1158 1196/1217/1151
f 94/1226/94 92/1227/92 1204/1228/1159 1205/1229/1160
f 92/1227/92 88/1230/88 1206/1231/1161 1204/1228/1159
f 1207/1232/1162 1208/1233/1163 1204/1228/1159 1206/1231/1161
f 1208/1233/1163 1209/1234/1164 1205/1229/1160 1204/1228/1159
f 88/1230/88 86/1235/86 1210/1236/1165 1206/1231/1161
f 86/1235/86 74/1210/74 1193/1213/1148 1210/1236/1165
f 1197/1218/1152 1211/1237/1166 1210/1236/1165 1193/1213/1148
f 1211/1237/1166 1207/1232/1162 1206/1231/1161 1210/1236/1165
f 1202/1224/1157 1212/1238/1167 1211/1237/1166 1197/1218/1152
f 1212/1238/1167 1213/1239/1168 1207/1232/1162 1211/1237/1166
f 1214/1240/1169 1209/1234/1164 1208/1233/1163 1215/1241/1170
f 1207/1232/1162 1213/1239/1168 1215/1241/1170 1208/1233/1163
f 114/1242/114 112/1243/112 1216/1244/1171 1217/1245/1172
f 112/1243/112 108/1246/108 1218/1247/1173 1216/1244/1171
f 1219/1248/1174 1220/1249/1175 1216/1244/1171 1218/1247/1173
f 1220/1249/1175 1221/1250/1176 1217/1245/1172 1216/1244/1171
f 108/1246/108 106/1251/106 1222/1252/1177 1218/1247/1173
f 106/1251/106 94/1226/94 1205/1229/1160 1222/1252/1177
f 1209/1234/1164 1223/1253/1178 1222/1252/1177 1205/1229/1160
f 1223/1253/1178 1219/1248/1174 1218/1247/1173 1222/1252/1177
f 1214/1240/1169 1224/1254/1179 1223/1253/1178 1209/1234/1164
f 1224/1254/1179 1225/1255/1180 1219/1248/1174 1223/1253/1178
f 1226/1256/1181 1221/1250/1176 1220/1249/1175 1227/1257/1182
f 1219/1248/1174 1225/1255/1180 1227/1257/1182 1220/1249/1175
f 134/1258/134 132/1259/132 1228/1260/1183 1229/1261/1184
f 132/1259/132 128/1262/128 1230/1263/1185 1228/1260/1183
f 1231/1264/1186 1232/1265/1187 1228/1260/1183 1230/1263/1185
f 1232/1265/1187 1233/1266/1188 1229/1261/1184 1228/1260/1183
f 128/1262/128 126/1267/126 1234/1268/1189 1230/1263/1185
f 126/1267/126 114/1242/114 1217/1245/1172 1234/1268/1189
f 1221/1250/1176 1235/1269/1190 1234/1268/1189 1217/1245/1172
f 1235/1269/1190 1231/1264/1186 1230/1263/1185 1234/1268/1189
f 1226/1256/1181 1236/1270/1191 1235/1269/1190 1221/1250/1176
f 1236/1270/1191 1237/1271/1192 1231/1264/1186 1235/1269/1190
f 1238/1272/1193 1233/1266/1188 1232/1265/1187 1239/1273/1194
f 1231/1264/1186 1237/1271/1192 1239/1273/1194 1232/1265/1187
f 154/1274/154 152/1275/152 1240/1276/1195 1241/1277/1196
f 152/1275/152 148/1278/148 1242/1279/1197 1240/1276/1195
f 1243/1280/1198 1244/1281/1199 1240/1276/1195 1242/1279/1197
f 1244/1281/1199 1245/1282/1200 1241/1277/1196 1240/1276/1195
f 148/1278/148 146/1283/146 1246/1284/1201 1242/1279/1197
f 146/1283/146 134/1258/134 1229/1261/1184 1246/1284/1201
f 1233/1266/1188 1247/1285/1202 1246/1284/1201 1229/1261/1184
f 1247/1285/1202 1243/1280/1198 1242/1279/1197 1246/1284/1201
f 1238/1272/1193 1248/1286/1203 1247/1285/1202 1233/1266/1188
f 1248/1286/1203 1249/1287/1204 1243/1280/1198 1247/1285/1202
f 1250/1288/1205 1245/1282/1200 1244/1281/1199 1251/1289/1206
f 1243/1280/1198 1249/1287/1204 1251/1289/1206 1244/1281/1199
f 174/1290/174 172/1291/172 1252/1292/1207 1253/1293/1208
f 172/1291/172 168/1294/168 1254/1295/1209 1252/1292/1207
f 1255/1296/1210 1256/1297/1211 1252/1292/1207 1254/1295/1209
f 1256/1297/1211 1257/1298/1212 1253/1293/1208 1252/1292/1207
f 168/1294/168 166/1299/166 1258/1300/1213 1254/1295/1209
f 166/1299/166 154/1274/154 1241/1277/1196 1258/1300/1213
f 1245/1282/1200 1259/1301/1214 1258/1300/1213 1241/1277/1196
f 1259/1301/1214 1255/1296/1210 1254/1295/1209 1258/1300/1213
f 1250/1288/1205 1260/1302/1215 1259/1301/1214 1245/1282/1200
f 1260/1302/1215 1261/1303/1216 1255/1296/1210 1259/1301/1214
f 1262/1304/1217 1257/1298/1212 1256/1297/1211 1263/1305/1218
f 1255/1296/1210 1261/1303/1216 1263/1305/1218 1256/1297/1211
f 194/1306/194 192/1307/192 1264/1308/1219 1265/1309/1220
f 192/1307/192 188/1310/188 1266/1311/1221 1264/1308/1219
f 1267/1312/1222 1268/1313/1223 1264/1308/1219 1266/1311/1221
f 1268/1313/1223 1269/1314/1224 1265/1309/1220 1264/1308/1219
f 188/1310/188 186/1315/186 1270/1316/1225 1266/1311/1221
f 186/1315/186 174/1290/174 1253/1293/1208 1270/1316/1225
f 1257/1298/1212 1271/1317/1226 1270/1316/1225 1253/1293/1208
f 1271/1317/1226 1267/1312/1222 1266/1311/1221 1270/1316/1225
f 1262/1304/1217 1272/1318/1227 1271/1317/1226 1257/1298/1212
f 1272/1318/1227 1273/1319/1228 1267/1312/1222 1271/1317/1226
f 1274/1320/1229 1269/1314/1224 1268/1313/1223 1275/1321/1230
f 1267/1312/1222 1273/1319/1228 1275/1321/1230 1268/1313/1223
f 214/1322/214 212/1323/212 1276/1324/1231 1277/1325/1232
f 212/1323/212 208/1326/208 1278/1327/1233 1276/1324/1231
f 1279/1328/1234 1280/1329/1235 1276/1324/1231 1278/1327/1233
f 1280/1329/1235 1281/1330/1236 1277/1325/1232 1276/1324/1231
f 208/1326/208 206/1331/206 1282/1332/1237 1278/1327/1233
f 206/1331/206 194/1306/194 1265/1309/1220 1282/1332/1237
f 1269/1314/1224 1283/1333/1238 1282/1332/1237 1265/1309/1220
f 1283/1333/1238 1279/1328/1234 1278/1327/1233 1282/1332/1237
f 1274/1320/1229 1284/1334/1239 1283/1333/1238 1269/1314/1224
f 1284/1334/1239 1285/1335/1240 1279/1328/1234 1283/1333/1238
f 1286/1336/1241 1281/1330/1236 1280/1329/1235 1287/1337/1242
f 1279/1328/1234 1285/1335/1240 1287/1337/1242 1280/1329/1235
f 234/1338/234 232/1339/232 1288/1340/1243 1289/1341/1244
f 232/1339/232 228/1342/228 1290/1343/1245 1288/1340/1243
f 1291/1344/1246 1292/1345/1247 1288/1340/1243 1290/1343/1245
f 1292/1345/1247 1293/1346/1248 1289/1341/1244 1288/1340/1243
f 228/1342/228 226/1347/226 1294/1348/1249 1290/1343/1245
f 226/1347/226 214/1322/214 1277/1325/1232 1294/1348/1249
f 1281/1330/1236 1295/1349/1250 1294/1348/1249 1277/1325/1232
f 1295/1349/1250 1291/1344/1246 1290/1343/1245 1294/1348/1249
f 1286/1336/1241 1296/1350/1251 1295/1349/1250 1281/1330/1236
f 1296/1350/1251 1297/1351/1252 1291/1344/1246 1295/1349/1250
f 1298/1352/1253 1293/1346/1248 1292/1345/1247 1299/1353/1254
f 1291/1344/1246 1297/1351/1252 1299/1353/1254 1292/1345/1247
f 254/1354/254 252/1355/252 1300/1356/1255 1301/1357/1256
f 252/1355/252 248/1358/248 1302/1359/1257 1300/1356/1255
f 1303/1360/1258 1304/1361/1259 1300/1356/1255 1302/1359/1257
f 1304/1361/1259 1305/1362/1260 1301/1357/1256 1300/1356/1255
f 248/1358/248 246/1363/246 1306/1364/1261 1302/1359/1257
f 246/1363/246 234/1338/234 1289/1341/1244 1306/1364/1261
f 1293/1346/1248 1307/1365/1262 1306/1364/1261 1289/1341/1244
f 1307/1365/1262 1303/1360/1258 1302/1359/1257 1306/1364/1261
f 1298/1352/1253 1308/1366/1263 1307/1365/1262 1293/1346/1248
f 1308/1366/1263 1309/1367/1264 1303/1360/1258 1307/1365/1262
f 1310/1368/1265 1305/1362/1260 1304/1361/1259 1311/1369/1266
f 1303/1360/1258 1309/1367/1264 1311/1369/1266 1304/1361/1259
f 274/1370/274 272/1371/272 1312/1372/1267 1313/1373/1268
f 272/1371/272 268/1374/268 1314/1375/1269 1312/1372/1267
f 1315/1376/1270 1316/1377/1271 1312/1372/1267 1314/1375/1269
f 1316/1377/1271 1317/1378/1272 1313/1373/1268 1312/1372/1267
f 268/1374/268 266/1379/266 1318/1380/1273 1314/1375/1269
f 266/1379/266 254/1354/254 1301/1357/1256 1318/1380/1273
f 1305/1362/1260 1319/1381/1274 1318/1380/1273 1301/1357/1256
f 1319/1381/1274 1315/1376/1270 1314/1375/1269 1318/1380/1273
f 1310/1368/1265 1320/1382/1275 1319/1381/1274 1305/1362/1260
f 1320/1382/1275 1321/1383/1276 1315/1376/1270 1319/1381/1274
f 1322/1384/1277 1317/1378/1272 1316/1377/1271 1323/1385/1278
f 1315/1376/1270 1321/1383/1276 1323/1385/1278 1316/1377/1271
f 294/1386/294 292/1387/292 1324/1388/1279 1325/1389/1280
f 292/1387/292 288/1390/288 1326/1391/1281 1324/1388/1279
f 1327/1392/1282 1328/1393/1283 1324/1388/1279 1326/1391/1281
f 1328/1393/1283 1329/1394/1284 1325/1389/1280 1324/1388/1279
f 288/1390/288 286/1395/286 1330/1396/1285 1326/1391/1281
f 286/1395/286 274/1370/274 1313/1373/1268 1330/1396/1285
f 1317/1378/1272 1331/1397/1286 1330/1396/1285 1313/1373/1268
f 1331/1397/1286 1327/1392/1282 1326/1391/1281 1330/1396/1285
f 1322/1384/1277 1332/1398/1287 1331/1397/1286 1317/1378/1272
f 1332/1398/1287 1333/1399/1288 1327/1392/1282 1331/1397/1286
f 1334/1400/1289 1329/1394/1284 1328/1393/1283 1335/1401/1290
f 1327/1392/1282 1333/1399/1288 1335/1401/1290 1328/1393/1283
f 1/1169/1 312/1402/312 1336/1403/1291 1160/1170/1115
f 312/1402/312 308/1404/308 1337/1405/1292 1336/1403/1291
f 1338/1406/1293 1339/1407/1294 1336/1403/1291 1337/1405/1292
f 1339/1407/1294 1161/1171/1116 1160/1170/1115 1336/1403/1291
f 308/1404/308 306/1408/306 1340/1409/1295 1337/1405/1292
f 306/1408/306 294/1386/294 1325/1389/1280 1340/1409/1295
f 1329/1394/1284 1341/1410/1296 1340/1409/1295 1325/1389/1280
f 1341/1410/1296 1338/1406/1293 1337/1405/1292 1340/1409/1295
f 1334/1400/1289 1342/1411/1297 1341/1410/1296 1329/1394/1284
f 1342/1411/1297 1343/1412/1298 1338/1406/1293 1341/1410/1296
f 1343/1412/1298 1344/1413/1299 1339/1407/1294 1338/1406/1293
f 1344/1413/1299 1163/1173/1118 1161/1171/1116 1339/1407/1294
f 1345/1414/1300 1346/1415/1301 1347/1416/1302 1348/1417/1303
f 1346/1415/1301 1349/1418/1304 1350/1419/1305 1347/1416/1302
f 1349/1418/1304 1351/1420/1306 1352/1421/1307 1350/1419/1305
f 1351/1420/1306 1353/1422/1308 1354/1423/1309 1352/1421/1307
f 1355/1424/1310 1356/1425/1311 1357/1426/1312 1358/1427/1313
f 1356/1425/1311 1359/1428/1314 1360/1429/1315 1357/1426/1312
f 1359/1428/1314 1361/1430/1316 1362/1431/1317 1360/1429/1315
f 1361/1430/1316 1345/1414/1300 1348/1417/1303 1362/1431/1317
f 1363/1432/1318 1364/1433/1319 1365/1434/1320 1366/1435/1321
f 1364/1433/1319 1367/1436/1322 1368/1437/1323 1365/1434/1320
f 1367/1436/1322 1369/1438/1324 1370/1439/1325 1368/1437/1323
f 1369/1438/1324 1355/1424/1310 1358/1427/1313 1370/1439/1325
f 1371/1440/1326 1372/1441/1327 1373/1442/1328 1374/1443/1329
f 1372/1441/1327 1375/1444/1330 1376/1445/1331 1373/1442/1328
f 1375/1444/1330 1377/1446/1332 1378/1447/1333 1376/1445/1331
f 1377/1446/1332 1363/1432/1318 1366/1435/1321 1378/1447/1333
f 1379/1448/1334 1380/1449/1335 1381/1450/1336 1382/1451/1337
f 1380/1449/1335 1383/1452/1338 1384/1453/1339 1381/1450/1336
f 1383/1452/1338 1385/1454/1340 1386/1455/1341 1384/1453/1339
f 1385/1454/1340 1371/1456/1326 1374/1457/1329 1386/1455/1341
f 1387/1458/1342 1388/1459/1343 1389/1460/1344 1390/1461/1345
f 1388/1459/1343 1391/1462/1346 1392/1463/1347 1389/1460/1344
f 1391/1462/1346 1393/1464/1348 1394/1465/1349 1392/1463/1347
f 1393/1464/1348 1379/1448/1334 1382/1451/1337 1394/1465/1349
f 1395/1466/1350 1396/1467/1351 1397/1468/1352 1398/1469/1353
f 1396/1467/1351 1399/1470/1354 1400/1471/1355 1397/1468/1352
f 1399/1470/1354 1401/1472/1356 1402/1473/1357 1400/1471/1355
f 1401/1472/1356 1387/1458/1342 1390/1461/1345 1402/1473/1357
f 1403/1474/1358 1404/1475/1359 1405/1476/1360 1406/1477/1361
f 1404/1475/1359 1407/1478/1362 1408/1479/1363 1405/1476/1360
f 1407/1478/1362 1409/1480/1364 1410/1481/1365 1408/1479/1363
f 1409/1480/1364 1395/1466/1350 1398/1469/1353 1410/1481/1365
f 1411/1482/1366 1412/1483/1367 1413/1484/1368 1414/1485/1369
f 1412/1483/1367 1415/1486/1370 1416/1487/1371 1413/1484/1368
f 1415/1486/1370 1417/1488/1372 1418/1489/1373 1416/1487/1371
f 1417/1488/1372 1403/1474/1358 1406/1477/1361 1418/1489/1373
f 1419/1490/1374 1420/1491/1375 1421/1492/1376 1422/1493/1377
f 1420/1491/1375 1423/1494/1378 1424/1495/1379 1421/1492/1376
f 1423/1494/1378 1425/1496/1380 1426/1497/1381 1424/1495/1379
f 1425/1496/1380 1411/1482/1366 1414/1485/1369 1426/1497/1381
f 1427/1498/1382 1428/1499/1383 1429/1500/1384 1430/1501/1385
f 1428/1499/1383 1431/1502/1386 1432/1503/1387 1429/1500/1384
f 1431/1502/1386 1433/1504/1388 1434/1505/1389 1432/1503/1387
f 1433/1504/1388 1419/1490/1374 1422/1493/1377 1434/1505/1389
f 1435/1506/1390 1436/1507/1391 1437/1508/1392 1438/1509/1393
f 1436/1507/1391 1439/1510/1394 1440/1511/1395 1437/1508/1392
f 1439/1510/1394 1441/1512/1396 1442/1513/1397 1440/1511/1395
f 1441/1512/1396 1427/1498/1382 1430/1501/1385 1442/1513/1397
f 1443/1514/1398 1444/1515/1399 1445/1516/1400 1446/1517/1401
f 1444/1515/1399 1447/1518/1402 1448/1519/1403 1445/1516/1400
f 1447/1518/1402 1449/1520/1404 1450/1521/1405 1448/1519/1403
f 1449/1520/1404 1435/1506/1390 1438/1509/1393 1450/1521/1405
f 1451/1522/1406 1452/1523/1407 1453/1524/1408 1454/1525/1409
f 1452/1523/1407 1455/1526/1410 1456/1527/1411 1453/1524/1408
f 1455/1526/1410 1457/1528/1412 1458/1529/1413 1456/1527/1411
f 1457/1528/1412 1443/1514/1398 1446/1517/1401 1458/1529/1413
f 1459/1530/1414 1460/1531/1415 1461/1532/1416 1462/1533/1417
f 1460/1531/1415 1463/1534/1418 1464/1535/1419 1461/1532/1416
f 1463/1534/1418 1465/1536/1420 1466/1537/1421 1464/1535/1419
f 1465/1536/1420 1451/1522/1406 1454/1525/1409 1466/1537/1421
f 1353/1422/1308 1467/1538/1422 1468/1539/1423 1354/1423/1309
f 1467/1538/1422 1469/1540/1424 1470/1541/1425 1468/1539/1423
f 1469/1540/1424 1471/1542/1426 1472/1543/1427 1470/1541/1425
f 1471/1542/1426 1459/1530/1414 1462/1533/1417 1472/1543/1427
f 719/724/674 718/723/673 1473/1544/1428 1474/1545/1429
f 718/723/673 717/722/672 1475/1546/1430 1473/1544/1428
f 717/722/672 716/721/671 1476/1547/1431 1475/1546/1430
f 716/721/671 715/720/670 1477/1548/1432 1476/1547/1431
f 1478/1549/1433 1479/1550/1434 1476/1547/1431 1477/1548/1432
f 1479/1550/1434 1480/1551/1435 1475/1546/1430 1476/1547/1431
f 1480/1551/1435 1481/1552/1436 1473/1544/1428 1475/1546/1430
f 1481/1552/1436 1482/1553/1437 1474/1545/1429 1473/1544/1428
f 715/720/670 731/736/686 1483/1554/1438 1477/1548/1432
f 731/736/686 730/735/685 1484/1555/1439 1483/1554/1438
f 730/735/685 729/734/684 1485/1556/1440 1484/1555/1439
f 729/734/684 728/733/683 1486/1557/1441 1485/1556/1440
f 1487/1558/1442 1488/1559/1443 1485/1556/1440 1486/1557/1441
f 1488/1559/1443 1489/1560/1444 1484/1555/1439 1485/1556/1440
f 1489/1560/1444 1490/1561/1445 1483/1554/1438 1484/1555/1439
f 1490/1561/1445 1478/1549/1433 1477/1548/1432 1483/1554/1438
f 728/733/683 743/748/698 1491/1562/1446 1486/1557/1441
f 743/748/698 742/747/697 1492/1563/1447 1491/1562/1446
f 742/747/697 741/746/696 1493/1564/1448 1492/1563/1447
f 741/746/696 740/745/695 1494/1565/1449 1493/1564/1448
f 1495/1566/1450 1496/1567/1451 1493/1564/1448 1494/1565/1449
f 1496/1567/1451 1497/1568/1452 1492/1563/1447 1493/1564/1448
f 1497/1568/1452 1498/1569/1453 1491/1562/1446 1492/1563/1447
f 1498/1569/1453 1487/1558/1442 1486/1557/1441 1491/1562/1446
f 740/745/695 755/760/710 1499/1570/1454 1494/1565/1449
f 755/760/710 754/759/709 1500/1571/1455 1499/1570/1454
f 754/759/709 753/758/708 1501/1572/1456 1500/1571/1455
f 753/758/708 752/757/707 1502/1573/1457 1501/1572/1456
f 1503/1574/1458 1504/1575/1459 1501/1572/1456 1502/1573/1457
f 1504/1575/1459 1505/1576/1460 1500/1571/1455 1501/1572/1456
f 1505/1576/1460 1506/1577/1461 1499/1570/1454 1500/1571/1455
f 1506/1577/1461 1495/1566/1450 1494/1565/1449 1499/1570/1454
f 752/757/707 767/772/722 1507/1578/1462 1502/1573/1457
f 767/772/722 766/771/721 1508/1579/1463 1507/1578/1462
f 766/771/721 765/770/720 1509/1580/1464 1508/1579/1463
f 765/770/720 764/769/719 1510/1581/1465 1509/1580/1464
f 1511/1582/1466 1512/1583/1467 1509/1580/1464 1510/1581/1465
f 1512/1583/1467 1513/1584/1468 1508/1579/1463 1509/1580/1464
f 1513/1584/1468 1514/1585/1469 1507/1578/1462 1508/1579/1463
f 1514/1585/1469 1503/1574/1458 1502/1573/1457 1507/1578/1462
f 764/769/719 779/784/734 1515/1586/1470 1510/1581/1465
f 779/784/734 778/783/733 1516/1587/1471 1515/1586/1470
f 778/783/733 777/782/732 1517/1588/1472 1516/1587/1471
f 777/782/732 776/781/731 1518/1589/1473 1517/1588/1472
f 1519/1590/1474 1520/1591/1475 1517/1588/1472 1518/1589/1473
f 1520/1591/1475 1521/1592/1476 1516/1587/1471 1517/1588/1472
f 1521/1592/1476 1522/1593/1477 1515/1586/1470 1516/1587/1471
f 1522/1593/1477 1511/1582/1466 1510/1581/1465 1515/1586/1470
f 776/781/731 791/796/746 1523/1594/1478 1518/1589/1473
f 791/796/746 790/795/745 1524/1595/1479 1523/1594/1478
f 790/795/745 789/794/744 1525/1596/1480 1524/1595/1479
f 789/794/744 788/793/743 1526/1597/1481 1525/1596/1480
f 1527/1598/1482 1528/1599/1483 1525/1596/1480 1526/1597/1481
f 1528/1599/1483 1529/1600/1484 1524/1595/1479 1525/1596/1480
f 1529/1600/1484 1530/1601/1485 1523/1594/1478 1524/1595/1479
f 1530/1601/1485 1519/1590/1474 1518/1589/1473 1523/1594/1478
f 788/793/743 803/808/758 1531/1602/1486 1526/1597/1481
f 803/808/758 802/807/757 1532/1603/1487 1531/1602/1486
f 802/807/757 801/806/756 1533/1604/1488 1532/1603/1487
f 801/806/756 800/805/755 1534/1605/1489 1533/1604/1488
f 1535/1606/1490 1536/1607/1491 1533/1604/1488 1534/1605/1489
f 1536/1607/1491 1537/1608/1492 1532/1603/1487 1533/1604/1488
f 1537/1608/1492 1538/1609/1493 1531/1602/1486 1532/1603/1487
f 1538/1609/1493 1527/1598/1482 1526/1597/1481 1531/1602/1486
f 800/805/755 815/820/770 1539/1610/1494 1534/1605/1489
f 815/820/770 814/819/769 1540/1611/1495 1539/1610/1494
f 814/819/769 813/818/768 1541/1612/1496 1540/1611/1495
f 813/818/768 812/817/767 1542/1613/1497 1541/1612/1496
f 1543/1614/1498 1544/1615/1499 1541/1612/1496 1542/1613/1497
f 1544/1615/1499 1545/1616/1500 1540/1611/1495 1541/1612/1496
f 1545/1616/1500 1546/1617/1501 1539/1610/1494 1540/1611/1495
f 1546/1617/1501 1535/1606/1490 1534/1605/1489 1539/1610/1494
f 812/817/767 827/832/782 1547/1618/1502 1542/1613/1497
f 827/832/782 826/831/781 1548/1619/1503 1547/1618/1502
f 826/831/781 825/830/780 1549/1620/1504 1548/1619/1503
f 825/830/780 824/829/779 1550/1621/1505 1549/1620/1504
f 1551/1622/1506 1552/1623/1507 1549/1620/1504 1550/1621/1505
f 1552/1623/1507 1553/1624/1508 1548/1619/1503 1549/1620/1504
f 1553/1624/1508 1554/1625/1509 1547/1618/1502 1548/1619/1503
f 1554/1625/1509 1543/1614/1498 1542/1613/1497 1547/1618/1502
f 824/829/779 839/844/794 1555/1626/1510 1550/1621/1505
f 839/844/794 838/843/793 1556/1627/1511 1555/1626/1510
f 838/843/793 837/842/792 1557/1628/1512 1556/1627/1511
f 837/842/792 836/841/791 1558/1629/1513 1557/1628/1512
f 1559/1630/1514 1560/1631/1515 1557/1628/1512 1558/1629/1513
f 1560/1631/1515 1561/1632/1516 1556/1627/1511 1557/1628/1512
f 1561/1632/1516 1562/1633/1517 1555/1626/1510 1556/1627/1511
f 1562/1633/1517 1551/1622/1506 1550/1621/1505 1555/1626/1510
f 836/841/791 851/856/806 1563/1634/1518 1558/1629/1513
f 851/856/806 850/855/805 1564/1635/1519 1563/1634/1518
f 850/855/805 849/854/804 1565/1636/1520 1564/1635/1519
f 849/854/804 848/853/803 1566/1637/1521 1565/1636/1520
f 1567/1638/1522 1568/1639/1523 1565/1636/1520 1566/1637/1521
f 1568/1639/1523 1569/1640/1524 1564/1635/1519 1565/1636/1520
f 1569/1640/1524 1570/1641/1525 1563/1634/1518 1564/1635/1519
f 1570/1641/1525 1559/1630/1514 1558/1629/1513 1563/1634/1518
f 848/853/803 863/868/818 1571/1642/1526 1566/1637/1521
f 863/868/818 862/867/817 1572/1643/1527 1571/1642/1526
f 862/867/817 861/866/816 1573/1644/1528 1572/1643/1527
f 861/866/816 860/865/815 1574/1645/1529 1573/1644/1528
f 1575/1646/1530 1576/1647/1531 1573/1644/1528 1574/1645/1529
f 1576/1647/1531 1577/1648/1532 1572/1643/1527 1573/1644/1528
f 1577/1648/1532 1578/1649/1533 1571/1642/1526 1572/1643/1527
f 1578/1649/1533 1567/1638/1522 1566/1637/1521 1571/1642/1526
f 860/865/815 875/880/830 1579/1650/1534 1574/1645/1529
f 875/880/830 874/879/829 1580/1651/1535 1579/1650/1534
f 874/879/829 873/878/828 1581/1652/1536 1580/1651/1535
f 873/878/828 872/877/827 1582/1653/1537 1581/1652/1536
f 1583/1654/1538 1584/1655/1539 1581/1652/1536 1582/1653/1537
f 1584/1655/1539 1585/1656/1540 1580/1651/1535 1581/1652/1536
f 1585/1656/1540 1586/1657/1541 1579/1650/1534 1580/1651/1535
f 1586/1657/1541 1575/1646/1530 1574/1645/1529 1579/1650/1534
f 872/877/827 887/892/842 1587/1658/1542 1582/1653/1537
f 887/892/842 886/891/841 1588/1659/1543 1587/1658/1542
f 886/891/841 885/890/840 1589/1660/1544 1588/1659/1543
f 885/890/840 884/889/839 1590/1661/1545 1589/1660/1544
f 1591/1662/1546 1592/1663/1547 1589/1660/1544 1590/1661/1545
f 1592/1663/1547 1593/1664/1548 1588/1659/1543 1589/1660/1544
f 1593/1664/1548 1594/1665/1549 1587/1658/1542 1588/1659/1543
f 1594/1665/1549 1583/1654/1538 1582/1653/1537 1587/1658/1542
f 884/889/839 896/901/851 1595/1666/1550 1590/1661/1545
f 896/901/851 895/900/850 1596/1667/1551 1595/1666/1550
f 895/900/850 894/899/849 1597/1668/1552 1596/1667/1551
f 894/899/849 719/724/674 1474/1545/1429 1597/1668/1552
f 1482/1553/1437 1598/1669/1553 1597/1668/1552 1474/1545/1429
f 1598/1669/1553 1599/1670/1554 1596/1667/1551 1597/1668/1552
f 1599/1670/1554 1600/1671/1555 1595/1666/1550 1596/1667/1551
f 1600/1671/1555 1591/1662/1546 1590/1661/1545 1595/1666/1550
f 1601/1672/1556 1602/1673/1557 1603/1674/1558 1604/1675/1559
f 1605/1676/1560 1604/1675/1559 1603/1674/1558 1606/1677/1561
f 1605/1676/1560 1607/1678/1562 1608/1679/1563 1604/1675/1559
f 1607/1678/1562 1353/1680/1308 1351/1681/1306 1608/1679/1563
f 1349/1682/1304 1609/1683/1564 1608/1679/1563 1351/1681/1306
f 1609/1683/1564 1601/1672/1556 1604/1675/1559 1608/1679/1563
f 1345/1684/1300 1610/1685/1565 1611/1686/1566 1346/1687/1301
f 1610/1685/1565 1612/1688/1567 1613/1689/1568 1611/1686/1566
f 1601/1672/1556 1609/1683/1564 1611/1686/1566 1613/1689/1568
f 1609/1683/1564 1349/1682/1304 1346/1687/1301 1611/1686/1566
f 1612/1688/1567 1614/1690/1569 1615/1691/1570 1613/1689/1568
f 1602/1673/1557 1601/1672/1556 1613/1689/1568 1615/1691/1570
f 1616/1692/1571 1617/1693/1572 1618/1694/1573 1619/1695/1574
f 1614/1690/1569 1612/1688/1567 1619/1695/1574 1618/1694/1573
f 1612/1688/1567 1610/1685/1565 1620/1696/1575 1619/1695/1574
f 1610/1685/1565 1345/1684/1300 1361/1697/1316 1620/1696/1575
f 1359/1698/1314 1621/1699/1576 1620/1696/1575 1361/1697/1316
f 1621/1699/1576 1616/1692/1571 1619/1695/1574 1620/1696/1575
f 1355/1700/1310 1622/1701/1577 1623/1702/1578 1356/1703/1311
f 1622/1701/1577 1624/1704/1579 1625/1705/1580 1623/1702/1578
f 1616/1692/1571 1621/1699/1576 1623/1702/1578 1625/1705/1580
f 1621/1699/1576 1359/1698/1314 1356/1703/1311 1623/1702/1578
f 1624/1704/1579 1626/1706/1581 1627/1707/1582 1625/1705/1580
f 1617/1693/1572 1616/1692/1571 1625/1705/1580 1627/1707/1582
f 1628/1708/1583 1629/1709/1584 1630/1710/1585 1631/1711/1586
f 1626/1706/1581 1624/1704/1579 1631/1711/1586 1630/1710/1585
f 1624/1704/1579 1622/1701/1577 1632/1712/1587 1631/1711/1586
f 1622/1701/1577 1355/1700/1310 1369/1713/1324 1632/1712/1587
f 1367/1714/1322 1633/1715/1588 1632/1712/1587 1369/1713/1324
f 1633/1715/1588 1628/1708/1583 1631/1711/1586 1632/1712/1587
f 1363/1716/1318 1634/1717/1589 1635/1718/1590 1364/1719/1319
f 1634/1717/1589 1636/1720/1591 1637/1721/1592 1635/1718/1590
f 1628/1708/1583 1633/1715/1588 1635/1718/1590 1637/1721/1592
f 1633/1715/1588 1367/1714/1322 1364/1719/1319 1635/1718/1590
f 1636/1720/1591 1638/1722/1593 1639/1723/1594 1637/1721/1592
f 1629/1709/1584 1628/1708/1583 1637/1721/1592 1639/1723/1594
f 1640/1724/1595 1641/1725/1596 1642/1726/1597 1643/1727/1598
f 1638/1722/1593 1636/1720/1591 1643/1727/1598 1642/1726/1597
f 1636/1720/1591 1634/1717/1589 1644/1728/1599 1643/1727/1598
f 1634/1717/1589 1363/1716/1318 1377/1729/1332 1644/1728/1599
f 1375/1730/1330 1645/1731/1600 1644/1728/1599 1377/1729/1332
f 1645/1731/1600 1640/1724/1595 1643/1727/1598 1644/1728/1599
f 1371/1732/1326 1646/1733/1601 1647/1734/1602 1372/1735/1327
f 1646/1733/1601 1648/1736/1603 1649/1737/1604 1647/1734/1602
f 1640/1724/1595 1645/1731/1600 1647/1734/1602 1649/1737/1604
f 1645/1731/1600 1375/1730/1330 1372/1735/1327 1647/1734/1602
f 1648/1736/1603 1650/1738/1605 1651/1739/1606 1649/1737/1604
f 1641/1725/1596 1640/1724/1595 1649/1737/1604 1651/1739/1606
f 1652/1740/1607 1653/1741/1608 1654/1742/1609 1655/1743/1610
f 1650/1738/1605 1648/1736/1603 1655/1743/1610 1654/1742/1609
f 1648/1736/1603 1646/1733/1601 1656/1744/1611 1655/1743/1610
f 1646/1733/1601 1371/1732/1326 1385/1745/1340 1656/1744/1611
f 1383/1746/1338 1657/1747/1612 1656/1744/1611 1385/1745/1340
f 1657/1747/1612 1652/1740/1607 1655/1743/1610 1656/1744/1611
f 1379/1748/1334 1658/1749/1613 1659/1750/1614 1380/1751/1335
f 1658/1749/1613 1660/1752/1615 1661/1753/1616 1659/1750/1614
f 1652/1740/1607 1657/1747/1612 1659/1750/1614 1661/1753/1616
f 1657/1747/1612 1383/1746/1338 1380/1751/1335 1659/1750/1614
f 1660/1752/1615 1662/1754/1617 1663/1755/1618 1661/1753/1616
f 1653/1741/1608 1652/1740/1607 1661/1753/1616 1663/1755/1618
f 1664/1756/1619 1665/1757/1620 1666/1758/1621 1667/1759/1622
f 1662/1754/1617 1660/1752/1615 1667/1759/1622 1666/1758/1621
f 1660/1752/1615 1658/1749/1613 1668/1760/1623 1667/1759/1622
f 1658/1749/1613 1379/1748/1334 1393/1761/1348 1668/1760/1623
f 1391/1762/1346 1669/1763/1624 1668/1760/1623 1393/1761/1348
f 1669/1763/1624 1664/1756/1619 1667/1759/1622 1668/1760/1623
f 1387/1764/1342 1670/1765/1625 1671/1766/1626 1388/1767/1343
f 1670/1765/1625 1672/1768/1627 1673/1769/1628 1671/1766/1626
f 1664/1756/1619 1669/1763/1624 1671/1766/1626 1673/1769/1628
f 1669/1763/1624 1391/1762/1346 1388/1767/1343 1671/1766/1626
f 1672/1768/1627 1674/1770/1629 1675/1771/1630 1673/1769/1628
f 1665/1757/1620 1664/1756/1619 1673/1769/1628 1675/1771/1630
f 1676/1772/1631 1677/1773/1632 1678/1774/1633 1679/1775/1634
f 1674/1770/1629 1672/1768/1627 1679/1775/1634 1678/1774/1633
f 1672/1768/1627 1670/1765/1625 1680/1776/1635 1679/1775/1634
f 1670/1765/1625 1387/1764/1342 1401/1777/1356 1680/1776/1635
f 1399/1778/1354 1681/1779/1636 1680/1776/1635 1401/1777/1356
f 1681/1779/1636 1676/1772/1631 1679/1775/1634 1680/1776/1635
f 1395/1780/1350 1682/1781/1637 1683/1782/1638 1396/1783/1351
f 1682/1781/1637 1684/1784/1639 1685/1785/1640 1683/1782/1638
f 1676/1772/1631 1681/1779/1636 1683/1782/1638 1685/1785/1640
f 1681/1779/1636 1399/1778/1354 1396/1783/1351 1683/1782/1638
f 1684/1784/1639 1686/1786/1641 1687/1787/1642 1685/1785/1640
f 1677/1773/1632 1676/1772/1631 1685/1785/1640 1687/1787/1642
f 1688/1788/1643 1689/1789/1644 1690/1790/1645 1691/1791/1646
f 1686/1786/1641 1684/1784/1639 1691/1791/1646 1690/1790/1645
f 1684/1784/1639 1682/1781/1637 1692/1792/1647 1691/1791/1646
f 1682/1781/1637 1395/1780/1350 1409/1793/1364 1692/1792/1647
f 1407/1794/1362 1693/1795/1648 1692/1792/1647 1409/1793/1364
f 1693/1795/1648 1688/1788/1643 1691/1791/1646 1692/1792/1647
f 1403/1796/1358 1694/1797/1649 1695/1798/1650 1404/1799/1359
f 1694/1797/1649 1696/1800/1651 1697/1801/1652 1695/1798/1650
f 1688/1788/1643 1693/1795/1648 1695/1798/1650 1697/1801/1652
f 1693/1795/1648 1407/1794/1362 1404/1799/1359 1695/1798/1650
f 1696/1800/1651 1698/1802/1653 1699/1803/1654 1697/1801/1652
f 1689/1789/1644 1688/1788/1643 1697/1801/1652 1699/1803/1654
f 1700/1804/1655 1701/1805/1656 1702/1806/1657 1703/1807/1658
f 1698/1802/1653 1696/1800/1651 1703/1807/1658 1702/1806/1657
f 1696/1800/1651 1694/1797/1649 1704/1808/1659 1703/1807/1658
f 1694/1797/1649 1403/1796/1358 1417/1809/1372 1704/1808/1659
f 1415/1810/1370 1705/1811/1660 1704/1808/1659 1417/1809/1372
f 1705/1811/1660 1700/1804/1655 1703/1807/1658 1704/1808/1659
f 1411/1812/1366 1706/1813/1661 1707/1814/1662 1412/1815/1367
f 1706/1813/1661 1708/1816/1663 1709/1817/1664 1707/1814/1662
f 1700/1804/1655 1705/1811/1660 1707/1814/1662 1709/1817/1664
f 1705/1811/1660 1415/1810/1370 1412/1815/1367 1707/1814/1662
f 1708/1816/1663 1710/1818/1665 1711/1819/1666 1709/1817/1664
f 1701/1805/1656 1700/1804/1655 1709/1817/1664 1711/1819/1666
f 1712/1820/1667 1713/1821/1668 1714/1822/1669 1715/1823/1670
f 1710/1818/1665 1708/1816/1663 1715/1823/1670 1714/1822/1669
f 1708/1816/1663 1706/1813/1661 1716/1824/1671 1715/1823/1670
f 1706/1813/1661 1411/1812/1366 1425/1825/1380 1716/1824/1671
f 1423/1826/1378 1717/1827/1672 1716/1824/1671 1425/1825/1380
f 1717/1827/1672 1712/1820/1667 1715/1823/1670 1716/1824/1671
f 1419/1828/1374 1718/1829/1673 1719/1830/1674 1420/1831/1375
f 1718/1829/1673 1720/1832/1675 1721/1833/1676 1719/1830/1674
f 1712/1820/1667 1717/1827/1672 1719/1830/1674 1721/1833/1676
f 1717/1827/1672 1423/1826/1378 1420/1831/1375 1719/1830/1674
f 1720/1832/1675 1722/1834/1677 1723/1835/1678 1721/1833/1676
f 1713/1821/1668 1712/1820/1667 1721/1833/1676 1723/1835/1678
f 1724/1836/1679 1725/1837/1680 1726/1838/1681 1727/1839/1682
f 1722/1834/1677 1720/1832/1675 1727/1839/1682 1726/1838/1681
f 1720/1832/1675 1718/1829/1673 1728/1840/1683 1727/1839/1682
f 1718/1829/1673 1419/1828/1374 1433/1841/1388 1728/1840/1683
f 1431/1842/1386 1729/1843/1684 1728/1840/1683 1433/1841/1388
f 1729/1843/1684 1724/1836/1679 1727/1839/1682 1728/1840/1683
f 1427/1844/1382 1730/1845/1685 1731/1846/1686 1428/1847/1383
f 1730/1845/1685 1732/1848/1687 1733/1849/1688 1731/1846/1686
f 1724/1836/1679 1729/1843/1684 1731/1846/1686 1733/1849/1688
f 1729/1843/1684 1431/1842/1386 1428/1847/1383 1731/1846/1686
f 1732/1848/1687 1734/1850/1689 1735/1851/1690 1733/1849/1688
f 1725/1837/1680 1724/1836/1679 1733/1849/1688 1735/1851/1690
f 1736/1852/1691 1737/1853/1692 1738/1854/1693 1739/1855/1694
f 1734/1850/1689 1732/1848/1687 1739/1855/1694 1738/1854/1693
f 1732/1848/1687 1730/1845/1685 1740/1856/1695 1739/1855/1694
f 1730/1845/1685 1427/1844/1382 1441/1857/1396 1740/1856/1695
f 1439/1858/1394 1741/1859/1696 1740/1856/1695 1441/1857/1396
f 1741/1859/1696 1736/1852/1691 1739/1855/1694 1740/1856/1695
f 1435/1860/1390 1742/1861/1697 1743/1862/1698 1436/1863/1391
f 1742/1861/1697 1744/1864/1699 1745/1865/1700 1743/1862/1698
f 1736/1852/1691 1741/1859/1696 1743/1862/1698 1745/1865/1700
f 1741/1859/1696 1439/1858/1394 1436/1863/1391 1743/1862/1698
f 1744/1864/1699 1746/1866/1701 1747/1867/1702 1745/1865/1700
f 1737/1853/1692 1736/1852/1691 1745/1865/1700 1747/1867/1702
f 1748/1868/1703 1749/1869/1704 1750/1870/1705 1751/1871/1706
f 1746/1866/1701 1744/1864/1699 1751/1871/1706 1750/1870/1705
f 1744/1864/1699 1742/1861/1697 1752/1872/1707 1751/1871/1706
f 1742/1861/1697 1435/1860/1390 1449/1873/1404 1752/1872/1707
f 1447/1874/1402 1753/1875/1708 1752/1872/1707 1449/1873/1404
f 1753/1875/1708 1748/1868/1703 1751/1871/1706 1752/1872/1707
f 1443/1876/1398 1754/1877/1709 1755/1878/1710 1444/1879/1399
f 1754/1877/1709 1756/1880/1711 1757/1881/1712 1755/1878/1710
f 1748/1868/1703 1753/1875/1708 1755/1878/1710 1757/1881/1712
f 1753/1875/1708 1447/1874/1402 1444/1879/1399 1755/1878/1710
f 1756/1880/1711 1758/1882/1713 1759/1883/1714 1757/1881/1712
f 1749/1869/1704 1748/1868/1703 1757/1881/1712 1759/1883/1714
f 1760/1884/1715 1761/1885/1716 1762/1886/1717 1763/1887/1718
f 1758/1882/1713 1756/1880/1711 1763/1887/1718 1762/1886/1717
f 1756/1880/1711 1754/1877/1709 1764/1888/1719 1763/1887/1718
f 1754/1877/1709 1443/1876/1398 1457/1889/1412 1764/1888/1719
f 1455/1890/1410 1765/1891/1720 1764/1888/1719 1457/1889/1412
f 1765/1891/1720 1760/1884/1715 1763/1887/1718 1764/1888/1719
f 1451/1892/1406 1766/1893/1721 1767/1894/1722 1452/1895/1407
f 1766/1893/1721 1768/1896/1723 1769/1897/1724 1767/1894/1722
f 1760/1884/1715 1765/1891/1720 1767/1894/1722 1769/1897/1724
f 1765/1891/1720 1455/1890/1410 1452/1895/1407 1767/1894/1722
f 1768/1896/1723 1770/1898/1725 1771/1899/1726 1769/1897/1724
f 1761/1885/1716 1760/1884/1715 1769/1897/1724 1771/1899/1726
f 1772/1900/1727 1773/1901/1728 1774/1902/1729 1775/1903/1730
f 1770/1898/1725 1768/1896/1723 1775/1903/1730 1774/1902/1729
f 1768/1896/1723 1766/1893/1721 1776/1904/1731 1775/1903/1730
f 1766/1893/1721 1451/1892/1406 1465/1905/1420 1776/1904/1731
f 1463/1906/1418 1777/1907/1732 1776/1904/1731 1465/1905/1420
f 1777/1907/1732 1772/1900/1727 1775/1903/1730 1776/1904/1731
f 1459/1908/1414 1778/1909/1733 1779/1910/1734 1460/1911/1415
f 1778/1909/1733 1780/1912/1735 1781/1913/1736 1779/1910/1734
f 1772/1900/1727 1777/1907/1732 1779/1910/1734 1781/1913/1736
f 1777/1907/1732 1463/1906/1418 1460/1911/1415 1779/1910/1734
f 1780/1912/1735 1782/1914/1737 1783/1915/1738 1781/1913/1736
f 1773/1901/1728 1772/1900/1727 1781/1913/1736 1783/1915/1738
f 1784/1916/1739 1785/1917/1740 1786/1918/1741 1787/1919/1742
f 1782/1914/1737 1780/1912/1735 1787/1919/1742 1786/1918/1741
f 1780/1912/1735 1778/1909/1733 1788/1920/1743 1787/1919/1742
f 1778/1909/1733 1459/1908/1414 1471/1921/1426 1788/1920/1743
f 1469/1922/1424 1789/1923/1744 1788/1920/1743 1471/1921/1426
f 1789/1923/1744 1784/1916/1739 1787/1919/1742 1788/1920/1743
f 1353/1680/1308 1607/1678/1562 1790/1924/1745 1467/1925/1422
f 1607/1678/1562 1605/1676/1560 1791/1926/1746 1790/1924/1745
f 1784/1916/1739 1789/1923/1744 1790/1924/1745 1791/1926/1746
f 1789/1923/1744 1469/1922/1424 1467/1925/1422 1790/1924/1745
f 1606/1677/1561 1792/1927/1747 1791/1926/1746 1605/1676/1560
f 1785/1917/1740 1784/1916/1739 1791/1926/1746 1792/1927/1747
f 1793/1928/1748 1794/1929/1749 1795/1930/1750 1796/1931/1751
f 1794/1929/1749 1797/1932/1752 1798/1933/1753 1795/1930/1750
f 1799/1934/1754 1800/1935/1755 1795/1930/1750 1798/1933/1753
f 1800/1935/1755 1801/1936/1756 1796/1931/1751 1795/1930/1750
f 1797/1932/1752 1802/1937/1757 1803/1938/1758 1798/1933/1753
f 1802/1937/1757 1804/1939/1759 1805/1940/1760 1803/1938/1758
f 1806/1941/1761 1807/1942/1762 1803/1938/1758 1805/1940/1760
f 1807/1942/1762 1799/1934/1754 1798/1933/1753 1803/1938/1758
f 1808/1943/1763 1809/1944/1764 1810/1945/1765 1811/1946/1766
f 1809/1944/1764 1812/1947/1767 1813/1948/1768 1810/1945/1765
f 1799/1934/1754 1807/1942/1762 1810/1945/1765 1813/1948/1768
f 1807/1942/1762 1806/1941/1761 1811/1946/1766 1810/1945/1765
f 1812/1947/1767 1814/1949/1769 1815/1950/1770 1813/1948/1768
f 1814/1949/1769 1816/1951/1771 1817/1952/1772 1815/1950/1770
f 1801/1936/1756 1800/1935/1755 1815/1950/1770 1817/1952/1772
f 1800/1935/1755 1799/1934/1754 1813/1948/1768 1815/1950/1770
f 1816/1951/1771 1814/1949/1769 1818/1953/1773 1819/1954/1774
f 1814/1949/1769 1812/1947/1767 1820/1955/1775 1818/1953/1773
f 1821/1956/1776 1822/1957/1777 1818/1953/1773 1820/1955/1775
f 1822/1957/1777 1823/1958/1778 1819/1954/1774 1818/1953/1773
f 1812/1947/1767 1809/1944/1764 1824/1959/1779 1820/1955/1775
f 1809/1944/1764 1808/1943/1763 1825/1960/1780 1824/1959/1779
f 1826/1961/1781 1827/1962/1782 1824/1959/1779 1825/1960/1780
f 1827/1962/1782 1821/1956/1776 1820/1955/1775 1824/1959/1779
f 1828/1963/1783 1829/1964/1784 1830/1965/1785 1831/1966/1786
f 1829/1964/1784 1832/1967/1787 1833/1968/1788 1830/1965/1785
f 1821/1956/1776 1827/1962/1782 1830/1965/1785 1833/1968/1788
f 1827/1962/1782 1826/1961/1781 1831/1966/1786 1830/1965/1785
f 1832/1967/1787 1834/1969/1789 1835/1970/1790 1833/1968/1788
f 1834/1969/1789 1836/1971/1791 1837/1972/1792 1835/1970/1790
f 1823/1958/1778 1822/1957/1777 1835/1970/1790 1837/1972/1792
f 1822/1957/1777 1821/1956/1776 1833/1968/1788 1835/1970/1790
f 1836/1971/1791 1834/1969/1789 1838/1973/1793 1839/1974/1794
f 1834/1969/1789 1832/1967/1787 1840/1975/1795 1838/1973/1793
f 1841/1976/1796 1842/1977/1797 1838/1973/1793 1840/1975/1795
f 1842/1977/1797 1843/1978/1798 1839/1974/1794 1838/1973/1793
f 1832/1967/1787 1829/1964/1784 1844/1979/1799 1840/1975/1795
f 1829/1964/1784 1828/1963/1783 1845/1980/1800 1844/1979/1799
f 1846/1981/1801 1847/1982/1802 1844/1979/1799 1845/1980/1800
f 1847/1982/1802 1841/1976/1796 1840/1975/1795 1844/1979/1799
f 1848/1983/1803 1849/1984/1804 1850/1985/1805 1851/1986/1806
f 1849/1984/1804 1852/1987/1807 1853/1988/1808 1850/1985/1805
f 1841/1976/1796 1847/1982/1802 1850/1985/1805 1853/1988/1808
f 1847/1982/1802 1846/1981/1801 1851/1986/1806 1850/1985/1805
f 1852/1987/1807 1854/1989/1809 1855/1990/1810 1853/1988/1808
f 1854/1989/1809 1856/1991/1811 1857/1992/1812 1855/1990/1810
f 1843/1978/1798 1842/1977/1797 1855/1990/1810 1857/1992/1812
f 1842/1977/1797 1841/1976/1796 1853/1988/1808 1855/1990/1810
f 1856/1991/1811 1854/1989/1809 1858/1993/1813 1859/1994/1814
f 1854/1989/1809 1852/1987/1807 1860/1995/1815 1858/1993/1813
f 1861/1996/1816 1862/1997/1817 1858/1993/1813 1860/1995/1815
f 1862/1997/1817 1863/1998/1818 1859/1994/1814 1858/1993/1813
f 1852/1987/1807 1849/1984/1804 1864/1999/1819 1860/1995/1815
f 1849/1984/1804 1848/1983/1803 1865/2000/1820 1864/1999/1819
f 1866/2001/1821 1867/2002/1822 1864/1999/1819 1865/2000/1820
f 1867/2002/1822 1861/1996/1816 1860/1995/1815 1864/1999/1819
f 1868/2003/1823 1869/2004/1824 1870/2005/1825 1871/2006/1826
f 1869/2004/1824 1872/2007/1827 1873/2008/1828 1870/2005/1825
f 1861/1996/1816 1867/2002/1822 1870/2005/1825 1873/2008/1828
f 1867/2002/1822 1866/2001/1821 1871/2006/1826 1870/2005/1825
f 1872/2007/1827 1874/2009/1829 1875/2010/1830 1873/2008/1828
f 1874/2009/1829 1876/2011/1831 1877/2012/1832 1875/2010/1830
f 1863/1998/1818 1862/1997/1817 1875/2010/1830 1877/2012/1832
f 1862/1997/1817 1861/1996/1816 1873/2008/1828 1875/2010/1830
f 1878/2013/1833 1879/2014/1834 1880/2015/1835 1881/2016/1836
f 1879/2014/1834 1882/2017/1837 1883/2018/1838 1880/2015/1835
f 1884/2019/1839 1885/2020/1840 1880/2015/1835 1883/2018/1838
f 1885/2020/1840 1886/2021/1841 1881/2016/1836 1880/2015/1835
f 1882/2017/1837 1887/2022/1842 1888/2023/1843 1883/2018/1838
f 1887/2022/1842 1793/1928/1748 1796/1931/1751 1888/2023/1843
f 1801/1936/1756 1889/2024/1844 1888/2023/1843 1796/1931/1751
f 1889/2024/1844 1884/2019/1839 1883/2018/1838 1888/2023/1843
f 1816/1951/1771 1890/2025/1845 1891/2026/1846 1817/1952/1772
f 1890/2025/1845 1892/2027/1847 1893/2028/1848 1891/2026/1846
f 1884/2019/1839 1889/2024/1844 1891/2026/1846 1893/2028/1848
f 1889/2024/1844 1801/1936/1756 1817/1952/1772 1891/2026/1846
f 1892/2027/1847 1894/2029/1849 1895/2030/1850 1893/2028/1848
f 1894/2029/1849 1896/2031/1851 1897/2032/1852 1895/2030/1850
f 1886/2021/1841 1885/2020/1840 1895/2030/1850 1897/2032/1852
f 1885/2020/1840 1884/2019/1839 1893/2028/1848 1895/2030/1850
f 1896/2031/1851 1894/2029/1849 1898/2033/1853 1899/2034/1854
f 1894/2029/1849 1892/2027/1847 1900/2035/1855 1898/2033/1853
f 1901/2036/1856 1902/2037/1857 1898/2033/1853 1900/2035/1855
f 1902/2037/1857 1903/2038/1858 1899/2034/1854 1898/2033/1853
f 1892/2027/1847 1890/2025/1845 1904/2039/1859 1900/2035/1855
f 1890/2025/1845 1816/1951/1771 1819/1954/1774 1904/2039/1859
f 1823/1958/1778 1905/2040/1860 1904/2039/1859 1819/1954/1774
f 1905/2040/1860 1901/2036/1856 1900/2035/1855 1904/2039/1859
f 1836/1971/1791 1906/2041/1861 1907/2042/1862 1837/1972/1792
f 1906/2041/1861 1908/2043/1863 1909/2044/1864 1907/2042/1862
f 1901/2036/1856 1905/2040/1860 1907/2042/1862 1909/2044/1864
f 1905/2040/1860 1823/1958/1778 1837/1972/1792 1907/2042/1862
f 1908/2043/1863 1910/2045/1865 1911/2046/1866 1909/2044/1864
f 1910/2045/1865 1912/2047/1867 1913/2048/1868 1911/2046/1866
f 1903/2038/1858 1902/2037/1857 1911/2046/1866 1913/2048/1868
f 1902/2037/1857 1901/2036/1856 1909/2044/1864 1911/2046/1866
f 1912/2047/1867 1910/2045/1865 1914/2049/1869 1915/2050/1870
f 1910/2045/1865 1908/2043/1863 1916/2051/1871 1914/2049/1869
f 1917/2052/1872 1918/2053/1873 1914/2049/1869 1916/2051/1871
f 1918/2053/1873 1919/2054/1874 1915/2050/1870 1914/2049/1869
f 1908/2043/1863 1906/2041/1861 1920/2055/1875 1916/2051/1871
f 1906/2041/1861 1836/1971/1791 1839/1974/1794 1920/2055/1875
f 1843/1978/1798 1921/2056/1876 1920/2055/1875 1839/1974/1794
f 1921/2056/1876 1917/2052/1872 1916/2051/1871 1920/2055/1875
f 1856/1991/1811 1922/2057/1877 1923/2058/1878 1857/1992/1812
f 1922/2057/1877 1924/2059/1879 1925/2060/1880 1923/2058/1878
f 1917/2052/1872 1921/2056/1876 1923/2058/1878 1925/2060/1880
f 1921/2056/1876 1843/1978/1798 1857/1992/1812 1923/2058/1878
f 1924/2059/1879 1926/2061/1881 1927/2062/1882 1925/2060/1880
f 1926/2061/1881 1928/2063/1883 1929/2064/1884 1927/2062/1882
f 1919/2054/1874 1918/2053/1873 1927/2062/1882 1929/2064/1884
f 1918/2053/1873 1917/2052/1872 1925/2060/1880 1927/2062/1882
f 1928/2063/1883 1926/2061/1881 1930/2065/1885 1931/2066/1886
f 1926/2061/1881 1924/2059/1879 1932/2067/1887 1930/2065/1885
f 1933/2068/1888 1934/2069/1889 1930/2065/1885 1932/2067/1887
f 1934/2069/1889 1935/2070/1890 1931/2066/1886 1930/2065/1885
f 1924/2059/1879 1922/2057/1877 1936/2071/1891 1932/2067/1887
f 1922/2057/1877 1856/1991/1811 1859/1994/1814 1936/2071/1891
f 1863/1998/1818 1937/2072/1892 1936/2071/1891 1859/1994/1814
f 1937/2072/1892 1933/2068/1888 1932/2067/1887 1936/2071/1891
f 1876/2011/1831 1938/2073/1893 1939/2074/1894 1877/2012/1832
f 1938/2073/1893 1940/2075/1895 1941/2076/1896 1939/2074/1894
f 1933/2068/1888 1937/2072/1892 1939/2074/1894 1941/2076/1896
f 1937/2072/1892 1863/1998/1818 1877/2012/1832 1939/2074/1894
f 1940/2075/1895 1942/2077/1897 1943/2078/1898 1941/2076/1896
f 1942/2077/1897 1944/2079/1899 1945/2080/1900 1943/2078/1898
f 1935/2070/1890 1934/2069/1889 1943/2078/1898 1945/2080/1900
f 1934/2069/1889 1933/2068/1888 1941/2076/1896 1943/2078/1898
f 1946/2081/1901 1947/2082/1902 1948/2083/1903 1949/2084/1904
f 1947/2082/1902 1950/2085/1905 1951/2086/1906 1948/2083/1903
f 1952/2087/1907 1953/2088/1908 1948/2083/1903 1951/2086/1906
f 1953/2088/1908 1954/2089/1909 1949/2084/1904 1948/2083/1903
f 1950/2085/1905 1955/2090/1910 1956/2091/1911 1951/2086/1906
f 1955/2090/1910 1878/2013/1833 1881/2016/1836 1956/2091/1911
f 1886/2021/1841 1957/2092/1912 1956/2091/1911 1881/2016/1836
f 1957/2092/1912 1952/2087/1907 1951/2086/1906 1956/2091/1911
f 1896/2031/1851 1958/2093/1913 1959/2094/1914 1897/2032/1852
f 1958/2093/1913 1960/2095/1915 1961/2096/1916 1959/2094/1914
f 1952/2087/1907 1957/2092/1912 1959/2094/1914 1961/2096/1916
f 1957/2092/1912 1886/2021/1841 1897/2032/1852 1959/2094/1914
f 1960/2095/1915 1962/2097/1917 1963/2098/1918 1961/2096/1916
f 1962/2097/1917 1964/2099/1919 1965/2100/1920 1963/2098/1918
f 1954/2089/1909 1953/2088/1908 1963/2098/1918 1965/2100/1920
f 1953/2088/1908 1952/2087/1907 1961/2096/1916 1963/2098/1918
f 1964/2099/1919 1962/2097/1917 1966/2101/1921 1967/2102/1922
f 1962/2097/1917 1960/2095/1915 1968/2103/1923 1966/2101/1921
f 1969/2104/1924 1970/2105/1925 1966/2101/1921 1968/2103/1923
f 1970/2105/1925 1971/2106/1926 1967/2102/1922 1966/2101/1921
f 1960/2095/1915 1958/2093/1913 1972/2107/1927 1968/2103/1923
f 1958/2093/1913 1896/2031/1851 1899/2034/1854 1972/2107/1927
f 1903/2038/1858 1973/2108/1928 1972/2107/1927 1899/2034/1854
f 1973/2108/1928 1969/2104/1924 1968/2103/1923 1972/2107/1927
f 1912/2047/1867 1974/2109/1929 1975/2110/1930 1913/2048/1868
f 1974/2109/1929 1976/2111/1931 1977/2112/1932 1975/2110/1930
f 1969/2104/1924 1973/2108/1928 1975/2110/1930 1977/2112/1932
f 1973/2108/1928 1903/2038/1858 1913/2048/1868 1975/2110/1930
f 1976/2111/1931 1978/2113/1933 1979/2114/1934 1977/2112/1932
f 1978/2113/1933 1980/2115/1935 1981/2116/1936 1979/2114/1934
f 1971/2106/1926 1970/2105/1925 1979/2114/1934 1981/2116/1936
f 1970/2105/1925 1969/2104/1924 1977/2112/1932 1979/2114/1934
f 1980/2115/1935 1978/2113/1933 1982/2117/1937 1983/2118/1938
f 1978/2113/1933 1976/2111/1931 1984/2119/1939 1982/2117/1937
f 1985/2120/1940 1986/2121/1941 1982/2117/1937 1984/2119/1939
f 1986/2121/1941 1987/2122/1942 1983/2118/1938 1982/2117/1937
f 1976/2111/1931 1974/2109/1929 1988/2123/1943 1984/2119/1939
f 1974/2109/1929 1912/2047/1867 1915/2050/1870 1988/2123/1943
f 1919/2054/1874 1989/2124/1944 1988/2123/1943 1915/2050/1870
f 1989/2124/1944 1985/2120/1940 1984/2119/1939 1988/2123/1943
f 1928/2063/1883 1990/2125/1945 1991/2126/1946 1929/2064/1884
f 1990/2125/1945 1992/2127/1947 1993/2128/1948 1991/2126/1946
f 1985/2120/1940 1989/2124/1944 1991/2126/1946 1993/2128/1948
f 1989/2124/1944 1919/2054/1874 1929/2064/1884 1991/2126/1946
f 1992/2127/1947 1994/2129/1949 1995/2130/1950 1993/2128/1948
f 1994/2129/1949 1996/2131/1951 1997/2132/1952 1995/2130/1950
f 1987/2122/1942 1986/2121/1941 1995/2130/1950 1997/2132/1952
f 1986/2121/1941 1985/2120/1940 1993/2128/1948 1995/2130/1950
f 1996/2131/1951 1994/2129/1949 1998/2133/1953 1999/2134/1954
f 1994/2129/1949 1992/2127/1947 2000/2135/1955 1998/2133/1953
f 2001/2136/1956 2002/2137/1957 1998/2133/1953 2000/2135/1955
f 2002/2137/1957 2003/2138/1958 1999/2134/1954 1998/2133/1953
f 1992/2127/1947 1990/2125/1945 2004/2139/1959 2000/2135/1955
f 1990/2125/1945 1928/2063/1883 1931/2066/1886 2004/2139/1959
f 1935/2070/1890 2005/2140/1960 2004/2139/1959 1931/2066/1886
f 2005/2140/1960 2001/2136/1956 2000/2135/1955 2004/2139/1959
f 1944/2079/1899 2006/2141/1961 2007/2142/1962 1945/2080/1900
f 2006/2141/1961 2008/2143/1963 2009/2144/1964 2007/2142/1962
f 2001/2136/1956 2005/2140/1960 2007/2142/1962 2009/2144/1964
f 2005/2140/1960 1935/2070/1890 1945/2080/1900 2007/2142/1962
f 2008/2143/1963 2010/2145/1965 2011/2146/1966 2009/2144/1964
f 2010/2145/1965 2012/2147/1967 2013/2148/1968 2011/2146/1966
f 2003/2138/1958 2002/2137/1957 2011/2146/1966 2013/2148/1968
f 2002/2137/1957 2001/2136/1956 2009/2144/1964 2011/2146/1966
f 2014/2149/1969 2015/2150/1970 2016/2151/1971 2017/2152/1972
f 2015/2150/1970 2018/2153/1973 2019/2154/1974 2016/2151/1971
f 2020/2155/1975 2021/2156/1976 2016/2151/1971 2019/2154/1974
f 2021/2156/1976 2022/2157/1977 2017/2152/1972 2016/2151/1971
f 2018/2153/1973 2023/2158/1978 2024/2159/1979 2019/2154/1974
f 2023/2158/1978 1946/2081/1901 1949/2084/1904 2024/2159/1979
f 1954/2089/1909 2025/2160/1980 2024/2159/1979 1949/2084/1904
f 2025/2160/1980 2020/2155/1975 2019/2154/1974 2024/2159/1979
f 1964/2099/1919 2026/2161/1981 2027/2162/1982 1965/2100/1920
f 2026/2161/1981 2028/2163/1983 2029/2164/1984 2027/2162/1982
f 2020/2155/1975 2025/2160/1980 2027/2162/1982 2029/2164/1984
f 2025/2160/1980 1954/2089/1909 1965/2100/1920 2027/2162/1982
f 2028/2163/1983 2030/2165/1985 2031/2166/1986 2029/2164/1984
f 2030/2165/1985 2032/2167/1987 2033/2168/1988 2031/2166/1986
f 2022/2157/1977 2021/2156/1976 2031/2166/1986 2033/2168/1988
f 2021/2156/1976 2020/2155/1975 2029/2164/1984 2031/2166/1986
f 2032/2167/1987 2030/2165/1985 2034/2169/1989 2035/2170/1990
f 2030/2165/1985 2028/2163/1983 2036/2171/1991 2034/2169/1989
f 2037/2172/1992 2038/2173/1993 2034/2169/1989 2036/2171/1991
f 2038/2173/1993 2039/2174/1994 2035/2170/1990 2034/2169/1989
f 2028/2163/1983 2026/2161/1981 2040/2175/1995 2036/2171/1991
f 2026/2161/1981 1964/2099/1919 1967/2102/1922 2040/2175/1995
f 1971/2106/1926 2041/2176/1996 2040/2175/1995 1967/2102/1922
f 2041/2176/1996 2037/2172/1992 2036/2171/1991 2040/2175/1995
f 1980/2115/1935 2042/2177/1997 2043/2178/1998 1981/2116/1936
f 2042/2177/1997 2044/2179/1999 2045/2180/2000 2043/2178/1998
f 2037/2172/1992 2041/2176/1996 2043/2178/1998 2045/2180/2000
f 2041/2176/1996 1971/2106/1926 1981/2116/1936 2043/2178/1998
f 2044/2179/1999 2046/2181/2001 2047/2182/2002 2045/2180/2000
f 2046/2181/2001 2048/2183/2003 2049/2184/2004 2047/2182/2002
f 2039/2174/1994 2038/2173/1993 2047/2182/2002 2049/2184/2004
f 2038/2173/1993 2037/2172/1992 2045/2180/2000 2047/2182/2002
f 2048/2183/2003 2046/2181/2001 2050/2185/2005 2051/2186/2006
f 2046/2181/2001 2044/2179/1999 2052/2187/2007 2050/2185/2005
f 2053/2188/2008 2054/2189/2009 2050/2185/2005 2052/2187/2007
f 2054/2189/2009 2055/2190/2010 2051/2186/2006 2050/2185/2005
f 2044/2179/1999 2042/2177/1997 2056/2191/2011 2052/2187/2007
f 2042/2177/1997 1980/2115/1935 1983/2118/1938 2056/2191/2011
f 1987/2122/1942 2057/2192/2012 2056/2191/2011 1983/2118/1938
f 2057/2192/2012 2053/2188/2008 2052/2187/2007 2056/2191/2011
f 1996/2131/1951 2058/2193/2013 2059/2194/2014 1997/2132/1952
f 2058/2193/2013 2060/2195/2015 2061/2196/2016 2059/2194/2014
f 2053/2188/2008 2057/2192/2012 2059/2194/2014 2061/2196/2016
f 2057/2192/2012 1987/2122/1942 1997/2132/1952 2059/2194/2014
f 2060/2195/2015 2062/2197/2017 2063/2198/2018 2061/2196/2016
f 2062/2197/2017 2064/2199/2019 2065/2200/2020 2063/2198/2018
f 2055/2190/2010 2054/2189/2009 2063/2198/2018 2065/2200/2020
f 2054/2189/2009 2053/2188/2008 2061/2196/2016 2063/2198/2018
f 2064/2199/2019 2062/2197/2017 2066/2201/2021 2067/2202/2022
f 2062/2197/2017 2060/2195/2015 2068/2203/2023 2066/2201/2021
f 2069/2204/2024 2070/2205/2025 2066/2201/2021 2068/2203/2023
f 2070/2205/2025 2071/2206/2026 2067/2202/2022 2066/2201/2021
f 2060/2195/2015 2058/2193/2013 2072/2207/2027 2068/2203/2023
f 2058/2193/2013 1996/2131/1951 1999/2134/1954 2072/2207/2027
f 2003/2138/1958 2073/2208/2028 2072/2207/2027 1999/2134/1954
f 2073/2208/2028 2069/2204/2024 2068/2203/2023 2072/2207/2027
f 2012/2147/1967 2074/2209/2029 2075/2210/2030 2013/2148/1968
f 2074/2209/2029 2076/2211/2031 2077/2212/2032 2075/2210/2030
f 2069/2204/2024 2073/2208/2028 2075/2210/2030 2077/2212/2032
f 2073/2208/2028 2003/2138/1958 2013/2148/1968 2075/2210/2030
f 2076/2211/2031 2078/2213/2033 2079/2214/2034 2077/2212/2032
f 2078/2213/2033 2080/2215/2035 2081/2216/2036 2079/2214/2034
f 2071/2206/2026 2070/2205/2025 2079/2214/2034 2081/2216/2036
f 2070/2205/2025 2069/2204/2024 2077/2212/2032 2079/2214/2034
f 1591/1662/1546 1600/1671/1555 2082/2217/2037 2083/2218/2038
f 1600/1671/1555 1599/1670/1554 2084/2219/2039 2082/2217/2037
f 1599/1670/1554 1598/1669/1553 2085/2220/2040 2084/2219/2039
f 1598/1669/1553 1482/1553/1437 2086/2221/2041 2085/2220/2040
f 1944/2079/1899 1942/2077/1897 2087/2222/2042 2088/2223/2043
f 1942/2077/1897 1940/2075/1895 2089/2224/2044 2087/2222/2042
f 2084/2219/2039 2085/2220/2040 2087/2222/2042 2089/2224/2044
f 2085/2220/2040 2086/2221/2041 2088/2223/2043 2087/2222/2042
f 1940/2075/1895 1938/2073/1893 2090/2225/2045 2089/2224/2044
f 1938/2073/1893 1876/2011/1831 2091/2226/2046 2090/2225/2045
f 2083/2218/2038 2082/2217/2037 2090/2225/2045 2091/2226/2046
f 2082/2217/2037 2084/2219/2039 2089/2224/2044 2090/2225/2045
f 1482/1553/1437 1481/1552/1436 2092/2227/2047 2086/2221/2041
f 1481/1552/1436 1480/1551/1435 2093/2228/2048 2092/2227/2047
f 1480/1551/1435 1479/1550/1434 2094/2229/2049 2093/2228/2048
f 1479/1550/1434 1478/1549/1433 2095/2230/2050 2094/2229/2049
f 2012/2147/1967 2010/2145/1965 2096/2231/2051 2097/2232/2052
f 2010/2145/1965 2008/2143/1963 2098/2233/2053 2096/2231/2051
f 2093/2228/2048 2094/2229/2049 2096/2231/2051 2098/2233/2053
f 2094/2229/2049 2095/2230/2050 2097/2232/2052 2096/2231/2051
f 2008/2143/1963 2006/2141/1961 2099/2234/2054 2098/2233/2053
f 2006/2141/1961 1944/2079/1899 2088/2223/2043 2099/2234/2054
f 2086/2221/2041 2092/2227/2047 2099/2234/2054 2088/2223/2043
f 2092/2227/2047 2093/2228/2048 2098/2233/2053 2099/2234/2054
f 1478/1549/1433 1490/1561/1445 2100/2235/2055 2095/2230/2050
f 1490/1561/1445 1489/1560/1444 2101/2236/2056 2100/2235/2055
f 1489/1560/1444 1488/1559/1443 2102/2237/2057 2101/2236/2056
f 1488/1559/1443 1487/1558/1442 2103/2238/2058 2102/2237/2057
f 2080/2215/2035 2078/2213/2033 2104/2239/2059 2105/2240/2060
f 2078/2213/2033 2076/2211/2031 2106/2241/2061 2104/2239/2059
f 2101/2236/2056 2102/2237/2057 2104/2239/2059 2106/2241/2061
f 2102/2237/2057 2103/2238/2058 2105/2240/2060 2104/2239/2059
f 2076/2211/2031 2074/2209/2029 2107/2242/2062 2106/2241/2061
f 2074/2209/2029 2012/2147/1967 2097/2232/2052 2107/2242/2062
f 2095/2230/2050 2100/2235/2055 2107/2242/2062 2097/2232/2052
f 2100/2235/2055 2101/2236/2056 2106/2241/2061 2107/2242/2062
f 1487/1558/1442 1498/1569/1453 2108/2243/2063 2103/2238/2058
f 1498/1569/1453 1497/1568/1452 2109/2244/2064 2108/2243/2063
f 1497/1568/1452 1496/1567/1451 2110/2245/2065 2109/2244/2064
f 1496/1567/1451 1495/1566/1450 2111/2246/2066 2110/2245/2065
f 2064/2199/2019 2067/2202/2022 2112/2247/2067 2113/2248/2068
f 2067/2202/2022 2071/2206/2026 2114/2249/2069 2112/2247/2067
f 2109/2244/2064 2110/2245/2065 2112/2247/2067 2114/2249/2069
f 2110/2245/2065 2111/2246/2066 2113/2248/2068 2112/2247/2067
f 2071/2206/2026 2081/2216/2036 2115/2250/2070 2114/2249/2069
f 2081/2216/2036 2080/2215/2035 2105/2240/2060 2115/2250/2070
f 2103/2238/2058 2108/2243/2063 2115/2250/2070 2105/2240/2060
f 2108/2243/2063 2109/2244/2064 2114/2249/2069 2115/2250/2070
f 1495/1566/1450 1506/1577/1461 2116/2251/2071 2111/2246/2066
f 1506/1577/1461 1505/1576/1460 2117/2252/2072 2116/2251/2071
f 1505/1576/1460 1504/1575/1459 2118/2253/2073 2117/2252/2072
f 1504/1575/1459 1503/1574/1458 2119/2254/2074 2118/2253/2073
f 2048/2183/2003 2051/2186/2006 2120/2255/2075 2121/2256/2076
f 2051/2186/2006 2055/2190/2010 2122/2257/2077 2120/2255/2075
f 2117/2252/2072 2118/2253/2073 2120/2255/2075 2122/2257/2077
f 2118/2253/2073 2119/2254/2074 2121/2256/2076 2120/2255/2075
f 2055/2190/2010 2065/2200/2020 2123/2258/2078 2122/2257/2077
f 2065/2200/2020 2064/2199/2019 2113/2248/2068 2123/2258/2078
f 2111/2246/2066 2116/2251/2071 2123/2258/2078 2113/2248/2068
f 2116/2251/2071 2117/2252/2072 2122/2257/2077 2123/2258/2078
f 1503/1574/1458 1514/1585/1469 2124/2259/2079 2119/2254/2074
f 1514/1585/1469 1513/1584/1468 2125/2260/2080 2124/2259/2079
f 1513/1584/1468 1512/1583/1467 2126/2261/2081 2125/2260/2080
f 1512/1583/1467 1511/1582/1466 2127/2262/2082 2126/2261/2081
f 2032/2167/1987 2035/2170/1990 2128/2263/2083 2129/2264/2084
f 2035/2170/1990 2039/2174/1994 2130/2265/2085 2128/2263/2083
f 2125/2260/2080 2126/2261/2081 2128/2263/2083 2130/2265/2085
f 2126/2261/2081 2127/2262/2082 2129/2264/2084 2128/2263/2083
f 2039/2174/1994 2049/2184/2004 2131/2266/2086 2130/2265/2085
f 2049/2184/2004 2048/2183/2003 2121/2256/2076 2131/2266/2086
f 2119/2254/2074 2124/2259/2079 2131/2266/2086 2121/2256/2076
f 2124/2259/2079 2125/2260/2080 2130/2265/2085 2131/2266/2086
f 1511/1582/1466 1522/1593/1477 2132/2267/2087 2127/2262/2082
f 1522/1593/1477 1521/1592/1476 2133/2268/2088 2132/2267/2087
f 1521/1592/1476 1520/1591/1475 2134/2269/2089 2133/2268/2088
f 1520/1591/1475 1519/1590/1474 2135/2270/2090 2134/2269/2089
f 2014/2149/1969 2017/2152/1972 2136/2271/2091 2137/2272/2092
f 2017/2152/1972 2022/2157/1977 2138/2273/2093 2136/2271/2091
f 2133/2268/2088 2134/2269/2089 2136/2271/2091 2138/2273/2093
f 2134/2269/2089 2135/2270/2090 2137/2272/2092 2136/2271/2091
f 2022/2157/1977 2033/2168/1988 2139/2274/2094 2138/2273/2093
f 2033/2168/1988 2032/2167/1987 2129/2264/2084 2139/2274/2094
f 2127/2262/2082 2132/2267/2087 2139/2274/2094 2129/2264/2084
f 2132/2267/2087 2133/2268/2088 2138/2273/2093 2139/2274/2094
f 1519/1590/1474 1530/1601/1485 2140/2275/2095 2135/2270/2090
f 1530/1601/1485 1529/1600/1484 2141/2276/2096 2140/2275/2095
f 1529/1600/1484 1528/1599/1483 2142/2277/2097 2141/2276/2096
f 1528/1599/1483 1527/1598/1482 2143/2278/2098 2142/2277/2097
f 1946/2081/1901 2023/2158/1978 2144/2279/2099 2145/2280/2100
f 2023/2158/1978 2018/2153/1973 2146/2281/2101 2144/2279/2099
f 2141/2276/2096 2142/2277/2097 2144/2279/2099 2146/2281/2101
f 2142/2277/2097 2143/2278/2098 2145/2280/2100 2144/2279/2099
f 2018/2153/1973 2015/2150/1970 2147/2282/2102 2146/2281/2101
f 2015/2150/1970 2014/2149/1969 2137/2272/2092 2147/2282/2102
f 2135/2270/2090 2140/2275/2095 2147/2282/2102 2137/2272/2092
f 2140/2275/2095 2141/2276/2096 2146/2281/2101 2147/2282/2102
f 1527/1598/1482 1538/1609/1493 2148/2283/2103 2143/2278/2098
f 1538/1609/1493 1537/1608/1492 2149/2284/2104 2148/2283/2103
f 1537/1608/1492 1536/1607/1491 2150/2285/2105 2149/2284/2104
f 1536/1607/1491 1535/1606/1490 2151/2286/2106 2150/2285/2105
f 1878/2013/1833 1955/2090/1910 2152/2287/2107 2153/2288/2108
f 1955/2090/1910 1950/2085/1905 2154/2289/2109 2152/2287/2107
f 2149/2284/2104 2150/2285/2105 2152/2287/2107 2154/2289/2109
f 2150/2285/2105 2151/2286/2106 2153/2288/2108 2152/2287/2107
f 1950/2085/1905 1947/2082/1902 2155/2290/2110 2154/2289/2109
f 1947/2082/1902 1946/2081/1901 2145/2280/2100 2155/2290/2110
f 2143/2278/2098 2148/2283/2103 2155/2290/2110 2145/2280/2100
f 2148/2283/2103 2149/2284/2104 2154/2289/2109 2155/2290/2110
f 1535/1606/1490 1546/1617/1501 2156/2291/2111 2151/2286/2106
f 1546/1617/1501 1545/1616/1500 2157/2292/2112 2156/2291/2111
f 1545/1616/1500 1544/1615/1499 2158/2293/2113 2157/2292/2112
f 1544/1615/1499 1543/1614/1498 2159/2294/2114 2158/2293/2113
f 1793/1928/1748 1887/2022/1842 2160/2295/2115 2161/2296/2116
f 1887/2022/1842 1882/2017/1837 2162/2297/2117 2160/2295/2115
f 2157/2292/2112 2158/2293/2113 2160/2295/2115 2162/2297/2117
f 2158/2293/2113 2159/2294/2114 2161/2296/2116 2160/2295/2115
f 1882/2017/1837 1879/2014/1834 2163/2298/2118 2162/2297/2117
f 1879/2014/1834 1878/2013/1833 2153/2288/2108 2163/2298/2118
f 2151/2286/2106 2156/2291/2111 2163/2298/2118 2153/2288/2108
f 2156/2291/2111 2157/2292/2112 2162/2297/2117 2163/2298/2118
f 1543/1614/1498 1554/1625/1509 2164/2299/2119 2159/2294/2114
f 1554/1625/1509 1553/1624/1508 2165/2300/2120 2164/2299/2119
f 1553/1624/1508 1552/1623/1507 2166/2301/2121 2165/2300/2120
f 1552/1623/1507 1551/1622/1506 2167/2302/2122 2166/2301/2121
f 1804/1939/1759 1802/1937/1757 2168/2303/2123 2169/2304/2124
f 1802/1937/1757 1797/1932/1752 2170/2305/2125 2168/2303/2123
f 2165/2300/2120 2166/2301/2121 2168/2303/2123 2170/2305/2125
f 2166/2301/2121 2167/2302/2122 2169/2304/2124 2168/2303/2123
f 1797/1932/1752 1794/1929/1749 2171/2306/2126 2170/2305/2125
f 1794/1929/1749 1793/1928/1748 2161/2296/2116 2171/2306/2126
f 2159/2294/2114 2164/2299/2119 2171/2306/2126 2161/2296/2116
f 2164/2299/2119 2165/2300/2120 2170/2305/2125 2171/2306/2126
f 1551/1622/1506 1562/1633/1517 2172/2307/2127 2167/2302/2122
f 1562/1633/1517 1561/1632/1516 2173/2308/2128 2172/2307/2127
f 1561/1632/1516 1560/1631/1515 2174/2309/2129 2173/2308/2128
f 1560/1631/1515 1559/1630/1514 2175/2310/2130 2174/2309/2129
f 1808/1943/1763 1811/1946/1766 2176/2311/2131 2177/2312/2132
f 1811/1946/1766 1806/1941/1761 2178/2313/2133 2176/2311/2131
f 2173/2308/2128 2174/2309/2129 2176/2311/2131 2178/2313/2133
f 2174/2309/2129 2175/2310/2130 2177/2312/2132 2176/2311/2131
f 1806/1941/1761 1805/1940/1760 2179/2314/2134 2178/2313/2133
f 1805/1940/1760 1804/1939/1759 2169/2304/2124 2179/2314/2134
f 2167/2302/2122 2172/2307/2127 2179/2314/2134 2169/2304/2124
f 2172/2307/2127 2173/2308/2128 2178/2313/2133 2179/2314/2134
f 1559/1630/1514 1570/1641/1525 2180/2315/2135 2175/2310/2130
f 1570/1641/1525 1569/1640/1524 2181/2316/2136 2180/2315/2135
f 1569/1640/1524 1568/1639/1523 2182/2317/2137 2181/2316/2136
f 1568/1639/1523 1567/1638/1522 2183/2318/2138 2182/2317/2137
f 1828/1963/1783 1831/1966/1786 2184/2319/2139 2185/2320/2140
f 1831/1966/1786 1826/1961/1781 2186/2321/2141 2184/2319/2139
f 2181/2316/2136 2182/2317/2137 2184/2319/2139 2186/2321/2141
f 2182/2317/2137 2183/2318/2138 2185/2320/2140 2184/2319/2139
f 1826/1961/1781 1825/1960/1780 2187/2322/2142 2186/2321/2141
f 1825/1960/1780 1808/1943/1763 2177/2312/2132 2187/2322/2142
f 2175/2310/2130 2180/2315/2135 2187/2322/2142 2177/2312/2132
f 2180/2315/2135 2181/2316/2136 2186/2321/2141 2187/2322/2142
f 1567/1638/1522 1578/1649/1533 2188/2323/2143 2183/2318/2138
f 1578/1649/1533 1577/1648/1532 2189/2324/2144 2188/2323/2143
f 1577/1648/1532 1576/1647/1531 2190/2325/2145 2189/2324/2144
f 1576/1647/1531 1575/1646/1530 2191/2326/2146 2190/2325/2145
f 1848/1983/1803 1851/1986/1806 2192/2327/2147 2193/2328/2148
f 1851/1986/1806 1846/1981/1801 2194/2329/2149 2192/2327/2147
f 2189/2324/2144 2190/2325/2145 2192/2327/2147 2194/2329/2149
f 2190/2325/2145 2191/2326/2146 2193/2328/2148 2192/2327/2147
f 1846/1981/1801 1845/1980/1800 2195/2330/2150 2194/2329/2149
f 1845/1980/1800 1828/1963/1783 2185/2320/2140 2195/2330/2150
f 2183/2318/2138 2188/2323/2143 2195/2330/2150 2185/2320/2140
f 2188/2323/2143 2189/2324/2144 2194/2329/2149 2195/2330/2150
f 1575/1646/1530 1586/1657/1541 2196/2331/2151 2191/2326/2146
f 1586/1657/1541 1585/1656/1540 2197/2332/2152 2196/2331/2151
f 1585/1656/1540 1584/1655/1539 2198/2333/2153 2197/2332/2152
f 1584/1655/1539 1583/1654/1538 2199/2334/2154 2198/2333/2153
f 1868/2003/1823 1871/2006/1826 2200/2335/2155 2201/2336/2156
f 1871/2006/1826 1866/2001/1821 2202/2337/2157 2200/2335/2155
f 2197/2332/2152 2198/2333/2153 2200/2335/2155 2202/2337/2157
f 2198/2333/2153 2199/2334/2154 2201/2336/2156 2200/2335/2155
f 1866/2001/1821 1865/2000/1820 2203/2338/2158 2202/2337/2157
f 1865/2000/1820 1848/1983/1803 2193/2328/2148 2203/2338/2158
f 2191/2326/2146 2196/2331/2151 2203/2338/2158 2193/2328/2148
f 2196/2331/2151 2197/2332/2152 2202/2337/2157 2203/2338/2158
f 1583/1654/1538 1594/1665/1549 2204/2339/2159 2199/2334/2154
f 1594/1665/1549 1593/1664/1548 2205/2340/2160 2204/2339/2159
f 1593/1664/1548 1592/1663/1547 2206/2341/2161 2205/2340/2160
f 1592/1663/1547 1591/1662/1546 2083/2218/2038 2206/2341/2161
f 1876/2011/1831 1874/2009/1829 2207/2342/2162 2091/2226/2046
f 1874/2009/1829 1872/2007/1827 2208/2343/2163 2207/2342/2162
f 2205/2340/2160 2206/2341/2161 2207/2342/2162 2208/2343/2163
f 2206/2341/2161 2083/2218/2038 2091/2226/2046 2207/2342/2162
f 1872/2007/1827 1869/2004/1824 2209/2344/2164 2208/2343/2163
f 1869/2004/1824 1868/2003/1823 2201/2336/2156 2209/2344/2164
f 2199/2334/2154 2204/2339/2159 2209/2344/2164 2201/2336/2156
f 2204/2339/2159 2205/2340/2160 2208/2343/2163 2209/2344/2164
f 2210/2345/2165 2211/2346/2166 2212/2347/2167 2213/2348/2168
f 2211/2346/2166 2214/2349/2169 2215/2350/2170 2212/2347/2167
f 2216/2351/2171 2217/2352/2172 2212/2347/2167 2215/2350/2170
f 2217/2352/2172 2218/2353/2173 2213/2348/2168 2212/2347/2167
f 2214/2349/2169 713/718/668 711/716/666 2215/2350/2170
f 2216/2351/2171 2215/2350/2170 711/716/666 709/714/664
f 705/710/660 2219/2354/2174 2220/2355/2175 706/711/661
f 2216/2351/2171 709/714/664 706/711/661 2220/2355/2175
f 2219/2354/2174 2221/2356/2176 2222/2357/2177 2220/2355/2175
f 2221/2356/2176 2223/2358/2178 2224/2359/2179 2222/2357/2177
f 2218/2353/2173 2217/2352/2172 2222/2357/2177 2224/2359/2179
f 2217/2352/2172 2216/2351/2171 2220/2355/2175 2222/2357/2177
f 2225/2360/2180 2226/2361/2181 2227/2362/2182 2228/2363/2183
f 2226/2361/2181 2229/2364/2184 2230/2365/2185 2227/2362/2182
f 2231/2366/2186 2232/2367/2187 2227/2362/2182 2230/2365/2185
f 2232/2367/2187 2233/2368/2188 2228/2363/2183 2227/2362/2182
f 2229/2364/2184 726/731/681 724/729/679 2230/2365/2185
f 2231/2366/2186 2230/2365/2185 724/729/679 722/727/677
f 713/718/668 2214/2349/2169 2234/2369/2189 720/725/675
f 2231/2366/2186 722/727/677 720/725/675 2234/2369/2189
f 2214/2349/2169 2211/2346/2166 2235/2370/2190 2234/2369/2189
f 2211/2346/2166 2210/2345/2165 2236/2371/2191 2235/2370/2190
f 2233/2368/2188 2232/2367/2187 2235/2370/2190 2236/2371/2191
f 2232/2367/2187 2231/2366/2186 2234/2369/2189 2235/2370/2190
f 2237/2372/2192 2238/2373/2193 2239/2374/2194 2240/2375/2195
f 2238/2373/2193 2241/2376/2196 2242/2377/2197 2239/2374/2194
f 2243/2378/2198 2244/2379/2199 2239/2374/2194 2242/2377/2197
f 2244/2379/2199 2245/2380/2200 2240/2375/2195 2239/2374/2194
f 2241/2376/2196 738/743/693 736/741/691 2242/2377/2197
f 2243/2378/2198 2242/2377/2197 736/741/691 734/739/689
f 726/731/681 2229/2364/2184 2246/2381/2201 732/737/687
f 2243/2378/2198 734/739/689 732/737/687 2246/2381/2201
f 2229/2364/2184 2226/2361/2181 2247/2382/2202 2246/2381/2201
f 2226/2361/2181 2225/2360/2180 2248/2383/2203 2247/2382/2202
f 2245/2380/2200 2244/2379/2199 2247/2382/2202 2248/2383/2203
f 2244/2379/2199 2243/2378/2198 2246/2381/2201 2247/2382/2202
f 2249/2384/2204 2250/2385/2205 2251/2386/2206 2252/2387/2207
f 2250/2385/2205 2253/2388/2208 2254/2389/2209 2251/2386/2206
f 2255/2390/2210 2256/2391/2211 2251/2386/2206 2254/2389/2209
f 2256/2391/2211 2257/2392/2212 2252/2387/2207 2251/2386/2206
f 2253/2388/2208 750/755/705 748/753/703 2254/2389/2209
f 2255/2390/2210 2254/2389/2209 748/753/703 746/751/701
f 738/743/693 2241/2376/2196 2258/2393/2213 744/749/699
f 2255/2390/2210 746/751/701 744/749/699 2258/2393/2213
f 2241/2376/2196 2238/2373/2193 2259/2394/2214 2258/2393/2213
f 2238/2373/2193 2237/2372/2192 2260/2395/2215 2259/2394/2214
f 2257/2392/2212 2256/2391/2211 2259/2394/2214 2260/2395/2215
f 2256/2391/2211 2255/2390/2210 2258/2393/2213 2259/2394/2214
f 2261/2396/2216 2262/2397/2217 2263/2398/2218 2264/2399/2219
f 2262/2397/2217 2265/2400/2220 2266/2401/2221 2263/2398/2218
f 2267/2402/2222 2268/2403/2223 2263/2398/2218 2266/2401/2221
f 2268/2403/2223 2269/2404/2224 2264/2399/2219 2263/2398/2218
f 2265/2400/2220 762/767/717 760/765/715 2266/2401/2221
f 2267/2402/2222 2266/2401/2221 760/765/715 758/763/713
f 750/755/705 2253/2388/2208 2270/2405/2225 756/761/711
f 2267/2402/2222 758/763/713 756/761/711 2270/2405/2225
f 2253/2388/2208 2250/2385/2205 2271/2406/2226 2270/2405/2225
f 2250/2385/2205 2249/2384/2204 2272/2407/2227 2271/2406/2226
f 2269/2404/2224 2268/2403/2223 2271/2406/2226 2272/2407/2227
f 2268/2403/2223 2267/2402/2222 2270/2405/2225 2271/2406/2226
f 2273/2408/2228 2274/2409/2229 2275/2410/2230 2276/2411/2231
f 2274/2409/2229 2277/2412/2232 2278/2413/2233 2275/2410/2230
f 2279/2414/2234 2280/2415/2235 2275/2410/2230 2278/2413/2233
f 2280/2415/2235 2281/2416/2236 2276/2411/2231 2275/2410/2230
f 2277/2412/2232 774/779/729 772/777/727 2278/2413/2233
f 2279/2414/2234 2278/2413/2233 772/777/727 770/775/725
f 762/767/717 2265/2400/2220 2282/2417/2237 768/773/723
f 2279/2414/2234 770/775/725 768/773/723 2282/2417/2237
f 2265/2400/2220 2262/2397/2217 2283/2418/2238 2282/2417/2237
f 2262/2397/2217 2261/2396/2216 2284/2419/2239 2283/2418/2238
f 2281/2416/2236 2280/2415/2235 2283/2418/2238 2284/2419/2239
f 2280/2415/2235 2279/2414/2234 2282/2417/2237 2283/2418/2238
f 2285/2420/2240 2286/2421/2241 2287/2422/2242 2288/2423/2243
f 2286/2421/2241 2289/2424/2244 2290/2425/2245 2287/2422/2242
f 2291/2426/2246 2292/2427/2247 2287/2422/2242 2290/2425/2245
f 2292/2427/2247 2293/2428/2248 2288/2423/2243 2287/2422/2242
f 2289/2424/2244 786/791/741 784/789/739 2290/2425/2245
f 2291/2426/2246 2290/2425/2245 784/789/739 782/787/737
f 774/779/729 2277/2412/2232 2294/2429/2249 780/785/735
f 2291/2426/2246 782/787/737 780/785/735 2294/2429/2249
f 2277/2412/2232 2274/2409/2229 2295/2430/2250 2294/2429/2249
f 2274/2409/2229 2273/2408/2228 2296/2431/2251 2295/2430/2250
f 2293/2428/2248 2292/2427/2247 2295/2430/2250 2296/2431/2251
f 2292/2427/2247 2291/2426/2246 2294/2429/2249 2295/2430/2250
f 2297/2432/2252 2298/2433/2253 2299/2434/2254 2300/2435/2255
f 2298/2433/2253 2301/2436/2256 2302/2437/2257 2299/2434/2254
f 2303/2438/2258 2304/2439/2259 2299/2434/2254 2302/2437/2257
f 2304/2439/2259 2305/2440/2260 2300/2435/2255 2299/2434/2254
f 2301/2436/2256 798/803/753 796/801/751 2302/2437/2257
f 2303/2438/2258 2302/2437/2257 796/801/751 794/799/749
f 786/791/741 2289/2424/2244 2306/2441/2261 792/797/747
f 2303/2438/2258 794/799/749 792/797/747 2306/2441/2261
f 2289/2424/2244 2286/2421/2241 2307/2442/2262 2306/2441/2261
f 2286/2421/2241 2285/2420/2240 2308/2443/2263 2307/2442/2262
f 2305/2440/2260 2304/2439/2259 2307/2442/2262 2308/2443/2263
f 2304/2439/2259 2303/2438/2258 2306/2441/2261 2307/2442/2262
f 2309/2444/2264 2310/2445/2265 2311/2446/2266 2312/2447/2267
f 2310/2445/2265 2313/2448/2268 2314/2449/2269 2311/2446/2266
f 2315/2450/2270 2316/2451/2271 2311/2446/2266 2314/2449/2269
f 2316/2451/2271 2317/2452/2272 2312/2447/2267 2311/2446/2266
f 2313/2448/2268 810/815/765 808/813/763 2314/2449/2269
f 2315/2450/2270 2314/2449/2269 808/813/763 806/811/761
f 798/803/753 2301/2436/2256 2318/2453/2273 804/809/759
f 2315/2450/2270 806/811/761 804/809/759 2318/2453/2273
f 2301/2436/2256 2298/2433/2253 2319/2454/2274 2318/2453/2273
f 2298/2433/2253 2297/2432/2252 2320/2455/2275 2319/2454/2274
f 2317/2452/2272 2316/2451/2271 2319/2454/2274 2320/2455/2275
f 2316/2451/2271 2315/2450/2270 2318/2453/2273 2319/2454/2274
f 2321/2456/2276 2322/2457/2277 2323/2458/2278 2324/2459/2279
f 2322/2457/2277 2325/2460/2280 2326/2461/2281 2323/2458/2278
f 2327/2462/2282 2328/2463/2283 2323/2458/2278 2326/2461/2281
f 2328/2463/2283 2329/2464/2284 2324/2459/2279 2323/2458/2278
f 2325/2460/2280 822/827/777 820/825/775 2326/2461/2281
f 2327/2462/2282 2326/2461/2281 820/825/775 818/823/773
f 810/815/765 2313/2448/2268 2330/2465/2285 816/821/771
f 2327/2462/2282 818/823/773 816/821/771 2330/2465/2285
f 2313/2448/2268 2310/2445/2265 2331/2466/2286 2330/2465/2285
f 2310/2445/2265 2309/2444/2264 2332/2467/2287 2331/2466/2286
f 2329/2464/2284 2328/2463/2283 2331/2466/2286 2332/2467/2287
f 2328/2463/2283 2327/2462/2282 2330/2465/2285 2331/2466/2286
f 2333/2468/2288 2334/2469/2289 2335/2470/2290 2336/2471/2291
f 2334/2469/2289 2337/2472/2292 2338/2473/2293 2335/2470/2290
f 2339/2474/2294 2340/2475/2295 2335/2470/2290 2338/2473/2293
f 2340/2475/2295 2341/2476/2296 2336/2471/2291 2335/2470/2290
f 2337/2472/2292 834/839/789 832/837/787 2338/2473/2293
f 2339/2474/2294 2338/2473/2293 832/837/787 830/835/785
f 822/827/777 2325/2460/2280 2342/2477/2297 828/833/783
f 2339/2474/2294 830/835/785 828/833/783 2342/2477/2297
f 2325/2460/2280 2322/2457/2277 2343/2478/2298 2342/2477/2297
f 2322/2457/2277 2321/2456/2276 2344/2479/2299 2343/2478/2298
f 2341/2476/2296 2340/2475/2295 2343/2478/2298 2344/2479/2299
f 2340/2475/2295 2339/2474/2294 2342/2477/2297 2343/2478/2298
f 2345/2480/2300 2346/2481/2301 2347/2482/2302 2348/2483/2303
f 2346/2481/2301 2349/2484/2304 2350/2485/2305 2347/2482/2302
f 2351/2486/2306 2352/2487/2307 2347/2482/2302 2350/2485/2305
f 2352/2487/2307 2353/2488/2308 2348/2483/2303 2347/2482/2302
f 2349/2484/2304 846/851/801 844/849/799 2350/2485/2305
f 2351/2486/2306 2350/2485/2305 844/849/799 842/847/797
f 834/839/789 2337/2472/2292 2354/2489/2309 840/845/795
f 2351/2486/2306 842/847/797 840/845/795 2354/2489/2309
f 2337/2472/2292 2334/2469/2289 2355/2490/2310 2354/2489/2309
f 2334/2469/2289 2333/2468/2288 2356/2491/2311 2355/2490/2310
f 2353/2488/2308 2352/2487/2307 2355/2490/2310 2356/2491/2311
f 2352/2487/2307 2351/2486/2306 2354/2489/2309 2355/2490/2310
f 2357/2492/2312 2358/2493/2313 2359/2494/2314 2360/2495/2315
f 2358/2493/2313 2361/2496/2316 2362/2497/2317 2359/2494/2314
f 2363/2498/2318 2364/2499/2319 2359/2494/2314 2362/2497/2317
f 2364/2499/2319 2365/2500/2320 2360/2495/2315 2359/2494/2314
f 2361/2496/2316 858/863/813 856/861/811 2362/2497/2317
f 2363/2498/2318 2362/2497/2317 856/861/811 854/859/809
f 846/851/801 2349/2484/2304 2366/2501/2321 852/857/807
f 2363/2498/2318 854/859/809 852/857/807 2366/2501/2321
f 2349/2484/2304 2346/2481/2301 2367/2502/2322 2366/2501/2321
f 2346/2481/2301 2345/2480/2300 2368/2503/2323 2367/2502/2322
f 2365/2500/2320 2364/2499/2319 2367/2502/2322 2368/2503/2323
f 2364/2499/2319 2363/2498/2318 2366/2501/2321 2367/2502/2322
f 2369/2504/2324 2370/2505/2325 2371/2506/2326 2372/2507/2327
f 2370/2505/2325 2373/2508/2328 2374/2509/2329 2371/2506/2326
f 2375/2510/2330 2376/2511/2331 2371/2506/2326 2374/2509/2329
f 2376/2511/2331 2377/2512/2332 2372/2507/2327 2371/2506/2326
f 2373/2508/2328 870/875/825 868/873/823 2374/2509/2329
f 2375/2510/2330 2374/2509/2329 868/873/823 866/871/821
f 858/863/813 2361/2496/2316 2378/2513/2333 864/869/819
f 2375/2510/2330 866/871/821 864/869/819 2378/2513/2333
f 2361/2496/2316 2358/2493/2313 2379/2514/2334 2378/2513/2333
f 2358/2493/2313 2357/2492/2312 2380/2515/2335 2379/2514/2334
f 2377/2512/2332 2376/2511/2331 2379/2514/2334 2380/2515/2335
f 2376/2511/2331 2375/2510/2330 2378/2513/2333 2379/2514/2334
f 2381/2516/2336 2382/2517/2337 2383/2518/2338 2384/2519/2339
f 2382/2517/2337 2385/2520/2340 2386/2521/2341 2383/2518/2338
f 2387/2522/2342 2388/2523/2343 2383/2518/2338 2386/2521/2341
f 2388/2523/2343 2389/2524/2344 2384/2519/2339 2383/2518/2338
f 2385/2520/2340 882/887/837 880/885/835 2386/2521/2341
f 2387/2522/2342 2386/2521/2341 880/885/835 878/883/833
f 870/875/825 2373/2508/2328 2390/2525/2345 876/881/831
f 2387/2522/2342 878/883/833 876/881/831 2390/2525/2345
f 2373/2508/2328 2370/2505/2325 2391/2526/2346 2390/2525/2345
f 2370/2505/2325 2369/2504/2324 2392/2527/2347 2391/2526/2346
f 2389/2524/2344 2388/2523/2343 2391/2526/2346 2392/2527/2347
f 2388/2523/2343 2387/2522/2342 2390/2525/2345 2391/2526/2346
f 2223/2358/2178 2221/2356/2176 2393/2528/2348 2394/2529/2349
f 2221/2356/2176 2219/2354/2174 2395/2530/2350 2393/2528/2348
f 2396/2531/2351 2397/2532/2352 2393/2528/2348 2395/2530/2350
f 2397/2532/2352 2398/2533/2353 2394/2529/2349 2393/2528/2348
f 2219/2354/2174 705/710/660 892/897/847 2395/2530/2350
f 2396/2531/2351 2395/2530/2350 892/897/847 890/895/845
f 882/887/837 2385/2520/2340 2399/2534/2354 888/893/843
f 2396/2531/2351 890/895/845 888/893/843 2399/2534/2354
f 2385/2520/2340 2382/2517/2337 2400/2535/2355 2399/2534/2354
f 2382/2517/2337 2381/2516/2336 2401/2536/2356 2400/2535/2355
f 2398/2533/2353 2397/2532/2352 2400/2535/2355 2401/2536/2356
f 2397/2532/2352 2396/2531/2351 2399/2534/2354 2400/2535/2355
f 1602/1673/1557 1165/1175/1120 1164/1174/1119 1603/1674/1558
f 1606/1677/1561 1603/1674/1558 1164/1174/1119 1163/1173/1118
f 1614/1690/1569 1166/1176/1121 1167/1177/1122 1615/1691/1570
f 1165/1175/1120 1602/1673/1557 1615/1691/1570 1167/1177/1122
f 1617/1693/1572 1177/1191/1132 1176/1190/1131 1618/1694/1573
f 1166/1176/1121 1614/1690/1569 1618/1694/1573 1176/1190/1131
f 1626/1706/1581 1178/1192/1133 1179/1193/1134 1627/1707/1582
f 1177/1191/1132 1617/1693/1572 1627/1707/1582 1179/1193/1134
f 1629/1709/1584 1189/1207/1144 1188/1206/1143 1630/1710/1585
f 1178/1192/1133 1626/1706/1581 1630/1710/1585 1188/1206/1143
f 1638/1722/1593 1190/1208/1145 1191/1209/1146 1639/1723/1594
f 1189/1207/1144 1629/1709/1584 1639/1723/1594 1191/1209/1146
f 1641/1725/1596 1201/1223/1156 1200/1222/1155 1642/1726/1597
f 1190/1208/1145 1638/1722/1593 1642/1726/1597 1200/1222/1155
f 1650/1738/1605 1202/1224/1157 1203/1225/1158 1651/1739/1606
f 1201/1223/1156 1641/1725/1596 1651/1739/1606 1203/1225/1158
f 1653/1741/1608 1213/1239/1168 1212/1238/1167 1654/1742/1609
f 1202/1224/1157 1650/1738/1605 1654/1742/1609 1212/1238/1167
f 1662/1754/1617 1214/1240/1169 1215/1241/1170 1663/1755/1618
f 1213/1239/1168 1653/1741/1608 1663/1755/1618 1215/1241/1170
f 1665/1757/1620 1225/1255/1180 1224/1254/1179 1666/1758/1621
f 1214/1240/1169 1662/1754/1617 1666/1758/1621 1224/1254/1179
f 1674/1770/1629 1226/1256/1181 1227/1257/1182 1675/1771/1630
f 1225/1255/1180 1665/1757/1620 1675/1771/1630 1227/1257/1182
f 1677/1773/1632 1237/1271/1192 1236/1270/1191 1678/1774/1633
f 1226/1256/1181 1674/1770/1629 1678/1774/1633 1236/1270/1191
f 1686/1786/1641 1238/1272/1193 1239/1273/1194 1687/1787/1642
f 1237/1271/1192 1677/1773/1632 1687/1787/1642 1239/1273/1194
f 1689/1789/1644 1249/1287/1204 1248/1286/1203 1690/1790/1645
f 1238/1272/1193 1686/1786/1641 1690/1790/1645 1248/1286/1203
f 1698/1802/1653 1250/1288/1205 1251/1289/1206 1699/1803/1654
f 1249/1287/1204 1689/1789/1644 1699/1803/1654 1251/1289/1206
f 1701/1805/1656 1261/1303/1216 1260/1302/1215 1702/1806/1657
f 1250/1288/1205 1698/1802/1653 1702/1806/1657 1260/1302/1215
f 1710/1818/1665 1262/1304/1217 1263/1305/1218 1711/1819/1666
f 1261/1303/1216 1701/1805/1656 1711/1819/1666 1263/1305/1218
f 1713/1821/1668 1273/1319/1228 1272/1318/1227 1714/1822/1669
f 1262/1304/1217 1710/1818/1665 1714/1822/1669 1272/1318/1227
f 1722/1834/1677 1274/1320/1229 1275/1321/1230 1723/1835/1678
f 1273/1319/1228 1713/1821/1668 1723/1835/1678 1275/1321/1230
f 1725/1837/1680 1285/1335/1240 1284/1334/1239 1726/1838/1681
f 1274/1320/1229 1722/1834/1677 1726/1838/1681 1284/1334/1239
f 1734/1850/1689 1286/1336/1241 1287/1337/1242 1735/1851/1690
f 1285/1335/1240 1725/1837/1680 1735/1851/1690 1287/1337/1242
f 1737/1853/1692 1297/1351/1252 1296/1350/1251 1738/1854/1693
f 1286/1336/1241 1734/1850/1689 1738/1854/1693 1296/1350/1251
f 1746/1866/1701 1298/1352/1253 1299/1353/1254 1747/1867/1702
f 1297/1351/1252 1737/1853/1692 1747/1867/1702 1299/1353/1254
f 1749/1869/1704 1309/1367/1264 1308/1366/1263 1750/1870/1705
f 1298/1352/1253 1746/1866/1701 1750/1870/1705 1308/1366/1263
f 1758/1882/1713 1310/1368/1265 1311/1369/1266 1759/1883/1714
f 1309/1367/1264 1749/1869/1704 1759/1883/1714 1311/1369/1266
f 1761/1885/1716 1321/1383/1276 1320/1382/1275 1762/1886/1717
f 1310/1368/1265 1758/1882/1713 1762/1886/1717 1320/1382/1275
f 1770/1898/1725 1322/1384/1277 1323/1385/1278 1771/1899/1726
f 1321/1383/1276 1761/1885/1716 1771/1899/1726 1323/1385/1278
f 1773/1901/1728 1333/1399/1288 1332/1398/1287 1774/1902/1729
f 1322/1384/1277 1770/1898/1725 1774/1902/1729 1332/1398/1287
f 1782/1914/1737 1334/1400/1289 1335/1401/1290 1783/1915/1738
f 1333/1399/1288 1773/1901/1728 1783/1915/1738 1335/1401/1290
f 1785/1917/1740 1343/1412/1298 1342/1411/1297 1786/1918/1741
f 1334/1400/1289 1782/1914/1737 1786/1918/1741 1342/1411/1297
f 1163/1173/1118 1344/1413/1299 1792/1927/1747 1606/1677/1561
f 1343/1412/1298 1785/1917/1740 1792/1927/1747 1344/1413/1299
f 16/16/16 2402/2537/2357 2403/2538/2358 17/17/17
f 17/17/17 2403/2538/2358 2404/2539/2359 20/20/20
f 2402/2537/2357 2405/2540/2360 2406/2541/2361 2403/2538/2358
f 2403/2538/2358 2406/2541/2361 2407/2542/2362 2404/2539/2359
f 2408/2543/2363 2409/2544/2364 2410/2545/2365 2411/2546/2366
f 2411/2546/2366 24/24/24 22/22/22 2408/2543/2363
f 2404/2539/2359 2408/2543/2363 22/22/22 20/20/20
f 2404/2539/2359 2407/2542/2362 2409/2544/2364 2408/2543/2363
f 38/38/38 2412/2547/2367 2413/2548/2368 39/39/39
f 39/39/39 2413/2548/2368 2414/2549/2369 42/42/42
f 2412/2547/2367 2415/2550/2370 2416/2551/2371 2413/2548/2368
f 2413/2548/2368 2416/2551/2371 2417/2552/2372 2414/2549/2369
f 2418/2553/2373 2419/2554/2374 2405/2540/2360 2402/2537/2357
f 2402/2537/2357 16/16/16 44/44/44 2418/2553/2373
f 2414/2549/2369 2418/2553/2373 44/44/44 42/42/42
f 2414/2549/2369 2417/2552/2372 2419/2554/2374 2418/2553/2373
f 58/58/58 2420/2555/2375 2421/2556/2376 59/59/59
f 59/59/59 2421/2556/2376 2422/2557/2377 62/62/62
f 2420/2555/2375 2423/2558/2378 2424/2559/2379 2421/2556/2376
f 2421/2556/2376 2424/2559/2379 2425/2560/2380 2422/2557/2377
f 2426/2561/2381 2427/2562/2382 2415/2550/2370 2412/2547/2367
f 2412/2547/2367 38/38/38 64/64/64 2426/2561/2381
f 2422/2557/2377 2426/2561/2381 64/64/64 62/62/62
f 2422/2557/2377 2425/2560/2380 2427/2562/2382 2426/2561/2381
f 78/78/78 2428/2563/2383 2429/2564/2384 79/79/79
f 79/79/79 2429/2564/2384 2430/2565/2385 82/82/82
f 2428/2563/2383 2431/2566/2386 2432/2567/2387 2429/2564/2384
f 2429/2564/2384 2432/2567/2387 2433/2568/2388 2430/2565/2385
f 2434/2569/2389 2435/2570/2390 2423/2558/2378 2420/2555/2375
f 2420/2555/2375 58/58/58 84/84/84 2434/2569/2389
f 2430/2565/2385 2434/2569/2389 84/84/84 82/82/82
f 2430/2565/2385 2433/2568/2388 2435/2570/2390 2434/2569/2389
f 98/101/98 2436/2571/2391 2437/2572/2392 99/102/99
f 99/102/99 2437/2572/2392 2438/2573/2393 102/105/102
f 2436/2571/2391 2439/2574/2394 2440/2575/2395 2437/2572/2392
f 2437/2572/2392 2440/2575/2395 2441/2576/2396 2438/2573/2393
f 2442/2577/2397 2443/2578/2398 2431/2579/2386 2428/2580/2383
f 2428/2580/2383 78/109/78 104/107/104 2442/2577/2397
f 2438/2573/2393 2442/2577/2397 104/107/104 102/105/102
f 2438/2573/2393 2441/2576/2396 2443/2578/2398 2442/2577/2397
f 118/123/118 2444/2581/2399 2445/2582/2400 119/124/119
f 119/124/119 2445/2582/2400 2446/2583/2401 122/127/122
f 2444/2581/2399 2447/2584/2402 2448/2585/2403 2445/2582/2400
f 2445/2582/2400 2448/2585/2403 2449/2586/2404 2446/2583/2401
f 2450/2587/2405 2451/2588/2406 2439/2574/2394 2436/2571/2391
f 2436/2571/2391 98/101/98 124/129/124 2450/2587/2405
f 2446/2583/2401 2450/2587/2405 124/129/124 122/127/122
f 2446/2583/2401 2449/2586/2404 2451/2588/2406 2450/2587/2405
f 138/143/138 2452/2589/2407 2453/2590/2408 139/144/139
f 139/144/139 2453/2590/2408 2454/2591/2409 142/147/142
f 2452/2589/2407 2455/2592/2410 2456/2593/2411 2453/2590/2408
f 2453/2590/2408 2456/2593/2411 2457/2594/2412 2454/2591/2409
f 2458/2595/2413 2459/2596/2414 2447/2584/2402 2444/2581/2399
f 2444/2581/2399 118/123/118 144/149/144 2458/2595/2413
f 2454/2591/2409 2458/2595/2413 144/149/144 142/147/142
f 2454/2591/2409 2457/2594/2412 2459/2596/2414 2458/2595/2413
f 158/163/158 2460/2597/2415 2461/2598/2416 159/164/159
f 159/164/159 2461/2598/2416 2462/2599/2417 162/167/162
f 2460/2597/2415 2463/2600/2418 2464/2601/2419 2461/2598/2416
f 2461/2598/2416 2464/2601/2419 2465/2602/2420 2462/2599/2417
f 2466/2603/2421 2467/2604/2422 2455/2592/2410 2452/2589/2407
f 2452/2589/2407 138/143/138 164/169/164 2466/2603/2421
f 2462/2599/2417 2466/2603/2421 164/169/164 162/167/162
f 2462/2599/2417 2465/2602/2420 2467/2604/2422 2466/2603/2421
f 178/183/178 2468/2605/2423 2469/2606/2424 179/184/179
f 179/184/179 2469/2606/2424 2470/2607/2425 182/187/182
f 2468/2605/2423 2471/2608/2426 2472/2609/2427 2469/2606/2424
f 2469/2606/2424 2472/2609/2427 2473/2610/2428 2470/2607/2425
f 2474/2611/2429 2475/2612/2430 2463/2600/2418 2460/2597/2415
f 2460/2597/2415 158/163/158 184/189/184 2474/2611/2429
f 2470/2607/2425 2474/2611/2429 184/189/184 182/187/182
f 2470/2607/2425 2473/2610/2428 2475/2612/2430 2474/2611/2429
f 198/203/198 2476/2613/2431 2477/2614/2432 199/204/199
f 199/204/199 2477/2614/2432 2478/2615/2433 202/207/202
f 2476/2613/2431 2479/2616/2434 2480/2617/2435 2477/2614/2432
f 2477/2614/2432 2480/2617/2435 2481/2618/2436 2478/2615/2433
f 2482/2619/2437 2483/2620/2438 2471/2608/2426 2468/2605/2423
f 2468/2605/2423 178/183/178 204/209/204 2482/2619/2437
f 2478/2615/2433 2482/2619/2437 204/209/204 202/207/202
f 2478/2615/2433 2481/2618/2436 2483/2620/2438 2482/2619/2437
f 218/223/218 2484/2621/2439 2485/2622/2440 219/224/219
f 219/224/219 2485/2622/2440 2486/2623/2441 222/227/222
f 2484/2621/2439 2487/2624/2442 2488/2625/2443 2485/2622/2440
f 2485/2622/2440 2488/2625/2443 2489/2626/2444 2486/2623/2441
f 2490/2627/2445 2491/2628/2446 2479/2616/2434 2476/2613/2431
f 2476/2613/2431 198/203/198 224/229/224 2490/2627/2445
f 2486/2623/2441 2490/2627/2445 224/229/224 222/227/222
f 2486/2623/2441 2489/2626/2444 2491/2628/2446 2490/2627/2445
f 238/243/238 2492/2629/2447 2493/2630/2448 239/244/239
f 239/244/239 2493/2630/2448 2494/2631/2449 242/247/242
f 2492/2629/2447 2495/2632/2450 2496/2633/2451 2493/2630/2448
f 2493/2630/2448 2496/2633/2451 2497/2634/2452 2494/2631/2449
f 2498/2635/2453 2499/2636/2454 2487/2624/2442 2484/2621/2439
f 2484/2621/2439 218/223/218 244/249/244 2498/2635/2453
f 2494/2631/2449 2498/2635/2453 244/249/244 242/247/242
f 2494/2631/2449 2497/2634/2452 2499/2636/2454 2498/2635/2453
f 258/263/258 2500/2637/2455 2501/2638/2456 259/264/259
f 259/264/259 2501/2638/2456 2502/2639/2457 262/267/262
f 2500/2637/2455 2503/2640/2458 2504/2641/2459 2501/2638/2456
f 2501/2638/2456 2504/2641/2459 2505/2642/2460 2502/2639/2457
f 2506/2643/2461 2507/2644/2462 2495/2632/2450 2492/2629/2447
f 2492/2629/2447 238/243/238 264/269/264 2506/2643/2461
f 2502/2639/2457 2506/2643/2461 264/269/264 262/267/262
f 2502/2639/2457 2505/2642/2460 2507/2644/2462 2506/2643/2461
f 278/283/278 2508/2645/2463 2509/2646/2464 279/284/279
f 279/284/279 2509/2646/2464 2510/2647/2465 282/287/282
f 2508/2645/2463 2511/2648/2466 2512/2649/2467 2509/2646/2464
f 2509/2646/2464 2512/2649/2467 2513/2650/2468 2510/2647/2465
f 2514/2651/2469 2515/2652/2470 2503/2640/2458 2500/2637/2455
f 2500/2637/2455 258/263/258 284/289/284 2514/2651/2469
f 2510/2647/2465 2514/2651/2469 284/289/284 282/287/282
f 2510/2647/2465 2513/2650/2468 2515/2652/2470 2514/2651/2469
f 298/303/298 2516/2653/2471 2517/2654/2472 299/304/299
f 299/304/299 2517/2654/2472 2518/2655/2473 302/307/302
f 2516/2653/2471 2519/2656/2474 2520/2657/2475 2517/2654/2472
f 2517/2654/2472 2520/2657/2475 2521/2658/2476 2518/2655/2473
f 2522/2659/2477 2523/2660/2478 2511/2648/2466 2508/2645/2463
f 2508/2645/2463 278/283/278 304/309/304 2522/2659/2477
f 2518/2655/2473 2522/2659/2477 304/309/304 302/307/302
f 2518/2655/2473 2521/2658/2476 2523/2660/2478 2522/2659/2477
f 24/24/24 2411/2546/2366 2524/2661/2479 315/320/315
f 315/320/315 2524/2661/2479 2525/2662/2480 317/322/317
f 2411/2546/2366 2410/2545/2365 2526/2663/2481 2524/2661/2479
f 2524/2661/2479 2526/2663/2481 2527/2664/2482 2525/2662/2480
f 2528/2665/2483 2529/2666/2484 2519/2656/2474 2516/2653/2471
f 2516/2653/2471 298/303/298 319/324/319 2528/2665/2483
f 2525/2662/2480 2528/2665/2483 319/324/319 317/322/317
f 2525/2662/2480 2527/2664/2482 2529/2666/2484 2528/2665/2483
f 2530/2667/2485 2531/2668/2486 2532/2669/2487 2533/2670/2488
f 2533/2670/2488 2534/2671/2489 2535/2672/2490 2530/2667/2485
f 2530/2667/2485 2535/2672/2490 2536/2673/2491 2537/2674/2492
f 2537/2674/2492 2538/2675/2493 2531/2668/2486 2530/2667/2485
f 2534/2671/2489 332/2676/332 330/2677/330 2535/2672/2490
f 325/2678/325 2536/2673/2491 2535/2672/2490 330/2677/330
f 321/2679/321 2539/2680/2494 2540/2681/2495 322/2682/322
f 2539/2680/2494 2541/2683/2496 2542/2684/2497 2540/2681/2495
f 2536/2673/2491 2540/2681/2495 2542/2684/2497 2537/2674/2492
f 2536/2673/2491 325/2678/325 322/2682/322 2540/2681/2495
f 2541/2683/2496 2543/2685/2498 2544/2686/2499 2542/2684/2497
f 2542/2684/2497 2544/2686/2499 2538/2675/2493 2537/2674/2492
f 2545/2687/2500 2546/2688/2501 2547/2689/2502 2548/2690/2503
f 2548/2690/2503 2549/2691/2504 2550/2692/2505 2545/2687/2500
f 2545/2687/2500 2550/2692/2505 2551/2693/2506 2552/2694/2507
f 2552/2694/2507 2553/2695/2508 2546/2688/2501 2545/2687/2500
f 2549/2691/2504 359/2696/357 357/2697/355 2550/2692/2505
f 353/2698/351 2551/2693/2506 2550/2692/2505 357/2697/355
f 332/2676/332 2534/2671/2489 2554/2699/2509 351/2700/349
f 2534/2671/2489 2533/2670/2488 2555/2701/2510 2554/2699/2509
f 2551/2693/2506 2554/2699/2509 2555/2701/2510 2552/2694/2507
f 2551/2693/2506 353/2698/351 351/2700/349 2554/2699/2509
f 2533/2670/2488 2532/2669/2487 2556/2702/2511 2555/2701/2510
f 2555/2701/2510 2556/2702/2511 2553/2695/2508 2552/2694/2507
f 2557/2703/2512 2558/2704/2513 2559/2705/2514 2560/2706/2515
f 2560/2706/2515 2561/2707/2516 2562/2708/2517 2557/2703/2512
f 2557/2703/2512 2562/2708/2517 2563/2709/2518 2564/2710/2519
f 2564/2710/2519 2565/2711/2520 2558/2704/2513 2557/2703/2512
f 2561/2707/2516 383/2712/378 381/2713/376 2562/2708/2517
f 377/2714/372 2563/2709/2518 2562/2708/2517 381/2713/376
f 359/2696/357 2549/2691/2504 2566/2715/2521 375/2716/370
f 2549/2691/2504 2548/2690/2503 2567/2717/2522 2566/2715/2521
f 2563/2709/2518 2566/2715/2521 2567/2717/2522 2564/2710/2519
f 2563/2709/2518 377/2714/372 375/2716/370 2566/2715/2521
f 2548/2690/2503 2547/2689/2502 2568/2718/2523 2567/2717/2522
f 2567/2717/2522 2568/2718/2523 2565/2711/2520 2564/2710/2519
f 2569/2719/2524 2570/2720/2525 2571/2721/2526 2572/2722/2527
f 2572/2722/2527 2573/2723/2528 2574/2724/2529 2569/2719/2524
f 2569/2719/2524 2574/2724/2529 2575/2725/2530 2576/2726/2531
f 2576/2726/2531 2577/2727/2532 2570/2720/2525 2569/2719/2524
f 2573/2723/2528 407/2728/399 405/2729/397 2574/2724/2529
f 401/2730/393 2575/2725/2530 2574/2724/2529 405/2729/397
f 383/2712/378 2561/2707/2516 2578/2731/2533 399/2732/391
f 2561/2707/2516 2560/2706/2515 2579/2733/2534 2578/2731/2533
f 2575/2725/2530 2578/2731/2533 2579/2733/2534 2576/2726/2531
f 2575/2725/2530 401/2730/393 399/2732/391 2578/2731/2533
f 2560/2706/2515 2559/2705/2514 2580/2734/2535 2579/2733/2534
f 2579/2733/2534 2580/2734/2535 2577/2727/2532 2576/2726/2531
f 2581/2735/2536 2582/2736/2537 2583/2737/2538 2584/2738/2539
f 2584/2738/2539 2585/2739/2540 2586/2740/2541 2581/2735/2536
f 2581/2735/2536 2586/2740/2541 2587/2741/2542 2588/2742/2543
f 2588/2742/2543 2589/2743/2544 2582/2736/2537 2581/2735/2536
f 2585/2739/2540 431/2744/420 429/2745/418 2586/2740/2541
f 425/2746/414 2587/2741/2542 2586/2740/2541 429/2745/418
f 407/2747/399 2573/2748/2528 2590/2749/2545 423/2750/412
f 2573/2748/2528 2572/2751/2527 2591/2752/2546 2590/2749/2545
f 2587/2741/2542 2590/2749/2545 2591/2752/2546 2588/2742/2543
f 2587/2741/2542 425/2746/414 423/2750/412 2590/2749/2545
f 2572/2751/2527 2571/2753/2526 2592/2754/2547 2591/2752/2546
f 2591/2752/2546 2592/2754/2547 2589/2743/2544 2588/2742/2543
f 2593/2755/2548 2594/2756/2549 2595/2757/2550 2596/2758/2551
f 2596/2758/2551 2597/2759/2552 2598/2760/2553 2593/2755/2548
f 2593/2755/2548 2598/2760/2553 2599/2761/2554 2600/2762/2555
f 2600/2762/2555 2601/2763/2556 2594/2756/2549 2593/2755/2548
f 2597/2759/2552 455/2764/440 453/2765/438 2598/2760/2553
f 449/2766/434 2599/2761/2554 2598/2760/2553 453/2765/438
f 431/2744/420 2585/2739/2540 2602/2767/2557 447/2768/432
f 2585/2739/2540 2584/2738/2539 2603/2769/2558 2602/2767/2557
f 2599/2761/2554 2602/2767/2557 2603/2769/2558 2600/2762/2555
f 2599/2761/2554 449/2766/434 447/2768/432 2602/2767/2557
f 2584/2738/2539 2583/2737/2538 2604/2770/2559 2603/2769/2558
f 2603/2769/2558 2604/2770/2559 2601/2763/2556 2600/2762/2555
f 2605/2771/2560 2606/2772/2561 2607/2773/2562 2608/2774/2563
f 2608/2774/2563 2609/2775/2564 2610/2776/2565 2605/2771/2560
f 2605/2771/2560 2610/2776/2565 2611/2777/2566 2612/2778/2567
f 2612/2778/2567 2613/2779/2568 2606/2772/2561 2605/2771/2560
f 2609/2775/2564 479/2780/460 477/2781/458 2610/2776/2565
f 473/2782/454 2611/2777/2566 2610/2776/2565 477/2781/458
f 455/2764/440 2597/2759/2552 2614/2783/2569 471/2784/452
f 2597/2759/2552 2596/2758/2551 2615/2785/2570 2614/2783/2569
f 2611/2777/2566 2614/2783/2569 2615/2785/2570 2612/2778/2567
f 2611/2777/2566 473/2782/454 471/2784/452 2614/2783/2569
f 2596/2758/2551 2595/2757/2550 2616/2786/2571 2615/2785/2570
f 2615/2785/2570 2616/2786/2571 2613/2779/2568 2612/2778/2567
f 2617/2787/2572 2618/2788/2573 2619/2789/2574 2620/2790/2575
f 2620/2790/2575 2621/2791/2576 2622/2792/2577 2617/2787/2572
f 2617/2787/2572 2622/2792/2577 2623/2793/2578 2624/2794/2579
f 2624/2794/2579 2625/2795/2580 2618/2788/2573 2617/2787/2572
f 2621/2791/2576 503/2796/481 501/2797/479 2622/2792/2577
f 497/2798/475 2623/2793/2578 2622/2792/2577 501/2797/479
f 479/2780/460 2609/2775/2564 2626/2799/2581 495/2800/473
f 2609/2775/2564 2608/2774/2563 2627/2801/2582 2626/2799/2581
f 2623/2793/2578 2626/2799/2581 2627/2801/2582 2624/2794/2579
f 2623/2793/2578 497/2798/475 495/2800/473 2626/2799/2581
f 2608/2774/2563 2607/2773/2562 2628/2802/2583 2627/2801/2582
f 2627/2801/2582 2628/2802/2583 2625/2795/2580 2624/2794/2579
f 2629/2803/2584 2630/2804/2585 2631/2805/2586 2632/2806/2587
f 2632/2806/2587 2633/2807/2588 2634/2808/2589 2629/2803/2584
f 2629/2803/2584 2634/2808/2589 2635/2809/2590 2636/2810/2591
f 2636/2810/2591 2637/2811/2592 2630/2804/2585 2629/2803/2584
f 2633/2807/2588 527/2812/503 525/2813/501 2634/2808/2589
f 521/2814/497 2635/2809/2590 2634/2808/2589 525/2813/501
f 503/2796/481 2621/2791/2576 2638/2815/2593 519/2816/495
f 2621/2791/2576 2620/2790/2575 2639/2817/2594 2638/2815/2593
f 2635/2809/2590 2638/2815/2593 2639/2817/2594 2636/2810/2591
f 2635/2809/2590 521/2814/497 519/2816/495 2638/2815/2593
f 2620/2790/2575 2619/2789/2574 2640/2818/2595 2639/2817/2594
f 2639/2817/2594 2640/2818/2595 2637/2811/2592 2636/2810/2591
f 2641/2819/2596 2642/2820/2597 2643/2821/2598 2644/2822/2599
f 2644/2822/2599 2645/2823/2600 2646/2824/2601 2641/2819/2596
f 2641/2819/2596 2646/2824/2601 2647/2825/2602 2648/2826/2603
f 2648/2826/2603 2649/2827/2604 2642/2820/2597 2641/2819/2596
f 2645/2823/2600 551/2828/524 549/2829/522 2646/2824/2601
f 545/2830/518 2647/2825/2602 2646/2824/2601 549/2829/522
f 527/2812/503 2633/2807/2588 2650/2831/2605 543/2832/516
f 2633/2807/2588 2632/2806/2587 2651/2833/2606 2650/2831/2605
f 2647/2825/2602 2650/2831/2605 2651/2833/2606 2648/2826/2603
f 2647/2825/2602 545/2830/518 543/2832/516 2650/2831/2605
f 2632/2806/2587 2631/2805/2586 2652/2834/2607 2651/2833/2606
f 2651/2833/2606 2652/2834/2607 2649/2827/2604 2648/2826/2603
f 2653/2835/2608 2654/2836/2609 2655/2837/2610 2656/2838/2611
f 2656/2838/2611 2657/2839/2612 2658/2840/2613 2653/2835/2608
f 2653/2835/2608 2658/2840/2613 2659/2841/2614 2660/2842/2615
f 2660/2842/2615 2661/2843/2616 2654/2836/2609 2653/2835/2608
f 2657/2839/2612 575/2844/544 573/2845/542 2658/2840/2613
f 569/2846/538 2659/2841/2614 2658/2840/2613 573/2845/542
f 551/2828/524 2645/2823/2600 2662/2847/2617 567/2848/536
f 2645/2823/2600 2644/2822/2599 2663/2849/2618 2662/2847/2617
f 2659/2841/2614 2662/2847/2617 2663/2849/2618 2660/2842/2615
f 2659/2841/2614 569/2846/538 567/2848/536 2662/2847/2617
f 2644/2822/2599 2643/2821/2598 2664/2850/2619 2663/2849/2618
f 2663/2849/2618 2664/2850/2619 2661/2843/2616 2660/2842/2615
f 2665/2851/2620 2666/2852/2621 2667/2853/2622 2668/2854/2623
f 2668/2854/2623 2669/2855/2624 2670/2856/2625 2665/2851/2620
f 2665/2851/2620 2670/2856/2625 2671/2857/2626 2672/2858/2627
f 2672/2858/2627 2673/2859/2628 2666/2852/2621 2665/2851/2620
f 2669/2855/2624 599/2860/565 597/2861/563 2670/2856/2625
f 593/2862/559 2671/2857/2626 2670/2856/2625 597/2861/563
f 575/2844/544 2657/2839/2612 2674/2863/2629 591/2864/557
f 2657/2839/2612 2656/2838/2611 2675/2865/2630 2674/2863/2629
f 2671/2857/2626 2674/2863/2629 2675/2865/2630 2672/2858/2627
f 2671/2857/2626 593/2862/559 591/2864/557 2674/2863/2629
f 2656/2838/2611 2655/2837/2610 2676/2866/2631 2675/2865/2630
f 2675/2865/2630 2676/2866/2631 2673/2859/2628 2672/2858/2627
f 2677/2867/2632 2678/2868/2633 2679/2869/2634 2680/2870/2635
f 2680/2870/2635 2681/2871/2636 2682/2872/2637 2677/2867/2632
f 2677/2867/2632 2682/2872/2637 2683/2873/2638 2684/2874/2639
f 2684/2874/2639 2685/2875/2640 2678/2868/2633 2677/2867/2632
f 2681/2871/2636 623/2876/586 621/2877/584 2682/2872/2637
f 617/2878/580 2683/2873/2638 2682/2872/2637 621/2877/584
f 599/2860/565 2669/2855/2624 2686/2879/2641 615/2880/578
f 2669/2855/2624 2668/2854/2623 2687/2881/2642 2686/2879/2641
f 2683/2873/2638 2686/2879/2641 2687/2881/2642 2684/2874/2639
f 2683/2873/2638 617/2878/580 615/2880/578 2686/2879/2641
f 2668/2854/2623 2667/2853/2622 2688/2882/2643 2687/2881/2642
f 2687/2881/2642 2688/2882/2643 2685/2875/2640 2684/2874/2639
f 2689/2883/2644 2690/2884/2645 2691/2885/2646 2692/2886/2647
f 2692/2886/2647 2693/2887/2648 2694/2888/2649 2689/2883/2644
f 2689/2883/2644 2694/2888/2649 2695/2889/2650 2696/2890/2651
f 2696/2890/2651 2697/2891/2652 2690/2884/2645 2689/2883/2644
f 2693/2887/2648 647/2892/607 645/2893/605 2694/2888/2649
f 641/2894/601 2695/2889/2650 2694/2888/2649 645/2893/605
f 623/2876/586 2681/2871/2636 2698/2895/2653 639/2896/599
f 2681/2871/2636 2680/2870/2635 2699/2897/2654 2698/2895/2653
f 2695/2889/2650 2698/2895/2653 2699/2897/2654 2696/2890/2651
f 2695/2889/2650 641/2894/601 639/2896/599 2698/2895/2653
f 2680/2870/2635 2679/2869/2634 2700/2898/2655 2699/2897/2654
f 2699/2897/2654 2700/2898/2655 2697/2891/2652 2696/2890/2651
f 2701/2899/2656 2702/2900/2657 2703/2901/2658 2704/2902/2659
f 2704/2902/2659 2705/2903/2660 2706/2904/2661 2701/2899/2656
f 2701/2899/2656 2706/2904/2661 2707/2905/2662 2708/2906/2663
f 2708/2906/2663 2709/2907/2664 2702/2900/2657 2701/2899/2656
f 2705/2903/2660 671/2908/628 669/2909/626 2706/2904/2661
f 665/2910/622 2707/2905/2662 2706/2904/2661 669/2909/626
f 647/2892/607 2693/2887/2648 2710/2911/2665 663/2912/620
f 2693/2887/2648 2692/2886/2647 2711/2913/2666 2710/2911/2665
f 2707/2905/2662 2710/2911/2665 2711/2913/2666 2708/2906/2663
f 2707/2905/2662 665/2910/622 663/2912/620 2710/2911/2665
f 2692/2886/2647 2691/2885/2646 2712/2914/2667 2711/2913/2666
f 2711/2913/2666 2712/2914/2667 2709/2907/2664 2708/2906/2663
f 2713/2915/2668 2714/2916/2669 2543/2685/2498 2541/2683/2496
f 2541/2683/2496 2539/2680/2494 2715/2917/2670 2713/2915/2668
f 2713/2915/2668 2715/2917/2670 2716/2918/2671 2717/2919/2672
f 2717/2919/2672 2718/2920/2673 2714/2916/2669 2713/2915/2668
f 2539/2680/2494 321/2679/321 693/2921/648 2715/2917/2670
f 689/2922/644 2716/2918/2671 2715/2917/2670 693/2921/648
f 671/2908/628 2705/2903/2660 2719/2923/2674 687/2924/642
f 2705/2903/2660 2704/2902/2659 2720/2925/2675 2719/2923/2674
f 2716/2918/2671 2719/2923/2674 2720/2925/2675 2717/2919/2672
f 2716/2918/2671 689/2922/644 687/2924/642 2719/2923/2674
f 2704/2902/2659 2703/2901/2658 2721/2926/2676 2720/2925/2675
f 2720/2925/2675 2721/2926/2676 2718/2920/2673 2717/2919/2672
f 912/917/867 2722/2927/2165 2723/2928/2677 913/918/868
f 914/919/869 913/918/868 2723/2928/2677 2724/2929/2678
f 2722/2927/2165 2210/2345/2165 2213/2348/2168 2723/2928/2677
f 2724/2929/2678 2723/2928/2677 2213/2348/2168 2218/2353/2173
f 2223/2358/2178 2725/2930/2178 2726/2931/2179 2224/2359/2179
f 2724/2929/2678 2218/2353/2173 2224/2359/2179 2726/2931/2179
f 2725/2930/2178 916/921/871 915/920/870 2726/2931/2179
f 914/919/869 2724/2929/2678 2726/2931/2179 915/920/870
f 929/934/884 2727/2932/2679 2728/2933/2183 930/935/885
f 931/936/886 930/935/885 2728/2933/2183 2729/2934/2188
f 2727/2932/2679 2225/2360/2180 2228/2363/2183 2728/2933/2183
f 2729/2934/2188 2728/2933/2183 2228/2363/2183 2233/2368/2188
f 2210/2345/2165 2722/2927/2165 2730/2935/2191 2236/2371/2191
f 2729/2934/2188 2233/2368/2188 2236/2371/2191 2730/2935/2191
f 2722/2927/2165 912/917/867 932/937/887 2730/2935/2191
f 931/936/886 2729/2934/2188 2730/2935/2191 932/937/887
f 945/950/900 2731/2936/2192 2732/2937/2195 946/951/901
f 947/952/902 946/951/901 2732/2937/2195 2733/2938/2680
f 2731/2936/2192 2237/2372/2192 2240/2375/2195 2732/2937/2195
f 2733/2938/2680 2732/2937/2195 2240/2375/2195 2245/2380/2200
f 2225/2360/2180 2727/2932/2679 2734/2939/2681 2248/2383/2203
f 2733/2938/2680 2245/2380/2200 2248/2383/2203 2734/2939/2681
f 2727/2932/2679 929/934/884 948/953/903 2734/2939/2681
f 947/952/902 2733/2938/2680 2734/2939/2681 948/953/903
f 961/966/916 2735/2940/2682 2736/2941/2207 962/967/917
f 963/968/918 962/967/917 2736/2941/2207 2737/2942/2683
f 2735/2940/2682 2249/2384/2204 2252/2387/2207 2736/2941/2207
f 2737/2942/2683 2736/2941/2207 2252/2387/2207 2257/2392/2212
f 2237/2372/2192 2731/2936/2192 2738/2943/2684 2260/2395/2215
f 2737/2942/2683 2257/2392/2212 2260/2395/2215 2738/2943/2684
f 2731/2936/2192 945/950/900 964/969/919 2738/2943/2684
f 963/968/918 2737/2942/2683 2738/2943/2684 964/969/919
f 977/982/932 2739/2944/2216 2740/2945/2685 978/983/933
f 979/984/934 978/983/933 2740/2945/2685 2741/2946/2686
f 2739/2944/2216 2261/2396/2216 2264/2399/2219 2740/2945/2685
f 2741/2946/2686 2740/2945/2685 2264/2399/2219 2269/2404/2224
f 2249/2384/2204 2735/2940/2682 2742/2947/2687 2272/2407/2227
f 2741/2946/2686 2269/2404/2224 2272/2407/2227 2742/2947/2687
f 2735/2940/2682 961/966/916 980/985/935 2742/2947/2687
f 979/984/934 2741/2946/2686 2742/2947/2687 980/985/935
f 993/998/948 2743/2948/2688 2744/2949/2689 994/999/949
f 995/1000/950 994/999/949 2744/2949/2689 2745/2950/2236
f 2743/2948/2688 2273/2408/2228 2276/2411/2231 2744/2949/2689
f 2745/2950/2236 2744/2949/2689 2276/2411/2231 2281/2416/2236
f 2261/2396/2216 2739/2944/2216 2746/2951/2690 2284/2419/2239
f 2745/2950/2236 2281/2416/2236 2284/2419/2239 2746/2951/2690
f 2739/2944/2216 977/982/932 996/1001/951 2746/2951/2690
f 995/1000/950 2745/2950/2236 2746/2951/2690 996/1001/951
f 1009/1014/964 2747/2952/2240 2748/2953/2243 1010/1015/965
f 1011/1016/966 1010/1015/965 2748/2953/2243 2749/2954/2248
f 2747/2952/2240 2285/2420/2240 2288/2423/2243 2748/2953/2243
f 2749/2954/2248 2748/2953/2243 2288/2423/2243 2293/2428/2248
f 2273/2408/2228 2743/2948/2688 2750/2955/2251 2296/2431/2251
f 2749/2954/2248 2293/2428/2248 2296/2431/2251 2750/2955/2251
f 2743/2948/2688 993/998/948 1012/1017/967 2750/2955/2251
f 1011/1016/966 2749/2954/2248 2750/2955/2251 1012/1017/967
f 1025/1030/980 2751/2956/2691 2752/2957/2692 1026/1031/981
f 1027/1032/982 1026/1031/981 2752/2957/2692 2753/2958/2693
f 2751/2956/2691 2297/2432/2252 2300/2435/2255 2752/2957/2692
f 2753/2958/2693 2752/2957/2692 2300/2435/2255 2305/2440/2260
f 2285/2420/2240 2747/2952/2240 2754/2959/2694 2308/2443/2263
f 2753/2958/2693 2305/2440/2260 2308/2443/2263 2754/2959/2694
f 2747/2952/2240 1009/1014/964 1028/1033/983 2754/2959/2694
f 1027/1032/982 2753/2958/2693 2754/2959/2694 1028/1033/983
f 1041/1046/996 2755/2960/2264 2756/2961/2695 1042/1047/997
f 1043/1048/998 1042/1047/997 2756/2961/2695 2757/2962/2696
f 2755/2960/2264 2309/2444/2264 2312/2447/2267 2756/2961/2695
f 2757/2962/2696 2756/2961/2695 2312/2447/2267 2317/2452/2272
f 2297/2432/2252 2751/2956/2691 2758/2963/2697 2320/2455/2275
f 2757/2962/2696 2317/2452/2272 2320/2455/2275 2758/2963/2697
f 2751/2956/2691 1025/1030/980 1044/1049/999 2758/2963/2697
f 1043/1048/998 2757/2962/2696 2758/2963/2697 1044/1049/999
f 1057/1062/1012 2759/2964/2698 2760/2965/2279 1058/1063/1013
f 1059/1064/1014 1058/1063/1013 2760/2965/2279 2761/2966/2284
f 2759/2964/2698 2321/2456/2276 2324/2459/2279 2760/2965/2279
f 2761/2966/2284 2760/2965/2279 2324/2459/2279 2329/2464/2284
f 2309/2444/2264 2755/2960/2264 2762/2967/2287 2332/2467/2287
f 2761/2966/2284 2329/2464/2284 2332/2467/2287 2762/2967/2287
f 2755/2960/2264 1041/1046/996 1060/1065/1015 2762/2967/2287
f 1059/1064/1014 2761/2966/2284 2762/2967/2287 1060/1065/1015
f 1073/1078/1028 2763/2968/2699 2764/2969/2291 1074/1079/1029
f 1075/1080/1030 1074/1079/1029 2764/2969/2291 2765/2970/2296
f 2763/2968/2699 2333/2468/2288 2336/2471/2291 2764/2969/2291
f 2765/2970/2296 2764/2969/2291 2336/2471/2291 2341/2476/2296
f 2321/2456/2276 2759/2964/2698 2766/2971/2299 2344/2479/2299
f 2765/2970/2296 2341/2476/2296 2344/2479/2299 2766/2971/2299
f 2759/2964/2698 1057/1062/1012 1076/1081/1031 2766/2971/2299
f 1075/1080/1030 2765/2970/2296 2766/2971/2299 1076/1081/1031
f 1089/1094/1044 2767/2972/2300 2768/2973/2303 1090/1095/1045
f 1091/1096/1046 1090/1095/1045 2768/2973/2303 2769/2974/2700
f 2767/2972/2300 2345/2480/2300 2348/2483/2303 2768/2973/2303
f 2769/2974/2700 2768/2973/2303 2348/2483/2303 2353/2488/2308
f 2333/2468/2288 2763/2968/2699 2770/2975/2701 2356/2491/2311
f 2769/2974/2700 2353/2488/2308 2356/2491/2311 2770/2975/2701
f 2763/2968/2699 1073/1078/1028 1092/1097/1047 2770/2975/2701
f 1091/1096/1046 2769/2974/2700 2770/2975/2701 1092/1097/1047
f 1105/1110/1060 2771/2976/2312 2772/2977/2702 1106/1111/1061
f 1107/1112/1062 1106/1111/1061 2772/2977/2702 2773/2978/2703
f 2771/2976/2312 2357/2492/2312 2360/2495/2315 2772/2977/2702
f 2773/2978/2703 2772/2977/2702 2360/2495/2315 2365/2500/2320
f 2345/2480/2300 2767/2972/2300 2774/2979/2323 2368/2503/2323
f 2773/2978/2703 2365/2500/2320 2368/2503/2323 2774/2979/2323
f 2767/2972/2300 1089/1094/1044 1108/1113/1063 2774/2979/2323
f 1107/1112/1062 2773/2978/2703 2774/2979/2323 1108/1113/1063
f 1121/1126/1076 2775/2980/2704 2776/2981/2705 1122/1127/1077
f 1123/1128/1078 1122/1127/1077 2776/2981/2705 2777/2982/2706
f 2775/2980/2704 2369/2504/2324 2372/2507/2327 2776/2981/2705
f 2777/2982/2706 2776/2981/2705 2372/2507/2327 2377/2512/2332
f 2357/2492/2312 2771/2976/2312 2778/2983/2335 2380/2515/2335
f 2777/2982/2706 2377/2512/2332 2380/2515/2335 2778/2983/2335
f 2771/2976/2312 1105/1110/1060 1124/1129/1079 2778/2983/2335
f 1123/1128/1078 2777/2982/2706 2778/2983/2335 1124/1129/1079
f 1137/1142/1092 2779/2984/2336 2780/2985/2339 1138/1143/1093
f 1139/1144/1094 1138/1143/1093 2780/2985/2339 2781/2986/2344
f 2779/2984/2336 2381/2516/2336 2384/2519/2339 2780/2985/2339
f 2781/2986/2344 2780/2985/2339 2384/2519/2339 2389/2524/2344
f 2369/2504/2324 2775/2980/2704 2782/2987/2347 2392/2527/2347
f 2781/2986/2344 2389/2524/2344 2392/2527/2347 2782/2987/2347
f 2775/2980/2704 1121/1126/1076 1140/1145/1095 2782/2987/2347
f 1139/1144/1094 2781/2986/2344 2782/2987/2347 1140/1145/1095
f 916/921/871 2725/2930/2178 2783/2988/2349 1150/1155/1105
f 1151/1156/1106 1150/1155/1105 2783/2988/2349 2784/2989/2707
f 2725/2930/2178 2223/2358/2178 2394/2529/2349 2783/2988/2349
f 2784/2989/2707 2783/2988/2349 2394/2529/2349 2398/2533/2353
f 2381/2516/2336 2779/2984/2336 2785/2990/2708 2401/2536/2356
f 2784/2989/2707 2398/2533/2353 2401/2536/2356 2785/2990/2708
f 2779/2984/2336 1137/1142/1092 1152/1157/1107 2785/2990/2708
f 1151/1156/1106 2784/2989/2707 2785/2990/2708 1152/1157/1107
f 339/344/2709 2786/2991/2710 2787/2992/2711 336/341/2712
f 2786/2991/2710 908/913/863 906/911/861 2787/2992/2711
f 901/906/856 2788/2993/2713 2787/2992/2711 906/911/861
f 2788/2993/2713 340/345/2714 336/341/2712 2787/2992/2711
f 897/902/852 2789/2994/2715 2790/2995/2716 898/903/853
f 2789/2994/2715 347/352/2717 345/350/2718 2790/2995/2716
f 340/345/2714 2788/2993/2713 2790/2995/2716 345/350/2718
f 2788/2993/2713 901/906/856 898/903/853 2790/2995/2716
f 366/371/2719 2791/2996/2720 2792/2997/2721 363/368/2722
f 2791/2996/2720 925/930/880 923/928/878 2792/2997/2721
f 919/924/874 2793/2998/2723 2792/2997/2721 923/928/878
f 2793/2998/2723 367/372/2724 363/368/2722 2792/2997/2721
f 908/913/863 2786/2991/2710 2794/2999/2725 917/922/872
f 2786/2991/2710 339/344/2709 372/377/2726 2794/2999/2725
f 367/372/2724 2793/2998/2723 2794/2999/2725 372/377/2726
f 2793/2998/2723 919/924/874 917/922/872 2794/2999/2725
f 390/395/2727 2795/3000/2728 2796/3001/2729 387/392/2730
f 2795/3000/2728 941/946/896 939/944/894 2796/3001/2729
f 935/940/890 2797/3002/2731 2796/3001/2729 939/944/894
f 2797/3002/2731 391/396/2732 387/392/2730 2796/3001/2729
f 925/930/880 2791/2996/2720 2798/3003/2733 933/938/888
f 2791/2996/2720 366/371/2719 396/401/2734 2798/3003/2733
f 391/396/2732 2797/3002/2731 2798/3003/2733 396/401/2734
f 2797/3002/2731 935/940/890 933/938/888 2798/3003/2733
f 414/419/2735 2799/3004/2736 2800/3005/2737 411/416/2738
f 2799/3004/2736 957/962/912 955/960/910 2800/3005/2737
f 951/956/906 2801/3006/2739 2800/3005/2737 955/960/910
f 2801/3006/2739 415/420/2740 411/416/2738 2800/3005/2737
f 941/946/896 2795/3000/2728 2802/3007/2741 949/954/904
f 2795/3000/2728 390/395/2727 420/425/2742 2802/3007/2741
f 415/420/2740 2801/3006/2739 2802/3007/2741 420/425/2742
f 2801/3006/2739 951/956/906 949/954/904 2802/3007/2741
f 438/443/2743 2803/3008/2744 2804/3009/2745 435/440/2746
f 2803/3008/2744 973/978/928 971/976/926 2804/3009/2745
f 967/972/922 2805/3010/2747 2804/3009/2745 971/976/926
f 2805/3010/2747 439/444/2748 435/440/2746 2804/3009/2745
f 957/962/912 2799/3004/2736 2806/3011/2749 965/970/920
f 2799/3004/2736 414/419/2735 444/449/2750 2806/3011/2749
f 439/444/2748 2805/3010/2747 2806/3011/2749 444/449/2750
f 2805/3010/2747 967/972/922 965/970/920 2806/3011/2749
f 462/467/2751 2807/3012/2752 2808/3013/2753 459/464/2754
f 2807/3012/2752 989/994/944 987/992/942 2808/3013/2753
f 983/988/938 2809/3014/2755 2808/3013/2753 987/992/942
f 2809/3014/2755 463/468/2756 459/464/2754 2808/3013/2753
f 973/978/928 2803/3008/2744 2810/3015/2757 981/986/936
f 2803/3008/2744 438/443/2743 468/473/2758 2810/3015/2757
f 463/468/2756 2809/3014/2755 2810/3015/2757 468/473/2758
f 2809/3014/2755 983/988/938 981/986/936 2810/3015/2757
f 486/491/2759 2811/3016/2760 2812/3017/2761 483/488/2762
f 2811/3016/2760 1005/1010/960 1003/1008/958 2812/3017/2761
f 999/1004/954 2813/3018/2763 2812/3017/2761 1003/1008/958
f 2813/3018/2763 487/492/2764 483/488/2762 2812/3017/2761
f 989/994/944 2807/3012/2752 2814/3019/2765 997/1002/952
f 2807/3012/2752 462/467/2751 492/497/2766 2814/3019/2765
f 487/492/2764 2813/3018/2763 2814/3019/2765 492/497/2766
f 2813/3018/2763 999/1004/954 997/1002/952 2814/3019/2765
f 510/515/2767 2815/3020/2768 2816/3021/2769 507/512/2770
f 2815/3020/2768 1021/1026/976 1019/1024/974 2816/3021/2769
f 1015/1020/970 2817/3022/2771 2816/3021/2769 1019/1024/974
f 2817/3022/2771 511/516/2772 507/512/2770 2816/3021/2769
f 1005/1010/960 2811/3016/2760 2818/3023/2773 1013/1018/968
f 2811/3016/2760 486/491/2759 516/521/2774 2818/3023/2773
f 511/516/2772 2817/3022/2771 2818/3023/2773 516/521/2774
f 2817/3022/2771 1015/1020/970 1013/1018/968 2818/3023/2773
f 534/539/2775 2819/3024/2776 2820/3025/2777 531/536/2778
f 2819/3024/2776 1037/1042/992 1035/1040/990 2820/3025/2777
f 1031/1036/986 2821/3026/2779 2820/3025/2777 1035/1040/990
f 2821/3026/2779 535/540/2780 531/536/2778 2820/3025/2777
f 1021/1026/976 2815/3020/2768 2822/3027/2781 1029/1034/984
f 2815/3020/2768 510/515/2767 540/545/2782 2822/3027/2781
f 535/540/2780 2821/3026/2779 2822/3027/2781 540/545/2782
f 2821/3026/2779 1031/1036/986 1029/1034/984 2822/3027/2781
f 558/563/2783 2823/3028/2784 2824/3029/2785 555/560/2786
f 2823/3028/2784 1053/1058/1008 1051/1056/1006 2824/3029/2785
f 1047/1052/1002 2825/3030/2787 2824/3029/2785 1051/1056/1006
f 2825/3030/2787 559/564/2788 555/560/2786 2824/3029/2785
f 1037/1042/992 2819/3024/2776 2826/3031/2789 1045/1050/1000
f 2819/3024/2776 534/539/2775 564/569/2790 2826/3031/2789
f 559/564/2788 2825/3030/2787 2826/3031/2789 564/569/2790
f 2825/3030/2787 1047/1052/1002 1045/1050/1000 2826/3031/2789
f 582/587/2791 2827/3032/2792 2828/3033/2793 579/584/2794
f 2827/3032/2792 1069/1074/1024 1067/1072/1022 2828/3033/2793
f 1063/1068/1018 2829/3034/2795 2828/3033/2793 1067/1072/1022
f 2829/3034/2795 583/588/2796 579/584/2794 2828/3033/2793
f 1053/1058/1008 2823/3028/2784 2830/3035/2797 1061/1066/1016
f 2823/3028/2784 558/563/2783 588/593/2798 2830/3035/2797
f 583/588/2796 2829/3034/2795 2830/3035/2797 588/593/2798
f 2829/3034/2795 1063/1068/1018 1061/1066/1016 2830/3035/2797
f 606/611/2799 2831/3036/2800 2832/3037/2801 603/608/2802
f 2831/3036/2800 1085/1090/1040 1083/1088/1038 2832/3037/2801
f 1079/1084/1034 2833/3038/2803 2832/3037/2801 1083/1088/1038
f 2833/3038/2803 607/612/2804 603/608/2802 2832/3037/2801
f 1069/1074/1024 2827/3032/2792 2834/3039/2805 1077/1082/1032
f 2827/3032/2792 582/587/2791 612/617/2806 2834/3039/2805
f 607/612/2804 2833/3038/2803 2834/3039/2805 612/617/2806
f 2833/3038/2803 1079/1084/1034 1077/1082/1032 2834/3039/2805
f 630/635/2807 2835/3040/2808 2836/3041/2809 627/632/2810
f 2835/3040/2808 1101/1106/1056 1099/1104/1054 2836/3041/2809
f 1095/1100/1050 2837/3042/2811 2836/3041/2809 1099/1104/1054
f 2837/3042/2811 631/636/2812 627/632/2810 2836/3041/2809
f 1085/1090/1040 2831/3036/2800 2838/3043/2813 1093/1098/1048
f 2831/3036/2800 606/611/2799 636/641/2814 2838/3043/2813
f 631/636/2812 2837/3042/2811 2838/3043/2813 636/641/2814
f 2837/3042/2811 1095/1100/1050 1093/1098/1048 2838/3043/2813
f 654/659/2815 2839/3044/2816 2840/3045/2817 651/656/2818
f 2839/3044/2816 1117/1122/1072 1115/1120/1070 2840/3045/2817
f 1111/1116/1066 2841/3046/2819 2840/3045/2817 1115/1120/1070
f 2841/3046/2819 655/660/2820 651/656/2818 2840/3045/2817
f 1101/1106/1056 2835/3040/2808 2842/3047/2821 1109/1114/1064
f 2835/3040/2808 630/635/2807 660/665/2822 2842/3047/2821
f 655/660/2820 2841/3046/2819 2842/3047/2821 660/665/2822
f 2841/3046/2819 1111/1116/1066 1109/1114/1064 2842/3047/2821
f 678/683/658 2843/3048/2823 2844/3049/2824 675/680/2825
f 2843/3048/2823 1133/1138/1088 1131/1136/1086 2844/3049/2824
f 1127/1132/1082 2845/3050/2826 2844/3049/2824 1131/1136/1086
f 2845/3050/2826 679/684/2827 675/680/2825 2844/3049/2824
f 1117/1122/1072 2839/3044/2816 2846/3051/2828 1125/1130/1080
f 2839/3044/2816 654/659/2815 684/689/2829 2846/3051/2828
f 679/684/2827 2845/3050/2826 2846/3051/2828 684/689/2829
f 2845/3050/2826 1127/1132/1082 1125/1130/1080 2846/3051/2828
f 347/352/2717 2789/2994/2715 2847/3052/2830 696/701/2831
f 2789/2994/2715 897/902/852 1147/1152/1102 2847/3052/2830
f 1143/1148/1098 2848/3053/2832 2847/3052/2830 1147/1152/1102
f 2848/3053/2832 698/703/2833 696/701/2831 2847/3052/2830
f 1133/1138/1088 2843/3048/2823 2849/3054/2834 1141/1146/1096
f 2843/3048/2823 678/683/658 702/707/656 2849/3054/2834
f 698/703/2833 2848/3053/2832 2849/3054/2834 702/707/656
f 2848/3053/2832 1143/1148/1098 1141/1146/1096 2849/3054/2834
f 2405/2540/2360 2532/2669/2487 2531/2668/2486 2406/2541/2361
f 2406/2541/2361 2531/2668/2486 2538/2675/2493 2407/2542/2362
f 2543/2685/2498 2410/2545/2365 2409/2544/2364 2544/2686/2499
f 2538/2675/2493 2544/2686/2499 2409/2544/2364 2407/2542/2362
f 2415/2550/2370 2547/2689/2502 2546/2688/2501 2416/2551/2371
f 2416/2551/2371 2546/2688/2501 2553/2695/2508 2417/2552/2372
f 2532/2669/2487 2405/2540/2360 2419/2554/2374 2556/2702/2511
f 2553/2695/2508 2556/2702/2511 2419/2554/2374 2417/2552/2372
f 2423/2558/2378 2559/2705/2514 2558/2704/2513 2424/2559/2379
f 2424/2559/2379 2558/2704/2513 2565/2711/2520 2425/2560/2380
f 2547/2689/2502 2415/2550/2370 2427/2562/2382 2568/2718/2523
f 2565/2711/2520 2568/2718/2523 2427/2562/2382 2425/2560/2380
f 2431/2566/2386 2571/2721/2526 2570/2720/2525 2432/2567/2387
f 2432/2567/2387 2570/2720/2525 2577/2727/2532 2433/2568/2388
f 2559/2705/2514 2423/2558/2378 2435/2570/2390 2580/2734/2535
f 2577/2727/2532 2580/2734/2535 2435/2570/2390 2433/2568/2388
f 2439/2574/2394 2583/2737/2538 2582/2736/2537 2440/2575/2395
f 2440/2575/2395 2582/2736/2537 2589/2743/2544 2441/2576/2396
f 2571/2753/2526 2431/2579/2386 2443/2578/2398 2592/2754/2547
f 2589/2743/2544 2592/2754/2547 2443/2578/2398 2441/2576/2396
f 2447/2584/2402 2595/2757/2550 2594/2756/2549 2448/2585/2403
f 2448/2585/2403 2594/2756/2549 2601/2763/2556 2449/2586/2404
f 2583/2737/2538 2439/2574/2394 2451/2588/2406 2604/2770/2559
f 2601/2763/2556 2604/2770/2559 2451/2588/2406 2449/2586/2404
f 2455/2592/2410 2607/2773/2562 2606/2772/2561 2456/2593/2411
f 2456/2593/2411 2606/2772/2561 2613/2779/2568 2457/2594/2412
f 2595/2757/2550 2447/2584/2402 2459/2596/2414 2616/2786/2571
f 2613/2779/2568 2616/2786/2571 2459/2596/2414 2457/2594/2412
f 2463/2600/2418 2619/2789/2574 2618/2788/2573 2464/2601/2419
f 2464/2601/2419 2618/2788/2573 2625/2795/2580 2465/2602/2420
f 2607/2773/2562 2455/2592/2410 2467/2604/2422 2628/2802/2583
f 2625/2795/2580 2628/2802/2583 2467/2604/2422 2465/2602/2420
f 2471/2608/2426 2631/2805/2586 2630/2804/2585 2472/2609/2427
f 2472/2609/2427 2630/2804/2585 2637/2811/2592 2473/2610/2428
f 2619/2789/2574 2463/2600/2418 2475/2612/2430 2640/2818/2595
f 2637/2811/2592 2640/2818/2595 2475/2612/2430 2473/2610/2428
f 2479/2616/2434 2643/2821/2598 2642/2820/2597 2480/2617/2435
f 2480/2617/2435 2642/2820/2597 2649/2827/2604 2481/2618/2436
f 2631/2805/2586 2471/2608/2426 2483/2620/2438 2652/2834/2607
f 2649/2827/2604 2652/2834/2607 2483/2620/2438 2481/2618/2436
f 2487/2624/2442 2655/2837/2610 2654/2836/2609 2488/2625/2443
f 2488/2625/2443 2654/2836/2609 2661/2843/2616 2489/2626/2444
f 2643/2821/2598 2479/2616/2434 2491/2628/2446 2664/2850/2619
f 2661/2843/2616 2664/2850/2619 2491/2628/2446 2489/2626/2444
f 2495/2632/2450 2667/2853/2622 2666/2852/2621 2496/2633/2451
f 2496/2633/2451 2666/2852/2621 2673/2859/2628 2497/2634/2452
f 2655/2837/2610 2487/2624/2442 2499/2636/2454 2676/2866/2631
f 2673/2859/2628 2676/2866/2631 2499/2636/2454 2497/2634/2452
f 2503/2640/2458 2679/2869/2634 2678/2868/2633 2504/2641/2459
f 2504/2641/2459 2678/2868/2633 2685/2875/2640 2505/2642/2460
f 2667/2853/2622 2495/2632/2450 2507/2644/2462 2688/2882/2643
f 2685/2875/2640 2688/2882/2643 2507/2644/2462 2505/2642/2460
f 2511/2648/2466 2691/2885/2646 2690/2884/2645 2512/2649/2467
f 2512/2649/2467 2690/2884/2645 2697/2891/2652 2513/2650/2468
f 2679/2869/2634 2503/2640/2458 2515/2652/2470 2700/2898/2655
f 2697/2891/2652 2700/2898/2655 2515/2652/2470 2513/2650/2468
f 2519/2656/2474 2703/2901/2658 2702/2900/2657 2520/2657/2475
f 2520/2657/2475 2702/2900/2657 2709/2907/2664 2521/2658/2476
f 2691/2885/2646 2511/2648/2466 2523/2660/2478 2712/2914/2667
f 2709/2907/2664 2712/2914/2667 2523/2660/2478 2521/2658/2476
f 2410/2545/2365 2543/2685/2498 2714/2916/2669 2526/2663/2481
f 2526/2663/2481 2714/2916/2669 2718/2920/2673 2527/2664/2482
f 2703/2901/2658 2519/2656/2474 2529/2666/2484 2721/2926/2676
f 2718/2920/2673 2721/2926/2676 2529/2666/2484 2527/2664/2482
f 342/347/342 344/349/344 338/343/338 337/342/337
f 343/348/343 342/347/342 337/342/337 341/346/341
f 349/354/347 343/348/343 341/346/341 346/351/345
f 350/355/348 349/354/347 346/351/345 348/353/346
f 369/374/365 371/376/367 365/370/362 364/369/361
f 370/375/366 369/374/365 364/369/361 368/373/364
f 374/379/369 370/375/366 368/373/364 373/378/368
f 344/349/344 374/379/369 373/378/368 338/343/338
f 393/398/386 395/400/388 389/394/383 388/393/382
f 394/399/387 393/398/386 388/393/382 392/397/385
f 398/403/390 394/399/387 392/397/385 397/402/389
f 371/376/367 398/403/390 397/402/389 365/370/362
f 417/422/407 419/424/409 413/418/404 412/417/403
f 418/423/408 417/422/407 412/417/403 416/421/406
f 422/427/411 418/423/408 416/421/406 421/426/410
f 395/400/388 422/427/411 421/426/410 389/394/383
f 441/446/427 443/448/429 437/442/425 436/441/424
f 442/447/428 441/446/427 436/441/424 440/445/426
f 446/451/431 442/447/428 440/445/426 445/450/430
f 419/424/409 446/451/431 445/450/430 413/418/404
f 465/470/447 467/472/449 461/466/445 460/465/444
f 466/471/448 465/470/447 460/465/444 464/469/446
f 470/475/451 466/471/448 464/469/446 469/474/450
f 443/448/429 470/475/451 469/474/450 437/442/425
f 489/494/468 491/496/470 485/490/465 484/489/464
f 490/495/469 489/494/468 484/489/464 488/493/467
f 494/499/472 490/495/469 488/493/467 493/498/471
f 467/472/449 494/499/472 493/498/471 461/466/445
f 513/518/489 515/520/491 509/514/486 508/513/485
f 514/519/490 513/518/489 508/513/485 512/517/488
f 518/523/494 514/519/490 512/517/488 517/522/493
f 491/496/470 518/523/494 517/522/493 485/490/465
f 537/542/511 539/544/513 533/538/508 532/537/507
f 538/543/512 537/542/511 532/537/507 536/541/510
f 542/547/515 538/543/512 536/541/510 541/546/514
f 515/520/491 542/547/515 541/546/514 509/514/486
f 561/566/531 563/568/533 557/562/529 556/561/528
f 562/567/532 561/566/531 556/561/528 560/565/530
f 566/571/535 562/567/532 560/565/530 565/570/534
f 539/544/513 566/571/535 565/570/534 533/538/508
f 585/590/552 587/592/554 581/586/549 580/585/548
f 586/591/553 585/590/552 580/585/548 584/589/551
f 590/595/556 586/591/553 584/589/551 589/594/555
f 563/568/533 590/595/556 589/594/555 557/562/529
f 609/614/573 611/616/575 605/610/570 604/609/569
f 610/615/574 609/614/573 604/609/569 608/613/572
f 614/619/577 610/615/574 608/613/572 613/618/576
f 587/592/554 614/619/577 613/618/576 581/586/549
f 633/638/594 635/640/596 629/634/591 628/633/590
f 634/639/595 633/638/594 628/633/590 632/637/593
f 638/643/598 634/639/595 632/637/593 637/642/597
f 611/616/575 638/643/598 637/642/597 605/610/570
f 657/662/615 659/664/617 653/658/612 652/657/611
f 658/663/616 657/662/615 652/657/611 656/661/614
f 662/667/619 658/663/616 656/661/614 661/666/618
f 635/640/596 662/667/619 661/666/618 629/634/591
f 681/686/637 683/688/639 677/682/633 676/681/632
f 682/687/638 681/686/637 676/681/632 680/685/636
f 686/691/641 682/687/638 680/685/636 685/690/640
f 659/664/617 686/691/641 685/690/640 653/658/612
f 700/705/654 350/355/348 348/353/346 697/702/651
f 701/706/655 700/705/654 697/702/651 699/704/653
f 704/709/659 701/706/655 699/704/653 703/708/657
f 683/688/639 704/709/659 703/708/657 677/682/633
