# Blender 4.5.3 LTS
# www.blender.org
o Dualsense.072
v 6.999225 -23.768454 16.464096
v 6.999235 -23.849396 16.662254
v 9.974663 -23.768454 16.464096
v 3.604610 -23.768454 16.464096
v 6.999223 -23.575476 16.413269
v 9.974658 -23.575476 16.413269
v 3.604617 -23.575476 16.413269
v 6.999223 -22.455194 16.516251
v 9.974668 -22.455208 16.516251
v 6.999238 -22.274738 16.601395
v 3.604598 -22.455194 16.516251
v -0.000005 -22.455194 16.516251
v 3.604610 -22.274734 16.601395
v 3.604605 -22.231243 16.811012
v -0.000012 -22.274734 16.601395
v -0.000026 -22.231245 16.811012
v -3.604643 -22.274738 16.601395
v -3.604639 -22.231245 16.811012
v -6.999240 -22.274734 16.601395
v -3.604639 -22.455194 16.516251
v -6.999245 -22.455194 16.516251
v -3.604636 -23.575476 16.413269
v -0.000009 -23.575476 16.413269
v -3.604631 -23.768454 16.464096
v -6.999249 -23.575476 16.413269
v -9.974687 -23.575476 16.413269
v -6.999247 -23.768454 16.464096
v -9.974691 -23.768454 16.464096
v -6.999254 -23.849396 16.662254
v -9.974687 -23.849396 16.662254
v -6.999249 -23.895237 17.160606
v -3.604636 -23.849396 16.662254
v -0.000009 -23.849396 16.662254
v -3.604636 -23.895237 17.160606
v -3.604641 -23.982685 18.112030
v -0.000021 -23.895237 17.160606
v 0.000002 -23.982685 18.112030
v 3.604617 -23.895237 17.160606
v 3.604610 -23.982685 18.112015
v 6.999218 -23.895237 17.160606
v 3.604610 -23.849396 16.662254
v 6.999225 -23.982685 18.112030
v 9.974677 -23.895237 17.160606
v 9.974672 -23.982693 18.112015
v 12.664062 -23.895184 17.160202
v 9.974663 -23.849396 16.662254
v 12.664450 -23.849382 16.661835
v 12.664616 -23.768415 16.463646
v 15.202033 -23.849272 16.660538
v 15.202705 -23.768282 16.462303
v 17.528494 -23.854860 16.721497
v 15.200455 -23.895090 17.159119
v 15.197412 -23.982582 18.110954
v 17.513779 -23.900175 17.214417
v 17.485733 -23.986664 18.155403
v 19.534571 -23.915691 17.383232
v 19.437607 -23.999130 18.290901
v 21.222866 -23.941814 17.677437
v 19.585340 -23.871981 16.907791
v 19.606136 -23.791872 16.718979
v 21.313879 -23.901505 17.228928
v 22.655676 -23.944311 17.694542
v 21.351107 -23.822403 17.051155
v 22.703402 -23.866488 17.530746
v 21.363533 -23.630066 17.007179
v 22.719320 -23.674570 17.491409
v 21.363537 -22.509789 17.110138
v 19.613060 -23.599197 16.671341
v 17.536482 -23.581213 16.475540
v 19.613064 -22.478920 16.774292
v 17.536510 -22.460926 16.578506
v 19.605879 -22.298132 16.855850
v 21.350920 -22.328600 17.187279
v 19.584467 -22.253654 17.054794
v 17.534431 -22.280384 16.662773
v 17.528246 -22.236658 16.869827
v 15.202697 -22.274580 16.599625
v 15.202028 -22.231081 16.809296
v 12.664620 -22.274691 16.600945
v 15.202910 -22.455027 16.514473
v 12.664688 -22.455172 16.515831
v 15.202910 -23.575319 16.411491
v 12.664678 -23.575432 16.412849
v 12.664463 -22.231205 16.810577
v 9.974663 -22.274738 16.601395
v 9.974663 -22.231245 16.811012
v 9.974677 -22.276484 17.301865
v 6.999216 -22.231245 16.811012
v 6.999230 -22.276484 17.301865
v 6.999235 -22.362206 18.230881
v 3.604612 -22.276484 17.301865
v 3.604598 -22.362206 18.230881
v -0.000009 -22.276484 17.301865
v -0.000017 -22.362206 18.230896
v -3.604629 -22.276484 17.301865
v -3.604631 -22.362206 18.230896
v -6.999247 -22.276484 17.301865
v -6.999247 -22.362206 18.230881
v -9.974682 -22.276484 17.301865
v -6.999251 -22.231245 16.811012
v -9.974682 -22.231245 16.811012
v -12.664469 -22.231205 16.810577
v -9.974687 -22.274738 16.601395
v -12.664639 -22.274691 16.600945
v -9.974685 -22.455194 16.516251
v -12.664703 -22.455172 16.515831
v -15.202928 -22.455027 16.514473
v -12.664701 -23.575432 16.412849
v -12.664647 -23.768404 16.463646
v -15.202923 -23.575319 16.411491
v -15.202711 -23.768282 16.462303
v -17.536509 -23.581213 16.475540
v -17.534512 -23.774096 16.525589
v -19.613066 -23.599197 16.671310
v -17.536505 -22.460926 16.578506
v -17.534451 -22.280386 16.662773
v -19.613056 -22.478920 16.774292
v -21.363543 -22.509789 17.110138
v -19.605906 -22.298130 16.855873
v -19.584461 -22.253654 17.054794
v -21.350962 -22.328604 17.187279
v -21.313189 -22.282915 17.372993
v -22.703833 -22.372559 17.665520
v -22.657322 -22.325283 17.833168
v -23.824986 -22.430647 18.275795
v -22.719330 -22.554302 17.594376
v -22.719336 -23.674572 17.491409
v -23.842688 -22.614054 18.213524
v -24.895113 -22.690617 19.114761
v -23.826130 -23.734180 18.135376
v -23.804884 -23.924561 18.171516
v -24.828978 -23.810312 18.950432
v -24.796736 -23.997076 18.987221
v -25.699133 -23.875874 19.905739
v -26.407904 -23.903732 20.970459
v -25.657440 -24.059940 19.941727
v -25.537594 -22.755705 19.844154
v -26.198473 -22.781006 20.911972
v -25.511431 -22.565571 19.880692
v -25.401131 -22.493029 19.999481
v -26.163576 -22.591820 20.940109
v -24.874166 -22.503408 19.164124
v -24.789272 -22.439489 19.299561
v -24.591019 -22.450476 19.616119
v -23.766388 -22.378288 18.425163
v -23.621889 -22.402277 18.783966
v -22.540974 -22.358614 18.234009
v -23.346394 -22.447956 19.474579
v -22.315920 -22.418777 19.004745
v -23.096323 -22.500523 20.431885
v -24.287971 -22.491022 20.104790
v -23.941744 -22.532005 20.856628
v -24.859737 -22.521225 20.661263
v -25.411421 -22.545635 21.485191
v -24.563038 -22.546087 21.166634
v -25.150314 -22.494442 20.267334
v -25.757797 -22.525421 21.238708
v -26.225309 -22.537071 22.317123
v -26.040644 -22.523035 21.032539
v -26.527830 -22.531046 22.180000
v -26.656509 -22.592848 22.118965
v -26.930416 -22.518614 23.383690
v -27.333399 -22.482830 24.912872
v -26.610441 -22.523003 23.450089
v -27.064602 -22.579266 23.354599
v -27.471600 -22.544834 24.907776
v -27.110512 -22.766096 23.346199
v -27.517963 -22.732113 24.909683
v -26.699360 -22.779964 22.098907
v -27.395172 -23.892345 23.392387
v -26.968777 -23.905397 22.135643
v -27.352781 -24.080379 23.403473
v -27.798615 -23.858217 24.976219
v -28.290440 -23.796625 27.122688
v -27.753361 -24.045807 24.982628
v -28.243937 -23.984043 27.128052
v -27.616693 -24.108725 24.991165
v -28.104424 -24.046520 27.129692
v -27.282259 -24.109779 25.008736
v -27.221991 -24.144623 23.432907
v -26.806641 -24.156466 22.209686
v -26.901136 -24.148907 23.503555
v -26.288296 -24.157080 23.638451
v -26.509426 -24.162783 22.344749
v -25.941761 -24.179209 22.602539
v -25.996464 -24.150303 21.263176
v -25.499367 -24.175150 21.619850
v -25.347113 -24.118093 20.279640
v -26.256756 -24.146456 21.076378
v -25.564497 -24.114269 20.040672
v -26.365507 -24.089094 20.998947
v -26.928228 -24.093058 22.154373
v -24.722036 -24.059633 19.110168
v -23.746660 -23.997862 18.317398
v -24.546160 -24.072809 19.414688
v -24.210323 -24.111435 19.995972
v -23.606001 -24.023359 18.685440
v -23.337440 -24.070358 19.388062
v -22.539051 -23.978689 18.108948
v -22.316320 -24.040308 18.900047
v -21.222895 -23.941814 17.677422
v -22.655708 -23.944311 17.694542
v -21.313896 -23.901505 17.228928
v -22.703432 -23.866488 17.530746
v -21.351133 -23.822403 17.051155
v -19.606136 -23.791872 16.718979
v -21.363552 -23.630066 17.007156
v -19.585363 -23.871981 16.907791
v -17.528503 -23.854860 16.721497
v -19.534582 -23.915691 17.383232
v -19.437632 -23.999130 18.290901
v -17.513805 -23.900175 17.214417
v -17.485744 -23.986664 18.155403
v -15.200480 -23.895090 17.159119
v -15.197442 -23.982582 18.110954
v -12.664088 -23.895184 17.160202
v -15.202068 -23.849272 16.660538
v -12.664475 -23.849382 16.661835
v -12.663323 -23.982668 18.111763
v -9.974685 -23.895237 17.160606
v -9.974691 -23.982693 18.112015
v -6.999249 -23.982685 18.112030
v -9.974689 -24.077276 19.417862
v -6.999254 -24.077276 19.417862
v -12.662271 -24.077253 19.417702
v -9.974682 -24.144436 20.979340
v -9.974682 -24.175030 22.500404
v -12.661007 -24.144434 20.979294
v -6.999247 -24.144434 20.979340
v -6.999249 -24.175030 22.500404
v -3.604639 -24.144434 20.979340
v -3.604634 -24.175045 22.500404
v -3.604636 -24.077276 19.417862
v -0.000005 -24.144436 20.979340
v 3.604605 -24.144434 20.979340
v -0.000012 -24.175030 22.500404
v -0.000012 -24.077276 19.417862
v 3.604605 -24.077276 19.417862
v 6.999216 -24.077276 19.417862
v 9.974658 -24.077276 19.417862
v 6.999225 -24.144434 20.979340
v 6.999223 -24.175030 22.500404
v 9.974668 -24.144434 20.979340
v 12.660973 -24.144434 20.979294
v 9.974663 -24.175030 22.500404
v 9.974658 -24.159891 23.684883
v 12.659671 -24.175030 22.500404
v 12.658507 -24.159891 23.684883
v 15.182888 -24.175030 22.500343
v 15.178248 -24.159891 23.684868
v 17.434839 -24.176088 22.515663
v 15.188114 -24.144411 20.979088
v 17.442677 -24.146299 21.002182
v 15.193221 -24.077211 19.417206
v 17.457600 -24.080122 19.449631
v 12.662251 -24.077253 19.417702
v 12.663319 -23.982668 18.111763
v 19.346188 -24.089005 19.548141
v 20.886238 -24.099800 19.728638
v 19.312040 -24.152021 21.072235
v 20.827927 -24.158466 21.193199
v 19.306820 -24.179243 22.561783
v 19.302198 -24.161749 23.715385
v 20.825714 -24.183231 22.631287
v 20.831154 -24.163637 23.746796
v 22.018311 -24.186766 22.716827
v 22.044552 -24.165649 23.779999
v 23.064520 -24.190559 22.800858
v 22.021906 -24.162497 21.369263
v 22.104799 -24.108469 20.007057
v 23.025476 -24.170269 21.583000
v 23.093145 -24.124212 20.371758
v 23.969582 -24.187920 21.817101
v 23.942148 -24.156221 20.811119
v 24.809155 -24.196018 21.889969
v 24.143589 -24.195375 22.866035
v 24.315184 -24.167475 23.809814
v 25.140760 -24.194004 22.827995
v 25.941746 -24.179209 22.602539
v 25.415596 -24.164732 23.764816
v 26.288275 -24.157080 23.638451
v 25.723293 -24.113749 25.073982
v 26.153315 -24.046520 27.129143
v 26.643488 -24.111824 25.042290
v 24.544466 -24.114422 25.085999
v 24.891350 -24.046520 27.132195
v 23.285183 -24.114342 25.085548
v 23.140215 -24.167152 23.804512
v 22.124603 -24.113976 25.079796
v 23.532007 -24.046520 27.135635
v 22.282408 -24.046520 27.137215
v 23.777822 -23.951086 29.618927
v 25.241474 -23.950500 29.617218
v 24.023569 -23.855640 32.102295
v 22.425529 -23.951506 29.619766
v 22.568624 -23.856501 32.102295
v 21.012365 -23.951828 29.619972
v 20.951126 -24.046516 27.137749
v 19.365437 -23.952051 29.620110
v 21.073635 -23.857126 32.102295
v 21.108244 -23.741142 34.422241
v 19.384987 -23.857599 32.102295
v 19.387714 -23.742081 34.422241
v 17.438223 -23.857985 32.102295
v 15.168802 -23.858328 32.102295
v 17.436846 -23.742838 34.422226
v 17.434843 -23.952255 29.620110
v 17.431454 -24.046516 27.137932
v 15.170581 -23.952417 29.620094
v 12.655671 -23.952576 29.620094
v 15.172340 -24.046516 27.137932
v 12.657029 -24.046516 27.137947
v 15.174624 -24.112520 25.056168
v 17.425550 -24.112656 25.058128
v 12.657582 -24.112520 25.056221
v 9.974663 -24.112520 25.056168
v 6.999235 -24.112520 25.056168
v 9.974639 -24.046516 27.137947
v 6.999225 -24.046516 27.137947
v 9.973747 -23.952705 29.620094
v 6.998715 -23.952780 29.620094
v 9.972827 -23.858885 32.102295
v 6.998207 -23.859053 32.102295
v 9.970982 -23.744650 34.422226
v 12.654311 -23.858641 32.102295
v 12.651765 -23.744152 34.422241
v 15.166051 -23.743542 34.422241
v 12.646267 -23.633528 36.598587
v 9.967177 -23.633696 36.610497
v 15.159332 -23.633316 36.583939
v 12.640788 -23.522881 38.775024
v 9.963347 -23.522747 38.798714
v 12.631152 -23.418129 40.702171
v 15.152604 -23.523109 38.745651
v 17.424887 -23.523373 38.713661
v 15.140287 -23.418867 40.648560
v 15.128567 -23.307030 42.507477
v 17.412575 -23.419716 40.591446
v 17.400810 -23.306801 42.441948
v 19.376900 -23.420603 40.536133
v 19.369844 -23.306648 42.380058
v 21.178574 -23.421818 40.473099
v 19.384268 -23.523609 38.681892
v 21.161713 -23.523937 38.645439
v 19.386000 -23.632841 36.552071
v 21.134970 -23.632532 36.533875
v 17.430872 -23.633106 36.567955
v 22.787783 -23.632175 36.510849
v 22.688028 -23.739914 34.422241
v 24.443443 -23.631866 36.479172
v 22.887571 -23.524454 38.599426
v 22.962097 -23.423666 40.393181
v 24.633892 -23.525423 38.536095
v 24.775660 -23.426472 40.282425
v 26.472370 -23.527119 38.447647
v 28.096069 -23.528831 38.356407
v 26.667097 -23.430609 40.126839
v 26.200369 -23.631706 36.434959
v 25.928291 -23.736296 34.422241
v 27.765936 -23.631474 36.389328
v 27.435692 -23.734123 34.422226
v 28.848478 -23.631008 36.353569
v 28.497004 -23.732159 34.422241
v 29.527834 -23.630537 36.328712
v 29.199827 -23.529858 38.284897
v 29.881628 -23.530424 38.235153
v 29.439362 -23.438099 39.839638
v 29.700348 -23.311388 41.594353
v 30.120472 -23.440285 39.751572
v 28.324825 -23.434881 39.965965
v 28.569128 -23.310659 41.738716
v 28.793943 -23.152159 43.391151
v 26.870167 -23.309542 41.921448
v 27.059505 -23.154026 43.592377
v 24.919838 -23.308344 42.097328
v 23.036903 -23.307383 42.221352
v 25.056709 -23.155697 43.785240
v 23.108595 -23.156637 43.920113
v 25.176571 -22.953234 45.147354
v 23.173836 -22.952484 45.325928
v 25.269602 -22.676651 46.198914
v 27.213137 -22.954229 44.891609
v 28.964340 -22.955322 44.624268
v 27.328331 -22.680424 45.889687
v 29.087263 -22.684853 45.566109
v 27.402399 -22.302925 46.667305
v 25.325996 -22.301588 46.964638
v 29.169615 -22.305380 46.355896
v 27.439760 -21.817516 47.286964
v 25.353882 -21.820047 47.550110
v 27.444803 -21.219931 47.811844
v 29.210632 -21.816257 47.011444
v 30.352139 -21.816872 46.760048
v 29.209631 -21.216732 47.551773
v 29.147299 -20.578815 47.999573
v 30.342920 -21.214647 47.305000
v 31.003782 -21.213411 47.110214
v 30.253866 -20.553211 47.769348
v 30.051010 -19.883621 48.196831
v 30.895298 -20.529520 47.587303
v 30.649870 -19.798203 48.057449
v 31.232832 -20.516333 47.490250
v 30.970371 -19.750317 47.978592
v 31.357754 -20.481064 47.388725
v 31.349710 -21.212746 47.007942
v 31.370241 -21.818804 46.464172
v 31.478535 -21.176367 46.909950
v 31.502649 -21.775661 46.373421
v 31.487797 -21.067881 46.727654
v 31.361040 -20.391190 47.192749
v 31.518381 -21.645536 46.212105
v 30.947794 -20.417604 45.716194
v 30.791162 -19.863775 46.095337
v 31.013430 -20.864141 45.327507
v 30.862648 -20.312817 45.558922
v 30.702597 -19.780457 45.924240
v 30.707333 -20.287432 45.536903
v 30.933493 -20.737431 45.190643
v 30.778099 -20.704567 45.172836
v 30.966665 -21.059160 44.754974
v 30.812878 -21.015810 44.748360
v 30.957153 -21.298758 44.239349
v 31.039850 -21.207781 44.862686
v 31.023243 -21.465546 44.316315
v 31.502970 -22.113369 45.575958
v 31.479719 -22.264076 45.708992
v 31.442865 -22.471767 44.847824
v 31.412016 -22.639223 44.949928
v 31.339466 -22.721064 44.057442
v 31.301695 -22.898764 44.130562
v 31.175901 -22.904291 42.972847
v 30.959768 -21.654499 43.683586
v 30.816669 -21.805635 42.726173
v 30.900034 -21.477007 43.631821
v 30.750324 -21.418575 43.642250
v 30.762058 -21.622541 42.694016
v 30.614019 -21.561619 42.707024
v 30.551750 -21.764141 41.202110
v 30.405437 -21.701769 41.217651
v 30.303305 -21.885767 39.547691
v 30.603031 -21.950029 41.220032
v 30.352787 -22.072710 39.557648
v 30.935139 -23.064510 41.376511
v 30.889166 -23.250227 41.409874
v 30.669722 -23.193083 39.657928
v 30.622404 -23.379646 39.680954
v 30.432257 -23.281378 38.178276
v 30.384300 -23.468456 38.194237
v 30.077984 -23.380236 36.300255
v 30.122101 -22.158665 38.103859
v 30.073132 -21.971485 38.095154
v 29.780195 -22.255621 36.263062
v 29.438179 -22.351927 34.433060
v 29.732456 -22.068226 36.258720
v 29.588360 -22.005836 36.262154
v 29.391703 -22.164293 34.433060
v 29.248430 -22.102041 34.433060
v 28.925110 -22.285948 32.113113
v 28.783636 -22.223528 32.113113
v 28.443222 -22.385326 29.598816
v 28.971039 -22.473629 32.113113
v 29.252537 -23.600655 32.102295
v 28.489403 -22.572878 29.601631
v 28.007555 -22.672117 27.090202
v 28.771597 -23.698645 29.612465
v 28.290422 -23.796625 27.122688
v 28.723825 -23.886244 29.615173
v 28.243912 -23.984043 27.128052
v 28.582327 -23.948856 29.615997
v 29.203493 -23.788443 32.102295
v 29.673779 -23.666948 34.422226
v 29.060041 -23.851181 32.102295
v 29.528336 -23.729851 34.422226
v 28.710415 -23.851562 32.102295
v 29.173925 -23.730648 34.422241
v 28.042610 -23.852291 32.102295
v 28.236965 -23.949045 29.615814
v 27.763273 -24.046520 27.129364
v 27.577284 -23.949409 29.615471
v 27.111738 -24.046520 27.128632
v 26.584913 -23.949903 29.615707
v 27.016399 -23.853291 32.102295
v 25.591482 -23.854492 32.102295
v 27.282221 -24.109779 25.008736
v 28.104404 -24.046520 27.129692
v 27.616671 -24.108725 24.991165
v 27.753342 -24.045807 24.982628
v 27.221968 -24.144623 23.432907
v 26.806620 -24.156466 22.209702
v 27.352757 -24.080379 23.403488
v 26.901115 -24.148907 23.503571
v 26.509394 -24.162783 22.344749
v 25.996416 -24.150301 21.263176
v 25.347097 -24.118109 20.279640
v 25.499352 -24.175150 21.619865
v 26.256727 -24.146456 21.076378
v 25.564468 -24.114269 20.040672
v 26.365488 -24.089094 20.998947
v 25.657429 -24.059940 19.941727
v 26.928209 -24.093058 22.154373
v 26.407869 -23.903732 20.970459
v 26.968750 -23.905397 22.135643
v 25.699118 -23.875874 19.905739
v 26.198469 -22.781006 20.911972
v 25.537567 -22.755705 19.844154
v 26.163565 -22.591820 20.940109
v 26.699324 -22.779964 22.098907
v 26.656471 -22.592848 22.118965
v 27.110497 -22.766104 23.346199
v 27.064575 -22.579268 23.354599
v 27.517948 -22.732113 24.909683
v 27.395145 -23.892345 23.392387
v 27.798584 -23.858217 24.976219
v 27.471581 -22.544834 24.907776
v 27.961065 -22.484684 27.084526
v 27.333361 -22.482830 24.912872
v 27.821579 -22.422237 27.081886
v 27.000555 -22.484049 24.926224
v 26.930391 -22.518614 23.383690
v 26.610424 -22.523018 23.450104
v 26.527819 -22.531048 22.180000
v 26.040623 -22.523035 21.032539
v 26.225286 -22.537071 22.317123
v 25.882318 -22.552797 22.485458
v 25.757782 -22.525421 21.238708
v 25.406799 -22.545679 21.473671
v 25.150288 -22.494442 20.267334
v 24.844482 -22.520422 20.646416
v 24.591005 -22.450474 19.616150
v 25.401102 -22.493029 19.999481
v 25.511419 -22.565571 19.880692
v 24.789261 -22.439487 19.299561
v 24.874147 -22.503408 19.164124
v 23.766378 -22.378288 18.425163
v 22.657307 -22.325283 17.833168
v 23.824966 -22.430647 18.275810
v 23.621853 -22.402279 18.783966
v 23.346394 -22.447956 19.474579
v 22.540958 -22.358614 18.234009
v 22.315891 -22.418779 19.004761
v 21.220572 -22.322433 17.811401
v 21.043461 -22.396812 18.646652
v 19.532421 -22.296711 17.521912
v 21.313198 -22.282917 17.372993
v 19.433573 -22.378519 18.408127
v 17.513411 -22.281372 17.355156
v 17.485359 -22.366192 18.274277
v 15.200574 -22.276348 17.300468
v 15.197937 -22.362125 18.230133
v 12.664110 -22.276449 17.301537
v 12.663438 -22.362190 18.230705
v 12.662499 -22.454575 19.498108
v 9.974672 -22.362206 18.230881
v 9.974663 -22.454573 19.498123
v 6.999238 -22.454592 19.498123
v 9.974654 -22.519773 21.003761
v 6.999230 -22.519770 21.003761
v 9.974668 -22.549091 22.468590
v 12.661292 -22.519773 21.003761
v 12.659986 -22.549091 22.468590
v 15.189411 -22.519773 21.003822
v 15.194180 -22.454557 19.498001
v 15.184242 -22.549091 22.468559
v 17.443890 -22.521660 21.026711
v 17.436964 -22.550158 22.483192
v 17.457661 -22.457497 19.530365
v 19.310457 -22.527382 21.095299
v 19.308540 -22.553333 22.527260
v 20.824999 -22.533766 21.213081
v 19.341635 -22.466326 19.627777
v 20.879133 -22.476954 19.805084
v 22.103018 -22.485264 20.077286
v 23.096312 -22.500523 20.431885
v 22.023241 -22.537655 21.383522
v 22.022909 -22.560883 22.673409
v 23.028152 -22.545231 21.590828
v 23.068193 -22.564692 22.752533
v 23.962267 -22.562714 21.819435
v 24.136990 -22.569519 22.815117
v 24.795530 -22.570684 21.886124
v 23.941725 -22.532005 20.856628
v 24.311949 -22.492292 20.128143
v 24.563021 -22.546087 21.166634
v 25.122894 -22.568140 22.779861
v 25.403635 -22.539112 23.682098
v 26.269587 -22.531349 23.570503
v 25.719669 -22.488518 24.970497
v 24.311308 -22.541849 23.722107
v 23.142645 -22.541485 23.717934
v 24.543394 -22.489277 24.978920
v 24.891207 -22.422739 27.069084
v 23.285826 -22.489164 24.979019
v 22.126015 -22.488722 24.975502
v 23.531946 -22.422720 27.072800
v 22.282726 -22.422686 27.075447
v 23.781498 -22.325415 29.592926
v 25.246933 -22.324818 29.591080
v 24.030983 -22.228098 32.113113
v 22.427486 -22.325830 29.594315
v 22.572229 -22.228979 32.113113
v 21.013124 -22.326120 29.595299
v 19.365694 -22.326344 29.596268
v 21.074394 -22.229631 32.113113
v 20.951847 -22.422630 27.077538
v 19.346621 -22.422558 27.079384
v 20.867355 -22.488127 24.970360
v 20.833887 -22.537832 23.668121
v 19.312485 -22.487556 24.965591
v 17.426702 -22.487135 24.962181
v 19.304512 -22.535830 23.640289
v 17.429817 -22.534399 23.619858
v 15.179321 -22.533911 23.613243
v 15.175230 -22.486984 24.961334
v 12.658774 -22.533901 23.613449
v 12.657763 -22.486984 24.961632
v 9.974668 -22.533895 23.613510
v 9.974649 -22.486967 24.961723
v 6.999235 -22.533895 23.613510
v 6.999238 -22.549091 22.468590
v 6.999223 -22.486967 24.961723
v 3.604617 -22.533895 23.613510
v -0.000009 -22.533895 23.613510
v 3.604603 -22.486967 24.961723
v 3.604617 -22.549091 22.468590
v 3.604617 -22.519773 21.003761
v -0.000002 -22.549091 22.468590
v -0.000002 -22.519773 21.003761
v -3.604631 -22.549091 22.468590
v -6.999240 -22.549091 22.468590
v -3.604634 -22.519773 21.003761
v -3.604639 -22.533895 23.613510
v -3.604636 -22.486967 24.961723
v -6.999249 -22.533895 23.613510
v -9.974682 -22.533895 23.613510
v -6.999245 -22.486967 24.961723
v -9.974682 -22.486967 24.961723
v -6.999238 -22.422485 27.081650
v -9.974677 -22.422485 27.081696
v -3.604631 -22.422485 27.081650
v -6.998644 -22.327057 29.597397
v -6.998045 -22.231627 32.113129
v -9.973630 -22.326969 29.597412
v -3.604362 -22.327105 29.597397
v -3.604095 -22.231724 32.113129
v -0.000017 -22.327108 29.597412
v 3.604350 -22.327105 29.597397
v -0.000009 -22.231739 32.113113
v -0.000002 -22.422485 27.081696
v 3.604610 -22.422485 27.081650
v -0.000009 -22.486967 24.961723
v 6.999235 -22.422485 27.081650
v 9.974654 -22.422485 27.081650
v 6.998620 -22.327057 29.597397
v 9.973615 -22.326965 29.597397
v 6.998036 -22.231627 32.113113
v 9.972574 -22.231445 32.113113
v 6.996855 -22.117474 34.433060
v 3.604076 -22.231724 32.113113
v 3.603551 -22.117657 34.433060
v -0.000005 -22.117697 34.433060
v 3.602538 -22.009329 36.573166
v -0.000002 -22.009380 36.573181
v 6.994557 -22.009192 36.570442
v 3.601499 -21.900337 38.724060
v -0.000002 -21.900398 38.724075
v 3.599632 -21.795803 40.670662
v 6.992276 -21.900276 38.718605
v 9.962432 -21.900337 38.702469
v 6.988103 -21.795876 40.660751
v 9.955117 -21.796259 40.630516
v 6.983771 -21.688997 42.504066
v 9.947474 -21.688961 42.467087
v 6.979325 -21.563147 44.148338
v 3.597688 -21.689028 42.515945
v -0.000009 -21.689041 42.516075
v 3.595674 -21.563175 44.162132
v 3.593678 -21.401478 45.522003
v -0.000012 -21.563116 44.162460
v -0.000005 -21.401260 45.522614
v -3.595702 -21.563173 44.162132
v -3.593695 -21.401478 45.522003
v -6.979346 -21.563150 44.148338
v -3.597703 -21.689028 42.515945
v -3.599655 -21.795803 40.670662
v -6.983778 -21.688995 42.504036
v -9.947488 -21.688961 42.467087
v -6.988146 -21.795879 40.660751
v -9.955141 -21.796259 40.630516
v -6.992304 -21.900278 38.718590
v -9.962463 -21.900337 38.702469
v -3.601522 -21.900339 38.723999
v -6.994600 -22.009192 36.570412
v -9.966488 -22.009056 36.562378
v -6.996882 -22.117474 34.433090
v -3.602543 -22.009331 36.573166
v -3.603575 -22.117657 34.433090
v -9.970519 -22.117104 34.433090
v -12.651165 -22.116610 34.433090
v -9.972584 -22.231449 32.113129
v -12.653988 -22.231203 32.113129
v -15.168492 -22.230886 32.113129
v -12.655542 -22.326843 29.597382
v -15.170562 -22.326689 29.597260
v -12.657125 -22.422485 27.081619
v -12.657766 -22.486967 24.961632
v -15.172633 -22.422495 27.081429
v -15.175258 -22.486984 24.961334
v -17.432022 -22.422520 27.080803
v -17.434971 -22.326517 29.596962
v -19.346642 -22.422558 27.079414
v -17.426744 -22.487135 24.962181
v -17.429832 -22.534399 23.619858
v -19.312500 -22.487560 24.965591
v -19.304531 -22.535830 23.640312
v -20.867376 -22.488131 24.970360
v -22.126040 -22.488722 24.975502
v -20.833923 -22.537828 23.668121
v -20.951855 -22.422630 27.077538
v -21.013136 -22.326130 29.595299
v -22.282768 -22.422686 27.075462
v -23.531971 -22.422720 27.072800
v -22.427530 -22.325830 29.594269
v -22.572266 -22.228979 32.113129
v -23.781506 -22.325415 29.592926
v -25.246952 -22.324818 29.591080
v -24.030981 -22.228098 32.113129
v -24.260962 -22.110645 34.433090
v -25.602552 -22.226906 32.113129
v -25.940336 -22.108585 34.433090
v -27.030088 -22.225674 32.113129
v -27.450626 -22.106388 34.433121
v -28.056913 -22.224655 32.113129
v -26.591543 -22.324173 29.590530
v -26.152811 -22.422674 27.067970
v -27.583523 -22.323584 29.592987
v -27.109903 -22.422512 27.072876
v -27.960220 -22.323120 29.596085
v -27.482943 -22.422306 27.079086
v -28.302732 -22.322878 29.597488
v -28.437256 -22.223928 32.113129
v -28.897387 -22.102844 34.433121
v -28.783642 -22.223528 32.113129
v -29.248434 -22.102041 34.433090
v -28.925110 -22.285952 32.113129
v -29.391722 -22.164293 34.433090
v -28.971039 -22.473629 32.113129
v -28.443216 -22.385326 29.598816
v -27.961082 -22.484684 27.084526
v -28.489426 -22.572868 29.601631
v -28.007574 -22.672110 27.090202
v -28.771622 -23.698645 29.612465
v -28.723848 -23.886244 29.615173
v -29.252571 -23.600655 32.102295
v -29.723614 -23.479086 34.422241
v -29.203518 -23.788443 32.102295
v -29.060057 -23.851181 32.102295
v -29.673811 -23.666948 34.422226
v -29.528357 -23.729851 34.422226
v -30.029144 -23.567698 36.308258
v -29.883547 -23.630285 36.315674
v -30.078011 -23.380236 36.300255
v -30.384344 -23.468456 38.194252
v -30.238607 -23.530720 38.209076
v -30.622444 -23.379646 39.680954
v -30.432266 -23.281378 38.178276
v -30.669754 -23.193083 39.657928
v -30.122116 -22.158663 38.103859
v -30.352800 -22.072710 39.557648
v -30.073156 -21.971487 38.095154
v -29.780207 -22.255621 36.263062
v -29.438171 -22.351927 34.433090
v -29.732506 -22.068226 36.258720
v -29.588371 -22.005835 36.262154
v -29.236193 -22.006073 36.275429
v -29.928194 -21.908979 38.102013
v -30.158226 -21.822943 39.562149
v -29.574871 -21.908640 38.128578
v -29.192482 -21.908056 38.178993
v -29.805237 -21.821590 39.610069
v -29.426003 -21.819141 39.700294
v -30.050982 -21.700970 41.274780
v -29.671528 -21.699724 41.381531
v -30.258558 -21.561651 42.770889
v -30.405472 -21.701767 41.217651
v -30.614056 -21.561619 42.707024
v -30.551764 -21.764141 41.202110
v -30.303305 -21.885769 39.547707
v -30.762085 -21.622541 42.694031
v -30.603050 -21.950029 41.220032
v -30.816696 -21.805635 42.726173
v -30.935173 -23.064510 41.376511
v -30.889183 -23.250227 41.409874
v -31.175924 -22.904291 42.972832
v -31.132832 -23.087496 43.022079
v -31.339523 -22.721060 44.057426
v -31.301752 -22.898764 44.130562
v -31.442915 -22.471767 44.847809
v -30.937677 -21.654497 43.683586
v -31.023285 -21.465548 44.316315
v -30.877949 -21.477007 43.631821
v -30.728241 -21.418575 43.642250
v -30.957186 -21.298761 44.239326
v -30.805634 -21.245642 44.244316
v -30.966682 -21.059160 44.754974
v -30.812902 -21.015812 44.748360
v -30.933519 -20.737434 45.190598
v -31.039885 -21.207783 44.862671
v -31.013437 -20.864143 45.327507
v -31.503000 -22.113369 45.575958
v -31.479761 -22.264074 45.708992
v -31.518419 -21.645536 46.212105
v -31.502687 -21.775663 46.373421
v -31.487841 -21.067881 46.727654
v -31.478577 -21.176361 46.909981
v -31.361076 -20.391190 47.192764
v -30.947809 -20.417604 45.716194
v -30.791185 -19.863775 46.095337
v -30.862667 -20.312817 45.558922
v -30.707348 -20.287432 45.536919
v -30.702621 -19.780455 45.924240
v -30.550858 -19.764887 45.899506
v -30.440769 -19.200043 46.355972
v -30.296883 -19.202816 46.325546
v -29.951090 -18.633926 46.749962
v -30.556787 -19.245888 46.536751
v -30.090370 -18.637268 46.935402
v -31.087921 -19.626122 47.686859
v -31.090557 -19.704714 47.878845
v -30.590984 -18.835455 48.129478
v -30.649639 -18.869883 48.364441
v -29.909538 -18.020214 48.543869
v -30.007565 -17.999220 48.829865
v -29.115818 -17.251163 48.969414
v -29.356123 -18.046701 47.316132
v -28.622923 -17.488924 47.718430
v -29.211546 -18.095695 47.125786
v -29.084885 -18.138157 47.085625
v -28.493591 -17.588636 47.520187
v -28.368303 -17.648882 47.469269
v -27.709772 -17.115480 47.928299
v -27.609539 -17.188780 47.863792
v -26.852419 -16.718773 48.286285
v -27.806850 -16.982664 48.133354
v -26.916542 -16.573919 48.493576
v -28.188517 -16.619490 49.383133
v -28.234907 -16.572763 49.637733
v -27.198877 -16.173899 49.725800
v -26.251436 -15.962673 49.959801
v -27.230795 -16.150862 49.946167
v -26.278963 -15.960953 50.165771
v -27.193579 -16.285248 50.018616
v -26.266191 -16.094492 50.234894
v -27.085779 -16.544415 49.995461
v -28.166792 -16.706848 49.715324
v -29.097786 -17.322807 49.342865
v -27.994297 -16.948093 49.712891
v -27.701195 -17.331154 49.676208
v -28.866346 -17.532671 49.363785
v -28.471811 -17.856457 49.380211
v -29.628664 -18.253784 48.958298
v -29.153772 -18.502913 49.011597
v -30.237665 -19.034576 48.515984
v -29.899006 -18.096682 48.919334
v -30.535021 -18.936499 48.459358
v -30.970425 -19.750320 47.978592
v -30.649900 -19.798203 48.057449
v -31.232859 -20.516333 47.490265
v -30.895334 -20.529520 47.587303
v -31.357777 -20.481064 47.388725
v -31.349741 -21.212746 47.007896
v -31.370268 -21.818804 46.464203
v -31.003817 -21.213411 47.110214
v -30.342960 -21.214651 47.304955
v -31.020451 -21.818151 46.566078
v -30.352142 -21.816872 46.760017
v -30.990286 -22.312040 45.893974
v -30.315371 -22.308844 46.090332
v -30.915861 -22.692598 45.117630
v -31.343590 -22.313692 45.790863
v -31.272215 -22.694391 45.019623
v -31.412043 -22.639229 44.949928
v -31.158657 -22.957815 44.183502
v -30.987568 -23.148775 43.059959
v -30.799660 -22.957340 44.262032
v -30.113829 -22.956442 44.411728
v -30.627468 -23.149393 43.118919
v -29.939581 -23.150558 43.231392
v -30.385101 -23.311831 41.493217
v -29.700369 -23.311382 41.594353
v -30.120480 -23.440285 39.751572
v -30.743547 -23.312048 41.440277
v -30.477041 -23.441429 39.705437
v -29.439379 -23.438099 39.839653
v -29.881666 -23.530424 38.235153
v -29.199860 -23.529858 38.284912
v -29.527866 -23.630537 36.328712
v -28.848503 -23.631008 36.353569
v -29.173941 -23.730648 34.422241
v -28.497028 -23.732159 34.422226
v -28.710434 -23.851562 32.102295
v -28.042652 -23.852303 32.102295
v -28.236984 -23.949045 29.615814
v -27.577312 -23.949409 29.615471
v -28.582357 -23.948856 29.615997
v -27.763308 -24.046520 27.129364
v -27.111767 -24.046520 27.128632
v -26.643513 -24.111824 25.042290
v -26.153349 -24.046520 27.129143
v -25.723312 -24.113749 25.073975
v -24.891376 -24.046520 27.132164
v -26.584972 -23.949903 29.615707
v -27.016422 -23.853291 32.102295
v -25.241499 -23.950500 29.617203
v -23.777840 -23.951086 29.618927
v -25.591516 -23.854492 32.102295
v -24.023600 -23.855640 32.102295
v -25.928305 -23.736296 34.422226
v -24.252975 -23.738319 34.422241
v -27.435724 -23.734123 34.422226
v -26.200392 -23.631704 36.434959
v -24.443462 -23.631866 36.479172
v -27.765959 -23.631474 36.389328
v -26.472412 -23.527119 38.447647
v -26.667131 -23.430609 40.126839
v -24.633917 -23.525423 38.536095
v -28.096087 -23.528831 38.356407
v -28.324865 -23.434881 39.965965
v -28.569157 -23.310656 41.738747
v -28.793982 -23.152159 43.391136
v -26.870180 -23.309542 41.921448
v -24.919867 -23.308344 42.097328
v -27.059544 -23.154026 43.592346
v -27.213154 -22.954233 44.891609
v -25.056749 -23.155697 43.785225
v -25.176609 -22.953234 45.147354
v -23.108635 -23.156637 43.920113
v -21.212280 -23.157320 44.015953
v -23.173853 -22.952484 45.325928
v -23.036924 -23.307381 42.221352
v -21.195587 -23.306774 42.310081
v -22.962128 -23.423666 40.393181
v -24.775684 -23.426472 40.282379
v -21.178583 -23.421818 40.473099
v -22.887583 -23.524454 38.599426
v -21.161734 -23.523933 38.645439
v -22.787823 -23.632175 36.510849
v -21.135002 -23.632532 36.533875
v -22.688042 -23.739914 34.422226
v -21.108259 -23.741140 34.422241
v -22.568640 -23.856501 32.102295
v -21.073639 -23.857126 32.102295
v -22.425539 -23.951509 29.619766
v -21.012396 -23.951828 29.619972
v -22.282425 -24.046520 27.137199
v -23.532028 -24.046520 27.135620
v -22.124626 -24.113976 25.079796
v -20.951132 -24.046516 27.137749
v -19.345917 -24.046516 27.137932
v -20.865772 -24.113466 25.071663
v -20.831154 -24.163637 23.746796
v -19.310989 -24.112995 25.063820
v -17.425598 -24.112642 25.058128
v -19.302223 -24.161749 23.715385
v -19.306828 -24.179243 22.561783
v -17.427935 -24.160343 23.692467
v -15.178279 -24.159891 23.684868
v -17.434860 -24.176088 22.515663
v -15.182905 -24.175030 22.500343
v -17.442705 -24.146299 21.002182
v -15.188135 -24.144411 20.979088
v -17.457619 -24.080122 19.449631
v -19.312056 -24.152021 21.072235
v -20.827950 -24.158466 21.193199
v -19.346218 -24.089005 19.548141
v -20.886253 -24.099800 19.728653
v -21.049141 -24.017742 18.533745
v -22.104828 -24.108469 20.007057
v -23.093178 -24.124212 20.371758
v -22.021955 -24.162497 21.369263
v -23.025518 -24.170269 21.583000
v -22.018341 -24.186766 22.716827
v -23.064543 -24.190559 22.800858
v -22.044580 -24.165649 23.779984
v -20.825731 -24.183231 22.631287
v -23.140251 -24.167152 23.804512
v -23.285234 -24.114353 25.085548
v -24.315210 -24.167475 23.809814
v -24.544472 -24.114422 25.085999
v -25.415636 -24.164732 23.764801
v -24.143610 -24.195375 22.866035
v -25.140789 -24.194004 22.827995
v -23.969597 -24.187920 21.817101
v -24.809179 -24.196018 21.889969
v -23.942179 -24.156221 20.811119
v -24.561607 -24.170790 21.146072
v -24.931967 -24.150650 20.735870
v -15.193248 -24.077211 19.417206
v -12.659687 -24.175030 22.500374
v -12.658537 -24.159891 23.684883
v -12.657627 -24.112520 25.056221
v -9.974689 -24.159891 23.684868
v -6.999242 -24.159891 23.684868
v -9.974680 -24.112520 25.056168
v -6.999238 -24.112520 25.056168
v -9.974689 -24.046516 27.137947
v -6.999240 -24.046516 27.137947
v -12.657053 -24.046516 27.137947
v -9.973764 -23.952705 29.620110
v -9.972849 -23.858885 32.102295
v -6.998730 -23.952780 29.620110
v -12.655694 -23.952585 29.620110
v -15.170598 -23.952417 29.620094
v -12.654329 -23.858641 32.102295
v -15.168829 -23.858328 32.102295
v -12.651769 -23.744152 34.422241
v -15.166063 -23.743542 34.422226
v -9.970980 -23.744650 34.422226
v -12.646289 -23.633528 36.598587
v -15.159342 -23.633316 36.583939
v -9.967189 -23.633696 36.610497
v -12.640806 -23.522881 38.775009
v -12.631162 -23.418118 40.702171
v -9.963378 -23.522747 38.798714
v -15.152609 -23.523113 38.745636
v -15.140291 -23.418867 40.648560
v -17.424892 -23.523373 38.713661
v -17.412584 -23.419718 40.591476
v -19.384279 -23.523609 38.681892
v -17.430878 -23.633110 36.567940
v -17.436865 -23.742838 34.422226
v -19.386009 -23.632841 36.552071
v -19.387739 -23.742081 34.422241
v -19.385002 -23.857599 32.102295
v -17.438240 -23.857985 32.102295
v -19.365465 -23.952051 29.620110
v -17.434853 -23.952255 29.620110
v -17.431465 -24.046516 27.137932
v -15.172355 -24.046516 27.137932
v -15.174650 -24.112522 25.056221
v -19.376913 -23.420603 40.536133
v -19.369846 -23.306648 42.380058
v -17.400806 -23.306801 42.441948
v -19.364672 -23.158253 44.091606
v -17.392178 -23.159340 44.159065
v -19.362942 -22.951912 45.552803
v -19.365160 -22.671593 46.702919
v -21.228180 -22.952007 45.452827
v -17.389318 -22.952053 45.642235
v -17.393032 -22.670513 46.814377
v -15.117183 -22.952265 45.739769
v -15.120018 -23.160528 44.232361
v -12.613217 -22.952492 45.835815
v -15.120853 -22.669460 46.935692
v -12.616066 -22.668524 47.055000
v -15.131839 -22.299355 47.736549
v -12.624496 -22.298399 47.862999
v -15.146727 -21.826397 48.309036
v -17.404156 -22.300346 47.608208
v -17.419212 -21.826784 48.182053
v -19.371811 -22.301208 47.490715
v -19.380821 -21.826845 48.066162
v -21.250807 -22.301668 47.358269
v -21.241602 -22.672796 46.577911
v -23.255556 -22.301477 47.188736
v -21.256699 -21.825865 47.934509
v -23.270348 -21.823214 47.764030
v -21.260214 -21.232651 48.445847
v -23.275328 -21.228687 48.272545
v -21.261986 -20.623772 48.871437
v -19.390110 -21.234520 48.577545
v -19.397261 -20.626127 49.003853
v -17.434725 -21.235071 48.691864
v -17.446646 -20.626995 49.116814
v -15.162045 -21.235037 48.817390
v -15.173786 -20.627131 49.240898
v -12.647686 -21.234732 48.942223
v -12.656698 -20.626898 49.364700
v -9.967907 -21.234459 49.050026
v -12.635934 -21.825876 48.434807
v -9.960002 -21.825415 48.542839
v -9.952299 -22.297600 47.971184
v -6.991024 -21.825115 48.615990
v -6.986699 -22.297089 48.044258
v -6.995437 -21.234247 49.123131
v -3.600979 -21.825014 48.638237
v -3.602946 -21.234192 49.145248
v -0.000002 -21.825014 48.638237
v -3.599088 -22.296917 48.066551
v -3.597667 -22.667143 47.246483
v -0.000005 -22.296913 48.066551
v 3.599052 -22.296917 48.066551
v -0.000012 -22.667143 47.246483
v 3.597636 -22.667143 47.246483
v -0.000009 -22.952948 45.990387
v 3.597147 -22.952927 45.990372
v 0.000002 -23.163443 44.420418
v -3.597176 -22.952927 45.990372
v -6.982417 -22.952868 45.973434
v -3.597512 -23.163427 44.420433
v -6.983220 -23.163206 44.407677
v -3.598630 -23.307827 42.670517
v -6.985721 -23.307718 42.659386
v -3.600161 -23.417213 40.785500
v -0.000009 -23.307863 42.670517
v 3.598597 -23.307827 42.670532
v -0.000017 -23.417269 40.785500
v 3.600151 -23.417231 40.785500
v -0.000009 -23.522865 38.819679
v 3.601801 -23.522785 38.819679
v -3.601809 -23.522785 38.819649
v -0.000005 -23.634048 36.620987
v 3.602748 -23.633984 36.620987
v -0.000012 -23.745235 34.422226
v -3.602764 -23.633984 36.620956
v -3.603718 -23.745186 34.422226
v -6.995037 -23.633858 36.618362
v -6.997178 -23.744997 34.422241
v -6.992900 -23.522709 38.814438
v -6.989181 -23.417267 40.775978
v -9.956805 -23.417580 40.746445
v -9.950630 -23.307533 42.623634
v -9.946160 -23.162575 44.366074
v -12.622053 -23.307289 42.570572
v -12.615421 -23.161650 44.304428
v -15.128581 -23.307030 42.507477
v -9.944687 -22.952705 45.917923
v -9.946615 -22.667765 47.156792
v -6.983513 -22.667303 47.225441
v -6.998221 -23.859053 32.102295
v -3.604178 -23.859144 32.102295
v -0.000002 -23.859161 32.102295
v -3.604400 -23.952835 29.620110
v -0.000012 -23.952839 29.620110
v -3.604646 -24.046516 27.137947
v -3.604636 -24.112520 25.056168
v -0.000019 -24.046516 27.137947
v 3.604598 -24.046516 27.137947
v 0.000002 -24.112520 25.056168
v 3.604603 -24.112520 25.056168
v -0.000017 -24.159891 23.684868
v 3.604617 -24.159891 23.684868
v -3.604639 -24.159891 23.684868
v 3.604605 -24.175030 22.500404
v 6.999216 -24.159891 23.684868
v 3.604395 -23.952835 29.620110
v 3.604171 -23.859144 32.102295
v 3.603689 -23.745186 34.422226
v 6.997166 -23.744997 34.422241
v 6.995027 -23.633858 36.618362
v 6.992867 -23.522709 38.814438
v 6.989176 -23.417269 40.775978
v 6.985683 -23.307718 42.659386
v 9.956796 -23.417583 40.746445
v 9.950616 -23.307533 42.623634
v 12.622034 -23.307289 42.570572
v 9.946138 -23.162575 44.366074
v 6.983191 -23.163206 44.407677
v 9.944652 -22.952705 45.917908
v 12.615392 -23.161650 44.304443
v 12.613208 -22.952492 45.835800
v 15.119988 -23.160528 44.232346
v 15.117137 -22.952265 45.739769
v 17.392176 -23.159340 44.159081
v 17.389296 -22.952053 45.642235
v 19.364664 -23.158253 44.091606
v 21.212236 -23.157320 44.015953
v 19.362919 -22.951912 45.552834
v 21.228155 -22.952007 45.452827
v 19.365152 -22.671593 46.702919
v 17.393000 -22.670513 46.814377
v 19.371788 -22.301208 47.490715
v 21.241571 -22.672794 46.577911
v 23.225245 -22.674295 46.418915
v 21.250774 -22.301668 47.358284
v 23.255543 -22.301477 47.188736
v 21.256649 -21.825865 47.934509
v 23.270329 -21.823214 47.764030
v 19.380781 -21.826845 48.066177
v 21.260180 -21.232651 48.445847
v 23.275272 -21.228687 48.272545
v 21.261963 -20.623772 48.871452
v 19.390095 -21.234520 48.577545
v 19.397238 -20.626127 49.003853
v 17.434700 -21.235071 48.691879
v 15.162022 -21.235035 48.817406
v 17.446602 -20.627001 49.116798
v 17.419209 -21.826784 48.182068
v 17.404135 -22.300346 47.608223
v 15.146691 -21.826397 48.309036
v 15.131838 -22.299355 47.736549
v 12.635924 -21.825876 48.434807
v 12.624490 -22.298399 47.862984
v 9.959976 -21.825413 48.542839
v 12.647674 -21.234730 48.942223
v 9.967897 -21.234459 49.050026
v 12.656681 -20.626898 49.364700
v 9.973929 -20.626686 49.472092
v 12.659857 -20.104292 49.682121
v 15.173771 -20.627131 49.240898
v 15.177943 -20.104511 49.559364
v 17.450869 -20.104355 49.436699
v 15.177929 -19.611433 49.825455
v 17.450909 -19.611307 49.704041
v 12.659814 -19.611271 49.947197
v 15.177143 -19.092184 50.090576
v 17.450140 -19.092100 49.970268
v 15.176203 -18.546320 50.337685
v 12.659170 -19.092136 50.211571
v 9.975612 -19.092093 50.318016
v 12.658441 -18.546436 50.458191
v 12.658031 -17.973627 50.670067
v 9.975116 -18.546453 50.564346
v 6.999459 -18.546444 50.637138
v 9.974825 -17.973734 50.776123
v 9.974696 -17.384907 50.959229
v 6.999307 -17.973742 50.848747
v 3.604662 -17.973742 50.870354
v 6.999235 -17.384907 51.031761
v 3.604617 -17.384907 51.053314
v 6.999216 -16.790964 51.191833
v 3.604605 -16.790958 51.213333
v 6.999218 -16.299688 51.303246
v 9.974663 -16.790960 51.119461
v 12.657954 -16.790869 51.013794
v 9.974663 -16.299688 51.231010
v 12.658073 -16.299662 51.125519
v 9.974663 -16.018900 51.268127
v 12.658145 -16.018875 51.162758
v 9.973057 -15.887229 51.202438
v 6.999223 -16.018900 51.340340
v 3.604612 -16.018898 51.361809
v 6.998277 -15.887227 51.274757
v 3.604166 -15.887229 51.296211
v 6.995442 -15.843337 51.077347
v 3.602862 -15.843335 51.098862
v 6.972663 -15.919089 49.878983
v 9.968240 -15.843364 51.004913
v 12.649009 -15.843600 50.899261
v 9.929593 -15.931476 49.806007
v 12.593797 -15.952118 49.699165
v 9.924577 -15.987698 49.602165
v 9.922482 -16.044455 49.535080
v 6.969705 -15.971170 49.675240
v 12.586581 -16.014799 49.495110
v 12.583453 -16.072977 49.427505
v 15.086677 -16.050318 49.372459
v 15.082438 -16.110151 49.304291
v 17.342899 -16.091625 49.249573
v 15.095851 -15.979659 49.576874
v 17.353949 -16.012257 49.454597
v 15.165436 -15.844419 50.779472
v 15.174044 -15.887182 50.977631
v 17.437046 -15.846198 50.661339
v 19.384068 -15.849024 50.555168
v 17.447313 -15.887156 50.860046
v 19.396090 -15.887173 50.754616
v 17.450575 -16.018806 50.926041
v 19.399998 -16.018835 50.820885
v 17.450178 -16.299448 50.888443
v 15.176813 -16.018835 51.043434
v 15.176547 -16.299524 51.006088
v 15.176079 -16.790598 50.893929
v 15.175688 -17.384413 50.733070
v 17.449469 -16.790388 50.775864
v 19.399246 -16.790533 50.670265
v 17.448881 -17.384150 50.614471
v 19.398859 -17.384344 50.508255
v 17.448786 -17.973162 50.430710
v 15.175731 -17.973354 50.549698
v 17.449221 -18.546227 50.218132
v 19.398758 -17.973318 50.323425
v 21.262691 -17.973763 50.199844
v 19.398973 -18.546246 50.109711
v 21.262701 -18.546131 49.980682
v 19.399488 -19.091766 49.860664
v 21.262749 -19.090603 49.727852
v 19.399885 -19.610605 49.593254
v 21.262754 -19.608454 49.458755
v 19.399822 -20.103432 49.324959
v 21.262669 -20.100933 49.191040
v 23.275444 -20.096003 49.006592
v 23.275345 -20.619194 48.693489
v 25.335014 -20.078646 48.795532
v 23.275545 -19.604023 49.270386
v 25.300142 -19.575413 49.065987
v 23.275640 -19.088057 49.542465
v 25.242788 -19.049786 49.351715
v 23.275764 -18.545658 49.804070
v 23.275860 -17.974331 50.036697
v 25.170004 -18.506697 49.628281
v 26.679251 -18.391102 49.499550
v 25.088877 -17.951111 49.871681
v 25.031763 -17.382784 50.079865
v 26.354921 -17.880068 49.739265
v 27.187990 -17.695358 49.665031
v 26.126574 -17.371712 49.933220
v 26.123789 -16.829433 50.093887
v 26.741766 -17.346790 49.836288
v 26.899279 -16.973364 49.910645
v 27.085737 -16.544415 49.995461
v 27.701157 -17.331158 49.676208
v 27.994249 -16.948092 49.712891
v 28.471767 -17.856457 49.380226
v 27.785751 -18.180477 49.417061
v 28.866314 -17.532669 49.363785
v 29.153736 -18.502913 49.011612
v 29.628624 -18.253782 48.958298
v 28.319510 -18.760107 49.089088
v 29.696854 -19.201612 48.605095
v 30.237644 -19.034578 48.515984
v 28.741562 -19.377151 48.726822
v 27.199390 -19.500774 48.882462
v 29.004368 -19.974512 48.377319
v 27.338964 -20.038836 48.581161
v 27.412779 -20.597813 48.242874
v 25.353439 -20.610992 48.480698
v 25.361368 -21.223980 48.060562
v 26.970121 -18.941431 49.201424
v 30.534985 -18.936497 48.459358
v 30.649603 -18.869883 48.364426
v 29.898975 -18.096684 48.919334
v 30.007538 -17.999218 48.829880
v 29.097754 -17.322807 49.342865
v 28.166750 -16.706848 49.715324
v 29.193018 -17.198322 49.259300
v 28.234871 -16.572762 49.637772
v 29.115786 -17.251162 48.969414
v 28.188490 -16.619488 49.383133
v 28.622883 -17.488924 47.718430
v 29.909504 -18.020214 48.543869
v 30.590952 -18.835455 48.129478
v 29.356102 -18.046696 47.316132
v 30.090330 -18.637266 46.935402
v 29.211510 -18.095697 47.125786
v 28.493555 -17.588636 47.520187
v 29.084852 -18.138155 47.085625
v 29.951046 -18.633924 46.749977
v 29.820877 -18.656384 46.714508
v 30.440718 -19.200039 46.355972
v 30.296841 -19.202816 46.325546
v 30.556740 -19.245886 46.536751
v 31.087883 -19.626118 47.686882
v 31.090515 -19.704714 47.878860
v 30.550842 -19.764887 45.899521
v 30.019791 -19.233608 46.403748
v 29.600199 -18.702318 46.774857
v 29.520538 -19.275261 46.549438
v 30.231026 -19.779560 45.993782
v 29.791241 -19.787014 46.179276
v 30.373459 -20.295233 45.632416
v 29.976919 -20.290024 45.827492
v 30.437334 -20.713108 45.264969
v 30.037964 -20.710592 45.457466
v 30.466856 -21.020786 44.843193
v 30.067944 -21.017181 45.039772
v 30.455482 -21.246504 44.338341
v 30.094332 -21.241632 44.528587
v 30.396675 -21.418467 43.722122
v 30.805595 -21.245642 44.244316
v 30.002693 -21.415913 43.878624
v 30.258537 -21.561651 42.770889
v 29.880039 -21.561434 42.891495
v 30.050947 -21.700974 41.274750
v 29.671505 -21.699724 41.381531
v 29.805223 -21.821590 39.610069
v 29.425976 -21.819141 39.700294
v 29.574860 -21.908642 38.128609
v 30.158220 -21.822943 39.562149
v 29.928194 -21.908979 38.102013
v 29.192465 -21.908051 38.178993
v 29.236174 -22.006073 36.275429
v 28.852579 -22.006546 36.300629
v 28.897371 -22.102844 34.433044
v 28.512562 -22.104382 34.433044
v 28.437250 -22.223928 32.113113
v 28.056892 -22.224655 32.113113
v 27.960205 -22.323114 29.596085
v 27.583492 -22.323584 29.592987
v 28.302725 -22.322878 29.597519
v 27.482931 -22.422310 27.079086
v 27.109884 -22.422514 27.072876
v 26.636475 -22.486341 24.949234
v 26.152813 -22.422674 27.067970
v 26.591518 -22.324173 29.590530
v 27.030056 -22.225674 32.113113
v 27.450598 -22.106388 34.433060
v 25.602537 -22.226906 32.113113
v 25.940325 -22.108585 34.433060
v 24.260935 -22.110645 34.433060
v 26.203920 -22.007196 36.383148
v 27.770250 -22.007000 36.336823
v 24.445580 -22.007334 36.428093
v 26.467445 -21.905146 38.344040
v 26.657555 -21.810846 39.994431
v 28.089794 -21.906946 38.251381
v 24.630192 -21.903357 38.433922
v 22.884710 -21.902327 38.498260
v 24.768475 -21.806288 40.153961
v 24.904182 -21.692936 41.912613
v 22.956709 -21.803190 40.267586
v 23.025253 -21.691080 42.043991
v 21.174381 -21.801161 40.349602
v 21.186747 -21.689871 42.138092
v 19.373358 -21.799767 40.414436
v 21.159447 -21.901773 38.545113
v 19.382351 -21.901407 38.582443
v 21.134026 -22.007975 36.483704
v 21.108644 -22.113523 34.433044
v 22.788208 -22.007635 36.460243
v 19.384682 -22.008278 36.502327
v 19.387020 -22.114479 34.433060
v 17.429659 -22.008509 36.518677
v 17.436142 -22.115257 34.433060
v 15.158264 -22.008720 36.535065
v 17.423208 -21.901104 38.615059
v 17.409393 -21.798752 40.471413
v 15.151126 -21.900789 38.647957
v 15.137517 -21.797777 40.530144
v 12.639577 -21.900515 38.678146
v 12.628858 -21.796906 40.585197
v 12.645351 -22.008883 36.550217
v 12.651159 -22.116610 34.433060
v 9.966475 -22.009058 36.562378
v 9.970510 -22.117104 34.433044
v 12.653982 -22.231203 32.113113
v 15.165388 -22.115986 34.433044
v 15.168479 -22.230886 32.113113
v 17.437899 -22.230515 32.113113
v 15.170533 -22.326689 29.597260
v 12.655547 -22.326841 29.597382
v 17.434967 -22.326517 29.596962
v 15.172631 -22.422495 27.081429
v 17.432011 -22.422520 27.080803
v 12.657091 -22.422485 27.081619
v 19.384748 -22.230124 32.113113
v 12.617695 -21.688951 42.412041
v 12.606395 -21.562277 44.041016
v 15.123240 -21.688980 42.346397
v 15.108788 -21.561670 43.965515
v 17.394526 -21.689087 42.277718
v 19.362610 -21.689291 42.212318
v 17.378815 -21.561123 43.887672
v 17.362440 -21.403990 45.160957
v 19.348928 -21.560848 43.814728
v 21.192968 -21.560947 43.732239
v 19.331005 -21.405342 45.064835
v 19.312450 -21.221432 45.947739
v 21.189363 -21.407457 44.956146
v 23.125118 -21.410580 44.818069
v 21.178034 -21.225815 45.812912
v 23.147257 -21.231705 45.641060
v 21.160973 -21.012499 46.313759
v 23.147461 -21.018885 46.129807
v 21.143171 -20.711273 46.649315
v 19.296787 -21.007740 46.456512
v 19.285715 -20.706837 46.791519
v 17.341383 -21.004400 46.581291
v 17.339981 -20.704241 46.914139
v 15.079743 -21.002151 46.713753
v 17.348825 -21.218195 46.066536
v 15.084054 -21.215752 46.192612
v 15.094735 -21.403091 45.263359
v 12.586758 -21.213903 46.314430
v 9.926083 -21.212524 46.417274
v 12.595284 -21.402521 45.362648
v 12.583149 -21.000622 46.841858
v 12.584016 -20.702484 47.171143
v 9.923398 -20.999447 46.950233
v 9.923779 -20.701952 47.278687
v 6.969740 -20.998491 47.023438
v 6.971390 -21.211485 46.486824
v 6.969790 -20.701395 47.351402
v 3.591270 -20.997665 47.046982
v -0.000009 -20.997282 47.047653
v 3.591235 -20.700748 47.374367
v 3.592067 -21.210695 46.509438
v -0.000012 -21.210354 46.510262
v -3.592098 -21.210695 46.509407
v -6.971418 -21.211485 46.486778
v -3.591299 -20.997665 47.046982
v -3.591256 -20.700747 47.374367
v -6.969755 -20.998491 47.023438
v -9.923420 -20.999447 46.950233
v -6.969809 -20.701397 47.351402
v -9.923789 -20.701952 47.278687
v -6.971457 -20.258753 47.706886
v -3.591950 -20.258305 47.729416
v -6.973181 -19.762047 48.043915
v -9.926984 -20.259119 47.634315
v -12.588975 -20.259274 47.527145
v -9.930243 -19.762377 47.971275
v -9.928769 -19.311697 48.242226
v -12.593968 -19.762392 47.864227
v -12.592004 -19.312723 48.135559
v -15.094380 -19.761763 47.739677
v -15.091650 -19.313232 48.012146
v -17.349762 -19.761375 47.612495
v -15.087768 -20.259064 47.401695
v -15.081183 -20.703016 47.044586
v -17.344522 -20.259396 47.272964
v -17.339994 -20.704241 46.914139
v -19.280954 -20.261166 47.152214
v -19.285742 -20.706833 46.791489
v -21.129679 -20.265926 47.009735
v -19.279060 -19.762215 47.493454
v -19.269533 -19.314697 47.769958
v -21.120050 -19.766684 47.350388
v -21.104998 -19.318649 47.627487
v -23.108915 -19.777216 47.154068
v -23.088919 -19.328156 47.428185
v -25.148876 -19.787403 46.921860
v -23.121773 -20.275175 46.818710
v -23.135679 -20.718054 46.462952
v -25.172062 -20.282745 46.590996
v -27.195858 -20.282469 46.337723
v -25.187061 -20.721092 46.237526
v -25.191162 -21.022182 45.897034
v -27.221624 -20.714272 45.977303
v -28.938171 -20.707485 45.708565
v -27.227249 -21.017683 45.606506
v -28.952951 -21.013348 45.305054
v -27.201302 -21.236143 45.109177
v -28.931639 -21.236433 44.792770
v -27.132418 -21.413172 44.369667
v -25.171244 -21.236139 45.413162
v -25.114210 -21.413044 44.629715
v -23.147276 -21.231707 45.641045
v -23.125172 -21.410582 44.818069
v -21.178049 -21.225817 45.812889
v -23.147480 -21.018883 46.129807
v -21.160992 -21.012499 46.313759
v -21.143202 -20.711273 46.649315
v -19.296812 -21.007740 46.456512
v -17.341396 -21.004402 46.581291
v -19.312471 -21.221434 45.947739
v -17.348837 -21.218195 46.066551
v -19.331036 -21.405344 45.064819
v -17.362457 -21.403990 45.160957
v -19.348940 -21.560852 43.814728
v -21.189388 -21.407457 44.956146
v -21.192968 -21.560947 43.732239
v -23.083675 -21.561653 43.627380
v -21.186775 -21.689871 42.138123
v -19.362650 -21.689291 42.212288
v -21.174410 -21.801163 40.349602
v -23.025282 -21.691080 42.043991
v -22.956730 -21.803190 40.267586
v -24.904200 -21.692936 41.912613
v -24.768513 -21.806288 40.153961
v -25.023899 -21.562206 43.481613
v -26.849394 -21.695435 41.726570
v -26.657587 -21.810850 39.994431
v -28.543528 -21.697929 41.533539
v -27.016476 -21.561882 43.276070
v -28.741146 -21.561384 43.062057
v -29.880070 -21.561434 42.891495
v -28.865776 -21.413338 44.098747
v -30.002726 -21.415911 43.878654
v -30.374577 -21.418465 43.722092
v -30.094368 -21.241632 44.528587
v -30.117916 -21.017181 45.039772
v -30.455519 -21.246500 44.338341
v -30.466902 -21.020786 44.843224
v -30.437380 -20.713106 45.264969
v -30.037998 -20.710594 45.457466
v -30.373461 -20.295233 45.632416
v -30.778135 -20.704567 45.172836
v -29.976965 -20.290024 45.827461
v -30.231056 -19.779558 45.993782
v -29.877731 -19.787012 46.179276
v -30.019840 -19.233608 46.403748
v -29.616585 -19.275259 46.549423
v -29.600237 -18.702314 46.774857
v -29.180403 -18.776785 46.878380
v -28.892565 -18.191832 47.133041
v -29.820932 -18.656384 46.714508
v -28.545166 -18.285215 47.207619
v -28.185209 -17.709932 47.494690
v -27.881495 -17.824917 47.528458
v -27.455572 -17.266453 47.853867
v -27.201441 -17.424446 47.818451
v -26.685465 -16.897268 48.174110
v -26.498985 -17.109018 48.074181
v -25.903692 -16.672224 48.404007
v -26.790186 -16.798531 48.213623
v -25.963446 -16.560284 48.453712
v -25.997578 -16.481647 48.527908
v -24.835283 -16.427902 48.626266
v -24.852749 -16.354254 48.699448
v -24.806429 -16.547108 48.576393
v -23.101173 -16.323099 48.793434
v -21.130190 -16.245607 48.945526
v -23.085985 -16.450373 48.744469
v -23.111450 -16.254023 48.865211
v -21.138325 -16.179977 49.015923
v -23.132135 -16.141695 49.072647
v -21.154161 -16.081264 49.222389
v -23.249853 -15.861619 50.294472
v -24.881727 -16.227276 48.907532
v -26.040007 -16.341911 48.735687
v -25.039793 -15.892007 50.133003
v -25.064165 -15.905537 50.335388
v -25.066826 -16.037958 50.402679
v -23.269491 -15.887124 50.495430
v -23.276028 -16.019018 50.562019
v -21.258186 -15.887184 50.638878
v -19.396111 -15.887171 50.754646
v -21.263109 -16.018902 50.705353
v -21.243357 -15.853554 50.438713
v -19.384085 -15.849022 50.555199
v -17.437065 -15.846198 50.661339
v -19.311560 -16.037941 49.344315
v -17.374964 -16.002874 49.455711
v -19.298668 -16.126417 49.138687
v -19.292030 -16.189770 49.069191
v -17.364016 -16.082659 49.250908
v -17.358616 -16.144360 49.182053
v -15.086699 -16.050325 49.372444
v -15.082460 -16.110149 49.304291
v -12.586617 -16.014801 49.495110
v -15.095862 -15.979659 49.576874
v -12.593820 -15.952118 49.699165
v -15.165455 -15.844419 50.779472
v -15.174077 -15.887184 50.977646
v -12.649028 -15.843602 50.899261
v -9.968266 -15.843369 51.004883
v -12.655902 -15.887221 51.097031
v -9.973075 -15.887225 51.202438
v -12.658179 -16.018873 51.162743
v -9.974687 -16.018902 51.268127
v -12.658115 -16.299662 51.125519
v -15.176846 -16.018839 51.043419
v -17.450607 -16.018806 50.926041
v -15.176565 -16.299526 51.006073
v -15.176095 -16.790598 50.893929
v -17.450205 -16.299448 50.888458
v -17.449501 -16.790386 50.775864
v -19.399746 -16.299511 50.783226
v -19.399275 -16.790537 50.670288
v -21.263042 -16.299694 50.667427
v -19.400017 -16.018839 50.820869
v -21.262918 -16.790964 50.553795
v -23.276018 -16.300020 50.523514
v -23.275991 -16.791636 50.408386
v -25.053864 -16.316719 50.364998
v -25.031155 -16.801491 50.250809
v -26.214424 -16.366068 50.201172
v -26.123829 -16.829435 50.093903
v -26.899317 -16.973366 49.910614
v -26.126612 -17.371712 49.933220
v -26.741814 -17.346790 49.836273
v -25.031801 -17.382780 50.079865
v -26.354959 -17.880068 49.739265
v -27.188019 -17.695366 49.665031
v -26.679300 -18.391104 49.499550
v -25.088903 -17.951111 49.871681
v -23.275885 -17.974331 50.036713
v -25.170046 -18.506695 49.628281
v -25.242817 -19.049786 49.351685
v -23.275801 -18.545656 49.804039
v -21.262720 -18.546131 49.980682
v -23.275688 -19.088057 49.542465
v -23.275578 -19.604010 49.270386
v -21.262768 -19.090601 49.727852
v -19.399508 -19.091766 49.860664
v -21.262789 -19.608452 49.458755
v -21.262691 -20.100933 49.191055
v -19.399923 -19.610603 49.593292
v -17.450932 -19.611309 49.704010
v -19.399851 -20.103443 49.324966
v -17.450897 -20.104355 49.436745
v -15.177950 -20.104511 49.559364
v -12.659865 -20.104290 49.682121
v -15.177950 -19.611433 49.825439
v -12.659845 -19.611271 49.947197
v -15.177156 -19.092184 50.090576
v -15.176218 -18.546318 50.337685
v -17.450167 -19.092106 49.970268
v -12.659214 -19.092133 50.211601
v -12.658456 -18.546440 50.458160
v -9.975640 -19.092091 50.318016
v -9.975128 -18.546457 50.564346
v -9.976068 -19.611124 50.053902
v -6.999771 -19.092024 50.390892
v -6.999478 -18.546444 50.637108
v -3.604872 -19.092012 50.412682
v -7.000015 -19.611023 50.126877
v -7.000039 -20.103991 49.862175
v -3.604970 -19.610989 50.148750
v -0.000009 -19.610989 50.148750
v -3.604965 -20.103943 49.884109
v -3.604441 -20.626497 49.567146
v -0.000012 -20.103943 49.884109
v 3.604953 -20.103943 49.884109
v -0.000017 -20.626497 49.567146
v 3.604433 -20.626497 49.567146
v -0.000012 -21.234192 49.145248
v 3.602927 -21.234192 49.145218
v 6.995430 -21.234251 49.123131
v 3.600957 -21.825014 48.638237
v 6.990997 -21.825113 48.615990
v 6.986668 -22.297085 48.044243
v 9.952294 -22.297600 47.971184
v 6.983485 -22.667301 47.225441
v 9.946587 -22.667765 47.156776
v 6.982405 -22.952868 45.973434
v 12.616021 -22.668524 47.055000
v 15.120838 -22.669460 46.935699
v 6.998816 -20.626541 49.545197
v 7.000010 -20.103989 49.862213
v 6.999991 -19.611021 50.126877
v 9.976069 -20.104126 49.789154
v 9.976050 -19.611120 50.053902
v 3.604941 -19.610989 50.148750
v 6.999757 -19.092022 50.390892
v 3.604841 -19.092014 50.412682
v 3.604724 -18.546440 50.658836
v -0.000012 -19.092014 50.412682
v -0.000009 -18.546440 50.658836
v -0.000002 -17.973742 50.870384
v -3.604736 -18.546440 50.658836
v -3.604674 -17.973742 50.870384
v -3.604650 -17.384907 51.053329
v -6.999330 -17.973742 50.848732
v -6.999270 -17.384907 51.031761
v -9.974834 -17.973732 50.776123
v -9.974728 -17.384907 50.959229
v -12.658070 -17.973627 50.670067
v -15.175755 -17.973352 50.549683
v -12.657933 -17.384783 50.853294
v -12.657982 -16.790867 51.013794
v -15.175727 -17.384413 50.733055
v -17.448898 -17.384150 50.614487
v -19.398859 -17.384348 50.508255
v -17.448816 -17.973164 50.430710
v -17.449245 -18.546225 50.218132
v -19.398777 -17.973322 50.323456
v -21.262720 -17.973763 50.199844
v -19.399000 -18.546246 50.109711
v -21.262796 -17.384916 50.389557
v -23.275949 -17.385792 50.238678
v -9.974682 -16.790964 51.119469
v -9.974691 -16.299688 51.230980
v -6.999249 -16.790958 51.191849
v -3.604641 -16.790960 51.213364
v -6.999247 -16.299688 51.303230
v -3.604636 -16.299688 51.324738
v -6.999245 -16.018898 51.340355
v -6.998300 -15.887229 51.274712
v -3.604643 -16.018900 51.361809
v -3.604193 -15.887229 51.296204
v -0.000009 -16.018898 51.361809
v -0.000012 -15.887229 51.296211
v -0.000012 -16.299686 51.324738
v 3.604610 -16.299688 51.324738
v -0.000021 -16.790964 51.213333
v -0.000009 -17.384907 51.053329
v -0.000024 -15.843335 51.098862
v -0.000014 -15.915656 49.900856
v -3.602893 -15.843334 51.098862
v -6.995466 -15.843332 51.077347
v -3.592401 -15.915651 49.900902
v -6.972687 -15.919093 49.878983
v -3.591044 -15.966497 49.697227
v -6.969743 -15.971169 49.675240
v -3.590448 -16.022005 49.630531
v -0.000007 -15.966503 49.697159
v -0.000012 -16.021980 49.630486
v 3.590989 -15.966499 49.697227
v 3.590448 -16.022005 49.630531
v 3.592374 -15.915648 49.900917
v 3.589959 -16.174055 49.592728
v 6.968488 -16.026974 49.608467
v 6.967492 -16.178743 49.570335
v 6.965334 -16.523634 49.455612
v 9.920833 -16.195072 49.495949
v 9.917295 -16.537996 49.379585
v 12.580788 -16.221634 49.386841
v 12.575128 -16.561211 49.267914
v 15.078161 -16.256182 49.261772
v 15.069320 -16.591213 49.139732
v 17.331198 -16.296036 49.136429
v 17.318415 -16.625473 49.011299
v 19.258869 -16.337753 49.021835
v 17.337467 -16.153181 49.180710
v 19.267248 -16.198318 49.067749
v 19.273909 -16.135117 49.137245
v 21.099670 -16.253714 48.943962
v 21.107834 -16.188251 49.014343
v 21.088608 -16.388391 48.896622
v 23.060867 -16.330254 48.791855
v 23.045862 -16.457617 48.743111
v 23.071163 -16.261351 48.863586
v 24.835241 -16.427900 48.626266
v 25.963419 -16.560284 48.453712
v 24.852709 -16.354267 48.699432
v 24.806396 -16.547108 48.576393
v 24.747049 -16.819567 48.447174
v 25.903639 -16.672224 48.404007
v 25.788797 -16.920952 48.278473
v 26.685427 -16.897272 48.174110
v 26.498960 -17.109022 48.074181
v 27.455551 -17.266443 47.853882
v 26.790146 -16.798542 48.213615
v 26.852373 -16.718801 48.286240
v 27.609509 -17.188766 47.863808
v 27.709711 -17.115469 47.928314
v 28.368275 -17.648870 47.469284
v 28.185162 -17.709932 47.494690
v 27.881468 -17.824917 47.528458
v 28.892540 -18.191832 47.133041
v 28.545134 -18.285213 47.207619
v 29.180357 -18.776785 46.878380
v 27.749193 -18.385252 47.316872
v 27.207888 -17.946365 47.595947
v 26.521137 -18.442560 47.467377
v 28.252275 -18.852295 47.023399
v 26.821306 -18.892143 47.208427
v 28.619226 -19.313633 46.742836
v 28.806091 -19.789879 46.417412
v 27.038420 -19.332054 46.964684
v 27.143700 -19.790827 46.670509
v 25.105312 -19.335188 47.198692
v 25.010141 -18.905069 47.419724
v 23.088879 -19.328156 47.428200
v 25.148838 -19.787401 46.921860
v 23.108875 -19.777220 47.154068
v 25.172022 -20.282743 46.590996
v 25.187048 -20.721094 46.237526
v 27.195824 -20.282465 46.337723
v 23.121740 -20.275173 46.818710
v 23.135645 -20.718054 46.462952
v 21.129648 -20.265926 47.009735
v 21.120012 -19.766680 47.350388
v 19.280937 -20.261166 47.152214
v 17.344498 -20.259396 47.272987
v 19.279030 -19.762213 47.493454
v 19.269489 -19.314697 47.769958
v 17.349747 -19.761377 47.612495
v 17.344854 -19.313734 47.886742
v 15.094363 -19.761763 47.739677
v 15.091626 -19.313240 48.012146
v 12.593963 -19.762394 47.864227
v 15.087759 -20.259066 47.401695
v 15.081174 -20.703016 47.044586
v 12.588932 -20.259275 47.527115
v 9.926970 -20.259121 47.634315
v 6.971428 -20.258755 47.706886
v 9.930236 -19.762375 47.971275
v 9.928767 -19.311697 48.242226
v 6.973156 -19.762045 48.043915
v 6.972075 -19.310686 48.314880
v 3.592656 -19.761721 48.066269
v 3.591926 -20.258303 47.729416
v -0.000009 -19.761585 48.066284
v 3.592064 -19.310268 48.337051
v -0.000007 -19.310188 48.337051
v 3.589926 -18.873636 48.556175
v 3.587990 -18.418682 48.771927
v -0.000019 -18.873554 48.556160
v 6.967723 -18.874432 48.533707
v 9.921872 -18.876717 48.460182
v 6.963758 -18.419998 48.749176
v 6.961646 -17.948818 48.952621
v 9.915406 -18.424065 48.674339
v 9.911768 -17.955072 48.876472
v 12.572448 -18.430096 48.564758
v 12.566894 -17.964785 48.764938
v 12.582027 -18.879829 48.352341
v 15.064618 -18.437223 48.438965
v 15.077936 -18.882986 48.228203
v 15.056798 -17.976892 48.636955
v 17.309454 -18.444353 48.312241
v 17.326708 -18.885998 48.102661
v 19.225586 -18.450462 48.195435
v 17.299612 -17.989557 48.508446
v 19.214729 -18.000977 48.390724
v 17.298347 -17.524267 48.682343
v 17.305325 -17.064482 48.847237
v 15.055425 -17.504808 48.812431
v 19.214581 -17.543089 48.563683
v 19.224613 -17.091715 48.728638
v 21.030495 -17.561363 48.430275
v 21.031651 -18.011749 48.253036
v 22.968481 -17.581289 48.259804
v 21.042950 -17.119984 48.599312
v 21.065948 -16.701221 48.767265
v 22.982100 -17.152252 48.441048
v 24.658411 -17.196482 48.272980
v 23.013584 -16.752651 48.613129
v 25.761759 -17.256746 48.110687
v 24.697231 -17.601093 48.082794
v 24.784592 -18.026703 47.877251
v 25.892227 -17.616564 47.926750
v 26.203453 -18.008177 47.716423
v 26.657488 -17.573872 47.825363
v 26.341789 -17.307673 47.999779
v 27.201403 -17.424448 47.818451
v 24.892277 -18.465378 47.650887
v 22.975462 -18.024015 48.068626
v 23.001932 -18.466118 47.859650
v 23.045067 -18.902121 47.643013
v 21.046560 -18.456944 48.054718
v 21.074255 -18.893183 47.843796
v 21.104973 -19.318653 47.627487
v 19.246363 -18.888647 47.986336
v 19.242008 -16.660879 48.894249
v 12.565958 -17.486967 48.942207
v 15.060161 -17.037518 48.977608
v 12.569139 -17.013491 49.107758
v 9.913432 -16.994764 49.220947
v 6.962936 -16.983049 49.298088
v 9.911263 -17.472912 49.055199
v 6.961479 -17.464020 49.132324
v 3.586965 -17.461344 49.155647
v 3.586993 -17.946850 48.975746
v -0.000007 -17.461262 49.155632
v 3.587706 -16.979616 49.321381
v 3.588905 -16.519461 49.478584
v 0.000000 -16.979555 49.321381
v -0.000005 -16.519407 49.478554
v -3.587720 -16.979612 49.321411
v -3.588932 -16.519455 49.478600
v -6.962941 -16.983057 49.298073
v -3.586981 -17.461342 49.155647
v -3.587027 -17.946850 48.975746
v -6.961496 -17.464027 49.132324
v -6.961658 -17.948818 48.952621
v -9.911286 -17.472910 49.055214
v -9.911780 -17.955072 48.876472
v -12.565977 -17.486969 48.942207
v -9.913429 -16.994770 49.220932
v -9.917309 -16.537992 49.379585
v -12.569156 -17.013491 49.107758
v -12.575138 -16.561207 49.267944
v -15.060184 -17.037516 48.977608
v -17.326056 -17.055569 48.847466
v -15.055464 -17.504807 48.812416
v -15.069339 -16.591211 49.139732
v -17.339352 -16.616604 49.012032
v -15.078189 -16.256184 49.261772
v -17.352264 -16.287182 49.137558
v -12.580814 -16.221628 49.386871
v -9.920859 -16.195072 49.495949
v -12.583479 -16.072983 49.427505
v -9.922494 -16.044460 49.535065
v -6.968498 -16.026972 49.608467
v -9.924602 -15.987701 49.602165
v -9.929611 -15.931469 49.806023
v -6.967530 -16.178741 49.570335
v -6.965382 -16.523628 49.455620
v -3.589990 -16.174046 49.592743
v -0.000007 -16.173996 49.592728
v -19.283554 -16.329157 49.023071
v -21.119019 -16.380238 48.897934
v -19.266493 -16.652241 48.895027
v -19.224638 -17.091719 48.728638
v -21.096071 -16.693008 48.768082
v -21.072723 -17.111662 48.599564
v -23.053356 -16.745314 48.613991
v -22.982124 -17.152266 48.441002
v -24.747086 -16.819565 48.447174
v -25.788841 -16.920961 48.278465
v -24.658453 -17.196482 48.272980
v -25.693352 -17.256737 48.110718
v -24.697273 -17.601093 48.082794
v -22.968508 -17.581289 48.259804
v -24.784618 -18.026705 47.877235
v -25.892262 -17.616564 47.926750
v -26.203497 -18.008181 47.716408
v -26.752831 -17.573870 47.825363
v -27.207928 -17.946369 47.595947
v -26.341833 -17.307680 47.999763
v -27.853676 -18.385252 47.316872
v -26.521177 -18.442558 47.467377
v -28.252304 -18.852295 47.023399
v -26.821331 -18.892143 47.208427
v -28.619268 -19.313633 46.742836
v -28.806139 -19.789879 46.417412
v -27.038460 -19.332054 46.964684
v -25.105341 -19.335188 47.198677
v -27.143744 -19.790827 46.670509
v -25.010176 -18.905073 47.419693
v -23.045095 -18.902119 47.643028
v -24.892311 -18.465380 47.650887
v -23.001951 -18.466120 47.859634
v -21.046585 -18.456944 48.054718
v -22.975489 -18.024010 48.068642
v -21.060713 -18.003025 48.252411
v -19.214760 -18.000977 48.390724
v -21.059887 -17.552856 48.430023
v -19.214590 -17.543085 48.563683
v -17.298355 -17.524269 48.682343
v -17.299623 -17.989557 48.508446
v -17.309467 -18.444353 48.312241
v -15.056815 -17.976892 48.636971
v -12.566917 -17.964785 48.764938
v -15.064627 -18.437223 48.438965
v -12.572457 -18.430092 48.564743
v -15.077946 -18.882988 48.228203
v -17.326733 -18.885998 48.102684
v -12.582043 -18.879826 48.352341
v -9.921896 -18.876715 48.460182
v -6.967752 -18.874430 48.533707
v -9.915395 -18.424063 48.674339
v -6.963763 -18.419996 48.749176
v -3.588018 -18.418682 48.771927
v -0.000005 -18.418592 48.771927
v -3.589945 -18.873634 48.556175
v -3.592076 -19.310266 48.337097
v -3.592663 -19.761721 48.066269
v -6.972098 -19.310709 48.314880
v -0.000019 -17.946758 48.975746
v -17.344872 -19.313734 47.886757
v -19.246378 -18.888649 47.986313
v -19.225615 -18.450460 48.195465
v -21.074286 -18.893183 47.843796
v -28.895794 -20.282265 46.077217
v 12.591979 -19.312721 48.135559
v -0.000012 -20.258051 47.729622
v -0.000012 -20.700401 47.374748
v 27.221607 -20.714272 45.977303
v 28.895752 -20.282265 46.077217
v 28.938139 -20.707485 45.708565
v 28.952911 -21.013348 45.305054
v 28.931601 -21.236433 44.792755
v 27.227200 -21.017683 45.606506
v 27.201284 -21.236143 45.109192
v 25.191143 -21.022181 45.897034
v 25.171227 -21.236143 45.413147
v 25.114182 -21.413044 44.629745
v 25.023865 -21.562208 43.481628
v 27.132385 -21.413172 44.369667
v 27.016451 -21.561882 43.276070
v 28.865755 -21.413338 44.098763
v 28.741104 -21.561384 43.062057
v 28.543499 -21.697927 41.533539
v 28.313011 -21.815559 39.829575
v 26.849369 -21.695433 41.726570
v 23.083633 -21.561653 43.627380
v 27.806828 -16.982653 48.133369
v 26.916508 -16.573921 48.493576
v 26.039980 -16.341902 48.735718
v 27.198841 -16.173903 49.725800
v 26.251400 -15.962669 49.959801
v 27.230780 -16.150866 49.946167
v 27.193544 -16.285248 50.018616
v 26.278913 -15.960949 50.165787
v 26.266153 -16.094492 50.234894
v 25.064127 -15.905537 50.335388
v 25.066799 -16.037958 50.402679
v 23.269455 -15.887126 50.495430
v 25.039751 -15.891999 50.133018
v 23.249825 -15.861617 50.294472
v 24.881685 -16.227266 48.907547
v 23.092077 -16.149675 49.071159
v 21.123875 -16.090096 49.221016
v 19.286974 -16.047132 49.343048
v 21.243313 -15.853552 50.438713
v 21.258152 -15.887182 50.638878
v 21.263063 -16.018906 50.705353
v 21.263016 -16.299694 50.667473
v 23.275997 -16.019016 50.562004
v 23.275988 -16.300016 50.523529
v 23.275961 -16.791637 50.408386
v 25.053833 -16.316715 50.364998
v 26.214397 -16.366068 50.201202
v 25.031116 -16.801491 50.250839
v 21.262892 -16.790966 50.553795
v 23.275927 -17.385792 50.238708
v 21.262758 -17.384916 50.389542
v 19.399717 -16.299509 50.783226
v 25.997551 -16.481632 48.527924
v -6.998832 -20.626539 49.545197
v -9.973962 -20.626686 49.472092
v -9.976106 -20.104126 49.789185
v -23.275467 -20.096004 49.006577
v -23.275381 -20.619194 48.693459
v -25.335056 -20.078642 48.795609
v -25.300169 -19.575411 49.065987
v -25.353477 -20.610992 48.480682
v -27.338985 -20.038834 48.581177
v -27.412809 -20.597811 48.242874
v -27.199427 -19.500771 48.882462
v -29.004404 -19.974512 48.377304
v -29.147337 -20.578815 47.999573
v -30.051041 -19.883623 48.196831
v -28.741608 -19.377151 48.726822
v -28.319550 -18.760107 49.089088
v -29.696888 -19.201612 48.605095
v -27.785810 -18.180479 49.417061
v -26.970165 -18.941433 49.201408
v -30.253902 -20.553209 47.769348
v -29.209671 -21.216734 47.551773
v -27.444830 -21.219931 47.811829
v -29.210678 -21.816257 47.011444
v -29.169640 -22.305382 46.355865
v -27.439791 -21.817516 47.286980
v -25.353914 -21.820047 47.550095
v -27.402424 -22.302925 46.667336
v -27.328339 -22.680424 45.889656
v -25.326021 -22.301588 46.964622
v -25.269629 -22.676651 46.198914
v -23.225279 -22.674294 46.418915
v -29.087288 -22.684853 45.566063
v -30.235096 -22.689163 45.304291
v -28.964382 -22.955318 44.624268
v -25.361408 -21.223980 48.060562
v -17.447351 -15.887155 50.860046
v -28.313047 -21.815559 39.829575
v -28.089817 -21.906944 38.251381
v -26.467474 -21.905146 38.344040
v -27.770271 -22.007000 36.336823
v -28.852606 -22.006546 36.300636
v -26.203941 -22.007196 36.383148
v -24.445608 -22.007334 36.428093
v -22.788235 -22.007635 36.460243
v -24.630226 -21.903357 38.433922
v -22.884737 -21.902327 38.498245
v -21.159458 -21.901768 38.545113
v -19.382368 -21.901407 38.582443
v -21.134050 -22.007982 36.483688
v -21.108644 -22.113535 34.433090
v -19.384703 -22.008278 36.502327
v -19.387030 -22.114479 34.433090
v -17.429695 -22.008509 36.518677
v -17.436167 -22.115257 34.433090
v -15.158279 -22.008720 36.535095
v -17.423220 -21.901104 38.615059
v -15.151151 -21.900789 38.647972
v -17.409405 -21.798752 40.471413
v -17.394548 -21.689087 42.277718
v -19.373371 -21.799767 40.414452
v -15.137530 -21.797777 40.530144
v -12.628894 -21.796904 40.585197
v -15.123241 -21.688980 42.346397
v -15.108806 -21.561670 43.965515
v -12.617714 -21.688951 42.412041
v -12.606412 -21.562277 44.041046
v -9.939739 -21.562803 44.105049
v -12.595321 -21.402519 45.362648
v -9.932072 -21.402155 45.446716
v -12.586782 -21.213903 46.314430
v -15.094751 -21.403091 45.263359
v -15.084083 -21.215752 46.192581
v -15.079763 -21.002151 46.713753
v -12.583158 -21.000622 46.841858
v -12.584023 -20.702484 47.171143
v -9.926085 -21.212524 46.417259
v -6.974911 -21.401852 45.503609
v -17.378832 -21.561123 43.887688
v -12.639581 -21.900515 38.678146
v -12.645380 -22.008890 36.550217
v -15.165389 -22.115984 34.433090
v -17.437929 -22.230515 32.113129
v -19.384766 -22.230124 32.113129
v -21.074417 -22.229630 32.113129
v -19.365705 -22.326344 29.596268
v -22.691721 -22.112280 34.433090
v -28.512596 -22.104380 34.433090
v 6.974897 -21.401852 45.503609
v 9.932054 -21.402155 45.446716
v 9.939725 -21.562803 44.105049
v 22.691706 -22.112280 34.433060
v 12.657902 -17.384783 50.853310
v 12.655885 -15.887221 51.097031
v 21.195547 -23.306774 42.310097
v 3.597498 -23.163429 44.420433
v -29.193069 -17.198324 49.259300
v -27.821587 -22.422237 27.081871
v -27.000570 -22.484049 24.926224
v -26.636501 -22.486341 24.949203
v -25.719702 -22.488516 24.970497
v -26.269627 -22.531349 23.570503
v -25.403666 -22.539112 23.682098
v -25.892927 -22.553131 22.504135
v -25.122921 -22.568140 22.779861
v -24.795544 -22.570684 21.886124
v -24.137014 -22.569519 22.815117
v -24.311346 -22.541849 23.722107
v -23.068232 -22.564690 22.752518
v -23.962294 -22.562716 21.819435
v -23.028194 -22.545235 21.590828
v -22.023272 -22.537657 21.383492
v -22.022936 -22.560883 22.673409
v -20.825033 -22.533766 21.213081
v -22.103035 -22.485264 20.077286
v -20.879156 -22.476954 19.805084
v -21.043470 -22.396811 18.646652
v -19.341665 -22.466326 19.627777
v -19.433580 -22.378517 18.408127
v -17.457684 -22.457497 19.530365
v -19.310478 -22.527382 21.095299
v -19.308584 -22.553337 22.527275
v -17.443907 -22.521671 21.026711
v -15.189424 -22.519773 21.003822
v -17.436995 -22.550158 22.483192
v -15.184257 -22.549091 22.468559
v -12.660028 -22.549091 22.468590
v -15.179333 -22.533911 23.613243
v -12.658801 -22.533901 23.613449
v -9.974682 -22.549091 22.468590
v -12.661315 -22.519773 21.003761
v -9.974675 -22.519770 21.003761
v -12.662516 -22.454573 19.498108
v -12.663464 -22.362190 18.230705
v -9.974682 -22.454573 19.498123
v -15.194204 -22.454557 19.498001
v -15.197961 -22.362125 18.230133
v -17.485378 -22.366192 18.274277
v -15.200609 -22.276344 17.300468
v -12.664121 -22.276451 17.301537
v -17.513426 -22.281372 17.355156
v -15.202065 -22.231092 16.809296
v -17.528271 -22.236658 16.869827
v -15.202711 -22.274580 16.599625
v -19.532450 -22.296711 17.521912
v -21.220592 -22.322433 17.811401
v -9.974685 -22.362206 18.230881
v -6.999240 -22.454575 19.498123
v -3.604636 -22.454592 19.498123
v -6.999235 -22.519773 21.003761
v -0.000012 -22.454573 19.498123
v 3.604603 -22.454573 19.498123
v -20.827723 -22.557346 22.593193
v -22.048309 -22.539936 23.696953
v -23.142687 -22.541485 23.717934
v -23.285845 -22.489164 24.979019
v -24.543402 -22.489277 24.978920
v -24.891230 -22.422739 27.069115
v -0.000005 -21.795841 40.670776
v 22.048285 -22.539936 23.696953
v 20.827673 -22.557346 22.593193
v 22.703823 -22.372559 17.665543
v 23.842657 -22.614054 18.213524
v 22.719305 -22.554302 17.594391
v 24.895103 -22.690617 19.114799
v 23.826105 -23.734179 18.135376
v 23.804859 -23.924561 18.171516
v 24.828951 -23.810312 18.950432
v 24.796703 -23.997076 18.987221
v 24.722015 -24.059633 19.110229
v 24.546150 -24.072809 19.414688
v 23.746632 -23.997862 18.317398
v 23.605978 -24.023359 18.685440
v 22.539032 -23.978706 18.108948
v 23.337423 -24.070358 19.388062
v 22.316311 -24.040308 18.900047
v 24.210295 -24.111433 19.995972
v 24.931948 -24.150650 20.735870
v 24.561584 -24.170790 21.146072
v 21.049122 -24.017742 18.533745
v 29.883526 -23.630285 36.315674
v 30.029108 -23.567698 36.308266
v 30.238575 -23.530704 38.209076
v 30.476988 -23.441429 39.705437
v 30.743526 -23.312048 41.440277
v 30.987541 -23.148775 43.059959
v 30.385057 -23.311834 41.493248
v 30.627453 -23.149385 43.118935
v 29.939539 -23.150558 43.231377
v 30.799606 -22.957340 44.262047
v 30.113796 -22.956442 44.411758
v 30.915812 -22.692598 45.117615
v 31.158613 -22.957815 44.183517
v 31.272196 -22.694391 45.019623
v 31.343565 -22.313692 45.790878
v 30.990244 -22.312037 45.893974
v 30.315331 -22.308844 46.090332
v 31.020416 -21.818151 46.566078
v 30.235079 -22.689161 45.304291
v 31.132788 -23.087498 43.022079
v 29.723585 -23.479086 34.422241
v 24.252966 -23.738319 34.422241
v 17.427910 -24.160343 23.692467
v 19.310991 -24.112995 25.063835
v 20.865719 -24.113466 25.071663
v 19.345905 -24.046516 27.137932
v 17.534492 -23.774096 16.525589
v -0.000012 -23.768454 16.464096
vn -0.0000 -0.9714 -0.2375
vn -0.0000 -0.6596 -0.7516
vn -0.0001 -0.6596 -0.7516
vn -0.0000 -0.0828 -0.9966
vn -0.0001 -0.0828 -0.9966
vn -0.0000 0.2631 -0.9648
vn -0.0001 0.2631 -0.9648
vn -0.0000 0.7855 -0.6188
vn -0.0001 0.7855 -0.6188
vn -0.0000 0.9984 -0.0563
vn 0.0001 -0.0828 -0.9966
vn 0.0001 0.2631 -0.9648
vn 0.0001 -0.6596 -0.7516
vn -0.0000 -0.9958 -0.0916
vn -0.0000 -0.9966 -0.0819
vn -0.0000 -0.9958 -0.0915
vn -0.0001 -0.9714 -0.2374
vn -0.0002 -0.6596 -0.7516
vn 0.0020 -0.9710 -0.2390
vn 0.0092 -0.6568 -0.7540
vn 0.0092 -0.9702 -0.2423
vn 0.0421 -0.6510 -0.7579
vn -0.0001 -0.9966 -0.0819
vn -0.0004 -0.9966 -0.0819
vn 0.0003 -0.9959 -0.0909
vn -0.0000 -0.9967 -0.0810
vn 0.0223 -0.9689 -0.2463
vn 0.0007 -0.9962 -0.0874
vn 0.0019 -0.9970 -0.0771
vn 0.0443 -0.9671 -0.2504
vn 0.0994 -0.6426 -0.7597
vn 0.1889 -0.6295 -0.7536
vn 0.0768 -0.9659 -0.2474
vn -0.0000 -0.9968 -0.0797
vn 0.3091 -0.6180 -0.7228
vn 0.2600 -0.0708 -0.9630
vn 0.4137 -0.0711 -0.9076
vn 0.1395 -0.0758 -0.9873
vn 0.2601 0.2423 -0.9347
vn 0.4094 0.2206 -0.8853
vn 0.1395 0.2534 -0.9573
vn 0.0598 -0.0798 -0.9950
vn 0.0598 0.2596 -0.9639
vn 0.0421 0.7778 -0.6271
vn 0.0994 0.7689 -0.6316
vn 0.1896 0.7525 -0.6307
vn 0.0223 0.9975 -0.0671
vn 0.0451 0.9961 -0.0758
vn 0.0092 0.9981 -0.0616
vn 0.0092 0.7832 -0.6217
vn 0.0020 0.9983 -0.0579
vn 0.0132 0.2624 -0.9649
vn -0.0002 0.7855 -0.6188
vn -0.0001 0.9984 -0.0563
vn -0.0003 0.2631 -0.9648
vn 0.0133 -0.0821 -0.9965
vn -0.0003 -0.0828 -0.9966
vn -0.0000 0.9958 0.0918
vn -0.0000 0.9966 0.0823
vn 0.0001 0.7855 -0.6188
vn 0.0002 0.7855 -0.6188
vn 0.0003 0.2631 -0.9648
vn 0.0003 -0.0828 -0.9966
vn -0.0132 0.2624 -0.9649
vn -0.0092 0.7832 -0.6217
vn -0.0133 -0.0821 -0.9965
vn 0.0002 -0.6596 -0.7517
vn -0.0092 -0.6568 -0.7540
vn -0.0598 -0.0799 -0.9950
vn -0.0421 -0.6510 -0.7579
vn -0.0598 0.2596 -0.9639
vn -0.1395 -0.0758 -0.9873
vn -0.0994 -0.6427 -0.7597
vn -0.1395 0.2534 -0.9572
vn -0.0421 0.7778 -0.6271
vn -0.0994 0.7689 -0.6315
vn -0.2601 0.2423 -0.9347
vn -0.1896 0.7525 -0.6308
vn -0.2600 -0.0708 -0.9630
vn -0.0223 0.9975 -0.0671
vn -0.0092 0.9981 -0.0616
vn -0.0451 0.9961 -0.0758
vn -0.3044 0.7291 -0.6129
vn -0.0792 0.9932 -0.0857
vn -0.4094 0.2206 -0.8853
vn -0.4385 0.6888 -0.5773
vn -0.1269 0.9868 -0.1002
vn -0.5646 0.1891 -0.8034
vn -0.4137 -0.0711 -0.9076
vn -0.5628 -0.0803 -0.8227
vn -0.6957 0.1613 -0.6999
vn -0.5571 0.6511 -0.5154
vn -0.6821 -0.0961 -0.7249
vn -0.3091 -0.6180 -0.7228
vn -0.4204 -0.6203 -0.6622
vn -0.5045 -0.6398 -0.5798
vn -0.7881 -0.0944 -0.6082
vn -0.5799 -0.6562 -0.4829
vn -0.7901 0.1553 -0.5930
vn -0.8726 -0.0605 -0.4846
vn -0.8678 0.1831 -0.4620
vn -0.6573 -0.6467 -0.3870
vn -0.6995 0.6219 -0.3521
vn -0.6458 0.6194 -0.4464
vn -0.1737 0.9797 -0.1005
vn -0.2026 0.9744 -0.0978
vn -0.2020 0.9756 -0.0863
vn -0.0075 0.9982 0.0593
vn -0.0034 0.9989 0.0461
vn -0.0019 0.9977 0.0677
vn -0.0005 0.9968 0.0797
vn 0.0007 0.9979 0.0647
vn 0.0023 0.9975 0.0699
vn 0.0021 0.9980 0.0630
vn -0.0045 0.9988 0.0483
vn 0.0021 0.9987 0.0510
vn -0.0076 0.9990 0.0445
vn 0.0129 0.9985 0.0525
vn 0.0032 0.9992 0.0399
vn 0.0257 0.9992 0.0315
vn 0.0138 0.9995 0.0267
vn 0.0073 0.9998 0.0181
vn 0.0293 0.9996 0.0033
vn 0.0249 0.9997 0.0078
vn -0.1926 0.9785 -0.0744
vn -0.7224 0.6351 -0.2734
vn -0.1947 0.9780 -0.0751
vn -0.7373 0.6357 -0.2286
vn 0.0219 0.9997 -0.0132
vn -0.2035 0.9762 -0.0753
vn -0.7494 0.6318 -0.1980
vn 0.0092 0.9996 -0.0255
vn -0.9107 0.2157 -0.3524
vn -0.9321 0.2295 -0.2801
vn -0.9445 0.2295 -0.2350
vn -0.9592 -0.0056 -0.2826
vn -0.9721 -0.0051 -0.2343
vn -0.9285 -0.0218 -0.3706
vn -0.7208 -0.6276 -0.2941
vn -0.7517 -0.6244 -0.2124
vn -0.7560 -0.6332 -0.1660
vn -0.9787 -0.0057 -0.2051
vn -0.9507 0.2312 -0.2064
vn -0.7567 -0.6392 -0.1373
vn -0.2117 -0.9773 -0.0115
vn -0.2169 -0.9758 -0.0269
vn -0.2247 -0.9731 -0.0505
vn -0.0013 -0.9994 0.0342
vn -0.0068 -0.9996 0.0266
vn -0.0162 -0.9998 0.0151
vn -0.2145 -0.9729 -0.0863
vn -0.0196 -0.9998 -0.0056
vn -0.0153 -0.9996 0.0221
vn -0.0060 -0.9995 0.0301
vn -0.0223 -0.9998 0.0003
vn -0.0126 -0.9996 -0.0267
vn -0.0216 -0.9994 -0.0274
vn -0.1812 -0.9760 -0.1207
vn -0.0015 -0.9991 -0.0434
vn -0.0123 -0.9987 -0.0493
vn -0.1459 -0.9771 -0.1548
vn -0.1239 -0.9731 -0.1943
vn 0.0047 -0.9984 -0.0572
vn -0.1056 -0.9678 -0.2286
vn 0.0031 -0.9976 -0.0691
vn -0.0007 -0.9982 -0.0598
vn 0.0009 -0.9980 -0.0637
vn -0.0024 -0.9976 -0.0697
vn -0.0768 -0.9659 -0.2474
vn -0.0007 -0.9962 -0.0874
vn -0.0019 -0.9970 -0.0771
vn -0.0443 -0.9671 -0.2504
vn -0.1889 -0.6296 -0.7536
vn -0.0223 -0.9689 -0.2463
vn -0.0092 -0.9702 -0.2423
vn -0.0003 -0.9959 -0.0909
vn 0.0004 -0.9966 -0.0819
vn 0.0001 -0.9966 -0.0819
vn -0.0020 -0.9710 -0.2390
vn 0.0001 -0.9714 -0.2375
vn -0.0000 -0.9983 -0.0576
vn -0.0000 -0.9995 -0.0315
vn -0.0000 -1.0000 -0.0037
vn -0.0000 -0.9997 0.0237
vn -0.0002 -0.9997 0.0238
vn -0.0002 -1.0000 -0.0036
vn -0.0003 -0.9995 -0.0315
vn -0.0007 -0.9997 0.0244
vn -0.0010 -1.0000 -0.0030
vn -0.0012 -0.9995 -0.0310
vn -0.0002 -0.9983 -0.0576
vn -0.0010 -0.9984 -0.0573
vn -0.0012 -0.9984 -0.0564
vn -0.0019 -0.9995 -0.0300
vn 0.0012 -0.9985 -0.0542
vn -0.0007 -0.9996 -0.0292
vn -0.0020 -1.0000 -0.0017
vn -0.0023 -1.0000 -0.0002
vn -0.0015 -0.9997 0.0257
vn -0.0022 -0.9996 0.0277
vn -0.0028 -1.0000 0.0013
vn -0.0025 -0.9995 0.0300
vn -0.0006 -0.9996 -0.0286
vn -0.0049 -1.0000 0.0050
vn -0.0021 -0.9995 0.0327
vn -0.0070 -0.9996 -0.0260
vn 0.0020 -0.9987 -0.0506
vn -0.0046 -0.9988 -0.0478
vn -0.0072 -0.9990 -0.0442
vn -0.0085 -0.9998 -0.0197
vn -0.0032 -0.9999 0.0115
vn 0.0027 -0.9992 -0.0395
vn 0.0064 -0.9998 -0.0179
vn 0.0100 -0.9999 0.0108
vn 0.0007 -0.9994 0.0346
vn 0.0081 -0.9995 0.0309
vn 0.0153 -0.9996 0.0221
vn 0.0223 -0.9998 0.0003
vn 0.0216 -0.9994 -0.0274
vn 0.0060 -0.9995 0.0301
vn 0.0033 -0.9994 0.0342
vn 0.0007 -0.9993 0.0367
vn 0.0003 -0.9994 0.0358
vn 0.0007 -0.9994 0.0355
vn 0.0011 -0.9994 0.0348
vn 0.0001 -0.9994 0.0357
vn -0.0004 -0.9993 0.0370
vn -0.0009 -0.9993 0.0362
vn -0.0000 -0.9994 0.0355
vn 0.0004 -0.9993 0.0384
vn 0.0003 -0.9993 0.0382
vn 0.0005 -0.9993 0.0385
vn 0.0007 -0.9990 0.0444
vn 0.0008 -0.9990 0.0446
vn 0.0006 -0.9990 0.0442
vn 0.0004 -0.9990 0.0440
vn 0.0002 -0.9993 0.0381
vn -0.0001 -0.9994 0.0353
vn 0.0001 -0.9993 0.0380
vn -0.0001 -0.9994 0.0350
vn 0.0003 -0.9990 0.0439
vn 0.0006 -0.9987 0.0506
vn 0.0005 -0.9987 0.0505
vn 0.0008 -0.9987 0.0508
vn 0.0003 -0.9987 0.0503
vn 0.0002 -0.9990 0.0438
vn 0.0002 -0.9990 0.0437
vn 0.0001 -0.9993 0.0379
vn 0.0003 -0.9987 0.0502
vn -0.0000 -0.9994 0.0348
vn -0.0000 -0.9994 0.0349
vn 0.0001 -0.9993 0.0378
vn 0.0001 -0.9991 0.0436
vn -0.0000 -0.9995 0.0331
vn -0.0001 -0.9994 0.0332
vn -0.0003 -0.9994 0.0335
vn -0.0000 -0.9994 0.0347
vn -0.0000 -0.9993 0.0378
vn -0.0000 -0.9993 0.0377
vn 0.0001 -0.9991 0.0435
vn -0.0000 -0.9991 0.0434
vn 0.0002 -0.9988 0.0499
vn 0.0001 -0.9988 0.0498
vn 0.0002 -0.9987 0.0500
vn 0.0003 -0.9987 0.0508
vn 0.0002 -0.9987 0.0506
vn 0.0004 -0.9987 0.0509
vn 0.0005 -0.9986 0.0525
vn 0.0004 -0.9986 0.0523
vn 0.0006 -0.9986 0.0528
vn 0.0009 -0.9984 0.0568
vn 0.0006 -0.9984 0.0563
vn 0.0011 -0.9984 0.0574
vn 0.0005 -0.9987 0.0511
vn 0.0007 -0.9986 0.0531
vn 0.0012 -0.9983 0.0580
vn 0.0021 -0.9974 0.0724
vn 0.0017 -0.9974 0.0715
vn 0.0023 -0.9973 0.0732
vn 0.0026 -0.9972 0.0741
vn 0.0014 -0.9983 0.0586
vn 0.0009 -0.9986 0.0533
vn 0.0030 -0.9972 0.0749
vn 0.0017 -0.9982 0.0592
vn 0.0011 -0.9986 0.0536
vn 0.0006 -0.9987 0.0512
vn 0.0008 -0.9987 0.0513
vn 0.0011 -0.9987 0.0515
vn 0.0013 -0.9986 0.0538
vn 0.0010 -0.9987 0.0510
vn 0.0013 -0.9987 0.0516
vn 0.0016 -0.9985 0.0540
vn 0.0021 -0.9982 0.0598
vn 0.0028 -0.9982 0.0607
vn 0.0020 -0.9985 0.0544
vn 0.0036 -0.9981 0.0620
vn 0.0015 -0.9987 0.0517
vn 0.0019 -0.9987 0.0518
vn 0.0025 -0.9985 0.0548
vn 0.0045 -0.9980 0.0634
vn 0.0012 -0.9987 0.0512
vn 0.0015 -0.9987 0.0514
vn 0.0019 -0.9987 0.0517
vn 0.0024 -0.9987 0.0519
vn 0.0031 -0.9985 0.0551
vn 0.0020 -0.9987 0.0518
vn 0.0026 -0.9986 0.0519
vn 0.0034 -0.9985 0.0553
vn 0.0060 -0.9978 0.0654
vn 0.0055 -0.9979 0.0646
vn 0.0108 -0.9965 0.0833
vn 0.0089 -0.9966 0.0815
vn 0.0119 -0.9963 0.0845
vn 0.0072 -0.9968 0.0793
vn 0.0141 -0.9925 0.1210
vn 0.0175 -0.9921 0.1243
vn 0.0212 -0.9917 0.1270
vn 0.0107 -0.9929 0.1182
vn 0.0055 -0.9970 0.0774
vn 0.0039 -0.9971 0.0760
vn 0.0076 -0.9932 0.1161
vn 0.0216 -0.9795 0.2002
vn 0.0153 -0.9806 0.1954
vn 0.0288 -0.9781 0.2060
vn 0.0421 -0.9373 0.3461
vn 0.0309 -0.9391 0.3422
vn 0.0542 -0.9361 0.3476
vn 0.0362 -0.9764 0.2129
vn 0.0674 -0.9343 0.3499
vn 0.1010 -0.8525 0.5129
vn 0.0808 -0.8478 0.5241
vn 0.0656 -0.8421 0.5353
vn 0.0980 -0.7244 0.6823
vn 0.0812 -0.7153 0.6941
vn 0.1274 -0.7316 0.6698
vn 0.1070 -0.6102 0.7850
vn 0.0892 -0.6078 0.7890
vn 0.1452 -0.6091 0.7797
vn 0.2016 -0.5994 0.7746
vn 0.1694 -0.7309 0.6611
vn 0.1280 -0.8525 0.5067
vn 0.1553 -0.5258 0.8363
vn 0.1120 -0.5332 0.8385
vn 0.2207 -0.5073 0.8330
vn 0.2307 -0.5910 0.7729
vn 0.1908 -0.7286 0.6578
vn 0.2563 -0.4927 0.8316
vn 0.2280 -0.4414 0.8679
vn 0.1593 -0.4697 0.8684
vn 0.2699 -0.4190 0.8669
vn 0.4903 -0.2866 0.8231
vn 0.4749 -0.3966 0.7857
vn 0.4399 -0.5268 0.7273
vn 0.8888 0.1254 0.4409
vn 0.8960 -0.0604 0.4399
vn 0.8867 -0.2258 0.4035
vn 0.3911 -0.6824 0.6176
vn 0.8590 -0.3829 0.3398
vn 0.9886 0.1211 -0.0893
vn 0.9767 0.1968 -0.0855
vn 0.9487 0.3088 -0.0680
vn 0.8981 0.3640 -0.2467
vn 0.8585 0.4492 -0.2473
vn 0.9157 0.3299 -0.2296
vn 0.6340 0.5606 -0.5327
vn 0.5750 0.5989 -0.5574
vn 0.6607 0.5918 -0.4618
vn -0.0081 0.6170 -0.7869
vn -0.0354 0.5797 -0.8141
vn 0.0201 0.7409 -0.6713
vn 0.0645 0.8637 -0.4999
vn 0.6845 0.6344 -0.3592
vn 0.9275 0.3173 -0.1976
vn 0.1117 0.9310 -0.3476
vn 0.7080 0.6463 -0.2847
vn 0.9381 0.2923 -0.1858
vn 0.9926 0.0766 -0.0947
vn 0.9927 0.0351 -0.1156
vn 0.8304 -0.5000 0.2460
vn 0.7987 -0.5847 0.1423
vn 0.9902 0.0072 -0.1396
vn 0.7688 -0.6381 0.0426
vn 0.9446 0.2715 -0.1844
vn 0.9889 0.0014 -0.1486
vn 0.7545 -0.6557 -0.0258
vn 0.9495 0.2618 -0.1728
vn 0.7287 0.6441 -0.2327
vn 0.7366 0.6500 -0.1872
vn 0.1517 0.9618 -0.2277
vn 0.1737 0.9741 -0.1447
vn 0.7441 0.6479 -0.1629
vn 0.1870 0.9763 -0.1087
vn 0.9530 0.2556 -0.1626
vn 0.7478 0.6448 -0.1582
vn 0.1937 0.9765 -0.0943
vn 0.9541 0.2501 -0.1648
vn 0.9880 -0.0029 -0.1546
vn 0.9888 -0.0002 -0.1493
vn 0.7513 -0.6574 -0.0569
vn 0.7501 -0.6572 -0.0737
vn 0.9853 -0.0042 -0.1708
vn 0.7504 -0.6543 -0.0938
vn 0.9527 0.2458 -0.1784
vn 0.7492 -0.6536 -0.1067
vn 0.9828 -0.0050 -0.1845
vn 0.9514 0.2420 -0.1905
vn 0.7496 0.6410 -0.1648
vn 0.7484 0.6403 -0.1729
vn 0.9507 0.2390 -0.1975
vn 0.7504 0.6364 -0.1787
vn 0.9815 -0.0052 -0.1913
vn 0.1990 0.9760 -0.0883
vn 0.1985 0.9761 -0.0887
vn 0.2022 0.9752 -0.0904
vn 0.7523 0.6346 -0.1773
vn 0.2037 0.9754 -0.0847
vn 0.9512 0.2364 -0.1982
vn 0.7549 0.6335 -0.1697
vn 0.2067 0.9753 -0.0781
vn 0.9529 0.2344 -0.1923
vn 0.9810 -0.0058 -0.1937
vn 0.9819 -0.0044 -0.1891
vn 0.9507 0.2312 -0.2064
vn 0.7565 0.6291 -0.1788
vn 0.9787 -0.0057 -0.2051
vn 0.7550 -0.6446 -0.1203
vn 0.7567 -0.6392 -0.1373
vn 0.7511 -0.6495 -0.1184
vn 0.2071 -0.9783 -0.0015
vn 0.2117 -0.9773 -0.0115
vn 0.2047 -0.9788 0.0045
vn 0.7515 -0.6500 -0.1129
vn 0.2048 -0.9787 0.0112
vn 0.0012 -0.9990 0.0453
vn 0.0005 -0.9992 0.0391
vn 0.0012 -0.9990 0.0451
vn 0.0005 -0.9992 0.0389
vn 0.0013 -0.9994 0.0342
vn 0.0005 -0.9992 0.0387
vn 0.0010 -0.9990 0.0449
vn 0.0068 -0.9996 0.0266
vn 0.2169 -0.9758 -0.0269
vn 0.7560 -0.6332 -0.1660
vn 0.2247 -0.9731 -0.0505
vn 0.7517 -0.6244 -0.2124
vn 0.0162 -0.9998 0.0151
vn 0.2145 -0.9729 -0.0863
vn 0.0196 -0.9998 -0.0056
vn 0.7208 -0.6276 -0.2941
vn 0.0126 -0.9996 -0.0267
vn 0.1812 -0.9760 -0.1207
vn 0.0015 -0.9991 -0.0434
vn 0.1459 -0.9771 -0.1548
vn 0.0123 -0.9987 -0.0493
vn 0.6573 -0.6467 -0.3870
vn 0.5799 -0.6562 -0.4829
vn 0.7881 -0.0944 -0.6082
vn 0.8726 -0.0605 -0.4846
vn 0.9285 -0.0218 -0.3706
vn 0.8678 0.1831 -0.4620
vn 0.9106 0.2157 -0.3524
vn 0.7901 0.1553 -0.5930
vn 0.6458 0.6194 -0.4464
vn 0.6995 0.6219 -0.3521
vn 0.7224 0.6351 -0.2734
vn 0.9321 0.2295 -0.2801
vn 0.7373 0.6357 -0.2286
vn 0.9592 -0.0056 -0.2826
vn 0.9445 0.2295 -0.2350
vn 0.7494 0.6319 -0.1980
vn 0.9721 -0.0051 -0.2343
vn 0.2092 0.9748 -0.0769
vn 0.2035 0.9762 -0.0753
vn 0.1947 0.9780 -0.0751
vn -0.0017 0.9994 -0.0337
vn -0.0092 0.9996 -0.0255
vn -0.0216 0.9997 -0.0132
vn 0.1926 0.9785 -0.0744
vn -0.0246 0.9997 0.0075
vn 0.2020 0.9756 -0.0863
vn -0.0137 0.9996 0.0266
vn -0.0291 0.9996 0.0037
vn -0.0207 0.9996 -0.0204
vn -0.0255 0.9992 0.0317
vn 0.0034 0.9989 0.0460
vn -0.0125 0.9985 0.0529
vn 0.2026 0.9744 -0.0978
vn -0.0021 0.9980 0.0629
vn 0.0075 0.9982 0.0592
vn 0.1737 0.9797 -0.1005
vn 0.5572 0.6511 -0.5154
vn 0.1269 0.9868 -0.1002
vn 0.4385 0.6888 -0.5773
vn 0.0019 0.9977 0.0677
vn 0.0792 0.9932 -0.0858
vn 0.0005 0.9968 0.0797
vn 0.3044 0.7291 -0.6129
vn -0.0008 0.9979 0.0647
vn -0.0023 0.9975 0.0699
vn -0.0007 0.9961 0.0877
vn -0.0020 0.9970 0.0775
vn -0.0000 0.9967 0.0814
vn -0.0003 0.9958 0.0912
vn 0.0004 0.9966 0.0823
vn 0.0001 0.9966 0.0823
vn 0.0002 0.9983 0.0580
vn -0.0000 0.9983 0.0580
vn -0.0000 0.9995 0.0316
vn -0.0000 1.0000 0.0034
vn 0.0002 1.0000 0.0033
vn 0.0003 0.9995 0.0316
vn 0.0012 0.9995 0.0311
vn 0.0010 0.9983 0.0577
vn 0.0011 1.0000 0.0027
vn 0.0019 0.9995 0.0301
vn 0.0020 1.0000 0.0013
vn 0.0011 0.9984 0.0568
vn 0.0007 0.9996 0.0293
vn 0.0023 1.0000 -0.0001
vn -0.0012 0.9985 0.0545
vn -0.0021 0.9987 0.0510
vn 0.0006 0.9996 0.0288
vn 0.0045 0.9988 0.0483
vn 0.0069 0.9996 0.0262
vn 0.0028 1.0000 -0.0016
vn 0.0049 1.0000 -0.0054
vn 0.0086 0.9998 0.0198
vn 0.0032 0.9999 -0.0121
vn 0.0076 0.9990 0.0446
vn -0.0073 0.9998 0.0181
vn -0.0109 0.9999 -0.0106
vn -0.0032 0.9992 0.0400
vn -0.0085 0.9995 -0.0308
vn -0.0006 0.9994 -0.0351
vn -0.0087 0.9995 -0.0289
vn -0.0033 0.9994 -0.0337
vn -0.0007 0.9993 -0.0362
vn 0.0021 0.9994 -0.0332
vn 0.0004 0.9993 -0.0365
vn -0.0003 0.9994 -0.0352
vn -0.0007 0.9994 -0.0349
vn -0.0001 0.9994 -0.0351
vn -0.0000 0.9994 -0.0349
vn 0.0009 0.9994 -0.0357
vn 0.0024 0.9995 -0.0304
vn -0.0003 0.9993 -0.0384
vn -0.0004 0.9993 -0.0386
vn -0.0005 0.9992 -0.0387
vn -0.0007 0.9990 -0.0445
vn -0.0009 0.9990 -0.0447
vn -0.0006 0.9990 -0.0443
vn -0.0004 0.9990 -0.0441
vn -0.0002 0.9993 -0.0383
vn 0.0001 0.9994 -0.0347
vn -0.0001 0.9993 -0.0382
vn 0.0001 0.9994 -0.0345
vn -0.0003 0.9990 -0.0440
vn 0.0008 0.9994 -0.0347
vn 0.0006 0.9994 -0.0337
vn 0.0021 0.9996 -0.0281
vn 0.0015 0.9997 -0.0262
vn -0.0000 0.9994 -0.0343
vn 0.0003 0.9995 -0.0330
vn 0.0007 0.9997 -0.0248
vn 0.0002 0.9997 -0.0241
vn 0.0001 0.9995 -0.0327
vn -0.0000 0.9997 -0.0240
vn -0.0000 0.9995 -0.0326
vn -0.0000 0.9994 -0.0342
vn -0.0000 0.9994 -0.0341
vn -0.0000 0.9993 -0.0379
vn -0.0000 0.9991 -0.0435
vn 0.0001 0.9990 -0.0436
vn -0.0001 0.9991 -0.0435
vn -0.0001 0.9990 -0.0436
vn -0.0001 0.9988 -0.0499
vn -0.0002 0.9988 -0.0500
vn -0.0000 0.9988 -0.0498
vn -0.0000 0.9987 -0.0506
vn -0.0001 0.9987 -0.0506
vn -0.0000 0.9986 -0.0521
vn -0.0001 0.9986 -0.0521
vn -0.0002 0.9986 -0.0522
vn -0.0000 0.9984 -0.0557
vn -0.0001 0.9984 -0.0557
vn -0.0003 0.9984 -0.0558
vn -0.0004 0.9986 -0.0523
vn -0.0002 0.9987 -0.0507
vn -0.0006 0.9984 -0.0562
vn -0.0011 0.9977 -0.0677
vn -0.0005 0.9977 -0.0672
vn -0.0001 0.9978 -0.0670
vn -0.0021 0.9952 -0.0980
vn -0.0010 0.9952 -0.0975
vn -0.0002 0.9953 -0.0972
vn -0.0000 0.9978 -0.0670
vn -0.0000 0.9953 -0.0972
vn -0.0004 0.9881 -0.1541
vn -0.0018 0.9880 -0.1546
vn -0.0000 0.9881 -0.1540
vn 0.0002 0.9953 -0.0972
vn 0.0004 0.9880 -0.1541
vn 0.0001 0.9978 -0.0670
vn 0.0010 0.9952 -0.0975
vn 0.0018 0.9880 -0.1546
vn 0.0005 0.9977 -0.0672
vn 0.0001 0.9984 -0.0557
vn 0.0003 0.9984 -0.0558
vn 0.0011 0.9977 -0.0677
vn 0.0006 0.9984 -0.0562
vn 0.0021 0.9952 -0.0980
vn 0.0002 0.9986 -0.0522
vn 0.0004 0.9986 -0.0523
vn 0.0001 0.9986 -0.0521
vn 0.0001 0.9987 -0.0506
vn 0.0002 0.9987 -0.0507
vn 0.0001 0.9988 -0.0499
vn 0.0002 0.9988 -0.0500
vn 0.0002 0.9987 -0.0501
vn 0.0003 0.9987 -0.0508
vn 0.0001 0.9990 -0.0437
vn 0.0001 0.9993 -0.0380
vn 0.0003 0.9987 -0.0502
vn 0.0002 0.9990 -0.0438
vn 0.0001 0.9993 -0.0381
vn -0.0001 0.9995 -0.0327
vn -0.0003 0.9995 -0.0330
vn -0.0001 0.9994 -0.0345
vn 0.0001 0.9993 -0.0382
vn -0.0006 0.9994 -0.0336
vn -0.0015 0.9997 -0.0262
vn -0.0007 0.9997 -0.0248
vn -0.0002 0.9997 -0.0241
vn -0.0021 0.9996 -0.0281
vn -0.0008 0.9994 -0.0347
vn -0.0001 0.9994 -0.0347
vn -0.0009 0.9994 -0.0357
vn -0.0024 0.9995 -0.0304
vn 0.0002 0.9993 -0.0383
vn 0.0003 0.9993 -0.0384
vn -0.0004 0.9993 -0.0365
vn 0.0001 0.9994 -0.0351
vn 0.0004 0.9993 -0.0386
vn 0.0006 0.9990 -0.0443
vn 0.0004 0.9990 -0.0441
vn 0.0007 0.9990 -0.0445
vn 0.0003 0.9994 -0.0352
vn 0.0005 0.9992 -0.0387
vn 0.0009 0.9990 -0.0447
vn 0.0009 0.9987 -0.0509
vn 0.0011 0.9987 -0.0511
vn 0.0013 0.9987 -0.0513
vn 0.0010 0.9990 -0.0450
vn 0.0015 0.9987 -0.0515
vn 0.0005 0.9992 -0.0389
vn 0.0016 0.9990 -0.0452
vn 0.0027 0.9987 -0.0515
vn 0.0007 0.9992 -0.0391
vn 0.0007 0.9994 -0.0349
vn 0.0016 0.9994 -0.0342
vn 0.0017 0.9994 -0.0337
vn 0.0007 0.9992 -0.0392
vn 0.0018 0.9990 -0.0454
vn -0.2092 0.9748 -0.0769
vn -0.2067 0.9753 -0.0781
vn -0.2037 0.9754 -0.0847
vn -0.2021 0.9752 -0.0904
vn 0.0029 0.9987 -0.0517
vn -0.7523 0.6345 -0.1773
vn -0.7504 0.6364 -0.1787
vn -0.7549 0.6335 -0.1697
vn -0.9512 0.2364 -0.1982
vn -0.9508 0.2389 -0.1975
vn -0.9529 0.2344 -0.1923
vn -0.7565 0.6291 -0.1788
vn -0.9819 -0.0044 -0.1891
vn -0.9810 -0.0058 -0.1937
vn -0.7550 -0.6446 -0.1203
vn -0.7511 -0.6495 -0.1184
vn -0.9815 -0.0052 -0.1913
vn -0.7515 -0.6501 -0.1129
vn -0.2047 -0.9788 0.0045
vn -0.2048 -0.9787 0.0112
vn -0.2071 -0.9783 -0.0015
vn -0.2025 -0.9792 0.0134
vn -0.7493 -0.6536 -0.1067
vn -0.9828 -0.0050 -0.1845
vn -0.2032 -0.9789 0.0195
vn -0.7504 -0.6542 -0.0938
vn -0.9853 -0.0041 -0.1708
vn -0.2031 -0.9786 0.0338
vn -0.7501 -0.6572 -0.0737
vn -0.9880 -0.0028 -0.1546
vn -0.9541 0.2501 -0.1648
vn -0.9528 0.2458 -0.1784
vn -0.9514 0.2419 -0.1905
vn -0.7478 0.6448 -0.1582
vn -0.7496 0.6410 -0.1647
vn -0.7485 0.6402 -0.1729
vn -0.1990 0.9760 -0.0883
vn -0.1984 0.9761 -0.0887
vn 0.0036 0.9987 -0.0518
vn 0.0045 0.9985 -0.0547
vn -0.1937 0.9765 -0.0943
vn 0.0077 0.9979 -0.0640
vn 0.0034 0.9987 -0.0517
vn 0.0043 0.9985 -0.0547
vn 0.0074 0.9979 -0.0636
vn 0.0142 0.9967 -0.0793
vn 0.0147 0.9967 -0.0799
vn -0.1871 0.9763 -0.1087
vn 0.0277 0.9928 -0.1162
vn 0.0287 0.9929 -0.1159
vn -0.1753 0.9741 -0.1430
vn -0.7441 0.6479 -0.1629
vn -0.7386 0.6499 -0.1792
vn -0.9530 0.2557 -0.1626
vn -0.9497 0.2660 -0.1654
vn -0.9888 -0.0002 -0.1493
vn -0.9892 0.0045 -0.1464
vn -0.7513 -0.6575 -0.0569
vn -0.7545 -0.6558 -0.0258
vn -0.9898 0.0104 -0.1418
vn -0.7688 -0.6381 0.0426
vn -0.9433 0.2734 -0.1883
vn -0.9923 0.0356 -0.1190
vn -0.7987 -0.5847 0.1423
vn -0.9365 0.2903 -0.1967
vn -0.7093 0.6394 -0.2966
vn -0.7253 0.6468 -0.2357
vn -0.1482 0.9623 -0.2279
vn -0.1136 0.9299 -0.3498
vn -0.6845 0.6344 -0.3592
vn -0.0644 0.8637 -0.4999
vn -0.9275 0.3173 -0.1976
vn -0.6607 0.5918 -0.4618
vn -0.0201 0.7409 -0.6713
vn -0.9157 0.3299 -0.2296
vn -0.9926 0.0766 -0.0947
vn -0.9886 0.1211 -0.0893
vn -0.8304 -0.5000 0.2460
vn -0.8590 -0.3829 0.3398
vn -0.9767 0.1968 -0.0855
vn -0.8866 -0.2259 0.4036
vn -0.8981 0.3640 -0.2467
vn -0.8960 -0.0604 0.4399
vn -0.9487 0.3088 -0.0680
vn -0.8585 0.4492 -0.2473
vn -0.6340 0.5606 -0.5327
vn -0.5750 0.5988 -0.5575
vn 0.0081 0.6170 -0.7869
vn 0.0354 0.5797 -0.8141
vn -0.4854 0.6799 -0.5496
vn 0.0553 0.5743 -0.8168
vn -0.7665 0.5904 -0.2529
vn -0.3336 0.7421 -0.5813
vn 0.0961 0.5140 -0.8524
vn -0.6166 0.7348 -0.2827
vn -0.7555 0.6394 -0.1428
vn -0.8819 0.4668 -0.0653
vn -0.8888 0.1254 0.4409
vn -0.8568 0.3341 0.3929
vn -0.7869 0.5068 0.3520
vn -0.6201 0.7436 -0.2499
vn -0.4730 0.8006 -0.3679
vn -0.4969 0.8148 -0.2987
vn -0.6755 0.6425 0.3617
vn -0.3625 0.8220 -0.4393
vn -0.1372 0.7345 -0.6646
vn -0.2082 0.7420 -0.6373
vn 0.1311 0.4614 -0.8775
vn 0.1228 0.5034 -0.8553
vn -0.0868 0.7389 -0.6682
vn 0.0920 0.5536 -0.8277
vn -0.2565 0.8474 -0.4650
vn -0.0484 0.7500 -0.6596
vn 0.0699 0.5822 -0.8100
vn -0.1583 0.8742 -0.4591
vn -0.3707 0.8829 -0.2881
vn -0.2400 0.9412 -0.2379
vn -0.5347 0.7453 0.3984
vn -0.3713 0.8154 0.4442
vn -0.1066 0.9805 -0.1651
vn -0.0638 0.9009 -0.4293
vn -0.1993 0.8412 0.5026
vn -0.2901 0.1191 0.9496
vn -0.1976 0.1568 0.9677
vn -0.3566 0.0599 0.9323
vn -0.1930 -0.2075 0.9590
vn -0.1573 -0.1985 0.9674
vn -0.2184 -0.2093 0.9532
vn -0.4104 -0.0061 0.9119
vn -0.2501 -0.2278 0.9410
vn -0.1835 -0.2536 0.9497
vn -0.1709 -0.2586 0.9507
vn -0.2102 -0.2775 0.9375
vn -0.2255 -0.3257 0.9182
vn -0.2685 -0.2752 0.9231
vn -0.4526 -0.0833 0.8878
vn -0.2284 -0.3803 0.8962
vn -0.2734 -0.3429 0.8987
vn -0.4818 -0.1769 0.8582
vn -0.4903 -0.2866 0.8231
vn -0.2699 -0.4190 0.8669
vn -0.4749 -0.3966 0.7857
vn -0.2563 -0.4927 0.8316
vn -0.4399 -0.5268 0.7273
vn -0.2307 -0.5910 0.7729
vn -0.3910 -0.6824 0.6176
vn -0.1908 -0.7286 0.6578
vn -0.2016 -0.5994 0.7746
vn -0.2207 -0.5073 0.8330
vn -0.1694 -0.7309 0.6611
vn -0.1419 -0.8511 0.5054
vn -0.1280 -0.8525 0.5068
vn -0.3394 -0.8134 0.4724
vn -0.0923 -0.9293 0.3577
vn -0.0836 -0.9316 0.3537
vn -0.2879 -0.8995 0.3286
vn -0.2426 -0.9504 0.1945
vn -0.0492 -0.9734 0.2237
vn -0.2162 -0.9713 0.0986
vn -0.0233 -0.9914 0.1289
vn -0.0446 -0.9747 0.2192
vn -0.0212 -0.9917 0.1270
vn -0.0119 -0.9963 0.0845
vn -0.0108 -0.9965 0.0833
vn -0.2070 -0.9768 0.0540
vn -0.0060 -0.9978 0.0654
vn -0.0055 -0.9979 0.0646
vn -0.0034 -0.9985 0.0553
vn -0.0031 -0.9985 0.0551
vn -0.0024 -0.9987 0.0519
vn -0.0026 -0.9986 0.0519
vn -0.0020 -0.9987 0.0518
vn -0.0019 -0.9987 0.0517
vn -0.0012 -0.9990 0.0453
vn -0.0012 -0.9990 0.0451
vn -0.0005 -0.9992 0.0391
vn -0.0005 -0.9992 0.0389
vn -0.0011 -0.9994 0.0348
vn -0.0007 -0.9994 0.0355
vn -0.0033 -0.9994 0.0342
vn -0.0005 -0.9992 0.0387
vn -0.0003 -0.9994 0.0358
vn -0.0007 -0.9993 0.0367
vn -0.0005 -0.9993 0.0385
vn -0.0010 -0.9990 0.0449
vn -0.0008 -0.9990 0.0446
vn -0.0004 -0.9993 0.0384
vn -0.0001 -0.9994 0.0357
vn -0.0007 -0.9990 0.0444
vn -0.0010 -0.9987 0.0510
vn -0.0012 -0.9987 0.0512
vn -0.0015 -0.9987 0.0515
vn -0.0013 -0.9987 0.0516
vn -0.0015 -0.9987 0.0517
vn -0.0019 -0.9987 0.0518
vn -0.0016 -0.9985 0.0540
vn -0.0020 -0.9985 0.0544
vn -0.0025 -0.9985 0.0548
vn -0.0036 -0.9981 0.0620
vn -0.0045 -0.9980 0.0634
vn -0.0028 -0.9982 0.0607
vn -0.0089 -0.9966 0.0815
vn -0.0072 -0.9968 0.0793
vn -0.0175 -0.9921 0.1243
vn -0.0141 -0.9925 0.1210
vn -0.0055 -0.9970 0.0774
vn -0.0107 -0.9929 0.1182
vn -0.0288 -0.9781 0.2060
vn -0.0216 -0.9795 0.2002
vn -0.0362 -0.9764 0.2129
vn -0.0153 -0.9806 0.1954
vn -0.0076 -0.9932 0.1161
vn -0.0039 -0.9971 0.0760
vn -0.0030 -0.9972 0.0749
vn -0.0058 -0.9934 0.1145
vn -0.0116 -0.9814 0.1917
vn -0.0021 -0.9982 0.0598
vn -0.0017 -0.9982 0.0592
vn -0.0013 -0.9986 0.0538
vn -0.0011 -0.9986 0.0536
vn -0.0010 -0.9987 0.0515
vn -0.0008 -0.9987 0.0513
vn -0.0008 -0.9987 0.0508
vn -0.0006 -0.9987 0.0506
vn -0.0006 -0.9990 0.0442
vn -0.0004 -0.9990 0.0440
vn -0.0003 -0.9993 0.0382
vn -0.0002 -0.9993 0.0381
vn 0.0001 -0.9994 0.0353
vn 0.0004 -0.9993 0.0370
vn 0.0009 -0.9993 0.0362
vn 0.0009 -0.9994 0.0352
vn -0.0001 -0.9993 0.0380
vn 0.0001 -0.9994 0.0350
vn 0.0006 -0.9994 0.0342
vn 0.0022 -0.9996 0.0277
vn 0.0015 -0.9997 0.0258
vn 0.0025 -0.9995 0.0300
vn 0.0003 -0.9994 0.0335
vn 0.0007 -0.9997 0.0244
vn 0.0023 -1.0000 -0.0002
vn 0.0020 -1.0000 -0.0017
vn 0.0010 -1.0000 -0.0030
vn 0.0002 -0.9997 0.0238
vn 0.0001 -0.9994 0.0332
vn 0.0002 -1.0000 -0.0036
vn 0.0003 -0.9995 -0.0315
vn 0.0012 -0.9995 -0.0310
vn 0.0019 -0.9995 -0.0300
vn 0.0002 -0.9983 -0.0576
vn 0.0010 -0.9984 -0.0573
vn 0.0012 -0.9984 -0.0564
vn 0.0007 -0.9996 -0.0292
vn -0.0012 -0.9985 -0.0542
vn -0.0020 -0.9987 -0.0506
vn 0.0006 -0.9996 -0.0286
vn 0.0046 -0.9988 -0.0478
vn 0.0070 -0.9996 -0.0260
vn 0.0028 -1.0000 0.0013
vn 0.0049 -1.0000 0.0050
vn 0.0021 -0.9995 0.0327
vn -0.0007 -0.9994 0.0346
vn 0.0032 -0.9999 0.0115
vn -0.0081 -0.9995 0.0309
vn -0.0100 -0.9999 0.0108
vn -0.0064 -0.9998 -0.0179
vn 0.0085 -0.9998 -0.0197
vn -0.0027 -0.9992 -0.0395
vn 0.0072 -0.9990 -0.0442
vn -0.0001 -0.9993 0.0378
vn -0.0001 -0.9991 0.0435
vn -0.0001 -0.9991 0.0436
vn -0.0001 -0.9993 0.0379
vn -0.0002 -0.9990 0.0437
vn -0.0002 -0.9987 0.0500
vn -0.0003 -0.9987 0.0502
vn -0.0002 -0.9988 0.0499
vn -0.0004 -0.9987 0.0509
vn -0.0003 -0.9987 0.0508
vn -0.0002 -0.9987 0.0506
vn -0.0006 -0.9986 0.0528
vn -0.0005 -0.9986 0.0525
vn -0.0004 -0.9986 0.0523
vn -0.0011 -0.9984 0.0574
vn -0.0009 -0.9984 0.0568
vn -0.0006 -0.9984 0.0563
vn -0.0012 -0.9983 0.0580
vn -0.0007 -0.9986 0.0531
vn -0.0005 -0.9987 0.0511
vn -0.0014 -0.9983 0.0586
vn -0.0009 -0.9986 0.0533
vn -0.0006 -0.9987 0.0512
vn -0.0005 -0.9987 0.0505
vn -0.0003 -0.9987 0.0503
vn -0.0003 -0.9990 0.0439
vn -0.0002 -0.9990 0.0438
vn -0.0026 -0.9972 0.0741
vn -0.0023 -0.9973 0.0732
vn -0.0049 -0.9936 0.1132
vn -0.0043 -0.9937 0.1120
vn -0.0096 -0.9820 0.1888
vn -0.0085 -0.9825 0.1862
vn -0.0198 -0.9427 0.3331
vn -0.0175 -0.9440 0.3296
vn -0.0240 -0.9411 0.3372
vn -0.0078 -0.9829 0.1838
vn -0.0160 -0.9451 0.3264
vn -0.0039 -0.9938 0.1108
vn -0.0033 -0.9940 0.1096
vn -0.0065 -0.9834 0.1815
vn -0.0135 -0.9461 0.3235
vn -0.0278 -0.8462 0.5321
vn -0.0236 -0.8470 0.5311
vn -0.0302 -0.8454 0.5332
vn -0.0369 -0.7140 0.6992
vn -0.0315 -0.7136 0.6998
vn -0.0400 -0.7145 0.6985
vn -0.0453 -0.7144 0.6983
vn -0.0341 -0.8443 0.5348
vn -0.0412 -0.8425 0.5371
vn -0.0548 -0.7132 0.6988
vn -0.0513 -0.8408 0.5390
vn -0.0309 -0.9391 0.3422
vn -0.0668 -0.7120 0.6990
vn -0.0757 -0.6088 0.7897
vn -0.0627 -0.6119 0.7885
vn -0.0512 -0.6136 0.7880
vn -0.0818 -0.5396 0.8379
vn -0.0677 -0.5451 0.8356
vn -0.0543 -0.5477 0.8349
vn -0.0449 -0.6135 0.7884
vn -0.0471 -0.5474 0.8355
vn -0.0413 -0.6126 0.7893
vn -0.0434 -0.5462 0.8365
vn -0.0354 -0.6119 0.7902
vn -0.0373 -0.5452 0.8375
vn -0.0256 -0.6116 0.7908
vn -0.0270 -0.5448 0.8381
vn -0.0226 -0.7135 0.7002
vn -0.0169 -0.8477 0.5303
vn -0.0081 -0.8482 0.5296
vn -0.0109 -0.7136 0.7005
vn -0.0123 -0.6115 0.7911
vn -0.0017 -0.8486 0.5290
vn -0.0023 -0.7138 0.7004
vn -0.0026 -0.6115 0.7912
vn -0.0000 -0.7138 0.7003
vn -0.0000 -0.6116 0.7912
vn -0.0000 -0.8488 0.5287
vn -0.0046 -0.9476 0.3196
vn -0.0010 -0.9479 0.3186
vn -0.0000 -0.9480 0.3183
vn 0.0017 -0.8486 0.5290
vn 0.0023 -0.7138 0.7004
vn 0.0010 -0.9479 0.3186
vn 0.0005 -0.9841 0.1777
vn -0.0000 -0.9841 0.1776
vn -0.0005 -0.9841 0.1777
vn 0.0002 -0.9942 0.1077
vn -0.0000 -0.9942 0.1076
vn -0.0002 -0.9942 0.1077
vn -0.0022 -0.9840 0.1784
vn -0.0011 -0.9941 0.1080
vn -0.0006 -0.9975 0.0704
vn -0.0001 -0.9975 0.0701
vn -0.0000 -0.9975 0.0701
vn -0.0003 -0.9984 0.0559
vn -0.0001 -0.9984 0.0558
vn -0.0000 -0.9984 0.0558
vn 0.0001 -0.9975 0.0701
vn 0.0001 -0.9984 0.0558
vn 0.0001 -0.9986 0.0521
vn -0.0000 -0.9986 0.0521
vn -0.0001 -0.9986 0.0521
vn -0.0000 -0.9987 0.0505
vn -0.0000 -0.9988 0.0498
vn -0.0001 -0.9988 0.0498
vn -0.0001 -0.9987 0.0506
vn -0.0002 -0.9986 0.0521
vn -0.0012 -0.9975 0.0708
vn -0.0017 -0.9974 0.0715
vn -0.0024 -0.9941 0.1087
vn -0.0021 -0.9974 0.0724
vn -0.0046 -0.9837 0.1796
vn -0.0096 -0.9470 0.3212
vn 0.0001 -0.9987 0.0506
vn 0.0002 -0.9986 0.0521
vn 0.0003 -0.9984 0.0559
vn 0.0006 -0.9975 0.0704
vn 0.0012 -0.9975 0.0708
vn 0.0024 -0.9941 0.1087
vn 0.0011 -0.9941 0.1080
vn 0.0033 -0.9940 0.1096
vn 0.0046 -0.9837 0.1796
vn 0.0022 -0.9840 0.1784
vn 0.0065 -0.9834 0.1815
vn 0.0078 -0.9829 0.1838
vn 0.0039 -0.9938 0.1108
vn 0.0085 -0.9825 0.1862
vn 0.0043 -0.9937 0.1120
vn 0.0096 -0.9820 0.1888
vn 0.0049 -0.9936 0.1132
vn 0.0116 -0.9814 0.1917
vn 0.0058 -0.9934 0.1145
vn 0.0240 -0.9411 0.3372
vn 0.0198 -0.9427 0.3331
vn 0.0175 -0.9440 0.3296
vn 0.0341 -0.8443 0.5348
vn 0.0302 -0.8454 0.5332
vn 0.0412 -0.8425 0.5371
vn 0.0513 -0.8408 0.5390
vn 0.0668 -0.7120 0.6990
vn 0.0548 -0.7132 0.6988
vn 0.0453 -0.7144 0.6983
vn 0.0757 -0.6088 0.7897
vn 0.0627 -0.6119 0.7885
vn 0.0512 -0.6136 0.7880
vn 0.0818 -0.5396 0.8379
vn 0.0677 -0.5451 0.8356
vn 0.0543 -0.5477 0.8349
vn 0.0449 -0.6135 0.7885
vn 0.0471 -0.5474 0.8355
vn 0.0400 -0.7145 0.6985
vn 0.0413 -0.6126 0.7893
vn 0.0369 -0.7140 0.6992
vn 0.0434 -0.5462 0.8365
vn 0.0278 -0.8462 0.5321
vn 0.0236 -0.8470 0.5311
vn 0.0315 -0.7136 0.6998
vn 0.0354 -0.6119 0.7902
vn 0.0169 -0.8477 0.5303
vn 0.0226 -0.7135 0.7002
vn 0.0256 -0.6116 0.7908
vn 0.0373 -0.5452 0.8375
vn 0.0270 -0.5448 0.8381
vn 0.0279 -0.4960 0.8679
vn 0.0384 -0.4964 0.8672
vn 0.0445 -0.4975 0.8663
vn 0.0483 -0.4990 0.8653
vn 0.0450 -0.4645 0.8844
vn 0.0390 -0.4635 0.8852
vn 0.0488 -0.4659 0.8835
vn 0.0491 -0.4345 0.8993
vn 0.0455 -0.4333 0.9001
vn 0.0395 -0.4326 0.9007
vn 0.0500 -0.3805 0.9234
vn 0.0464 -0.3796 0.9240
vn 0.0404 -0.3793 0.9244
vn 0.0289 -0.4324 0.9012
vn 0.0285 -0.4632 0.8858
vn 0.0296 -0.3792 0.9249
vn 0.0413 -0.3218 0.9459
vn 0.0303 -0.3218 0.9463
vn 0.0474 -0.3220 0.9456
vn 0.0139 -0.4324 0.9016
vn 0.0143 -0.3791 0.9252
vn 0.0146 -0.3217 0.9467
vn 0.0418 -0.2788 0.9594
vn 0.0306 -0.2786 0.9599
vn 0.0147 -0.2785 0.9603
vn 0.0030 -0.3217 0.9468
vn 0.0030 -0.3791 0.9253
vn 0.0031 -0.2785 0.9604
vn 0.0031 -0.2407 0.9706
vn 0.0149 -0.2407 0.9705
vn 0.0309 -0.2409 0.9701
vn 0.0031 -0.1762 0.9843
vn 0.0151 -0.1762 0.9842
vn 0.0313 -0.1764 0.9838
vn 0.0422 -0.2412 0.9695
vn 0.0427 -0.1767 0.9833
vn 0.0427 0.1649 0.9854
vn 0.0313 0.1647 0.9858
vn 0.0151 0.1645 0.9863
vn 0.0267 0.7883 0.6147
vn 0.0196 0.7871 0.6165
vn 0.0095 0.7866 0.6174
vn 0.0031 0.1646 0.9864
vn 0.0019 0.7873 0.6166
vn 0.0018 0.9970 0.0776
vn 0.0004 0.9969 0.0791
vn 0.0038 0.9974 0.0721
vn -0.0004 0.9874 -0.1581
vn -0.0001 0.9883 -0.1527
vn -0.0008 0.9851 -0.1719
vn 0.0051 0.9980 0.0626
vn -0.0011 0.9810 -0.1939
vn -0.0115 0.8755 -0.4832
vn -0.0087 0.8842 -0.4671
vn -0.0043 0.8897 -0.4565
vn -0.0234 0.5338 -0.8453
vn -0.0313 0.5355 -0.8440
vn -0.0114 0.5329 -0.8461
vn -0.0127 0.8648 -0.5019
vn -0.0351 0.5384 -0.8420
vn -0.0012 0.9753 -0.2209
vn -0.0128 0.8534 -0.5211
vn -0.0365 0.5421 -0.8396
vn -0.0010 0.9682 -0.2500
vn 0.0058 0.9988 0.0492
vn 0.0062 0.9995 0.0323
vn 0.0305 0.7903 0.6119
vn 0.0324 0.7937 0.6074
vn 0.0066 0.9999 0.0118
vn -0.0010 0.9600 -0.2800
vn 0.0354 0.7984 0.6011
vn 0.0520 0.1654 0.9849
vn 0.0571 0.1659 0.9845
vn 0.0488 0.1650 0.9851
vn 0.0520 -0.1780 0.9826
vn 0.0570 -0.1787 0.9823
vn 0.0488 -0.1773 0.9829
vn 0.0483 -0.2419 0.9691
vn 0.0514 -0.2427 0.9687
vn 0.0479 -0.2792 0.9590
vn 0.0511 -0.2799 0.9587
vn 0.0565 -0.2438 0.9682
vn 0.0567 -0.2819 0.9578
vn 0.0507 -0.3227 0.9451
vn 0.0572 -0.3255 0.9438
vn 0.0574 -0.3832 0.9219
vn 0.0692 -0.3342 0.9400
vn 0.0717 -0.3909 0.9176
vn 0.0667 -0.2879 0.9553
vn 0.0573 -0.4367 0.8978
vn 0.0730 -0.4412 0.8944
vn 0.0571 -0.4673 0.8823
vn 0.0732 -0.4679 0.8808
vn 0.0562 -0.4996 0.8645
vn 0.0714 -0.4971 0.8647
vn 0.0865 -0.4916 0.8665
vn 0.0887 -0.4675 0.8795
vn 0.0977 -0.4867 0.8681
vn 0.0943 -0.5351 0.8395
vn 0.0994 -0.4656 0.8794
vn 0.1001 -0.4504 0.8872
vn 0.0882 -0.4481 0.8896
vn 0.1011 -0.4076 0.9075
vn 0.0861 -0.4033 0.9110
vn 0.0827 -0.3482 0.9338
vn 0.1033 -0.3515 0.9305
vn 0.1314 -0.3288 0.9352
vn 0.1248 -0.3844 0.9147
vn 0.1197 -0.4351 0.8924
vn 0.1059 -0.3017 0.9475
vn 0.0794 -0.2978 0.9513
vn 0.1412 -0.2910 0.9462
vn 0.1569 -0.2889 0.9444
vn 0.1621 -0.3357 0.9279
vn 0.1606 -0.2723 0.9487
vn 0.1489 -0.2621 0.9535
vn 0.1070 -0.2567 0.9605
vn 0.1709 -0.2586 0.9507
vn 0.1836 -0.2536 0.9497
vn 0.1930 -0.2075 0.9590
vn 0.1573 -0.1985 0.9674
vn 0.2184 -0.2093 0.9532
vn 0.2102 -0.2775 0.9375
vn 0.2501 -0.2278 0.9410
vn 0.1647 -0.3894 0.9062
vn 0.2255 -0.3257 0.9182
vn 0.2685 -0.2752 0.9231
vn 0.2284 -0.3803 0.8962
vn 0.2734 -0.3429 0.8987
vn 0.1615 -0.4274 0.8895
vn 0.1143 -0.4832 0.8680
vn 0.1161 -0.4568 0.8820
vn 0.4818 -0.1769 0.8582
vn 0.4526 -0.0833 0.8878
vn 0.7869 0.5068 0.3521
vn 0.8568 0.3341 0.3929
vn 0.4104 -0.0061 0.9119
vn 0.6755 0.6425 0.3617
vn 0.3566 0.0598 0.9323
vn 0.5347 0.7452 0.3985
vn 0.4969 0.8148 -0.2987
vn 0.3707 0.8829 -0.2881
vn 0.6201 0.7436 -0.2499
vn 0.3625 0.8220 -0.4393
vn 0.2565 0.8474 -0.4650
vn 0.4730 0.8006 -0.3679
vn 0.7555 0.6394 -0.1428
vn 0.6166 0.7348 -0.2827
vn 0.2081 0.7420 -0.6373
vn 0.1372 0.7345 -0.6646
vn 0.3336 0.7421 -0.5813
vn -0.1311 0.4614 -0.8775
vn -0.1228 0.5034 -0.8553
vn -0.0961 0.5140 -0.8524
vn -0.0553 0.5743 -0.8168
vn 0.4853 0.6799 -0.5497
vn 0.7664 0.5904 -0.2529
vn 0.8819 0.4668 -0.0653
vn -0.2993 0.4282 -0.8527
vn -0.2926 0.3134 -0.9034
vn -0.3093 0.4801 -0.8209
vn -0.2500 0.4433 -0.8608
vn -0.2366 0.3551 -0.9044
vn -0.2692 0.4880 -0.8303
vn -0.2778 0.5482 -0.7889
vn -0.3005 0.5472 -0.7812
vn -0.2391 0.6976 -0.6754
vn -0.2559 0.7017 -0.6649
vn -0.1888 0.8493 -0.4930
vn -0.1792 0.8451 -0.5037
vn -0.1169 0.9378 -0.3269
vn -0.1167 0.9361 -0.3318
vn -0.0581 0.9784 -0.1985
vn -0.0604 0.9782 -0.1988
vn -0.0273 0.9929 -0.1161
vn -0.0284 0.9929 -0.1156
vn -0.0147 0.9967 -0.0799
vn -0.0142 0.9967 -0.0793
vn -0.0077 0.9979 -0.0640
vn -0.0074 0.9979 -0.0636
vn -0.0043 0.9985 -0.0547
vn -0.0045 0.9985 -0.0547
vn -0.0036 0.9987 -0.0518
vn -0.0034 0.9987 -0.0517
vn -0.0029 0.9987 -0.0517
vn -0.0027 0.9987 -0.0515
vn -0.0018 0.9990 -0.0454
vn -0.0016 0.9990 -0.0452
vn -0.0007 0.9992 -0.0392
vn -0.0007 0.9992 -0.0391
vn -0.0016 0.9994 -0.0342
vn -0.0005 0.9992 -0.0389
vn -0.0010 0.9990 -0.0450
vn -0.0015 0.9987 -0.0515
vn -0.0013 0.9987 -0.0513
vn -0.0011 0.9987 -0.0510
vn -0.0015 0.9987 -0.0517
vn -0.0019 0.9987 -0.0518
vn -0.0013 0.9987 -0.0516
vn -0.0020 0.9985 -0.0543
vn -0.0024 0.9985 -0.0546
vn -0.0016 0.9985 -0.0540
vn -0.0034 0.9981 -0.0614
vn -0.0027 0.9982 -0.0603
vn -0.0042 0.9980 -0.0627
vn -0.0011 0.9987 -0.0515
vn -0.0013 0.9986 -0.0537
vn -0.0020 0.9982 -0.0595
vn -0.0050 0.9973 -0.0736
vn -0.0066 0.9971 -0.0756
vn -0.0035 0.9974 -0.0723
vn -0.0028 0.9974 -0.0714
vn -0.0016 0.9983 -0.0589
vn -0.0011 0.9986 -0.0535
vn -0.0014 0.9983 -0.0584
vn -0.0024 0.9975 -0.0707
vn -0.0009 0.9986 -0.0533
vn -0.0008 0.9987 -0.0514
vn -0.0006 0.9987 -0.0513
vn -0.0006 0.9987 -0.0507
vn -0.0005 0.9987 -0.0505
vn -0.0009 0.9987 -0.0509
vn -0.0004 0.9987 -0.0504
vn -0.0005 0.9987 -0.0511
vn -0.0007 0.9986 -0.0531
vn -0.0003 0.9987 -0.0502
vn -0.0004 0.9987 -0.0510
vn -0.0006 0.9986 -0.0528
vn -0.0012 0.9983 -0.0578
vn -0.0011 0.9984 -0.0572
vn -0.0005 0.9986 -0.0526
vn -0.0009 0.9984 -0.0567
vn -0.0003 0.9987 -0.0508
vn -0.0002 0.9987 -0.0501
vn -0.0001 0.9990 -0.0437
vn -0.0002 0.9990 -0.0438
vn -0.0002 0.9990 -0.0439
vn -0.0001 0.9993 -0.0381
vn -0.0001 0.9993 -0.0380
vn -0.0019 0.9976 -0.0691
vn -0.0016 0.9977 -0.0683
vn -0.0035 0.9950 -0.0999
vn -0.0029 0.9951 -0.0989
vn -0.0038 0.9949 -0.1009
vn -0.0021 0.9976 -0.0699
vn -0.0042 0.9948 -0.1018
vn -0.0082 0.9864 -0.1641
vn -0.0073 0.9868 -0.1619
vn -0.0066 0.9871 -0.1597
vn -0.0050 0.9947 -0.1027
vn -0.0098 0.9860 -0.1665
vn -0.0179 0.9545 -0.2978
vn -0.0157 0.9557 -0.2938
vn -0.0216 0.9530 -0.3023
vn -0.0131 0.9854 -0.1697
vn -0.0065 0.9946 -0.1038
vn -0.0282 0.9511 -0.3075
vn -0.0532 0.8397 -0.5405
vn -0.0429 0.8413 -0.5388
vn -0.0355 0.8433 -0.5362
vn -0.0724 0.6848 -0.7251
vn -0.0598 0.6856 -0.7255
vn -0.0493 0.6868 -0.7251
vn -0.0312 0.8447 -0.5343
vn -0.0432 0.6867 -0.7256
vn -0.0283 0.8457 -0.5329
vn -0.0391 0.6861 -0.7265
vn -0.0142 0.9569 -0.2900
vn -0.0056 0.9875 -0.1575
vn -0.0119 0.9580 -0.2864
vn -0.0238 0.8467 -0.5315
vn -0.0084 0.9589 -0.2835
vn -0.0169 0.8476 -0.5303
vn -0.0039 0.9878 -0.1558
vn -0.0330 0.6856 -0.7272
vn -0.0235 0.6855 -0.7277
vn -0.0081 0.8482 -0.5296
vn -0.0113 0.6855 -0.7280
vn -0.0040 0.9595 -0.2816
vn -0.0017 0.8486 -0.5290
vn -0.0008 0.9598 -0.2806
vn -0.0024 0.6854 -0.7282
vn -0.0000 0.8488 -0.5288
vn -0.0000 0.9599 -0.2804
vn -0.0000 0.6853 -0.7282
vn 0.0008 0.9598 -0.2806
vn 0.0017 0.8487 -0.5289
vn 0.0040 0.9595 -0.2816
vn 0.0081 0.8482 -0.5296
vn 0.0024 0.6854 -0.7282
vn 0.0113 0.6855 -0.7280
vn 0.0169 0.8476 -0.5303
vn 0.0084 0.9589 -0.2835
vn 0.0235 0.6855 -0.7277
vn 0.0260 0.5941 -0.8040
vn 0.0125 0.5941 -0.8043
vn 0.0026 0.5941 -0.8044
vn 0.0131 0.5382 -0.8427
vn 0.0028 0.5381 -0.8429
vn 0.0272 0.5384 -0.8422
vn 0.0363 0.5942 -0.8035
vn 0.0330 0.6857 -0.7272
vn 0.0379 0.5391 -0.8414
vn 0.0282 0.4816 -0.8759
vn 0.0391 0.4820 -0.8753
vn 0.0136 0.4817 -0.8763
vn 0.0459 0.4833 -0.8742
vn 0.0446 0.5405 -0.8402
vn 0.0430 0.5948 -0.8027
vn 0.0507 0.4852 -0.8729
vn 0.0493 0.5423 -0.8388
vn 0.0475 0.5956 -0.8019
vn 0.0391 0.6861 -0.7265
vn 0.0432 0.6867 -0.7256
vn 0.0549 0.5956 -0.8014
vn 0.0493 0.6868 -0.7252
vn 0.0575 0.5431 -0.8377
vn 0.0674 0.5936 -0.8020
vn 0.0598 0.6856 -0.7255
vn 0.0718 0.5410 -0.8380
vn 0.0598 0.4862 -0.8718
vn 0.0760 0.4841 -0.8717
vn 0.0916 0.4793 -0.8728
vn 0.0864 0.5362 -0.8397
vn 0.0810 0.5900 -0.8033
vn 0.1022 0.4770 -0.8729
vn 0.0986 0.5332 -0.8402
vn 0.0945 0.5888 -0.8027
vn 0.0724 0.6848 -0.7251
vn 0.0868 0.6904 -0.7182
vn 0.1124 0.5912 -0.7987
vn 0.1159 0.5335 -0.8378
vn 0.1037 0.7039 -0.7027
vn 0.0674 0.8423 -0.5348
vn 0.0825 0.8500 -0.5203
vn 0.0532 0.8397 -0.5405
vn 0.1514 0.5898 -0.7932
vn 0.1338 0.7129 -0.6884
vn 0.1012 0.8552 -0.5082
vn 0.0511 0.9473 -0.3161
vn 0.0624 0.9450 -0.3209
vn 0.0392 0.9492 -0.3123
vn 0.0265 0.9829 -0.1822
vn 0.0330 0.9811 -0.1909
vn 0.0194 0.9844 -0.1747
vn 0.0282 0.9511 -0.3075
vn 0.0131 0.9854 -0.1697
vn 0.0098 0.9860 -0.1665
vn 0.0216 0.9530 -0.3023
vn 0.0429 0.8413 -0.5388
vn 0.0355 0.8433 -0.5362
vn 0.0179 0.9545 -0.2978
vn 0.0312 0.8447 -0.5343
vn 0.0157 0.9557 -0.2938
vn 0.0073 0.9868 -0.1619
vn 0.0082 0.9864 -0.1641
vn 0.0038 0.9949 -0.1009
vn 0.0042 0.9948 -0.1018
vn 0.0050 0.9947 -0.1027
vn 0.0065 0.9946 -0.1038
vn 0.0035 0.9974 -0.0723
vn 0.0028 0.9974 -0.0714
vn 0.0024 0.9975 -0.0707
vn 0.0014 0.9983 -0.0584
vn 0.0016 0.9983 -0.0589
vn 0.0020 0.9982 -0.0595
vn 0.0027 0.9982 -0.0603
vn 0.0050 0.9973 -0.0736
vn 0.0096 0.9943 -0.1059
vn 0.0034 0.9981 -0.0614
vn 0.0066 0.9971 -0.0756
vn 0.0130 0.9939 -0.1092
vn 0.0042 0.9980 -0.0627
vn 0.0082 0.9969 -0.0778
vn 0.0160 0.9935 -0.1131
vn 0.0593 0.9783 -0.1983
vn 0.1178 0.9374 -0.3277
vn 0.0613 0.9784 -0.1976
vn 0.1188 0.9385 -0.3243
vn 0.1922 0.8400 -0.5074
vn 0.1953 0.8491 -0.4908
vn 0.2403 0.6941 -0.6786
vn 0.2631 0.6967 -0.6674
vn 0.3062 0.5490 -0.7777
vn 0.2828 0.5558 -0.7818
vn 0.3318 0.4777 -0.8134
vn 0.2977 0.4833 -0.8233
vn 0.3259 0.4109 -0.8514
vn 0.2683 0.4232 -0.8654
vn 0.3023 0.2978 -0.9055
vn 0.2378 0.3463 -0.9075
vn 0.2725 0.2818 -0.9199
vn 0.2202 0.3365 -0.9156
vn 0.2283 0.3518 -0.9078
vn 0.1886 0.3617 -0.9130
vn 0.1659 0.4296 -0.8877
vn 0.1476 0.4165 -0.8971
vn 0.1263 0.4719 -0.8725
vn 0.1238 0.4588 -0.8799
vn 0.1079 0.4670 -0.8777
vn 0.1041 0.4603 -0.8817
vn 0.0630 0.5848 -0.8087
vn -0.0090 0.7690 -0.6392
vn 0.0113 0.7880 -0.6156
vn 0.0533 0.5692 -0.8205
vn 0.0792 0.4223 -0.9030
vn 0.0449 0.5582 -0.8285
vn 0.0137 0.8080 -0.5890
vn 0.0633 0.3884 -0.9193
vn 0.0416 0.5516 -0.8331
vn 0.0141 0.8260 -0.5634
vn 0.0568 0.3633 -0.9299
vn -0.0126 0.9193 -0.3934
vn -0.0014 0.9357 -0.3528
vn 0.0010 0.9499 -0.3124
vn -0.0115 0.9986 -0.0523
vn -0.0072 0.9999 -0.0128
vn -0.0304 0.9943 -0.1019
vn -0.0883 0.8325 0.5469
vn -0.0515 0.8183 0.5725
vn -0.0797 0.1667 0.9828
vn -0.1168 0.1653 0.9793
vn -0.0656 0.1661 0.9839
vn -0.0402 0.8062 0.5903
vn -0.0069 0.9999 0.0155
vn -0.0354 0.7984 0.6011
vn -0.0571 0.1658 0.9845
vn 0.0008 0.9607 -0.2777
vn -0.0059 0.9994 0.0352
vn -0.0324 0.7937 0.6075
vn 0.0023 0.9688 -0.2480
vn 0.0143 0.8528 -0.5220
vn 0.0131 0.8405 -0.5416
vn 0.0383 0.5467 -0.8365
vn 0.0370 0.5424 -0.8393
vn 0.0357 0.5381 -0.8421
vn 0.0142 0.8645 -0.5024
vn 0.0026 0.9754 -0.2202
vn 0.0313 0.5354 -0.8440
vn 0.0115 0.8755 -0.4832
vn 0.0011 0.9810 -0.1939
vn -0.0054 0.9987 0.0502
vn -0.0051 0.9980 0.0626
vn -0.0305 0.7903 0.6120
vn -0.0267 0.7883 0.6147
vn -0.0038 0.9974 0.0721
vn 0.0008 0.9851 -0.1719
vn -0.0196 0.7871 0.6165
vn -0.0313 0.1647 0.9858
vn -0.0427 0.1649 0.9854
vn -0.0488 0.1650 0.9851
vn -0.0313 -0.1764 0.9838
vn -0.0427 -0.1767 0.9833
vn -0.0488 -0.1773 0.9829
vn -0.0520 0.1654 0.9849
vn -0.0520 -0.1780 0.9827
vn -0.0483 -0.2419 0.9691
vn -0.0422 -0.2412 0.9695
vn -0.0514 -0.2427 0.9687
vn -0.0571 -0.1786 0.9823
vn -0.0565 -0.2437 0.9682
vn -0.0656 -0.1797 0.9815
vn -0.0654 -0.2462 0.9670
vn -0.0778 -0.2508 0.9649
vn -0.0780 -0.1817 0.9803
vn -0.1070 -0.2567 0.9605
vn -0.1080 -0.1868 0.9764
vn -0.1489 -0.2621 0.9535
vn -0.1412 -0.2910 0.9462
vn -0.1606 -0.2722 0.9487
vn -0.1059 -0.3017 0.9475
vn -0.1314 -0.3287 0.9352
vn -0.1569 -0.2889 0.9444
vn -0.1033 -0.3515 0.9305
vn -0.1248 -0.3844 0.9147
vn -0.1621 -0.3357 0.9279
vn -0.1011 -0.4076 0.9075
vn -0.0827 -0.3482 0.9338
vn -0.0794 -0.2978 0.9513
vn -0.0861 -0.4033 0.9110
vn -0.0882 -0.4481 0.8896
vn -0.1001 -0.4504 0.8872
vn -0.1197 -0.4351 0.8924
vn -0.0717 -0.3909 0.9176
vn -0.0692 -0.3342 0.9400
vn -0.0730 -0.4412 0.8944
vn -0.0887 -0.4675 0.8795
vn -0.0994 -0.4656 0.8794
vn -0.0732 -0.4679 0.8808
vn -0.0573 -0.4367 0.8978
vn -0.0574 -0.3832 0.9219
vn -0.0571 -0.4672 0.8823
vn -0.0562 -0.4996 0.8644
vn -0.0714 -0.4972 0.8647
vn -0.0865 -0.4916 0.8665
vn -0.0488 -0.4659 0.8835
vn -0.0491 -0.4345 0.8993
vn -0.0483 -0.4990 0.8653
vn -0.0445 -0.4975 0.8663
vn -0.0450 -0.4645 0.8844
vn -0.0384 -0.4964 0.8672
vn -0.0390 -0.4635 0.8852
vn -0.0455 -0.4333 0.9001
vn -0.0395 -0.4326 0.9007
vn -0.0464 -0.3796 0.9240
vn -0.0404 -0.3792 0.9244
vn -0.0500 -0.3805 0.9234
vn -0.0289 -0.4324 0.9012
vn -0.0296 -0.3791 0.9249
vn -0.0284 -0.4632 0.8858
vn -0.0139 -0.4324 0.9016
vn -0.0143 -0.3791 0.9252
vn -0.0137 -0.4632 0.8862
vn -0.0029 -0.4324 0.9017
vn -0.0030 -0.3791 0.9253
vn -0.0029 -0.4632 0.8863
vn -0.0134 -0.4959 0.8683
vn -0.0028 -0.4960 0.8683
vn -0.0279 -0.4960 0.8679
vn -0.0000 -0.4632 0.8863
vn -0.0000 -0.4324 0.9017
vn -0.0000 -0.4960 0.8683
vn -0.0130 -0.5447 0.8385
vn -0.0027 -0.5447 0.8386
vn -0.0000 -0.5447 0.8386
vn 0.0028 -0.4960 0.8683
vn 0.0029 -0.4632 0.8863
vn 0.0027 -0.5447 0.8386
vn 0.0026 -0.6115 0.7912
vn 0.0123 -0.6115 0.7911
vn 0.0109 -0.7136 0.7005
vn 0.0130 -0.5447 0.8385
vn 0.0081 -0.8482 0.5296
vn 0.0046 -0.9476 0.3196
vn 0.0096 -0.9470 0.3212
vn 0.0135 -0.9461 0.3235
vn 0.0160 -0.9451 0.3264
vn 0.0134 -0.4959 0.8683
vn 0.0137 -0.4632 0.8862
vn 0.0029 -0.4324 0.9017
vn -0.0000 -0.3791 0.9254
vn -0.0030 -0.3217 0.9468
vn -0.0000 -0.3217 0.9468
vn -0.0146 -0.3218 0.9467
vn -0.0031 -0.2785 0.9604
vn -0.0000 -0.2785 0.9604
vn -0.0148 -0.2785 0.9603
vn -0.0306 -0.2786 0.9599
vn -0.0303 -0.3218 0.9463
vn -0.0419 -0.2788 0.9594
vn -0.0413 -0.3218 0.9459
vn -0.0474 -0.3220 0.9456
vn -0.0479 -0.2792 0.9590
vn -0.0309 -0.2409 0.9701
vn -0.0511 -0.2799 0.9587
vn -0.0507 -0.3227 0.9451
vn -0.0567 -0.2819 0.9578
vn -0.0572 -0.3255 0.9438
vn -0.0667 -0.2879 0.9553
vn -0.0149 -0.2407 0.9705
vn -0.0151 -0.1762 0.9842
vn -0.0031 -0.2407 0.9706
vn -0.0031 -0.1762 0.9844
vn -0.0031 0.1646 0.9863
vn -0.0151 0.1645 0.9863
vn -0.0095 0.7867 0.6173
vn -0.0020 0.7873 0.6165
vn -0.0000 0.1647 0.9863
vn -0.0000 0.7877 0.6160
vn -0.0000 -0.1762 0.9844
vn -0.0000 -0.2407 0.9706
vn -0.0000 0.9969 0.0792
vn -0.0004 0.9969 0.0791
vn -0.0000 0.9884 -0.1519
vn 0.0001 0.9883 -0.1527
vn -0.0018 0.9970 0.0776
vn 0.0004 0.9874 -0.1580
vn -0.0000 0.8919 -0.4523
vn 0.0009 0.8916 -0.4527
vn 0.0043 0.8897 -0.4565
vn 0.0024 0.5318 -0.8469
vn 0.0114 0.5329 -0.8461
vn -0.0000 0.5313 -0.8472
vn -0.0009 0.8916 -0.4527
vn -0.0024 0.5318 -0.8469
vn -0.0030 0.2782 -0.9605
vn -0.0143 0.2810 -0.9596
vn -0.0000 0.2777 -0.9607
vn -0.0295 0.2877 -0.9573
vn -0.0144 0.3208 -0.9470
vn -0.0030 0.3189 -0.9478
vn -0.0297 0.3255 -0.9451
vn -0.0400 0.2985 -0.9536
vn -0.0405 0.3330 -0.9421
vn -0.0462 0.3427 -0.9383
vn -0.0454 0.3121 -0.9490
vn -0.0491 0.3535 -0.9341
vn -0.0481 0.3270 -0.9438
vn -0.0518 0.3428 -0.9380
vn -0.0532 0.3656 -0.9293
vn -0.0386 0.5466 -0.8365
vn -0.0132 0.8415 -0.5401
vn -0.0420 0.5514 -0.8332
vn -0.0573 0.3618 -0.9305
vn -0.0143 0.8271 -0.5619
vn -0.0151 0.8087 -0.5880
vn -0.0455 0.5577 -0.8288
vn -0.0634 0.3873 -0.9198
vn -0.0536 0.5694 -0.8203
vn -0.0790 0.4218 -0.9032
vn -0.0124 0.7884 -0.6150
vn -0.0630 0.5848 -0.8088
vn -0.1041 0.4603 -0.8817
vn 0.0090 0.7690 -0.6392
vn -0.0845 0.4365 -0.8957
vn -0.0669 0.4055 -0.9116
vn -0.1088 0.4625 -0.8799
vn -0.1263 0.4719 -0.8725
vn -0.1242 0.4629 -0.8776
vn -0.0699 0.5822 -0.8101
vn -0.1428 0.4195 -0.8965
vn -0.1659 0.4296 -0.8877
vn -0.0920 0.5536 -0.8277
vn 0.0483 0.7500 -0.6596
vn 0.0868 0.7389 -0.6682
vn -0.2283 0.3518 -0.9078
vn -0.2725 0.2818 -0.9199
vn -0.1837 0.3719 -0.9099
vn -0.2150 0.3382 -0.9162
vn -0.1546 0.4135 -0.8973
vn -0.1494 0.4032 -0.9028
vn -0.1409 0.3956 -0.9076
vn -0.1189 0.4289 -0.8955
vn -0.1219 0.4066 -0.9055
vn -0.1185 0.4342 -0.8930
vn -0.1179 0.4774 -0.8708
vn -0.1643 0.4699 -0.8673
vn -0.1159 0.5335 -0.8378
vn -0.1654 0.5222 -0.8366
vn -0.1023 0.4771 -0.8729
vn -0.1038 0.4391 -0.8924
vn -0.0986 0.5332 -0.8402
vn -0.0916 0.4793 -0.8728
vn -0.0942 0.4386 -0.8938
vn -0.0864 0.5362 -0.8396
vn -0.0810 0.5900 -0.8033
vn -0.0945 0.5888 -0.8027
vn -0.1124 0.5912 -0.7987
vn -0.0868 0.6904 -0.7182
vn -0.1037 0.7039 -0.7027
vn -0.0674 0.5936 -0.8020
vn -0.0718 0.5410 -0.8380
vn -0.0549 0.5956 -0.8014
vn -0.0575 0.5431 -0.8377
vn -0.0475 0.5956 -0.8019
vn -0.0493 0.5422 -0.8388
vn -0.0598 0.4862 -0.8718
vn -0.0507 0.4852 -0.8729
vn -0.0760 0.4841 -0.8717
vn -0.0446 0.5405 -0.8402
vn -0.0459 0.4833 -0.8743
vn -0.0430 0.5948 -0.8027
vn -0.0379 0.5391 -0.8414
vn -0.0391 0.4820 -0.8753
vn -0.0363 0.5942 -0.8035
vn -0.0260 0.5941 -0.8040
vn -0.0272 0.5384 -0.8422
vn -0.0125 0.5941 -0.8043
vn -0.0131 0.5382 -0.8427
vn -0.0282 0.4816 -0.8759
vn -0.0136 0.4817 -0.8763
vn -0.0029 0.4818 -0.8763
vn -0.0028 0.5381 -0.8429
vn -0.0026 0.5941 -0.8044
vn -0.0000 0.5940 -0.8044
vn -0.0000 0.5381 -0.8429
vn -0.0000 0.4818 -0.8763
vn -0.0000 0.4385 -0.8987
vn -0.0029 0.4385 -0.8987
vn -0.0140 0.4381 -0.8988
vn -0.0030 0.4125 -0.9109
vn -0.0142 0.4122 -0.9110
vn -0.0000 0.4126 -0.9109
vn -0.0290 0.4373 -0.8988
vn -0.0296 0.4113 -0.9110
vn -0.0303 0.3715 -0.9279
vn -0.0146 0.3719 -0.9282
vn -0.0031 0.3721 -0.9282
vn -0.0407 0.4104 -0.9110
vn -0.0401 0.4366 -0.8988
vn -0.0417 0.3711 -0.9276
vn -0.0484 0.3713 -0.9273
vn -0.0475 0.4102 -0.9108
vn -0.0469 0.4367 -0.8984
vn -0.0521 0.4109 -0.9102
vn -0.0517 0.4375 -0.8977
vn -0.0528 0.3725 -0.9265
vn -0.0612 0.4130 -0.9087
vn -0.0611 0.4384 -0.8967
vn -0.0609 0.3765 -0.9244
vn -0.0596 0.3504 -0.9347
vn -0.0528 0.3440 -0.9375
vn -0.0488 0.3409 -0.9388
vn -0.0567 0.3537 -0.9337
vn -0.0514 0.3446 -0.9374
vn -0.0479 0.3379 -0.9400
vn -0.0710 0.3658 -0.9280
vn -0.0753 0.3877 -0.9187
vn -0.0651 0.3698 -0.9268
vn -0.0828 0.3905 -0.9169
vn -0.0890 0.4066 -0.9092
vn -0.0747 0.3949 -0.9157
vn -0.0596 0.3818 -0.9223
vn -0.0924 0.4193 -0.9031
vn -0.0995 0.4086 -0.9073
vn -0.1202 0.4312 -0.8942
vn -0.1233 0.4065 -0.9053
vn -0.1018 0.4192 -0.9022
vn -0.1354 0.4009 -0.9060
vn -0.1346 0.4306 -0.8925
vn -0.1027 0.4360 -0.8941
vn -0.0927 0.4283 -0.8989
vn -0.0777 0.4186 -0.9049
vn -0.0784 0.4386 -0.8953
vn -0.0422 0.3389 -0.9399
vn -0.0417 0.3324 -0.9422
vn -0.0305 0.3282 -0.9441
vn -0.0308 0.3376 -0.9408
vn -0.0147 0.3256 -0.9454
vn -0.0149 0.3368 -0.9415
vn -0.0031 0.3365 -0.9417
vn -0.0031 0.3245 -0.9459
vn -0.0000 0.3721 -0.9282
vn -0.0000 0.3364 -0.9417
vn -0.0000 0.3243 -0.9460
vn -0.0000 0.3185 -0.9479
vn 0.0031 0.3245 -0.9459
vn 0.0030 0.3189 -0.9478
vn 0.0031 0.3365 -0.9417
vn 0.0147 0.3256 -0.9454
vn 0.0144 0.3209 -0.9470
vn 0.0149 0.3368 -0.9415
vn 0.0031 0.3721 -0.9282
vn 0.0146 0.3719 -0.9282
vn 0.0308 0.3376 -0.9408
vn 0.0303 0.3715 -0.9279
vn 0.0305 0.3282 -0.9441
vn 0.0422 0.3389 -0.9399
vn 0.0417 0.3711 -0.9276
vn 0.0417 0.3324 -0.9422
vn 0.0297 0.3255 -0.9451
vn 0.0405 0.3330 -0.9420
vn 0.0482 0.3376 -0.9400
vn 0.0465 0.3430 -0.9382
vn 0.0489 0.3405 -0.9390
vn 0.0515 0.3438 -0.9376
vn 0.0492 0.3539 -0.9340
vn 0.0528 0.3432 -0.9378
vn 0.0456 0.3124 -0.9489
vn 0.0482 0.3279 -0.9435
vn 0.0400 0.2984 -0.9536
vn 0.0295 0.2876 -0.9573
vn 0.0234 0.5338 -0.8453
vn 0.0087 0.8842 -0.4670
vn 0.0143 0.2809 -0.9596
vn 0.0030 0.2782 -0.9605
vn 0.0515 0.3441 -0.9375
vn 0.0531 0.3660 -0.9291
vn 0.0592 0.3826 -0.9220
vn 0.0566 0.3530 -0.9339
vn 0.0650 0.3702 -0.9267
vn 0.0743 0.3951 -0.9156
vn 0.0669 0.4070 -0.9110
vn 0.0939 0.4195 -0.9029
vn 0.0852 0.4391 -0.8944
vn 0.1165 0.4299 -0.8953
vn 0.1007 0.4060 -0.9083
vn 0.1192 0.4022 -0.9078
vn 0.0824 0.3908 -0.9168
vn 0.0887 0.4064 -0.9094
vn 0.1018 0.4192 -0.9022
vn 0.1186 0.4122 -0.9034
vn 0.1352 0.3982 -0.9073
vn 0.1427 0.3918 -0.9089
vn 0.1274 0.4206 -0.8983
vn 0.1538 0.3970 -0.9048
vn 0.1160 0.4290 -0.8958
vn 0.1168 0.4391 -0.8908
vn 0.1555 0.4167 -0.8956
vn 0.1179 0.4773 -0.8708
vn 0.1578 0.4689 -0.8691
vn 0.1577 0.5279 -0.8345
vn 0.1038 0.4391 -0.8924
vn 0.0942 0.4386 -0.8937
vn 0.1027 0.4360 -0.8941
vn 0.0927 0.4279 -0.8990
vn 0.0776 0.4176 -0.9053
vn 0.0756 0.3871 -0.9189
vn 0.0784 0.4386 -0.8953
vn 0.0710 0.3663 -0.9278
vn 0.0613 0.4125 -0.9089
vn 0.0613 0.3762 -0.9245
vn 0.0598 0.3503 -0.9347
vn 0.0528 0.3725 -0.9265
vn 0.0484 0.3713 -0.9273
vn 0.0521 0.4109 -0.9102
vn 0.0475 0.4102 -0.9108
vn 0.0407 0.4104 -0.9110
vn 0.0401 0.4366 -0.8988
vn 0.0469 0.4367 -0.8984
vn 0.0517 0.4375 -0.8977
vn 0.0290 0.4373 -0.8988
vn 0.0296 0.4113 -0.9110
vn 0.0140 0.4381 -0.8988
vn 0.0142 0.4122 -0.9110
vn 0.0030 0.4125 -0.9109
vn 0.0029 0.4385 -0.8987
vn 0.0029 0.4818 -0.8763
vn 0.0611 0.4384 -0.8967
vn -0.0674 0.8423 -0.5348
vn -0.1542 0.5859 -0.7956
vn -0.1342 0.7138 -0.6874
vn -0.0825 0.8500 -0.5203
vn -0.1024 0.8555 -0.5076
vn -0.0632 0.9446 -0.3219
vn -0.0511 0.9473 -0.3161
vn -0.0392 0.9492 -0.3123
vn -0.0194 0.9844 -0.1747
vn -0.0265 0.9829 -0.1822
vn -0.0096 0.9943 -0.1059
vn -0.0130 0.9939 -0.1092
vn -0.0330 0.9811 -0.1909
vn -0.0160 0.9935 -0.1131
vn -0.0082 0.9969 -0.0778
vn 0.1583 0.8742 -0.4590
vn 0.2400 0.9412 -0.2379
vn 0.0638 0.9009 -0.4293
vn 0.1066 0.9805 -0.1651
vn 0.1993 0.8412 0.5026
vn 0.3713 0.8154 0.4442
vn 0.2901 0.1190 0.9496
vn 0.1976 0.1568 0.9677
vn 0.0883 0.8325 0.5469
vn 0.1168 0.1653 0.9793
vn 0.0298 0.9943 -0.1026
vn 0.0797 0.1667 0.9828
vn 0.0515 0.8183 0.5725
vn 0.0108 0.9984 -0.0547
vn 0.0113 0.9193 -0.3935
vn -0.0002 0.9353 -0.3539
vn -0.0014 0.9493 -0.3143
vn 0.0068 0.9998 -0.0163
vn 0.0402 0.8062 0.5903
vn 0.0656 0.1662 0.9839
vn 0.0656 -0.1797 0.9815
vn 0.0780 -0.1816 0.9803
vn 0.1080 -0.1868 0.9764
vn 0.0778 -0.2508 0.9649
vn 0.0654 -0.2463 0.9670
vn -0.0977 -0.4867 0.8681
vn -0.0943 -0.5351 0.8395
vn -0.1161 -0.4568 0.8820
vn -0.1143 -0.4832 0.8680
vn -0.1120 -0.5332 0.8385
vn -0.1593 -0.4697 0.8684
vn -0.1553 -0.5258 0.8363
vn -0.1615 -0.4274 0.8895
vn -0.2280 -0.4414 0.8679
vn -0.1647 -0.3894 0.9062
vn -0.1452 -0.6091 0.7797
vn -0.1070 -0.6102 0.7850
vn -0.0980 -0.7244 0.6823
vn -0.1274 -0.7316 0.6698
vn -0.0808 -0.8478 0.5241
vn -0.1010 -0.8525 0.5129
vn -0.0812 -0.7153 0.6941
vn -0.0892 -0.6078 0.7890
vn -0.0656 -0.8421 0.5353
vn -0.0542 -0.9361 0.3476
vn -0.0674 -0.9343 0.3499
vn -0.0421 -0.9373 0.3461
vn 0.0024 0.9985 -0.0546
vn 0.0020 0.9985 -0.0543
vn 0.0019 0.9987 -0.0518
vn 0.0015 0.9987 -0.0517
vn 0.0013 0.9987 -0.0516
vn 0.0016 0.9985 -0.0540
vn 0.0011 0.9987 -0.0515
vn 0.0013 0.9986 -0.0537
vn 0.0011 0.9986 -0.0535
vn 0.0008 0.9987 -0.0514
vn 0.0009 0.9986 -0.0533
vn 0.0006 0.9987 -0.0513
vn 0.0005 0.9987 -0.0505
vn 0.0006 0.9987 -0.0507
vn 0.0004 0.9987 -0.0504
vn 0.0005 0.9987 -0.0511
vn 0.0007 0.9986 -0.0531
vn 0.0004 0.9987 -0.0510
vn 0.0006 0.9986 -0.0528
vn 0.0012 0.9983 -0.0578
vn 0.0011 0.9984 -0.0572
vn 0.0021 0.9976 -0.0699
vn 0.0019 0.9976 -0.0691
vn 0.0005 0.9986 -0.0526
vn 0.0009 0.9984 -0.0567
vn 0.0016 0.9977 -0.0683
vn 0.0035 0.9950 -0.0999
vn 0.0029 0.9951 -0.0989
vn 0.0056 0.9875 -0.1575
vn 0.0039 0.9878 -0.1558
vn 0.0066 0.9871 -0.1597
vn 0.0119 0.9580 -0.2864
vn 0.0142 0.9569 -0.2900
vn 0.0283 0.8457 -0.5329
vn 0.0238 0.8467 -0.5315
vn 0.0002 0.9990 -0.0439
vn 0.0003 0.9990 -0.0440
vn 0.0087 0.9995 -0.0289
vn 0.0209 0.9996 -0.0205
vn 0.0033 0.9994 -0.0337
vn 0.0083 0.9995 -0.0309
vn 0.0107 0.9999 -0.0106
vn -0.0032 0.9999 -0.0121
vn -0.0086 0.9998 0.0198
vn 0.0006 0.9994 -0.0351
vn -0.0021 0.9994 -0.0332
vn -0.0049 1.0000 -0.0054
vn -0.0069 0.9996 0.0262
vn -0.0006 0.9996 0.0288
vn -0.0028 1.0000 -0.0016
vn -0.0023 1.0000 -0.0001
vn -0.0007 0.9996 0.0293
vn 0.0012 0.9985 0.0545
vn 0.0020 0.9970 0.0775
vn -0.0011 0.9984 0.0568
vn -0.0019 0.9995 0.0301
vn -0.0010 0.9983 0.0577
vn -0.0004 0.9966 0.0823
vn -0.0012 0.9995 0.0311
vn -0.0020 1.0000 0.0013
vn -0.0011 1.0000 0.0027
vn -0.0003 0.9995 0.0316
vn -0.0002 1.0000 0.0033
vn -0.0002 0.9983 0.0580
vn -0.0001 0.9966 0.0823
vn -0.0020 0.9983 -0.0579
vn 0.0003 0.9958 0.0912
vn 0.0007 0.9961 0.0877
vn 0.0007 0.9993 -0.0362
vn 0.5646 0.1891 -0.8034
vn 0.6957 0.1613 -0.6999
vn 0.5628 -0.0803 -0.8227
vn 0.6821 -0.0961 -0.7249
vn 0.4204 -0.6203 -0.6622
vn 0.5044 -0.6399 -0.5798
vn 0.1239 -0.9731 -0.1943
vn 0.1056 -0.9678 -0.2286
vn -0.0047 -0.9984 -0.0572
vn -0.0031 -0.9976 -0.0691
vn -0.0009 -0.9980 -0.0637
vn 0.0024 -0.9976 -0.0697
vn 0.0007 -0.9982 -0.0598
vn 0.2025 -0.9792 0.0134
vn 0.2032 -0.9789 0.0195
vn 0.2031 -0.9786 0.0338
vn 0.2070 -0.9768 0.0540
vn 0.2163 -0.9713 0.0986
vn 0.0233 -0.9914 0.1289
vn 0.0492 -0.9734 0.2237
vn 0.0446 -0.9747 0.2192
vn 0.2426 -0.9504 0.1945
vn 0.0923 -0.9293 0.3577
vn 0.0836 -0.9316 0.3537
vn 0.2879 -0.8995 0.3286
vn 0.3394 -0.8134 0.4724
vn 0.1419 -0.8511 0.5054
vn -0.0006 -0.9994 0.0342
vn -0.0009 -0.9994 0.0352
vt 0.645128 0.748733
vt 0.645129 0.748089
vt 0.655408 0.748107
vt 0.655406 0.748751
vt 0.664421 0.748779
vt 0.664426 0.748135
vt 0.655410 0.747506
vt 0.664430 0.747534
vt 0.645130 0.747488
vt 0.655420 0.744120
vt 0.664449 0.744149
vt 0.645135 0.744102
vt 0.655422 0.743520
vt 0.664451 0.743548
vt 0.645136 0.743502
vt 0.634220 0.747481
vt 0.634220 0.744095
vt 0.634220 0.743495
vt 0.362080 0.753163
vt 0.351760 0.753167
vt 0.351760 0.752517
vt 0.362080 0.752513
vt 0.373039 0.753163
vt 0.373040 0.752513
vt 0.383999 0.752518
vt 0.383998 0.753168
vt 0.623305 0.744099
vt 0.623305 0.743499
vt 0.394319 0.752527
vt 0.394319 0.753177
vt 0.613020 0.744116
vt 0.613019 0.743515
vt 0.613030 0.747500
vt 0.623310 0.747485
vt 0.634220 0.748081
vt 0.623311 0.748086
vt 0.613032 0.748101
vt 0.604010 0.747527
vt 0.603991 0.744141
vt 0.604014 0.748128
vt 0.604019 0.748773
vt 0.613034 0.748745
vt 0.623311 0.748730
vt 0.604030 0.750280
vt 0.613040 0.750252
vt 0.623314 0.750236
vt 0.634220 0.748725
vt 0.634220 0.750231
vt 0.623319 0.753112
vt 0.613052 0.753129
vt 0.634219 0.753107
vt 0.645125 0.750239
vt 0.645120 0.753114
vt 0.655400 0.750257
vt 0.655387 0.753134
vt 0.664387 0.753166
vt 0.664410 0.750287
vt 0.672517 0.753216
vt 0.672557 0.750334
vt 0.672579 0.748824
vt 0.672588 0.748178
vt 0.680270 0.748913
vt 0.680287 0.748268
vt 0.680233 0.750421
vt 0.687293 0.749221
vt 0.687332 0.748585
vt 0.687207 0.750707
vt 0.680168 0.753301
vt 0.687055 0.753544
vt 0.693257 0.751337
vt 0.692896 0.754061
vt 0.693456 0.749911
vt 0.698257 0.752329
vt 0.697690 0.754879
vt 0.698571 0.750993
vt 0.693545 0.749299
vt 0.698712 0.750418
vt 0.702479 0.752460
vt 0.702126 0.753681
vt 0.702639 0.751932
vt 0.698876 0.749849
vt 0.702863 0.751399
vt 0.693643 0.748711
vt 0.699867 0.746700
vt 0.704335 0.748325
vt 0.694253 0.745389
vt 0.687380 0.747988
vt 0.687693 0.744614
vt 0.687749 0.744017
vt 0.694362 0.744803
vt 0.700046 0.746135
vt 0.313513 0.753961
vt 0.308263 0.754940
vt 0.308140 0.754361
vt 0.313443 0.753343
vt 0.319759 0.753387
vt 0.319737 0.752744
vt 0.326823 0.752541
vt 0.326827 0.753191
vt 0.680434 0.744277
vt 0.680454 0.743677
vt 0.334537 0.752533
vt 0.334539 0.753183
vt 0.672642 0.744182
vt 0.672647 0.743582
vt 0.680307 0.747667
vt 0.672597 0.747577
vt 0.342714 0.752525
vt 0.342715 0.753175
vt 0.342716 0.754672
vt 0.351761 0.754664
vt 0.334542 0.754681
vt 0.362081 0.754659
vt 0.342719 0.757505
vt 0.351763 0.757497
vt 0.362081 0.757492
vt 0.373038 0.757493
vt 0.373039 0.754660
vt 0.383997 0.754665
vt 0.383995 0.757498
vt 0.394317 0.754674
vt 0.394314 0.757507
vt 0.403358 0.757519
vt 0.403362 0.754686
vt 0.403364 0.753189
vt 0.403365 0.752539
vt 0.411540 0.753201
vt 0.411541 0.752551
vt 0.411536 0.754698
vt 0.603988 0.743541
vt 0.595799 0.744181
vt 0.595793 0.743581
vt 0.595844 0.747567
vt 0.588008 0.744277
vt 0.587988 0.743678
vt 0.588134 0.747656
vt 0.595852 0.748169
vt 0.588154 0.748257
vt 0.581060 0.747974
vt 0.581108 0.748571
vt 0.580752 0.744614
vt 0.574795 0.748695
vt 0.574894 0.749283
vt 0.574193 0.745378
vt 0.580697 0.744017
vt 0.574088 0.744791
vt 0.568564 0.746613
vt 0.568382 0.746051
vt 0.569581 0.749869
vt 0.432636 0.753370
vt 0.432565 0.753988
vt 0.426320 0.753411
vt 0.426341 0.752769
vt 0.437938 0.754391
vt 0.437814 0.754970
vt 0.442050 0.755857
vt 0.441894 0.756382
vt 0.564150 0.748382
vt 0.563874 0.747863
vt 0.445460 0.757721
vt 0.445259 0.758193
vt 0.560441 0.750469
vt 0.560089 0.750005
vt 0.565565 0.751338
vt 0.562274 0.753256
vt 0.556816 0.753244
vt 0.556424 0.752808
vt 0.559230 0.755649
vt 0.565789 0.751879
vt 0.562564 0.753757
vt 0.559584 0.756109
vt 0.556476 0.758309
vt 0.556830 0.758820
vt 0.554439 0.755423
vt 0.556277 0.758543
vt 0.554420 0.762084
vt 0.551574 0.760350
vt 0.553141 0.757028
vt 0.554916 0.762339
vt 0.551035 0.760123
vt 0.552595 0.756810
vt 0.554064 0.754964
vt 0.448361 0.760861
vt 0.448654 0.760428
vt 0.450599 0.762612
vt 0.450218 0.762994
vt 0.452570 0.765841
vt 0.452154 0.766138
vt 0.447757 0.761821
vt 0.449454 0.763806
vt 0.444818 0.759284
vt 0.441538 0.757602
vt 0.443978 0.761384
vt 0.440851 0.759948
vt 0.446835 0.763308
vt 0.443214 0.764294
vt 0.440199 0.763210
vt 0.445780 0.765592
vt 0.448569 0.765003
vt 0.447665 0.766538
vt 0.450240 0.767511
vt 0.451294 0.766763
vt 0.448367 0.768726
vt 0.451697 0.770609
vt 0.452709 0.770042
vt 0.453628 0.769628
vt 0.454056 0.769429
vt 0.454845 0.773288
vt 0.455289 0.773187
vt 0.453873 0.773488
vt 0.456061 0.777938
vt 0.456521 0.777909
vt 0.455051 0.777977
vt 0.549792 0.763973
vt 0.548292 0.767887
vt 0.547745 0.767698
vt 0.549255 0.763758
vt 0.546865 0.772798
vt 0.546310 0.772626
vt 0.551473 0.769291
vt 0.550156 0.774009
vt 0.552800 0.765588
vt 0.553326 0.765798
vt 0.552025 0.769451
vt 0.550726 0.774131
vt 0.548634 0.780491
vt 0.545266 0.779568
vt 0.549206 0.780585
vt 0.549665 0.780597
vt 0.551177 0.774172
vt 0.552455 0.769556
vt 0.550689 0.780607
vt 0.552183 0.774244
vt 0.553406 0.769777
vt 0.553724 0.765968
vt 0.554599 0.766349
vt 0.555225 0.770185
vt 0.554101 0.774367
vt 0.556278 0.767090
vt 0.556060 0.763079
vt 0.557548 0.764108
vt 0.555276 0.762562
vt 0.557829 0.759930
vt 0.559126 0.761364
vt 0.557144 0.759167
vt 0.559811 0.756518
vt 0.560311 0.757445
vt 0.562748 0.754238
vt 0.563151 0.755338
vt 0.561303 0.759206
vt 0.563938 0.757437
vt 0.566308 0.753644
vt 0.566984 0.755995
vt 0.565950 0.752413
vt 0.570186 0.752332
vt 0.570750 0.754873
vt 0.569878 0.751004
vt 0.569740 0.750433
vt 0.574984 0.749896
vt 0.581146 0.749207
vt 0.581232 0.750693
vt 0.575184 0.751324
vt 0.575544 0.754049
vt 0.581385 0.753531
vt 0.588207 0.750410
vt 0.588271 0.753289
vt 0.588171 0.748902
vt 0.595883 0.750324
vt 0.595922 0.753206
vt 0.595862 0.748815
vt 0.604052 0.753159
vt 0.604082 0.757105
vt 0.613070 0.757072
vt 0.595970 0.757155
vt 0.604115 0.761815
vt 0.613091 0.761780
vt 0.596019 0.761867
vt 0.604143 0.766399
vt 0.613110 0.766362
vt 0.596058 0.766452
vt 0.623337 0.761759
vt 0.623346 0.766340
vt 0.623327 0.757053
vt 0.634218 0.761753
vt 0.634218 0.766335
vt 0.634219 0.757047
vt 0.645100 0.761762
vt 0.645111 0.757056
vt 0.645089 0.766343
vt 0.655346 0.761785
vt 0.655368 0.757078
vt 0.664322 0.761822
vt 0.664356 0.757112
vt 0.655326 0.766367
vt 0.664293 0.766407
vt 0.672417 0.761877
vt 0.672468 0.757165
vt 0.672377 0.766461
vt 0.664273 0.769975
vt 0.655311 0.769936
vt 0.672350 0.770029
vt 0.679928 0.770098
vt 0.679966 0.766534
vt 0.680022 0.761954
vt 0.686688 0.770192
vt 0.686732 0.766657
vt 0.686795 0.762111
vt 0.680094 0.757246
vt 0.686899 0.757442
vt 0.692557 0.757832
vt 0.692402 0.762398
vt 0.697161 0.758440
vt 0.696946 0.762812
vt 0.692352 0.766861
vt 0.696909 0.767112
vt 0.692318 0.770319
vt 0.696908 0.770454
vt 0.700485 0.767389
vt 0.700547 0.770576
vt 0.700525 0.763360
vt 0.703615 0.767650
vt 0.703826 0.770666
vt 0.703532 0.763998
vt 0.700801 0.759305
vt 0.703767 0.760384
vt 0.706315 0.761670
vt 0.706349 0.764690
vt 0.706828 0.767855
vt 0.708165 0.762648
vt 0.708832 0.764916
vt 0.709782 0.767761
vt 0.707332 0.770698
vt 0.710609 0.770578
vt 0.713203 0.770207
vt 0.712149 0.767110
vt 0.710879 0.764126
vt 0.714332 0.774390
vt 0.711570 0.774495
vt 0.708034 0.774531
vt 0.709103 0.780670
vt 0.712900 0.780658
vt 0.715783 0.780643
vt 0.705013 0.780669
vt 0.704259 0.774515
vt 0.700778 0.774479
vt 0.701254 0.780654
vt 0.705768 0.788126
vt 0.701688 0.788105
vt 0.710186 0.788140
vt 0.706501 0.795589
vt 0.711239 0.795623
vt 0.702106 0.795557
vt 0.697594 0.795524
vt 0.697427 0.788077
vt 0.697248 0.780629
vt 0.692463 0.788040
vt 0.692418 0.780591
vt 0.692500 0.795487
vt 0.697664 0.802485
vt 0.692474 0.802448
vt 0.702433 0.802524
vt 0.686596 0.802410
vt 0.686633 0.795446
vt 0.686647 0.787997
vt 0.679800 0.795402
vt 0.679831 0.787945
vt 0.679761 0.802373
vt 0.679862 0.780484
vt 0.686658 0.780542
vt 0.672265 0.787896
vt 0.672296 0.780427
vt 0.672235 0.795360
vt 0.672325 0.774160
vt 0.679895 0.774224
vt 0.686661 0.774295
vt 0.664253 0.774108
vt 0.664228 0.780379
vt 0.655296 0.774069
vt 0.655277 0.780342
vt 0.664200 0.787853
vt 0.655255 0.787819
vt 0.664174 0.795324
vt 0.655236 0.795295
vt 0.664147 0.802309
vt 0.655217 0.802285
vt 0.672201 0.802338
vt 0.672157 0.808884
vt 0.664114 0.808897
vt 0.679707 0.808868
vt 0.672110 0.815432
vt 0.664080 0.815486
vt 0.679647 0.815364
vt 0.672056 0.821233
vt 0.664043 0.821353
vt 0.679575 0.821086
vt 0.686538 0.808851
vt 0.686471 0.815291
vt 0.686387 0.820931
vt 0.679507 0.826682
vt 0.672006 0.826861
vt 0.686306 0.826494
vt 0.692199 0.826319
vt 0.692281 0.820785
vt 0.692361 0.815223
vt 0.697668 0.826129
vt 0.697693 0.820624
vt 0.697711 0.815148
vt 0.692424 0.808836
vt 0.697696 0.808818
vt 0.702683 0.808792
vt 0.702913 0.815054
vt 0.707161 0.802567
vt 0.707685 0.808751
vt 0.708184 0.814927
vt 0.703058 0.820427
vt 0.708523 0.820164
vt 0.713742 0.814758
vt 0.714237 0.819806
vt 0.712997 0.808693
vt 0.717733 0.808638
vt 0.718654 0.814597
vt 0.719259 0.819461
vt 0.712224 0.802622
vt 0.716779 0.802678
vt 0.719984 0.802722
vt 0.721009 0.808595
vt 0.721994 0.814474
vt 0.722025 0.802750
vt 0.723064 0.808562
vt 0.724055 0.814386
vt 0.724715 0.819013
vt 0.722644 0.819199
vt 0.723289 0.824524
vt 0.719855 0.824807
vt 0.725376 0.824334
vt 0.714721 0.825192
vt 0.715142 0.830203
vt 0.720342 0.829782
vt 0.723787 0.829478
vt 0.709143 0.830653
vt 0.708847 0.825598
vt 0.703190 0.825901
vt 0.703315 0.830993
vt 0.709412 0.834756
vt 0.703443 0.835233
vt 0.715489 0.834122
vt 0.709633 0.837988
vt 0.703557 0.838598
vt 0.715766 0.837196
vt 0.720708 0.833516
vt 0.721004 0.836436
vt 0.721249 0.839030
vt 0.715964 0.839750
vt 0.709783 0.840517
vt 0.716092 0.842061
vt 0.709890 0.842761
vt 0.721421 0.841429
vt 0.716157 0.844392
vt 0.709974 0.845084
vt 0.721463 0.843765
vt 0.724993 0.843271
vt 0.724908 0.840906
vt 0.724666 0.838446
vt 0.721306 0.846030
vt 0.716132 0.846615
vt 0.724674 0.845637
vt 0.727183 0.842922
vt 0.726941 0.840464
vt 0.726659 0.845415
vt 0.724055 0.847963
vt 0.720923 0.848117
vt 0.725864 0.847974
vt 0.726827 0.848010
vt 0.727695 0.845341
vt 0.728392 0.842753
vt 0.727295 0.848036
vt 0.728175 0.845326
vt 0.728964 0.842675
vt 0.727971 0.840172
vt 0.728414 0.839988
vt 0.728975 0.839769
vt 0.729631 0.842163
vt 0.729645 0.843027
vt 0.728791 0.845465
vt 0.733189 0.844904
vt 0.732446 0.847094
vt 0.732434 0.838065
vt 0.733062 0.839833
vt 0.733751 0.845200
vt 0.733037 0.847319
vt 0.733011 0.837864
vt 0.733628 0.839557
vt 0.279853 0.842162
vt 0.280186 0.844166
vt 0.279718 0.844140
vt 0.279374 0.842110
vt 0.279736 0.840429
vt 0.279253 0.840383
vt 0.279665 0.838791
vt 0.279182 0.838738
vt 0.732111 0.836152
vt 0.732688 0.836011
vt 0.279683 0.837075
vt 0.279200 0.837008
vt 0.731947 0.834072
vt 0.732521 0.833959
vt 0.728643 0.837337
vt 0.728412 0.834894
vt 0.728094 0.837510
vt 0.727861 0.835026
vt 0.728257 0.832412
vt 0.727692 0.832512
vt 0.731740 0.831765
vt 0.728025 0.829065
vt 0.727447 0.829150
vt 0.731502 0.828435
vt 0.732313 0.831654
vt 0.732075 0.828330
vt 0.279830 0.835139
vt 0.279346 0.835075
vt 0.280212 0.832226
vt 0.279727 0.832166
vt 0.280320 0.827576
vt 0.280801 0.827639
vt 0.731000 0.823459
vt 0.731575 0.823363
vt 0.281039 0.822501
vt 0.281518 0.822560
vt 0.730308 0.818126
vt 0.730883 0.818031
vt 0.726858 0.818790
vt 0.727537 0.824111
vt 0.726955 0.824191
vt 0.726278 0.818867
vt 0.726190 0.814240
vt 0.725612 0.814315
vt 0.729609 0.813531
vt 0.724620 0.808536
vt 0.725202 0.808472
vt 0.728642 0.807784
vt 0.730181 0.813418
vt 0.729214 0.807674
vt 0.727608 0.802130
vt 0.728180 0.802024
vt 0.724154 0.802727
vt 0.282734 0.812447
vt 0.283210 0.812472
vt 0.282198 0.818093
vt 0.281720 0.818057
vt 0.283755 0.806874
vt 0.284229 0.806890
vt 0.285157 0.799799
vt 0.285627 0.799814
vt 0.726206 0.795001
vt 0.726777 0.794889
vt 0.286611 0.792143
vt 0.287077 0.792154
vt 0.724735 0.787309
vt 0.725303 0.787183
vt 0.722771 0.795641
vt 0.721321 0.788056
vt 0.723175 0.779589
vt 0.723735 0.779436
vt 0.719795 0.780512
vt 0.720741 0.788129
vt 0.719223 0.780607
vt 0.722189 0.795697
vt 0.720274 0.788134
vt 0.718764 0.780619
vt 0.721716 0.795693
vt 0.723571 0.802775
vt 0.723094 0.802766
vt 0.720661 0.795685
vt 0.719231 0.788137
vt 0.718645 0.795672
vt 0.717239 0.788141
vt 0.717740 0.780629
vt 0.714243 0.788143
vt 0.715545 0.795652
vt 0.716253 0.774269
vt 0.717260 0.774198
vt 0.717712 0.774158
vt 0.715971 0.769579
vt 0.716400 0.769475
vt 0.715020 0.769799
vt 0.714698 0.765986
vt 0.713824 0.766368
vt 0.715094 0.765815
vt 0.712365 0.763096
vt 0.713145 0.762576
vt 0.710618 0.759950
vt 0.711312 0.759193
vt 0.709314 0.761382
vt 0.713502 0.762351
vt 0.711631 0.758851
vt 0.712182 0.758575
vt 0.714000 0.762095
vt 0.715619 0.765605
vt 0.716949 0.760381
vt 0.718667 0.764014
vt 0.715311 0.757027
vt 0.715857 0.756804
vt 0.717488 0.760153
vt 0.719208 0.763805
vt 0.720125 0.767919
vt 0.720673 0.767733
vt 0.716951 0.769315
vt 0.721532 0.772815
vt 0.722087 0.772643
vt 0.718282 0.774037
vt 0.288530 0.784497
vt 0.288066 0.784491
vt 0.289547 0.777872
vt 0.290006 0.777901
vt 0.290780 0.773149
vt 0.291225 0.773251
vt 0.289558 0.784487
vt 0.291017 0.777940
vt 0.292197 0.773451
vt 0.292443 0.769591
vt 0.293362 0.770006
vt 0.292016 0.769392
vt 0.293919 0.766103
vt 0.294779 0.766728
vt 0.293503 0.765805
vt 0.294405 0.770517
vt 0.293233 0.773815
vt 0.295846 0.767441
vt 0.296620 0.763771
vt 0.297550 0.764924
vt 0.295856 0.762959
vt 0.299166 0.763346
vt 0.298317 0.761787
vt 0.297714 0.760827
vt 0.295475 0.762577
vt 0.297421 0.760394
vt 0.300817 0.758160
vt 0.300617 0.757689
vt 0.301258 0.759252
vt 0.304183 0.756350
vt 0.304538 0.757571
vt 0.304028 0.755825
vt 0.302097 0.761352
vt 0.305225 0.759918
vt 0.308547 0.756277
vt 0.309088 0.758822
vt 0.313977 0.758087
vt 0.313673 0.755385
vt 0.319895 0.757669
vt 0.319806 0.754867
vt 0.326833 0.754689
vt 0.326845 0.757524
vt 0.334547 0.757514
vt 0.326861 0.761384
vt 0.334554 0.761373
vt 0.342722 0.761363
vt 0.351765 0.761355
vt 0.342726 0.765939
vt 0.334562 0.765949
vt 0.351767 0.765931
vt 0.342729 0.770388
vt 0.351769 0.770380
vt 0.334570 0.770397
vt 0.326901 0.770409
vt 0.326881 0.765960
vt 0.320032 0.766041
vt 0.319984 0.761493
vt 0.320057 0.770465
vt 0.314361 0.766260
vt 0.314372 0.770609
vt 0.314261 0.761800
vt 0.309761 0.766626
vt 0.309758 0.770817
vt 0.309592 0.762347
vt 0.305875 0.763180
vt 0.306122 0.767150
vt 0.302860 0.764263
vt 0.303071 0.767785
vt 0.306127 0.771068
vt 0.302953 0.771313
vt 0.300234 0.768485
vt 0.299707 0.771509
vt 0.300293 0.765559
vt 0.297704 0.768692
vt 0.296713 0.771407
vt 0.298408 0.766504
vt 0.295863 0.774150
vt 0.299181 0.774266
vt 0.292123 0.778008
vt 0.294907 0.778068
vt 0.298479 0.778088
vt 0.302730 0.774247
vt 0.302299 0.778081
vt 0.297429 0.784442
vt 0.293598 0.784447
vt 0.301558 0.784445
vt 0.305353 0.784445
vt 0.305822 0.778063
vt 0.306054 0.774177
vt 0.304922 0.792101
vt 0.300809 0.792108
vt 0.296358 0.792113
vt 0.300063 0.799771
vt 0.295289 0.799786
vt 0.304495 0.799757
vt 0.309045 0.799744
vt 0.309219 0.792094
vt 0.309395 0.784442
vt 0.314223 0.792085
vt 0.314272 0.784437
vt 0.314177 0.799731
vt 0.309645 0.778040
vt 0.314368 0.778016
vt 0.309742 0.774082
vt 0.314388 0.773989
vt 0.320087 0.784430
vt 0.320097 0.777994
vt 0.320083 0.773916
vt 0.326920 0.773884
vt 0.326936 0.777980
vt 0.334577 0.773874
vt 0.334584 0.777969
vt 0.342731 0.773864
vt 0.342734 0.777960
vt 0.351771 0.773856
vt 0.351773 0.777952
vt 0.362084 0.773852
vt 0.362083 0.770375
vt 0.362084 0.777948
vt 0.373035 0.773852
vt 0.373035 0.770376
vt 0.373034 0.777949
vt 0.362083 0.765927
vt 0.373036 0.765927
vt 0.383990 0.765932
vt 0.383987 0.770380
vt 0.383985 0.773857
vt 0.394301 0.770390
vt 0.394298 0.773866
vt 0.394306 0.765941
vt 0.383983 0.777953
vt 0.394295 0.777962
vt 0.403338 0.773878
vt 0.403342 0.770401
vt 0.403333 0.777974
vt 0.403326 0.784413
vt 0.394289 0.784402
vt 0.383979 0.784393
vt 0.403313 0.792056
vt 0.394280 0.792045
vt 0.383974 0.792037
vt 0.394270 0.799688
vt 0.383968 0.799680
vt 0.403300 0.799698
vt 0.373029 0.799676
vt 0.373030 0.792032
vt 0.373032 0.784388
vt 0.362087 0.792032
vt 0.362085 0.784388
vt 0.362090 0.799675
vt 0.351781 0.792035
vt 0.351776 0.784392
vt 0.342739 0.784399
vt 0.342748 0.792042
vt 0.351787 0.799678
vt 0.342758 0.799684
vt 0.351795 0.806730
vt 0.342771 0.806735
vt 0.362093 0.806728
vt 0.373027 0.806729
vt 0.373026 0.813236
vt 0.362097 0.813234
vt 0.351807 0.813226
vt 0.373024 0.819777
vt 0.362102 0.819774
vt 0.351818 0.819757
vt 0.373023 0.825699
vt 0.362109 0.825694
vt 0.351834 0.825661
vt 0.342809 0.819711
vt 0.342790 0.813207
vt 0.342837 0.825572
vt 0.342865 0.831156
vt 0.351850 0.831266
vt 0.362115 0.831308
vt 0.342892 0.836142
vt 0.351864 0.836272
vt 0.362120 0.836323
vt 0.373022 0.831314
vt 0.373021 0.836331
vt 0.362124 0.840482
vt 0.351876 0.840414
vt 0.373020 0.840494
vt 0.383921 0.836327
vt 0.383915 0.840487
vt 0.383928 0.831313
vt 0.394177 0.836281
vt 0.394163 0.840423
vt 0.394194 0.831275
vt 0.383937 0.825699
vt 0.394212 0.825670
vt 0.403178 0.831169
vt 0.403209 0.825585
vt 0.403149 0.836155
vt 0.394230 0.819766
vt 0.403239 0.819725
vt 0.383947 0.819779
vt 0.394245 0.813236
vt 0.403262 0.813220
vt 0.383954 0.813239
vt 0.394259 0.806739
vt 0.403284 0.806749
vt 0.383962 0.806733
vt 0.411420 0.806761
vt 0.411390 0.813195
vt 0.411441 0.799710
vt 0.411457 0.792068
vt 0.419052 0.806775
vt 0.419076 0.799725
vt 0.419096 0.792083
vt 0.411473 0.784426
vt 0.419114 0.784440
vt 0.411484 0.777987
vt 0.419131 0.778001
vt 0.425977 0.784454
vt 0.425971 0.778018
vt 0.425973 0.792098
vt 0.431793 0.784464
vt 0.431838 0.792111
vt 0.431699 0.778042
vt 0.431681 0.774015
vt 0.425986 0.773940
vt 0.419150 0.773905
vt 0.436327 0.774111
vt 0.436422 0.778068
vt 0.436669 0.784471
vt 0.440246 0.778094
vt 0.440712 0.784475
vt 0.440015 0.774207
vt 0.436842 0.792122
vt 0.441139 0.792132
vt 0.443768 0.778113
vt 0.444506 0.784477
vt 0.445252 0.792140
vt 0.441563 0.799788
vt 0.437013 0.799773
vt 0.445994 0.799804
vt 0.448635 0.784477
vt 0.449703 0.792148
vt 0.450769 0.799821
vt 0.441908 0.806843
vt 0.446676 0.806863
vt 0.451777 0.806885
vt 0.455105 0.799837
vt 0.456365 0.806906
vt 0.453787 0.792158
vt 0.458224 0.799847
vt 0.459591 0.806921
vt 0.456800 0.792174
vt 0.452467 0.784482
vt 0.455373 0.784504
vt 0.456506 0.784525
vt 0.457943 0.792186
vt 0.459379 0.799851
vt 0.457535 0.784535
vt 0.458984 0.792192
vt 0.460431 0.799854
vt 0.461825 0.806930
vt 0.460759 0.806926
vt 0.460900 0.799839
vt 0.462300 0.806914
vt 0.459450 0.792182
vt 0.542218 0.794978
vt 0.540824 0.802109
vt 0.540252 0.802003
vt 0.541648 0.794867
vt 0.543118 0.787159
vt 0.543686 0.787285
vt 0.544704 0.779416
vt 0.457999 0.784530
vt 0.547111 0.788035
vt 0.545659 0.795618
vt 0.547691 0.788108
vt 0.546241 0.795674
vt 0.544273 0.802704
vt 0.544856 0.802751
vt 0.546714 0.795670
vt 0.545334 0.802742
vt 0.548158 0.788112
vt 0.544288 0.808523
vt 0.543808 0.808513
vt 0.543226 0.808449
vt 0.543292 0.814317
vt 0.542813 0.814291
vt 0.542235 0.814215
vt 0.542628 0.818892
vt 0.542148 0.818843
vt 0.541568 0.818764
vt 0.538118 0.818101
vt 0.538817 0.813505
vt 0.539786 0.807760
vt 0.537543 0.818005
vt 0.538245 0.813393
vt 0.539215 0.807650
vt 0.462841 0.812513
vt 0.463318 0.812487
vt 0.464330 0.818098
vt 0.463852 0.818134
vt 0.461772 0.812548
vt 0.462778 0.818208
vt 0.464529 0.822602
vt 0.465008 0.822543
vt 0.463456 0.822739
vt 0.460607 0.812618
vt 0.461616 0.818354
vt 0.462302 0.823004
vt 0.463010 0.828154
vt 0.464166 0.827842
vt 0.465244 0.827680
vt 0.463595 0.832793
vt 0.464750 0.832446
vt 0.465831 0.832267
vt 0.465725 0.827617
vt 0.466316 0.832208
vt 0.537426 0.823432
vt 0.536851 0.823336
vt 0.536924 0.828407
vt 0.536352 0.828301
vt 0.540888 0.824085
vt 0.540400 0.829037
vt 0.541470 0.824165
vt 0.540977 0.829122
vt 0.540166 0.832384
vt 0.540731 0.832484
vt 0.536668 0.831722
vt 0.540007 0.834865
vt 0.540556 0.835000
vt 0.536484 0.834035
vt 0.535911 0.833923
vt 0.536096 0.831611
vt 0.466630 0.835115
vt 0.466145 0.835180
vt 0.466842 0.837050
vt 0.466359 0.837117
vt 0.466859 0.838781
vt 0.466377 0.838833
vt 0.536326 0.836116
vt 0.535746 0.835975
vt 0.466788 0.840425
vt 0.466306 0.840471
vt 0.535965 0.838030
vt 0.535388 0.837824
vt 0.539760 0.837309
vt 0.539444 0.839735
vt 0.540312 0.837482
vt 0.540005 0.839964
vt 0.538766 0.842148
vt 0.539441 0.842635
vt 0.535348 0.839783
vt 0.538753 0.842979
vt 0.540235 0.845299
vt 0.539617 0.845442
vt 0.535968 0.847101
vt 0.535221 0.844941
vt 0.534776 0.839509
vt 0.535377 0.847315
vt 0.534660 0.845235
vt 0.466668 0.842152
vt 0.466189 0.842205
vt 0.466328 0.844182
vt 0.465859 0.844209
vt 0.465651 0.846471
vt 0.465205 0.846438
vt 0.536958 0.849660
vt 0.536349 0.849890
vt 0.464284 0.848700
vt 0.463877 0.848611
vt 0.538161 0.852483
vt 0.537556 0.852819
vt 0.541689 0.851007
vt 0.540606 0.848131
vt 0.541175 0.847987
vt 0.542365 0.850798
vt 0.543988 0.853735
vt 0.543172 0.854060
vt 0.539745 0.855761
vt 0.545323 0.856794
vt 0.546110 0.856435
vt 0.541776 0.858777
vt 0.541113 0.859161
vt 0.539117 0.856139
vt 0.462145 0.850883
vt 0.461749 0.850732
vt 0.460024 0.852968
vt 0.459633 0.852745
vt 0.457684 0.854970
vt 0.457369 0.854685
vt 0.544409 0.861347
vt 0.543727 0.861763
vt 0.455120 0.856702
vt 0.454919 0.856382
vt 0.547130 0.863898
vt 0.546373 0.864229
vt 0.547819 0.859383
vt 0.550442 0.861577
vt 0.548473 0.858960
vt 0.551054 0.861152
vt 0.551017 0.861880
vt 0.554170 0.862327
vt 0.553657 0.866031
vt 0.550757 0.865834
vt 0.554301 0.861767
vt 0.551364 0.860721
vt 0.554418 0.861362
vt 0.548855 0.858641
vt 0.551879 0.859943
vt 0.554651 0.860607
vt 0.549513 0.858062
vt 0.546540 0.856171
vt 0.547311 0.855727
vt 0.550571 0.857086
vt 0.552700 0.858643
vt 0.548590 0.855028
vt 0.546787 0.852711
vt 0.545305 0.853209
vt 0.544447 0.853538
vt 0.545351 0.850287
vt 0.543721 0.850547
vt 0.542823 0.850706
vt 0.541637 0.847964
vt 0.542590 0.847931
vt 0.540719 0.845311
vt 0.541761 0.845379
vt 0.540015 0.842715
vt 0.541225 0.842896
vt 0.540447 0.840146
vt 0.541475 0.840438
vt 0.543423 0.843243
vt 0.543752 0.845606
vt 0.543507 0.840880
vt 0.541768 0.837938
vt 0.543748 0.838421
vt 0.540761 0.837641
vt 0.542041 0.835367
vt 0.544020 0.835820
vt 0.541013 0.835123
vt 0.541205 0.832563
vt 0.542272 0.832712
vt 0.541462 0.829172
vt 0.542556 0.829257
vt 0.544303 0.833032
vt 0.544636 0.829454
vt 0.543049 0.824309
vt 0.545135 0.824500
vt 0.541955 0.824216
vt 0.543711 0.818989
vt 0.545782 0.819175
vt 0.544370 0.814362
vt 0.546432 0.814452
vt 0.547418 0.808572
vt 0.545364 0.808540
vt 0.546402 0.802728
vt 0.548444 0.802699
vt 0.547769 0.795663
vt 0.549785 0.795650
vt 0.549201 0.788116
vt 0.551192 0.788119
vt 0.552647 0.780621
vt 0.555530 0.780637
vt 0.556862 0.774474
vt 0.554188 0.788122
vt 0.559327 0.780650
vt 0.560398 0.774511
vt 0.558244 0.788120
vt 0.552884 0.795631
vt 0.557190 0.795603
vt 0.562662 0.788108
vt 0.563418 0.780650
vt 0.561927 0.795571
vt 0.561266 0.802549
vt 0.556203 0.802602
vt 0.551648 0.802657
vt 0.560741 0.808733
vt 0.555429 0.808673
vt 0.550693 0.808617
vt 0.560241 0.814909
vt 0.554684 0.814737
vt 0.549773 0.814575
vt 0.554187 0.819786
vt 0.549164 0.819438
vt 0.559901 0.820145
vt 0.548568 0.824784
vt 0.553702 0.825171
vt 0.548079 0.829760
vt 0.553279 0.830182
vt 0.559575 0.825579
vt 0.559278 0.830634
vt 0.552930 0.834102
vt 0.559005 0.834739
vt 0.547711 0.833494
vt 0.564974 0.835217
vt 0.565104 0.830977
vt 0.565231 0.825885
vt 0.570752 0.826115
vt 0.570769 0.831237
vt 0.570770 0.835581
vt 0.565364 0.820410
vt 0.570729 0.820609
vt 0.565511 0.815037
vt 0.570712 0.815132
vt 0.565742 0.808775
vt 0.570729 0.808803
vt 0.565994 0.802506
vt 0.570763 0.802469
vt 0.566322 0.795540
vt 0.570835 0.795508
vt 0.566742 0.788088
vt 0.571003 0.788061
vt 0.567178 0.780636
vt 0.571184 0.780613
vt 0.564173 0.774497
vt 0.567654 0.774462
vt 0.571434 0.774413
vt 0.575967 0.788026
vt 0.576014 0.780577
vt 0.576105 0.774352
vt 0.571526 0.770438
vt 0.576116 0.770306
vt 0.567886 0.770560
vt 0.581775 0.780530
vt 0.581772 0.774282
vt 0.581746 0.770179
vt 0.571525 0.767097
vt 0.576084 0.766848
vt 0.581704 0.766645
vt 0.588507 0.770086
vt 0.588539 0.774213
vt 0.588470 0.766522
vt 0.588415 0.761943
vt 0.581642 0.762098
vt 0.576035 0.762385
vt 0.588344 0.757235
vt 0.581539 0.757430
vt 0.575882 0.757819
vt 0.571490 0.762798
vt 0.571277 0.758428
vt 0.567635 0.759286
vt 0.567910 0.763344
vt 0.564672 0.760368
vt 0.564903 0.763982
vt 0.567949 0.767373
vt 0.564819 0.767633
vt 0.564607 0.770648
vt 0.561099 0.770678
vt 0.561603 0.767836
vt 0.557821 0.770557
vt 0.558647 0.767742
vt 0.559598 0.764898
vt 0.562085 0.764674
vt 0.560272 0.762631
vt 0.562123 0.761655
vt 0.596084 0.770020
vt 0.604162 0.769968
vt 0.596108 0.774151
vt 0.604180 0.774100
vt 0.613123 0.769930
vt 0.613137 0.774063
vt 0.604204 0.780371
vt 0.613155 0.780336
vt 0.596136 0.780417
vt 0.613174 0.787814
vt 0.604230 0.787846
vt 0.596165 0.787886
vt 0.604254 0.795317
vt 0.596193 0.795351
vt 0.613192 0.795291
vt 0.588599 0.787934
vt 0.588570 0.780473
vt 0.588629 0.795391
vt 0.596226 0.802329
vt 0.588665 0.802362
vt 0.604280 0.802302
vt 0.588718 0.808857
vt 0.596268 0.808876
vt 0.604311 0.808890
vt 0.588776 0.815354
vt 0.596312 0.815424
vt 0.604342 0.815480
vt 0.588847 0.821076
vt 0.596366 0.821225
vt 0.604379 0.821347
vt 0.582034 0.820919
vt 0.581952 0.815279
vt 0.581887 0.808838
vt 0.576141 0.820771
vt 0.576062 0.815209
vt 0.576001 0.808822
vt 0.575952 0.802434
vt 0.581830 0.802398
vt 0.575929 0.795473
vt 0.581795 0.795433
vt 0.581783 0.787983
vt 0.576221 0.826306
vt 0.582114 0.826482
vt 0.576286 0.831457
vt 0.582176 0.831658
vt 0.576324 0.835885
vt 0.582206 0.836161
vt 0.576330 0.839440
vt 0.582200 0.839788
vt 0.570752 0.839053
vt 0.588983 0.836457
vt 0.588974 0.840158
vt 0.588962 0.831877
vt 0.596448 0.832088
vt 0.596461 0.836740
vt 0.596451 0.840510
vt 0.588930 0.842816
vt 0.596416 0.843186
vt 0.582156 0.842426
vt 0.588858 0.845054
vt 0.596359 0.845420
vt 0.582081 0.844666
vt 0.576243 0.844296
vt 0.576302 0.842055
vt 0.570722 0.841642
vt 0.570671 0.843881
vt 0.564774 0.841133
vt 0.564859 0.838582
vt 0.564700 0.843363
vt 0.564620 0.845695
vt 0.570599 0.846227
vt 0.576158 0.846647
vt 0.564533 0.847904
vt 0.570514 0.848453
vt 0.576064 0.848880
vt 0.581982 0.847018
vt 0.581882 0.849253
vt 0.588767 0.847403
vt 0.588677 0.849636
vt 0.596287 0.847766
vt 0.596216 0.849995
vt 0.604312 0.848069
vt 0.604261 0.850294
vt 0.604363 0.845726
vt 0.604404 0.843495
vt 0.613276 0.843712
vt 0.613251 0.845942
vt 0.613219 0.848284
vt 0.623422 0.843801
vt 0.623409 0.846034
vt 0.623394 0.848380
vt 0.634208 0.846053
vt 0.634207 0.848401
vt 0.634208 0.843817
vt 0.613293 0.841009
vt 0.623431 0.841090
vt 0.634208 0.841103
vt 0.644994 0.843803
vt 0.645006 0.846037
vt 0.644985 0.841092
vt 0.644981 0.837210
vt 0.634209 0.837217
vt 0.623436 0.837208
vt 0.644982 0.832437
vt 0.634209 0.832441
vt 0.623437 0.832435
vt 0.613301 0.837144
vt 0.613299 0.832389
vt 0.613288 0.827108
vt 0.623432 0.827145
vt 0.634210 0.827148
vt 0.613270 0.821429
vt 0.623425 0.821457
vt 0.634211 0.821458
vt 0.644988 0.827147
vt 0.644997 0.821459
vt 0.645008 0.815529
vt 0.634212 0.815527
vt 0.623415 0.815527
vt 0.634212 0.808895
vt 0.645018 0.808899
vt 0.623406 0.808897
vt 0.634213 0.802264
vt 0.645029 0.802270
vt 0.623397 0.802267
vt 0.613210 0.802281
vt 0.613230 0.808898
vt 0.613250 0.815516
vt 0.604410 0.827005
vt 0.596414 0.826853
vt 0.604431 0.832266
vt 0.588913 0.826671
vt 0.604438 0.836979
vt 0.604429 0.840804
vt 0.623388 0.795273
vt 0.623379 0.787793
vt 0.634214 0.795268
vt 0.634215 0.787787
vt 0.623368 0.780313
vt 0.634215 0.780306
vt 0.623359 0.774040
vt 0.634216 0.774034
vt 0.645051 0.787796
vt 0.645063 0.780316
vt 0.645074 0.774043
vt 0.645082 0.769910
vt 0.634217 0.769902
vt 0.623352 0.769908
vt 0.645040 0.795276
vt 0.655195 0.808903
vt 0.655173 0.815520
vt 0.655151 0.821433
vt 0.655132 0.827113
vt 0.664010 0.827011
vt 0.663987 0.832272
vt 0.655119 0.832394
vt 0.671971 0.832096
vt 0.663979 0.836985
vt 0.655116 0.837149
vt 0.671956 0.836749
vt 0.679434 0.836467
vt 0.679456 0.831887
vt 0.686211 0.836173
vt 0.686243 0.831670
vt 0.692093 0.835898
vt 0.692132 0.831470
vt 0.697648 0.835597
vt 0.697648 0.831251
vt 0.697664 0.839068
vt 0.692086 0.839453
vt 0.686216 0.839800
vt 0.692113 0.842068
vt 0.686259 0.842438
vt 0.697694 0.841657
vt 0.703641 0.841148
vt 0.703714 0.843379
vt 0.697743 0.843896
vt 0.692171 0.844309
vt 0.703794 0.845711
vt 0.697815 0.846242
vt 0.692256 0.846661
vt 0.703880 0.847920
vt 0.697899 0.848468
vt 0.692349 0.848893
vt 0.686432 0.847030
vt 0.686532 0.849265
vt 0.686334 0.844678
vt 0.679647 0.847414
vt 0.679556 0.845064
vt 0.679736 0.849646
vt 0.679485 0.842826
vt 0.671999 0.843194
vt 0.672055 0.845428
vt 0.672127 0.847774
vt 0.664012 0.843502
vt 0.664052 0.845733
vt 0.664103 0.848075
vt 0.672197 0.850003
vt 0.664153 0.850301
vt 0.664189 0.852139
vt 0.672247 0.851844
vt 0.679800 0.851491
vt 0.686605 0.851111
vt 0.679851 0.853180
vt 0.672287 0.853529
vt 0.686668 0.852801
vt 0.686735 0.854560
vt 0.679905 0.854937
vt 0.672328 0.855283
vt 0.686809 0.856366
vt 0.679964 0.856743
vt 0.672373 0.857086
vt 0.664250 0.855573
vt 0.664219 0.853822
vt 0.664283 0.857373
vt 0.672425 0.858925
vt 0.664321 0.859209
vt 0.680031 0.858584
vt 0.655291 0.855784
vt 0.655313 0.857583
vt 0.655339 0.859418
vt 0.672481 0.860781
vt 0.664363 0.861063
vt 0.655367 0.861272
vt 0.645091 0.859532
vt 0.645078 0.857694
vt 0.645106 0.861389
vt 0.645121 0.863240
vt 0.655396 0.863120
vt 0.664405 0.862913
vt 0.645134 0.864757
vt 0.655421 0.864633
vt 0.664441 0.864427
vt 0.672539 0.862633
vt 0.672589 0.864149
vt 0.672619 0.865001
vt 0.664463 0.865279
vt 0.655436 0.865484
vt 0.672639 0.865443
vt 0.664478 0.865721
vt 0.655445 0.865926
vt 0.645141 0.865610
vt 0.645145 0.866052
vt 0.655457 0.866534
vt 0.645149 0.866661
vt 0.664500 0.866329
vt 0.655511 0.870144
vt 0.645163 0.870271
vt 0.664599 0.869947
vt 0.672668 0.866053
vt 0.672801 0.869688
vt 0.672832 0.870330
vt 0.664622 0.870583
vt 0.655522 0.870777
vt 0.342670 0.862152
vt 0.342661 0.862419
vt 0.334506 0.862038
vt 0.334518 0.861768
vt 0.351717 0.862418
vt 0.351712 0.862682
vt 0.326851 0.861578
vt 0.326868 0.861303
vt 0.680506 0.869355
vt 0.680543 0.870006
vt 0.319944 0.861087
vt 0.319966 0.860807
vt 0.687479 0.869009
vt 0.687520 0.869670
vt 0.680350 0.865716
vt 0.687298 0.865339
vt 0.680315 0.865106
vt 0.687257 0.864728
vt 0.693262 0.864948
vt 0.693481 0.868647
vt 0.693213 0.864337
vt 0.687227 0.864285
vt 0.693177 0.863894
vt 0.680290 0.864663
vt 0.687175 0.863433
vt 0.693113 0.863043
vt 0.680249 0.863811
vt 0.680183 0.862294
vt 0.687089 0.861918
vt 0.680106 0.860442
vt 0.686990 0.860066
vt 0.693008 0.861529
vt 0.692887 0.859679
vt 0.686895 0.858208
vt 0.692772 0.857822
vt 0.692668 0.855983
vt 0.698376 0.857369
vt 0.698256 0.855532
vt 0.698510 0.859224
vt 0.692579 0.854180
vt 0.698151 0.853733
vt 0.692499 0.852425
vt 0.698060 0.851984
vt 0.692427 0.850737
vt 0.697979 0.850304
vt 0.703966 0.849738
vt 0.704058 0.851402
vt 0.710076 0.849123
vt 0.710038 0.847286
vt 0.710075 0.850823
vt 0.710022 0.852608
vt 0.704160 0.853140
vt 0.709940 0.854426
vt 0.704277 0.854933
vt 0.704412 0.856768
vt 0.709848 0.856229
vt 0.713659 0.856014
vt 0.714437 0.854266
vt 0.715134 0.852344
vt 0.709838 0.858016
vt 0.704563 0.858618
vt 0.713165 0.857658
vt 0.716174 0.856245
vt 0.717717 0.854441
vt 0.715042 0.857543
vt 0.713346 0.859295
vt 0.710012 0.859778
vt 0.715708 0.858667
vt 0.717830 0.857094
vt 0.716527 0.859973
vt 0.713759 0.860630
vt 0.718886 0.858060
vt 0.719821 0.855040
vt 0.721108 0.855740
vt 0.719104 0.852345
vt 0.721600 0.852708
vt 0.723068 0.853188
vt 0.723066 0.850295
vt 0.724704 0.850559
vt 0.720222 0.850171
vt 0.715994 0.848547
vt 0.715682 0.850391
vt 0.725609 0.850732
vt 0.723914 0.853502
vt 0.724367 0.853692
vt 0.726071 0.850833
vt 0.721886 0.856187
vt 0.722321 0.856452
vt 0.719543 0.858628
vt 0.719925 0.858939
vt 0.723113 0.856822
vt 0.720578 0.859340
vt 0.725174 0.854013
vt 0.726614 0.858773
vt 0.724023 0.861395
vt 0.728770 0.855895
vt 0.726746 0.851054
vt 0.730267 0.852523
vt 0.729389 0.856281
vt 0.727268 0.859179
vt 0.730881 0.852843
vt 0.284287 0.850688
vt 0.286401 0.852703
vt 0.286009 0.852926
vt 0.283890 0.850839
vt 0.282162 0.848564
vt 0.281755 0.848653
vt 0.280840 0.846392
vt 0.280393 0.846425
vt 0.731372 0.849627
vt 0.731990 0.849858
vt 0.727874 0.848197
vt 0.281717 0.846500
vt 0.282875 0.848576
vt 0.281181 0.844366
vt 0.283293 0.846731
vt 0.284214 0.848620
vt 0.282583 0.844755
vt 0.282147 0.842849
vt 0.280882 0.842394
vt 0.282037 0.841141
vt 0.280786 0.840658
vt 0.280726 0.839042
vt 0.281969 0.839564
vt 0.280751 0.837335
vt 0.281872 0.837863
vt 0.282115 0.835807
vt 0.280909 0.835361
vt 0.282448 0.832753
vt 0.281293 0.832405
vt 0.281879 0.827802
vt 0.283034 0.828113
vt 0.282591 0.822698
vt 0.283744 0.822964
vt 0.284434 0.818314
vt 0.283271 0.818168
vt 0.284280 0.812508
vt 0.285445 0.812579
vt 0.285295 0.806886
vt 0.286464 0.806881
vt 0.286679 0.799812
vt 0.287834 0.799809
vt 0.288118 0.792147
vt 0.289262 0.792136
vt 0.290691 0.784467
vt 0.292274 0.792122
vt 0.290953 0.799800
vt 0.289689 0.806869
vt 0.294277 0.806850
vt 0.299379 0.806829
vt 0.293492 0.812788
vt 0.288733 0.812672
vt 0.298835 0.812899
vt 0.292714 0.818760
vt 0.287784 0.818512
vt 0.298296 0.818999
vt 0.292162 0.823786
vt 0.297903 0.824230
vt 0.287129 0.823328
vt 0.303870 0.812975
vt 0.303599 0.819169
vt 0.303405 0.824546
vt 0.297525 0.829578
vt 0.291617 0.829063
vt 0.303227 0.829944
vt 0.308802 0.830209
vt 0.308815 0.824774
vt 0.308838 0.819292
vt 0.314279 0.824955
vt 0.314332 0.830420
vt 0.314232 0.819389
vt 0.308894 0.813028
vt 0.314206 0.813069
vt 0.308955 0.806796
vt 0.314184 0.806781
vt 0.304146 0.806812
vt 0.320108 0.806767
vt 0.320141 0.813105
vt 0.320177 0.819475
vt 0.327002 0.806754
vt 0.327036 0.813142
vt 0.327070 0.819563
vt 0.320235 0.825116
vt 0.327124 0.825284
vt 0.334689 0.819645
vt 0.334730 0.825442
vt 0.334661 0.813178
vt 0.334634 0.806743
vt 0.334617 0.799693
vt 0.326982 0.799704
vt 0.320090 0.799717
vt 0.326965 0.792062
vt 0.334603 0.792051
vt 0.320088 0.792074
vt 0.326951 0.784419
vt 0.334591 0.784408
vt 0.327179 0.830807
vt 0.334772 0.830997
vt 0.327232 0.835739
vt 0.334812 0.835957
vt 0.320357 0.835511
vt 0.320296 0.830609
vt 0.314391 0.835298
vt 0.314456 0.839121
vt 0.320414 0.839407
vt 0.327280 0.839710
vt 0.308807 0.835058
vt 0.308833 0.838800
vt 0.314515 0.841858
vt 0.320457 0.842215
vt 0.308874 0.841456
vt 0.302977 0.838400
vt 0.303080 0.834761
vt 0.302921 0.840953
vt 0.302918 0.842569
vt 0.308921 0.843108
vt 0.314558 0.843533
vt 0.302927 0.843930
vt 0.308952 0.844476
vt 0.314570 0.844900
vt 0.320475 0.843908
vt 0.320461 0.845270
vt 0.327324 0.844300
vt 0.327303 0.845655
vt 0.327314 0.842589
vt 0.334850 0.839999
vt 0.334877 0.842945
vt 0.334886 0.844672
vt 0.342935 0.843243
vt 0.342941 0.844985
vt 0.342917 0.840243
vt 0.334870 0.846021
vt 0.342930 0.846330
vt 0.351886 0.845204
vt 0.351879 0.846547
vt 0.351884 0.843453
vt 0.362125 0.845293
vt 0.362126 0.843537
vt 0.362122 0.846636
vt 0.373019 0.845309
vt 0.373019 0.843552
vt 0.373018 0.846652
vt 0.383912 0.843542
vt 0.383912 0.845298
vt 0.394154 0.843462
vt 0.394151 0.845214
vt 0.383915 0.846641
vt 0.394158 0.846556
vt 0.403096 0.844998
vt 0.403103 0.843257
vt 0.403107 0.846343
vt 0.403135 0.848066
vt 0.394174 0.848278
vt 0.383922 0.848364
vt 0.394194 0.850100
vt 0.383930 0.850187
vt 0.403168 0.849887
vt 0.411206 0.847764
vt 0.411167 0.846038
vt 0.411252 0.849586
vt 0.403185 0.851483
vt 0.411276 0.851181
vt 0.394204 0.851697
vt 0.418871 0.850825
vt 0.418842 0.849231
vt 0.418784 0.847405
vt 0.425716 0.850453
vt 0.425687 0.848859
vt 0.425626 0.847029
vt 0.418733 0.845675
vt 0.425576 0.845293
vt 0.431493 0.846666
vt 0.431467 0.844926
vt 0.431538 0.848500
vt 0.437091 0.846243
vt 0.437086 0.844505
vt 0.437120 0.848076
vt 0.431560 0.850096
vt 0.437131 0.849675
vt 0.443156 0.849102
vt 0.443151 0.847505
vt 0.443121 0.845685
vt 0.449281 0.848443
vt 0.449336 0.846830
vt 0.449327 0.845023
vt 0.443111 0.843962
vt 0.449312 0.843315
vt 0.455452 0.844292
vt 0.455385 0.846099
vt 0.455464 0.842585
vt 0.449295 0.841938
vt 0.455452 0.841132
vt 0.443120 0.842601
vt 0.460601 0.843558
vt 0.460659 0.841848
vt 0.460679 0.840311
vt 0.455378 0.839484
vt 0.460627 0.838616
vt 0.449235 0.840334
vt 0.455197 0.837177
vt 0.460461 0.836438
vt 0.449082 0.837899
vt 0.443117 0.840984
vt 0.443063 0.838432
vt 0.437207 0.838829
vt 0.437165 0.841485
vt 0.437117 0.843136
vt 0.431480 0.843559
vt 0.431523 0.841884
vt 0.425562 0.843932
vt 0.425581 0.842238
vt 0.425626 0.839431
vt 0.431584 0.839147
vt 0.425685 0.835535
vt 0.431651 0.835324
vt 0.437235 0.835087
vt 0.442962 0.834793
vt 0.442817 0.829976
vt 0.437242 0.830238
vt 0.431712 0.830446
vt 0.431767 0.824982
vt 0.437232 0.824803
vt 0.442641 0.824577
vt 0.448143 0.824264
vt 0.448519 0.829612
vt 0.448842 0.834388
vt 0.453885 0.823823
vt 0.454428 0.829100
vt 0.454887 0.833826
vt 0.458919 0.823367
vt 0.459579 0.828573
vt 0.460129 0.833251
vt 0.463927 0.835848
vt 0.464168 0.837904
vt 0.465067 0.835401
vt 0.465291 0.837377
vt 0.464220 0.839605
vt 0.465316 0.839085
vt 0.464004 0.841185
vt 0.465256 0.840701
vt 0.465159 0.842438
vt 0.463894 0.842893
vt 0.464865 0.844410
vt 0.463708 0.844778
vt 0.464326 0.846546
vt 0.463027 0.846749
vt 0.463163 0.848622
vt 0.461823 0.848663
vt 0.461123 0.850689
vt 0.460004 0.850606
vt 0.459046 0.852650
vt 0.458071 0.852443
vt 0.456880 0.854491
vt 0.456068 0.854064
vt 0.454581 0.856080
vt 0.453974 0.855403
vt 0.451829 0.856324
vt 0.452224 0.857150
vt 0.452428 0.857510
vt 0.452544 0.857834
vt 0.449065 0.858618
vt 0.448999 0.858305
vt 0.448888 0.857918
vt 0.443708 0.859106
vt 0.443750 0.859407
vt 0.443639 0.858695
vt 0.437680 0.859815
vt 0.437714 0.860106
vt 0.437624 0.859384
vt 0.557302 0.866741
vt 0.562843 0.867544
vt 0.562751 0.868250
vt 0.557171 0.867464
vt 0.569082 0.868194
vt 0.569014 0.868881
vt 0.563320 0.863830
vt 0.569450 0.864473
vt 0.557889 0.863013
vt 0.553541 0.866760
vt 0.557976 0.862426
vt 0.563388 0.863224
vt 0.563440 0.862784
vt 0.558048 0.862000
vt 0.569551 0.863421
vt 0.569508 0.863863
vt 0.575147 0.864931
vt 0.575196 0.864320
vt 0.575232 0.863878
vt 0.574850 0.868628
vt 0.581109 0.865330
vt 0.581151 0.864719
vt 0.580867 0.868980
vt 0.580826 0.869641
vt 0.574799 0.869300
vt 0.432050 0.860368
vt 0.432078 0.860653
vt 0.426130 0.860854
vt 0.426152 0.861135
vt 0.419162 0.861324
vt 0.419179 0.861599
vt 0.587903 0.869349
vt 0.587866 0.869999
vt 0.411511 0.861785
vt 0.411524 0.862056
vt 0.595608 0.869672
vt 0.595577 0.870314
vt 0.588059 0.865704
vt 0.595741 0.866045
vt 0.588095 0.865094
vt 0.595771 0.865436
vt 0.603910 0.866322
vt 0.603809 0.869938
vt 0.603933 0.865714
vt 0.603947 0.865272
vt 0.595791 0.864993
vt 0.588119 0.864651
vt 0.603970 0.864420
vt 0.595821 0.864141
vt 0.588160 0.863799
vt 0.581181 0.864275
vt 0.581234 0.863423
vt 0.588226 0.862283
vt 0.595871 0.862625
vt 0.581320 0.861908
vt 0.575296 0.863027
vt 0.575401 0.861513
vt 0.569629 0.862571
vt 0.569755 0.861057
vt 0.563681 0.860440
vt 0.563534 0.861941
vt 0.558397 0.859757
vt 0.558178 0.861192
vt 0.555063 0.859274
vt 0.555243 0.857638
vt 0.553365 0.857523
vt 0.558571 0.857996
vt 0.554749 0.855996
vt 0.552230 0.856230
vt 0.558562 0.856211
vt 0.553971 0.854250
vt 0.550690 0.854429
vt 0.558470 0.854408
vt 0.563998 0.856753
vt 0.563846 0.858603
vt 0.564134 0.854918
vt 0.564251 0.853124
vt 0.558388 0.852591
vt 0.553273 0.852329
vt 0.570155 0.855517
vt 0.570034 0.857354
vt 0.570259 0.853718
vt 0.564353 0.851386
vt 0.558336 0.850807
vt 0.570352 0.851969
vt 0.575833 0.854166
vt 0.575742 0.855970
vt 0.575913 0.852411
vt 0.575986 0.850724
vt 0.570434 0.850290
vt 0.564446 0.849722
vt 0.581744 0.852789
vt 0.581677 0.854548
vt 0.581807 0.851099
vt 0.588613 0.851480
vt 0.588561 0.853169
vt 0.596166 0.851836
vt 0.596126 0.853521
vt 0.588507 0.854926
vt 0.596084 0.855275
vt 0.588448 0.856732
vt 0.596038 0.857078
vt 0.581602 0.856355
vt 0.604163 0.855567
vt 0.604129 0.857367
vt 0.604194 0.853815
vt 0.613122 0.855779
vt 0.613099 0.857578
vt 0.613143 0.854029
vt 0.623346 0.855889
vt 0.623334 0.857691
vt 0.623357 0.854135
vt 0.613163 0.852346
vt 0.623367 0.852450
vt 0.604224 0.852132
vt 0.634207 0.854163
vt 0.634206 0.855918
vt 0.634207 0.852476
vt 0.613187 0.850509
vt 0.623379 0.850609
vt 0.634207 0.850632
vt 0.645046 0.852452
vt 0.645056 0.854138
vt 0.645035 0.850611
vt 0.645021 0.848382
vt 0.655195 0.848288
vt 0.655164 0.845946
vt 0.655227 0.850513
vt 0.655139 0.843717
vt 0.655123 0.841013
vt 0.663987 0.840810
vt 0.671965 0.840518
vt 0.679442 0.840168
vt 0.655250 0.852351
vt 0.655270 0.854033
vt 0.645067 0.855891
vt 0.634206 0.857723
vt 0.623320 0.859530
vt 0.634206 0.859562
vt 0.613073 0.859414
vt 0.623306 0.861386
vt 0.634206 0.861420
vt 0.613044 0.861267
vt 0.604048 0.861056
vt 0.604090 0.859203
vt 0.595930 0.860772
vt 0.595986 0.858917
vt 0.588379 0.858573
vt 0.588305 0.860430
vt 0.604006 0.862906
vt 0.581420 0.860055
vt 0.581516 0.858196
vt 0.575523 0.859664
vt 0.575638 0.857809
vt 0.569899 0.859208
vt 0.613015 0.863115
vt 0.612989 0.864628
vt 0.623290 0.863238
vt 0.623277 0.864754
vt 0.623269 0.865607
vt 0.612974 0.865479
vt 0.612965 0.865921
vt 0.623265 0.866050
vt 0.634205 0.865646
vt 0.634205 0.866090
vt 0.634205 0.864793
vt 0.634205 0.863275
vt 0.634205 0.866699
vt 0.623261 0.866658
vt 0.634205 0.870312
vt 0.623247 0.870272
vt 0.612953 0.866529
vt 0.612898 0.870141
vt 0.634205 0.870944
vt 0.623244 0.870903
vt 0.612886 0.870773
vt 0.383980 0.862536
vt 0.394312 0.862428
vt 0.394317 0.862692
vt 0.383983 0.862799
vt 0.373015 0.862552
vt 0.373015 0.862815
vt 0.362047 0.862794
vt 0.362049 0.862531
vt 0.645166 0.870903
vt 0.362053 0.862055
vt 0.351726 0.861943
vt 0.373015 0.862076
vt 0.342685 0.861680
vt 0.351746 0.860840
vt 0.362062 0.860950
vt 0.342717 0.860581
vt 0.334540 0.861300
vt 0.334587 0.860208
vt 0.326959 0.859761
vt 0.326897 0.860842
vt 0.320082 0.859286
vt 0.320003 0.860354
vt 0.314103 0.859875
vt 0.314198 0.858823
vt 0.314057 0.860319
vt 0.314029 0.860604
vt 0.308445 0.859766
vt 0.308501 0.859335
vt 0.308411 0.860057
vt 0.302404 0.859360
vt 0.302446 0.859059
vt 0.302515 0.858648
vt 0.297031 0.858270
vt 0.297142 0.857884
vt 0.296965 0.858583
vt 0.293602 0.857473
vt 0.293806 0.857113
vt 0.293486 0.857797
vt 0.297373 0.856980
vt 0.302665 0.857676
vt 0.294202 0.856288
vt 0.291450 0.856042
vt 0.292057 0.855366
vt 0.291112 0.856344
vt 0.289964 0.854025
vt 0.289152 0.854451
vt 0.288663 0.854645
vt 0.290910 0.856664
vt 0.288347 0.854930
vt 0.286988 0.852608
vt 0.284912 0.850646
vt 0.287962 0.852402
vt 0.286031 0.850564
vt 0.287078 0.848843
vt 0.288504 0.850619
vt 0.290061 0.852302
vt 0.292269 0.850923
vt 0.293150 0.852498
vt 0.291448 0.849295
vt 0.290883 0.847730
vt 0.286073 0.847128
vt 0.290652 0.846061
vt 0.285605 0.845346
vt 0.296755 0.848408
vt 0.296962 0.849889
vt 0.296700 0.846795
vt 0.302879 0.849070
vt 0.302941 0.850523
vt 0.302885 0.847474
vt 0.302915 0.845653
vt 0.296710 0.844988
vt 0.290585 0.844255
vt 0.296726 0.843280
vt 0.290575 0.842547
vt 0.308946 0.846214
vt 0.308915 0.848047
vt 0.314544 0.846640
vt 0.314497 0.848474
vt 0.320411 0.847005
vt 0.320349 0.848836
vt 0.314475 0.850070
vt 0.320319 0.850430
vt 0.308903 0.849646
vt 0.327193 0.849211
vt 0.327164 0.850805
vt 0.327252 0.847385
vt 0.334783 0.849569
vt 0.334758 0.851164
vt 0.334830 0.847747
vt 0.342901 0.848053
vt 0.342867 0.849874
vt 0.351862 0.848269
vt 0.351841 0.850090
vt 0.342849 0.851470
vt 0.351830 0.851687
vt 0.362099 0.851781
vt 0.362104 0.850182
vt 0.362114 0.848359
vt 0.373018 0.848376
vt 0.373017 0.850199
vt 0.373017 0.851799
vt 0.373017 0.853284
vt 0.362099 0.853265
vt 0.351827 0.853169
vt 0.362097 0.854794
vt 0.351823 0.854695
vt 0.373016 0.854813
vt 0.342846 0.852946
vt 0.342840 0.854466
vt 0.342823 0.856017
vt 0.351812 0.856252
vt 0.362092 0.856355
vt 0.334751 0.854144
vt 0.334756 0.852634
vt 0.334731 0.855682
vt 0.327142 0.855288
vt 0.327164 0.853766
vt 0.327166 0.852268
vt 0.320330 0.853372
vt 0.320327 0.851886
vt 0.320307 0.854877
vt 0.314498 0.852997
vt 0.314492 0.851522
vt 0.314471 0.854485
vt 0.314406 0.855969
vt 0.320253 0.856384
vt 0.327097 0.856817
vt 0.314312 0.857426
vt 0.320175 0.857866
vt 0.327034 0.858321
vt 0.308864 0.855516
vt 0.308933 0.854048
vt 0.308755 0.856947
vt 0.302948 0.854953
vt 0.303005 0.853490
vt 0.302831 0.856362
vt 0.308619 0.858312
vt 0.297714 0.855737
vt 0.297671 0.854375
vt 0.294347 0.855154
vt 0.294019 0.853904
vt 0.297485 0.852928
vt 0.291662 0.853737
vt 0.292578 0.854756
vt 0.297238 0.851414
vt 0.302999 0.852004
vt 0.308955 0.852569
vt 0.308935 0.851097
vt 0.334694 0.857230
vt 0.334644 0.858752
vt 0.342758 0.859113
vt 0.342795 0.857577
vt 0.351771 0.859366
vt 0.351794 0.857822
vt 0.362083 0.857927
vt 0.362073 0.859474
vt 0.373016 0.856375
vt 0.373016 0.857947
vt 0.373015 0.859494
vt 0.373015 0.860971
vt 0.383958 0.859479
vt 0.383968 0.860955
vt 0.383948 0.857932
vt 0.394260 0.859375
vt 0.394284 0.860849
vt 0.394238 0.857831
vt 0.383940 0.856359
vt 0.394220 0.856262
vt 0.403237 0.857591
vt 0.403209 0.856030
vt 0.403273 0.859127
vt 0.411338 0.857247
vt 0.411301 0.855700
vt 0.411387 0.858769
vt 0.403313 0.860595
vt 0.411444 0.860225
vt 0.418998 0.858341
vt 0.419071 0.859781
vt 0.418935 0.856837
vt 0.425921 0.857912
vt 0.426014 0.859333
vt 0.425779 0.856408
vt 0.419133 0.860863
vt 0.426093 0.860401
vt 0.411490 0.861317
vt 0.403345 0.861694
vt 0.403360 0.862166
vt 0.403368 0.862433
vt 0.394303 0.861953
vt 0.603786 0.870574
vt 0.383977 0.862060
vt 0.432005 0.859924
vt 0.431909 0.858872
vt 0.437505 0.858360
vt 0.431720 0.857452
vt 0.437368 0.856994
vt 0.443200 0.856394
vt 0.443488 0.857722
vt 0.448318 0.855772
vt 0.448657 0.857014
vt 0.451477 0.855203
vt 0.448361 0.854410
vt 0.452013 0.853940
vt 0.443084 0.854984
vt 0.443028 0.853522
vt 0.448548 0.852962
vt 0.452883 0.852535
vt 0.454659 0.853754
vt 0.455972 0.852341
vt 0.453454 0.854792
vt 0.457845 0.850635
vt 0.453765 0.850960
vt 0.454586 0.849333
vt 0.458957 0.848884
vt 0.455153 0.847768
vt 0.459963 0.847169
vt 0.460431 0.845387
vt 0.449073 0.849924
vt 0.443093 0.850554
vt 0.448795 0.851448
vt 0.443034 0.852035
vt 0.437079 0.852598
vt 0.437191 0.854097
vt 0.437099 0.851126
vt 0.437259 0.855564
vt 0.431535 0.853023
vt 0.431562 0.854511
vt 0.431626 0.855995
vt 0.425726 0.854900
vt 0.418890 0.855308
vt 0.425703 0.853396
vt 0.418869 0.853786
vt 0.411282 0.854161
vt 0.411277 0.852651
vt 0.418868 0.852288
vt 0.425707 0.851910
vt 0.403188 0.852960
vt 0.403193 0.854480
vt 0.394206 0.853178
vt 0.394210 0.854704
vt 0.383936 0.854799
vt 0.383935 0.853269
vt 0.383935 0.851786
vt 0.431542 0.851548
vt 0.296744 0.841903
vt 0.285436 0.843518
vt 0.285380 0.841807
vt 0.290587 0.841094
vt 0.285360 0.840271
vt 0.285413 0.838576
vt 0.290662 0.839447
vt 0.296804 0.840299
vt 0.296958 0.837865
vt 0.290844 0.837139
vt 0.297200 0.834354
vt 0.291155 0.833789
vt 0.285580 0.836399
vt 0.285913 0.833211
vt 0.286466 0.828534
vt 0.721311 0.863839
vt 0.724703 0.861799
vt 0.722058 0.864185
vt 0.717966 0.861619
vt 0.717396 0.861909
vt 0.717650 0.865866
vt 0.714744 0.866066
vt 0.714232 0.862360
vt 0.717710 0.866517
vt 0.714866 0.866792
vt 0.714111 0.861790
vt 0.717347 0.861192
vt 0.717039 0.860757
vt 0.713993 0.861384
vt 0.710430 0.862449
vt 0.710359 0.862022
vt 0.710517 0.863036
vt 0.704967 0.862797
vt 0.705018 0.863236
vt 0.705087 0.863841
vt 0.711099 0.866770
vt 0.705437 0.867616
vt 0.711230 0.867494
vt 0.705527 0.868322
vt 0.699231 0.868226
vt 0.699295 0.868913
vt 0.698958 0.864491
vt 0.693532 0.869320
vt 0.698900 0.863880
vt 0.698857 0.863438
vt 0.698779 0.862588
vt 0.704873 0.861954
vt 0.710230 0.861214
vt 0.704727 0.860454
vt 0.698653 0.861074
vt 0.558335 0.849107
vt 0.558374 0.847270
vt 0.552727 0.850377
vt 0.552417 0.848533
vt 0.552281 0.846599
vt 0.547495 0.848103
vt 0.547113 0.846010
vt 0.548187 0.850163
vt 0.544380 0.847940
vt 0.549298 0.852335
vt 0.546955 0.843742
vt 0.552258 0.844374
vt 0.552324 0.842043
vt 0.546995 0.841406
vt 0.552452 0.839731
vt 0.547167 0.839007
vt 0.558524 0.842744
vt 0.558439 0.845068
vt 0.558632 0.840500
vt 0.552651 0.837177
vt 0.547413 0.836413
vt 0.558783 0.837971
vt 0.550697 0.866483
vt 0.458265 0.818550
vt 0.453335 0.818796
vt 0.457318 0.812710
vt 0.452560 0.812824
vt 0.447217 0.812932
vt 0.447753 0.819033
vt 0.442182 0.813006
vt 0.442450 0.819200
vt 0.437211 0.819320
vt 0.437158 0.813057
vt 0.431817 0.819415
vt 0.431845 0.813096
vt 0.431871 0.806808
vt 0.437100 0.806825
vt 0.425947 0.806791
vt 0.425910 0.813129
vt 0.425871 0.819498
vt 0.419016 0.813163
vt 0.418978 0.819583
vt 0.425811 0.825140
vt 0.418922 0.825305
vt 0.425747 0.830632
vt 0.418864 0.830828
vt 0.411360 0.819662
vt 0.411316 0.825459
vt 0.411271 0.831014
vt 0.418809 0.835759
vt 0.411229 0.835974
vt 0.411190 0.840016
vt 0.403122 0.840256
vt 0.418759 0.839730
vt 0.411161 0.842962
vt 0.418724 0.842609
vt 0.418714 0.844320
vt 0.411151 0.844689
vt 0.425968 0.799741
vt 0.431881 0.799758
vt 0.453945 0.778044
vt 0.452837 0.773851
vt 0.451161 0.778104
vt 0.450206 0.774185
vt 0.449357 0.771442
vt 0.446363 0.771542
vt 0.445837 0.768517
vt 0.446889 0.774299
vt 0.443339 0.774279
vt 0.443118 0.771345
vt 0.443001 0.767816
vt 0.439950 0.767180
vt 0.439943 0.771098
vt 0.436313 0.770846
vt 0.436311 0.766654
vt 0.436483 0.762376
vt 0.436988 0.758851
vt 0.431813 0.761827
vt 0.432099 0.758114
vt 0.431711 0.766286
vt 0.426090 0.761518
vt 0.426181 0.757693
vt 0.426041 0.766065
vt 0.431699 0.770635
vt 0.426013 0.770489
vt 0.419192 0.765981
vt 0.419170 0.770430
vt 0.419214 0.761405
vt 0.411511 0.765966
vt 0.411501 0.770415
vt 0.411492 0.773891
vt 0.403347 0.765953
vt 0.403353 0.761377
vt 0.411521 0.761390
vt 0.411529 0.757532
vt 0.419231 0.757545
vt 0.419244 0.754710
vt 0.426272 0.754891
vt 0.419252 0.753212
vt 0.419255 0.752562
vt 0.432404 0.755412
vt 0.437531 0.756306
vt 0.394310 0.761365
vt 0.383993 0.761356
vt 0.373037 0.761351
vt 0.362082 0.761351
vt 0.447588 0.778121
vt 0.708014 0.750481
vt 0.704607 0.747806
vt 0.708371 0.750021
vt 0.711640 0.753278
vt 0.712032 0.752847
vt 0.706165 0.753268
vt 0.709208 0.755654
vt 0.705876 0.753772
vt 0.708858 0.756114
vt 0.711988 0.758336
vt 0.713959 0.755459
vt 0.708633 0.756526
vt 0.705692 0.754254
vt 0.708134 0.757455
vt 0.705290 0.755355
vt 0.704503 0.757455
vt 0.701451 0.756020
vt 0.707140 0.759219
vt 0.714341 0.755008
vt 0.724140 0.808545
vt 0.725133 0.814341
vt 0.725798 0.818916
vt 0.726470 0.824242
vt 0.726962 0.829199
vt 0.725868 0.829283
vt 0.726149 0.832738
vt 0.724117 0.833056
vt 0.727218 0.832590
vt 0.726375 0.835392
vt 0.724397 0.835844
vt 0.727403 0.835149
vt 0.727647 0.837668
vt 0.726643 0.837966
vt 0.692328 0.774366
vt 0.696999 0.774429
s 1
f 41/1/1 4/2/2 1/3/2 2/4/1
f 46/5/1 2/4/1 1/3/2 3/6/3
f 5/7/4 6/8/5 3/6/3 1/3/2
f 7/9/4 5/7/4 1/3/2 4/2/2
f 6/8/5 5/7/4 8/10/6 9/11/7
f 5/7/4 7/9/4 11/12/6 8/10/6
f 9/11/7 8/10/6 10/13/8 85/14/9
f 8/10/6 11/12/6 13/15/8 10/13/8
f 7/9/4 23/16/4 12/17/6 11/12/6
f 11/12/6 12/17/6 15/18/8 13/15/8
f 14/19/10 88/20/10 10/21/8 13/22/8
f 16/23/10 14/19/10 13/22/8 15/24/8
f 17/25/8 18/26/10 16/23/10 15/24/8
f 12/17/6 20/27/6 17/28/8 15/18/8
f 18/26/10 17/25/8 19/29/8 100/30/10
f 20/27/6 21/31/6 19/32/8 17/28/8
f 25/33/4 21/31/6 20/27/6 22/34/4
f 23/16/4 22/34/4 20/27/6 12/17/6
f 22/34/4 23/16/4 2280/35/2 24/36/2
f 25/33/4 22/34/4 24/36/2 27/37/2
f 25/33/4 26/38/11 105/39/12 21/31/6
f 26/38/11 25/33/4 27/37/2 28/40/13
f 30/41/1 28/40/13 27/37/2 29/42/1
f 32/43/1 29/42/1 27/37/2 24/36/2
f 220/44/14 30/41/1 29/42/1 31/45/14
f 29/42/1 32/43/1 34/46/14 31/45/14
f 33/47/1 32/43/1 24/36/2 2280/35/2
f 32/43/1 33/47/1 36/48/14 34/46/14
f 35/49/15 222/50/15 31/45/14 34/46/14
f 37/51/15 35/49/15 34/46/14 36/48/14
f 38/52/14 39/53/15 37/51/15 36/48/14
f 41/1/1 38/52/14 36/48/14 33/47/1
f 39/53/15 38/52/14 40/54/14 42/55/15
f 38/52/14 41/1/1 2/4/1 40/54/14
f 4/2/2 41/1/1 33/47/1 2280/35/2
f 44/56/15 42/55/15 40/54/14 43/57/14
f 2/4/1 46/5/1 43/57/14 40/54/14
f 257/58/15 44/56/15 43/57/14 45/59/16
f 46/5/1 47/60/17 45/59/16 43/57/14
f 47/60/17 46/5/1 3/6/3 48/61/18
f 49/62/19 47/60/17 48/61/18 50/63/20
f 47/60/17 49/62/19 52/64/16 45/59/16
f 51/65/21 49/62/19 50/63/20 2279/66/22
f 49/62/19 51/65/21 54/67/16 52/64/16
f 53/68/23 257/58/15 45/59/16 52/64/16
f 55/69/24 53/68/23 52/64/16 54/67/16
f 56/70/25 57/71/26 55/69/24 54/67/16
f 59/72/27 56/70/25 54/67/16 51/65/21
f 57/71/26 56/70/25 58/73/28 2252/74/29
f 56/70/25 59/72/27 61/75/30 58/73/28
f 60/76/31 59/72/27 51/65/21 2279/66/22
f 59/72/27 60/76/31 63/77/32 61/75/30
f 62/78/33 2246/79/34 58/73/28 61/75/30
f 64/80/35 62/78/33 61/75/30 63/77/32
f 65/81/36 66/82/37 64/80/35 63/77/32
f 68/83/38 65/81/36 63/77/32 60/76/31
f 65/81/36 67/84/39 2236/85/40 66/82/37
f 65/81/36 68/83/38 70/86/41 67/84/39
f 69/87/42 68/83/38 60/76/31 2279/66/22
f 68/83/38 69/87/42 71/88/43 70/86/41
f 70/86/41 71/88/43 75/89/44 72/90/45
f 67/84/39 70/86/41 72/90/45 73/91/46
f 74/92/47 544/93/48 73/94/46 72/95/45
f 76/96/49 74/92/47 72/95/45 75/97/44
f 77/98/50 78/99/51 76/96/49 75/97/44
f 71/88/43 80/100/52 77/101/50 75/89/44
f 78/99/51 77/98/50 79/102/53 84/103/54
f 80/100/52 81/104/55 79/105/53 77/101/50
f 82/106/56 83/107/57 81/104/55 80/100/52
f 69/87/42 82/106/56 80/100/52 71/88/43
f 82/106/56 69/87/42 2279/66/22 50/63/20
f 83/107/57 82/106/56 50/63/20 48/61/18
f 6/8/5 9/11/7 81/104/55 83/107/57
f 6/8/5 83/107/57 48/61/18 3/6/3
f 81/104/55 9/11/7 85/14/9 79/105/53
f 85/108/9 86/109/10 84/103/54 79/102/53
f 86/109/10 85/108/9 10/21/8 88/20/10
f 87/110/58 86/109/10 88/20/10 89/111/58
f 86/109/10 87/110/58 550/112/58 84/103/54
f 88/20/10 14/19/10 91/113/58 89/111/58
f 553/114/59 87/110/58 89/111/58 90/115/59
f 92/116/59 90/115/59 89/111/58 91/113/58
f 94/117/59 92/116/59 91/113/58 93/118/58
f 14/19/10 16/23/10 93/118/58 91/113/58
f 95/119/58 96/120/59 94/117/59 93/118/58
f 18/26/10 95/119/58 93/118/58 16/23/10
f 96/120/59 95/119/58 97/121/58 98/122/59
f 95/119/58 18/26/10 100/30/10 97/121/58
f 2219/123/59 98/122/59 97/121/58 99/124/58
f 100/30/10 101/125/10 99/124/58 97/121/58
f 101/125/10 100/30/10 19/29/8 103/126/60
f 102/127/10 101/125/10 103/126/60 104/128/61
f 101/125/10 102/127/10 2212/129/58 99/124/58
f 21/31/6 105/39/12 103/130/60 19/32/8
f 105/39/12 106/131/62 104/132/61 103/130/60
f 26/38/11 108/133/63 106/131/62 105/39/12
f 106/131/62 107/134/64 2216/135/65 104/132/61
f 108/133/63 110/136/66 107/134/64 106/131/62
f 108/133/63 26/38/11 28/40/13 109/137/67
f 110/136/66 108/133/63 109/137/67 111/138/68
f 112/139/69 110/136/66 111/138/68 113/140/70
f 110/136/66 112/139/69 115/141/71 107/134/64
f 114/142/72 112/139/69 113/140/70 206/143/73
f 112/139/69 114/142/72 117/144/74 115/141/71
f 107/134/64 115/141/71 116/145/75 2216/135/65
f 115/141/71 117/144/74 119/146/76 116/145/75
f 117/144/74 118/147/77 121/148/78 119/146/76
f 114/142/72 207/149/79 118/147/77 117/144/74
f 119/150/76 120/151/80 2215/152/81 116/153/75
f 120/151/80 119/150/76 121/154/78 122/155/82
f 123/156/83 124/157/84 122/155/82 121/154/78
f 118/147/77 126/158/85 123/159/83 121/148/78
f 124/157/84 123/156/83 125/160/86 145/161/87
f 126/158/85 128/162/88 125/163/86 123/159/83
f 127/164/89 130/165/90 128/162/88 126/158/85
f 127/164/89 126/158/85 118/147/77 207/149/79
f 128/162/88 129/166/91 142/167/92 125/163/86
f 130/165/90 132/168/93 129/166/91 128/162/88
f 130/165/90 127/164/89 204/169/94 131/170/95
f 132/168/93 130/165/90 131/170/95 133/171/96
f 134/172/97 132/168/93 133/171/96 136/173/98
f 132/168/93 134/172/97 137/174/99 129/166/91
f 134/175/97 135/176/100 138/177/101 137/178/99
f 135/176/100 134/175/97 136/173/98 191/179/102
f 137/178/99 138/177/101 141/180/103 139/181/104
f 129/166/91 137/174/99 139/182/104 142/167/92
f 143/183/105 142/184/92 139/185/104 140/186/106
f 141/187/103 159/188/107 140/186/106 139/185/104
f 142/184/92 143/183/105 145/161/87 125/160/86
f 144/189/108 143/183/105 140/186/106 156/190/109
f 143/183/105 144/189/108 146/191/110 145/161/87
f 147/192/111 124/157/84 145/161/87 146/191/110
f 148/193/112 149/194/113 147/192/111 146/191/110
f 144/189/108 151/195/114 148/193/112 146/191/110
f 149/194/113 148/193/112 150/196/115 2187/197/116
f 151/195/114 152/198/117 150/196/115 148/193/112
f 152/198/117 151/195/114 153/199/118 155/200/119
f 151/195/114 144/189/108 156/190/109 153/199/118
f 154/201/120 153/199/118 156/190/109 157/202/121
f 153/199/118 154/201/120 2178/203/122 155/200/119
f 159/188/107 157/202/121 156/190/109 140/186/106
f 2176/204/123 154/201/120 157/202/121 158/205/124
f 157/202/121 159/188/107 160/206/125 158/205/124
f 159/188/107 141/187/103 161/207/126 160/206/125
f 162/208/127 160/206/125 161/207/126 165/209/128
f 160/206/125 162/208/127 164/210/129 158/205/124
f 163/211/130 162/208/127 165/209/128 166/212/131
f 162/208/127 163/211/130 2171/213/132 164/210/129
f 169/214/133 167/215/134 165/216/128 161/217/126
f 167/215/134 168/218/135 166/219/131 165/216/128
f 170/220/136 173/221/137 168/218/135 167/215/134
f 171/222/138 170/220/136 167/215/134 169/214/133
f 170/220/136 171/222/138 192/223/139 172/224/140
f 173/221/137 170/220/136 172/224/140 175/225/141
f 173/221/137 174/226/142 750/227/143 168/218/135
f 174/226/142 173/221/137 175/225/141 176/228/144
f 178/229/145 176/228/144 175/225/141 177/230/146
f 172/224/140 180/231/147 177/230/146 175/225/141
f 905/232/148 178/229/145 177/230/146 179/233/149
f 180/231/147 182/234/150 179/233/149 177/230/146
f 180/231/147 172/224/140 192/223/139 181/235/151
f 182/234/150 180/231/147 181/235/151 184/236/152
f 183/237/153 907/238/154 179/233/149 182/234/150
f 185/239/155 183/237/153 182/234/150 184/236/152
f 186/240/156 187/241/157 185/239/155 184/236/152
f 181/235/151 189/242/158 186/240/156 184/236/152
f 187/241/157 186/240/156 188/243/159 996/244/160
f 189/242/158 190/245/161 188/243/159 186/240/156
f 190/245/161 189/242/158 191/179/102 136/173/98
f 189/242/158 181/235/151 192/223/139 191/179/102
f 171/222/138 135/176/100 191/179/102 192/223/139
f 190/245/161 193/246/162 195/247/163 188/243/159
f 193/246/162 190/245/161 136/173/98 133/171/96
f 194/248/164 193/246/162 133/171/96 131/170/95
f 193/246/162 194/248/164 197/249/165 195/247/163
f 196/250/166 996/244/160 188/243/159 195/247/163
f 198/251/167 196/250/166 195/247/163 197/249/165
f 199/252/34 200/253/168 198/251/167 197/249/165
f 194/248/164 202/254/169 199/252/34 197/249/165
f 200/253/168 199/252/34 201/255/170 976/256/171
f 202/254/169 203/257/172 201/255/170 199/252/34
f 203/257/172 202/254/169 204/169/94 205/258/173
f 202/254/169 194/248/164 131/170/95 204/169/94
f 127/164/89 207/149/79 205/258/173 204/169/94
f 208/259/174 203/257/172 205/258/173 206/143/73
f 207/149/79 114/142/72 206/143/73 205/258/173
f 209/260/175 208/259/174 206/143/73 113/140/70
f 208/259/174 209/260/175 212/261/16 210/262/176
f 203/257/172 208/259/174 210/262/176 201/255/170
f 211/263/26 976/256/171 201/255/170 210/262/176
f 213/264/177 211/263/26 210/262/176 212/261/16
f 214/265/16 215/266/178 213/264/177 212/261/16
f 217/267/179 214/265/16 212/261/16 209/260/175
f 215/266/178 214/265/16 216/268/16 219/269/15
f 214/265/16 217/267/179 218/270/180 216/268/16
f 111/138/68 217/267/179 209/260/175 113/140/70
f 217/267/179 111/138/68 109/137/67 218/270/180
f 30/41/1 220/44/14 216/268/16 218/270/180
f 28/40/13 30/41/1 218/270/180 109/137/67
f 220/44/14 221/271/15 219/269/15 216/268/16
f 221/271/15 220/44/14 31/45/14 222/50/15
f 223/272/181 221/271/15 222/50/15 224/273/181
f 221/271/15 223/272/181 225/274/181 219/269/15
f 226/275/182 223/272/181 224/273/181 229/276/182
f 223/272/181 226/275/182 228/277/182 225/274/181
f 227/278/183 226/275/182 229/276/182 230/279/183
f 226/275/182 227/278/183 998/280/183 228/277/182
f 231/281/182 232/282/183 230/279/183 229/276/182
f 233/283/181 231/281/182 229/276/182 224/273/181
f 232/282/183 231/281/182 234/284/182 236/285/183
f 231/281/182 233/283/181 237/286/181 234/284/182
f 235/287/182 234/284/182 237/286/181 238/288/181
f 234/284/182 235/287/182 1143/289/183 236/285/183
f 39/53/15 238/288/181 237/286/181 37/51/15
f 35/49/15 37/51/15 237/286/181 233/283/181
f 241/290/182 235/287/182 238/288/181 239/291/181
f 238/288/181 39/53/15 42/55/15 239/291/181
f 243/292/182 241/290/182 239/291/181 240/293/181
f 42/55/15 44/56/15 240/293/181 239/291/181
f 235/287/182 241/290/182 242/294/183 1143/289/183
f 241/290/182 243/292/182 245/295/183 242/294/183
f 244/296/182 243/292/182 240/293/181 256/297/181
f 243/292/182 244/296/182 247/298/183 245/295/183
f 246/299/184 1144/300/184 242/294/183 245/295/183
f 248/301/184 246/299/184 245/295/183 247/298/183
f 250/302/185 248/301/184 247/298/183 249/303/186
f 244/296/182 252/304/187 249/303/186 247/298/183
f 2275/305/188 250/302/185 249/303/186 251/306/189
f 252/304/187 253/307/190 251/306/189 249/303/186
f 253/307/190 252/304/187 254/308/191 255/309/192
f 252/304/187 244/296/182 256/297/181 254/308/191
f 53/68/23 55/69/24 255/309/192 254/308/191
f 257/58/15 53/68/23 254/308/191 256/297/181
f 44/56/15 257/58/15 256/297/181 240/293/181
f 57/71/26 258/310/193 255/309/192 55/69/24
f 258/310/193 260/311/194 253/307/190 255/309/192
f 258/310/193 57/71/26 2252/74/29 259/312/195
f 260/311/194 258/310/193 259/312/195 261/313/196
f 262/314/197 260/311/194 261/313/196 264/315/198
f 260/311/194 262/314/197 251/306/189 253/307/190
f 262/314/197 263/316/199 2275/305/188 251/306/189
f 263/316/199 262/314/197 264/315/198 265/317/200
f 266/318/201 267/319/202 265/317/200 264/315/198
f 269/320/203 266/318/201 264/315/198 261/313/196
f 267/319/202 266/318/201 268/321/204 288/322/205
f 266/318/201 269/320/203 271/323/206 268/321/204
f 270/324/207 269/320/203 261/313/196 259/312/195
f 269/320/203 270/324/207 272/325/208 271/323/206
f 274/326/209 273/327/210 271/323/206 272/325/208
f 273/327/210 276/328/211 268/321/204 271/323/206
f 273/327/210 274/326/209 2251/329/212 275/330/213
f 276/328/211 273/327/210 275/330/213 278/331/214
f 277/332/215 276/328/211 278/331/214 280/333/216
f 276/328/211 277/332/215 288/322/205 268/321/204
f 281/334/217 280/333/216 278/331/214 279/335/218
f 495/336/219 279/335/218 278/331/214 275/330/213
f 280/333/216 281/334/217 284/337/220 282/338/221
f 285/339/222 277/332/215 280/333/216 282/338/221
f 286/340/223 285/339/222 282/338/221 283/341/224
f 284/337/220 480/342/225 283/341/224 282/338/221
f 285/339/222 286/340/223 290/343/226 287/344/227
f 277/332/215 285/339/222 287/344/227 288/322/205
f 289/345/228 267/319/202 288/322/205 287/344/227
f 291/346/229 289/345/228 287/344/227 290/343/226
f 290/343/226 292/347/230 295/348/231 291/346/229
f 292/347/230 290/343/226 286/340/223 293/349/232
f 294/350/233 292/347/230 293/349/232 483/351/234
f 292/347/230 294/350/233 296/352/235 295/348/231
f 295/348/231 296/352/235 300/353/236 297/354/237
f 291/346/229 295/348/231 297/354/237 298/355/238
f 299/356/239 2278/357/240 298/355/238 297/354/237
f 302/358/241 299/356/239 297/354/237 300/353/236
f 301/359/242 303/360/243 302/358/241 300/353/236
f 296/352/235 349/361/244 301/359/242 300/353/236
f 303/360/243 306/362/245 304/363/246 302/358/241
f 307/364/239 299/356/239 302/358/241 304/363/246
f 304/363/246 305/365/247 309/366/248 307/364/239
f 305/365/247 304/363/246 306/362/245 327/367/249
f 307/364/239 309/366/248 311/368/250 308/369/251
f 307/364/239 308/369/251 2278/357/240 299/356/239
f 309/366/248 310/370/252 312/371/250 311/368/250
f 305/365/247 325/372/253 310/370/252 309/366/248
f 311/368/250 312/371/250 315/373/254 313/374/255
f 308/369/251 311/368/250 313/374/255 314/375/256
f 250/302/185 2275/305/188 314/375/256 313/374/255
f 248/301/184 250/302/185 313/374/255 315/373/254
f 246/299/184 248/301/184 315/373/254 316/376/254
f 312/371/250 318/377/257 316/376/254 315/373/254
f 1144/300/184 246/299/184 316/376/254 317/378/254
f 318/377/257 319/379/257 317/378/254 316/376/254
f 320/380/258 321/381/259 319/379/257 318/377/257
f 310/370/252 320/380/258 318/377/257 312/371/250
f 322/382/260 323/383/261 321/381/259 320/380/258
f 325/372/253 322/382/260 320/380/258 310/370/252
f 323/383/261 322/382/260 324/384/262 1148/385/263
f 322/382/260 325/372/253 326/386/264 324/384/262
f 325/372/253 305/365/247 327/367/249 326/386/264
f 324/384/262 326/386/264 328/387/265 329/388/266
f 326/386/264 327/367/249 330/389/267 328/387/265
f 329/388/266 328/387/265 331/390/268 332/391/269
f 328/387/265 330/389/267 334/392/270 331/390/268
f 332/391/269 331/390/268 333/393/271 1153/394/272
f 331/390/268 334/392/270 336/395/273 333/393/271
f 330/389/267 347/396/274 335/397/275 334/392/270
f 334/392/270 335/397/275 338/398/276 336/395/273
f 337/399/277 1155/400/278 333/393/271 336/395/273
f 339/401/279 337/399/277 336/395/273 338/398/276
f 341/402/280 339/401/279 338/398/276 340/403/281
f 335/397/275 343/404/282 340/403/281 338/398/276
f 2167/405/283 341/402/280 340/403/281 342/406/284
f 343/404/282 344/407/285 342/406/284 340/403/281
f 345/408/286 346/409/287 344/407/285 343/404/282
f 347/396/274 345/408/286 343/404/282 335/397/275
f 303/360/243 301/359/242 346/409/287 345/408/286
f 306/362/245 303/360/243 345/408/286 347/396/274
f 327/367/249 306/362/245 347/396/274 330/389/267
f 346/409/287 301/359/242 349/361/244 348/410/288
f 344/407/285 346/409/287 348/410/288 351/411/289
f 348/410/288 349/361/244 2274/412/290 350/413/291
f 351/411/289 348/410/288 350/413/291 353/414/292
f 351/411/289 352/415/293 342/406/284 344/407/285
f 352/415/293 351/411/289 353/414/292 354/416/294
f 353/414/292 355/417/295 357/418/296 354/416/294
f 353/414/292 350/413/291 358/419/297 355/417/295
f 355/417/295 358/419/297 360/420/298 356/421/299
f 355/417/295 356/421/299 370/422/300 357/418/296
f 358/419/297 359/423/301 361/424/302 360/420/298
f 350/413/291 2274/412/290 359/423/301 358/419/297
f 360/420/298 361/424/302 363/425/303 362/426/304
f 356/421/299 360/420/298 362/426/304 365/427/305
f 362/426/304 363/425/303 475/428/306 364/429/307
f 365/427/305 362/426/304 364/429/307 366/430/308
f 365/427/305 366/430/308 369/431/309 367/432/310
f 356/421/299 365/427/305 367/432/310 370/422/300
f 367/432/310 368/433/311 371/434/312 370/422/300
f 368/433/311 367/432/310 369/431/309 2259/435/313
f 373/436/314 357/418/296 370/422/300 371/434/312
f 374/437/315 373/436/314 371/434/312 372/438/316
f 368/433/311 2261/439/317 372/438/316 371/434/312
f 373/436/314 374/437/315 377/440/318 375/441/319
f 357/418/296 373/436/314 375/441/319 354/416/294
f 376/442/320 352/415/293 354/416/294 375/441/319
f 378/443/321 376/442/320 375/441/319 377/440/318
f 379/444/322 380/445/323 378/443/321 377/440/318
f 382/446/324 379/444/322 377/440/318 374/437/315
f 380/445/323 379/444/322 381/447/325 1173/448/326
f 379/444/322 382/446/324 384/449/327 381/447/325
f 383/450/328 382/446/324 374/437/315 372/438/316
f 382/446/324 383/450/328 385/451/329 384/449/327
f 388/452/330 386/453/331 384/449/327 385/451/329
f 386/453/331 387/454/332 381/447/325 384/449/327
f 387/454/332 386/453/331 389/455/333 390/456/334
f 386/453/331 388/452/330 392/457/335 389/455/333
f 391/458/336 1317/459/337 390/456/334 389/455/333
f 394/460/338 391/458/336 389/455/333 392/457/335
f 396/461/339 394/460/338 392/457/335 393/462/340
f 2269/463/341 393/462/340 392/457/335 388/452/330
f 391/458/336 394/460/338 395/464/342 1315/465/343
f 394/460/338 396/461/339 398/466/344 395/464/342
f 397/467/345 396/461/339 393/462/340 2270/468/346
f 396/461/339 397/467/345 400/469/347 398/466/344
f 399/470/348 1313/471/349 395/464/342 398/466/344
f 401/472/350 399/470/348 398/466/344 400/469/347
f 403/473/351 401/472/350 400/469/347 402/474/352
f 397/467/345 405/475/353 402/474/352 400/469/347
f 1343/476/354 403/473/351 402/474/352 404/477/355
f 405/475/353 407/478/356 404/477/355 402/474/352
f 405/475/353 397/467/345 2270/468/346 406/479/357
f 407/478/356 405/475/353 406/479/357 408/480/358
f 411/481/359 409/482/360 407/478/356 408/480/358
f 409/483/360 410/484/361 404/477/355 407/478/356
f 410/484/361 409/483/360 412/485/362 413/486/363
f 411/481/359 414/487/364 412/488/362 409/482/360
f 413/486/363 412/485/362 415/489/365 416/490/366
f 412/488/362 414/487/364 418/491/367 415/492/365
f 417/493/368 1344/494/369 416/495/366 415/496/365
f 419/497/370 417/493/368 415/496/365 418/498/367
f 421/499/371 419/497/370 418/498/367 420/500/372
f 414/487/364 423/501/373 420/502/372 418/491/367
f 1359/503/374 421/499/371 420/500/372 422/504/375
f 423/501/373 424/505/376 422/506/375 420/502/372
f 425/507/377 427/508/378 424/505/376 423/501/373
f 411/481/359 425/507/377 423/501/373 414/487/364
f 425/507/377 411/481/359 408/480/358 426/509/379
f 427/508/378 425/507/377 426/509/379 428/510/380
f 429/511/381 427/508/378 428/510/380 430/512/382
f 429/511/381 432/513/383 424/505/376 427/508/378
f 431/514/384 429/511/381 430/512/382 2272/515/385
f 431/514/384 433/516/386 432/513/383 429/511/381
f 424/505/376 432/513/383 434/517/387 422/506/375
f 432/513/383 433/516/386 436/518/388 434/517/387
f 435/519/389 1359/503/374 422/504/375 434/520/387
f 437/521/390 435/519/389 434/520/387 436/522/388
f 438/523/391 439/524/392 437/521/390 436/522/388
f 433/516/386 441/525/393 438/526/391 436/518/388
f 439/524/392 438/523/391 440/527/394 1368/528/395
f 441/525/393 442/529/396 440/530/394 438/526/391
f 445/531/397 442/529/396 441/525/393 443/532/398
f 443/532/398 441/525/393 433/516/386 431/514/384
f 443/532/398 431/514/384 2272/515/385 444/533/399
f 445/531/397 443/532/398 444/533/399 446/534/400
f 447/535/401 445/531/397 446/534/400 448/536/402
f 447/535/401 450/537/403 442/529/396 445/531/397
f 448/536/402 2254/538/404 449/539/405 447/535/401
f 447/535/401 449/539/405 452/540/406 450/537/403
f 442/529/396 450/537/403 451/541/407 440/530/394
f 452/540/406 454/542/408 451/541/407 450/537/403
f 453/543/409 456/544/410 454/542/408 452/540/406
f 449/539/405 2273/545/411 453/543/409 452/540/406
f 454/546/408 455/547/412 1369/548/413 451/549/407
f 456/550/410 457/551/414 455/547/412 454/546/408
f 457/551/414 456/550/410 458/552/415 459/553/416
f 456/544/410 453/543/409 461/554/417 458/555/415
f 460/556/418 1379/557/419 459/553/416 458/552/415
f 463/558/420 460/559/418 458/555/415 461/554/417
f 462/560/421 465/561/422 463/558/420 461/554/417
f 453/543/409 2273/545/411 462/560/421 461/554/417
f 464/562/423 515/563/424 460/559/418 463/558/420
f 465/561/422 466/564/425 464/562/423 463/558/420
f 467/565/426 468/566/427 466/564/425 465/561/422
f 470/567/428 467/565/426 465/561/422 462/560/421
f 469/568/429 485/569/430 468/566/427 467/565/426
f 472/570/431 469/568/429 467/565/426 470/567/428
f 462/560/421 2273/545/411 471/571/432 470/567/428
f 470/567/428 471/571/432 473/572/433 472/570/431
f 472/570/431 473/572/433 475/428/306 474/573/434
f 474/573/434 477/574/435 469/568/429 472/570/431
f 474/573/434 475/428/306 363/425/303 476/575/436
f 476/575/436 479/576/437 477/574/435 474/573/434
f 477/574/435 478/577/438 485/569/430 469/568/429
f 479/576/437 480/342/225 478/577/438 477/574/435
f 481/578/439 283/341/224 480/342/225 479/576/437
f 482/579/440 481/578/439 479/576/437 476/575/436
f 293/349/232 286/340/223 283/341/224 481/578/439
f 483/351/234 293/349/232 481/578/439 482/579/440
f 482/579/440 361/424/302 359/423/301 483/351/234
f 476/575/436 363/425/303 361/424/302 482/579/440
f 483/351/234 359/423/301 2274/412/290 294/350/233
f 480/342/225 284/337/220 484/580/441 478/577/438
f 486/581/442 485/569/430 478/577/438 484/580/441
f 485/569/430 486/581/442 487/582/443 468/566/427
f 486/581/442 488/583/444 490/584/445 487/582/443
f 488/583/444 486/581/442 484/580/441 491/585/446
f 489/586/447 488/583/444 491/585/446 492/587/448
f 488/583/444 489/586/447 500/588/449 490/584/445
f 491/585/446 281/334/217 279/335/218 492/587/448
f 281/334/217 491/585/446 484/580/441 284/337/220
f 493/589/450 496/590/451 489/586/447 492/587/448
f 279/335/218 495/336/219 493/589/450 492/587/448
f 496/590/451 493/589/450 494/591/452 497/592/453
f 495/336/219 2250/593/454 494/591/452 493/589/450
f 498/594/455 496/590/451 497/592/453 499/595/456
f 496/590/451 498/594/455 500/588/449 489/586/447
f 503/596/457 501/597/458 498/594/455 499/595/456
f 501/597/458 502/598/459 500/588/449 498/594/455
f 502/598/459 501/597/458 504/599/460 507/600/461
f 501/597/458 503/596/457 505/601/462 504/599/460
f 504/599/460 505/601/462 531/602/463 506/603/464
f 507/600/461 504/599/460 506/603/464 508/604/465
f 509/605/466 507/600/461 508/604/465 510/606/467
f 512/607/468 502/598/459 507/600/461 509/605/466
f 511/608/469 509/605/466 510/606/467 514/609/470
f 513/610/471 512/607/468 509/605/466 511/608/469
f 512/607/468 513/610/471 487/582/443 490/584/445
f 502/598/459 512/607/468 490/584/445 500/588/449
f 513/610/471 511/608/469 464/562/423 466/564/425
f 513/610/471 466/564/425 468/566/427 487/582/443
f 464/562/423 511/608/469 514/609/470 515/563/424
f 517/611/472 515/612/424 514/613/470 516/614/473
f 510/615/467 519/616/474 516/614/473 514/613/470
f 1380/617/475 517/611/472 516/614/473 518/618/476
f 519/616/474 520/619/477 518/618/476 516/614/473
f 520/619/477 519/616/474 521/620/478 523/621/479
f 519/616/474 510/615/467 508/622/465 521/620/478
f 521/620/478 522/623/480 525/624/481 523/621/479
f 522/623/480 521/620/478 508/622/465 506/625/464
f 524/626/482 586/627/483 520/619/477 523/621/479
f 525/624/481 526/628/484 524/626/482 523/621/479
f 526/628/484 525/624/481 527/629/485 528/630/486
f 522/623/480 530/631/487 527/629/485 525/624/481
f 582/632/488 528/630/486 527/629/485 529/633/489
f 530/631/487 532/634/490 529/633/489 527/629/485
f 530/631/487 522/623/480 506/625/464 531/635/463
f 532/634/490 530/631/487 531/635/463 533/636/491
f 534/637/492 532/634/490 533/636/491 536/638/493
f 532/634/490 534/637/492 537/639/494 529/633/489
f 534/637/492 535/640/495 539/641/496 537/639/494
f 535/640/495 534/637/492 536/638/493 2234/642/497
f 538/643/498 582/632/488 529/633/489 537/639/494
f 539/641/496 540/644/499 538/643/498 537/639/494
f 540/644/499 539/641/496 541/645/500 542/646/501
f 535/640/495 544/93/48 541/645/500 539/641/496
f 545/647/502 542/646/501 541/645/500 543/648/503
f 544/93/48 74/92/47 543/648/503 541/645/500
f 544/93/48 535/640/495 2234/642/497 73/94/46
f 547/649/504 545/647/502 543/648/503 546/650/58
f 74/92/47 76/96/49 546/650/58 543/648/503
f 548/651/58 549/652/505 547/649/504 546/650/58
f 78/99/51 548/651/58 546/650/58 76/96/49
f 549/652/505 548/651/58 550/112/58 551/653/59
f 548/651/58 78/99/51 84/103/54 550/112/58
f 87/110/58 553/114/59 551/653/59 550/112/58
f 562/654/506 549/652/505 551/653/59 552/655/507
f 553/114/59 554/656/507 552/655/507 551/653/59
f 554/656/507 553/114/59 90/115/59 555/657/507
f 554/656/507 556/658/508 559/659/508 552/655/507
f 556/658/508 554/656/507 555/657/507 557/660/508
f 558/661/509 556/658/508 557/660/508 619/662/509
f 556/658/508 558/661/509 560/663/509 559/659/508
f 563/664/510 561/665/511 559/659/508 560/663/509
f 561/665/511 562/654/506 552/655/507 559/659/508
f 562/654/506 561/665/511 564/666/512 566/667/513
f 561/665/511 563/664/510 565/668/514 564/666/512
f 567/669/515 564/666/512 565/668/514 568/670/516
f 564/666/512 567/669/515 570/671/517 566/667/513
f 569/672/518 567/669/515 568/670/516 2233/673/519
f 567/669/515 569/672/518 571/674/520 570/671/517
f 545/647/502 547/649/504 566/667/513 570/671/517
f 542/646/501 545/647/502 570/671/517 571/674/520
f 572/675/521 540/644/499 542/646/501 571/674/520
f 569/672/518 574/676/522 572/675/521 571/674/520
f 540/644/499 572/675/521 573/677/523 538/643/498
f 574/676/522 576/678/524 573/677/523 572/675/521
f 574/676/522 569/672/518 2233/673/519 575/679/525
f 576/678/524 574/676/522 575/679/525 577/680/526
f 578/681/527 576/678/524 577/680/526 579/682/528
f 576/678/524 578/681/527 581/683/529 573/677/523
f 580/684/530 578/681/527 579/682/528 584/685/531
f 578/681/527 580/684/530 583/686/532 581/683/529
f 582/632/488 538/643/498 573/677/523 581/683/529
f 528/630/486 582/632/488 581/683/529 583/686/532
f 580/684/530 526/628/484 528/630/486 583/686/532
f 526/628/484 580/684/530 584/685/531 524/626/482
f 586/627/483 524/626/482 584/685/531 585/687/533
f 588/688/534 585/687/533 584/685/531 579/682/528
f 1382/689/535 586/627/483 585/687/533 587/690/536
f 585/687/533 588/688/534 590/691/537 587/690/536
f 589/692/538 588/688/534 579/682/528 577/680/526
f 588/688/534 589/692/538 592/693/539 590/691/537
f 591/694/540 1383/695/541 587/690/536 590/691/537
f 594/696/542 591/694/540 590/691/537 592/693/539
f 595/697/543 594/696/542 592/693/539 593/698/544
f 589/692/538 2232/699/545 593/698/544 592/693/539
f 599/700/546 596/701/547 594/696/542 595/697/543
f 596/701/547 597/702/548 591/694/540 594/696/542
f 597/702/548 596/701/547 598/703/549 1387/704/550
f 600/705/551 598/703/549 596/701/547 599/700/546
f 603/706/552 600/705/551 599/700/546 601/707/553
f 601/707/553 599/700/546 595/697/543 604/708/554
f 602/709/555 601/707/553 604/708/554 605/710/556
f 601/707/553 602/709/555 1435/711/557 603/706/552
f 605/710/556 604/708/554 606/712/558 608/713/559
f 604/708/554 595/697/543 593/698/544 606/712/558
f 607/714/560 610/715/561 608/713/559 606/712/558
f 2232/699/545 607/714/560 606/712/558 593/698/544
f 1433/716/562 605/710/556 608/713/559 609/717/563
f 610/715/561 611/718/564 609/717/563 608/713/559
f 611/718/564 610/715/561 568/670/516 565/668/514
f 610/715/561 607/714/560 2233/673/519 568/670/516
f 612/719/565 613/720/566 609/717/563 611/718/564
f 563/664/510 612/719/565 611/718/564 565/668/514
f 613/720/566 612/719/565 614/721/567 615/722/568
f 612/719/565 563/664/510 560/663/509 614/721/567
f 616/723/567 617/724/568 615/722/568 614/721/567
f 558/661/509 616/723/567 614/721/567 560/663/509
f 617/724/568 616/723/567 618/725/567 620/726/568
f 616/723/567 558/661/509 619/662/509 618/725/567
f 621/727/567 618/725/567 619/662/509 624/728/509
f 618/725/567 621/727/567 623/729/568 620/726/568
f 622/730/567 621/727/567 624/728/509 626/731/509
f 621/727/567 622/730/567 650/732/568 623/729/568
f 625/733/508 624/728/509 619/662/509 557/660/508
f 624/728/509 625/733/508 627/734/508 626/731/509
f 627/734/508 630/735/508 628/736/509 626/731/509
f 628/736/509 631/737/567 622/730/567 626/731/509
f 631/737/567 628/736/509 629/738/509 633/739/567
f 630/735/508 2222/740/508 629/738/509 628/736/509
f 632/741/568 631/737/567 633/739/567 635/742/568
f 631/737/567 632/741/568 650/732/568 622/730/567
f 634/743/567 633/739/567 629/738/509 2202/744/509
f 633/739/567 634/743/567 636/745/568 635/742/568
f 638/746/569 637/747/569 635/742/568 636/745/568
f 639/748/570 632/741/568 635/742/568 637/747/569
f 642/749/571 640/750/571 637/747/569 638/746/569
f 640/750/571 643/751/571 639/748/570 637/747/569
f 641/752/572 644/753/572 643/751/571 640/750/571
f 699/754/573 641/752/572 640/750/571 642/749/571
f 644/753/572 647/755/572 645/756/571 643/751/571
f 643/751/571 645/756/571 648/757/570 639/748/570
f 645/756/571 646/758/571 649/759/570 648/757/570
f 647/755/572 658/760/572 646/758/571 645/756/571
f 648/757/570 649/759/570 623/729/568 650/732/568
f 632/741/568 639/748/570 648/757/570 650/732/568
f 646/758/571 653/761/571 651/762/569 649/759/570
f 649/759/570 651/762/569 620/726/568 623/729/568
f 652/763/569 617/724/568 620/726/568 651/762/569
f 653/761/571 654/764/571 652/763/569 651/762/569
f 655/765/574 656/766/575 654/764/571 653/761/571
f 658/760/572 655/765/574 653/761/571 646/758/571
f 656/766/575 655/765/574 657/767/576 1424/768/577
f 659/769/578 657/767/576 655/765/574 658/760/572
f 660/770/578 659/769/578 658/760/572 647/755/572
f 659/769/578 660/770/578 662/771/579 661/772/579
f 657/767/576 659/769/578 661/772/579 663/773/580
f 661/772/579 662/771/579 665/774/581 664/775/582
f 663/773/580 661/772/579 664/775/582 667/776/583
f 664/775/582 665/774/581 2231/777/584 666/778/585
f 667/776/583 664/775/582 666/778/585 669/779/586
f 668/780/587 1423/781/588 663/773/580 667/776/583
f 670/782/589 668/780/587 667/776/583 669/779/586
f 672/783/590 670/782/589 669/779/586 671/784/591
f 674/785/592 671/784/591 669/779/586 666/778/585
f 2163/786/593 672/783/590 671/784/591 673/787/594
f 671/784/591 674/785/592 676/788/595 673/787/594
f 675/789/596 674/785/592 666/778/585 2231/777/584
f 674/785/592 675/789/596 678/790/597 676/788/595
f 677/791/598 2161/792/599 673/787/594 676/788/595
f 679/793/600 677/791/598 676/788/595 678/790/597
f 680/794/601 681/795/602 679/793/600 678/790/597
f 683/796/603 680/794/601 678/790/597 675/789/596
f 681/795/602 680/794/601 682/797/604 2150/798/605
f 680/794/601 683/796/603 685/799/606 682/797/604
f 684/800/607 683/796/603 675/789/596 2231/777/584
f 683/796/603 684/800/607 687/801/608 685/799/606
f 686/802/609 685/799/606 687/801/608 688/803/610
f 685/799/606 686/802/609 2140/804/611 682/797/604
f 689/805/612 690/806/613 688/803/610 687/801/608
f 684/800/607 691/807/614 689/805/612 687/801/608
f 692/808/615 693/809/616 690/806/613 689/805/612
f 695/810/579 692/808/615 689/805/612 691/807/614
f 694/811/617 697/812/618 693/809/616 692/808/615
f 696/813/578 694/811/617 692/808/615 695/810/579
f 660/770/578 696/813/578 695/810/579 662/771/579
f 662/771/579 695/810/579 691/807/614 665/774/581
f 644/753/572 641/752/572 694/811/617 696/813/578
f 696/813/578 660/770/578 647/755/572 644/753/572
f 697/812/618 694/811/617 641/752/572 699/754/573
f 697/812/618 698/814/619 2153/815/620 693/809/616
f 698/814/619 697/812/618 699/754/573 700/816/621
f 700/816/621 699/754/573 642/749/571 702/817/622
f 2154/818/623 698/814/619 700/816/621 701/819/624
f 701/819/624 700/816/621 702/817/622 703/820/625
f 702/817/622 642/749/571 638/746/569 704/821/569
f 703/820/625 702/817/622 704/821/569 706/822/569
f 704/821/569 638/746/569 636/745/568 705/823/568
f 706/822/569 704/821/569 705/823/568 707/824/626
f 708/825/562 706/822/569 707/824/626 711/826/627
f 709/827/625 703/820/625 706/822/569 708/825/562
f 709/827/625 708/825/562 710/828/628 2158/829/629
f 713/830/630 710/828/628 708/825/562 711/826/627
f 714/831/631 713/830/630 711/826/627 712/832/632
f 2200/833/633 712/832/632 711/826/627 707/824/626
f 713/830/630 714/831/631 717/834/634 715/835/635
f 710/828/628 713/830/630 715/835/635 718/836/636
f 716/837/637 720/838/543 718/836/636 715/835/635
f 2226/839/638 716/837/637 715/835/635 717/834/634
f 2158/829/629 710/828/628 718/836/636 719/840/639
f 720/838/543 722/841/640 719/840/639 718/836/636
f 720/838/543 716/837/637 2228/842/641 721/843/642
f 721/843/642 724/844/643 722/841/640 720/838/543
f 722/841/640 723/845/644 2157/846/645 719/840/639
f 724/844/643 726/847/646 723/845/644 722/841/640
f 724/844/643 721/843/642 2230/848/647 725/849/648
f 726/847/646 724/844/643 725/849/648 728/850/649
f 2159/851/650 723/845/644 726/847/646 727/852/651
f 728/850/649 729/853/652 727/852/651 726/847/646
f 730/854/653 731/855/654 729/853/652 728/850/649
f 728/850/649 725/849/648 733/856/655 730/854/653
f 732/857/656 2160/858/657 731/855/654 730/854/653
f 730/854/653 733/856/655 735/859/658 732/857/656
f 725/849/648 2230/848/647 734/860/659 733/856/655
f 733/856/655 734/860/659 736/861/660 735/859/658
f 735/859/658 736/861/660 738/862/661 737/863/662
f 732/857/656 735/859/658 737/863/662 740/864/663
f 737/863/662 738/862/661 2170/865/664 739/866/665
f 740/864/663 737/863/662 739/866/665 742/867/666
f 742/867/666 743/868/667 741/869/668 740/864/663
f 740/864/663 741/869/668 2160/858/657 732/857/656
f 744/870/669 745/871/670 743/868/667 742/867/666
f 742/867/666 739/866/665 747/872/671 744/870/669
f 746/873/672 771/874/673 745/875/670 744/876/669
f 747/877/671 749/878/674 746/873/672 744/876/669
f 747/877/671 748/879/675 750/227/143 749/878/674
f 739/866/665 2170/865/664 748/880/675 747/872/671
f 749/878/674 750/227/143 174/226/142 751/881/676
f 749/878/674 751/881/676 753/882/677 746/873/672
f 751/881/676 752/883/678 755/884/679 753/882/677
f 174/226/142 176/228/144 752/883/678 751/881/676
f 754/885/680 771/874/673 746/873/672 753/882/677
f 757/886/681 754/885/680 753/882/677 755/884/679
f 755/884/679 756/887/682 758/888/683 757/886/681
f 752/883/678 904/889/684 756/887/682 755/884/679
f 757/886/681 758/888/683 760/890/685 759/891/686
f 754/885/680 757/886/681 759/891/686 761/892/687
f 760/890/685 763/893/688 762/894/689 759/891/686
f 759/891/686 762/894/689 765/895/690 761/892/687
f 762/894/689 763/893/688 892/896/691 764/897/692
f 766/898/693 765/895/690 762/894/689 764/897/692
f 765/895/690 766/898/693 768/899/694 767/900/695
f 770/901/696 761/892/687 765/895/690 767/900/695
f 767/900/695 768/899/694 787/902/697 769/903/698
f 772/904/699 770/901/696 767/900/695 769/903/698
f 761/892/687 770/901/696 771/874/673 754/885/680
f 745/875/670 771/874/673 770/901/696 772/904/699
f 773/905/700 743/868/667 745/871/670 772/906/699
f 773/905/700 772/906/699 769/907/698 775/908/701
f 774/909/702 741/869/668 743/868/667 773/905/700
f 774/909/702 773/905/700 775/908/701 777/910/703
f 776/911/704 775/908/701 769/907/698 787/912/697
f 775/908/701 776/911/704 779/913/705 777/910/703
f 2114/914/706 774/909/702 777/910/703 778/915/707
f 778/915/707 777/910/703 779/913/705 780/916/708
f 782/917/709 780/916/708 779/913/705 781/918/710
f 776/911/704 784/919/711 781/918/710 779/913/705
f 1556/920/712 782/917/709 781/918/710 783/921/713
f 784/919/711 785/922/714 783/921/713 781/918/710
f 785/922/714 784/919/711 786/923/715 788/924/716
f 784/919/711 776/911/704 787/912/697 786/923/715
f 768/899/694 789/925/717 786/926/715 787/902/697
f 789/925/717 790/927/718 788/928/716 786/926/715
f 791/929/719 793/930/720 790/927/718 789/925/717
f 766/898/693 791/929/719 789/925/717 768/899/694
f 791/929/719 766/898/693 764/897/692 792/931/721
f 793/930/720 791/929/719 792/931/721 794/932/722
f 795/933/723 793/930/720 794/932/722 796/934/724
f 793/930/720 795/933/723 798/935/725 790/927/718
f 797/936/726 795/933/723 796/934/724 881/937/727
f 795/933/723 797/936/726 799/938/728 798/935/725
f 798/935/725 799/938/728 802/939/729 800/940/730
f 790/927/718 798/935/725 800/940/730 788/928/716
f 800/941/730 801/942/731 785/922/714 788/924/716
f 801/942/731 800/941/730 802/943/729 803/944/732
f 804/945/733 805/946/734 803/944/732 802/943/729
f 799/938/728 807/947/735 804/948/733 802/939/729
f 805/946/734 804/945/733 806/949/736 1567/950/737
f 807/947/735 808/951/738 806/952/736 804/948/733
f 809/953/739 811/954/740 808/951/738 807/947/735
f 809/953/739 807/947/735 799/938/728 797/936/726
f 809/953/739 797/936/726 881/937/727 810/955/741
f 811/954/740 809/953/739 810/955/741 812/956/742
f 813/957/743 811/954/740 812/956/742 814/958/744
f 813/957/743 816/959/745 808/951/738 811/954/740
f 813/960/743 814/958/744 869/961/746 815/962/747
f 813/960/743 815/962/747 817/963/748 816/964/745
f 808/951/738 816/959/745 818/965/749 806/952/736
f 816/964/745 817/963/748 820/966/750 818/967/749
f 818/968/749 819/969/751 1567/950/737 806/949/736
f 819/969/751 818/968/749 820/970/750 821/971/752
f 822/972/753 823/973/754 821/971/752 820/970/750
f 817/963/748 825/974/755 822/975/753 820/966/750
f 823/973/754 822/972/753 824/976/756 1576/977/757
f 825/974/755 826/978/758 824/979/756 822/975/753
f 829/980/759 826/978/758 825/974/755 827/981/760
f 815/962/747 827/981/760 825/974/755 817/963/748
f 827/981/760 815/962/747 869/961/746 828/982/761
f 829/980/759 827/981/760 828/982/761 830/983/762
f 829/980/759 830/983/762 832/984/763 831/985/764
f 831/985/764 834/986/765 826/978/758 829/980/759
f 833/987/766 831/985/764 832/984/763 2169/988/767
f 831/985/764 833/987/766 835/989/768 834/986/765
f 834/986/765 835/989/768 838/990/769 836/991/770
f 826/978/758 834/986/765 836/991/770 824/979/756
f 836/992/770 837/993/771 1576/977/757 824/976/756
f 837/993/771 836/992/770 838/994/769 839/995/772
f 840/996/773 841/997/774 839/995/772 838/994/769
f 835/989/768 843/998/775 840/999/773 838/990/769
f 841/997/774 840/996/773 842/1000/776 1585/1001/777
f 843/998/775 844/1002/778 842/1003/776 840/999/773
f 845/1004/779 847/1005/780 844/1002/778 843/998/775
f 845/1004/779 843/998/775 835/989/768 833/987/766
f 845/1004/779 833/987/766 2169/988/767 846/1006/781
f 847/1005/780 845/1004/779 846/1006/781 849/1007/782
f 847/1008/780 848/1009/783 1600/1010/784 844/1011/778
f 848/1009/783 847/1008/780 849/1007/782 850/1012/785
f 851/1013/786 852/1014/787 850/1012/785 849/1007/782
f 854/1015/788 851/1013/786 849/1007/782 846/1006/781
f 852/1014/787 851/1013/786 853/1016/789 1647/1017/790
f 851/1013/786 854/1015/788 856/1018/791 853/1016/789
f 855/1019/792 854/1015/788 846/1006/781 2169/988/767
f 854/1015/788 855/1019/792 858/1020/793 856/1018/791
f 857/1021/794 1649/1022/795 853/1016/789 856/1018/791
f 859/1023/796 857/1021/794 856/1018/791 858/1020/793
f 861/1024/797 859/1023/796 858/1020/793 860/1025/798
f 855/1019/792 863/1026/799 860/1025/798 858/1020/793
f 2090/1027/800 861/1024/797 860/1025/798 862/1028/801
f 863/1026/799 864/1029/802 862/1028/801 860/1025/798
f 864/1029/802 863/1026/799 832/984/763 830/983/762
f 855/1019/792 2169/988/767 832/984/763 863/1026/799
f 865/1030/803 864/1029/802 830/983/762 828/982/761
f 864/1029/802 865/1030/803 866/1031/804 862/1028/801
f 867/1032/805 868/1033/806 866/1031/804 865/1030/803
f 867/1032/805 865/1030/803 828/982/761 869/961/746
f 870/1034/807 872/1035/808 868/1033/806 867/1032/805
f 870/1034/807 867/1032/805 869/961/746 814/958/744
f 871/1036/809 870/1034/807 814/958/744 812/956/742
f 870/1034/807 871/1036/809 874/1037/810 872/1035/808
f 873/1038/811 2093/1039/812 868/1033/806 872/1035/808
f 875/1040/813 873/1038/811 872/1035/808 874/1037/810
f 876/1041/814 877/1042/815 875/1040/813 874/1037/810
f 871/1036/809 879/1043/816 876/1041/814 874/1037/810
f 877/1042/815 876/1041/814 878/1044/817 2106/1045/818
f 879/1043/816 880/1046/819 878/1044/817 876/1041/814
f 880/1046/819 879/1043/816 810/955/741 881/937/727
f 879/1043/816 871/1036/809 812/956/742 810/955/741
f 880/1046/819 882/1047/820 884/1048/821 878/1044/817
f 882/1047/820 880/1046/819 881/937/727 796/934/724
f 883/1049/822 882/1047/820 796/934/724 794/932/722
f 882/1047/820 883/1049/822 886/1050/823 884/1048/821
f 885/1051/824 2106/1045/818 878/1044/817 884/1048/821
f 887/1052/825 885/1051/824 884/1048/821 886/1050/823
f 888/1053/826 889/1054/827 887/1052/825 886/1050/823
f 891/1055/828 888/1053/826 886/1050/823 883/1049/822
f 889/1054/827 888/1053/826 890/1056/829 893/1057/830
f 888/1053/826 891/1055/828 892/896/691 890/1056/829
f 792/931/721 891/1055/828 883/1049/822 794/932/722
f 891/1055/828 792/931/721 764/897/692 892/896/691
f 763/893/688 894/1058/831 890/1056/829 892/896/691
f 895/1059/832 893/1057/830 890/1056/829 894/1058/831
f 897/1060/833 895/1059/832 894/1058/831 896/1061/834
f 760/890/685 896/1061/834 894/1058/831 763/893/688
f 898/1062/835 899/1063/836 897/1060/833 896/1061/834
f 758/888/683 898/1062/835 896/1061/834 760/890/685
f 900/1064/837 901/1065/838 899/1063/836 898/1062/835
f 756/887/682 900/1064/837 898/1062/835 758/888/683
f 902/1066/839 903/1067/840 901/1065/838 900/1064/837
f 904/889/684 902/1066/839 900/1064/837 756/887/682
f 903/1067/840 902/1066/839 905/232/148 906/1068/841
f 902/1066/839 904/889/684 178/229/145 905/232/148
f 906/1068/841 905/232/148 179/233/149 907/238/154
f 908/1069/842 906/1068/841 907/238/154 909/1070/843
f 911/1071/844 903/1067/840 906/1068/841 908/1069/842
f 910/1072/845 908/1069/842 909/1070/843 988/1073/846
f 913/1074/847 911/1071/844 908/1069/842 910/1072/845
f 903/1067/840 911/1071/844 912/1075/848 901/1065/838
f 911/1071/844 913/1074/847 915/1076/849 912/1075/848
f 914/1077/850 913/1074/847 910/1072/845 955/1078/851
f 913/1074/847 914/1077/850 916/1079/852 915/1076/849
f 918/1080/853 917/1081/854 915/1076/849 916/1079/852
f 917/1081/854 919/1082/855 912/1075/848 915/1076/849
f 917/1081/854 918/1080/853 921/1083/856 920/1084/857
f 919/1082/855 917/1081/854 920/1084/857 922/1085/858
f 920/1084/857 921/1083/856 925/1086/859 923/1087/860
f 922/1085/858 920/1084/857 923/1087/860 926/1088/861
f 923/1087/860 924/1089/862 927/1090/863 926/1088/861
f 924/1089/862 923/1087/860 925/1086/859 942/1091/864
f 897/1060/833 922/1085/858 926/1088/861 895/1059/832
f 895/1059/832 926/1088/861 927/1090/863 893/1057/830
f 928/1092/865 889/1054/827 893/1057/830 927/1090/863
f 930/1093/866 928/1092/865 927/1090/863 924/1089/862
f 889/1054/827 928/1092/865 929/1094/867 887/1052/825
f 928/1092/865 930/1093/866 932/1095/868 929/1094/867
f 931/1096/869 930/1093/866 924/1089/862 942/1091/864
f 930/1093/866 931/1096/869 934/1097/870 932/1095/868
f 933/1098/871 932/1095/868 934/1097/870 935/1099/872
f 932/1095/868 933/1098/871 2107/1100/873 929/1094/867
f 938/1101/874 935/1099/872 934/1097/870 936/1102/875
f 931/1096/869 939/1103/876 936/1102/875 934/1097/870
f 939/1103/876 940/1104/877 937/1105/878 936/1102/875
f 936/1102/875 937/1105/878 1047/1106/879 938/1101/874
f 940/1104/877 939/1103/876 941/1107/880 943/1108/881
f 939/1103/876 931/1096/869 942/1091/864 941/1107/880
f 925/1086/859 944/1109/882 941/1107/880 942/1091/864
f 944/1109/882 945/1110/883 943/1108/881 941/1107/880
f 946/1111/884 947/1112/885 945/1110/883 944/1109/882
f 921/1083/856 946/1111/884 944/1109/882 925/1086/859
f 948/1113/886 949/1114/887 947/1112/885 946/1111/884
f 918/1080/853 948/1113/886 946/1111/884 921/1083/856
f 949/1114/887 948/1113/886 950/1115/888 951/1116/889
f 948/1113/886 918/1080/853 916/1079/852 950/1115/888
f 951/1116/889 950/1115/888 952/1117/890 953/1118/891
f 950/1115/888 916/1079/852 914/1077/850 952/1117/890
f 953/1118/891 952/1117/890 954/1119/229 957/1120/892
f 952/1117/890 914/1077/850 955/1078/851 954/1119/229
f 954/1119/229 955/1078/851 986/1121/893 956/1122/894
f 957/1120/892 954/1119/229 956/1122/894 959/1123/895
f 1035/1124/896 953/1118/891 957/1120/892 958/1125/897
f 958/1125/897 957/1120/892 959/1123/895 961/1126/898
f 960/1127/899 963/1128/900 961/1126/898 959/1123/895
f 983/1129/901 960/1127/899 959/1123/895 956/1122/894
f 1037/1130/251 958/1125/897 961/1126/898 962/1131/902
f 963/1128/900 965/1132/903 962/1131/902 961/1126/898
f 963/1128/900 960/1127/899 984/1133/904 964/1134/905
f 965/1132/903 963/1128/900 964/1134/905 967/1135/906
f 966/1136/907 1039/1137/908 962/1131/902 965/1132/903
f 968/1138/909 966/1136/907 965/1132/903 967/1135/906
f 970/1139/910 968/1138/909 967/1135/906 969/1140/911
f 972/1141/912 969/1140/911 967/1135/906 964/1134/905
f 997/1142/913 970/1139/910 969/1140/911 971/1143/914
f 969/1140/911 972/1141/912 974/1144/915 971/1143/914
f 973/1145/916 972/1141/912 964/1134/905 984/1133/904
f 972/1141/912 973/1145/916 975/1146/917 974/1144/915
f 211/263/26 213/264/177 971/1143/914 974/1144/915
f 976/256/171 211/263/26 974/1144/915 975/1146/917
f 977/1147/918 200/253/168 976/256/171 975/1146/917
f 973/1145/916 979/1148/919 977/1147/918 975/1146/917
f 200/253/168 977/1147/918 978/1149/920 198/251/167
f 979/1148/919 980/1150/921 978/1149/920 977/1147/918
f 980/1150/921 979/1148/919 981/1151/922 982/1152/923
f 979/1148/919 973/1145/916 984/1133/904 981/1151/922
f 983/1129/901 985/1153/924 982/1152/923 981/1151/922
f 960/1127/899 983/1129/901 981/1151/922 984/1133/904
f 985/1153/924 983/1129/901 956/1122/894 986/1121/893
f 987/1154/925 985/1153/924 986/1121/893 988/1073/846
f 985/1153/924 987/1154/925 990/1155/926 982/1152/923
f 989/1156/927 987/1154/925 988/1073/846 909/1070/843
f 987/1154/925 989/1156/927 991/1157/928 990/1155/926
f 993/1158/929 992/1159/930 990/1155/926 991/1157/928
f 992/1159/930 980/1150/921 982/1152/923 990/1155/926
f 992/1159/930 993/1158/929 995/1160/931 994/1161/932
f 980/1150/921 992/1159/930 994/1161/932 978/1149/920
f 196/250/166 198/251/167 978/1149/920 994/1161/932
f 996/244/160 196/250/166 994/1161/932 995/1160/931
f 993/1158/929 187/241/157 996/244/160 995/1160/931
f 187/241/157 993/1158/929 991/1157/928 185/239/155
f 183/237/153 185/239/155 991/1157/928 989/1156/927
f 907/238/154 183/237/153 989/1156/927 909/1070/843
f 955/1078/851 910/1072/845 988/1073/846 986/1121/893
f 215/266/178 997/1142/913 971/1143/914 213/264/177
f 997/1142/913 215/266/178 219/269/15 225/274/181
f 970/1139/910 997/1142/913 225/274/181 228/277/182
f 968/1138/909 970/1139/910 228/277/182 998/280/183
f 966/1136/907 968/1138/909 998/280/183 999/1162/184
f 227/278/183 1001/1163/184 999/1162/184 998/280/183
f 1039/1137/908 966/1136/907 999/1162/184 1000/1164/254
f 1001/1163/184 1003/1165/254 1000/1164/254 999/1162/184
f 1001/1163/184 227/278/183 230/279/183 1002/1166/184
f 1003/1165/254 1001/1163/184 1002/1166/184 1004/1167/254
f 1005/1168/257 1003/1165/254 1004/1167/254 1006/1169/257
f 1003/1165/254 1005/1168/257 1007/1170/250 1000/1164/254
f 1010/1171/259 1008/1172/258 1005/1168/257 1006/1169/257
f 1008/1172/258 1011/1173/933 1007/1170/250 1005/1168/257
f 1009/1174/934 1013/1175/935 1011/1173/933 1008/1172/258
f 1129/1176/261 1009/1174/934 1008/1172/258 1010/1171/259
f 1011/1173/933 1012/1177/936 1038/1178/250 1007/1170/250
f 1013/1175/935 1014/1179/937 1012/1177/936 1011/1173/933
f 1014/1179/937 1013/1175/935 1015/1180/938 1016/1181/939
f 1017/1182/940 1015/1180/938 1013/1175/935 1009/1174/934
f 1019/1183/941 1016/1181/939 1015/1180/938 1018/1184/942
f 1015/1180/938 1017/1182/940 1020/1185/943 1018/1184/942
f 1024/1186/944 1019/1183/941 1018/1184/942 1021/1187/945
f 1021/1187/945 1018/1184/942 1020/1185/943 1023/1188/946
f 1025/1189/947 1024/1186/944 1021/1187/945 1022/1190/948
f 1023/1188/946 1120/1191/949 1022/1190/948 1021/1187/945
f 1024/1186/944 1025/1189/947 1027/1192/950 1026/1193/951
f 1026/1193/951 1029/1194/952 1019/1183/941 1024/1186/944
f 1040/1195/953 1028/1196/954 1026/1193/951 1027/1192/950
f 1028/1196/954 1031/1197/955 1029/1194/952 1026/1193/951
f 1031/1197/955 1032/1198/956 1030/1199/957 1029/1194/952
f 1029/1194/952 1030/1199/957 1016/1181/939 1019/1183/941
f 949/1114/887 1032/1198/956 1031/1197/955 947/1112/885
f 945/1110/883 947/1112/885 1031/1197/955 1028/1196/954
f 1033/1200/958 1034/1201/959 1030/1199/957 1032/1198/956
f 951/1116/889 1033/1200/958 1032/1198/956 949/1114/887
f 1036/1202/896 1034/1201/959 1033/1200/958 1035/1124/896
f 953/1118/891 1035/1124/896 1033/1200/958 951/1116/889
f 1036/1202/896 1035/1124/896 958/1125/897 1037/1130/251
f 1014/1179/937 1034/1201/959 1036/1202/896 1012/1177/936
f 1012/1177/936 1036/1202/896 1037/1130/251 1038/1178/250
f 1039/1137/908 1038/1178/250 1037/1130/251 962/1131/902
f 1038/1178/250 1039/1137/908 1000/1164/254 1007/1170/250
f 1016/1181/939 1030/1199/957 1034/1201/959 1014/1179/937
f 1028/1196/954 1040/1195/953 943/1108/881 945/1110/883
f 1040/1195/953 1041/1203/960 940/1104/877 943/1108/881
f 1041/1203/960 1040/1195/953 1027/1192/950 1042/1204/961
f 1043/1205/962 1041/1203/960 1042/1204/961 1044/1206/963
f 1041/1203/960 1043/1205/962 937/1105/878 940/1104/877
f 1045/1207/964 1043/1205/962 1044/1206/963 1048/1208/965
f 1043/1205/962 1045/1207/964 1047/1106/879 937/1105/878
f 1046/1209/966 1045/1207/964 1048/1208/965 1049/1210/967
f 1045/1207/964 1046/1209/966 1063/1211/968 1047/1106/879
f 1050/1212/969 1053/1213/970 1049/1210/967 1048/1208/965
f 1051/1214/971 1050/1212/969 1048/1208/965 1044/1206/963
f 1050/1212/969 1051/1214/971 1124/1215/972 1052/1216/973
f 1053/1213/970 1050/1212/969 1052/1216/973 1054/1217/974
f 1055/1218/975 1053/1213/970 1054/1217/974 1056/1219/976
f 1053/1213/970 1055/1218/975 1058/1220/977 1049/1210/967
f 1057/1221/978 1055/1218/975 1056/1219/976 1079/1222/979
f 1055/1218/975 1057/1221/978 1059/1223/980 1058/1220/977
f 1061/1224/981 1060/1225/982 1058/1220/977 1059/1223/980
f 1060/1225/982 1046/1209/966 1049/1210/967 1058/1220/977
f 1046/1209/966 1060/1225/982 1062/1226/983 1063/1211/968
f 1061/1224/981 1065/1227/984 1062/1226/983 1060/1225/982
f 1064/1228/985 2104/1229/986 1063/1211/968 1062/1226/983
f 1066/1230/987 1064/1228/985 1062/1226/983 1065/1227/984
f 1068/1231/988 1066/1230/987 1065/1227/984 1067/1232/989
f 1061/1224/981 1070/1233/990 1067/1232/989 1065/1227/984
f 2078/1234/991 1068/1231/988 1067/1232/989 1069/1235/992
f 1070/1233/990 1071/1236/993 1069/1235/992 1067/1232/989
f 1071/1236/993 1070/1233/990 1072/1237/994 1073/1238/995
f 1070/1233/990 1061/1224/981 1059/1223/980 1072/1237/994
f 1074/1239/996 1075/1240/997 1073/1238/995 1072/1237/994
f 1057/1221/978 1074/1239/996 1072/1237/994 1059/1223/980
f 1075/1240/997 1074/1239/996 1076/1241/998 1077/1242/999
f 1074/1239/996 1057/1221/978 1079/1222/979 1076/1241/998
f 1078/1243/1000 2075/1244/1001 1077/1242/999 1076/1241/998
f 1080/1245/1002 1078/1243/1000 1076/1241/998 1079/1222/979
f 1081/1246/1003 1080/1245/1002 1079/1222/979 1056/1219/976
f 1080/1245/1002 1081/1246/1003 1083/1247/1004 1082/1248/1005
f 1078/1243/1000 1080/1245/1002 1082/1248/1005 1084/1249/1006
f 1083/1247/1004 1088/1250/1007 1085/1251/1008 1082/1248/1005
f 1085/1251/1008 1086/1252/1009 1084/1249/1006 1082/1248/1005
f 1086/1252/1009 1085/1251/1008 1087/1253/1010 1697/1254/1011
f 1088/1250/1007 1090/1255/1012 1087/1253/1010 1085/1251/1008
f 1088/1250/1007 1083/1247/1004 1128/1256/1013 1089/1257/1014
f 1090/1255/1012 1088/1250/1007 1089/1257/1014 1092/1258/1015
f 1091/1259/1016 1700/1260/1017 1087/1253/1010 1090/1255/1012
f 1093/1261/1018 1091/1259/1016 1090/1255/1012 1092/1258/1015
f 1095/1262/1019 1093/1261/1018 1092/1258/1015 1094/1263/1020
f 1097/1264/1021 1094/1263/1020 1092/1258/1015 1089/1257/1014
f 2168/1265/1022 1095/1262/1019 1094/1263/1020 1096/1266/1023
f 1094/1263/1020 1097/1264/1021 1099/1267/1024 1096/1266/1023
f 1098/1268/1025 1097/1264/1021 1089/1257/1014 1128/1256/1013
f 1097/1264/1021 1098/1268/1025 1100/1269/1026 1099/1267/1024
f 1102/1270/1027 1101/1271/1028 1099/1267/1024 1100/1269/1026
f 1101/1271/1028 1104/1272/1029 1096/1266/1023 1099/1267/1024
f 1101/1271/1028 1102/1270/1027 1119/1273/1030 1103/1274/1031
f 1104/1272/1029 1101/1271/1028 1103/1274/1031 1106/1275/1032
f 1105/1276/1033 2168/1265/1022 1096/1266/1023 1104/1272/1029
f 1107/1277/1034 1105/1276/1033 1104/1272/1029 1106/1275/1032
f 1109/1278/1035 1107/1277/1034 1106/1275/1032 1108/1279/1036
f 1110/1280/1037 1108/1279/1036 1106/1275/1032 1103/1274/1031
f 1111/1281/1038 1112/1282/1038 1109/1278/1035 1108/1279/1036
f 1114/1283/1038 1111/1281/1038 1108/1279/1036 1110/1280/1037
f 1113/1284/1039 1147/1285/1039 1112/1282/1038 1111/1281/1038
f 1115/1286/1039 1113/1284/1039 1111/1281/1038 1114/1283/1038
f 1117/1287/1040 1115/1286/1039 1114/1283/1038 1116/1288/1041
f 1116/1288/1041 1114/1283/1038 1110/1280/1037 1118/1289/1042
f 1017/1182/940 1117/1287/1040 1116/1288/1041 1020/1185/943
f 1020/1185/943 1116/1288/1041 1118/1289/1042 1023/1188/946
f 1120/1191/949 1023/1188/946 1118/1289/1042 1119/1273/1030
f 1118/1289/1042 1110/1280/1037 1103/1274/1031 1119/1273/1030
f 1121/1290/1043 1120/1191/949 1119/1273/1030 1102/1270/1027
f 1120/1191/949 1121/1290/1043 1123/1291/1044 1022/1190/948
f 1122/1292/1045 1121/1290/1043 1102/1270/1027 1100/1269/1026
f 1121/1290/1043 1122/1292/1045 1124/1215/972 1123/1291/1044
f 1051/1214/971 1125/1293/1046 1123/1291/1044 1124/1215/972
f 1125/1293/1046 1025/1189/947 1022/1190/948 1123/1291/1044
f 1025/1189/947 1125/1293/1046 1042/1204/961 1027/1192/950
f 1125/1293/1046 1051/1214/971 1044/1206/963 1042/1204/961
f 1122/1292/1045 1126/1294/1047 1052/1216/973 1124/1215/972
f 1126/1294/1047 1122/1292/1045 1100/1269/1026 1098/1268/1025
f 1127/1295/1048 1126/1294/1047 1098/1268/1025 1128/1256/1013
f 1126/1294/1047 1127/1295/1048 1054/1217/974 1052/1216/973
f 1081/1246/1003 1127/1295/1048 1128/1256/1013 1083/1247/1004
f 1127/1295/1048 1081/1246/1003 1056/1219/976 1054/1217/974
f 1129/1176/261 1130/1296/261 1115/1286/1039 1117/1287/1040
f 1009/1174/934 1129/1176/261 1117/1287/1040 1017/1182/940
f 1130/1296/261 1129/1176/261 1010/1171/259 1132/1297/259
f 1130/1296/261 1131/1298/261 1113/1284/1039 1115/1286/1039
f 1131/1298/261 1130/1296/261 1132/1297/259 1133/1299/259
f 1132/1297/259 1010/1171/259 1006/1169/257 1134/1300/257
f 1133/1299/259 1132/1297/259 1134/1300/257 1136/1301/257
f 1134/1300/257 1006/1169/257 1004/1167/254 1135/1302/254
f 1136/1301/257 1134/1300/257 1135/1302/254 1138/1303/254
f 1145/1304/259 1133/1299/259 1136/1301/257 1137/1305/257
f 1139/1306/254 1137/1305/257 1136/1301/257 1138/1303/254
f 1141/1307/184 1139/1306/254 1138/1303/254 1140/1308/184
f 1142/1309/184 1140/1308/184 1138/1303/254 1135/1302/254
f 1143/289/183 1141/1307/184 1140/1308/184 236/285/183
f 1140/1308/184 1142/1309/184 232/282/183 236/285/183
f 1002/1166/184 1142/1309/184 1135/1302/254 1004/1167/254
f 1142/1309/184 1002/1166/184 230/279/183 232/282/183
f 1141/1307/184 1143/289/183 242/294/183 1144/300/184
f 1139/1306/254 1141/1307/184 1144/300/184 317/378/254
f 1137/1305/257 1139/1306/254 317/378/254 319/379/257
f 321/381/259 1145/1304/259 1137/1305/257 319/379/257
f 1146/1310/261 1131/1298/261 1133/1299/259 1145/1304/259
f 323/383/261 1146/1310/261 1145/1304/259 321/381/259
f 1146/1310/261 323/383/261 1148/385/263 1147/1285/1039
f 1147/1285/1039 1113/1284/1039 1131/1298/261 1146/1310/261
f 1147/1285/1039 1148/385/263 1149/1311/1049 1112/1282/1038
f 1148/385/263 324/384/262 329/388/266 1149/1311/1049
f 1149/1311/1049 329/388/266 332/391/269 1150/1312/1050
f 1112/1282/1038 1149/1311/1049 1150/1312/1050 1109/1278/1035
f 1150/1312/1050 332/391/269 1153/394/272 1151/1313/1051
f 1107/1277/1034 1109/1278/1035 1150/1312/1050 1151/1313/1051
f 1105/1276/1033 1107/1277/1034 1151/1313/1051 1152/1314/1052
f 1154/1315/1053 1152/1314/1052 1151/1313/1051 1153/394/272
f 1155/400/278 1154/1315/1053 1153/394/272 333/393/271
f 1152/1314/1052 1154/1315/1053 1156/1316/1054 1157/1317/1055
f 1154/1315/1053 1155/400/278 1159/1318/1056 1156/1316/1054
f 1158/1319/1057 1706/1320/1058 1157/1317/1055 1156/1316/1054
f 1160/1321/1059 1158/1319/1057 1156/1316/1054 1159/1318/1056
f 1162/1322/1060 1160/1321/1059 1159/1318/1056 1161/1323/1061
f 1155/400/278 337/399/277 1161/1323/1061 1159/1318/1056
f 1164/1324/1062 1162/1322/1060 1161/1323/1061 1163/1325/1063
f 337/399/277 339/401/279 1163/1325/1063 1161/1323/1061
f 1167/1326/1064 1164/1324/1062 1163/1325/1063 1165/1327/1065
f 339/401/279 341/402/280 1165/1327/1065 1163/1325/1063
f 1168/1328/1066 1167/1326/1064 1165/1327/1065 1166/1329/1067
f 341/402/280 2167/405/283 1166/1329/1067 1165/1327/1065
f 1167/1326/1064 1168/1328/1066 1172/1330/1068 1169/1331/1069
f 1164/1324/1062 1167/1326/1064 1169/1331/1069 1170/1332/1070
f 1171/1333/1071 1188/1334/1072 1170/1332/1070 1169/1331/1069
f 1174/1335/1073 1171/1333/1071 1169/1331/1069 1172/1330/1068
f 1175/1336/1074 1174/1335/1073 1172/1330/1068 1173/448/326
f 1168/1328/1066 380/445/323 1173/448/326 1172/1330/1068
f 1174/1335/1073 1175/1336/1074 1177/1337/1075 1176/1338/1076
f 1171/1333/1071 1174/1335/1073 1176/1338/1076 1178/1339/1077
f 1180/1340/1078 1179/1341/1079 1176/1338/1076 1177/1337/1075
f 1179/1341/1079 1182/1342/1080 1178/1339/1077 1176/1338/1076
f 1179/1341/1079 1180/1340/1078 1282/1343/1081 1181/1344/1082
f 1182/1342/1080 1179/1341/1079 1181/1344/1082 1183/1345/1083
f 1184/1346/1084 1182/1342/1080 1183/1345/1083 1186/1347/1085
f 1182/1342/1080 1184/1346/1084 1187/1348/1086 1178/1339/1077
f 1184/1346/1084 1185/1349/1087 1189/1350/1088 1187/1348/1086
f 1185/1349/1087 1184/1346/1084 1186/1347/1085 1199/1351/1089
f 1188/1334/1072 1171/1333/1071 1178/1339/1077 1187/1348/1086
f 1190/1352/1090 1188/1334/1072 1187/1348/1086 1189/1350/1088
f 1192/1353/1091 1190/1352/1090 1189/1350/1088 1191/1354/1092
f 1185/1349/1087 1194/1355/1093 1191/1354/1092 1189/1350/1088
f 1703/1356/1094 1192/1353/1091 1191/1354/1092 1193/1357/1095
f 1194/1355/1093 1195/1358/1096 1193/1357/1095 1191/1354/1092
f 1195/1358/1096 1194/1355/1093 1196/1359/1097 1197/1360/1098
f 1194/1355/1093 1185/1349/1087 1199/1351/1089 1196/1359/1097
f 1712/1361/1099 1197/1360/1098 1196/1359/1097 1198/1362/1100
f 1200/1363/1101 1198/1362/1100 1196/1359/1097 1199/1351/1089
f 1201/1364/1102 1200/1363/1101 1199/1351/1089 1186/1347/1085
f 1198/1362/1100 1200/1363/1101 1202/1365/1103 1204/1366/1104
f 1200/1363/1101 1201/1364/1102 1203/1367/1105 1202/1365/1103
f 1206/1368/1106 1205/1369/1107 1202/1365/1103 1203/1367/1105
f 1205/1369/1107 1208/1370/1108 1204/1366/1104 1202/1365/1103
f 1205/1369/1107 1206/1368/1106 1270/1371/1109 1207/1372/1110
f 1208/1370/1108 1205/1369/1107 1207/1372/1110 1210/1373/1111
f 1208/1370/1108 1209/1374/1112 1713/1375/1113 1204/1366/1104
f 1209/1374/1112 1208/1370/1108 1210/1373/1111 1212/1376/1114
f 1211/1377/1115 1214/1378/1116 1212/1376/1114 1210/1373/1111
f 1269/1379/1117 1211/1377/1115 1210/1373/1111 1207/1372/1110
f 1715/1380/1118 1209/1374/1112 1212/1376/1114 1213/1381/1119
f 1214/1378/1116 1216/1382/1120 1213/1381/1119 1212/1376/1114
f 1214/1378/1116 1211/1377/1115 2165/1383/1121 1215/1384/1122
f 1216/1382/1120 1214/1378/1116 1215/1384/1122 1218/1385/1123
f 1216/1382/1120 1217/1386/1124 1717/1387/1125 1213/1381/1119
f 1217/1386/1124 1216/1382/1120 1218/1385/1123 1219/1388/1126
f 1221/1389/1127 1219/1388/1126 1218/1385/1123 1220/1390/1128
f 1223/1391/1129 1220/1390/1128 1218/1385/1123 1215/1384/1122
f 1755/1392/1130 1221/1389/1127 1220/1390/1128 1222/1393/1131
f 1220/1390/1128 1223/1391/1129 1225/1394/1132 1222/1393/1131
f 1224/1395/1133 1223/1391/1129 1215/1384/1122 2165/1383/1121
f 1223/1391/1129 1224/1395/1133 1226/1396/1134 1225/1394/1132
f 1228/1397/1135 1227/1398/1136 1225/1394/1132 1226/1396/1134
f 1227/1398/1136 1230/1399/1137 1222/1393/1131 1225/1394/1132
f 1227/1398/1136 1228/1397/1135 2166/1400/1138 1229/1401/1139
f 1230/1399/1137 1227/1398/1136 1229/1401/1139 1232/1402/1140
f 1230/1399/1137 1231/1403/1141 1755/1392/1130 1222/1393/1131
f 1231/1403/1141 1230/1399/1137 1232/1402/1140 1233/1404/1142
f 1234/1405/1143 1235/1406/1144 1233/1404/1142 1232/1402/1140
f 1237/1407/1145 1234/1405/1143 1232/1402/1140 1229/1401/1139
f 1235/1406/1144 1234/1405/1143 1236/1408/1146 1771/1409/1147
f 1234/1405/1143 1237/1407/1145 1239/1410/1148 1236/1408/1146
f 1238/1411/1149 1237/1407/1145 1229/1401/1139 2166/1400/1138
f 1237/1407/1145 1238/1411/1149 1240/1412/1150 1239/1410/1148
f 1239/1410/1148 1240/1412/1150 1244/1413/1151 1241/1414/1152
f 1236/1408/1146 1239/1410/1148 1241/1414/1152 1243/1415/1153
f 1242/1416/1154 1241/1417/1152 1244/1418/1151 1245/1419/1155
f 1241/1417/1152 1242/1416/1154 1773/1420/1156 1243/1421/1153
f 1246/1422/1157 1247/1423/1158 1245/1419/1155 1244/1418/1151
f 1240/1412/1150 1249/1424/1159 1246/1425/1157 1244/1413/1151
f 1247/1423/1158 1246/1422/1157 1248/1426/1160 1785/1427/1161
f 1249/1424/1159 1250/1428/1162 1248/1429/1160 1246/1425/1157
f 1251/1430/1163 1253/1431/1164 1250/1428/1162 1249/1424/1159
f 1251/1430/1163 1249/1424/1159 1240/1412/1150 1238/1411/1149
f 1251/1430/1163 1238/1411/1149 2166/1400/1138 1252/1432/1165
f 1253/1431/1164 1251/1430/1163 1252/1432/1165 1255/1433/1166
f 1253/1431/1164 1254/1434/1167 2058/1435/1168 1250/1428/1162
f 1254/1434/1167 1253/1431/1164 1255/1433/1166 1256/1436/1169
f 1257/1437/1170 1258/1438/1171 1256/1436/1169 1255/1433/1166
f 1260/1439/1172 1257/1437/1170 1255/1433/1166 1252/1432/1165
f 1258/1438/1171 1257/1437/1170 1259/1440/1173 2072/1441/1174
f 1257/1437/1170 1260/1439/1172 1261/1442/1175 1259/1440/1173
f 1228/1397/1135 1260/1439/1172 1252/1432/1165 2166/1400/1138
f 1260/1439/1172 1228/1397/1135 1226/1396/1134 1261/1442/1175
f 1261/1442/1175 1262/1443/1176 1264/1444/1177 1259/1440/1173
f 1262/1443/1176 1261/1442/1175 1226/1396/1134 1224/1395/1133
f 1263/1445/1178 1262/1443/1176 1224/1395/1133 2165/1383/1121
f 1262/1443/1176 1263/1445/1178 1266/1446/1179 1264/1444/1177
f 1265/1447/1180 1264/1444/1177 1266/1446/1179 1267/1448/1181
f 1264/1444/1177 1265/1447/1180 2072/1441/1174 1259/1440/1173
f 1268/1449/1182 1271/1450/1183 1267/1448/1181 1266/1446/1179
f 1269/1379/1117 1268/1449/1182 1266/1446/1179 1263/1445/1178
f 1268/1449/1182 1269/1379/1117 1207/1372/1110 1270/1371/1109
f 1271/1450/1183 1268/1449/1182 1270/1371/1109 1273/1451/1184
f 1272/1452/1185 1271/1450/1183 1273/1451/1184 1274/1453/1186
f 1271/1450/1183 1272/1452/1185 2071/1454/1187 1267/1448/1181
f 1275/1455/1188 1276/1456/1189 1274/1453/1186 1273/1451/1184
f 1206/1368/1106 1275/1455/1188 1273/1451/1184 1270/1371/1109
f 1276/1456/1189 1275/1455/1188 1277/1457/1190 1278/1458/1191
f 1275/1455/1188 1206/1368/1106 1203/1367/1105 1277/1457/1190
f 1201/1364/1102 1279/1459/1192 1277/1457/1190 1203/1367/1105
f 1279/1459/1192 1280/1460/1193 1278/1458/1191 1277/1457/1190
f 1279/1459/1192 1201/1364/1102 1186/1347/1085 1183/1345/1083
f 1280/1460/1193 1279/1459/1192 1183/1345/1083 1181/1344/1082
f 1280/1460/1193 1281/1461/1194 1284/1462/1195 1278/1458/1191
f 1281/1461/1194 1280/1460/1193 1181/1344/1082 1282/1343/1081
f 1283/1463/1196 1281/1461/1194 1282/1343/1081 1316/1464/1197
f 1281/1461/1194 1283/1463/1196 1285/1465/1198 1284/1462/1195
f 1287/1466/1199 1286/1467/1200 1284/1462/1195 1285/1465/1198
f 1286/1467/1200 1276/1456/1189 1278/1458/1191 1284/1462/1195
f 1286/1467/1200 1287/1466/1199 1290/1468/1201 1288/1469/1202
f 1276/1456/1189 1286/1467/1200 1288/1469/1202 1274/1453/1186
f 1289/1470/1203 1272/1452/1185 1274/1453/1186 1288/1469/1202
f 1292/1471/1204 1289/1470/1203 1288/1469/1202 1290/1468/1201
f 1294/1472/1205 1292/1471/1204 1290/1468/1201 1291/1473/1206
f 1287/1466/1199 1318/1474/1207 1291/1473/1206 1290/1468/1201
f 1289/1470/1203 1292/1471/1204 1293/1475/1208 2070/1476/1209
f 1292/1471/1204 1294/1472/1205 1296/1477/1210 1293/1475/1208
f 1295/1478/1211 1294/1472/1205 1291/1473/1206 1304/1479/1212
f 1294/1472/1205 1295/1478/1211 1298/1480/1213 1296/1477/1210
f 1297/1481/1214 2068/1482/1215 1293/1475/1208 1296/1477/1210
f 1299/1483/1216 1297/1481/1214 1296/1477/1210 1298/1480/1213
f 1295/1478/1211 1301/1484/1217 1299/1483/1216 1298/1480/1213
f 1297/1481/1214 1299/1483/1216 1300/1485/1218 2067/1486/1219
f 1301/1484/1217 1302/1487/1220 1300/1485/1218 1299/1483/1216
f 1302/1487/1220 1301/1484/1217 1303/1488/1221 1305/1489/1222
f 1301/1484/1217 1295/1478/1211 1304/1479/1212 1303/1488/1221
f 1308/1490/1223 1306/1491/1224 1303/1488/1221 1304/1479/1212
f 1306/1491/1224 1307/1492/1225 1305/1489/1222 1303/1488/1221
f 1307/1492/1225 1306/1491/1224 1309/1493/1226 1310/1494/1227
f 1306/1491/1224 1308/1490/1223 1311/1495/1228 1309/1493/1226
f 399/470/348 401/472/350 1310/1494/1227 1309/1493/1226
f 1313/471/349 399/470/348 1309/1493/1226 1311/1495/1228
f 1314/1496/1229 1313/471/349 1311/1495/1228 1312/1497/1230
f 1308/1490/1223 1318/1474/1207 1312/1497/1230 1311/1495/1228
f 1313/471/349 1314/1496/1229 1315/465/343 395/464/342
f 1283/1463/1196 1314/1496/1229 1312/1497/1230 1285/1465/1198
f 1314/1496/1229 1283/1463/1196 1316/1464/1197 1315/465/343
f 1317/459/337 391/458/336 1315/465/343 1316/1464/1197
f 1180/1340/1078 1317/459/337 1316/1464/1197 1282/1343/1081
f 1317/459/337 1180/1340/1078 1177/1337/1075 390/456/334
f 1318/1474/1207 1287/1466/1199 1285/1465/1198 1312/1497/1230
f 1318/1474/1207 1308/1490/1223 1304/1479/1212 1291/1473/1206
f 401/472/350 403/473/351 1319/1498/1231 1310/1494/1227
f 1321/1499/1232 1307/1492/1225 1310/1494/1227 1319/1498/1231
f 1322/1500/1233 1321/1499/1232 1319/1498/1231 1320/1501/1234
f 403/473/351 1343/476/354 1320/1501/1234 1319/1498/1231
f 1307/1492/1225 1321/1499/1232 1323/1502/1235 1305/1489/1222
f 1321/1499/1232 1322/1500/1233 1325/1503/1236 1323/1502/1235
f 1324/1504/1237 1302/1487/1220 1305/1489/1222 1323/1502/1235
f 1326/1505/1238 1324/1504/1237 1323/1502/1235 1325/1503/1236
f 1327/1506/1239 1328/1507/1240 1326/1505/1238 1325/1503/1236
f 1330/1508/1241 1327/1506/1239 1325/1503/1236 1322/1500/1233
f 1328/1507/1240 1327/1506/1239 1329/1509/1242 2041/1510/1243
f 1327/1506/1239 1330/1508/1241 1332/1511/1244 1329/1509/1242
f 1331/1512/1245 1330/1508/1241 1322/1500/1233 1320/1501/1234
f 1331/1512/1245 1333/1513/1246 1332/1511/1244 1330/1508/1241
f 1329/1509/1242 1332/1511/1244 1334/1514/1247 1335/1515/1248
f 1332/1511/1244 1333/1513/1246 1337/1516/1249 1334/1514/1247
f 1336/1517/1250 1808/1518/1251 1335/1519/1248 1334/1520/1247
f 1338/1521/1252 1336/1517/1250 1334/1520/1247 1337/1522/1249
f 1340/1523/1253 1338/1521/1252 1337/1522/1249 1339/1524/1254
f 1333/1513/1246 1341/1525/1255 1339/1526/1254 1337/1516/1249
f 1344/494/369 1340/1523/1253 1339/1524/1254 416/495/366
f 1341/1525/1255 413/486/363 416/490/366 1339/1526/1254
f 1342/1527/1256 410/484/361 413/486/363 1341/1525/1255
f 1342/1527/1256 1341/1525/1255 1333/1513/1246 1331/1512/1245
f 1342/1527/1256 1331/1512/1245 1320/1501/1234 1343/476/354
f 410/484/361 1342/1527/1256 1343/476/354 404/477/355
f 1338/1521/1252 1340/1523/1253 1345/1528/1257 1346/1529/1258
f 1340/1523/1253 1344/494/369 1348/1530/1259 1345/1528/1257
f 1347/1531/1260 1813/1532/1261 1346/1529/1258 1345/1528/1257
f 1349/1533/1262 1347/1531/1260 1345/1528/1257 1348/1530/1259
f 1351/1534/1263 1349/1533/1262 1348/1530/1259 1350/1535/1264
f 1344/494/369 417/493/368 1350/1535/1264 1348/1530/1259
f 1353/1536/1265 1351/1534/1263 1350/1535/1264 1352/1537/1266
f 417/493/368 419/497/370 1352/1537/1266 1350/1535/1264
f 1354/1538/1267 1355/1539/1268 1353/1536/1265 1352/1537/1266
f 419/497/370 421/499/371 1354/1538/1267 1352/1537/1266
f 1355/1539/1268 1354/1538/1267 1356/1540/1269 1357/1541/1270
f 421/499/371 1359/503/374 1356/1540/1269 1354/1538/1267
f 1360/1542/1271 1357/1541/1270 1356/1540/1269 1358/1543/1272
f 1359/503/374 435/519/389 1358/1543/1272 1356/1540/1269
f 1362/1544/1273 1360/1542/1271 1358/1543/1272 1361/1545/1274
f 435/519/389 437/521/390 1361/1545/1274 1358/1543/1272
f 1363/1546/1275 1364/1547/1276 1362/1544/1273 1361/1545/1274
f 439/524/392 1363/1546/1275 1361/1545/1274 437/521/390
f 1364/1547/1276 1363/1546/1275 1365/1548/1277 1366/1549/1278
f 1363/1546/1275 439/524/392 1368/528/395 1365/1548/1277
f 1370/1550/1279 1366/1549/1278 1365/1548/1277 1367/1551/1280
f 1369/548/413 1367/1551/1280 1365/1548/1277 1368/528/395
f 451/549/407 1369/548/413 1368/528/395 440/527/394
f 455/547/412 1371/1552/1281 1367/1551/1280 1369/548/413
f 1371/1552/1281 1372/1553/1282 1370/1550/1279 1367/1551/1280
f 1373/1554/1283 1374/1555/1284 1372/1553/1282 1371/1552/1281
f 457/551/414 1373/1554/1283 1371/1552/1281 455/547/412
f 1374/1555/1284 1373/1554/1283 1375/1556/1285 1376/1557/1286
f 1373/1554/1283 457/551/414 459/553/416 1375/1556/1285
f 1377/1558/1287 1378/1559/1288 1376/1557/1286 1375/1556/1285
f 1379/557/419 1377/1558/1287 1375/1556/1285 459/553/416
f 1378/1559/1288 1377/1558/1287 1380/617/475 1381/1560/1289
f 1377/1558/1287 1379/557/419 517/611/472 1380/617/475
f 1381/1560/1289 1380/617/475 518/618/476 1382/689/535
f 1383/695/541 1381/1560/1289 1382/689/535 587/690/536
f 1384/1561/1290 1378/1559/1288 1381/1560/1289 1383/695/541
f 597/702/548 1384/1561/1290 1383/695/541 591/694/540
f 1378/1559/1288 1384/1561/1290 1385/1562/1291 1376/1557/1286
f 1384/1561/1290 597/702/548 1387/704/550 1385/1562/1291
f 1386/1563/1292 1374/1555/1284 1376/1557/1286 1385/1562/1291
f 1385/1562/1291 1387/704/550 1388/1564/1293 1386/1563/1292
f 1387/704/550 598/703/549 1389/1565/1294 1388/1564/1293
f 1386/1563/1292 1388/1564/1293 1390/1566/1295 1391/1567/1296
f 1388/1564/1293 1389/1565/1294 1392/1568/1297 1390/1566/1295
f 1391/1567/1296 1390/1566/1295 1393/1569/1298 1395/1570/1299
f 1390/1566/1295 1392/1568/1297 1396/1571/1300 1393/1569/1298
f 1394/1572/1301 1393/1569/1298 1396/1571/1300 1398/1573/1302
f 1393/1569/1298 1394/1572/1301 2038/1574/1303 1395/1570/1299
f 1392/1568/1297 1409/1575/1304 1397/1576/1305 1396/1571/1300
f 1396/1571/1300 1397/1576/1305 1400/1577/1306 1398/1573/1302
f 1399/1578/1307 2039/1579/1308 1394/1572/1301 1398/1573/1302
f 1401/1580/1309 1399/1578/1307 1398/1573/1302 1400/1577/1306
f 1403/1581/1310 1401/1580/1309 1400/1577/1306 1402/1582/1311
f 1397/1576/1305 1405/1583/1312 1402/1582/1311 1400/1577/1306
f 1404/1584/1313 1441/1585/1314 1403/1581/1310 1402/1582/1311
f 1406/1586/1315 1404/1584/1313 1402/1582/1311 1405/1583/1312
f 1409/1575/1304 1407/1587/1316 1405/1583/1312 1397/1576/1305
f 1405/1583/1312 1407/1587/1316 1410/1588/1317 1406/1586/1315
f 1408/1589/1318 1411/1590/1319 1410/1588/1317 1407/1587/1316
f 2164/1591/1320 1408/1589/1318 1407/1587/1316 1409/1575/1304
f 1410/1588/1317 1411/1590/1319 1413/1592/1321 1412/1593/1322
f 1406/1586/1315 1410/1588/1317 1412/1593/1322 1415/1594/1323
f 1412/1593/1322 1413/1592/1321 1426/1595/1324 1414/1596/1325
f 1415/1594/1323 1412/1593/1322 1414/1596/1325 1417/1597/1326
f 1404/1584/1313 1406/1586/1315 1415/1594/1323 1416/1598/1327
f 1417/1597/1326 1418/1599/1328 1416/1598/1327 1415/1594/1323
f 1418/1599/1328 1417/1597/1326 1419/1600/1329 1420/1601/1330
f 1417/1597/1326 1414/1596/1325 1421/1602/1331 1419/1600/1329
f 668/780/587 670/782/589 1420/1601/1330 1419/1600/1329
f 1419/1600/1329 1421/1602/1331 1423/781/588 668/780/587
f 1422/1603/1332 1424/768/577 1423/781/588 1421/1602/1331
f 1414/1596/1325 1426/1595/1324 1422/1603/1332 1421/1602/1331
f 1424/768/577 657/767/576 663/773/580 1423/781/588
f 1424/768/577 1422/1603/1332 1425/1604/1333 656/766/575
f 1427/1605/1334 1425/1604/1333 1422/1603/1332 1426/1595/1324
f 1426/1595/1324 1413/1592/1321 1428/1606/1335 1427/1605/1334
f 1425/1604/1333 1427/1605/1334 1429/1607/1336 1430/1608/1337
f 1427/1605/1334 1428/1606/1335 1431/1609/1336 1429/1607/1336
f 1430/1608/1337 1429/1607/1336 1432/1610/569 1434/1611/569
f 1429/1607/1336 1431/1609/1336 1433/716/562 1432/1610/569
f 1432/1610/569 613/720/566 615/722/568 1434/1611/569
f 613/720/566 1432/1610/569 1433/716/562 609/717/563
f 654/764/571 1430/1608/1337 1434/1611/569 652/763/569
f 617/724/568 652/763/569 1434/1611/569 615/722/568
f 1431/1609/1336 602/709/555 605/710/556 1433/716/562
f 1431/1609/1336 1428/1606/1335 1435/711/557 602/709/555
f 656/766/575 1425/1604/1333 1430/1608/1337 654/764/571
f 1413/1592/1321 1411/1590/1319 1435/711/557 1428/1606/1335
f 1411/1590/1319 1408/1589/1318 603/706/552 1435/711/557
f 1438/1612/1338 1418/1599/1328 1420/1601/1330 1436/1613/1339
f 670/782/589 672/783/590 1436/1613/1339 1420/1601/1330
f 1439/1614/1340 1438/1612/1338 1436/1613/1339 1437/1615/1341
f 672/783/590 2163/786/593 1437/1615/1341 1436/1613/1339
f 1438/1612/1338 1439/1614/1340 1442/1616/1342 1440/1617/1343
f 1418/1599/1328 1438/1612/1338 1440/1617/1343 1416/1598/1327
f 1441/1585/1314 1404/1584/1313 1416/1598/1327 1440/1617/1343
f 1444/1618/1344 1441/1585/1314 1440/1617/1343 1442/1616/1342
f 1446/1619/1345 1444/1618/1344 1442/1616/1342 1443/1620/1346
f 1439/1614/1340 1462/1621/1347 1443/1620/1346 1442/1616/1342
f 1441/1585/1314 1444/1618/1344 1445/1622/1348 1403/1581/1310
f 1444/1618/1344 1446/1619/1345 1448/1623/1349 1445/1622/1348
f 1447/1624/1350 1446/1619/1345 1443/1620/1346 1460/1625/1351
f 1446/1619/1345 1447/1624/1350 1450/1626/1352 1448/1623/1349
f 1449/1627/1353 2040/1628/1354 1445/1622/1348 1448/1623/1349
f 1451/1629/1355 1449/1627/1353 1448/1623/1349 1450/1626/1352
f 1453/1630/1356 1451/1629/1355 1450/1626/1352 1452/1631/1357
f 1447/1624/1350 1455/1632/1358 1452/1631/1357 1450/1626/1352
f 1832/1633/1359 1453/1630/1356 1452/1631/1357 1454/1634/1360
f 1455/1632/1358 1456/1635/1361 1454/1634/1360 1452/1631/1357
f 1456/1635/1361 1455/1632/1358 1457/1636/1362 1458/1637/1363
f 1455/1632/1358 1447/1624/1350 1460/1625/1351 1457/1636/1362
f 1459/1638/1364 1845/1639/1365 1458/1637/1363 1457/1636/1362
f 1461/1640/1366 1459/1638/1364 1457/1636/1362 1460/1625/1351
f 1462/1621/1347 1461/1640/1366 1460/1625/1351 1443/1620/1346
f 1461/1640/1366 1462/1621/1347 1465/1641/1367 1463/1642/1368
f 1459/1638/1364 1461/1640/1366 1463/1642/1368 1466/1643/1369
f 1464/1644/1370 1468/1645/1371 1466/1643/1369 1463/1642/1368
f 2162/1646/1372 1464/1644/1370 1463/1642/1368 1465/1641/1367
f 1845/1639/1365 1459/1638/1364 1466/1643/1369 1467/1647/1373
f 1468/1645/1371 1469/1648/1374 1467/1647/1373 1466/1643/1369
f 1469/1648/1374 1468/1645/1371 1470/1649/1375 1472/1650/1376
f 1468/1645/1371 1464/1644/1370 1471/1651/1377 1470/1649/1375
f 1473/1652/1378 1470/1649/1375 1471/1651/1377 1476/1653/1379
f 1470/1649/1375 1473/1652/1378 1475/1654/1380 1472/1650/1376
f 1474/1655/1381 1473/1652/1378 1476/1653/1379 1477/1656/1382
f 1473/1652/1378 1474/1655/1381 2021/1657/1383 1475/1654/1380
f 677/791/598 679/793/600 1477/1656/1382 1476/1653/1379
f 2161/792/599 677/791/598 1476/1653/1379 1471/1651/1377
f 681/795/602 1478/1658/1384 1477/1656/1382 679/793/600
f 1478/1658/1384 1480/1659/1385 1474/1655/1381 1477/1656/1382
f 1478/1658/1384 681/795/602 2150/798/605 1479/1660/1386
f 1480/1659/1385 1478/1658/1384 1479/1660/1386 1482/1661/1387
f 1481/1662/1388 1480/1659/1385 1482/1661/1387 1484/1663/1389
f 1480/1659/1385 1481/1662/1388 2021/1657/1383 1474/1655/1381
f 1483/1664/1390 1482/1661/1387 1479/1660/1386 2149/1665/1391
f 1482/1661/1387 1483/1664/1390 1485/1666/1392 1484/1663/1389
f 1489/1667/1393 1486/1668/1394 1484/1663/1389 1485/1666/1392
f 1486/1668/1394 1487/1669/1395 1481/1662/1388 1484/1663/1389
f 1487/1669/1395 1486/1668/1394 1488/1670/1396 2011/1671/1397
f 1486/1668/1394 1489/1667/1393 1491/1672/1398 1488/1670/1396
f 1490/1673/1399 1489/1667/1393 1485/1666/1392 2148/1674/1400
f 1489/1667/1393 1490/1673/1399 1493/1675/1401 1491/1672/1398
f 1492/1676/1402 1491/1672/1398 1493/1675/1401 1494/1677/1403
f 1491/1672/1398 1492/1676/1402 2012/1678/1404 1488/1670/1396
f 1496/1679/1405 1494/1677/1403 1493/1675/1401 1495/1680/1406
f 1490/1673/1399 1498/1681/1407 1495/1680/1406 1493/1675/1401
f 2014/1682/1408 1496/1679/1405 1495/1680/1406 1497/1683/1409
f 1498/1681/1407 1500/1684/1410 1497/1683/1409 1495/1680/1406
f 1498/1681/1407 1490/1673/1399 2148/1674/1400 1499/1685/1411
f 1500/1684/1410 1498/1681/1407 1499/1685/1411 1501/1686/1412
f 1502/1687/1413 1500/1684/1410 1501/1686/1412 1503/1688/1414
f 1500/1684/1410 1502/1687/1413 1505/1689/1415 1497/1683/1409
f 1504/1690/1416 1502/1687/1413 1503/1688/1414 1532/1691/1417
f 1502/1687/1413 1504/1690/1416 1507/1692/1418 1505/1689/1415
f 1506/1693/1419 2014/1682/1408 1497/1683/1409 1505/1689/1415
f 1508/1694/1420 1506/1693/1419 1505/1689/1415 1507/1692/1418
f 1510/1695/1421 1508/1694/1420 1507/1692/1418 1509/1696/1422
f 1512/1697/1423 1509/1696/1422 1507/1692/1418 1504/1690/1416
f 1981/1698/1424 1510/1695/1421 1509/1696/1422 1511/1699/1425
f 1512/1697/1423 1514/1700/1426 1511/1699/1425 1509/1696/1422
f 1512/1697/1423 1504/1690/1416 1532/1691/1417 1513/1701/1427
f 1514/1700/1426 1512/1697/1423 1513/1701/1427 1516/1702/1428
f 1514/1700/1426 1515/1703/1429 1982/1704/1430 1511/1699/1425
f 1515/1703/1429 1514/1700/1426 1516/1702/1428 1518/1705/1431
f 1517/1706/1432 1520/1707/1433 1518/1705/1431 1516/1702/1428
f 1530/1708/1434 1517/1706/1432 1516/1702/1428 1513/1701/1427
f 2018/1709/1435 1515/1703/1429 1518/1705/1431 1519/1710/1436
f 1520/1707/1433 1521/1711/1437 1519/1710/1436 1518/1705/1431
f 1521/1711/1437 1520/1707/1433 1522/1712/1438 1523/1713/1439
f 1520/1707/1433 1517/1706/1432 1525/1714/1440 1522/1712/1438
f 1524/1715/1441 1557/1716/1442 1523/1713/1439 1522/1712/1438
f 1526/1717/1443 1524/1715/1441 1522/1712/1438 1525/1714/1440
f 1526/1717/1443 1525/1714/1440 1527/1718/1444 1528/1719/1445
f 1517/1706/1432 1530/1708/1434 1527/1718/1444 1525/1714/1440
f 1540/1720/1446 1528/1719/1445 1527/1718/1444 1529/1721/1447
f 1531/1722/1448 1529/1721/1447 1527/1718/1444 1530/1708/1434
f 1531/1722/1448 1530/1708/1434 1513/1701/1427 1532/1691/1417
f 1533/1723/1449 1531/1722/1448 1532/1691/1417 1503/1688/1414
f 1531/1722/1448 1533/1723/1449 1535/1724/1450 1529/1721/1447
f 1534/1725/1451 1533/1723/1449 1503/1688/1414 1501/1686/1412
f 1533/1723/1449 1534/1725/1451 1536/1726/1452 1535/1724/1450
f 1538/1727/1453 1537/1728/1454 1535/1724/1450 1536/1726/1452
f 1537/1728/1454 1540/1720/1446 1529/1721/1447 1535/1724/1450
f 1537/1728/1454 1538/1727/1453 2151/1729/1455 1539/1730/1456
f 1540/1720/1446 1537/1728/1454 1539/1730/1456 1541/1731/1457
f 1528/1719/1445 1540/1720/1446 1541/1731/1457 1542/1732/1458
f 1546/1733/1459 1542/1732/1458 1541/1731/1457 1543/1734/1460
f 1544/1735/1461 1543/1734/1460 1541/1731/1457 1539/1730/1456
f 1543/1734/1460 1544/1735/1461 2133/1736/1462 1545/1737/1463
f 1547/1738/1464 1546/1733/1459 1543/1734/1460 1545/1737/1463
f 1546/1733/1459 1547/1738/1464 1549/1739/1465 1548/1740/1466
f 1542/1732/1458 1546/1733/1459 1548/1740/1466 1550/1741/1467
f 1552/1742/1468 1551/1743/1469 1548/1740/1466 1549/1739/1465
f 1551/1743/1469 1554/1744/1470 1550/1741/1467 1548/1740/1466
f 1551/1743/1469 1552/1742/1468 2110/1745/1471 1553/1746/1472
f 1554/1744/1470 1551/1743/1469 1553/1746/1472 1555/1747/1473
f 1524/1715/1441 1526/1717/1443 1550/1741/1467 1554/1744/1470
f 1557/1716/1442 1524/1715/1441 1554/1744/1470 1555/1747/1473
f 1558/1748/1474 1557/1716/1442 1555/1747/1473 1556/920/712
f 782/917/709 1556/920/712 1555/1747/1473 1553/1746/1472
f 1557/1716/1442 1558/1748/1474 1560/1749/1475 1523/1713/1439
f 1559/1750/1476 1558/1748/1474 1556/920/712 783/921/713
f 1558/1748/1474 1559/1750/1476 1562/1751/1477 1560/1749/1475
f 1561/1752/1478 1560/1749/1475 1562/1751/1477 1563/1753/1479
f 1560/1749/1475 1561/1752/1478 1521/1711/1437 1523/1713/1439
f 805/946/734 1563/1753/1479 1562/1751/1477 803/944/732
f 1559/1750/1476 801/942/731 803/944/732 1562/1751/1477
f 1565/1754/1480 1561/1752/1478 1563/1753/1479 1564/1755/1481
f 1563/1753/1479 805/946/734 1567/950/737 1564/1755/1481
f 1566/1756/1482 1568/1757/1483 1565/1754/1480 1564/1755/1481
f 819/969/751 1566/1756/1482 1564/1755/1481 1567/950/737
f 1568/1757/1483 1566/1756/1482 1569/1758/1484 1570/1759/1485
f 1566/1756/1482 819/969/751 821/971/752 1569/1758/1484
f 1571/1760/1486 1572/1761/1487 1570/1759/1485 1569/1758/1484
f 823/973/754 1571/1760/1486 1569/1758/1484 821/971/752
f 1572/1761/1487 1571/1760/1486 1573/1762/1488 1574/1763/1489
f 1571/1760/1486 823/973/754 1576/977/757 1573/1762/1488
f 1575/1764/1490 1577/1765/1491 1574/1763/1489 1573/1762/1488
f 837/993/771 1575/1764/1490 1573/1762/1488 1576/977/757
f 1577/1765/1491 1575/1764/1490 1578/1766/1492 1579/1767/1493
f 1575/1764/1490 837/993/771 839/995/772 1578/1766/1492
f 1580/1768/1494 1581/1769/1495 1579/1767/1493 1578/1766/1492
f 841/997/774 1580/1768/1494 1578/1766/1492 839/995/772
f 1581/1769/1495 1580/1768/1494 1582/1770/1496 1583/1771/1497
f 1580/1768/1494 841/997/774 1585/1001/777 1582/1770/1496
f 1963/1772/1498 1583/1771/1497 1582/1770/1496 1584/1773/1499
f 1586/1774/1500 1584/1773/1499 1582/1770/1496 1585/1001/777
f 1587/1775/1501 1586/1774/1500 1585/1001/777 842/1000/776
f 1586/1774/1500 1587/1775/1501 1589/1776/1502 1588/1777/1503
f 1584/1773/1499 1586/1774/1500 1588/1777/1503 1590/1778/1504
f 1591/1779/1505 1588/1777/1503 1589/1776/1502 1594/1780/1506
f 1588/1777/1503 1591/1779/1505 1593/1781/1507 1590/1778/1504
f 1592/1782/1508 1591/1779/1505 1594/1780/1506 1595/1783/1509
f 1591/1779/1505 1592/1782/1508 1955/1784/1510 1593/1781/1507
f 1599/1785/1511 1596/1786/1512 1594/1787/1506 1589/1788/1502
f 1596/1786/1512 1597/1789/1513 1595/1790/1509 1594/1787/1506
f 1598/1791/1514 1609/1792/1515 1597/1789/1513 1596/1786/1512
f 1598/1791/1514 1596/1786/1512 1599/1785/1511 1601/1793/1516
f 1601/1793/1516 1599/1785/1511 1600/1010/784 848/1009/783
f 1600/1010/784 1599/1785/1511 1589/1788/1502 1587/1794/1501
f 1601/1793/1516 848/1009/783 850/1012/785 1602/1795/1517
f 1598/1791/1514 1601/1793/1516 1602/1795/1517 1604/1796/1518
f 1605/1797/1519 1604/1796/1518 1602/1795/1517 1603/1798/1520
f 852/1014/787 1603/1798/1520 1602/1795/1517 850/1012/785
f 1604/1796/1518 1605/1797/1519 1608/1799/1521 1606/1800/1522
f 1609/1792/1515 1598/1791/1514 1604/1796/1518 1606/1800/1522
f 1610/1801/1523 1609/1792/1515 1606/1800/1522 1607/1802/1524
f 1641/1803/1525 1607/1802/1524 1606/1800/1522 1608/1799/1521
f 1609/1792/1515 1610/1801/1523 1612/1804/1526 1597/1789/1513
f 1611/1805/1527 1610/1801/1523 1607/1802/1524 2109/1806/1528
f 1611/1805/1527 1613/1807/1529 1612/1804/1526 1610/1801/1523
f 1612/1804/1526 1613/1807/1529 1616/1808/1530 1614/1809/1531
f 1612/1804/1526 1614/1809/1531 1595/1790/1509 1597/1789/1513
f 1615/1810/1532 1592/1782/1508 1595/1783/1509 1614/1811/1531
f 1617/1812/1533 1615/1810/1532 1614/1811/1531 1616/1813/1530
f 1619/1814/1534 1617/1812/1533 1616/1813/1530 1618/1815/1535
f 1613/1807/1529 1621/1816/1536 1618/1817/1535 1616/1808/1530
f 1945/1818/1537 1619/1814/1534 1618/1815/1535 1620/1819/1538
f 1621/1816/1536 1622/1820/1539 1620/1821/1538 1618/1817/1535
f 1623/1822/1540 1625/1823/1541 1622/1820/1539 1621/1816/1536
f 1611/1805/1527 1623/1822/1540 1621/1816/1536 1613/1807/1529
f 1623/1822/1540 1611/1805/1527 2109/1806/1528 1624/1824/1542
f 1625/1823/1541 1623/1822/1540 1624/1824/1542 1627/1825/1543
f 1625/1823/1541 1626/1826/1544 1949/1827/1545 1622/1820/1539
f 1626/1826/1544 1625/1823/1541 1627/1825/1543 1628/1828/1546
f 1630/1829/1547 1628/1828/1546 1627/1825/1543 1629/1830/1548
f 1624/1824/1542 1632/1831/1549 1629/1830/1548 1627/1825/1543
f 1743/1832/1550 1630/1829/1547 1629/1830/1548 1631/1833/1551
f 1632/1831/1549 1634/1834/1552 1631/1833/1551 1629/1830/1548
f 1632/1831/1549 1624/1824/1542 2109/1806/1528 1633/1835/1553
f 1634/1834/1552 1632/1831/1549 1633/1835/1553 1636/1836/1554
f 1635/1837/1555 1731/1838/1556 1631/1833/1551 1634/1834/1552
f 1637/1839/1557 1635/1837/1555 1634/1834/1552 1636/1836/1554
f 1638/1840/1558 1639/1841/1559 1637/1839/1557 1636/1836/1554
f 1641/1803/1525 1638/1840/1558 1636/1836/1554 1633/1835/1553
f 1639/1841/1559 1638/1840/1558 1640/1842/1560 1642/1843/1561
f 1638/1840/1558 1641/1803/1525 1608/1799/1521 1640/1842/1560
f 1641/1803/1525 1633/1835/1553 2109/1806/1528 1607/1802/1524
f 1644/1844/1562 1642/1843/1561 1640/1842/1560 1643/1845/1563
f 1605/1797/1519 1643/1845/1563 1640/1842/1560 1608/1799/1521
f 1646/1846/1564 1644/1844/1562 1643/1845/1563 1645/1847/1565
f 1643/1845/1563 1605/1797/1519 1603/1798/1520 1645/1847/1565
f 1647/1017/790 1648/1848/1566 1646/1846/1564 1645/1847/1565
f 1603/1798/1520 852/1014/787 1647/1017/790 1645/1847/1565
f 1648/1848/1566 1647/1017/790 853/1016/789 1649/1022/795
f 1650/1849/1567 1648/1848/1566 1649/1022/795 1651/1850/1568
f 1648/1848/1566 1650/1849/1567 1652/1851/1569 1646/1846/1564
f 1653/1852/1570 1650/1849/1567 1651/1850/1568 1654/1853/1571
f 1650/1849/1567 1653/1852/1570 1656/1854/1572 1652/1851/1569
f 1655/1855/1573 1653/1852/1570 1654/1853/1571 2091/1856/1574
f 1653/1852/1570 1655/1855/1573 1658/1857/1575 1656/1854/1572
f 1657/1858/1576 1741/1859/1577 1652/1851/1569 1656/1854/1572
f 1660/1860/1578 1657/1858/1576 1656/1854/1572 1658/1857/1575
f 1662/1861/1579 1660/1860/1578 1658/1857/1575 1659/1862/1580
f 1655/1855/1573 2092/1863/1581 1659/1862/1580 1658/1857/1575
f 1657/1858/1576 1660/1860/1578 1661/1864/1582 1738/1865/1583
f 1660/1860/1578 1662/1861/1579 1664/1866/1584 1661/1864/1582
f 1663/1867/1585 1662/1861/1579 1659/1862/1580 2080/1868/1586
f 1662/1861/1579 1663/1867/1585 1666/1869/1587 1664/1866/1584
f 1665/1870/1588 1739/1871/1589 1661/1864/1582 1664/1866/1584
f 1665/1870/1588 1664/1866/1584 1666/1869/1587 1668/1872/1590
f 1670/1873/1591 1668/1872/1590 1666/1869/1587 1667/1874/1592
f 1663/1867/1585 2077/1875/1593 1667/1874/1592 1666/1869/1587
f 1668/1872/1590 1669/1876/1594 1678/1877/1595 1665/1870/1588
f 1668/1872/1590 1670/1873/1591 1671/1878/1596 1669/1876/1594
f 1071/1236/993 1670/1873/1591 1667/1874/1592 1069/1235/992
f 1670/1873/1591 1071/1236/993 1073/1238/995 1671/1878/1596
f 1672/1879/1597 1674/1880/1598 1669/1876/1594 1671/1878/1596
f 1075/1240/997 1672/1879/1597 1671/1878/1596 1073/1238/995
f 1672/1879/1597 1075/1240/997 1077/1242/999 1673/1881/1599
f 1674/1880/1598 1672/1879/1597 1673/1881/1599 1675/1882/1600
f 1676/1883/1601 1674/1880/1598 1675/1882/1600 1679/1884/1602
f 1674/1880/1598 1676/1883/1601 1678/1877/1595 1669/1876/1594
f 1677/1885/1603 1676/1883/1601 1679/1884/1602 1680/1886/1604
f 1676/1883/1601 1677/1885/1603 1736/1887/1605 1678/1877/1595
f 1681/1888/1606 1682/1889/1607 1680/1886/1604 1679/1884/1602
f 1683/1890/1608 1681/1888/1606 1679/1884/1602 1675/1882/1600
f 1682/1889/1607 1681/1888/1606 1684/1891/1609 1685/1892/1610
f 1681/1888/1606 1683/1890/1608 1687/1893/1611 1684/1891/1609
f 1686/1894/1612 1721/1895/1613 1685/1892/1610 1684/1891/1609
f 1689/1896/1614 1686/1894/1612 1684/1891/1609 1687/1893/1611
f 1688/1897/1615 1691/1898/1616 1689/1896/1614 1687/1893/1611
f 2076/1899/1617 1688/1897/1615 1687/1893/1611 1683/1890/1608
f 1686/1894/1612 1689/1896/1614 1690/1900/1618 1718/1901/1619
f 1691/1898/1616 1693/1902/1620 1690/1900/1618 1689/1896/1614
f 1691/1898/1616 1688/1897/1615 2074/1903/1621 1692/1904/1622
f 1693/1902/1620 1691/1898/1616 1692/1904/1622 1695/1905/1623
f 1694/1906/1624 1714/1907/1625 1690/1900/1618 1693/1902/1620
f 1696/1908/1626 1694/1906/1624 1693/1902/1620 1695/1905/1623
f 1697/1254/1011 1698/1909/1627 1696/1908/1626 1695/1905/1623
f 1692/1904/1622 1086/1252/1009 1697/1254/1011 1695/1905/1623
f 1698/1909/1627 1697/1254/1011 1087/1253/1010 1700/1260/1017
f 1699/1910/1628 1698/1909/1627 1700/1260/1017 1701/1911/1629
f 1698/1909/1627 1699/1910/1628 1709/1912/1630 1696/1908/1626
f 1700/1260/1017 1091/1259/1016 1702/1913/1631 1701/1911/1629
f 1195/1358/1096 1699/1910/1628 1701/1911/1629 1193/1357/1095
f 1702/1913/1631 1703/1356/1094 1193/1357/1095 1701/1911/1629
f 1703/1356/1094 1702/1913/1631 1704/1914/1632 1705/1915/1633
f 1091/1259/1016 1093/1261/1018 1704/1914/1632 1702/1913/1631
f 1706/1320/1058 1158/1319/1057 1705/1915/1633 1704/1914/1632
f 1093/1261/1018 1095/1262/1019 1706/1320/1058 1704/1914/1632
f 1095/1262/1019 2168/1265/1022 1157/1317/1055 1706/1320/1058
f 1192/1353/1091 1703/1356/1094 1705/1915/1633 1707/1916/1634
f 1158/1319/1057 1160/1321/1059 1707/1916/1634 1705/1915/1633
f 1160/1321/1059 1162/1322/1060 1708/1917/1635 1707/1916/1634
f 1190/1352/1090 1192/1353/1091 1707/1916/1634 1708/1917/1635
f 1188/1334/1072 1190/1352/1090 1708/1917/1635 1170/1332/1070
f 1162/1322/1060 1164/1324/1062 1170/1332/1070 1708/1917/1635
f 1699/1910/1628 1195/1358/1096 1197/1360/1098 1709/1912/1630
f 1694/1906/1624 1696/1908/1626 1709/1912/1630 1710/1918/1636
f 1197/1360/1098 1712/1361/1099 1710/1918/1636 1709/1912/1630
f 1714/1907/1625 1694/1906/1624 1710/1918/1636 1711/1919/1637
f 1712/1361/1099 1713/1375/1113 1711/1919/1637 1710/1918/1636
f 1713/1375/1113 1712/1361/1099 1198/1362/1100 1204/1366/1104
f 1209/1374/1112 1715/1380/1118 1711/1919/1637 1713/1375/1113
f 1715/1380/1118 1716/1920/1638 1714/1907/1625 1711/1919/1637
f 1716/1920/1638 1715/1380/1118 1213/1381/1119 1717/1387/1125
f 1718/1901/1619 1716/1920/1638 1717/1387/1125 1719/1921/1639
f 1716/1920/1638 1718/1901/1619 1690/1900/1618 1714/1907/1625
f 1721/1895/1613 1686/1894/1612 1718/1901/1619 1719/1921/1639
f 1722/1922/1640 1721/1895/1613 1719/1921/1639 1720/1923/1641
f 1217/1386/1124 1720/1923/1641 1719/1921/1639 1717/1387/1125
f 1721/1895/1613 1722/1922/1640 1724/1924/1642 1685/1892/1610
f 1723/1925/1643 1722/1922/1640 1720/1923/1641 1757/1926/1644
f 1722/1922/1640 1723/1925/1643 1725/1927/1645 1724/1924/1642
f 1727/1928/1646 1726/1929/1647 1724/1924/1642 1725/1927/1645
f 1726/1929/1647 1682/1889/1607 1685/1892/1610 1724/1924/1642
f 1726/1929/1647 1727/1928/1646 1730/1930/1648 1728/1931/1649
f 1682/1889/1607 1726/1929/1647 1728/1931/1649 1680/1886/1604
f 1729/1932/1650 1677/1885/1603 1680/1886/1604 1728/1931/1649
f 1732/1933/1651 1729/1932/1650 1728/1931/1649 1730/1930/1648
f 1731/1838/1556 1635/1837/1555 1732/1933/1651 1730/1930/1648
f 1727/1928/1646 1742/1934/1652 1731/1838/1556 1730/1930/1648
f 1729/1932/1650 1732/1933/1651 1733/1935/1653 1735/1936/1654
f 1635/1837/1555 1637/1839/1557 1733/1935/1653 1732/1933/1651
f 1734/1937/1655 1737/1938/1656 1735/1936/1654 1733/1935/1653
f 1734/1937/1655 1733/1935/1653 1637/1839/1557 1639/1841/1559
f 1677/1885/1603 1729/1932/1650 1735/1936/1654 1736/1887/1605
f 1737/1938/1656 1739/1871/1589 1736/1887/1605 1735/1936/1654
f 1737/1938/1656 1734/1937/1655 1740/1939/1657 1738/1865/1583
f 1739/1871/1589 1737/1938/1656 1738/1865/1583 1661/1864/1582
f 1739/1871/1589 1665/1870/1588 1678/1877/1595 1736/1887/1605
f 1741/1859/1577 1657/1858/1576 1738/1865/1583 1740/1939/1657
f 1642/1843/1561 1644/1844/1562 1741/1859/1577 1740/1939/1657
f 1734/1937/1655 1639/1841/1559 1642/1843/1561 1740/1939/1657
f 1644/1844/1562 1646/1846/1564 1652/1851/1569 1741/1859/1577
f 1742/1934/1652 1743/1832/1550 1631/1833/1551 1731/1838/1556
f 1743/1832/1550 1742/1934/1652 1744/1940/1658 1746/1941/1659
f 1742/1934/1652 1727/1928/1646 1725/1927/1645 1744/1940/1658
f 1745/1942/1660 1744/1940/1658 1725/1927/1645 1723/1925/1643
f 1744/1940/1658 1745/1942/1660 1747/1943/1661 1746/1941/1659
f 1747/1943/1661 1750/1944/1662 1748/1945/1663 1746/1941/1659
f 1630/1829/1547 1743/1832/1550 1746/1941/1659 1748/1945/1663
f 1628/1828/1546 1630/1829/1547 1748/1945/1663 1749/1946/1664
f 1750/1944/1662 1751/1947/1665 1749/1946/1664 1748/1945/1663
f 1751/1947/1665 1750/1944/1662 1752/1948/1666 1753/1949/1667
f 1750/1944/1662 1747/1943/1661 1754/1950/1668 1752/1948/1666
f 1231/1403/1141 1752/1948/1666 1754/1950/1668 1755/1392/1130
f 1752/1948/1666 1231/1403/1141 1233/1404/1142 1753/1949/1667
f 1221/1389/1127 1755/1392/1130 1754/1950/1668 1756/1951/1669
f 1745/1942/1660 1756/1951/1669 1754/1950/1668 1747/1943/1661
f 1219/1388/1126 1221/1389/1127 1756/1951/1669 1757/1926/1644
f 1756/1951/1669 1745/1942/1660 1723/1925/1643 1757/1926/1644
f 1720/1923/1641 1217/1386/1124 1219/1388/1126 1757/1926/1644
f 1235/1406/1144 1758/1952/1670 1753/1949/1667 1233/1404/1142
f 1758/1952/1670 1760/1953/1671 1751/1947/1665 1753/1949/1667
f 1758/1952/1670 1235/1406/1144 1771/1409/1147 1759/1954/1672
f 1760/1953/1671 1758/1952/1670 1759/1954/1672 1762/1955/1673
f 1761/1956/1674 1760/1953/1671 1762/1955/1673 1763/1957/1675
f 1760/1953/1671 1761/1956/1674 1749/1946/1664 1751/1947/1665
f 1762/1955/1673 1759/1954/1672 1767/1958/1676 1764/1959/1677
f 1763/1957/1675 1762/1955/1673 1764/1959/1677 1765/1960/1678
f 1766/1961/1679 1947/1962/1680 1765/1963/1678 1764/1964/1677
f 1768/1965/1681 1766/1961/1679 1764/1964/1677 1767/1966/1676
f 1769/1967/1682 1770/1968/1683 1768/1965/1681 1767/1966/1676
f 1759/1954/1672 1771/1409/1147 1769/1969/1682 1767/1958/1676
f 1770/1968/1683 1769/1967/1682 1243/1421/1153 1773/1420/1156
f 1771/1409/1147 1236/1408/1146 1243/1415/1153 1769/1969/1682
f 1772/1970/1684 1770/1968/1683 1773/1420/1156 1774/1971/1685
f 1770/1968/1683 1772/1970/1684 1953/1972/1686 1768/1965/1681
f 1242/1416/1154 1776/1973/1687 1774/1971/1685 1773/1420/1156
f 1775/1974/1688 1919/1975/1689 1772/1970/1684 1774/1971/1685
f 1776/1973/1687 1777/1976/1690 1775/1974/1688 1774/1971/1685
f 1777/1976/1690 1776/1973/1687 1778/1977/1691 1779/1978/1692
f 1776/1973/1687 1242/1416/1154 1245/1419/1155 1778/1977/1691
f 1781/1979/1693 1779/1978/1692 1778/1977/1691 1780/1980/1694
f 1247/1423/1158 1780/1980/1694 1778/1977/1691 1245/1419/1155
f 1783/1981/1695 1781/1979/1693 1780/1980/1694 1782/1982/1696
f 1780/1980/1694 1247/1423/1158 1785/1427/1161 1782/1982/1696
f 1784/1983/1697 1907/1984/1698 1783/1981/1695 1782/1982/1696
f 1786/1985/1699 1784/1983/1697 1782/1982/1696 1785/1427/1161
f 1787/1986/1700 1786/1985/1699 1785/1427/1161 1248/1426/1160
f 1784/1983/1697 1786/1985/1699 1788/1987/1701 1790/1988/1702
f 1786/1985/1699 1787/1986/1700 1789/1989/1703 1788/1987/1701
f 1793/1990/1704 1791/1991/1705 1788/1987/1701 1789/1989/1703
f 1791/1991/1705 1792/1992/1706 1790/1988/1702 1788/1987/1701
f 1792/1992/1706 1791/1991/1705 1794/1993/1707 1797/1994/1708
f 1791/1991/1705 1793/1990/1704 1796/1995/1709 1794/1993/1707
f 1794/1993/1707 1795/1996/1710 1799/1997/1711 1797/1994/1708
f 1795/1996/1710 1794/1993/1707 1796/1995/1709 2073/1998/1712
f 1798/1999/1713 1890/2000/1714 1792/1992/1706 1797/1994/1708
f 1799/1997/1711 1800/2001/1715 1798/1999/1713 1797/1994/1708
f 1800/2001/1715 1799/1997/1711 1801/2002/1716 1802/2003/1717
f 1795/1996/1710 1804/2004/1718 1801/2002/1716 1799/1997/1711
f 1898/2005/1719 1802/2003/1717 1801/2002/1716 1803/2006/1720
f 1804/2004/1718 1806/2007/1721 1803/2006/1720 1801/2002/1716
f 1804/2004/1718 1795/1996/1710 2073/1998/1712 1805/2008/1722
f 1806/2007/1721 1804/2004/1718 1805/2008/1722 1807/2009/1723
f 1808/1518/1251 1806/2007/1721 1807/2009/1723 1335/1519/1248
f 1806/2007/1721 1808/1518/1251 1809/2010/1724 1803/2006/1720
f 1808/1518/1251 1336/1517/1250 1811/2011/1725 1809/2010/1724
f 1810/2012/1726 1898/2005/1719 1803/2006/1720 1809/2010/1724
f 1812/2013/1727 1810/2012/1726 1809/2010/1724 1811/2011/1725
f 1813/1532/1261 1812/2013/1727 1811/2011/1725 1346/1529/1258
f 1336/1517/1250 1338/1521/1252 1346/1529/1258 1811/2011/1725
f 1812/2013/1727 1813/1532/1261 1817/2014/1728 1814/2015/1729
f 1810/2012/1726 1812/2013/1727 1814/2015/1729 1815/2016/1730
f 1816/2017/1731 1895/2018/1732 1815/2016/1730 1814/2015/1729
f 1818/2019/1733 1816/2017/1731 1814/2015/1729 1817/2014/1728
f 1821/2020/1734 1818/2019/1733 1817/2014/1728 1819/2021/1735
f 1813/1532/1261 1347/1531/1260 1819/2021/1735 1817/2014/1728
f 1822/2022/1736 1821/2020/1734 1819/2021/1735 1820/2023/1737
f 1347/1531/1260 1349/1533/1262 1820/2023/1737 1819/2021/1735
f 1818/2019/1733 1821/2020/1734 1823/2024/1738 1824/2025/1739
f 1821/2020/1734 1822/2022/1736 1826/2026/1740 1823/2024/1738
f 1825/2027/1741 1902/2028/1742 1824/2025/1739 1823/2024/1738
f 1827/2029/1743 1825/2027/1741 1823/2024/1738 1826/2026/1740
f 1831/2030/1744 1827/2029/1743 1826/2026/1740 1828/2031/1745
f 1822/2022/1736 1830/2032/1746 1828/2031/1745 1826/2026/1740
f 1832/1633/1359 1831/2030/1744 1828/2031/1745 1829/2033/1747
f 1830/2032/1746 2022/2034/1748 1829/2033/1747 1828/2031/1745
f 1831/2030/1744 1832/1633/1359 1454/1634/1360 1833/2035/1749
f 1827/2029/1743 1831/2030/1744 1833/2035/1749 1834/2036/1750
f 1456/1635/1361 1835/2037/1751 1833/2035/1749 1454/1634/1360
f 1835/2037/1751 1837/2038/1752 1834/2036/1750 1833/2035/1749
f 1835/2037/1751 1456/1635/1361 1458/1637/1363 1836/2039/1753
f 1837/2038/1752 1835/2037/1751 1836/2039/1753 1839/2040/1754
f 1838/2041/1755 1837/2038/1752 1839/2040/1754 1840/2042/1756
f 1837/2038/1752 1838/2041/1755 1905/2043/1757 1834/2036/1750
f 1841/2044/1758 1842/2045/1759 1840/2042/1756 1839/2040/1754
f 1844/2046/1760 1841/2044/1758 1839/2040/1754 1836/2039/1753
f 1842/2045/1759 1841/2044/1758 1843/2047/1761 2019/2048/1762
f 1841/2044/1758 1844/2046/1760 1846/2049/1763 1843/2047/1761
f 1845/1639/1365 1844/2046/1760 1836/2039/1753 1458/1637/1363
f 1844/2046/1760 1845/1639/1365 1467/1647/1373 1846/2049/1763
f 1847/2050/1764 1849/2051/1765 1843/2047/1761 1846/2049/1763
f 1469/1648/1374 1847/2050/1764 1846/2049/1763 1467/1647/1373
f 1847/2050/1764 1469/1648/1374 1472/1650/1376 1848/2052/1766
f 1849/2051/1765 1847/2050/1764 1848/2052/1766 1851/2053/1767
f 1850/2054/1768 2019/2048/1762 1843/2047/1761 1849/2051/1765
f 1852/2055/1769 1850/2054/1768 1849/2051/1765 1851/2053/1767
f 1856/2056/1770 1852/2055/1769 1851/2053/1767 1853/2057/1771
f 1854/2058/1772 1853/2057/1771 1851/2053/1767 1848/2052/1766
f 1853/2057/1771 1854/2058/1772 2020/2059/1773 1855/2060/1774
f 1857/2061/1775 1856/2056/1770 1853/2057/1771 1855/2060/1774
f 1856/2056/1770 1857/2061/1775 1860/2062/1776 1858/2063/1777
f 1852/2055/1769 1856/2056/1770 1858/2063/1777 1861/2064/1778
f 1858/2063/1777 1859/2065/1779 1863/2066/1780 1861/2064/1778
f 1859/2065/1779 1858/2063/1777 1860/2062/1776 2008/2067/1781
f 1850/2054/1768 1852/2055/1769 1861/2064/1778 1862/2068/1782
f 1865/2069/1783 1862/2068/1782 1861/2064/1778 1863/2066/1780
f 1866/2070/1784 1865/2069/1783 1863/2066/1780 1864/2071/1785
f 1859/2065/1779 1916/2072/1786 1864/2071/1785 1863/2066/1780
f 1862/2068/1782 1865/2069/1783 1867/2073/1787 1869/2074/1788
f 1865/2069/1783 1866/2070/1784 1868/2075/1789 1867/2073/1787
f 1872/2076/1790 1870/2077/1791 1867/2073/1787 1868/2075/1789
f 1870/2077/1791 1871/2078/1792 1869/2074/1788 1867/2073/1787
f 1871/2078/1792 1870/2077/1791 1873/2079/1793 1874/2080/1794
f 1870/2077/1791 1872/2076/1790 1876/2081/1795 1873/2079/1793
f 1875/2082/1796 1906/2083/1797 1874/2080/1794 1873/2079/1793
f 1877/2084/1798 1875/2082/1796 1873/2079/1793 1876/2081/1795
f 1881/2085/1799 1877/2084/1798 1876/2081/1795 1878/2086/1800
f 1872/2076/1790 1880/2087/1801 1878/2086/1800 1876/2081/1795
f 1882/2088/1802 1881/2085/1799 1878/2086/1800 1879/2089/1803
f 1880/2087/1801 1909/2090/1804 1879/2089/1803 1878/2086/1800
f 1877/2084/1798 1881/2085/1799 1883/2091/1805 1884/2092/1806
f 1881/2085/1799 1882/2088/1802 1886/2093/1807 1883/2091/1805
f 1885/2094/1808 1900/2095/1809 1884/2092/1806 1883/2091/1805
f 1888/2096/1810 1885/2094/1808 1883/2091/1805 1886/2093/1807
f 1887/2097/1811 1890/2000/1714 1888/2096/1810 1886/2093/1807
f 1882/2088/1802 1907/1984/1698 1887/2097/1811 1886/2093/1807
f 1885/2094/1808 1888/2096/1810 1889/2098/1812 1892/2099/1813
f 1890/2000/1714 1798/1999/1713 1889/2098/1812 1888/2096/1810
f 1890/2000/1714 1887/2097/1811 1790/1988/1702 1792/1992/1706
f 1891/2100/1814 1894/2101/1815 1892/2099/1813 1889/2098/1812
f 1800/2001/1715 1891/2100/1814 1889/2098/1812 1798/1999/1713
f 1900/2095/1809 1885/2094/1808 1892/2099/1813 1893/2102/1816
f 1894/2101/1815 1895/2018/1732 1893/2102/1816 1892/2099/1813
f 1895/2018/1732 1894/2101/1815 1896/2103/1817 1815/2016/1730
f 1894/2101/1815 1891/2100/1814 1897/2104/1818 1896/2103/1817
f 1802/2003/1717 1898/2005/1719 1896/2103/1817 1897/2104/1818
f 1898/2005/1719 1810/2012/1726 1815/2016/1730 1896/2103/1817
f 1891/2100/1814 1800/2001/1715 1802/2003/1717 1897/2104/1818
f 1895/2018/1732 1816/2017/1731 1899/2105/1819 1893/2102/1816
f 1901/2106/1820 1900/2095/1809 1893/2102/1816 1899/2105/1819
f 1900/2095/1809 1901/2106/1820 1903/2107/1821 1884/2092/1806
f 1902/2028/1742 1901/2106/1820 1899/2105/1819 1824/2025/1739
f 1901/2106/1820 1902/2028/1742 1904/2108/1822 1903/2107/1821
f 1875/2082/1796 1877/2084/1798 1884/2092/1806 1903/2107/1821
f 1906/2083/1797 1875/2082/1796 1903/2107/1821 1904/2108/1822
f 1838/2041/1755 1906/2083/1797 1904/2108/1822 1905/2043/1757
f 1902/2028/1742 1825/2027/1741 1905/2043/1757 1904/2108/1822
f 1906/2083/1797 1838/2041/1755 1840/2042/1756 1874/2080/1794
f 1825/2027/1741 1827/2029/1743 1834/2036/1750 1905/2043/1757
f 1816/2017/1731 1818/2019/1733 1824/2025/1739 1899/2105/1819
f 1907/1984/1698 1784/1983/1697 1790/1988/1702 1887/2097/1811
f 1907/1984/1698 1882/2088/1802 1879/2089/1803 1783/1981/1695
f 1880/2087/1801 1872/2076/1790 1868/2075/1789 1908/2109/1823
f 1909/2090/1804 1880/2087/1801 1908/2109/1823 1910/2110/1824
f 1779/1978/1692 1781/1979/1693 1909/2090/1804 1910/2110/1824
f 1781/1979/1693 1783/1981/1695 1879/2089/1803 1909/2090/1804
f 1911/2111/1825 1777/1976/1690 1779/1978/1692 1910/2110/1824
f 1913/2112/1826 1911/2111/1825 1910/2110/1824 1908/2109/1823
f 1777/1976/1690 1911/2111/1825 1912/2113/1827 1775/1974/1688
f 1911/2111/1825 1913/2112/1826 1914/2114/1828 1912/2113/1827
f 1866/2070/1784 1913/2112/1826 1908/2109/1823 1868/2075/1789
f 1913/2112/1826 1866/2070/1784 1864/2071/1785 1914/2114/1828
f 1915/2115/1829 1918/2116/1830 1912/2113/1827 1914/2114/1828
f 1916/2072/1786 1915/2115/1829 1914/2114/1828 1864/2071/1785
f 1915/2115/1829 1916/2072/1786 2013/2117/1831 1917/2118/1832
f 1918/2116/1830 1915/2115/1829 1917/2118/1832 1920/2119/1833
f 1919/1975/1689 1775/1974/1688 1912/2113/1827 1918/2116/1830
f 1921/2120/1834 1919/1975/1689 1918/2116/1830 1920/2119/1833
f 1922/2121/1835 1923/2122/1836 1921/2120/1834 1920/2119/1833
f 1917/2118/1832 1925/2123/1837 1922/2121/1835 1920/2119/1833
f 1923/2122/1836 1922/2121/1835 1924/2124/1838 1951/2125/1839
f 1925/2123/1837 1927/2126/1840 1924/2124/1838 1922/2121/1835
f 1925/2123/1837 1917/2118/1832 2013/2117/1831 1926/2127/1841
f 1927/2126/1840 1925/2123/1837 1926/2127/1841 1928/2128/1842
f 1929/2129/1843 1927/2126/1840 1928/2128/1842 1930/2130/1844
f 1927/2126/1840 1929/2129/1843 1932/2131/1845 1924/2124/1838
f 1931/2132/1846 1929/2129/1843 1930/2130/1844 1997/2133/1847
f 1929/2129/1843 1931/2132/1846 1934/2134/1848 1932/2131/1845
f 1933/2135/1849 1951/2125/1839 1924/2124/1838 1932/2131/1845
f 1935/2136/1850 1933/2135/1849 1932/2131/1845 1934/2134/1848
f 1936/2137/1851 1939/2138/1852 1935/2136/1850 1934/2134/1848
f 1931/2132/1846 1938/2139/1853 1936/2137/1851 1934/2134/1848
f 1939/2138/1852 1936/2137/1851 1937/2140/1854 1940/2141/1855
f 1938/2139/1853 1993/2142/1856 1937/2140/1854 1936/2137/1851
f 1941/2143/1857 1939/2138/1852 1940/2141/1855 1942/2144/1858
f 1939/2138/1852 1941/2143/1857 1943/2145/1859 1935/2136/1850
f 1617/1812/1533 1619/1814/1534 1941/2143/1857 1942/2144/1858
f 1619/1814/1534 1945/1818/1537 1943/2145/1859 1941/2143/1857
f 1933/2135/1849 1935/2136/1850 1943/2145/1859 1944/2146/1860
f 1945/1818/1537 1946/2147/1861 1944/2146/1860 1943/2145/1859
f 1946/2147/1861 1945/1818/1537 1620/1819/1538 1948/2148/1862
f 1947/1962/1680 1946/2147/1861 1948/2148/1862 1765/1963/1678
f 1946/2147/1861 1947/1962/1680 1950/2149/1863 1944/2146/1860
f 1622/1820/1539 1949/1827/1545 1948/2150/1862 1620/1821/1538
f 1949/1827/1545 1763/1957/1675 1765/1960/1678 1948/2150/1862
f 1626/1826/1544 1761/1956/1674 1763/1957/1675 1949/1827/1545
f 1947/1962/1680 1766/1961/1679 1952/2151/1864 1950/2149/1863
f 1951/2125/1839 1933/2135/1849 1944/2146/1860 1950/2149/1863
f 1952/2151/1864 1923/2122/1836 1951/2125/1839 1950/2149/1863
f 1923/2122/1836 1952/2151/1864 1953/1972/1686 1921/2120/1834
f 1766/1961/1679 1768/1965/1681 1953/1972/1686 1952/2151/1864
f 1919/1975/1689 1921/2120/1834 1953/1972/1686 1772/1970/1684
f 1615/1810/1532 1617/1812/1533 1942/2144/1858 1954/2152/1865
f 1940/2141/1855 1956/2153/1866 1954/2152/1865 1942/2144/1858
f 1592/1782/1508 1615/1810/1532 1954/2152/1865 1955/1784/1510
f 1956/2153/1866 1958/2154/1867 1955/1784/1510 1954/2152/1865
f 1956/2153/1866 1940/2141/1855 1937/2140/1854 1957/2155/1868
f 1958/2154/1867 1956/2153/1866 1957/2155/1868 1959/2156/1869
f 1961/2157/1870 1960/2158/1871 1958/2154/1867 1959/2156/1869
f 1960/2158/1871 1593/1781/1507 1955/1784/1510 1958/2154/1867
f 1960/2158/1871 1961/2157/1870 1964/2159/1872 1962/2160/1873
f 1593/1781/1507 1960/2158/1871 1962/2160/1873 1590/1778/1504
f 1962/2160/1873 1963/1772/1498 1584/1773/1499 1590/1778/1504
f 1963/1772/1498 1962/2160/1873 1964/2159/1872 1965/2161/1874
f 1966/2162/1875 1969/2163/1876 1965/2161/1874 1964/2159/1872
f 1967/2164/1877 1966/2162/1875 1964/2159/1872 1961/2157/1870
f 1966/2162/1875 1967/2164/1877 1988/2165/1878 1968/2166/1879
f 1969/2163/1876 1966/2162/1875 1968/2166/1879 1970/2167/1880
f 1971/2168/1881 1969/2163/1876 1970/2167/1880 1972/2169/1882
f 1969/2163/1876 1971/2168/1881 1973/2170/1883 1965/2161/1874
f 1581/1769/1495 1971/2168/1881 1972/2169/1882 1579/1767/1493
f 1971/2168/1881 1581/1769/1495 1583/1771/1497 1973/2170/1883
f 1583/1771/1497 1963/1772/1498 1965/2161/1874 1973/2170/1883
f 1974/2171/1884 1577/1765/1491 1579/1767/1493 1972/2169/1882
f 1975/2172/1885 1974/2171/1884 1972/2169/1882 1970/2167/1880
f 1974/2171/1884 1975/2172/1885 1977/2173/1886 1976/2174/1887
f 1577/1765/1491 1974/2171/1884 1976/2174/1887 1574/1763/1489
f 1980/2175/1888 1978/2176/1889 1976/2174/1887 1977/2173/1886
f 1978/2176/1889 1572/1761/1487 1574/1763/1489 1976/2174/1887
f 1572/1761/1487 1978/2176/1889 1979/2177/1890 1570/1759/1485
f 1978/2176/1889 1980/2175/1888 1982/1704/1430 1979/2177/1890
f 1981/1698/1424 1980/2175/1888 1977/2173/1886 1983/2178/1891
f 1980/2175/1888 1981/1698/1424 1511/1699/1425 1982/1704/1430
f 1515/1703/1429 2018/1709/1435 1979/2177/1890 1982/1704/1430
f 1510/1695/1421 1981/1698/1424 1983/2178/1891 1984/2179/1892
f 1985/2180/1893 1986/2181/1894 1984/2179/1892 1983/2178/1891
f 1975/2172/1885 1985/2180/1893 1983/2178/1891 1977/2173/1886
f 1985/2180/1893 1975/2172/1885 1970/2167/1880 1968/2166/1879
f 1986/2181/1894 1985/2180/1893 1968/2166/1879 1988/2165/1878
f 1987/2182/1895 1986/2181/1894 1988/2165/1878 1989/2183/1896
f 1986/2181/1894 1987/2182/1895 2017/2184/1897 1984/2179/1892
f 1967/2164/1877 1991/2185/1898 1989/2183/1896 1988/2165/1878
f 2016/2186/1899 1987/2182/1895 1989/2183/1896 1990/2187/1900
f 1991/2185/1898 1992/2188/1901 1990/2187/1900 1989/2183/1896
f 1991/2185/1898 1967/2164/1877 1961/2157/1870 1959/2156/1869
f 1991/2185/1898 1959/2156/1869 1957/2155/1868 1992/2188/1901
f 1993/2142/1856 1992/2188/1901 1957/2155/1868 1937/2140/1854
f 1992/2188/1901 1993/2142/1856 1994/2189/1902 1990/2187/1900
f 1993/2142/1856 1938/2139/1853 1996/2190/1903 1994/2189/1902
f 1995/2191/1904 2016/2186/1899 1990/2187/1900 1994/2189/1902
f 1998/2192/1905 1995/2191/1904 1994/2189/1902 1996/2190/1903
f 1999/2193/1906 1998/2192/1905 1996/2190/1903 1997/2133/1847
f 1938/2139/1853 1931/2132/1846 1997/2133/1847 1996/2190/1903
f 1998/2192/1905 1999/2193/1906 2002/2194/1907 2000/2195/1908
f 1995/2191/1904 1998/2192/1905 2000/2195/1908 2001/2196/1909
f 1496/1679/1405 2014/1682/1408 2001/2196/1909 2000/2195/1908
f 1494/1677/1403 1496/1679/1405 2000/2195/1908 2002/2194/1907
f 2003/2197/1910 1492/1676/1402 1494/1677/1403 2002/2194/1907
f 1999/2193/1906 2005/2198/1911 2003/2197/1910 2002/2194/1907
f 1492/1676/1402 2003/2197/1910 2004/2199/1912 2012/1678/1404
f 2005/2198/1911 2006/2200/1913 2004/2199/1912 2003/2197/1910
f 2006/2200/1913 2005/2198/1911 1930/2130/1844 1928/2128/1842
f 2005/2198/1911 1999/2193/1906 1997/2133/1847 1930/2130/1844
f 2007/2201/1914 2006/2200/1913 1928/2128/1842 1926/2127/1841
f 2006/2200/1913 2007/2201/1914 2009/2202/1915 2004/2199/1912
f 2008/2067/1781 2007/2201/1914 1926/2127/1841 2013/2117/1831
f 2007/2201/1914 2008/2067/1781 1860/2062/1776 2009/2202/1915
f 2010/2203/1916 2009/2202/1915 1860/2062/1776 1857/2061/1775
f 2009/2202/1915 2010/2203/1916 2012/1678/1404 2004/2199/1912
f 2011/1671/1397 2010/2203/1916 1857/2061/1775 1855/2060/1774
f 2010/2203/1916 2011/1671/1397 1488/1670/1396 2012/1678/1404
f 2020/2059/1773 1487/1669/1395 2011/1671/1397 1855/2060/1774
f 1916/2072/1786 1859/2065/1779 2008/2067/1781 2013/2117/1831
f 2014/1682/1408 1506/1693/1419 2015/2204/1917 2001/2196/1909
f 2016/2186/1899 1995/2191/1904 2001/2196/1909 2015/2204/1917
f 1987/2182/1895 2016/2186/1899 2015/2204/1917 2017/2184/1897
f 1506/1693/1419 1508/1694/1420 2017/2184/1897 2015/2204/1917
f 1510/1695/1421 1984/2179/1892 2017/2184/1897 1508/1694/1420
f 2018/1709/1435 1568/1757/1483 1570/1759/1485 1979/2177/1890
f 1568/1757/1483 2018/1709/1435 1519/1710/1436 1565/1754/1480
f 1842/2045/1759 1871/2078/1792 1874/2080/1794 1840/2042/1756
f 1871/2078/1792 1842/2045/1759 2019/2048/1762 1869/2074/1788
f 2019/2048/1762 1850/2054/1768 1862/2068/1782 1869/2074/1788
f 1487/1669/1395 2020/2059/1773 2021/1657/1383 1481/1662/1388
f 1854/2058/1772 1475/1654/1380 2021/1657/1383 2020/2059/1773
f 1475/1654/1380 1854/2058/1772 1848/2052/1766 1472/1650/1376
f 1453/1630/1356 1832/1633/1359 1829/2033/1747 2029/2205/1918
f 2022/2034/1748 1830/2032/1746 2023/2206/1919 2024/2207/1920
f 1830/2032/1746 1822/2022/1736 1820/2023/1737 2023/2206/1919
f 1349/1533/1262 1351/1534/1263 2023/2206/1919 1820/2023/1737
f 1351/1534/1263 1353/1536/1265 2024/2207/1920 2023/2206/1919
f 2027/2208/1921 2022/2034/1748 2024/2207/1920 2025/2209/1922
f 1355/1539/1268 2025/2209/1922 2024/2207/1920 1353/1536/1265
f 2025/2209/1922 1355/1539/1268 1357/1541/1270 2026/2210/1923
f 2028/2211/1924 2027/2208/1921 2025/2209/1922 2026/2210/1923
f 2022/2034/1748 2027/2208/1921 2029/2205/1918 1829/2033/1747
f 2027/2208/1921 2028/2211/1924 2030/2212/1925 2029/2205/1918
f 1451/1629/1355 1453/1630/1356 2029/2205/1918 2030/2212/1925
f 1449/1627/1353 1451/1629/1355 2030/2212/1925 2031/2213/1926
f 2028/2211/1924 2033/2214/1927 2031/2213/1926 2030/2212/1925
f 2040/1628/1354 1449/1627/1353 2031/2213/1926 2032/2215/1928
f 2033/2214/1927 2034/2216/1929 2032/2215/1928 2031/2213/1926
f 2034/2216/1929 2033/2214/1927 2035/2217/1930 2036/2218/1931
f 2033/2214/1927 2028/2211/1924 2026/2210/1923 2035/2217/1930
f 1357/1541/1270 1360/1542/1271 2035/2217/1930 2026/2210/1923
f 1360/1542/1271 1362/1544/1273 2036/2218/1931 2035/2217/1930
f 2037/2219/1932 2039/1579/1308 2034/2216/1929 2036/2218/1931
f 1364/1547/1276 2037/2219/1932 2036/2218/1931 1362/1544/1273
f 2037/2219/1932 1364/1547/1276 1366/1549/1278 2038/1574/1303
f 2039/1579/1308 2037/2219/1932 2038/1574/1303 1394/1572/1301
f 2039/1579/1308 1399/1578/1307 2032/2215/1928 2034/2216/1929
f 1366/1549/1278 1370/1550/1279 1395/1570/1299 2038/1574/1303
f 1399/1578/1307 1401/1580/1309 2040/1628/1354 2032/2215/1928
f 1401/1580/1309 1403/1581/1310 1445/1622/1348 2040/1628/1354
f 2042/2220/1933 2041/1510/1243 1807/2221/1723 1805/2222/1722
f 2041/1510/1243 1329/1509/1242 1335/1515/1248 1807/2221/1723
f 2044/2223/1934 1328/1507/1240 2041/1510/1243 2042/2220/1933
f 2044/2224/1934 2042/2225/1933 2043/2226/1935 2045/2227/1936
f 2043/2226/1935 2042/2225/1933 1805/2228/1722 2073/2229/1712
f 2044/2224/1934 2045/2227/1936 2048/2230/1937 2046/2231/1938
f 1328/1507/1240 2044/2223/1934 2046/2231/1938 1326/1505/1238
f 1324/1504/1237 1326/1505/1238 2046/2231/1938 2047/2232/1939
f 2048/2230/1937 2049/2233/1940 2047/2232/1939 2046/2231/1938
f 2049/2233/1940 2048/2230/1937 2050/2234/1941 2051/2235/1942
f 2045/2227/1936 2053/2236/1943 2050/2234/1941 2048/2230/1937
f 2063/2237/1944 2051/2235/1942 2050/2234/1941 2052/2238/1945
f 2053/2236/1943 2054/2239/1946 2052/2238/1945 2050/2234/1941
f 2053/2236/1943 2045/2227/1936 2043/2226/1935 2055/2240/1947
f 2054/2239/1946 2053/2236/1943 2055/2240/1947 2056/2241/1948
f 2055/2240/1947 2043/2226/1935 2073/2229/1712 1796/2242/1709
f 2056/2241/1948 2055/2240/1947 1796/2242/1709 1793/2243/1704
f 2057/2244/1949 2056/2241/1948 1793/2243/1704 1789/2245/1703
f 2059/2246/1950 2054/2239/1946 2056/2241/1948 2057/2244/1949
f 1254/1434/1167 2059/2246/1950 2057/2244/1949 2058/1435/1168
f 2058/1435/1168 2057/2244/1949 1789/2245/1703 1787/2247/1700
f 2059/2246/1950 1254/1434/1167 1256/1436/1169 2060/2248/1951
f 2054/2239/1946 2059/2246/1950 2060/2248/1951 2052/2238/1945
f 2061/2249/1952 2063/2237/1944 2052/2238/1945 2060/2248/1951
f 1258/1438/1171 2061/2249/1952 2060/2248/1951 1256/1436/1169
f 2061/2249/1952 1258/1438/1171 2072/1441/1174 2062/2250/1953
f 2063/2237/1944 2061/2249/1952 2062/2250/1953 2064/2251/1954
f 2051/2235/1942 2063/2237/1944 2064/2251/1954 2066/2252/1955
f 2064/2251/1954 2065/2253/1956 2068/1482/1215 2066/2252/1955
f 2065/2253/1956 2064/2251/1954 2062/2250/1953 2069/2254/1957
f 2067/1486/1219 2049/2233/1940 2051/2235/1942 2066/2252/1955
f 2068/1482/1215 1297/1481/1214 2067/1486/1219 2066/2252/1955
f 2065/2253/1956 2070/1476/1209 1293/1475/1208 2068/1482/1215
f 2049/2233/1940 2067/1486/1219 1300/1485/1218 2047/2232/1939
f 2070/1476/1209 2065/2253/1956 2069/2254/1957 2071/1454/1187
f 1272/1452/1185 1289/1470/1203 2070/1476/1209 2071/1454/1187
f 2069/2254/1957 1265/1447/1180 1267/1448/1181 2071/1454/1187
f 1265/1447/1180 2069/2254/1957 2062/2250/1953 2072/1441/1174
f 1250/1428/1162 2058/1435/1168 1787/2247/1700 1248/1429/1160
f 1302/1487/1220 1324/1504/1237 2047/2232/1939 1300/1485/1218
f 1761/1956/1674 1626/1826/1544 1628/1828/1546 1749/1946/1664
f 1086/1252/1009 1692/1904/1622 2074/1903/1621 1084/1249/1006
f 2075/1244/1001 1078/1243/1000 1084/1249/1006 2074/1903/1621
f 1688/1897/1615 2076/1899/1617 2075/1244/1001 2074/1903/1621
f 2076/1899/1617 1673/1881/1599 1077/1242/999 2075/1244/1001
f 1673/1881/1599 2076/1899/1617 1683/1890/1608 1675/1882/1600
f 2077/1875/1593 2078/1234/991 1069/1235/992 1667/1874/1592
f 2078/1234/991 2077/1875/1593 2079/2255/1958 2081/2256/1959
f 2077/1875/1593 1663/1867/1585 2080/1868/1586 2079/2255/1958
f 2084/2257/1960 2082/2258/1961 2079/2255/1958 2080/1868/1586
f 2082/2258/1961 2083/2259/1962 2081/2256/1959 2079/2255/1958
f 2083/2259/1962 2082/2258/1961 2085/2260/1963 2086/2261/1964
f 2082/2258/1961 2084/2257/1960 2088/2262/1965 2085/2260/1963
f 2087/2263/1966 2093/1039/812 2086/2261/1964 2085/2260/1963
f 2090/1027/800 2087/2263/1966 2085/2260/1963 2088/2262/1965
f 861/1024/797 2090/1027/800 2088/2262/1965 2089/2264/1967
f 2084/2257/1960 2092/1863/1581 2089/2264/1967 2088/2262/1965
f 2090/1027/800 862/1028/801 866/1031/804 2087/2263/1966
f 859/1023/796 861/1024/797 2089/2264/1967 2091/1856/1574
f 2092/1863/1581 1655/1855/1573 2091/1856/1574 2089/2264/1967
f 2092/1863/1581 2084/2257/1960 2080/1868/1586 1659/1862/1580
f 857/1021/794 859/1023/796 2091/1856/1574 1654/1853/1571
f 2093/1039/812 2087/2263/1966 866/1031/804 868/1033/806
f 2093/1039/812 873/1038/811 2094/2265/1968 2086/2261/1964
f 2095/2266/1969 2083/2259/1962 2086/2261/1964 2094/2265/1968
f 2098/2267/1970 2095/2266/1969 2094/2265/1968 2096/2268/1971
f 873/1038/811 875/1040/813 2096/2268/1971 2094/2265/1968
f 2100/2269/1972 2098/2267/1970 2096/2268/1971 2097/2270/1973
f 877/1042/815 2097/2270/1973 2096/2268/1971 875/1040/813
f 2095/2266/1969 2098/2267/1970 2099/2271/1974 2108/2272/1975
f 2098/2267/1970 2100/2269/1972 2102/2273/1976 2099/2271/1974
f 2101/2274/1977 2100/2269/1972 2097/2270/1973 2105/2275/1978
f 2100/2269/1972 2101/2274/1977 2103/2276/1979 2102/2273/1976
f 1064/1228/985 1066/1230/987 2099/2271/1974 2102/2273/1976
f 2104/1229/986 1064/1228/985 2102/2273/1976 2103/2276/1979
f 938/1101/874 2104/1229/986 2103/2276/1979 935/1099/872
f 2101/2274/1977 933/1098/871 935/1099/872 2103/2276/1979
f 2104/1229/986 938/1101/874 1047/1106/879 1063/1211/968
f 933/1098/871 2101/2274/1977 2105/2275/1978 2107/1100/873
f 2106/1045/818 885/1051/824 2107/1100/873 2105/2275/1978
f 2097/2270/1973 877/1042/815 2106/1045/818 2105/2275/1978
f 885/1051/824 887/1052/825 929/1094/867 2107/1100/873
f 1066/1230/987 1068/1231/988 2108/2272/1975 2099/2271/1974
f 2083/2259/1962 2095/2266/1969 2108/2272/1975 2081/2256/1959
f 1068/1231/988 2078/1234/991 2081/2256/1959 2108/2272/1975
f 1649/1022/795 857/1021/794 1654/1853/1571 1651/1850/1568
f 844/1011/778 1600/1010/784 1587/1794/1501 842/2277/776
f 1561/1752/1478 1565/1754/1480 1519/1710/1436 1521/1711/1437
f 801/942/731 1559/1750/1476 783/921/713 785/922/714
f 780/916/708 782/917/709 1553/1746/1472 2110/1745/1471
f 778/915/707 780/916/708 2110/1745/1471 2111/2278/1980
f 2112/2279/1981 2111/2278/1980 2110/1745/1471 1552/1742/1468
f 2111/2278/1980 2113/2280/1982 2114/914/706 778/915/707
f 2112/2279/1981 2115/2281/1983 2113/2280/1982 2111/2278/1980
f 2115/2281/1983 729/853/652 731/855/654 2113/2280/1982
f 2113/2280/1982 731/855/654 2160/858/657 2114/914/706
f 2116/2282/1984 727/852/651 729/853/652 2115/2281/1983
f 2118/2283/1985 2116/2282/1984 2115/2281/1983 2112/2279/1981
f 2117/2284/1986 2159/851/650 727/852/651 2116/2282/1984
f 2119/2285/1987 2117/2284/1986 2116/2282/1984 2118/2283/1985
f 1547/1738/1464 2119/2285/1987 2118/2283/1985 1549/1739/1465
f 2118/2283/1985 2112/2279/1981 1552/1742/1468 1549/1739/1465
f 2119/2285/1987 1547/1738/1464 1545/1737/1463 2120/2286/1988
f 2120/2286/1988 2122/2287/1989 2117/2284/1986 2119/2285/1987
f 2121/2288/1990 2120/2286/1988 1545/1737/1463 2133/1736/1462
f 2124/2289/1991 2122/2287/1989 2120/2286/1988 2121/2288/1990
f 2125/2290/1992 2123/2291/1993 2122/2287/1989 2124/2289/1991
f 2122/2287/1989 2123/2291/1993 2159/851/650 2117/2284/1986
f 2127/2292/1994 2125/2290/1992 2124/2289/1991 2126/2293/1995
f 2126/2293/1995 2124/2289/1991 2121/2288/1990 2129/2294/1996
f 2154/818/623 2127/2292/1994 2126/2293/1995 2128/2295/1997
f 2128/2295/1997 2126/2293/1995 2129/2294/1996 2130/2296/1998
f 2130/2296/1998 2129/2294/1996 2131/2297/1999 2134/2298/2000
f 2129/2294/1996 2121/2288/1990 2133/1736/1462 2131/2297/1999
f 2132/2299/2001 2136/2300/2002 2134/2298/2000 2131/2297/1999
f 1544/1735/1461 2132/2299/2001 2131/2297/1999 2133/1736/1462
f 2152/2301/2003 2130/2296/1998 2134/2298/2000 2135/2302/2004
f 2136/2300/2002 2138/2303/2005 2135/2302/2004 2134/2298/2000
f 2136/2300/2002 2132/2299/2001 2151/1729/1455 2137/2304/2006
f 2138/2303/2005 2136/2300/2002 2137/2304/2006 2139/2305/2007
f 2138/2303/2005 686/802/609 688/803/610 2135/2302/2004
f 686/802/609 2138/2303/2005 2139/2305/2007 2140/804/611
f 2141/2306/2008 2142/2307/2009 2140/804/611 2139/2305/2007
f 2144/2308/2010 2141/2306/2008 2139/2305/2007 2137/2304/2006
f 2142/2307/2009 2141/2306/2008 2143/2309/2011 2149/1665/1391
f 2141/2306/2008 2144/2308/2010 2145/2310/2012 2143/2309/2011
f 1538/1727/1453 2144/2308/2010 2137/2304/2006 2151/1729/1455
f 2144/2308/2010 1538/1727/1453 1536/1726/1452 2145/2310/2012
f 1534/1725/1451 2146/2311/2013 2145/2310/2012 1536/1726/1452
f 2146/2311/2013 2147/2312/2014 2143/2309/2011 2145/2310/2012
f 2146/2311/2013 1534/1725/1451 1501/1686/1412 1499/1685/1411
f 2147/2312/2014 2146/2311/2013 1499/1685/1411 2148/1674/1400
f 2147/2312/2014 1483/1664/1390 2149/1665/1391 2143/2309/2011
f 1483/1664/1390 2147/2312/2014 2148/1674/1400 1485/1666/1392
f 2150/798/605 2142/2307/2009 2149/1665/1391 1479/1660/1386
f 2142/2307/2009 2150/798/605 682/797/604 2140/804/611
f 2132/2299/2001 1544/1735/1461 1539/1730/1456 2151/1729/1455
f 690/806/613 2152/2301/2003 2135/2302/2004 688/803/610
f 693/809/616 2153/815/620 2152/2301/2003 690/806/613
f 2153/815/620 2128/2295/1997 2130/2296/1998 2152/2301/2003
f 698/814/619 2154/818/623 2128/2295/1997 2153/815/620
f 2127/2292/1994 2154/818/623 701/819/624 2155/2313/2015
f 2125/2290/1992 2127/2292/1994 2155/2313/2015 2156/2314/2016
f 2155/2313/2015 701/819/624 703/820/625 709/827/625
f 709/827/625 2158/829/629 2156/2314/2016 2155/2313/2015
f 2123/2291/1993 2125/2290/1992 2156/2314/2016 2157/846/645
f 2156/2314/2016 2158/829/629 719/840/639 2157/846/645
f 723/845/644 2159/851/650 2123/2291/1993 2157/846/645
f 2114/914/706 2160/858/657 741/869/668 774/909/702
f 1526/1717/1443 1528/1719/1445 1542/1732/1458 1550/1741/1467
f 1464/1644/1370 2162/1646/1372 2161/792/599 1471/1651/1377
f 2162/1646/1372 2163/786/593 673/787/594 2161/792/599
f 2163/786/593 2162/1646/1372 1465/1641/1367 1437/1615/1341
f 1462/1621/1347 1439/1614/1340 1437/1615/1341 1465/1641/1367
f 1389/1565/1294 2164/1591/1320 1409/1575/1304 1392/1568/1297
f 600/705/551 603/706/552 1408/1589/1318 2164/1591/1320
f 598/703/549 600/705/551 2164/1591/1320 1389/1565/1294
f 1372/1553/1282 1391/1567/1296 1395/1570/1299 1370/1550/1279
f 1374/1555/1284 1386/1563/1292 1391/1567/1296 1372/1553/1282
f 586/627/483 1382/689/535 518/618/476 520/619/477
f 1379/557/419 460/556/418 515/612/424 517/611/472
f 1211/1377/1115 1269/1379/1117 1263/1445/1178 2165/1383/1121
f 1175/1336/1074 387/454/332 390/456/334 1177/1337/1075
f 387/454/332 1175/1336/1074 1173/448/326 381/447/325
f 380/445/323 1168/1328/1066 1166/1329/1067 378/443/321
f 376/442/320 378/443/321 1166/1329/1067 2167/405/283
f 352/415/293 376/442/320 2167/405/283 342/406/284
f 2168/1265/1022 1105/1276/1033 1152/1314/1052 1157/1317/1055
f 899/1063/836 919/1082/855 922/1085/858 897/1060/833
f 901/1065/838 912/1075/848 919/1082/855 899/1063/836
f 904/889/684 752/883/678 176/228/144 178/229/145
f 168/218/135 750/227/143 748/879/675 166/219/131
f 2170/865/664 163/211/130 166/212/131 748/880/675
f 163/211/130 2170/865/664 738/862/661 2171/213/132
f 736/861/660 2172/2315/2017 2171/213/132 738/862/661
f 2174/2316/2018 164/210/129 2171/213/132 2172/2315/2017
f 2172/2315/2017 736/861/660 734/860/659 2173/2317/2019
f 2175/2318/2020 2174/2316/2018 2172/2315/2017 2173/2317/2019
f 2174/2316/2018 2175/2318/2020 2177/2319/2021 2176/204/123
f 164/210/129 2174/2316/2018 2176/204/123 158/205/124
f 154/201/120 2176/204/123 2177/2319/2021 2178/203/122
f 2179/2320/2022 2182/2321/2023 2178/203/122 2177/2319/2021
f 2180/2322/2024 2179/2320/2022 2177/2319/2021 2175/2318/2020
f 2179/2320/2022 2180/2322/2024 2227/2323/2025 2181/2324/2026
f 2182/2321/2023 2179/2320/2022 2181/2324/2026 2183/2325/2027
f 152/198/117 2182/2321/2023 2183/2325/2027 150/196/115
f 2182/2321/2023 152/198/117 155/200/119 2178/203/122
f 2184/2326/2028 2187/197/116 150/196/115 2183/2325/2027
f 2185/2327/2029 2184/2326/2028 2183/2325/2027 2181/2324/2026
f 2184/2326/2028 2185/2327/2029 2225/2328/2030 2186/2329/2031
f 2187/197/116 2184/2326/2028 2186/2329/2031 2188/2330/2032
f 2189/2331/2033 149/194/113 2187/197/116 2188/2330/2032
f 2190/2332/2034 2191/2333/502 2189/2331/2033 2188/2330/2032
f 2193/2334/2035 2190/2332/2034 2188/2330/2032 2186/2329/2031
f 2191/2333/502 2190/2332/2034 2192/2335/2036 2210/2336/2037
f 2190/2332/2034 2193/2334/2035 2195/2337/2038 2192/2335/2036
f 2194/2338/2039 2193/2334/2035 2186/2329/2031 2225/2328/2030
f 2193/2334/2035 2194/2338/2039 2197/2339/2040 2195/2337/2038
f 2196/2340/2041 2195/2337/2038 2197/2339/2040 2198/2341/2042
f 2195/2337/2038 2196/2340/2041 2208/2342/2043 2192/2335/2036
f 712/832/632 2200/833/633 2198/2341/2042 2197/2339/2040
f 2194/2338/2039 714/831/631 712/832/632 2197/2339/2040
f 2203/2343/508 2196/2340/2041 2198/2341/2042 2199/2344/509
f 2200/833/633 2201/2345/567 2199/2344/509 2198/2341/2042
f 2201/2345/567 2200/833/633 707/824/626 705/823/568
f 2201/2345/567 634/743/567 2202/744/509 2199/2344/509
f 634/743/567 2201/2345/567 705/823/568 636/745/568
f 2204/2346/508 2203/2343/508 2199/2344/509 2202/744/509
f 2203/2343/508 2204/2346/508 2207/2347/507 2205/2348/507
f 2196/2340/2041 2203/2343/508 2205/2348/507 2208/2342/2043
f 2206/2349/59 2209/2350/2044 2208/2342/2043 2205/2348/507
f 2219/123/59 2206/2349/59 2205/2348/507 2207/2347/507
f 2209/2350/2044 2210/2336/2037 2192/2335/2036 2208/2342/2043
f 2210/2336/2037 2209/2350/2044 2211/2351/58 2213/2352/58
f 2209/2350/2044 2206/2349/59 2212/129/58 2211/2351/58
f 102/127/10 2214/2353/2045 2211/2351/58 2212/129/58
f 2214/2353/2045 2215/152/81 2213/2352/58 2211/2351/58
f 2215/152/81 2214/2353/2045 2216/2354/65 116/153/75
f 2214/2353/2045 102/127/10 104/128/61 2216/2354/65
f 120/151/80 2217/2355/2046 2213/2352/58 2215/152/81
f 2217/2355/2046 2191/2333/502 2210/2336/2037 2213/2352/58
f 2191/2333/502 2217/2355/2046 2218/2356/2047 2189/2331/2033
f 2217/2355/2046 120/151/80 122/155/82 2218/2356/2047
f 149/194/113 2189/2331/2033 2218/2356/2047 147/192/111
f 124/157/84 147/192/111 2218/2356/2047 122/155/82
f 2206/2349/59 2219/123/59 99/124/58 2212/129/58
f 98/122/59 2219/123/59 2207/2347/507 2220/2357/507
f 2204/2346/508 2222/740/508 2220/2357/507 2207/2347/507
f 2221/2358/507 96/120/59 98/122/59 2220/2357/507
f 2222/740/508 630/735/508 2221/2358/507 2220/2357/507
f 2222/740/508 2204/2346/508 2202/744/509 629/738/509
f 96/120/59 2221/2358/507 2223/2359/507 94/117/59
f 630/735/508 627/734/508 2223/2359/507 2221/2358/507
f 92/116/59 94/117/59 2223/2359/507 2224/2360/507
f 625/733/508 2224/2360/507 2223/2359/507 627/734/508
f 2224/2360/507 625/733/508 557/660/508 555/657/507
f 90/115/59 92/116/59 2224/2360/507 555/657/507
f 714/831/631 2194/2338/2039 2225/2328/2030 717/834/634
f 2185/2327/2029 2226/839/638 717/834/634 2225/2328/2030
f 2226/839/638 2185/2327/2029 2181/2324/2026 2227/2323/2025
f 716/837/637 2226/839/638 2227/2323/2025 2228/842/641
f 2180/2322/2024 2229/2361/2048 2228/842/641 2227/2323/2025
f 2229/2361/2048 2230/848/647 721/843/642 2228/842/641
f 2230/848/647 2229/2361/2048 2173/2317/2019 734/860/659
f 2229/2361/2048 2180/2322/2024 2175/2318/2020 2173/2317/2019
f 691/807/614 684/800/607 2231/777/584 665/774/581
f 607/714/560 2232/699/545 575/679/525 2233/673/519
f 2232/699/545 589/692/538 577/680/526 575/679/525
f 549/652/505 562/654/506 566/667/513 547/649/504
f 2235/2362/2049 2236/85/40 2234/2363/497 536/2364/493
f 2237/2365/2050 2235/2362/2049 536/2364/493 533/2366/491
f 2238/2367/2051 66/82/37 2236/85/40 2235/2362/2049
f 2240/2368/2052 2238/2367/2051 2235/2362/2049 2237/2365/2050
f 66/82/37 2238/2367/2051 2239/2369/2053 64/80/35
f 2238/2367/2051 2240/2368/2052 2241/2370/2054 2239/2369/2053
f 503/2371/457 2240/2368/2052 2237/2365/2050 505/2372/462
f 2240/2368/2052 503/2371/457 499/595/456 2241/2370/2054
f 2242/2373/2055 2241/2370/2054 499/595/456 497/592/453
f 2241/2370/2054 2242/2373/2055 2244/2374/2056 2239/2369/2053
f 2243/2375/2057 2242/2373/2055 497/592/453 494/591/452
f 2242/2373/2055 2243/2375/2057 2245/2376/2058 2244/2374/2056
f 62/78/33 64/80/35 2239/2369/2053 2244/2374/2056
f 2246/79/34 62/78/33 2244/2374/2056 2245/2376/2058
f 2247/2377/2059 2248/2378/2060 2246/79/34 2245/2376/2058
f 2243/2375/2057 2249/2379/2061 2247/2377/2059 2245/2376/2058
f 2248/2378/2060 2247/2377/2059 272/325/208 270/324/207
f 2249/2379/2061 274/326/209 272/325/208 2247/2377/2059
f 2249/2379/2061 2243/2375/2057 494/591/452 2250/593/454
f 274/326/209 2249/2379/2061 2250/593/454 2251/329/212
f 2250/593/454 495/336/219 275/330/213 2251/329/212
f 2252/74/29 2248/2378/2060 270/324/207 259/312/195
f 2248/2378/2060 2252/74/29 58/73/28 2246/79/34
f 505/2372/462 2237/2365/2050 533/2366/491 531/2380/463
f 2236/85/40 67/84/39 73/91/46 2234/2363/497
f 364/429/307 475/428/306 473/572/433 2253/2381/2062
f 2253/2381/2062 473/572/433 471/571/432 2254/538/404
f 2255/2382/2063 2253/2381/2062 2254/538/404 448/536/402
f 366/430/308 364/429/307 2253/2381/2062 2255/2382/2063
f 2255/2382/2063 2256/2383/2064 369/431/309 366/430/308
f 2256/2383/2064 2255/2382/2063 448/536/402 446/534/400
f 2256/2383/2064 2257/2384/2065 2259/435/313 369/431/309
f 2257/2384/2065 2256/2383/2064 446/534/400 444/533/399
f 2258/2385/2066 2257/2384/2065 444/533/399 2272/515/385
f 2257/2384/2065 2258/2385/2066 2260/2386/2067 2259/435/313
f 2261/439/317 368/433/311 2259/435/313 2260/2386/2067
f 2262/2387/2068 2263/2388/2069 2261/439/317 2260/2386/2067
f 2265/2389/2070 2262/2387/2068 2260/2386/2067 2258/2385/2066
f 2263/2388/2069 2262/2387/2068 2264/2390/2071 2271/2391/2072
f 2262/2387/2068 2265/2389/2070 2266/2392/2073 2264/2390/2071
f 430/512/382 2265/2389/2070 2258/2385/2066 2272/515/385
f 2265/2389/2070 430/512/382 428/510/380 2266/2392/2073
f 2267/2393/2074 2268/2394/2075 2264/2390/2071 2266/2392/2073
f 426/509/379 2267/2393/2074 2266/2392/2073 428/510/380
f 2268/2394/2075 2267/2393/2074 406/479/357 2270/468/346
f 2267/2393/2074 426/509/379 408/480/358 406/479/357
f 2269/463/341 2271/2391/2072 2264/2390/2071 2268/2394/2075
f 393/462/340 2269/463/341 2268/2394/2075 2270/468/346
f 2271/2391/2072 2269/463/341 388/452/330 385/451/329
f 383/450/328 2263/2388/2069 2271/2391/2072 385/451/329
f 2263/2388/2069 383/450/328 372/438/316 2261/439/317
f 2254/538/404 471/571/432 2273/545/411 449/539/405
f 349/361/244 296/352/235 294/350/233 2274/412/290
f 263/316/199 2276/2395/2076 314/375/256 2275/305/188
f 2276/2395/2076 2278/357/240 308/369/251 314/375/256
f 2276/2395/2076 263/316/199 265/317/200 2277/2396/2077
f 2278/357/240 2276/2395/2076 2277/2396/2077 298/355/238
f 289/345/228 291/346/229 298/355/238 2277/2396/2077
f 267/319/202 289/345/228 2277/2396/2077 265/317/200
f 222/50/15 35/49/15 233/283/181 224/273/181
f 135/176/100 171/222/138 169/214/133 138/177/101
f 138/177/101 169/214/133 161/217/126 141/180/103
f 23/16/4 7/9/4 4/2/2 2280/35/2
