# R1.obj
# Valve Steam Controller (2026) CAD, CC BY-NC-SA 4.0
v 34.5081 -10.1935 1.2128
v 34.4758 -8.1599 0.3165
v 34.5545 -13.7553 2.3897
v 34.6115 -11.5876 2.2101
v 34.5605 -14.2166 2.4724
v 34.5623 -12.5380 2.1683
v 34.5842 -8.6492 1.1525
v 34.5717 -14.5045 2.5201
v 34.5593 -9.7912 1.3942
v 34.5682 -14.4039 2.5112
v 34.5188 -8.0845 0.4952
v 34.5952 -8.7559 1.2508
v 34.5867 -14.7649 2.5608
v 34.7066 -7.6672 0.7180
v 34.6329 -15.2700 2.6318
v 34.5478 -7.7246 0.0717
v 34.6229 -8.6203 1.3528
v 34.6488 -15.3273 2.7172
v 34.6370 -13.3433 2.7796
v 34.7149 -8.3293 1.5331
v 34.6628 -9.1289 1.7464
v 34.7131 -14.9255 3.2403
v 34.6640 -11.0855 2.3700
v 34.6745 -14.0535 3.0993
v 34.6841 -12.7189 2.8674
v 34.7327 -15.9772 2.7161
v 34.7847 -7.3610 0.3284
v 34.7038 -9.8911 2.1677
v 34.7917 -9.5854 2.3328
v 34.7649 -11.7284 2.8974
v 34.7584 -13.6922 3.3189
v 34.7389 -7.9128 1.1979
v 34.8206 -15.8045 3.3666
v 34.8559 -14.8085 3.6626
v 34.7641 -8.8774 1.9893
v 34.8407 -8.2032 1.8047
v 34.9154 -7.0576 -0.2304
v 34.8540 -11.5549 3.0756
v 34.8047 -13.9549 3.4985
v 34.9526 -16.9335 2.7977
v 34.7806 -7.2138 -0.2877
v 34.9667 -16.5287 3.4448
v 34.9136 -7.4501 1.0402
v 34.8957 -16.5988 2.9805
v 34.8957 -9.6412 2.5905
v 34.9070 -8.6668 2.2305
v 35.0338 -9.8048 2.9021
v 34.9903 -13.7004 3.8265
v 34.9636 -11.7164 3.3446
v 34.9452 -7.6969 1.5551
v 34.9831 -15.8962 3.8008
v 34.9861 -14.3376 3.9122
v 35.0666 -9.0661 2.6945
v 35.0995 -14.0419 4.0505
v 35.0900 -12.2091 3.6770
v 35.0001 -8.3907 2.2749
v 35.0809 -6.8479 -0.6130
v 35.1293 -7.4221 1.5956
v 35.1536 -16.9409 3.7153
v 35.1736 -17.5995 2.8318
v 35.0847 -7.0907 0.7021
v 35.0876 -7.8070 2.0087
v 35.2018 -7.9481 2.3167
v 35.2461 -9.3323 3.0473
v 35.4028 -16.7018 4.3055
v 35.2284 -10.6074 3.4291
v 35.2281 -12.0501 3.8255
v 35.1568 -7.2290 1.3081
v 35.1945 -17.3597 3.4396
v 35.1289 -15.6719 4.1235
v 35.3849 -18.0952 2.8431
v 35.2712 -14.9683 4.3562
v 35.3757 -8.1008 2.6589
v 35.2076 -8.3677 2.5893
v 35.2512 -6.8527 0.2744
v 35.4079 -8.5082 2.9067
v 35.3387 -17.4354 3.7950
v 35.4100 -7.3676 2.0691
v 35.2984 -6.7203 -0.4496
v 35.3090 -6.6758 -0.8093
v 35.4374 -7.6495 2.4135
v 35.2913 -13.7386 4.2587
v 35.3929 -10.6674 3.6430
v 35.3886 -12.4764 4.1122
v 35.4708 -14.5323 4.5470
v 35.3657 -6.9552 1.1293
v 35.4418 -17.9646 3.4535
v 35.5479 -7.0418 1.7480
v 35.3377 -15.9064 4.3927
v 35.6440 -16.8582 4.5683
v 35.7310 -6.6130 0.5688
v 35.4026 -17.0697 4.1665
v 35.4362 -9.2663 3.2402
v 35.6751 -18.4247 3.4569
v 35.6131 -17.6931 4.1600
v 35.5689 -10.2289 3.6816
v 35.5713 -13.6459 4.5184
v 35.5672 -12.0849 4.1959
v 35.4920 -6.6106 -0.5926
v 35.5236 -6.5680 -0.9666
v 35.5480 -18.0104 3.7512
v 35.5620 -6.8264 1.1873
v 35.7377 -8.2924 3.1117
v 35.6619 -15.9424 4.7394
v 35.9011 -18.9736 2.8252
v 35.5943 -18.4707 2.9249
v 35.8629 -6.4966 -0.5283
v 35.7074 -7.3838 2.4564
v 35.8941 -18.3371 4.1363
v 35.6977 -7.8492 2.8320
v 35.8775 -17.6942 4.5398
v 35.7348 -9.0670 3.4390
v 35.7691 -11.0548 4.0883
v 35.7611 -12.6664 4.4788
v 35.8834 -13.5754 4.7413
v 35.6629 -14.0016 4.6558
v 35.6515 -15.3255 4.7530
v 35.9680 -18.7797 3.7281
v 35.8062 -6.7391 1.3632
v 35.8010 -14.6052 4.8278
v 35.7875 -7.0272 2.0704
v 35.9066 -7.1323 2.3506
v 35.9580 -18.8767 3.4538
v 35.8867 -6.4664 -1.1904
v 36.0860 -17.3305 4.8766
v 36.0584 -7.3108 2.6742
v 35.9823 -10.7589 4.1442
v 35.9730 -13.8278 4.8332
v 36.0827 -14.0810 4.9355
v 35.9955 -7.9626 3.1197
v 36.0003 -6.6381 1.2888
v 35.8680 -16.7443 4.8229
v 36.2482 -18.3275 4.6155
v 35.9762 -6.7949 1.7894
v 36.1393 -15.3429 5.0927
v 36.2239 -6.4516 -1.1309
v 36.2395 -7.0059 2.4291
v 36.1070 -15.9977 5.0798
v 36.0875 -7.4920 2.8528
v 36.1136 -16.5710 5.0409
v 36.2220 -18.9189 4.0681
v 36.1915 -13.4420 4.8821
v 36.0655 -12.2751 4.5830
v 36.0876 -9.2380 3.7243
v 36.2116 -10.9955 4.3302
v 36.1296 -6.5126 0.6499
v 36.2307 -6.4644 -0.4172
v 36.5270 -19.7307 2.7673
v 36.1221 -8.5838 3.4999
v 36.2842 -6.6061 1.4641
v 36.4187 -6.4709 0.0379
v 36.2009 -7.7726 3.1149
v 36.4645 -17.2494 5.1773
v 36.5354 -18.9970 4.4320
v 36.3319 -17.8803 4.9091
v 36.2879 -6.7737 2.0211
v 36.4814 -14.1479 5.1091
v 36.5769 -6.5050 0.9435
v 36.3960 -7.1349 2.6660
v 36.4280 -13.6584 5.0120
v 36.3141 -14.7848 5.1277
v 36.4034 -8.9346 3.7587
v 36.4460 -12.1445 4.7168
v 36.4500 -10.6020 4.3081
v 36.4481 -6.4738 -0.6373
v 36.5955 -16.7255 5.3038
v 36.3083 -19.2684 3.6665
v 36.4820 -8.2305 3.4793
v 36.7663 -18.8388 4.7936
v 36.5535 -6.5943 1.5562
v 36.4177 -19.4900 3.3189
v 36.6541 -15.9687 5.3345
v 36.7530 -17.8108 5.2236
v 36.6576 -6.4992 0.5531
v 36.8543 -19.4525 4.3384
v 36.6482 -15.2032 5.2797
v 36.8070 -19.7975 3.6259
v 36.6563 -6.9744 2.5402
v 36.6059 -7.3176 2.9235
v 36.5775 -7.6398 3.1727
v 36.6919 -13.6599 5.0884
v 36.8193 -11.0302 4.5269
v 36.8319 -7.9383 3.4111
v 36.8626 -8.3573 3.6347
v 36.7143 -8.8311 3.8081
v 36.6702 -19.5225 3.9586
v 36.9431 -14.9142 5.3147
v 37.2226 -19.3112 4.8325
v 36.9211 -16.9915 5.4112
v 37.0874 -15.7593 5.4197
v 36.9509 -6.8804 2.3981
v 37.0484 -20.2065 2.7040
v 37.1947 -20.0247 3.9134
v 36.9901 -7.3423 2.9966
v 36.8419 -6.5941 1.5370
v 36.7724 -18.5001 4.9867
v 36.9735 -14.1274 5.2096
v 37.0387 -15.0288 5.3352
v 37.2513 -16.4338 5.4886
v 37.1191 -15.6032 5.4060
v 37.0941 -18.4430 5.2183
v 37.2886 -17.6868 5.4809
v 37.0312 -8.9736 3.9097
v 36.8400 -10.0841 4.2517
v 37.4057 -19.6816 4.6446
v 37.1997 -15.9774 5.4474
v 37.2721 -16.2487 5.4759
v 37.2443 -16.9356 5.5053
v 37.2703 -19.9056 4.2315
v 37.7613 -15.3369 5.4465
v 37.3572 -16.5149 5.5027
v 37.6635 -20.6366 2.6201
v 36.7767 -6.7241 2.0549
v 37.4589 -16.7823 5.5285
v 37.4244 -18.3192 5.4131
v 37.2715 -20.1919 3.5657
v 37.5420 -16.9624 5.5455
v 36.8605 -12.0658 4.7982
v 37.0185 -12.8545 4.9890
v 37.5728 -17.0256 5.5515
v 37.4271 -18.9151 5.2014
v 37.7088 -20.0468 4.4946
v 37.9610 -18.3790 5.5679
v 37.6405 -17.1566 5.5636
v 38.0773 -18.9503 5.4613
v 37.6827 -17.2322 5.5706
v 37.5974 -6.5986 -0.1604
v 38.0532 -19.7612 5.0131
v 39.0286 -6.8877 2.0321
v 37.9618 -17.7600 5.6141
v 37.7403 -20.6712 2.6979
v 38.5023 -7.0523 2.5786
v 37.7649 -20.4798 3.7011
v 38.1392 -6.6600 0.8568
v 37.8646 -12.9022 5.0859
v 37.8603 -20.3508 4.1792
v 37.0497 -7.6301 3.2361
v 37.1995 -6.5554 0.0682
v 38.2046 -20.9389 2.5430
v 37.9495 -11.5031 4.7719
v 38.2593 -8.8052 3.9581
v 38.5839 -6.7058 -2.1230
v 38.3788 -20.1950 4.7996
v 38.1575 -20.6640 3.8325
v 38.5238 -19.5105 5.3722
v 36.2170 -6.4547 -1.3497
v 38.4976 -6.6964 0.0000
v 38.0576 -16.4699 5.5705
v 38.5158 -18.5419 5.6504
v 38.4659 -20.4978 4.4700
v 37.8874 -19.2990 5.2362
v 38.3609 -8.2728 3.7111
v 38.5998 -19.9256 5.1418
v 37.7361 -10.0190 4.3299
v 37.0348 -7.1044 2.7473
v 38.0294 -14.1824 5.3245
v 37.9116 -8.4555 3.7734
v 38.1887 -7.9248 3.4952
v 38.4085 -6.6868 -0.7047
v 38.7264 -21.1695 2.4673
v 38.8937 -9.3889 4.2144
v 38.4708 -7.4188 3.0889
v 38.8177 -6.7311 0.0000
v 39.2757 -15.9409 5.6184
v 38.9335 -6.7438 -0.6256
v 38.9541 -7.6265 3.2890
v 39.1968 -20.3034 5.0555
v 39.0821 -21.0085 3.9234
v 38.8941 -19.0923 5.6204
v 38.7042 -20.7798 4.1565
v 38.4914 -21.0757 2.5258
v 38.8396 -17.2623 5.6702
v 39.2650 -12.1217 5.0174
v 39.1939 -20.7378 4.5534
v 38.7384 -20.9446 3.7138
v 39.3708 -20.0356 5.3174
v 39.4332 -15.2442 5.5580
v 39.4279 -20.5630 4.8815
v 39.1520 -6.7675 -0.7497
v 38.9213 -11.1415 4.7511
v 39.0312 -13.3406 5.2566
v 39.3692 -6.7911 -0.1949
v 39.7399 -9.2168 4.1946
v 38.4996 -6.9232 2.2804
v 39.8181 -18.9397 5.7393
v 38.8687 -14.6679 5.4571
v 39.4523 -21.1549 3.8168
v 38.8095 -18.3814 5.6869
v 39.6745 -8.7489 4.0049
v 39.6518 -8.0535 3.6167
v 39.7768 -21.5050 2.3159
v 38.9136 -6.7416 0.7134
v 39.7626 -6.8339 -2.4883
v 39.7905 -17.9422 5.7400
v 39.7114 -21.0300 4.3319
v 39.5932 -6.8155 -0.3332
v 39.4368 -19.6172 5.5461
v 40.0733 -6.8676 -1.8035
v 39.4965 -21.4038 2.5309
v 40.1135 -19.4559 5.6879
v 38.8329 -6.7329 -2.4562
v 40.1008 -20.4986 5.1315
v 40.2634 -6.8883 0.1532
v 40.0003 -6.8597 0.3344
v 40.4346 -20.3247 5.3341
v 40.0386 -6.8638 0.2513
v 40.2688 -21.2754 4.0331
v 39.7869 -7.4690 3.0951
v 40.0678 -14.2572 5.4592
v 40.3248 -19.9252 5.5471
v 39.9092 -8.4354 3.8505
v 40.7291 -6.9389 -1.7598
v 40.5769 -15.3545 5.6120
v 39.4471 -7.2140 2.7699
v 40.0720 -20.8225 4.7839
v 40.7076 -18.4870 5.7714
v 39.6881 -9.7894 4.3843
v 40.0718 -16.8335 5.7135
v 40.6322 -21.6805 2.1954
v 40.8287 -6.9497 -0.5894
v 40.4027 -6.9034 -2.5014
v 41.0853 -7.5364 3.0667
v 40.8008 -21.4159 3.8131
v 40.2073 -21.3624 3.6350
v 40.8823 -21.1042 4.5869
v 40.3446 -21.6145 2.3403
v 41.4035 -7.0121 -2.9189
v 40.9060 -20.8093 4.9744
v 40.7079 -6.9365 -0.2492
v 41.5499 -19.2454 5.7723
v 40.5010 -6.9149 1.0178
v 40.0871 -13.0661 5.2539
v 41.3610 -20.2648 5.4596
v 40.3303 -6.8955 -3.0222
v 41.4083 -19.8571 5.6478
v 40.4648 -12.2363 5.0899
v 41.2450 -6.9949 0.0000
v 42.0210 -19.6934 5.7086
v 40.4256 -11.2875 4.8535
v 41.3277 -13.2753 5.3168
v 41.0848 -21.3289 4.1850
v 40.5599 -6.9473 1.5215
v 40.5170 -6.9811 1.8073
v 40.3678 -10.4819 4.6262
v 41.4981 -7.0224 0.2894
v 41.2996 -17.6894 5.7739
v 41.0423 -9.2830 4.2484
v 41.2650 -21.4947 3.6499
v 41.4601 -7.0183 -1.1475
v 42.1903 -19.4050 5.7520
v 41.6581 -21.7985 2.0545
v 40.5718 -8.0259 3.5885
v 41.3439 -14.3859 5.5037
v 41.7201 -7.4595 2.8642
v 41.9106 -21.2761 4.4223
v 40.9557 -8.7269 4.0065
v 41.8110 -20.6934 5.1665
v 42.0465 -12.4941 5.1525
v 42.0264 -20.4192 5.3804
v 41.8756 -7.0634 -2.5014
v 41.2250 -16.0577 5.6901
v 42.0242 -7.0795 0.0422
v 42.4476 -8.3289 3.7184
v 41.9563 -7.9411 3.4399
v 42.7025 -8.6155 3.8857
v 42.0519 -7.0826 -0.9999
v 41.5583 -7.0289 -3.3721
v 42.4884 -21.8317 1.9452
v 41.8669 -21.4794 3.9128
v 42.4350 -9.0622 4.1303
v 41.8255 -7.0579 -0.3522
v 42.9850 -7.1854 1.1164
v 41.8948 -21.0126 4.8261
v 42.0691 -10.3885 4.6002
v 41.7792 -11.2425 4.8493
v 42.1832 -21.8173 2.0507
v 42.7864 -7.1623 -3.3261
v 42.5348 -21.5310 3.6724
v 40.7656 -7.1972 2.5152
v 41.6335 -8.6076 3.9308
v 42.7424 -7.1576 0.3713
v 41.8848 -7.0644 0.9139
v 42.1167 -7.7577 3.2298
v 42.9236 -7.1773 -0.8060
v 42.3018 -15.7011 5.6477
v 43.0121 -18.1044 5.7517
v 42.2228 -16.9746 5.7405
v 42.7645 -7.1600 -1.1436
v 43.1360 -21.1445 4.6036
v 42.8118 -20.9250 4.9207
v 42.4370 -7.1244 -2.1250
v 42.4288 -13.8038 5.4006
v 43.5188 -7.2419 -2.6973
v 42.3061 -11.8999 5.0101
v 43.4272 -7.2320 -1.7159
v 42.6606 -9.5663 4.3226
v 43.5453 -21.8151 1.8146
v 43.3731 -11.4122 4.8468
v 43.7324 -7.2651 -1.0928
v 43.6128 -8.9640 4.0168
v 43.1802 -19.3628 5.7268
v 42.8433 -19.9934 5.5921
v 43.3995 -19.8994 5.5870
v 43.1191 -20.5058 5.2916
v 43.5547 -20.8063 4.9873
v 43.6093 -9.3025 4.1706
v 43.1748 -21.3466 4.2198
v 42.9514 -15.2550 5.5856
v 43.1569 -21.4547 3.9265
v 43.0887 -7.1952 -3.7230
v 43.8322 -19.1207 5.6983
v 43.4127 -7.2304 -0.4960
v 44.1761 -7.3133 -3.6924
v 44.8480 -21.3890 3.6587
v 43.3810 -16.3614 5.6637
v 44.2360 -19.6607 5.6026
v 44.0226 -16.9385 5.6626
v 44.1062 -7.3057 0.1184
v 44.5270 -8.6235 3.7268
v 43.3546 -21.5052 3.6457
v 43.9666 -21.6823 2.3921
v 43.3262 -21.8231 1.8561
v 44.0147 -20.3361 5.3243
v 43.5998 -7.9614 3.2704
v 43.7366 -10.6695 4.6180
v 44.8913 -8.8968 3.8581
v 42.3405 -7.2362 2.1404
v 44.3087 -21.0881 4.5142
v 44.1816 -21.6248 2.6240
v 43.6262 -20.1020 5.4919
v 43.6243 -7.4652 2.4207
v 44.5871 -7.3580 -1.2394
v 44.4429 -19.3340 5.6470
v 43.6618 -12.5935 5.1150
v 44.7842 -19.0568 5.6279
v 44.0087 -7.2951 -2.4838
v 44.0797 -20.5400 5.1675
v 44.8904 -21.7436 1.6256
v 44.3992 -21.5670 2.8546
v 44.4021 -21.6103 2.6081
v 44.5053 -7.3492 0.0000
v 45.2707 -16.9324 5.5557
v 45.0354 -7.4067 0.4640
v 43.6964 -14.3571 5.4328
v 44.4355 -8.1870 3.3862
v 43.6005 -7.7821 3.0459
v 45.0637 -8.4029 3.4940
v 44.8175 -7.3830 -2.6082
v 44.1924 -20.8555 4.8484
v 44.6547 -15.5274 5.5079
v 44.6251 -21.5954 2.5908
v 44.3897 -9.6740 4.2604
v 44.6043 -12.8974 5.1097
v 44.8797 -7.3897 0.5016
v 43.7823 -18.6377 5.7128
v 44.8900 -20.1281 5.3452
v 44.8012 -11.4091 4.7430
v 44.8413 -18.1669 5.6322
v 45.6738 -9.3932 4.0172
v 45.2148 -7.4262 -2.9830
v 45.4500 -7.4517 -2.3121
v 45.0909 -21.5886 2.4242
v 44.6313 -21.7129 1.9263
v 45.4185 -12.2611 4.8949
v 45.6215 -20.8794 4.5582
v 45.2698 -7.4321 -0.4000
v 44.2445 -13.6788 5.2889
v 44.5359 -21.2385 4.1917
v 45.5695 -7.4647 -3.4258
v 45.4044 -10.7503 4.5035
v 45.3097 -21.5476 2.5300
v 45.5475 -21.6389 1.8937
v 44.1449 -7.6793 2.7703
v 44.7061 -19.8075 5.5132
v 45.8872 -18.7789 5.5208
v 45.3131 -19.3647 5.5563
v 45.9447 -14.0779 5.1890
v 45.5398 -21.4872 2.7531
v 45.5430 -21.5306 2.5066
v 46.0533 -7.5172 -4.2227
v 44.9235 -20.4984 5.0895
v 45.8596 -20.6182 4.8085
v 46.1604 -21.6628 1.4228
v 45.5416 -8.0324 3.0106
v 46.1893 -9.9309 4.1603
v 44.6564 -7.3655 -4.0284
v 45.7109 -7.4800 0.0011
v 44.4869 -7.3471 0.9013
v 46.0834 -19.9857 5.2389
v 46.3447 -7.5489 -1.7412
v 46.5059 -8.7460 3.5275
v 45.5079 -7.4580 -0.7367
v 46.0205 -21.5382 2.2085
v 46.7149 -19.1341 5.3956
v 45.2725 -14.8497 5.3754
v 46.0304 -7.5148 0.3915
v 45.1881 -7.4451 1.4209
v 46.3894 -12.1276 4.7482
v 45.9362 -13.1286 5.0204
v 46.2579 -21.4761 2.4266
v 46.3576 -9.2646 3.8620
v 46.4070 -21.6280 1.4886
v 46.2744 -19.5933 5.3758
v 46.7775 -7.5959 -2.8624
v 46.2460 -20.2668 5.0338
v 46.4316 -7.5583 -3.6845
v 45.1401 -7.4872 1.7944
v 46.5904 -7.5756 0.5016
v 46.9800 -20.7120 4.4546
v 46.5487 -18.9277 5.4274
v 46.3328 -7.5476 0.0000
v 46.6552 -7.5826 -1.2678
v 46.7524 -7.5932 0.0000
v 46.4342 -11.0505 4.4637
v 45.4704 -21.2924 3.8001
v 46.0978 -17.4503 5.4827
v 46.3108 -14.5940 5.2188
v 47.6490 -21.5495 1.1492
v 46.8723 -7.6062 -0.2492
v 46.2051 -21.1581 3.9235
v 46.7092 -7.5885 0.7341
v 46.7135 -21.2534 3.4287
v 46.8295 -19.6585 5.2509
v 47.0348 -18.5338 5.3689
v 46.9946 -13.0222 4.8586
v 46.1578 -7.7769 2.3777
v 47.1189 -7.6330 -0.2492
v 47.1294 -7.6341 -0.4994
v 46.2784 -16.1612 5.3923
v 47.2146 -7.6433 0.0000
v 47.2422 -17.0075 5.3030
v 47.4640 -10.0562 4.0170
v 47.2949 -11.1862 4.3786
v 47.2853 -18.8650 5.3163
v 47.3226 -7.6551 -0.7497
v 46.8196 -9.0228 3.6566
v 48.2567 -7.7566 -4.5520
v 47.5109 -14.5500 5.0378
v 47.3974 -7.6633 0.2513
v 46.4624 -21.0130 4.1512
v 47.5350 -7.6782 -3.4539
v 47.4421 -7.6681 0.0011
v 47.1149 -8.2046 2.8683
v 48.0430 -19.4314 5.0841
v 47.4225 -21.4160 2.0622
v 46.7836 -8.3596 3.1330
v 47.5126 -7.6758 -3.9901
v 47.5702 -7.6820 -0.7497
v 47.3251 -20.3635 4.7159
v 48.8034 -7.8381 1.0306
v 47.4898 -12.9932 4.7734
v 47.6120 -7.6866 -0.2492
v 47.6251 -7.6880 -0.4994
v 47.1770 -15.2794 5.1778
v 47.6894 -7.6950 0.0011
v 46.9655 -7.9721 2.5368
v 47.6758 -21.3806 2.1070
v 47.7440 -19.0732 5.2278
v 48.4052 -20.4155 4.3797
v 47.7019 -8.6758 3.2367
v 48.2644 -7.7574 -0.4145
v 47.8880 -7.7166 0.2513
v 48.0905 -9.3740 3.6231
v 47.4480 -9.5817 3.8378
v 47.9656 -7.7250 -0.9999
v 47.5030 -7.6747 -1.2656
v 48.2361 -21.2117 2.6619
v 46.6202 -7.7117 1.9847
v 48.5203 -10.2064 3.8816
v 47.8241 -12.2272 4.5533
v 47.9247 -20.9521 3.8103
v 47.7154 -21.1226 3.4523
v 47.6510 -7.6935 0.9051
v 46.5104 -7.5669 -4.3844
v 48.0888 -7.7384 -2.2810
v 47.5353 -19.9627 4.9571
v 48.1980 -7.7502 0.5535
v 48.2657 -8.0575 2.2584
v 48.8654 -8.3071 2.5032
v 48.7104 -8.4906 2.7986
v 48.7841 -20.6798 3.9620
v 48.2671 -9.9561 3.8348
v 48.0732 -13.3663 4.7469
v 48.4055 -16.7079 5.0817
v 48.8964 -9.8510 3.6805
v 48.6198 -7.7960 0.2537
v 48.6229 -7.7964 0.4898
v 48.2050 -18.7808 5.1583
v 48.9741 -21.4316 0.8714
v 48.7435 -7.9826 1.8376
v 49.7814 -8.2331 2.0206
v 48.8166 -8.1939 2.3236
v 48.8544 -8.8064 3.0753
v 48.3278 -11.1367 4.1879
v 48.7247 -9.3525 3.4772
v 47.9812 -16.0772 5.1210
v 48.7666 -15.8969 4.9540
v 48.1113 -17.6408 5.1776
v 49.2276 -7.8621 -1.5565
v 48.6611 -20.1065 4.5653
v 48.8803 -21.1239 2.6763
v 48.4093 -7.7732 -1.6122
v 49.5624 -7.8984 -3.9043
v 49.0569 -7.8435 -1.1654
v 48.9985 -18.1744 5.0035
v 48.6555 -7.8009 0.6716
v 48.5793 -7.8608 1.4271
v 50.0656 -8.1071 1.5237
v 48.9998 -10.0928 3.7453
v 49.0001 -10.8412 3.9731
v 49.0004 -11.6283 4.1832
v 48.8306 -12.2460 4.3722
v 49.0004 -13.0860 4.5113
v 48.9172 -13.9449 4.6872
v 49.0003 -14.5642 4.7560
v 48.2176 -15.3106 5.0054
v 49.0005 -15.2036 4.8355
v 49.0003 -16.6439 4.9564
v 48.9993 -17.4128 4.9893
v 49.0006 -15.9385 4.9070
v 49.7882 -7.9230 -4.3047
v 49.2342 -7.8628 -2.7124
v 49.4805 -7.8896 -5.0314
v 48.3860 -21.3708 1.6671
v 48.7578 -7.8110 0.0000
v 48.8528 -7.8214 -3.3190
v 49.2490 -16.6642 4.9069
v 49.0368 -17.7102 4.9925
v 48.4678 -18.7270 5.1154
v 49.6671 -14.8837 4.6529
v 49.4659 -15.4485 4.7613
v 49.4803 -17.9160 4.8955
v 49.6650 -11.8769 4.1030
v 50.0151 -8.7596 2.6970
v 49.4591 -7.8871 0.0000
v 49.1610 -18.9472 4.9477
v 49.9474 -17.0361 4.7570
v 49.5961 -10.1494 3.6336
v 49.7325 -15.9352 4.7407
v 50.2198 -16.4947 4.6592
v 49.7824 -13.0025 4.3233
v 49.2500 -9.5077 3.4444
v 49.7407 -7.9178 -2.3428
v 48.7483 -9.1144 3.3349
v 50.0082 -8.9602 2.8779
v 48.9813 -19.6868 4.7371
v 49.9875 -8.5893 2.5076
v 50.3576 -21.2849 0.5313
v 49.2096 -20.3753 4.1733
v 49.9705 -16.6442 4.7293
v 50.2719 -7.9755 -1.6452
v 49.6440 -10.6930 3.7947
v 49.4269 -20.8228 3.4628
v 49.3774 -21.0105 2.9332
v 49.9150 -11.0688 3.8276
v 49.9679 -17.8648 4.7749
v 50.2114 -15.4012 4.5689
v 50.5314 -8.0037 -0.2339
v 50.6629 -8.0180 -5.1992
v 50.8858 -8.5797 2.1513
v 49.9827 -18.7561 4.7695
v 50.2511 -9.2411 3.0178
v 49.4270 -7.8837 -5.0302
v 49.5656 -20.9110 3.1808
v 49.4879 -19.2717 4.7811
v 50.0631 -11.6797 3.9518
v 49.7324 -13.7639 4.4739
v 50.4509 -19.6122 4.3297
v 50.9448 -20.8409 2.4971
v 50.3916 -21.1045 1.5269
v 50.5467 -14.1243 4.3118
v 50.5664 -21.0783 1.5162
v 50.7394 -14.9560 4.3685
v 50.8526 -17.6724 4.5225
v 50.1153 -12.4753 4.1259
v 50.5456 -10.1987 3.3952
v 51.3397 -8.1528 0.7884
v 50.0310 -9.6656 3.3249
v 50.1369 -19.9997 4.1857
v 50.0624 -20.4597 3.7651
v 50.7096 -8.0231 -2.8342
v 50.5980 -11.3254 3.7101
v 50.6994 -17.2079 4.5536
v 50.8585 -13.2361 4.0682
v 49.9573 -21.3183 0.7182
v 50.3959 -7.9890 -3.3436
v 51.1332 -15.6613 4.3203
v 51.0236 -9.7009 3.0302
v 51.2791 -10.6952 3.3147
v 51.5421 -9.1292 2.4659
v 51.1567 -21.0480 1.1219
v 50.6777 -20.5009 3.4462
v 51.4362 -8.1020 -4.0358
v 50.5888 -20.7025 3.1315
v 51.0772 -18.5618 4.4631
v 50.7183 -19.2459 4.4147
v 51.1258 -18.0847 4.4401
v 50.9746 -8.0519 -2.2432
v 51.0578 -20.2113 3.6389
v 50.1975 -7.9679 0.3058
v 51.3013 -13.7091 4.0105
v 51.6280 -10.2698 3.0549
v 50.9872 -12.4556 3.8683
v 51.3627 -8.0940 -3.0019
v 51.7949 -13.4092 3.7866
v 52.0736 -21.0690 0.0355
v 51.7382 -9.3905 2.5777
v 51.6139 -8.1213 -1.8325
v 51.8052 -8.1421 -0.7391
v 50.9561 -18.9312 4.4411
v 51.5627 -8.1158 -2.7517
v 51.5889 -11.0183 3.2967
v 52.0002 -8.1638 -0.1642
v 51.4196 -14.4643 4.0876
v 51.6097 -8.1209 -3.0019
v 51.7325 -8.5081 1.6275
v 51.7184 -19.3812 3.9996
v 51.7698 -8.1382 -2.8363
v 51.5691 -8.1165 -3.4494
v 51.4231 -11.7188 3.5486
v 51.4297 -16.4787 4.2870
v 52.2643 -20.6662 2.0792
v 51.9540 -20.6129 2.5061
v 52.0995 -17.2864 4.0909
v 51.8181 -15.0768 4.0257
v 52.2445 -13.8740 3.6993
v 52.1980 -10.0440 2.7402
v 51.3094 -19.8054 3.8968
v 51.9081 -8.3749 1.2308
v 52.0466 -8.9223 2.0545
v 52.5800 -20.2356 2.8367
v 51.5246 -20.5019 3.0037
v 52.0286 -11.0448 3.1464
v 52.2086 -15.5019 3.9275
v 51.8111 -18.3095 4.2180
v 52.3742 -8.2039 -3.1273
v 51.4585 -8.1044 -5.5717
v 52.3076 -8.1967 -4.6985
v 51.9424 -19.0311 4.0597
v 52.4788 -15.0226 3.7709
v 51.5327 -21.0735 0.6086
v 53.0040 -8.8364 1.4743
v 52.9888 -9.8835 2.3209
v 52.7731 -9.5550 2.2325
v 52.0847 -18.7654 4.0780
v 52.7605 -20.6833 1.4053
v 52.0476 -12.6241 3.5348
v 52.5009 -8.2177 -5.0039
v 51.3933 -8.0974 -5.4545
v 52.7913 -17.9079 3.8438
v 51.8568 -19.9212 3.5745
v 52.8125 -16.3320 3.7582
v 52.5527 -8.2233 -2.1921
v 52.3107 -16.7383 3.9855
v 52.5260 -20.8563 0.7189
v 53.1146 -10.5191 2.5266
v 52.7451 -8.2442 -5.0039
v 52.7484 -8.2446 -5.2542
v 53.0595 -18.9209 3.6333
v 52.8819 -8.2591 -3.7086
v 52.9497 -9.2848 1.9521
v 52.4479 -11.5553 3.1177
v 53.3574 -20.8733 -0.4079
v 52.0880 -8.3001 0.8581
v 52.9368 -20.8101 0.4805
v 52.9418 -12.1378 3.0543
v 52.7571 -12.8896 3.3051
v 52.9892 -8.2707 -5.0039
v 53.3954 -8.3557 -0.0637
v 53.4687 -8.3228 -5.9063
v 52.8920 -20.5952 1.7262
v 53.0783 -8.2804 -3.7034
v 53.1771 -13.7483 3.2886
v 52.9583 -20.3067 2.4756
v 53.1533 -15.5340 3.5438
v 52.7655 -19.1933 3.6607
v 53.0217 -11.4898 2.8522
v 52.8511 -19.4334 3.4892
v 53.1677 -8.6079 1.0049
v 53.4925 -20.4671 1.6580
v 53.3563 -20.7387 0.3452
v 52.7978 -19.6238 3.3869
v 52.8558 -18.4756 3.8185
v 53.0676 -17.1857 3.7044
v 52.7317 -19.9653 3.1034
v 53.9400 -16.1698 3.2481
v 53.4074 -20.3389 2.0787
v 53.2800 -8.3023 -6.0082
v 53.6513 -8.3426 -4.6039
v 53.6554 -8.3431 -2.0975
v 53.5110 -20.8442 -0.4315
v 53.3958 -14.8421 3.3559
v 53.5610 -8.3329 -3.1951
v 53.5248 -11.1723 2.5317
v 53.8058 -20.5062 1.0247
v 53.8788 -9.2777 1.4675
v 53.7315 -17.0966 3.4071
v 52.5656 -8.2276 -0.1741
v 53.9608 -8.5703 0.3585
v 54.3137 -19.6876 2.4659
v 54.0025 -11.5107 2.3850
v 53.8522 -12.4375 2.6998
v 54.1116 -20.7411 -0.7045
v 54.5178 -20.0580 1.7718
v 54.1197 -10.0260 1.8165
v 54.2272 -20.3631 1.2094
v 53.9451 -20.6313 0.1405
v 53.5306 -18.2071 3.5385
v 53.7295 -8.3511 -5.0802
v 54.9812 -9.1362 0.6607
v 54.4755 -10.5989 1.8675
v 54.4830 -17.1160 3.0484
v 54.0803 -8.8911 0.9147
v 53.8051 -18.8863 3.2925
v 53.8008 -13.0660 2.8666
v 54.5461 -18.4306 3.0222
v 53.9269 -19.2280 3.0679
v 53.9540 -14.2134 3.0020
v 53.7923 -18.4796 3.3959
v 54.1997 -19.4397 2.7690
v 54.2796 -8.4109 -2.1547
v 55.3327 -8.5253 -2.7372
v 54.9104 -8.9124 0.4037
v 54.1871 -8.4013 -0.9888
v 54.6789 -13.3713 2.4721
v 54.0259 -8.3833 -6.1993
v 54.4479 -8.4292 -3.8520
v 54.3678 -15.0134 2.9111
v 54.4127 -18.0734 3.1263
v 55.3079 -20.4981 -1.2469
v 54.5592 -19.1520 2.7294
v 53.9065 -19.9794 2.3706
v 54.5588 -20.3487 0.7908
v 54.5420 -8.4394 -3.4327
v 54.5343 -20.2012 1.4195
v 54.5422 -18.8594 2.8970
v 54.7213 -8.4589 -5.9628
v 54.4532 -8.4298 -4.9706
v 54.7187 -12.3499 2.2207
v 54.0096 -8.4837 0.0182
v 54.7997 -20.2187 1.0571
v 54.8434 -11.3472 1.8876
v 54.8092 -10.1102 1.4719
v 54.1782 -9.6777 1.5972
v 55.1756 -20.1464 0.9011
v 54.5035 -20.5963 -0.4754
v 54.6772 -15.8702 2.8485
v 54.9578 -8.4846 -5.2542
v 55.0244 -8.4918 -4.4568
v 54.9815 -14.2341 2.4623
v 55.2124 -15.1252 2.4704
v 55.7032 -9.8945 0.8059
v 55.4501 -10.5084 1.2612
v 55.4303 -19.4308 1.9195
v 55.4556 -16.5352 2.4853
v 55.5395 -12.8756 1.8655
v 55.6093 -12.0898 1.6311
v 55.8121 -8.5774 -6.6511
v 54.9844 -8.4875 -4.8531
v 55.4488 -8.5379 -5.2542
v 54.9433 -9.3087 0.8553
v 55.1332 -17.8473 2.7486
v 55.7066 -15.4175 2.2165
v 55.5419 -8.5480 -5.5044
v 55.9928 -17.9092 2.2178
v 54.8120 -8.7462 0.1603
v 55.4564 -8.5388 -5.8055
v 55.4358 -8.5365 -4.3655
v 55.4207 -19.9154 1.2558
v 55.3797 -18.1841 2.5792
v 55.5532 -20.4294 -1.2742
v 55.2704 -18.8521 2.4470
v 55.5634 -8.5759 -1.2428
v 55.3776 -13.5656 2.1101
v 55.6953 -14.6253 2.1095
v 55.2837 -19.7314 1.6870
v 55.3351 -19.1690 2.2120
v 55.7809 -20.0686 0.2633
v 56.2652 -20.2616 -1.7578
v 55.8864 -8.5854 -4.8283
v 55.6264 -18.4840 2.3515
v 56.3965 -9.4687 0.0019
v 56.0540 -9.0423 -0.2422
v 55.9694 -18.8737 1.9247
v 56.3069 -19.5046 1.0597
v 55.6971 -8.7612 -0.5324
v 56.1254 -14.9958 1.8991
v 55.9568 -19.8944 0.7147
v 56.1743 -13.5813 1.6145
v 55.9584 -10.9802 1.1007
v 56.2757 -18.4520 1.8796
v 56.6807 -10.5035 0.4388
v 56.3703 -16.0835 1.8814
v 56.3079 -12.5074 1.2832
v 56.3584 -8.6367 -3.0327
v 56.0967 -8.6083 -4.5658
v 56.0870 -19.9271 0.4201
v 55.5488 -9.5714 0.6888
v 56.4686 -15.2212 1.7046
v 56.6193 -16.8099 1.7885
v 56.5576 -14.3559 1.5056
v 56.2212 -19.0387 1.6126
v 56.0954 -17.3558 2.1684
v 56.3130 -19.6817 0.7706
v 56.4307 -8.6446 -5.2542
v 56.5665 -19.7834 0.1469
v 55.7346 -8.6723 -0.8692
v 56.5867 -8.6615 -4.1812
v 56.9276 -13.4464 1.0707
v 56.7409 -10.0500 0.1688
v 56.7042 -19.7886 -0.2783
v 56.5387 -17.4898 1.8611
v 56.3261 -19.3148 1.2772
v 57.6682 -8.7790 -7.2401
v 56.6762 -8.6713 -5.2542
v 56.7652 -20.0949 -2.0107
v 56.8288 -18.6411 1.3165
v 56.8616 -14.7119 1.3572
v 56.6303 -17.9657 1.7321
v 56.9881 -20.0166 -2.2183
v 56.7519 -19.4148 0.6891
v 56.6445 -8.6678 -5.8785
v 55.4800 -8.5413 -6.6147
v 56.5726 -8.9760 -0.7938
v 57.0017 -11.1503 0.4332
v 57.0136 -15.9599 1.4311
v 56.1236 -8.6119 -2.0224
v 56.6411 -12.0843 0.9494
v 56.6265 -9.3221 -0.3300
v 57.1902 -19.5589 -0.5306
v 57.1433 -19.4138 0.1309
v 57.1852 -19.8927 -2.1340
v 57.5060 -19.3871 -0.7622
v 56.8773 -17.8981 1.5468
v 57.5601 -19.7510 -2.6538
v 57.3837 -8.7481 -4.4942
v 57.2696 -19.1063 0.4188
v 57.4045 -16.1742 1.1432
v 57.6074 -8.7724 -6.2973
v 57.7474 -11.8680 0.0589
v 57.5312 -10.1404 -0.3913
v 56.8876 -8.6942 -4.5778
v 57.4794 -14.7904 0.9194
v 57.3090 -18.1407 1.0589
v 57.3203 -19.4247 -0.2678
v 57.1206 -18.9426 0.7890
v 57.7124 -18.8700 0.0368
v 57.5886 -9.5066 -0.9302
v 57.4384 -9.2639 -1.0912
v 57.4305 -18.5348 0.7270
v 57.2512 -16.8402 1.3077
v 57.5920 -17.1235 0.9748
v 57.6231 -14.0643 0.6720
v 57.5359 -17.6164 0.9640
v 57.5853 -12.6588 0.3917
v 57.4094 -8.9788 -1.5922
v 57.7759 -19.6129 -2.7362
v 57.1812 -9.7483 -0.3691
v 58.3668 -8.8549 -5.1743
v 57.7713 -17.9455 0.6041
v 57.8723 -8.8012 -5.0039
v 57.7647 -8.7895 -5.8313
v 57.9680 -19.0457 -1.0548
v 57.8554 -15.4049 0.6677
v 58.1552 -19.3837 -3.2138
v 58.1457 -9.2138 -1.8455
v 57.9538 -10.5317 -0.5423
v 57.8170 -19.0760 -0.5494
v 57.9913 -10.0843 -0.8251
v 57.9233 -13.0783 0.2113
v 58.3703 -8.8569 -3.9701
v 57.8704 -16.4786 0.7189
v 57.3377 -8.8474 -1.9432
v 57.8392 -18.3826 0.2941
v 57.1832 -8.7516 -2.3153
v 58.0464 -9.6943 -1.1634
v 58.2437 -15.3262 0.2594
v 58.1409 -18.4893 -0.3188
v 58.1065 -9.3746 -1.5844
v 58.0878 -19.3578 -2.8096
v 58.3229 -12.8158 -0.2331
v 58.3899 -16.1005 0.1258
v 58.1749 -9.0877 -2.1625
v 58.2606 -18.0447 -0.1506
v 58.0778 -11.4945 -0.3229
v 58.0291 -12.0827 -0.1354
v 58.2164 -8.9476 -2.6663
v 58.4121 -9.6853 -1.5263
v 58.8499 -8.9096 -7.3126
v 57.9897 -11.0247 -0.3759
v 58.2360 -8.8803 -3.0810
v 58.1426 -14.2408 0.2283
v 58.1907 -8.8358 -6.3859
v 58.4495 -9.4175 -1.8792
v 58.2549 -18.6611 -0.8450
v 58.2358 -17.5295 0.1307
v 58.5168 -11.4581 -0.7621
v 58.4728 -9.0759 -2.5623
v 58.1493 -17.1200 0.3537
v 58.5334 -8.9421 -3.2477
v 58.3157 -8.8502 -3.6802
v 58.5720 -14.4569 -0.2119
v 58.2867 -10.2142 -1.0063
v 58.5869 -10.7682 -1.0544
v 58.3751 -18.6394 -1.3117
v 58.6081 -19.0242 -3.7281
v 58.6045 -16.6320 -0.2116
v 58.4927 -19.0334 -3.2256
v 58.6555 -12.9667 -0.5695
v 58.5085 -8.8797 -4.8728
v 58.5601 -17.9570 -0.6726
v 58.5512 -17.4713 -0.3456
v 58.5581 -12.1415 -0.6455
v 58.7701 -9.3242 -2.4841
v 58.9619 -17.1083 -1.0050
v 58.6090 -10.1498 -1.3937
v 58.9074 -14.8268 -0.6239
v 58.6720 -8.9346 -3.9654
v 58.6287 -18.2053 -1.1692
v 58.9291 -16.5808 -0.7486
v 58.9854 -18.6443 -4.2103
v 58.9325 -13.5420 -0.8145
v 58.7446 -9.0812 -3.0809
v 58.8422 -11.2635 -1.1931
v 59.0804 -9.1612 -3.7587
v 58.8559 -18.6581 -3.6269
v 58.8831 -17.6954 -1.2728
v 58.9495 -17.7946 -1.6946
v 58.9595 -9.6780 -2.2652
v 59.0027 -12.1925 -1.1701
v 58.9068 -8.9178 -7.7886
v 59.0002 -10.3541 -1.7677
v 58.9259 -15.7010 -0.6307
v 59.0170 -9.0730 -4.2729
v 58.8853 -8.9686 -5.6202
v 59.0748 -9.0683 -5.2074
v 59.2683 -9.6370 -2.9158
v 59.0875 -11.5862 -1.4330
v 59.0657 -9.3125 -3.1183
v 59.2214 -13.7346 -1.2175
v 59.3287 -9.2517 -4.5356
v 59.1738 -17.2363 -1.7118
v 59.2738 -9.9613 -2.5090
v 59.3886 -11.7017 -1.8571
v 59.4193 -18.0762 -4.8181
v 59.3125 -17.8500 -3.7181
v 59.2589 -15.3673 -1.2004
v 59.2722 -16.0802 -1.3367
v 59.3315 -12.5649 -1.5814
v 59.4417 -16.3105 -1.8817
v 59.2965 -10.5559 -2.1118
v 59.5562 -15.1195 -1.8303
v 59.5808 -9.8768 -3.2899
v 59.3589 -14.0197 -1.4087
v 59.2299 -18.2076 -4.1574
v 59.3558 -11.0994 -1.9664
v 59.4028 -16.7785 -2.1596
v 59.4981 -12.3600 -1.9059
v 59.5321 -9.4390 -4.3353
v 59.6283 -17.5777 -4.7908
v 59.6352 -9.4051 -5.5832
v 59.5956 -10.1743 -2.9657
v 59.5954 -13.9329 -1.8819
v 59.6294 -10.8586 -2.5641
v 59.6106 -9.1787 -7.7503
v 59.4183 -9.2343 -5.6780
v 59.5377 -17.3891 -3.9409
v 59.5785 -16.6786 -2.9819
v 59.3236 -9.0351 -7.9223
v 59.6998 -11.7960 -2.4134
v 59.4577 -10.3743 -2.4989
v 59.8609 -17.2711 -5.5031
v 59.7051 -12.7707 -2.2338
v 59.6117 -16.0810 -2.3863
v 59.7149 -15.0992 -2.2823
v 59.8771 -10.2873 -3.5820
v 59.9127 -11.4273 -2.9923
v 59.7356 -17.1131 -4.5168
v 59.5663 -9.6505 -3.6800
v 59.8129 -9.7042 -4.6024
v 59.9136 -16.9229 -5.1765
v 59.8414 -13.6369 -2.4900
v 59.9228 -11.8935 -2.9084
v 59.8352 -10.6261 -3.1616
v 60.0198 -9.4714 -7.6709
v 59.7514 -15.4983 -2.5888
v 59.9742 -13.2459 -2.9120
v 60.0003 -12.4964 -3.0482
v 59.9634 -10.1324 -4.1050
v 60.0315 -10.9461 -3.5316
v 59.8858 -9.3273 -8.0730
v 60.1008 -12.0171 -3.4412
v 59.9331 -14.6577 -3.0028
v 60.0153 -16.3313 -4.9264
v 60.0597 -10.0061 -4.8614
v 59.9362 -9.6526 -5.8605
v 60.1476 -10.6341 -4.1597
v 60.2671 -16.1993 -6.2106
v 60.2283 -16.1340 -5.8765
v 60.0256 -13.7605 -3.1428
v 60.2377 -10.3413 -4.9710
v 60.5069 -13.6914 -5.8459
v 60.1768 -12.0264 -3.7533
v 60.2370 -11.7970 -4.0896
v 60.2003 -12.2463 -3.8767
v 60.1662 -11.1960 -3.8659
v 60.2580 -11.3148 -4.2469
v 60.3244 -9.7406 -7.9028
v 60.3104 -10.8981 -4.6490
v 60.1699 -15.6541 -5.0747
v 60.2286 -9.6051 -8.1432
v 60.4138 -10.6272 -5.4508
v 60.1415 -12.7523 -3.5727
v 60.2983 -11.2577 -4.4572
v 60.5079 -10.9759 -5.6718
v 60.2912 -10.0111 -6.3525
v 60.5536 -14.4371 -6.4012
v 60.3434 -12.0032 -4.6887
v 60.8674 -12.3803 -7.6701
v 60.5569 -15.0491 -6.7955
v 60.5597 -10.0414 -7.9152
v 60.4811 -15.2544 -6.4977
v 60.5659 -10.5916 -6.3922
v 60.5043 -9.9109 -8.1810
v 60.7326 -10.4193 -7.7634
v 60.6978 -14.2171 -7.1342
v 60.6139 -10.9836 -6.2652
v 60.6873 -10.1918 -8.1874
v 60.8253 -13.0902 -7.5144
v 60.7560 -13.1948 -7.1347
v 60.8529 -10.7024 -7.9277
v 60.8788 -12.2922 -7.7380
v 60.9066 -10.9703 -7.9595
v 60.8904 -11.6137 -7.8037
v 60.9300 -11.1287 -8.0524
v 60.9008 -10.7585 -8.1348
vn -0.9858 0.0466 0.1614
vn -0.9843 0.0719 0.1613
vn -0.9869 0.0299 0.1588
vn -0.9854 0.0417 0.1649
vn -0.9845 0.0119 0.1752
vn -0.9855 0.0416 0.1646
vn -0.9846 0.0616 0.1637
vn -0.9843 -0.0187 0.1758
vn -0.9830 0.0554 0.1751
vn -0.9831 -0.0154 0.1826
vn -0.9521 0.2232 0.2090
vn -0.9817 0.0597 0.1810
vn -0.9842 -0.0489 0.1701
vn -0.8927 0.3927 0.2209
vn -0.9880 -0.1044 0.1139
vn -0.9036 0.3967 0.1615
vn -0.9730 0.1050 0.2056
vn -0.9804 -0.0957 0.1723
vn -0.9832 0.0416 0.1775
vn -0.9460 0.1919 0.2614
vn -0.9740 0.0783 0.2126
vn -0.9699 -0.0372 0.2405
vn -0.9747 0.0612 0.2149
vn -0.9745 0.0195 0.2234
vn -0.9650 0.0589 0.2555
vn -0.9744 -0.1634 0.1544
vn -0.8232 0.5408 0.1729
vn -0.9552 0.0918 0.2814
vn -0.9319 0.1120 0.3450
vn -0.9395 0.0888 0.3308
vn -0.9499 0.0635 0.3059
vn -0.9155 0.3075 0.2593
vn -0.9628 -0.1200 0.2420
vn -0.9193 -0.0311 0.3923
vn -0.9346 0.1482 0.3233
vn -0.8919 0.2812 0.3541
vn -0.7143 0.6861 0.1380
vn -0.9030 0.1115 0.4148
vn -0.9183 0.0641 0.3907
vn -0.9508 -0.2714 0.1496
vn -0.8297 0.5467 0.1122
vn -0.9447 -0.2057 0.2556
vn -0.8158 0.5252 0.2423
vn -0.9614 -0.2166 0.1698
vn -0.8972 0.1380 0.4196
vn -0.8905 0.1848 0.4157
vn -0.8431 0.1569 0.5144
vn -0.8594 0.0996 0.5014
vn -0.8799 0.1133 0.4614
vn -0.8527 0.4238 0.3055
vn -0.9030 -0.1326 0.4087
vn -0.8652 0.0177 0.5011
vn -0.8231 0.2145 0.5258
vn -0.8043 0.0684 0.5902
vn -0.8219 0.1347 0.5534
vn -0.8402 0.2781 0.4655
vn -0.6291 0.7703 0.1041
vn -0.7703 0.5272 0.3588
vn -0.9023 -0.2182 0.3719
vn -0.9224 -0.3492 0.1650
vn -0.7250 0.6622 0.1894
vn -0.8075 0.4173 0.4169
vn -0.7805 0.3649 0.5077
vn -0.7672 0.2115 0.6056
vn -0.8227 -0.1713 0.5421
vn -0.7954 0.1708 0.5815
vn -0.7676 0.1528 0.6224
vn -0.7313 0.6168 0.2912
vn -0.9285 -0.3060 0.2105
vn -0.8586 -0.0566 0.5095
vn -0.8939 -0.4272 0.1359
vn -0.7770 0.0101 0.6295
vn -0.7019 0.3742 0.6061
vn -0.7851 0.2792 0.5529
vn -0.5803 0.8016 0.1436
vn -0.6997 0.2918 0.6521
vn -0.8751 -0.3075 0.3736
vn -0.6879 0.5911 0.4211
vn -0.4977 0.8606 0.1083
vn -0.4712 0.8780 0.0846
vn -0.6912 0.4748 0.5448
vn -0.7637 0.1077 0.6366
vn -0.7174 0.1927 0.6695
vn -0.7143 0.1545 0.6825
vn -0.6941 0.0625 0.7171
vn -0.6336 0.7392 0.2284
vn -0.8946 -0.4040 0.1912
vn -0.5930 0.7354 0.3279
vn -0.7622 -0.0870 0.6415
vn -0.7354 -0.1768 0.6542
vn -0.3899 0.9136 0.1157
vn -0.8489 -0.2251 0.4783
vn -0.6892 0.2398 0.6838
vn -0.8509 -0.4791 0.2155
vn -0.8176 -0.3292 0.4725
vn -0.6422 0.2225 0.7336
vn -0.6532 0.1426 0.7436
vn -0.6526 0.1821 0.7354
vn -0.3604 0.9295 0.0778
vn -0.2950 0.9539 0.0560
vn -0.8522 -0.4017 0.3352
vn -0.5216 0.8295 0.1997
vn -0.5779 0.3475 0.7384
vn -0.6818 -0.0559 0.7294
vn -0.7899 -0.5986 0.1332
vn -0.8558 -0.4951 0.1500
vn -0.1854 0.9814 0.0500
vn -0.5736 0.5892 0.5691
vn -0.7682 -0.4240 0.4798
vn -0.5880 0.4565 0.6678
vn -0.7394 -0.2858 0.6096
vn -0.5766 0.2729 0.7701
vn -0.5685 0.2189 0.7930
vn -0.5697 0.1775 0.8025
vn -0.5285 0.1591 0.8339
vn -0.6176 0.1062 0.7793
vn -0.6376 0.0111 0.7703
vn -0.8043 -0.5031 0.3163
vn -0.4520 0.8577 0.2452
vn -0.5684 0.0701 0.8198
vn -0.4922 0.7535 0.4359
vn -0.4691 0.6995 0.5390
vn -0.8028 -0.5706 0.1731
vn -0.1395 0.9897 0.0324
vn -0.6520 -0.2085 0.7290
vn -0.4581 0.6212 0.6358
vn -0.5044 0.2456 0.8278
vn -0.5032 0.1298 0.8544
vn -0.4600 0.1117 0.8809
vn -0.4805 0.4365 0.7607
vn -0.2910 0.9385 0.1858
vn -0.6673 -0.1293 0.7335
vn -0.6783 -0.3904 0.6225
vn -0.3867 0.8659 0.3173
vn -0.4737 0.0377 0.8799
vn -0.0193 0.9997 0.0170
vn -0.3236 0.7984 0.5078
vn -0.5343 -0.0342 0.8446
vn -0.3879 0.5752 0.7202
vn -0.5856 -0.0897 0.8056
vn -0.7225 -0.5472 0.4225
vn -0.4014 0.1707 0.8998
vn -0.4671 0.1999 0.8613
vn -0.4474 0.2793 0.8496
vn -0.3885 0.2552 0.8854
vn -0.1531 0.9847 0.0830
vn -0.0757 0.9967 0.0291
vn -0.7015 -0.6967 0.1498
vn -0.4413 0.3643 0.8201
vn -0.1729 0.9646 0.1994
vn 0.0528 0.9985 0.0142
vn -0.3547 0.4723 0.8069
vn -0.5050 -0.1399 0.8517
vn -0.6627 -0.4969 0.5603
vn -0.6074 -0.2777 0.7443
vn -0.2227 0.8973 0.3813
vn -0.2944 0.1287 0.9470
vn 0.0655 0.9942 0.0849
vn -0.2716 0.7016 0.6587
vn -0.3080 0.1776 0.9347
vn -0.3703 0.0863 0.9249
vn -0.3171 0.3069 0.8974
vn -0.2996 0.2147 0.9296
vn -0.2880 0.2711 0.9185
vn 0.1064 0.9943 -0.0024
vn -0.4201 -0.0535 0.9059
vn -0.7365 -0.6222 0.2655
vn -0.2852 0.4267 0.8583
vn -0.5763 -0.4439 0.6862
vn -0.0693 0.9710 0.2288
vn -0.7450 -0.6477 0.1594
vn -0.3091 0.0310 0.9505
vn -0.4739 -0.2221 0.8521
vn 0.0998 0.9948 0.0200
vn -0.6105 -0.6126 0.5020
vn -0.2567 0.0904 0.9623
vn -0.6583 -0.7255 0.2010
vn -0.1220 0.8390 0.5303
vn -0.1773 0.6706 0.7203
vn -0.2369 0.5484 0.8020
vn -0.2110 0.1751 0.9617
vn -0.1410 0.2628 0.9545
vn -0.0922 0.4928 0.8653
vn -0.1107 0.4109 0.9049
vn -0.2088 0.3423 0.9161
vn -0.6694 -0.6438 0.3707
vn -0.1948 0.1195 0.9735
vn -0.5142 -0.5182 0.6834
vn -0.3058 -0.0319 0.9515
vn -0.2005 0.0698 0.9772
vn 0.0348 0.8912 0.4522
vn -0.6094 -0.7761 0.1620
vn -0.5796 -0.7401 0.3410
vn -0.0263 0.6764 0.7361
vn 0.0848 0.9834 0.1605
vn -0.5555 -0.3480 0.7552
vn -0.1057 0.1536 0.9825
vn -0.0961 0.1220 0.9879
vn -0.1978 0.0451 0.9792
vn -0.1002 0.1006 0.9899
vn -0.4627 -0.2992 0.8345
vn -0.3140 -0.1092 0.9431
vn -0.0955 0.3327 0.9382
vn -0.1683 0.2972 0.9399
vn -0.4850 -0.6188 0.6180
vn -0.0948 0.0840 0.9919
vn -0.0975 0.0735 0.9925
vn -0.2149 -0.0078 0.9766
vn -0.5499 -0.6973 0.4599
vn -0.0865 0.1070 0.9905
vn -0.1049 0.0578 0.9928
vn -0.5386 -0.8271 0.1609
vn 0.0292 0.9492 0.3133
vn -0.1083 0.0502 0.9928
vn -0.3594 -0.2381 0.9023
vn -0.5676 -0.8030 0.1819
vn -0.0991 0.0445 0.9941
vn -0.1353 0.2241 0.9651
vn -0.1194 0.1880 0.9749
vn -0.1315 0.0257 0.9910
vn -0.4423 -0.3866 0.8093
vn -0.4748 -0.6909 0.5452
vn -0.2292 -0.1578 0.9605
vn -0.1319 0.0215 0.9910
vn -0.2945 -0.3029 0.9064
vn -0.0966 0.0340 0.9947
vn 0.1080 0.9942 0.0000
vn -0.4024 -0.5609 0.7235
vn 0.0850 0.9639 0.2525
vn -0.1185 -0.0027 0.9929
vn -0.4744 -0.8645 0.1663
vn 0.0527 0.8874 0.4580
vn -0.5098 -0.8287 0.2308
vn 0.1043 0.9941 0.0309
vn -0.0852 0.1988 0.9763
vn -0.4748 -0.7816 0.4046
vn -0.0497 0.5981 0.7999
vn 0.1073 0.9942 0.0024
vn -0.2845 -0.6813 0.6745
vn -0.4208 -0.8388 -0.3455
vn -0.0860 0.2463 0.9654
vn -0.0670 0.3725 0.9256
vn 0.1069 0.9943 -0.0015
vn -0.3584 -0.6828 0.6367
vn -0.4251 -0.8728 0.2398
vn -0.2659 -0.4268 0.8643
vn 0.1001 0.9950 -0.0063
vn 0.1079 0.9942 -0.0000
vn -0.0817 0.0656 0.9945
vn -0.1279 -0.0972 0.9870
vn -0.3829 -0.7787 0.4970
vn -0.3883 -0.4572 0.8001
vn -0.0415 0.4839 0.8742
vn -0.2997 -0.5705 0.7647
vn -0.0844 0.2919 0.9527
vn 0.0125 0.7996 0.6004
vn -0.0855 0.1520 0.9847
vn -0.0625 0.4401 0.8958
vn -0.0339 0.5557 0.8307
vn 0.1080 0.9941 -0.0000
vn -0.3066 -0.9476 0.0895
vn -0.0632 0.3065 0.9498
vn 0.0096 0.7367 0.6762
vn 0.1081 0.9941 -0.0000
vn -0.0554 0.0813 0.9952
vn 0.1081 0.9941 -0.0000
vn 0.0069 0.6555 0.7552
vn -0.2530 -0.6415 0.7242
vn -0.2940 -0.8936 0.3393
vn -0.1682 -0.2337 0.9576
vn -0.3352 -0.8528 0.4006
vn -0.3753 -0.9106 0.1733
vn -0.4208 -0.8388 -0.3455
vn -0.0639 0.0401 0.9972
vn -0.0583 0.2207 0.9736
vn -0.2807 -0.7884 0.5474
vn -0.3323 -0.9237 0.1907
vn -0.1987 -0.5211 0.8300
vn -0.0440 0.1145 0.9924
vn -0.2493 -0.7230 0.6443
vn 0.1080 0.9942 -0.0000
vn -0.0551 0.2707 0.9611
vn -0.0599 0.1772 0.9823
vn 0.1081 0.9941 0.0002
vn -0.0355 0.3471 0.9372
vn 0.0681 0.9318 0.3564
vn -0.0550 -0.0589 0.9967
vn -0.0655 0.1307 0.9893
vn -0.2519 -0.9429 0.2181
vn -0.0686 0.0003 0.9976
vn -0.0293 0.4111 0.9111
vn -0.0114 0.5542 0.8323
vn -0.2409 -0.9645 0.1081
vn 0.1077 0.9942 0.0020
vn 0.1080 0.9942 -0.0000
vn -0.0408 0.0182 0.9990
vn -0.2185 -0.8691 0.4438
vn 0.1081 0.9941 0.0000
vn -0.1707 -0.3724 0.9123
vn 0.1081 0.9941 0.0000
vn -0.2597 -0.9509 0.1684
vn -0.0691 -0.2135 0.9745
vn 0.1065 0.9943 -0.0012
vn -0.1674 -0.6612 0.7313
vn 0.1081 0.9941 0.0002
vn 0.1075 0.9942 0.0014
vn -0.1055 -0.5849 0.8042
vn 0.1081 0.9941 -0.0000
vn -0.1675 -0.9206 0.3528
vn 0.0390 0.7570 0.6522
vn -0.0335 0.1505 0.9880
vn -0.1045 -0.4163 0.9032
vn -0.0052 0.4985 0.8669
vn 0.1080 0.9942 0.0000
vn -0.0245 0.1083 0.9938
vn 0.0549 0.8477 0.5276
vn -0.1756 -0.7822 0.5978
vn -0.0207 -0.0032 0.9998
vn -0.0303 0.3092 0.9505
vn -0.0333 0.0512 0.9981
vn -0.1043 -0.9808 0.1648
vn 0.1080 0.9942 -0.0000
vn 0.1080 0.9942 0.0000
vn 0.0709 0.8127 0.5783
vn -0.1098 -0.9615 0.2518
vn -0.1755 -0.9678 0.1802
vn -0.1131 -0.8489 0.5164
vn -0.1571 -0.9725 0.1721
vn 0.1080 0.9942 0.0000
vn -0.0936 -0.7220 0.6855
vn 0.1080 0.9942 -0.0000
vn 0.0009 -0.0371 0.9993
vn 0.1069 0.9941 0.0179
vn -0.0332 0.1891 0.9814
vn -0.0408 -0.4884 0.8717
vn 0.1080 0.9942 0.0001
vn -0.0345 -0.3498 0.9362
vn -0.0190 0.2279 0.9735
vn 0.1079 0.9942 0.0003
vn -0.0001 -0.2170 0.9762
vn -0.0192 0.2504 0.9679
vn -0.0068 0.1835 0.9830
vn -0.0904 -0.9210 0.3789
vn 0.1031 0.9904 0.0920
vn 0.0999 0.9814 0.1642
vn -0.0240 0.2889 0.9571
vn 0.1077 0.9942 0.0002
vn -0.0037 0.0246 0.9997
vn -0.0025 0.3357 0.9420
vn -0.0967 -0.9800 0.1739
vn 0.1080 0.9942 0.0000
vn 0.0190 -0.1212 0.9925
vn -0.0633 -0.9838 0.1679
vn 0.0257 0.5919 0.8056
vn 0.0019 0.1323 0.9912
vn 0.0866 0.8687 0.4877
vn -0.0172 -0.8876 0.4602
vn 0.0056 0.4252 0.9051
vn -0.0289 -0.6623 0.7487
vn 0.0181 0.2068 0.9782
vn 0.0086 -0.5287 0.8487
vn 0.1080 0.9942 0.0000
vn -0.0069 0.0821 0.9966
vn 0.1084 0.9941 0.0006
vn 0.0645 0.6007 0.7969
vn 0.0563 0.6801 0.7310
vn 0.0657 0.5165 0.8537
vn 0.1080 0.9942 -0.0001
vn 0.1080 0.9942 -0.0000
vn 0.0222 -0.9862 0.1638
vn -0.0279 -0.9700 0.2414
vn 0.0316 0.4072 0.9128
vn 0.1080 0.9941 -0.0000
vn 0.1083 0.9938 0.0267
vn -0.0250 -0.7962 0.6045
vn 0.0178 0.2907 0.9566
vn 0.0101 0.2655 0.9640
vn -0.0157 -0.9851 0.1714
vn 0.1080 0.9942 -0.0000
vn 0.0195 -0.9835 0.1796
vn 0.0884 0.9255 0.3684
vn 0.0282 0.5015 0.8647
vn 0.1082 0.9941 0.0005
vn 0.1083 0.9941 0.0013
vn 0.0710 0.7589 0.6474
vn 0.1081 0.9941 0.0000
vn 0.0234 0.0798 0.9965
vn 0.0365 0.0113 0.9993
vn 0.0241 0.0490 0.9985
vn 0.1080 0.9941 -0.0000
vn 0.0529 -0.8413 0.5379
vn 0.0287 -0.7300 0.6828
vn 0.1080 0.9942 0.0000
vn 0.0314 0.1688 0.9851
vn 0.1080 0.9941 0.0000
vn 0.0164 0.2366 0.9715
vn 0.1080 0.9942 0.0000
vn 0.0365 0.3204 0.9466
vn 0.0718 -0.9855 0.1538
vn 0.0473 0.2553 0.9657
vn 0.1080 0.9942 -0.0000
vn 0.0717 0.4399 0.8952
vn 0.0410 -0.0908 0.9950
vn 0.0296 -0.3691 0.9289
vn 0.0734 -0.3369 0.9387
vn 0.0427 -0.5917 0.8050
vn 0.0764 -0.7165 0.6934
vn 0.0571 0.3788 0.9237
vn 0.0402 -0.9136 0.4047
vn 0.0339 0.1156 0.9927
vn 0.0623 -0.9533 0.2956
vn 0.1080 0.9942 -0.0001
vn 0.0673 -0.0304 0.9973
vn 0.1079 0.9942 0.0005
vn 0.1080 0.9941 -0.0000
vn 0.0844 -0.9779 0.1914
vn 0.0492 0.0761 0.9959
vn 0.0714 -0.2448 0.9669
vn 0.0655 0.0449 0.9968
vn 0.1081 0.9941 -0.0001
vn 0.0937 0.5658 0.8192
vn 0.0624 -0.9818 0.1796
vn 0.0736 -0.9821 0.1733
vn 0.0476 -0.9841 0.1712
vn 0.0920 -0.5391 0.8372
vn 0.0975 0.7444 0.6606
vn 0.0589 0.2872 0.9561
vn 0.1022 0.4993 0.8604
vn 0.1046 0.9645 0.2425
vn 0.1027 -0.8418 0.5300
vn 0.0718 -0.9825 0.1720
vn 0.0746 -0.4308 0.8994
vn 0.1112 0.9378 0.3288
vn 0.1080 0.9942 0.0000
vn 0.0792 -0.1114 0.9906
vn 0.0531 0.2113 0.9760
vn 0.0905 -0.0218 0.9957
vn 0.1080 0.9942 0.0000
vn 0.0885 -0.6360 0.7666
vn 0.0837 -0.9823 0.1676
vn 0.0754 -0.9817 0.1748
vn 0.0764 -0.9817 0.1746
vn 0.1080 0.9942 -0.0000
vn 0.0975 0.0547 0.9937
vn 0.1080 0.9942 -0.0000
vn 0.0606 0.1366 0.9888
vn 0.1014 0.6897 0.7170
vn 0.0981 0.8165 0.5690
vn 0.1153 0.6413 0.7586
vn 0.1080 0.9941 0.0000
vn 0.1035 -0.7571 0.6451
vn 0.0808 0.0931 0.9924
vn 0.0778 -0.9817 0.1738
vn 0.0789 0.3276 0.9415
vn 0.0814 0.2141 0.9734
vn 0.1080 0.9941 0.0000
vn 0.0633 -0.0055 0.9980
vn 0.1189 -0.4941 0.8612
vn 0.0791 0.2457 0.9661
vn 0.0866 0.0151 0.9961
vn 0.1049 0.3957 0.9124
vn 0.1080 0.9941 -0.0000
vn 0.1080 0.9942 -0.0000
vn 0.0854 -0.9813 0.1728
vn 0.0775 -0.9821 0.1718
vn 0.1019 0.2215 0.9698
vn 0.1257 -0.7949 0.5935
vn 0.1079 0.9942 -0.0000
vn 0.0783 0.1737 0.9817
vn 0.0938 -0.9051 0.4147
vn 0.1080 0.9942 0.0000
vn 0.0990 0.2751 0.9563
vn 0.0928 -0.9801 0.1755
vn 0.0910 -0.9809 0.1718
vn 0.1127 0.8855 0.4508
vn 0.1138 -0.3443 0.9319
vn 0.1174 -0.0106 0.9930
vn 0.1179 -0.1450 0.9824
vn 0.1127 0.1631 0.9802
vn 0.0925 -0.9800 0.1763
vn 0.0941 -0.9803 0.1739
vn 0.1080 0.9942 -0.0000
vn 0.1201 -0.6351 0.7630
vn 0.1416 -0.6989 0.7011
vn 0.0922 -0.9825 0.1617
vn 0.1265 0.8022 0.5835
vn 0.1208 0.3122 0.9423
vn 0.1080 0.9942 -0.0000
vn 0.1080 0.9941 0.0000
vn 0.1078 0.9942 0.0029
vn 0.1507 -0.4444 0.8831
vn 0.1080 0.9942 -0.0000
vn 0.1383 0.5773 0.8047
vn 0.1080 0.9942 -0.0000
vn 0.0938 -0.9802 0.1744
vn 0.1444 -0.1165 0.9826
vn 0.0986 0.1260 0.9871
vn 0.1080 0.9942 0.0000
vn 0.1133 0.9892 0.0925
vn 0.1280 0.2326 0.9641
vn 0.1093 0.1909 0.9755
vn 0.0964 -0.9800 0.1740
vn 0.1335 0.4556 0.8801
vn 0.1053 -0.9796 0.1711
vn 0.1517 -0.2671 0.9517
vn 0.1080 0.9942 0.0000
vn 0.1553 -0.5812 0.7988
vn 0.1080 0.9941 0.0000
vn 0.1137 0.9812 0.1562
vn 0.1079 0.9942 -0.0000
vn 0.1654 -0.7708 0.6152
vn 0.1427 -0.0321 0.9892
vn 0.1080 0.9942 0.0000
vn 0.1080 0.9942 -0.0000
vn 0.1080 0.9942 0.0000
vn 0.1247 0.2671 0.9556
vn 0.0998 -0.9458 0.3091
vn 0.1258 0.0271 0.9917
vn 0.1361 0.1316 0.9819
vn 0.1149 -0.9788 0.1696
vn 0.1080 0.9942 0.0000
vn 0.1228 -0.9172 0.3789
vn 0.1086 0.9941 0.0026
vn 0.1070 -0.9768 0.1856
vn 0.1830 -0.3956 0.9000
vn 0.1524 0.0074 0.9883
vn 0.1420 0.1826 0.9729
vn 0.1293 0.9236 0.3608
vn 0.1078 0.9942 -0.0000
vn 0.1079 0.9942 -0.0000
vn 0.1306 0.0851 0.9878
vn 0.1081 0.9941 0.0001
vn 0.1547 0.0431 0.9870
vn 0.1485 0.3039 0.9411
vn 0.1486 0.2648 0.9528
vn 0.1641 -0.0386 0.9857
vn 0.1080 0.9942 -0.0001
vn 0.1448 0.5145 0.8452
vn 0.1080 0.9942 0.0000
vn 0.1564 0.1415 0.9775
vn 0.1100 0.9939 0.0021
vn 0.1312 -0.8552 0.5015
vn 0.1080 0.9941 0.0000
vn 0.1094 0.9940 0.0016
vn 0.1540 0.8052 0.5727
vn 0.2073 -0.3159 0.9259
vn 0.1088 -0.9797 0.1686
vn 0.1434 0.7164 0.6828
vn 0.1080 0.9941 -0.0000
vn 0.1080 0.9941 0.0000
vn 0.1823 -0.6383 0.7479
vn 0.1246 0.9881 0.0899
vn 0.1583 0.1811 0.9706
vn 0.1081 0.9941 0.0000
vn 0.1081 0.9941 0.0001
vn 0.1524 0.0997 0.9833
vn 0.1073 0.9942 0.0014
vn 0.1416 0.8638 0.4835
vn 0.1162 -0.9776 0.1754
vn 0.1851 -0.1683 0.9682
vn 0.1969 -0.6963 0.6902
vn 0.1588 0.6484 0.7445
vn 0.1080 0.9942 -0.0000
vn 0.1065 0.9943 0.0013
vn 0.1651 0.4463 0.8795
vn 0.1468 0.3810 0.9128
vn 0.1080 0.9941 -0.0000
vn 0.1080 0.9941 -0.0000
vn 0.1227 -0.9754 0.1832
vn 0.1273 0.9574 0.2592
vn 0.1727 0.2875 0.9421
vn 0.1618 0.2249 0.9609
vn 0.1584 -0.8797 0.4485
vn 0.1354 -0.9440 0.3008
vn 0.1109 0.9933 0.0339
vn 0.1080 0.9942 -0.0000
vn 0.1080 0.9942 -0.0000
vn 0.1979 -0.4909 0.8484
vn 0.1074 0.9942 0.0023
vn 0.1507 0.9149 0.3746
vn 0.1798 0.8290 0.5296
vn 0.1792 0.7379 0.6506
vn 0.1974 -0.7990 0.5680
vn 0.1681 0.3651 0.9157
vn 0.1772 0.1813 0.9673
vn 0.1859 0.0522 0.9812
vn 0.1932 0.3841 0.9028
vn 0.1093 0.9940 0.0005
vn 0.1085 0.9941 0.0008
vn 0.1890 -0.0773 0.9789
vn 0.1297 -0.9776 0.1655
vn 0.1490 0.9455 0.2895
vn 0.1911 0.8928 0.4078
vn 0.1733 0.8697 0.4622
vn 0.1979 0.6354 0.7464
vn 0.1767 0.2539 0.9510
vn 0.1864 0.4478 0.8745
vn 0.1652 0.0782 0.9832
vn 0.1989 0.0848 0.9763
vn 0.1805 0.0229 0.9833
vn 0.1080 0.9942 -0.0000
vn 0.2249 -0.5725 0.7884
vn 0.1344 -0.9758 0.1725
vn 0.1080 0.9942 -0.0000
vn 0.1080 0.9942 0.0000
vn 0.1080 0.9942 -0.0001
vn 0.2131 -0.0012 0.9770
vn 0.1131 0.9933 0.0242
vn 0.1318 0.9770 0.1675
vn 0.1653 0.9508 0.2622
vn 0.1988 0.3029 0.9320
vn 0.1904 0.2712 0.9435
vn 0.1980 0.2489 0.9481
vn 0.1911 0.2114 0.9585
vn 0.1992 0.1885 0.9617
vn 0.1947 0.1570 0.9682
vn 0.1998 0.1241 0.9719
vn 0.1776 0.1090 0.9780
vn 0.2051 0.1068 0.9729
vn 0.1992 0.0652 0.9778
vn 0.1988 0.0398 0.9792
vn 0.2183 0.0776 0.9728
vn 0.1080 0.9941 -0.0000
vn 0.1080 0.9942 -0.0000
vn 0.1080 0.9941 0.0001
vn 0.1257 -0.9771 0.1716
vn 0.1081 0.9941 0.0007
vn 0.1080 0.9942 0.0000
vn 0.2173 0.0528 0.9747
vn 0.2118 0.0218 0.9771
vn 0.2003 -0.0096 0.9797
vn 0.2329 0.1251 0.9644
vn 0.2244 0.0907 0.9703
vn 0.2327 0.0063 0.9725
vn 0.2233 0.2315 0.9469
vn 0.2420 0.6943 0.6777
vn 0.1082 0.9941 0.0002
vn 0.2202 -0.1774 0.9592
vn 0.2437 0.0345 0.9692
vn 0.2299 0.3334 0.9143
vn 0.2385 0.0774 0.9681
vn 0.2739 0.0661 0.9595
vn 0.2353 0.1907 0.9530
vn 0.2090 0.4495 0.8685
vn 0.1080 0.9942 -0.0000
vn 0.1876 0.5445 0.8175
vn 0.2437 0.6176 0.7477
vn 0.2392 -0.4609 0.8546
vn 0.2076 0.7801 0.5902
vn 0.1610 -0.9755 0.1497
vn 0.2396 -0.6774 0.6955
vn 0.2377 0.0556 0.9697
vn 0.1080 0.9941 0.0000
vn 0.2224 0.2693 0.9370
vn 0.2016 -0.8630 0.4632
vn 0.1436 -0.9711 0.1905
vn 0.2476 0.2483 0.9365
vn 0.2488 0.0051 0.9685
vn 0.2657 0.0925 0.9596
vn 0.1080 0.9942 0.0004
vn 0.1080 0.9941 0.0002
vn 0.2405 0.7974 0.5535
vn 0.2564 -0.0618 0.9646
vn 0.2514 0.5380 0.8046
vn 0.1081 0.9941 0.0003
vn 0.1793 -0.9305 0.3193
vn 0.2564 -0.3212 0.9117
vn 0.2587 0.2306 0.9380
vn 0.2439 0.1573 0.9570
vn 0.2773 -0.4615 0.8427
vn 0.1764 -0.9633 0.2022
vn 0.1538 -0.9724 0.1756
vn 0.2737 0.1436 0.9510
vn 0.1623 -0.9720 0.1698
vn 0.2826 0.1175 0.9520
vn 0.2981 0.0203 0.9543
vn 0.2632 0.2141 0.9407
vn 0.2742 0.3118 0.9097
vn 0.1474 0.9781 0.1470
vn 0.2403 0.4279 0.8713
vn 0.2632 -0.5880 0.7649
vn 0.2420 -0.7482 0.6178
vn 0.1080 0.9942 0.0000
vn 0.2754 0.2486 0.9286
vn 0.2824 0.0391 0.9585
vn 0.2884 0.1805 0.9404
vn 0.1456 -0.9744 0.1712
vn 0.1080 0.9941 0.0000
vn 0.3050 0.0874 0.9483
vn 0.3086 0.4310 0.8480
vn 0.3042 0.2703 0.9135
vn 0.2910 0.6204 0.7283
vn 0.1656 -0.9712 0.1712
vn 0.2521 -0.8058 0.5359
vn 0.1080 0.9942 -0.0000
vn 0.2240 -0.8867 0.4044
vn 0.3064 -0.0584 0.9501
vn 0.2952 -0.3592 0.8853
vn 0.3120 0.0153 0.9500
vn 0.1080 0.9942 -0.0000
vn 0.2829 -0.7093 0.6457
vn 0.1115 0.9936 0.0157
vn 0.3065 0.1548 0.9392
vn 0.3365 0.3175 0.8866
vn 0.2926 0.2068 0.9336
vn 0.1080 0.9941 -0.0000
vn 0.3382 0.1729 0.9251
vn 0.1897 -0.9683 0.1625
vn 0.3235 0.5037 0.8010
vn 0.1080 0.9942 0.0000
vn 0.1082 0.9941 0.0002
vn 0.2983 -0.2317 0.9259
vn 0.1079 0.9942 0.0000
vn 0.3231 0.2538 0.9117
vn 0.1086 0.9941 0.0018
vn 0.3227 0.1299 0.9375
vn 0.1080 0.9942 -0.0001
vn 0.2388 0.8541 0.4621
vn 0.3243 -0.4514 0.8313
vn 0.1079 0.9942 -0.0001
vn 0.1080 0.9942 0.0000
vn 0.3223 0.2322 0.9177
vn 0.3176 0.0581 0.9464
vn 0.1978 -0.9610 0.1934
vn 0.2405 -0.9076 0.3440
vn 0.3377 0.0323 0.9407
vn 0.3316 0.1076 0.9373
vn 0.3626 0.1485 0.9200
vn 0.3540 0.3782 0.8554
vn 0.3094 -0.5374 0.7845
vn 0.2069 0.9211 0.3299
vn 0.3004 0.6936 0.6547
vn 0.3057 -0.7755 0.5524
vn 0.2679 -0.8460 0.4609
vn 0.3552 0.2677 0.8957
vn 0.3467 0.0811 0.9344
vn 0.3351 0.0058 0.9422
vn 0.1080 0.9941 -0.0000
vn 0.1081 0.9941 0.0005
vn 0.1080 0.9942 -0.0000
vn 0.3385 -0.3121 0.8877
vn 0.3724 0.1193 0.9204
vn 0.1784 -0.9691 0.1705
vn 0.3131 0.7527 0.5792
vn 0.3864 0.4045 0.8289
vn 0.3724 0.5043 0.7791
vn 0.3497 -0.1772 0.9200
vn 0.2157 -0.9608 0.1742
vn 0.3427 0.2040 0.9170
vn 0.1080 0.9942 0.0000
vn 0.1080 0.9941 0.0000
vn 0.3673 0.0188 0.9299
vn 0.3082 -0.6390 0.7047
vn 0.3860 0.0725 0.9196
vn 0.1081 0.9941 0.0002
vn 0.3545 0.0607 0.9331
vn 0.1988 -0.9652 0.1701
vn 0.3929 0.2972 0.8702
vn 0.1080 0.9942 -0.0001
vn 0.1080 0.9942 -0.0000
vn 0.3898 -0.2406 0.8889
vn 0.1080 0.9941 0.0000
vn 0.3554 0.5818 0.7316
vn 0.3655 0.2369 0.9002
vn 0.2045 -0.9652 0.1632
vn 0.1835 0.9526 0.2425
vn 0.2110 -0.9625 0.1705
vn 0.3970 0.2155 0.8922
vn 0.3872 0.1867 0.9029
vn 0.1079 0.9942 -0.0000
vn 0.1574 0.9798 0.1232
vn 0.1080 0.9942 0.0000
vn 0.2189 -0.9580 0.1855
vn 0.1080 0.9942 0.0001
vn 0.3980 0.1518 0.9048
vn 0.3066 -0.8413 0.4452
vn 0.3979 0.0907 0.9129
vn 0.3793 -0.3896 0.8392
vn 0.3941 0.2466 0.8854
vn 0.3692 -0.4789 0.7965
vn 0.2726 0.8592 0.4329
vn 0.2497 -0.9397 0.2339
vn 0.2228 -0.9590 0.1750
vn 0.3593 -0.5676 0.7408
vn 0.3726 -0.0871 0.9239
vn 0.3894 0.0472 0.9198
vn 0.3478 -0.6922 0.6324
vn 0.4234 0.0798 0.9024
vn 0.2981 -0.8811 0.3671
vn 0.1080 0.9941 0.0003
vn 0.1080 0.9942 0.0000
vn 0.1080 0.9942 0.0002
vn 0.2305 -0.9578 0.1718
vn 0.4126 0.1175 0.9033
vn 0.1080 0.9942 0.0000
vn 0.4247 0.2463 0.8712
vn 0.2434 -0.9541 0.1744
vn 0.3811 0.6275 0.6790
vn 0.4181 0.0448 0.9073
vn 0.1311 0.9887 0.0724
vn 0.2385 0.9222 0.3044
vn 0.4085 -0.6750 0.6144
vn 0.4520 0.2347 0.8606
vn 0.4340 0.2089 0.8764
vn 0.2550 -0.9539 0.1586
vn 0.3532 -0.8271 0.4371
vn 0.4295 0.3791 0.8196
vn 0.2652 -0.9436 0.1985
vn 0.2459 -0.9540 0.1717
vn 0.4101 0.0028 0.9120
vn 0.1081 0.9941 -0.0000
vn 0.3957 0.6939 0.6016
vn 0.4488 0.2996 0.8419
vn 0.4550 0.0582 0.8886
vn 0.3284 0.7824 0.5292
vn 0.4327 -0.3008 0.8499
vn 0.4299 0.1784 0.8851
vn 0.4746 -0.1740 0.8628
vn 0.4203 -0.4523 0.7866
vn 0.4425 0.1475 0.8845
vn 0.4226 -0.1582 0.8924
vn 0.4260 -0.5745 0.6989
vn 0.1080 0.9941 0.0001
vn 0.1081 0.9941 0.0002
vn 0.3369 0.8073 0.4845
vn 0.1124 0.9936 0.0089
vn 0.4698 0.1769 0.8649
vn 0.1080 0.9941 0.0001
vn 0.1081 0.9941 -0.0000
vn 0.4499 0.1153 0.8856
vn 0.4440 0.0007 0.8961
vn 0.2694 -0.9516 0.1477
vn 0.4752 -0.4525 0.7546
vn 0.3627 -0.7671 0.5291
vn 0.2732 -0.9458 0.1757
vn 0.1080 0.9942 0.0000
vn 0.3199 -0.8896 0.3260
vn 0.4815 -0.3290 0.8123
vn 0.1080 0.9941 0.0001
vn 0.1080 0.9941 -0.0000
vn 0.4762 0.2094 0.8540
vn 0.1951 0.9578 0.2110
vn 0.3239 -0.8952 0.3061
vn 0.4874 0.2407 0.8394
vn 0.4689 0.3895 0.7927
vn 0.4243 0.4926 0.7598
vn 0.2979 -0.9342 0.1962
vn 0.2665 -0.9486 0.1709
vn 0.4656 0.0850 0.8809
vn 0.1080 0.9941 0.0000
vn 0.1080 0.9942 -0.0000
vn 0.4765 0.1446 0.8672
vn 0.4893 0.1171 0.8642
vn 0.4975 0.4337 0.7513
vn 0.5032 0.3129 0.8055
vn 0.4830 -0.6096 0.6285
vn 0.4941 0.0746 0.8662
vn 0.5110 0.1911 0.8381
vn 0.5161 0.2193 0.8279
vn 0.1080 0.9942 0.0000
vn 0.1080 0.9942 -0.0000
vn 0.1078 0.9942 -0.0000
vn 0.4333 0.6081 0.6652
vn 0.4878 0.0255 0.8726
vn 0.5154 0.1020 0.8508
vn 0.1080 0.9941 -0.0001
vn 0.5587 -0.0917 0.8243
vn 0.3079 0.8615 0.4038
vn 0.1080 0.9942 -0.0000
vn 0.1079 0.9942 -0.0000
vn 0.3831 -0.8381 0.3882
vn 0.5101 -0.1176 0.8520
vn 0.3060 -0.9368 0.1697
vn 0.5248 -0.3734 0.7650
vn 0.1622 0.9814 0.1029
vn 0.5068 0.1601 0.8471
vn 0.5163 0.1439 0.8442
vn 0.4364 -0.7331 0.5216
vn 0.5012 -0.5070 0.7013
vn 0.3173 -0.9318 0.1763
vn 0.3533 -0.9211 0.1633
vn 0.1080 0.9942 -0.0000
vn 0.5434 -0.2300 0.8073
vn 0.4747 0.6041 0.6401
vn 0.3949 0.7693 0.5023
vn 0.5697 -0.3921 0.7223
vn 0.4940 -0.7102 0.5016
vn 0.2869 0.9071 0.3078
vn 0.5357 0.1302 0.8343
vn 0.3986 -0.8592 0.3207
vn 0.5382 0.1665 0.8262
vn 0.5295 0.2456 0.8120
vn 0.5992 -0.2899 0.7462
vn 0.5550 0.3217 0.7671
vn 0.5340 0.0902 0.8406
vn 0.5444 0.1932 0.8163
vn 0.1083 0.9941 0.0004
vn 0.1081 0.9941 -0.0000
vn 0.3640 -0.9144 0.1771
vn 0.4651 0.5303 0.7088
vn 0.5570 0.1173 0.8222
vn 0.5767 0.0527 0.8153
vn 0.5542 0.1487 0.8190
vn 0.5615 -0.5075 0.6535
vn 0.5243 0.0445 0.8504
vn 0.4786 -0.7801 0.4029
vn 0.1081 0.9941 -0.0000
vn 0.4813 -0.8388 0.2544
vn 0.2251 0.9522 0.2067
vn 0.1080 0.9942 -0.0000
vn 0.5780 0.1719 0.7977
vn 0.5351 0.4259 0.7296
vn 0.4464 -0.8785 0.1705
vn 0.6057 -0.0346 0.7949
vn 0.5624 -0.5852 0.5842
vn 0.1080 0.9941 -0.0022
vn 0.1079 0.9942 0.0000
vn 0.4129 -0.8951 0.1685
vn 0.6401 -0.3743 0.6709
vn 0.5763 0.1336 0.8062
vn 0.5944 -0.1604 0.7880
vn 0.4532 -0.8852 0.1054
vn 0.5863 -0.6550 0.4767
vn 0.1080 0.9942 -0.0000
vn 0.1061 0.9943 -0.0066
vn 0.3704 0.8306 0.4158
vn 0.5781 0.2327 0.7821
vn 0.5865 0.0936 0.8045
vn 0.1201 0.9926 0.0188
vn 0.5628 0.2104 0.7994
vn 0.4508 0.6833 0.5744
vn 0.5344 -0.8276 0.1719
vn 0.6023 -0.7171 0.3508
vn 0.4992 -0.8498 0.1691
vn 0.6210 -0.7654 0.1692
vn 0.6602 -0.1481 0.7363
vn 0.5516 -0.8191 0.1578
vn 0.1085 0.9941 0.0003
vn 0.6528 -0.6051 0.4558
vn 0.6529 0.0643 0.7547
vn 0.1080 0.9942 0.0000
vn 0.6105 0.2073 0.7644
vn 0.5746 0.3920 0.7185
vn 0.1080 0.9942 -0.0000
vn 0.6211 0.1202 0.7745
vn 0.6969 -0.2532 0.6710
vn 0.5730 -0.7896 0.2194
vn 0.6615 -0.5026 0.5567
vn 0.7284 -0.5457 0.4144
vn 0.5156 0.6216 0.5897
vn 0.4509 0.7355 0.5057
vn 0.7114 -0.3578 0.6049
vn 0.6437 -0.0026 0.7653
vn 0.7048 -0.0660 0.7063
vn 0.6254 0.1536 0.7651
vn 0.7226 -0.1405 0.6769
vn 0.5999 0.1908 0.7770
vn 0.3370 0.8858 0.3192
vn 0.6195 -0.7666 0.1690
vn 0.5304 0.5086 0.6782
vn 0.1167 0.9932 0.0014
vn 0.7591 -0.2258 0.6105
vn 0.1080 0.9942 -0.0000
vn 0.1080 0.9941 -0.0000
vn 0.6997 -0.6932 0.1729
vn 0.6864 0.0767 0.7232
vn 0.6802 -0.7192 0.1417
vn 0.4557 0.7821 0.4250
vn 0.6126 0.3215 0.7221
vn 0.6950 -0.6666 0.2693
vn 0.5924 0.4556 0.6645
vn 0.6623 0.1598 0.7320
vn 0.1399 0.9902 0.0035
vn 0.7227 0.0061 0.6911
vn 0.2617 0.9400 0.2188
vn 0.7666 -0.3698 0.5249
vn 0.1816 0.9778 0.1041
vn 0.5729 0.5153 0.6374
vn 0.7397 0.0565 0.6705
vn 0.8037 -0.4428 0.3974
vn 0.5223 0.6637 0.5354
vn 0.6872 -0.7063 0.1702
vn 0.7068 0.1519 0.6910
vn 0.7898 0.0031 0.6134
vn 0.3906 0.8544 0.3426
vn 0.8201 -0.3082 0.4822
vn 0.6679 0.1885 0.7200
vn 0.6724 0.1778 0.7185
vn 0.3128 0.9213 0.2311
vn 0.6273 0.5300 0.5705
vn 0.1785 0.9839 0.0097
vn 0.6218 0.2540 0.7408
vn 0.2203 0.9676 0.1236
vn 0.7049 0.1165 0.6997
vn 0.1094 0.9940 -0.0005
vn 0.6038 0.6429 0.4713
vn 0.7933 -0.5391 0.2830
vn 0.8092 -0.1982 0.5531
vn 0.7182 0.1784 0.6726
vn 0.4545 0.8413 0.2926
vn 0.7726 -0.0917 0.6282
vn 0.3762 0.9174 0.1300
vn 0.1319 0.9911 0.0195
vn 0.7717 0.0778 0.6312
vn 0.6515 0.3806 0.6563
vn 0.7121 0.2641 0.6505
vn 0.7893 -0.5887 0.1744
vn 0.7696 -0.6176 0.1621
vn 0.8328 -0.0867 0.5467
vn 0.7528 -0.6358 0.1706
vn 0.7550 0.1242 0.6439
vn 0.2336 0.9722 0.0161
vn 0.8619 -0.3464 0.3703
vn 0.8571 -0.1955 0.4766
vn 0.7296 0.1598 0.6649
vn 0.6210 0.6901 0.3715
vn 0.9048 -0.2090 0.3710
vn 0.7141 0.3977 0.5761
vn 0.8210 0.0401 0.5696
vn 0.3431 0.9382 0.0457
vn 0.8521 -0.4850 0.1967
vn 0.8763 -0.1040 0.4705
vn 0.8369 -0.5230 0.1614
vn 0.8071 0.0942 0.5829
vn 0.5243 0.8259 0.2074
vn 0.7764 0.1963 0.5989
vn 0.5812 0.8008 0.1444
vn 0.8238 -0.5403 0.1718
vn 0.8964 -0.3246 0.3018
vn 0.8992 -0.3987 0.1801
vn 0.7186 0.5029 0.4803
vn 0.7880 0.1315 0.6015
vn 0.1349 0.9908 -0.0070
vn 0.7747 0.3111 0.5505
vn 0.8484 -0.0137 0.5292
vn 0.4615 0.8857 0.0493
vn 0.3467 0.9373 0.0342
vn 0.4499 0.8917 0.0497
vn 0.7441 0.5757 0.3389
vn 0.8148 0.1424 0.5620
vn 0.6545 0.7115 0.2556
vn 0.8370 0.0726 0.5423
vn 0.5867 0.8066 0.0717
vn 0.9293 -0.3007 0.2146
vn 0.7938 0.4270 0.4330
vn 0.8590 0.1165 0.4985
vn 0.8931 -0.4232 0.1525
vn 0.9063 -0.3862 0.1716
vn 0.8894 -0.0258 0.4565
vn 0.9150 -0.1104 0.3881
vn 0.8377 0.0999 0.5370
vn 0.9383 -0.1583 0.3074
vn 0.8305 0.2492 0.4982
vn 0.9289 -0.0514 0.3667
vn 0.8317 0.4620 0.3081
vn 0.8713 0.0399 0.4891
vn 0.8714 -0.4597 0.1710
vn 0.8327 0.1836 0.5224
vn 0.9462 -0.2647 0.1862
vn 0.8757 0.0809 0.4760
vn 0.6873 0.7167 0.1182
vn 0.9189 -0.3582 0.1654
vn 0.6441 0.7604 0.0836
vn 0.8569 0.3635 0.3656
vn 0.9097 0.0093 0.4151
vn 0.8842 0.1803 0.4309
vn 0.4856 0.8721 0.0604
vn 0.5515 0.8314 0.0678
vn 0.9212 -0.3480 0.1742
vn 0.9566 -0.2337 0.1740
vn 0.3545 0.9345 0.0334
vn 0.8916 0.1121 0.4387
vn 0.8420 0.3128 0.4396
vn 0.9422 -0.3010 0.1473
vn 0.9080 0.0600 0.4146
vn 0.9637 -0.1892 0.1885
vn 0.9557 -0.0748 0.2845
vn 0.9023 0.3166 0.2926
vn 0.9239 0.1271 0.3608
vn 0.9381 -0.3005 0.1724
vn 0.7606 0.6123 0.2157
vn 0.7936 0.5921 0.1403
vn 0.9509 -0.2614 0.1659
vn 0.9427 -0.0058 0.3336
vn 0.9376 0.0672 0.3412
vn 0.9031 0.2313 0.3617
vn 0.6345 0.7676 0.0906
vn 0.9736 -0.1372 0.1826
vn 0.9638 -0.0007 0.2666
vn 0.9481 0.0318 0.3165
vn 0.8758 0.4300 0.2192
vn 0.9356 0.1856 0.3004
vn 0.5615 0.8257 0.0539
vn 0.9611 0.0438 0.2728
vn 0.9792 -0.0941 0.1799
vn 0.9619 -0.2117 0.1729
vn 0.8607 0.4861 0.1518
vn 0.7305 0.6749 0.1038
vn 0.9405 0.2414 0.2392
vn 0.9662 -0.2117 0.1472
vn 0.9652 -0.2059 0.1611
vn 0.9779 -0.0504 0.2028
vn 0.9151 0.3671 0.1669
vn 0.9833 -0.0562 0.1734
vn 0.9763 0.0259 0.2151
vn 0.9843 0.0061 0.1766
vn 0.9847 -0.0006 0.1745
vn 0.9606 0.0924 0.2623
vn 0.9760 0.0414 0.2137
vn 0.7556 0.6448 0.1154
vn 0.9667 0.1596 0.2000
vn 0.9704 -0.1687 0.1726
vn 0.6860 0.7229 0.0826
vn 0.9608 0.2123 0.1782
vn 0.9830 -0.0219 0.1824
vn 0.9834 0.0236 0.1798
vn 0.9826 0.0641 0.1741
vn 0.8365 0.5323 0.1299
vn 0.9818 -0.0817 0.1716
vn 0.9849 0.0016 0.1731
vn 0.9849 -0.0060 0.1731
vn 0.9802 -0.1203 0.1572
vn 0.8371 0.5305 0.1332
vn 0.9769 -0.1289 0.1704
vn 0.9572 0.2391 0.1632
vn 0.7872 0.6083 0.1016
vn 0.9022 0.4068 0.1434
vn 0.9825 -0.0716 0.1718
vn 0.9846 0.0271 0.1730
vn 0.8980 0.4256 0.1117
vn 0.9838 -0.0482 0.1729
vn 0.9845 -0.0364 0.1715
vn 0.9562 0.2449 0.1603
vn 0.9864 -0.0140 0.1637
vn 0.9809 0.0947 0.1699
vn 0.9848 0.0081 0.1734
vn 0.9872 0.0239 0.1576
vn 0.9481 0.2988 0.1090
g R1
f 1134//1136 1132//1134 1135//1137
f 1134//1136 1119//1121 1132//1134
f 871//873 846//848 830//832
f 871//873 830//832 879//881
f 897//899 871//873 879//881
f 916//918 897//899 879//881
f 916//918 879//881 920//922
f 916//918 920//922 932//934
f 932//934 920//922 935//937
f 932//934 935//937 930//932
f 930//932 935//937 957//959
f 957//959 935//937 965//967
f 957//959 965//967 980//982
f 980//982 965//967 1008//1010
f 1008//1010 965//967 1006//1008
f 1026//1028 1008//1010 1006//1008
f 1026//1028 1006//1008 1021//1023
f 1026//1028 1021//1023 1055//1057
f 1055//1057 1021//1023 1045//1047
f 1060//1062 1045//1047 1072//1074
f 1055//1057 1045//1047 1060//1062
f 1060//1062 1072//1074 1081//1083
f 1099//1101 1072//1074 1098//1100
f 1099//1101 1081//1083 1072//1074
f 1122//1124 1098//1100 1120//1122
f 1099//1101 1098//1100 1122//1124
f 1117//1119 1120//1122 1126//1128
f 1117//1119 1122//1124 1120//1122
f 1117//1119 1126//1128 1129//1131
f 1130//1132 1117//1119 1129//1131
f 1130//1132 1129//1131 1132//1134
f 1119//1121 1130//1132 1132//1134
f 378//380 376//378 368//370
f 422//424 368//370 397//399
f 422//424 378//380 368//370
f 463//465 397//399 438//440
f 463//465 422//424 397//399
f 472//474 463//465 438//440
f 472//474 438//440 483//485
f 502//504 472//474 483//485
f 502//504 483//485 518//520
f 502//504 518//520 624//626
f 624//626 518//520 589//591
f 685//687 589//591 648//650
f 685//687 624//626 589//591
f 741//743 685//687 648//650
f 741//743 648//650 706//708
f 755//757 741//743 706//708
f 755//757 706//708 763//765
f 791//793 755//757 763//765
f 791//793 763//765 803//805
f 846//848 791//793 803//805
f 846//848 803//805 830//832
f 348//350 326//328 319//321
f 348//350 319//321 351//353
f 369//371 348//350 351//353
f 376//378 369//371 351//353
f 376//378 351//353 368//370
f 326//328 299//301 291//293
f 326//328 291//293 319//321
f 106//106 71//71 105//105
f 123//123 106//106 105//105
f 171//171 105//105 148//148
f 171//171 123//123 105//105
f 171//171 148//148 177//177
f 177//177 148//148 192//192
f 177//177 192//192 216//216
f 216//216 192//192 212//212
f 231//231 216//216 212//212
f 271//272 212//212 239//239
f 231//231 212//212 271//272
f 271//273 239//240 260//261
f 299//301 271//272 260//261
f 299//301 260//261 291//293
f 87//87 71//71 106//106
f 24//24 19//19 3//3
f 24//24 3//3 5//5
f 10//10 24//24 5//5
f 10//10 5//5 8//8
f 13//13 10//10 8//8
f 18//18 13//13 15//15
f 18//18 15//15 26//26
f 33//33 18//18 26//26
f 44//44 26//26 40//40
f 44//44 33//33 26//26
f 69//69 44//44 40//40
f 69//69 40//40 60//60
f 87//87 60//60 71//71
f 87//87 69//69 60//60
f 9//9 7//7 1//1
f 23//23 9//9 1//1
f 4//4 23//23 1//1
f 4//4 1//1 19//19
f 6//6 1//1 3//3
f 19//19 1//1 6//6
f 19//19 6//6 3//3
f 14//14 27//27 16//16
f 11//11 16//16 2//2
f 11//11 14//14 16//16
f 27//27 37//37 41//41
f 27//27 41//41 16//16
f 75//75 79//79 57//57
f 37//37 75//75 57//57
f 37//37 57//57 41//41
f 79//79 99//99 80//80
f 79//79 80//80 57//57
f 99//99 107//107 100//100
f 99//99 100//100 80//80
f 107//107 124//124 100//100
f 136//136 246//247 124//124
f 107//107 136//136 124//124
f 136//136 165//165 246//247
f 165//165 242//243 246//247
f 7//7 2//2 1//1
f 242//243 301//303 246//247
f 242//243 293//295 301//303
f 293//295 334//336 301//303
f 293//295 327//329 334//336
f 327//329 367//369 334//336
f 377//379 410//412 367//369
f 377//379 367//369 327//329
f 377//379 413//415 410//412
f 413//415 486//488 410//412
f 413//415 469//471 486//488
f 480//482 574//576 486//488
f 469//471 480//482 486//488
f 480//482 547//549 574//576
f 547//549 537//539 574//576
f 537//539 663//665 574//576
f 623//625 663//665 537//539
f 623//625 659//661 663//665
f 659//661 737//739 663//665
f 659//661 749//751 737//739
f 914//916 989//991 1031//1033
f 914//916 1031//1033 923//925
f 858//860 914//916 923//925
f 837//839 858//860 923//925
f 837//839 923//925 826//828
f 770//772 837//839 826//828
f 770//772 826//828 788//790
f 749//751 788//790 737//739
f 749//751 770//772 788//790
f 989//991 1069//1071 1031//1033
f 1035//1037 1069//1071 989//991
f 1065//1067 1069//1071 1035//1037
f 1065//1067 1091//1093 1069//1071
f 1085//1087 1091//1093 1065//1067
f 1085//1087 1111//1113 1091//1093
f 1108//1110 1111//1113 1085//1087
f 1108//1110 1124//1126 1111//1113
f 1121//1123 1128//1130 1124//1126
f 1108//1110 1121//1123 1124//1126
f 1125//1127 1128//1130 1121//1123
f 1125//1127 1136//1138 1128//1130
f 1131//1133 1133//1135 1136//1138
f 1125//1127 1131//1133 1136//1138
f 1133//1135 1135//1137 1136//1138
f 1134//1136 1135//1137 1133//1135
f 1056//1058 1038//1040 1044//1046
f 1070//1072 1056//1058 1044//1046
f 1106//1108 1083//1085 1092//1094
f 1106//1108 1077//1079 1083//1085
f 1103//1105 1106//1108 1092//1094
f 1105//1107 1104//1106 1103//1105
f 985//987 997//999 990//992
f 985//987 990//992 940//942
f 184//184 185//185 203//203
f 76//76 64//64 93//93
f 112//112 76//76 93//93
f 96//96 112//112 93//93
f 53//53 45//45 47//47
f 64//64 53//53 47//47
f 149//149 112//112 144//144
f 162//162 149//149 144//144
f 181//181 187//187 197//197
f 187//187 198//198 197//197
f 197//197 198//198 210//210
f 200//200 198//198 187//187
f 210//210 198//198 200//200
f 187//187 190//190 200//200
f 210//210 200//200 206//206
f 190//190 206//206 200//200
f 248//249 206//206 207//207
f 210//210 206//206 248//249
f 199//199 207//207 206//206
f 190//190 199//199 206//206
f 248//249 207//207 211//211
f 199//199 211//211 207//207
f 248//249 211//211 214//214
f 208//208 214//214 211//211
f 199//199 208//208 211//211
f 248//249 214//214 217//217
f 208//208 217//217 214//214
f 224//224 217//217 220//220
f 208//208 220//220 217//217
f 226//226 217//217 224//224
f 248//249 217//217 226//226
f 208//208 224//224 220//220
f 208//208 226//226 224//224
f 208//208 230//230 226//226
f 248//249 226//226 230//230
f 248//249 230//230 272//274
f 272//274 230//230 288//290
f 249//250 288//290 230//230
f 249//250 285//287 288//290
f 294//296 288//290 285//287
f 316//318 285//287 330//332
f 350//352 401//403 330//332
f 338//340 401//403 350//352
f 338//340 350//352 330//332
f 300//302 330//332 285//287
f 300//302 338//340 330//332
f 269//270 300//302 285//287
f 269//270 285//287 249//250
f 223//223 249//250 230//230
f 202//202 223//223 230//230
f 202//202 230//230 208//208
f 172//172 208//208 199//199
f 172//172 199//199 190//190
f 176//176 190//190 187//187
f 176//176 172//172 190//190
f 157//157 176//176 187//187
f 157//157 187//187 181//181
f 402//404 401//403 338//340
f 335//337 338//340 300//302
f 223//223 269//270 249//250
f 189//189 202//202 208//208
f 172//172 189//189 208//208
f 161//161 172//172 176//176
f 161//161 176//176 157//157
f 402//404 338//340 335//337
f 310//312 335//337 300//302
f 297//299 310//312 300//302
f 297//299 300//302 269//270
f 225//225 269//270 223//223
f 215//215 225//225 223//223
f 215//215 223//223 202//202
f 166//166 202//202 189//189
f 166//166 189//189 172//172
f 135//135 166//166 172//172
f 135//135 172//172 161//161
f 129//129 161//161 157//157
f 403//405 402//404 430//432
f 333//335 402//404 335//337
f 310//312 333//335 335//337
f 245//246 297//299 269//270
f 245//246 269//270 225//225
f 173//173 215//215 202//202
f 153//153 202//202 166//166
f 153//153 173//173 202//202
f 138//138 166//166 135//135
f 129//129 135//135 161//161
f 404//406 430//432 402//404
f 359//361 402//404 333//335
f 359//361 404//406 402//404
f 305//307 333//335 310//312
f 276//278 310//312 297//299
f 276//278 305//307 310//312
f 276//278 297//299 245//246
f 251//252 245//246 225//225
f 221//221 251//252 225//225
f 221//221 225//225 215//215
f 201//201 221//221 215//215
f 173//173 201//201 215//215
f 153//153 166//166 138//138
f 140//140 153//153 138//138
f 120//120 135//135 129//129
f 120//120 129//129 116//116
f 253//254 276//278 245//246
f 117//117 138//138 135//135
f 117//117 135//135 120//120
f 357//359 404//406 359//361
f 357//359 359//361 333//335
f 357//359 333//335 305//307
f 302//304 305//307 276//278
f 228//228 253//254 245//246
f 228//228 245//246 251//252
f 196//196 221//221 201//201
f 196//196 201//201 173//173
f 155//155 196//196 173//173
f 155//155 173//173 153//153
f 125//125 155//155 153//153
f 132//132 153//153 140//140
f 132//132 125//125 153//153
f 104//104 140//140 138//138
f 104//104 132//132 140//140
f 104//104 138//138 117//117
f 85//85 120//120 116//116
f 85//85 117//117 120//120
f 390//392 404//406 357//359
f 390//392 405//407 404//406
f 328//330 357//359 305//307
f 302//304 328//330 305//307
f 267//268 302//304 276//278
f 267//268 276//278 253//254
f 188//188 228//228 251//252
f 188//188 251//252 221//221
f 169//169 221//221 196//196
f 169//169 188//188 221//221
f 82//82 85//85 116//116
f 373//375 390//392 357//359
f 373//375 357//359 328//330
f 315//317 328//330 302//304
f 278//280 302//304 267//268
f 278//280 315//317 302//304
f 243//244 267//268 253//254
f 243//244 278//280 267//268
f 243//244 253//254 228//228
f 133//133 196//196 155//155
f 133//133 169//169 196//196
f 111//111 133//133 155//155
f 111//111 155//155 125//125
f 90//90 125//125 132//132
f 90//90 111//111 125//125
f 89//89 132//132 104//104
f 89//89 90//90 132//132
f 72//72 104//104 117//117
f 72//72 89//89 104//104
f 72//72 117//117 85//85
f 82//82 72//72 85//85
f 389//391 405//407 390//392
f 325//327 373//375 328//330
f 205//205 228//228 188//188
f 205//205 243//244 228//228
f 65//65 111//111 90//90
f 54//54 72//72 82//82
f 389//391 390//392 373//375
f 355//357 389//391 373//375
f 325//327 328//330 315//317
f 274//276 315//317 278//280
f 274//276 278//280 243//244
f 250//251 274//276 243//244
f 222//222 250//251 243//244
f 222//222 243//244 205//205
f 175//175 205//205 188//188
f 154//154 188//188 169//169
f 154//154 175//175 188//188
f 154//154 169//169 133//133
f 92//92 111//111 65//65
f 65//65 90//90 89//89
f 70//70 65//65 89//89
f 70//70 89//89 72//72
f 52//52 70//70 72//72
f 52//52 72//72 54//54
f 355//357 373//375 325//327
f 295//297 325//327 315//317
f 295//297 315//317 274//276
f 236//236 250//251 222//222
f 175//175 222//222 205//205
f 109//109 154//154 133//133
f 109//109 133//133 111//111
f 95//95 109//109 111//111
f 95//95 111//111 92//92
f 407//409 389//391 355//357
f 341//343 355//357 325//327
f 270//271 274//276 250//251
f 270//271 295//297 274//276
f 209//209 236//236 222//222
f 209//209 222//222 175//175
f 141//141 175//175 154//154
f 141//141 154//154 109//109
f 51//51 65//65 70//70
f 51//51 92//92 65//65
f 34//34 70//70 52//52
f 34//34 51//51 70//70
f 39//39 34//34 52//52
f 369//371 407//409 355//357
f 307//309 325//327 295//297
f 307//309 341//343 325//327
f 244//245 250//251 236//236
f 244//245 270//271 250//251
f 193//193 236//236 209//209
f 193//193 209//209 175//175
f 186//186 193//193 175//175
f 186//186 175//175 141//141
f 101//101 109//109 95//95
f 77//77 95//95 92//92
f 77//77 101//101 95//95
f 59//59 77//77 92//92
f 59//59 92//92 51//51
f 409//411 407//409 369//371
f 369//371 355//357 341//343
f 287//289 307//309 295//297
f 268//269 295//297 270//271
f 268//269 287//289 295//297
f 167//167 186//186 141//141
f 118//118 167//167 141//141
f 118//118 141//141 109//109
f 101//101 118//118 109//109
f 42//42 59//59 51//51
f 33//33 42//42 51//51
f 33//33 51//51 34//34
f 22//22 33//33 34//34
f 22//22 34//34 39//39
f 323//325 341//343 307//309
f 323//325 369//371 341//343
f 275//277 268//269 270//271
f 275//277 270//271 244//245
f 233//233 244//245 236//236
f 233//233 236//236 193//193
f 177//177 193//193 186//186
f 177//177 186//186 167//167
f 94//94 118//118 101//101
f 69//69 101//101 77//77
f 69//69 87//87 101//101
f 69//69 77//77 59//59
f 42//42 69//69 59//59
f 24//24 22//22 39//39
f 378//380 409//411 369//371
f 378//380 420//422 409//411
f 348//350 369//371 323//325
f 324//326 323//325 307//309
f 324//326 307//309 287//289
f 275//277 287//289 268//269
f 216//216 233//233 193//193
f 216//216 193//193 177//177
f 171//171 177//177 167//167
f 123//123 167//167 118//118
f 94//94 123//123 118//118
f 94//94 101//101 87//87
f 44//44 42//42 33//33
f 10//10 22//22 24//24
f 167//167 123//123 171//171
f 324//326 287//289 299//301
f 422//424 420//422 378//380
f 376//378 378//380 369//371
f 348//350 323//325 324//326
f 326//328 348//350 324//326
f 299//301 326//328 324//326
f 299//301 287//289 275//277
f 271//272 299//301 275//277
f 271//272 275//277 244//245
f 231//231 244//245 233//233
f 231//231 271//272 244//245
f 231//231 233//233 216//216
f 22//22 10//10 13//13
f 22//22 13//13 18//18
f 33//33 22//22 18//18
f 42//42 44//44 69//69
f 94//94 87//87 106//106
f 123//123 94//94 106//106
f 1114//1116 1106//1108 1107//1109
f 1103//1105 1107//1109 1106//1108
f 1103//1105 1114//1116 1107//1109
f 1064//1066 1071//1073 1051//1053
f 988//990 969//971 1003//1005
f 1016//1018 988//990 1003//1005
f 1071//1073 1032//1034 1051//1053
f 1084//1086 1071//1073 1064//1066
f 168//168 183//183 180//180
f 168//168 184//184 183//183
f 168//168 180//180 152//152
f 149//149 168//168 152//152
f 130//130 149//149 152//152
f 53//53 76//76 74//74
f 45//45 53//53 46//46
f 29//29 45//45 46//46
f 46//46 35//35 29//29
f 56//56 46//46 53//53
f 74//74 56//56 53//53
f 73//73 74//74 76//76
f 110//110 76//76 103//103
f 110//110 73//73 76//76
f 130//130 110//110 103//103
f 180//180 183//183 237//237
f 845//847 841//843 806//808
f 878//880 897//899 845//847
f 897//899 911//913 906//908
f 911//913 930//932 906//908
f 945//947 906//908 930//932
f 945//947 930//932 933//935
f 968//970 945//947 933//935
f 933//935 963//965 968//970
f 963//965 995//997 968//970
f 963//965 1005//1007 995//997
f 1019//1021 995//997 1005//1007
f 1027//1029 1019//1021 1028//1030
f 1042//1044 1027//1029 1028//1030
f 1050//1052 1042//1044 1057//1059
f 1050//1052 1057//1059 1074//1076
f 1075//1077 1074//1076 1086//1088
f 1075//1077 1050//1052 1074//1076
f 1075//1077 1086//1088 1093//1095
f 1100//1102 1075//1077 1093//1095
f 1087//1089 1100//1102 1113//1115
f 806//808 841//843 835//837
f 888//890 845//847 897//899
f 906//908 888//890 897//899
f 931//933 906//908 945//947
f 968//970 931//933 945//947
f 1082//1084 1075//1077 1100//1102
f 1082//1084 1100//1102 1087//1089
f 1088//1090 1087//1089 1113//1115
f 1092//1094 1088//1090 1113//1115
f 1103//1105 1092//1094 1113//1115
f 869//871 841//843 845//847
f 835//837 841//843 869//871
f 869//871 845//847 888//890
f 904//906 869//871 888//890
f 904//906 888//890 906//908
f 904//906 906//908 931//933
f 947//949 931//933 968//970
f 947//949 968//970 995//997
f 978//980 947//949 995//997
f 1011//1013 995//997 1019//1021
f 1011//1013 978//980 995//997
f 1011//1013 1019//1021 1027//1029
f 1015//1017 1027//1029 1042//1044
f 1015//1017 1011//1013 1027//1029
f 1015//1017 1042//1044 1050//1052
f 1048//1050 1015//1017 1050//1052
f 1052//1054 1050//1052 1075//1077
f 1052//1054 1048//1050 1050//1052
f 1052//1054 1075//1077 1082//1084
f 1088//1090 1082//1084 1087//1089
f 921//923 904//906 931//933
f 937//939 921//923 931//933
f 937//939 931//933 947//949
f 984//986 978//980 1011//1013
f 1063//1065 1052//1054 1082//1084
f 1073//1075 1063//1065 1082//1084
f 1088//1090 1073//1075 1082//1084
f 1092//1094 1083//1085 1088//1090
f 876//878 804//806 869//871
f 876//878 869//871 904//906
f 885//887 876//878 904//906
f 885//887 904//906 921//923
f 974//976 947//949 978//980
f 984//986 974//976 978//980
f 1012//1014 984//986 1011//1013
f 1012//1014 1011//1013 1015//1017
f 1020//1022 1012//1014 1015//1017
f 1020//1022 1015//1017 1048//1050
f 1047//1049 1020//1022 1048//1050
f 1047//1049 1048//1050 1052//1054
f 1047//1049 1052//1054 1063//1065
f 1083//1085 1073//1075 1088//1090
f 804//806 876//878 832//834
f 913//915 876//878 885//887
f 913//915 885//887 921//923
f 946//948 913//915 921//923
f 946//948 921//923 937//939
f 946//948 937//939 947//949
f 974//976 946//948 947//949
f 1054//1056 1047//1049 1063//1065
f 1054//1056 1063//1065 1073//1075
f 1058//1060 1054//1056 1073//1075
f 854//856 800//802 876//878
f 854//856 876//878 913//915
f 950//952 946//948 974//976
f 996//998 974//976 984//986
f 996//998 984//986 1012//1014
f 1007//1009 996//998 1012//1014
f 1007//1009 1012//1014 1020//1022
f 1033//1035 1007//1009 1020//1022
f 1033//1035 1020//1022 1047//1049
f 1033//1035 1047//1049 1054//1056
f 1049//1051 1040//1042 1054//1056
f 1049//1051 1054//1056 1058//1060
f 902//904 854//856 913//915
f 917//919 913//915 946//948
f 917//919 902//904 913//915
f 917//919 946//948 950//952
f 960//962 950//952 974//976
f 960//962 974//976 996//998
f 999//1001 996//998 1007//1009
f 1017//1019 1033//1035 1054//1056
f 1017//1019 1054//1056 1040//1042
f 820//822 800//802 854//856
f 877//879 820//822 854//856
f 877//879 854//856 902//904
f 944//946 917//919 950//952
f 944//946 950//952 960//962
f 999//1001 960//962 996//998
f 982//984 999//1001 1007//1009
f 982//984 1007//1009 1033//1035
f 982//984 1033//1035 1017//1019
f 1022//1024 1017//1019 1040//1042
f 1022//1024 1040//1042 1049//1051
f 1030//1032 1022//1024 1049//1051
f 877//879 831//833 820//822
f 884//886 877//879 902//904
f 917//919 884//886 902//904
f 954//956 960//962 999//1001
f 954//956 944//946 960//962
f 1002//1004 982//984 1017//1019
f 1022//1024 1002//1004 1017//1019
f 1049//1051 1038//1040 1030//1032
f 872//874 831//833 877//879
f 872//874 877//879 884//886
f 891//893 872//874 884//886
f 891//893 884//886 917//919
f 934//936 891//893 917//919
f 934//936 917//919 944//946
f 954//956 934//936 944//946
f 952//954 954//956 999//1001
f 972//974 952//954 999//1001
f 972//974 999//1001 982//984
f 977//979 982//984 1002//1004
f 1009//1011 1002//1004 1022//1024
f 1009//1011 1022//1024 1030//1032
f 820//822 831//833 836//838
f 881//883 872//874 891//893
f 919//921 891//893 934//936
f 952//954 934//936 954//956
f 977//979 972//974 982//984
f 836//838 831//833 872//874
f 881//883 836//838 872//874
f 919//921 881//883 891//893
f 951//953 934//936 952//954
f 951//953 952//954 972//974
f 964//966 972//974 977//979
f 992//994 964//966 977//979
f 992//994 977//979 1002//1004
f 992//994 1002//1004 1009//1011
f 981//983 992//994 1009//1011
f 1030//1032 1013//1015 1009//1011
f 981//983 1009//1011 1013//1015
f 997//999 1013//1015 1030//1032
f 816//818 836//838 881//883
f 870//872 816//818 881//883
f 865//867 870//872 881//883
f 865//867 881//883 919//921
f 912//914 865//867 919//921
f 912//914 919//921 934//936
f 951//953 912//914 934//936
f 938//940 951//953 972//974
f 964//966 938//940 972//974
f 986//988 981//983 1013//1015
f 943//945 938//940 964//966
f 943//945 964//966 992//994
f 953//955 943//945 992//994
f 970//972 953//955 992//994
f 970//972 992//994 981//983
f 986//988 970//972 981//983
f 997//999 986//988 1013//1015
f 829//831 816//818 870//872
f 862//864 829//831 870//872
f 862//864 870//872 865//867
f 903//905 862//864 865//867
f 903//905 865//867 912//914
f 900//902 903//905 912//914
f 900//902 912//914 951//953
f 926//928 900//902 951//953
f 926//928 951//953 938//940
f 943//945 926//928 938//940
f 997//999 985//987 986//988
f 955//957 953//955 970//972
f 955//957 970//972 986//988
f 985//987 940//942 986//988
f 909//911 953//955 955//957
f 940//942 955//957 986//988
f 975//977 1001//1003 927//929
f 873//875 975//977 927//929
f 873//875 927//929 824//826
f 798//800 873//875 824//826
f 798//800 713//715 700//702
f 550//552 798//800 700//702
f 550//552 700//702 606//608
f 975//977 991//993 1001//1003
f 1000//1002 1001//1003 991//993
f 769//771 873//875 798//800
f 677//679 769//771 798//800
f 677//679 798//800 550//552
f 973//975 991//993 975//977
f 973//975 987//989 991//993
f 1000//1002 991//993 987//989
f 907//909 975//977 873//875
f 907//909 973//975 975//977
f 840//842 873//875 769//771
f 840//842 907//909 873//875
f 677//679 840//842 769//771
f 607//609 677//679 550//552
f 764//766 840//842 677//679
f 608//610 764//766 677//679
f 608//610 677//679 607//609
f 590//592 608//610 607//609
f 998//1000 1000//1002 987//989
f 956//958 987//989 973//975
f 956//958 998//1000 987//989
f 886//888 973//975 907//909
f 886//888 956//958 973//975
f 799//801 907//909 840//842
f 799//801 886//888 907//909
f 729//731 840//842 764//766
f 729//731 799//801 840//842
f 608//610 729//731 764//766
f 956//958 983//985 998//1000
f 924//926 956//958 886//888
f 866//868 924//926 886//888
f 866//868 886//888 799//801
f 779//781 866//868 799//801
f 779//781 799//801 729//731
f 591//593 729//731 608//610
f 591//593 608//610 590//592
f 966//968 998//1000 983//985
f 966//968 983//985 956//958
f 924//926 966//968 956//958
f 883//885 924//926 866//868
f 823//825 883//885 866//868
f 779//781 823//825 866//868
f 716//718 779//781 729//731
f 716//718 729//731 591//593
f 994//996 966//968 979//981
f 949//951 979//981 966//968
f 949//951 966//968 924//926
f 883//885 949//951 924//926
f 813//815 823//825 779//781
f 742//744 813//815 779//781
f 742//744 779//781 716//718
f 660//662 742//744 716//718
f 660//662 716//718 591//593
f 579//581 660//662 591//593
f 579//581 591//593 592//594
f 948//950 979//981 949//951
f 929//931 948//950 949//951
f 929//931 949//951 883//885
f 810//812 929//931 883//885
f 810//812 883//885 823//825
f 810//812 823//825 813//815
f 742//744 810//812 813//815
f 730//732 742//744 660//662
f 647//649 660//662 579//581
f 580//582 647//649 579//581
f 988//990 994//996 979//981
f 948//950 988//990 979//981
f 882//884 948//950 929//931
f 882//884 929//931 810//812
f 861//863 882//884 810//812
f 796//798 861//863 810//812
f 796//798 810//812 742//744
f 730//732 796//798 742//744
f 634//636 730//732 660//662
f 634//636 660//662 647//649
f 634//636 647//649 580//582
f 593//595 634//636 580//582
f 948//950 976//978 988//990
f 958//960 976//978 948//950
f 958//960 969//971 976//978
f 958//960 948//950 882//884
f 898//900 958//960 882//884
f 898//900 882//884 861//863
f 796//798 898//900 861//863
f 761//763 796//798 730//732
f 690//692 761//763 730//732
f 690//692 730//732 634//636
f 645//647 690//692 634//636
f 593//595 645//647 634//636
f 988//990 976//978 969//971
f 941//943 969//971 958//960
f 910//912 941//943 958//960
f 852//854 958//960 898//900
f 852//854 910//912 958//960
f 844//846 852//854 898//900
f 844//846 898//900 796//798
f 844//846 796//798 761//763
f 744//746 844//846 761//763
f 707//709 761//763 690//692
f 707//709 744//746 761//763
f 662//664 707//709 690//692
f 662//664 690//692 645//647
f 662//664 645//647 593//595
f 644//646 662//664 593//595
f 1029//1031 1016//1018 1032//1034
f 988//990 1016//1018 1029//1031
f 1043//1045 1032//1034 1071//1073
f 1029//1031 1032//1034 1043//1045
f 1062//1064 1071//1073 1084//1086
f 1097//1099 1090//1092 1106//1108
f 1001//1003 1018//1020 971//973
f 1061//1063 1041//1043 1059//1061
f 1096//1098 1059//1061 1080//1082
f 1025//1027 1041//1043 1034//1036
f 1025//1027 1059//1061 1041//1043
f 1025//1027 1034//1036 1018//1020
f 1000//1002 1025//1027 1018//1020
f 1000//1002 1018//1020 1001//1003
f 1109//1111 1115//1117 1112//1114
f 1023//1025 1025//1027 1000//1002
f 1089//1091 1101//1103 1095//1097
f 1089//1091 1095//1097 1080//1082
f 1079//1081 1089//1091 1080//1082
f 1079//1081 1080//1082 1059//1061
f 1079//1081 1059//1061 1025//1027
f 1039//1041 1079//1081 1025//1027
f 1039//1041 1025//1027 1023//1025
f 998//1000 1023//1025 1000//1002
f 1109//1111 1112//1114 1101//1103
f 1097//1099 1109//1111 1101//1103
f 998//1000 1039//1041 1023//1025
f 1109//1111 1114//1116 1115//1117
f 1097//1099 1101//1103 1089//1091
f 1053//1055 1089//1091 1079//1081
f 1037//1039 1079//1081 1039//1041
f 1037//1039 1053//1055 1079//1081
f 1014//1016 1037//1039 1039//1041
f 1014//1016 1039//1041 998//1000
f 966//968 1014//1016 998//1000
f 1076//1078 1097//1099 1089//1091
f 1076//1078 1089//1091 1053//1055
f 1029//1031 1037//1039 1014//1016
f 994//996 1029//1031 1014//1016
f 994//996 1014//1016 966//968
f 1062//1064 1076//1078 1053//1055
f 1043//1045 1053//1055 1037//1039
f 1043//1045 1062//1064 1053//1055
f 1043//1045 1037//1039 1029//1031
f 988//990 1029//1031 994//996
f 1106//1108 1114//1116 1109//1111
f 1106//1108 1109//1111 1097//1099
f 1090//1092 1097//1099 1076//1078
f 1084//1086 1090//1092 1076//1078
f 1084//1086 1076//1078 1062//1064
f 1071//1073 1062//1064 1043//1045
f 411//413 455//457 401//403
f 386//388 330//332 401//403
f 386//388 401//403 455//457
f 411//413 435//437 455//457
f 458//460 455//457 435//437
f 433//435 435//437 411//413
f 401//403 433//435 411//413
f 316//318 294//296 285//287
f 346//348 316//318 330//332
f 386//388 346//348 330//332
f 435//437 475//477 458//460
f 510//512 524//526 475//477
f 510//512 534//536 524//526
f 534//536 629//631 524//526
f 629//631 598//600 524//526
f 534//536 588//590 629//631
f 558//560 588//590 534//536
f 494//496 558//560 534//536
f 494//496 534//536 510//512
f 494//496 510//512 475//477
f 476//478 494//496 475//477
f 476//478 475//477 435//437
f 433//435 476//478 435//437
f 632//634 605//607 629//631
f 636//638 629//631 588//590
f 636//638 588//590 558//560
f 272//274 288//290 294//296
f 346//348 294//296 316//318
f 386//388 455//457 458//460
f 516//518 458//460 475//477
f 524//526 516//518 475//477
f 628//630 598//600 629//631
f 628//630 629//631 605//607
f 387//389 346//348 386//388
f 417//419 386//388 458//460
f 632//634 628//630 605//607
f 346//348 318//320 294//296
f 442//444 417//419 458//460
f 442//444 458//460 516//518
f 531//533 516//518 524//526
f 531//533 524//526 598//600
f 318//320 272//274 294//296
f 417//419 387//389 386//388
f 598//600 628//630 619//621
f 628//630 627//629 619//621
f 361//363 318//320 346//348
f 415//417 387//389 417//419
f 584//586 531//533 598//600
f 264//265 248//249 272//274
f 318//320 264//265 272//274
f 387//389 361//363 346//348
f 529//531 516//518 531//533
f 596//598 529//531 531//533
f 619//621 627//629 598//600
f 584//586 598//600 627//629
f 618//620 584//586 627//629
f 529//531 442//444 516//518
f 596//598 531//533 584//586
f 361//363 264//265 318//320
f 385//387 361//363 387//389
f 415//417 385//387 387//389
f 450//452 417//419 442//444
f 529//531 450//452 442//444
f 597//599 596//598 584//586
f 597//599 584//586 618//620
f 264//265 210//210 248//249
f 313//315 264//265 361//363
f 408//410 385//387 415//417
f 450//452 415//417 417//419
f 627//629 597//599 618//620
f 627//629 620//622 597//599
f 313//315 277//279 264//265
f 450//452 408//410 415//417
f 495//497 450//452 529//531
f 616//618 529//531 596//598
f 616//618 554//556 529//531
f 627//629 631//633 620//622
f 286//288 210//210 264//265
f 277//279 286//288 264//265
f 408//410 361//363 385//387
f 631//633 597//599 620//622
f 353//355 313//315 361//363
f 408//410 353//355 361//363
f 517//519 495//497 529//531
f 538//540 529//531 554//556
f 538//540 517//519 529//531
f 616//618 596//598 597//599
f 617//619 616//618 597//599
f 630//632 617//619 597//599
f 631//633 630//632 597//599
f 256//257 197//197 210//210
f 256//257 210//210 286//288
f 309//311 277//279 313//315
f 444//446 408//410 450//452
f 538//540 554//556 616//618
f 286//288 277//279 309//311
f 309//311 313//315 353//355
f 392//394 353//355 408//410
f 495//497 444//446 450//452
f 614//616 538//540 616//618
f 630//632 616//618 617//619
f 615//617 614//616 616//618
f 630//632 615//617 616//618
f 444//446 392//394 408//410
f 477//479 495//497 517//519
f 467//469 444//446 495//497
f 630//632 614//616 615//617
f 281//283 256//257 286//288
f 281//283 286//288 309//311
f 235//235 219//219 197//197
f 235//235 197//197 256//257
f 281//283 235//235 256//257
f 340//342 309//311 353//355
f 392//394 340//342 353//355
f 467//469 392//394 444//446
f 467//469 495//497 477//479
f 525//527 517//519 538//540
f 525//527 477//479 517//519
f 583//585 538//540 614//616
f 181//181 197//197 219//219
f 332//334 281//283 309//311
f 332//334 309//311 340//342
f 499//501 467//469 477//479
f 525//527 499//501 477//479
f 551//553 525//527 538//540
f 551//553 538//540 583//585
f 434//436 392//394 467//469
f 453//455 434//436 467//469
f 273//275 281//283 332//334
f 358//360 340//342 392//394
f 464//466 467//469 499//501
f 464//466 453//455 467//469
f 612//614 614//616 613//615
f 612//614 583//585 614//616
f 614//616 641//643 613//615
f 218//218 181//181 219//219
f 273//275 235//235 281//283
f 336//338 273//275 332//334
f 336//338 332//334 340//342
f 358//360 336//338 340//342
f 358//360 392//394 434//436
f 498//500 499//501 525//527
f 570//572 551//553 583//585
f 641//643 612//614 613//615
f 218//218 219//219 235//235
f 498//500 464//466 499//501
f 570//572 525//527 551//553
f 612//614 570//572 583//585
f 240//241 218//218 235//235
f 273//275 240//241 235//235
f 394//396 358//360 434//436
f 394//396 336//338 358//360
f 457//459 434//436 453//455
f 457//459 453//455 464//466
f 498//500 525//527 570//572
f 633//635 611//613 612//614
f 280//282 273//275 336//338
f 339//341 280//282 336//338
f 339//341 336//338 394//396
f 398//400 394//396 434//436
f 398//400 434//436 457//459
f 533//535 498//500 570//572
f 182//182 218//218 240//241
f 375//377 339//341 394//396
f 470//472 457//459 464//466
f 533//535 514//516 498//500
f 594//596 533//535 570//572
f 594//596 570//572 612//614
f 652//654 611//613 633//635
f 280//282 240//241 273//275
f 375//377 394//396 398//400
f 470//472 464//466 498//500
f 514//516 470//472 498//500
f 611//613 594//596 612//614
f 652//654 594//596 611//613
f 254//255 182//182 240//241
f 254//255 240//241 280//282
f 344//346 280//282 339//341
f 344//346 339//341 375//377
f 374//376 344//346 375//377
f 374//376 375//377 398//400
f 425//427 374//376 398//400
f 425//427 398//400 457//459
f 652//654 610//612 594//596
f 204//204 182//182 254//255
f 470//472 425//427 457//459
f 485//487 470//472 514//516
f 569//571 533//535 594//596
f 569//571 532//534 533//535
f 569//571 594//596 610//612
f 652//654 569//571 610//612
f 261//262 254//255 280//282
f 261//262 280//282 344//346
f 452//454 425//427 470//472
f 485//487 514//516 533//535
f 532//534 485//487 533//535
f 652//654 609//611 569//571
f 317//319 261//262 344//346
f 396//398 374//376 425//427
f 452//454 396//398 425//427
f 585//587 569//571 609//611
f 347//349 317//319 344//346
f 347//349 344//346 374//376
f 396//398 347//349 374//376
f 452//454 470//472 485//487
f 532//534 569//571 582//584
f 203//203 204//204 254//255
f 185//185 204//204 203//203
f 283//285 261//262 317//319
f 283//285 317//319 347//349
f 261//262 203//203 254//255
f 241//242 203//203 261//262
f 581//583 571//573 653//655
f 559//561 581//583 649//651
f 636//638 544//546 665//667
f 665//667 544//546 646//648
f 679//681 646//648 600//602
f 679//681 600//602 649//651
f 680//682 649//651 581//583
f 661//663 629//631 636//638
f 668//670 665//667 646//648
f 668//670 646//648 679//681
f 692//694 581//583 653//655
f 692//694 680//682 581//583
f 694//696 653//655 664//666
f 661//663 636//638 665//667
f 699//701 649//651 680//682
f 699//701 679//681 649//651
f 694//696 692//694 653//655
f 710//712 665//667 696//698
f 710//712 661//663 665//667
f 696//698 665//667 668//670
f 669//671 664//666 654//656
f 699//701 680//682 692//694
f 723//725 664//666 669//671
f 723//725 694//696 664//666
f 710//712 695//697 661//663
f 728//730 668//670 679//681
f 751//753 679//681 699//701
f 751//753 728//730 679//681
f 732//734 692//694 694//696
f 717//719 696//698 668//670
f 723//725 732//734 694//696
f 739//741 710//712 696//698
f 717//719 739//741 696//698
f 717//719 668//670 728//730
f 745//747 695//697 710//712
f 731//733 692//694 732//734
f 731//733 699//701 692//694
f 722//724 723//725 669//671
f 745//747 710//712 739//741
f 785//787 751//753 699//701
f 785//787 699//701 731//733
f 776//778 739//741 717//719
f 782//784 717//719 728//730
f 782//784 728//730 751//753
f 774//776 732//734 723//725
f 774//776 731//733 732//734
f 783//785 695//697 745//747
f 783//785 735//737 695//697
f 778//780 717//719 782//784
f 778//780 776//778 717//719
f 746//748 771//773 722//724
f 780//782 723//725 722//724
f 759//761 739//741 776//778
f 759//761 745//747 739//741
f 785//787 782//784 751//753
f 787//789 774//776 723//725
f 759//761 783//785 745//747
f 832//834 785//787 731//733
f 787//789 723//725 780//782
f 771//773 780//782 722//724
f 746//748 780//782 771//773
f 814//816 759//761 776//778
f 819//821 808//810 783//785
f 817//819 776//778 778//780
f 817//819 814//816 776//778
f 817//819 778//780 782//784
f 820//822 817//819 782//784
f 820//822 782//784 785//787
f 800//802 820//822 785//787
f 800//802 785//787 832//834
f 832//834 731//733 774//776
f 819//821 783//785 759//761
f 814//816 819//821 759//761
f 804//806 774//776 787//789
f 804//806 832//834 774//776
f 795//797 806//808 780//782
f 835//837 787//789 780//782
f 835//837 804//806 787//789
f 816//818 808//810 819//821
f 664//666 572//574 654//656
f 571//573 664//666 653//655
f 600//602 559//561 649//651
f 576//578 600//602 646//648
f 544//546 576//578 646//648
f 558//560 544//546 636//638
f 571//573 572//574 664//666
f 559//561 509//511 581//583
f 549//551 559//561 600//602
f 576//578 549//551 600//602
f 572//574 522//524 654//656
f 522//524 567//569 654//656
f 509//511 571//573 581//583
f 549//551 509//511 559//561
f 523//525 576//578 544//546
f 509//511 540//542 571//573
f 558//560 503//505 544//546
f 503//505 523//525 544//546
f 520//522 572//574 571//573
f 540//542 520//522 571//573
f 505//507 549//551 576//578
f 523//525 489//491 576//578
f 494//496 503//505 558//560
f 515//517 522//524 572//574
f 520//522 515//517 572//574
f 482//484 509//511 549//551
f 505//507 482//484 549//551
f 489//491 505//507 576//578
f 465//467 540//542 509//511
f 503//505 489//491 523//525
f 476//478 503//505 494//496
f 482//484 465//467 509//511
f 515//517 414//416 522//524
f 481//483 482//484 505//507
f 456//458 505//507 489//491
f 476//478 474//476 503//505
f 468//470 520//522 540//542
f 456//458 481//483 505//507
f 474//476 489//491 503//505
f 474//476 456//458 489//491
f 468//470 515//517 520//522
f 428//430 468//470 540//542
f 465//467 428//430 540//542
f 416//418 474//476 476//478
f 449//451 465//467 482//484
f 481//483 449//451 482//484
f 423//425 437//439 481//483
f 456//458 423//425 481//483
f 474//476 430//432 456//458
f 433//435 416//418 476//478
f 449//451 428//430 465//467
f 405//407 449//451 481//483
f 437//439 405//407 481//483
f 430//432 423//425 456//458
f 409//411 414//416 515//517
f 468//470 409//411 515//517
f 416//418 430//432 474//476
f 404//406 437//439 423//425
f 403//405 430//432 416//418
f 402//404 403//405 416//418
f 401//403 416//418 433//435
f 401//403 402//404 416//418
f 409//411 420//422 414//416
f 407//409 409//411 468//470
f 389//391 468//470 428//430
f 389//391 407//409 468//470
f 389//391 428//430 449//451
f 405//407 389//391 449//451
f 404//406 405//407 437//439
f 430//432 404//406 423//425
f 829//831 808//810 816//818
f 816//818 819//821 814//816
f 836//838 816//818 814//816
f 836//838 814//816 817//819
f 820//822 836//838 817//819
f 876//878 800//802 832//834
f 869//871 804//806 835//837
f 835//837 780//782 806//808
f 595//597 642//644 644//646
f 595//597 585//587 642//644
f 638//640 585//587 609//611
f 652//654 638//640 609//611
f 563//565 585//587 595//597
f 563//565 595//597 644//646
f 1004//1006 990//992 997//999
f 1004//1006 997//999 1024//1026
f 1024//1026 1038//1040 1056//1058
f 1077//1079 1070//1072 1083//1085
f 1077//1079 1106//1108 1090//1092
f 1077//1079 1090//1092 1084//1086
f 1064//1066 1077//1079 1084//1086
f 1056//1058 1064//1066 1051//1053
f 1032//1034 1056//1058 1051//1053
f 1004//1006 1032//1034 1016//1018
f 1003//1005 1004//1006 1016//1018
f 967//969 1003//1005 969//971
f 941//943 967//969 969//971
f 1103//1105 1104//1106 1114//1116
f 1070//1072 1077//1079 1064//1066
f 1056//1058 1070//1072 1064//1066
f 1024//1026 1056//1058 1032//1034
f 1004//1006 1024//1026 1032//1034
f 1004//1006 1003//1005 967//969
f 990//992 1004//1006 967//969
f 1114//1116 1104//1106 1105//1107
f 1101//1103 1123//1125 1125//1127
f 1116//1118 1101//1103 1125//1127
f 1080//1082 1116//1118 1096//1098
f 1059//1061 1096//1098 1061//1063
f 1041//1043 1061//1063 1066//1068
f 1010//1012 1018//1020 1035//1037
f 1065//1067 1036//1038 1066//1068
f 1065//1067 1035//1037 1036//1038
f 1133//1135 1123//1125 1127//1129
f 1134//1136 1133//1135 1127//1129
f 989//991 1010//1012 1035//1037
f 989//991 959//961 1010//1012
f 1085//1087 1061//1063 1096//1098
f 1085//1087 1066//1068 1061//1063
f 1108//1110 1096//1098 1116//1118
f 1108//1110 1085//1087 1096//1098
f 1085//1087 1065//1067 1066//1068
f 1121//1123 1108//1110 1116//1118
f 1121//1123 1116//1118 1125//1127
f 1131//1133 1123//1125 1133//1135
f 1131//1133 1125//1127 1123//1125
f 151//151 147//147 107//107
f 146//146 151//151 107//107
f 91//91 107//107 99//99
f 91//91 146//146 107//107
f 151//151 174//174 234//234
f 158//158 174//174 151//151
f 158//158 151//151 146//146
f 91//91 99//99 79//79
f 75//75 91//91 79//79
f 61//61 75//75 37//37
f 61//61 37//37 27//27
f 183//183 258//259 237//237
f 266//267 237//237 258//259
f 266//267 258//259 290//292
f 352//354 266//267 290//292
f 364//366 352//354 363//365
f 419//421 447//449 363//365
f 445//447 363//365 447//449
f 445//447 364//366 363//365
f 419//421 491//493 447//449
f 560//562 447//449 491//493
f 491//493 644//646 560//562
f 536//538 644//646 491//493
f 426//428 536//538 491//493
f 426//428 491//493 419//421
f 365//367 419//421 363//365
f 365//367 426//428 419//421
f 380//382 365//367 363//365
f 380//382 363//365 352//354
f 311//313 380//382 352//354
f 311//313 352//354 290//292
f 252//253 311//313 290//292
f 252//253 290//292 258//259
f 252//253 258//259 183//183
f 179//179 180//180 237//237
f 179//179 237//237 194//194
f 266//267 194//194 237//237
f 364//366 266//267 352//354
f 424//426 364//366 445//447
f 546//548 445//447 447//449
f 546//548 447//449 560//562
f 580//582 546//548 560//562
f 262//263 194//194 266//267
f 308//310 262//263 266//267
f 308//310 266//267 364//366
f 383//385 308//310 364//366
f 383//385 364//366 424//426
f 484//486 424//426 445//447
f 484//486 445//447 546//548
f 543//545 484//486 546//548
f 543//545 546//548 580//582
f 179//179 194//194 255//256
f 255//256 194//194 262//263
f 308//310 255//256 262//263
f 322//324 308//310 383//385
f 446//448 322//324 383//385
f 446//448 383//385 424//426
f 446//448 424//426 484//486
f 178//178 179//179 255//256
f 314//316 255//256 308//310
f 314//316 308//310 322//324
f 354//356 314//316 322//324
f 354//356 322//324 446//448
f 473//475 354//356 446//448
f 473//475 446//448 484//486
f 556//558 473//475 484//486
f 556//558 484//486 543//545
f 580//582 579//581 543//545
f 556//558 543//545 579//581
f 578//580 556//558 579//581
f 178//178 255//256 191//191
f 232//232 191//191 255//256
f 232//232 255//256 314//316
f 379//381 232//232 314//316
f 379//381 314//316 354//356
f 379//381 354//356 473//475
f 431//433 379//381 473//475
f 526//528 431//433 473//475
f 526//528 473//475 556//558
f 578//580 526//528 556//558
f 213//213 178//178 191//191
f 284//286 191//191 232//232
f 284//286 213//213 191//191
f 284//286 232//232 379//381
f 568//570 431//433 526//528
f 568//570 526//528 578//580
f 229//229 213//213 284//286
f 229//229 284//286 379//381
f 427//429 229//229 379//381
f 427//429 379//381 431//433
f 568//570 427//429 431//433
f 578//580 590//592 568//570
f 170//170 213//213 195//195
f 195//195 213//213 229//229
f 507//509 427//429 568//570
f 607//609 568//570 590//592
f 343//345 195//195 229//229
f 343//345 229//229 427//429
f 507//509 343//345 427//429
f 607//609 507//509 568//570
f 342//344 195//195 343//345
f 342//344 343//345 507//509
f 497//499 342//344 507//509
f 497//499 507//509 607//609
f 550//552 497//499 607//609
f 170//170 195//195 158//158
f 158//158 195//195 342//344
f 573//575 497//499 550//552
f 234//234 174//174 158//158
f 234//234 158//158 342//344
f 331//333 234//234 342//344
f 372//374 331//333 342//344
f 372//374 342//344 497//499
f 573//575 372//374 497//499
f 292//294 234//234 331//333
f 382//384 331//333 372//374
f 488//490 372//374 573//575
f 28//28 35//35 21//21
f 29//29 35//35 28//28
f 21//21 23//23 28//28
f 76//76 53//53 64//64
f 103//103 76//76 112//112
f 103//103 112//112 149//149
f 130//130 103//103 149//149
f 168//168 162//162 185//185
f 168//168 149//149 162//162
f 184//184 168//168 185//185
f 203//203 241//242 184//184
f 843//845 852//854 844//846
f 805//807 843//845 844//846
f 743//745 805//807 844//846
f 743//745 844//846 744//746
f 743//745 744//746 707//709
f 688//690 743//745 707//709
f 688//690 707//709 662//664
f 678//680 688//690 662//664
f 678//680 662//664 644//646
f 642//644 678//680 644//646
f 892//894 967//969 941//943
f 892//894 941//943 910//912
f 892//894 910//912 852//854
f 853//855 892//894 852//854
f 853//855 852//854 843//845
f 727//729 743//745 688//690
f 990//992 967//969 892//894
f 811//813 853//855 843//845
f 811//813 843//845 805//807
f 811//813 805//807 743//745
f 756//758 811//813 743//745
f 727//729 756//758 743//745
f 702//704 727//729 688//690
f 676//678 702//704 688//690
f 676//678 688//690 678//680
f 585//587 678//680 642//644
f 925//927 990//992 892//894
f 890//892 925//927 892//894
f 890//892 892//894 853//855
f 702//704 756//758 727//729
f 638//640 676//678 678//680
f 638//640 678//680 585//587
f 842//844 890//892 853//855
f 842//844 853//855 811//813
f 794//796 811//813 756//758
f 733//735 756//758 702//704
f 689//691 733//735 702//704
f 689//691 702//704 676//678
f 652//654 676//678 638//640
f 940//942 990//992 925//927
f 890//892 928//930 925//927
f 560//562 644//646 593//595
f 563//565 582//584 585//587
f 582//584 569//571 585//587
f 564//566 582//584 563//565
f 532//534 582//584 564//566
f 512//514 566//568 575//577
f 566//568 602//604 575//577
f 622//624 602//604 599//601
f 824//826 821//823 790//792
f 824//826 822//824 821//823
f 824//826 927//929 822//824
f 824//826 790//792 753//755
f 651//653 708//710 698//700
f 599//601 651//653 643//645
f 604//606 599//601 602//604
f 432//434 490//492 461//463
f 432//434 436//438 395//397
f 298//300 312//314 293//295
f 282//284 298//300 293//295
f 713//715 824//826 753//755
f 709//711 753//755 708//710
f 709//711 708//710 651//653
f 490//492 432//434 492//494
f 395//397 399//401 432//434
f 388//390 395//397 391//393
f 349//351 388//390 391//393
f 798//800 824//826 713//715
f 713//715 753//755 709//711
f 604//606 651//653 599//601
f 565//567 602//604 566//568
f 492//494 512//514 490//492
f 366//368 388//390 349//351
f 227//227 242//243 165//165
f 327//329 393//395 377//379
f 547//549 541//543 626//628
f 686//688 719//721 693//695
f 704//706 715//717 719//721
f 715//717 736//738 719//721
f 927//929 1001//1003 895//897
f 718//720 736//738 715//717
f 711//713 715//717 704//706
f 711//713 718//720 715//717
f 681//683 704//706 719//721
f 681//683 711//713 704//706
f 681//683 719//721 686//688
f 643//645 686//688 626//628
f 575//577 622//624 626//628
f 575//577 626//628 541//543
f 504//506 506//508 469//471
f 461//463 469//471 460//462
f 461//463 460//462 413//415
f 448//450 461//463 413//415
f 436//438 448//450 413//415
f 393//395 413//415 377//379
f 927//929 895//897 822//824
f 708//710 736//738 718//720
f 708//710 753//755 736//738
f 698//700 711//713 681//683
f 698//700 718//720 711//713
f 686//688 698//700 681//683
f 651//653 686//688 643//645
f 622//624 643//645 626//628
f 575//577 602//604 622//624
f 490//492 575//577 541//543
f 504//506 490//492 541//543
f 461//463 490//492 469//471
f 327//329 391//393 393//395
f 360//362 327//329 349//351
f 360//362 391//393 327//329
f 293//295 321//323 327//329
f 821//823 822//824 834//836
f 821//823 834//836 793//795
f 790//792 821//823 793//795
f 790//792 793//795 753//755
f 708//710 718//720 698//700
f 651//653 698//700 686//688
f 599//601 643//645 622//624
f 512//514 575//577 490//492
f 469//471 490//492 504//506
f 448//450 432//434 461//463
f 432//434 448//450 436//438
f 395//397 413//415 393//395
f 395//397 436//438 413//415
f 395//397 393//395 391//393
f 391//393 360//362 349//351
f 312//314 349//351 327//329
f 312//314 327//329 321//323
f 293//295 312//314 321//323
f 623//625 621//623 659//661
f 659//661 621//623 749//751
f 748//750 738//740 757//759
f 768//770 738//740 789//791
f 757//759 738//740 768//770
f 859//861 868//870 880//882
f 936//938 959//961 961//963
f 971//973 959//961 936//938
f 908//910 942//944 896//898
f 693//695 736//738 738//740
f 693//695 738//740 749//751
f 621//623 623//625 537//539
f 1010//1012 959//961 971//973
f 1001//1003 971//973 936//938
f 936//938 942//944 908//910
f 849//851 868//870 859//861
f 834//836 849//851 859//861
f 827//829 859//861 789//791
f 772//774 789//791 738//740
f 772//774 793//795 789//791
f 760//762 772//774 738//740
f 736//738 760//762 738//740
f 693//695 749//751 621//623
f 686//688 693//695 621//623
f 603//605 621//623 537//539
f 827//829 834//836 859//861
f 834//836 827//829 789//791
f 719//721 736//738 693//695
f 603//605 686//688 621//623
f 626//628 603//605 537//539
f 626//628 537//539 547//549
f 504//506 547//549 506//508
f 480//482 506//508 547//549
f 895//897 936//938 908//910
f 895//897 1001//1003 936//938
f 895//897 908//910 896//898
f 895//897 896//898 880//882
f 822//824 880//882 868//870
f 822//824 895//897 880//882
f 822//824 868//870 849//851
f 834//836 822//824 849//851
f 793//795 834//836 789//791
f 793//795 772//774 760//762
f 753//755 760//762 736//738
f 753//755 793//795 760//762
f 626//628 686//688 603//605
f 541//543 547//549 504//506
f 469//471 506//508 480//482
f 460//462 469//471 413//415
f 770//772 838//840 837//839
f 858//860 867//869 880//882
f 864//866 880//882 867//869
f 962//964 959//961 993//995
f 905//907 915//917 922//924
f 860//862 864//866 867//869
f 860//862 880//882 864//866
f 848//850 867//869 837//839
f 838//840 848//850 837//839
f 809//811 838//840 770//772
f 789//791 809//811 770//772
f 749//751 758//760 770//772
f 961//963 962//964 936//938
f 961//963 959//961 962//964
f 942//944 936//938 962//964
f 942//944 962//964 922//924
f 942//944 922//924 915//917
f 942//944 915//917 905//907
f 896//898 905//907 922//924
f 896//898 942//944 905//907
f 896//898 922//924 880//882
f 859//861 860//862 867//869
f 859//861 880//882 860//862
f 859//861 867//869 848//850
f 859//861 848//850 838//840
f 789//791 859//861 838//840
f 789//791 838//840 809//811
f 768//770 770//772 758//760
f 768//770 789//791 770//772
f 757//759 758//760 749//751
f 757//759 768//770 758//760
f 748//750 757//759 749//751
f 738//740 748//750 749//751
f 993//995 959//961 989//991
f 993//995 989//991 914//916
f 962//964 993//995 914//916
f 962//964 914//916 939//941
f 922//924 939//941 914//916
f 962//964 939//941 922//924
f 922//924 914//916 858//860
f 880//882 922//924 858//860
f 867//869 858//860 837//839
f 658//660 709//711 651//653
f 700//702 658//660 651//653
f 635//637 651//653 604//606
f 635//637 700//702 651//653
f 625//627 635//637 604//606
f 561//563 604//606 602//604
f 561//563 602//604 565//567
f 561//563 565//567 566//568
f 548//550 561//563 566//568
f 535//537 548//550 566//568
f 412//414 432//434 399//401
f 384//386 395//397 388//390
f 371//373 388//390 366//368
f 349//351 371//373 366//368
f 320//322 349//351 312//314
f 296//298 312//314 298//300
f 282//284 296//298 298//300
f 279//281 282//284 293//295
f 658//660 713//715 709//711
f 561//563 625//627 604//606
f 553//555 561//563 548//550
f 530//532 548//550 535//537
f 530//532 553//555 548//550
f 528//530 535//537 566//568
f 528//530 530//532 535//537
f 512//514 528//530 566//568
f 441//443 492//494 432//434
f 381//383 399//401 395//397
f 384//386 381//383 395//397
f 371//373 384//386 388//390
f 303//305 320//322 312//314
f 296//298 303//305 312//314
f 265//266 279//281 293//295
f 265//266 282//284 279//281
f 242//243 265//266 293//295
f 227//227 259//260 242//243
f 151//151 227//227 165//165
f 700//702 713//715 658//660
f 625//627 700//702 635//637
f 586//588 625//627 561//563
f 552//554 553//555 530//532
f 552//554 561//563 553//555
f 527//529 528//530 512//514
f 527//529 530//532 528//530
f 519//521 527//529 512//514
f 511//513 519//521 512//514
f 492//494 511//513 512//514
f 441//443 466//468 492//494
f 412//414 441//443 432//434
f 381//383 384//386 371//373
f 337//339 371//373 349//351
f 337//339 349//351 320//322
f 329//331 320//322 303//305
f 329//331 337//339 320//322
f 263//264 265//266 242//243
f 247//248 242//243 259//260
f 247//248 263//264 242//243
f 227//227 247//248 259//260
f 136//136 151//151 165//165
f 606//608 700//702 625//627
f 606//608 625//627 586//588
f 555//557 561//563 552//554
f 542//544 552//554 530//532
f 542//544 555//557 552//554
f 521//523 527//529 519//521
f 521//523 530//532 527//529
f 513//515 519//521 511//513
f 513//515 521//523 519//521
f 496//498 513//515 511//513
f 466//468 487//489 492//494
f 418//420 441//443 412//414
f 362//364 381//383 371//373
f 303//305 337//339 329//331
f 292//294 263//264 247//248
f 238//238 247//248 227//227
f 147//147 151//151 136//136
f 562//564 561//563 555//557
f 573//575 555//557 542//544
f 573//575 562//564 555//557
f 539//541 542//544 530//532
f 539//541 573//575 542//544
f 521//523 539//541 530//532
f 496//498 511//513 492//494
f 496//498 492//494 487//489
f 443//445 487//489 466//468
f 443//445 496//498 487//489
f 443//445 466//468 441//443
f 443//445 441//443 418//420
f 488//490 418//420 412//414
f 381//383 412//414 399//401
f 362//364 372//374 381//383
f 345//347 362//364 371//373
f 337//339 345//347 371//373
f 331//333 337//339 303//305
f 282//284 306//308 303//305
f 282//284 303//305 296//298
f 292//294 282//284 265//266
f 292//294 265//266 263//264
f 238//238 292//294 247//248
f 151//151 238//238 227//227
f 587//589 606//608 586//588
f 587//589 586//588 561//563
f 577//579 587//589 561//563
f 577//579 561//563 562//564
f 573//575 577//579 562//564
f 521//523 573//575 539//541
f 508//510 513//515 496//498
f 508//510 521//523 513//515
f 521//523 508//510 496//498
f 488//490 521//523 496//498
f 488//490 496//498 443//445
f 454//456 488//490 443//445
f 418//420 454//456 443//445
f 372//374 412//414 381//383
f 382//384 362//364 345//347
f 345//347 337//339 331//333
f 304//306 331//333 303//305
f 304//306 303//305 306//308
f 304//306 306//308 282//284
f 234//234 292//294 238//238
f 151//151 234//234 238//238
f 606//608 587//589 577//579
f 573//575 521//523 488//490
f 488//490 454//456 418//420
f 488//490 412//414 372//374
f 382//384 372//374 362//364
f 382//384 345//347 331//333
f 331//333 304//306 282//284
f 292//294 331//333 282//284
f 573//575 606//608 577//579
f 997//999 1030//1032 1024//1026
f 1024//1026 1030//1032 1038//1040
f 1044//1046 1049//1051 1058//1060
f 1038//1040 1049//1051 1044//1046
f 1044//1046 1058//1060 1073//1075
f 1044//1046 1073//1075 1070//1072
f 1070//1072 1073//1075 1083//1085
f 1105//1107 1103//1105 1113//1115
f 147//147 136//136 107//107
f 23//23 4//4 19//19
f 11//11 2//2 7//7
f 11//11 7//7 17//17
f 17//17 7//7 12//12
f 9//9 12//12 7//7
f 17//17 12//12 9//9
f 21//21 17//17 9//9
f 23//23 21//21 9//9
f 25//25 23//23 19//19
f 25//25 19//19 24//24
f 1115//1117 1127//1129 1123//1125
f 1112//1114 1115//1117 1123//1125
f 1112//1114 1123//1125 1101//1103
f 1095//1097 1101//1103 1116//1118
f 1095//1097 1116//1118 1080//1082
f 1034//1036 1066//1068 1036//1038
f 1034//1036 1041//1043 1066//1068
f 1034//1036 1036//1038 1035//1037
f 1018//1020 1034//1036 1035//1037
f 971//973 1018//1020 1010//1012
f 502//504 624//626 545//547
f 478//480 522//524 414//416
f 420//422 439//441 414//416
f 567//569 601//603 654//656
f 522//524 557//559 567//569
f 500//502 502//504 522//524
f 479//481 522//524 478//480
f 479//481 472//474 522//524
f 471//473 478//480 414//416
f 471//473 479//481 478//480
f 462//464 471//473 414//416
f 463//465 462//464 414//416
f 451//453 414//416 439//441
f 451//453 463//465 414//416
f 440//442 439//441 420//422
f 440//442 451//453 439//441
f 429//431 440//442 420//422
f 685//687 654//656 601//603
f 685//687 601//603 624//626
f 557//559 624//626 567//569
f 493//495 500//502 522//524
f 493//495 502//504 500//502
f 472//474 493//495 522//524
f 472//474 479//481 471//473
f 462//464 472//474 471//473
f 463//465 451//453 440//442
f 463//465 440//442 429//431
f 463//465 429//431 420//422
f 421//423 463//465 420//422
f 624//626 601//603 567//569
f 545//547 624//626 557//559
f 545//547 557//559 522//524
f 502//504 545//547 522//524
f 502//504 493//495 472//474
f 463//465 472//474 462//464
f 422//424 421//423 420//422
f 422//424 463//465 421//423
f 857//859 928//930 890//892
f 890//892 842//844 857//859
f 720//722 762//764 733//735
f 703//705 720//722 682//684
f 675//677 682//684 666//668
f 675//677 703//705 682//684
f 633//635 675//677 666//668
f 811//813 794//796 801//803
f 811//813 801//803 842//844
f 839//841 842//844 801//803
f 802//804 839//841 801//803
f 802//804 801//803 794//796
f 766//768 794//796 777//779
f 766//768 802//804 794//796
f 766//768 777//779 762//764
f 747//749 766//768 762//764
f 720//722 747//749 762//764
f 955//957 940//942 925//927
f 928//930 955//957 925//927
f 839//841 857//859 842//844
f 703//705 747//749 720//722
f 641//643 675//677 633//635
f 641//643 633//635 612//614
f 894//896 928//930 857//859
f 767//769 802//804 766//768
f 767//769 815//817 802//804
f 767//769 766//768 747//749
f 825//827 839//841 802//804
f 684//686 747//749 703//705
f 684//686 705//707 747//749
f 641//643 703//705 675//677
f 641//643 684//686 703//705
f 909//911 955//957 928//930
f 909//911 928//930 894//896
f 856//858 894//896 857//859
f 856//858 857//859 839//841
f 815//817 825//827 802//804
f 667//669 641//643 614//616
f 889//891 909//911 894//896
f 825//827 856//858 839//841
f 767//769 773//775 815//817
f 705//707 767//769 747//749
f 705//707 726//728 767//769
f 701//703 705//707 684//686
f 667//669 684//686 641//643
f 889//891 894//896 856//858
f 874//876 889//891 856//858
f 874//876 856//858 825//827
f 726//728 773//775 767//769
f 671//673 701//703 684//686
f 667//669 671//673 684//686
f 818//820 815//817 773//775
f 850//852 874//876 825//827
f 818//820 825//827 815//817
f 714//716 705//707 701//703
f 714//716 726//728 705//707
f 671//673 714//716 701//703
f 614//616 630//632 667//669
f 943//945 953//955 909//911
f 901//903 909//911 889//891
f 875//877 889//891 874//876
f 630//632 671//673 667//669
f 918//920 943//945 909//911
f 887//889 901//903 889//891
f 875//877 887//889 889//891
f 851//853 874//876 850//852
f 851//853 875//877 874//876
f 818//820 850//852 825//827
f 792//794 818//820 773//775
f 740//742 792//794 773//775
f 740//742 773//775 726//728
f 714//716 740//742 726//728
f 673//675 714//716 671//673
f 630//632 673//675 671//673
f 901//903 918//920 909//911
f 828//830 851//853 850//852
f 792//794 828//830 818//820
f 714//716 725//727 740//742
f 657//659 673//675 630//632
f 631//633 657//659 630//632
f 828//830 850//852 818//820
f 725//727 734//736 740//742
f 687//689 714//716 673//675
f 687//689 725//727 714//716
f 899//901 901//903 887//889
f 899//901 918//920 901//903
f 863//865 887//889 875//877
f 775//777 792//794 740//742
f 657//659 687//689 673//675
f 926//928 943//945 918//920
f 863//865 875//877 851//853
f 847//849 851//853 828//830
f 687//689 734//736 725//727
f 639//641 657//659 631//633
f 926//928 918//920 899//901
f 786//788 847//849 828//830
f 786//788 828//830 792//794
f 786//788 792//794 775//777
f 687//689 721//723 734//736
f 640//642 687//689 657//659
f 639//641 640//642 657//659
f 627//629 639//641 631//633
f 893//895 926//928 899//901
f 893//895 899//901 887//889
f 855//857 863//865 851//853
f 752//754 775//777 740//742
f 752//754 740//742 734//736
f 627//629 640//642 639//641
f 893//895 887//889 863//865
f 855//857 893//895 863//865
f 752//754 786//788 775//777
f 754//756 752//754 734//736
f 721//723 754//756 734//736
f 640//642 721//723 687//689
f 900//902 926//928 893//895
f 847//849 855//857 851//853
f 683//685 721//723 640//642
f 637//639 683//685 640//642
f 650//652 637//639 640//642
f 627//629 650//652 640//642
f 812//814 847//849 786//788
f 784//786 786//788 752//754
f 784//786 797//799 786//788
f 637//639 650//652 627//629
f 903//905 900//902 893//895
f 855//857 903//905 893//895
f 812//814 855//857 847//849
f 754//756 784//786 752//754
f 724//726 754//756 721//723
f 797//799 812//814 786//788
f 724//726 784//786 754//756
f 674//676 724//726 721//723
f 683//685 674//676 721//723
f 656//658 683//685 637//639
f 628//630 632//634 637//639
f 628//630 637//639 627//629
f 862//864 855//857 812//814
f 674//676 735//737 724//726
f 632//634 656//658 637//639
f 862//864 903//905 855//857
f 784//786 808//810 797//799
f 656//658 674//676 683//685
f 829//831 862//864 812//814
f 829//831 812//814 797//799
f 808//810 829//831 797//799
f 750//752 808//810 784//786
f 750//752 784//786 724//726
f 735//737 750//752 724//726
f 697//699 735//737 674//676
f 697//699 695//697 735//737
f 783//785 808//810 750//752
f 735//737 783//785 750//752
f 695//697 697//699 674//676
f 661//663 674//676 656//658
f 661//663 695//697 674//676
f 629//631 656//658 632//634
f 629//631 661//663 656//658
f 655//657 652//654 633//635
f 682//684 633//635 666//668
f 682//684 655//657 633//635
f 689//691 682//684 720//722
f 712//714 689//691 720//722
f 733//735 712//714 720//722
f 756//758 733//735 762//764
f 756//758 762//764 777//779
f 756//758 777//779 794//796
f 689//691 712//714 733//735
f 652//654 655//657 682//684
f 676//678 652//654 682//684
f 689//691 676//678 682//684
f 1127//1129 1119//1121 1134//1136
f 1118//1120 1119//1121 1127//1129
f 1115//1117 1118//1120 1127//1129
f 1114//1116 1118//1120 1115//1117
f 1119//1121 1118//1120 1113//1115
f 1113//1115 1118//1120 1105//1107
f 1114//1116 1105//1107 1118//1120
f 204//204 185//185 162//162
f 83//83 96//96 93//93
f 83//83 93//93 64//64
f 55//55 48//48 82//82
f 84//84 82//82 97//97
f 114//114 97//97 115//115
f 25//25 24//24 31//31
f 98//98 97//97 114//114
f 98//98 84//84 97//97
f 163//163 160//160 181//181
f 163//163 142//142 160//160
f 49//49 48//48 55//55
f 49//49 39//39 48//48
f 67//67 82//82 84//84
f 67//67 55//55 82//82
f 143//143 115//115 142//142
f 143//143 114//114 115//115
f 30//30 31//31 39//39
f 30//30 25//25 31//31
f 143//143 142//142 163//163
f 218//218 163//163 181//181
f 38//38 39//39 49//49
f 38//38 30//30 39//39
f 113//113 114//114 143//143
f 113//113 98//98 114//114
f 145//145 143//143 163//163
f 127//127 143//143 145//145
f 127//127 113//113 143//143
f 182//182 163//163 218//218
f 23//23 25//25 30//30
f 83//83 84//84 98//98
f 83//83 67//67 84//84
f 164//164 163//163 182//182
f 164//164 145//145 163//163
f 66//66 67//67 83//83
f 66//66 55//55 67//67
f 96//96 98//98 113//113
f 96//96 83//83 98//98
f 47//47 49//49 55//55
f 66//66 47//47 55//55
f 204//204 164//164 182//182
f 112//112 96//96 113//113
f 127//127 112//112 113//113
f 144//144 127//127 145//145
f 162//162 145//145 164//164
f 162//162 144//144 145//145
f 162//162 164//164 204//204
f 29//29 23//23 30//30
f 29//29 28//28 23//23
f 45//45 30//30 38//38
f 45//45 29//29 30//30
f 47//47 38//38 49//49
f 47//47 45//45 38//38
f 64//64 47//47 66//66
f 83//83 64//64 66//66
f 144//144 112//112 127//127
f 578//580 591//593 590//592
f 578//580 592//594 591//593
f 578//580 579//581 592//594
f 560//562 593//595 580//582
f 573//575 550//552 606//608
f 131//131 146//146 91//91
f 102//102 91//91 75//75
f 86//86 75//75 61//61
f 86//86 102//102 75//75
f 150//150 158//158 146//146
f 150//150 170//170 158//158
f 131//131 150//150 146//146
f 119//119 131//131 91//91
f 102//102 119//119 91//91
f 43//43 61//61 27//27
f 43//43 68//68 61//61
f 14//14 43//43 27//27
f 68//68 86//86 61//61
f 32//32 14//14 11//11
f 20//20 21//21 35//35
f 36//36 35//35 46//46
f 36//36 20//20 35//35
f 56//56 36//36 46//46
f 63//63 74//74 73//73
f 63//63 56//56 74//74
f 81//81 73//73 110//110
f 139//139 130//130 152//152
f 139//139 110//110 130//130
f 139//139 152//152 180//180
f 179//179 139//139 180//180
f 20//20 17//17 21//21
f 63//63 62//62 56//56
f 81//81 63//63 73//73
f 108//108 81//81 110//110
f 126//126 110//110 139//139
f 126//126 108//108 110//110
f 159//159 139//139 179//179
f 159//159 126//126 139//139
f 62//62 36//36 56//56
f 81//81 62//62 63//63
f 108//108 78//78 81//81
f 122//122 108//108 126//126
f 137//137 122//122 126//126
f 159//159 137//137 126//126
f 178//178 159//159 179//179
f 50//50 36//36 62//62
f 78//78 62//62 81//81
f 121//121 108//108 122//122
f 121//121 78//78 108//108
f 137//137 159//159 178//178
f 32//32 20//20 36//36
f 50//50 32//32 36//36
f 58//58 62//62 78//78
f 58//58 50//50 62//62
f 88//88 78//78 121//121
f 121//121 122//122 137//137
f 156//156 121//121 137//137
f 156//156 137//137 178//178
f 213//213 156//156 178//178
f 20//20 11//11 17//17
f 68//68 58//58 78//78
f 88//88 68//68 78//78
f 134//134 88//88 121//121
f 134//134 121//121 156//156
f 32//32 11//11 20//20
f 14//14 32//32 50//50
f 43//43 14//14 50//50
f 68//68 50//50 58//58
f 68//68 43//43 50//50
f 86//86 68//68 88//88
f 102//102 86//86 88//88
f 119//119 88//88 134//134
f 119//119 102//102 88//88
f 131//131 119//119 134//134
f 150//150 134//134 156//156
f 150//150 131//131 134//134
f 170//170 156//156 213//213
f 170//170 150//150 156//156
f 157//157 181//181 160//160
f 157//157 160//160 142//142
f 128//128 142//142 115//115
f 128//128 115//115 116//116
f 116//116 115//115 97//97
f 54//54 82//82 48//48
f 31//31 24//24 39//39
f 48//48 39//39 52//52
f 54//54 48//48 52//52
f 97//97 82//82 116//116
f 128//128 116//116 129//129
f 142//142 128//128 129//129
f 157//157 142//142 129//129
f 563//565 644//646 536//538
f 501//503 563//565 536//538
f 501//503 536//538 426//428
f 400//402 426//428 365//367
f 380//382 400//402 365//367
f 356//358 380//382 311//313
f 257//258 252//253 183//183
f 184//184 257//258 183//183
f 564//566 563//565 501//503
f 459//461 501//503 426//428
f 459//461 426//428 400//402
f 370//372 400//402 380//382
f 356//358 370//372 380//382
f 289//291 356//358 311//313
f 289//291 311//313 252//253
f 257//258 289//291 252//253
f 459//461 564//566 501//503
f 452//454 459//461 400//402
f 406//408 452//454 400//402
f 406//408 400//402 370//372
f 347//349 370//372 356//358
f 347//349 356//358 289//291
f 241//242 289//291 257//258
f 241//242 257//258 184//184
f 485//487 532//534 564//566
f 485//487 564//566 459//461
f 452//454 485//487 459//461
f 396//398 452//454 406//408
f 396//398 406//408 370//372
f 347//349 396//398 370//372
f 283//285 347//349 289//291
f 283//285 289//291 241//242
f 261//262 283//285 241//242
f 1046//1048 1060//1062 1067//1069
f 1094//1096 1099//1101 1110//1112
f 1060//1062 1078//1080 1067//1069
f 1055//1057 1060//1062 1046//1048
f 1060//1062 1081//1083 1078//1080
f 1122//1124 1110//1112 1099//1101
f 1117//1119 1130//1132 1102//1104
f 1099//1101 1094//1096 1081//1083
f 1068//1070 1074//1076 1057//1059
f 1026//1028 1019//1021 1005//1007
f 1008//1010 1005//1007 963//965
f 957//959 963//965 933//935
f 871//873 878//880 845//847
f 1102//1104 1113//1115 1100//1102
f 1102//1104 1100//1102 1093//1095
f 1110//1112 1086//1088 1074//1076
f 1094//1096 1110//1112 1074//1076
f 1094//1096 1074//1076 1068//1070
f 1081//1083 1068//1070 1057//1059
f 1081//1083 1094//1096 1068//1070
f 1078//1080 1057//1059 1042//1044
f 1078//1080 1081//1083 1057//1059
f 1067//1069 1078//1080 1042//1044
f 1067//1069 1042//1044 1028//1030
f 1008//1010 1026//1028 1005//1007
f 957//959 933//935 930//932
f 1130//1132 1113//1115 1102//1104
f 1130//1132 1119//1121 1113//1115
f 1117//1119 1102//1104 1093//1095
f 1122//1124 1093//1095 1086//1088
f 1122//1124 1117//1119 1093//1095
f 1110//1112 1122//1124 1086//1088
f 1046//1048 1067//1069 1028//1030
f 1055//1057 1028//1030 1019//1021
f 1055//1057 1046//1048 1028//1030
f 1026//1028 1055//1057 1019//1021
f 980//982 1008//1010 963//965
f 980//982 963//965 957//959
f 932//934 930//932 911//913
f 932//934 911//913 916//918
f 916//918 911//913 897//899
f 897//899 878//880 871//873
f 846//848 871//873 845//847
f 833//835 846//848 845//847
f 833//835 845//847 806//808
f 795//797 846//848 806//808
f 722//724 755//757 746//748
f 654//656 670//672 669//671
f 791//793 795//797 780//782
f 741//743 722//724 669//671
f 691//693 741//743 669//671
f 672//674 691//693 669//671
f 670//672 672//674 669//671
f 685//687 670//672 654//656
f 807//809 846//848 795//797
f 791//793 807//809 795//797
f 781//783 780//782 746//748
f 755//757 765//767 746//748
f 672//674 741//743 691//693
f 685//687 672//674 670//672
f 846//848 833//835 806//808
f 791//793 846//848 807//809
f 791//793 781//783 746//748
f 791//793 780//782 781//783
f 791//793 746//748 765//767
f 755//757 791//793 765//767
f 741//743 755//757 722//724
f 685//687 741//743 672//674
