# B2.obj
# Valve Steam Controller (2015) CAD, CC BY-NC-SA 4.0
v 23.6596 -3.9500 -14.1603
v 23.6559 -3.4500 -14.1035
v 23.6559 -4.4500 -14.1035
v 23.6537 -3.9500 -14.0466
v 23.6514 -3.4500 -13.9897
v 23.6514 -4.4500 -13.9897
v 23.6507 -3.9500 -13.9328
v 23.6500 -4.4500 -13.8759
v 23.6507 -3.9500 -13.8189
v 23.6507 -3.4500 -13.8189
v 23.6514 -4.4500 -13.7620
v 23.6537 -3.9500 -13.7051
v 23.6559 -4.4500 -13.6482
v 23.6596 -3.9500 -13.5914
v 23.6738 -3.4500 -14.3306
v 23.6738 -4.4500 -14.3306
v 23.6686 -3.9500 -14.2739
v 23.6634 -3.4500 -14.2172
v 23.6634 -4.4500 -14.2172
v 23.6596 -3.4500 -13.5914
v 23.6634 -4.4500 -13.5346
v 23.6686 -3.9500 -13.4779
v 23.6738 -4.4500 -13.4212
v 23.6953 -3.9500 -14.5000
v 23.6872 -3.4500 -14.4437
v 23.6872 -4.4500 -14.4437
v 23.6805 -3.9500 -14.3871
v 23.6805 -3.9500 -13.3646
v 23.6805 -3.4500 -13.3646
v 23.6872 -4.4500 -13.3081
v 23.6953 -3.9500 -13.2517
v 23.7132 -3.9500 -14.6125
v 23.7035 -3.4500 -14.5564
v 23.7035 -4.4500 -14.5564
v 23.7157 -9.4227 -13.9338
v 23.7157 -9.4266 -13.8228
v 23.7035 -4.4500 -13.1954
v 23.7132 -3.9500 -13.1393
v 23.7339 -3.9500 -14.7244
v 23.7228 -3.4500 -14.6686
v 23.7228 -4.4500 -14.6686
v 23.7330 -9.4103 -14.2660
v 23.7244 -9.4146 -14.1554
v 23.7186 -9.4187 -14.0447
v 23.7186 -9.4303 -13.7119
v 23.7243 -9.4338 -13.6011
v 23.7329 -9.4372 -13.4905
v 23.7132 -3.4500 -13.1393
v 23.7228 -4.4500 -13.0831
v 23.7339 -3.9500 -13.0273
v 23.7450 -3.4500 -14.7803
v 23.7450 -4.4500 -14.7803
v 23.7444 -9.4058 -14.3762
v 23.7508 -9.9947 -13.3878
v 23.7450 -4.4500 -12.9715
v 23.7701 -3.4500 -14.8914
v 23.7701 -4.4500 -14.8914
v 23.7576 -3.9500 -14.8358
v 23.7652 -9.9517 -14.4808
v 23.7712 -12.7846 -14.1705
v 23.7641 -12.7278 -14.0982
v 23.7599 -12.7347 -13.9872
v 23.7619 -12.7981 -13.9589
v 23.7585 -12.7414 -13.8762
v 23.7600 -12.7478 -13.7651
v 23.7633 -12.8107 -13.7470
v 23.7645 -12.7539 -13.6541
v 23.7742 -12.8782 -13.6049
v 23.7587 -9.4435 -13.2701
v 23.7576 -3.9500 -12.9159
v 23.7576 -3.4500 -12.9159
v 23.7701 -4.4500 -12.8604
v 23.7842 -3.9500 -14.9465
v 23.7759 -9.3966 -14.5958
v 23.7814 -12.7132 -14.3194
v 23.7797 -12.7775 -14.2758
v 23.7713 -12.7206 -14.2089
v 23.7718 -12.7598 -13.5432
v 23.7759 -12.8228 -13.5251
v 23.7945 -12.8819 -13.3765
v 23.7820 -12.7654 -13.4326
v 23.7848 -10.0020 -13.1513
v 23.7842 -3.9500 -12.8052
v 23.7982 -3.4500 -15.0017
v 23.7982 -4.4500 -15.0017
v 23.7959 -9.3917 -14.7050
v 23.8047 -12.7627 -14.4854
v 23.7943 -12.7055 -14.4296
v 23.7694 -12.8984 -13.7987
v 23.7952 -12.7707 -13.3223
v 23.8256 -13.0289 -13.2699
v 23.7999 -9.4499 -13.0308
v 23.7982 -4.4500 -12.7500
v 23.8136 -3.9500 -15.0565
v 23.8188 -9.3867 -14.8135
v 23.8209 -12.7550 -14.5885
v 23.8102 -12.6976 -14.5396
v 23.7906 -12.9979 -14.0089
v 23.8112 -12.7757 -13.2124
v 23.8232 -9.4524 -12.9223
v 23.8136 -3.9500 -12.6952
v 23.8291 -3.4500 -15.1113
v 23.8291 -4.4500 -15.1113
v 23.8289 -12.6895 -14.6493
v 23.8398 -12.8262 -14.6623
v 23.8300 -12.7804 -13.1030
v 23.8136 -3.4500 -12.6952
v 23.8291 -4.4500 -12.6404
v 23.8460 -3.9500 -15.1657
v 23.8540 -9.9286 -14.9302
v 23.8505 -12.6811 -14.7584
v 23.8530 -13.1027 -14.3700
v 23.8517 -12.7848 -12.9942
v 23.8493 -9.4547 -12.8145
v 23.8460 -3.9500 -12.5860
v 23.8629 -3.4500 -15.2201
v 23.8629 -4.4500 -15.2201
v 23.8784 -9.3747 -15.0487
v 23.8749 -12.6725 -14.8668
v 23.8769 -12.7660 -14.8576
v 23.8629 -12.9021 -12.9704
v 23.8763 -12.7889 -12.8859
v 23.8782 -9.4568 -12.7074
v 23.8629 -4.4500 -12.5316
v 23.8812 -3.9500 -15.2740
v 23.8951 -12.8541 -12.8220
v 23.8812 -3.9500 -12.4777
v 23.8995 -3.4500 -15.3279
v 23.8995 -4.4500 -15.3279
v 23.9100 -9.3693 -15.1550
v 23.9022 -12.6636 -14.9744
v 23.9037 -12.7926 -12.7783
v 23.9099 -9.4587 -12.6011
v 23.8812 -3.4500 -12.4777
v 23.8995 -4.4500 -12.4238
v 23.9192 -3.9500 -15.3813
v 23.9322 -12.6546 -15.0813
v 23.9338 -12.7961 -12.6715
v 23.9192 -3.9500 -12.3704
v 23.9389 -3.4500 -15.4348
v 23.9389 -4.4500 -15.4348
v 23.9444 -9.3637 -15.2603
v 23.9337 -12.7167 -15.0762
v 23.9443 -9.4604 -12.4956
v 23.9389 -4.4500 -12.3170
v 23.9600 -3.9500 -15.4877
v 23.9650 -12.6453 -15.1874
v 24.0173 -12.9346 -12.4400
v 23.9693 -12.8700 -12.5683
v 23.9668 -12.7992 -12.5654
v 23.9600 -3.9500 -12.2641
v 23.9811 -3.4500 -15.5405
v 23.9811 -4.4500 -15.5405
v 23.9814 -9.3581 -15.3647
v 23.9680 -12.9019 -15.1119
v 23.9869 -10.0187 -12.3970
v 23.9600 -3.4500 -12.2641
v 23.9811 -4.4500 -12.2112
v 24.0036 -3.9500 -15.5929
v 24.0006 -12.6358 -15.2925
v 24.0025 -12.8019 -12.4603
v 23.9949 -12.8031 -12.4822
v 24.0036 -3.9500 -12.1589
v 24.0260 -3.4500 -15.6452
v 24.0260 -4.4500 -15.6452
v 23.9949 -12.7748 -15.2526
v 24.0212 -9.4632 -12.2875
v 24.0260 -4.4500 -12.1066
v 24.0276 -9.8971 -15.4649
v 24.0389 -12.6261 -15.3965
v 24.0410 -12.8043 -12.3561
v 24.0499 -3.9500 -15.6969
v 24.0637 -9.3464 -15.5705
v 24.0304 -12.6898 -15.3666
v 24.0630 -12.8054 -12.3001
v 24.0637 -9.4643 -12.1850
v 24.0499 -3.9500 -12.0549
v 24.0737 -3.4500 -15.7486
v 24.0737 -4.4500 -15.7486
v 24.0799 -12.6162 -15.4998
v 24.0149 -13.2969 -12.7884
v 24.0822 -12.8063 -12.2530
v 24.0499 -3.4500 -12.0549
v 24.0737 -4.4500 -12.0031
v 24.0989 -3.9500 -15.7997
v 24.0989 -3.9500 -11.9521
v 24.1087 -9.3403 -15.6719
v 24.1088 -9.4652 -12.0836
v 24.1241 -3.4500 -15.8507
v 24.1241 -4.4500 -15.8507
v 24.1237 -12.6060 -15.6021
v 24.1261 -12.8080 -12.1509
v 24.1473 -12.8737 -12.1116
v 24.1241 -4.4500 -11.9010
v 24.1506 -3.9500 -15.9011
v 24.1608 -12.6580 -15.6773
v 24.0953 -12.8223 -15.4942
v 24.1506 -3.9500 -11.8506
v 24.1564 -9.3342 -15.7719
v 24.1702 -12.5956 -15.7032
v 24.1726 -12.8093 -12.0501
v 24.1566 -9.4658 -11.9834
v 24.1771 -3.4500 -15.9515
v 24.1771 -4.4500 -15.9515
v 24.2282 -13.0419 -11.9881
v 24.1506 -3.4500 -11.8506
v 24.1771 -4.4500 -11.8002
v 24.2049 -3.9500 -16.0012
v 24.2067 -9.3279 -15.8707
v 24.1942 -12.6901 -15.7415
v 24.2069 -9.4662 -11.8846
v 24.2049 -3.9500 -11.7505
v 24.2193 -12.5850 -15.8030
v 24.2217 -12.8102 -11.9505
v 24.2327 -3.4500 -16.0509
v 24.2327 -4.4500 -16.0509
v 24.2546 -12.6376 -15.8656
v 24.2340 -12.8741 -11.9328
v 24.2327 -4.4500 -11.7009
v 24.2619 -3.9500 -16.0998
v 24.2594 -9.3215 -15.9681
v 24.2597 -9.4664 -11.7870
v 24.2619 -3.9500 -11.6519
v 24.2710 -12.5742 -15.9015
v 24.2734 -12.8107 -11.8523
v 24.2910 -3.4500 -16.1487
v 24.2910 -4.4500 -16.1487
v 24.2838 -12.8747 -11.8392
v 24.2619 -3.4500 -11.6519
v 24.2910 -4.4500 -11.6030
v 24.3147 -9.3150 -16.0641
v 24.1194 -13.6086 -14.3106
v 24.1283 -13.1364 -12.2647
v 24.3150 -9.4664 -11.6909
v 24.3214 -3.9500 -16.1969
v 24.3251 -12.5632 -15.9985
v 24.3276 -12.8108 -11.7554
v 24.3214 -3.9500 -11.5548
v 24.3517 -3.4500 -16.2450
v 24.3517 -4.4500 -16.2450
v 24.3699 -13.0775 -11.7404
v 24.3517 -4.4500 -11.5067
v 24.3723 -9.3083 -16.1586
v 24.3470 -12.6202 -16.0308
v 24.3728 -9.4661 -11.5963
v 24.3834 -3.9500 -16.2924
v 24.3818 -12.5519 -16.0939
v 24.3844 -12.8105 -11.6601
v 24.4160 -12.8829 -11.6156
v 24.3834 -3.9500 -11.4593
v 24.3419 -12.8059 -15.9790
v 24.4150 -3.4500 -16.3397
v 24.4150 -4.4500 -16.3397
v 24.3834 -3.4500 -11.4593
v 24.4150 -4.4500 -11.4120
v 24.4479 -3.9500 -16.3862
v 24.4324 -9.3015 -16.2515
v 24.4408 -12.5405 -16.1878
v 24.4014 -12.6094 -16.1206
v 24.4435 -12.8098 -11.5662
v 24.4405 -10.0229 -11.5051
v 24.4479 -3.9500 -11.3655
v 24.4711 -12.9301 -11.5358
v 24.4807 -3.4500 -16.4327
v 24.4807 -4.4500 -16.4327
v 24.4807 -4.4500 -11.3190
v 24.5023 -12.5288 -16.2800
v 25.3609 -13.7389 -11.0807
v 24.5148 -3.9500 -16.4784
v 24.5045 -9.8321 -16.3445
v 24.4786 -12.6728 -16.2301
v 24.5052 -12.8086 -11.4739
v 24.5078 -10.0219 -11.4071
v 24.5148 -3.9500 -11.2734
v 24.5489 -3.4500 -16.5240
v 24.5489 -4.4500 -16.5240
v 24.5251 -12.5251 -16.3130
v 24.6014 -12.8778 -11.3449
v 24.5148 -3.4500 -11.2734
v 24.5489 -4.4500 -11.2278
v 24.5717 -9.8238 -16.4370
v 24.5662 -12.5169 -16.3707
v 24.5693 -12.8070 -11.3832
v 24.5731 -9.4634 -11.3049
v 24.5841 -3.9500 -16.5687
v 24.5841 -3.9500 -11.1830
v 24.6194 -3.4500 -16.6134
v 24.6194 -4.4500 -16.6134
v 24.6194 -4.4500 -11.1383
v 24.6396 -9.2781 -16.5371
v 24.6328 -12.5047 -16.4601
v 24.6610 -12.9261 -11.2725
v 24.6357 -12.8050 -11.2942
v 24.6408 -9.4621 -11.2171
v 24.6558 -3.9500 -16.6572
v 24.6558 -3.9500 -11.0945
v 24.6922 -3.4500 -16.7010
v 24.6922 -4.4500 -16.7010
v 24.7016 -12.4923 -16.5476
v 24.7044 -12.8026 -11.2070
v 24.6558 -3.4500 -11.0945
v 24.6922 -4.4500 -11.0508
v 24.7094 -9.2708 -16.6231
v 24.7107 -9.4605 -11.1310
v 24.7297 -3.9500 -16.7438
v 24.7297 -3.9500 -11.0080
v 24.7673 -3.4500 -16.7866
v 24.7673 -4.4500 -16.7866
v 24.7726 -12.4797 -16.6333
v 24.7237 -12.5469 -16.5709
v 24.7754 -12.7996 -11.1216
v 24.7673 -4.4500 -10.9651
v 24.7814 -9.2633 -16.7072
v 24.8474 -13.1126 -11.0997
v 24.7828 -9.4586 -11.0468
v 24.8059 -3.9500 -16.8284
v 24.8059 -3.9500 -10.9233
v 24.8133 -12.5398 -16.6759
v 24.8446 -3.4500 -16.8702
v 24.8446 -4.4500 -16.8702
v 24.8458 -12.4669 -16.7170
v 24.8486 -12.7963 -11.0381
v 24.8059 -3.4500 -10.9233
v 24.8446 -4.4500 -10.8815
v 24.8555 -9.2557 -16.7894
v 24.9081 -12.8590 -10.9778
v 24.8571 -9.4565 -10.9644
v 24.8843 -3.9500 -16.9110
v 24.8843 -3.9500 -10.8407
v 24.9129 -12.5139 -16.7864
v 24.7096 -13.0292 -16.3741
v 24.9240 -3.4500 -16.9518
v 24.9240 -4.4500 -16.9518
v 24.9212 -12.4538 -16.7987
v 24.9948 -12.7089 -16.8341
v 24.9239 -12.7925 -10.9566
v 24.9240 -4.4500 -10.8000
v 24.9316 -9.2480 -16.8697
v 24.9569 -12.9143 -10.9322
v 24.9335 -9.4541 -10.8841
v 24.9648 -3.9500 -16.9915
v 24.9648 -3.9500 -10.7602
v 25.0056 -3.4500 -17.0312
v 25.0056 -4.4500 -17.0312
v 25.0098 -9.2401 -16.9479
v 24.9985 -12.4406 -16.8783
v 25.0013 -12.7882 -10.8771
v 25.0119 -9.4514 -10.8057
v 24.9648 -3.4500 -10.7602
v 25.0056 -4.4500 -10.7205
v 25.0474 -3.9500 -17.0699
v 25.0569 -12.8508 -10.8266
v 25.0474 -3.9500 -10.6818
v 25.0892 -3.4500 -17.1085
v 25.0892 -4.4500 -17.1085
v 25.0779 -12.4271 -16.9559
v 25.0517 -12.4916 -16.9270
v 25.0808 -12.7835 -10.7996
v 25.1188 -12.7817 -10.7639
v 25.0892 -4.4500 -10.6432
v 25.0899 -9.2322 -17.0240
v 25.1010 -10.0037 -10.7312
v 25.1320 -3.9500 -17.1461
v 25.1748 -12.8512 -10.7176
v 25.1320 -3.9500 -10.6056
v 25.1592 -12.4134 -17.0313
v 25.1035 -12.5472 -16.9709
v 25.1940 -12.5390 -17.0528
v 25.1622 -12.7783 -10.7242
v 25.1749 -3.4500 -17.1836
v 25.1749 -4.4500 -17.1836
v 25.1720 -9.2241 -17.0981
v 25.1747 -9.4453 -10.6551
v 25.1320 -3.4500 -10.6056
v 25.1749 -4.4500 -10.5681
v 25.3545 -13.1596 -10.6399
v 25.2186 -3.9500 -17.2200
v 25.2186 -3.9500 -10.5317
v 25.2425 -12.3995 -17.1045
v 25.2457 -12.7726 -10.6508
v 25.2624 -3.4500 -17.2565
v 25.2624 -4.4500 -17.2565
v 25.2548 -9.7463 -17.1600
v 25.2589 -9.4419 -10.5831
v 25.2624 -4.4500 -10.4953
v 25.3071 -3.9500 -17.2917
v 25.3071 -3.9500 -10.4600
v 25.3418 -9.2075 -17.2398
v 25.3279 -12.3853 -17.1758
v 25.3311 -12.7665 -10.5797
v 25.3450 -9.4381 -10.5132
v 25.3518 -3.4500 -17.3270
v 25.3518 -4.4500 -17.3270
v 25.3734 -12.4357 -17.2092
v 25.3616 -12.7642 -10.5553
v 25.3071 -3.4500 -10.4600
v 25.3518 -4.4500 -10.4248
v 25.3975 -3.9500 -17.3610
v 25.3975 -3.9500 -10.3907
v 25.4152 -12.3709 -17.2448
v 25.4895 -12.8813 -13.7507
v 25.4183 -12.7599 -10.5109
v 25.4294 -9.1990 -17.3074
v 25.4324 -12.4639 -17.2523
v 25.4329 -9.4341 -10.4456
v 25.4431 -3.4500 -17.3951
v 25.4431 -4.4500 -17.3951
v 25.4786 -12.8285 -10.4697
v 25.4431 -4.4500 -10.3566
v 25.4896 -3.9500 -17.4280
v 25.4896 -3.9500 -10.3238
v 25.5042 -12.3562 -17.3116
v 25.5072 -12.7528 -10.4444
v 25.5187 -9.1904 -17.3726
v 25.5386 -12.5762 -17.3106
v 25.5282 -12.7511 -10.4292
v 25.5225 -9.4298 -10.3803
v 25.5361 -3.4500 -17.4608
v 25.5361 -4.4500 -17.4608
v 25.4896 -3.4500 -10.3238
v 25.5361 -4.4500 -10.2909
v 25.5834 -3.9500 -17.4925
v 25.6259 -12.9135 -10.3755
v 25.5834 -3.9500 -10.2593
v 25.5949 -12.3414 -17.3759
v 25.5979 -12.7453 -10.3802
v 25.6906 -12.9053 -13.8797
v 25.6137 -9.4253 -10.3173
v 25.6308 -3.4500 -17.5241
v 25.6308 -4.4500 -17.5241
v 25.6222 -9.7059 -17.4357
v 25.6308 -4.4500 -10.2276
v 25.6567 -3.4500 -16.1277
v 25.6789 -3.9500 -17.5545
v 25.6872 -12.3264 -17.4378
v 25.6512 -12.3976 -17.4109
v 25.3445 -12.9004 -17.0486
v 25.7246 -12.6143 -15.5875
v 25.6901 -12.7373 -10.3185
v 25.6789 -3.9500 -10.1973
v 25.7149 -12.7378 -15.0935
v 25.5463 -12.8585 -12.4693
v 25.7008 -12.7364 -10.3116
v 25.7065 -9.4205 -10.2567
v 25.7271 -3.4500 -17.5849
v 25.7271 -4.4500 -17.5849
v 25.7196 -9.1701 -17.5071
v 25.7143 -7.8496 -16.1041
v 25.6789 -3.4500 -10.1973
v 25.7271 -4.4500 -10.1669
v 25.7760 -3.9500 -17.6140
v 25.7811 -12.3112 -17.4973
v 25.7839 -12.7288 -10.2592
v 25.7760 -3.9500 -10.1378
v 25.5810 -12.8913 -13.8865
v 25.8308 -12.7980 -10.2348
v 25.8139 -9.1611 -17.5648
v 25.7785 -12.3700 -17.4926
v 25.8139 -9.9662 -10.1993
v 25.8250 -3.4500 -17.6431
v 25.8250 -4.4500 -17.6431
v 25.3411 -12.8165 -14.2350
v 25.8250 -4.4500 -10.1087
v 25.9118 -12.9445 -13.0267
v 25.8746 -3.9500 -17.6709
v 25.8746 -3.9500 -10.0808
v 25.8765 -12.2958 -17.5542
v 25.8792 -12.7199 -10.2023
v 25.9097 -9.1521 -17.6200
v 25.8236 -12.4382 -17.5143
v 25.9243 -3.4500 -17.6987
v 25.9243 -4.4500 -17.6987
v 25.9148 -9.4083 -10.1327
v 25.8746 -3.4500 -10.0808
v 25.9243 -4.4500 -10.0530
v 25.7672 -12.7058 -15.2707
v 25.9747 -3.9500 -17.7252
v 25.9734 -12.2803 -17.6087
v 26.0302 -12.3651 -17.6341
v 25.9322 -12.8377 -10.1799
v 25.9759 -12.7105 -10.1480
v 25.9747 -3.9500 -10.0265
v 25.9518 -12.3421 -17.5940
v 26.0803 -12.3917 -17.6580
v 26.0027 -3.4500 -13.9805
v 26.0006 -3.4500 -13.9282
v 26.0000 -3.4500 -13.8759
v 26.0006 -3.4500 -13.8235
v 26.0027 -3.4500 -13.7712
v 26.0068 -9.1429 -17.6728
v 26.0171 -3.4500 -14.1369
v 26.0109 -3.4500 -14.0849
v 26.0061 -3.4500 -14.0328
v 26.0061 -3.4500 -13.7189
v 26.0109 -3.4500 -13.6668
v 26.0171 -3.4500 -13.6148
v 26.0065 -9.9539 -10.0911
v 26.0251 -3.4500 -17.7517
v 26.0251 -4.4500 -17.7517
v 26.0334 -3.4500 -14.2403
v 26.0246 -3.4500 -14.1887
v 26.0246 -3.4500 -13.5630
v 26.0334 -3.4500 -13.5114
v 26.0251 -4.4500 -10.0000
v 26.0552 -3.4500 -14.3428
v 26.0437 -3.4500 -14.2917
v 26.0437 -3.4500 -13.4600
v 26.0552 -3.4500 -13.4090
v 26.0762 -3.9500 -17.7769
v 26.0716 -12.2646 -17.6606
v 26.0681 -3.4500 -14.3935
v 26.0724 -7.3558 -14.0023
v 26.0699 -7.3617 -13.8001
v 26.0765 -7.3639 -13.6992
v 26.0681 -3.4500 -13.3582
v 26.0743 -12.7006 -10.0961
v 26.0762 -3.9500 -9.9748
v 26.0823 -3.4500 -14.4439
v 26.0961 -7.3479 -14.2030
v 26.0816 -7.3521 -14.1030
v 26.0898 -8.1349 -14.0498
v 26.0834 -8.1390 -13.9505
v 26.0821 -8.1409 -13.8995
v 26.0822 -8.1425 -13.8510
v 26.0861 -8.1454 -13.7516
v 26.0951 -8.1477 -13.6525
v 26.0885 -7.3656 -13.5987
v 26.0823 -3.4500 -13.3078
v 26.1055 -9.6545 -17.7156
v 26.0978 -3.4500 -14.4939
v 26.1013 -8.1303 -14.1486
v 26.1056 -7.3668 -13.4991
v 26.0978 -3.4500 -13.2578
v 26.1191 -12.7700 -10.0774
v 26.1111 -9.3966 -10.0297
v 26.1272 -3.4500 -17.8021
v 26.1272 -4.4500 -17.8021
v 26.1147 -3.4500 -14.5435
v 26.1157 -7.3433 -14.3023
v 26.1265 -8.6447 -14.2437
v 26.1185 -8.6717 -13.5542
v 26.1286 -8.1506 -13.4563
v 26.1279 -7.3675 -13.4004
v 26.1147 -3.4500 -13.2083
v 26.0762 -3.4500 -9.9748
v 26.1272 -4.4500 -9.9496
v 26.1328 -3.4500 -14.5926
v 26.1395 -8.1195 -14.3437
v 26.1464 -11.2561 -14.0708
v 26.1420 -11.2598 -14.0222
v 26.1575 -11.3601 -14.0449
v 26.1389 -11.2632 -13.9735
v 26.1377 -11.2651 -13.9455
v 26.1370 -11.2664 -13.9247
v 26.1365 -11.2684 -13.8928
v 26.1364 -11.2694 -13.8759
v 26.1366 -11.2707 -13.8526
v 26.1371 -11.2721 -13.8271
v 26.1391 -11.2746 -13.7784
v 26.1402 -11.2755 -13.7597
v 26.1423 -11.2768 -13.7298
v 26.1468 -11.2788 -13.6812
v 26.1328 -3.4500 -13.1591
v 26.1522 -3.4500 -14.6412
v 26.1549 -7.3355 -14.4489
v 26.1547 -8.1154 -14.4007
v 26.1672 -11.2436 -14.2156
v 26.1821 -11.3162 -14.2469
v 26.1590 -11.2480 -14.1675
v 26.1587 -11.2916 -14.1392
v 26.1521 -11.2522 -14.1193
v 26.1526 -11.2805 -13.6327
v 26.1596 -11.2820 -13.5844
v 26.1756 -11.3592 -13.5417
v 26.1679 -11.2832 -13.5363
v 26.1529 -8.1512 -13.3598
v 26.1522 -3.4500 -13.1105
v 26.1789 -3.9500 -17.8260
v 26.1712 -12.2487 -17.7100
v 26.1729 -3.4500 -14.6893
v 26.1873 -7.3298 -14.5446
v 26.1843 -8.1089 -14.4956
v 26.1874 -11.2342 -14.3112
v 26.1767 -11.2390 -14.2635
v 26.2412 -11.5464 -13.9484
v 26.1774 -11.2841 -13.4885
v 26.1697 -8.1512 -13.3032
v 26.1710 -7.3676 -13.2550
v 26.1729 -3.4500 -13.0624
v 26.1740 -12.6903 -10.0468
v 26.1789 -3.9500 -9.9258
v 26.2051 -9.1243 -17.7707
v 26.1948 -3.4500 -14.7369
v 26.1993 -11.2291 -14.3586
v 26.1917 -11.2738 -14.3147
v 26.1882 -11.2848 -13.4409
v 26.2002 -11.2853 -13.3936
v 26.1948 -3.4500 -13.0148
v 26.2605 -12.7467 -10.0099
v 26.2450 -12.2936 -17.7420
v 26.2179 -3.4500 -14.7838
v 26.2125 -11.2238 -14.4056
v 26.2135 -11.2854 -13.3467
v 26.2102 -8.6731 -13.2125
v 26.2060 -7.3670 -13.1601
v 26.2179 -3.4500 -12.9679
v 26.4010 -13.2415 -10.0948
v 26.2112 -9.3904 -9.9820
v 26.2307 -3.4500 -17.8498
v 26.2307 -4.4500 -17.8498
v 26.2423 -3.4500 -14.8302
v 26.2247 -7.3237 -14.6387
v 26.2260 -8.6192 -14.5829
v 26.2424 -11.2126 -14.4984
v 26.2452 -11.3454 -14.4496
v 26.2269 -11.2183 -14.4522
v 26.2279 -11.2853 -13.3001
v 26.2388 -8.1497 -13.1166
v 26.2423 -3.4500 -12.9215
v 26.3021 -12.8877 -12.2387
v 26.2307 -4.4500 -9.9019
v 26.2578 -8.0944 -14.6801
v 26.2592 -11.2067 -14.5441
v 26.2436 -11.2850 -13.2539
v 26.2567 -11.2844 -13.2180
v 26.2605 -11.2844 -13.2081
v 26.2459 -7.3658 -13.0672
v 26.2721 -12.2326 -17.7567
v 26.2679 -3.4500 -14.8759
v 26.2670 -7.3171 -14.7306
v 26.2772 -11.2005 -14.5896
v 26.2705 -11.2027 -14.5731
v 26.2785 -11.2835 -13.1628
v 26.2679 -3.4500 -12.8759
v 26.2749 -12.6795 -10.0002
v 26.2830 -3.9500 -17.8723
v 26.2947 -3.4500 -14.9209
v 26.2964 -11.1942 -14.6345
v 26.3161 -11.2291 -14.6690
v 26.2806 -8.1479 -13.0262
v 26.2906 -7.3640 -12.9765
v 26.2947 -3.4500 -12.8309
v 26.2830 -3.9500 -9.8795
v 26.3060 -9.1149 -17.8158
v 26.3139 -7.3101 -14.8202
v 26.3017 -8.0864 -14.7693
v 26.2978 -11.2823 -13.1179
v 26.3125 -9.3839 -9.9370
v 26.3226 -3.4500 -14.9651
v 26.3168 -11.1876 -14.6790
v 26.3182 -11.2808 -13.0736
v 26.3321 -11.2797 -13.0450
v 26.3269 -8.1455 -12.9382
v 26.3226 -3.4500 -12.7866
v 26.3353 -3.4500 -17.8947
v 26.3353 -4.4500 -17.8947
v 26.3517 -3.4500 -15.0087
v 26.3500 -8.0780 -14.8559
v 26.3771 -11.3304 -14.7377
v 26.3383 -11.1808 -14.7228
v 26.2937 -11.3347 -13.1382
v 26.3397 -11.2791 -13.0299
v 26.3514 -8.1441 -12.8957
v 26.3517 -3.4500 -12.7431
v 26.2830 -3.4500 -9.8795
v 26.3353 -4.4500 -9.8570
v 26.3609 -11.1738 -14.7661
v 26.3624 -11.2771 -12.9867
v 26.3882 -3.9500 -17.9158
v 26.3742 -12.2165 -17.8008
v 26.3819 -3.4500 -15.0514
v 26.3750 -8.0738 -14.8970
v 26.3846 -11.1666 -14.8086
v 26.3862 -11.2748 -12.9441
v 26.3777 -8.1425 -12.8527
v 26.3819 -3.4500 -12.7003
v 26.3769 -12.6683 -9.9562
v 26.3882 -3.9500 -9.8359
v 26.4028 -8.0690 -14.9400
v 26.3933 -11.1640 -14.8236
v 26.3780 -11.3897 -12.9924
v 26.3970 -11.2737 -12.9257
v 26.3939 -7.3589 -12.8027
v 26.4669 -12.8370 -9.9334
v 26.4081 -9.1054 -17.8583
v 26.4362 -12.2631 -17.8236
v 26.3683 -12.4503 -17.7736
v 26.4132 -3.4500 -15.0934
v 26.4217 -7.2948 -14.9914
v 26.4131 -11.1581 -14.8565
v 26.4094 -11.1592 -14.8506
v 26.4111 -11.2722 -12.9022
v 26.4358 -11.3112 -12.8700
v 26.4132 -3.4500 -12.6583
v 26.4149 -9.3772 -9.8946
v 26.4411 -3.4500 -17.9369
v 26.4411 -4.4500 -17.9369
v 26.4416 -11.1497 -14.9015
v 26.4354 -11.1515 -14.8920
v 26.4371 -11.2694 -12.8609
v 26.4329 -8.1388 -12.7699
v 26.4411 -4.4500 -9.8148
v 26.4457 -3.4500 -15.1345
v 26.4598 -8.0596 -15.0213
v 26.4522 -7.3555 -12.7201
v 26.4457 -3.4500 -12.6172
v 26.4774 -12.2002 -17.8422
v 26.4791 -3.4500 -15.1748
v 26.4625 -11.1437 -14.9328
v 26.4642 -11.2662 -12.8202
v 26.4878 -11.3054 -12.7932
v 26.4791 -3.4500 -12.5770
v 26.5556 -12.9495 -12.6857
v 26.4800 -12.6566 -9.9149
v 26.4945 -3.9500 -17.9566
v 26.4955 -8.0531 -15.0679
v 26.4906 -11.1357 -14.9728
v 26.4923 -11.2628 -12.7803
v 26.4923 -8.1344 -12.6901
v 26.4945 -3.9500 -9.7951
v 26.5113 -9.0958 -17.8981
v 26.5331 -12.2477 -17.8608
v 26.5137 -3.4500 -15.2141
v 26.5139 -7.2824 -15.1119
v 26.2753 -11.4699 -13.2810
v 26.5148 -7.3515 -12.6406
v 26.5137 -3.4500 -12.5376
v 26.5579 -12.8478 -11.8917
v 26.5197 -11.1274 -15.0120
v 26.5215 -11.2591 -12.7412
v 26.5183 -9.3702 -9.8549
v 26.5479 -3.4500 -17.9764
v 26.5479 -4.4500 -17.9764
v 26.5492 -3.4500 -15.2526
v 26.5498 -11.1190 -15.0504
v 26.5516 -11.2551 -12.7029
v 26.5492 -3.4500 -12.4992
v 26.5294 -12.7160 -9.8994
v 26.4945 -3.4500 -9.7951
v 26.5479 -4.4500 -9.7754
v 26.5589 -8.0430 -15.1442
v 26.5621 -8.6494 -12.6200
v 26.5817 -12.1837 -17.8809
v 26.5857 -3.4500 -15.2901
v 26.5875 -8.0390 -15.1760
v 26.5809 -11.1104 -15.0880
v 26.5827 -11.2508 -12.6654
v 26.5814 -7.3469 -12.5645
v 26.5857 -3.4500 -12.4617
v 26.5841 -12.6444 -9.8763
v 26.6018 -3.9500 -17.9947
v 26.6079 -11.1030 -15.1191
v 26.6060 -11.2823 -12.6429
v 26.6018 -3.9500 -9.7571
v 26.6155 -9.0862 -17.9353
v 26.6232 -3.4500 -15.3266
v 26.6262 -8.0324 -15.2170
v 26.6129 -11.1016 -15.1248
v 26.6860 -11.1838 -15.1846
v 26.6148 -11.2463 -12.6286
v 26.6230 -8.1238 -12.5403
v 26.6232 -3.4500 -12.4251
v 26.6227 -9.3629 -9.8178
v 26.6162 -12.7660 -9.8724
v 26.6557 -3.4500 -18.0130
v 26.6557 -4.4500 -18.0130
v 26.6617 -3.4500 -15.3622
v 26.6510 -7.2644 -15.2607
v 26.6460 -11.0926 -15.1608
v 26.6480 -11.2415 -12.5927
v 26.6617 -3.4500 -12.3896
v 26.6557 -4.4500 -9.7388
v 26.6801 -11.0835 -15.1960
v 26.5449 -11.3505 -12.7289
v 26.6647 -8.1197 -12.4985
v 26.6870 -12.1672 -17.9169
v 26.6972 -8.0215 -15.2864
v 26.6820 -11.2364 -12.5576
v 26.6886 -7.3391 -12.4571
v 26.6892 -12.6318 -9.8405
v 26.7101 -3.9500 -18.0298
v 26.7011 -3.4500 -15.3967
v 26.7150 -11.0741 -15.2302
v 26.7469 -11.1050 -15.2555
v 26.6878 -11.5067 -14.8058
v 26.7169 -11.2310 -12.5235
v 26.7011 -3.4500 -12.3551
v 26.7101 -3.9500 -9.7219
v 26.7339 -7.5503 -17.9951
v 26.7304 -7.7444 -17.9914
v 26.7287 -7.8588 -17.9893
v 26.7278 -7.9275 -17.9881
v 26.7272 -7.9733 -17.9873
v 26.7261 -8.0878 -17.9853
v 26.7253 -8.2023 -17.9835
v 26.7251 -8.2939 -17.9822
v 26.7252 -7.2549 -15.3296
v 26.7353 -12.6262 -9.8258
v 26.7253 -8.2023 -9.7682
v 26.7251 -8.2939 -9.7695
v 26.7347 -7.5069 -9.7558
v 26.7304 -7.7444 -9.7603
v 26.7287 -7.8588 -9.7624
v 26.7278 -7.9275 -9.7637
v 26.7272 -7.9733 -9.7645
v 26.7261 -8.0878 -9.7664
v 26.7393 -8.0801 -9.7638
v 26.7416 -7.5729 -17.9961
v 26.7404 -7.9736 -17.9900
v 26.7493 -8.4958 -17.9847
v 26.7413 -3.4500 -15.4302
v 26.7508 -11.0646 -15.2635
v 26.7526 -11.2254 -12.4903
v 26.7377 -8.1131 -12.4311
v 26.7413 -3.4500 -12.3216
v 26.7416 -8.3883 -9.7677
v 26.7445 -8.2965 -9.7664
v 26.7563 -8.3251 -9.7649
v 26.7493 -8.4958 -9.7671
v 26.7546 -7.3907 -9.7505
v 26.7404 -7.9736 -9.7618
v 26.7441 -7.0632 -9.7468
v 26.7645 -3.4500 -18.0467
v 26.7645 -4.4500 -18.0467
v 26.7703 -6.0447 -18.0267
v 26.7761 -6.5528 -18.0190
v 26.7681 -7.8770 -17.9927
v 26.7641 -8.3029 -17.9891
v 26.6704 -12.4819 -17.8756
v 26.7716 -8.0102 -15.3519
v 26.8201 -11.1240 -15.3129
v 26.7646 -7.3332 -12.3904
v 26.7727 -12.8982 -12.3012
v 26.6739 -12.9226 -12.5084
v 26.7777 -7.3089 -9.7511
v 26.7681 -7.8770 -9.7591
v 26.7731 -8.0075 -9.7599
v 26.7691 -8.0889 -9.7611
v 26.7623 -8.3029 -9.7632
v 26.7970 -6.8402 -9.7438
v 26.7566 -6.5536 -9.7361
v 26.7587 -7.2448 -9.7475
v 26.7708 -6.0279 -9.7247
v 26.7703 -6.0447 -9.7251
v 26.7645 -4.4500 -9.7050
v 26.7938 -6.0817 -18.0286
v 26.8092 -6.7614 -18.0076
v 26.7553 -7.2272 -18.0044
v 26.7890 -7.6819 -17.9965
v 26.7850 -7.7633 -17.9953
v 26.7810 -7.8447 -17.9942
v 26.7801 -7.8630 -17.9939
v 26.7575 -8.0629 -17.9897
v 26.7824 -3.4500 -15.4626
v 26.7874 -11.0550 -15.2959
v 26.7892 -11.2195 -12.4581
v 26.7794 -12.9098 -12.3964
v 26.7824 -3.4500 -12.2892
v 26.7890 -7.6819 -9.7552
v 26.7850 -7.7633 -9.7564
v 26.7810 -7.8447 -9.7576
v 26.7801 -7.8630 -9.7578
v 26.7771 -7.9261 -9.7587
v 26.7801 -8.6585 -9.7578
v 26.7817 -7.1139 -9.7473
v 26.8018 -5.7708 -9.7160
v 26.7806 -5.6847 -9.7171
v 26.7793 -5.7304 -9.7181
v 26.7773 -5.7991 -9.7196
v 26.7740 -5.9135 -9.7222
v 26.7935 -6.0889 -9.7233
v 26.8253 -4.9821 -9.6983
v 26.8083 -5.6455 -18.0370
v 26.8089 -7.2750 -18.0023
v 26.8049 -7.3564 -18.0012
v 26.8009 -7.4378 -18.0000
v 26.7969 -7.5191 -17.9988
v 26.7930 -7.6005 -17.9977
v 26.7922 -7.6168 -17.9974
v 26.8029 -7.2451 -15.3944
v 26.7110 -11.2861 -12.5352
v 26.7951 -12.6188 -9.8075
v 26.8089 -7.2750 -9.7494
v 26.8049 -7.3564 -9.7506
v 26.8009 -7.4378 -9.7517
v 26.7969 -7.5191 -9.7529
v 26.7930 -7.6005 -9.7541
v 26.7922 -7.6168 -9.7543
v 26.8214 -6.5514 -9.7418
v 26.7932 -5.1925 -9.7068
v 26.8244 -3.4500 -15.4939
v 26.8248 -11.0452 -15.3272
v 26.8266 -11.2134 -12.4269
v 26.8179 -8.6235 -12.3762
v 26.8244 -3.4500 -12.2578
v 26.8389 -6.0638 -9.7345
v 26.8071 -6.3060 -9.7329
v 26.8473 -4.3816 -9.6857
v 26.8183 -4.4585 -9.6895
v 26.8441 -4.4156 -18.0659
v 26.8387 -6.0736 -18.0171
v 26.8445 -6.2570 -18.0155
v 26.8343 -6.9976 -18.0094
v 26.8439 -7.3268 -12.3277
v 26.8144 -12.6830 -9.8046
v 26.8449 -10.6352 -9.7663
v 26.8445 -6.2570 -9.7362
v 26.8328 -6.9976 -9.7427
v 26.8520 -5.7734 -9.7306
v 26.8420 -3.9376 -9.6829
v 26.8475 -3.7682 -18.0706
v 26.8690 -4.6903 -18.0481
v 26.8612 -6.2170 -18.0170
v 26.8571 -6.2983 -18.0159
v 26.8517 -8.5046 -15.4042
v 26.8630 -11.0352 -15.3575
v 26.8887 -11.0673 -15.3730
v 26.8526 -11.2091 -12.4061
v 26.8649 -11.2070 -12.3965
v 26.8612 -6.2170 -9.7347
v 26.8571 -6.2983 -9.7358
v 26.8840 -5.0906 -9.7215
v 26.8797 -3.4500 -18.0774
v 26.8814 -5.8100 -18.0226
v 26.8773 -5.8914 -18.0215
v 26.8733 -5.9728 -18.0204
v 26.8692 -6.0542 -18.0193
v 26.8652 -6.1356 -18.0181
v 26.8671 -3.4500 -15.5241
v 26.8672 -13.9730 -13.7463
v 26.8671 -3.4500 -12.2276
v 26.8773 -5.8914 -9.7303
v 26.8733 -5.9728 -9.7314
v 26.8692 -6.0542 -9.7325
v 26.8652 -6.1356 -9.7336
v 26.8814 -5.8100 -9.7292
v 26.8656 -3.4500 -9.6764
v 26.8925 -3.4789 -9.6750
v 26.8936 -3.4500 -18.0771
v 26.8845 -3.9268 -18.0664
v 26.8661 -5.5448 -18.0234
v 26.8883 -5.6711 -18.0244
v 26.8855 -5.7287 -18.0236
v 26.8884 -8.6585 -18.0244
v 26.9001 -12.1339 -17.9805
v 26.8839 -7.2350 -15.4551
v 26.8934 -13.8157 -15.0816
v 26.8938 -8.0979 -12.3081
v 26.8742 -5.3951 -9.7265
v 26.8883 -5.6711 -9.7273
v 26.8855 -5.7287 -9.7281
v 26.8884 -8.6585 -9.7273
v 26.8944 -3.4501 -18.0771
v 26.9107 -3.4500 -15.5532
v 26.9022 -11.0251 -15.3870
v 26.9040 -11.2003 -12.3672
v 26.9107 -3.4500 -12.1985
v 27.0040 -12.9008 -9.7861
v 26.9017 -12.6054 -9.7772
v 26.9200 -3.4500 -18.0678
v 26.9300 -7.9865 -15.4709
v 26.9137 -11.2473 -12.3658
v 26.9265 -7.3199 -12.2692
v 26.9484 -3.7330 -9.7040
v 26.9274 -4.1936 -9.7101
v 26.9438 -5.0407 -18.0387
v 26.9550 -3.4500 -15.5811
v 26.9421 -11.0148 -15.4154
v 26.9439 -11.1934 -12.3389
v 26.9550 -3.4500 -12.1706
v 26.9429 -10.3480 -9.7362
v 26.9423 -5.0407 -9.7134
v 26.9619 -3.4500 -18.0513
v 26.9599 -3.4501 -18.0513
v 26.9715 -4.0196 -18.0458
v 26.9370 -4.7003 -18.0372
v 26.9590 -10.1439 -18.0224
v 26.9601 -3.4873 -9.7010
v 26.9672 -3.7339 -9.7032
v 26.9715 -4.0196 -9.7059
v 26.9360 -4.7191 -9.7148
v 26.9810 -3.4501 -18.0510
v 26.9922 -3.6127 -18.0509
v 26.9196 -4.3734 -18.0392
v 26.9791 -7.9785 -15.5029
v 26.9827 -11.0044 -15.4427
v 27.2706 -11.1743 -15.5386
v 26.9844 -11.1862 -12.3116
v 26.9763 -8.0895 -12.2528
v 26.9922 -3.6127 -9.7009
v 26.9881 -3.6941 -9.7019
v 26.9839 -3.7755 -9.7029
v 27.0005 -3.4500 -18.0529
v 26.9973 -3.5126 -18.0521
v 26.9964 -3.5313 -18.0519
v 26.9973 -8.6585 -18.0521
v 27.0079 -12.1172 -18.0081
v 27.0000 -3.4500 -15.6079
v 27.0112 -7.2193 -15.5380
v 27.0000 -3.4500 -12.1438
v 26.9973 -3.5126 -9.6996
v 26.9964 -3.5313 -9.6999
v 27.0239 -10.9939 -15.4690
v 27.0256 -11.1788 -12.2855
v 27.0120 -7.3125 -12.2151
v 25.5952 -13.2703 -17.0221
v 27.0456 -3.4500 -15.6335
v 27.0456 -3.4500 -12.1182
v 27.0484 -6.4352 -18.0637
v 27.0642 -7.9660 -15.5536
v 27.0658 -10.9833 -15.4941
v 27.0615 -8.0805 -12.2019
v 27.0669 -10.3831 -18.0448
v 27.0675 -11.1712 -12.2605
v 27.0920 -3.4500 -15.6579
v 27.1015 -10.9743 -15.5143
v 27.4938 -13.8254 -14.9624
v 27.1058 -11.2056 -12.2429
v 27.0920 -3.4500 -12.0939
v 27.1070 -3.4500 -18.0769
v 27.1163 -12.1004 -18.0328
v 27.1096 -7.9592 -15.5782
v 27.1084 -10.9726 -15.5181
v 27.1099 -11.1633 -12.2365
v 27.1036 -8.0761 -12.1789
v 27.1389 -3.4500 -15.6810
v 27.0230 -13.9805 -13.2096
v 27.0103 -11.2956 -12.3140
v 27.1389 -3.4500 -12.0707
v 27.1266 -12.7350 -11.4366
v 27.1519 -7.9533 -15.5998
v 27.1515 -10.9617 -15.5411
v 27.1531 -11.1552 -12.2136
v 27.1493 -8.0710 -12.1555
v 27.1649 -6.9223 -18.0885
v 27.1724 -10.1298 -18.0704
v 27.1865 -3.4500 -15.7030
v 27.1901 -7.1976 -15.6326
v 27.1629 -11.0282 -15.5392
v 27.1909 -7.2963 -12.1207
v 27.1865 -3.4500 -12.0488
v 27.1954 -10.9508 -15.5629
v 27.1970 -11.1468 -12.1919
v 27.2173 -3.4500 -18.0989
v 27.2173 -8.6585 -18.0989
v 27.2254 -12.0835 -18.0548
v 27.1235 -12.4001 -18.0002
v 27.2772 -10.9677 -15.5966
v 27.2346 -3.4500 -15.7236
v 27.2418 -7.9404 -15.6415
v 27.2397 -10.9397 -15.5836
v 27.2413 -11.1382 -12.1713
v 27.2394 -8.0609 -12.1136
v 27.2346 -3.4500 -12.0281
v 27.1843 -11.2259 -12.2071
v 27.2739 -6.9223 -18.1087
v 27.2800 -10.1228 -18.0903
v 27.2832 -3.4500 -15.7430
v 27.2831 -7.1865 -15.6728
v 27.2846 -10.9285 -15.6031
v 27.2838 -7.2875 -12.0806
v 27.2832 -3.4500 -12.0087
v 27.3201 -12.1241 -18.0692
v 27.2861 -11.1294 -12.1519
v 27.3361 -10.9859 -15.6162
v 27.3281 -3.4500 -18.1179
v 27.3281 -8.6585 -18.1179
v 27.3349 -12.0666 -18.0738
v 27.3323 -3.4500 -15.7611
v 27.3337 -7.9273 -15.6784
v 27.3300 -10.9173 -15.6214
v 26.9388 -11.5469 -12.5759
v 27.3314 -11.1204 -12.1336
v 27.3314 -8.0504 -12.0765
v 27.3323 -3.4500 -11.9906
v 27.3759 -10.9060 -15.6385
v 27.3771 -11.1112 -12.1166
v 27.3834 -6.9223 -18.1260
v 27.3880 -10.1157 -18.1074
v 27.3819 -3.4500 -15.7780
v 27.3781 -7.1752 -15.7080
v 27.3867 -8.0431 -12.0568
v 27.3819 -3.4500 -11.9738
v 27.4414 -10.9263 -15.6574
v 27.3620 -12.1963 -18.0702
v 27.4319 -3.4500 -15.7935
v 27.4221 -10.8947 -15.6544
v 27.4232 -11.1018 -12.1008
v 27.4270 -8.0390 -12.0436
v 27.4319 -3.4500 -11.9582
v 27.4335 -12.6210 -11.0547
v 27.4394 -3.4500 -18.1340
v 27.4394 -8.6585 -18.1340
v 27.4450 -12.0497 -18.0900
v 27.4339 -8.4090 -15.7035
v 27.4688 -10.8833 -15.6691
v 27.4823 -3.4500 -15.8077
v 27.4747 -7.1638 -15.7382
v 27.4699 -11.0922 -12.0861
v 27.4815 -8.0318 -12.0273
v 27.4823 -3.4500 -11.9440
v 27.4933 -6.9223 -18.1405
v 27.4964 -10.1087 -18.1218
v 27.5262 -12.0922 -18.0979
v 27.5227 -7.9006 -15.7378
v 27.5159 -10.8718 -15.6826
v 27.5029 -13.9042 -12.9194
v 27.5063 -11.0846 -12.0756
v 27.5170 -11.0823 -12.0726
v 27.5331 -3.4500 -15.8206
v 27.5242 -7.2637 -12.0021
v 27.5331 -3.4500 -11.9311
v 27.5510 -3.4500 -18.1472
v 27.5510 -8.6585 -18.1472
v 27.5555 -12.0328 -18.1033
v 27.5633 -10.8603 -15.6948
v 27.5644 -11.0723 -12.0604
v 27.5777 -8.0201 -12.0028
v 27.5841 -3.4500 -15.8322
v 27.5796 -7.8918 -15.7517
v 27.6827 -13.8937 -13.8856
v 27.7821 -13.8426 -12.6588
v 27.5947 -11.0658 -12.0533
v 27.5841 -3.4500 -11.9196
v 27.6035 -6.9223 -18.1522
v 27.6052 -10.1016 -18.1334
v 27.6110 -10.8488 -15.7058
v 28.1886 -13.8018 -13.5710
v 27.6120 -11.0621 -12.0495
v 27.6224 -7.1465 -15.7740
v 27.6229 -7.2535 -11.9795
v 27.6355 -3.4500 -15.8424
v 27.4394 -11.2306 -12.1147
v 27.6355 -3.4500 -11.9094
v 27.6630 -3.4500 -18.1575
v 27.6630 -8.6585 -18.1575
v 27.6663 -12.0159 -18.1137
v 27.6590 -10.8372 -15.7156
v 27.6599 -11.0517 -12.0398
v 27.6871 -3.4500 -15.8512
v 27.6768 -7.8783 -15.7711
v 27.6912 -13.8805 -14.0951
v 27.6842 -11.1222 -12.0437
v 27.6749 -8.0079 -11.9833
v 27.6871 -3.4500 -11.9005
v 27.6626 -10.8784 -15.7129
v 27.7140 -6.9223 -18.1610
v 27.7142 -10.0945 -18.1422
v 27.7333 -12.0603 -18.1164
v 27.7222 -7.1349 -15.7914
v 27.7072 -10.8257 -15.7241
v 27.7079 -11.0412 -12.0313
v 27.7225 -7.2429 -11.9622
v 27.7389 -3.4500 -15.8588
v 27.7973 -10.8394 -15.7337
v 28.0628 -13.8264 -13.0624
v 27.7389 -3.4500 -11.8930
v 27.5848 -12.5113 -9.6564
v 27.7557 -10.8141 -15.7313
v 27.7598 -13.8294 -12.4868
v 27.7562 -11.0305 -12.0242
v 27.7752 -3.4500 -18.1649
v 27.7752 -8.6585 -18.1649
v 27.7773 -11.9989 -18.1212
v 27.7792 -8.3545 -15.7774
v 27.7988 -11.0608 -12.0222
v 27.7704 -8.5011 -11.9780
v 27.7909 -3.4500 -15.8649
v 27.9825 -13.7025 -15.0954
v 27.7909 -3.4500 -11.8868
v 27.8043 -10.8025 -15.7373
v 27.8670 -10.8765 -15.7327
v 27.8048 -11.0196 -12.0182
v 28.1147 -12.9802 -9.6975
v 27.8247 -6.9223 -18.1669
v 27.8235 -10.0875 -18.1482
v 27.8228 -7.1234 -15.8035
v 27.8231 -7.2321 -11.9502
v 27.7295 -12.6766 -11.5646
v 27.8430 -3.4500 -15.8697
v 27.8531 -10.7909 -15.7420
v 27.8536 -11.0086 -12.0135
v 27.8430 -3.4500 -11.8820
v 28.0401 -11.0026 -15.6557
v 27.8829 -11.2173 -12.0671
v 27.8716 -7.9824 -11.9594
v 27.8875 -3.4500 -18.1693
v 27.8875 -8.6585 -18.1693
v 27.8885 -11.9820 -18.1258
v 27.8735 -7.8513 -15.7947
v 27.8953 -3.4500 -15.8731
v 27.9019 -10.7794 -15.7454
v 27.9024 -10.9974 -12.0102
v 27.8953 -3.4500 -11.8786
v 27.6091 -12.4212 -18.0449
v 27.9239 -7.1118 -15.8103
v 27.9241 -7.2209 -11.9433
v 27.9356 -6.9223 -18.1700
v 27.9329 -10.0804 -18.1514
v 27.8260 -12.0973 -18.1185
v 27.9445 -6.9223 -9.5816
v 27.9476 -3.4500 -15.8752
v 27.9509 -10.7679 -15.7475
v 27.9512 -10.9861 -12.0080
v 27.9476 -3.4500 -11.8766
v 27.9765 -12.5162 -9.6335
v 27.9469 -10.2867 -9.6028
v 27.9328 -11.9803 -18.1266
v 27.9726 -7.8378 -15.7989
v 27.9778 -10.7962 -15.7454
v 27.9707 -7.9692 -11.9551
v 28.0000 -3.4500 -18.1708
v 27.9999 -11.9652 -18.1275
v 28.0000 -3.4500 -15.8759
v 27.9999 -10.7564 -15.7483
v 28.0000 -3.4500 -11.8759
v 28.0000 -3.4500 -9.5810
v 28.0000 -8.6585 -9.5810
v 28.0001 -10.9746 -12.0072
v 28.0000 -12.4486 -9.6306
v 28.0253 -7.1003 -15.8118
v 28.0293 -7.9603 -11.9550
v 28.0523 -3.4500 -15.8752
v 28.0489 -10.7449 -15.7479
v 28.0490 -10.9630 -12.0077
v 28.0523 -3.4500 -11.8766
v 28.0644 -6.9223 -18.1700
v 28.0631 -10.3079 -18.1484
v 28.0717 -7.8244 -15.7980
v 28.3885 -11.2604 -13.8692
v 28.0554 -6.9223 -9.5816
v 28.0802 -7.9532 -11.9563
v 28.1046 -3.4500 -15.8731
v 28.0979 -10.7335 -15.7462
v 28.0978 -10.9514 -12.0094
v 28.1046 -3.4500 -11.8786
v 28.1124 -3.4500 -18.1693
v 28.1124 -8.6585 -18.1693
v 28.1112 -11.9484 -18.1263
v 28.1517 -10.7642 -15.7387
v 28.0427 -13.7803 -14.5909
v 28.1124 -3.4500 -9.5824
v 28.0324 -12.0622 -18.1229
v 28.1323 -8.3002 -15.7865
v 28.1425 -10.7232 -15.7435
v 28.1282 -7.9466 -11.9588
v 28.1569 -3.4500 -15.8697
v 28.1469 -10.7222 -15.7432
v 28.1467 -10.9395 -12.0124
v 28.1569 -3.4500 -11.8820
v 28.1752 -6.9223 -18.1669
v 28.1670 -10.0663 -18.1488
v 28.1771 -7.0833 -15.8042
v 28.1770 -7.1918 -11.9495
v 28.3926 -12.5786 -11.7955
v 28.1662 -6.9223 -9.5845
v 28.1957 -10.7109 -15.7389
v 28.1955 -10.9276 -12.0166
v 28.2090 -3.4500 -15.8649
v 28.2090 -3.4500 -11.8868
v 28.2247 -3.4500 -18.1649
v 28.2247 -8.6585 -18.1649
v 28.2223 -11.9316 -18.1221
v 28.2291 -7.8025 -15.7861
v 28.2352 -10.7018 -15.7345
v 28.4408 -13.7159 -14.0007
v 28.2252 -10.9203 -12.0199
v 28.2270 -7.9327 -11.9677
v 28.2247 -3.4500 -9.5869
v 28.2444 -10.6997 -15.7333
v 28.2441 -10.9156 -12.0222
v 28.1439 -11.0355 -12.0225
v 28.2610 -3.4500 -15.8588
v 28.0537 -13.7323 -12.1258
v 28.2610 -3.4500 -11.8930
v 28.2859 -6.9223 -18.1610
v 28.2827 -10.2914 -18.1397
v 28.2778 -7.0721 -15.7924
v 28.2926 -10.9035 -12.0290
v 28.2776 -7.1798 -11.9612
v 28.2769 -6.9223 -9.5902
v 28.2930 -10.6885 -15.7265
v 28.2726 -12.2214 -18.0857
v 28.3128 -3.4500 -15.8512
v 28.3273 -7.7894 -15.7719
v 28.3329 -10.7663 -15.7103
v 28.3363 -10.9307 -12.0394
v 28.3251 -7.9186 -11.9817
v 28.3128 -3.4500 -11.9005
v 28.3369 -3.4500 -18.1575
v 28.3369 -8.6585 -18.1575
v 28.3333 -11.9150 -18.1151
v 28.3413 -10.6775 -15.7184
v 28.3408 -10.8914 -12.0371
v 28.3369 -3.4500 -9.5942
v 28.3644 -3.4500 -15.8424
v 28.3644 -3.4500 -11.9094
v 28.3778 -7.0610 -15.7755
v 28.4236 -10.6910 -15.6990
v 28.3775 -7.1676 -11.9781
v 28.3964 -6.9223 -18.1522
v 28.4001 -10.0502 -18.1335
v 28.3895 -10.6665 -15.7090
v 28.3889 -10.8792 -12.0464
v 28.3874 -6.9223 -9.5988
v 28.4158 -3.4500 -15.8322
v 28.4256 -10.9075 -12.0576
v 28.4158 -3.4500 -11.9196
v 31.3766 -13.2195 -13.0910
v 28.4246 -7.7766 -15.7528
v 28.4374 -10.6556 -15.6983
v 28.5413 -13.7135 -13.8730
v 28.4289 -13.6821 -12.4052
v 28.4366 -10.8669 -12.0570
v 28.4243 -8.3982 -12.0100
v 28.4489 -3.4500 -18.1472
v 28.4489 -8.6585 -18.1472
v 28.4441 -11.8984 -18.1051
v 28.4489 -3.4500 -9.6045
v 28.8672 -12.1154 -16.1381
v 28.4668 -3.4500 -15.8206
v 28.5134 -10.6704 -15.6761
v 28.4668 -3.4500 -11.9311
v 28.3785 -12.0872 -18.0983
v 28.4772 -7.7693 -15.7402
v 28.4851 -10.6448 -15.6864
v 28.4792 -10.6461 -15.6880
v 28.4842 -10.8546 -12.0689
v 28.4763 -7.1554 -12.0003
v 28.5066 -6.9223 -18.1405
v 28.5089 -10.0433 -18.1220
v 28.4977 -6.9223 -9.6102
v 28.5176 -3.4500 -15.8077
v 28.5209 -7.7640 -15.7286
v 28.5184 -7.8899 -12.0247
v 28.5176 -3.4500 -11.9440
v 28.5323 -10.6342 -15.6733
v 28.5314 -10.8423 -12.0820
v 28.5606 -3.4500 -18.1340
v 28.5606 -8.6585 -18.1340
v 28.5547 -11.8819 -18.0922
v 28.5520 -11.9805 -18.0880
v 28.5985 -10.6513 -15.6500
v 28.5606 -3.4500 -9.6177
v 28.5680 -3.4500 -15.7935
v 28.5743 -7.0394 -15.7259
v 28.5791 -10.6236 -15.6589
v 28.5782 -10.8299 -12.0963
v 28.5746 -7.8804 -12.0413
v 28.5680 -3.4500 -11.9582
v 28.6165 -6.9223 -18.1260
v 28.6174 -10.0364 -18.1077
v 28.6180 -3.4500 -15.7780
v 28.6158 -7.7517 -15.6995
v 28.5760 -10.8494 -15.5947
v 28.4540 -13.7221 -14.1257
v 28.6221 -7.1369 -12.0431
v 28.6180 -3.4500 -11.9738
v 29.7328 -12.0496 -11.7548
v 28.6166 -7.1704 -9.6258
v 28.6513 -11.9207 -18.0765
v 28.6256 -10.6132 -15.6434
v 28.6406 -11.0258 -14.8334
v 28.6282 -11.7844 -14.8366
v 28.4015 -13.7220 -12.7946
v 28.6246 -10.8175 -12.1118
v 28.6534 -11.7767 -14.8298
v 28.6718 -3.4500 -18.1179
v 28.6718 -8.6585 -18.1179
v 28.6649 -11.8655 -18.0765
v 28.6676 -3.4500 -15.7611
v 28.6704 -7.0290 -15.6935
v 28.6718 -10.6030 -15.6265
v 28.8353 -13.3980 -15.5279
v 28.6707 -10.8051 -12.1286
v 28.6629 -10.8072 -12.1256
v 28.6685 -7.8660 -12.0731
v 28.6676 -3.4500 -11.9906
v 28.6718 -3.4500 -9.6338
v 28.7092 -7.7396 -15.6654
v 28.7260 -6.9223 -18.1087
v 28.7255 -10.0296 -18.0906
v 28.7167 -3.4500 -15.7430
v 28.7175 -10.5928 -15.6085
v 28.7163 -10.7927 -12.1465
v 28.7172 -7.1245 -12.0780
v 28.7167 -3.4500 -12.0087
v 28.7370 -11.8547 -18.0646
v 28.7349 -6.9223 -9.6446
v 28.7653 -3.4500 -15.7236
v 28.7636 -7.7319 -15.6431
v 28.7627 -10.5828 -15.5893
v 28.8568 -13.6115 -12.9066
v 28.7614 -10.7804 -12.1657
v 28.7277 -10.8274 -12.1544
v 28.7603 -8.3398 -12.1188
v 28.7653 -3.4500 -12.0281
v 28.7826 -3.4500 -18.0989
v 28.7826 -8.6585 -18.0989
v 28.7747 -11.8492 -18.0578
v 28.7826 -3.4500 -9.6529
v 28.9045 -11.8980 -16.7048
v 28.7995 -10.5747 -15.5725
v 28.8134 -3.4500 -15.7030
v 28.8088 -7.7261 -15.6229
v 28.8074 -10.5730 -15.5688
v 28.8059 -10.7680 -12.1860
v 28.8104 -7.1121 -12.1178
v 28.8134 -3.4500 -12.0488
v 28.8350 -6.9223 -18.0885
v 28.8331 -10.0228 -18.0707
v 28.8416 -10.5655 -15.5523
v 28.8454 -10.7922 -12.2082
v 28.8539 -7.7204 -15.6015
v 28.8514 -10.5634 -15.5473
v 28.8500 -10.7557 -12.2074
v 28.8507 -7.8371 -12.1510
v 28.8438 -6.9223 -9.6650
v 28.7708 -12.0168 -16.5111
v 28.8610 -3.4500 -15.6810
v 28.8610 -3.4500 -12.0707
v 28.8929 -3.4500 -18.0769
v 28.8840 -11.8330 -18.0363
v 28.7887 -12.0400 -18.0413
v 28.8949 -10.5539 -15.5246
v 28.3476 -11.1666 -14.6424
v 28.8934 -10.7434 -12.2301
v 28.8929 -3.4500 -9.6748
v 28.9079 -3.4500 -15.6579
v 28.9021 -7.0043 -15.5908
v 28.9262 -10.7695 -12.2513
v 28.9014 -7.0998 -12.1624
v 28.9079 -3.4500 -12.0939
v 28.9177 -10.5799 -15.5098
v 28.9515 -6.4352 -18.0637
v 28.9403 -10.0160 -18.0481
v 28.9419 -7.7093 -15.5553
v 28.9378 -10.5446 -15.5008
v 28.9363 -10.7312 -12.2538
v 28.9386 -7.8227 -12.1969
v 28.9543 -3.4500 -15.6335
v 28.9826 -10.5949 -15.4677
v 28.9543 -3.4500 -12.1182
v 28.9590 -6.4352 -9.6897
v 28.9149 -12.0073 -18.0161
v 29.2567 -11.8279 -16.5723
v 28.9801 -10.5355 -15.4758
v 28.9922 -10.8032 -12.2992
v 28.9786 -10.7190 -12.2787
v 29.0026 -3.5126 -18.0521
v 29.0035 -3.5313 -18.0519
v 29.0026 -8.6585 -18.0521
v 28.9928 -11.8169 -18.0119
v 29.0000 -3.4500 -15.6079
v 28.9907 -6.9950 -15.5414
v 28.9900 -7.0876 -12.2117
v 29.0000 -3.4500 -12.1438
v 28.9994 -3.4500 -9.6989
v 29.0026 -3.5126 -9.6996
v 29.0035 -3.5313 -9.6999
v 29.0077 -3.6127 -18.0509
v 29.0119 -3.6941 -18.0499
v 29.0218 -10.5266 -15.4497
v 29.0202 -10.7069 -12.3047
v 29.0240 -7.8085 -12.2473
v 29.0190 -3.4501 -9.7008
v 29.0077 -3.6127 -9.7009
v 29.0119 -3.6941 -9.7019
v 29.0160 -3.7755 -9.7029
v 29.0398 -3.4873 -18.0507
v 29.0275 -7.6986 -15.5045
v 29.0820 -10.5379 -15.4072
v 28.8359 -13.5604 -14.7600
v 28.5711 -11.0843 -12.1815
v 29.0380 -3.4500 -9.7005
v 29.0400 -3.4501 -9.7004
v 29.0327 -3.7339 -9.7032
v 29.0329 -4.1121 -9.7070
v 29.0894 -4.6489 -18.0352
v 29.0562 -5.0407 -18.0387
v 29.0468 -10.0094 -18.0228
v 29.0450 -3.4500 -15.5811
v 29.0611 -10.6949 -12.3318
v 29.0450 -3.4500 -12.1706
v 29.0576 -5.0407 -9.7134
v 29.0729 -4.1995 -9.7101
v 29.1337 -11.9188 -17.9694
v 29.0767 -6.9861 -15.4874
v 29.0628 -10.5179 -15.4225
v 29.0723 -7.7995 -12.2785
v 29.0515 -3.7330 -9.7040
v 29.1262 -5.3689 -18.0259
v 29.0892 -3.4500 -15.5532
v 29.0892 -3.4500 -12.1985
v 29.1074 -3.4791 -18.0768
v 29.1116 -5.6711 -18.0244
v 29.1116 -8.6585 -18.0244
v 29.1009 -11.8010 -17.9847
v 29.0438 -11.8633 -17.9972
v 29.1074 -8.1589 -15.4415
v 29.1031 -10.5094 -15.3942
v 29.1012 -10.6830 -12.3599
v 29.0753 -10.7260 -12.3453
v 29.1068 -7.7944 -12.3021
v 29.0994 -12.2590 -9.7728
v 29.1116 -5.6711 -9.7273
v 29.1145 -5.7287 -9.7281
v 29.1116 -8.6585 -9.7273
v 29.1055 -3.4501 -9.6746
v 29.1063 -3.4500 -9.6746
v 29.1343 -3.4500 -18.0754
v 29.1328 -3.4500 -15.5241
v 27.5008 -13.7020 -15.2208
v 29.1328 -3.4500 -12.2276
v 29.1976 -12.3018 -9.8029
v 29.1226 -5.8914 -9.7303
v 29.1266 -5.9728 -9.7314
v 29.1307 -6.0542 -9.7325
v 29.1347 -6.1356 -9.7336
v 29.1427 -5.6636 -9.7291
v 29.1185 -5.8100 -9.7292
v 29.1343 -3.4500 -9.6764
v 29.1190 -3.4702 -9.6754
v 29.1204 -3.4500 -9.6741
v 29.1489 -10.2271 -17.9927
v 29.1424 -10.5011 -15.3650
v 29.1406 -10.6712 -12.3891
v 29.1284 -5.4383 -9.7270
v 29.1601 -4.6737 -9.6924
v 29.1469 -4.7000 -9.6980
v 29.1372 -3.5101 -9.6771
v 29.1583 -3.9358 -18.0688
v 29.1657 -6.9976 -18.0094
v 29.1596 -6.9776 -15.4289
v 29.1543 -7.7853 -12.3364
v 29.1660 -10.1969 -9.7634
v 29.1588 -6.0173 -9.7339
v 29.1671 -6.9976 -9.7427
v 29.1746 -5.0124 -9.6990
v 29.1650 -3.9490 -9.6849
v 29.1339 -3.9486 -9.6802
v 29.1543 -4.4026 -18.0658
v 29.1812 -4.4508 -18.0624
v 29.1705 -4.8470 -18.0563
v 29.1755 -3.4500 -15.4939
v 29.1810 -10.4931 -15.3348
v 29.1793 -10.6595 -12.4192
v 29.1755 -3.4500 -12.2578
v 29.2158 -6.7820 -9.7399
v 29.1846 -6.7334 -9.7443
v 29.2063 -6.1163 -9.7238
v 29.1879 -4.6554 -9.6940
v 29.1655 -4.8400 -9.6961
v 29.1854 -5.3171 -9.7057
v 29.1567 -4.4481 -9.6866
v 29.1815 -4.4500 -9.6894
v 29.1836 -4.5186 -9.6909
v 29.1858 -4.5870 -9.6925
v 29.2067 -5.1925 -18.0450
v 29.1860 -6.6812 -18.0081
v 29.1910 -7.2750 -18.0023
v 29.1950 -7.3564 -18.0012
v 29.1990 -7.4378 -18.0000
v 29.2030 -7.5191 -17.9988
v 29.2070 -7.6005 -17.9977
v 29.2077 -7.6168 -17.9974
v 29.1903 -7.6787 -15.3901
v 29.2078 -10.6508 -12.4427
v 29.1990 -7.0577 -12.3548
v 29.2065 -12.2388 -9.8028
v 29.1910 -7.2750 -9.7494
v 29.1950 -7.3564 -9.7506
v 29.1990 -7.4378 -9.7517
v 29.2030 -7.5191 -9.7529
v 29.2070 -7.6005 -9.7541
v 29.2077 -7.6168 -9.7543
v 29.1900 -4.7238 -9.6956
v 29.1922 -4.7922 -9.6971
v 29.1943 -4.8607 -9.6986
v 29.1964 -4.9291 -9.7002
v 29.2067 -5.1925 -9.7068
v 29.2161 -6.4189 -18.0214
v 29.2109 -7.6819 -17.9965
v 29.2149 -7.7633 -17.9953
v 29.2189 -7.8447 -17.9942
v 29.2198 -7.8630 -17.9939
v 29.2175 -3.4500 -15.4626
v 29.2189 -10.4853 -15.3035
v 29.3769 -10.6524 -15.1012
v 29.2171 -10.6479 -12.4505
v 29.3234 -12.2431 -14.7871
v 29.2175 -3.4500 -12.2892
v 29.2109 -7.6819 -9.7552
v 29.2149 -7.7633 -9.7564
v 29.2189 -7.8447 -9.7576
v 29.2198 -7.8630 -9.7578
v 29.2229 -7.9261 -9.7587
v 29.2198 -8.6585 -9.7578
v 29.1921 -5.5751 -9.7117
v 29.2193 -5.6847 -9.7171
v 29.2206 -5.7304 -9.7181
v 29.2226 -5.7991 -9.7196
v 29.2259 -5.9135 -9.7222
v 29.2388 -6.3825 -9.7324
v 29.2354 -4.4500 -18.0467
v 29.1878 -5.6136 -18.0373
v 29.2296 -6.0447 -18.0267
v 29.2454 -6.6331 -18.0139
v 29.2318 -7.8770 -17.9927
v 29.2358 -8.3029 -17.9891
v 29.2437 -11.8726 -16.4649
v 29.2393 -6.9696 -15.3663
v 29.2323 -7.7716 -12.3978
v 29.3107 -12.4093 -9.8487
v 29.2318 -7.8770 -9.7591
v 29.2517 -8.0690 -9.7629
v 29.2376 -8.3029 -9.7632
v 29.2532 -6.9536 -9.7446
v 29.2291 -6.0279 -9.7247
v 29.2296 -6.0447 -9.7251
v 29.2354 -3.4500 -9.7050
v 29.2354 -4.4500 -9.7050
v 29.2411 -7.2653 -18.0039
v 29.2564 -7.0847 -18.0044
v 29.2595 -7.9736 -17.9900
v 29.2506 -8.4958 -17.9847
v 29.2586 -3.4500 -15.4302
v 29.2559 -10.4777 -15.2712
v 29.2541 -10.6365 -12.4827
v 29.2586 -3.4500 -12.3216
v 29.2584 -8.4206 -9.7681
v 29.2602 -8.3739 -9.7678
v 29.2506 -8.4958 -9.7671
v 29.2632 -7.4008 -9.7537
v 29.2402 -7.2754 -9.7479
v 29.2595 -7.9736 -9.7618
v 29.2479 -8.3044 -9.7657
v 29.2632 -7.4007 -17.9980
v 29.2695 -7.7444 -17.9914
v 29.2712 -7.8588 -17.9893
v 29.2721 -7.9275 -17.9881
v 29.2727 -7.9733 -17.9873
v 29.2424 -8.0629 -17.9897
v 29.2738 -8.0878 -17.9853
v 29.2746 -8.2023 -17.9835
v 29.2748 -8.2939 -17.9822
v 29.2670 -7.6695 -15.3266
v 29.2771 -7.0461 -12.4194
v 29.2746 -8.2023 -9.7682
v 29.2748 -8.2939 -9.7695
v 29.2695 -7.7444 -9.7603
v 29.2712 -7.8588 -9.7624
v 29.2721 -7.9275 -9.7637
v 29.2727 -7.9733 -9.7645
v 29.2738 -8.0878 -9.7664
v 29.2989 -3.4500 -15.3967
v 29.2922 -10.4703 -15.2379
v 29.2904 -10.6251 -12.5159
v 29.2647 -10.7173 -12.5048
v 29.2989 -3.4500 -12.3551
v 29.3176 -3.8358 -18.0212
v 29.3143 -11.7698 -17.9219
v 29.3110 -7.6637 -15.2872
v 29.0515 -13.4607 -14.6006
v 29.3071 -7.7582 -12.4632
v 29.3127 -12.2184 -9.8355
v 29.3426 -3.8254 -9.7383
v 29.3275 -10.4632 -15.2036
v 29.3257 -10.6139 -12.5501
v 29.3216 -10.6153 -12.5459
v 29.3442 -3.9230 -18.0130
v 29.3446 -3.9499 -18.0128
v 29.3478 -4.1517 -18.0118
v 29.3472 -4.1692 -18.0120
v 29.3506 -4.3250 -18.0109
v 29.3442 -4.4500 -18.0130
v 29.3300 -11.8710 -17.9115
v 29.3382 -3.4500 -15.3622
v 29.3526 -6.9584 -15.2645
v 29.3488 -10.4590 -15.1821
v 29.3490 -10.8348 -13.8887
v 29.3537 -10.6372 -12.5820
v 29.3457 -7.7509 -12.4997
v 29.3382 -3.4500 -12.3896
v 29.3367 -3.4500 -9.7363
v 29.3784 -3.4500 -9.7468
v 29.3442 -4.4500 -9.7388
v 29.3784 -3.5686 -18.0047
v 29.3927 -4.0131 -18.0013
v 29.3620 -10.4564 -15.1684
v 29.3600 -10.6030 -12.5850
v 29.3941 -4.5016 -17.9981
v 29.3767 -3.4500 -15.3266
v 29.3768 -8.1226 -15.2116
v 29.3784 -7.7452 -12.5324
v 29.3767 -3.4500 -12.4251
v 29.2688 -12.0561 -15.9481
v 29.3953 -10.4498 -15.1325
v 29.4142 -10.6175 -12.6478
v 29.3934 -10.5922 -12.6208
v 29.4197 -11.7544 -17.8864
v 29.4142 -3.4500 -15.2901
v 29.4236 -6.9516 -15.1919
v 29.4278 -10.4435 -15.0957
v 29.4259 -10.5815 -12.6576
v 29.4226 -7.0238 -12.5606
v 29.4142 -3.4500 -12.4617
v 29.4181 -12.1978 -9.8710
v 29.4287 -4.4899 -9.7597
v 29.4453 -11.7959 -16.4651
v 29.2407 -10.8580 -12.5659
v 29.4461 -7.7325 -12.6051
v 29.4953 -12.2435 -9.9017
v 29.4344 -3.4500 -9.7508
v 29.4503 -4.6374 -17.9744
v 29.4507 -3.4500 -15.2526
v 29.4501 -7.6477 -15.1443
v 29.4593 -10.4375 -15.0579
v 29.4575 -10.5711 -12.6952
v 29.4507 -3.4500 -12.4992
v 29.4503 -4.6374 -9.7774
v 29.4217 -11.9898 -17.8633
v 29.4792 -10.4337 -15.0330
v 29.4560 -10.7257 -12.7439
v 29.4862 -3.4500 -15.2141
v 29.4905 -6.9453 -15.1157
v 29.4898 -10.4318 -15.0194
v 29.4880 -10.5608 -12.7337
v 29.4896 -7.0131 -12.6367
v 29.4862 -3.4500 -12.5376
v 29.4876 -3.4500 -9.7450
v 29.5139 -7.6406 -15.0677
v 29.5194 -10.4263 -14.9800
v 29.5176 -10.5507 -12.7730
v 29.5099 -7.7202 -12.6813
v 29.4986 -4.6668 -9.7951
v 29.5242 -11.7392 -17.8480
v 29.3199 -12.3567 -14.7153
v 29.5208 -3.4500 -15.1748
v 29.5208 -3.4500 -12.5770
v 29.5800 -12.3182 -9.9420
v 29.5226 -12.1771 -9.9092
v 29.5366 -3.4500 -9.7308
v 29.5542 -3.4500 -15.1345
v 29.5535 -6.9395 -15.0361
v 29.5479 -10.4211 -14.9398
v 29.5462 -10.5409 -12.8131
v 29.5405 -10.5428 -12.8050
v 29.5526 -7.0029 -12.7163
v 29.5542 -3.4500 -12.6172
v 29.5561 -4.6946 -17.9346
v 29.5737 -7.6342 -14.9877
v 29.5609 -10.4208 -14.9203
v 29.5735 -10.5313 -12.8536
v 29.5649 -8.1808 -12.7682
v 29.5561 -4.6946 -9.8172
v 29.5867 -3.4500 -15.0934
v 29.5753 -10.4162 -14.8990
v 29.5967 -10.4150 -14.8651
v 29.5411 -10.4965 -14.9362
v 29.5867 -3.4500 -12.6583
v 29.5841 -3.4500 -9.7076
v 29.6019 -7.6312 -14.9467
v 29.6015 -10.4117 -14.8576
v 29.5997 -10.5220 -12.8949
v 29.6033 -7.7009 -12.8093
v 29.6277 -11.7242 -17.8070
v 29.6180 -3.4500 -15.0514
v 29.6292 -7.6284 -14.9048
v 29.6267 -10.4074 -14.8155
v 29.6249 -10.5129 -12.9369
v 29.6180 -3.4500 -12.7003
v 29.6260 -12.1563 -9.9502
v 29.6659 -4.5410 -9.7330
v 29.6258 -3.4500 -9.6772
v 29.6444 -10.4074 -14.7838
v 29.6798 -10.4967 -14.6937
v 29.5772 -10.6406 -12.8871
v 29.6224 -10.5435 -12.9376
v 29.6389 -6.9883 -12.8415
v 29.6784 -12.2070 -9.9752
v 29.6424 -3.4500 -9.6616
v 29.6615 -4.7251 -17.8921
v 29.6482 -3.4500 -15.0087
v 29.6507 -10.4035 -14.7727
v 29.8060 -10.6289 -13.6637
v 29.5627 -12.2966 -12.8668
v 29.6694 -10.5266 -13.0226
v 29.6490 -10.5041 -12.9796
v 29.6564 -7.6899 -12.8934
v 29.6482 -3.4500 -12.7431
v 29.6615 -4.7251 -9.8596
v 29.6609 -3.4500 -9.6411
v 28.8262 -12.7057 -17.6781
v 29.6773 -3.4500 -14.9651
v 29.6663 -6.9298 -14.8674
v 29.6803 -7.6234 -14.8191
v 29.6737 -10.3999 -14.7292
v 29.6720 -10.4955 -13.0230
v 29.6773 -3.4500 -12.7866
v 29.6730 -3.6277 -9.6305
v 29.6955 -10.3966 -14.6851
v 29.6939 -10.4872 -13.0670
v 29.6909 -6.9792 -12.9285
v 29.8352 -4.2354 -9.4161
v 29.6887 -3.4500 -9.6009
v 29.4415 -11.8063 -16.4402
v 29.7052 -3.4500 -14.9209
v 29.7160 -6.9258 -14.7790
v 29.7161 -10.3936 -14.6405
v 29.7196 -10.4220 -14.6281
v 29.7146 -10.4791 -13.1116
v 29.6963 -10.5446 -13.0850
v 29.7051 -7.6796 -12.9802
v 29.7052 -3.4500 -12.8309
v 29.7567 -4.6907 -9.8954
v 29.7246 -11.7102 -17.7656
v 29.7320 -3.4500 -14.8759
v 29.7270 -7.6191 -14.7308
v 29.7356 -10.3909 -14.5953
v 29.7342 -10.4713 -13.1568
v 29.7383 -6.9707 -13.0182
v 29.7320 -3.4500 -12.8759
v 29.7283 -12.1354 -9.9938
v 29.6241 -4.5664 -17.9307
v 29.7539 -10.3886 -14.5495
v 29.7526 -10.4638 -13.2025
v 29.7456 -10.4958 -13.1905
v 29.7493 -7.6698 -13.0695
v 29.7449 -4.2931 -9.6008
v 29.7691 -4.7412 -17.8457
v 29.7576 -3.4500 -14.8302
v 29.7609 -6.9225 -14.6880
v 29.7691 -7.6155 -14.6401
v 29.7710 -10.3866 -14.5033
v 29.7751 -10.4544 -13.2638
v 29.7698 -10.4566 -13.2488
v 29.7576 -3.4500 -12.9215
v 29.7691 -4.7412 -9.9060
v 29.7864 -4.3507 -18.1415
v 29.7820 -3.4500 -14.7838
v 29.7869 -10.3849 -14.4566
v 29.6542 -12.2586 -14.2109
v 29.7859 -10.4497 -13.2955
v 29.7888 -7.6606 -13.1612
v 29.7809 -6.9626 -13.1103
v 29.7820 -3.4500 -12.9679
v 29.7864 -4.3507 -9.6103
v 29.7929 -4.3034 -9.5294
v 29.7891 -4.2966 -9.5280
v 29.7990 -4.3640 -18.1379
v 29.7386 -4.6821 -17.8653
v 29.8051 -3.4500 -14.7369
v 29.8011 -6.9199 -14.5946
v 29.8064 -7.6127 -14.5473
v 29.7915 -10.4733 -14.4113
v 29.8016 -10.3836 -14.4095
v 29.8005 -10.4432 -13.3424
v 29.8051 -3.4500 -13.0148
v 29.7990 -4.3640 -9.6138
v 29.9938 -3.8859 -9.2181
v 29.8282 -4.3536 -18.2084
v 29.8270 -3.4500 -14.6893
v 29.8262 -7.6113 -14.4914
v 29.8149 -10.3827 -14.3622
v 29.8270 -10.3821 -14.3145
v 29.8473 -10.4430 -14.1872
v 29.7937 -10.5006 -13.3186
v 29.8261 -10.4310 -13.4370
v 29.8139 -10.4369 -13.3895
v 29.8236 -7.6521 -13.2548
v 29.8187 -6.9551 -13.2047
v 29.8270 -3.4500 -13.0624
v 29.8282 -4.3536 -9.5433
v 29.8332 -4.3593 -18.2063
v 29.5429 -4.4049 -17.9967
v 29.8252 -11.6957 -17.7196
v 29.8477 -3.4500 -14.6412
v 29.8414 -7.6105 -14.4444
v 29.8324 -10.4100 -14.2826
v 29.8379 -10.3818 -14.2666
v 29.8475 -10.3819 -14.2183
v 29.8467 -10.4201 -13.5330
v 29.8370 -10.4254 -13.4848
v 29.8391 -7.6482 -13.3020
v 29.8477 -3.4500 -13.1105
v 29.8332 -4.3593 -9.5454
v 29.8330 -4.3000 -9.4558
v 29.8643 -4.4165 -18.1075
v 29.8671 -3.4500 -14.5926
v 29.8558 -7.6098 -14.3958
v 29.8558 -10.3823 -14.1698
v 29.8639 -10.3860 -14.1115
v 29.8629 -10.3831 -14.1211
v 29.8528 -10.4869 -13.6177
v 29.8623 -10.4105 -13.6301
v 29.8552 -10.4151 -13.5814
v 29.8535 -7.6444 -13.3501
v 29.8671 -3.4500 -13.1591
v 29.7918 -12.4299 -10.0639
v 29.8598 -4.7199 -9.9454
v 29.8643 -4.4165 -9.6442
v 29.8695 -4.3565 -18.2748
v 29.8781 -4.4208 -18.1127
v 29.8598 -4.7199 -17.8063
v 29.8852 -3.4500 -14.5435
v 29.8796 -6.9162 -14.3533
v 29.8802 -7.6091 -14.2988
v 29.8686 -10.3842 -14.0722
v 29.8731 -10.3857 -14.0232
v 29.8705 -10.4347 -14.0087
v 29.8763 -10.3876 -13.9742
v 29.8782 -10.3898 -13.9250
v 29.8786 -10.3908 -13.9062
v 29.8788 -10.3924 -13.8759
v 29.8787 -10.3930 -13.8656
v 29.8781 -10.3953 -13.8266
v 29.8681 -10.4752 -13.7916
v 29.8761 -10.3986 -13.7773
v 29.8728 -10.4022 -13.7281
v 29.8720 -10.4029 -13.7189
v 29.8682 -10.4062 -13.6790
v 29.8783 -7.6373 -13.4466
v 29.8791 -6.9420 -13.3984
v 29.8852 -3.4500 -13.2083
v 29.8850 -4.4241 -9.6414
v 29.8695 -4.3565 -9.4769
v 29.9021 -3.4500 -14.4939
v 29.9020 -6.9159 -14.2542
v 29.8996 -7.6093 -14.2007
v 29.8981 -7.6310 -13.5445
v 29.9016 -6.9364 -13.4973
v 29.9021 -3.4500 -13.2578
v 29.9050 -7.3486 -17.7439
v 29.9176 -3.4500 -14.4439
v 29.9192 -6.9164 -14.1541
v 29.9139 -7.6102 -14.1017
v 29.9192 -7.6223 -13.7023
v 29.9075 -7.6273 -13.6030
v 29.9176 -3.4500 -13.3078
v 29.8803 -4.4216 -9.6389
v 29.9316 -11.6805 -17.6675
v 29.9318 -3.4500 -14.3935
v 29.9311 -6.9175 -14.0533
v 29.9230 -7.6120 -14.0021
v 29.9377 -6.9194 -13.9520
v 29.9269 -7.6146 -13.9022
v 29.9270 -7.6161 -13.8535
v 29.9257 -7.6180 -13.8022
v 29.9350 -6.9252 -13.7489
v 29.9256 -6.9292 -13.6477
v 29.9318 -3.4500 -13.3582
v 29.9439 -4.4173 -18.2370
v 29.9523 -4.4241 -18.2270
v 29.9447 -3.4500 -14.3428
v 29.9563 -3.4500 -14.2917
v 29.9563 -3.4500 -13.4600
v 29.9447 -3.4500 -13.4090
v 29.9728 -12.1443 -10.1143
v 29.9586 -4.4272 -9.5283
v 29.9731 -4.7461 -17.7483
v 29.9665 -3.4500 -14.2403
v 29.9753 -3.4500 -14.1887
v 29.9753 -3.4500 -13.5630
v 29.9665 -3.4500 -13.5114
v 29.9828 -3.4500 -14.1369
v 29.9890 -3.4500 -14.0849
v 29.9938 -3.4500 -14.0328
v 29.9938 -3.4500 -13.7189
v 29.9890 -3.4500 -13.6668
v 29.9828 -3.4500 -13.6148
v 30.0117 -8.2092 -17.6768
v 29.9972 -3.4500 -13.9805
v 29.9993 -3.4500 -13.9282
v 30.0000 -3.4500 -13.8759
v 29.9993 -3.4500 -13.8235
v 29.9972 -3.4500 -13.7712
v 30.0745 -12.2050 -10.1757
v 30.0021 -8.4155 -10.0729
v 30.0304 -11.6664 -17.6157
v 30.2059 -11.8015 -17.5032
v 30.5593 -11.6522 -14.7701
v 30.0278 -12.0725 -10.1406
v 29.9574 -3.9486 -18.5149
v 30.0041 -11.7213 -17.6275
v 30.0737 -4.7461 -17.6953
v 30.0737 -4.7461 -10.0564
v 30.1031 -8.6963 -17.6198
v 30.0362 -11.7664 -17.6078
v 30.0977 -8.4052 -10.1247
v 30.1199 -4.7355 -10.0815
v 29.8803 -11.9654 -17.6611
v 30.1277 -11.6525 -17.5615
v 30.1249 -12.0514 -10.1947
v 30.1730 -4.7461 -17.6397
v 30.1730 -4.7461 -10.1120
v 30.1824 -4.2352 -18.4253
v 30.3330 -12.2629 -10.3515
v 30.1921 -8.3950 -10.1788
v 30.2017 -8.1957 -17.5702
v 30.2239 -4.2238 -18.4084
v 30.2230 -4.2314 -18.4066
v 30.1563 -4.6681 -17.6598
v 30.2252 -4.7363 -17.6093
v 30.2233 -11.6390 -17.5048
v 30.2206 -12.0304 -10.2512
v 30.1799 -4.7293 -10.1150
v 30.2636 -4.2276 -18.3879
v 30.0107 -4.4958 -17.8523
v 30.2788 -4.4499 -18.0570
v 30.2724 -4.7445 -17.5803
v 30.2874 -11.6809 -17.4626
v 30.2724 -4.7445 -10.1714
v 30.2946 -8.1891 -17.5134
v 30.2886 -8.9027 -10.2457
v 30.3019 -3.4500 -9.3580
v 30.4048 -4.4679 -17.7600
v 30.3175 -11.6257 -17.4456
v 30.3148 -12.0094 -10.3103
v 30.3602 -3.8731 -18.3548
v 30.4033 -4.5921 -10.1998
v 30.4591 -3.4500 -9.4413
v 30.3701 -4.1552 -18.3444
v 30.5371 -4.2453 -18.2387
v 30.3670 -4.7461 -17.5208
v 30.3794 -11.7399 -17.3968
v 30.3670 -4.7461 -10.2309
v 30.3967 -7.6917 -17.4548
v 30.4135 -4.1552 -18.3211
v 30.4101 -11.6127 -17.3839
v 30.4075 -11.9885 -10.3719
v 30.4009 -7.8533 -10.3023
v 30.4135 -4.1552 -9.4307
v 30.4191 -4.1563 -18.3177
v 30.6255 -4.2903 -9.5813
v 30.4665 -12.0880 -10.4201
v 30.4458 -4.1552 -9.4483
v 30.4709 -4.1552 -18.2895
v 30.4736 -3.8731 -18.2932
v 30.4970 -4.5096 -17.5791
v 30.5012 -11.5999 -17.3198
v 30.4986 -11.9676 -10.4360
v 30.4970 -4.5096 -10.1726
v 30.5223 -4.1563 -18.2599
v 30.4856 -4.4086 -18.1334
v 30.5290 -4.1552 -18.2564
v 30.5318 -11.5957 -17.2975
v 30.5534 -4.7412 -17.3929
v 30.5534 -4.7412 -10.3589
v 30.6246 -4.6218 -10.3939
v 30.5703 -4.1552 -18.2323
v 30.5599 -12.0106 -10.4842
v 30.5853 -3.8731 -18.2287
v 30.5906 -11.5875 -17.2533
v 30.5880 -11.9468 -10.5024
v 30.5883 -4.6304 -17.3828
v 30.6241 -4.1563 -18.1998
v 30.4109 -11.8170 -17.3634
v 30.6428 -4.1552 -18.1887
v 30.6474 -4.7251 -17.3230
v 30.5328 -12.5103 -10.6292
v 30.6474 -4.7251 -10.4288
v 30.6685 -4.1552 -18.1729
v 30.7910 -4.3795 -10.3921
v 30.6906 -4.4016 -17.9969
v 30.6783 -11.5754 -17.1844
v 30.6757 -11.9262 -10.5712
v 30.6954 -3.8731 -18.1614
v 30.6942 -4.3972 -18.0023
v 30.6097 -11.6482 -17.2359
v 30.7244 -4.1563 -18.1372
v 30.7705 -11.9541 -10.6522
v 30.7979 -4.5891 -10.5408
v 30.7450 -4.3996 -17.9641
v 30.6960 -4.5014 -17.3441
v 30.7368 -4.6946 -17.2529
v 30.7095 -11.5771 -17.1587
v 30.7368 -4.6946 -10.4988
v 30.7548 -4.1552 -18.1180
v 30.7642 -11.5636 -17.1132
v 30.7795 -4.4005 -17.9395
v 30.8678 -4.3045 -17.6766
v 30.7311 -4.5967 -10.4799
v 30.7989 -4.2950 -17.3680
v 30.8152 -4.5911 -17.1940
v 30.8242 -4.6374 -17.1812
v 30.7905 -11.8016 -17.0563
v 30.8242 -4.6374 -10.5706
v 30.8592 -4.4530 -10.5907
v 30.7916 -3.4500 -10.4822
v 30.9953 -4.1979 -9.8445
v 30.8483 -11.5521 -17.0396
v 30.8453 -11.8853 -10.7153
v 30.8971 -4.3647 -9.8600
v 30.8432 -4.4470 -17.1820
v 30.9226 -3.4500 -18.0086
v 30.9107 -4.4500 -17.1085
v 30.9077 -9.1814 -17.0270
v 30.8732 -11.5913 -17.0151
v 30.6829 -11.5768 -15.1354
v 30.9125 -3.4500 -10.6448
v 30.9107 -4.4500 -10.6432
v 30.9315 -3.4500 -9.7495
v 30.8938 -3.4500 -9.7136
v 30.9717 -11.9108 -10.8365
v 30.9270 -11.8652 -10.7905
v 30.9122 -8.9053 -10.7239
v 30.8803 -4.3101 -17.1386
v 30.9303 -11.5410 -16.9640
v 30.9683 -4.3024 -17.7253
v 30.8566 -12.1829 -10.7758
v 30.9564 -3.4500 -9.7855
v 30.9417 -4.2489 -17.9653
v 31.0137 -3.4500 -9.9709
v 30.9958 -3.6410 -17.8434
v 31.0006 -3.5325 -17.8149
v 30.9992 -3.5670 -17.7858
v 30.9859 -4.1781 -17.8065
v 30.9892 -3.7517 -17.7420
v 30.8484 -3.4500 -17.2066
v 30.9943 -4.4500 -17.0312
v 30.9915 -9.1738 -16.9477
v 31.0192 -11.9521 -10.8882
v 30.9927 -8.8935 -10.8000
v 30.9943 -3.4500 -10.7205
v 30.9943 -4.4500 -10.7205
v 31.0008 -3.4500 -17.8012
v 31.0100 -11.5304 -16.8866
v 30.9938 -11.6492 -16.8944
v 31.0068 -11.8453 -10.8678
v 31.0351 -3.9500 -16.9915
v 31.0351 -3.9500 -10.7602
v 31.0712 -8.8819 -10.8782
v 31.0759 -4.4500 -16.9518
v 31.0818 -8.6943 -16.8661
v 31.0877 -11.5200 -16.8070
v 31.0846 -11.8256 -10.9473
v 31.0981 -12.0419 -10.9905
v 31.0759 -3.4500 -10.8000
v 31.0759 -4.4500 -10.8000
v 31.1156 -3.9500 -16.9110
v 31.1156 -3.9500 -10.8407
v 31.0787 -11.6931 -16.7981
v 31.2047 -11.9666 -11.0974
v 31.1478 -8.8704 -10.9585
v 31.1553 -4.4500 -16.8702
v 31.1581 -8.6884 -16.7856
v 31.1634 -11.5101 -16.7254
v 31.1604 -11.8062 -11.0288
v 31.1553 -3.4500 -10.8815
v 31.1553 -4.4500 -10.8815
v 31.1940 -3.9500 -16.8284
v 31.1940 -3.9500 -10.9233
v 31.1897 -11.6019 -16.6895
v 31.2572 -11.8366 -11.1432
v 31.2326 -4.4500 -16.7866
v 31.2323 -8.6827 -16.7030
v 31.2369 -11.5006 -16.6418
v 31.2340 -11.7870 -11.1124
v 31.2222 -8.8591 -11.0407
v 31.2326 -3.4500 -10.9651
v 31.2326 -4.4500 -10.9651
v 31.2702 -3.9500 -16.7438
v 31.2702 -3.9500 -11.0080
v 31.2887 -11.4939 -16.5801
v 31.2946 -8.8479 -11.1249
v 31.3077 -4.4500 -16.7010
v 31.3044 -8.6772 -16.6185
v 31.3083 -11.4914 -16.5562
v 31.3056 -11.7681 -11.1980
v 31.3077 -3.4500 -11.0508
v 31.3077 -4.4500 -11.0508
v 31.3441 -3.9500 -16.6572
v 31.3648 -8.8368 -11.2110
v 31.3805 -4.4500 -16.6134
v 31.3744 -8.6719 -16.5321
v 31.3775 -11.4827 -16.4686
v 31.3792 -11.8727 -11.3010
v 31.3749 -11.7495 -11.2855
v 31.3805 -4.4500 -11.1383
v 31.4158 -3.9500 -16.5687
v 31.4339 -9.3103 -11.3111
v 31.4510 -4.4500 -16.5240
v 31.4421 -8.6670 -16.4439
v 31.4444 -11.4744 -16.3792
v 31.4165 -11.5282 -16.4138
v 31.3159 -11.8248 -16.4745
v 31.4935 -11.8373 -11.4586
v 31.4420 -11.7312 -11.3749
v 31.4510 -4.4500 -11.2278
v 31.4877 -11.5898 -16.3072
v 31.4851 -3.9500 -16.4784
v 31.5075 -8.6622 -16.3539
v 31.5090 -11.4666 -16.2880
v 31.5064 -11.7134 -11.4656
v 31.5020 -9.2977 -11.4045
v 31.5192 -4.4500 -16.4327
v 31.5887 -11.7506 -11.5938
v 31.5192 -4.4500 -11.3190
v 31.5511 -11.5488 -16.2193
v 31.5520 -3.9500 -16.3862
v 31.5683 -11.6960 -11.5578
v 31.5849 -4.4500 -16.3397
v 31.5702 -9.1247 -16.2518
v 31.5712 -11.4593 -16.1951
v 31.5733 -8.8016 -11.4972
v 31.5849 -4.4500 -11.4120
v 31.6037 -11.5046 -16.1408
v 31.6165 -3.9500 -16.2924
v 31.6265 -11.6638 -16.0706
v 31.6312 -8.6536 -16.1689
v 31.6306 -11.4524 -16.1012
v 31.5772 -12.1519 -11.7551
v 31.6278 -11.6789 -11.6517
v 31.6338 -8.7915 -11.5903
v 31.6482 -4.4500 -16.2450
v 31.6482 -4.4500 -11.5067
v 31.6786 -3.9500 -16.1969
v 31.6894 -8.6497 -16.0743
v 31.6875 -11.4461 -16.0056
v 31.7259 -11.7033 -11.8239
v 31.6849 -11.6623 -11.7472
v 31.6918 -8.7816 -11.6849
v 31.7089 -4.4500 -16.1487
v 31.7105 -11.5347 -15.9571
v 31.7089 -4.4500 -11.6030
v 31.7381 -3.9500 -16.0998
v 31.7451 -8.6461 -15.9781
v 31.7420 -11.4402 -15.9085
v 31.7909 -11.5329 -15.8058
v 31.7759 -11.6881 -11.9171
v 31.7395 -11.6461 -11.8443
v 31.7474 -8.7719 -11.7811
v 31.7672 -4.4500 -16.0509
v 31.7624 -11.4870 -15.8666
v 31.7672 -4.4500 -11.7009
v 31.7950 -3.9500 -16.0012
v 31.7983 -8.6428 -15.8804
v 31.7940 -11.4349 -15.8100
v 31.8121 -11.7646 -12.0019
v 31.7917 -11.6303 -11.9428
v 31.8004 -8.7625 -11.8788
v 31.8228 -4.4500 -15.9515
v 31.8228 -4.4500 -11.8002
v 31.8434 -11.4301 -15.7100
v 31.8412 -11.6149 -12.0428
v 31.8600 -11.7074 -12.0939
v 31.8493 -3.9500 -15.9011
v 31.8489 -8.6398 -15.7814
v 31.8510 -8.7533 -11.9779
v 31.6241 -3.4500 -11.4543
v 31.8758 -4.4500 -15.8507
v 31.8758 -3.4500 -11.9010
v 31.8758 -4.4500 -11.9010
v 31.8971 -8.6370 -15.6810
v 31.8901 -11.4258 -15.6088
v 31.9005 -11.4733 -15.5805
v 31.9121 -11.6448 -12.2040
v 31.8882 -11.6000 -12.1441
v 31.8990 -8.7444 -12.0783
v 31.9010 -3.9500 -15.7997
v 31.9551 -11.5629 -15.4328
v 31.9010 -3.9500 -11.9521
v 31.9262 -4.4500 -15.7486
v 31.9343 -11.4221 -15.5062
v 31.8325 -11.7765 -15.6099
v 31.9325 -11.5856 -12.2468
v 31.9546 -11.8091 -12.3584
v 31.9262 -3.4500 -12.0031
v 31.9262 -4.4500 -12.0031
v 31.9500 -3.9500 -15.6969
v 31.9426 -8.6347 -15.5794
v 31.9444 -8.7358 -12.1799
v 31.9500 -3.9500 -12.0549
v 31.9739 -4.4500 -15.6452
v 31.9854 -8.6326 -15.4766
v 31.9757 -11.4189 -15.4024
v 31.9739 -11.5718 -12.3502
v 31.9810 -9.2028 -12.2840
v 31.9739 -3.4500 -12.1066
v 31.9739 -4.4500 -12.1066
v 31.9964 -3.9500 -15.5929
v 31.9964 -3.9500 -12.1589
v 32.0188 -4.4500 -15.5405
v 32.0236 -9.0951 -15.3607
v 32.0145 -11.4163 -15.2975
v 32.0435 -11.5978 -12.5507
v 32.0126 -11.5585 -12.4545
v 32.0272 -8.7194 -12.3865
v 32.0188 -3.4500 -12.2112
v 32.0188 -4.4500 -12.2112
v 32.0399 -3.9500 -15.4877
v 32.0394 -11.5064 -15.2118
v 32.0399 -3.9500 -12.2641
v 32.0610 -4.4500 -15.4348
v 32.0615 -9.0935 -15.2536
v 32.0503 -11.4143 -15.1921
v 32.0691 -11.6189 -15.0708
v 32.0824 -11.7026 -12.7129
v 32.0579 -11.6677 -12.6120
v 32.0485 -11.5457 -12.5598
v 32.0610 -3.4500 -12.3170
v 32.0610 -4.4500 -12.3170
v 32.0807 -3.9500 -15.3813
v 32.0793 -11.4130 -15.0992
v 32.0817 -11.5334 -12.6661
v 32.0645 -8.7117 -12.4912
v 32.0807 -3.9500 -12.3704
v 32.1004 -4.4500 -15.3279
v 32.0834 -11.4128 -15.0857
v 32.0991 -8.7043 -12.5969
v 32.1004 -3.4500 -12.4238
v 32.1004 -4.4500 -12.4238
v 32.1188 -3.9500 -15.2740
v 32.1042 -8.6280 -15.1417
v 32.1136 -11.4119 -14.9785
v 32.1930 -11.7502 -13.3236
v 32.1121 -11.5217 -12.7733
v 32.1188 -3.9500 -12.4777
v 32.1371 -4.4500 -15.2201
v 32.1356 -8.6274 -15.0349
v 32.1450 -11.5027 -14.8369
v 32.1297 -11.6089 -12.8587
v 32.1309 -8.6972 -12.7036
v 32.1371 -3.4500 -12.5316
v 32.1371 -4.4500 -12.5316
v 32.1539 -3.9500 -15.1657
v 32.1411 -11.4117 -14.8704
v 32.1331 -11.4616 -14.8947
v 32.1397 -11.5105 -12.8813
v 32.1539 -3.9500 -12.5860
v 32.1708 -4.4500 -15.1113
v 32.1643 -8.6271 -14.9272
v 32.1657 -11.4120 -14.7617
v 32.1645 -11.4999 -12.9901
v 32.1600 -8.6904 -12.8110
v 32.1708 -3.4500 -12.6404
v 32.1708 -4.4500 -12.6404
v 32.1863 -3.9500 -15.0565
v 32.1902 -8.6271 -14.8189
v 32.1874 -11.4129 -14.6524
v 32.1649 -11.5166 -14.7431
v 32.1678 -11.6674 -14.6087
v 32.1904 -11.8080 -14.0885
v 32.1864 -11.4899 -13.0996
v 32.1863 -8.6840 -12.9192
v 32.1863 -3.9500 -12.6952
v 32.2017 -4.4500 -15.0017
v 32.2063 -11.4144 -14.5424
v 32.2055 -11.4805 -13.2096
v 32.2032 -11.5304 -13.2076
v 32.2098 -8.6778 -13.0281
v 32.2017 -3.4500 -12.7500
v 32.2017 -4.4500 -12.7500
v 32.2158 -3.9500 -14.9465
v 32.2132 -8.6275 -14.7099
v 32.2223 -11.4166 -14.4319
v 32.2133 -11.4657 -14.4826
v 32.2400 -11.5269 -14.2199
v 32.2440 -11.6068 -13.7184
v 32.2216 -11.4716 -13.3200
v 32.2165 -11.4771 -13.2830
v 32.2261 -9.1402 -13.1489
v 32.2158 -3.9500 -12.8052
v 32.2298 -4.4500 -14.8914
v 32.2423 -3.9500 -14.8358
v 32.2334 -8.6282 -14.6003
v 32.2354 -11.4193 -14.3211
v 32.2077 -11.6585 -14.3499
v 32.2456 -11.4227 -14.2100
v 32.2537 -11.5287 -13.9283
v 32.2493 -11.5006 -13.6317
v 32.2451 -11.4557 -13.5416
v 32.2375 -11.5537 -13.5051
v 32.2348 -11.4634 -13.4306
v 32.2453 -9.1333 -13.2694
v 32.2423 -3.9500 -12.9159
v 32.2298 -3.4500 -12.8604
v 32.2298 -4.4500 -12.8604
v 32.2549 -4.4500 -14.7803
v 32.2508 -8.6293 -14.4902
v 32.2653 -8.6308 -14.3797
v 32.2499 -11.4275 -14.1481
v 32.2528 -11.4267 -14.0987
v 32.2571 -11.4313 -13.9872
v 32.2585 -11.4365 -13.8757
v 32.2564 -11.4886 -13.8448
v 32.2570 -11.4423 -13.7642
v 32.2525 -11.4487 -13.6528
v 32.2549 -3.4500 -12.9715
v 32.2549 -4.4500 -12.9715
v 32.2660 -3.9500 -14.7244
v 32.2771 -4.4500 -14.6686
v 32.2705 -9.0972 -14.2724
v 32.2772 -8.6552 -13.4899
v 32.2657 -8.6599 -13.3791
v 32.2771 -3.4500 -13.0831
v 32.2771 -4.4500 -13.0831
v 32.2660 -3.9500 -13.0273
v 32.2868 -3.9500 -14.6125
v 32.2964 -4.4500 -14.5564
v 32.2856 -8.6348 -14.1578
v 32.2915 -8.6373 -14.0465
v 32.2944 -8.6402 -13.9351
v 32.2944 -8.6434 -13.8236
v 32.2916 -8.6470 -13.7122
v 32.2858 -8.6509 -13.6010
v 32.2964 -3.4500 -13.1954
v 32.2964 -4.4500 -13.1954
v 32.2868 -3.9500 -13.1393
v 32.3046 -3.9500 -14.5000
v 32.3127 -4.4500 -14.4437
v 32.3194 -3.9500 -14.3871
v 32.3194 -3.9500 -13.3646
v 32.3127 -3.4500 -13.3081
v 32.3127 -4.4500 -13.3081
v 32.3046 -3.9500 -13.2517
v 32.3261 -4.4500 -14.3306
v 32.3313 -3.9500 -14.2739
v 32.3365 -4.4500 -14.2172
v 32.3365 -3.4500 -13.5346
v 32.3365 -4.4500 -13.5346
v 32.3313 -3.9500 -13.4779
v 32.3261 -3.4500 -13.4212
v 32.3261 -4.4500 -13.4212
v 32.3403 -3.9500 -14.1603
v 32.3440 -4.4500 -14.1035
v 32.3462 -3.9500 -14.0466
v 32.3485 -4.4500 -13.9897
v 32.3492 -3.9500 -13.9328
v 32.3500 -4.4500 -13.8759
v 32.3492 -3.9500 -13.8189
v 32.3485 -4.4500 -13.7620
v 32.3462 -3.9500 -13.7051
v 32.3440 -3.4500 -13.6482
v 32.3440 -4.4500 -13.6482
v 32.3403 -3.9500 -13.5914
v 25.6426 -3.4500 -16.1130
v 25.7019 -3.4500 -16.1739
v 29.3991 -3.4500 -16.8092
v 25.0666 -3.4500 -12.4767
v 29.3218 -3.4500 -16.8448
v 25.0666 -3.4500 -12.4767
v 29.3218 -3.4500 -16.8448
v 25.0310 -3.4500 -12.5540
v 29.2436 -3.4500 -16.8784
v 30.1746 -3.4500 -11.4607
v 32.3492 -3.4500 -13.8189
v 29.9784 -3.4500 -11.2975
v 29.6249 -3.4500 -11.0614
v 29.3991 -3.4500 -10.9425
v 32.3462 -3.4500 -14.0466
v 27.8875 -3.4500 -9.5824
v 32.3313 -3.4500 -14.2739
v 32.3046 -3.4500 -14.5000
v 32.2660 -3.4500 -14.7244
v 32.2157 -3.4500 -14.9465
v 32.1708 -3.4500 -15.1113
v 26.7101 -3.4500 -9.7219
v 32.1187 -3.4500 -15.2740
v 32.0399 -3.4500 -15.4877
v 31.9500 -3.4500 -15.6969
v 31.8493 -3.4500 -15.9011
v 31.7672 -3.4500 -16.0509
v 31.6786 -3.4500 -16.1969
v 31.5849 -3.4500 -16.3397
v 31.4851 -3.4500 -16.4784
v 31.3441 -3.4500 -16.6572
v 31.2326 -3.4500 -16.7866
v 31.1156 -3.4500 -16.9110
v 30.7054 -3.4500 -18.1637
v 30.4773 -3.4500 -18.2995
v 30.3019 -3.4500 -18.3937
v 24.9974 -3.4500 -12.6322
v 29.2436 -3.4500 -16.8784
v 24.9974 -3.4500 -12.6322
v 29.1646 -3.4500 -16.9099
v 24.9659 -3.4500 -12.7112
v 29.1646 -3.4500 -16.9099
v 24.9659 -3.4500 -12.7112
v 29.0848 -3.4500 -16.9394
v 24.9365 -3.4500 -12.7910
v 29.0848 -3.4500 -16.9394
v 24.9365 -3.4500 -12.7910
v 29.0042 -3.4500 -16.9667
v 24.9091 -3.4500 -12.8716
v 29.0042 -3.4500 -16.9667
v 24.9091 -3.4500 -12.8716
v 28.9230 -3.4500 -16.9919
v 24.8839 -3.4500 -12.9528
v 28.9230 -3.4500 -16.9919
v 24.8839 -3.4500 -12.9528
v 28.8411 -3.4500 -17.0150
v 24.8839 -3.4500 -12.9528
v 28.8411 -3.4500 -17.0150
v 24.8608 -3.4500 -13.0347
v 28.8411 -3.4500 -17.0150
v 24.8608 -3.4500 -13.0347
v 28.7586 -3.4500 -17.0360
v 24.8398 -3.4500 -13.1172
v 28.7586 -3.4500 -17.0360
v 24.8398 -3.4500 -13.1172
v 28.6757 -3.4500 -17.0548
v 24.8211 -3.4500 -13.2002
v 28.6757 -3.4500 -17.0548
v 24.8211 -3.4500 -13.2002
v 28.6757 -3.4500 -17.0548
v 24.8211 -3.4500 -13.2002
v 28.5922 -3.4500 -17.0714
v 24.8045 -3.4500 -13.2836
v 28.5922 -3.4500 -17.0714
v 24.8045 -3.4500 -13.2836
v 28.5922 -3.4500 -17.0714
v 24.8045 -3.4500 -13.2836
v 28.5084 -3.4500 -17.0858
v 24.7901 -3.4500 -13.3675
v 28.5084 -3.4500 -17.0858
v 24.7901 -3.4500 -13.3675
v 28.5084 -3.4500 -17.0858
v 24.7901 -3.4500 -13.3675
v 28.5084 -3.4500 -17.0858
v 24.7901 -3.4500 -13.3675
v 28.4242 -3.4500 -17.0980
v 24.7779 -3.4500 -13.4517
v 28.4242 -3.4500 -17.0980
v 24.7779 -3.4500 -13.4517
v 28.4242 -3.4500 -17.0980
v 24.7779 -3.4500 -13.4517
v 28.4242 -3.4500 -17.0980
v 24.7779 -3.4500 -13.4517
v 28.4242 -3.4500 -17.0980
v 24.7779 -3.4500 -13.4517
v 28.3397 -3.4500 -17.1080
v 24.7779 -3.4500 -13.4517
v 28.3397 -3.4500 -17.1080
v 24.7779 -3.4500 -13.4517
v 28.3397 -3.4500 -17.1080
v 24.7679 -3.4500 -13.5362
v 28.3397 -3.4500 -17.1080
v 24.7679 -3.4500 -13.5362
v 28.3397 -3.4500 -17.1080
v 24.7679 -3.4500 -13.5362
v 28.3397 -3.4500 -17.1080
v 24.7679 -3.4500 -13.5362
v 25.1043 -3.4500 -12.4004
v 29.3991 -3.4500 -16.8092
v 25.1043 -3.4500 -12.4004
v 29.4754 -3.4500 -16.7716
v 25.1439 -3.4500 -12.3251
v 29.5507 -3.4500 -16.7319
v 25.1439 -3.4500 -12.3251
v 29.5507 -3.4500 -16.7319
v 25.1855 -3.4500 -12.2509
v 29.6249 -3.4500 -16.6904
v 25.1855 -3.4500 -12.2509
v 29.6249 -3.4500 -16.6904
v 25.2290 -3.4500 -12.1778
v 29.6980 -3.4500 -16.6469
v 25.2744 -3.4500 -12.1058
v 29.7700 -3.4500 -16.6015
v 25.2744 -3.4500 -12.1058
v 29.7700 -3.4500 -16.6015
v 25.3216 -3.4500 -12.0351
v 29.8407 -3.4500 -16.5542
v 25.3216 -3.4500 -12.0351
v 29.8407 -3.4500 -16.5542
v 25.3707 -3.4500 -11.9656
v 29.9102 -3.4500 -16.5051
v 30.1116 -3.4500 -18.4741
v 25.4216 -3.4500 -11.8974
v 29.9784 -3.4500 -16.4542
v 25.4216 -3.4500 -11.8974
v 29.9784 -3.4500 -16.4542
v 25.4743 -3.4500 -11.8306
v 30.0452 -3.4500 -16.4015
v 25.4743 -3.4500 -11.8306
v 30.0452 -3.4500 -16.4015
v 25.5287 -3.4500 -11.7652
v 30.1106 -3.4500 -16.3471
v 25.5848 -3.4500 -11.7013
v 30.1746 -3.4500 -16.2910
v 25.5848 -3.4500 -11.7013
v 30.1746 -3.4500 -16.2910
v 25.6426 -3.4500 -11.6388
v 30.2370 -3.4500 -16.2333
v 25.7019 -3.4500 -11.5778
v 30.2370 -3.4500 -16.2333
v 25.7019 -3.4500 -11.5778
v 30.2980 -3.4500 -16.1739
v 25.7629 -3.4500 -11.5185
v 30.3574 -3.4500 -16.1130
v 25.7629 -3.4500 -11.5185
v 30.3574 -3.4500 -16.1130
v 25.8253 -3.4500 -11.4607
v 30.4151 -3.4500 -16.0505
v 25.8893 -3.4500 -11.4046
v 30.4712 -3.4500 -15.9865
v 25.8893 -3.4500 -11.4046
v 30.4712 -3.4500 -15.9865
v 25.9547 -3.4500 -11.3502
v 30.5256 -3.4500 -15.9211
v 25.9547 -3.4500 -11.3502
v 30.5256 -3.4500 -15.9211
v 26.0215 -3.4500 -11.2975
v 30.5783 -3.4500 -15.8543
v 26.0897 -3.4500 -11.2466
v 30.6292 -3.4500 -15.7861
v 26.0897 -3.4500 -11.2466
v 30.6292 -3.4500 -15.7861
v 26.1592 -3.4500 -11.1975
v 30.6783 -3.4500 -15.7166
v 26.1592 -3.4500 -11.1975
v 28.0000 -8.6585 -18.1708
v 28.9994 -3.4500 -18.0529
v 27.9149 -3.4500 -17.1247
v 27.8299 -3.4500 -17.1213
v 27.6602 -3.4500 -17.1080
v 27.4916 -3.4500 -17.0858
v 27.4077 -3.4500 -17.0714
v 27.2413 -3.4500 -17.0360
v 27.0769 -3.4500 -16.9919
v 26.9151 -3.4500 -16.9394
v 26.6781 -3.4500 -16.8448
v 26.5245 -3.4500 -16.7716
v 26.3019 -3.4500 -16.6469
v 25.9547 -3.4500 -16.4015
v 25.7019 -3.4500 -16.1739
v 25.6426 -3.4500 -16.1130
v 28.8929 -8.6585 -18.0769
v 28.8929 -8.6585 -18.0769
v 27.1070 -8.6585 -18.0769
v 27.1070 -8.6585 -18.0769
v 28.0000 -8.6585 -18.1708
v 28.8929 -8.6585 -9.6748
v 28.7826 -8.6585 -9.6529
v 28.8929 -8.6585 -9.6748
v 28.6718 -8.6585 -9.6338
v 28.7826 -8.6585 -9.6529
v 28.5606 -8.6585 -9.6177
v 28.6718 -8.6585 -9.6338
v 28.4489 -8.6585 -9.6045
v 28.5606 -8.6585 -9.6177
v 28.3369 -8.6585 -9.5942
v 28.4489 -8.6585 -9.6045
v 28.2247 -8.6585 -9.5869
v 28.3369 -8.6585 -9.5942
v 28.1124 -8.6585 -9.5824
v 28.2247 -8.6585 -9.5869
v 28.1124 -8.6585 -9.5824
v 31.0908 -3.4500 -14.8801
v 31.1391 -3.4500 -14.7170
v 30.6783 -3.4500 -15.7166
v 26.2299 -3.4500 -11.1503
v 30.7256 -3.4500 -15.6459
v 26.3019 -3.4500 -11.1049
v 30.7710 -3.4500 -15.5739
v 26.3019 -3.4500 -11.1049
v 30.7710 -3.4500 -15.5739
v 26.3750 -3.4500 -11.0614
v 30.8145 -3.4500 -15.5008
v 26.3750 -3.4500 -11.0614
v 30.8145 -3.4500 -15.5008
v 26.4492 -3.4500 -11.0198
v 30.8560 -3.4500 -15.4266
v 26.5245 -3.4500 -10.9802
v 30.8560 -3.4500 -15.4266
v 26.5245 -3.4500 -10.9802
v 30.8956 -3.4500 -15.3513
v 26.6008 -3.4500 -10.9425
v 30.8956 -3.4500 -15.3513
v 26.6008 -3.4500 -10.9425
v 30.9333 -3.4500 -15.2750
v 26.6781 -3.4500 -10.9069
v 30.9689 -3.4500 -15.1977
v 26.6781 -3.4500 -10.9069
v 30.9689 -3.4500 -15.1977
v 26.7563 -3.4500 -10.8733
v 31.0025 -3.4500 -15.1196
v 26.7563 -3.4500 -10.8733
v 31.0025 -3.4500 -15.1196
v 26.8353 -3.4500 -10.8418
v 31.0340 -3.4500 -15.0405
v 26.8353 -3.4500 -10.8418
v 31.0340 -3.4500 -15.0405
v 26.9151 -3.4500 -10.8124
v 31.0635 -3.4500 -14.9607
v 26.9151 -3.4500 -10.8124
v 31.0635 -3.4500 -14.9607
v 26.9957 -3.4500 -10.7850
v 31.0908 -3.4500 -14.8801
v 26.9957 -3.4500 -10.7850
v 27.0769 -3.4500 -10.7598
v 31.0908 -3.4500 -14.8801
v 27.0769 -3.4500 -10.7598
v 31.1160 -3.4500 -14.7989
v 27.0769 -3.4500 -10.7598
v 31.1160 -3.4500 -14.7989
v 27.1588 -3.4500 -10.7367
v 31.1391 -3.4500 -14.7170
v 27.1588 -3.4500 -10.7367
v 27.2413 -3.4500 -10.7158
v 31.1601 -3.4500 -14.6345
v 27.2413 -3.4500 -10.7158
v 31.1601 -3.4500 -14.6345
v 27.2413 -3.4500 -10.7158
v 31.1601 -3.4500 -14.6345
v 27.3243 -3.4500 -10.6970
v 31.1788 -3.4500 -14.5516
v 27.3243 -3.4500 -10.6970
v 31.1788 -3.4500 -14.5516
v 27.3243 -3.4500 -10.6970
v 31.1788 -3.4500 -14.5516
v 27.4077 -3.4500 -10.6804
v 31.1954 -3.4500 -14.4681
v 27.4077 -3.4500 -10.6804
v 31.1954 -3.4500 -14.4681
v 27.4077 -3.4500 -10.6804
v 31.1954 -3.4500 -14.4681
v 27.4077 -3.4500 -10.6804
v 31.1954 -3.4500 -14.4681
v 27.4916 -3.4500 -10.6660
v 31.2099 -3.4500 -14.3843
v 27.4916 -3.4500 -10.6660
v 31.2099 -3.4500 -14.3843
v 27.4916 -3.4500 -10.6660
v 31.2099 -3.4500 -14.3843
v 27.4916 -3.4500 -10.6660
v 31.2099 -3.4500 -14.3843
v 27.4916 -3.4500 -10.6660
v 31.2099 -3.4500 -14.3843
v 27.5758 -3.4500 -10.6538
v 31.2099 -3.4500 -14.3843
v 27.5758 -3.4500 -10.6538
v 31.2099 -3.4500 -14.3843
v 27.5758 -3.4500 -10.6538
v 31.2221 -3.4500 -14.3001
v 27.5758 -3.4500 -10.6538
v 31.2221 -3.4500 -14.3001
v 27.5758 -3.4500 -10.6538
v 31.2221 -3.4500 -14.3001
v 27.6602 -3.4500 -10.6438
v 27.6602 -3.4500 -10.6438
v 31.2321 -3.4500 -14.2156
v 31.2321 -3.4500 -14.2156
v 26.9973 -8.6585 -9.6996
v 29.0026 -8.6585 -9.6996
v 26.9312 -3.4500 -9.6884
v 29.0026 -8.6585 -9.6996
v 29.0799 -3.4500 -9.6840
v 29.1270 -4.5781 -18.0503
v 26.8829 -4.4555 -9.7014
v 29.0561 -3.4500 -18.0578
v 29.1275 -4.4860 -9.6976
v 30.7653 -4.1552 -18.1112
v 30.1641 -4.2277 -18.4337
v 30.7054 -3.4500 -9.5880
v 30.7653 -4.1552 -18.1112
v 30.8507 -4.2959 -17.9944
v 26.8827 -3.9660 -9.6859
v 26.8589 -4.9277 -9.7074
v 30.3677 -4.2007 -18.3398
v 30.2220 -4.2390 -18.4046
v 29.7419 -4.2982 -9.6098
v 30.8482 -4.2847 -9.7366
v 29.8649 -4.3507 -9.4743
v 29.7759 -4.3450 -18.1349
v 29.7759 -4.3450 -9.6168
v 29.8649 -4.3507 -18.2775
v 30.8052 -4.3771 -9.7954
v 29.9665 -4.4122 -9.4869
v 29.8380 -4.3646 -18.2043
v 29.8380 -4.3646 -9.5475
v 30.1356 -4.2829 -9.3496
v 30.7435 -4.3904 -17.9809
v 30.5719 -4.5410 -10.2171
v 30.5842 -4.4125 -18.0372
v 29.9045 -4.3111 -18.2728
v 30.7327 -4.4037 -17.9647
v 29.8850 -4.4241 -18.1103
v 29.9586 -4.4272 -18.2234
v 30.3413 -4.3751 -18.2100
v 26.7251 -8.3168 -9.7698
v 26.7259 -8.4313 -9.7712
v 26.7251 -8.3168 -17.9819
v 26.7259 -8.4313 -17.9806
v 29.2748 -8.3168 -17.9819
v 29.2740 -8.4313 -9.7712
v 29.2748 -8.3168 -9.7698
v 30.7686 -4.3607 -10.0204
v 30.3595 -4.6075 -17.5882
v 30.5319 -4.5121 -17.5517
v 30.5319 -4.5121 -10.2000
v 29.1065 -4.3550 -9.7028
v 30.0135 -4.7186 -10.0228
v 30.4297 -4.7382 -17.4794
v 30.3992 -4.7343 -17.5002
v 30.4603 -4.7421 -17.4586
v 30.4297 -4.7382 -17.4794
v 30.4603 -4.7421 -17.4586
v 30.3992 -4.7343 -17.5002
v 30.4297 -4.7382 -17.4794
v 30.3992 -4.7343 -17.5002
v 30.4603 -4.7421 -17.4586
v 30.4881 -4.6092 -17.4866
v 30.4297 -4.7382 -17.4794
v 30.4603 -4.7421 -17.4586
v 30.3992 -4.7343 -17.5002
v 30.3373 -4.7394 -10.2117
v 30.0132 -4.7265 -17.7284
v 30.4603 -4.7421 -17.4586
v 30.4603 -4.7421 -10.2931
v 30.3992 -4.7343 -17.5002
v 29.9688 -4.7343 -17.7509
v 29.8634 -12.1073 -10.0572
v 30.0571 -4.7343 -10.0470
v 30.3992 -4.7343 -10.2515
v 29.0137 -8.6585 -18.0494
v 29.0660 -8.6585 -18.0364
v 26.9079 -8.6585 -9.7221
v 26.9339 -8.6585 -18.0364
v 29.0920 -8.6585 -9.7221
v 26.9862 -8.6585 -18.0494
v 26.8071 -6.3060 -18.0188
v 28.9613 -8.6585 -18.0618
v 27.0386 -8.6585 -18.0618
v 27.4627 -8.6585 -18.1370
v 27.8922 -8.6585 -18.1694
v 27.4093 -8.6585 -18.1300
v 27.6234 -8.6585 -18.1542
v 27.3560 -8.6585 -18.1222
v 27.2497 -8.6585 -18.1047
v 27.8384 -8.6585 -18.1677
v 27.7846 -8.6585 -18.1654
v 27.5162 -8.6585 -18.1434
v 27.3028 -8.6585 -18.1138
v 27.9730 -8.6585 -9.5810
v 27.7308 -8.6585 -18.1623
v 28.0269 -8.6585 -9.5810
v 27.1968 -8.6585 -18.0950
v 27.5698 -8.6585 -18.1492
v 27.6771 -8.6585 -18.1586
v 28.6439 -8.6585 -18.1222
v 28.2691 -8.6585 -18.1623
v 28.1077 -8.6585 -18.1694
v 28.1615 -8.6585 -18.1677
v 28.4837 -8.6585 -18.1434
v 28.2153 -8.6585 -18.1654
v 28.5372 -8.6585 -18.1370
v 28.7502 -8.6585 -18.1047
v 28.8032 -8.6585 -18.0950
v 28.4301 -8.6585 -18.1492
v 28.3228 -8.6585 -18.1586
v 28.6971 -8.6585 -18.1138
v 28.5906 -8.6585 -18.1300
v 28.3765 -8.6585 -18.1542
v 26.7906 -7.1110 -9.7491
v 26.7655 -7.0014 -9.7425
v 26.8040 -8.6585 -9.7508
v 26.8559 -8.6585 -9.7362
v 26.7801 -8.6585 -17.9939
v 29.1181 -8.6585 -18.0227
v 26.8819 -8.6585 -18.0227
v 29.2198 -8.6585 -17.9939
v 29.1959 -8.6585 -9.7508
v 29.1440 -8.6585 -9.7362
v 29.2300 -7.3769 -9.7515
v 26.7777 -7.3089 -18.0006
v 29.2058 -7.3151 -18.0008
v 26.7941 -7.3151 -9.7510
v 26.7941 -7.3151 -18.0008
v 29.2058 -7.3151 -9.7510
v 29.2258 -7.3939 -9.7524
v 26.7741 -7.3939 -9.7524
v 26.7741 -7.3939 -17.9993
v 29.2258 -7.3939 -17.9993
v 29.2135 -7.4779 -17.9985
v 26.7864 -7.4779 -9.7533
v 29.2135 -7.4779 -9.7533
v 26.7864 -7.4779 -17.9985
v 26.7513 -7.5159 -17.9987
v 26.7484 -7.6304 -17.9965
v 29.2173 -7.5593 -17.9973
v 26.7826 -7.5593 -9.7544
v 26.7826 -7.5593 -17.9973
v 29.2173 -7.5593 -9.7544
v 26.7814 -7.6359 -17.9964
v 26.7536 -7.7105 -9.7567
v 29.2185 -7.6359 -9.7553
v 29.2352 -7.6808 -17.9946
v 29.2222 -7.3089 -18.0006
v 26.7369 -7.8018 -17.9918
v 29.2630 -7.8018 -9.7600
v 29.2630 -7.8018 -17.9918
v 26.7369 -7.8018 -9.7600
v 29.2390 -7.7449 -9.7579
v 26.7609 -7.7449 -17.9938
v 29.2405 -7.7916 -9.7587
v 29.2405 -7.7916 -17.9930
v 26.7595 -7.7916 -17.9930
v 26.7595 -7.7916 -9.7587
v 29.2426 -7.8593 -9.7598
v 26.7573 -7.8593 -17.9919
v 26.7573 -7.8593 -9.7598
v 29.2426 -7.8593 -17.9919
v 26.7429 -7.8592 -9.7596
v 26.7429 -7.8592 -17.9921
v 29.2570 -7.8592 -17.9921
v 29.2570 -7.8592 -9.7596
v 26.7801 -8.6585 -17.9939
v 29.2198 -8.6585 -17.9939
v 29.2638 -8.2024 -9.7658
v 26.7292 -8.2665 -17.9835
v 29.2494 -8.3126 -17.9862
v 26.7361 -8.2024 -9.7658
v 29.2707 -8.2665 -17.9835
v 26.7533 -8.4144 -17.9859
v 26.7454 -8.5772 -17.9834
v 29.2545 -8.5772 -17.9834
v 26.7524 -8.6585 -9.7661
v 29.2545 -8.5772 -9.7683
v 26.7454 -8.5772 -9.7683
v 29.2466 -8.4144 -17.9859
v 29.2559 -8.3168 -9.7667
v 26.7521 -8.3639 -17.9860
v 29.2586 -8.4312 -9.7682
v 28.8285 -12.3087 -9.7107
v 28.0000 -8.6585 -18.1708
v 28.3765 -8.6585 -18.1542
v 28.5372 -8.6585 -18.1370
v 28.4301 -8.6585 -18.1492
v 28.2691 -8.6585 -18.1623
v 28.1077 -8.6585 -18.1694
v 28.5906 -8.6585 -18.1300
v 28.4837 -8.6585 -18.1434
v 27.3028 -8.6585 -18.1138
v 27.0386 -8.6585 -18.0618
v 28.2153 -8.6585 -18.1654
v 26.7931 -12.1506 -17.9501
v 28.1615 -8.6585 -18.1677
v 27.5162 -8.6585 -18.1434
v 27.1070 -8.6585 -18.0769
v 28.6439 -8.6585 -18.1222
v 27.1070 -8.6585 -18.0769
v 27.1968 -8.6585 -18.0950
v 29.2475 -8.6585 -9.7661
v 27.9730 -8.6585 -9.5810
v 26.8040 -8.6585 -9.7508
v 26.8559 -8.6585 -9.7362
v 27.5698 -8.6585 -18.1492
v 27.4627 -8.6585 -18.1370
v 27.6234 -8.6585 -18.1542
v 26.9079 -8.6585 -9.7221
v 27.2497 -8.6585 -18.1047
v 28.3228 -8.6585 -18.1586
v 27.6771 -8.6585 -18.1586
v 29.1440 -8.6585 -9.7362
v 27.7308 -8.6585 -18.1623
v 28.9613 -8.6585 -18.0618
v 27.3560 -8.6585 -18.1222
v 29.2237 -11.7830 -17.9500
v 29.1181 -8.6585 -18.0227
v 28.6971 -8.6585 -18.1138
v 27.4093 -8.6585 -18.1300
v 29.0660 -8.6585 -18.0364
v 27.7846 -8.6585 -18.1654
v 29.0137 -8.6585 -18.0494
v 27.8384 -8.6585 -18.1677
v 29.1959 -8.6585 -9.7508
v 28.8929 -8.6585 -18.0769
v 26.9339 -8.6585 -18.0364
v 28.8929 -8.6585 -18.0769
v 28.0000 -8.6585 -18.1708
v 28.7502 -8.6585 -18.1047
v 28.8032 -8.6585 -18.0950
v 26.9862 -8.6585 -18.0494
v 27.8922 -8.6585 -18.1694
v 28.6408 -11.0258 -14.8333
v 28.6409 -12.5353 -14.8333
v 28.6409 -12.5353 -14.8333
v 28.6157 -11.0342 -14.8398
v 28.1876 -11.2971 -13.2096
v 30.9624 -11.3089 -14.9344
v 30.9757 -11.2926 -14.9007
v 30.9666 -11.2934 -14.9265
v 30.9624 -11.3089 -14.9344
v 30.9666 -11.2934 -14.9265
v 30.9757 -11.2926 -14.9007
v 28.1799 -11.3068 -13.2895
v 30.8744 -11.3179 -15.1538
v 30.8576 -11.3425 -15.1872
v 30.8892 -11.3389 -15.1162
v 30.8744 -11.3179 -15.1538
v 30.8892 -11.3389 -15.1162
v 30.8576 -11.3425 -15.1872
v 30.5847 -11.4184 -15.6508
v 30.5808 -11.4375 -15.6458
v 30.6277 -11.4118 -15.5868
v 30.9807 -11.4719 -14.6582
v 30.9547 -11.5014 -14.6511
v 30.9989 -11.4716 -14.5852
v 30.3789 -11.5223 -15.8677
v 30.3852 -11.5046 -15.8758
v 30.4270 -11.5142 -15.8092
v 30.8093 -11.6342 -12.6012
v 30.8191 -11.6168 -12.5932
v 30.7771 -11.6472 -12.5339
v 29.9706 -11.6636 -16.1820
v 29.9866 -11.6364 -16.2075
v 30.0262 -11.6533 -16.1340
v 29.6057 -11.7665 -16.3592
v 29.4426 -11.7914 -16.4805
v 28.6303 -11.9525 -16.7745
v 28.7202 -12.3405 -11.0725
v 29.0159 -12.4154 -13.0624
v 27.8803 -12.7239 -12.0347
v 25.9246 -12.6356 -15.5861
v 29.1794 -12.7060 -13.5233
v 29.1530 -12.7144 -13.5590
v 29.1626 -12.5754 -13.5665
v 29.1249 -12.7231 -13.5932
v 29.1341 -12.5841 -13.6012
v 29.0952 -12.7322 -13.6259
v 27.6640 -13.7112 -15.2576
v 25.7672 -12.7603 -14.9945
v 28.6477 -12.7816 -14.8710
v 28.6113 -12.7874 -14.9047
v 28.6041 -12.6571 -14.8958
v 26.8856 -12.7133 -11.2155
v 25.5919 -12.6767 -15.2666
v 25.9406 -12.7693 -15.0729
v 27.5527 -12.7398 -11.7692
v 29.3379 -12.8834 -15.2190
v 29.3551 -12.8817 -15.1948
v 29.3654 -12.7391 -15.2019
v 26.6702 -12.7762 -11.4864
v 26.5880 -12.7948 -11.5798
v 25.6413 -12.7793 -14.8227
v 27.1335 -12.8040 -11.8335
v 25.9420 -12.9307 -13.8262
v 26.7793 -12.8918 -12.2523
v 27.4323 -13.8455 -12.4993
v 25.4566 -12.8550 -13.9240
v 26.7796 -12.9299 -12.5787
v 25.9594 -12.9332 -13.9037
v 26.7793 -12.8933 -12.2637
v 28.4935 -13.0781 -13.3929
v 28.4850 -12.9499 -13.3856
v 28.4601 -13.0887 -13.4271
v 26.3863 -12.9731 -13.3040
v 28.5020 -13.2063 -13.4003
v 28.4676 -13.2169 -13.4354
v 28.4601 -13.0887 -13.4271
v 29.1950 -13.1073 -13.4299
v 29.1732 -13.1149 -13.4668
v 29.1629 -13.2539 -13.4603
v 29.1495 -13.1229 -13.5024
v 29.1396 -13.2619 -13.4954
v 29.1242 -13.1313 -13.5366
v 28.8836 -13.2625 -13.7438
v 28.9069 -13.1982 -13.7351
v 28.8741 -13.2081 -13.7558
v 28.8836 -13.2625 -13.7438
v 28.8741 -13.2081 -13.7558
v 28.9069 -13.1982 -13.7351
v 29.4527 -13.2396 -14.9046
v 29.4503 -13.3118 -14.8893
v 29.4431 -13.3101 -14.9167
v 29.4527 -13.2396 -14.9046
v 29.4431 -13.3101 -14.9167
v 29.4503 -13.3118 -14.8893
v 29.4721 -13.2464 -14.8107
v 29.4702 -13.3202 -14.7816
v 29.4649 -13.3170 -14.8177
v 29.4721 -13.2464 -14.8107
v 29.4649 -13.3170 -14.8177
v 29.4702 -13.3202 -14.7816
v 28.9997 -13.3070 -13.6498
v 28.9918 -13.4460 -13.6406
v 28.9677 -13.3169 -13.6763
v 28.5504 -13.4530 -13.3731
v 28.5410 -13.3248 -13.3669
v 28.5190 -13.4627 -13.4149
v 28.7425 -13.5774 -12.2266
v 29.1925 -13.5076 -13.2389
v 28.5635 -13.6871 -12.8449
v 27.9285 -13.7978 -12.4668
v 27.6311 -13.8398 -14.5099
v 27.4687 -13.9199 -13.8726
v 27.8694 -13.8657 -13.7512
v 27.1479 -13.8607 -12.1258
vn -0.9979 -0.0000 -0.0654
vn -0.9986 -0.0000 -0.0523
vn 0.0000 1.0000 0.0000
vn -0.9986 -0.0118 -0.0523
vn -0.9992 -0.0000 -0.0393
vn -0.9998 0.0003 -0.0218
vn -0.9996 -0.0118 -0.0263
vn -1.0000 0.0006 -0.0078
vn -0.9999 -0.0117 -0.0002
vn -0.9999 -0.0000 0.0131
vn -0.9999 0.0014 0.0166
vn -0.9996 -0.0117 0.0258
vn -0.9992 0.0015 0.0393
vn -0.9986 -0.0117 0.0519
vn -0.9979 -0.0000 0.0654
vn -0.9945 -0.0000 -0.1045
vn 0.0000 1.0000 0.0000
vn -0.9945 -0.0118 -0.1043
vn -0.9958 -0.0000 -0.0915
vn -0.9969 -0.0000 -0.0785
vn 0.0000 1.0000 0.0000
vn -0.9969 -0.0118 -0.0783
vn -0.9979 0.0019 0.0654
vn -0.9969 -0.0117 0.0779
vn -0.9958 0.0015 0.0915
vn -0.9945 -0.0117 0.1039
vn -0.9897 -0.0000 -0.1435
vn -0.9914 -0.0000 -0.1305
vn 0.0000 1.0000 0.0000
vn -0.9914 -0.0118 -0.1302
vn -0.9931 -0.0000 -0.1175
vn -0.9931 -0.0000 0.1175
vn -0.9931 0.0019 0.1175
vn -0.9916 -0.0118 0.1292
vn -0.9897 0.0015 0.1435
vn -0.9856 -0.0000 -0.1693
vn -0.9877 -0.0000 -0.1564
vn 0.0000 1.0000 0.0000
vn -0.9878 -0.0118 -0.1556
vn -0.9998 -0.0132 -0.0131
vn -0.9998 -0.0136 0.0130
vn -0.9876 -0.0118 0.1564
vn -0.9856 -0.0000 0.1693
vn -0.9808 -0.0000 -0.1951
vn -0.9833 -0.0000 -0.1822
vn -0.0000 1.0000 -0.0000
vn -0.9833 -0.0118 -0.1817
vn -0.9957 -0.0132 -0.0915
vn -0.9978 -0.0132 -0.0654
vn -0.9999 -0.0139 0.0092
vn -0.6902 -0.0211 -0.7233
vn -0.9991 -0.0132 0.0392
vn -0.9978 -0.0134 0.0654
vn -0.9957 -0.0132 0.0915
vn -0.9856 0.0019 0.1693
vn -0.9832 -0.0118 0.1823
vn -0.9808 0.0015 0.1951
vn -0.9781 -0.0000 -0.2079
vn 0.0000 1.0000 -0.0000
vn -0.9782 -0.0118 -0.2072
vn -0.9930 -0.0131 -0.1175
vn -0.6480 -0.0203 -0.7614
vn -0.7814 -0.0219 0.6237
vn -0.9930 -0.0133 0.1175
vn -0.9779 -0.0117 0.2087
vn -0.9724 -0.0000 -0.2335
vn -0.0000 1.0000 -0.0000
vn -0.9723 -0.0119 -0.2335
vn -0.9753 -0.0000 -0.2207
vn -0.9896 -0.0132 -0.1435
vn -0.9954 -0.0596 -0.0747
vn -0.9999 -0.0156 0.0039
vn -0.9997 -0.0140 -0.0211
vn -0.6902 -0.0211 -0.7233
vn -0.9995 -0.0277 -0.0175
vn -0.9998 -0.0141 0.0135
vn -0.9999 -0.0138 0.0063
vn -0.9991 -0.0187 0.0386
vn -0.9982 -0.0138 0.0576
vn -0.9969 -0.0452 0.0644
vn -0.9896 -0.0142 0.1434
vn -0.9753 -0.0000 0.2207
vn -0.9753 0.0019 0.2207
vn -0.9721 -0.0117 0.2341
vn -0.9692 -0.0000 -0.2462
vn -0.9855 -0.0132 -0.1694
vn -0.9948 -0.0157 -0.1005
vn -0.6480 -0.0203 -0.7614
vn -0.9944 -0.0352 -0.0993
vn -0.9968 -0.0134 -0.0792
vn -0.9977 -0.0136 0.0669
vn -0.9957 -0.0182 0.0911
vn -0.9927 -0.0330 0.1163
vn -0.9943 -0.0138 0.1060
vn -0.9855 -0.0131 0.1693
vn -0.9692 0.0015 0.2462
vn -0.9659 -0.0000 -0.2588
vn 0.0000 1.0000 0.0000
vn -0.9658 -0.0118 -0.2590
vn -0.9807 -0.0135 -0.1952
vn -0.9895 -0.0518 -0.1349
vn -0.9911 -0.0165 -0.1324
vn -0.7814 -0.0219 0.6237
vn -0.9968 -0.0781 0.0150
vn -0.9857 -0.0150 0.1679
vn -0.9327 -0.3513 0.0822
vn -0.9807 -0.0131 0.1951
vn -0.9657 -0.0117 0.2594
vn -0.9625 -0.0000 -0.2714
vn -0.9752 -0.0133 -0.2208
vn -0.9854 -0.0168 -0.1697
vn -0.9876 -0.0134 -0.1563
vn -0.9457 -0.3201 0.0559
vn -0.6902 -0.0211 -0.7233
vn -0.9931 -0.0154 0.1160
vn -0.9753 -0.0133 0.2207
vn -0.9625 -0.0000 0.2714
vn -0.9588 0.0000 -0.2840
vn 0.0000 1.0000 0.0000
vn -0.9585 -0.0118 -0.2848
vn -0.9811 -0.0138 -0.1928
vn -0.9744 -0.1061 -0.1983
vn -0.9830 -0.0160 0.1831
vn -0.9625 0.0019 0.2714
vn -0.9586 -0.0117 0.2845
vn -0.9550 -0.0000 -0.2965
vn -0.9691 -0.0131 -0.2462
vn -0.9797 -0.0142 -0.1999
vn -0.7996 -0.1177 -0.5889
vn -0.7814 -0.0219 0.6237
vn -0.9013 -0.4015 -0.1624
vn -0.9767 -0.0165 0.2140
vn -0.9691 -0.0132 0.2461
vn -0.9550 0.0015 0.2965
vn -0.9511 0.0000 -0.3090
vn 0.0000 1.0000 0.0000
vn -0.9508 -0.0118 -0.3097
vn -0.9624 -0.0132 -0.2715
vn -0.9733 -0.0135 -0.2293
vn -0.9725 -0.0430 -0.2289
vn -0.9693 -0.0981 0.2255
vn -0.9735 -0.0137 0.2284
vn -0.9624 -0.0131 0.2714
vn -0.8594 -0.0198 -0.5110
vn -0.0062 -0.0213 0.9998
vn -0.9509 -0.0117 0.3093
vn -0.9469 -0.0000 -0.3214
vn -0.9634 -0.0567 0.2620
vn -0.9469 -0.0000 0.3214
vn -0.9426 -0.0000 -0.3338
vn 0.0000 1.0000 0.0000
vn -0.9424 -0.0118 -0.3343
vn -0.9549 -0.0144 -0.2967
vn -0.9645 -0.0139 -0.2637
vn -0.9660 -0.0174 0.2580
vn -0.0062 -0.0213 0.9998
vn -0.9549 -0.0132 0.2965
vn -0.9469 0.0019 0.3214
vn -0.9425 -0.0118 0.3340
vn -0.9382 -0.0000 -0.3461
vn -0.9383 -0.0146 -0.3454
vn -0.9570 -0.0218 0.2894
vn -0.8594 -0.0198 -0.5110
vn -0.9382 0.0015 0.3461
vn -0.9336 -0.0000 -0.3584
vn 0.0000 1.0000 0.0000
vn -0.9333 -0.0118 -0.3589
vn -0.9468 -0.0134 -0.3215
vn -0.9614 -0.0273 -0.2739
vn -0.9469 -0.0131 0.3214
vn -0.9336 -0.0118 0.3581
vn -0.9288 -0.0000 -0.3706
vn -0.9618 -0.0155 -0.2734
vn -0.9386 -0.1105 0.3269
vn -0.9582 -0.0662 0.2784
vn -0.9519 -0.0133 0.3060
vn -0.9288 -0.0000 0.3705
vn -0.9239 -0.0000 -0.3827
vn 0.0000 1.0000 0.0000
vn -0.9238 -0.0118 -0.3828
vn -0.9381 -0.0132 -0.3461
vn -0.8561 -0.3778 -0.3526
vn -0.9997 -0.0166 -0.0166
vn -0.9381 -0.0134 0.3461
vn -0.9288 0.0019 0.3706
vn -0.9238 -0.0117 0.3827
vn -0.9188 -0.0000 -0.3947
vn -0.9450 -0.0138 -0.3268
vn -0.9377 -0.0135 0.3471
vn -0.9468 -0.0155 0.3216
vn -0.9188 0.0015 0.3947
vn -0.9135 -0.0000 -0.4067
vn 0.0000 1.0000 0.0000
vn -0.9134 -0.0118 -0.4069
vn -0.9453 -0.0396 -0.3237
vn -0.9287 -0.0131 0.3705
vn -0.9135 -0.0117 0.4066
vn -0.9211 -0.0135 -0.3891
vn -0.5831 -0.0216 0.8121
vn -0.9236 -0.0143 -0.3832
vn -0.9374 -0.0136 0.3479
vn -0.9081 -0.0000 -0.4187
vn -0.9279 -0.0135 -0.3725
vn 0.0753 -0.0212 -0.9969
vn -0.9369 -0.0224 -0.3488
vn -0.9258 -0.0338 0.3766
vn -0.9460 -0.0143 0.3238
vn 0.1125 -0.0196 0.9935
vn -0.9081 -0.0000 0.4187
vn -0.9026 -0.0000 -0.4305
vn 0.0000 1.0000 0.0000
vn -0.9025 -0.0118 -0.4306
vn -0.9233 -0.0131 -0.3838
vn 0.0753 -0.0212 -0.9969
vn -0.5831 -0.0216 0.8121
vn -0.8594 -0.0198 -0.5110
vn -0.0062 -0.0213 0.9998
vn -0.8245 -0.5175 0.2290
vn -0.4707 -0.8702 0.1458
vn -0.9241 -0.0150 0.3817
vn 0.1125 -0.0196 0.9935
vn -0.9081 0.0019 0.4187
vn -0.9026 -0.0117 0.4303
vn -0.8969 -0.0000 -0.4423
vn -0.8969 0.0015 0.4423
vn -0.9080 -0.0132 -0.4187
vn -0.9081 -0.0132 0.4186
vn -0.8910 0.0000 -0.4540
vn 0.0000 1.0000 0.0000
vn -0.8910 -0.0118 -0.4539
vn -0.9236 -0.0146 -0.3832
vn -0.9482 -0.0163 0.3172
vn -0.9105 -0.0404 0.4116
vn -0.8911 -0.0117 0.4537
vn -0.8850 -0.0000 -0.4656
vn -0.9083 -0.0217 -0.4179
vn 0.0753 -0.0212 -0.9969
vn -0.8634 -0.3140 -0.3949
vn -0.5831 -0.0216 0.8121
vn -0.8850 -0.0000 0.4656
vn -0.8968 -0.0133 -0.4423
vn -0.8999 -0.0135 -0.4359
vn -0.8842 -0.0150 0.4669
vn -0.8968 -0.0142 0.4423
vn -0.8788 -0.0000 -0.4772
vn 0.0000 1.0000 0.0000
vn -0.8788 -0.0118 -0.4770
vn -0.9711 -0.0859 0.2225
vn -0.7630 -0.3461 0.5460
vn -0.6528 -0.7070 0.2719
vn -0.8850 0.0019 0.4656
vn -0.8789 -0.0117 0.4768
vn -0.8725 -0.0000 -0.4886
vn -0.8849 -0.0132 -0.4657
vn -0.8937 -0.0494 -0.4460
vn -0.8849 -0.0132 0.4656
vn -0.8725 0.0015 0.4886
vn -0.8928 -0.0136 -0.4502
vn -0.9141 -0.0146 0.4053
vn -0.8660 -0.0000 -0.5000
vn 0.0000 1.0000 0.0000
vn -0.8661 -0.0117 -0.4997
vn -0.8828 -0.0255 -0.4690
vn -0.8857 -0.0202 0.4639
vn -0.8662 -0.0118 0.4995
vn -0.8594 -0.0000 -0.5113
vn -0.8534 -0.0137 -0.5211
vn -0.8779 -0.0223 0.4784
vn -0.8724 -0.0132 0.4886
vn -0.8594 -0.0000 0.5113
vn -0.8547 -0.0147 -0.5189
vn -0.8802 -0.0134 0.4744
vn -0.8526 -0.0000 -0.5225
vn 0.0000 1.0000 0.0000
vn -0.8528 -0.0117 -0.5221
vn -0.8717 -0.0370 0.4887
vn -0.8594 0.0019 0.5113
vn -0.8529 -0.0118 0.5219
vn -0.8593 -0.0132 -0.5113
vn -0.6559 -0.7430 -0.1332
vn 0.0902 -0.9931 -0.0748
vn 0.1125 -0.0196 0.9935
vn -0.9808 -0.0993 0.1680
vn -0.6750 -0.6317 0.3812
vn -0.8593 -0.0145 0.5113
vn -0.8457 -0.0000 -0.5336
vn -0.8633 -0.0140 -0.5045
vn -0.8779 -0.0223 0.4784
vn -0.8380 -0.0158 0.5454
vn -0.8457 0.0015 0.5336
vn -0.8387 -0.0000 -0.5446
vn 0.0000 1.0000 0.0000
vn -0.8389 -0.0117 -0.5442
vn -0.8237 -0.3461 0.4492
vn -0.4396 -0.0190 0.8980
vn -0.6528 -0.7070 0.2719
vn -0.8389 -0.0118 0.5442
vn -0.8456 -0.0132 -0.5336
vn -0.8586 -0.0297 -0.5118
vn -0.8456 -0.0132 0.5336
vn -0.8315 -0.0000 -0.5556
vn -0.8536 -0.0134 -0.5208
vn -0.8811 -0.0154 0.4727
vn -0.8476 -0.0249 0.5300
vn -0.8315 -0.0000 0.5556
vn -0.8779 -0.0223 0.4784
vn -0.7733 -0.4405 -0.4560
vn -0.8241 -0.0000 -0.5664
vn 0.0000 1.0000 0.0000
vn -0.8241 -0.0118 -0.5663
vn -0.8315 0.0019 0.5556
vn -0.8241 -0.0119 0.5663
vn -0.8166 -0.0000 -0.5771
vn -0.8313 -0.0135 -0.5556
vn -0.8334 -0.0139 -0.5525
vn -0.8453 -0.0181 -0.5341
vn -0.8376 -0.0137 0.5461
vn -0.8314 -0.0133 0.5555
vn -0.8166 0.0015 0.5771
vn -0.8200 -0.1037 0.5629
vn -0.8090 0.0000 -0.5878
vn 0.0000 1.0000 0.0000
vn -0.8089 -0.0118 -0.5879
vn -0.8089 -0.0118 0.5878
vn -0.8342 -0.0136 -0.5512
vn -0.4450 -0.6986 0.5603
vn 0.0112 -0.9973 0.0720
vn -0.8013 -0.0000 -0.5983
vn -0.8166 -0.0131 -0.5771
vn -0.8119 -0.0980 -0.5755
vn -0.8279 -0.0143 0.5607
vn -0.8166 -0.0131 0.5771
vn -0.8013 -0.0000 0.5983
vn -0.7934 0.0000 -0.6088
vn 0.0000 1.0000 0.0000
vn -0.7932 -0.0118 -0.6088
vn -0.7964 -0.0601 -0.6018
vn -0.8023 -0.0220 0.5965
vn -0.8013 0.0019 0.5983
vn -0.7928 -0.0118 0.6094
vn -0.8012 -0.0131 -0.5983
vn -0.8126 -0.0235 0.5823
vn -0.1101 -0.0242 -0.9936
vn -0.8091 -0.0197 -0.5873
vn -0.1101 -0.0242 -0.9936
vn -0.8067 -0.0134 0.5907
vn -0.8012 -0.0132 0.5983
vn -0.7853 -0.0000 -0.6191
vn -0.7853 0.0015 0.6191
vn -0.7771 -0.0000 -0.6293
vn 0.0000 1.0000 0.0000
vn -0.7766 -0.0117 -0.6299
vn -0.7767 -0.0118 0.6298
vn -0.7852 -0.0131 -0.6191
vn -0.7916 -0.0241 -0.6106
vn -0.8126 -0.0235 0.5823
vn -0.7835 -0.0559 0.6189
vn -0.7883 -0.0137 0.6151
vn -0.7852 -0.0134 0.6191
vn -0.7688 -0.0000 -0.6394
vn -0.7688 -0.0000 0.6394
vn -0.7604 -0.0000 -0.6495
vn 0.0000 1.0000 0.0000
vn -0.7599 -0.0117 -0.6499
vn -0.7758 -0.0133 -0.6309
vn -0.7806 -0.0182 0.6248
vn -0.7688 0.0019 0.6394
vn -0.7600 -0.0117 0.6498
vn -0.7687 -0.0132 -0.6395
vn -0.7688 -0.0131 0.6394
vn -0.7518 -0.0000 -0.6593
vn -0.7518 0.0015 0.6593
vn -0.7431 -0.0000 -0.6691
vn 0.0000 1.0000 0.0000
vn -0.7428 -0.0117 -0.6695
vn -0.7595 -0.0135 -0.6504
vn -0.7677 -0.1107 -0.6311
vn -0.7093 -0.0171 0.7047
vn -0.7428 -0.0117 0.6694
vn -0.7517 -0.0132 -0.6594
vn -0.8920 -0.1338 0.4317
vn -0.5706 -0.3147 0.7585
vn -0.6852 -0.5472 0.4807
vn -0.7517 -0.0152 0.6593
vn -0.7343 -0.0000 -0.6788
vn -0.7343 -0.0000 0.6788
vn -0.7494 -0.0343 -0.6612
vn -0.7254 0.0000 -0.6884
vn 0.0000 1.0000 0.0000
vn -0.7251 -0.0117 -0.6886
vn -0.7418 -0.0135 -0.6705
vn -0.7931 -0.0167 0.6089
vn -0.7343 0.0019 0.6788
vn -0.7251 -0.0117 0.6886
vn -0.7342 -0.0132 -0.6788
vn -0.7377 -0.0280 0.6746
vn -0.7342 -0.0132 0.6788
vn -0.7163 -0.0000 -0.6978
vn -0.7163 0.0015 0.6978
vn -0.7314 -0.0251 -0.6815
vn -0.8126 -0.0235 0.5823
vn -0.2086 -0.0487 -0.9768
vn -0.7187 -0.4573 -0.5238
vn -0.4821 -0.7979 -0.3619
vn -0.7071 0.0000 -0.7071
vn 0.0000 1.0000 0.0000
vn -0.7069 -0.0117 -0.7072
vn -0.6786 -0.0148 -0.7344
vn -0.8332 -0.1497 -0.5323
vn -0.5751 -0.2168 -0.7888
vn -0.7182 -0.0136 0.6957
vn -0.7069 -0.0117 0.7072
vn -0.7160 -0.0146 -0.6979
vn -0.7002 -0.0978 0.7073
vn -0.7162 -0.0134 0.6977
vn -0.6978 -0.0000 -0.7163
vn -0.6978 -0.0000 0.7163
vn -0.6884 0.0000 -0.7254
vn 0.0000 1.0000 0.0000
vn -0.6883 -0.0117 -0.7254
vn -0.6977 -0.0132 -0.7163
vn -0.7464 -0.0157 -0.6653
vn -0.7119 -0.0138 0.7022
vn -0.6977 -0.0132 0.7163
vn -0.6978 0.0019 0.7163
vn -0.6879 -0.0118 0.7257
vn -0.6788 -0.0000 -0.7343
vn -0.6969 -0.0201 0.7169
vn -0.6788 0.0015 0.7343
vn -0.6691 -0.0000 -0.7431
vn 0.0000 1.0000 0.0000
vn -0.6691 -0.0117 -0.7430
vn -0.6816 -0.0136 -0.7316
vn -0.6995 -0.0238 -0.7142
vn -0.6921 -0.0133 0.7217
vn -0.6787 -0.0154 0.7343
vn -0.6691 -0.0118 0.7431
vn -0.6787 -0.0134 -0.7343
vn -0.6787 -0.0131 0.7343
vn -0.6593 -0.0000 -0.7518
vn -0.6561 -0.0643 0.7519
vn -0.6593 -0.0000 0.7518
vn -0.6694 -0.0141 -0.7427
vn -0.6789 -0.0289 -0.7336
vn -0.6338 -0.0904 -0.7682
vn -0.6634 -0.0133 0.7482
vn -0.6494 -0.0000 -0.7604
vn 0.0000 1.0000 0.0000
vn -0.6496 -0.0117 -0.7602
vn -0.6592 -0.0134 -0.7518
vn -0.6593 -0.0132 0.7518
vn -0.6593 0.0019 0.7518
vn -0.6495 -0.0117 0.7603
vn -0.9711 -0.0213 -0.2379
vn -0.4084 -0.2216 0.8855
vn -0.6123 -0.4831 0.6259
vn -0.6394 -0.0000 -0.7688
vn -0.6394 0.0015 0.7688
vn -0.6558 -0.0202 -0.7546
vn 0.3989 -0.0210 -0.9168
vn -0.5604 -0.0186 0.8280
vn -0.6293 -0.0000 -0.7771
vn 0.0000 1.0000 0.0000
vn -0.6300 -0.0118 -0.7765
vn -0.6394 -0.0131 -0.7688
vn 0.3989 -0.0210 -0.9168
vn -0.9995 -0.0278 0.0181
vn -0.5578 -0.0147 0.8298
vn -0.9711 -0.0213 -0.2379
vn -0.6295 -0.0117 0.7770
vn -0.6191 -0.0000 -0.7853
vn -0.6191 -0.0000 0.7853
vn -0.6190 -0.0132 -0.7853
vn -0.6287 -0.0183 -0.7775
vn -0.9995 -0.0278 0.0181
vn -0.6290 -0.0151 0.7772
vn -0.9711 -0.0213 -0.2379
vn -0.6190 -0.0131 0.7853
vn -0.6088 0.0000 -0.7934
vn 0.0000 1.0000 0.0000
vn -0.6091 -0.0117 -0.7930
vn -0.6295 -0.0453 -0.7756
vn -0.6219 -0.0373 0.7822
vn -0.6191 0.0019 0.7853
vn -0.6090 -0.0117 0.7931
vn -0.5983 -0.0000 -0.8013
vn -0.5983 0.0015 0.8013
vn -0.6063 -0.0135 -0.7952
vn -0.1548 -0.9862 -0.0583
vn -0.6044 -0.0134 0.7965
vn -0.5982 -0.0133 -0.8012
vn -0.6074 -0.0639 -0.7918
vn -0.5982 -0.0132 0.8012
vn -0.5878 -0.0000 -0.8090
vn 0.0000 1.0000 0.0000
vn -0.5883 -0.0117 -0.8086
vn -0.6032 -0.0548 0.7957
vn -0.5881 -0.0117 0.8087
vn -0.5771 -0.0000 -0.8166
vn -0.5771 -0.0000 0.8166
vn -0.5604 -0.0153 -0.8281
vn -0.5945 -0.0133 0.8040
vn -0.5769 -0.0142 -0.8167
vn -0.4260 -0.2773 -0.8612
vn -0.7264 -0.0168 -0.6871
vn -0.5763 -0.0179 0.8170
vn -0.5771 -0.0131 0.8166
vn -0.5664 -0.0000 -0.8241
vn 0.0000 1.0000 0.0000
vn -0.5663 -0.0118 -0.8241
vn -0.5771 0.0019 0.8166
vn -0.5668 -0.0117 0.8237
vn -0.5556 -0.0000 -0.8315
vn -0.5040 -0.2310 0.8323
vn -0.2181 -0.5925 0.7755
vn -0.5556 0.0015 0.8315
vn -0.5973 -0.0149 -0.8018
vn -0.5484 -0.0141 0.8361
vn -0.1380 -0.9864 -0.0897
vn -0.5555 -0.0136 0.8314
vn -0.5446 0.0000 -0.8387
vn 0.0000 1.0000 0.0000
vn -0.5445 -0.0118 -0.8386
vn -0.5555 -0.0132 -0.8314
vn -0.5452 -0.0117 0.8382
vn -0.7162 -0.0131 -0.6977
vn -0.0000 1.0000 -0.0000
vn -0.5336 -0.0000 -0.8457
vn -0.5412 -0.0135 -0.8408
vn -0.5535 -0.0335 -0.8322
vn 0.3989 -0.0210 -0.9168
vn -0.9995 -0.0278 0.0181
vn -0.5908 -0.3706 -0.7167
vn -0.1859 -0.9503 -0.2497
vn -0.5688 -0.0137 0.8224
vn -0.5336 -0.0000 0.8457
vn -0.1416 -0.9678 -0.2082
vn -0.1577 -0.9863 0.0486
vn 0.1542 0.9867 -0.0510
vn -0.5336 -0.0194 0.8455
vn -0.5335 -0.0131 0.8457
vn -0.5225 -0.0000 -0.8526
vn 0.0000 1.0000 0.0000
vn -0.5218 -0.0117 -0.8530
vn -0.5335 -0.0132 -0.8457
vn -0.7162 -0.0131 -0.6977
vn -0.5336 0.0019 0.8457
vn -0.5224 -0.0118 0.8526
vn -0.5113 -0.0000 -0.8594
vn -0.5101 -0.0136 -0.8600
vn -0.5206 -0.0134 0.8537
vn -0.5113 0.0015 0.8594
vn 0.0696 -0.5913 -0.8034
vn -0.1537 -0.9881 -0.0019
vn -0.5131 -0.0282 0.8578
vn -0.5112 -0.0134 -0.8594
vn -0.5329 -0.0169 -0.8460
vn -0.5112 -0.0132 0.8593
vn -0.5000 -0.0000 -0.8660
vn 0.0000 1.0000 0.0000
vn -0.4995 -0.0117 -0.8662
vn -0.1428 -0.9841 -0.1053
vn -0.4998 -0.0118 0.8660
vn -0.1358 -0.9906 0.0189
vn 0.1168 0.9930 -0.0188
vn -0.4886 -0.0000 -0.8725
vn -0.4886 -0.0000 0.8725
vn -0.5065 -0.0139 -0.8622
vn -0.4927 -0.0138 0.8701
vn -0.4885 -0.0132 -0.8724
vn -0.4634 -0.2168 -0.8592
vn -0.4772 -0.0000 -0.8788
vn 0.0000 1.0000 0.0000
vn -0.4768 -0.0117 -0.8790
vn -0.4885 -0.0134 0.8724
vn -0.4886 0.0019 0.8725
vn -0.4765 -0.0117 0.8791
vn -0.1118 -0.9642 -0.2405
vn -0.4656 -0.0000 -0.8850
vn -0.4719 -0.0135 -0.8816
vn -0.4658 -0.0198 -0.8847
vn -0.4768 -0.3406 0.8104
vn -0.4856 -0.0138 0.8741
vn -0.4656 0.0015 0.8850
vn -0.4880 -0.0183 -0.8726
vn -0.4238 -0.2459 -0.8717
vn 0.0000 -1.0000 0.0000
vn -0.9985 -0.0175 -0.0519
vn 0.0000 -1.0000 0.0000
vn -0.9995 -0.0174 -0.0259
vn 0.0000 -1.0000 0.0000
vn -0.9998 -0.0174 0.0001
vn 0.0000 -1.0000 0.0000
vn -0.9995 -0.0175 0.0258
vn 0.0000 -1.0000 0.0000
vn -0.9985 -0.0175 0.0525
vn -0.4655 -0.0133 -0.8849
vn 0.0000 -1.0000 0.0000
vn -0.9913 -0.0175 -0.1306
vn 0.0000 -1.0000 0.0000
vn -0.9944 -0.0175 -0.1040
vn 0.0000 -1.0000 0.0000
vn -0.9968 -0.0175 -0.0786
vn 0.0000 -1.0000 0.0000
vn -0.9968 -0.0175 0.0780
vn 0.0000 -1.0000 0.0000
vn -0.9944 -0.0175 0.1046
vn 0.0000 -1.0000 0.0000
vn -0.9914 -0.0175 0.1299
vn -0.4656 -0.0131 0.8849
vn -0.4540 -0.0000 -0.8910
vn 0.0000 1.0000 0.0000
vn -0.4537 -0.0117 -0.8911
vn 0.0000 -1.0000 0.0000
vn -0.9831 -0.0175 -0.1824
vn 0.0000 -1.0000 0.0000
vn -0.9876 -0.0175 -0.1557
vn 0.0000 -1.0000 0.0000
vn -0.9875 -0.0174 0.1568
vn 0.0000 -1.0000 0.0000
vn -0.9832 -0.0175 0.1814
vn -0.4541 -0.0118 0.8909
vn 0.0000 -1.0000 0.0000
vn -0.9722 -0.0175 -0.2334
vn 0.0000 -1.0000 0.0000
vn -0.9782 -0.0175 -0.2067
vn 0.0000 -1.0000 0.0000
vn -0.9780 -0.0175 0.2079
vn 0.0000 -1.0000 0.0000
vn -0.9724 -0.0175 0.2325
vn -0.4423 -0.0000 -0.8969
vn -0.4531 -0.0137 -0.8914
vn 0.0000 -1.0000 0.0000
vn -0.9658 -0.0175 -0.2587
vn -0.9977 -0.0175 -0.0654
vn -0.9991 -0.0175 0.0392
vn -0.9957 -0.0175 0.0915
vn 0.0000 -1.0000 0.0000
vn -0.9658 -0.0175 0.2588
vn -0.4508 -0.0142 0.8925
vn -0.4423 -0.0000 0.8969
vn 0.0000 -1.0000 0.0000
vn -0.9587 -0.0175 -0.2840
vn -0.9854 -0.0175 -0.1693
vn -0.9929 -0.0175 -0.1175
vn -0.9956 -0.0182 -0.0916
vn -0.9991 -0.0174 -0.0393
vn -0.9998 -0.0174 -0.0131
vn -0.9998 -0.0174 0.0131
vn -0.9977 -0.0174 0.0654
vn -0.9929 -0.0175 0.1175
vn -0.9895 -0.0175 0.1435
vn 0.0000 -1.0000 0.0000
vn -0.9587 -0.0175 0.2839
vn -0.4422 -0.0134 -0.8968
vn 0.0000 -1.0000 0.0000
vn -0.9507 -0.0175 -0.3097
vn -0.9895 -0.0176 -0.1435
vn -0.9806 -0.0175 0.1951
vn 0.0000 -1.0000 0.0000
vn -0.9509 -0.0175 0.3089
vn -0.4263 -0.1001 0.8990
vn -0.4422 -0.0132 0.8968
vn -0.4305 -0.0000 -0.9026
vn 0.0000 1.0000 0.0000
vn -0.4307 -0.0117 -0.9024
vn 0.0000 -1.0000 0.0000
vn -0.9425 -0.0175 -0.3337
vn -0.9752 -0.0175 -0.2207
vn -0.9806 -0.0179 -0.1951
vn -0.9811 -0.0177 0.1928
vn -0.6858 -0.0180 -0.7276
vn -0.9752 -0.0175 0.2206
vn -0.9691 -0.0175 0.2461
vn 0.0000 -1.0000 0.0000
vn -0.9422 -0.0175 0.3347
vn -0.4423 0.0019 0.8969
vn -0.4300 -0.0117 0.9028
vn 0.0000 -1.0000 0.0000
vn -0.9332 -0.0175 -0.3589
vn -0.9691 -0.0176 -0.2462
vn -0.9983 -0.0195 -0.0544
vn -0.9912 -0.0188 -0.1307
vn -0.9702 -0.1153 0.2129
vn -0.8918 -0.2839 -0.3524
vn -0.9983 -0.0189 -0.0555
vn -0.9954 -0.0944 -0.0130
vn 0.1862 -0.9808 -0.0573
vn -0.9995 -0.0174 -0.0249
vn 0.1862 -0.9808 -0.0573
vn -0.9975 -0.0688 -0.0161
vn 0.1864 -0.9808 -0.0573
vn -0.9998 -0.0174 0.0006
vn 0.1869 -0.9807 -0.0572
vn -0.9984 -0.0560 0.0104
vn 0.1869 -0.9807 -0.0572
vn -0.9992 -0.0286 0.0290
vn -0.9985 -0.0283 0.0476
vn -0.9968 -0.0491 0.0638
vn -0.9963 -0.0299 0.0807
vn -0.9942 -0.0499 0.0952
vn 0.0000 -1.0000 0.0000
vn -0.9335 -0.0174 0.3581
vn 0.0000 -1.0000 0.0000
vn -0.9240 -0.0175 -0.3820
vn -0.9549 -0.0175 -0.2966
vn -0.9623 -0.0175 -0.2715
vn -0.9780 -0.0183 -0.2077
vn -0.9755 -0.0906 -0.2004
vn -0.9892 -0.0189 -0.1455
vn -0.9888 -0.0380 -0.1443
vn -0.9897 -0.0178 -0.1418
vn -0.9912 -0.0187 0.1311
vn -0.9833 -0.0183 0.1808
vn -0.9444 -0.2715 0.1853
vn -0.6858 -0.0180 -0.7276
vn -0.9823 -0.0180 0.1867
vn -0.6858 -0.0180 -0.7276
vn -0.9623 -0.0175 0.2714
vn 0.0000 -1.0000 0.0000
vn -0.9235 -0.0175 0.3832
vn -0.4187 -0.0000 -0.9081
vn -0.4353 -0.0138 -0.9002
vn 0.0000 -1.0000 0.0000
vn -0.9132 -0.0175 -0.4071
vn -0.9380 -0.0175 -0.3461
vn -0.9653 -0.0179 -0.2606
vn 0.0515 -0.0132 -0.9986
vn -0.9699 -0.0186 -0.2427
vn -0.9829 -0.0183 -0.1831
vn -0.8989 -0.4381 -0.0020
vn -0.3939 -0.9155 -0.0816
vn 0.0445 -0.9987 -0.0230
vn -0.9775 -0.0268 0.2095
vn -0.9549 -0.0175 0.2965
vn -0.9468 -0.0175 0.3214
vn 0.0000 -1.0000 0.0000
vn -0.9134 -0.0175 0.4066
vn -0.4291 -0.0136 0.9032
vn -0.4187 0.0015 0.9081
vn -0.4186 -0.0132 -0.9081
vn 0.0000 -1.0000 0.0000
vn -0.9025 -0.0175 -0.4303
vn -0.9682 -0.0202 -0.2492
vn -0.9675 -0.0378 -0.2500
vn -0.9721 -0.0229 0.2336
vn -0.9660 -0.0229 0.2574
vn 0.0000 -1.0000 0.0000
vn -0.9022 -0.0175 0.4309
vn -0.3991 -0.0621 0.9148
vn -0.4140 -0.0279 -0.9098
vn 0.0000 -1.0000 0.0000
vn -0.8907 -0.0175 -0.4542
vn -0.9581 -0.0197 -0.2856
vn -0.9586 -0.0221 0.2838
vn -0.9380 -0.0174 0.3461
vn -0.9287 -0.0175 0.3705
vn 0.0000 -1.0000 0.0000
vn -0.8909 -0.0175 0.4538
vn -0.9953 -0.0190 -0.0946
vn 0.5213 -0.0266 0.8530
vn -0.3661 -0.4342 0.8231
vn 0.0427 -0.9094 0.4138
vn -0.4186 -0.0132 0.9081
vn -0.4067 -0.0000 -0.9135
vn 0.0000 1.0000 0.0000
vn -0.4067 -0.0117 -0.9135
vn 0.0000 -1.0000 0.0000
vn -0.8788 -0.0175 -0.4768
vn -0.9186 -0.0175 -0.3947
vn -0.9287 -0.0174 -0.3705
vn -0.9630 -0.0191 -0.2687
vn 0.0515 -0.0132 -0.9986
vn -0.9642 -0.2103 -0.1616
vn -0.5835 -0.7521 -0.3063
vn -0.9520 -0.0187 -0.3054
vn 0.0515 -0.0132 -0.9986
vn -0.9501 -0.0283 0.3106
vn -0.9186 -0.0177 0.3947
vn 0.0000 -1.0000 0.0000
vn -0.8785 -0.0175 0.4774
vn -0.0530 -0.9911 0.1220
vn 0.1179 0.9906 -0.0701
vn -0.4063 -0.0117 0.9137
vn -0.9080 -0.0176 -0.4187
vn -0.9346 -0.0196 -0.3553
vn -0.9432 -0.0184 0.3316
vn -0.9380 -0.0197 0.3461
vn -0.9315 -0.0179 0.3633
vn -0.9080 -0.0175 0.4186
vn -0.3628 -0.0146 -0.9318
vn 0.0000 -1.0000 0.0000
vn -0.8658 -0.0175 -0.5001
vn -0.8967 -0.0175 -0.4423
vn -0.9221 -0.0179 -0.3866
vn -0.9269 -0.0412 -0.3731
vn -0.9187 -0.0179 0.3946
vn 0.0000 -1.0000 0.0000
vn -0.8659 -0.0174 0.4999
vn -0.4055 -0.0156 0.9140
vn 0.5343 -0.0223 0.8450
vn -0.3948 -0.0000 -0.9188
vn 0.0000 -1.0000 0.0000
vn -0.8527 -0.0174 -0.5220
vn -0.9089 -0.0178 -0.4165
vn -0.9048 -0.0724 -0.4196
vn -0.8967 -0.0174 0.4423
vn -0.8848 -0.0175 0.4656
vn 0.0000 -1.0000 0.0000
vn -0.8526 -0.0174 0.5223
vn -0.3947 -0.0000 0.9188
vn -0.3616 -0.0137 -0.9322
vn -0.9214 -0.0221 -0.3881
vn -0.8723 -0.0175 -0.4886
vn -0.8315 -0.0182 -0.5552
vn -0.9061 -0.0169 0.4228
vn -0.9186 -0.0179 0.3949
vn -0.3947 -0.0131 0.9187
vn -0.9953 -0.0190 -0.0946
vn 0.5343 -0.0223 0.8450
vn 0.0000 -1.0000 0.0000
vn -0.8390 -0.0175 -0.5439
vn -0.9060 -0.0204 -0.4227
vn -0.9035 -0.0180 0.4282
vn -0.8957 -0.0316 0.4435
vn -0.8989 -0.0179 0.4378
vn 0.2688 -0.0119 0.9631
vn 0.0000 -1.0000 0.0000
vn -0.8387 -0.0175 0.5443
vn -0.3827 -0.0000 -0.9239
vn 0.0000 1.0000 0.0000
vn -0.3828 -0.0117 -0.9237
vn 0.0000 -1.0000 0.0000
vn -0.8244 -0.0175 -0.5658
vn -0.8593 -0.0174 -0.5112
vn -0.9061 -0.0169 0.4228
vn -0.4942 -0.1877 -0.8488
vn -0.5720 -0.7547 -0.3214
vn -0.8358 -0.0201 -0.5487
vn -0.9167 -0.0921 0.3889
vn -0.8888 -0.0190 0.4578
vn -0.8593 -0.0174 0.5112
vn 0.0000 -1.0000 0.0000
vn -0.8239 -0.0175 0.5665
vn -0.3947 0.0019 0.9188
vn -0.3823 -0.0117 0.9239
vn -0.8762 -0.0195 -0.4816
vn -0.9061 -0.0169 0.4228
vn -0.8808 -0.0186 0.4730
vn 0.2688 -0.0119 0.9631
vn -0.3706 -0.0000 -0.9288
vn -0.3778 -0.0144 -0.9258
vn -0.9214 -0.0221 -0.3881
vn 0.0000 -1.0000 0.0000
vn -0.8089 -0.0175 -0.5877
vn -0.8456 -0.0174 -0.5335
vn -0.8677 -0.0201 -0.4966
vn -0.9014 -0.0207 0.4325
vn -0.8456 -0.0176 0.5335
vn 0.0000 -1.0000 0.0000
vn -0.8092 -0.0175 0.5873
vn -0.3665 -0.0231 0.9301
vn -0.9953 -0.0190 -0.0946
vn -0.3706 0.0015 0.9288
vn -0.8313 -0.0174 -0.5555
vn -0.8583 -0.0269 -0.5125
vn 0.2162 -0.9753 -0.0443
vn 0.2688 -0.0119 0.9631
vn -0.9476 -0.0957 0.3049
vn -0.5178 -0.7483 0.4147
vn -0.8592 -0.0187 0.5113
vn -0.8313 -0.0175 0.5555
vn -0.3595 -0.1439 0.9220
vn -0.3705 -0.0132 -0.9287
vn -0.3644 -0.0399 -0.9304
vn -0.9214 -0.0221 -0.3881
vn -0.3300 -0.2721 -0.9039
vn 0.0000 -1.0000 0.0000
vn -0.7931 -0.0175 -0.6088
vn -0.8165 -0.0175 -0.5771
vn -0.7395 -0.2133 -0.6384
vn 0.2161 -0.9754 -0.0443
vn -0.8537 -0.0174 -0.5204
vn 0.2162 -0.9753 -0.0443
vn -0.8435 -0.0177 0.5368
vn -0.8426 -0.0584 0.5353
vn 0.0000 -1.0000 0.0000
vn -0.7932 -0.0175 0.6088
vn -0.3704 -0.0137 0.9288
vn -0.3584 0.0000 -0.9336
vn 0.0000 1.0000 0.0000
vn -0.3586 -0.0117 -0.9334
vn -0.8133 -0.1406 -0.5646
vn 0.2161 -0.9754 -0.0443
vn -0.8405 -0.0174 -0.5416
vn 0.2161 -0.9754 -0.0443
vn -0.8445 -0.0184 0.5352
vn -0.8165 -0.0176 0.5771
vn -0.3581 -0.0117 0.9336
vn 0.0000 -1.0000 0.0000
vn -0.7770 -0.0175 -0.6292
vn -0.8011 -0.0175 -0.5983
vn -0.8011 -0.0175 0.5983
vn 0.0000 -1.0000 0.0000
vn -0.7774 -0.0175 0.6287
vn -0.3584 -0.0134 -0.9335
vn 0.0000 -1.0000 0.0000
vn -0.7597 -0.0175 -0.6500
vn -0.8195 -0.0466 -0.5712
vn -0.8174 -0.0178 0.5758
vn -0.8158 -0.0291 0.5776
vn 0.0000 -1.0000 0.0000
vn -0.7602 -0.0175 0.6495
vn -0.0028 -0.9956 0.0942
vn 0.1179 0.9906 -0.0701
vn -0.3785 -0.0141 0.9255
vn -0.3461 -0.0000 -0.9382
vn -0.7852 -0.0175 -0.6191
vn -0.8054 -0.0509 -0.5905
vn -0.8151 -0.0189 0.5789
vn -0.7851 -0.0180 0.6190
vn -0.3461 -0.0000 0.9382
vn -0.3461 -0.0132 -0.9381
vn -0.3417 -0.0265 -0.9394
vn 0.0000 -1.0000 0.0000
vn -0.7430 -0.0175 -0.6690
vn -0.7687 -0.0175 -0.6394
vn -0.9024 -0.3725 0.2167
vn -0.3175 -0.9275 0.1975
vn -0.7687 -0.0175 0.6394
vn 0.0000 -1.0000 0.0000
vn -0.7437 -0.0175 0.6682
vn -0.0003 -0.9900 0.1411
vn -0.7890 -0.0487 -0.6125
vn -0.7674 -0.0185 0.6409
vn -0.3460 -0.0132 0.9381
vn -0.3338 0.0000 -0.9426
vn 0.0000 1.0000 0.0000
vn -0.3342 -0.0117 -0.9424
vn 0.0000 -1.0000 0.0000
vn -0.7255 -0.0175 -0.6880
vn -0.7714 -0.0517 -0.6342
vn -0.8011 -0.0193 0.5982
vn 0.0000 -1.0000 0.0000
vn -0.7252 -0.0175 0.6883
vn -0.3460 -0.0186 0.9381
vn -0.3461 0.0019 0.9382
vn -0.3337 -0.0117 0.9426
vn -0.7517 -0.0174 -0.6593
vn -0.7517 -0.0176 0.6593
vn -0.2685 -0.0156 -0.9631
vn 0.0000 -1.0000 0.0000
vn -0.7071 -0.0175 -0.7069
vn -0.7342 -0.0175 -0.6787
vn -0.7568 -0.0479 -0.6519
vn -0.7569 -0.0177 0.6533
vn -0.7342 -0.0175 0.6787
vn 0.0000 -1.0000 0.0000
vn -0.7069 -0.0175 0.7071
vn -0.3262 -0.0137 0.9452
vn -0.3214 -0.0000 -0.9469
vn -0.7754 -0.1924 -0.6014
vn -0.7488 -0.0422 0.6614
vn -0.3214 0.0015 0.9469
vn -0.3211 -0.0149 -0.9469
vn 0.0000 -1.0000 0.0000
vn -0.6879 -0.0175 -0.7256
vn -0.6863 -0.0178 -0.7271
vn -0.9325 -0.0140 0.3608
vn -0.7402 -0.0188 -0.6721
vn -0.9325 -0.0140 0.3608
vn -0.6253 -0.2399 -0.7426
vn -0.3552 -0.7121 -0.6056
vn -0.7463 -0.0187 0.6653
vn -0.7162 -0.0175 0.6977
vn 0.0000 -1.0000 0.0000
vn -0.6883 -0.0175 0.7253
vn -0.3213 -0.0134 0.9469
vn -0.3112 -0.0536 0.9488
vn -0.3090 -0.0000 -0.9511
vn 0.0000 1.0000 0.0000
vn -0.3081 -0.0118 -0.9513
vn 0.0000 -1.0000 0.0000
vn -0.6692 -0.0175 -0.7429
vn -0.6976 -0.0175 -0.7162
vn -0.6946 -0.0186 -0.7192
vn -0.7261 -0.0182 0.6873
vn 0.0000 -1.0000 0.0000
vn -0.6684 -0.0175 0.7436
vn -0.3102 -0.0117 0.9506
vn -0.7030 -0.0195 -0.7110
vn -0.9325 -0.0140 0.3608
vn -0.6077 -0.2912 0.7389
vn -0.9490 -0.0193 0.3146
vn -0.5320 -0.7208 0.4443
vn -0.6976 -0.0177 0.7162
vn -0.3110 -0.0166 -0.9503
vn -0.8549 -0.0229 -0.5183
vn -0.6786 -0.0176 -0.7343
vn -0.6972 -0.0179 0.7166
vn -0.6787 -0.0175 0.7342
vn -0.3206 -0.0135 0.9471
vn -0.2965 -0.0000 -0.9550
vn 0.0000 -1.0000 0.0000
vn -0.6492 -0.0175 -0.7605
vn -0.6811 -0.0178 -0.7319
vn -0.6760 -0.0352 -0.7360
vn -0.5013 -0.6963 -0.5138
vn 0.1997 -0.9754 -0.0928
vn -0.6978 -0.0179 0.7161
vn 0.0000 -1.0000 0.0000
vn -0.6494 -0.0175 0.7603
vn -0.2966 -0.0000 0.9550
vn -0.2511 -0.0123 -0.9679
vn -0.2879 -0.0132 -0.9576
vn -0.2910 -0.0132 -0.9566
vn -0.2886 -0.0132 -0.9574
vn -0.2661 -0.0149 -0.9638
vn -0.2606 -0.0136 -0.9654
vn -0.2374 -0.0122 -0.9713
vn -0.2981 -0.0131 -0.9544
vn -0.6592 -0.0175 -0.7518
vn -0.2965 -0.0159 0.9549
vn -0.2843 -0.0130 0.9586
vn -0.2931 -0.0131 0.9560
vn -0.2565 -0.0132 0.9664
vn 0.4259 -0.1135 0.8976
vn -0.2799 -0.0134 0.9599
vn -0.2910 -0.0132 0.9566
vn -0.2886 -0.0132 0.9574
vn -0.2821 -0.0135 0.9593
vn -0.2865 -0.0132 0.9580
vn -0.1104 -0.0120 0.9938
vn -0.1767 -0.0149 -0.9842
vn -0.0967 -0.0186 -0.9951
vn -0.2831 -0.0004 -0.9591
vn 0.0000 -1.0000 0.0000
vn -0.6295 -0.0175 -0.7768
vn -0.6752 -0.0187 -0.7374
vn -0.6692 -0.0180 0.7429
vn -0.6592 -0.0175 0.7518
vn 0.0000 -1.0000 0.0000
vn -0.6287 -0.0174 0.7774
vn -0.1379 -0.0084 0.9904
vn -0.1327 -0.0144 0.9911
vn -0.1399 -0.0098 0.9901
vn -0.2037 -0.0044 0.9790
vn 0.0636 -0.0371 0.9973
vn -0.1041 -0.0180 0.9944
vn -0.2462 -0.0135 0.9691
vn -0.2829 0.0008 -0.9592
vn 0.0001 1.0000 0.0001
vn -0.2593 -0.0086 -0.9658
vn -0.2633 -0.0142 -0.9646
vn -0.1873 -0.0172 -0.9822
vn -0.0872 -0.0111 -0.9961
vn -0.2333 -0.0028 -0.9724
vn -0.2160 -0.2101 -0.9535
vn -0.8549 -0.0229 -0.5183
vn -0.0768 -0.6823 -0.7270
vn -0.6392 -0.0179 -0.7688
vn -0.5887 -0.1806 -0.7879
vn -0.6393 -0.0175 0.7687
vn -0.0100 -0.9923 0.1234
vn 0.0729 -0.9925 0.0977
vn 0.0315 -0.0198 0.9993
vn -0.0891 -0.0108 0.9960
vn -0.1144 -0.0089 0.9934
vn -0.1176 -0.0092 0.9930
vn -0.2850 -0.0001 0.9585
vn 0.0284 -0.0165 0.9995
vn -0.1951 -0.0166 0.9806
vn -0.0253 -0.0196 0.9995
vn -0.1241 -0.0183 0.9921
vn -0.2862 -0.0133 0.9581
vn -0.2888 -0.0069 0.9574
vn 0.1236 -0.0238 -0.9920
vn 0.0404 -0.0174 -0.9990
vn -0.1887 -0.0144 -0.9819
vn -0.1251 -0.0079 -0.9921
vn -0.1327 -0.0078 -0.9911
vn -0.1315 -0.0080 -0.9913
vn -0.2569 -0.0010 -0.9664
vn -0.1303 -0.0113 -0.9914
vn 0.0000 -1.0000 0.0000
vn -0.6086 -0.0175 -0.7933
vn -0.6279 -0.0182 -0.7781
vn -0.6482 -0.0184 0.7613
vn -0.8144 -0.5760 0.0710
vn 0.0023 -0.9935 0.1136
vn 0.0000 -1.0000 0.0000
vn -0.6091 -0.0175 0.7929
vn -0.0839 -0.0102 0.9964
vn -0.1036 -0.0093 0.9946
vn -0.1261 -0.0083 0.9920
vn -0.2753 -0.0002 0.9614
vn -0.1065 -0.0095 0.9943
vn -0.2869 -0.0116 0.9579
vn 0.1496 -0.0245 0.9884
vn 0.1177 -0.0251 0.9927
vn -0.1234 -0.0177 0.9922
vn -0.1380 -0.0179 0.9903
vn -0.1381 -0.0179 0.9903
vn -0.1241 -0.0189 0.9921
vn 0.0876 -0.0270 0.9958
vn 0.1884 -0.0267 0.9817
vn 0.0215 -0.0209 -0.9996
vn -0.0586 -0.0192 -0.9981
vn -0.1301 -0.0077 -0.9915
vn -0.1302 -0.0077 -0.9915
vn -0.1654 -0.0060 -0.9862
vn -0.1668 -0.0060 -0.9860
vn -0.1751 -0.0056 -0.9845
vn -0.6190 -0.0175 -0.7852
vn -0.6259 -0.2967 0.7213
vn -0.2756 -0.0135 0.9612
vn -0.1183 -0.0130 0.9929
vn -0.1234 -0.0081 0.9923
vn -0.1233 -0.0081 0.9923
vn -0.1585 -0.0064 0.9873
vn -0.1385 -0.0074 0.9903
vn -0.0846 -0.0102 0.9964
vn -0.0036 -0.0143 0.9999
vn -0.2270 -0.0150 0.9738
vn 0.0000 -1.0000 0.0000
vn -0.5888 -0.0175 -0.8081
vn -0.6511 -0.0189 -0.7588
vn -0.6313 -0.0214 0.7752
vn -0.6190 -0.0174 0.7852
vn 0.0000 -1.0000 0.0000
vn -0.5873 -0.0175 0.8092
vn 0.1424 -0.0183 0.9896
vn 0.1041 -0.0236 0.9943
vn 0.1532 -0.0207 0.9880
vn -0.2120 -0.0107 0.9772
vn -0.0433 -0.0177 -0.9989
vn 0.1276 -0.0251 -0.9915
vn 0.0600 -0.0166 -0.9981
vn -0.2392 -0.0015 -0.9710
vn -0.5982 -0.0175 0.8011
vn -0.2663 -0.0501 0.9626
vn -0.2712 -0.0134 0.9624
vn 0.0600 -0.0166 0.9981
vn -0.2451 -0.0012 0.9695
vn 0.2047 -0.0241 0.9785
vn -0.2170 -0.0023 0.9762
vn -0.1943 -0.0038 -0.9809
vn 0.2670 -0.0268 -0.9633
vn -0.0160 -0.0073 -0.9998
vn -0.0321 -0.0126 -0.9994
vn -0.5982 -0.0176 -0.8012
vn -0.6034 -0.0178 -0.7973
vn -0.5593 -0.0959 -0.8234
vn -0.6187 -0.0195 0.7854
vn -0.6050 -0.0179 0.7960
vn -0.0099 -0.0076 0.9999
vn -0.0525 -0.0130 0.9985
vn 0.1962 -0.0281 0.9802
vn -0.2279 0.0022 -0.9737
vn -0.0000 1.0000 -0.0000
vn 0.1006 -0.0184 -0.9948
vn 0.0648 -0.0322 -0.9974
vn -0.1140 -0.0078 -0.9935
vn -0.1151 -0.0078 -0.9933
vn -0.1162 -0.0077 -0.9932
vn 0.0000 -1.0000 0.0000
vn -0.5663 -0.0175 -0.8240
vn -0.0731 -0.9939 -0.0823
vn 0.1318 -0.9899 -0.0522
vn 0.0000 -1.0000 0.0000
vn -0.5664 -0.0175 0.8239
vn -0.0807 -0.0095 0.9967
vn -0.1075 -0.0081 0.9942
vn -0.1084 -0.0081 0.9941
vn -0.1093 -0.0081 0.9940
vn -0.1028 -0.0082 0.9947
vn -0.2409 0.0036 0.9705
vn 0.1361 -0.0137 0.9906
vn 0.0169 0.3843 -0.9230
vn 0.0008 1.0000 0.0008
vn 0.1894 -0.0214 -0.9817
vn 0.0971 -0.0181 -0.9951
vn -0.2352 -0.0000 -0.9719
vn 0.1012 -0.0184 -0.9947
vn -0.2596 -0.0075 -0.9657
vn -0.2568 -0.0222 -0.9662
vn -0.5770 -0.0175 -0.8165
vn 0.0164 -0.9866 -0.1622
vn -0.5770 -0.0177 0.8166
vn 0.0545 -0.0156 0.9984
vn -0.2449 -0.0009 0.9696
vn -0.1019 -0.0083 0.9948
vn -0.2592 -0.0068 0.9658
vn 0.1326 -0.0251 -0.9909
vn 0.0000 1.0000 -0.0000
vn 0.0000 -1.0000 0.0000
vn -0.5443 -0.0175 -0.8387
vn -0.5878 -0.0277 -0.8085
vn -0.5759 -0.0179 0.8174
vn 0.0000 -1.0000 0.0000
vn -0.5442 -0.0175 0.8387
vn -0.1647 -0.1688 0.9718
vn -0.1833 -0.0186 0.9829
vn 0.0004 1.0000 0.0004
vn 0.3596 -0.0289 -0.9327
vn -0.5554 -0.0175 -0.8314
vn -0.5631 -0.2064 0.8002
vn -0.5899 -0.4962 0.6371
vn -0.5554 -0.0175 0.8314
vn 0.1426 -0.0193 0.9896
vn 0.0330 -0.0096 0.9994
vn 0.0729 0.0052 -0.9973
vn -0.2298 -0.0007 -0.9732
vn 0.0971 0.0043 0.9953
vn 0.0000 -1.0000 0.0000
vn -0.5224 -0.0175 -0.8525
vn -0.5653 -0.0287 -0.8244
vn -0.5771 -0.0198 0.8164
vn 0.0000 -1.0000 0.0000
vn -0.5226 -0.0175 0.8524
vn -0.1802 -0.0222 0.9834
vn -0.2272 -0.0008 0.9739
vn 0.0729 0.0052 -0.9973
vn 0.0161 -0.0449 -0.9989
vn -0.0005 1.0000 -0.0005
vn 0.1706 -0.0197 -0.9851
vn 0.0000 1.0000 -0.0000
vn 0.0971 0.0043 0.9953
vn -0.1358 -0.0057 -0.9907
vn 0.0079 -0.0125 -0.9999
vn -0.2466 -0.0131 -0.9690
vn -0.4072 -0.5599 0.7215
vn 0.0953 -0.0167 0.9953
vn -0.0436 -0.0101 0.9990
vn 0.0729 0.0052 -0.9973
vn -0.1271 -0.0061 0.9919
vn -0.0081 -0.0119 0.9999
vn -0.0383 0.0037 -0.9993
vn -0.0000 1.0000 -0.0000
vn -0.0872 -0.0070 -0.9962
vn 0.1097 -0.0150 -0.9939
vn 0.0971 0.0043 0.9953
vn -0.5335 -0.0175 -0.8456
vn -0.5424 -0.0269 -0.8397
vn -0.2783 -0.5444 -0.7913
vn 0.1649 -0.9409 -0.2958
vn -0.4906 -0.0190 0.8712
vn -0.5334 -0.0183 0.8457
vn -0.1090 -0.0067 0.9940
vn -0.0798 -0.0083 0.9968
vn -0.0789 -0.0068 0.9969
vn -0.2202 -0.0000 -0.9754
vn -0.0004 1.0000 -0.0004
vn -0.2321 -0.0000 -0.9727
vn -0.0859 -0.0019 -0.9963
vn -0.2317 -0.0053 -0.9728
vn -0.1834 -0.0359 -0.9824
vn 0.0000 -1.0000 0.0000
vn -0.4992 -0.0175 -0.8663
vn -0.5112 -0.0175 -0.8593
vn 0.0000 -1.0000 0.0000
vn -0.4997 -0.0175 0.8660
vn -0.2431 -0.0017 0.9700
vn -0.0433 -0.0101 0.9990
vn -0.1083 -0.0067 0.9941
vn -0.5194 -0.0267 -0.8541
vn -0.5728 -0.0203 0.8194
vn -0.5112 -0.0175 0.8593
vn -0.2559 -0.7154 -0.6501
vn -0.0091 -0.9887 -0.1496
vn 0.0000 -1.0000 0.0000
vn -0.4762 -0.0175 -0.8792
vn 0.0000 -1.0000 0.0000
vn -0.4774 -0.0174 0.8785
vn -0.2214 0.0000 -0.9752
vn -0.4885 -0.0174 -0.8724
vn -0.4995 -0.0249 -0.8660
vn -0.4885 -0.0176 0.8724
vn -0.1469 -0.0160 -0.9890
vn -0.9984 -0.0291 -0.0483
vn -0.4904 -0.0178 0.8713
vn 0.0000 -1.0000 0.0000
vn -0.4534 -0.0175 -0.8911
vn -0.4940 -0.0487 -0.8681
vn 0.0849 -0.9901 -0.1121
vn -0.4866 -0.0398 0.8727
vn 0.0000 -1.0000 0.0000
vn -0.4545 -0.0174 0.8906
vn 0.0000 1.0000 0.0000
vn -0.2073 0.0000 -0.9783
vn -0.2058 -0.0131 -0.9785
vn 0.8632 -0.0342 -0.5037
vn -0.9984 -0.0291 -0.0483
vn -0.4655 -0.0175 -0.8849
vn -0.4725 -0.0180 -0.8811
vn -0.4883 -0.0188 0.8725
vn -0.4655 -0.0175 0.8849
vn 0.0000 -1.0000 0.0000
vn -0.4306 -0.0175 -0.9024
vn -0.1200 -0.9921 -0.0365
vn 0.1934 -0.9810 0.0163
vn -0.7431 -0.1701 0.6472
vn -0.0625 -0.1283 0.9898
vn -0.2260 -0.6714 0.7058
vn 0.0000 -1.0000 0.0000
vn -0.4310 -0.0175 0.9022
vn 0.1095 -0.9762 0.1872
vn -0.4421 -0.0178 -0.8968
vn -0.4276 -0.0183 -0.9038
vn -0.4271 -0.0182 0.9040
vn -0.4421 -0.0179 0.8968
vn -0.1947 0.0000 -0.9809
vn -0.2807 -0.0153 -0.9597
vn 0.8632 -0.0342 -0.5037
vn 0.0000 -1.0000 0.0000
vn -0.4063 -0.0175 -0.9136
vn -0.4186 -0.0175 -0.9080
vn -0.4232 -0.0684 -0.9034
vn -0.6588 -0.4876 -0.5729
vn -0.4185 -0.0175 0.9080
vn -0.4066 -0.0175 0.9134
vn 0.0000 -1.0000 0.0000
vn -0.4505 -0.0189 -0.8926
vn -0.4560 -0.0183 0.8898
vn 0.0000 1.0000 0.0000
vn -0.1820 0.0000 -0.9833
vn -0.1814 -0.0053 -0.9834
vn -0.2474 -0.0188 -0.9687
vn -0.2066 -0.0755 -0.9755
vn 0.8632 -0.0342 -0.5037
vn -0.9984 -0.0291 -0.0483
vn -0.0894 -0.6707 -0.7364
vn -0.3929 -0.0308 -0.9191
vn 0.0000 -1.0000 0.0000
vn -0.3829 -0.0175 -0.9236
vn -0.3946 -0.0176 -0.9187
vn -0.3989 -0.0178 -0.9168
vn -0.4053 -0.0243 0.9139
vn -0.3946 -0.0175 0.9187
vn -0.3834 -0.0175 0.9234
vn 0.0000 -1.0000 0.0000
vn -0.4214 -0.0972 0.9017
vn -0.1694 0.0000 -0.9855
vn -0.1694 -0.0134 -0.9855
vn 0.0000 -1.0000 0.0000
vn -0.3581 -0.0175 -0.9335
vn -0.3705 -0.0175 -0.9287
vn -0.3893 -0.0184 -0.9209
vn -0.3704 -0.0175 0.9287
vn -0.3583 -0.0175 0.9335
vn 0.0000 -1.0000 0.0000
vn -0.1744 -0.0335 -0.9841
vn -0.3817 -0.0203 0.9241
vn -0.4118 -0.0923 -0.9066
vn 0.5328 -0.0168 -0.8461
vn 0.0000 1.0000 0.0000
vn -0.1564 0.0000 -0.9877
vn -0.1561 -0.0053 -0.9877
vn -0.1365 -0.0142 -0.9905
vn 0.0000 -1.0000 0.0000
vn -0.3342 -0.0175 -0.9423
vn -0.3677 -0.0176 -0.9298
vn 0.5328 -0.0168 -0.8461
vn -0.3629 -0.0180 -0.9317
vn 0.5328 -0.0168 -0.8461
vn 0.0352 -0.9822 0.1844
vn 0.1776 -0.9834 -0.0377
vn -0.3591 -0.0201 0.9331
vn -0.3460 -0.0175 0.9381
vn -0.3338 -0.0175 0.9425
vn 0.0000 -1.0000 0.0000
vn -0.3553 -0.0187 -0.9346
vn -0.3334 -0.0196 0.9426
vn -0.1435 0.0000 -0.9897
vn -0.1433 -0.0141 -0.9896
vn 0.0000 -1.0000 0.0000
vn -0.3081 -0.0175 -0.9512
vn -0.3214 -0.0175 -0.9468
vn -0.3214 -0.0175 0.9468
vn -0.3090 -0.0175 0.9509
vn 0.0000 -1.0000 0.0000
vn -0.2672 -0.0841 -0.9599
vn -0.1232 -0.0939 -0.9879
vn 0.0000 -1.0000 0.0000
vn -0.2846 -0.0175 -0.9585
vn -0.3028 -0.0178 -0.9529
vn -0.3085 -0.0199 0.9510
vn -0.2965 -0.0175 0.9549
vn -0.2842 -0.0175 0.9586
vn 0.0000 -1.0000 0.0000
vn 0.3451 -0.8693 0.3540
vn -0.0875 -0.9816 -0.1695
vn 0.0000 1.0000 0.0000
vn -0.1306 0.0000 -0.9914
vn -0.1308 -0.0052 -0.9914
vn -0.1428 -0.0147 -0.9896
vn -0.2964 -0.0176 -0.9549
vn -0.2900 -0.0178 -0.9569
vn 0.0000 -1.0000 0.0000
vn -0.2588 -0.0175 -0.9658
vn -0.2714 -0.0175 -0.9623
vn -0.2849 -0.0194 0.9584
vn -0.2714 -0.0174 0.9623
vn -0.2588 -0.0175 0.9658
vn 0.0000 -1.0000 0.0000
vn -0.1174 0.0000 -0.9931
vn -0.1174 -0.0133 -0.9930
vn -0.0961 -0.0541 -0.9939
vn -0.2461 -0.0175 -0.9691
vn -0.2550 -0.0292 -0.9665
vn 0.1524 -0.9865 0.0595
vn -0.2703 -0.0227 0.9625
vn -0.2536 -0.0193 0.9671
vn 0.0000 -1.0000 0.0000
vn -0.2335 -0.0175 -0.9722
vn -0.2461 -0.0175 0.9691
vn -0.2329 -0.0175 0.9723
vn 0.0000 -1.0000 0.0000
vn 0.0000 1.0000 0.0000
vn -0.1048 0.0000 -0.9945
vn -0.1053 -0.0052 -0.9944
vn -0.1053 -0.0173 -0.9943
vn 0.6353 -0.0284 -0.7717
vn -0.2311 -0.0277 -0.9725
vn -0.2354 -0.0198 0.9717
vn -0.2206 -0.0174 0.9752
vn 0.0000 -1.0000 0.0000
vn -0.2079 -0.0175 -0.9780
vn -0.2207 -0.0175 -0.9752
vn 0.1433 -0.9892 -0.0318
vn 0.1197 -0.9886 0.0916
vn -0.2180 -0.0421 0.9750
vn -0.2080 -0.0175 0.9780
vn 0.0000 -1.0000 0.0000
vn -0.0913 0.0000 -0.9958
vn -0.2691 -0.0185 -0.9629
vn 0.6353 -0.0284 -0.7717
vn -0.2074 -0.0314 -0.9778
vn 0.1985 -0.9801 0.0017
vn -0.2035 -0.0183 0.9789
vn -0.1951 -0.0175 -0.9806
vn -0.1950 -0.0175 0.9806
vn 0.0000 -1.0000 0.0000
vn -0.1815 -0.0175 -0.9832
vn -0.2338 -0.4745 0.8486
vn -0.0396 -0.8034 0.5941
vn -0.1819 -0.0175 0.9832
vn 0.0000 -1.0000 0.0000
vn 0.0000 1.0000 0.0000
vn -0.0789 0.0000 -0.9969
vn -0.0798 -0.0052 -0.9968
vn -0.2403 -0.0240 -0.9704
vn -0.1730 -0.0178 -0.9848
vn -0.1535 -0.0183 0.9880
vn 0.0000 -1.0000 0.0000
vn -0.1565 -0.0175 -0.9875
vn -0.1693 -0.0176 -0.9854
vn 0.1504 -0.9870 -0.0561
vn -0.1443 -0.1362 0.9801
vn -0.1692 -0.0179 0.9854
vn -0.1567 -0.0175 0.9875
vn 0.0000 -1.0000 0.0000
vn -0.1939 -0.1254 -0.9730
vn 0.4554 -0.0194 -0.8901
vn -0.0651 0.0000 -0.9979
vn -0.0650 -0.0133 -0.9978
vn -0.0753 -0.0481 -0.9960
vn -0.1435 -0.0175 -0.9895
vn -0.1657 -0.0185 -0.9860
vn -0.1840 -0.0191 0.9827
vn -0.1435 -0.0175 0.9895
vn 0.0000 -1.0000 0.0000
vn -0.1294 -0.0175 -0.9914
vn -0.1066 -0.1615 -0.9811
vn 0.1921 -0.9802 0.0480
vn -0.1303 -0.0175 0.9913
vn 0.0000 -1.0000 0.0000
vn -0.1362 -0.0555 0.9891
vn -0.1243 -0.0178 -0.9921
vn 0.1346 -0.9828 0.1268
vn -0.1230 -0.0178 0.9922
vn 0.0000 1.0000 0.0000
vn -0.0529 0.0000 -0.9986
vn -0.0542 -0.0052 -0.9985
vn -0.0456 -0.0140 -0.9989
vn -0.1175 -0.0176 -0.9929
vn -0.1042 -0.0654 0.9924
vn 0.2636 -0.1323 0.9555
vn -0.1175 -0.0176 0.9929
vn 0.0000 -1.0000 0.0000
vn -0.1047 -0.0175 -0.9943
vn 0.2186 -0.9602 -0.1740
vn -0.1058 -0.0175 0.9942
vn 0.0000 -1.0000 0.0000
vn -0.1081 -0.0187 -0.9940
vn 0.2938 -0.1477 -0.9444
vn -0.1384 -0.3258 -0.9353
vn -0.1078 -0.0225 0.9939
vn 0.0733 -0.3050 0.9495
vn 0.2034 -0.9375 0.2823
vn -0.0389 0.0000 -0.9992
vn -0.0387 -0.0137 -0.9992
vn -0.0915 -0.0175 -0.9957
vn -0.0914 -0.0175 0.9957
vn 0.3878 -0.8966 0.2138
vn 0.0000 -1.0000 0.0000
vn -0.0782 -0.0175 -0.9968
vn -0.0392 -0.0185 -0.9991
vn -0.0828 -0.0221 0.9963
vn 0.8521 -0.0144 0.5232
vn -0.0784 -0.0175 0.9968
vn 0.0000 -1.0000 0.0000
vn 0.1002 -0.4639 -0.8802
vn 0.2789 -0.9499 -0.1413
vn -0.9260 -0.0158 0.3771
vn 0.8521 -0.0144 0.5232
vn 0.0311 -0.6170 0.7863
vn 0.2191 -0.9527 0.2106
vn -0.0654 -0.0174 0.9977
vn -0.9260 -0.0158 0.3771
vn 0.8521 -0.0144 0.5232
vn 0.0000 1.0000 0.0000
vn -0.0269 0.0000 -0.9996
vn -0.0286 -0.0052 -0.9996
vn -0.0400 -0.0138 -0.9991
vn -0.0653 -0.0180 -0.9977
vn 0.0000 -1.0000 0.0000
vn -0.0527 -0.0175 -0.9985
vn -0.0878 -0.0192 -0.9960
vn -0.0472 -0.0217 0.9987
vn -0.9260 -0.0158 0.3771
vn -0.0530 -0.0175 0.9984
vn 0.0000 -1.0000 0.0000
vn -0.4180 -0.1163 -0.9010
vn 0.5974 -0.0380 -0.8010
vn 0.0000 -0.5566 -0.8308
vn 0.0080 -0.7771 -0.6294
vn -0.0393 -0.0175 -0.9991
vn -0.0392 -0.0175 0.9991
vn -0.0132 0.0000 -0.9999
vn -0.0132 -0.0131 -0.9998
vn -0.0209 -0.1179 -0.9928
vn -0.0118 0.0000 0.9999
vn 0.0000 -1.0000 0.0000
vn -0.0261 -0.0175 -0.9995
vn -0.0195 -0.0177 -0.9997
vn -0.0242 -0.0375 0.9990
vn -0.0261 -0.0175 0.9995
vn 0.0000 -1.0000 0.0000
vn -0.0562 -0.0386 0.9977
vn -0.0493 -0.0142 0.9987
vn -0.0127 -0.0187 -0.9997
vn -0.0131 -0.0176 -0.9998
vn 0.0285 -0.0874 -0.9958
vn -0.0130 -0.0175 0.9998
vn 0.0000 0.0000 -1.0000
vn 0.0000 1.0000 0.0000
vn 0.0067 -0.0138 -0.9999
vn 0.0000 -1.0000 0.0000
vn -0.0006 -0.0175 -0.9998
vn -0.0003 -0.0273 -0.9996
vn -0.0000 -0.0175 0.9998
vn 0.0000 -1.0000 0.0000
vn -0.0000 1.0000 -0.0000
vn 0.0000 0.0000 1.0000
vn 0.0758 -0.0109 0.9971
vn 0.0005 -0.0193 0.9998
vn 0.0923 -0.0238 0.9954
vn 0.0131 -0.0175 -0.9998
vn 0.0131 -0.0175 0.9998
vn 0.0000 -1.0000 0.0000
vn 0.0262 -0.0175 -0.9995
vn 0.0260 -0.0368 -0.9990
vn 0.0279 -0.0190 0.9994
vn 0.0273 -0.0175 0.9995
vn 0.0000 -1.0000 0.0000
vn 0.0132 0.0000 -0.9999
vn 0.0133 -0.0137 -0.9998
vn 0.0392 -0.0175 -0.9991
vn 0.3501 -0.9352 -0.0535
vn 0.0126 0.0000 0.9999
vn 0.0393 -0.0175 0.9991
vn 0.0000 -1.0000 0.0000
vn 0.0530 -0.0175 -0.9984
vn 0.0521 -0.0180 -0.9985
vn 0.0924 -0.0185 0.9955
vn 0.0530 -0.0175 0.9984
vn 0.0000 -1.0000 0.0000
vn 0.0269 0.0000 -0.9996
vn -0.0000 1.0000 0.0000
vn 0.0281 -0.0050 -0.9996
vn 0.0263 -0.0220 -0.9994
vn 0.1024 -0.3180 -0.9425
vn 0.1923 -0.9748 -0.1132
vn -0.0000 1.0000 -0.0000
vn 0.0260 0.0000 0.9997
vn 0.0219 -0.0555 -0.9982
vn 0.0654 -0.0174 -0.9977
vn 0.0657 -0.0188 -0.9977
vn 0.0994 -0.0177 0.9949
vn -0.9265 -0.0124 0.3760
vn 0.0000 -1.0000 0.0000
vn 0.0784 -0.0175 -0.9968
vn 0.0847 -0.0178 -0.9962
vn 0.0840 -0.0182 0.9963
vn -0.9265 -0.0124 0.3760
vn 0.0784 -0.0175 0.9968
vn 0.0000 -1.0000 0.0000
vn 0.0389 0.0000 -0.9992
vn 0.0387 -0.0131 -0.9992
vn 0.0915 -0.0175 -0.9957
vn 0.0915 -0.0175 0.9957
vn -0.2984 0.9473 -0.1169
vn 0.2551 -0.9584 0.1282
vn 0.0393 0.0000 0.9992
vn 0.1032 -0.0179 -0.9945
vn 0.1020 -0.0185 0.9946
vn 0.0000 -1.0000 0.0000
vn 0.1053 -0.0175 -0.9943
vn 0.1050 -0.0175 0.9943
vn 0.0000 -1.0000 0.0000
vn 0.0529 0.0000 -0.9986
vn -0.0000 1.0000 0.0000
vn 0.0538 -0.0054 -0.9985
vn 0.1165 -0.0202 -0.9930
vn 0.1175 -0.0174 -0.9929
vn 0.1205 -0.0280 -0.9923
vn 0.1654 -0.9809 -0.1020
vn 0.1217 -0.0298 0.9921
vn 0.1175 -0.0174 0.9929
vn -0.0000 1.0000 -0.0000
vn 0.0520 0.0000 0.9986
vn 0.1356 -0.0184 -0.9906
vn 0.1347 -0.0179 0.9907
vn -0.9265 -0.0124 0.3760
vn 0.2130 -0.2651 0.9404
vn 0.0000 -1.0000 0.0000
vn 0.1304 -0.0175 -0.9913
vn 0.2124 -0.9709 0.1108
vn 0.1303 -0.0175 0.9913
vn 0.0000 -1.0000 0.0000
vn 0.0651 0.0000 -0.9979
vn 0.0656 -0.0179 -0.9977
vn 0.1434 -0.0175 -0.9895
vn 0.1653 -0.0178 0.9861
vn 0.1435 -0.0175 0.9895
vn 0.0654 0.0000 0.9979
vn 0.1878 -0.0184 -0.9820
vn 0.1651 -0.4003 -0.9014
vn -0.3309 -0.0247 -0.9433
vn 0.0000 -1.0000 0.0000
vn 0.1569 -0.0175 -0.9875
vn 0.2002 -0.0177 -0.9796
vn -0.5841 -0.0179 -0.8115
vn -0.5841 -0.0179 -0.8115
vn 0.2737 -0.2484 -0.9292
vn 0.2108 -0.1498 0.9660
vn 0.1694 -0.0176 0.9854
vn 0.1567 -0.0175 0.9875
vn 0.0000 -1.0000 0.0000
vn 0.0789 0.0000 -0.9969
vn -0.0000 1.0000 0.0000
vn 0.0798 -0.0053 -0.9968
vn 0.0300 -0.0199 -0.9994
vn 0.1876 -0.0190 -0.9821
vn -0.5841 -0.0179 -0.8115
vn 0.1747 -0.0182 0.9845
vn -0.0000 1.0000 -0.0000
vn 0.0780 0.0000 0.9970
vn 0.0000 -1.0000 0.0000
vn 0.1820 -0.0175 -0.9831
vn 0.1818 -0.0175 0.9832
vn 0.0000 -1.0000 0.0000
vn 0.1950 -0.0175 -0.9806
vn 0.2468 -0.0864 -0.9652
vn 0.1951 -0.0175 0.9806
vn 0.0913 0.0000 -0.9958
vn 0.0914 -0.0148 -0.9957
vn 0.2139 -0.0177 -0.9767
vn 0.2145 -0.0178 0.9766
vn 0.0915 0.0000 0.9958
vn 0.0000 -1.0000 0.0000
vn 0.2082 -0.0175 -0.9779
vn 0.2496 -0.0800 0.9650
vn 0.2088 -0.0175 0.9778
vn 0.0000 -1.0000 0.0000
vn 0.5166 -0.8278 -0.2189
vn 0.2246 -0.9272 0.2998
vn 0.1495 -0.9876 -0.0483
vn 0.2207 -0.0176 -0.9752
vn 0.2270 -0.0181 -0.9737
vn 0.3718 -0.9282 -0.0163
vn 0.2327 -0.9669 0.1042
vn 0.2350 -0.0267 0.9716
vn 0.2207 -0.0176 0.9752
vn -0.0000 1.0000 0.0000
vn 0.1048 0.0000 -0.9945
vn 0.1057 -0.0051 -0.9944
vn 0.0886 -0.0162 -0.9959
vn -0.0000 1.0000 -0.0000
vn 0.1039 0.0000 0.9946
vn 0.0625 -0.9789 -0.1946
vn 0.0000 -1.0000 0.0000
vn 0.2340 -0.0174 -0.9721
vn 0.2834 -0.0774 -0.9559
vn 0.2329 -0.0175 0.9723
vn 0.0000 -1.0000 0.0000
vn 0.1030 -0.0692 -0.9923
vn 0.2461 -0.0174 -0.9691
vn 0.2732 -0.0176 -0.9618
vn 0.2463 -0.0183 -0.9690
vn 0.2602 -0.0290 0.9651
vn 0.2461 -0.0175 0.9691
vn 0.1174 0.0000 -0.9931
vn 0.1174 -0.0137 -0.9930
vn 0.1175 0.0000 0.9931
vn 0.0000 -1.0000 0.0000
vn 0.2589 -0.0174 -0.9657
vn 0.2714 -0.0176 -0.9623
vn 0.2714 -0.0175 0.9623
vn 0.2588 -0.0175 0.9658
vn 0.0000 -1.0000 0.0000
vn 0.2786 -0.0181 -0.9602
vn 0.2867 -0.0279 0.9576
vn -0.0000 1.0000 0.0000
vn 0.1306 0.0000 -0.9914
vn 0.1311 -0.0051 -0.9914
vn 0.1290 -0.0141 -0.9915
vn 0.1251 -0.0424 -0.9912
vn 0.3340 -0.0583 -0.9408
vn -0.0000 1.0000 -0.0000
vn 0.1305 0.0000 0.9914
vn 0.0000 -1.0000 0.0000
vn 0.2835 -0.0175 -0.9588
vn 0.2965 -0.0175 -0.9549
vn 0.3142 -0.0177 -0.9492
vn 0.3129 -0.0287 0.9494
vn 0.2965 -0.0175 0.9549
vn 0.2842 -0.0175 0.9586
vn 0.0000 -1.0000 0.0000
vn 0.1435 0.0000 -0.9897
vn 0.1434 -0.0134 -0.9896
vn 0.0000 -1.0000 0.0000
vn 0.3090 -0.0175 -0.9509
vn 0.3214 -0.0176 -0.9468
vn 0.4287 -0.4311 -0.7940
vn 0.2821 -0.9564 -0.0760
vn 0.2345 -0.9683 -0.0863
vn 0.3214 -0.0175 0.9468
vn 0.3089 -0.0175 0.9509
vn 0.0000 -1.0000 0.0000
vn 0.4498 -0.8871 0.1039
vn 0.9856 -0.1125 -0.1258
vn 0.1435 0.0000 0.9897
vn 0.1481 -0.0230 -0.9887
vn 0.3315 -0.0243 -0.9432
vn 0.2551 -0.0000 -0.9669
vn 0.2473 -0.0000 -0.9690
vn 0.2288 -0.9695 0.0884
vn 0.3348 -0.0273 0.9419
vn 0.2704 0.0000 -0.9628
vn -0.0000 1.0000 0.0000
vn 0.1564 0.0000 -0.9877
vn 0.1565 -0.0051 -0.9877
vn 0.1554 -0.0155 -0.9877
vn 0.0000 -1.0000 0.0000
vn 0.3330 -0.0175 -0.9428
vn 0.3460 -0.0175 -0.9381
vn 0.3586 -0.0262 -0.9331
vn 0.2012 -0.9583 -0.2028
vn 0.3631 -0.0177 0.9316
vn 0.3472 -0.0692 0.9352
vn 0.3461 -0.0174 0.9380
vn 0.3345 -0.0175 0.9422
vn 0.0000 -1.0000 0.0000
vn -0.0000 1.0000 -0.0000
vn 0.1565 0.0000 0.9877
vn 0.3705 -0.0175 -0.9287
vn 0.1694 0.0000 -0.9855
vn 0.1694 -0.0131 -0.9855
vn 0.0000 -1.0000 0.0000
vn 0.3583 -0.0175 -0.9334
vn 0.3840 -0.0259 -0.9230
vn 0.3878 -0.0177 0.9216
vn 0.3705 -0.0175 0.9287
vn 0.3583 -0.0175 0.9335
vn 0.0000 -1.0000 0.0000
vn 0.1701 -0.0188 -0.9853
vn 0.1693 0.0000 0.9856
vn 0.0000 -1.0000 0.0000
vn 0.3825 -0.0175 -0.9238
vn 0.3947 -0.0175 -0.9187
vn 0.4083 -0.0268 -0.9125
vn 0.3173 -0.9453 0.0759
vn 0.4021 -0.0185 0.9154
vn 0.4051 -0.1159 0.9069
vn 0.3947 -0.0176 0.9186
vn 0.3838 -0.0175 0.9233
vn 0.0000 -1.0000 0.0000
vn -0.0000 1.0000 0.0000
vn 0.1820 0.0000 -0.9833
vn 0.1818 -0.0051 -0.9833
vn 0.2249 -0.0153 -0.9743
vn -0.0000 1.0000 -0.0000
vn 0.1829 0.0000 0.9831
vn -0.2976 0.8957 0.3304
vn 0.4260 -0.0558 -0.9030
vn 0.2261 -0.9738 -0.0267
vn 0.0000 -1.0000 0.0000
vn 0.4074 -0.0175 -0.9131
vn 0.4186 -0.0174 -0.9080
vn 0.4333 -0.0174 -0.9011
vn 0.2261 -0.9738 -0.0267
vn 0.4375 -0.0178 0.8991
vn 0.4186 -0.0175 0.9080
vn 0.4065 -0.0175 0.9135
vn 0.0000 -1.0000 0.0000
vn 0.1947 0.0000 -0.9809
vn 0.1948 -0.0151 -0.9807
vn 0.4514 -0.0674 -0.8898
vn 0.2277 -0.9733 -0.0304
vn 0.4616 -0.1524 0.8739
vn 0.4422 -0.0174 -0.8967
vn 0.4581 -0.0174 -0.8887
vn 0.2285 -0.9730 -0.0322
vn 0.4483 -0.0182 0.8937
vn 0.4422 -0.0176 0.8967
vn 0.1951 0.0000 0.9808
vn 0.2870 -0.8970 -0.3363
vn 0.0000 -1.0000 0.0000
vn 0.4310 -0.0174 -0.9022
vn 0.4307 -0.0175 0.9023
vn 0.0000 -1.0000 0.0000
vn -0.0000 1.0000 0.0000
vn 0.2073 0.0000 -0.9783
vn 0.2046 -0.0174 -0.9787
vn 0.2239 -0.2938 -0.9293
vn 0.4788 -0.0293 -0.8774
vn 0.2285 -0.9730 -0.0322
vn 0.3128 -0.9408 -0.1308
vn 0.4835 -0.0178 0.8752
vn -0.0000 1.0000 -0.0000
vn 0.2081 0.0000 0.9781
vn 0.0000 -1.0000 0.0000
vn 0.4538 -0.0175 -0.8909
vn 0.4655 -0.0175 -0.8849
vn 0.4908 -0.0280 0.8708
vn 0.4655 -0.0175 0.8849
vn 0.4536 -0.0175 0.8910
vn 0.0000 -1.0000 0.0000
vn 0.4785 -0.0793 -0.8745
vn 0.2214 0.0000 -0.9752
vn 0.2216 -0.0150 -0.9750
vn 0.4885 -0.0175 -0.8724
vn 0.4972 -0.0182 -0.8674
vn 0.4947 -0.0187 0.8689
vn 0.4886 -0.0176 0.8724
vn 0.0000 -1.0000 0.0000
vn 0.4775 -0.0175 -0.8785
vn 0.5557 -0.3140 -0.7698
vn 0.4772 -0.0175 0.8786
vn 0.0000 -1.0000 0.0000
vn 0.2207 0.0000 0.9753
vn 0.2635 -0.3027 -0.9159
vn 0.3038 -0.8903 -0.3391
vn 0.5385 -0.0181 -0.8424
vn 0.5600 -0.3058 0.7700
vn 0.5551 -0.0185 0.8316
vn 0.2315 -0.0001 -0.9728
vn 0.1115 -0.0065 -0.9937
vn 0.2321 -0.0049 -0.9727
vn 0.2038 -0.0155 -0.9789
vn 0.0000 -1.0000 0.0000
vn 0.4997 -0.0175 -0.8660
vn 0.5112 -0.0175 -0.8593
vn 0.5112 -0.0175 0.8593
vn 0.4995 -0.0175 0.8662
vn 0.0000 -1.0000 0.0000
vn 0.2203 -0.0000 0.9754
vn 0.0004 1.0000 0.0004
vn 0.2332 -0.0000 0.9724
vn 0.0828 -0.0020 0.9966
vn 0.1122 -0.0065 -0.9937
vn 0.0326 -0.0102 -0.9994
vn 0.5295 -0.0185 -0.8481
vn 0.5136 -0.0191 0.8578
vn 0.5336 -0.0180 0.8455
vn 0.0383 0.0037 0.9993
vn 0.0000 1.0000 0.0000
vn 0.1037 -0.0070 0.9946
vn 0.0757 -0.0088 0.9971
vn 0.0789 -0.0068 0.9969
vn -0.0873 -0.0167 -0.9960
vn 0.5335 -0.0178 -0.8456
vn 0.5998 -0.1019 -0.7936
vn 0.2727 -0.9536 -0.1280
vn 0.4009 -0.4552 0.7951
vn 0.2748 -0.9551 0.1107
vn -0.0161 -0.0240 0.9996
vn 0.0005 1.0000 0.0005
vn -0.1295 -0.0161 0.9915
vn -0.0000 1.0000 0.0000
vn 0.0436 -0.0101 0.9990
vn -0.0679 0.0051 -0.9977
vn 0.0066 -0.0119 0.9999
vn -0.0644 -0.0164 -0.9978
vn 0.2307 -0.0008 -0.9730
vn 0.2466 -0.0133 -0.9690
vn 0.0000 -1.0000 0.0000
vn 0.5227 -0.0175 -0.8524
vn 0.5751 -0.0178 0.8179
vn 0.5225 -0.0175 0.8525
vn 0.0000 -1.0000 0.0000
vn 0.2239 -0.0010 0.9746
vn -0.0679 0.0051 -0.9977
vn 0.0259 -0.0052 0.9997
vn -0.0679 0.0051 -0.9977
vn 0.2792 -0.0617 -0.9583
vn 0.5554 -0.0175 -0.8314
vn 0.5674 -0.0176 -0.8232
vn 0.5555 -0.0175 0.8313
vn -0.1425 -0.0189 0.9896
vn -0.1166 -0.0168 -0.9930
vn 0.0000 -1.0000 0.0000
vn 0.5443 -0.0175 -0.8387
vn 0.5447 -0.0175 0.8384
vn 0.0000 -1.0000 0.0000
vn -0.2186 -0.0240 -0.9755
vn 0.1611 -0.0052 -0.9869
vn 0.2567 -0.0058 -0.9665
vn 0.2651 -0.0143 -0.9641
vn 0.2452 -0.0245 -0.9692
vn 0.5771 -0.0175 -0.8165
vn 0.5901 -0.0269 -0.8069
vn 0.5805 -0.0178 0.8141
vn 0.6102 -0.1018 0.7857
vn 0.5771 -0.0176 0.8165
vn 0.2423 -0.0480 0.9690
vn 0.2463 -0.0008 0.9692
vn 0.1011 -0.0083 0.9948
vn 0.2415 -0.0096 0.9704
vn -0.0000 1.0000 0.0000
vn -0.1369 -0.0192 0.9904
vn -0.0011 1.0000 -0.0010
vn -0.0340 -0.0585 0.9977
vn -0.2271 -0.7992 -0.5566
vn 0.2675 0.0016 -0.9636
vn 0.0000 -1.0000 0.0000
vn 0.5669 -0.0174 -0.8236
vn 0.0716 -0.9851 -0.1562
vn 0.5663 -0.0175 0.8240
vn 0.0000 -1.0000 0.0000
vn 0.2391 -0.1134 0.9644
vn 0.1071 -0.0081 0.9942
vn 0.1084 -0.0081 0.9941
vn 0.1093 -0.0081 0.9940
vn 0.1166 -0.0080 0.9931
vn -0.1827 -0.0221 0.9829
vn 0.0782 -0.0097 0.9969
vn 0.0000 1.0000 0.0000
vn 0.2685 -0.0002 0.9633
vn 0.0613 -0.0332 0.9976
vn 0.0000 1.0000 0.0000
vn 0.0625 -0.0678 0.9957
vn 0.2714 -0.0146 -0.9624
vn 0.6087 -0.0268 -0.7929
vn 0.6145 -0.0326 0.7882
vn -0.1122 -0.0202 0.9935
vn -0.4274 0.0213 0.9038
vn 0.0726 -0.0201 0.9972
vn -0.3038 -0.0290 0.9523
vn 0.1074 -0.0080 0.9942
vn 0.0153 -0.0121 -0.9998
vn 0.2341 -0.0017 -0.9722
vn 0.5982 -0.0175 -0.8011
vn 0.5982 -0.0175 0.8012
vn 0.2714 -0.0134 0.9624
vn -0.1529 -0.0209 0.9880
vn 0.2469 -0.0010 0.9690
vn -0.1832 -0.0272 0.9827
vn 0.2457 -0.0012 0.9693
vn -0.1460 -0.0197 0.9891
vn -0.1899 -0.0177 -0.9816
vn 0.2180 -0.0103 -0.9759
vn -0.0992 -0.0261 -0.9947
vn 0.0000 -1.0000 0.0000
vn 0.5873 -0.0174 -0.8092
vn 0.6305 -0.0252 -0.7758
vn 0.6293 -0.0265 0.7767
vn 0.5876 -0.0175 0.8090
vn 0.0000 -1.0000 0.0000
vn -0.0422 -0.0226 0.9989
vn -0.0517 -0.0156 0.9985
vn -0.1124 -0.0241 0.9934
vn 0.0898 -0.0196 0.9958
vn -0.0179 -0.0214 0.9996
vn -0.1934 -0.0276 0.9807
vn -0.0571 -0.0204 0.9982
vn 0.2507 -0.0075 0.9680
vn 0.1302 -0.0182 0.9913
vn 0.0262 -0.0369 0.9990
vn -0.7061 0.2098 0.6763
vn 0.1953 -0.0164 -0.9806
vn -0.0730 -0.0195 -0.9971
vn 0.0586 -0.0192 -0.9981
vn 0.1301 -0.0077 -0.9915
vn 0.1302 -0.0077 -0.9915
vn 0.1654 -0.0060 -0.9862
vn 0.1588 -0.0064 -0.9873
vn 0.1369 -0.0075 -0.9906
vn 0.6190 -0.0175 -0.7852
vn 0.6289 -0.0638 0.7749
vn 0.6190 -0.0175 0.7852
vn 0.3432 -0.0137 0.9392
vn 0.0209 -0.0215 0.9995
vn 0.1234 -0.0081 0.9923
vn 0.1233 -0.0081 0.9923
vn 0.1585 -0.0063 0.9873
vn 0.1604 -0.0063 0.9870
vn 0.1679 -0.0059 0.9858
vn 0.0808 -0.0198 0.9965
vn 0.0901 -0.0196 0.9957
vn 0.0899 -0.0196 0.9958
vn 0.1134 -0.0168 0.9934
vn 0.2410 -0.0145 0.9704
vn -0.0511 -0.0225 -0.9984
vn 0.1364 -0.0076 -0.9906
vn 0.1354 -0.0077 -0.9908
vn 0.1315 -0.0080 -0.9913
vn 0.2569 -0.0010 -0.9664
vn 0.0000 -1.0000 0.0000
vn 0.6087 -0.0175 -0.7932
vn 0.6490 -0.0246 -0.7604
vn 0.9028 -0.0158 0.4298
vn 0.4398 -0.1400 -0.8871
vn 0.6349 -0.4468 -0.6303
vn 0.3463 -0.9308 -0.1172
vn 0.6530 -0.0184 0.7571
vn -0.1777 0.9812 0.0751
vn 0.6086 -0.0175 0.7933
vn 0.0000 -1.0000 0.0000
vn 0.1195 -0.0082 0.9928
vn 0.1268 -0.0081 0.9919
vn 0.1261 -0.0083 0.9920
vn 0.2753 -0.0002 0.9614
vn 0.1058 -0.0082 0.9944
vn 0.3311 -0.0114 0.9435
vn -0.7896 -0.0340 0.6127
vn -0.1295 -0.0250 0.9913
vn 0.1254 -0.0177 0.9920
vn 0.1348 -0.0180 0.9907
vn 0.1199 -0.0189 0.9926
vn 0.1236 -0.0184 0.9922
vn 0.2400 -0.0149 0.9706
vn 0.2890 -0.0060 -0.9573
vn -0.1482 -0.0238 -0.9887
vn 0.2590 -0.0140 -0.9658
vn 0.2723 -0.0136 -0.9621
vn 0.0872 -0.0111 -0.9961
vn 0.2327 -0.0028 -0.9726
vn 0.3223 -0.8964 -0.3043
vn 0.6393 -0.0175 -0.7688
vn 0.6393 -0.0174 0.7688
vn 0.9922 -0.0190 0.1235
vn 0.2955 -0.1362 0.9456
vn -0.7896 -0.0340 0.6127
vn 0.0891 -0.0108 0.9960
vn 0.1212 -0.0117 0.9926
vn 0.2408 -0.0029 0.9706
vn 0.2366 -0.0142 0.9715
vn 0.1227 -0.0184 0.9923
vn 0.2877 -0.0132 0.9576
vn -0.0000 1.0000 -0.0000
vn 0.2861 0.0000 0.9582
vn 0.2899 -0.0063 0.9570
vn 0.0185 -0.0200 -0.9996
vn 0.2262 -0.0150 -0.9740
vn 0.0967 -0.0186 -0.9951
vn 0.2831 -0.0004 -0.9591
vn 0.0000 -1.0000 0.0000
vn 0.6287 -0.0175 -0.7775
vn 0.6697 -0.0233 -0.7422
vn 0.6932 -0.0184 0.7205
vn 0.6297 -0.0175 0.7766
vn 0.0000 -1.0000 0.0000
vn 0.1517 -0.0071 0.9884
vn 0.1145 -0.0105 0.9934
vn 0.2117 -0.0042 0.9773
vn 0.2624 -0.0144 0.9649
vn 0.0518 -0.0193 0.9985
vn 0.0998 -0.0185 0.9948
vn 0.1627 -0.0107 0.9866
vn 0.2498 -0.0151 -0.9682
vn 0.2485 -0.0141 -0.9685
vn 0.2910 -0.0132 -0.9566
vn 0.2886 -0.0132 -0.9574
vn 0.2661 -0.0149 -0.9638
vn 0.1285 -0.0115 -0.9916
vn 0.2606 -0.0136 -0.9653
vn 0.2426 -0.0125 -0.9700
vn 0.2979 -0.0131 -0.9545
vn 0.6592 -0.0175 -0.7518
vn 0.6592 -0.0175 0.7518
vn 0.2757 -0.0125 0.9612
vn 0.2929 -0.0131 0.9561
vn 0.2601 -0.0138 0.9655
vn 0.2910 -0.0132 0.9566
vn 0.2886 -0.0132 0.9574
vn 0.2742 -0.0142 0.9616
vn 0.2729 -0.0134 0.9620
vn 0.0000 -1.0000 0.0000
vn 0.6494 -0.0175 -0.7603
vn 0.6897 -0.0231 -0.7237
vn 0.6626 -0.0194 0.7487
vn 0.7049 -0.1243 0.6983
vn 0.3974 -0.4217 0.8150
vn 0.6493 -0.0175 0.7604
vn 0.0000 -1.0000 0.0000
vn 0.2865 -0.0003 -0.9581
vn 0.3254 -0.0137 -0.9455
vn 0.6787 -0.0175 -0.7343
vn 0.4337 -0.9003 -0.0383
vn 0.6788 -0.0180 0.7341
vn 0.3122 -0.0137 0.9499
vn 0.9922 -0.0190 0.1235
vn -0.7896 -0.0340 0.6127
vn 0.2757 -0.0002 0.9612
vn 0.7055 -0.0217 -0.7084
vn 0.7175 -0.0176 0.6964
vn 0.6978 -0.0185 0.7160
vn 0.2670 -0.0013 -0.9637
vn 0.2332 -0.0013 -0.9724
vn 0.2332 -0.0013 -0.9724
vn 0.3096 -0.0000 -0.9509
vn 0.2610 -0.0032 -0.9653
vn 0.2915 -0.0123 -0.9565
vn 0.3217 -0.0214 -0.9466
vn 0.0000 -1.0000 0.0000
vn 0.6692 -0.0175 -0.7429
vn 0.6977 -0.0175 -0.7162
vn 0.7172 -0.0304 -0.6962
vn 0.4040 -0.9137 -0.0446
vn 0.7267 -0.0703 0.6833
vn 0.6977 -0.0174 0.7162
vn 0.6693 -0.0175 0.7428
vn 0.0000 -1.0000 0.0000
vn 0.0001 1.0000 0.0001
vn 0.2809 -0.0005 0.9597
vn 0.0000 1.0000 0.0000
vn 0.1654 -0.0043 0.9862
vn 0.2723 -0.0121 0.9621
vn -0.4882 -0.1043 -0.8665
vn -0.2271 -0.7992 -0.5566
vn 0.2692 -0.0029 -0.9631
vn 0.0861 -0.0054 -0.9963
vn 0.7290 -0.0213 -0.6842
vn 0.7217 -0.0181 0.6920
vn 0.2909 -0.0159 -0.9566
vn 0.0000 -1.0000 0.0000
vn 0.6882 -0.0175 -0.7253
vn 0.7162 -0.0174 -0.6977
vn 0.7162 -0.0176 0.6977
vn 0.6887 -0.0174 0.7248
vn 0.0000 -1.0000 0.0000
vn -0.3721 0.9013 0.2219
vn 0.7404 -0.0202 -0.6719
vn 0.9028 -0.0158 0.4298
vn 0.7563 -0.0412 0.6529
vn 0.7469 -0.0177 0.6647
vn 0.0452 -0.0139 -0.9989
vn 0.9546 -0.0205 -0.2972
vn 0.0000 -1.0000 0.0000
vn 0.7078 -0.0175 -0.7062
vn 0.7342 -0.0175 -0.6787
vn 0.6661 -0.0209 -0.7456
vn 0.7580 -0.0210 0.6519
vn 0.7342 -0.0175 0.6787
vn 0.7072 -0.0174 0.7068
vn 0.0000 -1.0000 0.0000
vn 0.3092 -0.0137 0.9509
vn 0.1991 -0.0189 0.9798
vn 0.3671 -0.8757 -0.3136
vn 0.6087 -0.4548 0.6501
vn 0.3877 -0.9212 0.0326
vn 0.7517 -0.0176 0.6593
vn 0.3466 -0.0179 0.9379
vn -0.0001 1.0000 -0.0001
vn -0.0163 -0.0084 0.9998
vn 0.1515 -0.0149 -0.9883
vn 0.0000 -1.0000 0.0000
vn 0.7251 -0.0174 -0.6884
vn 0.6628 -0.0183 -0.7485
vn 0.9028 -0.0158 0.4298
vn 0.7756 -0.0216 -0.6309
vn 0.8503 -0.0206 0.5258
vn 0.7250 -0.0175 0.6885
vn 0.0000 -1.0000 0.0000
vn 0.3120 -0.0140 0.9500
vn 0.9922 -0.0190 0.1235
vn 0.9566 -0.0205 -0.2908
vn 0.2783 -0.2497 -0.9275
vn 0.7849 -0.0532 -0.6173
vn -0.2266 -0.0162 0.9738
vn 0.9631 -0.0970 0.2509
vn 0.6667 -0.7079 0.2331
vn 0.0000 -1.0000 0.0000
vn 0.7435 -0.0175 -0.6685
vn 0.7687 -0.0175 -0.6394
vn 0.7958 -0.0184 -0.6053
vn 0.7967 -0.0280 0.6037
vn -0.2266 -0.0162 0.9738
vn 0.7687 -0.0175 0.6394
vn 0.7431 -0.0175 0.6689
vn 0.0000 -1.0000 0.0000
vn 0.0000 1.0000 -0.0000
vn -0.1380 -0.0118 0.9904
vn 0.7852 -0.0174 -0.6191
vn 0.8235 -0.0183 -0.5670
vn 0.8076 -0.0199 0.5894
vn 0.8521 -0.0182 0.5230
vn -0.2266 -0.0162 0.9738
vn 0.3219 -0.0322 0.9462
vn 0.3119 -0.0150 -0.9500
vn 0.4362 -0.8955 -0.0886
vn 0.9856 -0.1125 -0.1258
vn -0.2571 -0.9629 -0.0815
vn 0.0000 -1.0000 0.0000
vn 0.7602 -0.0175 -0.6494
vn 0.7599 -0.0175 0.6498
vn 0.0000 -1.0000 0.0000
vn 0.3750 -0.0345 0.9264
vn 0.4186 -0.0147 0.9081
vn -0.6023 -0.0071 0.7983
vn 0.9998 -0.0186 -0.0077
vn 0.0000 1.0000 -0.0000
vn -0.3616 -0.0447 0.9313
vn 0.0000 -1.0000 0.0000
vn 0.7773 -0.0175 -0.6288
vn 0.8011 -0.0175 -0.5983
vn 0.8253 -0.0178 -0.5644
vn -0.3569 -0.0127 -0.9341
vn 0.8263 -0.0189 0.5629
vn 0.8171 -0.0238 0.5760
vn 0.8011 -0.0175 0.5983
vn 0.7770 -0.0175 0.6292
vn 0.0000 -1.0000 0.0000
vn 0.1441 -0.0160 -0.9894
vn 0.9546 -0.0205 -0.2972
vn 0.8306 -0.0177 -0.5566
vn -0.3569 -0.0127 -0.9341
vn 0.8364 -0.0405 -0.5466
vn 0.8395 -0.0204 0.5429
vn 0.8165 -0.0174 0.5771
vn 0.3462 -0.0187 0.9380
vn -0.6023 -0.0071 0.7983
vn 0.0000 -1.0000 0.0000
vn 0.7931 -0.0175 -0.6088
vn 0.8389 -0.0175 -0.5441
vn 0.8468 -0.0357 -0.5307
vn -0.3569 -0.0127 -0.9341
vn 0.8602 -0.1175 -0.4962
vn 0.7927 -0.0175 0.6093
vn 0.0000 -1.0000 0.0000
vn 0.0000 1.0000 -0.0000
vn -0.5147 -0.0585 0.8554
vn 0.8313 -0.0175 -0.5555
vn 0.8544 -0.0175 -0.5193
vn 0.8563 -0.0178 0.5162
vn 0.8313 -0.0175 0.5555
vn 0.3876 -0.0212 -0.9216
vn 0.0000 -1.0000 0.0000
vn 0.8091 -0.0175 -0.5874
vn 0.8456 -0.0175 -0.5336
vn 0.8648 -0.0176 -0.5018
vn 0.8684 -0.0176 0.4955
vn -0.1170 -0.0140 0.9930
vn 0.8093 -0.0175 0.5872
vn 0.0000 -1.0000 0.0000
vn 0.3659 -0.0138 0.9305
vn -0.4842 -0.0760 0.8717
vn -0.8499 -0.0523 0.5244
vn 0.2106 -0.8978 0.3867
vn 0.4947 -0.3025 0.8147
vn 0.9998 -0.0186 -0.0077
vn 0.0000 1.0000 -0.0000
vn -0.7205 -0.0596 0.6909
vn 0.8724 -0.0301 -0.4878
vn 0.9261 -0.1375 -0.3514
vn 0.5768 -0.0200 -0.8166
vn 0.6401 -0.7440 -0.1916
vn 0.8087 -0.5049 0.3017
vn -0.1170 -0.0140 0.9930
vn 0.8782 -0.0460 0.4760
vn 0.8455 -0.0175 0.5336
vn 0.4011 -0.0258 0.9157
vn 0.0000 1.0000 -0.0000
vn -0.7174 -0.0016 0.6967
vn 0.4330 -0.0154 -0.9013
vn 0.0000 -1.0000 0.0000
vn 0.8240 -0.0174 -0.5663
vn 0.8801 -0.0175 -0.4744
vn 0.4397 -0.8970 -0.0461
vn 0.9856 -0.1125 -0.1258
vn -0.3017 0.9534 -0.0036
vn -0.8958 0.1544 -0.4168
vn 0.2840 -0.9565 0.0674
vn 0.8994 -0.0244 0.4365
vn 0.3524 -0.0183 0.9357
vn 0.8813 -0.0180 0.4722
vn 0.8631 -0.0175 0.5047
vn -0.1170 -0.0140 0.9930
vn 0.8240 -0.0175 0.5663
vn 0.0000 -1.0000 0.0000
vn 0.3660 -0.0210 0.9304
vn 0.9998 -0.0186 -0.0077
vn 0.0000 1.0000 -0.0000
vn -0.7952 -0.0181 0.6061
vn 0.2603 -0.8916 -0.3705
vn 0.0000 -1.0000 0.0000
vn 0.8385 -0.0174 -0.5447
vn 0.8592 -0.0175 -0.5113
vn 0.8723 -0.0175 -0.4886
vn 0.9067 -0.0188 -0.4213
vn 0.8932 -0.0181 0.4493
vn 0.3524 -0.0183 0.9357
vn 0.8385 -0.0175 0.5446
vn 0.0000 -1.0000 0.0000
vn -0.8437 -0.0462 0.5348
vn 0.8857 -0.0186 -0.4638
vn 0.9100 -0.0181 0.4143
vn 0.8723 -0.0175 0.4887
vn -0.8243 -0.0251 0.5656
vn -0.2105 -0.5592 0.8018
vn 0.8277 0.2731 -0.4903
vn 0.4152 0.7468 0.5195
vn 0.0000 1.0000 0.0000
vn -0.7911 -0.0038 0.6116
vn -0.4476 0.8509 0.2748
vn 0.3459 -0.9000 -0.2654
vn 0.0000 -1.0000 0.0000
vn 0.8523 -0.0175 -0.5228
vn 0.8848 -0.0175 -0.4656
vn 0.9141 -0.0187 -0.4050
vn 0.9206 -0.0453 -0.3878
vn 0.9061 -0.0187 0.4228
vn 0.9089 -0.0884 0.4075
vn 0.8877 -0.0175 0.4601
vn 0.3524 -0.0183 0.9357
vn 0.8529 -0.0175 0.5218
vn 0.0000 -1.0000 0.0000
vn 0.3474 -0.5433 0.7643
vn 0.3946 -0.0136 0.9188
vn 0.3982 -0.0173 -0.9172
vn 0.0000 -1.0000 0.0000
vn 0.8660 -0.0175 -0.4998
vn 0.8967 -0.0180 -0.4423
vn 0.9223 -0.0201 -0.3859
vn 0.9255 -0.0177 0.3783
vn 0.8966 -0.0175 0.4424
vn 0.8658 -0.0175 0.5000
vn 0.0000 -1.0000 0.0000
vn 0.3894 -0.0135 0.9210
vn 0.3547 -0.0556 -0.9333
vn 0.9329 -0.0195 -0.3597
vn 0.9319 -0.0180 0.3622
vn 0.9285 -0.0305 0.3701
vn 0.9079 -0.0178 0.4187
vn 0.8154 0.3213 -0.4815
vn 0.4167 -0.0137 -0.9089
vn 0.0000 -1.0000 0.0000
vn 0.8784 -0.0175 -0.4776
vn 0.9080 -0.0175 -0.4187
vn 0.9186 -0.0175 -0.3948
vn 0.9424 -0.0189 -0.3338
vn 0.9467 -0.0171 0.3215
vn 0.9410 -0.0175 0.3380
vn 0.8789 -0.0175 0.4767
vn 0.0000 -1.0000 0.0000
vn 0.4144 -0.0137 0.9100
vn 0.6283 0.6880 0.3632
vn 0.0000 -1.0000 0.0000
vn 0.8909 -0.0175 -0.4539
vn 0.9610 -0.0185 -0.2758
vn -0.4299 0.8960 0.1109
vn 0.9481 -0.0173 0.3176
vn 0.9286 -0.0176 0.3706
vn 0.9186 -0.0175 0.3949
vn 0.8908 -0.0175 0.4541
vn 0.0000 -1.0000 0.0000
vn 0.6282 0.6880 -0.3632
vn 0.7642 0.4652 -0.4468
vn -0.7117 -0.5671 0.4145
vn 0.8277 0.2732 -0.4902
vn 0.6201 0.6974 0.3592
vn 0.3838 -0.0477 -0.9222
vn 0.0000 -1.0000 0.0000
vn 0.9021 -0.0175 -0.4311
vn 0.9286 -0.0175 -0.3706
vn 0.9380 -0.0175 -0.3461
vn 0.3121 -0.0164 -0.9499
vn 0.9625 -0.1984 -0.1847
vn 0.6201 -0.7649 -0.1741
vn 0.9601 -0.0182 -0.2792
vn 0.3121 -0.0164 -0.9499
vn 0.9610 -0.0173 0.2759
vn 0.9026 -0.0175 0.4302
vn 0.0000 -1.0000 0.0000
vn 0.6201 0.6974 -0.3592
vn 0.6453 0.4983 0.5790
vn -0.6977 -0.1122 0.7075
vn 0.7288 0.0336 0.6839
vn -0.1231 -0.4464 0.8863
vn 0.6359 0.6788 0.3672
vn 0.0000 -1.0000 0.0000
vn 0.9134 -0.0175 -0.4067
vn 0.9468 -0.0175 -0.3214
vn 0.9661 -0.0187 -0.2574
vn 0.9731 -0.0190 -0.2297
vn 0.9593 -0.2371 -0.1534
vn 0.9253 -0.2780 0.2580
vn 0.9719 -0.0179 0.2349
vn 0.9659 -0.0175 0.2584
vn 0.9468 -0.0174 0.3214
vn 0.9380 -0.0175 0.3462
vn 0.9133 -0.0175 0.4070
vn 0.0000 -1.0000 0.0000
vn 0.6359 0.6789 -0.3671
vn 0.6259 0.6916 0.3604
vn -0.6561 0.0135 -0.7546
vn -0.1187 -0.0387 -0.9922
vn -0.4691 -0.4421 -0.7645
vn -0.0584 -0.9194 -0.3889
vn 0.9539 -0.0205 -0.2995
vn 0.6703 -0.0240 -0.7417
vn 0.0000 -1.0000 0.0000
vn 0.9234 -0.0175 -0.3835
vn 0.9633 -0.0177 -0.2678
vn 0.3121 -0.0164 -0.9499
vn 0.9747 -0.0340 -0.2209
vn 0.9774 -0.0184 -0.2105
vn 0.9861 -0.0180 -0.1650
vn 0.9827 -0.0229 0.1838
vn 0.9780 -0.0184 0.2077
vn 0.9549 -0.0173 0.2965
vn 0.9238 -0.0175 0.3825
vn 0.0000 -1.0000 0.0000
vn 0.6259 0.6916 -0.3604
vn 0.8170 0.3169 -0.4817
vn -0.7117 -0.5671 0.4145
vn 0.3642 0.9055 0.2179
vn 0.0000 -1.0000 0.0000
vn 0.9334 -0.0175 -0.3583
vn 0.9623 -0.0175 -0.2714
vn 0.9846 -0.0182 -0.1741
vn 0.9926 -0.0275 -0.1185
vn 0.9908 -0.0175 -0.1342
vn 0.9811 -0.1340 0.1396
vn 0.9872 -0.0183 0.1586
vn 0.9912 -0.0183 0.1311
vn 0.9623 -0.0175 0.2715
vn 0.9333 -0.0175 0.3587
vn 0.0000 -1.0000 0.0000
vn 0.4307 -0.3652 0.8253
vn 0.3188 -0.8630 0.3920
vn 0.3300 -0.5246 0.7848
vn 0.4009 -0.0131 0.9160
vn 0.3761 0.8874 -0.2665
vn 0.6243 0.6932 0.3603
vn 0.3855 0.8943 0.2272
vn 0.3991 -0.0557 -0.9152
vn 0.0000 -1.0000 0.0000
vn 0.9425 -0.0175 -0.3338
vn 0.9691 -0.0175 -0.2461
vn 0.9752 -0.0175 -0.2207
vn 0.9945 -0.0180 -0.1028
vn 0.9975 -0.0178 -0.0689
vn 0.9840 -0.1635 -0.0711
vn 0.9979 -0.0178 -0.0622
vn 0.9994 -0.0179 -0.0303
vn 0.9997 -0.0201 -0.0132
vn 0.2548 -0.9655 -0.0535
vn 0.9998 -0.0174 -0.0020
vn 0.2548 -0.9655 -0.0535
vn 0.9994 -0.0331 0.0100
vn 0.2548 -0.9655 -0.0535
vn 0.9995 -0.0186 0.0265
vn 0.9597 -0.2810 0.0076
vn 0.9984 -0.0185 0.0530
vn 0.9971 -0.0183 0.0735
vn 0.9955 -0.0302 0.0903
vn 0.9942 -0.0184 0.1061
vn 0.9752 -0.0175 0.2208
vn 0.9691 -0.0175 0.2462
vn 0.9425 -0.0175 0.3337
vn 0.0000 -1.0000 0.0000
vn 0.3585 0.9102 -0.2077
vn 0.6242 0.6932 -0.3603
vn 0.0000 -1.0000 0.0000
vn 0.9511 -0.0175 -0.3083
vn 0.9806 -0.0175 -0.1951
vn 0.9854 -0.0178 -0.1693
vn 0.9854 -0.0175 0.1695
vn 0.9806 -0.0175 0.1952
vn 0.9508 -0.0174 0.3094
vn 0.0000 -1.0000 0.0000
vn 0.4432 -0.0161 -0.8963
vn 0.0000 -1.0000 0.0000
vn 0.9589 -0.0175 -0.2833
vn 0.9895 -0.0175 -0.1435
vn 0.9929 -0.0175 -0.1175
vn 0.9956 -0.0174 0.0916
vn 0.9895 -0.0179 0.1436
vn 0.9585 -0.0174 0.2846
vn 0.0000 -1.0000 0.0000
vn 0.4825 0.8164 -0.3172
vn 0.3876 -0.0157 -0.9217
vn 0.0000 -1.0000 0.0000
vn 0.9658 -0.0175 -0.2588
vn 0.9957 -0.0175 -0.0915
vn 0.9977 -0.0176 -0.0654
vn 0.9991 -0.0175 -0.0392
vn 0.9998 -0.0174 -0.0131
vn 0.9998 -0.0174 0.0131
vn 0.9991 -0.0175 0.0393
vn 0.9977 -0.0175 0.0655
vn 0.9929 -0.0175 0.1177
vn 0.9656 -0.0175 0.2595
vn 0.0000 -1.0000 0.0000
vn 0.3909 0.8899 0.2353
vn 0.3809 0.8968 0.2252
vn 0.0000 -1.0000 0.0000
vn 0.9724 -0.0175 -0.2328
vn 0.0000 -1.0000 0.0000
vn 0.9780 -0.0175 -0.2080
vn 0.9778 -0.0175 0.2089
vn 0.0000 -1.0000 0.0000
vn 0.9722 -0.0175 0.2334
vn 0.0000 -1.0000 0.0000
vn 0.4540 -0.0264 0.8906
vn 0.5392 0.7690 -0.3435
vn 0.4543 -0.0132 -0.8908
vn 0.0000 -1.0000 0.0000
vn 0.9832 -0.0175 -0.1817
vn 0.0000 -1.0000 0.0000
vn 0.9875 -0.0175 -0.1566
vn 0.9875 -0.0175 0.1567
vn 0.0000 -1.0000 0.0000
vn 0.9831 -0.0175 0.1823
vn 0.0000 -1.0000 0.0000
vn 0.0000 -1.0000 0.0000
vn 0.9913 -0.0175 -0.1301
vn 0.0000 -1.0000 0.0000
vn 0.9943 -0.0175 -0.1047
vn 0.0000 -1.0000 0.0000
vn 0.9968 -0.0175 -0.0782
vn 0.9968 -0.0175 0.0786
vn 0.0000 -1.0000 0.0000
vn 0.9944 -0.0175 0.1038
vn 0.0000 -1.0000 0.0000
vn 0.9913 -0.0175 0.1306
vn 0.0000 -1.0000 0.0000
vn 0.4656 -0.0132 -0.8849
vn 0.0000 -1.0000 0.0000
vn 0.9985 -0.0175 -0.0527
vn 0.0000 -1.0000 0.0000
vn 0.9995 -0.0175 -0.0260
vn 0.9998 -0.0174 -0.0004
vn 0.0000 -1.0000 0.0000
vn 0.9995 -0.0174 0.0256
vn 0.0000 -1.0000 0.0000
vn 0.9985 -0.0175 0.0518
vn 0.0000 -1.0000 0.0000
vn 0.4961 -0.0608 0.8661
vn 0.4607 -0.0133 0.8874
vn 0.4817 -0.0135 -0.8762
vn 0.5157 -0.0582 -0.8548
vn -0.5010 0.8530 0.1459
vn -0.8958 0.1544 -0.4168
vn 0.4890 -0.0139 0.8722
vn -0.8561 0.2992 -0.4214
vn 0.3345 -0.0263 -0.9420
vn -0.4187 -0.4613 -0.7823
vn 0.4628 -0.0213 -0.8862
vn 0.4591 -0.0138 -0.8883
vn 0.4780 -0.0131 0.8783
vn 0.4886 -0.0139 -0.8724
vn 0.4891 -0.0354 -0.8715
vn 0.4886 -0.0135 0.8724
vn 0.4886 -0.0131 0.8724
vn 0.3132 -0.2807 -0.9072
vn 0.6885 -0.0167 -0.7250
vn 0.5088 -0.7731 -0.3787
vn 0.5129 -0.0145 -0.8583
vn 0.4903 -0.0175 0.8714
vn 0.5269 -0.0139 -0.8498
vn 0.4967 -0.0132 0.8678
vn 0.4259 -0.1771 -0.8873
vn 0.6556 -0.2123 0.7246
vn 0.3168 -0.0155 0.9484
vn 0.5121 -0.0131 0.8588
vn 0.5122 -0.0137 -0.8588
vn 0.4182 0.0045 -0.9084
vn 0.4182 0.0101 -0.9083
vn 0.4883 -0.1023 -0.8667
vn 0.5074 -0.0324 -0.8611
vn 0.5054 -0.0141 -0.8628
vn 0.5222 -0.0163 0.8527
vn 0.5081 -0.1154 0.8535
vn 0.3610 -0.5764 -0.7331
vn 0.0760 -0.8904 -0.4487
vn 0.3453 -0.3722 -0.8615
vn -0.1162 -0.9759 -0.1849
vn 0.3945 -0.0175 -0.9187
vn 0.5341 -0.0189 -0.8452
vn 0.5224 -0.0130 0.8526
vn 0.4231 -0.0150 -0.9060
vn 0.9879 -0.0211 -0.1534
vn 0.5328 -0.0131 0.8461
vn 0.0000 1.0000 0.0000
vn -0.6376 0.2119 -0.7406
vn 0.4666 -0.0843 0.8804
vn 0.2471 -0.8556 -0.4550
vn -0.4037 -0.9075 0.1164
vn 0.5568 -0.0136 -0.8305
vn 0.5925 -0.0157 0.8054
vn 0.4405 -0.0202 -0.8975
vn 0.6153 -0.4976 -0.6114
vn 0.3540 -0.6874 0.6342
vn 0.0000 1.0000 0.0000
vn 0.4220 -0.0305 0.9061
vn 0.4294 -0.0409 -0.9022
vn -0.4782 -0.0383 0.8774
vn 0.4347 -0.4763 -0.7643
vn 0.5449 -0.0131 -0.8384
vn 0.9879 -0.0211 -0.1534
vn 0.5565 -0.0229 -0.8306
vn 0.5444 -0.0131 0.8387
vn 0.5543 -0.0135 -0.8322
vn 0.4776 -0.0164 -0.8784
vn 0.8400 -0.0188 -0.5423
vn 0.5241 -0.0136 -0.8515
vn 0.9946 -0.0198 -0.1019
vn 0.5265 -0.0159 0.8500
vn 0.5546 -0.0147 0.8320
vn 0.3088 -0.0153 0.9510
vn 0.4626 -0.2564 -0.8487
vn -0.4782 -0.0383 0.8774
vn 0.4126 0.5060 0.7574
vn 0.1863 -0.8737 0.4494
vn 0.5947 -0.0521 0.8023
vn 0.5073 -0.0276 0.8613
vn 0.4878 -0.0579 -0.8711
vn -0.4881 -0.0378 0.8719
vn 0.4886 -0.0168 -0.8724
vn 0.5025 -0.7309 -0.4618
vn 0.5461 -0.0152 -0.8376
vn 0.5860 -0.0143 0.8102
vn 0.6153 -0.4976 -0.6114
vn 0.3030 -0.8348 0.4597
vn 0.4819 -0.2551 -0.8383
vn -0.4980 -0.0372 0.8664
vn 0.4002 -0.6277 -0.6677
vn -0.3915 -0.8434 0.3679
vn 0.4993 -0.0164 -0.8663
vn 0.5981 -0.0133 -0.8013
vn 0.6583 -0.0175 -0.7525
vn 0.9351 -0.0260 0.3534
vn 0.4588 -0.0130 0.8884
vn 0.6255 -0.0708 0.7770
vn 0.5381 -0.1438 -0.8305
vn -0.5079 -0.0316 0.8608
vn 0.6113 -0.0345 0.7906
vn 0.5112 -0.0148 -0.8593
vn 0.7762 -0.0167 -0.6303
vn -0.3740 -0.0063 -0.9274
vn 0.9453 -0.0192 -0.3258
vn 0.6127 -0.0181 0.7901
vn 0.6010 -0.0298 -0.7987
vn 0.5065 -0.2089 -0.8366
vn -0.5177 -0.0260 0.8552
vn 0.4896 -0.0467 -0.8707
vn 0.9703 -0.0205 -0.2411
vn 0.3947 -0.8428 -0.3659
vn 0.5206 -0.0164 -0.8536
vn 0.6421 -0.0168 -0.7664
vn -0.3740 -0.0063 -0.9274
vn 0.9453 -0.0192 -0.3258
vn -0.3540 -0.0064 0.9352
vn 0.7043 -0.4719 0.5303
vn 0.1412 -0.9374 0.3185
vn 0.6161 -0.0148 0.7875
vn 0.5240 -0.1355 -0.8409
vn -0.5275 -0.0144 0.8494
vn 0.9855 -0.0016 0.1698
vn 0.6881 -0.6408 0.3404
vn 0.2904 -0.8342 -0.4687
vn 0.6285 -0.0134 -0.7777
vn 0.6424 -0.0224 0.7661
vn -0.3540 -0.0064 0.9352
vn 0.5335 -0.0170 -0.8456
vn 0.3047 -0.8233 -0.4789
vn 0.6202 -0.0322 -0.7838
vn 0.5335 -0.1165 -0.8377
vn -0.5372 -0.0028 0.8435
vn 0.6443 -0.0375 0.7639
vn 0.6547 -0.0348 0.7551
vn 0.3086 -0.8314 -0.4621
vn 0.7180 -0.6949 -0.0404
vn 0.8729 -0.0626 -0.4839
vn -0.3740 -0.0063 -0.9274
vn 0.7234 -0.0174 -0.6902
vn 0.6404 -0.0194 -0.7678
vn 0.6735 -0.0159 0.7391
vn 0.9453 -0.0192 -0.3258
vn -0.3540 -0.0064 0.9352
vn 0.5353 -0.0173 -0.8445
vn 0.7539 -0.0162 -0.6568
vn 0.0593 -0.0103 -0.9982
vn 0.3157 -0.8239 -0.4707
vn 0.4003 -0.4346 0.8068
vn 0.9610 -0.1680 0.2198
vn 0.4466 -0.8799 -0.1623
vn 0.6246 -0.0427 0.7797
vn 0.9917 -0.1150 0.0569
vn 0.7360 -0.4278 -0.5248
vn 0.6475 -0.0218 -0.7617
vn 0.6020 -0.0136 -0.7984
vn 0.8051 -0.0921 -0.5859
vn 0.3251 -0.0120 -0.9456
vn 0.3470 -0.8657 -0.3608
vn 0.6497 -0.0139 0.7601
vn 0.7467 -0.0127 0.6650
vn 0.6453 0.4983 0.5790
vn 0.0003 1.0000 0.0003
vn 0.9596 0.0078 0.2812
vn 0.8746 -0.0359 0.4836
vn 0.5033 -0.0823 0.8602
vn 0.6784 -0.1730 -0.7141
vn 0.3400 0.6294 0.6987
vn 0.5235 -0.0139 -0.8519
vn 0.6960 -0.0158 0.7179
vn 0.5601 -0.5615 0.6091
vn 0.7207 -0.3698 -0.5864
vn 0.1317 -0.9869 -0.0933
vn 0.7985 -0.0357 -0.6010
vn 0.0593 -0.0103 -0.9982
vn 0.7631 -0.0111 -0.6462
vn 0.6897 -0.0144 -0.7240
vn 0.6787 -0.0131 -0.7343
vn 0.6772 -0.0309 -0.7352
vn 0.4798 -0.8748 -0.0670
vn 0.7368 -0.0043 0.6761
vn 0.0001 1.0000 0.0001
vn 0.6919 -0.0116 0.7219
vn -0.0001 1.0000 -0.0001
vn 0.7540 -0.0191 0.6566
vn -0.0001 1.0000 -0.0001
vn 0.5131 -0.0800 0.8546
vn 0.6947 -0.0270 0.7188
vn 0.6307 -0.0165 0.7759
vn 0.6790 -0.0152 0.7340
vn 0.7059 -0.0255 -0.7079
vn 0.6935 -0.0138 -0.7203
vn 0.9724 -0.0439 0.2291
vn 0.4003 -0.4346 0.8068
vn 0.2343 -0.9640 -0.1256
vn 0.4849 -0.1049 0.8683
vn 0.7540 -0.5166 0.4056
vn 0.0000 1.0000 0.0000
vn 0.9372 0.0212 0.3481
vn 0.8156 -0.0362 -0.5774
vn 0.3588 -0.1236 -0.9252
vn 0.5046 -0.8291 -0.2406
vn 0.0000 1.0000 0.0000
vn -0.6376 0.2119 -0.7406
vn 0.9551 0.0263 0.2952
vn 0.6678 -0.1400 -0.7311
vn 0.9442 -0.0047 -0.3294
vn 0.9993 -0.0202 -0.0323
vn 0.9955 -0.0210 0.0927
vn 0.9954 -0.0561 -0.0778
vn 0.9689 -0.0155 0.2471
vn 0.8115 -0.0155 -0.5841
vn 0.9680 -0.0434 0.2471
vn 0.4003 -0.4346 0.8068
vn 0.6916 -0.0135 -0.7222
vn 0.6977 -0.0134 -0.7162
vn 0.7161 -0.0408 0.6968
vn 0.6977 -0.0132 0.7163
vn 0.6886 -0.0000 0.7252
vn -0.0002 1.0000 -0.0002
vn 0.6877 -0.0110 0.7259
vn 0.9901 0.0196 0.1393
vn 0.7209 -0.0144 -0.6929
vn 0.6972 -0.0439 -0.7155
vn 0.7115 -0.0136 0.7026
vn 0.7323 -0.0070 -0.6809
vn 0.6978 -0.0000 0.7163
vn 0.7162 -0.0134 0.6978
vn 0.7070 -0.0116 -0.7071
vn 0.7289 -0.0135 -0.6845
vn -0.4884 -0.0193 -0.8724
vn 0.7288 -0.0149 -0.6846
vn -0.4884 -0.0193 -0.8724
vn 0.7448 -0.0153 0.6671
vn 0.7460 -0.0910 0.6597
vn 0.6284 -0.6401 0.4421
vn 0.7071 -0.0000 0.7071
vn -0.0000 1.0000 -0.0000
vn 0.7068 -0.0116 0.7073
vn 0.7163 -0.0000 -0.6978
vn 0.7163 -0.0000 0.6978
vn 0.7578 -0.1007 -0.6447
vn -0.4884 -0.0193 -0.8724
vn 0.7718 -0.1296 0.6225
vn 0.7343 -0.0142 0.6787
vn 0.7258 -0.0115 -0.6878
vn 0.7342 -0.0131 -0.6788
vn 0.7463 -0.0136 -0.6654
vn 0.7323 -0.0159 0.6808
vn 0.7254 0.0000 0.6884
vn -0.0000 1.0000 -0.0000
vn 0.7250 -0.0116 0.6886
vn 0.7308 0.0006 -0.6826
vn 0.7343 -0.0000 0.6788
vn 0.7572 -0.0465 -0.6515
vn 0.7696 -0.0225 0.6381
vn 0.7435 -0.0116 -0.6687
vn 0.7517 -0.0133 -0.6594
vn 0.7586 -0.0187 -0.6513
vn 0.7436 -0.0142 0.6685
vn 0.7518 -0.0137 0.6593
vn 0.7431 0.0000 0.6691
vn -0.0000 1.0000 -0.0000
vn 0.7427 -0.0116 0.6695
vn 0.7553 0.0006 -0.6554
vn 0.7518 -0.0000 0.6593
vn 0.7691 -0.0264 -0.6385
vn 0.7687 -0.0132 0.6395
vn 0.7606 -0.0115 -0.6491
vn 0.7687 -0.0131 -0.6395
vn 0.8394 -0.0164 -0.5433
vn 0.7755 -0.0141 0.6312
vn 0.7807 -0.0000 0.6249
vn -0.0001 1.0000 -0.0001
vn 0.7655 -0.0086 0.6434
vn 0.7688 -0.0000 -0.6394
vn 0.7852 -0.0131 0.6191
vn 0.7773 -0.0115 -0.6290
vn 0.7853 -0.0159 -0.6189
vn 0.7305 -0.0174 -0.6826
vn 0.8049 -0.1234 0.5804
vn 0.7959 -0.0137 0.6053
vn 0.7766 -0.0106 0.6299
vn 0.7853 0.0015 -0.6191
vn 0.8012 -0.0134 0.5983
vn 0.7934 -0.0115 -0.6085
vn 0.8011 -0.0132 -0.5983
vn 0.8151 -0.0137 -0.5792
vn 0.7976 -0.0360 -0.6021
vn 0.8673 -0.1902 -0.4601
vn 0.2140 -0.0218 -0.9766
vn 0.4907 -0.8024 -0.3396
vn 0.8280 -0.0929 0.5530
vn 0.8097 -0.0143 0.5867
vn 0.7932 -0.0117 0.6088
vn 0.8164 -0.0658 -0.5737
vn 0.8013 -0.0000 -0.5983
vn 0.8166 -0.0134 -0.5771
vn 0.8211 -0.0139 -0.5706
vn 0.8211 -0.0142 0.5705
vn 0.8166 -0.0134 0.5771
vn 0.8090 -0.0115 -0.5877
vn 0.8556 -0.0632 0.5138
vn 0.8089 -0.0123 0.5878
vn 0.8331 -0.0288 -0.5523
vn 0.8136 0.0006 -0.5814
vn 0.8395 -0.0134 0.5432
vn 0.8245 -0.0116 -0.5658
vn 0.8314 -0.0132 -0.5555
vn 0.8383 -0.0135 -0.5450
vn 0.8314 -0.0131 0.5556
vn 0.8242 -0.0126 0.5662
vn 0.8471 -0.0211 -0.5311
vn 0.8344 0.0006 -0.5512
vn 0.8858 -0.2206 -0.4082
vn 0.7559 -0.0166 -0.6545
vn 0.8456 -0.0132 -0.5336
vn 0.8740 -0.0148 -0.4857
vn 0.9380 -0.0247 -0.3458
vn 0.0251 -0.0217 0.9994
vn 0.7623 -0.5171 0.3892
vn 0.8525 -0.0194 0.5223
vn 0.9380 -0.0247 -0.3458
vn 0.8456 -0.0132 0.5336
vn 0.8386 -0.0115 -0.5447
vn 0.8389 -0.0126 0.5441
vn 0.8457 -0.0000 -0.5336
vn 0.8593 -0.0142 -0.5112
vn 0.8483 -0.0150 -0.5294
vn 0.8668 -0.0715 0.4935
vn 0.8680 -0.0204 0.4961
vn 0.0251 -0.0217 0.9994
vn 0.8593 -0.0131 0.5113
vn 0.9380 -0.0247 -0.3458
vn 0.0251 -0.0217 0.9994
vn 0.8525 -0.0115 -0.5226
vn 0.8717 -0.0277 -0.4893
vn 0.8528 -0.0122 0.5221
vn 0.8567 0.0006 -0.5158
vn 0.8724 -0.0133 -0.4886
vn 0.8761 -0.0135 -0.4820
vn 0.8879 -0.0730 -0.4543
vn 0.9754 -0.0214 0.2196
vn 0.8852 -0.0170 0.4649
vn 0.8798 -0.0134 0.4751
vn 0.8724 -0.0132 0.4887
vn 0.8658 -0.0116 -0.5002
vn 0.8847 -0.0162 -0.4658
vn 0.8661 -0.0115 0.4997
vn 0.8750 0.0006 -0.4840
vn 0.8849 -0.0132 -0.4657
vn 0.8881 -0.0134 -0.4595
vn 0.9754 -0.0214 0.2196
vn 0.8922 -0.1221 0.4349
vn 0.8974 -0.0138 0.4409
vn 0.8849 -0.0132 0.4657
vn 0.8786 -0.0115 -0.4775
vn 0.8789 -0.0105 0.4769
vn 0.9371 -0.0189 -0.3486
vn 0.8993 -0.0140 0.4370
vn 0.9100 -0.0323 0.4134
vn 0.8850 -0.0000 -0.4656
vn 0.8968 -0.0133 -0.4423
vn 0.8968 -0.0135 0.4423
vn 0.8315 0.0004 0.5556
vn 0.0000 1.0000 0.0000
vn 0.8907 -0.0115 -0.4544
vn 0.8761 0.0000 0.4822
vn -0.0000 1.0000 -0.0000
vn 0.8871 -0.0086 0.4615
vn 0.9408 -0.0146 -0.3386
vn 0.1778 -0.0259 -0.9837
vn 0.9137 -0.0148 -0.4061
vn 0.1778 -0.0259 -0.9837
vn 0.9143 -0.0385 -0.4032
vn 0.9201 -0.0250 0.3909
vn 0.9114 -0.0136 0.4113
vn 0.9080 -0.0133 0.4187
vn 0.8969 0.0015 -0.4423
vn 0.9275 -0.0821 -0.3648
vn 0.8969 -0.0000 0.4423
vn 0.9022 -0.0115 -0.4311
vn 0.9276 -0.0140 -0.3734
vn 0.8675 -0.4514 -0.2090
vn 0.1778 -0.0259 -0.9837
vn 0.5963 -0.7383 -0.3151
vn 0.9362 -0.0148 0.3511
vn 0.6009 -0.0214 -0.7990
vn 0.8931 -0.3519 0.2803
vn -0.0837 -0.0276 0.9961
vn 0.9026 0.0000 0.4305
vn 0.0000 1.0000 -0.0000
vn 0.9025 -0.0116 0.4305
vn 0.9081 -0.0000 -0.4187
vn 0.9187 -0.0132 -0.3948
vn 0.9187 -0.0132 0.3947
vn 0.9081 -0.0000 0.4187
vn 0.9132 -0.0115 -0.4074
vn 0.9287 -0.0135 -0.3706
vn 0.9289 -0.0140 -0.3701
vn 0.9334 -0.0131 0.3586
vn 0.6009 -0.0214 -0.7990
vn -0.0837 -0.0276 0.9961
vn 0.9381 -0.0137 0.3460
vn -0.0837 -0.0276 0.9961
vn 0.9135 0.0000 0.4067
vn 0.0000 1.0000 -0.0000
vn 0.9135 -0.0116 0.4068
vn 0.9188 0.0015 -0.3947
vn 0.9188 -0.0000 0.3947
vn 0.9235 -0.0115 -0.3834
vn 0.9381 -0.0131 -0.3461
vn 0.9438 -0.0149 -0.3301
vn 0.9461 -0.0256 0.3229
vn 0.9306 -0.0154 0.3656
vn 0.9267 -0.0137 0.3754
vn 0.6009 -0.0214 -0.7990
vn 0.9239 -0.0000 0.3827
vn 0.0000 1.0000 -0.0000
vn 0.9238 -0.0116 0.3827
vn 0.9288 -0.0000 -0.3706
vn 0.9472 -0.0372 -0.3185
vn 0.9288 -0.0000 0.3705
vn 0.9335 -0.0116 -0.3584
vn 0.9469 -0.0133 -0.3214
vn 0.9502 -0.0135 -0.3114
vn 0.8731 -0.0253 0.4870
vn 0.8336 -0.5004 -0.2339
vn 0.9047 -0.3729 0.2062
vn 0.9544 -0.0323 0.2968
vn 0.9546 -0.0135 0.2976
vn 0.9336 -0.0000 0.3584
vn 0.0000 1.0000 -0.0000
vn 0.9333 -0.0116 0.3588
vn 0.9382 0.0015 -0.3461
vn 0.9555 -0.0201 -0.2944
vn 0.9618 -0.0146 0.2732
vn 0.9468 -0.0132 0.3215
vn 0.9382 -0.0000 0.3461
vn 0.9425 -0.0116 -0.3339
vn 0.9592 -0.0133 -0.2825
vn 0.8731 -0.0253 0.4870
vn 0.9549 -0.0134 0.2966
vn 0.9426 -0.0000 0.3338
vn 0.0000 1.0000 -0.0000
vn 0.9425 -0.0116 0.3341
vn 0.9469 -0.0000 -0.3214
vn 0.9549 -0.0131 -0.2965
vn 0.9579 -0.0149 -0.2867
vn 0.9129 -0.3865 0.1316
vn 0.3607 -0.0253 -0.9323
vn 0.9615 -0.0146 0.2744
vn 0.9469 -0.0000 0.3214
vn 0.9510 -0.0116 -0.3089
vn 0.9547 -0.0136 -0.2973
vn 0.8731 -0.0253 0.4870
vn 0.9745 -0.0250 -0.2232
vn 0.9721 -0.0477 0.2297
vn 0.9624 -0.0138 0.2714
vn 0.9511 0.0000 0.3090
vn 0.0000 1.0000 -0.0000
vn 0.9508 -0.0116 0.3094
vn 0.9535 0.0006 -0.3015
vn 0.9734 -0.0134 -0.2285
vn 0.9683 -0.0222 -0.2487
vn 0.9719 -0.0191 0.2348
vn 0.9550 -0.0000 0.2966
vn 0.9589 -0.0116 -0.2833
vn 0.9691 -0.0132 -0.2462
vn 0.9781 -0.0137 -0.2075
vn 0.9778 -0.0189 0.2085
vn 0.9691 -0.0133 0.2462
vn 0.9588 0.0000 0.2840
vn 0.0000 1.0000 0.0000
vn 0.9586 -0.0116 0.2846
vn 0.9639 0.0006 -0.2664
vn 0.9752 -0.0133 -0.2207
vn 0.9907 -0.0164 -0.1354
vn 0.9790 -0.0503 -0.1974
vn 0.9238 -0.3791 -0.0544
vn 0.8166 -0.5032 -0.2828
vn 0.2895 -0.0219 0.9569
vn 0.9102 -0.2948 -0.2909
vn 0.8759 -0.4814 0.0334
vn 0.9832 -0.0176 0.1818
vn 0.9752 -0.0131 0.2207
vn 0.9625 -0.0000 0.2714
vn 0.9660 -0.0115 -0.2582
vn 0.9777 -0.0155 -0.2092
vn 0.9874 -0.0132 0.1576
vn 0.9856 -0.0291 0.1668
vn 0.9807 -0.0131 0.1951
vn 0.9659 0.0000 0.2588
vn -0.0000 1.0000 -0.0000
vn 0.9657 -0.0116 0.2595
vn 0.9692 -0.0000 -0.2462
vn 0.9807 -0.0133 -0.1951
vn 0.9966 -0.0152 -0.0815
vn 0.9889 -0.0355 -0.1443
vn 0.9955 -0.0572 -0.0758
vn 0.9931 -0.1134 0.0289
vn 0.9916 -0.0141 0.1288
vn 0.3607 -0.0253 -0.9323
vn 0.9899 -0.0232 0.1398
vn 0.9855 -0.0132 0.1694
vn 0.9692 -0.0000 0.2462
vn 0.9724 -0.0115 -0.2330
vn 0.9753 0.0015 -0.2207
vn 0.9854 -0.0147 -0.1694
vn 0.9886 -0.0163 -0.1497
vn 0.8508 -0.4036 -0.3365
vn 0.9245 -0.3797 -0.0345
vn 0.9963 -0.0135 -0.0850
vn 0.9981 -0.0566 -0.0259
vn 0.9978 -0.0195 0.0639
vn 0.9967 -0.0136 0.0802
vn 0.9950 -0.0412 0.0908
vn 0.9884 -0.0159 0.1512
vn 0.9896 -0.0131 0.1435
vn 0.9753 -0.0000 0.2207
vn 0.9724 0.0000 0.2334
vn 0.0000 1.0000 0.0000
vn 0.9721 -0.0116 0.2342
vn 0.9782 -0.0115 -0.2075
vn 0.9896 -0.0132 -0.1435
vn 0.9930 -0.0146 -0.1176
vn 0.9980 -0.0333 -0.0534
vn 0.9984 -0.0161 -0.0537
vn 0.2895 -0.0219 0.9569
vn 0.9887 -0.0187 -0.1491
vn 0.9999 -0.0135 -0.0065
vn 0.9997 -0.0197 0.0136
vn 0.9989 -0.0143 0.0437
vn 0.9995 -0.0140 0.0284
vn -0.0000 1.0000 0.0000
vn 0.9781 -0.0000 0.2079
vn 0.9779 -0.0116 0.2087
vn 0.9808 -0.0000 -0.1951
vn 0.9832 -0.0115 -0.1819
vn 0.9957 -0.0133 -0.0915
vn 0.9957 -0.0133 0.0915
vn 0.9868 -0.0138 0.1614
vn 0.3607 -0.0253 -0.9323
vn 0.0000 1.0000 0.0000
vn 0.9833 -0.0000 0.1822
vn 0.9832 -0.0117 0.1824
vn 0.9808 -0.0000 0.1951
vn 0.9856 0.0015 -0.1694
vn 0.9877 -0.0115 -0.1562
vn 0.9978 -0.0131 -0.0654
vn 0.9899 -0.0151 -0.1409
vn 0.2895 -0.0219 0.9569
vn 0.9998 -0.0133 -0.0131
vn 0.9998 -0.0132 0.0131
vn 0.9991 -0.0137 0.0392
vn 0.9978 -0.0132 0.0654
vn -0.0000 1.0000 -0.0000
vn 0.9877 0.0000 0.1564
vn 0.9876 -0.0117 0.1563
vn 0.9856 -0.0000 0.1694
vn 0.9897 -0.0000 -0.1435
vn 0.9914 -0.0115 -0.1304
vn 0.9931 0.0015 -0.1175
vn 0.9931 -0.0000 0.1175
vn -0.0000 1.0000 -0.0000
vn 0.9914 0.0000 0.1305
vn 0.9915 -0.0116 0.1299
vn 0.9897 -0.0000 0.1435
vn 0.9945 -0.0115 -0.1045
vn 0.9958 -0.0000 -0.0915
vn 0.9968 -0.0116 -0.0789
vn -0.0000 1.0000 -0.0000
vn 0.9969 0.0000 0.0785
vn 0.9969 -0.0116 0.0779
vn 0.9958 -0.0000 0.0915
vn -0.0000 1.0000 -0.0000
vn 0.9945 0.0000 0.1045
vn 0.9945 -0.0116 0.1039
vn 0.9979 0.0015 -0.0654
vn 0.9986 -0.0115 -0.0525
vn 0.9992 -0.0000 -0.0393
vn 0.9996 -0.0115 -0.0264
vn 0.9999 0.0015 -0.0131
vn 0.9999 -0.0115 -0.0003
vn 0.9999 -0.0000 0.0131
vn 0.9996 -0.0115 0.0258
vn 0.9994 0.0006 0.0340
vn -0.0000 1.0000 -0.0000
vn 0.9988 0.0003 0.0480
vn 0.9986 -0.0116 0.0518
vn 0.9979 -0.0000 0.0654
vn -0.7231 -0.0132 -0.6906
vn -0.7140 -0.0131 -0.7000
vn 0.0000 -1.0000 0.0000
vn 0.0000 -1.0000 0.0000
vn 0.0000 -1.0000 0.0000
vn 0.0000 -1.0000 0.0000
vn 0.0000 -1.0000 0.0000
vn 0.0000 -1.0000 0.0000
vn 0.0000 -1.0000 0.0000
vn -0.0000 1.0000 -0.0000
vn 1.0000 0.0014 0.0096
vn -0.0000 1.0000 -0.0000
vn -0.0000 1.0000 -0.0000
vn -0.0000 1.0000 -0.0000
vn 0.9992 0.0019 -0.0393
vn -0.0131 0.0000 0.9999
vn 0.9958 0.0019 -0.0915
vn 0.9896 0.0019 -0.1435
vn 0.9808 0.0019 -0.1951
vn 0.9701 0.0014 -0.2428
vn 0.9588 0.0006 -0.2840
vn -0.2994 0.0013 0.9541
vn 0.9458 0.0014 -0.3247
vn 0.9288 0.0019 -0.3706
vn 0.9081 0.0019 -0.4187
vn 0.8866 0.0014 -0.4625
vn 0.8660 0.0006 -0.5000
vn 0.8457 0.0009 -0.5336
vn 0.8241 0.0006 -0.5664
vn 0.7992 0.0014 -0.6011
vn 0.7711 0.0014 -0.6368
vn 0.7431 0.0006 -0.6691
vn 0.7284 -0.0040 -0.6852
vn 0.5187 -0.0393 -0.8540
vn 0.4919 -0.0152 -0.8705
vn 0.4396 -0.0220 -0.8979
vn 0.0000 -1.0000 0.0000
vn 0.0000 -1.0000 0.0000
vn 0.0000 -1.0000 0.0000
vn 0.0000 -1.0000 0.0000
vn 0.0000 -1.0000 0.0000
vn 0.0000 -1.0000 0.0000
vn 0.0000 -1.0000 0.0000
vn 0.0000 -1.0000 0.0000
vn 0.0000 -1.0000 0.0000
vn 0.0000 -1.0000 0.0000
vn 0.0000 -1.0000 0.0000
vn 0.0000 -1.0000 0.0000
vn 0.0000 -1.0000 0.0000
vn 0.0000 -1.0000 0.0000
vn 0.0000 -1.0000 0.0000
vn 0.0000 -1.0000 0.0000
vn 0.0000 -1.0000 0.0000
vn 0.0000 -1.0000 0.0000
vn 0.0000 -1.0000 0.0000
vn 0.0000 -1.0000 0.0000
vn 0.0000 -1.0000 0.0000
vn 0.0000 -1.0000 0.0000
vn 0.0000 -1.0000 0.0000
vn 0.0000 -1.0000 0.0000
vn 0.0000 -1.0000 0.0000
vn 0.0000 -1.0000 0.0000
vn 0.0000 -1.0000 0.0000
vn 0.0000 -1.0000 0.0000
vn 0.0000 -1.0000 0.0000
vn 0.0000 -1.0000 0.0000
vn 0.0000 -1.0000 0.0000
vn 0.0000 -1.0000 0.0000
vn 0.0000 -1.0000 0.0000
vn 0.0000 -1.0000 0.0000
vn 0.0000 -1.0000 0.0000
vn 0.0000 -1.0000 0.0000
vn 0.0000 -1.0000 0.0000
vn 0.0000 -1.0000 0.0000
vn 0.0000 -1.0000 0.0000
vn 0.0000 -1.0000 0.0000
vn 0.0000 -1.0000 0.0000
vn 0.0000 -1.0000 0.0000
vn 0.0000 -1.0000 0.0000
vn 0.0000 -1.0000 0.0000
vn 0.0000 -1.0000 0.0000
vn 0.0000 -1.0000 0.0000
vn 0.0000 -1.0000 0.0000
vn 0.0000 -1.0000 0.0000
vn 0.0000 -1.0000 0.0000
vn 0.0000 -1.0000 0.0000
vn 0.0000 -1.0000 0.0000
vn 0.0000 -1.0000 0.0000
vn 0.0000 -1.0000 0.0000
vn 0.0000 -1.0000 0.0000
vn 0.0000 -1.0000 0.0000
vn 0.0000 -1.0000 0.0000
vn 0.0000 -1.0000 0.0000
vn 0.0000 -1.0000 0.0000
vn 0.0000 -1.0000 0.0000
vn 0.0000 -1.0000 0.0000
vn 0.0000 -1.0000 0.0000
vn 0.0000 -1.0000 0.0000
vn 0.0000 -1.0000 0.0000
vn 0.0000 -1.0000 0.0000
vn 0.0000 -1.0000 0.0000
vn 0.0000 -1.0000 0.0000
vn 0.0000 -1.0000 0.0000
vn 0.0000 -1.0000 0.0000
vn 0.0000 -1.0000 0.0000
vn 0.0000 -1.0000 0.0000
vn 0.0000 -1.0000 0.0000
vn 0.0000 -1.0000 0.0000
vn 0.0000 -1.0000 0.0000
vn 0.0000 -1.0000 0.0000
vn 0.0000 -1.0000 0.0000
vn 0.0000 -1.0000 0.0000
vn 0.0000 -1.0000 0.0000
vn 0.0000 -1.0000 0.0000
vn 0.0000 -1.0000 0.0000
vn 0.0000 -1.0000 0.0000
vn 0.0000 -1.0000 0.0000
vn 0.0000 -1.0000 0.0000
vn 0.0000 -1.0000 0.0000
vn 0.0000 -1.0000 0.0000
vn 0.0000 -1.0000 0.0000
vn 0.0000 -1.0000 0.0000
vn 0.0000 -1.0000 0.0000
vn 0.0000 -1.0000 0.0000
vn 0.0000 -1.0000 0.0000
vn 0.0000 -1.0000 0.0000
vn 0.0000 -1.0000 0.0000
vn 0.0000 -1.0000 0.0000
vn 0.0000 -1.0000 0.0000
vn 0.0000 -1.0000 0.0000
vn 0.0000 -1.0000 0.0000
vn -0.6561 0.0135 -0.7546
vn -0.2271 -0.7992 -0.5566
vn 0.3345 -0.0263 -0.9420
vn 0.0000 -1.0000 0.0000
vn 0.0000 -1.0000 0.0000
vn 0.0000 -1.0000 0.0000
vn 0.0000 -1.0000 0.0000
vn 0.0000 -1.0000 0.0000
vn 0.0000 -1.0000 0.0000
vn 0.0000 -1.0000 0.0000
vn 0.0000 -1.0000 0.0000
vn 0.0000 -1.0000 0.0000
vn 0.0000 -1.0000 0.0000
vn 0.0000 -1.0000 0.0000
vn 0.0000 -1.0000 0.0000
vn 0.0000 -1.0000 0.0000
vn 0.0000 -1.0000 0.0000
vn 0.0000 -1.0000 0.0000
vn 0.0000 -1.0000 0.0000
vn 0.0000 -1.0000 0.0000
vn 0.0000 -1.0000 0.0000
vn 0.0000 -1.0000 0.0000
vn 0.0000 -1.0000 0.0000
vn 0.0000 -1.0000 0.0000
vn 0.0000 -1.0000 0.0000
vn 0.0000 -1.0000 0.0000
vn 0.0000 -1.0000 0.0000
vn 0.0000 -1.0000 0.0000
vn 0.0000 -1.0000 0.0000
vn 0.0000 -1.0000 0.0000
vn 0.0000 -1.0000 0.0000
vn 0.0000 -1.0000 0.0000
vn 0.0000 -1.0000 0.0000
vn 0.0000 -1.0000 0.0000
vn 0.0000 -1.0000 0.0000
vn 0.0000 -1.0000 0.0000
vn 0.0000 -1.0000 0.0000
vn 0.0000 -1.0000 0.0000
vn 0.0000 -1.0000 0.0000
vn 0.0000 -1.0000 0.0000
vn 0.0000 -1.0000 0.0000
vn 0.0000 -1.0000 0.0000
vn 0.0000 -1.0000 0.0000
vn 0.0000 -1.0000 0.0000
vn 0.0000 -1.0000 0.0000
vn 0.0000 -1.0000 0.0000
vn 0.0120 -0.0000 -0.9999
vn 0.2176 -0.0010 -0.9760
vn -0.0000 1.0000 0.0000
vn -0.0000 1.0000 0.0000
vn -0.0000 1.0000 0.0000
vn -0.0000 1.0000 0.0000
vn -0.0000 1.0000 0.0000
vn -0.0000 1.0000 0.0000
vn -0.0000 1.0000 0.0000
vn -0.0000 1.0000 0.0000
vn 0.0000 1.0000 0.0000
vn 0.0000 1.0000 0.0000
vn 0.0000 1.0000 0.0000
vn 0.0000 1.0000 0.0000
vn -0.0000 1.0000 -0.0000
vn -0.0000 1.0000 -0.0000
vn 0.1966 -0.0000 -0.9805
vn 0.2194 -0.0000 -0.9756
vn -0.2194 -0.0000 -0.9756
vn -0.1966 -0.0000 -0.9805
vn -0.0120 -0.0000 -0.9999
vn 0.2195 -0.0000 0.9756
vn 0.1938 -0.0000 0.9810
vn 0.1967 -0.0000 0.9805
vn 0.1682 -0.0000 0.9857
vn 0.1708 -0.0000 0.9853
vn 0.1424 -0.0000 0.9898
vn 0.1446 -0.0000 0.9895
vn 0.1160 -0.0000 0.9933
vn 0.1187 -0.0000 0.9929
vn 0.0899 -0.0000 0.9960
vn 0.0928 -0.0000 0.9957
vn 0.0637 -0.0000 0.9980
vn 0.0669 -0.0000 0.9978
vn 0.0375 -0.0000 0.9993
vn 0.0408 -0.0000 0.9992
vn 0.0148 -0.0000 0.9999
vn 0.0000 -1.0000 0.0000
vn 0.0000 -1.0000 0.0000
vn 0.0000 -1.0000 0.0000
vn 0.0000 -1.0000 0.0000
vn 0.0000 -1.0000 0.0000
vn 0.0000 -1.0000 0.0000
vn 0.0000 -1.0000 0.0000
vn 0.0000 -1.0000 0.0000
vn 0.0000 -1.0000 0.0000
vn 0.0000 -1.0000 0.0000
vn 0.0000 -1.0000 0.0000
vn 0.0000 -1.0000 0.0000
vn 0.0000 -1.0000 0.0000
vn 0.0000 -1.0000 0.0000
vn 0.0000 -1.0000 0.0000
vn 0.0000 -1.0000 0.0000
vn 0.0000 -1.0000 0.0000
vn 0.0000 -1.0000 0.0000
vn 0.0000 -1.0000 0.0000
vn 0.0000 -1.0000 0.0000
vn 0.0000 -1.0000 0.0000
vn 0.0000 -1.0000 0.0000
vn 0.0000 -1.0000 0.0000
vn 0.0000 -1.0000 0.0000
vn 0.0000 -1.0000 0.0000
vn 0.0000 -1.0000 0.0000
vn 0.0000 -1.0000 0.0000
vn 0.0000 -1.0000 0.0000
vn 0.0000 -1.0000 0.0000
vn 0.0000 -1.0000 0.0000
vn 0.0000 -1.0000 0.0000
vn 0.0000 -1.0000 0.0000
vn 0.0000 -1.0000 0.0000
vn 0.0000 -1.0000 0.0000
vn 0.0000 -1.0000 0.0000
vn 0.0000 -1.0000 0.0000
vn 0.0000 -1.0000 0.0000
vn 0.0000 -1.0000 0.0000
vn 0.0000 -1.0000 0.0000
vn 0.0000 -1.0000 0.0000
vn 0.0000 -1.0000 0.0000
vn 0.0000 -1.0000 0.0000
vn 0.0000 -1.0000 0.0000
vn 0.0000 -1.0000 0.0000
vn 0.0000 -1.0000 0.0000
vn 0.0000 -1.0000 0.0000
vn 0.0000 -1.0000 0.0000
vn 0.0000 -1.0000 0.0000
vn 0.0000 -1.0000 0.0000
vn 0.0000 -1.0000 0.0000
vn 0.0000 -1.0000 0.0000
vn 0.0000 -1.0000 0.0000
vn 0.0000 -1.0000 0.0000
vn 0.0000 -1.0000 0.0000
vn 0.0000 -1.0000 0.0000
vn 0.0000 -1.0000 0.0000
vn 0.0000 -1.0000 0.0000
vn 0.0000 -1.0000 0.0000
vn 0.0000 -1.0000 0.0000
vn 0.0000 -1.0000 0.0000
vn 0.0000 -1.0000 0.0000
vn 0.0000 -1.0000 0.0000
vn 0.0000 -1.0000 0.0000
vn 0.0000 -1.0000 0.0000
vn 0.0000 -1.0000 0.0000
vn 0.0000 -1.0000 0.0000
vn 0.0000 -1.0000 0.0000
vn 0.0000 -1.0000 0.0000
vn 0.0000 -1.0000 0.0000
vn 0.0000 -1.0000 0.0000
vn 0.0000 -1.0000 0.0000
vn 0.0000 -1.0000 0.0000
vn 0.0000 -1.0000 0.0000
vn 0.0000 -1.0000 0.0000
vn 0.0000 -1.0000 0.0000
vn 0.0000 -1.0000 0.0000
vn 0.0000 -1.0000 0.0000
vn 0.0000 -1.0000 0.0000
vn 0.0000 -1.0000 0.0000
vn 0.0000 -1.0000 0.0000
vn 0.0000 -1.0000 0.0000
vn 0.0000 -1.0000 0.0000
vn 0.0000 -1.0000 0.0000
vn 0.0000 -1.0000 0.0000
vn 0.0000 -1.0000 0.0000
vn 0.0000 -1.0000 0.0000
vn 0.0000 -1.0000 0.0000
vn 0.0000 -1.0000 0.0000
vn 0.0000 -1.0000 0.0000
vn 0.0000 -1.0000 0.0000
vn 0.0000 -1.0000 0.0000
vn 0.0000 -1.0000 0.0000
vn 0.0000 -1.0000 0.0000
vn 0.0000 -1.0000 0.0000
vn 0.0000 -1.0000 0.0000
vn -0.2424 0.0000 0.9702
vn 0.2225 0.0000 0.9749
vn 0.3418 -0.0125 0.9397
vn -0.4072 -0.5599 0.7215
vn 0.2424 0.0000 0.9702
vn -0.0004 1.0000 -0.0004
vn -0.3350 -0.0277 0.9418
vn -0.3240 -0.0289 -0.9456
vn 0.2654 -0.0259 0.9638
vn -0.2296 -0.0216 -0.9731
vn -0.3170 -0.0273 0.9480
vn 0.4949 -0.4213 -0.7600
vn 0.3755 -0.0242 -0.9265
vn -0.3416 -0.4869 -0.8039
vn 0.0000 1.0000 0.0000
vn 0.5115 -0.0182 0.8591
vn -0.5372 -0.0028 0.8435
vn 0.4495 -0.3200 -0.8340
vn 0.3001 -0.9233 -0.2397
vn 0.2085 -0.0222 0.9778
vn 0.3203 -0.0293 0.9469
vn 0.4664 -0.1428 -0.8730
vn 0.4234 -0.2841 -0.8603
vn 0.7916 0.3817 -0.4772
vn -0.7117 -0.5671 0.4145
vn 0.6625 -0.2400 0.7096
vn 0.4380 -0.6655 0.6043
vn 0.6359 0.6788 -0.3671
vn 0.6160 0.6882 0.3833
vn 0.6160 0.6882 -0.3833
vn 0.6360 0.6788 0.3672
vn 0.1729 -0.8536 0.4914
vn 0.1430 -0.9896 0.0126
vn -0.2593 -0.4287 0.8654
vn 0.5005 0.7990 -0.3334
vn 0.6142 0.7048 0.3550
vn 0.6142 0.7048 -0.3550
vn 0.5314 -0.0459 0.8458
vn -0.0301 -0.8010 0.5979
vn 0.3400 0.6294 0.6987
vn 0.3229 -0.8153 -0.4807
vn 0.7166 -0.6497 0.2537
vn 0.9946 -0.0198 -0.1019
vn 0.4125 -0.7862 -0.4601
vn -0.3915 -0.8434 0.3679
vn -0.3518 -0.5776 -0.7366
vn -0.0452 -0.9469 -0.3184
vn 0.2983 -0.8439 -0.4459
vn 0.3526 0.9134 0.2036
vn 0.3369 0.9187 0.2059
vn 0.2078 -0.8102 -0.5482
vn -0.3915 -0.8434 0.3679
vn -0.2993 -0.0130 0.9541
vn -0.3027 -0.0131 0.9530
vn -0.3036 -0.0131 -0.9527
vn -0.3027 -0.0131 -0.9530
vn 0.3022 -0.0131 -0.9531
vn 0.3027 -0.0131 0.9530
vn 0.2980 -0.0130 0.9545
vn -0.6376 0.2119 -0.7406
vn 0.8311 0.1889 0.5231
vn 0.6771 -0.1897 -0.7110
vn 0.2930 -0.9185 0.2655
vn 0.3539 -0.6491 -0.6733
vn 0.9879 -0.0211 -0.1534
vn -0.0594 -0.0198 -0.9980
vn 0.3619 -0.7677 -0.5288
vn 0.3030 -0.8348 0.4597
vn -0.2101 -0.0226 0.9774
vn 0.4009 -0.4775 0.7818
vn 0.0000 -0.0000 0.0000
vn 0.0000 -0.0000 0.0000
vn 0.0000 -0.0000 0.0000
vn 0.0000 -0.0000 0.0000
vn 0.0000 -0.0000 0.0000
vn 0.0000 -0.0000 0.0000
vn 0.0000 -0.0000 0.0000
vn 0.0000 -0.0000 0.0000
vn 0.0000 -0.0000 0.0000
vn 0.5531 -0.8102 -0.1939
vn 0.8038 -0.0288 -0.5942
vn 0.0000 -0.0000 0.0000
vn 0.0000 -0.0000 0.0000
vn 0.0000 -0.0000 0.0000
vn 0.5307 -0.0289 0.8471
vn 0.4705 -0.0871 -0.8781
vn 0.5567 -0.0131 -0.8306
vn 0.5564 -0.0131 0.8308
vn 0.5433 -0.0134 -0.8394
vn 0.4917 -0.0143 -0.8706
vn 0.4566 -0.0329 0.8891
vn 0.4856 -0.0134 0.8741
vn 0.5433 -0.0134 0.8395
vn 0.2346 0.0001 -0.9721
vn 0.2535 0.0001 -0.9673
vn -0.2566 0.0001 0.9665
vn -0.2535 0.0001 -0.9673
vn 0.2566 0.0001 0.9665
vn -0.2346 0.0001 -0.9721
vn 0.1395 -0.0212 -0.9900
vn 0.2287 0.0002 -0.9735
vn -0.2287 0.0002 -0.9735
vn -0.1278 0.0003 -0.9918
vn -0.0255 0.0003 -0.9997
vn -0.1340 0.0003 -0.9910
vn -0.0831 0.0002 -0.9965
vn -0.1532 0.0003 -0.9882
vn -0.1785 0.0003 -0.9839
vn -0.0319 0.0002 -0.9995
vn -0.0512 0.0003 -0.9987
vn -0.1086 0.0002 -0.9941
vn -0.1594 0.0003 -0.9872
vn -0.0031 0.0003 1.0000
vn -0.0575 0.0002 -0.9983
vn 0.0031 0.0003 1.0000
vn -0.1847 0.0003 -0.9828
vn -0.1024 0.0003 -0.9947
vn -0.0769 0.0003 -0.9970
vn 0.1532 0.0003 -0.9882
vn 0.0575 0.0002 -0.9983
vn 0.0255 0.0003 -0.9997
vn 0.0319 0.0002 -0.9995
vn 0.1086 0.0002 -0.9941
vn 0.0512 0.0003 -0.9987
vn 0.1278 0.0003 -0.9918
vn 0.1785 0.0003 -0.9839
vn 0.1847 0.0003 -0.9828
vn 0.1024 0.0003 -0.9947
vn 0.0769 0.0003 -0.9970
vn 0.1594 0.0003 -0.9872
vn 0.1340 0.0003 -0.9910
vn 0.0831 0.0002 -0.9965
vn 0.0027 -0.0185 0.9998
vn 0.0251 -0.0111 0.9996
vn -0.2812 0.0002 0.9596
vn -0.2626 0.0002 0.9649
vn -0.2751 -0.0000 -0.9614
vn 0.2598 0.0003 -0.9657
vn -0.2598 0.0003 -0.9657
vn 0.2751 -0.0000 -0.9614
vn 0.2812 0.0002 0.9596
vn 0.2626 0.0002 0.9649
vn 0.0037 -0.0163 0.9999
vn -0.0138 -0.0142 -0.9998
vn 0.0758 -0.0104 -0.9971
vn -0.0759 -0.0104 0.9971
vn -0.0758 -0.0104 -0.9971
vn 0.0759 -0.0104 0.9971
vn 0.0459 -0.0120 0.9989
vn -0.0459 -0.0120 0.9989
vn -0.0459 -0.0120 -0.9989
vn 0.0459 -0.0120 -0.9989
vn 0.0773 -0.0104 -0.9970
vn -0.0773 -0.0104 0.9970
vn 0.0773 -0.0104 0.9970
vn -0.0773 -0.0104 -0.9970
vn -0.0376 -0.0189 -0.9991
vn -0.1796 -0.0153 -0.9836
vn 0.0781 -0.0105 -0.9969
vn -0.0781 -0.0105 0.9969
vn -0.0781 -0.0105 -0.9969
vn 0.0781 -0.0105 0.9969
vn -0.0761 -0.0100 -0.9971
vn -0.0698 -0.0124 0.9975
vn 0.0760 -0.0100 0.9971
vn 0.0791 -0.0105 -0.9968
vn -0.0198 -0.0190 -0.9996
vn -0.1913 -0.0151 -0.9814
vn 0.1915 -0.0151 0.9814
vn 0.1913 -0.0151 -0.9814
vn -0.1915 -0.0151 0.9814
vn 0.0736 -0.0103 0.9972
vn -0.0736 -0.0103 -0.9972
vn 0.0784 -0.0106 0.9969
vn 0.0784 -0.0106 -0.9969
vn -0.0784 -0.0106 -0.9969
vn -0.0784 -0.0106 0.9969
vn 0.0568 -0.0125 0.9983
vn -0.0611 -0.0112 -0.9981
vn -0.0515 -0.0141 0.9986
vn 0.0611 -0.0112 -0.9981
vn -0.1951 -0.0149 0.9807
vn -0.1951 -0.0149 -0.9807
vn 0.1951 -0.0149 -0.9807
vn 0.1951 -0.0149 0.9807
vn -0.2870 -0.0000 -0.9579
vn 0.2870 -0.0000 -0.9579
vn 0.1398 -0.0109 0.9901
vn -0.2254 -0.0135 -0.9742
vn 0.1656 -0.0092 -0.9861
vn -0.1534 -0.0135 0.9881
vn 0.2254 -0.0135 -0.9742
vn -0.2840 -0.0003 -0.9588
vn -0.2821 -0.0005 -0.9594
vn 0.2821 -0.0005 -0.9594
vn -0.2872 -0.0123 0.9578
vn 0.2793 -0.0007 0.9602
vn -0.2793 -0.0007 0.9602
vn 0.2840 -0.0003 -0.9588
vn 0.1096 -0.0128 0.9939
vn -0.1651 -0.0090 -0.9862
vn 0.1904 -0.0092 0.9817
vn 0.1322 -0.0297 0.9908
vn -0.0116 -0.0131 -0.9998
vn 0.0831 -0.0134 -0.9965
vn 0.1278 -0.0134 -0.9917
vn 0.1024 -0.0134 -0.9947
vn 0.0575 -0.0133 -0.9983
vn 0.0255 -0.0134 -0.9996
vn 0.1340 -0.0134 -0.9909
vn 0.1086 -0.0134 -0.9940
vn -0.1594 -0.0134 -0.9871
vn -0.2286 -0.0133 -0.9734
vn 0.0512 -0.0135 -0.9986
vn -0.2710 -0.0288 -0.9622
vn 0.0319 -0.0133 -0.9994
vn -0.1086 -0.0133 -0.9940
vn -0.2178 -0.0131 -0.9759
vn 0.1532 -0.0134 -0.9881
vn -0.1970 -0.0131 -0.9803
vn -0.1847 -0.0134 -0.9827
vn 0.2872 -0.0122 0.9578
vn -0.0031 -0.0133 0.9999
vn -0.2812 -0.0133 0.9596
vn -0.2626 -0.0133 0.9648
vn -0.1024 -0.0134 -0.9947
vn -0.1278 -0.0134 -0.9917
vn -0.0831 -0.0133 -0.9965
vn -0.2566 -0.0133 0.9664
vn -0.1785 -0.0134 -0.9839
vn 0.0769 -0.0134 -0.9969
vn -0.0769 -0.0134 -0.9969
vn 0.2626 -0.0134 0.9648
vn -0.0575 -0.0133 -0.9983
vn 0.2286 -0.0134 -0.9734
vn -0.1532 -0.0134 -0.9881
vn 0.2867 -0.0152 -0.9579
vn 0.2597 -0.0133 -0.9656
vn 0.1594 -0.0134 -0.9871
vn -0.1340 -0.0134 -0.9909
vn 0.2535 -0.0133 -0.9672
vn -0.0512 -0.0134 -0.9986
vn 0.2346 -0.0134 -0.9720
vn -0.0319 -0.0133 -0.9994
vn 0.2812 -0.0133 0.9596
vn 0.2182 -0.0131 -0.9758
vn -0.2535 -0.0134 -0.9672
vn 0.1973 -0.0131 -0.9803
vn 0.0116 -0.0131 -0.9998
vn 0.1785 -0.0134 -0.9839
vn 0.1847 -0.0134 -0.9827
vn -0.2346 -0.0134 -0.9720
vn -0.0255 -0.0134 -0.9996
vn 0.2593 -0.0002 -0.9658
vn 0.2473 -0.0000 -0.9689
vn 0.2704 0.0000 -0.9627
vn 0.2472 -0.0000 -0.9690
vn 0.2896 -0.9551 -0.0626
vn 0.9407 -0.0926 -0.3263
vn 0.9407 -0.0926 -0.3263
vn 0.9407 -0.0926 -0.3263
vn 0.9407 -0.0926 -0.3263
vn 0.9407 -0.0926 -0.3263
vn 0.9407 -0.0926 -0.3263
vn 0.2943 -0.9553 0.0295
vn 0.9124 -0.0787 -0.4018
vn 0.9124 -0.0787 -0.4018
vn 0.9124 -0.0787 -0.4018
vn 0.9124 -0.0787 -0.4018
vn 0.9124 -0.0787 -0.4018
vn 0.9124 -0.0787 -0.4018
vn 0.8063 -0.2995 -0.5100
vn 0.8063 -0.2995 -0.5100
vn 0.8063 -0.2995 -0.5100
vn 0.7170 -0.6746 -0.1756
vn 0.7170 -0.6746 -0.1756
vn 0.7170 -0.6746 -0.1756
vn 0.7073 -0.4851 -0.5141
vn 0.7073 -0.4851 -0.5141
vn 0.7073 -0.4851 -0.5141
vn 0.7814 -0.5650 0.2649
vn 0.7814 -0.5650 0.2649
vn 0.7814 -0.5650 0.2649
vn 0.5207 -0.7269 -0.4478
vn 0.5207 -0.7269 -0.4478
vn 0.5207 -0.7269 -0.4478
vn 0.4164 -0.8763 -0.2424
vn 0.3406 -0.8844 -0.3190
vn 0.2619 -0.8961 -0.3582
vn -0.0963 0.9757 0.1966
vn -0.8958 0.1544 -0.4168
vn -0.3180 0.9339 -0.1634
vn 0.0367 -0.9981 -0.0485
vn 0.6404 -0.6293 0.4403
vn -0.2242 0.9743 0.0198
vn -0.0782 -0.9641 -0.2536
vn 0.8104 -0.0870 -0.5793
vn 0.8104 -0.0870 -0.5793
vn 0.8104 -0.0870 -0.5793
vn 0.7494 -0.0871 -0.6563
vn 0.7494 -0.0871 -0.6563
vn 0.7494 -0.0871 -0.6563
vn 0.2685 -0.9404 -0.2088
vn -0.1029 -0.9759 -0.1923
vn 0.6687 0.0870 -0.7385
vn 0.6687 0.0870 -0.7385
vn 0.6687 0.0870 -0.7385
vn 0.0906 -0.9767 0.1947
vn -0.1614 -0.9583 -0.2359
vn -0.1058 -0.9699 -0.2194
vn 0.2407 -0.9663 0.0907
vn 0.8137 -0.0871 -0.5748
vn 0.8137 -0.0871 -0.5748
vn 0.8137 -0.0871 -0.5748
vn -0.0024 -0.9846 0.1747
vn 0.0272 -0.9859 0.1651
vn -0.1521 -0.9699 -0.1902
vn 0.1144 -0.9784 0.1721
vn 0.0696 -0.5913 -0.8034
vn 0.1575 0.9873 0.0229
vn -0.0864 -0.9961 -0.0204
vn -0.8144 -0.5760 0.0710
vn -0.0190 -0.9911 0.1318
vn -0.8144 -0.5760 0.0710
vn 0.1002 -0.9940 0.0429
vn 0.0696 -0.5913 -0.8034
vn -0.2250 -0.9742 0.0171
vn 0.0050 -0.9940 0.1095
vn -0.1114 -0.9889 -0.0982
vn 0.0352 -0.9899 0.1375
vn -0.6984 -0.0868 0.7104
vn -0.6984 -0.0868 0.7104
vn -0.6984 -0.0868 0.7104
vn -0.0254 -0.9988 0.0420
vn 0.0605 0.9969 -0.0512
vn -0.6987 -0.0870 0.7101
vn -0.6987 -0.0870 0.7101
vn -0.6987 -0.0870 0.7101
vn 0.8651 -0.0871 -0.4940
vn 0.8651 -0.0871 -0.4940
vn 0.8651 -0.0871 -0.4940
vn 0.8109 -0.0871 -0.5787
vn 0.8109 -0.0871 -0.5787
vn 0.8109 -0.0871 -0.5787
vn 0.5498 -0.0875 -0.8307
vn 0.5498 -0.0875 -0.8307
vn 0.5498 -0.0875 -0.8307
vn 0.5498 -0.0875 -0.8307
vn 0.5498 -0.0875 -0.8307
vn 0.5498 -0.0875 -0.8307
vn 0.9628 -0.0871 -0.2556
vn 0.9628 -0.0871 -0.2556
vn 0.9628 -0.0871 -0.2556
vn 0.9628 -0.0871 -0.2556
vn 0.9628 -0.0871 -0.2556
vn 0.9628 -0.0871 -0.2556
vn 0.9845 -0.0862 -0.1529
vn 0.9845 -0.0862 -0.1529
vn 0.9845 -0.0862 -0.1529
vn 0.9845 -0.0862 -0.1529
vn 0.9845 -0.0862 -0.1529
vn 0.9845 -0.0862 -0.1529
vn 0.6511 -0.0871 -0.7540
vn 0.6511 -0.0871 -0.7540
vn 0.6511 -0.0871 -0.7540
vn -0.7867 -0.0868 0.6112
vn -0.7867 -0.0868 0.6112
vn -0.7867 -0.0868 0.6112
vn 0.2969 -0.9485 0.1102
vn 0.3522 -0.9337 0.0637
vn 0.3295 -0.9434 0.0379
vn 0.1631 -0.9734 0.1611
vn 0.1270 -0.9885 -0.0817
vn 0.1936 -0.9811 -0.0072
vn 0.1591 -0.9871 -0.0157
vn 0.2208 -0.9711 0.0906
vn -0.5732 -0.8046 0.1550
g B2
f 1466//1888 1458//1879 1459//1881
f 1466//1888 1476//1901 1475//1899
f 2131//2797 2121//2786 2120//2783
f 2101//2752 2126//2792 2125//2790
f 2132//2798 2125//2790 2126//2792
f 1470//1893 2614//3341 2752//3481
f 1470//1893 1450//1869 2614//3341
f 448//546 2438//3163 433//526
f 448//546 433//526 2439//3164
f 2132//2798 2139//2808 2125//2790
f 2132//2798 2140//2810 2139//2808
f 2142//2812 2139//2808 2140//2810
f 2142//2812 2150//2821 2139//2808
f 2142//2812 2151//2823 2150//2821
f 2153//2825 2150//2821 2151//2823
f 2153//2825 2161//2833 2150//2821
f 2153//2825 2162//2835 2161//2833
f 2164//2837 2161//2833 2162//2835
f 2164//2837 2171//2844 2161//2833
f 2164//2837 2172//2846 2171//2844
f 2251//2936 2171//2844 2172//2846
f 910//1146 937//1177 2459//3184
f 910//1146 2459//3184 845//1076
f 788//1013 2459//3184 772//990
f 788//1013 845//1076 2459//3184
f 754//964 2459//3184 739//947
f 754//964 739//947 740//948
f 754//964 772//990 2459//3184
f 720//922 739//947 702//899
f 720//922 740//948 739//947
f 678//864 739//947 665//845
f 678//864 665//845 666//846
f 678//864 702//899 739//947
f 643//811 665//845 621//784
f 643//811 666//846 665//845
f 591//740 665//845 545//677
f 591//740 545//677 546//678
f 591//740 621//784 665//845
f 517//641 545//677 504//622
f 517//641 546//678 545//677
f 482//584 545//677 474//576
f 482//584 474//576 475//577
f 482//584 504//622 545//677
f 466//567 474//576 463//563
f 466//567 475//577 474//576
f 454//552 474//576 449//547
f 454//552 449//547 450//548
f 454//552 463//563 474//576
f 440//536 449//547 432//525
f 440//536 450//548 449//547
f 424//516 449//547 420//511
f 424//516 420//511 421//512
f 424//516 432//525 449//547
f 411//500 420//511 409//498
f 411//500 421//512 420//511
f 399//487 420//511 396//484
f 399//487 396//484 397//485
f 399//487 409//498 420//511
f 387//472 396//484 385//470
f 387//472 397//485 396//484
f 378//458 396//484 374//452
f 378//458 374//452 375//453
f 378//458 385//470 396//484
f 365//442 374//452 360//437
f 365//442 375//453 374//452
f 353//429 374//452 349//425
f 353//429 349//425 350//426
f 353//429 360//437 374//452
f 342//417 349//425 337//412
f 342//417 350//426 349//425
f 329//399 349//425 323//393
f 329//399 323//393 324//394
f 329//399 337//412 349//425
f 317//386 323//393 312//379
f 317//386 324//394 323//393
f 306//372 323//393 301//367
f 306//372 301//367 302//368
f 306//372 312//379 323//393
f 296//361 301//367 289//353
f 296//361 302//368 301//367
f 286//349 301//367 279//339
f 286//349 279//339 280//340
f 286//349 289//353 301//367
f 274//333 279//339 266//324
f 274//333 280//340 279//339
f 262//319 279//339 254//311
f 262//319 254//311 255//312
f 262//319 266//324 279//339
f 250//305 254//311 242//297
f 250//305 255//312 254//311
f 238//290 254//311 229//277
f 238//290 229//277 230//278
f 238//290 242//297 254//311
f 223//270 229//277 219//265
f 223//270 230//278 229//277
f 212//257 229//277 206//251
f 212//257 206//251 207//252
f 212//257 219//265 229//277
f 198//240 206//251 194//234
f 198//240 207//252 206//251
f 186//225 206//251 183//222
f 186//225 183//222 184//223
f 186//225 194//234 206//251
f 177//209 183//222 168//197
f 177//209 184//223 183//222
f 163//191 183//222 157//185
f 163//191 157//185 158//186
f 163//191 168//197 183//222
f 151//177 157//185 145//171
f 151//177 158//186 157//185
f 139//164 157//185 134//158
f 139//164 134//158 135//159
f 139//164 145//171 157//185
f 127//149 134//158 124//146
f 923//1159 939//1179 953//1194
f 2251//2936 2254//2941 2253//2939
f 1613//2063 1590//2038 1660//2117
f 2263//2952 2253//2939 2254//2941
f 2263//2952 2269//2962 2253//2939
f 2263//2952 2270//2964 2269//2962
f 2274//2968 2269//2962 2270//2964
f 2274//2968 2280//2977 2269//2962
f 2274//2968 2281//2979 2280//2977
f 2283//2981 2280//2977 2281//2979
f 2283//2981 2290//2989 2280//2977
f 2283//2981 2291//2991 2290//2989
f 2294//2994 2290//2989 2291//2991
f 2294//2994 2302//3003 2290//2989
f 2294//2994 2303//3005 2302//3003
f 2308//3010 2302//3003 2303//3005
f 2308//3010 2312//3015 2302//3003
f 2308//3010 2313//3017 2312//3015
f 2319//3024 2312//3015 2313//3017
f 2319//3024 2325//3031 2312//3015
f 2319//3024 2326//3033 2325//3031
f 2331//3038 2325//3031 2326//3033
f 2331//3038 2337//3044 2325//3031
f 127//149 135//159 134//158
f 115//134 134//158 107//124
f 115//134 107//124 108//125
f 115//134 124//146 134//158
f 101//117 107//124 93//108
f 101//117 108//125 107//124
f 83//96 107//124 71//83
f 83//96 71//83 72//84
f 83//96 93//108 107//124
f 70//82 71//83 55//65
f 70//82 72//84 71//83
f 50//57 71//83 48//55
f 50//57 48//55 49//56
f 50//57 55//65 71//83
f 38//43 48//55 37//42
f 38//43 49//56 48//55
f 31//35 48//55 29//33
f 31//35 29//33 30//34
f 31//35 37//42 48//55
f 28//32 29//33 23//26
f 28//32 30//34 29//33
f 22//25 29//33 20//23
f 22//25 20//23 21//24
f 22//25 23//26 29//33
f 14//15 20//23 13//14
f 14//15 21//24 20//23
f 12//13 20//23 10//11
f 12//13 10//11 11//12
f 12//13 13//14 20//23
f 9//10 10//11 8//9
f 9//10 11//12 10//11
f 7//8 10//11 5//6
f 7//8 5//6 6//7
f 7//8 8//9 10//11
f 4//5 5//6 2//2
f 4//5 2//2 3//4
f 4//5 6//7 5//6
f 1//1 2//2 18//20
f 1//1 18//20 19//22
f 1//1 3//4 2//2
f 17//19 18//20 15//16
f 17//19 15//16 16//18
f 17//19 19//22 18//20
f 27//31 15//16 25//28
f 27//31 25//28 26//30
f 27//31 16//18 15//16
f 24//27 25//28 33//37
f 24//27 33//37 34//39
f 24//27 26//30 25//28
f 32//36 33//37 40//45
f 32//36 40//45 41//47
f 32//36 34//39 33//37
f 39//44 40//45 51//58
f 39//44 51//58 52//60
f 39//44 41//47 40//45
f 58//69 51//58 56//66
f 58//69 56//66 57//68
f 58//69 52//60 51//58
f 73//85 56//66 84//97
f 73//85 84//97 85//99
f 73//85 57//68 56//66
f 94//109 84//97 102//118
f 94//109 102//118 103//120
f 94//109 85//99 84//97
f 109//126 102//118 116//135
f 109//126 116//135 117//137
f 109//126 103//120 102//118
f 125//147 116//135 128//150
f 125//147 128//150 129//152
f 125//147 117//137 116//135
f 136//160 128//150 140//165
f 136//160 140//165 141//167
f 136//160 129//152 128//150
f 146//172 140//165 152//178
f 146//172 152//178 153//180
f 146//172 141//167 140//165
f 159//187 152//178 164//192
f 159//187 164//192 165//194
f 159//187 153//180 152//178
f 172//202 164//192 178//210
f 172//202 178//210 179//212
f 172//202 165//194 164//192
f 185//224 178//210 189//228
f 185//224 189//228 190//230
f 185//224 179//212 178//210
f 195//235 189//228 203//245
f 195//235 203//245 204//247
f 195//235 190//230 189//228
f 208//253 203//245 215//260
f 208//253 215//260 216//262
f 208//253 204//247 203//245
f 220//266 215//260 226//273
f 220//266 226//273 227//275
f 220//266 216//262 215//260
f 235//286 226//273 239//291
f 235//286 239//291 240//293
f 235//286 227//275 226//273
f 246//301 239//291 252//308
f 246//301 252//308 253//310
f 246//301 240//293 239//291
f 256//313 252//308 264//321
f 256//313 264//321 265//323
f 256//313 253//310 252//308
f 269//328 264//321 275//334
f 269//328 275//334 276//336
f 269//328 265//323 264//321
f 285//348 275//334 287//350
f 285//348 287//350 288//352
f 285//348 276//336 275//334
f 295//360 287//350 297//362
f 295//360 297//362 298//364
f 295//360 288//352 287//350
f 305//371 297//362 307//373
f 305//371 307//373 308//375
f 305//371 298//364 297//362
f 316//385 307//373 319//388
f 316//385 319//388 320//390
f 316//385 308//375 307//373
f 328//398 319//388 332//405
f 328//398 332//405 333//407
f 328//398 320//390 319//388
f 341//416 332//405 343//418
f 341//416 343//418 344//420
f 341//416 333//407 332//405
f 351//427 343//418 354//430
f 351//427 354//430 355//432
f 351//427 344//420 343//418
f 363//440 354//430 370//447
f 363//440 370//447 371//449
f 363//440 355//432 354//430
f 377//457 370//447 381//462
f 377//457 381//462 382//464
f 377//457 371//449 370//447
f 386//471 381//462 392//479
f 386//471 392//479 393//481
f 386//471 382//464 381//462
f 398//486 392//479 406//494
f 398//486 406//494 407//496
f 398//486 393//481 392//479
f 410//499 406//494 418//508
f 410//499 418//508 419//510
f 410//499 407//496 406//494
f 422//513 418//508 429//521
f 422//513 429//521 430//523
f 422//513 419//510 418//508
f 434//528 429//521 445//542
f 434//528 445//542 446//544
f 434//528 430//523 429//521
f 451//549 445//542 460//559
f 451//549 460//559 461//561
f 451//549 446//544 445//542
f 465//566 460//559 471//572
f 465//566 471//572 472//574
f 465//566 461//561 460//559
f 477//579 471//572 498//611
f 477//579 498//611 499//613
f 477//579 472//574 471//572
f 509//631 498//611 536//664
f 509//631 536//664 537//666
f 509//631 499//613 498//611
f 578//722 536//664 609//765
f 578//722 609//765 610//767
f 578//722 537//666 536//664
f 636//802 609//765 655//830
f 636//802 655//830 656//832
f 636//802 610//767 609//765
f 669//851 655//830 696//890
f 669//851 696//890 697//892
f 669//851 656//832 655//830
f 715//917 696//890 732//937
f 715//917 732//937 733//939
f 715//917 697//892 696//890
f 751//961 732//937 765//980
f 751//961 765//980 766//982
f 751//961 733//939 732//937
f 781//1003 765//980 823//1051
f 781//1003 823//1051 824//1053
f 781//1003 766//982 765//980
f 911//1147 823//1051 923//1159
f 2331//3038 2338//3046 2337//3044
f 2347//3058 2337//3044 2338//3046
f 2347//3058 2353//3064 2337//3044
f 2347//3058 2354//3066 2353//3064
f 2364//3077 2353//3064 2354//3066
f 2364//3077 2378//3092 2353//3064
f 911//1147 824//1053 823//1051
f 1321//1703 1306//1682 2440//3165
f 508//629 2441//3166 507//627
f 1306//1682 1296//1670 2442//3167
f 507//627 2443//3168 503//620
f 1296//1670 1284//1651 2444//3169
f 503//620 2445//3170 502//618
f 1284//1651 1273//1637 2446//3171
f 2103//2755 2112//2769 2104//2757
f 2112//2769 2114//2774 2756//3486
f 2756//3486 2114//2774 2022//2629
f 2022//2629 2114//2774 2016//2619
f 2114//2775 2789//3531 2016//2620
f 1861//2409 2090//2733 1806//2335
f 2150//2822 2161//2834 2139//2809
f 2139//2809 2161//2834 2125//2791
f 2161//2834 2171//2845 2125//2791
f 2125//2791 2171//2845 2101//2753
f 2171//2845 2251//2937 2101//2753
f 2090//2734 2101//2753 1806//2336
f 2101//2753 2251//2937 1806//2336
f 2251//2937 2253//2940 1806//2336
f 1806//2336 2253//2940 1793//2316
f 2253//2940 2269//2963 1793//2316
f 1793//2316 2269//2963 1782//2296
f 2269//2963 2280//2978 1782//2296
f 1782//2296 2280//2978 1775//2285
f 2280//2978 2290//2990 1775//2285
f 1775//2285 2290//2990 1762//2264
f 2290//2990 2302//3004 1762//2264
f 1762//2264 2302//3004 1743//2235
f 2302//3004 2312//3016 1743//2235
f 1743//2235 2312//3016 1731//2215
f 2312//3016 2325//3032 1731//2215
f 1731//2215 2325//3032 1714//2187
f 2325//3032 2337//3045 1714//2187
f 1714//2187 2337//3045 1686//2149
f 1686//2149 2337//3045 1685//2147
f 2337//3045 2353//3065 1685//2147
f 1685//2147 2353//3065 1621//2073
f 2353//3065 2378//3093 1621//2073
f 1621//2073 2378//3093 1522//1960
f 2378//3093 2390//3106 1510//1944
f 2378//3093 1510//1944 1524//1963
f 2378//3093 1524//1963 1522//1960
f 1510//1944 2390//3106 1509//1942
f 1509//1942 2390//3106 2749//3477
f 2390//3106 2397//3115 1475//1900
f 2390//3106 1475//1900 1476//1902
f 2390//3106 1476//1902 2749//3477
f 1475//1900 2397//3115 1466//1889
f 1466//1889 2397//3115 1458//1880
f 2397//3115 2408//3128 1458//1880
f 1458//1880 2408//3128 1428//1842
f 2408//3128 2415//3136 1428//1842
f 1428//1842 2415//3136 1401//1804
f 2415//3136 2424//3147 1401//1804
f 1401//1804 2424//3147 1379//1776
f 1379//1776 2424//3147 1344//1731
f 2424//3147 2421//3143 1344//1731
f 1344//1731 2421//3143 1319//1700
f 2421//3143 2435//3159 1319//1700
f 1319//1700 2447//3172 1295//1668
f 1295//1668 2449//3174 1269//1631
f 1269//1631 2450//3175 1242//1595
f 1242//1595 2451//3176 1217//1564
f 502//618 2474//3199 496//608
f 1273//1637 1259//1618 2475//3200
f 496//608 2476//3201 495//606
f 1259//1618 1247//1602 2477//3202
f 495//606 2478//3203 494//604
f 1247//1602 1233//1583 2479//3204
f 494//604 2480//3205 489//595
f 1233//1583 1223//1571 2481//3206
f 489//595 2482//3207 488//593
f 1223//1571 1214//1559 2483//3208
f 488//593 2484//3209 487//591
f 1214//1559 1202//1544 2485//3210
f 487//591 2486//3211 486//589
f 1202//1544 1191//1527 2487//3212
f 486//589 2488//3213 485//587
f 1191//1527 1180//1506 2489//3214
f 485//587 2490//3215 493//602
f 1180//1506 1168//1490 2491//3216
f 493//602 2492//3217 492//600
f 1168//1490 1154//1472 2493//3218
f 492//600 2494//3219 491//598
f 1154//1472 1140//1455 2495//3220
f 491//598 2496//3221 501//616
f 1140//1455 1132//1443 2497//3222
f 501//616 2498//3223 500//614
f 1132//1443 1119//1427 2499//3224
f 500//614 2500//3225 506//625
f 1119//1427 1110//1414 2501//3226
f 506//625 2502//3227 505//623
f 1110//1414 1097//1399 2503//3228
f 505//623 2504//3229 511//633
f 1097//1399 1086//1384 2505//3230
f 511//633 2506//3231 518//642
f 1086//1384 1080//1376 2507//3232
f 518//642 2508//3233 530//656
f 1080//1376 1069//1360 2509//3234
f 530//656 2510//3235 538//667
f 1069//1360 1058//1345 2511//3236
f 538//667 2512//3237 547//679
f 1058//1345 1049//1334 2513//3238
f 547//679 2514//3239 564//704
f 1049//1334 1037//1315 2515//3240
f 564//704 2516//3241 580//724
f 1037//1315 1026//1298 2517//3242
f 580//724 2518//3243 593//742
f 1026//1298 1015//1282 2519//3244
f 593//742 2520//3245 601//752
f 1015//1282 1007//1271 2521//3246
f 601//752 2522//3247 611//768
f 1007//1271 998//1258 2523//3248
f 611//768 2524//3249 629//792
f 998//1258 967//1215 2525//3250
f 629//792 2526//3251 637//803
f 967//1215 954//1196 2527//3252
f 637//803 2528//3253 649//821
f 954//1196 929//1166 2529//3254
f 649//821 2530//3255 657//833
f 929//1166 891//1125 2531//3256
f 657//833 2532//3257 671//854
f 891//1125 854//1085 2533//3258
f 671//854 2534//3259 688//878
f 854//1085 811//1037 2535//3260
f 688//878 2536//3261 703//900
f 811//1037 782//1004 2537//3262
f 703//900 2538//3263 708//907
f 782//1004 767//983 2539//3264
f 708//907 2540//3265 723//925
f 767//983 756//966 2541//3266
f 723//925 2542//3267 734//940
f 756//966 744//952 2543//3268
f 734//940 2544//3269 744//952
f 2364//3077 2379//3094 2378//3092
f 2377//3091 2378//3092 2379//3094
f 658//835 629//793 637//804
f 2022//2630 2016//2621 2773//3509
f 658//835 673//857 629//793
f 2377//3091 2390//3107 2378//3092
f 2377//3091 2391//3108 2390//3107
f 515//638 2545//3270 508//629
f 1333//1717 1321//1703 2546//3271
f 528//653 2547//3272 515//638
f 1345//1733 1333//1717 2548//3273
f 533//660 2549//3274 528//653
f 1353//1743 1345//1733 2550//3275
f 544//675 2551//3276 533//660
f 1371//1766 1353//1743 2552//3277
f 563//702 2553//3278 544//675
f 1383//1781 1371//1766 2554//3279
f 577//720 2555//3280 563//702
f 1390//1790 1383//1781 2556//3281
f 589//737 2557//3282 577//720
f 1404//1809 1390//1790 2558//3283
f 598//748 2559//3284 589//737
f 1420//1830 1404//1809 2560//3285
f 606//758 2561//3286 598//748
f 1429//1844 1420//1830 2562//3287
f 619//780 2563//3288 606//758
f 1441//1858 1429//1844 2564//3289
f 634//798 2565//3290 619//780
f 1454//1873 1441//1858 2566//3291
f 2399//3118 2390//3107 2391//3108
f 2399//3118 2397//3116 2390//3107
f 2399//3118 2398//3117 2397//3116
f 2410//3131 2397//3116 2398//3117
f 2410//3131 2408//3129 2397//3116
f 2410//3131 2409//3130 2408//3129
f 658//835 637//804 691//883
f 2417//3139 2408//3129 2409//3130
f 2417//3139 2415//3137 2408//3129
f 2417//3139 2416//3138 2415//3137
f 2414//3135 2415//3137 2416//3138
f 2414//3135 2424//3148 2415//3137
f 2414//3135 2425//3149 2424//3148
f 2423//3146 2424//3148 2425//3149
f 2423//3146 2421//3144 2424//3148
f 2423//3146 2422//3145 2421//3144
f 2437//3162 2421//3144 2422//3145
f 2437//3162 2435//3160 2421//3144
f 2437//3162 2436//3161 2435//3160
f 2434//3158 2435//3160 2436//3161
f 2434//3158 2448//3173 2435//3160
f 2434//3158 2433//3157 2448//3173
f 2432//3156 2448//3173 2433//3157
f 2432//3156 2431//3155 2448//3173
f 2430//3154 2448//3173 2431//3155
f 2430//3154 2452//3177 2448//3173
f 2430//3154 2429//3153 2452//3177
f 2428//3152 2452//3177 2429//3153
f 2428//3152 2427//3151 2452//3177
f 2426//3150 2452//3177 2427//3151
f 2426//3150 2454//3179 2452//3177
f 2426//3150 2420//3142 2454//3179
f 2419//3141 2454//3179 2420//3142
f 2419//3141 2418//3140 2454//3179
f 2413//3134 2454//3179 2418//3140
f 2413//3134 2455//3180 2454//3179
f 2413//3134 2412//3133 2455//3180
f 2411//3132 2455//3180 2412//3133
f 2411//3132 2401//3120 2455//3180
f 2400//3119 2455//3180 2401//3120
f 2400//3119 2456//3181 2455//3180
f 2400//3119 2393//3110 2456//3181
f 2392//3109 2456//3181 2393//3110
f 2392//3109 2380//3095 2456//3181
f 2366//3079 2456//3181 2380//3095
f 2366//3079 2457//3182 2456//3181
f 2366//3079 2365//3078 2457//3182
f 2355//3067 2457//3182 2365//3078
f 1667//2127 1686//2150 1685//2148
f 1667//2127 1685//2148 1621//2074
f 1667//2127 1621//2074 1622//2075
f 1540//1981 1621//2074 1522//1961
f 1540//1981 1522//1961 1531//1972
f 2355//3067 2348//3059 2457//3182
f 2339//3047 2457//3182 2348//3059
f 2339//3047 2458//3183 2457//3182
f 2339//3047 2332//3039 2458//3183
f 1540//1981 1622//2075 1621//2074
f 2327//3034 2458//3183 2332//3039
f 2327//3034 2460//3185 2458//3183
f 2327//3034 2320//3025 2460//3185
f 2314//3018 2460//3185 2320//3025
f 2314//3018 2309//3011 2460//3185
f 2304//3006 2460//3185 2309//3011
f 2304//3006 2461//3186 2460//3185
f 2304//3006 2295//2995 2461//3186
f 2292//2992 2461//3186 2295//2995
f 2292//2992 2284//2982 2461//3186
f 2282//2980 2461//3186 2284//2982
f 2282//2980 2462//3187 2461//3186
f 938//1178 2747//3474 937//1177
f 938//1178 937//1177 910//1146
f 2282//2980 2275//2969 2462//3187
f 2271//2965 2462//3187 2275//2969
f 2271//2965 2264//2953 2462//3187
f 2261//2950 2462//3187 2264//2953
f 2261//2950 2463//3188 2462//3187
f 2261//2950 2252//2938 2463//3188
f 2248//2933 2463//3188 2252//2938
f 2248//2933 2243//2928 2463//3188
f 2237//2921 2463//3188 2243//2928
f 2237//2921 2464//3189 2463//3188
f 2237//2921 2234//2918 2464//3189
f 2227//2910 2464//3189 2234//2918
f 2227//2910 2465//3190 2464//3189
f 2227//2910 2224//2907 2465//3190
f 2218//2898 2465//3190 2224//2907
f 2218//2898 2216//2896 2465//3190
f 2209//2885 2465//3190 2216//2896
f 2209//2885 2466//3191 2465//3190
f 2209//2885 2203//2879 2466//3191
f 672//856 637//804 649//822
f 2201//2877 2466//3191 2203//2879
f 982//1238 993//1252 994//1254
f 982//1238 974//1226 973//1224
f 2201//2877 2467//3192 2466//3191
f 2201//2877 2197//2873 2467//3192
f 2192//2868 2467//3192 2197//2873
f 2192//2868 2183//2857 2467//3192
f 2181//2855 2467//3192 2183//2857
f 2181//2855 2468//3193 2467//3192
f 2181//2855 2175//2849 2468//3193
f 2173//2847 2468//3193 2175//2849
f 672//856 691//883 637//804
f 672//856 649//822 699//895
f 2068//2700 2471//3196 2079//2716
f 2068//2700 2059//2684 2471//3196
f 2053//2673 2471//3196 2059//2684
f 2053//2673 2472//3197 2471//3196
f 2053//2673 2046//2664 2472//3197
f 2039//2654 2472//3197 2046//2664
f 2039//2654 2029//2639 2472//3197
f 2020//2626 2472//3197 2029//2639
f 2020//2626 2473//3198 2472//3197
f 2020//2626 2755//3484 2473//3198
f 679//865 649//822 657//834
f 2173//2847 2167//2840 2468//3193
f 642//809 2567//3292 634//798
f 1482//1909 1454//1873 2568//3293
f 654//828 2570//3297 642//809
f 1493//1924 1482//1909 2571//3298
f 664//843 2572//3299 654//828
f 1512//1948 1493//1924 2573//3300
f 676//860 2574//3301 664//843
f 1545//1986 1512//1948 2575//3302
f 694//887 2576//3303 676//860
f 1587//2031 1545//1986 2577//3304
f 706//904 2578//3305 694//887
f 1627//2080 1587//2031 2579//3306
f 712//912 2580//3307 706//904
f 1656//2111 1627//2080 2581//3308
f 727//931 2582//3309 712//912
f 1678//2138 1656//2111 2583//3310
f 737//944 2584//3311 727//931
f 1693//2159 1678//2138 2585//3312
f 749//958 2586//3313 737//944
f 1702//2172 1693//2159 2587//3314
f 762//976 2588//3315 749//958
f 1716//2190 1702//2172 2589//3316
f 771//988 2590//3317 762//976
f 1725//2206 1716//2190 2591//3318
f 787//1011 2592//3319 771//988
f 1739//2227 1725//2206 2593//3320
f 815//1042 2594//3321 787//1011
f 1744//2237 1739//2227 2595//3322
f 858//1091 2596//3323 815//1042
f 1757//2256 1744//2237 2597//3324
f 895//1130 2598//3325 858//1091
f 1768//2271 1757//2256 2599//3326
f 931//1170 2600//3327 895//1130
f 1784//2299 1768//2271 2601//3328
f 957//1200 2602//3329 931//1170
f 1795//2319 1784//2299 2603//3330
f 970//1219 2604//3331 957//1200
f 1808//2340 1795//2319 2605//3332
f 1000//1261 2606//3333 970//1219
f 1818//2354 1808//2340 2607//3334
f 1008//1273 2608//3335 1000//1261
f 1832//2370 1818//2354 2609//3336
f 1019//1287 2610//3337 1008//1273
f 1841//2381 1832//2370 2611//3338
f 1029//1305 2612//3339 1019//1287
f 2163//2836 2468//3193 2167//2840
f 2163//2836 2469//3194 2468//3193
f 2163//2836 2156//2828 2469//3194
f 2152//2824 2469//3194 2156//2828
f 2152//2824 2470//3195 2469//3194
f 2152//2824 2146//2817 2470//3195
f 2119//2782 2120//2784 2110//2764
f 2119//2782 2127//2793 2120//2784
f 2141//2811 2470//3195 2146//2817
f 2117//2780 2127//2793 2119//2782
f 2117//2780 2116//2779 2127//2793
f 2116//2779 2115//2778 2127//2793
f 2141//2811 2134//2800 2470//3195
f 2115//2778 2113//2771 2096//2747
f 2131//2797 2470//3195 2134//2800
f 2115//2778 2096//2747 2127//2793
f 2131//2797 2120//2783 2470//3195
f 724//927 708//908 746//955
f 645//814 629//793 673//857
f 2108//2762 2120//2783 2121//2786
f 679//865 699//895 649//822
f 679//865 657//834 709//909
f 1227//1577 1237//1589 1238//1591
f 1227//1577 1212//1556 1237//1589
f 1227//1577 2613//3340 1212//1556
f 1251//1609 1261//1622 1262//1624
f 1251//1609 1237//1589 1261//1622
f 1251//1609 1238//1591 1237//1589
f 1276//1642 1290//1661 1291//1663
f 1422//1834 1398//1800 2615//3342
f 1398//1800 1368//1762 2616//3343
f 1368//1762 1339//1725 2617//3344
f 1339//1725 1316//1696 2618//3345
f 1316//1696 1290//1662 2619//3346
f 1290//1662 1261//1623 2620//3347
f 1261//1623 1237//1590 2621//3348
f 1237//1590 1212//1557 2622//3349
f 1212//1557 1187//1522 2623//3350
f 1187//1522 1162//1482 2624//3351
f 1162//1482 1135//1449 2625//3352
f 1135//1449 1113//1419 2626//3353
f 2627//3354 1113//1419 433//527
f 2628//3355 433//527 2//3
f 433//527 1113//1419 2//3
f 2//3 1113//1419 18//21
f 1113//1419 1092//1393 18//21
f 18//21 1092//1393 15//17
f 1092//1393 1066//1356 15//17
f 15//17 1066//1356 25//29
f 1066//1356 1044//1325 25//29
f 1044//1325 1020//1289 25//29
f 25//29 1020//1289 33//38
f 1020//1289 993//1253 33//38
f 33//38 993//1253 40//46
f 993//1253 982//1239 40//46
f 40//46 973//1225 51//59
f 40//46 982//1239 973//1225
f 973//1225 974//1227 51//59
f 974//1227 960//1204 51//59
f 960//1204 953//1195 51//59
f 51//59 939//1180 56//67
f 51//59 953//1195 939//1180
f 939//1180 923//1160 56//67
f 923//1160 823//1052 56//67
f 56//67 823//1052 84//98
f 823//1052 765//981 84//98
f 84//98 765//981 102//119
f 765//981 732//938 102//119
f 102//119 732//938 116//136
f 732//938 696//891 116//136
f 116//136 696//891 128//151
f 696//891 655//831 128//151
f 128//151 655//831 140//166
f 655//831 609//766 140//166
f 140//166 609//766 152//179
f 609//766 536//665 152//179
f 152//179 536//665 164//193
f 536//665 498//612 164//193
f 164//193 498//612 178//211
f 498//612 471//573 178//211
f 178//211 471//573 189//229
f 471//573 460//560 189//229
f 189//229 460//560 203//246
f 460//560 445//543 203//246
f 203//246 445//543 215//261
f 445//543 429//522 215//261
f 215//261 429//522 226//274
f 429//522 418//509 226//274
f 226//274 418//509 239//292
f 418//509 406//495 239//292
f 239//292 406//495 252//309
f 406//495 392//480 252//309
f 252//309 392//480 264//322
f 392//480 381//463 264//322
f 264//322 381//463 275//335
f 381//463 370//448 275//335
f 275//335 370//448 287//351
f 370//448 354//431 287//351
f 287//351 354//431 297//363
f 354//431 343//419 297//363
f 297//363 343//419 307//374
f 343//419 332//406 307//374
f 307//374 332//406 319//389
f 1276//1642 1261//1622 1290//1661
f 1276//1642 1262//1624 1261//1622
f 1301//1677 1316//1697 1317//1698
f 1301//1677 1290//1661 1316//1697
f 1301//1677 1291//1663 1290//1661
f 1330//1714 1339//1726 1340//1727
f 1330//1714 1316//1697 1339//1726
f 1330//1714 1317//1698 1316//1697
f 1351//1741 1368//1763 1369//1764
f 1351//1741 1339//1726 1368//1763
f 1351//1741 1340//1727 1339//1726
f 1381//1779 1398//1801 1399//1802
f 1381//1779 1368//1763 1398//1801
f 1381//1779 1369//1764 1368//1763
f 1410//1818 1422//1835 2629//3356
f 1410//1818 1398//1801 1422//1835
f 1410//1818 1399//1802 1398//1801
f 1435//1852 2614//3341 1450//1869
f 1435//1852 1422//1835 2614//3341
f 1435//1852 2630//3357 1422//1835
f 1009//1275 1020//1290 2631//3358
f 1009//1275 993//1252 1020//1290
f 1009//1275 994//1254 993//1252
f 1035//1312 1044//1326 1045//1327
f 1035//1312 1020//1290 1044//1326
f 1035//1312 2632//3359 1020//1290
f 1056//1343 1066//1357 1067//1358
f 1056//1343 1044//1326 1066//1357
f 1056//1343 1045//1327 1044//1326
f 1078//1374 1092//1394 1093//1395
f 1078//1374 1066//1357 1092//1394
f 1078//1374 1067//1358 1066//1357
f 1102//1406 1113//1420 1114//1421
f 1102//1406 1092//1394 1113//1420
f 1102//1406 1093//1395 1092//1394
f 1125//1435 1135//1450 1136//1451
f 1709//2181 1714//2188 1686//2150
f 1125//1435 1113//1420 1135//1450
f 1709//2181 1731//2216 1714//2188
f 1125//1435 1114//1421 1113//1420
f 1147//1465 1162//1483 1163//1484
f 1147//1465 1135//1450 1162//1483
f 1147//1465 1136//1451 1135//1450
f 689//880 657//834 671//855
f 1774//2280 1731//2216 1709//2181
f 1774//2280 1743//2236 1731//2216
f 1175//1501 1187//1523 1188//1524
f 1175//1501 1162//1483 1187//1523
f 1175//1501 1163//1484 1162//1483
f 1198//1540 1212//1556 2633//3360
f 689//880 709//909 657//834
f 1774//2280 1762//2265 1743//2236
f 1198//1540 1187//1523 1212//1556
f 1198//1540 1188//1524 1187//1523
f 1948//2523 1975//2567 1976//2569
f 1948//2523 1915//2482 1975//2567
f 1948//2523 1976//2569 1917//2486
f 1774//2280 1775//2286 1762//2265
f 1949//2524 1976//2569 1977//2571
f 1949//2524 1917//2486 1976//2569
f 1949//2524 1977//2571 1919//2488
f 1950//2525 1977//2571 1969//2556
f 689//880 671//855 717//919
f 1801//2328 1775//2286 1774//2281
f 1801//2328 1782//2297 1775//2286
f 1801//2328 1793//2317 1782//2297
f 1950//2525 1919//2488 1977//2571
f 1950//2525 1969//2556 1920//2489
f 1938//2511 1969//2556 1970//2558
f 1938//2511 1920//2489 1969//2556
f 1938//2511 1970//2558 1922//2491
f 1801//2328 1806//2337 1793//2317
f 1951//2526 1970//2558 1971//2560
f 1951//2526 1922//2491 1970//2558
f 1951//2526 1971//2560 1896//2458
f 1939//2512 1971//2560 1964//2546
f 1939//2512 1896//2458 1971//2560
f 1939//2512 1964//2546 1897//2459
f 1931//2502 1964//2546 1965//2548
f 1931//2502 1897//2459 1964//2546
f 1931//2502 1965//2548 1883//2442
f 1932//2503 1965//2548 1957//2535
f 1932//2503 1883//2442 1965//2548
f 1932//2503 1957//2535 1884//2443
f 1923//2492 1957//2535 1958//2537
f 1923//2492 1884//2443 1957//2535
f 1923//2492 1958//2537 1869//2421
f 1924//2493 1958//2537 1952//2527
f 1924//2493 1869//2421 1958//2537
f 1924//2493 1952//2527 1870//2422
f 1898//2460 1952//2527 1940//2513
f 1898//2460 1870//2422 1952//2527
f 1898//2460 1940//2513 1858//2405
f 1885//2444 1940//2513 1933//2504
f 1885//2444 1858//2405 1940//2513
f 1885//2444 1933//2504 1844//2385
f 1871//2423 1933//2504 1925//2494
f 1871//2423 1844//2385 1933//2504
f 1871//2423 1925//2494 1837//2376
f 1872//2424 1925//2494 1899//2461
f 1872//2424 1837//2376 1925//2494
f 1872//2424 1899//2461 1827//2365
f 1845//2386 1899//2461 1886//2445
f 1845//2386 1827//2365 1899//2461
f 1845//2386 1886//2445 1821//2358
f 1846//2387 1886//2445 1873//2425
f 1846//2387 1821//2358 1886//2445
f 1846//2387 1873//2425 1812//2345
f 978//1232 1001//1263 2747//3475
f 1829//2367 1873//2425 1859//2406
f 1829//2367 1812//2345 1873//2425
f 1829//2367 1859//2406 1803//2330
f 1822//2359 1859//2406 1847//2388
f 1822//2359 1803//2330 1859//2406
f 1822//2359 1847//2388 1799//2324
f 1814//2347 1847//2388 1838//2377
f 1814//2347 1799//2324 1847//2388
f 1814//2347 1838//2377 1789//2309
f 704//902 671//855 688//879
f 1804//2331 1838//2377 1823//2360
f 1804//2331 1789//2309 1838//2377
f 1804//2331 1823//2360 1771//2275
f 1790//2310 1823//2360 1815//2349
f 1984//2580 1876//2429 2569//3294
f 1790//2310 1771//2275 1823//2360
f 1790//2310 1815//2349 1765//2268
f 1780//2294 1815//2349 1800//2326
f 1780//2294 1765//2268 1815//2349
f 1780//2294 1800//2326 1754//2252
f 704//902 717//919 671//855
f 1766//2269 1800//2326 1791//2312
f 1766//2269 1754//2252 1800//2326
f 1766//2269 1791//2312 1747//2242
f 1755//2253 1791//2312 1772//2277
f 704//902 688//879 729//934
f 1755//2253 1747//2242 1791//2312
f 1755//2253 1772//2277 1734//2219
f 1749//2244 1772//2277 1761//2262
f 1749//2244 1734//2219 1772//2277
f 1749//2244 1761//2262 1728//2210
f 1735//2220 1761//2262 1750//2245
f 1735//2220 1728//2210 1761//2262
f 1735//2220 1750//2245 1719//2195
f 1729//2212 1750//2245 1740//2229
f 1688//2152 2569//3294 1876//2429
f 1729//2212 1719//2195 1750//2245
f 1729//2212 1740//2229 1705//2176
f 1712//2185 1740//2229 1730//2213
f 1712//2185 1705//2176 1740//2229
f 1712//2185 1730//2213 1700//2169
f 1706//2177 1730//2213 1720//2196
f 1706//2177 1700//2169 1730//2213
f 1706//2177 1720//2196 1691//2157
f 1695//2162 1720//2196 1707//2178
f 1695//2162 1691//2157 1720//2196
f 1695//2162 1707//2178 1669//2129
f 1688//2153 1511//1946 2569//3295
f 1683//2144 1707//2178 1696//2163
f 1683//2144 1669//2129 1707//2178
f 1683//2144 1696//2163 1658//2114
f 1665//2123 1696//2163 1684//2145
f 1665//2123 1658//2114 1696//2163
f 1201//1543 1217//1565 2453//3178
f 1201//1543 1218//1566 1217//1565
f 1665//2123 1684//2145 1629//2083
f 1648//2103 1684//2145 1660//2117
f 1648//2103 1629//2083 1684//2145
f 1648//2103 1660//2117 1590//2038
f 1613//2063 1660//2117 1630//2084
f 1613//2063 1630//2084 1547//1989
f 1569//2013 1630//2084 1592//2040
f 1569//2013 1547//1989 1630//2084
f 1569//2013 1592//2040 1527//1967
f 1535//1976 1592//2040 1548//1990
f 1444//1863 1428//1843 2634//3361
f 1444//1863 1458//1879 1428//1843
f 1444//1863 1459//1881 1458//1879
f 1535//1976 1527//1967 1592//2040
f 1418//1828 1401//1805 2635//3362
f 1418//1828 1428//1843 1401//1805
f 1418//1828 2636//3363 1428//1843
f 1389//1789 1379//1777 2637//3364
f 1389//1789 1401//1805 1379//1777
f 1389//1789 2638//3365 1401//1805
f 1360//1754 1344//1732 2639//3366
f 1360//1754 1379//1777 1344//1732
f 1360//1754 2640//3367 1379//1777
f 1332//1716 1319//1701 2641//3368
f 1332//1716 1344//1732 1319//1701
f 1332//1716 2642//3369 1344//1732
f 1305//1681 1295//1669 2643//3370
f 1305//1681 1319//1701 1295//1669
f 1305//1681 2644//3371 1319//1701
f 1281//1647 1269//1632 2645//3372
f 1281//1647 1295//1669 1269//1632
f 1281//1647 2646//3373 1295//1669
f 1256//1615 1242//1596 2647//3374
f 1256//1615 1269//1632 1242//1596
f 1256//1615 2648//3375 1269//1632
f 1231//1581 1217//1565 1218//1566
f 1231//1581 1242//1596 1217//1565
f 1231//1581 2649//3376 1242//1596
f 1535//1976 1548//1990 1502//1935
f 1504//1937 1548//1990 1514//1951
f 1504//1937 1502//1935 1548//1990
f 1661//2119 1511//1947 1688//2154
f 1661//2119 1605//2055 1511//1947
f 1532//1973 1511//1947 1605//2055
f 1504//1937 1514//1951 1483//1911
f 1490//1921 1514//1951 1494//1926
f 1490//1921 1483//1911 1514//1951
f 1490//1921 1494//1926 1464//1886
f 1465//1887 1494//1926 1484//1912
f 1465//1887 1464//1886 1494//1926
f 1465//1887 1484//1912 1449//1868
f 1456//1876 1484//1912 1457//1877
f 1456//1876 1449//1868 1484//1912
f 1456//1876 1457//1877 1439//1856
f 1440//1857 1457//1877 1443//1861
f 1440//1857 1439//1856 1457//1877
f 1440//1857 1443//1861 1427//1841
f 1432//1848 1443//1861 1433//1849
f 1432//1848 1427//1841 1443//1861
f 1432//1848 1433//1849 1416//1826
f 1417//1827 1433//1849 1421//1832
f 1417//1827 1416//1826 1433//1849
f 1417//1827 1421//1832 1407//1814
f 1408//1815 1421//1832 1409//1816
f 1408//1815 1407//1814 1421//1832
f 1408//1815 1409//1816 1394//1795
f 1396//1797 1409//1816 1397//1798
f 1396//1797 1394//1795 1409//1816
f 1396//1797 1397//1798 1385//1784
f 1386//1785 1397//1798 1387//1786
f 1386//1785 1385//1784 1397//1798
f 1386//1785 1387//1786 1375//1771
f 1377//1773 1387//1786 1378//1774
f 1377//1773 1375//1771 1387//1786
f 1377//1773 1378//1774 1366//1760
f 1357//1749 1378//1774 1358//1750
f 1357//1749 1366//1760 1378//1774
f 1357//1749 1358//1750 1348//1737
f 1349//1738 1358//1750 1350//1739
f 1349//1738 1348//1737 1358//1750
f 1349//1738 1350//1739 1338//1724
f 1335//1720 1350//1739 1336//1721
f 1335//1720 1338//1724 1350//1739
f 1335//1720 1336//1721 1328//1712
f 1329//1713 1336//1721 1323//1706
f 1329//1713 1328//1712 1336//1721
f 1329//1713 1323//1706 1314//1694
f 1315//1695 1323//1706 1308//1685
f 1315//1695 1314//1694 1323//1706
f 1315//1695 1308//1685 1304//1680
f 1300//1676 1308//1685 1297//1672
f 1300//1676 1304//1680 1308//1685
f 1300//1676 1297//1672 1294//1667
f 1288//1658 1297//1672 1289//1659
f 1288//1658 1294//1667 1297//1672
f 1288//1658 1289//1659 1279//1645
f 1280//1646 1289//1659 1275//1640
f 1280//1646 1279//1645 1289//1659
f 1280//1646 1275//1640 1271//1634
f 1268//1630 1275//1640 1260//1620
f 1268//1630 1271//1634 1275//1640
f 1268//1630 1260//1620 1258//1617
f 1254//1612 1260//1620 1250//1607
f 1254//1612 1258//1617 1260//1620
f 716//918 688//879 703//901
f 1254//1612 1250//1607 1249//1605
f 1246//1600 1250//1607 1236//1587
f 1246//1600 1249//1605 1250//1607
f 1246//1600 1236//1587 1235//1586
f 1232//1582 1236//1587 1226//1575
f 1232//1582 1235//1586 1236//1587
f 1232//1582 1226//1575 1225//1574
f 1222//1570 1226//1575 1216//1562
f 1222//1570 1225//1574 1226//1575
f 1222//1570 1216//1562 1219//1567
f 1211//1555 1216//1562 1205//1548
f 1211//1555 1219//1567 1216//1562
f 1211//1555 1205//1548 1204//1547
f 1197//1539 1205//1548 1194//1532
f 1197//1539 1204//1547 1205//1548
f 1197//1539 1194//1532 1193//1530
f 2091//2736 2114//2776 2112//2770
f 2103//2756 2091//2736 2112//2770
f 1186//1519 1194//1532 1183//1511
f 1186//1519 1193//1530 1194//1532
f 1186//1519 1183//1511 1182//1509
f 1178//1504 1183//1511 1170//1493
f 2091//2736 2103//2756 2104//2758
f 1178//1504 1182//1509 1183//1511
f 1178//1504 1170//1493 1173//1498
f 1167//1489 1170//1493 1157//1476
f 1167//1489 1173//1498 1170//1493
f 1167//1489 1157//1476 1161//1481
f 1153//1471 1157//1476 1145//1461
f 1153//1471 1161//1481 1157//1476
f 1153//1471 1145//1461 1152//1470
f 1144//1460 1145//1461 1134//1447
f 1144//1460 1152//1470 1145//1461
f 1144//1460 1134//1447 1139//1454
f 1131//1442 1134//1447 1124//1433
f 1131//1442 1139//1454 1134//1447
f 1131//1442 1124//1433 1129//1440
f 1118//1426 1124//1433 1112//1417
f 1118//1426 1129//1440 1124//1433
f 1118//1426 1112//1417 1117//1425
f 1111//1416 1112//1417 1101//1404
f 1111//1416 1117//1425 1112//1417
f 1111//1416 1101//1404 1109//1413
f 1100//1403 1101//1404 1090//1389
f 1100//1403 1109//1413 1101//1404
f 1100//1403 1090//1389 1099//1402
f 1089//1388 1090//1389 1083//1380
f 1089//1388 1099//1402 1090//1389
f 1089//1388 1083//1380 1088//1387
f 1082//1379 1083//1380 1075//1370
f 1082//1379 1088//1387 1083//1380
f 1082//1379 1075//1370 1077//1373
f 1074//1369 1075//1370 1062//1350
f 1074//1369 1077//1373 1075//1370
f 1074//1369 1062//1350 1073//1368
f 1061//1349 1062//1350 1054//1340
f 1061//1349 1073//1368 1062//1350
f 716//918 729//934 688//879
f 1061//1349 1054//1340 1064//1353
f 1053//1339 1054//1340 1041//1321
f 1053//1339 1064//1353 1054//1340
f 1053//1339 1041//1321 1052//1338
f 1040//1320 1041//1321 1029//1306
f 1040//1320 1052//1338 1041//1321
f 1040//1320 1029//1306 1043//1324
f 1034//1311 1029//1306 1019//1288
f 1034//1311 1043//1324 1029//1306
f 1034//1311 1019//1288 1033//1310
f 1025//1297 1019//1288 1008//1274
f 1025//1297 1033//1310 1019//1288
f 1025//1297 1008//1274 1024//1296
f 1012//1278 1008//1274 1000//1262
f 1012//1278 1024//1296 1008//1274
f 1012//1278 1000//1262 1014//1281
f 1005//1268 1000//1262 970//1220
f 1005//1268 1014//1281 1000//1262
f 1005//1268 970//1220 1004//1267
f 2082//2720 2110//2765 2120//2785
f 989//1248 970//1220 957//1201
f 989//1248 1004//1267 970//1220
f 989//1248 957//1201 988//1247
f 963//1209 957//1201 931//1171
f 963//1209 988//1247 957//1201
f 2082//2721 2120//2784 2084//2724
f 963//1209 931//1171 969//1218
f 948//1189 931//1171 895//1131
f 948//1189 969//1218 931//1171
f 948//1189 895//1131 956//1199
f 904//1140 895//1131 858//1092
f 904//1140 956//1199 895//1131
f 904//1140 858//1092 919//1155
f 894//1129 858//1092 815//1043
f 894//1129 919//1155 858//1092
f 894//1129 815//1043 893//1128
f 832//1063 815//1043 787//1012
f 832//1063 893//1128 815//1043
f 832//1063 787//1012 856//1088
f 814//1041 787//1012 771//989
f 814//1041 856//1088 787//1012
f 814//1041 771//989 813//1040
f 779//1001 771//989 762//977
f 779//1001 813//1040 771//989
f 779//1001 762//977 786//1010
f 775//996 762//977 749//959
f 775//996 786//1010 762//977
f 775//996 749//959 778//1000
f 761//975 749//959 737//945
f 761//975 778//1000 749//959
f 761//975 737//945 770//987
f 748//957 737//945 727//932
f 748//957 770//987 737//945
f 1805//2332 1861//2410 1806//2337
f 748//957 727//932 760//974
f 742//950 727//932 712//913
f 742//950 760//974 727//932
f 742//950 712//913 747//956
f 726//930 712//913 706//905
f 1805//2332 1806//2337 1801//2328
f 1969//2557 1977//2572 2650//3377
f 1957//2536 1965//2549 2651//3378
f 741//949 746//955 708//908
f 741//949 708//908 723//926
f 741//949 723//926 758//970
f 719//921 694//888 730//935
f 701//898 664//844 710//910
f 701//898 718//920 676//861
f 663//842 642//810 634//799
f 627//790 598//749 589//738
f 618//779 589//738 577//721
f 1853//2396 1841//2381 2652//3379
f 1041//1322 2653//3380 1029//1305
f 1863//2414 1853//2396 2654//3381
f 1054//1341 2655//3382 1041//1322
f 1878//2435 1863//2414 2656//3383
f 1062//1351 2657//3384 1054//1341
f 1890//2451 1878//2435 2658//3385
f 1075//1371 2659//3386 1062//1351
f 1906//2471 1890//2451 2660//3387
f 1083//1381 2661//3388 1075//1371
f 1928//2498 1906//2471 2662//3389
f 1090//1390 2663//3390 1083//1381
f 1935//2507 1928//2498 2664//3391
f 1101//1405 2665//3392 1090//1390
f 1943//2517 1935//2507 2666//3393
f 1112//1418 2667//3394 1101//1405
f 1955//2531 1943//2517 2668//3395
f 1124//1434 2669//3396 1112//1418
f 1956//2533 1955//2531 2670//3397
f 1134//1448 2671//3398 1124//1434
f 1962//2542 1956//2533 2672//3399
f 1145//1462 2673//3400 1134//1448
f 1963//2544 1962//2542 2674//3401
f 1157//1477 2675//3402 1145//1462
f 1966//2550 1963//2544 2676//3403
f 1170//1494 2677//3404 1157//1477
f 1967//2552 1966//2550 2678//3405
f 1183//1512 2679//3406 1170//1494
f 1968//2554 1967//2552 2680//3407
f 1194//1533 2681//3408 1183//1512
f 1973//2563 1968//2554 2682//3409
f 1205//1549 2683//3410 1194//1533
f 1974//2565 1973//2563 2684//3411
f 565//706 602//754 518//643
f 1216//1563 2685//3412 1205//1549
f 1975//2568 1974//2565 2686//3413
f 1226//1576 2687//3414 1216//1563
f 1976//2570 1975//2568 2688//3415
f 1236//1588 2689//3416 1226//1576
f 1977//2572 1976//2570 2690//3417
f 1250//1608 2691//3418 1236//1588
f 1260//1621 2692//3419 1250//1608
f 1970//2559 1969//2557 2693//3420
f 1275//1641 2694//3421 1260//1621
f 1971//2561 1970//2559 2695//3422
f 1289//1660 2696//3423 1275//1641
f 1964//2547 1971//2561 2697//3424
f 1297//1673 2698//3425 1289//1660
f 1965//2549 1964//2547 2699//3426
f 1308//1686 2700//3427 1297//1673
f 582//727 538//668 614//772
f 1323//1707 2701//3428 1308//1686
f 1958//2538 1957//2536 2702//3429
f 1336//1722 2703//3430 1323//1707
f 1952//2528 1958//2538 2704//3431
f 1350//1740 2705//3432 1336//1722
f 1940//2514 1952//2528 2706//3433
f 1358//1751 2707//3434 1350//1740
f 1933//2505 1940//2514 2708//3435
f 1378//1775 2709//3436 1358//1751
f 1925//2495 1933//2505 2710//3437
f 1387//1787 2711//3438 1378//1775
f 1899//2462 1925//2495 2712//3439
f 1397//1799 2713//3440 1387//1787
f 1886//2446 1899//2462 2714//3441
f 1409//1817 2715//3442 1397//1799
f 1873//2426 1886//2446 2716//3443
f 1421//1833 2717//3444 1409//1817
f 1859//2407 1873//2426 2718//3445
f 1433//1850 2719//3446 1421//1833
f 1847//2389 1859//2407 2720//3447
f 1443//1862 2721//3448 1433//1850
f 1838//2378 1847//2389 2722//3449
f 1457//1878 2723//3450 1443//1862
f 1823//2361 1838//2378 2724//3451
f 1484//1913 2725//3452 1457//1878
f 1815//2350 1823//2361 2726//3453
f 1494//1927 2727//3454 1484//1913
f 1800//2327 1815//2350 2728//3455
f 1514//1952 2729//3456 1494//1927
f 1791//2313 1800//2327 2730//3457
f 1548//1991 2731//3458 1514//1952
f 1772//2278 1791//2313 2732//3459
f 1592//2041 2733//3460 1548//1991
f 1761//2263 1772//2278 2734//3461
f 1630//2085 2735//3462 1592//2041
f 1750//2246 1761//2263 2736//3463
f 1660//2118 2737//3464 1630//2085
f 1740//2230 1750//2246 2738//3465
f 1684//2146 2739//3466 1660//2118
f 1730//2214 1740//2230 2740//3467
f 2741//3468 1696//2164 1707//2179
f 2742//3469 1684//2146 1696//2164
f 745//954 723//926 734//941
f 1936//2509 1963//2545 1966//2551
f 2743//3470 1707//2179 1720//2197
f 2744//3471 1720//2197 1730//2214
f 726//930 747//956 712//913
f 726//930 706//905 736//943
f 719//921 706//905 694//888
f 719//921 736//943 706//905
f 1809//2342 1785//2301 1832//2371
f 705//903 694//888 676//861
f 705//903 730//935 694//888
f 705//903 676//861 718//920
f 701//898 676//861 664//844
f 745//954 734//941 769//986
f 745//954 758//970 723//926
f 683//872 664//844 654//829
f 683//872 710//910 664//844
f 683//872 654//829 700//897
f 675//859 654//829 642//810
f 675//859 700//897 654//829
f 675//859 642//810 692//885
f 622//785 580//725 593//743
f 663//842 692//885 642//810
f 663//842 634//799 674//858
f 622//785 638//805 580//725
f 653//826 634//799 619//781
f 653//826 674//858 634//799
f 653//826 619//781 668//849
f 641//808 619//781 606//759
f 641//808 668//849 619//781
f 641//808 606//759 662//841
f 640//807 606//759 598//749
f 640//807 662//841 606//759
f 640//807 598//749 651//824
f 646//815 611//769 667//847
f 627//790 651//824 598//749
f 627//790 589//738 647//817
f 645//814 611//769 629//793
f 618//779 647//817 589//738
f 618//779 577//721 633//797
f 605//757 577//721 563//703
f 605//757 633//797 577//721
f 605//757 563//703 626//789
f 604//756 563//703 544//676
f 604//756 626//789 563//703
f 1796//2321 1764//2267 1808//2341
f 1523//1962 1531//1972 1522//1961
f 1523//1962 1522//1961 1524//1964
f 1523//1962 1524//1964 1510//1945
f 1523//1962 1510//1945 1509//1943
f 604//756 544//676 624//787
f 588//736 544//676 533//661
f 588//736 624//787 544//676
f 588//736 533//661 617//778
f 587//735 533//661 528//654
f 587//735 617//778 533//661
f 587//735 528//654 603//755
f 576//719 528//654 515//639
f 576//719 603//755 528//654
f 576//719 515//639 597//747
f 543//674 515//639 508//630
f 543//674 597//747 515//639
f 543//674 508//630 596//746
f 542//673 508//630 507//628
f 542//673 596//746 508//630
f 542//673 507//628 586//734
f 532//659 507//628 503//621
f 532//659 586//734 507//628
f 532//659 503//621 575//717
f 541//671 503//621 502//619
f 541//671 575//717 503//621
f 541//671 502//619 573//714
f 527//652 502//619 496//609
f 527//652 573//714 502//619
f 1732//2217 1718//2194 1744//2238
f 1495//1928 1511//1947 1532//1973
f 1495//1928 2752//3481 1511//1947
f 527//652 496//609 572//713
f 526//651 496//609 495//607
f 526//651 572//713 496//609
f 526//651 495//607 562//701
f 514//637 495//607 494//605
f 514//637 562//701 495//607
f 514//637 494//605 561//700
f 525//650 494//605 489//596
f 525//650 561//700 494//605
f 525//650 489//596 559//698
f 2095//2745 2120//2783 2108//2762
f 513//636 489//596 488//594
f 513//636 559//698 489//596
f 513//636 488//594 558//697
f 524//649 488//594 487//592
f 524//649 558//697 488//594
f 524//649 487//592 556//693
f 523//648 487//592 486//590
f 523//648 556//693 487//592
f 523//648 486//590 554//689
f 522//647 486//590 485//588
f 2084//2724 2120//2783 2095//2745
f 716//918 703//901 735//942
f 522//647 554//689 486//590
f 522//647 485//588 552//686
f 512//635 485//588 493//603
f 512//635 552//686 485//588
f 724//927 703//901 708//908
f 512//635 493//603 550//683
f 521//646 493//603 492//601
f 521//646 550//683 493//603
f 521//646 492//601 549//682
f 520//645 492//601 491//599
f 520//645 549//682 492//601
f 520//645 491//599 571//712
f 531//658 491//599 501//617
f 531//658 571//712 491//599
f 531//658 501//617 569//710
f 519//644 501//617 500//615
f 519//644 569//710 501//617
f 519//644 500//615 567//708
f 540//670 500//615 506//626
f 540//670 567//708 500//615
f 540//670 506//626 584//730
f 539//669 506//626 505//624
f 539//669 584//730 506//626
f 539//669 505//624 583//729
f 548//681 505//624 511//634
f 1488//1919 1493//1925 1512//1949
f 548//681 583//729 505//624
f 548//681 511//634 594//744
f 566//707 511//634 518//643
f 566//707 594//744 511//634
f 566//707 518//643 602//754
f 565//706 518//643 530//657
f 1455//1875 1438//1855 1454//1874
f 565//706 530//657 616//776
f 582//727 530//657 538//668
f 1437//1854 1454//1874 1438//1855
f 724//927 735//942 703//901
f 1437//1854 1441//1859 1454//1874
f 582//727 616//776 530//657
f 1430//1846 1415//1824 1429//1845
f 581//726 538//668 547//680
f 581//726 614//772 538//668
f 581//726 547//680 623//786
f 613//771 547//680 564//705
f 613//771 623//786 547//680
f 613//771 564//705 631//795
f 612//770 564//705 580//725
f 612//770 631//795 564//705
f 612//770 580//725 638//805
f 1947//2522 1975//2567 1915//2482
f 1947//2522 1913//2479 1974//2566
f 1947//2522 1974//2566 1975//2567
f 1946//2521 1974//2566 1913//2479
f 1946//2521 1912//2478 1973//2564
f 1946//2521 1973//2564 1974//2566
f 1945//2520 1973//2564 1912//2478
f 1945//2520 1910//2476 1968//2555
f 1945//2520 1968//2555 1973//2564
f 1944//2519 1968//2555 1910//2476
f 1944//2519 1909//2475 1967//2553
f 1944//2519 1967//2553 1968//2555
f 1937//2510 1967//2553 1909//2475
f 1937//2510 1894//2456 1966//2551
f 1937//2510 1966//2551 1967//2553
f 1936//2509 1966//2551 1894//2456
f 1936//2509 1892//2454 1963//2545
f 1380//1778 1383//1782 1390//1791
f 1930//2501 1963//2545 1892//2454
f 1930//2501 1882//2441 1962//2543
f 1930//2501 1962//2543 1963//2545
f 1929//2500 1962//2543 1882//2441
f 1929//2500 1881//2440 1956//2534
f 1929//2500 1956//2534 1962//2543
f 1908//2474 1956//2534 1881//2440
f 1908//2474 1866//2418 1955//2532
f 1908//2474 1955//2532 1956//2534
f 1907//2473 1955//2532 1866//2418
f 1907//2473 1865//2417 1943//2518
f 1907//2473 1943//2518 1955//2532
f 1891//2453 1943//2518 1865//2417
f 1891//2453 1857//2403 1935//2508
f 1891//2453 1935//2508 1943//2518
f 1879//2437 1935//2508 1857//2403
f 1879//2437 1842//2383 1928//2499
f 1879//2437 1928//2499 1935//2508
f 1864//2416 1928//2499 1842//2383
f 1864//2416 1835//2374 1906//2472
f 1864//2416 1906//2472 1928//2499
f 1855//2399 1906//2472 1835//2374
f 1855//2399 1826//2364 1890//2452
f 1855//2399 1890//2452 1906//2472
f 1854//2398 1890//2452 1826//2364
f 1854//2398 1820//2357 1878//2436
f 1854//2398 1878//2436 1890//2452
f 1834//2373 1878//2436 1820//2357
f 1834//2373 1810//2343 1863//2415
f 1834//2373 1863//2415 1878//2436
f 1833//2372 1863//2415 1810//2343
f 1833//2372 1802//2329 1853//2397
f 1833//2372 1853//2397 1863//2415
f 1819//2356 1853//2397 1802//2329
f 1819//2356 1798//2323 1841//2382
f 1819//2356 1841//2382 1853//2397
f 1809//2342 1841//2382 1798//2323
f 1298//1674 1306//1683 1303//1679
f 1809//2342 1832//2371 1841//2382
f 1797//2322 1832//2371 1785//2301
f 1797//2322 1770//2274 1818//2355
f 2090//2733 1861//2409 2789//3532
f 1285//1653 1296//1671 1293//1665
f 1285//1653 1282//1648 1284//1652
f 622//785 593//743 650//823
f 630//794 593//743 601//753
f 630//794 650//823 593//743
f 630//794 601//753 660//839
f 646//815 601//753 611//769
f 646//815 660//839 601//753
f 1278//1644 1273//1638 1284//1652
f 1298//1674 1296//1671 1306//1683
f 645//814 667//847 611//769
f 1797//2322 1818//2355 1832//2371
f 1796//2321 1818//2355 1770//2274
f 757//968 734//941 744//953
f 1796//2321 1808//2341 1818//2355
f 1769//2273 1808//2341 1764//2267
f 1769//2273 1758//2258 1795//2320
f 1769//2273 1795//2320 1808//2341
f 1763//2266 1795//2320 1758//2258
f 1763//2266 1746//2240 1784//2300
f 1763//2266 1784//2300 1795//2320
f 1752//2249 1784//2300 1746//2240
f 1752//2249 1733//2218 1768//2272
f 1752//2249 1768//2272 1784//2300
f 1745//2239 1768//2272 1733//2218
f 1745//2239 1727//2209 1757//2257
f 1745//2239 1757//2257 1768//2272
f 1732//2217 1757//2257 1727//2209
f 757//968 769//986 734//941
f 1732//2217 1744//2238 1757//2257
f 1726//2208 1744//2238 1718//2194
f 1726//2208 1704//2175 1739//2228
f 1726//2208 1739//2228 1744//2238
f 1717//2192 1739//2228 1704//2175
f 1717//2192 1698//2166 1725//2207
f 1717//2192 1725//2207 1739//2228
f 1703//2174 1725//2207 1698//2166
f 1703//2174 1690//2156 1716//2191
f 1703//2174 1716//2191 1725//2207
f 1694//2161 1716//2191 1690//2156
f 1694//2161 1668//2128 1702//2173
f 1694//2161 1702//2173 1716//2191
f 1679//2140 1702//2173 1668//2128
f 1679//2140 1657//2113 1693//2160
f 1679//2140 1693//2160 1702//2173
f 1663//2121 1693//2160 1657//2113
f 1663//2121 1628//2082 1678//2139
f 1663//2121 1678//2139 1693//2160
f 1647//2102 1678//2139 1628//2082
f 1647//2102 1588//2033 1656//2112
f 1647//2102 1656//2112 1678//2139
f 1612//2062 1656//2112 1588//2033
f 1612//2062 1546//1988 1627//2081
f 1612//2062 1627//2081 1656//2112
f 1567//2011 1627//2081 1546//1988
f 1567//2011 1526//1966 1587//2032
f 1567//2011 1587//2032 1627//2081
f 1534//1975 1587//2032 1526//1966
f 1534//1975 1501//1934 1545//1987
f 1534//1975 1545//1987 1587//2032
f 1500//1933 1545//1987 1501//1934
f 1500//1933 1489//1920 1512//1949
f 1500//1933 1512//1949 1545//1987
f 1488//1919 1512//1949 1489//1920
f 1488//1919 1463//1885 1493//1925
f 757//968 744//953 773//991
f 1471//1894 1493//1925 1463//1885
f 1471//1894 1447//1866 1482//1910
f 1471//1894 1482//1910 1493//1925
f 1455//1875 1482//1910 1447//1866
f 768//985 744//953 756//967
f 1455//1875 1454//1874 1482//1910
f 768//985 773//991 744//953
f 1437//1854 1425//1838 1441//1859
f 1177//1503 1168//1491 1180//1507
f 1430//1846 1441//1859 1425//1838
f 768//985 756//967 783//1006
f 1430//1846 1429//1845 1441//1859
f 1414//1823 1429//1845 1415//1824
f 1414//1823 1406//1812 1420//1831
f 1414//1823 1420//1831 1429//1845
f 1405//1811 1420//1831 1406//1812
f 1405//1811 1392//1793 1404//1810
f 1405//1811 1404//1810 1420//1831
f 1391//1792 1404//1810 1392//1793
f 1391//1792 1384//1783 1390//1791
f 1391//1792 1390//1791 1404//1810
f 1380//1778 1390//1791 1384//1783
f 1380//1778 1373//1769 1383//1782
f 777//999 756//967 767//984
f 1372//1768 1383//1782 1373//1769
f 1372//1768 1362//1756 1371//1767
f 1372//1768 1371//1767 1383//1782
f 1354//1745 1371//1767 1362//1756
f 1354//1745 1347//1736 1353//1744
f 1354//1745 1353//1744 1371//1767
f 1346//1735 1353//1744 1347//1736
f 1346//1735 1337//1723 1345//1734
f 1346//1735 1345//1734 1353//1744
f 1334//1719 1345//1734 1337//1723
f 1334//1719 1326//1710 1333//1718
f 1334//1719 1333//1718 1345//1734
f 1325//1709 1333//1718 1326//1710
f 1325//1709 1311//1691 1321//1704
f 1325//1709 1321//1704 1333//1718
f 1310//1690 1321//1704 1311//1691
f 1310//1690 1303//1679 1306//1683
f 1310//1690 1306//1683 1321//1704
f 777//999 783//1006 756//967
f 1298//1674 1293//1665 1296//1671
f 797//1022 782//1005 855//1087
f 777//999 767//984 812//1039
f 797//1022 767//984 782//1005
f 1285//1653 1284//1652 1296//1671
f 1278//1644 1284//1652 1282//1648
f 1278//1644 1270//1633 1273//1638
f 797//1022 812//1039 767//984
f 1264//1626 1273//1638 1270//1633
f 1264//1626 1257//1616 1259//1619
f 1264//1626 1259//1619 1273//1638
f 1253//1611 1259//1619 1257//1616
f 1253//1611 1248//1604 1247//1603
f 1253//1611 1247//1603 1259//1619
f 1244//1598 1247//1603 1248//1604
f 1244//1598 1234//1585 1233//1584
f 1244//1598 1233//1584 1247//1603
f 1229//1579 1233//1584 1234//1585
f 1229//1579 1224//1573 1223//1572
f 1229//1579 1223//1572 1233//1584
f 1221//1569 1223//1572 1224//1573
f 1221//1569 1215//1561 1214//1560
f 1221//1569 1214//1560 1223//1572
f 1209//1553 1214//1560 1215//1561
f 1209//1553 1203//1546 1202//1545
f 1209//1553 1202//1545 1214//1560
f 1196//1538 1202//1545 1203//1546
f 1196//1538 1192//1529 1191//1528
f 1196//1538 1191//1528 1202//1545
f 1190//1526 1191//1528 1192//1529
f 1190//1526 1181//1508 1180//1507
f 1190//1526 1180//1507 1191//1528
f 1177//1503 1180//1507 1181//1508
f 1177//1503 1171//1495 1168//1491
f 1050//1336 1051//1337 1037//1316
f 1165//1486 1168//1491 1171//1495
f 1165//1486 1159//1479 1154//1473
f 1165//1486 1154//1473 1168//1491
f 1150//1468 1154//1473 1159//1479
f 1150//1468 1151//1469 1140//1456
f 1150//1468 1140//1456 1154//1473
f 1141//1457 1140//1456 1151//1469
f 1141//1457 1138//1453 1132//1444
f 1141//1457 1132//1444 1140//1456
f 1130//1441 1132//1444 1138//1453
f 1130//1441 1127//1438 1119//1428
f 1130//1441 1119//1428 1132//1444
f 1120//1429 1119//1428 1127//1438
f 1120//1429 1116//1424 1110//1415
f 1120//1429 1110//1415 1119//1428
f 1105//1409 1110//1415 1116//1424
f 1105//1409 1106//1410 1097//1400
f 1105//1409 1097//1400 1110//1415
f 1098//1401 1097//1400 1106//1410
f 1098//1401 1096//1398 1086//1385
f 1098//1401 1086//1385 1097//1400
f 1095//1397 1086//1385 1096//1398
f 1095//1397 1087//1386 1080//1377
f 1095//1397 1080//1377 1086//1385
f 1081//1378 1080//1377 1087//1386
f 1081//1378 1076//1372 1069//1361
f 1081//1378 1069//1361 1080//1377
f 1070//1362 1069//1361 1076//1372
f 1070//1362 1071//1364 1058//1346
f 1070//1362 1058//1346 1069//1361
f 1059//1347 1058//1346 1071//1364
f 1059//1347 1060//1348 1049//1335
f 1059//1347 1049//1335 1058//1346
f 1050//1336 1049//1335 1060//1348
f 985//1243 967//1216 1003//1266
f 1050//1336 1037//1316 1049//1335
f 1038//1317 1037//1316 1051//1337
f 1038//1317 1042//1323 1026//1299
f 1038//1317 1026//1299 1037//1316
f 1031//1308 1026//1299 1042//1323
f 1031//1308 1032//1309 1015//1283
f 1031//1308 1015//1283 1026//1299
f 1022//1294 1015//1283 1032//1309
f 1022//1294 1023//1295 1007//1272
f 1022//1294 1007//1272 1015//1283
f 1010//1276 1007//1272 1023//1295
f 1010//1276 1011//1277 998//1259
f 1010//1276 998//1259 1007//1272
f 999//1260 998//1259 1011//1277
f 999//1260 1003//1266 967//1216
f 999//1260 967//1216 998//1259
f 915//1151 891//1126 955//1198
f 985//1243 986//1244 954//1197
f 985//1243 954//1197 967//1216
f 961//1206 954//1197 986//1244
f 961//1206 968//1217 929//1167
f 961//1206 929//1167 954//1197
f 946//1187 929//1167 968//1217
f 946//1187 955//1198 891//1126
f 946//1187 891//1126 929//1167
f 880//1114 892//1127 811//1038
f 915//1151 916//1152 854//1086
f 915//1151 854//1086 891//1126
f 880//1114 854//1086 916//1152
f 880//1114 811//1038 854//1086
f 830//1061 811//1038 892//1127
f 830//1061 855//1087 782//1005
f 830//1061 782//1005 811//1038
f 923//1159 953//1194 911//1147
f 1523//1962 1509//1943 1531//1972
f 978//1233 1002//1265 1001//1264
f 1466//1888 1459//1881 1460//1882
f 1466//1888 1460//1882 1476//1901
f 982//1238 994//1254 995//1255
f 982//1238 995//1255 974//1226
f 1470//1893 1451//1870 1450//1869
f 1509//1943 1541//1982 1531//1972
f 1540//1981 1531//1972 1541//1982
f 1435//1852 1450//1869 1452//1871
f 1480//1907 1452//1871 1450//1869
f 1480//1907 1450//1869 1451//1870
f 1009//1275 996//1256 994//1254
f 966//1213 995//1255 994//1254
f 966//1213 994//1254 996//1256
f 972//1222 2745//3472 1001//1263
f 1444//1863 2746//3473 1459//1881
f 1485//1914 1459//1881 2748//3476
f 1485//1914 1460//1882 1459//1881
f 972//1222 1001//1263 1002//1265
f 978//1233 990//1249 1002//1265
f 1480//1907 1451//1870 1461//1883
f 1470//1893 1461//1883 1451//1870
f 966//1213 983//1240 995//1255
f 1485//1914 1467//1890 1460//1882
f 972//1222 1002//1265 990//1249
f 974//1226 995//1255 983//1240
f 1476//1901 1460//1882 1467//1890
f 964//1210 978//1233 2747//3474
f 1491//1922 2749//3478 1476//1901
f 1476//1901 1467//1890 1468//1891
f 972//1222 990//1249 991//1250
f 1470//1893 1462//1884 1461//1883
f 1485//1914 1468//1891 1467//1890
f 974//1226 983//1240 984//1241
f 966//1213 984//1241 983//1240
f 1480//1907 1461//1883 1462//1884
f 978//1233 991//1250 990//1249
f 2773//3509 2091//2737 2104//2758
f 2471//3196 2096//2747 2113//2771
f 2773//3509 2789//3532 1861//2411
f 2755//3484 1984//2581 2569//3296
f 2118//2781 2117//2780 2119//2782
f 2116//2779 2117//2780 2118//2781
f 2759//3491 2747//3474 938//1178
f 960//1205 940//1181 953//1194
f 1541//1982 1509//1943 2749//3478
f 1476//1901 1468//1891 1491//1922
f 974//1226 984//1241 960//1205
f 978//1233 964//1210 991//1250
f 1470//1893 2752//3481 1462//1884
f 938//1178 910//1146 2759//3491
f 953//1194 940//1181 911//1147
f 1495//1928 1532//1973 2752//3481
f 979//1234 991//1250 964//1210
f 1479//1906 1462//1884 2752//3481
f 1477//1903 1491//1922 1468//1891
f 1485//1914 1469//1892 1468//1891
f 972//1222 991//1250 992//1251
f 1477//1903 1468//1891 1469//1892
f 1480//1907 1462//1884 1479//1906
f 979//1234 992//1251 991//1250
f 2789//3532 2064//2694 2090//2735
f 1688//2152 1876//2430 1689//2155
f 1477//1903 1469//1892 1491//1922
f 979//1234 964//1210 992//1251
f 900//1136 911//1147 940//1181
f 910//1146 898//1134 2759//3491
f 1532//1973 1542//1983 2752//3481
f 965//1211 992//1251 964//1210
f 1486//1916 1491//1922 1469//1892
f 972//1222 992//1251 965//1211
f 1485//1914 1486//1916 1469//1892
f 2471//3196 2113//2772 2758//3489
f 2118//2781 2119//2782 2110//2764
f 2752//3481 2750//3479 1479//1906
f 1689//2155 1671//2131 1688//2154
f 1661//2119 1688//2154 1671//2131
f 1709//2181 1686//2150 1667//2127
f 1661//2119 1676//2136 1605//2055
f 1661//2119 1671//2131 1676//2136
f 1667//2127 1622//2075 1687//2151
f 2101//2752 2102//2754 2126//2792
f 2108//2762 2121//2786 2097//2748
f 1486//1916 2793//3540 1491//1922
f 965//1211 964//1210 2751//3480
f 984//1241 912//1148 960//1205
f 2114//2777 2091//2738 2789//3533
f 2039//2654 2038//2652 2029//2639
f 2068//2700 2063//2692 2059//2684
f 2053//2673 2059//2684 2051//2670
f 2053//2673 2051//2670 2046//2664
f 2020//2626 2023//2631 2755//3484
f 2020//2626 2029//2639 2023//2631
f 2068//2700 2079//2716 2063//2692
f 2039//2654 2046//2664 2038//2652
f 2022//2630 2037//2651 2756//3487
f 2022//2630 2773//3509 2033//2645
f 2022//2630 2033//2645 2037//2651
f 2090//2735 2089//2732 2101//2752
f 1689//2155 1672//2132 1671//2131
f 1674//2134 1676//2136 1671//2131
f 1674//2134 1671//2131 1672//2132
f 1709//2181 1667//2127 1687//2151
f 910//1146 899//1135 898//1134
f 910//1146 845//1076 899//1135
f 911//1147 900//1136 824//1053
f 1540//1981 1541//1982 1555//1998
f 1540//1981 1555//1998 1556//1999
f 1540//1981 1556//1999 1622//2075
f 1532//1973 1605//2055 1543//1984
f 2292//2992 2295//2995 2284//2982
f 2271//2965 2275//2969 2264//2953
f 2248//2933 2252//2938 2243//2928
f 2327//3034 2332//3039 2320//3025
f 2339//3047 2348//3059 2332//3039
f 2355//3067 2365//3078 2348//3059
f 2366//3079 2380//3095 2365//3078
f 2282//2980 2284//2982 2275//2969
f 2304//3006 2309//3011 2295//2995
f 2314//3018 2320//3025 2309//3011
f 139//164 135//159 145//171
f 223//270 219//265 230//278
f 2392//3109 2393//3110 2380//3095
f 2400//3119 2401//3120 2393//3110
f 2411//3132 2412//3133 2401//3120
f 2413//3134 2418//3140 2412//3133
f 2419//3141 2420//3142 2418//3140
f 2237//2921 2243//2928 2234//2918
f 2426//3150 2427//3151 2420//3142
f 2428//3152 2429//3153 2427//3151
f 2430//3154 2431//3155 2429//3153
f 2432//3156 2433//3157 2431//3155
f 2434//3158 2436//3161 2433//3157
f 2437//3162 2422//3145 2436//3161
f 2423//3146 2425//3149 2422//3145
f 410//499 419//510 407//496
f 2414//3135 2416//3138 2425//3149
f 2417//3139 2409//3130 2416//3138
f 2410//3131 2398//3117 2409//3130
f 2399//3118 2391//3108 2398//3117
f 2377//3091 2379//3094 2391//3108
f 2364//3077 2354//3066 2379//3094
f 2347//3058 2338//3046 2354//3066
f 2331//3038 2326//3033 2338//3046
f 2319//3024 2313//3017 2326//3033
f 2308//3010 2303//3005 2313//3017
f 2294//2994 2291//2991 2303//3005
f 2283//2981 2281//2979 2291//2991
f 2274//2968 2270//2964 2281//2979
f 198//240 194//234 207//252
f 186//225 184//223 194//234
f 2263//2952 2254//2941 2270//2964
f 2251//2936 2244//2929 2254//2941
f 2251//2936 2236//2920 2244//2929
f 2251//2936 2226//2909 2236//2920
f 70//82 55//65 72//84
f 2251//2936 2217//2897 2226//2909
f 306//372 302//368 312//379
f 317//386 312//379 324//394
f 329//399 324//394 337//412
f 296//361 289//353 302//368
f 342//417 337//412 350//426
f 353//429 350//426 360//437
f 365//442 360//437 375//453
f 286//349 280//340 289//353
f 378//458 375//453 385//470
f 387//472 385//470 397//485
f 788//1013 772//990 845//1076
f 399//487 397//485 409//498
f 274//333 266//324 280//340
f 411//500 409//498 421//512
f 754//964 740//948 772//990
f 720//922 702//899 740//948
f 678//864 666//846 702//899
f 643//811 621//784 666//846
f 591//740 546//678 621//784
f 517//641 504//622 546//678
f 482//584 475//577 504//622
f 466//567 463//563 475//577
f 454//552 450//548 463//563
f 440//536 432//525 450//548
f 781//1003 824//1053 766//982
f 377//457 382//464 371//449
f 2251//2936 2207//2883 2217//2897
f 2251//2936 2199//2875 2207//2883
f 424//516 421//512 432//525
f 751//961 766//982 733//939
f 715//917 733//939 697//892
f 2251//2936 2190//2866 2199//2875
f 38//43 37//42 49//56
f 31//35 30//34 37//42
f 669//851 697//892 656//832
f 636//802 656//832 610//767
f 28//32 23//26 30//34
f 2251//2936 2180//2854 2190//2866
f 578//722 610//767 537//666
f 509//631 537//666 499//613
f 477//579 499//613 472//574
f 465//566 472//574 461//561
f 451//549 461//561 446//544
f 2251//2936 2172//2846 2180//2854
f 2164//2837 2162//2835 2172//2846
f 262//319 255//312 266//324
f 434//528 446//544 430//523
f 422//513 430//523 419//510
f 2153//2825 2151//2823 2162//2835
f 2142//2812 2140//2810 2151//2823
f 2131//2797 2134//2800 2121//2786
f 250//305 242//297 255//312
f 2132//2798 2126//2792 2140//2810
f 398//486 407//496 393//481
f 238//290 230//278 242//297
f 212//257 207//252 219//265
f 2141//2811 2146//2817 2134//2800
f 73//85 85//99 57//68
f 50//57 49//56 55//65
f 351//427 355//432 344//420
f 83//96 72//84 93//108
f 101//117 93//108 108//125
f 115//134 108//125 124//146
f 22//25 21//24 23//26
f 127//149 124//146 135//159
f 177//209 168//197 184//223
f 163//191 158//186 168//197
f 151//177 145//171 158//186
f 2261//2950 2264//2953 2252//2938
f 386//471 393//481 382//464
f 2152//2824 2156//2828 2146//2817
f 14//15 13//14 21//24
f 363//440 371//449 355//432
f 269//328 276//336 265//323
f 12//13 11//12 13//14
f 9//10 8//9 11//12
f 7//8 6//7 8//9
f 4//5 3//4 6//7
f 1//1 19//22 3//4
f 17//19 16//18 19//22
f 27//31 26//30 16//18
f 109//126 117//137 103//120
f 24//27 34//39 26//30
f 32//36 41//47 34//39
f 39//44 52//60 41//47
f 58//69 57//68 52//60
f 285//348 288//352 276//336
f 295//360 298//364 288//352
f 2227//2910 2234//2918 2224//2907
f 94//109 103//120 85//99
f 2218//2898 2224//2907 2216//2896
f 341//416 344//420 333//407
f 2209//2885 2216//2896 2203//2879
f 2201//2877 2203//2879 2197//2873
f 2192//2868 2197//2873 2183//2857
f 328//398 333//407 320//390
f 316//385 320//390 308//375
f 305//371 308//375 298//364
f 172//202 179//212 165//194
f 256//313 265//323 253//310
f 235//286 240//293 227//275
f 246//301 253//310 240//293
f 125//147 129//152 117//137
f 136//160 141//167 129//152
f 146//172 153//180 141//167
f 159//187 165//194 153//180
f 185//224 190//230 179//212
f 195//235 204//247 190//230
f 2181//2855 2183//2857 2175//2849
f 2173//2847 2175//2849 2167//2840
f 208//253 216//262 204//247
f 2163//2836 2167//2840 2156//2828
f 220//266 227//275 216//262
f 1689//2155 1673//2133 1672//2132
f 1674//2134 1672//2132 1673//2133
f 1542//1983 2750//3479 2752//3481
f 1485//1915 1478//1904 1486//1917
f 972//1223 965//1212 980//1235
f 966//1214 975//1228 984//1242
f 1774//2281 1805//2332 1801//2328
f 2116//2779 2118//2781 2115//2778
f 2113//2771 2115//2778 2118//2781
f 972//1222 980//1236 981//1237
f 965//1211 981//1237 980//1236
f 984//1241 975//1229 976//1230
f 966//1213 976//1230 975//1229
f 1876//2431 1984//2582 2777//3517
f 2773//3510 1805//2333 1774//2280
f 1541//1982 2749//3478 2753//3482
f 2071//2703 2063//2692 2079//2716
f 2071//2703 2079//2716 2754//3483
f 2034//2646 2029//2639 2038//2652
f 2057//2679 2059//2684 2063//2692
f 2057//2679 2051//2670 2059//2684
f 2044//2660 2046//2664 2051//2670
f 2044//2660 2038//2652 2046//2664
f 2034//2646 2023//2631 2029//2639
f 2057//2680 2063//2693 2051//2671
f 2033//2645 2773//3509 2037//2651
f 2034//2647 2038//2653 2023//2632
f 2071//2704 2757//3488 2063//2693
f 2044//2661 2051//2671 2038//2653
f 2023//2631 2038//2652 2024//2633
f 2761//3493 2023//2631 2024//2633
f 2024//2633 2051//2670 2758//3489
f 2051//2670 2063//2692 2758//3489
f 2038//2652 2051//2670 2024//2633
f 1674//2134 1673//2133 1675//2135
f 1674//2134 1675//2135 1676//2136
f 2108//2762 2097//2748 2095//2745
f 2091//2739 2773//3511 2035//2648
f 1689//2155 1675//2135 1673//2133
f 900//1136 940//1181 912//1148
f 2113//2771 2118//2781 2110//2764
f 2001//2602 2761//3493 2008//2609
f 2001//2602 2755//3484 2761//3493
f 2001//2602 2008//2609 2755//3484
f 2008//2609 2761//3493 2024//2633
f 2002//2603 2755//3484 2008//2609
f 2002//2603 1997//2597 2755//3484
f 2002//2603 2008//2609 1997//2597
f 2764//3497 2091//2736 2035//2648
f 2008//2609 2024//2633 2781//3522
f 2762//3494 1997//2597 2008//2609
f 2094//2742 2091//2736 2764//3497
f 1555//1998 1541//1982 2753//3482
f 2091//2738 2094//2743 2789//3533
f 2777//3517 1984//2582 2755//3485
f 2781//3522 2024//2633 2045//2662
f 1850//2393 1805//2334 1888//2448
f 1850//2393 1830//2368 1805//2334
f 1850//2393 1888//2448 1830//2368
f 2082//2721 2084//2724 2075//2708
f 1849//2391 1830//2368 1888//2448
f 1849//2391 2763//3495 1830//2368
f 1849//2392 1888//2449 2763//3496
f 1861//2412 1805//2333 2770//3505
f 1876//2430 1692//2158 1689//2155
f 1692//2158 1675//2135 1689//2155
f 1692//2158 1676//2136 1675//2135
f 2089//2732 2102//2754 2101//2752
f 2045//2662 2024//2633 2758//3489
f 2094//2742 2764//3498 2035//2649
f 898//1134 2751//3480 2759//3491
f 2090//2735 2064//2694 2089//2732
f 2766//3500 1851//2394 1840//2380
f 2767//3501 1848//2390 1860//2408
f 1874//2427 2765//3499 1927//2497
f 1874//2427 1848//2390 2765//3499
f 1862//2413 2768//3502 1840//2380
f 1862//2413 1903//2468 2768//3502
f 2094//2742 2035//2649 2769//3503
f 1874//2427 1927//2497 1848//2390
f 1862//2413 1840//2380 1903//2468
f 1887//2447 1860//2408 1848//2390
f 1875//2428 1840//2380 1851//2394
f 1875//2428 1903//2468 1840//2380
f 1887//2447 1848//2390 1927//2497
f 1875//2428 1851//2394 1903//2468
f 1887//2447 1927//2497 1860//2408
f 2772//3508 1860//2408 1927//2497
f 2771//3507 1903//2468 1851//2394
f 1774//2282 2035//2649 2773//3510
f 2113//2773 2110//2766 2758//3490
f 2804//3551 2082//2722 2075//2708
f 2789//3534 2775//3513 2064//2695
f 2758//3490 2110//2766 2082//2722
f 2773//3510 1861//2410 2770//3505
f 2045//2662 2758//3490 2776//3515
f 2769//3503 2035//2649 1774//2282
f 1542//1983 1532//1973 1543//1984
f 2774//3512 2081//2719 2069//2701
f 1774//2282 2094//2744 2769//3504
f 2074//2707 2065//2696 2069//2701
f 2074//2707 2069//2701 2081//2719
f 2776//3515 2069//2701 2065//2696
f 2089//2732 2064//2694 2073//2706
f 2074//2707 2081//2719 2065//2696
f 2778//3519 2065//2696 2081//2719
f 1953//2529 1954//2530 2780//3521
f 1889//2450 2779//3520 1904//2469
f 1902//2467 1941//2515 1926//2496
f 2770//3506 1941//2515 1902//2467
f 1889//2450 1904//2469 1953//2529
f 1904//2469 1954//2530 1953//2529
f 1941//2515 2770//3506 1960//2540
f 1774//2282 2789//3534 2094//2744
f 1941//2515 1960//2540 1926//2496
f 1904//2469 2779//3520 1954//2530
f 2780//3521 1954//2530 2779//3520
f 2009//2610 1876//2432 2777//3518
f 2045//2663 2776//3516 2781//3523
f 2084//2725 2095//2745 2075//2709
f 2073//2706 2064//2695 2083//2723
f 2010//2612 2777//3517 2781//3522
f 2010//2612 2781//3522 2017//2622
f 2010//2612 2017//2623 2777//3518
f 2124//2789 2140//2810 2126//2792
f 2124//2789 2130//2796 2140//2810
f 231//279 227//275 247//302
f 144//170 135//159 124//146
f 187//226 179//212 200//242
f 123//143 93//108 132//155
f 114//133 132//155 93//108
f 800//1025 799//1024 772//990
f 187//226 165//194 179//212
f 799//1024 806//1032 772//990
f 806//1032 805//1031 772//990
f 2124//2789 2126//2792 2106//2760
f 221//267 224//271 204//247
f 221//267 204//247 216//262
f 2145//2816 2151//2823 2137//2805
f 804//1030 803//1029 772//990
f 803//1029 802//1028 772//990
f 802//1028 801//1026 772//990
f 199//241 200//242 179//212
f 805//1031 804//1030 772//990
f 2107//2761 2126//2792 2102//2754
f 2107//2761 2102//2754 2093//2741
f 801//1026 822//1050 772//990
f 187//226 191//231 165//194
f 199//241 179//212 190//230
f 130//153 137//161 103//120
f 123//143 108//125 93//108
f 822//1050 841//1072 772//990
f 2133//2799 2137//2805 2151//2823
f 123//143 138//162 108//125
f 2782//3524 800//1025 772//990
f 221//267 216//262 236//287
f 780//1002 2783//3525 772//990
f 209//254 213//258 190//230
f 2133//2799 2151//2823 2140//2810
f 2107//2761 2106//2760 2126//2792
f 199//241 190//230 213//258
f 130//153 103//120 117//137
f 2133//2799 2140//2810 2130//2796
f 2784//3526 766//982 796//1021
f 796//1021 766//982 795//1020
f 795//1020 766//982 794//1019
f 794//1019 766//982 793//1018
f 793//1018 766//982 792//1017
f 792//1017 766//982 791//1016
f 791//1016 766//982 790//1015
f 790//1015 766//982 789//1014
f 44//50 6//7 3//4
f 133//157 150//176 124//146
f 144//170 124//146 150//176
f 1581//2025 1622//2075 1556//1999
f 1581//2025 1556//1999 1557//2000
f 1581//2025 1620//2072 1622//2075
f 231//279 216//262 227//275
f 231//279 236//287 216//262
f 1555//1998 1557//2000 1556//1999
f 114//133 93//108 72//84
f 114//133 72//84 122//142
f 69//81 37//42 30//34
f 69//81 99//115 37//42
f 173//203 165//194 191//231
f 173//203 153//180 165//194
f 209//254 190//230 204//247
f 173//203 180//213 153//180
f 144//170 161//189 135//159
f 82//95 49//56 37//42
f 142//168 147//173 117//137
f 142//168 117//137 129//152
f 209//254 204//247 224//271
f 133//157 108//125 138//162
f 118//138 103//120 137//161
f 142//168 129//152 160//188
f 82//95 106//123 49//56
f 92//107 49//56 106//123
f 154//181 160//188 129//152
f 154//181 129//152 141//167
f 789//1014 766//982 848//1079
f 848//1079 766//982 826//1055
f 154//181 141//167 170//200
f 92//107 55//65 49//56
f 92//107 113//132 55//65
f 100//116 55//65 113//132
f 169//198 170//200 141//167
f 169//198 141//167 153//180
f 169//198 153//180 180//213
f 100//116 72//84 55//65
f 2017//2622 2009//2610 2777//3518
f 826//1055 766//982 825//1054
f 825//1054 766//982 824//1053
f 1662//2120 2960//3708 1676//2136
f 118//138 85//99 103//120
f 133//157 124//146 108//125
f 841//1072 844//1075 772//990
f 844//1075 845//1076 772//990
f 100//116 122//142 72//84
f 776//997 766//982 2785//3527
f 130//153 117//137 147//173
f 82//95 37//42 99//115
f 2786//3528 1646//2101 1676//2136
f 1646//2101 1645//2100 1676//2136
f 1645//2100 1644//2099 1676//2136
f 2087//2728 2080//2717 2097//2748
f 2324//3030 2338//3046 2306//3008
f 1644//2099 1642//2097 1676//2136
f 1642//2097 1641//2096 1676//2136
f 1641//2096 1640//2095 1676//2136
f 1640//2095 1639//2094 1676//2136
f 417//507 426//518 421//512
f 2147//2818 2136//2803 2146//2817
f 428//520 421//512 426//518
f 1655//2110 1687//2151 1654//2109
f 1639//2094 1638//2093 1676//2136
f 243//298 247//302 227//275
f 1653//2108 1687//2151 1652//2107
f 1638//2093 1624//2077 1676//2136
f 1624//2077 1608//2058 1676//2136
f 1604//2054 1687//2151 1620//2072
f 1620//2072 1687//2151 1622//2075
f 469//570 472//574 478//580
f 1608//2058 1607//2057 1676//2136
f 1607//2057 1605//2055 1676//2136
f 315//384 302//368 311//378
f 315//384 312//379 302//368
f 2346//3057 2379//3094 2330//3037
f 2352//3063 2345//3056 2398//3117
f 1662//2120 1676//2136 1692//2158
f 2336//3043 2330//3037 2379//3094
f 2336//3043 2379//3094 2354//3066
f 2363//3076 2398//3117 2345//3056
f 469//570 461//561 472//574
f 2363//3076 2409//3130 2398//3117
f 2324//3030 2318//3023 2354//3066
f 2363//3076 2350//3061 2409//3130
f 2147//2818 2146//2817 2156//2828
f 2147//2818 2156//2828 2148//2819
f 243//298 227//275 240//293
f 2135//2801 2146//2817 2136//2803
f 2135//2801 2134//2800 2146//2817
f 2157//2829 2148//2819 2156//2828
f 2157//2829 2156//2828 2167//2840
f 2157//2829 2167//2840 2158//2830
f 2135//2801 2128//2794 2134//2800
f 2122//2787 2134//2800 2128//2794
f 2168//2841 2158//2830 2167//2840
f 2168//2841 2167//2840 2175//2849
f 2168//2841 2175//2849 2169//2842
f 2122//2787 2121//2786 2134//2800
f 2122//2787 2109//2763 2121//2786
f 2176//2850 2169//2842 2175//2849
f 2176//2850 2175//2849 2183//2857
f 2176//2850 2183//2857 2177//2851
f 2352//3063 2398//3117 2391//3108
f 53//61 26//30 88//102
f 2311//3014 2306//3008 2338//3046
f 2098//2749 2121//2786 2109//2763
f 2098//2749 2097//2748 2121//2786
f 2184//2858 2177//2851 2183//2857
f 2184//2858 2183//2857 2197//2873
f 2184//2858 2197//2873 2185//2859
f 2098//2749 2092//2740 2097//2748
f 2193//2869 2185//2859 2197//2873
f 2193//2869 2197//2873 2203//2879
f 2193//2869 2203//2879 2194//2870
f 1559//2003 1605//2055 1607//2057
f 1559//2003 1543//1984 1605//2055
f 2204//2880 2194//2870 2203//2879
f 2204//2880 2203//2879 2216//2896
f 2204//2880 2216//2896 2205//2881
f 110//127 57//68 85//99
f 2211//2888 2205//2881 2216//2896
f 2211//2888 2216//2896 2224//2907
f 2211//2888 2224//2907 2212//2889
f 110//127 119//139 57//68
f 54//64 30//34 23//26
f 2219//2899 2212//2889 2224//2907
f 2219//2899 2224//2907 2234//2918
f 2219//2899 2234//2918 2220//2900
f 54//64 23//26 81//94
f 47//54 81//94 23//26
f 2228//2911 2220//2900 2234//2918
f 2228//2911 2234//2918 2243//2928
f 2228//2911 2243//2928 2229//2912
f 95//110 57//68 119//139
f 95//110 52//60 57//68
f 2238//2922 2229//2912 2243//2928
f 2238//2922 2243//2928 2252//2938
f 2238//2922 2252//2938 2239//2923
f 95//110 111//128 52//60
f 47//54 23//26 21//24
f 2249//2934 2239//2923 2252//2938
f 2249//2934 2252//2938 2264//2953
f 2249//2934 2264//2953 2245//2930
f 47//54 21//24 78//91
f 86//100 52//60 111//128
f 2255//2942 2245//2930 2264//2953
f 2255//2942 2264//2953 2275//2969
f 2255//2942 2275//2969 2256//2944
f 86//100 41//47 52//60
f 86//100 104//121 41//47
f 2272//2966 2256//2944 2275//2969
f 2272//2966 2275//2969 2284//2982
f 2272//2966 2284//2982 2265//2954
f 46//53 78//91 21//24
f 46//53 21//24 13//14
f 2276//2970 2265//2954 2284//2982
f 2276//2970 2284//2982 2295//2995
f 2276//2970 2295//2995 2277//2971
f 74//86 41//47 104//121
f 243//298 240//293 258//315
f 156//184 135//159 161//189
f 156//184 145//171 135//159
f 257//314 258//315 240//293
f 74//86 34//39 41//47
f 74//86 97//112 34//39
f 2285//2983 2277//2971 2295//2995
f 2285//2983 2295//2995 2309//3011
f 54//64 90//105 30//34
f 721//923 707//906 697//892
f 644//812 628//791 610//767
f 644//812 610//767 656//832
f 2273//2967 2281//2979 2259//2948
f 2092//2740 2087//2729 2097//2748
f 257//314 240//293 253//310
f 644//812 656//832 670//852
f 695//889 666//846 677//862
f 2260//2949 2259//2948 2281//2979
f 2285//2983 2309//3011 2286//2984
f 46//53 13//14 67//79
f 257//314 253//310 267//325
f 156//184 171//201 145//171
f 167//196 145//171 171//201
f 45//52 67//79 13//14
f 59//70 34//39 97//112
f 2080//2717 2095//2745 2097//2748
f 167//196 158//186 145//171
f 270//329 267//325 253//310
f 270//329 253//310 265//323
f 270//329 265//323 282//344
f 167//196 182//220 158//186
f 176//207 158//186 182//220
f 176//207 168//197 158//186
f 2296//2996 2286//2984 2309//3011
f 2296//2996 2309//3011 2320//3025
f 2296//2996 2320//3025 2297//2997
f 59//70 26//30 34//39
f 59//70 88//102 26//30
f 2315//3019 2297//2997 2320//3025
f 281//341 282//344 265//323
f 2315//3019 2320//3025 2332//3039
f 2315//3019 2332//3039 2310//3012
f 281//341 265//323 276//336
f 281//341 276//336 291//355
f 176//207 192//232 168//197
f 188//227 168//197 192//232
f 290//354 291//355 276//336
f 290//354 276//336 288//352
f 290//354 288//352 299//365
f 188//227 184//223 168//197
f 188//227 201//243 184//223
f 303//369 299//365 288//352
f 303//369 288//352 298//364
f 303//369 298//364 309//376
f 202//244 184//223 201//243
f 202//244 194//234 184//223
f 45//52 13//14 11//12
f 313//380 309//376 298//364
f 45//52 11//12 65//77
f 2321//3026 2310//3012 2332//3039
f 313//380 298//364 308//375
f 313//380 308//375 321//391
f 202//244 214//259 194//234
f 211//256 194//234 214//259
f 325//395 321//391 308//375
f 325//395 308//375 320//390
f 325//395 320//390 334//408
f 211//256 207//252 194//234
f 211//256 225//272 207//252
f 338//413 334//408 320//390
f 338//413 320//390 333//407
f 338//413 333//407 346//422
f 222//269 207//252 225//272
f 222//269 219//265 207//252
f 345//421 346//422 333//407
f 345//421 333//407 344//420
f 2093//2741 2102//2754 2089//2732
f 345//421 344//420 356//433
f 222//269 237//289 219//265
f 234//285 219//265 237//289
f 361//438 356//433 344//420
f 361//438 344//420 355//432
f 361//438 355//432 366//443
f 234//285 230//278 219//265
f 2321//3026 2332//3039 2348//3059
f 118//138 131//154 85//99
f 69//81 30//34 90//105
f 234//285 248//303 230//278
f 372//450 366//443 355//432
f 372//450 355//432 371//449
f 372//450 371//449 379//459
f 245//300 230//278 248//303
f 245//300 242//297 230//278
f 245//300 260//317 242//297
f 383//465 379//459 371//449
f 383//465 371//449 382//464
f 383//465 382//464 389//474
f 261//318 242//297 260//317
f 2321//3026 2348//3059 2316//3020
f 36//41 65//77 11//12
f 261//318 255//312 242//297
f 388//473 389//474 382//464
f 388//473 382//464 393//481
f 388//473 393//481 400//488
f 261//318 272//331 255//312
f 273//332 255//312 272//331
f 403//491 400//488 393//481
f 403//491 393//481 407//496
f 403//491 407//496 412//501
f 273//332 266//324 255//312
f 273//332 283//346 266//324
f 414//503 412//501 407//496
f 414//503 407//496 419//510
f 414//503 419//510 425//517
f 284//347 266//324 283//346
f 284//347 280//340 266//324
f 284//347 293//358 280//340
f 431//524 425//517 419//510
f 431//524 419//510 430//523
f 431//524 430//523 435//529
f 294//359 280//340 293//358
f 294//359 289//353 280//340
f 447//545 435//529 430//523
f 444//541 450//548 432//525
f 2307//3009 2301//3002 2326//3033
f 731//936 702//899 714//916
f 2206//2882 2202//2878 2217//2897
f 2206//2882 2217//2897 2207//2883
f 447//545 430//523 446//544
f 447//545 446//544 452//550
f 2307//3009 2326//3033 2313//3017
f 294//359 300//366 289//353
f 304//370 289//353 300//366
f 457//556 452//550 446//544
f 457//556 446//544 461//561
f 457//556 461//561 467//568
f 304//370 302//368 289//353
f 304//370 311//378 302//368
f 2289//2987 2288//2986 2313//3017
f 535//663 590//739 546//678
f 648//818 621//784 635//800
f 2196//2872 2207//2883 2199//2875
f 2196//2872 2199//2875 2189//2865
f 2407//3127 2389//3105 2436//3161
f 731//936 750//960 740//948
f 763//978 740//948 750//960
f 2260//2949 2270//2964 2246//2931
f 2396//3113 2425//3149 2416//3138
f 2396//3113 2375//3089 2425//3149
f 2250//2935 2246//2931 2270//2964
f 2250//2935 2270//2964 2254//2941
f 1666//2124 1709//2181 1687//2151
f 1666//2124 1687//2151 2787//3529
f 2788//3530 1687//2151 1650//2105
f 1650//2105 1687//2151 1649//2104
f 1649//2104 1687//2151 1655//2110
f 2352//3063 2391//3108 2335//3042
f 1654//2109 1687//2151 1653//2108
f 2250//2935 2254//2941 2241//2926
f 1652//2107 1687//2151 1651//2106
f 1651//2106 1687//2151 1634//2089
f 695//889 702//899 666//846
f 695//889 714//916 702//899
f 1634//2089 1687//2151 1618//2070
f 2242//2927 2241//2926 2254//2941
f 1618//2070 1687//2151 1604//2054
f 2242//2927 2254//2941 2244//2929
f 2242//2927 2244//2929 2232//2916
f 2395//3112 2425//3149 2375//3089
f 2395//3112 2422//3145 2425//3149
f 469//570 467//568 461//561
f 2311//3014 2326//3033 2301//3002
f 2324//3030 2354//3066 2338//3046
f 2336//3043 2354//3066 2318//3023
f 608//764 621//784 546//678
f 490//597 478//580 472//574
f 490//597 472//574 499//613
f 490//597 499//613 510//632
f 315//384 322//392 312//379
f 2233//2917 2232//2916 2244//2929
f 2233//2917 2244//2929 2236//2920
f 2311//3014 2338//3046 2326//3033
f 608//764 635//800 621//784
f 2333//3040 2316//3020 2348//3059
f 327//397 312//379 322//392
f 327//397 324//394 312//379
f 529//655 510//632 499//613
f 2333//3040 2348//3059 2365//3078
f 2333//3040 2365//3078 2328//3035
f 53//61 16//18 26//30
f 53//61 75//87 16//18
f 2233//2917 2236//2920 2222//2902
f 2340//3048 2328//3035 2365//3078
f 2340//3048 2365//3078 2380//3095
f 529//655 499//613 537//666
f 529//655 537//666 579//723
f 327//397 336//411 324//394
f 340//415 324//394 336//411
f 592//741 579//723 537//666
f 592//741 537//666 610//767
f 592//741 610//767 628//791
f 340//415 337//412 324//394
f 340//415 347//423 337//412
f 2396//3113 2416//3138 2361//3073
f 2260//2949 2281//2979 2270//2964
f 535//663 546//678 504//622
f 348//424 337//412 347//423
f 348//424 350//426 337//412
f 685//874 670//852 656//832
f 685//874 656//832 697//892
f 685//874 697//892 707//906
f 348//424 358//435 350//426
f 362//439 350//426 358//435
f 535//663 504//622 516//640
f 2223//2904 2222//2902 2236//2920
f 721//923 697//892 733//939
f 721//923 733//939 743//951
f 2340//3048 2380//3095 2334//3041
f 36//41 11//12 8//9
f 362//439 360//437 350//426
f 362//439 369//446 360//437
f 755//965 743//951 733//939
f 755//965 733//939 766//982
f 110//127 85//99 131//154
f 755//965 766//982 776//997
f 373//451 360//437 369//446
f 373//451 375//453 360//437
f 373//451 380//461 375//453
f 384//468 375//453 380//461
f 384//468 385//470 375//453
f 384//468 390//476 385//470
f 391//478 385//470 390//476
f 391//478 397//485 385//470
f 873//1107 824//1053 900//1136
f 391//478 402//490 397//485
f 405//493 397//485 402//490
f 405//493 409//498 397//485
f 405//493 413//502 409//498
f 417//507 409//498 413//502
f 417//507 421//512 409//498
f 608//764 546//678 590//739
f 36//41 8//9 64//76
f 428//520 432//525 421//512
f 428//520 439//535 432//525
f 444//541 432//525 439//535
f 731//936 740//948 702//899
f 2206//2882 2207//2883 2195//2871
f 2407//3127 2422//3145 2373//3087
f 2307//3009 2313//3017 2288//2986
f 2182//2856 2199//2875 2190//2866
f 2182//2856 2189//2865 2199//2875
f 2273//2967 2267//2958 2291//2991
f 2289//2987 2313//3017 2303//3005
f 2289//2987 2303//3005 2278//2972
f 2376//3090 2409//3130 2350//3061
f 2376//3090 2416//3138 2409//3130
f 2376//3090 2361//3073 2416//3138
f 2279//2975 2278//2972 2303//3005
f 2407//3127 2436//3161 2422//3145
f 2196//2872 2195//2871 2207//2883
f 2223//2904 2236//2920 2226//2909
f 2223//2904 2226//2909 2214//2893
f 497//610 516//640 504//622
f 497//610 504//622 475//577
f 2215//2895 2214//2893 2226//2909
f 2215//2895 2226//2909 2217//2897
f 2215//2895 2217//2897 2202//2878
f 2395//3112 2373//3087 2422//3145
f 2279//2975 2303//3005 2291//2991
f 2279//2975 2291//2991 2267//2958
f 648//818 666//846 621//784
f 2346//3057 2335//3042 2391//3108
f 2356//3068 2334//3041 2380//3095
f 2356//3068 2380//3095 2393//3110
f 2356//3068 2393//3110 2341//3049
f 42//48 16//18 75//87
f 42//48 19//22 16//18
f 2367//3080 2341//3049 2393//3110
f 2367//3080 2393//3110 2401//3120
f 2367//3080 2401//3120 2349//3060
f 42//48 77//90 19//22
f 35//40 64//76 8//9
f 2381//3096 2349//3060 2401//3120
f 2381//3096 2401//3120 2412//3133
f 648//818 677//862 666//846
f 2346//3057 2391//3108 2379//3094
f 2404//3124 2385//3101 2429//3153
f 444//541 453//551 450//548
f 459//558 450//548 453//551
f 459//558 463//563 450//548
f 2381//3096 2412//3133 2357//3069
f 35//40 8//9 6//7
f 43//49 19//22 77//90
f 2382//3097 2357//3069 2412//3133
f 459//558 468//569 463//563
f 473//575 463//563 468//569
f 2273//2967 2291//2991 2281//2979
f 2382//3097 2412//3133 2418//3140
f 2382//3097 2418//3140 2368//3081
f 43//49 3//4 19//22
f 43//49 61//72 3//4
f 35//40 6//7 62//73
f 2394//3111 2368//3081 2418//3140
f 2394//3111 2418//3140 2420//3142
f 2394//3111 2420//3142 2370//3084
f 2402//3121 2370//3084 2420//3142
f 2402//3121 2420//3142 2427//3151
f 2402//3121 2427//3151 2384//3099
f 44//50 62//73 6//7
f 2403//3122 2384//3099 2427//3151
f 2403//3122 2427//3151 2429//3153
f 2403//3122 2429//3153 2385//3101
f 44//50 3//4 61//72
f 2160//2832 2172//2846 2162//2835
f 2404//3124 2429//3153 2431//3155
f 2404//3124 2431//3155 2386//3102
f 890//1124 899//1135 845//1076
f 473//575 475//577 463//563
f 473//575 481//583 475//577
f 873//1107 825//1054 824//1053
f 497//610 475//577 481//583
f 890//1124 845//1076 844//1075
f 2145//2816 2162//2835 2151//2823
f 2145//2816 2149//2820 2162//2835
f 2405//3125 2386//3102 2431//3155
f 2405//3125 2431//3155 2433//3157
f 2160//2832 2162//2835 2149//2820
f 763//978 772//990 740//948
f 2160//2832 2159//2831 2172//2846
f 2405//3125 2433//3157 2388//3104
f 763//978 780//1002 772//990
f 2166//2839 2172//2846 2159//2831
f 2166//2839 2180//2854 2172//2846
f 2166//2839 2170//2843 2180//2854
f 2406//3126 2388//3104 2433//3157
f 2174//2848 2180//2854 2170//2843
f 2174//2848 2190//2866 2180//2854
f 2174//2848 2179//2853 2190//2866
f 2406//3126 2433//3157 2436//3161
f 2406//3126 2436//3161 2389//3105
f 2182//2856 2190//2866 2179//2853
f 2009//2611 1825//2363 1876//2430
f 2075//2709 2095//2745 2085//2726
f 981//1237 965//1211 2751//3480
f 976//1230 912//1148 984//1241
f 2043//2658 2789//3533 2021//2627
f 2043//2659 2792//3539 2789//3534
f 1774//2282 2021//2628 2789//3534
f 2040//2655 2017//2622 2791//3538
f 2017//2622 2790//3535 2009//2610
f 2040//2655 2790//3535 2017//2622
f 2043//2659 2021//2628 2792//3539
f 2040//2655 2791//3538 2790//3535
f 2083//2723 2064//2695 2050//2669
f 1559//2003 1544//1985 1543//1984
f 1555//1998 1558//2001 1557//2000
f 1542//1983 1543//1984 1544//1985
f 1581//2025 1557//2000 1558//2001
f 898//1134 899//1135 872//1106
f 890//1124 872//1106 899//1135
f 2753//3482 1530//1971 1555//1998
f 2804//3552 2075//2709 2056//2678
f 2064//2695 2775//3513 2050//2669
f 1486//1916 1478//1905 2793//3540
f 1542//1983 1544//1985 2750//3479
f 1555//1998 1530//1971 1558//2001
f 898//1134 872//1106 2751//3480
f 1581//2025 1558//2001 1552//1995
f 1529//1969 1558//2002 1530//1971
f 1529//1970 1552//1995 1558//2001
f 922//1158 981//1237 2751//3480
f 1478//1905 1528//1968 2793//3540
f 976//1230 941//1182 912//1148
f 1492//1923 1479//1906 2750//3479
f 1736//2222 1774//2280 1709//2181
f 2790//3535 2003//2604 2009//2611
f 2085//2726 2095//2745 2086//2727
f 2073//2706 2088//2731 2089//2732
f 1876//2430 1715//2189 1692//2158
f 1709//2181 1721//2198 1736//2222
f 1666//2124 1721//2198 1709//2181
f 2093//2741 2089//2732 2088//2731
f 1662//2120 1692//2158 1715//2189
f 2080//2718 2086//2727 2095//2746
f 2009//2611 1852//2395 1825//2363
f 1614//2064 1721//2199 1666//2125
f 2072//2705 2088//2731 2067//2698
f 1708//2180 1736//2222 1721//2198
f 2067//2698 2088//2731 2073//2706
f 1708//2180 1721//2198 1614//2065
f 2072//2705 2093//2741 2088//2731
f 1677//2137 1662//2120 1715//2189
f 1701//2170 1677//2137 1715//2189
f 1701//2170 1715//2189 1876//2430
f 2080//2717 2077//2712 2086//2727
f 2077//2712 2066//2697 2086//2727
f 2066//2697 2085//2726 2086//2727
f 1581//2025 1552//1995 1577//2021
f 1529//1970 1577//2021 1552//1995
f 2075//2709 2085//2726 2076//2711
f 2073//2706 2083//2723 2078//2713
f 1825//2363 1751//2247 1876//2430
f 1774//2280 1736//2222 1756//2254
f 1901//2465 1774//2282 1816//2351
f 1905//2470 1852//2395 2009//2611
f 1701//2171 1876//2433 1751//2248
f 2067//2698 2073//2706 2078//2713
f 1708//2180 1756//2254 1736//2222
f 2066//2697 2076//2711 2085//2726
f 1742//2232 1756//2254 1713//2186
f 2061//2687 2078//2714 2055//2676
f 2055//2677 2078//2713 2083//2723
f 2067//2699 2078//2715 2061//2688
f 1742//2233 1774//2280 1756//2255
f 2070//2702 2054//2674 2076//2711
f 2066//2697 2070//2702 2076//2711
f 2054//2674 2075//2709 2076//2711
f 1713//2186 1756//2254 1708//2180
f 1722//2200 1701//2171 1751//2248
f 1737//2223 1751//2247 1825//2363
f 1737//2223 1722//2201 1751//2247
f 1774//2283 2007//2608 2021//2628
f 2007//2608 2808//3556 2021//2628
f 2056//2678 2075//2709 2060//2685
f 2083//2723 2050//2669 2062//2691
f 1774//2282 1792//2314 1816//2351
f 1825//2363 1852//2395 1783//2298
f 2794//3541 1991//2589 2007//2608
f 1774//2282 2794//3541 2007//2608
f 2809//3557 1905//2470 2009//2611
f 2003//2604 2809//3557 2009//2611
f 1901//2465 2794//3541 1774//2282
f 1737//2223 1825//2363 1783//2298
f 2054//2675 2060//2686 2075//2710
f 1742//2234 1792//2315 1774//2284
f 2055//2677 2083//2723 2062//2691
f 2056//2678 2048//2666 2804//3552
f 2050//2669 2775//3513 2049//2667
f 1852//2395 1905//2470 1831//2369
f 1816//2351 1839//2379 1901//2465
f 1553//1996 1577//2021 1529//1970
f 1581//2025 1577//2021 1578//2022
f 1559//2003 1606//2056 1544//1985
f 1553//1996 1578//2022 1577//2021
f 2055//2677 2062//2691 2052//2672
f 1767//2270 1737//2223 1783//2298
f 1767//2270 1783//2298 1852//2395
f 1773//2279 1816//2352 1792//2314
f 2052//2672 2062//2691 2042//2657
f 2042//2657 2062//2691 2050//2669
f 2054//2674 2047//2665 2060//2685
f 1773//2279 1792//2314 1741//2231
f 1741//2231 1792//2314 1742//2232
f 2041//2656 2056//2678 2060//2685
f 2047//2665 2041//2656 2060//2685
f 2790//3535 2004//2605 2003//2604
f 1773//2279 1839//2379 1816//2352
f 1767//2270 1852//2395 1831//2369
f 2042//2657 2050//2669 2049//2668
f 2041//2656 2048//2666 2056//2678
f 2795//3542 2796//3543 2797//3544
f 2798//3545 2799//3546 2800//3547
f 2031//2642 2049//2667 2775//3514
f 2041//2656 2058//2681 2048//2666
f 2042//2657 2049//2667 2036//2650
f 2036//2650 2049//2667 2031//2643
f 2058//2682 2030//2640 2048//2666
f 2030//2640 2804//3552 2048//2666
f 1817//2353 1767//2270 1831//2369
f 1817//2353 1831//2369 1905//2470
f 1824//2362 1839//2379 1781//2295
f 1824//2362 1901//2466 1839//2379
f 1781//2295 1839//2379 1773//2279
f 2011//2613 2004//2605 2790//3535
f 2801//3548 2802//3549 2803//3550
f 2013//2615 2808//3556 2007//2608
f 2805//3553 2806//3554 2807//3555
f 2007//2608 1991//2589 1996//2596
f 2004//2605 1995//2595 2003//2604
f 2003//2604 1986//2584 2809//3557
f 2028//2638 2810//3558 2030//2641
f 2032//2644 2031//2643 2811//3559
f 2028//2638 2018//2624 2025//2634
f 2014//2616 2025//2634 2018//2624
f 2014//2617 2790//3536 2025//2635
f 2028//2638 2025//2634 2812//3560
f 2014//2616 2011//2613 2790//3537
f 2014//2616 2005//2606 2011//2613
f 2000//2601 2011//2613 2005//2606
f 2000//2601 2004//2605 2011//2613
f 2000//2601 1995//2595 2004//2605
f 2000//2601 1993//2593 1995//2595
f 1988//2586 1995//2595 1993//2593
f 1988//2586 2003//2604 1995//2595
f 1988//2586 1986//2584 2003//2604
f 1988//2586 1980//2575 1986//2584
f 1972//2562 1986//2584 1980//2575
f 1972//2562 2809//3557 1986//2584
f 1972//2562 1961//2541 2809//3557
f 1972//2562 1942//2516 1961//2541
f 1934//2506 1961//2541 1942//2516
f 1934//2506 2813//3561 1961//2541
f 1979//2574 1987//2585 2815//3563
f 1979//2574 1983//2579 1987//2585
f 1990//2588 1987//2585 1983//2579
f 1990//2588 1991//2589 1987//2585
f 1990//2588 1996//2596 1991//2589
f 1990//2588 1994//2594 1996//2596
f 1999//2600 1996//2596 1994//2594
f 1999//2600 2007//2608 1996//2596
f 1999//2600 2013//2615 2007//2608
f 1999//2600 2006//2607 2013//2615
f 2015//2618 2013//2615 2006//2607
f 2015//2618 2808//3556 2013//2615
f 2015//2618 2027//2637 2808//3556
f 2015//2618 2019//2625 2027//2637
f 2032//2644 2027//2637 2019//2625
f 2032//2644 2816//3564 2027//2637
f 1528//1968 1530//1971 2793//3540
f 1529//1969 1530//1971 1553//1996
f 1553//1996 1579//2023 1578//2022
f 1581//2025 1578//2022 1579//2023
f 2750//3479 1544//1985 1606//2056
f 2751//3480 872//1106 2760//3492
f 922//1158 2751//3480 2760//3492
f 1553//1996 1580//2024 1579//2023
f 1581//2025 1579//2023 1580//2024
f 900//1136 912//1148 873//1107
f 1485//1914 1528//1968 1478//1905
f 1539//1980 1580//2024 1553//1996
f 1581//2025 1580//2024 1539//1980
f 1539//1980 1553//1996 1530//1971
f 872//1106 922//1158 2760//3492
f 1492//1923 2750//3479 1606//2056
f 1528//1968 1539//1980 1530//1971
f 941//1182 873//1107 912//1148
f 972//1222 949//1190 950//1191
f 972//1222 950//1191 952//1193
f 1480//1907 2817//3565 1452//1871
f 1480//1907 1492//1923 1496//1929
f 1480//1907 1496//1929 1497//1930
f 1480//1907 1497//1930 2818//3566
f 972//1222 952//1193 2819//3567
f 1480//1907 1479//1906 1492//1923
f 972//1222 981//1237 949//1190
f 1485//1914 1506//1939 1528//1968
f 966//1213 2820//3568 944//1185
f 966//1213 942//1183 941//1182
f 966//1213 944//1185 942//1183
f 1485//1914 1508//1941 1506//1939
f 1485//1914 2821//3569 1508//1941
f 966//1213 996//1256 2822//3570
f 966//1213 941//1182 976//1230
f 1581//2025 1539//1980 1554//1997
f 981//1237 922//1158 949//1190
f 949//1190 922//1158 872//1106
f 1581//2025 1619//2071 1620//2072
f 1581//2025 1554//1997 1599//2049
f 1581//2025 1599//2049 1600//2050
f 1581//2025 1600//2050 1601//2051
f 1581//2025 1602//2052 1603//2053
f 1581//2025 1603//2053 1619//2071
f 1559//2003 1607//2057 1606//2056
f 890//1124 844//1075 843//1074
f 890//1124 843//1074 870//1104
f 890//1124 870//1104 869//1103
f 890//1124 869//1103 868//1102
f 890//1124 868//1102 867//1101
f 890//1124 867//1101 866//1100
f 890//1124 866//1100 872//1106
f 1581//2025 1601//2051 1602//2052
f 1554//1997 1539//1980 1528//1968
f 949//1190 872//1106 909//1145
f 1554//1997 1528//1968 1520//1958
f 909//1145 872//1106 866//1100
f 1599//2049 1554//1997 1520//1958
f 873//1107 941//1182 942//1183
f 1520//1958 1528//1968 1506//1939
f 909//1145 950//1191 949//1190
f 1606//2056 1496//1929 1492//1923
f 909//1145 951//1192 950//1191
f 908//1144 950//1191 951//1192
f 873//1107 942//1183 943//1184
f 908//1144 952//1193 950//1191
f 1538//1979 1507//1940 1506//1939
f 903//1139 942//1183 944//1185
f 1606//2056 1560//2004 1496//1929
f 1520//1958 1506//1939 1507//1940
f 903//1139 943//1184 942//1183
f 1533//1974 1497//1930 1496//1929
f 1538//1979 1506//1939 1508//1941
f 1533//1974 1496//1929 1560//2004
f 866//1100 867//1101 868//1102
f 1599//2049 1601//2051 1600//2050
f 896//1132 909//1145 866//1100
f 1538//1979 1521//1959 1507//1940
f 909//1145 936//1176 951//1192
f 903//1139 924//1161 943//1184
f 873//1107 943//1184 924//1161
f 908//1144 951//1192 936//1176
f 1520//1958 1507//1940 1521//1959
f 1599//2049 1602//2052 1601//2051
f 866//1100 868//1102 869//1103
f 1551//1994 1603//2053 1602//2052
f 1551//1994 1602//2052 1599//2049
f 866//1100 869//1103 870//1104
f 1537//1978 1551//1994 1599//2049
f 1537//1978 1599//2049 1520//1958
f 1537//1978 1520//1958 1521//1959
f 909//1145 932//1172 936//1176
f 908//1144 936//1176 932//1172
f 903//1139 925//1162 924//1161
f 873//1107 924//1161 925//1162
f 1538//1979 1516//1954 1521//1959
f 1537//1978 1521//1959 1516//1954
f 896//1132 932//1172 909//1145
f 901//1137 873//1107 925//1162
f 1537//1978 1516//1954 1517//1955
f 896//1132 933//1173 932//1172
f 1538//1979 1517//1955 1516//1954
f 901//1137 925//1162 926//1163
f 908//1144 932//1172 933//1173
f 903//1139 926//1163 925//1162
f 871//1105 866//1100 870//1104
f 871//1105 870//1104 843//1074
f 1551//1994 1619//2071 1603//2053
f 1560//2004 1606//2056 1582//2026
f 901//1137 846//1077 873//1107
f 896//1132 866//1100 871//1105
f 1538//1979 1518//1956 1517//1955
f 908//1144 933//1173 934//1174
f 1537//1978 1517//1955 1518//1956
f 903//1139 927//1164 926//1163
f 901//1137 926//1163 927//1164
f 896//1132 934//1174 933//1173
f 846//1077 825//1054 873//1107
f 871//1105 843//1074 844//1075
f 1551//1994 1620//2072 1619//2071
f 1582//2026 1606//2056 1607//2057
f 1582//2026 1607//2057 1608//2058
f 1551//1994 1604//2054 1620//2072
f 871//1105 844//1075 841//1072
f 846//1077 826//1055 825//1054
f 1537//1978 1518//1956 1519//1957
f 908//1144 934//1174 935//1175
f 1538//1979 1519//1957 1518//1956
f 903//1139 928//1165 927//1164
f 901//1137 927//1164 928//1165
f 896//1132 935//1175 934//1174
f 896//1132 920//1156 935//1175
f 903//1139 913//1149 928//1165
f 901//1137 928//1165 913//1149
f 908//1144 935//1175 920//1156
f 1537//1978 1519//1957 1550//1993
f 1538//1979 1550//1993 1519//1957
f 897//1133 896//1132 871//1105
f 2823//3571 846//1077 901//1137
f 826//1055 846//1077 2823//3571
f 901//1137 913//1149 2823//3571
f 896//1132 897//1133 920//1156
f 871//1105 841//1072 897//1133
f 1551//1994 1537//1978 1550//1993
f 907//1143 920//1156 897//1133
f 902//1138 2823//3571 913//1149
f 908//1144 920//1156 921//1157
f 907//1143 921//1157 920//1156
f 903//1139 914//1150 913//1149
f 902//1138 913//1149 914//1150
f 907//1143 897//1133 921//1157
f 902//1138 914//1150 2823//3571
f 1549//1992 1551//1994 1550//1993
f 847//1078 2823//3571 914//1150
f 889//1123 921//1157 897//1133
f 908//1144 921//1157 889//1123
f 903//1139 847//1078 914//1150
f 1551//1994 1549//1992 1604//2054
f 841//1072 840//1071 897//1133
f 889//1123 897//1133 840//1071
f 847//1078 826//1055 2823//3571
f 1435//1852 1452//1871 2824//3572
f 1009//1275 2825//3573 996//1256
f 1549//1992 1618//2070 1604//2054
f 908//1144 889//1123 840//1071
f 826//1055 847//1078 848//1079
f 1608//2058 1624//2077 1582//2026
f 841//1072 822//1050 840//1071
f 1560//2004 1582//2026 2890//3638
f 1618//2070 1549//1992 2866//3614
f 840//1071 2857//3605 2856//3604
f 847//1078 2867//3615 848//1079
f 840//1071 822//1050 2857//3605
f 1582//2026 1624//2077 2890//3638
f 1549//1992 1550//1993 2866//3614
f 1929//2500 1882//2441 1881//2440
f 1907//2473 1866//2418 1865//2417
f 1936//2509 1894//2456 1892//2454
f 1944//2519 1910//2476 1909//2475
f 1946//2521 1913//2479 1912//2478
f 1854//2398 1826//2364 1820//2357
f 1102//1406 2826//3574 1093//1395
f 1198//1540 2827//3575 1188//1524
f 1078//1374 1093//1395 2828//3576
f 1125//1435 1136//1451 2829//3577
f 1078//1374 2830//3578 1067//1358
f 1056//1343 2831//3579 1045//1327
f 1175//1501 1188//1524 2832//3580
f 1175//1501 2833//3581 1163//1484
f 1102//1406 1114//1421 2834//3582
f 1056//1343 1067//1358 2835//3583
f 1201//1543 2836//3584 1218//1566
f 1147//1465 1163//1484 2837//3585
f 1231//1581 1218//1566 2838//3586
f 1035//1312 1045//1327 2839//3587
f 1125//1435 2840//3588 1114//1421
f 1147//1465 2841//3589 1136//1451
f 1351//1741 1369//1764 2842//3590
f 1276//1642 2843//3591 1262//1624
f 1227//1577 1238//1591 2844//3592
f 1251//1609 2845//3593 1238//1591
f 1330//1714 2846//3594 1317//1698
f 1251//1609 1262//1624 2847//3595
f 1330//1714 1340//1727 2848//3596
f 1381//1779 1399//1802 2849//3597
f 1410//1818 2850//3598 1399//1802
f 1301//1677 1317//1698 2851//3599
f 1276//1642 1291//1663 2852//3600
f 1381//1779 2853//3601 1369//1764
f 1351//1741 2854//3602 1340//1727
f 1301//1677 2855//3603 1291//1663
f 1833//2372 1810//2343 1802//2329
f 1950//2525 1920//2489 1919//2488
f 1809//2342 1798//2323 1785//2301
f 1951//2526 1896//2458 1922//2491
f 1796//2321 1770//2274 1764//2267
f 1932//2503 1884//2443 1883//2442
f 1745//2239 1733//2218 1727//2209
f 1924//2493 1870//2422 1869//2421
f 1726//2208 1718//2194 1704//2175
f 1703//2174 1698//2166 1690//2156
f 1872//2424 1827//2365 1837//2376
f 1679//2140 1668//2128 1657//2113
f 1846//2387 1812//2345 1821//2358
f 1612//2062 1588//2033 1546//1988
f 1822//2359 1799//2324 1803//2330
f 1534//1975 1526//1966 1501//1934
f 1804//2331 1771//2275 1789//2309
f 1488//1919 1489//1920 1463//1885
f 1780//2294 1754//2252 1765//2268
f 1455//1875 1447//1866 1438//1855
f 903//1139 874//1108 2867//3615
f 903//1139 876//1110 875//1109
f 903//1139 877//1111 876//1110
f 903//1139 875//1109 874//1108
f 903//1139 2867//3615 847//1078
f 908//1144 864//1098 2858//3606
f 908//1144 2859//3607 952//1193
f 908//1144 840//1071 2856//3604
f 908//1144 2856//3604 883//1117
f 903//1139 879//1113 878//1112
f 903//1139 878//1112 877//1111
f 908//1144 885//1119 886//1120
f 908//1144 886//1120 887//1121
f 903//1139 849//1080 879//1113
f 908//1144 888//1122 859//1093
f 908//1144 859//1093 860//1094
f 908//1144 860//1094 861//1095
f 908//1144 861//1095 862//1096
f 908//1144 862//1096 864//1098
f 908//1144 884//1118 885//1119
f 903//1139 851//1082 850//1081
f 903//1139 852//1083 851//1082
f 903//1139 2860//3608 852//1083
f 1538//1979 1594//2043 1593//2042
f 1533//1974 2861//3609 1497//1930
f 903//1139 944//1185 2862//3610
f 903//1139 850//1081 849//1080
f 908//1144 887//1121 888//1122
f 1533//1974 1560//2004 2890//3638
f 1533//1974 2890//3638 1561//2005
f 1533//1974 1561//2005 1562//2006
f 1533//1974 1562//2006 1563//2007
f 1533//1974 1563//2007 1564//2008
f 908//1144 883//1117 884//1118
f 1533//1974 1564//2008 1565//2009
f 1533//1974 1565//2009 1566//2010
f 1533//1974 1566//2010 1583//2027
f 1533//1974 1583//2027 1584//2028
f 1533//1974 1584//2028 1585//2029
f 1533//1974 1585//2029 1586//2030
f 1533//1974 1586//2030 2863//3611
f 1538//1979 1595//2044 1594//2043
f 1538//1979 2864//3612 1598//2047
f 1538//1979 1596//2045 1595//2044
f 1538//1979 1598//2047 1596//2045
f 1538//1979 1576//2020 1575//2019
f 1538//1979 2866//3614 1550//1993
f 1538//1979 1593//2042 1576//2020
f 1538//1979 1508//1941 2865//3613
f 1538//1979 1575//2019 1574//2018
f 1538//1979 1573//2017 1572//2016
f 1538//1979 1571//2015 2866//3614
f 1538//1979 1572//2016 1571//2015
f 1538//1979 1574//2018 1573//2017
f 1749//2244 1728//2210 1734//2219
f 1430//1846 1425//1838 1415//1824
f 1729//2212 1705//2176 1719//2195
f 1706//2177 1691//2157 1700//2169
f 1372//1768 1373//1769 1362//1756
f 1346//1735 1347//1736 1337//1723
f 1648//2103 1590//2038 1629//2083
f 1569//2013 1527//1967 1547//1989
f 1635//2090 1618//2070 2866//3614
f 1623//2076 2890//3638 1624//2077
f 865//1099 2856//3604 2857//3605
f 822//1050 842//1073 2857//3605
f 865//1099 2857//3605 842//1073
f 1298//1674 1303//1679 1293//1665
f 1278//1644 1282//1648 1270//1633
f 1253//1611 1257//1616 1248//1604
f 1456//1876 1439//1856 1449//1868
f 1432//1848 1416//1826 1427//1841
f 1221//1569 1224//1573 1215//1561
f 1196//1538 1203//1546 1192//1529
f 1408//1815 1394//1795 1407//1814
f 865//1099 842//1073 2856//3604
f 1177//1503 1181//1508 1171//1495
f 1386//1785 1375//1771 1385//1784
f 1150//1468 1159//1479 1151//1469
f 1357//1749 1348//1737 1366//1760
f 1130//1441 1138//1453 1127//1438
f 1329//1713 1314//1694 1328//1712
f 1098//1401 1106//1410 1096//1398
f 1300//1676 1294//1667 1304//1680
f 1635//2090 1634//2089 1618//2070
f 801//1026 842//1073 822//1050
f 1081//1378 1087//1386 1076//1372
f 1280//1646 1271//1634 1279//1645
f 1059//1347 1071//1364 1060//1348
f 1254//1612 1249//1605 1258//1617
f 1038//1317 1051//1337 1042//1323
f 999//1260 1011//1277 1003//1266
f 1197//1539 1193//1530 1204//1547
f 2856//3604 842//1073 835//1066
f 1178//1504 1173//1498 1182//1509
f 946//1187 968//1217 955//1198
f 1153//1471 1152//1470 1161//1481
f 880//1114 916//1152 892//1127
f 1131//1442 1129//1440 1139//1454
f 797//1022 855//1087 812//1039
f 1111//1416 1109//1413 1117//1425
f 768//985 783//1006 773//991
f 2870//3618 874//1108 875//1109
f 2868//3616 1562//2006 1561//2005
f 2869//3617 884//1118 883//1117
f 2871//3619 1571//2015 1572//2016
f 724//927 746//955 735//942
f 820//1048 842//1073 801//1026
f 2866//3614 1634//2089 1635//2090
f 835//1066 842//1073 820//1048
f 2890//3638 1623//2076 1638//2093
f 1061//1349 1064//1353 1073//1368
f 689//880 717//919 709//909
f 1040//1320 1043//1324 1052//1338
f 645//814 673//857 667//847
f 1005//1268 1004//1267 1014//1281
f 630//794 660//839 650//823
f 963//1209 969//1218 988//1247
f 612//770 638//805 631//795
f 904//1140 919//1155 956//1199
f 581//726 623//786 614//772
f 832//1063 856//1088 893//1128
f 565//706 616//776 602//754
f 779//1001 786//1010 813//1040
f 539//669 583//729 584//730
f 748//957 760//974 770//987
f 519//644 567//708 569//710
f 1934//2506 1942//2516 1992//2590
f 1934//2506 1992//2591 1877//2434
f 1623//2076 1624//2077 1638//2093
f 726//930 736//943 747//956
f 520//645 571//712 549//682
f 705//903 718//920 730//935
f 512//635 550//683 552//686
f 2872//3620 1572//2016 1573//2017
f 2873//3621 885//1119 884//1118
f 2874//3622 875//1109 876//1110
f 2875//3623 1563//2007 1562//2006
f 683//872 700//897 710//910
f 513//636 558//697 559//698
f 514//637 561//700 562//701
f 641//808 662//841 668//849
f 527//652 572//713 573//714
f 627//790 647//817 651//824
f 532//659 575//717 586//734
f 605//757 626//789 633//797
f 543//674 596//746 597//747
f 588//736 617//778 624//787
f 2867//3615 2880//3628 848//1079
f 2877//3625 886//1120 885//1119
f 2876//3624 1564//2008 1563//2007
f 2879//3627 876//1110 877//1111
f 2878//3626 1573//2017 1574//2018
f 848//1079 2880//3628 789//1014
f 820//1048 801//1027 835//1066
f 808//1034 789//1014 2880//3628
f 801//1026 2887//3635 835//1066
f 808//1034 2880//3628 2881//3629
f 2885//3633 1574//2018 1575//2019
f 2883//3631 887//1121 886//1120
f 2884//3632 877//1111 878//1112
f 2882//3630 1565//2009 1564//2008
f 808//1034 2881//3629 789//1014
f 2889//3637 1566//2010 1565//2009
f 2886//3634 878//1112 879//1113
f 2888//3636 1575//2019 1576//2020
f 2887//3635 888//1122 887//1121
f 1908//2474 1880//2439 1866//2418
f 1908//2474 1881//2440 1880//2439
f 1930//2501 1892//2454 1867//2419
f 1930//2501 1867//2419 1882//2441
f 1891//2453 1865//2417 1857//2403
f 1937//2510 1909//2475 1893//2455
f 1937//2510 1893//2455 1894//2456
f 1879//2438 1857//2404 1856//2400
f 1879//2437 1856//2401 1842//2383
f 1864//2416 1842//2383 1835//2374
f 1945//2520 1911//2477 1910//2476
f 1945//2520 1912//2478 1911//2477
f 1855//2399 1835//2374 1826//2364
f 1947//2522 1914//2480 1913//2479
f 1947//2522 1915//2482 1914//2480
f 1834//2373 1820//2357 1811//2344
f 1834//2373 1811//2344 1810//2343
f 1948//2523 1917//2486 1916//2484
f 1948//2523 1916//2484 1915//2482
f 2887//3635 859//1093 888//1122
f 2888//3636 1576//2020 1593//2042
f 2886//3634 879//1113 849//1080
f 2889//3637 1583//2027 1566//2010
f 1949//2524 1919//2488 1917//2486
f 1819//2356 1777//2288 1798//2323
f 1819//2356 1802//2329 1777//2289
f 1938//2511 1921//2490 1920//2489
f 1938//2511 1922//2491 1921//2490
f 1797//2322 1776//2287 1770//2274
f 1797//2322 1785//2301 1776//2287
f 1939//2512 1897//2459 1895//2457
f 1939//2512 1895//2457 1896//2458
f 1769//2273 1764//2267 1759//2259
f 1769//2273 1759//2259 1758//2258
f 2881//3629 790//1015 789//1014
f 2887//3635 801//1026 802//1028
f 2866//3614 1651//2106 1634//2089
f 2890//3638 1638//2093 1639//2094
f 1931//2502 1883//2442 1897//2459
f 1763//2266 1753//2251 1746//2240
f 1763//2266 1758//2258 1753//2251
f 1752//2250 1746//2241 1760//2260
f 1752//2249 1760//2261 1733//2218
f 2888//3636 1593//2042 2895//3643
f 2886//3634 849//1080 2896//3644
f 1923//2492 1869//2421 1884//2443
f 1732//2217 1727//2209 1723//2202
f 1732//2217 1723//2202 1718//2194
f 1898//2460 1858//2405 1870//2422
f 1717//2193 1589//2034 1698//2167
f 1717//2192 1704//2175 1589//2035
f 1885//2444 1844//2385 1868//2420
f 1885//2444 1868//2420 1858//2405
f 1871//2423 1836//2375 1844//2385
f 1871//2423 1837//2376 1836//2375
f 1845//2386 1821//2358 1828//2366
f 1845//2386 1828//2366 1827//2365
f 1663//2121 1657//2113 1628//2082
f 1647//2102 1628//2082 1588//2033
f 1829//2367 1803//2330 1813//2346
f 1829//2367 1813//2346 1812//2345
f 1567//2011 1546//1988 1526//1966
f 1814//2347 1789//2309 1788//2307
f 1814//2348 1788//2308 1799//2325
f 2896//3644 849//1080 850//1081
f 2887//3635 860//1094 859//1093
f 2889//3637 1584//2028 1583//2027
f 2895//3643 1593//2042 1594//2043
f 1790//2311 1779//2292 1771//2276
f 1790//2310 1765//2268 1779//2293
f 2028//2638 2026//2636 2018//2624
f 2028//2638 2030//2641 2026//2636
f 1471//1894 1463//1885 1442//1860
f 1471//1894 1442//1860 1447//1866
f 1766//2269 1747//2242 1754//2252
f 1437//1854 1438//1855 1434//1851
f 1437//1854 1434//1851 1425//1838
f 1735//2221 1724//2203 1728//2211
f 1735//2220 1719//2195 1724//2204
f 1414//1823 1415//1824 1412//1820
f 1414//1823 1412//1820 1406//1812
f 1405//1811 1403//1807 1392//1793
f 1405//1811 1406//1812 1403//1807
f 1391//1792 1392//1793 1384//1783
f 1712//2185 1700//2169 1699//2168
f 1712//2185 1699//2168 1705//2176
f 1380//1778 1384//1783 1373//1769
f 2891//3639 791//1016 790//1015
f 2892//3640 1652//2107 1651//2106
f 2893//3641 1639//2094 1640//2095
f 2894//3642 802//1028 803//1029
f 1695//2162 1669//2129 1682//2143
f 1695//2162 1682//2143 1691//2157
f 1683//2144 1658//2114 1670//2130
f 1683//2144 1670//2130 1669//2129
f 1354//1745 1362//1756 1343//1730
f 1354//1745 1343//1730 1347//1736
f 1665//2123 1629//2083 1659//2115
f 1665//2123 1659//2115 1658//2114
f 2897//3645 1594//2043 1595//2044
f 2898//3646 1585//2029 1584//2028
f 2899//3647 850//1081 851//1082
f 2900//3648 861//1095 860//1094
f 1334//1719 1322//1705 1326//1710
f 1334//1719 1337//1723 1322//1705
f 1325//1709 1326//1710 1327//1711
f 1325//1709 1327//1711 1311//1691
f 1613//2063 1568//2012 1590//2038
f 1613//2063 1547//1989 1568//2012
f 1310//1690 1311//1691 1299//1675
f 1310//1690 1299//1675 1303//1679
f 1535//1976 1502//1935 1527//1967
f 1285//1654 1293//1666 1286//1655
f 1285//1653 1286//1656 1282//1648
f 1504//1937 1503//1936 1502//1935
f 1504//1937 1483//1911 1503//1936
f 1490//1921 1464//1886 1483//1911
f 1264//1626 1265//1627 1257//1616
f 1264//1626 1270//1633 1265//1627
f 1465//1887 1449//1868 1448//1867
f 1465//1887 1448//1867 1464//1886
f 1440//1857 1431//1847 1439//1856
f 1440//1857 1427//1841 1431//1847
f 1229//1579 1234//1585 1224//1573
f 1417//1827 1413//1822 1416//1826
f 1417//1827 1407//1814 1413//1822
f 1209//1553 1215//1561 1210//1554
f 1209//1553 1210//1554 1203//1546
f 836//1067 861//1095 2903//3651
f 1609//2059 1585//2029 2904//3652
f 1615//2067 2901//3649 1595//2044
f 827//1056 2902//3650 851//1082
f 1615//2067 1595//2044 1596//2045
f 827//1056 851//1082 852//1083
f 1609//2059 1586//2030 1585//2029
f 836//1067 862//1096 861//1095
f 1190//1526 1172//1496 1181//1508
f 1190//1526 1192//1529 1172//1497
f 2032//2644 2019//2625 1998//2598
f 2032//2644 1998//2599 2031//2643
f 804//1030 2905//3653 803//1029
f 792//1017 791//1016 2906//3654
f 1641//2096 2907//3655 1640//2095
f 1653//2108 1652//2107 2908//3656
f 1625//2078 1643//2098 2904//3652
f 1609//2059 2904//3652 1643//2098
f 821//1049 807//1033 2903//3651
f 1615//2067 1616//2068 2901//3649
f 809//1035 2902//3650 853//1084
f 1636//2091 2901//3649 1616//2068
f 827//1056 853//1084 2902//3650
f 836//1067 2903//3651 807//1033
f 836//1067 863//1097 862//1096
f 828//1057 852//1083 2909//3657
f 1610//2060 1586//2030 1643//2098
f 839//1070 862//1096 863//1097
f 1610//2060 2910//3658 1586//2030
f 1615//2067 1596//2045 1597//2046
f 1617//2069 1597//2046 1596//2045
f 839//1070 864//1098 862//1096
f 1609//2059 1643//2098 1586//2030
f 1617//2069 1596//2045 1598//2047
f 827//1056 852//1083 853//1084
f 828//1057 853//1084 852//1083
f 1377//1773 1376//1772 1375//1771
f 1377//1773 1366//1760 1376//1772
f 836//1067 807//1033 863//1097
f 1615//2067 1597//2046 1616//2068
f 1141//1457 1151//1469 1146//1463
f 1141//1457 1146//1464 1138//1453
f 1349//1738 1338//1724 1348//1737
f 1335//1720 1328//1712 1338//1724
f 1120//1429 1127//1438 1116//1424
f 1105//1409 1116//1424 1106//1410
f 792//1017 809//1035 793//1018
f 1653//2108 1636//2091 1654//2109
f 1641//2096 1642//2097 1625//2078
f 804//1030 805//1031 821//1049
f 1288//1658 1279//1645 1287//1657
f 1288//1658 1287//1657 1294//1667
f 839//1070 863//1097 837//1068
f 1617//2069 1616//2068 1597//2046
f 807//1033 837//1068 863//1097
f 1070//1362 1076//1372 1065//1354
f 1070//1363 1065//1355 1071//1365
f 1268//1630 1267//1629 1271//1634
f 1268//1630 1258//1617 1267//1629
f 1050//1336 1048//1333 1051//1337
f 1050//1336 1060//1348 1048//1333
f 1246//1601 1272//1635 1249//1606
f 1246//1600 1235//1586 1272//1636
f 1232//1582 1225//1574 1235//1586
f 1031//1308 1039//1318 1032//1309
f 1031//1308 1042//1323 1039//1318
f 1022//1294 1032//1309 1023//1295
f 1222//1570 1219//1567 1225//1574
f 1010//1276 1023//1295 1016//1284
f 1010//1276 1016//1284 1011//1277
f 1211//1555 1204//1547 1219//1567
f 1643//2098 1642//2097 1644//2099
f 1616//2068 1654//2109 1636//2091
f 1643//2098 1625//2078 1642//2097
f 1616//2068 1655//2110 1654//2109
f 807//1033 821//1049 805//1031
f 853//1084 794//1019 793//1018
f 807//1033 805//1031 806//1032
f 853//1084 793//1018 809//1035
f 985//1243 1003//1266 986//1244
f 1186//1520 1185//1515 1193//1531
f 1186//1521 1182//1510 1185//1516
f 961//1206 986//1244 968//1217
f 839//1070 837//1068 838//1069
f 807//1033 838//1069 837//1068
f 1144//1460 1139//1454 1143//1459
f 1144//1460 1143//1459 1152//1470
f 830//1061 831//1062 855//1087
f 830//1061 892//1127 831//1062
f 1118//1426 1117//1425 1123//1432
f 1118//1426 1123//1432 1129//1440
f 777//999 812//1039 784//1007
f 777//999 784//1007 783//1006
f 1100//1403 1099//1402 1108//1412
f 1100//1403 1108//1412 1109//1413
f 757//969 773//992 759//971
f 757//968 759//972 769//986
f 1089//1388 1088//1387 1099//1402
f 745//954 769//986 758//970
f 741//949 752//962 746//955
f 741//949 758//970 752//962
f 1082//1379 1077//1373 1088//1387
f 1074//1369 1073//1368 1077//1373
f 716//918 735//942 729//934
f 704//902 729//934 717//919
f 1053//1339 1052//1338 1064//1353
f 679//865 709//909 698//893
f 679//865 698//893 699//895
f 1034//1311 1055//1342 1043//1324
f 1034//1311 1033//1310 1055//1342
f 672//856 699//895 690//881
f 672//856 690//881 691//883
f 1025//1297 1024//1296 1033//1310
f 658//835 691//883 680//866
f 658//835 680//866 673//857
f 1012//1278 1018//1286 1024//1296
f 1012//1278 1014//1281 1018//1286
f 646//816 667//848 659//836
f 646//815 659//837 660//839
f 1616//2068 1649//2104 1655//2110
f 853//1084 795//1020 794//1019
f 1643//2098 1644//2099 1645//2100
f 807//1033 806//1032 799//1024
f 1637//2092 2911//3659 1616//2068
f 1617//2069 1637//2092 1616//2068
f 807//1033 818//1046 838//1069
f 839//1070 838//1069 818//1046
f 989//1248 1028//1302 1004//1267
f 989//1248 988//1247 1028//1303
f 622//785 639//806 638//805
f 622//785 650//823 639//806
f 948//1189 956//1199 962//1207
f 948//1189 962//1207 969//1218
f 582//728 615//773 616//777
f 582//727 614//772 615//774
f 814//1041 813//1040 856//1088
f 566//707 602//754 594//744
f 548//681 594//744 595//745
f 548//681 595//745 583//729
f 775//996 881//1115 786//1010
f 775//996 778//1000 881//1115
f 1694//2161 1680//2141 1668//2128
f 1694//2161 1690//2156 1680//2141
f 761//975 770//987 778//1000
f 531//658 570//711 571//712
f 531//658 569//710 570//711
f 719//921 730//935 774//993
f 719//921 774//994 736//943
f 521//646 549//682 551//684
f 521//646 551//685 550//683
f 701//898 710//910 711//911
f 701//898 711//911 718//920
f 522//647 553//687 554//689
f 522//647 552//686 553//687
f 523//648 555//691 556//693
f 523//648 554//689 555//691
f 524//649 557//695 558//697
f 524//649 556//693 557//695
f 675//859 692//885 693//886
f 675//859 693//886 700//897
f 663//842 682//871 692//885
f 663//842 674//858 682//871
f 807//1033 799//1024 2914//3662
f 1616//2068 2911//3659 1649//2104
f 525//650 559//698 560//699
f 525//650 560//699 561//700
f 653//827 668//850 681//868
f 653//826 681//869 674//858
f 526//651 562//701 572//713
f 640//807 651//824 652//825
f 640//807 652//825 662//841
f 618//779 661//840 647//817
f 618//779 633//797 661//840
f 542//673 586//734 596//746
f 576//719 597//747 603//755
f 587//735 603//755 617//778
f 1500//1933 1501//1934 1472//1895
f 1500//1933 1472//1895 1489//1920
f 1755//2253 1734//2219 1748//2243
f 1755//2253 1748//2243 1747//2242
f 2014//2616 2012//2614 2005//2606
f 2014//2616 2018//2624 2012//2614
f 2000//2601 1981//2576 1993//2593
f 2000//2601 2005//2606 1981//2576
f 2914//3662 799//1024 800//1025
f 2915//3663 1645//2100 1646//2101
f 2911//3659 1650//2105 1649//2104
f 2912//3660 796//1021 795//1020
f 2924//3672 795//1020 853//1084
f 2913//3661 1643//2098 1645//2100
f 2923//3671 2911//3659 1637//2092
f 807//1033 2914//3662 818//1046
f 1972//2562 1980//2575 1985//2583
f 1972//2562 1985//2583 1942//2516
f 817//1045 818//1046 2914//3662
f 1610//2060 1643//2098 2913//3661
f 828//1057 2924//3672 853//1084
f 2914//3662 816//1044 817//1045
f 1637//2092 1631//2086 2923//3671
f 1244//1598 1248//1604 1245//1599
f 1244//1598 1245//1599 1234//1585
f 828//1057 810//1036 2916//3664
f 828//1057 2917//3665 810//1036
f 839//1070 818//1046 819//1047
f 1610//2060 1626//2079 2918//3666
f 1617//2069 1633//2088 1637//2092
f 839//1070 2919//3667 864//1098
f 1617//2069 1598//2047 2945//3693
f 1617//2069 2920//3668 1633//2088
f 839//1070 819//1047 2921//3669
f 1610//2060 2922//3670 1626//2079
f 1632//2087 2923//3671 1631//2086
f 816//1044 818//1046 817//1045
f 1396//1797 1395//1796 1394//1795
f 1396//1797 1385//1784 1395//1796
f 1165//1486 1171//1495 1155//1474
f 1165//1486 1155//1474 1159//1479
f 1632//2087 1631//2086 2925//3673
f 1999//2600 1994//2594 2006//2607
f 1315//1695 1307//1684 1314//1694
f 1315//1695 1304//1680 1307//1684
f 1990//2588 1978//2573 1994//2594
f 1990//2588 1983//2579 1978//2573
f 1095//1397 1084//1382 1087//1386
f 1095//1397 1096//1398 1084//1382
f 1631//2086 1637//2092 1633//2088
f 1979//2574 2814//3562 1959//2539
f 1979//2574 1959//2539 1983//2579
f 1631//2086 1633//2088 2925//3673
f 818//1046 816//1044 819//1047
f 1167//1489 1166//1487 1173//1498
f 1167//1489 1161//1481 1166//1487
f 915//1151 955//1198 917//1153
f 915//1151 917//1153 916//1152
f 613//771 632//796 623//786
f 613//771 631//795 632//796
f 894//1129 918//1154 919//1155
f 894//1129 893//1128 918//1154
f 2333//3040 2328//3035 2329//3036
f 2333//3040 2329//3036 2316//3020
f 2340//3048 2322//3028 2328//3035
f 2340//3048 2334//3041 2322//3028
f 2321//3027 2298//2998 2310//3013
f 2321//3026 2316//3020 2298//2999
f 2356//3068 2341//3049 2342//3050
f 2356//3068 2342//3050 2334//3041
f 2315//3019 2310//3012 2305//3007
f 2315//3019 2305//3007 2297//2997
f 2367//3080 2343//3051 2341//3049
f 2367//3080 2349//3060 2343//3052
f 2381//3096 2358//3070 2349//3060
f 2381//3096 2357//3069 2358//3070
f 2382//3097 2368//3081 2369//3082
f 2382//3097 2369//3083 2357//3069
f 2276//2970 2262//2951 2265//2954
f 2276//2970 2277//2971 2262//2951
f 2272//2966 2257//2946 2256//2944
f 2272//2966 2265//2954 2257//2946
f 2402//3121 2384//3099 2383//3098
f 2402//3121 2383//3098 2370//3084
f 2255//2942 2266//2955 2245//2930
f 2255//2943 2256//2945 2266//2956
f 2403//3123 2344//3053 2384//3100
f 2403//3122 2385//3101 2344//3054
f 2249//2934 2245//2930 2230//2913
f 2249//2934 2230//2914 2239//2924
f 2404//3124 2371//3085 2385//3101
f 2404//3124 2386//3102 2371//3085
f 2238//2922 2239//2923 2235//2919
f 2238//2922 2235//2919 2229//2912
f 2405//3125 2387//3103 2386//3102
f 2405//3125 2388//3104 2387//3103
f 540//670 568//709 567//708
f 540//670 584//730 568//709
f 2228//2911 2229//2912 2225//2908
f 2228//2911 2225//2908 2220//2900
f 2406//3126 2389//3105 2360//3072
f 2406//3126 2360//3072 2388//3104
f 742//950 747//956 753//963
f 742//950 753//963 760//974
f 2219//2899 2210//2886 2212//2889
f 2219//2899 2220//2900 2210//2887
f 2407//3127 2372//3086 2389//3105
f 2407//3127 2373//3087 2372//3086
f 2211//2888 2208//2884 2205//2881
f 2211//2888 2212//2889 2208//2884
f 2395//3112 2374//3088 2373//3087
f 2395//3112 2375//3089 2374//3088
f 2926//3674 1505//1938 1508//1941
f 1199//1541 2927//3675 1213//1558
f 1302//1678 1291//1663 2928//3676
f 1382//1780 1370//1765 1369//1764
f 1352//1742 1369//1764 1370//1765
f 1331//1715 1340//1727 1341//1728
f 1331//1715 2929//3677 1340//1727
f 1302//1678 2930//3678 1317//1698
f 1536//1977 1570//2014 1598//2047
f 1277//1643 1262//1624 2931//3679
f 1228//1578 2932//3680 1238//1591
f 1352//1742 1340//1727 2933//3681
f 1331//1715 1317//1698 2934//3682
f 1331//1715 1318//1699 1317//1698
f 1277//1643 1263//1625 1262//1624
f 780//1002 864//1098 2919//3667
f 1057//1344 2935//3683 1067//1358
f 798//1023 864//1098 780//1002
f 1013//1279 996//1256 2936//3684
f 882//1116 864//1098 798//1023
f 1252//1610 1262//1624 1263//1625
f 2938//3686 944//1185 945//1186
f 1252//1610 2937//3685 1262//1624
f 1013//1279 997//1257 996//1256
f 1252//1610 1238//1591 2939//3687
f 1103//1407 1114//1421 1115//1422
f 1103//1407 2940//3688 1114//1421
f 1013//1279 2941//3689 1021//1291
f 1252//1610 1239//1592 1238//1591
f 1352//1742 2942//3690 1369//1764
f 1036//1313 1021//1291 2943//3691
f 1036//1313 2944//3692 1045//1327
f 1036//1313 1045//1327 1046//1328
f 1302//1678 1292//1664 1291//1663
f 1302//1678 1317//1698 1318//1699
f 1666//2124 2945//3693 1598//2047
f 906//1142 864//1098 882//1116
f 1207//1551 1218//1566 2946//3694
f 906//1142 2947//3695 864//1098
f 1352//1742 1341//1728 1340//1727
f 1126//1436 1115//1422 1114//1421
f 1207//1551 1220//1568 1218//1566
f 906//1142 952//1193 2948//3696
f 906//1142 959//1203 952//1193
f 1126//1436 1114//1421 2949//3697
f 1103//1407 1093//1395 2950//3698
f 1057//1344 1046//1328 1045//1327
f 1614//2066 1666//2126 1598//2048
f 971//1221 952//1193 959//1203
f 1126//1436 2951//3699 1136//1451
f 971//1221 2952//3700 952//1193
f 1126//1436 1136//1451 1137//1452
f 1057//1344 1045//1327 2953//3701
f 1277//1643 2954//3702 1291//1663
f 1570//2014 1614//2065 1598//2047
f 1103//1407 1094//1396 1093//1395
f 1148//1466 1137//1452 1136//1451
f 1148//1466 1136//1451 2955//3703
f 1536//1977 1508//1941 1505//1938
f 1536//1977 2956//3704 1508//1941
f 1148//1466 2957//3705 1163//1484
f 1436//1853 2958//3706 1452//1871
f 1079//1375 1067//1358 2959//3707
f 977//1231 945//1186 944//1185
f 1148//1466 1163//1484 1164//1485
f 2926//3674 1218//1566 1220//1568
f 1525//1965 1497//1930 2961//3709
f 1525//1965 1498//1931 1497//1930
f 1382//1780 1369//1764 2962//3710
f 1079//1375 2963//3711 1093//1395
f 1176//1502 1164//1485 1163//1484
f 1079//1375 1093//1395 1094//1396
f 1481//1908 1497//1930 1498//1931
f 1481//1908 2964//3712 1497//1930
f 1176//1502 1163//1484 2965//3713
f 1481//1908 1452//1871 2966//3714
f 1481//1908 1453//1872 1452//1871
f 1079//1375 1068//1359 1067//1358
f 1057//1344 1067//1358 1068//1359
f 1436//1853 1452//1871 1453//1872
f 1176//1502 2967//3715 1188//1524
f 1176//1502 1188//1524 1189//1525
f 1536//1977 1598//2047 2968//3716
f 1436//1853 1423//1836 2969//3717
f 977//1231 944//1185 2970//3718
f 1277//1643 1291//1663 1292//1664
f 1411//1819 2971//3719 1423//1836
f 1411//1819 1400//1803 1399//1802
f 1228//1578 1213//1558 2972//3720
f 1382//1780 2973//3721 1399//1802
f 1411//1819 1399//1802 2974//3722
f 977//1231 996//1256 997//1257
f 977//1231 2975//3723 996//1256
f 1228//1578 1238//1591 1239//1592
f 1199//1541 1189//1525 1188//1524
f 1382//1780 1399//1802 1400//1803
f 1199//1541 1188//1524 2976//3724
f 2396//3113 2317//3021 2375//3089
f 2396//3114 2361//3074 2317//3022
f 2193//2869 2191//2867 2185//2859
f 2193//2869 2194//2870 2191//2867
f 2184//2858 2186//2860 2177//2851
f 2184//2858 2185//2859 2186//2860
f 541//671 573//714 574//715
f 541//672 574//716 575//718
f 2176//2850 2187//2861 2169//2842
f 2176//2850 2177//2851 2187//2862
f 604//756 624//787 625//788
f 604//756 625//788 626//789
f 2168//2841 2169//2842 2165//2838
f 2168//2841 2165//2838 2158//2830
f 2352//3063 2335//3042 2345//3056
f 2157//2829 2154//2826 2148//2819
f 2157//2829 2158//2830 2154//2826
f 2346//3057 2330//3037 2335//3042
f 2147//2818 2148//2819 2136//2803
f 2336//3043 2318//3023 2323//3029
f 2336//3043 2323//3029 2330//3037
f 2135//2801 2143//2813 2128//2794
f 2135//2802 2136//2804 2143//2814
f 1988//2586 1993//2593 1989//2587
f 1988//2586 1989//2587 1980//2575
f 2324//3030 2306//3008 2299//3000
f 2324//3030 2299//3000 2318//3023
f 2311//3014 2300//3001 2306//3008
f 2311//3014 2301//3002 2300//3001
f 2307//3009 2288//2986 2287//2985
f 2307//3009 2287//2985 2301//3002
f 2289//2988 2278//2973 2268//2959
f 2289//2987 2268//2960 2288//2986
f 2273//2967 2259//2948 2258//2947
f 2273//2967 2258//2947 2267//2958
f 2260//2949 2247//2932 2259//2948
f 2260//2949 2246//2931 2247//2932
f 2250//2935 2241//2926 2240//2925
f 2250//2935 2240//2925 2246//2931
f 2242//2927 2231//2915 2241//2926
f 2242//2927 2232//2916 2231//2915
f 2233//2917 2222//2902 2221//2901
f 2233//2917 2221//2901 2232//2916
f 2223//2905 2214//2894 2213//2890
f 2223//2906 2213//2891 2222//2903
f 2215//2895 2198//2874 2214//2893
f 2215//2895 2202//2878 2198//2874
f 2206//2882 2195//2871 2202//2878
f 2174//2848 2170//2843 2179//2853
f 2166//2839 2155//2827 2170//2843
f 2166//2839 2159//2831 2155//2827
f 2160//2832 2149//2820 2144//2815
f 2160//2832 2144//2815 2159//2831
f 2145//2816 2138//2806 2149//2820
f 2145//2816 2137//2805 2138//2806
f 2133//2799 2130//2796 2123//2788
f 2133//2799 2123//2788 2137//2805
f 2124//2789 2105//2759 2130//2796
f 2124//2789 2106//2760 2105//2759
f 2015//2618 2006//2607 2019//2625
f 2107//2761 2111//2767 2106//2760
f 2107//2761 2093//2741 2111//2768
f 755//965 829//1058 743//951
f 755//965 776//998 829//1059
f 2296//2996 2297//2997 2293//2993
f 2296//2996 2293//2993 2286//2984
f 2285//2983 2286//2984 2277//2971
f 721//923 743//951 722//924
f 721//923 722//924 707//906
f 2394//3111 2359//3071 2368//3081
f 2394//3111 2370//3084 2359//3071
f 685//874 707//906 686//875
f 685//874 686//875 670//852
f 644//813 670//853 687//876
f 644//812 687//877 628//791
f 592//741 628//791 600//751
f 592//741 600//751 579//723
f 2204//2880 2200//2876 2194//2870
f 2204//2880 2205//2881 2200//2876
f 2376//3090 2350//3061 2362//3075
f 2376//3090 2362//3075 2361//3073
f 2363//3076 2345//3056 2351//3062
f 2363//3076 2351//3062 2350//3061
f 490//597 510//632 479//581
f 490//597 479//581 478//580
f 469//570 483//585 467//568
f 469//570 478//580 483//585
f 457//556 467//568 470//571
f 457//556 470//571 452//550
f 447//545 452//550 458//557
f 447//545 458//557 435//529
f 2122//2787 2129//2795 2109//2763
f 2122//2787 2128//2794 2129//2795
f 2098//2749 2099//2750 2092//2740
f 2098//2749 2109//2763 2099//2750
f 414//503 415//504 412//501
f 414//503 425//517 415//505
f 403//491 404//492 400//488
f 403//491 412//501 404//492
f 2279//2976 2268//2961 2278//2974
f 2279//2975 2267//2958 2268//2960
f 388//473 400//488 394//482
f 388//473 394//482 389//474
f 372//450 368//445 366//443
f 372//450 379//459 368//445
f 361//438 366//443 367//444
f 361//438 367//444 356//433
f 345//421 356//433 357//434
f 345//421 357//434 346//422
f 338//413 346//422 335//409
f 338//413 335//410 334//408
f 325//395 334//408 330//400
f 325//395 330//400 321//391
f 313//380 321//391 318//387
f 313//380 318//387 309//376
f 303//369 310//377 299//365
f 303//369 309//376 310//377
f 290//354 299//365 291//355
f 2196//2872 2188//2864 2195//2871
f 2196//2872 2189//2865 2188//2864
f 257//314 271//330 258//315
f 257//314 267//325 271//330
f 243//298 258//315 259//316
f 243//298 259//316 247//302
f 2182//2856 2179//2853 2178//2852
f 2182//2856 2178//2852 2189//2865
f 231//279 244//299 236//287
f 231//279 247//302 244//299
f 221//268 236//288 251//306
f 221//267 251//307 224//271
f 209//254 217//263 213//258
f 209//254 224//271 217//263
f 199//241 210//255 200//242
f 199//241 213//258 210//255
f 187//226 196//236 191//231
f 187//226 200//242 196//236
f 173//204 197//237 180//214
f 173//203 191//231 197//238
f 154//181 170//200 174//205
f 154//181 174//205 160//188
f 763//978 750//960 764//979
f 763//978 764//979 780//1002
f 142//168 160//188 166//195
f 142//168 166//195 147//173
f 130//153 155//182 137//161
f 130//153 147//173 155//183
f 731//936 738//946 750//960
f 731//936 714//916 738//946
f 118//138 137//161 143//169
f 118//138 143//169 131//154
f 695//889 677//862 684//873
f 695//889 684//873 714//916
f 648//819 607//760 677//863
f 648//820 635//801 607//761
f 95//110 120//140 111//128
f 95//110 119//139 120//140
f 608//764 590//739 599//750
f 608//764 599//750 635//800
f 86//100 105//122 104//121
f 86//100 111//128 105//122
f 74//86 96//111 97//112
f 74//86 104//121 96//111
f 535//663 516//640 534//662
f 535//663 534//662 590//739
f 53//62 112//129 75//88
f 53//63 88//103 112//130
f 473//575 468//569 480//582
f 473//575 480//582 481//583
f 42//48 75//87 76//89
f 42//48 76//89 77//90
f 43//49 77//90 60//71
f 43//49 60//71 61//72
f 44//50 61//72 98//113
f 44//51 98//114 62//74
f 444//541 439//535 443//540
f 444//541 443//540 453//551
f 35//40 63//75 64//76
f 35//40 62//73 63//75
f 428//520 423//514 439//535
f 428//520 426//518 423//514
f 36//41 89//104 65//77
f 36//41 64//76 89//104
f 417//507 413//502 416//506
f 417//507 416//506 426//518
f 45//52 66//78 67//79
f 45//52 65//77 66//78
f 46//53 67//79 68//80
f 46//53 68//80 78//91
f 405//493 408//497 413//502
f 405//493 402//490 408//497
f 47//54 78//91 79//92
f 47//54 79//92 81//94
f 391//478 390//476 395//483
f 391//478 395//483 402//490
f 384//469 376//454 390//477
f 384//468 380//461 376//455
f 69//81 90//105 91//106
f 69//81 91//106 99//115
f 373//451 364//441 380//461
f 373//451 369//446 364//441
f 92//107 106//123 113//132
f 348//424 352//428 358//435
f 348//424 347//423 352//428
f 100//116 121//141 122//142
f 100//116 113//132 121//141
f 340//415 339//414 347//423
f 340//415 336//411 339//414
f 114//133 122//142 126//148
f 114//133 126//148 132//155
f 327//397 326//396 336//411
f 327//397 322//392 326//396
f 123//144 181//216 138//163
f 123//145 132//156 181//217
f 315//384 314//381 322//392
f 315//384 311//378 314//382
f 133//157 138//162 149//175
f 133//157 149//175 150//176
f 144//170 150//176 162//190
f 144//170 162//190 161//189
f 304//370 300//366 311//378
f 294//359 292//357 300//366
f 294//359 293//358 292//357
f 167//196 175//206 182//220
f 167//196 171//201 175//206
f 284//347 283//346 278//338
f 284//347 278//338 293//358
f 176//208 182//221 233//282
f 176//207 233//283 192//232
f 188//227 193//233 201//243
f 188//227 192//232 193//233
f 202//244 205//248 214//259
f 202//244 201//243 205//249
f 245//300 249//304 260//317
f 245//300 248//303 249//304
f 211//256 218//264 225//272
f 211//256 214//259 218//264
f 234//285 241//294 248//303
f 234//285 237//289 241//295
f 222//269 225//272 228//276
f 222//269 228//276 237//289
f 529//655 484//586 510//632
f 529//655 579//723 484//586
f 431//524 436//530 425//517
f 431//524 435//529 436//530
f 383//466 437//531 379//460
f 383//467 389//475 437//532
f 281//342 291//356 331//401
f 281//343 331//402 282//345
f 270//329 277//337 267//325
f 270//329 282//344 277//337
f 169//198 197//238 170//200
f 169//199 180//215 197//239
f 110//127 131//154 119//139
f 59//70 87//101 88//102
f 59//70 97//112 87//101
f 497//610 481//583 516//640
f 459//558 456//555 468//569
f 459//558 453//551 456//555
f 54//64 81//94 80//93
f 54//64 80//93 90//105
f 82//95 99//115 106//123
f 362//439 358//435 359//436
f 362//439 359//436 369//446
f 1481//1908 1498//1931 1499//1932
f 1481//1908 1499//1932 1453//1872
f 1436//1853 1445//1864 1423//1836
f 1436//1853 1453//1872 1445//1864
f 156//184 148//174 171//201
f 156//184 161//189 148//174
f 273//332 272//331 283//346
f 1411//1819 1424//1837 1400//1803
f 1411//1819 1423//1836 1424//1837
f 261//318 263//320 272//331
f 261//318 260//317 263//320
f 1382//1780 1388//1788 1370//1765
f 1382//1780 1400//1803 1388//1788
f 1352//1742 1370//1765 1361//1755
f 1352//1742 1361//1755 1341//1728
f 1331//1715 1341//1728 1342//1729
f 1331//1715 1342//1729 1318//1699
f 1302//1678 1318//1699 1324//1708
f 1302//1678 1324//1708 1292//1664
f 1252//1610 1263//1625 1239//1592
f 1199//1541 1213//1558 1208//1552
f 1199//1541 1208//1552 1189//1525
f 1176//1502 1189//1525 1200//1542
f 1176//1502 1200//1542 1164//1485
f 1148//1466 1164//1485 1149//1467
f 1148//1466 1149//1467 1137//1452
f 1126//1436 1137//1452 1195//1534
f 1126//1437 1195//1535 1115//1423
f 1103//1407 1104//1408 1094//1396
f 1103//1407 1115//1422 1104//1408
f 1079//1375 1085//1383 1068//1359
f 1079//1375 1094//1396 1085//1383
f 1057//1344 1068//1359 1063//1352
f 1057//1344 1063//1352 1046//1328
f 1036//1313 1046//1328 1047//1329
f 1036//1314 1047//1330 1021//1292
f 977//1231 997//1257 945//1186
f 1536//1977 1505//1938 1515//1953
f 1536//1977 1515//1953 1570//2014
f 2926//3674 1174//1499 1505//1938
f 1525//1965 1487//1918 1498//1931
f 1525//1965 2960//3708 1487//1918
f 2926//3674 1220//1568 1174//1499
f 1207//1551 1206//1550 1220//1568
f 1207//1551 1158//1478 1206//1550
f 1277//1643 1283//1649 1263//1625
f 1277//1643 1292//1664 1283//1650
f 1228//1578 1243//1597 1213//1558
f 1228//1578 1239//1592 1243//1597
f 971//1221 959//1203 958//1202
f 971//1221 958//1202 1158//1478
f 1867//2419 1881//2440 1882//2441
f 1867//2419 1880//2439 1881//2440
f 1856//2401 1866//2418 1880//2439
f 1856//2401 1865//2417 1866//2418
f 1893//2455 1867//2419 1892//2454
f 1893//2455 1892//2454 1894//2456
f 1856//2401 1857//2403 1865//2417
f 1013//1279 1047//1329 997//1257
f 1013//1280 1021//1293 1047//1331
f 1911//2477 1893//2455 1909//2475
f 1911//2477 1909//2475 1910//2476
f 1856//2401 1835//2374 1842//2383
f 1856//2401 1826//2364 1835//2374
f 1911//2477 1912//2478 1913//2479
f 1820//2357 1826//2364 1856//2401
f 1911//2477 1913//2479 1914//2480
f 1916//2485 1914//2481 1915//2483
f 1916//2484 1911//2477 1914//2480
f 1777//2288 1810//2343 1811//2344
f 1777//2288 1802//2329 1810//2343
f 1893//2455 1911//2477 1867//2419
f 1918//2487 1917//2486 1919//2488
f 1916//2484 1917//2486 1918//2487
f 1918//2487 1919//2488 1920//2489
f 1776//2287 1798//2323 1777//2288
f 1776//2287 1785//2301 1798//2323
f 1918//2487 1920//2489 1921//2490
f 1895//2457 1921//2490 1922//2491
f 1895//2457 1918//2487 1921//2490
f 1820//2357 1856//2401 1811//2344
f 1916//2484 1918//2487 1911//2477
f 1759//2259 1776//2287 1777//2288
f 1759//2259 1770//2274 1776//2287
f 1895//2457 1922//2491 1896//2458
f 1759//2259 1764//2267 1770//2274
f 1753//2251 1758//2258 1759//2259
f 1753//2251 1759//2259 1777//2288
f 1895//2457 1897//2459 1883//2442
f 1895//2457 1883//2442 1868//2420
f 1868//2420 1883//2442 1884//2443
f 1856//2401 1880//2439 1867//2419
f 1753//2251 1760//2261 1746//2240
f 1868//2420 1884//2443 1869//2421
f 1760//2261 1727//2209 1733//2218
f 1811//2344 1856//2401 1777//2288
f 1753//2251 1777//2288 1760//2261
f 1868//2420 1869//2421 1870//2422
f 1760//2261 1723//2202 1727//2209
f 1589//2036 1718//2194 1723//2202
f 1760//2261 1589//2036 1723//2202
f 1868//2420 1870//2422 1858//2405
f 1589//2036 1704//2175 1718//2194
f 1868//2420 1844//2385 1836//2375
f 1589//2035 1690//2156 1698//2166
f 1868//2420 1836//2375 1837//2376
f 1868//2420 1837//2376 1827//2365
f 1589//2035 1680//2141 1690//2156
f 1589//2035 1668//2128 1680//2141
f 1856//2401 1867//2419 1786//2302
f 1867//2419 1911//2477 1786//2302
f 1589//2035 1657//2113 1668//2128
f 1868//2420 1827//2365 1828//2366
f 1911//2477 1918//2487 1786//2302
f 1589//2035 1628//2082 1657//2113
f 1828//2366 1821//2358 1812//2345
f 1589//2035 1588//2033 1628//2082
f 1828//2366 1812//2345 1813//2346
f 1760//2261 1777//2288 1589//2036
f 1589//2035 1546//1988 1588//2033
f 1813//2346 1803//2330 1799//2324
f 1589//2035 1526//1966 1546//1988
f 1813//2346 1799//2324 1788//2307
f 1779//2293 1788//2307 1789//2309
f 1589//2035 1501//1934 1526//1966
f 1779//2293 1789//2309 1771//2275
f 1828//2366 1813//2346 1868//2420
f 1589//2035 1472//1895 1501//1934
f 1895//2457 1868//2420 1786//2302
f 1472//1895 1463//1885 1489//1920
f 1918//2487 1895//2457 1786//2302
f 1779//2293 1765//2268 1754//2252
f 1472//1895 1442//1860 1463//1885
f 1778//2291 1754//2252 1747//2242
f 1779//2293 1754//2252 1778//2291
f 1589//2037 1856//2402 1786//2302
f 1777//2290 1856//2402 1589//2037
f 1442//1860 1438//1855 1447//1866
f 1788//2307 1779//2293 1813//2346
f 1778//2291 1747//2242 1748//2243
f 1778//2291 1748//2243 1734//2219
f 1442//1860 1434//1851 1438//1855
f 1778//2291 1734//2219 1728//2210
f 1442//1860 1472//1895 1589//2035
f 1813//2346 1779//2293 1778//2291
f 1778//2291 1728//2210 1724//2204
f 1425//1839 1412//1821 1415//1825
f 1403//1807 1412//1820 1355//1746
f 1425//1838 1355//1746 1412//1820
f 1403//1808 1406//1813 1412//1821
f 1425//1838 1434//1851 1355//1746
f 1724//2204 1719//2195 1705//2176
f 1868//2420 1813//2346 1778//2291
f 1724//2204 1705//2176 1699//2168
f 1355//1746 1384//1783 1392//1793
f 1403//1807 1355//1746 1392//1793
f 1355//1746 1434//1851 1442//1860
f 1699//2168 1700//2169 1691//2157
f 1355//1746 1373//1769 1384//1783
f 1355//1746 1362//1756 1373//1769
f 1699//2168 1691//2157 1682//2143
f 1786//2302 1868//2420 1778//2291
f 1355//1746 1343//1730 1362//1756
f 1682//2143 1669//2129 1670//2130
f 1682//2143 1670//2130 1658//2114
f 1343//1730 1337//1723 1347//1736
f 1682//2143 1658//2114 1659//2115
f 1355//1746 1442//1860 1589//2036
f 1699//2168 1682//2143 1724//2204
f 1343//1730 1322//1705 1337//1723
f 906//1142 905//1141 959//1203
f 906//1142 882//1116 905//1141
f 1659//2115 1629//2083 1590//2038
f 1589//2037 1786//2302 2981//3729
f 1322//1705 1327//1711 1326//1710
f 1322//1705 1311//1691 1327//1711
f 1659//2115 1590//2038 1568//2012
f 1711//2183 1568//2012 1547//1989
f 1711//2183 1659//2116 1568//2012
f 1724//2204 1682//2143 1659//2115
f 1322//1705 1299//1675 1311//1691
f 1711//2183 1547//1989 1527//1967
f 1322//1705 1343//1730 1355//1746
f 1299//1675 1293//1665 1303//1679
f 1503//1936 1527//1967 1502//1935
f 1503//1936 1711//2183 1527//1967
f 1299//1675 1286//1656 1293//1665
f 1299//1675 1322//1705 1355//1746
f 1286//1656 1270//1633 1282//1648
f 1786//2302 1778//2291 1724//2205
f 1503//1936 1483//1911 1464//1886
f 1286//1656 1265//1627 1270//1633
f 1240//1593 1257//1616 1265//1627
f 1240//1593 1265//1627 1286//1656
f 1286//1656 1299//1675 1355//1746
f 1503//1936 1464//1886 1448//1867
f 1240//1593 1248//1604 1257//1616
f 1448//1867 1449//1868 1439//1856
f 1240//1593 1245//1599 1248//1604
f 1240//1593 1234//1585 1245//1599
f 1448//1867 1439//1856 1431//1847
f 1240//1593 1224//1573 1234//1585
f 1503//1936 1448//1867 1711//2183
f 1431//1847 1427//1841 1416//1826
f 1240//1593 1184//1513 1224//1573
f 1240//1593 1286//1656 1184//1513
f 1184//1513 1215//1561 1224//1573
f 1786//2302 1724//2205 1711//2184
f 1431//1847 1416//1826 1413//1822
f 1184//1513 1210//1554 1215//1561
f 1210//1554 1192//1529 1203//1546
f 1413//1822 1407//1814 1394//1795
f 1724//2205 1659//2115 1711//2183
f 1210//1554 1172//1496 1192//1529
f 1413//1822 1394//1795 1395//1796
f 1431//1847 1413//1822 1448//1867
f 1184//1513 1286//1656 1355//1746
f 1172//1496 1171//1495 1181//1508
f 1711//2184 2981//3729 1786//2302
f 1395//1796 1385//1784 1375//1771
f 1172//1496 1155//1474 1171//1495
f 1395//1796 1375//1771 1376//1772
f 1448//1867 1413//1822 1474//1897
f 1413//1822 1395//1796 1474//1897
f 1474//1897 1395//1796 1376//1772
f 1474//1897 1376//1772 1366//1760
f 1172//1496 1210//1554 1184//1513
f 1155//1474 1151//1469 1159//1479
f 1474//1897 1366//1760 1348//1737
f 1155//1474 1146//1463 1151//1469
f 1474//1897 1348//1737 1338//1724
f 1146//1463 1127//1438 1138//1453
f 1474//1897 1338//1724 1328//1712
f 987//1245 1116//1424 1127//1438
f 987//1245 1127//1438 1146//1463
f 987//1245 1155//1474 1172//1497
f 1146//1463 1155//1474 987//1245
f 1474//1897 1328//1712 1314//1694
f 987//1245 1106//1410 1116//1424
f 1474//1897 1314//1694 1307//1684
f 1711//2183 1448//1867 1474//1897
f 1084//1382 1106//1410 987//1245
f 1084//1382 1096//1398 1106//1410
f 1307//1684 1304//1680 1294//1667
f 1589//2037 1184//1514 1355//1747
f 1307//1684 1294//1667 1287//1657
f 1084//1382 1076//1372 1087//1386
f 1287//1657 1279//1645 1271//1634
f 1084//1382 1065//1354 1076//1372
f 1287//1657 1271//1634 1267//1629
f 1065//1354 1060//1348 1071//1364
f 1287//1657 1267//1629 1272//1636
f 1272//1636 1267//1629 1258//1617
f 1307//1684 1287//1657 1474//1897
f 1272//1636 1258//1617 1249//1605
f 1681//2142 1230//1580 1426//1840
f 1065//1354 1048//1333 1060//1348
f 1681//2142 2988//3736 1230//1580
f 1065//1354 1084//1382 987//1245
f 987//1245 1172//1497 1184//1513
f 1048//1333 1042//1323 1051//1337
f 1287//1657 1272//1636 1474//1897
f 1589//2037 2981//3729 1184//1514
f 1048//1333 1039//1318 1042//1323
f 1272//1636 1235//1586 1225//1574
f 1039//1318 1023//1295 1032//1309
f 1272//1636 1225//1574 1219//1567
f 1039//1318 1016//1284 1023//1295
f 987//1245 1011//1277 1016//1284
f 987//1245 1016//1284 1039//1319
f 1272//1636 1219//1567 1204//1547
f 1039//1318 1048//1333 1065//1354
f 987//1245 1003//1266 1011//1277
f 1272//1636 1204//1547 1185//1517
f 1185//1517 1204//1547 1193//1530
f 987//1245 986//1244 1003//1266
f 987//1245 968//1217 986//1244
f 1185//1517 1182//1509 1173//1498
f 987//1245 955//1198 968//1217
f 1185//1517 1173//1498 1166//1488
f 1367//1761 1363//1757 2977//3725
f 987//1245 917//1153 955//1198
f 1039//1318 1065//1354 987//1245
f 1364//1758 1363//1757 2978//3726
f 1367//1761 2979//3727 1363//1757
f 1364//1758 2980//3728 1363//1757
f 1166//1487 1161//1481 1152//1470
f 917//1153 892//1127 916//1152
f 1711//2184 1474//1898 2981//3729
f 1166//1487 1152//1470 1143//1459
f 917//1153 831//1062 892//1127
f 1143//1459 1139//1454 1129//1440
f 831//1062 812//1039 855//1087
f 917//1153 987//1245 831//1062
f 1474//1897 1272//1636 1185//1517
f 1143//1459 1129//1440 1123//1432
f 831//1062 784//1007 812//1039
f 1143//1459 1123//1432 1133//1445
f 1133//1445 1123//1432 1117//1425
f 1133//1445 1117//1425 1109//1413
f 784//1007 773//991 783//1006
f 1166//1487 1143//1459 1185//1517
f 1133//1445 1109//1413 1108//1412
f 784//1007 759//972 773//991
f 1133//1445 1108//1412 1099//1402
f 1133//1445 1099//1402 1088//1387
f 759//972 758//970 769//986
f 759//972 752//962 758//970
f 1133//1445 1088//1387 1077//1373
f 785//1008 746//955 752//962
f 785//1008 752//962 759//972
f 785//1008 735//942 746//955
f 1133//1445 1077//1373 1073//1368
f 759//972 784//1007 831//1062
f 785//1008 729//934 735//942
f 1133//1445 1073//1368 1064//1353
f 785//1008 717//919 729//934
f 1133//1445 1064//1353 1052//1338
f 709//909 717//919 785//1008
f 1133//1445 1052//1338 1055//1342
f 1055//1342 1052//1338 1043//1324
f 759//972 831//1062 987//1245
f 1184//1514 785//1009 987//1246
f 709//909 785//1008 698//893
f 690//881 698//893 785//1008
f 690//882 699//896 698//894
f 1055//1342 1033//1310 1024//1296
f 690//882 680//867 691//884
f 1055//1342 1024//1296 1018//1286
f 690//881 659//837 680//866
f 659//837 673//857 680//866
f 1185//1517 1143//1459 1133//1445
f 659//837 667//847 673//857
f 690//881 785//1008 659//837
f 1018//1286 1014//1281 1004//1267
f 1018//1286 1004//1267 1028//1302
f 659//837 650//823 660//839
f 1028//1302 988//1247 969//1218
f 659//837 639//806 650//823
f 759//973 987//1245 785//1008
f 1028//1302 969//1218 962//1207
f 639//806 631//795 638//805
f 962//1207 956//1199 919//1155
f 639//806 632//796 631//795
f 639//806 615//774 632//796
f 2981//3729 785//1009 1184//1514
f 615//774 623//786 632//796
f 615//774 614//772 623//786
f 962//1207 919//1155 918//1154
f 893//1128 962//1207 918//1154
f 615//774 602//754 616//776
f 1018//1286 1028//1302 1055//1342
f 893//1128 856//1088 881//1115
f 881//1115 856//1088 813//1040
f 615//774 594//744 602//754
f 881//1115 813//1040 786//1010
f 615//774 595//745 594//744
f 893//1128 881//1115 962//1207
f 568//709 583//729 595//745
f 568//709 584//730 583//729
f 881//1115 778//1000 770//987
f 615//774 639//806 659//838
f 881//1115 770//987 760//974
f 568//709 569//710 567//708
f 881//1115 760//974 753//963
f 568//709 570//711 569//710
f 753//963 747//956 736//943
f 570//711 549//682 571//712
f 753//963 736//943 774//993
f 570//711 551//684 549//682
f 1185//1517 1133//1446 1072//1366
f 774//993 730//935 718//920
f 551//684 552//686 550//683
f 1028//1302 962//1208 1072//1366
f 962//1207 881//1115 1072//1366
f 1474//1898 1185//1518 1072//1366
f 774//993 718//920 711//911
f 551//684 553//687 552//686
f 551//684 585//731 553//687
f 555//691 553//687 585//731
f 555//692 554//690 553//688
f 711//911 710//910 700//897
f 711//911 700//897 693//886
f 555//692 557//696 556//694
f 555//691 585//731 557//695
f 585//731 558//697 557//695
f 585//731 559//698 558//697
f 693//886 692//885 682//871
f 1133//1445 1055//1342 1028//1303
f 693//886 682//871 674//858
f 585//731 560//699 559//698
f 693//886 674//858 681//869
f 585//731 561//700 560//699
f 595//745 615//774 568//709
f 585//731 562//701 561//700
f 681//869 668//849 662//841
f 1426//1840 1230//1580 2988//3736
f 681//869 662//841 652//825
f 574//715 572//713 562//701
f 574//715 562//701 585//731
f 681//869 652//825 661//840
f 661//840 652//825 651//824
f 574//715 573//714 572//713
f 661//840 651//824 647//817
f 574//715 586//734 575//717
f 661//840 633//797 626//789
f 725//928 596//746 586//734
f 574//715 725//928 586//734
f 661//840 626//789 625//788
f 661//840 625//788 624//787
f 725//928 597//747 596//746
f 661//840 624//787 617//778
f 725//928 603//755 597//747
f 661//840 617//778 725//928
f 725//928 617//778 603//755
f 2982//3730 2984//3732 2983//3731
f 2985//3733 2986//3734 2987//3735
f 881//1115 753//963 774//993
f 1072//1366 881//1115 774//993
f 570//711 568//709 551//684
f 1474//1898 1072//1366 2981//3729
f 1133//1445 1028//1304 1072//1366
f 2989//3737 2991//3739 2990//3738
f 2992//3740 2993//3741 2994//3742
f 711//911 693//886 774//993
f 693//886 681//869 774//993
f 681//869 661//840 725//928
f 551//685 568//709 615//774
f 1072//1366 774//995 681//870
f 574//715 585//731 725//928
f 2981//3729 1072//1367 785//1009
f 551//685 615//774 585//731
f 615//775 659//838 585//732
f 585//732 659//838 785//1008
f 2329//3036 2328//3035 2322//3028
f 2995//3743 2997//3745 2996//3744
f 2329//3036 2298//2999 2316//3020
f 2322//3028 2334//3041 2342//3050
f 2298//2999 2305//3007 2310//3012
f 2342//3050 2341//3049 2343//3051
f 2305//3007 2293//2993 2297//2997
f 2343//3051 2349//3060 2358//3070
f 2262//2951 2277//2971 2286//2984
f 2293//2993 2262//2951 2286//2984
f 2358//3070 2357//3069 2369//3082
f 2369//3082 2368//3081 2359//3071
f 2262//2951 2257//2946 2265//2954
f 2359//3071 2370//3084 2383//3098
f 2257//2946 2266//2955 2256//2944
f 2383//3098 2384//3099 2344//3054
f 2266//2955 2230//2913 2245//2930
f 1072//1366 681//870 725//929
f 2344//3054 2385//3101 2371//3085
f 2230//2913 2235//2919 2239//2923
f 2371//3085 2386//3102 2387//3103
f 2305//3007 2298//2999 2293//2993
f 2235//2919 2225//2908 2229//2912
f 2387//3103 2388//3104 2360//3072
f 2225//2908 2210//2886 2220//2900
f 2360//3072 2389//3105 2372//3086
f 2383//3098 2344//3054 2359//3071
f 2210//2886 2208//2884 2212//2889
f 2372//3086 2373//3087 2374//3088
f 2208//2884 2200//2876 2205//2881
f 2191//2867 2194//2870 2200//2876
f 2374//3088 2375//3089 2317//3021
f 2186//2860 2185//2859 2191//2867
f 2317//3021 2361//3073 2362//3075
f 2298//2999 2329//3036 2322//3028
f 2187//2861 2177//2851 2186//2860
f 2343//3051 2358//3070 2369//3082
f 2362//3075 2350//3061 2351//3062
f 2998//3746 3000//3748 2999//3747
f 2266//2955 2257//2946 2262//2951
f 2351//3062 2345//3056 2317//3021
f 2317//3021 2345//3056 2335//3042
f 2187//2861 2165//2838 2169//2842
f 2187//2861 2158//2830 2165//2838
f 2362//3075 2351//3062 2317//3021
f 2317//3021 2335//3042 2330//3037
f 2187//2861 2154//2826 2158//2830
f 2225//2908 2235//2919 2230//2913
f 2371//3085 2387//3103 2360//3072
f 3001//3749 3002//3750 3003//3751
f 2317//3021 2330//3037 2323//3029
f 2154//2826 2136//2803 2148//2819
f 2360//3072 2372//3086 2374//3088
f 2200//2876 2208//2884 2210//2886
f 2299//3000 2323//3029 2318//3023
f 2154//2826 2143//2813 2136//2803
f 2129//2795 2128//2794 2143//2813
f 2300//3001 2299//3000 2306//3008
f 2187//2861 2186//2860 2191//2867
f 2129//2795 2099//2750 2109//2763
f 2287//2985 2300//3001 2301//3002
f 2087//2728 2092//2740 2099//2750
f 2268//2960 2287//2985 2288//2986
f 725//929 585//732 1072//1366
f 2077//2712 2080//2717 2087//2728
f 2298//2999 2322//3028 2342//3050
f 2262//2951 2293//2993 2298//2999
f 2070//2702 2066//2697 2077//2712
f 785//1009 1072//1366 585//733
f 2268//2960 2267//2958 2258//2947
f 2070//2702 2047//2665 2054//2674
f 2077//2712 2087//2728 2070//2702
f 2344//3054 2371//3085 2360//3072
f 2070//2702 2041//2656 2047//2665
f 2225//2908 2230//2913 2210//2886
f 2210//2886 2230//2913 2266//2955
f 2070//2702 2058//2681 2041//2656
f 2258//2947 2259//2948 2247//2932
f 2298//2999 2342//3050 2343//3051
f 2287//2985 2268//2960 2300//3001
f 2369//3082 2359//3071 2344//3054
f 2058//2681 2026//2636 2030//2640
f 2087//2728 2099//2750 2129//2795
f 2247//2932 2246//2931 2240//2925
f 3004//3752 3005//3753 3006//3754
f 2360//3072 2374//3088 2317//3021
f 2191//2867 2200//2876 2210//2886
f 2026//2636 2012//2614 2018//2624
f 2240//2925 2241//2926 2231//2915
f 2012//2614 1981//2576 2005//2606
f 2266//2955 2262//2951 2298//2999
f 2231//2915 2232//2916 2221//2901
f 2058//2681 2070//2702 2087//2728
f 3007//3755 3008//3756 3009//3757
f 1981//2576 1989//2587 1993//2593
f 2268//2960 2258//2947 2247//2932
f 1985//2583 1980//2575 1989//2587
f 2221//2901 2222//2902 2213//2892
f 1982//2577 1697//2165 1843//2384
f 1992//2590 1942//2516 1985//2583
f 2143//2813 2154//2826 2187//2861
f 2317//3021 2323//3029 2299//3000
f 2213//2892 2214//2893 2198//2874
f 2187//2861 2191//2867 2210//2886
f 1981//2576 2012//2614 2026//2636
f 1992//2590 1817//2353 1877//2434
f 2198//2874 2202//2878 2195//2871
f 2231//2915 2221//2901 2240//2925
f 1992//2590 1767//2270 1817//2353
f 2198//2874 2195//2871 2188//2864
f 2240//2925 2221//2901 2213//2892
f 2100//2751 1738//2224 3010//3758
f 1992//2590 1722//2201 1767//2270
f 1722//2201 1737//2223 1767//2270
f 2188//2864 2189//2865 2178//2852
f 2344//3054 2360//3072 2317//3021
f 1992//2590 1985//2583 1989//2587
f 2213//2892 2198//2874 2188//2864
f 2178//2852 2179//2853 2170//2843
f 2087//2728 2129//2795 2143//2813
f 1722//2201 1677//2137 1701//2170
f 1359//1752 1738//2224 2100//2751
f 2268//2960 2247//2932 2240//2925
f 2299//3000 2300//3001 2268//2960
f 1309//1687 2298//2999 2343//3052
f 2266//2955 2298//2999 1309//1687
f 1807//2338 1697//2165 1982//2577
f 2178//2852 2170//2843 2155//2827
f 2317//3021 2299//3000 1309//1687
f 1677//2137 2960//3708 1662//2120
f 1359//1753 1787//2303 1738//2225
f 1677//2137 1487//1918 2960//3708
f 1982//2577 1843//2384 1787//2304
f 2155//2827 2159//2831 2144//2815
f 1710//2182 3010//3758 1807//2339
f 1710//2182 3011//3759 3010//3758
f 1446//1865 3011//3759 1807//2339
f 1710//2182 1807//2339 3011//3759
f 1309//1687 2343//3051 2369//3083
f 2187//2861 2210//2886 2266//2955
f 1499//1932 1498//1931 1487//1918
f 2144//2815 2149//2820 2138//2806
f 1807//2338 1402//1806 1697//2165
f 3010//3758 1738//2224 1807//2339
f 1446//1865 1807//2339 1611//2061
f 1807//2339 1320//1702 1611//2061
f 1738//2224 1320//1702 1807//2339
f 1445//1864 1453//1872 1499//1932
f 2087//2728 2143//2813 2187//2861
f 1424//1837 1423//1836 1445//1864
f 2138//2806 2137//2805 2123//2788
f 1309//1687 2369//3082 2344//3054
f 2178//2852 2155//2827 2144//2815
f 1981//2576 2026//2636 2058//2681
f 1992//2590 1989//2587 1981//2576
f 2123//2788 2130//2796 2105//2759
f 1424//1837 1388//1788 1400//1803
f 2268//2960 2240//2925 2213//2892
f 1424//1837 1370//1765 1388//1788
f 1309//1687 2299//3000 2268//2960
f 2105//2759 2106//2760 2111//2767
f 1424//1837 1361//1755 1370//1765
f 2058//2683 2087//2730 1309//1687
f 1611//2061 1320//1702 1446//1865
f 1445//1864 1499//1932 1487//1918
f 1361//1755 1342//1729 1341//1728
f 2111//2767 2093//2741 2072//2705
f 1342//1729 1324//1708 1318//1699
f 1446//1865 1419//1829 3012//3760
f 2061//2689 2072//2705 2067//2698
f 1324//1708 1283//1649 1292//1664
f 1992//2590 1981//2576 2058//2681
f 2123//2788 2105//2759 2111//2767
f 1283//1649 1239//1592 1263//1625
f 1446//1865 1320//1702 1419//1829
f 2052//2672 2061//2689 2055//2677
f 2213//2892 2188//2864 2178//2852
f 1342//1729 1361//1755 1424//1837
f 3012//3761 1697//2165 1402//1806
f 1487//1918 1677//2137 1722//2201
f 1283//1649 1243//1597 1239//1592
f 2344//3055 2317//3021 1309//1687
f 2087//2730 2187//2863 1309//1687
f 2036//2650 2052//2672 2042//2657
f 1208//1552 1213//1558 1243//1597
f 2213//2892 2178//2852 2144//2815
f 2187//2863 2266//2957 1309//1687
f 1200//1542 1189//1525 1208//1552
f 2111//2767 2072//2705 2061//2689
f 1992//2592 2058//2683 1309//1687
f 2036//2650 2031//2643 1998//2598
f 1208//1552 1243//1597 1200//1542
f 1200//1542 1149//1467 1164//1485
f 2268//2960 2213//2892 1309//1687
f 1998//2598 2019//2625 2006//2607
f 1149//1467 1195//1534 1137//1452
f 1843//2384 1697//2165 1591//2039
f 2061//2689 2052//2672 2036//2650
f 1998//2598 2006//2607 1994//2594
f 2138//2806 2123//2788 2111//2767
f 1195//1535 1104//1408 1115//1422
f 1697//2165 3012//3761 1591//2039
f 1419//1829 1320//1702 3012//3760
f 1445//1864 1487//1918 1722//2201
f 1998//2598 1994//2594 1978//2573
f 1104//1408 1085//1383 1094//1396
f 1324//1708 1342//1729 1424//1837
f 1085//1383 1063//1352 1068//1359
f 1738//2226 3014//3764 1320//1702
f 1978//2573 1983//2579 1959//2539
f 1794//2318 1992//2592 1309//1687
f 1195//1534 1149//1467 1200//1542
f 1063//1352 1047//1329 1046//1328
f 2213//2892 2144//2815 2138//2806
f 1959//2539 2814//3562 1900//2463
f 1445//1864 1722//2201 1794//2318
f 1085//1383 1104//1408 1195//1536
f 829//1058 997//1257 1047//1329
f 829//1058 945//1186 997//1257
f 1781//2295 2814//3562 1824//2362
f 1781//2295 1900//2463 2814//3562
f 829//1058 2938//3686 945//1186
f 1047//1329 1063//1352 1085//1383
f 1200//1542 1243//1597 1283//1649
f 1982//2578 1787//2305 3013//3762
f 1424//1837 1445//1864 1794//2318
f 1781//2295 1773//2279 1741//2231
f 1722//2201 1992//2590 1794//2318
f 1978//2573 1959//2539 1900//2463
f 829//1058 776//997 2938//3686
f 2061//2689 2036//2650 1998//2598
f 1741//2231 1742//2232 1713//2186
f 1195//1536 1200//1542 1283//1649
f 2213//2892 2138//2807 1309//1688
f 829//1058 722//924 743//951
f 1309//1687 2138//2807 2111//2768
f 1324//1708 1424//1837 1283//1649
f 1787//2306 3014//3764 1738//2224
f 1713//2186 1708//2180 1614//2065
f 722//924 686//875 707//906
f 1900//2463 1781//2295 1741//2231
f 686//875 687//877 670//852
f 3013//3763 1787//2304 1255//1613
f 1359//1752 1255//1614 1787//2306
f 687//877 600//751 628//791
f 1283//1649 1424//1837 1794//2318
f 1843//2384 1591//2039 1787//2304
f 1614//2065 1570//2014 1515//1953
f 600//751 484//586 579//723
f 479//581 510//632 484//586
f 1515//1953 1505//1938 1174//1499
f 1713//2186 1614//2065 1741//2231
f 686//875 722//924 829//1058
f 483//585 478//580 479//581
f 687//877 686//875 829//1058
f 470//571 467//568 483//585
f 1787//2304 3015//3766 1255//1613
f 1085//1383 1195//1534 1047//1329
f 458//557 452//550 470//571
f 1998//2598 1978//2573 1900//2463
f 484//586 600//751 687//877
f 1614//2065 1515//1953 1174//1499
f 458//557 436//530 435//529
f 1787//2304 1591//2039 3015//3766
f 1787//2306 1255//1614 3014//3764
f 436//530 415//504 425//517
f 470//571 483//585 479//581
f 415//504 404//492 412//501
f 404//492 394//482 400//488
f 1195//1536 1283//1649 1794//2318
f 436//530 458//557 470//571
f 394//482 437//533 389//474
f 1091//1391 1255//1614 1359//1752
f 368//445 379//459 437//533
f 367//444 366//443 368//445
f 1309//1687 2111//2768 2061//2689
f 415//504 436//530 470//571
f 357//434 356//433 367//444
f 470//571 479//581 484//586
f 1900//2463 1741//2231 1614//2065
f 357//434 335//409 346//422
f 1174//1499 1220//1568 1206//1550
f 437//533 394//482 404//492
f 335//409 330//400 334//408
f 1006//1269 484//586 687//877
f 330//400 318//387 321//391
f 2061//2689 1998//2598 1900//2463
f 1206//1550 1158//1478 1174//1499
f 318//387 310//377 309//376
f 1900//2463 1614//2065 1174//1499
f 1255//1614 1091//1392 3014//3764
f 3013//3763 1255//1613 3015//3766
f 310//377 291//355 299//365
f 470//571 484//586 1006//1269
f 310//377 331//403 291//355
f 335//409 357//434 367//444
f 331//403 277//337 282//344
f 437//533 404//492 415//504
f 271//330 267//325 277//337
f 331//402 271//330 277//337
f 318//387 330//400 335//409
f 259//316 258//315 271//330
f 415//504 470//571 1006//1269
f 244//299 247//302 259//316
f 310//377 318//387 335//409
f 251//307 236//287 244//299
f 1174//1499 1158//1478 958//1202
f 331//403 310//377 335//409
f 251//307 217//263 224//271
f 3017//3768 3018//3769 3019//3770
f 1091//1391 1179//1505 3014//3765
f 3020//3771 3022//3773 3021//3772
f 217//263 210//255 213//258
f 210//255 196//236 200//242
f 958//1202 959//1203 905//1141
f 196//236 197//238 191//231
f 3029//3780 3016//3767 476//578
f 905//1141 882//1116 798//1023
f 174//205 170//200 197//238
f 244//299 259//316 271//330
f 764//979 905//1141 798//1023
f 764//979 798//1023 780//1002
f 1006//1269 1047//1332 1195//1536
f 166//195 160//188 174//205
f 438//534 476//578 3024//3775
f 251//307 244//299 271//330
f 2061//2690 1900//2464 1309//1688
f 155//182 147//173 166//195
f 738//946 764//979 750//960
f 367//444 368//445 335//409
f 335//410 368//445 437//533
f 1091//1391 3031//3782 1179//1505
f 1006//1269 1195//1537 1794//2318
f 1006//1269 687//877 829//1058
f 143//169 137//161 155//182
f 684//873 738//946 714//916
f 210//255 217//263 251//307
f 3025//3776 3026//3777 3027//3778
f 3016//3767 476//578 438//534
f 829//1060 1047//1332 1006//1269
f 143//169 120//140 131//154
f 120//140 119//139 131//154
f 1900//2464 1174//1500 1309//1688
f 684//873 677//862 607//762
f 3024//3775 476//578 3016//3767
f 3030//3781 441//537 3029//3780
f 476//578 3030//3781 3029//3780
f 197//238 196//236 210//255
f 607//761 635//800 599//750
f 120//140 105//122 111//128
f 1091//1391 3028//3779 1030//1307
f 3031//3782 3014//3764 1179//1505
f 105//122 96//111 104//121
f 599//750 590//739 534//662
f 96//111 87//101 97//112
f 480//582 534//662 516//640
f 480//582 516//640 481//583
f 166//195 174//205 197//238
f 3016//3767 3030//3781 476//578
f 87//101 112//131 88//102
f 958//1202 905//1141 764//979
f 112//129 76//89 75//87
f 480//582 468//569 456//555
f 441//537 3037//3788 3029//3780
f 76//89 60//71 77//90
f 1091//1391 1030//1307 3038//3789
f 60//71 98//113 61//72
f 456//555 453//551 443//540
f 764//979 738//946 684//873
f 120//140 143//169 155//182
f 98//113 63//75 62//73
f 1030//1307 3028//3779 3038//3789
f 456//555 443//540 423//514
f 423//514 443//540 439//535
f 3032//3783 3034//3785 3033//3784
f 197//238 210//255 251//307
f 63//75 89//104 64//76
f 437//533 415//504 1006//1269
f 423//514 426//518 416//506
f 89//104 66//78 65//77
f 423//514 416//506 408//497
f 408//497 416//506 413//502
f 66//78 68//80 67//79
f 3030//3781 3037//3788 441//537
f 68//80 79//92 78//91
f 408//497 402//490 395//483
f 80//93 81//94 79//92
f 599//750 534//662 607//762
f 408//497 395//483 376//455
f 376//455 395//483 390//476
f 80//93 91//106 90//105
f 87//101 96//111 105//122
f 376//455 380//461 364//441
f 251//307 271//330 331//403
f 91//106 106//123 99//115
f 3045//3801 3035//3786 728//933
f 364//441 369//446 359//436
f 112//131 87//101 105//122
f 91//106 113//132 106//123
f 607//762 534//662 480//582
f 3035//3786 620//782 728//933
f 359//436 358//435 352//428
f 620//782 728//933 3036//3787
f 91//106 121//141 113//132
f 352//428 347//423 339//414
f 121//141 126//148 122//142
f 339//414 336//411 326//396
f 126//148 181//218 132//155
f 60//71 76//89 112//131
f 181//218 149//175 138//162
f 326//396 322//392 314//381
f 149//175 162//190 150//176
f 314//381 311//378 300//366
f 98//113 60//71 112//131
f 162//190 148//174 161//189
f 314//381 300//366 292//357
f 278//338 292//357 293//358
f 148//174 175//206 171//201
f 233//283 182//220 175//206
f 233//283 175//206 148//174
f 278//338 283//346 272//331
f 193//233 192//232 233//283
f 278//338 272//331 263//320
f 193//233 205//248 201//243
f 480//582 456//555 423//514
f 249//304 263//320 260//317
f 205//248 218//264 214//259
f 241//294 249//304 248//303
f 218//264 228//276 225//272
f 228//276 241//294 237//289
f 89//104 63//75 98//113
f 359//436 352//428 364//441
f 68//80 66//78 89//104
f 162//190 149//175 148//174
f 3039//3790 455//553 3042//3797
f 105//122 120//140 155//182
f 80//93 79//92 68//80
f 423//514 408//497 376//455
f 3036//3787 728//933 834//1065
f 3045//3801 728//933 713//914
f 728//933 620//782 834//1065
f 728//933 620//782 713//914
f 834//1065 620//782 713//914
f 958//1202 764//979 684//873
f 427//519 401//489 462//562
f 364//441 352//428 339//414
f 376//455 364//441 339//414
f 181//218 126//148 121//141
f 339//414 326//396 314//381
f 155//182 166//195 197//238
f 148//174 149//175 181//218
f 3049//3805 442//538 464//564
f 292//357 278//338 263//320
f 205//248 193//233 233//283
f 263//320 249//304 241//294
f 228//276 218//264 205//248
f 241//294 228//276 205//248
f 3040//3793 857//1089 3041//3795
f 833//1064 3040//3794 834//1065
f 833//1064 857//1090 3040//3794
f 268//326 480//582 423//514
f 197//238 251//307 232//280
f 3043//3799 857//1090 834//1065
f 833//1064 834//1065 857//1090
f 464//564 442//538 3042//3798
f 464//565 3039//3791 442//539
f 3044//3800 401//489 427//519
f 607//762 480//582 268//326
f 331//403 335//410 437//533
f 3044//3800 427//519 462//562
f 112//129 105//122 155//182
f 91//106 80//93 68//80
f 464//564 3042//3798 455//554
f 3039//3792 464//564 455//554
f 3049//3806 464//565 442//539
f 607//762 958//1202 684//873
f 713//914 620//782 3049//3805
f 834//1065 3045//3801 713//914
f 3046//3802 3047//3803 3048//3804
f 91//106 68//80 89//104
f 834//1065 713//914 3049//3805
f 3049//3805 834//1065 713//914
f 3049//3805 464//564 3039//3792
f 3049//3806 3039//3791 464//565
f 713//915 3049//3806 620//783
f 314//381 292//357 263//320
f 232//280 251//307 331//403
f 155//182 197//238 232//280
f 121//141 91//106 181//218
f 112//131 155//182 232//280
f 376//455 339//414 314//382
f 314//381 263//320 241//294
f 91//106 89//104 98//113
f 268//326 423//515 376//455
f 233//283 148//174 181//218
f 232//280 91//106 98//113
f 3050//3807 3052//3809 3051//3808
f 3053//3810 3055//3812 3054//3811
f 3056//3813 3057//3814 3058//3815
f 1174//1499 958//1202 607//762
f 331//403 437//533 1006//1269
f 1006//1269 232//280 331//404
f 314//383 241//294 268//326
f 3059//3816 3061//3818 3060//3817
f 3062//3819 3063//3820 3064//3821
f 232//280 98//113 112//131
f 1309//1687 1513//1950 1794//2318
f 268//326 205//249 233//284
f 241//296 205//250 268//326
f 181//218 91//106 232//280
f 3065//3822 3066//3823 3067//3824
f 3068//3825 3070//3827 3069//3826
f 3071//3828 3072//3829 3073//3830
f 3074//3831 3076//3833 3075//3832
f 3077//3834 3078//3835 3079//3836
f 376//456 314//382 268//326
f 3080//3837 3081//3838 3082//3839
f 1374//1770 1664//2122 1473//1896
f 1309//1689 3041//3796 1513//1950
f 233//284 181//218 268//326
f 1473//1896 1266//1628 1374//1770
f 1309//1688 1174//1500 268//327
f 3084//3841 3083//3840 1393//1794
f 1174//1500 607//763 268//326
f 232//280 268//327 181//219
f 3084//3841 1393//1794 3085//3842
f 1473//1896 1664//2122 1266//1628
f 1393//1794 3083//3840 3085//3842
f 1664//2122 1312//1692 1266//1628
f 1356//1748 1241//1594 1169//1492
f 1513//1950 1006//1270 1794//2318
f 3083//3840 1313//1693 3085//3842
f 1664//2122 3085//3842 1312//1692
f 3041//3796 1309//1688 268//327
f 1128//1439 1365//1759 1156//1475
f 3083//3840 1274//1639 1313//1693
f 1313//1693 1274//1639 3085//3842
f 947//1188 3023//3774 1017//1285
f 3085//3842 1266//1628 1312//1692
f 3087//3844 1169//1492 1241//1594
f 3086//3843 3090//3847 1160//1480
f 1122//1431 3086//3843 1160//1480
f 3087//3844 1241//1594 1356//1748
f 1122//1431 1160//1480 3090//3847
f 3089//3846 1121//1430 1142//1458
f 1107//1411 1156//1475 1365//1759
f 3023//3774 3088//3845 1017//1285
f 3089//3846 3088//3845 1121//1430
f 1121//1430 3088//3845 1142//1458
f 1107//1411 1128//1439 1156//1475
f 3090//3848 930//1168 1027//1300
f 268//327 232//281 1006//1270
f 1017//1285 930//1168 947//1188
f 3088//3845 1027//1300 1017//1285
f 3088//3845 3090//3847 1027//1301
f 1017//1285 1027//1301 930//1169
f 1513//1950 268//327 1006//1270
f 3041//3796 268//327 1513//1950
