# B4-Symbol.obj
# Valve Steam Controller (2015) CAD, CC BY-NC-SA 4.0
v 22.2499 -3.4500 -4.8759
v 22.2276 -3.4500 -5.2554
v 22.1612 -3.4500 -5.6298
v 22.0515 -3.4500 -5.9938
v 21.9001 -3.4500 -6.3425
v 21.7090 -3.4500 -6.6712
v 21.4808 -3.4500 -6.9753
v 21.2186 -3.4500 -7.2506
v 20.9261 -3.4500 -7.4935
v 20.6072 -3.4500 -7.7005
v 20.2664 -3.4500 -7.8689
v 19.9082 -3.4500 -7.9963
v 19.5375 -3.4500 -8.0810
v 19.1595 -3.4500 -8.1219
v 18.7794 -3.4500 -8.1183
v 18.4022 -3.4500 -8.0703
v 18.0332 -3.4500 -7.9787
v 17.6775 -3.4500 -7.8445
v 17.3398 -3.4500 -7.6698
v 17.0249 -3.4500 -7.4568
v 16.7370 -3.4500 -7.2085
v 16.4856 -3.4500 -6.9350
v 16.2671 -3.4500 -6.6346
v 16.0842 -3.4500 -6.3113
v 15.9395 -3.4500 -5.9691
v 15.8347 -3.4500 -5.6128
v 15.7713 -3.4500 -5.2467
v 15.7501 -3.4500 -4.8759
v 15.7737 -3.4500 -4.4841
v 15.8445 -3.4500 -4.0981
v 15.9612 -3.4500 -3.7234
v 16.1223 -3.4500 -3.3656
v 16.3253 -3.4500 -3.0297
v 16.5674 -3.4500 -2.7208
v 16.8449 -3.4500 -2.4433
v 17.1538 -3.4500 -2.2012
v 17.4897 -3.4500 -1.9982
v 17.8475 -3.4500 -1.8372
v 18.2222 -3.4500 -1.7204
v 18.6082 -3.4500 -1.6497
v 19.0000 -3.4500 -1.6260
v 19.3917 -3.4500 -1.6497
v 19.7777 -3.4500 -1.7204
v 20.1524 -3.4500 -1.8372
v 20.5103 -3.4500 -1.9982
v 20.8461 -3.4500 -2.2012
v 21.1550 -3.4500 -2.4433
v 21.4325 -3.4500 -2.7208
v 21.6746 -3.4500 -3.0297
v 21.8776 -3.4500 -3.3656
v 22.0387 -3.4500 -3.7234
v 22.1554 -3.4500 -4.0981
v 22.2262 -3.4500 -4.4841
v 17.0000 -3.4500 -4.8759
v 17.0384 -3.4500 -4.4857
v 17.1522 -3.4500 -4.1105
v 17.3370 -3.4500 -3.7647
v 17.5857 -3.4500 -3.4617
v 17.8888 -3.4500 -3.2129
v 18.2346 -3.4500 -3.0281
v 18.6098 -3.4500 -2.9143
v 19.0000 -3.4500 -2.8759
v 19.3901 -3.4500 -2.9143
v 19.7653 -3.4500 -3.0281
v 20.1111 -3.4500 -3.2129
v 20.4142 -3.4500 -3.4617
v 20.6629 -3.4500 -3.7647
v 20.8477 -3.4500 -4.1105
v 20.9615 -3.4500 -4.4857
v 21.0000 -3.4500 -4.8759
v 20.9615 -3.4500 -5.2660
v 20.8477 -3.4500 -5.6412
v 20.6629 -3.4500 -5.9870
v 20.4142 -3.4500 -6.2901
v 20.1111 -3.4500 -6.5388
v 19.7653 -3.4500 -6.7236
v 19.3901 -3.4500 -6.8374
v 19.0000 -3.4500 -6.8759
v 18.6098 -3.4500 -6.8374
v 18.2346 -3.4500 -6.7236
v 17.8888 -3.4500 -6.5388
v 17.5857 -3.4500 -6.2901
v 17.3370 -3.4500 -5.9870
v 17.1522 -3.4500 -5.6412
v 17.0384 -3.4500 -5.2660
v 20.8334 -12.9947 -4.8759
v 21.0000 -3.4500 -4.8759
v 17.0000 -3.4500 -4.8759
v 17.0384 -3.4500 -4.4857
v 17.1522 -3.4500 -4.1105
v 17.3370 -3.4500 -3.7647
v 17.5857 -3.4500 -3.4617
v 17.8888 -3.4500 -3.2129
v 18.2346 -3.4500 -3.0281
v 18.6098 -3.4500 -2.9143
v 19.0000 -3.4500 -2.8759
v 19.3901 -3.4500 -2.9143
v 19.7653 -3.4500 -3.0281
v 20.1111 -3.4500 -3.2129
v 20.4142 -3.4500 -3.4617
v 20.6629 -3.4500 -3.7647
v 20.8477 -3.4500 -4.1105
v 20.9615 -3.4500 -4.4857
v 17.1758 -13.5229 -4.8759
v 17.1774 -13.5371 -4.8057
v 20.8328 -13.0027 -4.8359
v 20.7121 -13.1465 -4.2276
v 20.5228 -13.2548 -3.8631
v 20.2635 -13.3638 -3.5563
v 19.9427 -13.4694 -3.3131
v 19.5767 -13.5647 -3.1460
v 19.1848 -13.6437 -3.0632
v 18.7857 -13.7019 -3.0675
v 18.0400 -13.7474 -3.3293
v 17.6918 -13.7308 -3.6097
v 17.4230 -13.6865 -3.9645
v 17.2487 -13.6198 -4.3714
v 17.1970 -12.7177 -4.5172
v 17.3017 -12.7177 -4.1724
v 17.4715 -12.7177 -3.8546
v 17.1794 -11.6879 -4.5137
v 17.7001 -12.7177 -3.5760
v 17.2850 -11.6879 -4.1655
v 17.9787 -12.7177 -3.3474
v 17.4566 -11.6879 -3.8446
v 18.2965 -12.7177 -3.1776
v 17.1618 -10.6582 -4.5102
v 17.6874 -11.6879 -3.5633
v 18.6413 -12.7177 -3.0730
v 17.2684 -10.6582 -4.1586
v 17.9687 -11.6879 -3.3325
v 19.0000 -12.7177 -3.0376
v 17.4416 -10.6582 -3.8346
v 18.2896 -11.6879 -3.1610
v 19.3586 -12.7177 -3.0730
v 17.1442 -9.6284 -4.5067
v 17.6747 -10.6582 -3.5506
v 18.6378 -11.6879 -3.0553
v 19.7034 -12.7177 -3.1776
v 17.2518 -9.6284 -4.1518
v 17.9587 -10.6582 -3.3175
v 19.0000 -11.6879 -3.0197
v 20.0212 -12.7177 -3.3474
v 17.4267 -9.6284 -3.8246
v 18.2827 -10.6582 -3.1443
v 19.3621 -11.6879 -3.0553
v 17.1265 -8.5987 -4.5032
v 20.2998 -12.7177 -3.5760
v 17.6620 -9.6284 -3.5379
v 18.6343 -10.6582 -3.0377
v 19.7103 -11.6879 -3.1610
v 17.2352 -8.5987 -4.1449
v 20.5284 -12.7177 -3.8546
v 17.9487 -9.6284 -3.3026
v 19.0000 -10.6582 -3.0017
v 20.0312 -11.6879 -3.3325
v 17.4117 -8.5987 -3.8147
v 20.6983 -12.7177 -4.1724
v 18.2759 -9.6284 -3.1277
v 19.3656 -10.6582 -3.0377
v 17.1089 -7.5690 -4.4997
v 20.3125 -11.6879 -3.5633
v 17.6493 -8.5987 -3.5252
v 20.8029 -12.7177 -4.5172
v 18.6308 -9.6284 -3.0201
v 19.7172 -10.6582 -3.1443
v 17.2186 -7.5690 -4.1380
v 20.5433 -11.6879 -3.8446
v 17.9387 -8.5987 -3.2877
v 19.0000 -9.6284 -2.9837
v 20.0412 -10.6582 -3.3175
v 17.3968 -7.5690 -3.8047
v 20.7149 -11.6879 -4.1655
v 18.2690 -8.5987 -3.1111
v 19.3691 -9.6284 -3.0201
v 17.0913 -6.5392 -4.4962
v 20.3252 -10.6582 -3.5506
v 17.6366 -7.5690 -3.5125
v 20.8205 -11.6879 -4.5137
v 18.6273 -8.5987 -3.0024
v 19.7241 -9.6284 -3.1277
v 17.2020 -6.5392 -4.1311
v 20.5583 -10.6582 -3.8346
v 17.9288 -7.5690 -3.2727
v 19.0000 -8.5987 -2.9657
v 20.0512 -9.6284 -3.3026
v 17.3819 -6.5392 -3.7947
v 20.7315 -10.6582 -4.1586
v 18.2621 -7.5690 -3.0945
v 19.3726 -8.5987 -3.0024
v 17.0736 -5.5095 -4.4927
v 20.3379 -9.6284 -3.5379
v 17.6239 -6.5392 -3.4998
v 20.8381 -10.6582 -4.5102
v 18.6238 -7.5690 -2.9848
v 19.7309 -8.5987 -3.1111
v 17.1854 -5.5095 -4.1243
v 20.5732 -9.6284 -3.8246
v 17.9188 -6.5392 -3.2578
v 19.0000 -7.5690 -2.9478
v 20.0612 -8.5987 -3.2877
v 17.3669 -5.5095 -3.7847
v 20.7481 -9.6284 -4.1518
v 18.2552 -6.5392 -3.0779
v 19.3761 -7.5690 -2.9848
v 17.0560 -4.4797 -4.4892
v 20.3506 -8.5987 -3.5252
v 17.6112 -5.5095 -3.4871
v 20.8558 -9.6284 -4.5067
v 18.6203 -6.5392 -2.9672
v 19.7378 -7.5690 -3.0945
v 17.1688 -4.4797 -4.1174
v 20.5882 -8.5987 -3.8147
v 17.9088 -5.5095 -3.2428
v 19.0000 -6.5392 -2.9298
v 20.0712 -7.5690 -3.2727
v 17.3520 -4.4797 -3.7747
v 20.7647 -8.5987 -4.1449
v 18.2483 -5.5095 -3.0613
v 19.3796 -6.5392 -2.9672
v 20.3633 -7.5690 -3.5125
v 17.5985 -4.4797 -3.4744
v 20.8734 -8.5987 -4.5032
v 18.6168 -5.5095 -2.9496
v 19.7447 -6.5392 -3.0779
v 20.6031 -7.5690 -3.8047
v 17.8988 -4.4797 -3.2279
v 19.0000 -5.5095 -2.9118
v 20.0811 -6.5392 -3.2578
v 20.7813 -7.5690 -4.1380
v 18.2415 -4.4797 -3.0447
v 19.3831 -5.5095 -2.9496
v 20.3760 -6.5392 -3.4998
v 20.8910 -7.5690 -4.4997
v 18.6133 -4.4797 -2.9319
v 19.7516 -5.5095 -3.0613
v 20.6181 -6.5392 -3.7947
v 19.0000 -4.4797 -2.8938
v 20.0911 -5.5095 -3.2428
v 20.7979 -6.5392 -4.1311
v 19.3866 -4.4797 -2.9319
v 20.3888 -5.5095 -3.4871
v 20.9086 -6.5392 -4.4962
v 19.7584 -4.4797 -3.0447
v 20.6330 -5.5095 -3.7847
v 20.1011 -4.4797 -3.2279
v 20.8145 -5.5095 -4.1243
v 20.4015 -4.4797 -3.4744
v 20.9263 -5.5095 -4.4927
v 20.6480 -4.4797 -3.7747
v 20.8311 -4.4797 -4.1174
v 20.9439 -4.4797 -4.4892
v 19.0208 -15.2757 -4.6953
v 18.8288 -15.3508 -4.3470
v 18.6356 -15.4036 -3.9963
v 18.2468 -15.4442 -3.2888
v 18.1950 -16.4451 -3.3764
v 19.0197 -16.2690 -4.8798
v 18.8155 -16.3462 -4.5075
v 18.6095 -16.4011 -4.1321
v 18.4051 -16.4335 -3.7594
v 18.9524 -15.8599 -4.6751
v 18.5490 -15.8607 -3.9200
v 18.3433 -15.8609 -3.5411
v 18.5132 -16.3281 -3.9397
v 18.3075 -16.3282 -3.5608
v 20.6431 -13.2693 -4.9055
v 20.5085 -13.4422 -4.3047
v 20.1492 -13.6428 -3.7974
v 19.4968 -13.8659 -3.4240
v 18.7460 -14.0089 -3.3861
v 18.0862 -14.0395 -3.6685
v 17.6148 -13.9667 -4.2063
v 17.4277 -13.8200 -4.8846
v 17.5323 -13.6546 -5.5160
v 17.8812 -13.4820 -6.0559
v 18.5158 -13.2975 -6.4529
v 19.2642 -13.1613 -6.5203
v 19.9535 -13.0981 -6.2499
v 20.4489 -13.1252 -5.7007
v 20.6425 -13.2476 -4.9979
v 18.8152 -13.5768 -5.7203
v 18.4402 -13.7055 -5.4703
v 18.8152 -13.5150 -5.8828
v 18.3277 -13.6862 -5.5453
v 17.8152 -13.5444 -5.8953
v 17.8152 -13.6082 -5.7328
v 18.2027 -13.7152 -5.4703
v 17.8152 -13.7844 -5.2078
v 17.8152 -13.8293 -5.0453
v 18.3277 -13.7363 -5.3953
v 18.8152 -13.7851 -5.0578
v 18.8152 -13.7407 -5.2203
v 18.8152 -13.8734 -4.6703
v 18.4402 -13.9600 -4.4203
v 18.8152 -13.8394 -4.8328
v 18.3277 -13.9547 -4.4953
v 17.8152 -13.8780 -4.8453
v 17.8152 -13.9124 -4.6828
v 18.2027 -13.9704 -4.4203
v 17.8152 -13.9924 -4.1578
v 17.8152 -14.0081 -3.9953
v 18.3277 -13.9775 -4.3453
v 18.8152 -13.9682 -4.0078
v 18.8152 -13.9512 -4.1703
v 19.2671 -13.4583 -5.8090
v 20.4258 -13.4649 -4.3611
v 19.2151 -13.6123 -5.3915
v 18.4765 -13.5581 -5.8665
v 19.1320 -13.8345 -4.5602
v 17.6943 -13.6725 -5.5241
v 18.3693 -13.9245 -4.6533
v 19.0785 -13.9460 -3.7051
v 17.6397 -13.8876 -4.7181
v 18.3072 -14.0295 -3.8258
v 20.9022 -14.9242 -2.7372
v 20.8492 -14.9423 -2.6936
v 20.3657 -15.0852 -2.3794
v 19.8247 -15.2065 -2.1645
v 19.3296 -15.2881 -2.0679
v 18.8270 -15.3454 -2.0572
v 18.3315 -15.3778 -2.1321
v 17.8568 -15.3855 -2.2898
v 17.4166 -15.3696 -2.5258
v 17.0229 -15.3315 -2.8337
v 16.6884 -15.2733 -3.2038
v 16.4212 -15.1978 -3.6279
v 16.2313 -15.1090 -4.0926
v 16.1255 -15.0115 -4.5833
v 16.1060 -14.9142 -5.0627
v 16.1510 -14.8319 -5.4599
v 16.3469 -14.6958 -6.0962
v 16.6846 -14.5634 -6.6717
v 17.1457 -14.4367 -7.1554
v 17.6359 -14.3327 -7.4851
v 18.1838 -14.2386 -7.7096
v 18.6821 -14.1676 -7.8109
v 19.1909 -14.1068 -7.8246
v 19.6942 -14.0577 -7.7503
v 20.1761 -14.0221 -7.5908
v 20.6215 -14.0020 -7.3515
v 21.0172 -13.9998 -7.0404
v 21.3517 -14.0170 -6.6678
v 21.6157 -14.0552 -6.2455
v 21.8026 -14.1148 -5.7854
v 21.9075 -14.1954 -5.3007
v 21.9279 -14.2926 -4.8186
v 21.8832 -14.3856 -4.4210
v 21.6893 -14.5580 -3.7881
v 21.3568 -14.7420 -3.2179
v 19.7945 -15.2391 -3.2868
v 19.4082 -15.2910 -3.9905
v 19.0208 -15.2757 -4.6953
v 20.6941 -14.9771 -3.2846
v 20.2313 -15.1225 -3.2858
v 19.4082 -15.0256 -5.5101
v 19.7934 -15.0844 -4.8425
v 20.0123 -15.0855 -4.4637
v 20.2446 -15.0652 -4.0618
v 19.4122 -14.4878 -6.9770
v 19.4100 -14.7861 -6.2543
v 18.5929 -14.5969 -6.9763
v 18.9972 -14.5559 -6.9765
v 18.5983 -15.1495 -5.5049
v 18.5958 -14.9048 -6.2524
v 17.3131 -15.3874 -3.2880
v 17.7031 -15.4101 -3.9584
v 17.9623 -15.3828 -4.4051
v 18.2834 -15.2957 -4.9595
v 18.2468 -15.4442 -3.2888
v 17.7811 -15.4333 -3.2887
v 18.8288 -15.3508 -4.3470
v 18.6356 -15.4036 -3.9963
v 21.0671 -14.3244 -6.1018
v 21.0167 -14.4931 -5.6007
v 19.5617 -14.7419 -6.2841
v 20.9225 -14.7554 -4.5801
v 19.5152 -14.9187 -5.7954
v 20.8388 -14.9117 -3.5379
v 17.5848 -14.8095 -6.4624
v 17.5514 -14.9892 -5.9780
v 19.3420 -15.3186 -3.7851
v 16.5727 -14.7809 -6.0371
v 17.4739 -15.2497 -4.9960
v 19.2613 -15.3398 -2.7393
v 16.4976 -15.0397 -5.0434
v 17.3793 -15.3744 -3.9880
v 18.2645 -15.4324 -2.8682
v 16.3972 -15.1647 -4.0240
v 17.2688 -15.3741 -2.9466
v 19.0197 -16.2690 -4.8798
v 18.8155 -16.3462 -4.5075
v 18.6095 -16.4011 -4.1321
v 18.4051 -16.4335 -3.7594
v 18.1950 -16.4451 -3.3764
v 17.4674 -16.4120 -3.3764
v 17.8365 -16.4186 -4.0119
v 18.0821 -16.3887 -4.4349
v 18.3872 -16.3097 -4.9601
v 18.6883 -16.1845 -5.4786
v 18.6883 -15.9841 -6.1865
v 18.6883 -15.7288 -6.8766
v 19.3139 -15.6517 -6.8766
v 19.3143 -15.9027 -6.1884
v 19.3146 -16.1013 -5.4834
v 19.6796 -16.1558 -4.8517
v 19.8888 -16.1600 -4.4897
v 20.1066 -16.1461 -4.1128
v 20.5321 -16.0739 -3.3764
v 19.8459 -16.2520 -3.3764
v 19.4329 -16.2969 -4.1278
v 19.2229 -16.2929 -4.5100
v 19.1203 -16.1036 -5.6024
v 20.0865 -16.1781 -3.7685
v 20.8492 -14.9423 -2.6936
v 20.3657 -15.0852 -2.3794
v 19.8247 -15.2065 -2.1645
v 19.3296 -15.2881 -2.0679
v 18.8270 -15.3454 -2.0572
v 18.3315 -15.3778 -2.1321
v 17.8568 -15.3855 -2.2898
v 17.4166 -15.3696 -2.5258
v 17.0229 -15.3315 -2.8337
v 16.6884 -15.2733 -3.2038
v 16.4212 -15.1978 -3.6279
v 16.2313 -15.1090 -4.0926
v 16.1255 -15.0115 -4.5833
v 16.1060 -14.9142 -5.0627
v 16.1510 -14.8319 -5.4599
v 16.3469 -14.6958 -6.0962
v 16.6846 -14.5634 -6.6717
v 17.1457 -14.4367 -7.1554
v 16.9974 -14.1741 -7.2547
v 15.8969 -14.6654 -4.8759
v 15.9535 -14.5535 -5.4737
v 16.0549 -14.4788 -5.8612
v 16.2162 -14.4003 -6.2549
v 16.4299 -14.3231 -6.6228
v 16.6918 -14.2475 -6.9581
v 20.9435 -14.6612 -2.4568
v 20.2945 -14.8293 -2.0581
v 19.8129 -14.9228 -1.8847
v 19.3012 -14.9981 -1.7918
v 18.7827 -15.0515 -1.7855
v 18.2715 -15.0824 -1.8651
v 17.7812 -15.0911 -2.0282
v 17.3244 -15.0784 -2.2704
v 16.9140 -15.0454 -2.5852
v 16.6151 -15.0035 -2.8974
v 16.2234 -14.9096 -3.4975
v 15.9803 -14.7937 -4.1686
v 21.0007 -14.6436 -2.5035
v 20.9022 -14.9242 -2.7372
v 20.5646 -14.9963 -2.3449
v 20.5904 -14.8905 -2.2507
v 20.2534 -15.0752 -2.1826
v 20.2712 -14.9681 -2.0843
v 19.9230 -15.1458 -2.0566
v 19.9325 -15.0376 -1.9555
v 19.5778 -15.2068 -1.9696
v 19.5787 -15.0976 -1.8668
v 19.2225 -15.2570 -1.9236
v 19.2148 -15.1470 -1.8203
v 18.8568 -15.2961 -1.9201
v 18.8405 -15.1855 -1.8176
v 18.4921 -15.3227 -1.9610
v 18.4673 -15.2118 -1.8605
v 18.3120 -15.3314 -1.9980
v 18.2831 -15.2204 -1.8990
v 18.1343 -15.3368 -2.0459
v 18.1014 -15.2259 -1.9487
v 17.9598 -15.3392 -2.1046
v 17.9230 -15.2283 -2.0093
v 17.7892 -15.3384 -2.1738
v 17.7487 -15.2278 -2.0808
v 17.6157 -15.3345 -2.2570
v 17.5715 -15.2240 -2.1666
v 17.4480 -15.3273 -2.3511
v 17.4003 -15.2172 -2.2636
v 17.2868 -15.3170 -2.4556
v 17.2358 -15.2072 -2.3711
v 17.1328 -15.3037 -2.5700
v 17.0786 -15.1943 -2.4888
v 16.9866 -15.2874 -2.6938
v 16.9295 -15.1785 -2.6161
v 16.8488 -15.2683 -2.8264
v 16.7890 -15.1600 -2.7523
v 16.7200 -15.2466 -2.9672
v 16.6577 -15.1388 -2.8968
v 16.6006 -15.2224 -3.1155
v 16.5361 -15.1153 -3.0491
v 16.3886 -15.1665 -3.4378
v 16.3202 -15.0608 -3.3799
v 16.2206 -15.1032 -3.7829
v 16.1492 -14.9989 -3.7338
v 16.1538 -15.0693 -3.9622
v 16.0812 -14.9657 -3.9176
v 16.0987 -15.0342 -4.1452
v 16.0251 -14.9313 -4.1052
v 16.0555 -14.9981 -4.3309
v 15.9812 -14.8959 -4.2956
v 16.0242 -14.9612 -4.5187
v 15.9495 -14.8598 -4.4881
v 16.0051 -14.9240 -4.7071
v 15.9301 -14.8232 -4.6812
v 15.9980 -14.8865 -4.8962
v 15.9230 -14.7863 -4.8750
v 16.0029 -14.8486 -5.0853
v 15.9281 -14.7490 -5.0687
v 16.0198 -14.8106 -5.2736
v 15.9454 -14.7116 -5.2617
v 16.0485 -14.7725 -5.4604
v 15.9748 -14.6741 -5.4530
v 16.0890 -14.7346 -5.6450
v 16.0162 -14.6368 -5.6422
v 16.1411 -14.6969 -5.8268
v 16.0694 -14.5995 -5.8283
v 16.2046 -14.6594 -6.0050
v 16.1342 -14.5625 -6.0108
v 16.2789 -14.6223 -6.1780
v 16.2100 -14.5259 -6.1880
v 16.3640 -14.5855 -6.3461
v 16.2967 -14.4896 -6.3602
v 16.4595 -14.5492 -6.5086
v 16.3941 -14.4536 -6.5266
v 16.5651 -14.5131 -6.6649
v 16.5018 -14.4179 -6.6867
v 16.7463 -14.3478 -6.9853
v 19.7945 -15.2391 -3.2868
v 19.8459 -16.2520 -3.3764
v 20.5321 -16.0739 -3.3764
v 20.6941 -14.9771 -3.2846
v 20.2313 -15.1225 -3.2858
v 20.0186 -15.6151 -3.3242
v 20.0186 -16.0395 -3.3613
v 19.4082 -15.0256 -5.5101
v 19.7934 -15.0844 -4.8425
v 20.0123 -15.0855 -4.4637
v 20.2446 -15.0652 -4.0618
v 20.6941 -14.9771 -3.2846
v 20.5321 -16.0739 -3.3764
v 19.3146 -16.1013 -5.4834
v 19.6796 -16.1558 -4.8517
v 19.8888 -16.1600 -4.4897
v 20.1066 -16.1461 -4.1128
v 19.5041 -15.6344 -5.2425
v 19.8109 -15.6346 -4.7164
v 20.2660 -15.6344 -3.9237
v 20.6052 -15.1086 -3.4186
v 20.5654 -15.6340 -3.3956
v 19.4082 -15.0256 -5.5101
v 19.3146 -16.1013 -5.4834
v 19.3139 -15.6517 -6.8766
v 19.3143 -15.9027 -6.1884
v 19.4122 -14.4878 -6.9770
v 19.4100 -14.7861 -6.2543
v 19.3498 -15.4961 -6.1885
v 19.3146 -15.8986 -6.1884
v 19.3283 -15.8997 -5.6611
v 19.3139 -15.6517 -6.8766
v 19.4122 -14.4878 -6.9770
v 18.6883 -15.7288 -6.8766
v 18.5929 -14.5969 -6.9763
v 18.9972 -14.5559 -6.9765
v 19.1582 -14.6948 -6.9624
v 19.1582 -15.1083 -6.9263
v 19.1582 -15.5217 -6.8901
v 18.5983 -15.1495 -5.5049
v 18.5958 -14.9048 -6.2524
v 18.5929 -14.5969 -6.9763
v 18.6883 -15.7288 -6.8766
v 18.6883 -16.1845 -5.4786
v 18.6883 -15.9841 -6.1865
v 18.6229 -15.3922 -5.6571
v 18.6364 -15.3910 -6.1865
v 18.6748 -15.9861 -5.6571
v 18.6526 -15.3896 -6.7058
v 18.5983 -15.1495 -5.5049
v 18.6883 -16.1845 -5.4786
v 17.4674 -16.4120 -3.3764
v 17.8365 -16.4186 -4.0119
v 18.0821 -16.3887 -4.4349
v 18.3872 -16.3097 -4.9601
v 17.3131 -15.3874 -3.2880
v 17.7031 -15.4101 -3.9584
v 17.9623 -15.3828 -4.4051
v 18.2834 -15.2957 -4.9595
v 18.0328 -15.7360 -4.4636
v 18.0696 -16.2234 -4.4421
v 19.0208 -15.2757 -4.6953
v 19.0197 -16.2690 -4.8798
v 19.8459 -16.2520 -3.3764
v 19.4329 -16.2969 -4.1278
v 19.2229 -16.2929 -4.5100
v 19.7945 -15.2391 -3.2868
v 19.4082 -15.2910 -3.9905
v 19.6103 -15.9002 -3.7357
v 19.3620 -15.3716 -4.0889
v 19.1555 -15.3716 -4.4653
v 19.4025 -15.9003 -4.1111
v 19.1960 -15.9003 -4.4876
v 22.2499 -3.4500 -4.8759
v 22.2276 -3.4500 -5.2554
v 22.1612 -3.4500 -5.6298
v 22.0515 -3.4500 -5.9938
v 21.9001 -3.4500 -6.3425
v 21.7090 -3.4500 -6.6712
v 21.4808 -3.4500 -6.9753
v 21.2186 -3.4500 -7.2506
v 20.9261 -3.4500 -7.4935
v 20.6072 -3.4500 -7.7005
v 20.2664 -3.4500 -7.8689
v 19.9082 -3.4500 -7.9963
v 19.5375 -3.4500 -8.0810
v 19.1595 -3.4500 -8.1219
v 18.7794 -3.4500 -8.1183
v 18.4022 -3.4500 -8.0703
v 18.0332 -3.4500 -7.9787
v 17.6775 -3.4500 -7.8445
v 17.3398 -3.4500 -7.6698
v 17.0249 -3.4500 -7.4568
v 16.7370 -3.4500 -7.2085
v 22.1117 -14.0024 -4.8759
v 16.9974 -14.1741 -7.2547
v 17.6473 -14.0490 -7.6776
v 18.1315 -13.9736 -7.8644
v 18.6455 -13.9058 -7.9687
v 19.1695 -13.8476 -7.9850
v 19.6883 -13.8003 -7.9133
v 20.1872 -13.7652 -7.7556
v 20.6518 -13.7443 -7.5170
v 21.0690 -13.7395 -7.2047
v 21.3764 -13.7492 -6.8899
v 21.7800 -13.7957 -6.2799
v 22.0291 -13.8808 -5.5950
v 15.8969 -14.6654 -4.8759
v 15.9535 -14.5535 -5.4737
v 16.0549 -14.4788 -5.8612
v 16.2162 -14.4003 -6.2549
v 16.4299 -14.3231 -6.6228
v 16.6918 -14.2475 -6.9581
v 15.7501 -3.4500 -4.8759
v 16.4856 -3.4500 -6.9350
v 16.2671 -3.4500 -6.6346
v 16.0842 -3.4500 -6.3113
v 15.9395 -3.4500 -5.9691
v 15.8347 -3.4500 -5.6128
v 15.7713 -3.4500 -5.2467
v 22.0829 -13.5438 -5.3405
v 21.9792 -13.5438 -5.7948
v 21.8090 -13.5438 -6.2286
v 22.0974 -12.4223 -5.3427
v 21.5760 -13.5438 -6.6322
v 21.9932 -12.4223 -5.7992
v 21.2854 -13.5438 -6.9965
v 21.8222 -12.4223 -6.2350
v 22.1119 -11.3008 -5.3449
v 20.9439 -13.5438 -7.3134
v 21.5881 -12.4223 -6.6404
v 22.0073 -11.3008 -5.8035
v 20.5588 -13.5438 -7.5759
v 21.2962 -12.4223 -7.0065
v 21.8354 -11.3008 -6.2414
v 20.1390 -13.5438 -7.7781
v 22.1265 -10.1792 -5.3471
v 20.9530 -12.4223 -7.3249
v 21.6002 -11.3008 -6.6487
v 19.6937 -13.5438 -7.9155
v 22.0213 -10.1792 -5.8078
v 20.5662 -12.4223 -7.5886
v 21.3070 -11.3008 -7.0165
v 19.2329 -13.5438 -7.9849
v 21.8487 -10.1792 -6.2477
v 20.1444 -12.4223 -7.7918
v 22.1410 -9.0577 -5.3493
v 20.9622 -11.3008 -7.3364
v 18.7670 -13.5438 -7.9849
v 21.6124 -10.1792 -6.6570
v 19.6970 -12.4223 -7.9298
v 22.0353 -9.0577 -5.8122
v 20.5735 -11.3008 -7.6014
v 18.3062 -13.5438 -7.9155
v 21.3177 -10.1792 -7.0264
v 19.2340 -12.4223 -7.9996
v 21.8619 -9.0577 -6.2541
v 20.1497 -11.3008 -7.8055
v 22.1555 -7.9362 -5.3515
v 17.8609 -13.5438 -7.7781
v 20.9713 -10.1792 -7.3479
v 18.7659 -12.4223 -7.9996
v 21.6245 -9.0577 -6.6653
v 19.7003 -11.3008 -7.9441
v 22.0494 -7.9362 -5.8165
v 17.4411 -13.5438 -7.5759
v 20.5809 -10.1792 -7.6141
v 18.3029 -12.4223 -7.9298
v 21.3285 -9.0577 -7.0364
v 19.2351 -11.3008 -8.0142
v 21.8751 -7.9362 -6.2605
v 17.0561 -13.5438 -7.3134
v 20.1551 -10.1792 -7.8191
v 22.1700 -6.8146 -5.3537
v 17.8555 -12.4223 -7.7918
v 20.9805 -9.0577 -7.3594
v 18.7648 -11.3008 -8.0142
v 21.6366 -7.9362 -6.6735
v 16.7145 -13.5438 -6.9965
v 19.7035 -10.1792 -7.9584
v 22.0634 -6.8146 -5.8208
v 17.4337 -12.4223 -7.5886
v 20.5882 -9.0577 -7.6268
v 18.2997 -11.3008 -7.9441
v 21.3393 -7.9362 -7.0464
v 16.4239 -13.5438 -6.6322
v 19.2362 -10.1792 -8.0288
v 21.8883 -6.8146 -6.2668
v 17.0469 -12.4223 -7.3249
v 20.1605 -9.0577 -7.8328
v 22.1845 -5.6931 -5.3559
v 17.8502 -11.3008 -7.8055
v 20.9896 -7.9362 -7.3708
v 16.1909 -13.5438 -6.2286
v 18.7637 -10.1792 -8.0288
v 21.6488 -6.8146 -6.6818
v 16.7037 -12.4223 -7.0065
v 19.7068 -9.0577 -7.9727
v 22.0774 -5.6931 -5.8251
v 17.4264 -11.3008 -7.6014
v 20.5955 -7.9362 -7.6395
v 16.0207 -13.5438 -5.7948
v 18.2964 -10.1792 -7.9584
v 21.3500 -6.8146 -7.0564
v 16.4118 -12.4223 -6.6404
v 19.2373 -9.0577 -8.0435
v 21.9016 -5.6931 -6.2732
v 17.0378 -11.3008 -7.3364
v 20.1658 -7.9362 -7.8465
v 22.1990 -4.5715 -5.3581
v 15.9170 -13.5438 -5.3405
v 17.8448 -10.1792 -7.8191
v 20.9988 -6.8146 -7.3823
v 16.1777 -12.4223 -6.2350
v 18.7626 -9.0577 -8.0435
v 21.6609 -5.6931 -6.6901
v 16.6929 -11.3008 -7.0165
v 19.7101 -7.9362 -7.9870
v 22.0914 -4.5715 -5.8295
v 17.4190 -10.1792 -7.6141
v 20.6029 -6.8146 -7.6522
v 16.0067 -12.4223 -5.7992
v 18.2931 -9.0577 -7.9727
v 21.3608 -5.6931 -7.0664
v 16.3997 -11.3008 -6.6487
v 19.2384 -7.9362 -8.0581
v 21.9148 -4.5715 -6.2796
v 17.0286 -10.1792 -7.3479
v 20.1712 -6.8146 -7.8601
v 15.9025 -12.4223 -5.3427
v 17.8395 -9.0577 -7.8328
v 21.0079 -5.6931 -7.3938
v 16.1645 -11.3008 -6.2414
v 18.7615 -7.9362 -8.0581
v 21.6730 -4.5715 -6.6983
v 16.6822 -10.1792 -7.0264
v 19.7133 -6.8146 -8.0013
v 17.4117 -9.0577 -7.6268
v 20.6102 -5.6931 -7.6649
v 15.9926 -11.3008 -5.8035
v 18.2899 -7.9362 -7.9870
v 21.3715 -4.5715 -7.0764
v 16.3875 -10.1792 -6.6570
v 19.2395 -6.8146 -8.0728
v 17.0194 -9.0577 -7.3594
v 20.1766 -5.6931 -7.8738
v 15.8880 -11.3008 -5.3449
v 17.8341 -7.9362 -7.8465
v 21.0171 -4.5715 -7.4053
v 16.1513 -10.1792 -6.2477
v 18.7604 -6.8146 -8.0728
v 16.6714 -9.0577 -7.0364
v 19.7166 -5.6931 -8.0157
v 17.4044 -7.9362 -7.6395
v 20.6176 -4.5715 -7.6777
v 15.9786 -10.1792 -5.8078
v 18.2866 -6.8146 -8.0013
v 16.3754 -9.0577 -6.6653
v 19.2406 -5.6931 -8.0874
v 17.0103 -7.9362 -7.3708
v 20.1819 -4.5715 -7.8875
v 15.8735 -10.1792 -5.3471
v 17.8287 -6.8146 -7.8601
v 16.1380 -9.0577 -6.2541
v 18.7593 -5.6931 -8.0874
v 16.6607 -7.9362 -7.0464
v 19.7199 -4.5715 -8.0300
v 17.3970 -6.8146 -7.6522
v 15.9646 -9.0577 -5.8122
v 18.2833 -5.6931 -8.0157
v 16.3633 -7.9362 -6.6735
v 19.2417 -4.5715 -8.1020
v 17.0011 -6.8146 -7.3823
v 15.8589 -9.0577 -5.3493
v 17.8234 -5.6931 -7.8738
v 16.1248 -7.9362 -6.2605
v 18.7582 -4.5715 -8.1020
v 16.6499 -6.8146 -7.0564
v 17.3897 -5.6931 -7.6649
v 15.9506 -7.9362 -5.8165
v 18.2801 -4.5715 -8.0300
v 16.3512 -6.8146 -6.6818
v 16.9920 -5.6931 -7.3938
v 15.8444 -7.9362 -5.3515
v 17.8180 -4.5715 -7.8875
v 16.1116 -6.8146 -6.2668
v 16.6391 -5.6931 -7.0664
v 17.3823 -4.5715 -7.6777
v 15.9365 -6.8146 -5.8208
v 16.3390 -5.6931 -6.6901
v 16.9828 -4.5715 -7.4053
v 15.8299 -6.8146 -5.3537
v 16.0983 -5.6931 -6.2732
v 16.6284 -4.5715 -7.0764
v 15.9225 -5.6931 -5.8251
v 16.3269 -4.5715 -6.6983
v 15.8154 -5.6931 -5.3559
v 16.0851 -4.5715 -6.2796
v 15.9085 -4.5715 -5.8295
v 15.8009 -4.5715 -5.3581
v 17.4674 -16.4120 -3.3764
v 17.3131 -15.3874 -3.2880
v 18.1950 -16.4451 -3.3764
v 18.2468 -15.4442 -3.2888
v 17.7811 -15.4333 -3.2887
v 17.6489 -15.5638 -3.3008
v 17.6489 -16.0925 -3.3471
v 20.6425 -13.2476 -4.9979
v 20.6431 -13.2693 -4.9055
v 20.5085 -13.4422 -4.3047
v 20.1492 -13.6428 -3.7974
v 19.4968 -13.8659 -3.4240
v 18.7460 -14.0089 -3.3861
v 18.0862 -14.0395 -3.6685
v 17.6148 -13.9667 -4.2063
v 17.4277 -13.8200 -4.8846
v 17.1774 -13.5371 -4.8057
v 20.8328 -13.0027 -4.8359
v 20.7121 -13.1465 -4.2276
v 20.5228 -13.2548 -3.8631
v 20.2635 -13.3638 -3.5563
v 19.9427 -13.4694 -3.3131
v 19.5767 -13.5647 -3.1460
v 19.1848 -13.6437 -3.0632
v 18.7857 -13.7019 -3.0675
v 18.0400 -13.7474 -3.3293
v 17.6918 -13.7308 -3.6097
v 17.4230 -13.6865 -3.9645
v 17.2487 -13.6198 -4.3714
v 20.8334 -12.9947 -4.8759
v 20.8323 -12.9816 -4.9433
v 20.7392 -13.2207 -4.8383
v 20.8075 -13.1244 -4.8105
v 20.7256 -13.2582 -4.6872
v 20.7932 -13.1613 -4.6510
v 20.6988 -13.2982 -4.5384
v 20.7649 -13.2007 -4.4940
v 20.6590 -13.3403 -4.3930
v 20.7229 -13.2421 -4.3405
v 20.5807 -13.4032 -4.1941
v 20.6404 -13.3038 -4.1305
v 20.4782 -13.4685 -4.0069
v 20.5324 -13.3680 -3.9328
v 20.3529 -13.5352 -3.8341
v 20.4003 -13.4334 -3.7502
v 20.2064 -13.6021 -3.6777
v 20.2460 -13.4989 -3.5851
v 20.0535 -13.6631 -3.5498
v 20.0849 -13.5585 -3.4502
v 19.8855 -13.7221 -3.4399
v 19.9080 -13.6162 -3.3342
v 19.7042 -13.7782 -3.3497
v 19.7173 -13.6709 -3.2392
v 19.5117 -13.8303 -3.2809
v 19.5148 -13.7217 -3.1669
v 19.3183 -13.8756 -3.2364
v 19.3116 -13.7658 -3.1203
v 19.1196 -13.9152 -3.2142
v 19.1032 -13.8044 -3.0974
v 18.9176 -13.9485 -3.2153
v 18.8914 -13.8368 -3.0990
v 18.7155 -13.9748 -3.2400
v 18.6797 -13.8624 -3.1256
v 18.5120 -13.9940 -3.2900
v 18.4670 -13.8810 -3.1789
v 18.3153 -14.0049 -3.3646
v 18.2615 -13.8917 -3.2578
v 18.1287 -14.0075 -3.4625
v 18.0668 -13.8944 -3.3614
v 17.9554 -14.0019 -3.5824
v 17.8864 -13.8891 -3.4878
v 17.8403 -13.9929 -3.6814
v 17.7666 -13.8804 -3.5922
v 17.7346 -13.9799 -3.7899
v 17.6568 -13.8680 -3.7063
v 17.6392 -13.9632 -3.9067
v 17.5578 -13.8520 -3.8292
v 17.5549 -13.9431 -4.0308
v 17.4703 -13.8326 -3.9596
v 17.4501 -13.9073 -4.2281
v 17.3618 -13.7980 -4.1670
v 17.3727 -13.8659 -4.4357
v 17.2817 -13.7579 -4.3849
v 17.3234 -13.8199 -4.6499
v 17.2308 -13.7133 -4.6098
v 18.8152 -13.9512 -4.1703
v 18.8152 -13.9682 -4.0078
v 18.3277 -13.9775 -4.3453
v 17.8152 -14.0081 -3.9953
v 17.8152 -13.9924 -4.1578
v 18.2027 -13.9704 -4.4203
v 17.8152 -13.9124 -4.6828
v 17.8152 -13.8780 -4.8453
v 18.3277 -13.9547 -4.4953
v 18.8152 -13.8394 -4.8328
v 18.8152 -13.8734 -4.6703
v 18.4402 -13.9600 -4.4203
v 18.8152 -13.7407 -5.2203
v 18.8152 -13.7851 -5.0578
v 18.3277 -13.7363 -5.3953
v 17.8152 -13.8293 -5.0453
v 17.8152 -13.7844 -5.2078
v 18.2027 -13.7152 -5.4703
v 17.8152 -13.6082 -5.7328
v 17.8152 -13.5444 -5.8953
v 18.3277 -13.6862 -5.5453
v 18.8152 -13.5150 -5.8828
v 18.8152 -13.5768 -5.7203
v 18.4402 -13.7055 -5.4703
v 18.4385 -13.7096 -5.4583
v 21.0007 -14.6436 -2.5035
v 20.9435 -14.6612 -2.4568
v 22.1117 -14.0024 -4.8759
v 22.0513 -14.1283 -4.2739
v 21.9472 -14.2212 -3.8863
v 21.7834 -14.3253 -3.4942
v 21.5684 -14.4323 -3.1291
v 21.3060 -14.5393 -2.7970
v 22.2499 -3.4500 -4.8759
v 15.7501 -3.4500 -4.8759
v 15.7737 -3.4500 -4.4841
v 15.8445 -3.4500 -4.0981
v 15.9612 -3.4500 -3.7234
v 16.1223 -3.4500 -3.3656
v 16.3253 -3.4500 -3.0297
v 16.5674 -3.4500 -2.7208
v 16.8449 -3.4500 -2.4433
v 17.1538 -3.4500 -2.2012
v 17.4897 -3.4500 -1.9982
v 17.8475 -3.4500 -1.8372
v 18.2222 -3.4500 -1.7204
v 18.6082 -3.4500 -1.6497
v 19.0000 -3.4500 -1.6260
v 19.3917 -3.4500 -1.6497
v 19.7777 -3.4500 -1.7204
v 20.1524 -3.4500 -1.8372
v 20.5103 -3.4500 -1.9982
v 20.8461 -3.4500 -2.2012
v 21.1550 -3.4500 -2.4433
v 21.4325 -3.4500 -2.7208
v 21.6746 -3.4500 -3.0297
v 21.8776 -3.4500 -3.3656
v 22.0387 -3.4500 -3.7234
v 22.1554 -3.4500 -4.0981
v 22.2262 -3.4500 -4.4841
v 15.8969 -14.6654 -4.8759
v 20.2945 -14.8293 -2.0581
v 19.8129 -14.9228 -1.8847
v 19.3012 -14.9981 -1.7918
v 18.7827 -15.0515 -1.7855
v 18.2715 -15.0824 -1.8651
v 17.7812 -15.0911 -2.0282
v 17.3244 -15.0784 -2.2704
v 16.9140 -15.0454 -2.5852
v 16.6151 -15.0035 -2.8974
v 16.2234 -14.9096 -3.4975
v 15.9803 -14.7937 -4.1686
v 15.9220 -13.9270 -4.4119
v 16.0255 -13.9270 -3.9584
v 16.1955 -13.9270 -3.5253
v 15.9069 -12.7629 -4.4097
v 16.4281 -13.9270 -3.1224
v 16.0109 -12.7629 -3.9539
v 16.7181 -13.9270 -2.7587
v 16.1817 -12.7629 -3.5187
v 15.8918 -11.5988 -4.4074
v 17.0592 -13.9270 -2.4422
v 16.4155 -12.7629 -3.1138
v 15.9964 -11.5988 -3.9494
v 17.4436 -13.9270 -2.1801
v 16.7070 -12.7629 -2.7483
v 16.1680 -11.5988 -3.5121
v 17.8627 -13.9270 -1.9783
v 15.8768 -10.4347 -4.4051
v 17.0497 -12.7629 -2.4303
v 16.4029 -11.5988 -3.1052
v 18.3073 -13.9270 -1.8412
v 15.9818 -10.4347 -3.9449
v 17.4360 -12.7629 -2.1669
v 16.6958 -11.5988 -2.7379
v 18.7673 -13.9270 -1.7718
v 16.1543 -10.4347 -3.5055
v 17.8572 -12.7629 -1.9641
v 15.8617 -9.2706 -4.4028
v 17.0402 -11.5988 -2.4184
v 19.2326 -13.9270 -1.7718
v 16.3903 -10.4347 -3.0966
v 18.3039 -12.7629 -1.8263
v 15.9672 -9.2706 -3.9404
v 17.4283 -11.5988 -2.1537
v 19.6926 -13.9270 -1.8412
v 16.6846 -10.4347 -2.7276
v 18.7662 -12.7629 -1.7566
v 16.1405 -9.2706 -3.4988
v 17.8516 -11.5988 -1.9499
v 20.1372 -13.9270 -1.9783
v 15.8466 -8.1064 -4.4006
v 17.0307 -10.4347 -2.4065
v 19.2337 -12.7629 -1.7566
v 16.3777 -9.2706 -3.0881
v 18.3005 -11.5988 -1.8114
v 20.5563 -13.9270 -2.1801
v 15.9527 -8.1064 -3.9359
v 17.4207 -10.4347 -2.1406
v 19.6960 -12.7629 -1.8263
v 16.6735 -9.2706 -2.7172
v 18.7651 -11.5988 -1.7414
v 20.9407 -13.9270 -2.4422
v 16.1268 -8.1064 -3.4922
v 17.8460 -10.4347 -1.9357
v 20.1427 -12.7629 -1.9641
v 15.8316 -6.9423 -4.3983
v 17.0212 -9.2706 -2.3946
v 19.2349 -11.5988 -1.7414
v 21.2818 -13.9270 -2.7587
v 16.3651 -8.1064 -3.0795
v 18.2971 -10.4347 -1.7966
v 20.5640 -12.7629 -2.1669
v 15.9381 -6.9423 -3.9314
v 17.4131 -9.2706 -2.1274
v 19.6994 -11.5988 -1.8114
v 21.5718 -13.9270 -3.1224
v 16.6623 -8.1064 -2.7068
v 18.7639 -10.4347 -1.7262
v 20.9502 -12.7629 -2.4303
v 16.1131 -6.9423 -3.4856
v 17.8405 -9.2706 -1.9215
v 20.1483 -11.5988 -1.9499
v 21.8045 -13.9270 -3.5253
v 15.8165 -5.7782 -4.3960
v 17.0117 -8.1064 -2.3826
v 19.2360 -10.4347 -1.7262
v 21.2929 -12.7629 -2.7483
v 16.3525 -6.9423 -3.0709
v 18.2937 -9.2706 -1.7817
v 20.5716 -11.5988 -2.1537
v 21.9744 -13.9270 -3.9584
v 15.9236 -5.7782 -3.9269
v 17.4055 -8.1064 -2.1142
v 19.7028 -10.4347 -1.7966
v 21.5844 -12.7629 -3.1138
v 16.6511 -6.9423 -2.6965
v 18.7628 -9.2706 -1.7110
v 20.9597 -11.5988 -2.4184
v 22.0779 -13.9270 -4.4119
v 16.0994 -5.7782 -3.4790
v 17.8349 -8.1064 -1.9074
v 20.1539 -10.4347 -1.9357
v 21.8182 -12.7629 -3.5187
v 15.8014 -4.6141 -4.3938
v 17.0022 -6.9423 -2.3707
v 19.2371 -9.2706 -1.7110
v 21.3041 -11.5988 -2.7379
v 16.3399 -5.7782 -3.0623
v 18.2903 -8.1064 -1.7669
v 20.5792 -10.4347 -2.1406
v 21.9890 -12.7629 -3.9539
v 15.9090 -4.6141 -3.9224
v 17.3979 -6.9423 -2.1010
v 19.7062 -9.2706 -1.7817
v 21.5970 -11.5988 -3.1052
v 16.6399 -5.7782 -2.6861
v 18.7616 -8.1064 -1.6958
v 20.9692 -10.4347 -2.4065
v 22.0930 -12.7629 -4.4097
v 16.0856 -4.6141 -3.4724
v 17.8293 -6.9423 -1.8932
v 20.1594 -9.2706 -1.9215
v 21.8319 -11.5988 -3.5121
v 16.9927 -5.7782 -2.3588
v 19.2383 -8.1064 -1.6958
v 21.3153 -10.4347 -2.7276
v 16.3274 -4.6141 -3.0537
v 18.2870 -6.9423 -1.7520
v 20.5868 -9.2706 -2.1274
v 22.0035 -11.5988 -3.9494
v 17.3902 -5.7782 -2.0878
v 19.7096 -8.1064 -1.7669
v 21.6096 -10.4347 -3.0966
v 16.6288 -4.6141 -2.6757
v 18.7605 -6.9423 -1.6806
v 20.9787 -9.2706 -2.3946
v 22.1081 -11.5988 -4.4074
v 17.8238 -5.7782 -1.8790
v 20.1650 -8.1064 -1.9074
v 21.8456 -10.4347 -3.5055
v 16.9832 -4.6141 -2.3469
v 19.2394 -6.9423 -1.6806
v 21.3265 -9.2706 -2.7172
v 18.2836 -5.7782 -1.7372
v 20.5944 -8.1064 -2.1142
v 22.0181 -10.4347 -3.9449
v 17.3826 -4.6141 -2.0746
v 19.7130 -6.9423 -1.7520
v 21.6222 -9.2706 -3.0881
v 18.7594 -5.7782 -1.6654
v 20.9882 -8.1064 -2.3826
v 22.1232 -10.4347 -4.4051
v 17.8182 -4.6141 -1.8648
v 20.1706 -6.9423 -1.8932
v 21.8594 -9.2706 -3.4988
v 19.2405 -5.7782 -1.6654
v 21.3376 -8.1064 -2.7068
v 18.2802 -4.6141 -1.7223
v 20.6021 -6.9423 -2.1010
v 22.0327 -9.2706 -3.9404
v 19.7163 -5.7782 -1.7372
v 21.6348 -8.1064 -3.0795
v 18.7582 -4.6141 -1.6502
v 20.9977 -6.9423 -2.3707
v 22.1382 -9.2706 -4.4028
v 20.1761 -5.7782 -1.8790
v 21.8731 -8.1064 -3.4922
v 19.2417 -4.6141 -1.6502
v 21.3488 -6.9423 -2.6965
v 20.6097 -5.7782 -2.0878
v 22.0472 -8.1064 -3.9359
v 19.7197 -4.6141 -1.7223
v 21.6474 -6.9423 -3.0709
v 21.0072 -5.7782 -2.3588
v 22.1533 -8.1064 -4.4006
v 20.1817 -4.6141 -1.8648
v 21.8868 -6.9423 -3.4856
v 21.3600 -5.7782 -2.6861
v 20.6173 -4.6141 -2.0746
v 22.0618 -6.9423 -3.9314
v 21.6600 -5.7782 -3.0623
v 21.0167 -4.6141 -2.3469
v 22.1684 -6.9423 -4.3983
v 21.9006 -5.7782 -3.4790
v 21.3711 -4.6141 -2.6757
v 22.0764 -5.7782 -3.9269
v 21.6726 -4.6141 -3.0537
v 22.1834 -5.7782 -4.3960
v 21.9143 -4.6141 -3.4724
v 22.0909 -4.6141 -3.9224
v 22.1985 -4.6141 -4.3938
v 21.0000 -3.4500 -4.8759
v 20.9615 -3.4500 -5.2660
v 20.8477 -3.4500 -5.6412
v 20.6629 -3.4500 -5.9870
v 20.4142 -3.4500 -6.2901
v 20.1111 -3.4500 -6.5388
v 19.7653 -3.4500 -6.7236
v 19.3901 -3.4500 -6.8374
v 19.0000 -3.4500 -6.8759
v 18.6098 -3.4500 -6.8374
v 18.2346 -3.4500 -6.7236
v 17.8888 -3.4500 -6.5388
v 17.5857 -3.4500 -6.2901
v 17.3370 -3.4500 -5.9870
v 17.1522 -3.4500 -5.6412
v 17.0384 -3.4500 -5.2660
v 17.0000 -3.4500 -4.8759
v 20.8334 -12.9947 -4.8759
v 20.8323 -12.9816 -4.9433
v 17.1758 -13.5229 -4.8759
v 17.2791 -13.3879 -5.4881
v 17.4595 -13.2941 -5.8604
v 17.7108 -13.2032 -6.1744
v 18.0254 -13.1155 -6.4263
v 18.3873 -13.0349 -6.6031
v 18.7785 -12.9646 -6.6964
v 19.1804 -12.9073 -6.7019
v 19.5726 -12.8651 -6.6199
v 20.2153 -12.8338 -6.2523
v 20.6602 -12.8724 -5.6586
v 20.8063 -12.5156 -5.2352
v 20.7015 -12.5156 -5.5807
v 20.5313 -12.5156 -5.8991
v 20.8236 -11.5083 -5.2386
v 20.3023 -12.5156 -6.1782
v 20.7178 -11.5083 -5.5874
v 20.0232 -12.5156 -6.4072
v 20.5459 -11.5083 -5.9089
v 19.7048 -12.5156 -6.5774
v 20.8408 -10.5010 -5.2420
v 20.3147 -11.5083 -6.1906
v 19.3593 -12.5156 -6.6822
v 20.7340 -10.5010 -5.5941
v 20.0330 -11.5083 -6.4219
v 19.0000 -12.5156 -6.7176
v 20.5606 -10.5010 -5.9186
v 19.7115 -11.5083 -6.5937
v 18.6406 -12.5156 -6.6822
v 20.8581 -9.4937 -5.2455
v 20.3271 -10.5010 -6.2031
v 19.3627 -11.5083 -6.6995
v 18.2951 -12.5156 -6.5774
v 20.7503 -9.4937 -5.6009
v 20.0427 -10.5010 -6.4365
v 19.0000 -11.5083 -6.7352
v 17.9767 -12.5156 -6.4072
v 20.5752 -9.4937 -5.9284
v 19.7182 -10.5010 -6.6099
v 18.6372 -11.5083 -6.6995
v 20.8753 -8.4864 -5.2489
v 17.6976 -12.5156 -6.1782
v 20.3396 -9.4937 -6.2155
v 19.3661 -10.5010 -6.7167
v 18.2884 -11.5083 -6.5937
v 20.7665 -8.4864 -5.6076
v 17.4686 -12.5156 -5.8991
v 20.0525 -9.4937 -6.4511
v 19.0000 -10.5010 -6.7528
v 17.9670 -11.5083 -6.4219
v 20.5898 -8.4864 -5.9382
v 17.2984 -12.5156 -5.5807
v 19.7250 -9.4937 -6.6262
v 18.6338 -10.5010 -6.7167
v 20.8926 -7.4791 -5.2523
v 17.6852 -11.5083 -6.1906
v 20.3520 -8.4864 -6.2279
v 17.1936 -12.5156 -5.2352
v 19.3696 -9.4937 -6.7340
v 18.2817 -10.5010 -6.6099
v 20.7827 -7.4791 -5.6143
v 17.4540 -11.5083 -5.9089
v 20.0623 -8.4864 -6.4657
v 19.0000 -9.4937 -6.7704
v 17.9572 -10.5010 -6.4365
v 20.6044 -7.4791 -5.9479
v 17.2821 -11.5083 -5.5874
v 19.7317 -8.4864 -6.6424
v 18.6304 -9.4937 -6.7340
v 20.9098 -6.4719 -5.2558
v 17.6728 -10.5010 -6.2031
v 20.3644 -7.4791 -6.2404
v 17.1763 -11.5083 -5.2386
v 19.3730 -8.4864 -6.7512
v 18.2750 -9.4937 -6.6262
v 20.7990 -6.4719 -5.6210
v 17.4394 -10.5010 -5.9186
v 20.0720 -7.4791 -6.4803
v 19.0000 -8.4864 -6.7880
v 17.9474 -9.4937 -6.4511
v 20.6190 -6.4719 -5.9577
v 17.2659 -10.5010 -5.5941
v 19.7384 -7.4791 -6.6587
v 18.6269 -8.4864 -6.7512
v 20.9270 -5.4646 -5.2592
v 17.6603 -9.4937 -6.2155
v 20.3769 -6.4719 -6.2528
v 17.1591 -10.5010 -5.2420
v 19.3764 -7.4791 -6.7685
v 18.2682 -8.4864 -6.6424
v 20.8152 -5.4646 -5.6278
v 17.4247 -9.4937 -5.9284
v 20.0818 -6.4719 -6.4949
v 19.0000 -7.4791 -6.8055
v 17.9377 -8.4864 -6.4657
v 20.6337 -5.4646 -5.9675
v 17.2497 -9.4937 -5.6009
v 19.7451 -6.4719 -6.6749
v 18.6235 -7.4791 -6.7685
v 20.9443 -4.4573 -5.2626
v 17.6479 -8.4864 -6.2279
v 20.3893 -5.4646 -6.2652
v 17.1419 -9.4937 -5.2455
v 19.3798 -6.4719 -6.7857
v 18.2615 -7.4791 -6.6587
v 20.8315 -4.4573 -5.6345
v 17.4101 -8.4864 -5.9382
v 20.0916 -5.4646 -6.5096
v 19.0000 -6.4719 -6.8231
v 17.9279 -7.4791 -6.4803
v 20.6483 -4.4573 -5.9772
v 17.2334 -8.4864 -5.6076
v 19.7519 -5.4646 -6.6911
v 18.6201 -6.4719 -6.7857
v 17.6355 -7.4791 -6.2404
v 20.4017 -4.4573 -6.2776
v 17.1246 -8.4864 -5.2489
v 19.3833 -5.4646 -6.8029
v 18.2548 -6.4719 -6.6749
v 17.3955 -7.4791 -5.9479
v 20.1013 -4.4573 -6.5242
v 19.0000 -5.4646 -6.8407
v 17.9181 -6.4719 -6.4949
v 17.2172 -7.4791 -5.6143
v 19.7586 -4.4573 -6.7074
v 18.6166 -5.4646 -6.8029
v 17.6230 -6.4719 -6.2528
v 17.1074 -7.4791 -5.2523
v 19.3867 -4.4573 -6.8202
v 18.2480 -5.4646 -6.6911
v 17.3809 -6.4719 -5.9577
v 19.0000 -4.4573 -6.8583
v 17.9084 -5.4646 -6.5096
v 17.2009 -6.4719 -5.6210
v 18.6132 -4.4573 -6.8202
v 17.6106 -5.4646 -6.2652
v 17.0901 -6.4719 -5.2558
v 18.2413 -4.4573 -6.7074
v 17.3663 -5.4646 -5.9675
v 17.8986 -4.4573 -6.5242
v 17.1847 -5.4646 -5.6278
v 17.5982 -4.4573 -6.2776
v 17.0729 -5.4646 -5.2592
v 17.3516 -4.4573 -5.9772
v 17.1684 -4.4573 -5.6345
v 17.0556 -4.4573 -5.2626
v 20.6425 -13.2476 -4.9979
v 20.8323 -12.9816 -4.9433
v 17.1758 -13.5229 -4.8759
v 17.2791 -13.3879 -5.4881
v 17.4595 -13.2941 -5.8604
v 17.7108 -13.2032 -6.1744
v 18.0254 -13.1155 -6.4263
v 18.3873 -13.0349 -6.6031
v 18.7785 -12.9646 -6.6964
v 19.1804 -12.9073 -6.7019
v 19.5726 -12.8651 -6.6199
v 20.2153 -12.8338 -6.2523
v 20.6602 -12.8724 -5.6586
v 17.1774 -13.5371 -4.8057
v 17.4277 -13.8200 -4.8846
v 17.5323 -13.6546 -5.5160
v 17.8812 -13.4820 -6.0559
v 18.5158 -13.2975 -6.4529
v 19.2642 -13.1613 -6.5203
v 19.9535 -13.0981 -6.2499
v 20.4489 -13.1252 -5.7007
v 17.2117 -13.6291 -5.0019
v 17.3212 -13.6954 -5.1783
v 17.2291 -13.5920 -5.1643
v 17.3519 -13.6566 -5.3306
v 17.2612 -13.5541 -5.3240
v 17.3963 -13.6173 -5.4792
v 17.3075 -13.5157 -5.4799
v 17.4801 -13.5622 -5.6776
v 17.3948 -13.4617 -5.6882
v 17.5882 -13.5070 -5.8637
v 17.5074 -13.4075 -5.8835
v 17.6841 -13.4658 -5.9935
v 17.6073 -13.3671 -6.0198
v 17.8698 -13.3979 -6.1882
v 17.8010 -13.3004 -6.2244
v 18.0320 -13.3474 -6.3167
v 17.9702 -13.2507 -6.3596
v 18.2087 -13.2988 -6.4248
v 18.1547 -13.2028 -6.4737
v 18.3975 -13.2529 -6.5110
v 18.3520 -13.1575 -6.5649
v 18.5959 -13.2099 -6.5740
v 18.5595 -13.1151 -6.6318
v 18.9950 -13.1376 -6.6263
v 18.9772 -13.0435 -6.6882
v 19.1972 -13.1074 -6.6172
v 19.1889 -13.0136 -6.6793
v 19.3976 -13.0816 -6.5844
v 19.3989 -12.9880 -6.6456
v 19.5920 -13.0608 -6.5286
v 19.6027 -12.9674 -6.5876
v 19.7788 -13.0452 -6.4503
v 19.7986 -12.9520 -6.5059
v 19.9553 -13.0353 -6.3506
v 19.9838 -12.9421 -6.4016
v 20.1188 -13.0314 -6.2310
v 20.1554 -12.9382 -6.2762
v 20.2721 -13.0339 -6.0876
v 20.3165 -12.9406 -6.1258
v 20.4066 -13.0434 -5.9270
v 20.4578 -12.9498 -5.9571
v 20.5201 -13.0597 -5.7518
v 20.5771 -12.9659 -5.7729
v 20.6729 -12.9888 -5.5764
v 20.6620 -13.1038 -5.4252
v 20.7264 -13.0093 -5.4292
v 22.1117 -14.0024 -4.8759
v 22.0513 -14.1283 -4.2739
v 21.9472 -14.2212 -3.8863
v 21.7834 -14.3253 -3.4942
v 21.5684 -14.4323 -3.1291
v 21.3060 -14.5393 -2.7970
v 21.0007 -14.6436 -2.5035
v 16.9974 -14.1741 -7.2547
v 17.6473 -14.0490 -7.6776
v 18.1315 -13.9736 -7.8644
v 18.6455 -13.9058 -7.9687
v 19.1695 -13.8476 -7.9850
v 19.6883 -13.8003 -7.9133
v 20.1872 -13.7652 -7.7556
v 20.6518 -13.7443 -7.5170
v 21.0690 -13.7395 -7.2047
v 21.3764 -13.7492 -6.8899
v 21.7800 -13.7957 -6.2799
v 22.0291 -13.8808 -5.5950
v 17.1457 -14.4367 -7.1554
v 17.6359 -14.3327 -7.4851
v 18.1838 -14.2386 -7.7096
v 18.6821 -14.1676 -7.8109
v 19.1909 -14.1068 -7.8246
v 19.6942 -14.0577 -7.7503
v 20.1761 -14.0221 -7.5908
v 20.6215 -14.0020 -7.3515
v 21.0172 -13.9998 -7.0404
v 21.3517 -14.0170 -6.6678
v 21.6157 -14.0552 -6.2455
v 21.8026 -14.1148 -5.7854
v 21.9075 -14.1954 -5.3007
v 21.9279 -14.2926 -4.8186
v 21.8832 -14.3856 -4.4210
v 21.6893 -14.5580 -3.7881
v 21.3568 -14.7420 -3.2179
v 20.9022 -14.9242 -2.7372
v 17.3836 -14.3080 -7.4380
v 17.3368 -14.2146 -7.4794
v 17.5457 -14.2765 -7.5346
v 17.5023 -14.1833 -7.5786
v 17.7138 -14.2459 -7.6209
v 17.6738 -14.1529 -7.6674
v 18.0645 -14.1877 -7.7613
v 18.0321 -14.0950 -7.8120
v 18.2460 -14.1603 -7.8149
v 18.2176 -14.0677 -7.8673
v 18.4307 -14.1341 -7.8569
v 18.4063 -14.0416 -7.9108
v 18.6091 -14.1103 -7.8862
v 18.5887 -14.0179 -7.9413
v 18.7891 -14.0877 -7.9048
v 18.7727 -13.9954 -7.9608
v 19.1511 -14.0462 -7.9096
v 19.1430 -13.9541 -7.9665
v 19.5116 -14.0103 -7.8710
v 19.5118 -13.9182 -7.9278
v 19.6895 -13.9945 -7.8356
v 19.6940 -13.9025 -7.8919
v 19.8652 -13.9803 -7.7895
v 19.8738 -13.8884 -7.8450
v 20.2054 -13.9571 -7.6667
v 20.2223 -13.8652 -7.7198
v 20.5285 -13.9414 -7.5042
v 20.5534 -13.8495 -7.5536
v 20.8297 -13.9339 -7.3042
v 20.8622 -13.8419 -7.3490
v 21.1046 -13.9354 -7.0698
v 21.1442 -13.8433 -7.1088
v 21.2349 -13.9399 -6.9364
v 21.2779 -13.8477 -6.9720
v 21.3565 -13.9471 -6.7954
v 21.4028 -13.8548 -6.8273
v 21.5720 -13.9696 -6.4927
v 21.6241 -13.8769 -6.5166
v 21.7479 -14.0032 -6.1668
v 21.8049 -13.9101 -6.1819
v 21.8817 -14.0479 -5.8231
v 21.9425 -13.9543 -5.8286
v 21.9510 -14.0867 -5.5683
v 22.0138 -13.9927 -5.5667
v 21.9974 -14.1309 -5.3094
v 22.0616 -14.0363 -5.3004
v 22.0208 -14.1800 -5.0484
v 22.0858 -14.0849 -5.0319
v 22.0213 -14.2339 -4.7873
v 22.0864 -14.1381 -4.7632
v 22.0071 -14.2762 -4.5964
v 22.0719 -14.1800 -4.5666
v 21.9808 -14.3206 -4.4071
v 22.0449 -14.2239 -4.3718
v 21.9425 -14.3669 -4.2203
v 22.0056 -14.2696 -4.1795
v 21.8925 -14.4148 -4.0367
v 21.9542 -14.3170 -3.9905
v 21.8310 -14.4641 -3.8568
v 21.8909 -14.3657 -3.8053
v 21.7582 -14.5145 -3.6813
v 21.8161 -14.4155 -3.6247
v 21.6744 -14.5658 -3.5109
v 21.7300 -14.4662 -3.4493
v 21.5799 -14.6177 -3.3461
v 21.6329 -14.5174 -3.2798
v 21.4817 -14.6667 -3.1968
v 21.5320 -14.5658 -3.1262
v 21.3746 -14.7158 -3.0535
v 21.4219 -14.6142 -2.9788
v 21.2589 -14.7646 -2.9167
v 21.3031 -14.6624 -2.8381
vn 0.0000 1.0000 0.0000
vn 0.0000 1.0000 0.0000
vn 0.0000 1.0000 0.0000
vn 0.0000 1.0000 0.0000
vn 0.0000 1.0000 0.0000
vn 0.0000 1.0000 0.0000
vn 0.0000 1.0000 0.0000
vn 0.0000 1.0000 0.0000
vn 0.0000 1.0000 0.0000
vn 0.0000 1.0000 0.0000
vn 0.0000 1.0000 0.0000
vn 0.0000 1.0000 0.0000
vn 0.0000 1.0000 0.0000
vn 0.0000 1.0000 0.0000
vn 0.0000 1.0000 0.0000
vn 0.0000 1.0000 0.0000
vn 0.0000 1.0000 0.0000
vn 0.0000 1.0000 0.0000
vn 0.0000 1.0000 0.0000
vn 0.0000 1.0000 0.0000
vn 0.0000 1.0000 0.0000
vn 0.0000 1.0000 0.0000
vn 0.0000 1.0000 0.0000
vn 0.0000 1.0000 0.0000
vn 0.0000 1.0000 0.0000
vn 0.0000 1.0000 0.0000
vn 0.0000 1.0000 0.0000
vn 0.0000 1.0000 0.0000
vn 0.0000 1.0000 0.0000
vn 0.0000 1.0000 0.0000
vn 0.0000 1.0000 0.0000
vn 0.0000 1.0000 0.0000
vn 0.0000 1.0000 0.0000
vn 0.0000 1.0000 0.0000
vn 0.0000 1.0000 0.0000
vn 0.0000 1.0000 0.0000
vn 0.0000 1.0000 0.0000
vn 0.0000 1.0000 0.0000
vn 0.0000 1.0000 0.0000
vn 0.0000 1.0000 0.0000
vn 0.0000 1.0000 0.0000
vn 0.0000 1.0000 0.0000
vn 0.0000 1.0000 0.0000
vn 0.0000 1.0000 0.0000
vn 0.0000 1.0000 0.0000
vn 0.0000 1.0000 0.0000
vn 0.0000 1.0000 0.0000
vn 0.0000 1.0000 0.0000
vn 0.0000 1.0000 0.0000
vn 0.0000 1.0000 0.0000
vn 0.0000 1.0000 0.0000
vn 0.0000 1.0000 0.0000
vn 0.0000 1.0000 0.0000
vn 0.0000 1.0000 0.0000
vn 0.0000 1.0000 0.0000
vn 0.0000 1.0000 0.0000
vn 0.0000 1.0000 0.0000
vn 0.0000 1.0000 0.0000
vn 0.0000 1.0000 0.0000
vn 0.0000 1.0000 0.0000
vn 0.0000 1.0000 0.0000
vn 0.0000 1.0000 0.0000
vn 0.0000 1.0000 0.0000
vn 0.0000 1.0000 0.0000
vn 0.0000 1.0000 0.0000
vn 0.0000 1.0000 0.0000
vn 0.0000 1.0000 0.0000
vn 0.0000 1.0000 0.0000
vn 0.0000 1.0000 0.0000
vn 0.0000 1.0000 0.0000
vn 0.0000 1.0000 0.0000
vn 0.0000 1.0000 0.0000
vn 0.0000 1.0000 0.0000
vn 0.0000 1.0000 0.0000
vn 0.0000 1.0000 0.0000
vn 0.0000 1.0000 0.0000
vn 0.0000 1.0000 0.0000
vn 0.0000 1.0000 0.0000
vn 0.0000 1.0000 0.0000
vn 0.0000 1.0000 0.0000
vn 0.0000 1.0000 0.0000
vn 0.0000 1.0000 0.0000
vn 0.0000 1.0000 0.0000
vn 0.0000 1.0000 0.0000
vn 0.0000 1.0000 0.0000
vn -0.9998 0.0175 -0.0000
vn -0.9998 0.0175 -0.0000
vn 0.9998 0.0175 0.0000
vn 0.9806 0.0175 -0.1951
vn 0.9237 0.0175 -0.3826
vn 0.8313 0.0175 -0.5555
vn 0.7070 0.0175 -0.7070
vn 0.5555 0.0175 -0.8313
vn 0.3826 0.0175 -0.9237
vn 0.1951 0.0175 -0.9806
vn -0.0000 0.0175 -0.9998
vn -0.1951 0.0175 -0.9806
vn -0.3826 0.0175 -0.9237
vn -0.5555 0.0175 -0.8313
vn -0.7070 0.0175 -0.7070
vn -0.8313 0.0175 -0.5555
vn -0.9237 0.0175 -0.3826
vn -0.9806 0.0175 -0.1951
vn 0.9998 0.0175 -0.0000
vn 0.9991 0.0175 -0.0385
vn -0.9996 0.0175 -0.0218
vn -0.9351 0.0175 -0.3541
vn -0.8325 0.0175 -0.5537
vn -0.6915 0.0175 -0.7222
vn -0.5165 0.0175 -0.8561
vn -0.3163 0.0175 -0.9485
vn -0.1014 0.0175 -0.9947
vn 0.1177 0.0175 -0.9929
vn 0.5273 0.0175 -0.8495
vn 0.7184 0.0175 -0.6954
vn 0.8657 0.0175 -0.5003
vn 0.9608 0.0175 -0.2768
vn 0.9806 0.0175 -0.1951
vn 0.9237 0.0175 -0.3826
vn 0.8313 0.0175 -0.5555
vn 0.9806 0.0175 -0.1951
vn 0.7070 0.0175 -0.7070
vn 0.9237 0.0175 -0.3826
vn 0.5555 0.0175 -0.8313
vn 0.8313 0.0175 -0.5555
vn 0.3826 0.0175 -0.9237
vn 0.9806 0.0175 -0.1951
vn 0.7070 0.0175 -0.7070
vn 0.1951 0.0175 -0.9806
vn 0.9237 0.0175 -0.3826
vn 0.5555 0.0175 -0.8313
vn -0.0000 0.0175 -0.9998
vn 0.8313 0.0175 -0.5555
vn 0.3826 0.0175 -0.9237
vn -0.1951 0.0175 -0.9806
vn 0.9806 0.0175 -0.1951
vn 0.7070 0.0175 -0.7070
vn 0.1951 0.0175 -0.9806
vn -0.3826 0.0175 -0.9237
vn 0.9237 0.0175 -0.3826
vn 0.5555 0.0175 -0.8313
vn -0.0000 0.0175 -0.9998
vn -0.5555 0.0175 -0.8313
vn 0.8313 0.0175 -0.5555
vn 0.3826 0.0175 -0.9237
vn -0.1951 0.0175 -0.9806
vn 0.9806 0.0175 -0.1951
vn -0.7070 0.0175 -0.7070
vn 0.7070 0.0175 -0.7070
vn 0.1951 0.0175 -0.9806
vn -0.3826 0.0175 -0.9237
vn 0.9237 0.0175 -0.3826
vn -0.8313 0.0175 -0.5555
vn 0.5555 0.0175 -0.8313
vn -0.0000 0.0175 -0.9998
vn -0.5555 0.0175 -0.8313
vn 0.8313 0.0175 -0.5555
vn -0.9237 0.0175 -0.3826
vn 0.3826 0.0175 -0.9237
vn -0.1951 0.0175 -0.9806
vn 0.9806 0.0175 -0.1951
vn -0.7070 0.0175 -0.7070
vn 0.7070 0.0175 -0.7070
vn -0.9806 0.0175 -0.1951
vn 0.1951 0.0175 -0.9806
vn -0.3826 0.0175 -0.9237
vn 0.9237 0.0175 -0.3826
vn -0.8313 0.0175 -0.5555
vn 0.5555 0.0175 -0.8313
vn -0.0000 0.0175 -0.9998
vn -0.5555 0.0175 -0.8313
vn 0.8313 0.0175 -0.5555
vn -0.9237 0.0175 -0.3826
vn 0.3826 0.0175 -0.9237
vn -0.1951 0.0175 -0.9806
vn 0.9806 0.0175 -0.1951
vn -0.7070 0.0175 -0.7070
vn 0.7070 0.0175 -0.7070
vn -0.9806 0.0175 -0.1951
vn 0.1951 0.0175 -0.9806
vn -0.3826 0.0175 -0.9237
vn 0.9237 0.0175 -0.3826
vn -0.8313 0.0175 -0.5555
vn 0.5555 0.0175 -0.8313
vn -0.0000 0.0175 -0.9998
vn -0.5555 0.0175 -0.8313
vn 0.8313 0.0175 -0.5555
vn -0.9237 0.0175 -0.3826
vn 0.3826 0.0175 -0.9237
vn -0.1951 0.0175 -0.9806
vn 0.9806 0.0175 -0.1951
vn -0.7070 0.0175 -0.7070
vn 0.7070 0.0175 -0.7070
vn -0.9806 0.0175 -0.1951
vn 0.1951 0.0175 -0.9806
vn -0.3826 0.0175 -0.9237
vn 0.9237 0.0175 -0.3826
vn -0.8313 0.0175 -0.5555
vn 0.5555 0.0175 -0.8313
vn -0.0000 0.0175 -0.9998
vn -0.5555 0.0175 -0.8313
vn 0.8313 0.0175 -0.5555
vn -0.9237 0.0175 -0.3826
vn 0.3826 0.0175 -0.9237
vn -0.1951 0.0175 -0.9806
vn 0.9806 0.0175 -0.1951
vn -0.7070 0.0175 -0.7070
vn 0.7070 0.0175 -0.7070
vn -0.9806 0.0175 -0.1951
vn 0.1951 0.0175 -0.9806
vn -0.3826 0.0175 -0.9237
vn 0.9237 0.0175 -0.3826
vn -0.8313 0.0175 -0.5555
vn 0.5555 0.0175 -0.8313
vn -0.0000 0.0175 -0.9998
vn -0.5555 0.0175 -0.8313
vn 0.8313 0.0175 -0.5555
vn -0.9237 0.0175 -0.3826
vn 0.3826 0.0175 -0.9237
vn -0.1951 0.0175 -0.9806
vn -0.7070 0.0175 -0.7070
vn 0.7070 0.0175 -0.7070
vn -0.9806 0.0175 -0.1951
vn 0.1951 0.0175 -0.9806
vn -0.3826 0.0175 -0.9237
vn -0.8313 0.0175 -0.5555
vn 0.5555 0.0175 -0.8313
vn -0.0000 0.0175 -0.9998
vn -0.5555 0.0175 -0.8313
vn -0.9237 0.0175 -0.3826
vn 0.3826 0.0175 -0.9237
vn -0.1951 0.0175 -0.9806
vn -0.7070 0.0175 -0.7070
vn -0.9806 0.0175 -0.1951
vn 0.1951 0.0175 -0.9806
vn -0.3826 0.0175 -0.9237
vn -0.8313 0.0175 -0.5555
vn -0.0000 0.0175 -0.9998
vn -0.5555 0.0175 -0.8313
vn -0.9237 0.0175 -0.3826
vn -0.1951 0.0175 -0.9806
vn -0.7070 0.0175 -0.7070
vn -0.9806 0.0175 -0.1951
vn -0.3826 0.0175 -0.9237
vn -0.8313 0.0175 -0.5555
vn -0.5555 0.0175 -0.8313
vn -0.9237 0.0175 -0.3826
vn -0.7070 0.0175 -0.7070
vn -0.9806 0.0175 -0.1951
vn -0.8313 0.0175 -0.5555
vn -0.9237 0.0175 -0.3826
vn -0.9806 0.0175 -0.1951
vn 0.8812 -0.0871 0.4647
vn 0.8791 -0.0871 0.4686
vn 0.8771 -0.0872 0.4723
vn 0.8735 -0.0872 0.4789
vn 0.8735 -0.0872 0.4789
vn 0.8820 -0.0871 0.4631
vn 0.8798 -0.0871 0.4672
vn 0.8776 -0.0872 0.4713
vn 0.8755 -0.0872 0.4752
vn 0.8809 -0.0871 0.4652
vn 0.8766 -0.0872 0.4733
vn 0.8745 -0.0872 0.4771
vn 0.8766 -0.0872 0.4733
vn 0.8745 -0.0872 0.4771
vn -0.3673 0.9061 0.2100
vn -0.3597 0.9206 0.1517
vn -0.3255 0.9407 0.0957
vn -0.2441 0.9690 0.0375
vn -0.1200 0.9927 0.0106
vn 0.0137 0.9993 0.0361
vn 0.1220 0.9856 0.1168
vn 0.1647 0.9604 0.2247
vn 0.1369 0.9372 0.3209
vn 0.0582 0.9169 0.3949
vn -0.0625 0.9006 0.4302
vn -0.1827 0.8926 0.4122
vn -0.2787 0.8904 0.3598
vn -0.3401 0.8944 0.2903
vn -0.3663 0.9044 0.2188
vn -0.1367 0.9297 0.3420
vn -0.0653 0.9467 0.3154
vn -0.1324 0.9226 0.3624
vn -0.0398 0.9440 0.3275
vn 0.0730 0.9243 0.3746
vn 0.0741 0.9323 0.3540
vn -0.0124 0.9481 0.3177
vn 0.0770 0.9575 0.2779
vn 0.0775 0.9646 0.2523
vn -0.0413 0.9513 0.3056
vn -0.1493 0.9570 0.2487
vn -0.1471 0.9508 0.2727
vn -0.1517 0.9700 0.1898
vn -0.0708 0.9861 0.1501
vn -0.1512 0.9649 0.2147
vn -0.0450 0.9858 0.1619
vn 0.0778 0.9724 0.2198
vn 0.0778 0.9781 0.1929
vn -0.0154 0.9886 0.1496
vn 0.0763 0.9912 0.1082
vn 0.0755 0.9936 0.0834
vn -0.0446 0.9894 0.1379
vn -0.1465 0.9849 0.0918
vn -0.1488 0.9822 0.1149
vn -0.2104 0.9168 0.3393
vn -0.3547 0.9218 0.1564
vn -0.2144 0.9332 0.2885
vn -0.0668 0.9275 0.3679
vn -0.2098 0.9623 0.1733
vn 0.1020 0.9405 0.3242
vn -0.0548 0.9807 0.1878
vn -0.1882 0.9805 0.0572
vn 0.1184 0.9729 0.1985
vn -0.0365 0.9976 0.0593
vn 0.3167 -0.9484 -0.0146
vn 0.3117 -0.9501 -0.0100
vn 0.2635 -0.9643 0.0271
vn 0.2042 -0.9772 0.0589
vn 0.1456 -0.9861 0.0795
vn 0.0828 -0.9923 0.0919
vn 0.0180 -0.9953 0.0951
vn -0.0473 -0.9950 0.0881
vn -0.1103 -0.9914 0.0704
vn -0.1696 -0.9846 0.0414
vn -0.2210 -0.9753 0.0026
vn -0.2629 -0.9639 -0.0434
vn -0.2928 -0.9514 -0.0954
vn -0.3088 -0.9392 -0.1503
vn -0.3111 -0.9282 -0.2039
vn -0.3038 -0.9198 -0.2485
vn -0.2730 -0.9072 -0.3200
vn -0.2198 -0.8968 -0.3840
vn -0.1496 -0.8885 -0.4338
vn -0.0785 -0.8834 -0.4619
vn -0.0037 -0.8802 -0.4746
vn 0.0606 -0.8785 -0.4739
vn 0.1229 -0.8774 -0.4637
vn 0.1814 -0.8766 -0.4456
vn 0.2343 -0.8763 -0.4209
vn 0.2800 -0.8767 -0.3912
vn 0.3180 -0.8779 -0.3579
vn 0.3481 -0.8802 -0.3226
vn 0.3701 -0.8837 -0.2864
vn 0.3849 -0.8884 -0.2503
vn 0.3932 -0.8940 -0.2147
vn 0.3955 -0.9005 -0.1809
vn 0.3932 -0.9067 -0.1529
vn 0.3805 -0.9186 -0.1066
vn 0.3557 -0.9327 -0.0601
vn 0.2343 -0.9720 -0.0197
vn 0.2006 -0.9764 -0.0803
vn 0.1503 -0.9757 -0.1594
vn 0.3182 -0.9470 -0.0452
vn 0.2796 -0.9596 -0.0318
vn 0.2040 -0.9445 -0.2573
vn 0.2566 -0.9499 -0.1782
vn 0.2791 -0.9503 -0.1380
vn 0.2974 -0.9494 -0.1010
vn 0.1735 -0.8974 -0.4058
vn 0.1918 -0.9207 -0.3398
vn 0.0622 -0.9038 -0.4234
vn 0.1196 -0.9014 -0.4161
vn 0.0795 -0.9612 -0.2643
vn 0.0724 -0.9325 -0.3538
vn -0.1341 -0.9910 0.0052
vn -0.0760 -0.9950 -0.0645
vn -0.0316 -0.9922 -0.1202
vn 0.0259 -0.9807 -0.1937
vn 0.0143 -0.9999 0.0080
vn -0.0607 -0.9981 0.0087
vn 0.1181 -0.9863 -0.1155
vn 0.0838 -0.9939 -0.0717
vn 0.3487 -0.8923 -0.2868
vn 0.3554 -0.9019 -0.2456
vn 0.2104 -0.9168 -0.3393
vn 0.3547 -0.9218 -0.1564
vn 0.2144 -0.9332 -0.2885
vn 0.3346 -0.9399 -0.0685
vn -0.0934 -0.9210 -0.3781
vn -0.1020 -0.9405 -0.3242
vn 0.1882 -0.9805 -0.0572
vn -0.2468 -0.9154 -0.3180
vn -0.1184 -0.9729 -0.1985
vn 0.1547 -0.9872 0.0388
vn -0.2662 -0.9423 -0.2027
vn -0.1304 -0.9890 -0.0699
vn 0.0143 -0.9988 0.0458
vn -0.2724 -0.9584 -0.0854
vn -0.1364 -0.9900 0.0358
vn 0.1297 -0.9782 -0.1620
vn 0.0998 -0.9878 -0.1198
vn 0.0684 -0.9946 -0.0778
vn 0.0370 -0.9986 -0.0378
vn 0.0055 -1.0000 -0.0002
vn -0.0960 -0.9954 -0.0010
vn -0.0454 -0.9970 -0.0630
vn -0.0087 -0.9939 -0.1099
vn 0.0377 -0.9846 -0.1709
vn 0.0820 -0.9695 -0.2311
vn 0.0786 -0.9474 -0.3104
vn 0.0725 -0.9225 -0.3792
vn 0.1528 -0.9162 -0.3705
vn 0.1630 -0.9385 -0.3045
vn 0.1688 -0.9587 -0.2290
vn 0.2148 -0.9634 -0.1602
vn 0.2368 -0.9636 -0.1243
vn 0.2561 -0.9624 -0.0905
vn 0.2827 -0.9585 -0.0367
vn 0.2165 -0.9761 -0.0214
vn 0.1798 -0.9801 -0.0839
vn 0.1559 -0.9802 -0.1220
vn 0.1424 -0.9594 -0.2433
vn 0.2489 -0.9667 -0.0593
vn 0.3117 -0.9501 -0.0100
vn 0.2635 -0.9643 0.0271
vn 0.2042 -0.9772 0.0589
vn 0.1456 -0.9861 0.0795
vn 0.0828 -0.9923 0.0919
vn 0.0180 -0.9953 0.0951
vn -0.0473 -0.9950 0.0881
vn -0.1103 -0.9914 0.0704
vn -0.1696 -0.9846 0.0414
vn -0.2210 -0.9753 0.0027
vn -0.2629 -0.9639 -0.0434
vn -0.2928 -0.9514 -0.0954
vn -0.3088 -0.9392 -0.1503
vn -0.3111 -0.9282 -0.2039
vn -0.3038 -0.9198 -0.2485
vn -0.2730 -0.9072 -0.3200
vn -0.2198 -0.8968 -0.3840
vn -0.1496 -0.8885 -0.4338
vn -0.6439 -0.0131 -0.7650
vn -0.9999 -0.0131 0.0000
vn -0.9812 -0.0131 -0.1925
vn -0.9483 -0.0131 -0.3173
vn -0.8960 -0.0131 -0.4439
vn -0.8270 -0.0131 -0.5621
vn -0.7424 -0.0131 -0.6698
vn 0.6263 -0.0131 0.7795
vn 0.4174 -0.0131 0.9086
vn 0.2623 -0.0131 0.9649
vn 0.0972 -0.0131 0.9952
vn -0.0701 -0.0131 0.9975
vn -0.2351 -0.0131 0.9719
vn -0.3934 -0.0131 0.9193
vn -0.5408 -0.0131 0.8410
vn -0.6732 -0.0131 0.7393
vn -0.7696 -0.0131 0.6384
vn -0.8956 -0.0131 0.4446
vn -0.9736 -0.0131 0.2280
vn 0.6446 -0.0131 0.7644
vn 0.3166 -0.9484 -0.0146
vn 0.4573 -0.7943 0.3999
vn 0.5432 -0.4417 0.7140
vn 0.3884 -0.8068 0.4452
vn 0.4477 -0.4499 0.7727
vn 0.3119 -0.8181 0.4831
vn 0.3435 -0.4573 0.8203
vn 0.2289 -0.8277 0.5123
vn 0.2321 -0.4636 0.8551
vn 0.1407 -0.8352 0.5317
vn 0.1153 -0.4684 0.8760
vn 0.0480 -0.8402 0.5402
vn -0.0064 -0.4715 0.8818
vn -0.0459 -0.8424 0.5368
vn -0.1286 -0.4728 0.8718
vn -0.0927 -0.8425 0.5307
vn -0.1891 -0.4727 0.8607
vn -0.1391 -0.8419 0.5215
vn -0.2487 -0.4721 0.8457
vn -0.1848 -0.8405 0.5093
vn -0.3072 -0.4711 0.8269
vn -0.2293 -0.8385 0.4942
vn -0.3642 -0.4696 0.8042
vn -0.2745 -0.8358 0.4755
vn -0.4219 -0.4677 0.7767
vn -0.3182 -0.8324 0.4537
vn -0.4773 -0.4653 0.7454
vn -0.3601 -0.8284 0.4291
vn -0.5304 -0.4625 0.7105
vn -0.4000 -0.8238 0.4017
vn -0.5807 -0.4593 0.6722
vn -0.4377 -0.8187 0.3717
vn -0.6280 -0.4558 0.6308
vn -0.4727 -0.8132 0.3395
vn -0.6720 -0.4521 0.5865
vn -0.5051 -0.8073 0.3053
vn -0.7127 -0.4481 0.5397
vn -0.5346 -0.8010 0.2694
vn -0.7497 -0.4440 0.4907
vn -0.5856 -0.7875 0.1923
vn -0.8138 -0.4350 0.3854
vn -0.6241 -0.7734 0.1108
vn -0.8622 -0.4258 0.2744
vn -0.6385 -0.7665 0.0689
vn -0.8805 -0.4213 0.2174
vn -0.6497 -0.7597 0.0265
vn -0.8948 -0.4169 0.1597
vn -0.6577 -0.7531 -0.0160
vn -0.9052 -0.4126 0.1017
vn -0.6626 -0.7467 -0.0585
vn -0.9117 -0.4085 0.0436
vn -0.6643 -0.7406 -0.1006
vn -0.9144 -0.4046 -0.0143
vn -0.6632 -0.7347 -0.1427
vn -0.9133 -0.4008 -0.0719
vn -0.6591 -0.7291 -0.1846
vn -0.9086 -0.3972 -0.1293
vn -0.6521 -0.7237 -0.2260
vn -0.9002 -0.3938 -0.1861
vn -0.6423 -0.7185 -0.2666
vn -0.8882 -0.3905 -0.2420
vn -0.6298 -0.7137 -0.3065
vn -0.8728 -0.3875 -0.2969
vn -0.6146 -0.7091 -0.3456
vn -0.8539 -0.3845 -0.3508
vn -0.5967 -0.7047 -0.3838
vn -0.8316 -0.3818 -0.4034
vn -0.5764 -0.7006 -0.4207
vn -0.8062 -0.3792 -0.4542
vn -0.5535 -0.6967 -0.4563
vn -0.7776 -0.3768 -0.5033
vn -0.5282 -0.6931 -0.4905
vn -0.7460 -0.3746 -0.5506
vn -0.5005 -0.6897 -0.5232
vn -0.7114 -0.3724 -0.5960
vn -0.6342 -0.3686 -0.6796
vn 0.0193 -0.0871 0.9960
vn 0.0193 -0.0871 0.9960
vn 0.0257 -0.0871 0.9959
vn 0.0257 -0.0871 0.9959
vn 0.0231 -0.0871 0.9959
vn 0.0210 -0.0871 0.9960
vn 0.0210 -0.0871 0.9960
vn 0.8575 -0.0872 -0.5071
vn 0.8614 -0.0872 -0.5003
vn 0.8634 -0.0872 -0.4969
vn 0.8652 -0.0872 -0.4938
vn 0.8675 -0.0872 -0.4897
vn 0.8675 -0.0872 -0.4897
vn 0.8573 -0.0872 -0.5073
vn 0.8611 -0.0872 -0.5009
vn 0.8630 -0.0872 -0.4976
vn 0.8648 -0.0872 -0.4945
vn 0.8590 -0.0872 -0.5045
vn 0.8620 -0.0872 -0.4994
vn 0.8657 -0.0872 -0.4930
vn 0.8675 -0.0872 -0.4897
vn 0.8675 -0.0872 -0.4897
vn 0.9960 -0.0871 -0.0216
vn 0.9960 -0.0871 -0.0213
vn 0.9956 -0.0871 -0.0357
vn 0.9958 -0.0871 -0.0287
vn 0.9956 -0.0871 -0.0357
vn 0.9958 -0.0871 -0.0294
vn 0.9958 -0.0871 -0.0287
vn 0.9958 -0.0871 -0.0287
vn 0.9959 -0.0871 -0.0232
vn 0.0145 -0.0871 -0.9961
vn 0.0145 -0.0871 -0.9961
vn 0.0069 -0.0872 -0.9962
vn 0.0069 -0.0872 -0.9962
vn 0.0107 -0.0872 -0.9961
vn 0.0127 -0.0871 -0.9961
vn 0.0127 -0.0871 -0.9961
vn 0.0127 -0.0871 -0.9961
vn -0.9960 -0.0871 -0.0211
vn -0.9958 -0.0871 -0.0293
vn -0.9956 -0.0871 -0.0358
vn -0.9956 -0.0871 -0.0358
vn -0.9960 -0.0871 -0.0208
vn -0.9958 -0.0871 -0.0285
vn -0.9959 -0.0871 -0.0227
vn -0.9958 -0.0871 -0.0285
vn -0.9959 -0.0871 -0.0227
vn -0.9956 -0.0871 -0.0341
vn -0.8505 -0.0871 -0.5187
vn -0.8504 -0.0871 -0.5189
vn -0.8635 -0.0872 -0.4967
vn -0.8600 -0.0872 -0.5027
vn -0.8574 -0.0872 -0.5072
vn -0.8539 -0.0871 -0.5130
vn -0.8635 -0.0872 -0.4967
vn -0.8606 -0.0872 -0.5017
vn -0.8579 -0.0872 -0.5064
vn -0.8542 -0.0871 -0.5125
vn -0.8574 -0.0872 -0.5072
vn -0.8574 -0.0872 -0.5072
vn -0.8757 -0.0872 0.4750
vn -0.8765 -0.0872 0.4735
vn -0.8694 -0.0872 0.4864
vn -0.8725 -0.0872 0.4808
vn -0.8744 -0.0872 0.4773
vn -0.8694 -0.0872 0.4864
vn -0.8721 -0.0872 0.4816
vn -0.8708 -0.0872 0.4838
vn -0.8725 -0.0872 0.4808
vn -0.8744 -0.0872 0.4773
vn -0.8725 -0.0872 0.4808
vn -0.8744 -0.0872 0.4773
vn 0.9999 -0.0131 0.0000
vn 0.9931 -0.0131 -0.1168
vn 0.9726 -0.0131 -0.2320
vn 0.9389 -0.0131 -0.3440
vn 0.8923 -0.0131 -0.4512
vn 0.8335 -0.0131 -0.5524
vn 0.7633 -0.0131 -0.6459
vn 0.6826 -0.0131 -0.7306
vn 0.5926 -0.0131 -0.8054
vn 0.4945 -0.0131 -0.8691
vn 0.3896 -0.0131 -0.9209
vn 0.2794 -0.0131 -0.9601
vn 0.1654 -0.0131 -0.9861
vn 0.0491 -0.0131 -0.9987
vn -0.0679 -0.0131 -0.9976
vn -0.1839 -0.0131 -0.9829
vn -0.2974 -0.0131 -0.9547
vn -0.4069 -0.0131 -0.9134
vn -0.5108 -0.0131 -0.8596
vn -0.6077 -0.0131 -0.7941
vn -0.6962 -0.0131 -0.7177
vn 0.9999 -0.0131 0.0000
vn -0.6439 -0.0131 -0.7650
vn -0.4348 -0.0131 -0.9005
vn -0.2790 -0.0131 -0.9602
vn -0.1138 -0.0131 -0.9934
vn 0.0544 -0.0131 -0.9984
vn 0.2210 -0.0131 -0.9752
vn 0.3811 -0.0131 -0.9244
vn 0.5302 -0.0131 -0.8478
vn 0.6641 -0.0131 -0.7475
vn 0.7628 -0.0131 -0.6465
vn 0.8926 -0.0131 -0.4508
vn 0.9729 -0.0131 -0.2310
vn -0.9999 -0.0131 -0.0000
vn -0.9812 -0.0131 -0.1925
vn -0.9483 -0.0131 -0.3173
vn -0.8960 -0.0131 -0.4439
vn -0.8270 -0.0131 -0.5621
vn -0.7424 -0.0131 -0.6698
vn -0.9999 -0.0131 -0.0000
vn -0.7736 -0.0131 -0.6335
vn -0.8408 -0.0131 -0.5411
vn -0.8971 -0.0131 -0.4416
vn -0.9416 -0.0131 -0.3364
vn -0.9739 -0.0131 -0.2267
vn -0.9934 -0.0131 -0.1141
vn 0.9887 -0.0131 -0.1490
vn 0.9555 -0.0131 -0.2947
vn 0.9009 -0.0131 -0.4338
vn 0.9887 -0.0131 -0.1490
vn 0.8262 -0.0131 -0.5633
vn 0.9555 -0.0131 -0.2947
vn 0.7330 -0.0131 -0.6801
vn 0.9009 -0.0131 -0.4338
vn 0.9887 -0.0131 -0.1490
vn 0.6234 -0.0131 -0.7818
vn 0.8262 -0.0131 -0.5633
vn 0.9555 -0.0131 -0.2947
vn 0.5000 -0.0131 -0.8660
vn 0.7330 -0.0131 -0.6801
vn 0.9009 -0.0131 -0.4338
vn 0.3653 -0.0131 -0.9308
vn 0.9887 -0.0131 -0.1490
vn 0.6234 -0.0131 -0.7818
vn 0.8262 -0.0131 -0.5633
vn 0.2225 -0.0131 -0.9748
vn 0.9555 -0.0131 -0.2947
vn 0.5000 -0.0131 -0.8660
vn 0.7330 -0.0131 -0.6801
vn 0.0747 -0.0131 -0.9971
vn 0.9009 -0.0131 -0.4338
vn 0.3653 -0.0131 -0.9308
vn 0.9887 -0.0131 -0.1490
vn 0.6234 -0.0131 -0.7818
vn -0.0747 -0.0131 -0.9971
vn 0.8262 -0.0131 -0.5633
vn 0.2225 -0.0131 -0.9748
vn 0.9555 -0.0131 -0.2947
vn 0.5000 -0.0131 -0.8660
vn -0.2225 -0.0131 -0.9748
vn 0.7330 -0.0131 -0.6801
vn 0.0747 -0.0131 -0.9971
vn 0.9009 -0.0131 -0.4338
vn 0.3653 -0.0131 -0.9308
vn 0.9887 -0.0131 -0.1490
vn -0.3653 -0.0131 -0.9308
vn 0.6234 -0.0131 -0.7818
vn -0.0747 -0.0131 -0.9971
vn 0.8262 -0.0131 -0.5633
vn 0.2225 -0.0131 -0.9748
vn 0.9555 -0.0131 -0.2947
vn -0.5000 -0.0131 -0.8660
vn 0.5000 -0.0131 -0.8660
vn -0.2225 -0.0131 -0.9748
vn 0.7330 -0.0131 -0.6801
vn 0.0747 -0.0131 -0.9971
vn 0.9009 -0.0131 -0.4338
vn -0.6234 -0.0131 -0.7818
vn 0.3653 -0.0131 -0.9308
vn 0.9887 -0.0131 -0.1490
vn -0.3653 -0.0131 -0.9308
vn 0.6234 -0.0131 -0.7818
vn -0.0747 -0.0131 -0.9971
vn 0.8262 -0.0131 -0.5633
vn -0.7330 -0.0131 -0.6801
vn 0.2225 -0.0131 -0.9748
vn 0.9555 -0.0131 -0.2947
vn -0.5000 -0.0131 -0.8660
vn 0.5000 -0.0131 -0.8660
vn -0.2225 -0.0131 -0.9748
vn 0.7330 -0.0131 -0.6801
vn -0.8262 -0.0131 -0.5633
vn 0.0747 -0.0131 -0.9971
vn 0.9009 -0.0131 -0.4338
vn -0.6234 -0.0131 -0.7818
vn 0.3653 -0.0131 -0.9308
vn 0.9887 -0.0131 -0.1490
vn -0.3653 -0.0131 -0.9308
vn 0.6234 -0.0131 -0.7818
vn -0.9009 -0.0131 -0.4338
vn -0.0747 -0.0131 -0.9971
vn 0.8262 -0.0131 -0.5633
vn -0.7330 -0.0131 -0.6801
vn 0.2225 -0.0131 -0.9748
vn 0.9555 -0.0131 -0.2947
vn -0.5000 -0.0131 -0.8660
vn 0.5000 -0.0131 -0.8660
vn -0.9555 -0.0131 -0.2947
vn -0.2225 -0.0131 -0.9748
vn 0.7330 -0.0131 -0.6801
vn -0.8262 -0.0131 -0.5633
vn 0.0747 -0.0131 -0.9971
vn 0.9009 -0.0131 -0.4338
vn -0.6234 -0.0131 -0.7818
vn 0.3653 -0.0131 -0.9308
vn 0.9887 -0.0131 -0.1490
vn -0.9887 -0.0131 -0.1490
vn -0.3653 -0.0131 -0.9308
vn 0.6234 -0.0131 -0.7818
vn -0.9009 -0.0131 -0.4338
vn -0.0747 -0.0131 -0.9971
vn 0.8262 -0.0131 -0.5633
vn -0.7330 -0.0131 -0.6801
vn 0.2225 -0.0131 -0.9748
vn 0.9555 -0.0131 -0.2947
vn -0.5000 -0.0131 -0.8660
vn 0.5000 -0.0131 -0.8660
vn -0.9555 -0.0131 -0.2947
vn -0.2225 -0.0131 -0.9748
vn 0.7330 -0.0131 -0.6801
vn -0.8262 -0.0131 -0.5633
vn 0.0747 -0.0131 -0.9971
vn 0.9009 -0.0131 -0.4338
vn -0.6234 -0.0131 -0.7818
vn 0.3653 -0.0131 -0.9308
vn -0.9887 -0.0131 -0.1490
vn -0.3653 -0.0131 -0.9308
vn 0.6234 -0.0131 -0.7818
vn -0.9009 -0.0131 -0.4338
vn -0.0747 -0.0131 -0.9971
vn 0.8262 -0.0131 -0.5633
vn -0.7330 -0.0131 -0.6801
vn 0.2225 -0.0131 -0.9748
vn -0.5000 -0.0131 -0.8660
vn 0.5000 -0.0131 -0.8660
vn -0.9555 -0.0131 -0.2947
vn -0.2225 -0.0131 -0.9748
vn 0.7330 -0.0131 -0.6801
vn -0.8262 -0.0131 -0.5633
vn 0.0747 -0.0131 -0.9971
vn -0.6234 -0.0131 -0.7818
vn 0.3653 -0.0131 -0.9308
vn -0.9887 -0.0131 -0.1490
vn -0.3653 -0.0131 -0.9308
vn 0.6234 -0.0131 -0.7818
vn -0.9009 -0.0131 -0.4338
vn -0.0747 -0.0131 -0.9971
vn -0.7330 -0.0131 -0.6801
vn 0.2225 -0.0131 -0.9748
vn -0.5000 -0.0131 -0.8660
vn 0.5000 -0.0131 -0.8660
vn -0.9555 -0.0131 -0.2947
vn -0.2225 -0.0131 -0.9748
vn -0.8262 -0.0131 -0.5633
vn 0.0747 -0.0131 -0.9971
vn -0.6234 -0.0131 -0.7818
vn 0.3653 -0.0131 -0.9308
vn -0.9887 -0.0131 -0.1490
vn -0.3653 -0.0131 -0.9308
vn -0.9009 -0.0131 -0.4338
vn -0.0747 -0.0131 -0.9971
vn -0.7330 -0.0131 -0.6801
vn 0.2225 -0.0131 -0.9748
vn -0.5000 -0.0131 -0.8660
vn -0.9555 -0.0131 -0.2947
vn -0.2225 -0.0131 -0.9748
vn -0.8262 -0.0131 -0.5633
vn 0.0747 -0.0131 -0.9971
vn -0.6234 -0.0131 -0.7818
vn -0.9887 -0.0131 -0.1490
vn -0.3653 -0.0131 -0.9308
vn -0.9009 -0.0131 -0.4338
vn -0.0747 -0.0131 -0.9971
vn -0.7330 -0.0131 -0.6801
vn -0.5000 -0.0131 -0.8660
vn -0.9555 -0.0131 -0.2947
vn -0.2225 -0.0131 -0.9748
vn -0.8262 -0.0131 -0.5633
vn -0.6234 -0.0131 -0.7818
vn -0.9887 -0.0131 -0.1490
vn -0.3653 -0.0131 -0.9308
vn -0.9009 -0.0131 -0.4338
vn -0.7330 -0.0131 -0.6801
vn -0.5000 -0.0131 -0.8660
vn -0.9555 -0.0131 -0.2947
vn -0.8262 -0.0131 -0.5633
vn -0.6234 -0.0131 -0.7818
vn -0.9887 -0.0131 -0.1490
vn -0.9009 -0.0131 -0.4338
vn -0.7330 -0.0131 -0.6801
vn -0.9555 -0.0131 -0.2947
vn -0.8262 -0.0131 -0.5633
vn -0.9887 -0.0131 -0.1490
vn -0.9009 -0.0131 -0.4338
vn -0.9555 -0.0131 -0.2947
vn -0.9887 -0.0131 -0.1490
vn -0.0084 -0.0872 0.9962
vn -0.0084 -0.0872 0.9962
vn 0.0005 -0.0872 0.9962
vn 0.0005 -0.0872 0.9962
vn -0.0046 -0.0872 0.9962
vn -0.0062 -0.0872 0.9962
vn -0.0062 -0.0872 0.9962
vn -0.3663 0.9044 0.2188
vn -0.3673 0.9061 0.2100
vn -0.3597 0.9206 0.1517
vn -0.3255 0.9407 0.0957
vn -0.2441 0.9690 0.0375
vn -0.1200 0.9927 0.0106
vn 0.0137 0.9993 0.0361
vn 0.1220 0.9856 0.1168
vn 0.1647 0.9604 0.2247
vn 0.9991 0.0175 -0.0385
vn -0.9996 0.0175 -0.0218
vn -0.9351 0.0175 -0.3541
vn -0.8326 0.0175 -0.5537
vn -0.6915 0.0175 -0.7221
vn -0.5165 0.0175 -0.8561
vn -0.3163 0.0175 -0.9485
vn -0.1014 0.0175 -0.9947
vn 0.1177 0.0175 -0.9929
vn 0.5273 0.0175 -0.8495
vn 0.7184 0.0175 -0.6954
vn 0.8657 0.0175 -0.5003
vn 0.9608 0.0175 -0.2768
vn -0.9998 0.0175 0.0000
vn -0.9992 0.0175 0.0368
vn -0.6937 0.7070 0.1375
vn -0.9214 0.3860 0.0448
vn -0.6950 0.7133 0.0908
vn -0.9202 0.3903 -0.0298
vn -0.6924 0.7201 0.0440
vn -0.9128 0.3950 -0.1040
vn -0.6859 0.7277 -0.0025
vn -0.8991 0.4001 -0.1776
vn -0.6698 0.7394 -0.0682
vn -0.8688 0.4082 -0.2802
vn -0.6453 0.7524 -0.1323
vn -0.8259 0.4171 -0.3793
vn -0.6123 0.7664 -0.1941
vn -0.7704 0.4269 -0.4736
vn -0.5704 0.7814 -0.2531
vn -0.7023 0.4372 -0.5617
vn -0.5236 0.7958 -0.3043
vn -0.6283 0.4472 -0.6365
vn -0.4688 0.8104 -0.3513
vn -0.5440 0.4574 -0.7035
vn -0.4063 0.8250 -0.3929
vn -0.4498 0.4675 -0.7610
vn -0.3361 0.8391 -0.4277
vn -0.3465 0.4773 -0.8075
vn -0.2620 0.8518 -0.4536
vn -0.2399 0.4861 -0.8403
vn -0.1824 0.8632 -0.4707
vn -0.1276 0.4939 -0.8601
vn -0.0985 0.8727 -0.4782
vn -0.0112 0.5003 -0.8658
vn -0.0122 0.8799 -0.4751
vn 0.1069 0.5051 -0.8564
vn 0.0767 0.8844 -0.4603
vn 0.2268 0.5080 -0.8310
vn 0.1639 0.8860 -0.4338
vn 0.3432 0.5087 -0.7896
vn 0.2472 0.8844 -0.3959
vn 0.4532 0.5072 -0.7330
vn 0.3243 0.8798 -0.3475
vn 0.5544 0.5037 -0.6626
vn 0.3752 0.8748 -0.3066
vn 0.6207 0.5000 -0.6040
vn 0.4213 0.8684 -0.2614
vn 0.6805 0.4954 -0.5399
vn 0.4620 0.8610 -0.2128
vn 0.7334 0.4900 -0.4712
vn 0.4970 0.8526 -0.1616
vn 0.7789 0.4840 -0.3988
vn 0.5384 0.8388 -0.0814
vn 0.8328 0.4743 -0.2853
vn 0.5663 0.8242 0.0011
vn 0.8696 0.4642 -0.1680
vn 0.5809 0.8096 0.0844
vn 0.8895 0.4542 -0.0492
vn -0.1488 0.9822 0.1149
vn -0.1465 0.9849 0.0918
vn -0.0446 0.9894 0.1379
vn 0.0755 0.9936 0.0834
vn 0.0763 0.9912 0.1082
vn -0.0154 0.9886 0.1496
vn 0.0778 0.9781 0.1929
vn 0.0778 0.9724 0.2198
vn -0.0450 0.9858 0.1619
vn -0.1512 0.9649 0.2147
vn -0.1517 0.9700 0.1898
vn -0.0708 0.9861 0.1501
vn -0.1471 0.9508 0.2727
vn -0.1493 0.9570 0.2487
vn -0.0413 0.9513 0.3056
vn 0.0775 0.9646 0.2523
vn 0.0770 0.9575 0.2779
vn -0.0124 0.9481 0.3177
vn 0.0741 0.9323 0.3540
vn 0.0730 0.9243 0.3746
vn -0.0398 0.9440 0.3275
vn -0.1324 0.9226 0.3624
vn -0.1367 0.9297 0.3420
vn -0.0653 0.9467 0.3154
vn -0.0651 0.9473 0.3137
vn 0.6446 -0.0131 0.7644
vn 0.6263 -0.0131 0.7795
vn 0.9999 -0.0131 0.0000
vn 0.9810 -0.0131 0.1935
vn 0.9479 -0.0131 0.3183
vn 0.8956 -0.0131 0.4446
vn 0.8268 -0.0131 0.5623
vn 0.7427 -0.0131 0.6695
vn 0.9999 -0.0131 0.0000
vn -0.9999 -0.0131 -0.0000
vn -0.9926 -0.0131 0.1205
vn -0.9709 -0.0131 0.2393
vn -0.9349 -0.0131 0.3546
vn -0.8854 -0.0131 0.4647
vn -0.8229 -0.0131 0.5680
vn -0.7484 -0.0131 0.6631
vn -0.6631 -0.0131 0.7484
vn -0.5680 -0.0131 0.8229
vn -0.4647 -0.0131 0.8854
vn -0.3546 -0.0131 0.9349
vn -0.2393 -0.0131 0.9709
vn -0.1205 -0.0131 0.9926
vn 0.0000 -0.0131 0.9999
vn 0.1205 -0.0131 0.9926
vn 0.2393 -0.0131 0.9709
vn 0.3546 -0.0131 0.9349
vn 0.4647 -0.0131 0.8854
vn 0.5680 -0.0131 0.8229
vn 0.6631 -0.0131 0.7484
vn 0.7484 -0.0131 0.6631
vn 0.8229 -0.0131 0.5680
vn 0.8854 -0.0131 0.4647
vn 0.9349 -0.0131 0.3546
vn 0.9709 -0.0131 0.2393
vn 0.9926 -0.0131 0.1205
vn -0.9999 -0.0131 0.0000
vn 0.4174 -0.0131 0.9086
vn 0.2622 -0.0131 0.9649
vn 0.0972 -0.0131 0.9952
vn -0.0701 -0.0131 0.9975
vn -0.2351 -0.0131 0.9719
vn -0.3934 -0.0131 0.9193
vn -0.5408 -0.0131 0.8410
vn -0.6732 -0.0131 0.7393
vn -0.7696 -0.0131 0.6384
vn -0.8956 -0.0131 0.4446
vn -0.9736 -0.0131 0.2280
vn -0.9887 -0.0131 0.1490
vn -0.9555 -0.0131 0.2947
vn -0.9009 -0.0131 0.4338
vn -0.9887 -0.0131 0.1490
vn -0.8262 -0.0131 0.5633
vn -0.9555 -0.0131 0.2947
vn -0.7330 -0.0131 0.6801
vn -0.9009 -0.0131 0.4338
vn -0.9887 -0.0131 0.1490
vn -0.6234 -0.0131 0.7818
vn -0.8262 -0.0131 0.5633
vn -0.9555 -0.0131 0.2947
vn -0.5000 -0.0131 0.8660
vn -0.7330 -0.0131 0.6801
vn -0.9009 -0.0131 0.4338
vn -0.3653 -0.0131 0.9308
vn -0.9887 -0.0131 0.1490
vn -0.6234 -0.0131 0.7818
vn -0.8262 -0.0131 0.5633
vn -0.2225 -0.0131 0.9748
vn -0.9555 -0.0131 0.2947
vn -0.5000 -0.0131 0.8660
vn -0.7330 -0.0131 0.6801
vn -0.0747 -0.0131 0.9971
vn -0.9009 -0.0131 0.4338
vn -0.3653 -0.0131 0.9308
vn -0.9887 -0.0131 0.1490
vn -0.6234 -0.0131 0.7818
vn 0.0747 -0.0131 0.9971
vn -0.8262 -0.0131 0.5633
vn -0.2225 -0.0131 0.9748
vn -0.9555 -0.0131 0.2947
vn -0.5000 -0.0131 0.8660
vn 0.2225 -0.0131 0.9748
vn -0.7330 -0.0131 0.6801
vn -0.0747 -0.0131 0.9971
vn -0.9009 -0.0131 0.4338
vn -0.3653 -0.0131 0.9308
vn 0.3653 -0.0131 0.9308
vn -0.9887 -0.0131 0.1490
vn -0.6234 -0.0131 0.7818
vn 0.0747 -0.0131 0.9971
vn -0.8262 -0.0131 0.5633
vn -0.2225 -0.0131 0.9748
vn 0.5000 -0.0131 0.8660
vn -0.9555 -0.0131 0.2947
vn -0.5000 -0.0131 0.8660
vn 0.2225 -0.0131 0.9748
vn -0.7330 -0.0131 0.6801
vn -0.0747 -0.0131 0.9971
vn 0.6234 -0.0131 0.7818
vn -0.9009 -0.0131 0.4338
vn -0.3653 -0.0131 0.9308
vn 0.3653 -0.0131 0.9308
vn -0.9887 -0.0131 0.1490
vn -0.6234 -0.0131 0.7818
vn 0.0747 -0.0131 0.9971
vn 0.7330 -0.0131 0.6801
vn -0.8262 -0.0131 0.5633
vn -0.2225 -0.0131 0.9748
vn 0.5000 -0.0131 0.8660
vn -0.9555 -0.0131 0.2947
vn -0.5000 -0.0131 0.8660
vn 0.2225 -0.0131 0.9748
vn 0.8262 -0.0131 0.5633
vn -0.7330 -0.0131 0.6801
vn -0.0747 -0.0131 0.9971
vn 0.6234 -0.0131 0.7818
vn -0.9009 -0.0131 0.4338
vn -0.3653 -0.0131 0.9308
vn 0.3653 -0.0131 0.9308
vn 0.9009 -0.0131 0.4338
vn -0.9887 -0.0131 0.1490
vn -0.6234 -0.0131 0.7818
vn 0.0747 -0.0131 0.9971
vn 0.7330 -0.0131 0.6801
vn -0.8262 -0.0131 0.5633
vn -0.2225 -0.0131 0.9748
vn 0.5000 -0.0131 0.8660
vn 0.9555 -0.0131 0.2947
vn -0.9555 -0.0131 0.2947
vn -0.5000 -0.0131 0.8660
vn 0.2225 -0.0131 0.9748
vn 0.8262 -0.0131 0.5633
vn -0.7330 -0.0131 0.6801
vn -0.0747 -0.0131 0.9971
vn 0.6234 -0.0131 0.7818
vn 0.9887 -0.0131 0.1490
vn -0.9009 -0.0131 0.4338
vn -0.3653 -0.0131 0.9308
vn 0.3653 -0.0131 0.9308
vn 0.9009 -0.0131 0.4338
vn -0.9887 -0.0131 0.1490
vn -0.6234 -0.0131 0.7818
vn 0.0747 -0.0131 0.9971
vn 0.7330 -0.0131 0.6801
vn -0.8262 -0.0131 0.5633
vn -0.2225 -0.0131 0.9748
vn 0.5000 -0.0131 0.8660
vn 0.9555 -0.0131 0.2947
vn -0.9555 -0.0131 0.2947
vn -0.5000 -0.0131 0.8660
vn 0.2225 -0.0131 0.9748
vn 0.8262 -0.0131 0.5633
vn -0.7330 -0.0131 0.6801
vn -0.0747 -0.0131 0.9971
vn 0.6234 -0.0131 0.7818
vn 0.9887 -0.0131 0.1490
vn -0.9009 -0.0131 0.4338
vn -0.3653 -0.0131 0.9308
vn 0.3653 -0.0131 0.9308
vn 0.9009 -0.0131 0.4338
vn -0.6234 -0.0131 0.7818
vn 0.0747 -0.0131 0.9971
vn 0.7330 -0.0131 0.6801
vn -0.8262 -0.0131 0.5633
vn -0.2225 -0.0131 0.9748
vn 0.5000 -0.0131 0.8660
vn 0.9555 -0.0131 0.2947
vn -0.5000 -0.0131 0.8660
vn 0.2225 -0.0131 0.9748
vn 0.8262 -0.0131 0.5633
vn -0.7330 -0.0131 0.6801
vn -0.0747 -0.0131 0.9971
vn 0.6234 -0.0131 0.7818
vn 0.9887 -0.0131 0.1490
vn -0.3653 -0.0131 0.9308
vn 0.3653 -0.0131 0.9308
vn 0.9009 -0.0131 0.4338
vn -0.6234 -0.0131 0.7818
vn 0.0747 -0.0131 0.9971
vn 0.7330 -0.0131 0.6801
vn -0.2225 -0.0131 0.9748
vn 0.5000 -0.0131 0.8660
vn 0.9555 -0.0131 0.2947
vn -0.5000 -0.0131 0.8660
vn 0.2225 -0.0131 0.9748
vn 0.8262 -0.0131 0.5633
vn -0.0747 -0.0131 0.9971
vn 0.6234 -0.0131 0.7818
vn 0.9887 -0.0131 0.1490
vn -0.3653 -0.0131 0.9308
vn 0.3653 -0.0131 0.9308
vn 0.9009 -0.0131 0.4338
vn 0.0747 -0.0131 0.9971
vn 0.7330 -0.0131 0.6801
vn -0.2225 -0.0131 0.9748
vn 0.5000 -0.0131 0.8660
vn 0.9555 -0.0131 0.2947
vn 0.2225 -0.0131 0.9748
vn 0.8262 -0.0131 0.5633
vn -0.0747 -0.0131 0.9971
vn 0.6234 -0.0131 0.7818
vn 0.9887 -0.0131 0.1490
vn 0.3653 -0.0131 0.9308
vn 0.9009 -0.0131 0.4338
vn 0.0747 -0.0131 0.9971
vn 0.7330 -0.0131 0.6801
vn 0.5000 -0.0131 0.8660
vn 0.9555 -0.0131 0.2947
vn 0.2225 -0.0131 0.9748
vn 0.8262 -0.0131 0.5633
vn 0.6234 -0.0131 0.7818
vn 0.9887 -0.0131 0.1490
vn 0.3653 -0.0131 0.9308
vn 0.9009 -0.0131 0.4338
vn 0.7330 -0.0131 0.6801
vn 0.5000 -0.0131 0.8660
vn 0.9555 -0.0131 0.2947
vn 0.8262 -0.0131 0.5633
vn 0.6234 -0.0131 0.7818
vn 0.9887 -0.0131 0.1490
vn 0.9009 -0.0131 0.4338
vn 0.7330 -0.0131 0.6801
vn 0.9555 -0.0131 0.2947
vn 0.8262 -0.0131 0.5633
vn 0.9887 -0.0131 0.1490
vn 0.9009 -0.0131 0.4338
vn 0.9555 -0.0131 0.2947
vn 0.9887 -0.0131 0.1490
vn -0.9998 0.0175 -0.0000
vn -0.9806 0.0175 0.1951
vn -0.9237 0.0175 0.3826
vn -0.8313 0.0175 0.5555
vn -0.7070 0.0175 0.7070
vn -0.5555 0.0175 0.8313
vn -0.3826 0.0175 0.9237
vn -0.1951 0.0175 0.9806
vn -0.0000 0.0175 0.9998
vn 0.1951 0.0175 0.9806
vn 0.3826 0.0175 0.9237
vn 0.5555 0.0175 0.8313
vn 0.7070 0.0175 0.7070
vn 0.8313 0.0175 0.5555
vn 0.9237 0.0175 0.3826
vn 0.9806 0.0175 0.1951
vn 0.9998 0.0175 0.0000
vn -0.9998 0.0175 -0.0000
vn -0.9992 0.0175 0.0368
vn 0.9998 0.0175 0.0000
vn 0.9420 0.0175 0.3351
vn 0.8425 0.0175 0.5384
vn 0.7044 0.0175 0.7095
vn 0.5321 0.0175 0.8465
vn 0.3343 0.0175 0.9423
vn 0.1208 0.0175 0.9925
vn -0.0983 0.0175 0.9950
vn -0.3119 0.0175 0.9499
vn -0.6618 0.0175 0.7495
vn -0.9044 0.0175 0.4264
vn -0.9806 0.0175 0.1951
vn -0.9237 0.0175 0.3826
vn -0.8313 0.0175 0.5555
vn -0.9806 0.0175 0.1951
vn -0.7070 0.0175 0.7070
vn -0.9237 0.0175 0.3826
vn -0.5555 0.0175 0.8313
vn -0.8313 0.0175 0.5555
vn -0.3826 0.0175 0.9237
vn -0.9806 0.0175 0.1951
vn -0.7070 0.0175 0.7070
vn -0.1951 0.0175 0.9806
vn -0.9237 0.0175 0.3826
vn -0.5555 0.0175 0.8313
vn -0.0000 0.0175 0.9998
vn -0.8313 0.0175 0.5555
vn -0.3826 0.0175 0.9237
vn 0.1951 0.0175 0.9806
vn -0.9806 0.0175 0.1951
vn -0.7070 0.0175 0.7070
vn -0.1951 0.0175 0.9806
vn 0.3826 0.0175 0.9237
vn -0.9237 0.0175 0.3826
vn -0.5555 0.0175 0.8313
vn -0.0000 0.0175 0.9998
vn 0.5555 0.0175 0.8313
vn -0.8313 0.0175 0.5555
vn -0.3826 0.0175 0.9237
vn 0.1951 0.0175 0.9806
vn -0.9806 0.0175 0.1951
vn 0.7070 0.0175 0.7070
vn -0.7070 0.0175 0.7070
vn -0.1951 0.0175 0.9806
vn 0.3826 0.0175 0.9237
vn -0.9237 0.0175 0.3826
vn 0.8313 0.0175 0.5555
vn -0.5555 0.0175 0.8313
vn -0.0000 0.0175 0.9998
vn 0.5555 0.0175 0.8313
vn -0.8313 0.0175 0.5555
vn 0.9237 0.0175 0.3826
vn -0.3826 0.0175 0.9237
vn 0.1951 0.0175 0.9806
vn -0.9806 0.0175 0.1951
vn 0.7070 0.0175 0.7070
vn -0.7070 0.0175 0.7070
vn 0.9806 0.0175 0.1951
vn -0.1951 0.0175 0.9806
vn 0.3826 0.0175 0.9237
vn -0.9237 0.0175 0.3826
vn 0.8313 0.0175 0.5555
vn -0.5555 0.0175 0.8313
vn -0.0000 0.0175 0.9998
vn 0.5555 0.0175 0.8313
vn -0.8313 0.0175 0.5555
vn 0.9237 0.0175 0.3826
vn -0.3826 0.0175 0.9237
vn 0.1951 0.0175 0.9806
vn -0.9806 0.0175 0.1951
vn 0.7070 0.0175 0.7070
vn -0.7070 0.0175 0.7070
vn 0.9806 0.0175 0.1951
vn -0.1951 0.0175 0.9806
vn 0.3826 0.0175 0.9237
vn -0.9237 0.0175 0.3826
vn 0.8313 0.0175 0.5555
vn -0.5555 0.0175 0.8313
vn -0.0000 0.0175 0.9998
vn 0.5555 0.0175 0.8313
vn -0.8313 0.0175 0.5555
vn 0.9237 0.0175 0.3826
vn -0.3826 0.0175 0.9237
vn 0.1951 0.0175 0.9806
vn -0.9806 0.0175 0.1951
vn 0.7070 0.0175 0.7070
vn -0.7070 0.0175 0.7070
vn 0.9806 0.0175 0.1951
vn -0.1951 0.0175 0.9806
vn 0.3826 0.0175 0.9237
vn -0.9237 0.0175 0.3826
vn 0.8313 0.0175 0.5555
vn -0.5555 0.0175 0.8313
vn -0.0000 0.0175 0.9998
vn 0.5555 0.0175 0.8313
vn -0.8313 0.0175 0.5555
vn 0.9237 0.0175 0.3826
vn -0.3826 0.0175 0.9237
vn 0.1951 0.0175 0.9806
vn -0.9806 0.0175 0.1951
vn 0.7070 0.0175 0.7070
vn -0.7070 0.0175 0.7070
vn 0.9806 0.0175 0.1951
vn -0.1951 0.0175 0.9806
vn 0.3826 0.0175 0.9237
vn -0.9237 0.0175 0.3826
vn 0.8313 0.0175 0.5555
vn -0.5555 0.0175 0.8313
vn -0.0000 0.0175 0.9998
vn 0.5555 0.0175 0.8313
vn -0.8313 0.0175 0.5555
vn 0.9237 0.0175 0.3826
vn -0.3826 0.0175 0.9237
vn 0.1951 0.0175 0.9806
vn 0.7070 0.0175 0.7070
vn -0.7070 0.0175 0.7070
vn 0.9806 0.0175 0.1951
vn -0.1951 0.0175 0.9806
vn 0.3826 0.0175 0.9237
vn 0.8313 0.0175 0.5555
vn -0.5555 0.0175 0.8313
vn -0.0000 0.0175 0.9998
vn 0.5555 0.0175 0.8313
vn 0.9237 0.0175 0.3826
vn -0.3826 0.0175 0.9237
vn 0.1951 0.0175 0.9806
vn 0.7070 0.0175 0.7070
vn 0.9806 0.0175 0.1951
vn -0.1951 0.0175 0.9806
vn 0.3826 0.0175 0.9237
vn 0.8313 0.0175 0.5555
vn -0.0000 0.0175 0.9998
vn 0.5555 0.0175 0.8313
vn 0.9237 0.0175 0.3826
vn 0.1951 0.0175 0.9806
vn 0.7070 0.0175 0.7070
vn 0.9806 0.0175 0.1951
vn 0.3826 0.0175 0.9237
vn 0.8313 0.0175 0.5555
vn 0.5555 0.0175 0.8313
vn 0.9237 0.0175 0.3826
vn 0.7070 0.0175 0.7070
vn 0.9806 0.0175 0.1951
vn 0.8313 0.0175 0.5555
vn 0.9237 0.0175 0.3826
vn 0.9806 0.0175 0.1951
vn -0.3663 0.9044 0.2188
vn -0.9992 0.0175 0.0368
vn 0.9998 0.0175 0.0000
vn 0.9420 0.0175 0.3351
vn 0.8425 0.0175 0.5384
vn 0.7044 0.0175 0.7096
vn 0.5321 0.0175 0.8465
vn 0.3343 0.0175 0.9423
vn 0.1208 0.0175 0.9925
vn -0.0984 0.0175 0.9950
vn -0.3119 0.0175 0.9499
vn -0.6618 0.0174 0.7495
vn -0.9044 0.0174 0.4264
vn 0.9991 0.0175 -0.0385
vn 0.1647 0.9604 0.2247
vn 0.1369 0.9372 0.3209
vn 0.0582 0.9169 0.3949
vn -0.0625 0.9006 0.4302
vn -0.1827 0.8926 0.4122
vn -0.2787 0.8904 0.3598
vn -0.3401 0.8944 0.2903
vn 0.8860 0.4380 0.1526
vn 0.5642 0.7763 0.2810
vn 0.8711 0.4317 0.2342
vn 0.5465 0.7674 0.3354
vn 0.8488 0.4257 0.3136
vn 0.5234 0.7589 0.3875
vn 0.8194 0.4201 0.3901
vn 0.4831 0.7477 0.4556
vn 0.7674 0.4127 0.4907
vn 0.4342 0.7375 0.5173
vn 0.7035 0.4060 0.5834
vn 0.3926 0.7303 0.5591
vn 0.6484 0.4012 0.6470
vn 0.3153 0.7187 0.6197
vn 0.5448 0.3937 0.7404
vn 0.2508 0.7110 0.6570
vn 0.4568 0.3886 0.8002
vn 0.1829 0.7042 0.6860
vn 0.3627 0.3842 0.8490
vn 0.1125 0.6983 0.7069
vn 0.2640 0.3803 0.8864
vn 0.0403 0.6932 0.7196
vn 0.1617 0.3769 0.9120
vn -0.0998 0.6853 0.7214
vn -0.0403 0.3716 0.9275
vn -0.1688 0.6823 0.7114
vn -0.1412 0.3696 0.9184
vn -0.2362 0.6797 0.6944
vn -0.2404 0.3679 0.8983
vn -0.3006 0.6778 0.6709
vn -0.3361 0.3666 0.8675
vn -0.3617 0.6765 0.6414
vn -0.4276 0.3657 0.8267
vn -0.4189 0.6760 0.6063
vn -0.5138 0.3652 0.7763
vn -0.4715 0.6761 0.5662
vn -0.5937 0.3653 0.7170
vn -0.5210 0.6771 0.5197
vn -0.6689 0.3659 0.6470
vn -0.5649 0.6789 0.4691
vn -0.7356 0.3671 0.5694
vn -0.6027 0.6816 0.4148
vn -0.7928 0.3689 0.4852
vn -0.8400 0.3713 0.3958
vn -0.6530 0.6884 0.3157
vn -0.8674 0.3734 0.3288
vn 0.9999 -0.0131 -0.0000
vn 0.9810 -0.0131 0.1935
vn 0.9479 -0.0131 0.3183
vn 0.8956 -0.0131 0.4446
vn 0.8268 -0.0131 0.5623
vn 0.7427 -0.0131 0.6695
vn 0.6446 -0.0131 0.7644
vn -0.6439 -0.0131 -0.7650
vn -0.4348 -0.0131 -0.9005
vn -0.2790 -0.0131 -0.9602
vn -0.1138 -0.0131 -0.9934
vn 0.0545 -0.0131 -0.9984
vn 0.2210 -0.0131 -0.9752
vn 0.3811 -0.0131 -0.9244
vn 0.5302 -0.0131 -0.8478
vn 0.6641 -0.0131 -0.7475
vn 0.7628 -0.0131 -0.6465
vn 0.8926 -0.0131 -0.4508
vn 0.9729 -0.0131 -0.2310
vn -0.1496 -0.8885 -0.4338
vn -0.0785 -0.8834 -0.4619
vn -0.0037 -0.8802 -0.4746
vn 0.0606 -0.8785 -0.4739
vn 0.1229 -0.8774 -0.4637
vn 0.1814 -0.8766 -0.4456
vn 0.2343 -0.8763 -0.4209
vn 0.2800 -0.8767 -0.3912
vn 0.3180 -0.8779 -0.3579
vn 0.3481 -0.8802 -0.3226
vn 0.3701 -0.8837 -0.2864
vn 0.3849 -0.8884 -0.2503
vn 0.3932 -0.8940 -0.2147
vn 0.3955 -0.9005 -0.1809
vn 0.3932 -0.9067 -0.1529
vn 0.3805 -0.9186 -0.1066
vn 0.3557 -0.9327 -0.0601
vn 0.3166 -0.9484 -0.0146
vn -0.2970 -0.6738 -0.6766
vn -0.4529 -0.3626 -0.8145
vn -0.2582 -0.6720 -0.6941
vn -0.4029 -0.3614 -0.8409
vn -0.2184 -0.6703 -0.7092
vn -0.3514 -0.3604 -0.8641
vn -0.1370 -0.6676 -0.7318
vn -0.2450 -0.3586 -0.9007
vn -0.0956 -0.6664 -0.7394
vn -0.1904 -0.3579 -0.9141
vn -0.0538 -0.6654 -0.7445
vn -0.1351 -0.3573 -0.9242
vn -0.0138 -0.6646 -0.7471
vn -0.0819 -0.3567 -0.9306
vn 0.0263 -0.6638 -0.7474
vn -0.0284 -0.3562 -0.9340
vn 0.1056 -0.6625 -0.7416
vn 0.0785 -0.3553 -0.9314
vn 0.1833 -0.6614 -0.7273
vn 0.1842 -0.3546 -0.9167
vn 0.2212 -0.6609 -0.7171
vn 0.2361 -0.3543 -0.9048
vn 0.2584 -0.6605 -0.7050
vn 0.2872 -0.3540 -0.8900
vn 0.3294 -0.6600 -0.6753
vn 0.3857 -0.3536 -0.8522
vn 0.3957 -0.6599 -0.6388
vn 0.4787 -0.3535 -0.8037
vn 0.4566 -0.6603 -0.5962
vn 0.5651 -0.3537 -0.7454
vn 0.5117 -0.6614 -0.5483
vn 0.6438 -0.3544 -0.6781
vn 0.5377 -0.6623 -0.5217
vn 0.6813 -0.3549 -0.6402
vn 0.5620 -0.6634 -0.4940
vn 0.7163 -0.3556 -0.6004
vn 0.6050 -0.6663 -0.4358
vn 0.7788 -0.3575 -0.5155
vn 0.6407 -0.6703 -0.3744
vn 0.8307 -0.3600 -0.4246
vn 0.6690 -0.6753 -0.3106
vn 0.8717 -0.3631 -0.3291
vn 0.6847 -0.6794 -0.2638
vn 0.8941 -0.3658 -0.2582
vn 0.6966 -0.6841 -0.2161
vn 0.9107 -0.3689 -0.1860
vn 0.7046 -0.6894 -0.1681
vn 0.9212 -0.3723 -0.1129
vn 0.7088 -0.6951 -0.1198
vn 0.9258 -0.3761 -0.0392
vn 0.7095 -0.6997 -0.0841
vn 0.9252 -0.3791 0.0151
vn 0.7079 -0.7046 -0.0483
vn 0.9214 -0.3823 0.0694
vn 0.7043 -0.7098 -0.0125
vn 0.9143 -0.3857 0.1234
vn 0.6984 -0.7153 0.0232
vn 0.9039 -0.3893 0.1771
vn 0.6904 -0.7211 0.0586
vn 0.8902 -0.3932 0.2302
vn 0.6800 -0.7271 0.0939
vn 0.8732 -0.3972 0.2826
vn 0.6674 -0.7334 0.1290
vn 0.8528 -0.4013 0.3342
vn 0.6523 -0.7400 0.1638
vn 0.8290 -0.4057 0.3849
vn 0.6360 -0.7464 0.1960
vn 0.8036 -0.4099 0.4315
vn 0.6174 -0.7530 0.2277
vn 0.7752 -0.4143 0.4768
vn 0.5966 -0.7597 0.2587
vn 0.7439 -0.4188 0.5208
g B4-Symbol
f 58//58 34//34 35//35
f 57//57 34//34 58//58
f 57//57 32//32 33//33
f 57//57 33//33 34//34
f 59//59 58//58 35//35
f 59//59 35//35 36//36
f 59//59 36//36 37//37
f 56//56 32//32 57//57
f 56//56 30//30 31//31
f 56//56 31//31 32//32
f 60//60 37//37 38//38
f 60//60 38//38 39//39
f 60//60 59//59 37//37
f 55//55 30//30 56//56
f 55//55 29//29 30//30
f 61//61 39//39 40//40
f 61//61 60//60 39//39
f 54//54 27//27 28//28
f 54//54 28//28 29//29
f 54//54 29//29 55//55
f 62//62 61//61 40//40
f 62//62 40//40 41//41
f 62//62 41//41 42//42
f 85//85 27//27 54//54
f 85//85 25//25 26//26
f 85//85 26//26 27//27
f 63//63 42//42 43//43
f 63//63 62//62 42//42
f 84//84 25//25 85//85
f 84//84 24//24 25//25
f 64//64 43//43 44//44
f 64//64 44//44 45//45
f 64//64 63//63 43//43
f 83//83 23//23 24//24
f 83//83 24//24 84//84
f 65//65 45//45 46//46
f 65//65 64//64 45//45
f 22//22 23//23 83//83
f 47//47 65//65 46//46
f 82//82 22//22 83//83
f 66//66 65//65 47//47
f 21//21 22//22 82//82
f 48//48 66//66 47//47
f 67//67 66//66 48//48
f 20//20 21//21 82//82
f 20//20 82//82 81//81
f 49//49 67//67 48//48
f 19//19 81//81 80//80
f 19//19 20//20 81//81
f 50//50 68//68 67//67
f 50//50 67//67 49//49
f 18//18 19//19 80//80
f 51//51 68//68 50//50
f 17//17 80//80 79//79
f 17//17 18//18 80//80
f 52//52 69//69 68//68
f 52//52 68//68 51//51
f 16//16 17//17 79//79
f 53//53 70//70 69//69
f 53//53 69//69 52//52
f 15//15 79//79 78//78
f 15//15 16//16 79//79
f 1//1 70//70 53//53
f 14//14 15//15 78//78
f 14//14 78//78 77//77
f 2//2 70//70 1//1
f 2//2 71//71 70//70
f 13//13 14//14 77//77
f 3//3 71//71 2//2
f 12//12 77//77 76//76
f 12//12 13//13 77//77
f 4//4 72//72 71//71
f 4//4 71//71 3//3
f 11//11 12//12 76//76
f 5//5 72//72 4//4
f 5//5 73//73 72//72
f 10//10 11//11 76//76
f 10//10 76//76 75//75
f 6//6 73//73 5//5
f 9//9 10//10 75//75
f 9//9 75//75 74//74
f 7//7 73//73 6//6
f 7//7 74//74 73//73
f 8//8 9//9 74//74
f 8//8 74//74 7//7
f 118//118 105//105 104//104
f 118//118 117//117 105//105
f 119//119 116//116 117//117
f 119//119 117//117 118//118
f 120//120 115//115 116//116
f 120//120 116//116 119//119
f 121//121 118//118 104//104
f 122//122 115//115 120//120
f 123//123 119//119 118//118
f 123//123 118//118 121//121
f 124//124 114//114 115//115
f 124//124 115//115 122//122
f 125//125 119//119 123//123
f 125//125 120//120 119//119
f 126//126 113//113 114//114
f 126//126 114//114 124//124
f 127//127 121//121 104//104
f 128//128 122//122 120//120
f 128//128 120//120 125//125
f 129//129 113//113 126//126
f 130//130 125//125 123//123
f 130//130 123//123 121//121
f 130//130 121//121 127//127
f 131//131 122//122 128//128
f 131//131 124//124 122//122
f 132//132 112//112 113//113
f 132//132 113//113 129//129
f 133//133 125//125 130//130
f 134//134 124//124 131//131
f 134//134 126//126 124//124
f 134//134 129//129 126//126
f 135//135 112//112 132//132
f 135//135 111//111 112//112
f 136//136 127//127 104//104
f 137//137 125//125 133//133
f 137//137 128//128 125//125
f 138//138 129//129 134//134
f 139//139 111//111 135//135
f 139//139 110//110 111//111
f 140//140 127//127 136//136
f 140//140 130//130 127//127
f 141//141 134//134 131//131
f 141//141 128//128 137//137
f 141//141 131//131 128//128
f 142//142 129//129 138//138
f 142//142 132//132 129//129
f 142//142 135//135 132//132
f 143//143 109//109 110//110
f 143//143 110//110 139//139
f 144//144 130//130 140//140
f 144//144 133//133 130//130
f 145//145 134//134 141//141
f 146//146 135//135 142//142
f 146//146 139//139 135//135
f 147//147 104//104 88//88
f 147//147 140//140 136//136
f 147//147 136//136 104//104
f 148//148 108//108 109//109
f 148//148 109//109 143//143
f 149//149 133//133 144//144
f 149//149 137//137 133//133
f 150//150 138//138 134//134
f 150//150 134//134 145//145
f 151//151 139//139 146//146
f 151//151 143//143 139//139
f 152//152 144//144 140//140
f 152//152 140//140 147//147
f 153//153 107//107 108//108
f 153//153 108//108 148//148
f 154//154 141//141 137//137
f 154//154 137//137 149//149
f 155//155 142//142 138//138
f 155//155 138//138 150//150
f 156//156 143//143 151//151
f 157//157 144//144 152//152
f 158//158 107//107 153//153
f 159//159 145//145 141//141
f 159//159 141//141 154//154
f 160//160 142//142 155//155
f 160//160 146//146 142//142
f 161//161 147//147 88//88
f 162//162 143//143 156//156
f 162//162 148//148 143//143
f 163//163 149//149 144//144
f 163//163 154//154 149//149
f 163//163 144//144 157//157
f 164//164 106//106 107//107
f 164//164 86//86 106//106
f 164//164 107//107 158//158
f 165//165 145//145 159//159
f 165//165 150//150 145//145
f 166//166 151//151 146//146
f 166//166 156//156 151//151
f 166//166 146//146 160//160
f 167//167 152//152 147//147
f 167//167 147//147 161//161
f 168//168 153//153 148//148
f 168//168 148//148 162//162
f 168//168 158//158 153//153
f 169//169 159//159 154//154
f 169//169 154//154 163//163
f 170//170 150//150 165//165
f 170//170 155//155 150//150
f 171//171 156//156 166//166
f 171//171 162//162 156//156
f 172//172 152//152 167//167
f 172//172 157//157 152//152
f 173//173 158//158 168//168
f 174//174 159//159 169//169
f 174//174 165//165 159//159
f 175//175 155//155 170//170
f 175//175 160//160 155//155
f 175//175 166//166 160//160
f 176//176 167//167 161//161
f 176//176 161//161 88//88
f 177//177 162//162 171//171
f 178//178 157//157 172//172
f 178//178 163//163 157//157
f 179//179 164//164 158//158
f 179//179 86//86 164//164
f 179//179 158//158 173//173
f 180//180 165//165 174//174
f 181//181 166//166 175//175
f 181//181 171//171 166//166
f 182//182 167//167 176//176
f 183//183 168//168 162//162
f 183//183 162//162 177//177
f 184//184 169//169 163//163
f 184//184 163//163 178//178
f 185//185 165//165 180//180
f 185//185 170//170 165//165
f 186//186 171//171 181//181
f 187//187 167//167 182//182
f 187//187 172//172 167//167
f 188//188 173//173 168//168
f 188//188 168//168 183//183
f 189//189 174//174 169//169
f 189//189 169//169 184//184
f 190//190 170//170 185//185
f 190//190 175//175 170//170
f 191//191 176//176 88//88
f 192//192 177//177 171//171
f 192//192 171//171 186//186
f 193//193 172//172 187//187
f 193//193 178//178 172//172
f 194//194 179//179 173//173
f 194//194 173//173 188//188
f 194//194 86//86 179//179
f 195//195 180//180 174//174
f 195//195 174//174 189//189
f 196//196 181//181 175//175
f 196//196 175//175 190//190
f 196//196 186//186 181//181
f 197//197 182//182 176//176
f 197//197 176//176 191//191
f 198//198 183//183 177//177
f 198//198 177//177 192//192
f 199//199 189//189 184//184
f 199//199 184//184 178//178
f 199//199 178//178 193//193
f 200//200 190//190 185//185
f 200//200 185//185 180//180
f 200//200 180//180 195//195
f 201//201 192//192 186//186
f 201//201 186//186 196//196
f 202//202 187//187 182//182
f 202//202 182//182 197//197
f 203//203 183//183 198//198
f 203//203 188//188 183//183
f 204//204 189//189 199//199
f 204//204 195//195 189//189
f 205//205 190//190 200//200
f 206//206 88//88 89//89
f 206//206 191//191 88//88
f 207//207 192//192 201//201
f 208//208 187//187 202//202
f 208//208 193//193 187//187
f 209//209 188//188 203//203
f 209//209 86//86 194//194
f 209//209 194//194 188//188
f 210//210 195//195 204//204
f 211//211 190//190 205//205
f 211//211 196//196 190//190
f 212//212 89//89 90//90
f 212//212 90//90 91//91
f 212//212 206//206 89//89
f 212//212 202//202 197//197
f 212//212 191//191 206//206
f 212//212 197//197 191//191
f 213//213 198//198 192//192
f 213//213 203//203 198//198
f 213//213 192//192 207//207
f 214//214 199//199 193//193
f 214//214 193//193 208//208
f 214//214 204//204 199//199
f 215//215 195//195 210//210
f 215//215 200//200 195//195
f 216//216 201//201 196//196
f 216//216 196//196 211//211
f 217//217 212//212 91//91
f 217//217 202//202 212//212
f 218//218 203//203 213//213
f 219//219 204//204 214//214
f 220//220 205//205 200//200
f 220//220 200//200 215//215
f 221//221 201//201 216//216
f 221//221 213//213 207//207
f 221//221 207//207 201//201
f 222//222 91//91 92//92
f 222//222 202//202 217//217
f 222//222 217//217 91//91
f 222//222 208//208 202//202
f 223//223 87//87 86//86
f 223//223 209//209 203//203
f 223//223 203//203 218//218
f 223//223 86//86 209//209
f 224//224 210//210 204//204
f 224//224 204//204 219//219
f 225//225 211//211 205//205
f 225//225 216//216 211//211
f 225//225 205//205 220//220
f 226//226 213//213 221//221
f 227//227 92//92 93//93
f 227//227 222//222 92//92
f 227//227 208//208 222//222
f 227//227 214//214 208//208
f 228//228 215//215 210//210
f 228//228 210//210 224//224
f 229//229 216//216 225//225
f 230//230 218//218 213//213
f 230//230 213//213 226//226
f 231//231 93//93 94//94
f 231//231 214//214 227//227
f 231//231 219//219 214//214
f 231//231 227//227 93//93
f 232//232 215//215 228//228
f 232//232 220//220 215//215
f 232//232 225//225 220//220
f 233//233 216//216 229//229
f 233//233 221//221 216//216
f 234//234 87//87 223//223
f 234//234 223//223 218//218
f 234//234 218//218 230//230
f 235//235 94//94 95//95
f 235//235 231//231 94//94
f 235//235 224//224 219//219
f 235//235 219//219 231//231
f 236//236 225//225 232//232
f 237//237 221//221 233//233
f 237//237 226//226 221//221
f 237//237 230//230 226//226
f 238//238 95//95 96//96
f 238//238 224//224 235//235
f 238//238 232//232 228//228
f 238//238 235//235 95//95
f 238//238 228//228 224//224
f 239//239 229//229 225//225
f 239//239 233//233 229//229
f 239//239 225//225 236//236
f 240//240 230//230 237//237
f 241//241 96//96 97//97
f 241//241 232//232 238//238
f 241//241 238//238 96//96
f 242//242 233//233 239//239
f 243//243 87//87 234//234
f 243//243 230//230 240//240
f 243//243 234//234 230//230
f 244//244 97//97 98//98
f 244//244 241//241 97//97
f 244//244 232//232 241//241
f 244//244 236//236 232//232
f 244//244 239//239 236//236
f 245//245 237//237 233//233
f 245//245 233//233 242//242
f 246//246 98//98 99//99
f 246//246 244//244 98//98
f 246//246 239//239 244//244
f 247//247 240//240 237//237
f 247//247 237//237 245//245
f 248//248 99//99 100//100
f 248//248 242//242 239//239
f 248//248 239//239 246//246
f 248//248 246//246 99//99
f 249//249 87//87 243//243
f 249//249 243//243 240//240
f 249//249 240//240 247//247
f 250//250 245//245 242//242
f 250//250 100//100 101//101
f 250//250 242//242 248//248
f 250//250 248//248 100//100
f 250//250 247//247 245//245
f 251//251 101//101 102//102
f 251//251 250//250 101//101
f 251//251 247//247 250//250
f 252//252 102//102 103//103
f 252//252 103//103 87//87
f 252//252 87//87 249//249
f 252//252 249//249 247//247
f 252//252 251//251 102//102
f 252//252 247//247 251//251
f 262//262 253//253 254//254
f 262//262 259//259 258//258
f 262//262 258//258 253//253
f 263//263 254//254 255//255
f 263//263 260//260 259//259
f 263//263 262//262 254//254
f 263//263 259//259 262//262
f 264//264 255//255 256//256
f 264//264 256//256 257//257
f 264//264 263//263 255//255
f 265//265 261//261 260//260
f 265//265 260//260 263//263
f 266//266 257//257 261//261
f 266//266 264//264 257//257
f 266//266 263//263 264//264
f 266//266 265//265 263//263
f 266//266 261//261 265//265
f 284//284 278//278 277//277
f 283//283 293//293 282//282
f 275//275 287//287 286//286
f 275//275 286//286 276//276
f 295//295 305//305 294//294
f 274//274 298//298 290//290
f 274//274 290//290 289//289
f 274//274 289//289 275//275
f 301//301 300//300 299//299
f 273//273 301//301 299//299
f 273//273 302//302 301//301
f 272//272 302//302 273//273
f 306//306 279//279 278//278
f 306//306 280//280 279//279
f 306//306 284//284 282//282
f 306//306 278//278 284//284
f 307//307 268//268 267//267
f 307//307 269//269 268//268
f 308//308 306//306 282//282
f 308//308 281//281 280//280
f 308//308 267//267 281//281
f 308//308 293//293 292//292
f 308//308 307//307 267//267
f 308//308 280//280 306//306
f 308//308 282//282 293//293
f 309//309 277//277 276//276
f 309//309 285//285 284//284
f 309//309 286//286 285//285
f 309//309 284//284 277//277
f 309//309 276//276 286//286
f 310//310 307//307 308//308
f 310//310 308//308 292//292
f 310//310 296//296 294//294
f 310//310 269//269 307//307
f 310//310 292//292 296//296
f 310//310 294//294 305//305
f 311//311 288//288 287//287
f 311//311 289//289 288//288
f 311//311 287//287 275//275
f 311//311 275//275 289//289
f 312//312 290//290 298//298
f 312//312 291//291 290//290
f 312//312 292//292 291//291
f 312//312 297//297 296//296
f 312//312 298//298 297//297
f 312//312 296//296 292//292
f 313//313 270//270 269//269
f 313//313 271//271 270//270
f 313//313 304//304 271//271
f 313//313 305//305 304//304
f 313//313 269//269 310//310
f 313//313 310//310 305//305
f 314//314 274//274 273//273
f 314//314 298//298 274//274
f 314//314 273//273 299//299
f 314//314 299//299 298//298
f 315//315 272//272 271//271
f 315//315 271//271 304//304
f 315//315 303//303 302//302
f 315//315 304//304 303//303
f 315//315 302//302 272//272
f 360//360 338//338 339//339
f 360//360 339//339 340//340
f 360//360 340//340 341//341
f 363//363 337//337 338//338
f 363//363 338//338 360//360
f 362//362 336//336 337//337
f 362//362 337//337 363//363
f 335//335 336//336 362//362
f 316//316 354//354 350//350
f 317//317 354//354 316//316
f 355//355 354//354 317//317
f 318//318 355//355 317//317
f 318//318 351//351 355//355
f 372//372 353//353 352//352
f 319//319 351//351 318//318
f 326//326 366//366 325//325
f 374//374 342//342 343//343
f 374//374 343//343 344//344
f 374//374 344//344 345//345
f 375//375 345//345 346//346
f 375//375 346//346 347//347
f 375//375 374//374 345//345
f 376//376 341//341 342//342
f 376//376 361//361 360//360
f 376//376 342//342 374//374
f 376//376 360//360 341//341
f 377//377 357//357 375//375
f 377//377 347//347 348//348
f 377//377 348//348 349//349
f 377//377 358//358 357//357
f 377//377 359//359 358//358
f 377//377 375//375 347//347
f 378//378 375//375 357//357
f 378//378 357//357 356//356
f 378//378 356//356 361//361
f 378//378 361//361 376//376
f 378//378 376//376 374//374
f 378//378 374//374 375//375
f 379//379 350//350 354//354
f 379//379 359//359 377//377
f 379//379 349//349 350//350
f 379//379 354//354 359//359
f 379//379 377//377 349//349
f 380//380 335//335 362//362
f 380//380 333//333 334//334
f 380//380 334//334 335//335
f 380//380 362//362 365//365
f 381//381 365//365 364//364
f 381//381 364//364 369//369
f 381//381 380//380 365//365
f 382//382 372//372 352//352
f 382//382 352//352 351//351
f 382//382 373//373 372//372
f 382//382 370//370 373//373
f 383//383 331//331 332//332
f 383//383 332//332 333//333
f 383//383 333//333 380//380
f 383//383 380//380 381//381
f 384//384 383//383 381//381
f 384//384 369//369 368//368
f 384//384 381//381 369//369
f 385//385 319//319 320//320
f 385//385 320//320 321//321
f 385//385 382//382 351//351
f 385//385 351//351 319//319
f 385//385 370//370 382//382
f 386//386 329//329 330//330
f 386//386 330//330 331//331
f 386//386 331//331 383//383
f 386//386 383//383 384//384
f 387//387 326//326 327//327
f 387//387 367//367 366//366
f 387//387 368//368 367//367
f 387//387 366//366 326//326
f 387//387 384//384 368//368
f 388//388 321//321 322//322
f 388//388 322//322 323//323
f 388//388 323//323 324//324
f 388//388 370//370 385//385
f 388//388 371//371 370//370
f 388//388 324//324 371//371
f 388//388 385//385 321//321
f 389//389 387//387 327//327
f 389//389 327//327 328//328
f 389//389 328//328 329//329
f 389//389 329//329 386//386
f 389//389 386//386 384//384
f 389//389 384//384 387//387
f 390//390 324//324 325//325
f 390//390 366//366 371//371
f 390//390 371//371 324//324
f 390//390 325//325 366//366
f 402//402 403//403 404//404
f 401//401 402//402 404//404
f 391//391 405//405 406//406
f 412//412 406//406 407//407
f 412//412 391//391 406//406
f 411//411 407//407 408//408
f 411//411 412//412 407//407
f 399//399 391//391 392//392
f 399//399 400//400 391//391
f 398//398 392//392 393//393
f 398//398 399//399 392//392
f 394//394 398//398 393//393
f 397//397 398//398 394//394
f 395//395 397//397 394//394
f 396//396 397//397 395//395
f 413//413 400//400 401//401
f 413//413 404//404 405//405
f 413//413 401//401 404//404
f 413//413 405//405 391//391
f 413//413 391//391 400//400
f 414//414 408//408 409//409
f 414//414 409//409 410//410
f 414//414 410//410 411//411
f 414//414 411//411 408//408
f 452//452 415//415 453//453
f 440//440 415//415 452//452
f 454//454 416//416 415//415
f 454//454 415//415 440//440
f 455//455 440//440 441//441
f 455//455 454//454 440//440
f 456//456 417//417 416//416
f 456//456 416//416 454//454
f 457//457 456//456 454//454
f 457//457 455//455 441//441
f 457//457 454//454 455//455
f 458//458 417//417 456//456
f 459//459 457//457 441//441
f 459//459 456//456 457//457
f 459//459 441//441 442//442
f 459//459 458//458 456//456
f 460//460 418//418 417//417
f 460//460 417//417 458//458
f 461//461 442//442 443//443
f 461//461 460//460 458//458
f 461//461 459//459 442//442
f 461//461 458//458 459//459
f 462//462 419//419 418//418
f 462//462 418//418 460//460
f 463//463 443//443 444//444
f 463//463 460//460 461//461
f 463//463 461//461 443//443
f 463//463 462//462 460//460
f 464//464 419//419 462//462
f 465//465 462//462 463//463
f 465//465 463//463 444//444
f 465//465 464//464 462//462
f 466//466 420//420 419//419
f 466//466 464//464 465//465
f 466//466 419//419 464//464
f 467//467 465//465 444//444
f 467//467 444//444 445//445
f 467//467 466//466 465//465
f 468//468 420//420 466//466
f 468//468 466//466 467//467
f 469//469 467//467 445//445
f 469//469 468//468 467//467
f 470//470 421//421 420//420
f 470//470 420//420 468//468
f 471//471 468//468 469//469
f 471//471 470//470 468//468
f 471//471 445//445 446//446
f 471//471 469//469 445//445
f 472//472 421//421 470//470
f 473//473 472//472 470//470
f 473//473 470//470 471//471
f 473//473 471//471 446//446
f 474//474 421//421 472//472
f 475//475 472//472 473//473
f 475//475 473//473 446//446
f 475//475 474//474 472//472
f 476//476 422//422 421//421
f 476//476 421//421 474//474
f 477//477 446//446 447//447
f 477//477 475//475 446//446
f 477//477 474//474 475//475
f 477//477 476//476 474//474
f 478//478 422//422 476//476
f 479//479 478//478 476//476
f 479//479 477//477 447//447
f 479//479 476//476 477//477
f 480//480 422//422 478//478
f 480//480 478//478 479//479
f 481//481 479//479 447//447
f 481//481 480//480 479//479
f 482//482 423//423 422//422
f 482//482 480//480 481//481
f 482//482 422//422 480//480
f 483//483 447//447 448//448
f 483//483 481//481 447//447
f 483//483 482//482 481//481
f 484//484 423//423 482//482
f 485//485 483//483 448//448
f 485//485 482//482 483//483
f 485//485 484//484 482//482
f 486//486 423//423 484//484
f 487//487 448//448 449//449
f 487//487 484//484 485//485
f 487//487 486//486 484//484
f 487//487 485//485 448//448
f 488//488 424//424 423//423
f 488//488 423//423 486//486
f 489//489 487//487 449//449
f 489//489 486//486 487//487
f 489//489 488//488 486//486
f 490//490 424//424 488//488
f 490//490 488//488 489//489
f 491//491 489//489 449//449
f 491//491 490//490 489//489
f 492//492 425//425 424//424
f 492//492 424//424 490//490
f 492//492 450//450 425//425
f 493//493 449//449 450//450
f 493//493 491//491 449//449
f 493//493 490//490 491//491
f 493//493 492//492 490//490
f 493//493 450//450 492//492
f 494//494 426//426 425//425
f 494//494 425//425 450//450
f 495//495 494//494 450//450
f 496//496 426//426 494//494
f 496//496 494//494 495//495
f 497//497 496//496 495//495
f 497//497 450//450 451//451
f 497//497 495//495 450//450
f 498//498 426//426 496//496
f 499//499 497//497 451//451
f 499//499 498//498 496//496
f 499//499 496//496 497//497
f 500//500 426//426 498//498
f 500//500 498//498 499//499
f 500//500 427//427 426//426
f 501//501 499//499 451//451
f 501//501 500//500 499//499
f 502//502 427//427 500//500
f 503//503 501//501 451//451
f 503//503 500//500 501//501
f 503//503 502//502 500//500
f 503//503 451//451 434//434
f 504//504 427//427 502//502
f 504//504 502//502 503//503
f 505//505 503//503 434//434
f 505//505 504//504 503//503
f 506//506 428//428 427//427
f 506//506 504//504 505//505
f 506//506 427//427 504//504
f 507//507 505//505 434//434
f 507//507 506//506 505//505
f 508//508 428//428 506//506
f 508//508 506//506 507//507
f 509//509 507//507 434//434
f 509//509 508//508 507//507
f 510//510 428//428 508//508
f 510//510 429//429 428//428
f 510//510 508//508 509//509
f 511//511 434//434 435//435
f 511//511 509//509 434//434
f 511//511 510//510 509//509
f 512//512 429//429 510//510
f 513//513 511//511 435//435
f 513//513 510//510 511//511
f 513//513 512//512 510//510
f 514//514 429//429 512//512
f 515//515 435//435 436//436
f 515//515 512//512 513//513
f 515//515 513//513 435//435
f 515//515 514//514 512//512
f 516//516 430//430 429//429
f 516//516 429//429 514//514
f 516//516 514//514 515//515
f 517//517 515//515 436//436
f 517//517 516//516 515//515
f 518//518 430//430 516//516
f 518//518 516//516 517//517
f 519//519 436//436 437//437
f 519//519 517//517 436//436
f 519//519 518//518 517//517
f 520//520 430//430 518//518
f 521//521 520//520 518//518
f 521//521 518//518 519//519
f 521//521 519//519 437//437
f 522//522 430//430 520//520
f 523//523 520//520 521//521
f 523//523 521//521 437//437
f 523//523 522//522 520//520
f 524//524 430//430 522//522
f 524//524 431//431 430//430
f 524//524 522//522 523//523
f 525//525 437//437 438//438
f 525//525 523//523 437//437
f 525//525 524//524 523//523
f 526//526 431//431 524//524
f 527//527 438//438 439//439
f 527//527 525//525 438//438
f 527//527 524//524 525//525
f 527//527 526//526 524//524
f 528//528 432//432 431//431
f 528//528 433//433 432//432
f 528//528 439//439 433//433
f 528//528 431//431 526//526
f 528//528 526//526 527//527
f 528//528 527//527 439//439
f 531//531 532//532 533//533
f 534//534 529//529 530//530
f 534//534 533//533 529//529
f 534//534 531//531 533//533
f 535//535 530//530 531//531
f 535//535 531//531 534//534
f 535//535 534//534 530//530
f 546//546 536//536 537//537
f 546//546 543//543 542//542
f 546//546 542//542 536//536
f 547//547 537//537 538//538
f 547//547 544//544 543//543
f 547//547 545//545 544//544
f 547//547 546//546 537//537
f 547//547 543//543 546//546
f 548//548 538//538 539//539
f 548//548 541//541 545//545
f 548//548 547//547 538//538
f 548//548 545//545 547//547
f 549//549 539//539 540//540
f 549//549 548//548 539//539
f 550//550 540//540 541//541
f 550//550 548//548 549//549
f 550//550 541//541 548//548
f 550//550 549//549 540//540
f 553//553 555//555 556//556
f 557//557 556//556 551//551
f 557//557 553//553 556//556
f 558//558 554//554 553//553
f 558//558 553//553 557//557
f 559//559 551//551 552//552
f 559//559 552//552 554//554
f 559//559 554//554 558//558
f 559//559 558//558 557//557
f 559//559 557//557 551//551
f 565//565 564//564 561//561
f 566//566 561//561 560//560
f 566//566 562//562 563//563
f 566//566 563//563 564//564
f 566//566 564//564 565//565
f 566//566 565//565 561//561
f 567//567 560//560 562//562
f 567//567 566//566 560//560
f 567//567 562//562 566//566
f 574//574 568//568 569//569
f 574//574 572//572 568//568
f 575//575 573//573 574//574
f 575//575 574//574 569//569
f 576//576 573//573 572//572
f 576//576 572//572 574//574
f 576//576 574//574 573//573
f 577//577 569//569 570//570
f 577//577 570//570 571//571
f 577//577 571//571 573//573
f 577//577 573//573 575//575
f 577//577 575//575 569//569
f 580//580 584//584 585//585
f 581//581 580//580 585//585
f 579//579 587//587 578//578
f 579//579 583//583 587//587
f 588//588 585//585 586//586
f 588//588 586//586 587//587
f 588//588 581//581 585//585
f 588//588 587//587 583//583
f 589//589 582//582 581//581
f 589//589 583//583 582//582
f 589//589 581//581 588//588
f 589//589 588//588 583//583
f 597//597 593//593 592//592
f 597//597 592//592 595//595
f 597//597 595//595 596//596
f 597//597 596//596 598//598
f 599//599 596//596 590//590
f 599//599 598//598 596//596
f 600//600 593//593 597//597
f 600//600 597//597 598//598
f 601//601 590//590 591//591
f 601//601 594//594 593//593
f 601//601 591//591 594//594
f 601//601 593//593 600//600
f 601//601 599//599 590//590
f 601//601 598//598 599//599
f 601//601 600//600 598//598
f 649//649 623//623 635//635
f 650//650 635//635 634//634
f 650//650 649//649 635//635
f 651//651 650//650 634//634
f 652//652 623//623 649//649
f 653//653 634//634 633//633
f 653//653 651//651 634//634
f 654//654 652//652 649//649
f 654//654 649//649 650//650
f 655//655 633//633 632//632
f 655//655 653//653 633//633
f 656//656 654//654 650//650
f 656//656 650//650 651//651
f 657//657 623//623 652//652
f 658//658 632//632 631//631
f 658//658 655//655 632//632
f 659//659 651//651 653//653
f 659//659 653//653 655//655
f 659//659 656//656 651//651
f 660//660 652//652 654//654
f 660//660 657//657 652//652
f 661//661 631//631 630//630
f 661//661 658//658 631//631
f 662//662 659//659 655//655
f 663//663 660//660 654//654
f 663//663 654//654 656//656
f 664//664 661//661 630//630
f 664//664 630//630 629//629
f 665//665 657//657 660//660
f 665//665 623//623 657//657
f 666//666 662//662 655//655
f 666//666 655//655 658//658
f 667//667 663//663 656//656
f 667//667 656//656 659//659
f 668//668 664//664 629//629
f 669//669 660//660 663//663
f 669//669 665//665 660//660
f 670//670 658//658 661//661
f 670//670 666//666 658//658
f 671//671 667//667 659//659
f 671//671 659//659 662//662
f 671//671 662//662 666//666
f 672//672 629//629 628//628
f 672//672 668//668 629//629
f 673//673 669//669 663//663
f 674//674 670//670 661//661
f 674//674 661//661 664//664
f 675//675 623//623 665//665
f 675//675 602//602 623//623
f 676//676 671//671 666//666
f 677//677 628//628 627//627
f 677//677 672//672 628//628
f 678//678 667//667 671//671
f 678//678 663//663 667//667
f 678//678 673//673 663//663
f 679//679 674//674 664//664
f 679//679 664//664 668//668
f 680//680 665//665 669//669
f 680//680 675//675 665//665
f 681//681 666//666 670//670
f 681//681 676//676 666//666
f 682//682 627//627 626//626
f 682//682 677//677 627//627
f 683//683 678//678 671//671
f 684//684 668//668 672//672
f 684//684 672//672 677//677
f 684//684 679//679 668//668
f 685//685 680//680 669//669
f 685//685 669//669 673//673
f 686//686 670//670 674//674
f 686//686 681//681 670//670
f 687//687 602//602 675//675
f 688//688 626//626 625//625
f 688//688 682//682 626//626
f 689//689 671//671 676//676
f 689//689 676//676 681//681
f 689//689 683//683 671//671
f 690//690 684//684 677//677
f 691//691 673//673 678//678
f 691//691 685//685 673//673
f 692//692 674//674 679//679
f 692//692 686//686 674//674
f 693//693 687//687 675//675
f 693//693 680//680 685//685
f 693//693 675//675 680//680
f 694//694 625//625 624//624
f 694//694 688//688 625//625
f 695//695 689//689 681//681
f 696//696 690//690 677//677
f 696//696 677//677 682//682
f 697//697 691//691 678//678
f 697//697 678//678 683//683
f 698//698 692//692 679//679
f 698//698 679//679 684//684
f 699//699 693//693 685//685
f 700//700 694//694 624//624
f 701//701 681//681 686//686
f 701//701 686//686 692//692
f 701//701 695//695 681//681
f 702//702 602//602 687//687
f 703//703 696//696 682//682
f 703//703 682//682 688//688
f 704//704 683//683 689//689
f 704//704 697//697 683//683
f 705//705 698//698 684//684
f 705//705 684//684 690//690
f 706//706 699//699 685//685
f 706//706 685//685 691//691
f 707//707 700//700 624//624
f 707//707 624//624 641//641
f 708//708 701//701 692//692
f 709//709 687//687 693//693
f 709//709 702//702 687//687
f 710//710 703//703 688//688
f 710//710 688//688 694//694
f 711//711 689//689 695//695
f 711//711 704//704 689//689
f 712//712 690//690 696//696
f 712//712 705//705 690//690
f 713//713 691//691 697//697
f 713//713 706//706 691//691
f 714//714 641//641 640//640
f 714//714 707//707 641//641
f 715//715 708//708 692//692
f 715//715 692//692 698//698
f 716//716 709//709 693//693
f 716//716 693//693 699//699
f 717//717 694//694 700//700
f 717//717 710//710 694//694
f 718//718 711//711 695//695
f 718//718 695//695 701//701
f 718//718 701//701 708//708
f 719//719 602//602 702//702
f 720//720 696//696 703//703
f 720//720 712//712 696//696
f 721//721 713//713 697//697
f 721//721 697//697 704//704
f 721//721 704//704 711//711
f 722//722 640//640 639//639
f 722//722 714//714 640//640
f 723//723 698//698 705//705
f 723//723 705//705 712//712
f 723//723 715//715 698//698
f 724//724 699//699 706//706
f 724//724 706//706 713//713
f 724//724 716//716 699//699
f 725//725 700//700 707//707
f 725//725 717//717 700//700
f 725//725 707//707 714//714
f 726//726 718//718 708//708
f 727//727 719//719 702//702
f 727//727 702//702 709//709
f 728//728 720//720 703//703
f 728//728 710//710 717//717
f 728//728 703//703 710//710
f 729//729 721//721 711//711
f 730//730 638//638 637//637
f 730//730 639//639 638//638
f 730//730 722//722 639//639
f 731//731 723//723 712//712
f 732//732 724//724 713//713
f 733//733 725//725 714//714
f 734//734 715//715 723//723
f 734//734 726//726 708//708
f 734//734 708//708 715//715
f 735//735 727//727 709//709
f 735//735 709//709 716//716
f 735//735 716//716 724//724
f 736//736 728//728 717//717
f 737//737 729//729 711//711
f 737//737 718//718 726//726
f 737//737 711//711 718//718
f 738//738 603//603 602//602
f 738//738 604//604 603//603
f 738//738 719//719 727//727
f 738//738 602//602 719//719
f 739//739 637//637 636//636
f 739//739 730//730 637//637
f 740//740 720//720 728//728
f 740//740 712//712 720//720
f 740//740 731//731 712//712
f 741//741 713//713 721//721
f 741//741 721//721 729//729
f 741//741 732//732 713//713
f 742//742 733//733 714//714
f 742//742 714//714 722//722
f 742//742 722//722 730//730
f 743//743 734//734 723//723
f 744//744 735//735 724//724
f 745//745 725//725 733//733
f 745//745 717//717 725//725
f 745//745 736//736 717//717
f 746//746 737//737 726//726
f 747//747 604//604 738//738
f 747//747 605//605 604//604
f 747//747 738//738 727//727
f 748//748 740//740 728//728
f 749//749 741//741 729//729
f 750//750 730//730 739//739
f 750//750 742//742 730//730
f 751//751 723//723 731//731
f 751//751 743//743 723//723
f 752//752 724//724 732//732
f 752//752 744//744 724//724
f 753//753 745//745 733//733
f 754//754 726//726 734//734
f 754//754 746//746 726//726
f 755//755 606//606 605//605
f 755//755 605//605 747//747
f 755//755 727//727 735//735
f 755//755 747//747 727//727
f 756//756 728//728 736//736
f 756//756 736//736 745//745
f 756//756 748//748 728//728
f 757//757 749//749 729//729
f 757//757 729//729 737//737
f 757//757 737//737 746//746
f 758//758 750//750 739//739
f 758//758 739//739 636//636
f 759//759 731//731 740//740
f 759//759 751//751 731//731
f 760//760 732//732 741//741
f 760//760 752//752 732//732
f 760//760 741//741 749//749
f 761//761 733//733 742//742
f 761//761 742//742 750//750
f 761//761 753//753 733//733
f 762//762 734//734 743//743
f 762//762 754//754 734//734
f 763//763 607//607 606//606
f 763//763 608//608 607//607
f 763//763 735//735 744//744
f 763//763 606//606 755//755
f 763//763 755//755 735//735
f 764//764 756//756 745//745
f 765//765 746//746 754//754
f 765//765 757//757 746//746
f 766//766 759//759 740//740
f 766//766 748//748 756//756
f 766//766 740//740 748//748
f 767//767 760//760 749//749
f 768//768 761//761 750//750
f 768//768 750//750 758//758
f 769//769 762//762 743//743
f 769//769 743//743 751//751
f 770//770 609//609 608//608
f 770//770 608//608 763//763
f 770//770 752//752 760//760
f 770//770 763//763 744//744
f 770//770 744//744 752//752
f 771//771 753//753 761//761
f 771//771 764//764 745//745
f 771//771 745//745 753//753
f 772//772 765//765 754//754
f 773//773 766//766 756//756
f 774//774 757//757 765//765
f 774//774 749//749 757//757
f 774//774 767//767 749//749
f 775//775 758//758 636//636
f 775//775 768//768 758//758
f 776//776 759//759 766//766
f 776//776 769//769 751//751
f 776//776 751//751 759//759
f 777//777 610//610 609//609
f 777//777 609//609 770//770
f 777//777 770//770 760//760
f 778//778 771//771 761//761
f 779//779 754//754 762//762
f 779//779 772//772 754//754
f 780//780 773//773 756//756
f 780//780 756//756 764//764
f 780//780 764//764 771//771
f 781//781 774//774 765//765
f 782//782 776//776 766//766
f 783//783 611//611 610//610
f 783//783 612//612 611//611
f 783//783 760//760 767//767
f 783//783 610//610 777//777
f 783//783 777//777 760//760
f 784//784 761//761 768//768
f 784//784 778//778 761//761
f 784//784 768//768 775//775
f 785//785 779//779 762//762
f 785//785 762//762 769//769
f 786//786 780//780 771//771
f 787//787 765//765 772//772
f 787//787 772//772 779//779
f 787//787 781//781 765//765
f 788//788 782//782 766//766
f 788//788 766//766 773//773
f 789//789 613//613 612//612
f 789//789 767//767 774//774
f 789//789 612//612 783//783
f 789//789 783//783 767//767
f 789//789 774//774 781//781
f 790//790 775//775 636//636
f 790//790 784//784 775//775
f 791//791 769//769 776//776
f 791//791 776//776 782//782
f 791//791 785//785 769//769
f 792//792 786//786 771//771
f 792//792 771//771 778//778
f 792//792 778//778 784//784
f 793//793 787//787 779//779
f 793//793 779//779 785//785
f 794//794 788//788 773//773
f 794//794 773//773 780//780
f 795//795 789//789 781//781
f 795//795 614//614 613//613
f 795//795 613//613 789//789
f 796//796 791//791 782//782
f 797//797 792//792 784//784
f 798//798 793//793 785//785
f 799//799 794//794 780//780
f 799//799 786//786 792//792
f 799//799 780//780 786//786
f 800//800 615//615 614//614
f 800//800 787//787 793//793
f 800//800 781//781 787//787
f 800//800 614//614 795//795
f 800//800 795//795 781//781
f 801//801 796//796 782//782
f 801//801 782//782 788//788
f 802//802 790//790 636//636
f 802//802 797//797 784//784
f 802//802 636//636 642//642
f 802//802 784//784 790//790
f 803//803 785//785 791//791
f 803//803 798//798 785//785
f 804//804 799//799 792//792
f 805//805 616//616 615//615
f 805//805 617//617 616//616
f 805//805 615//615 800//800
f 805//805 800//800 793//793
f 806//806 788//788 794//794
f 806//806 794//794 799//799
f 806//806 801//801 788//788
f 807//807 791//791 796//796
f 807//807 803//803 791//791
f 808//808 797//797 802//802
f 808//808 792//792 797//797
f 808//808 804//804 792//792
f 809//809 618//618 617//617
f 809//809 793//793 798//798
f 809//809 805//805 793//793
f 809//809 617//617 805//805
f 810//810 806//806 799//799
f 811//811 796//796 801//801
f 811//811 801//801 806//806
f 811//811 807//807 796//796
f 812//812 802//802 642//642
f 812//812 808//808 802//802
f 813//813 619//619 618//618
f 813//813 809//809 798//798
f 813//813 618//618 809//809
f 813//813 798//798 803//803
f 813//813 803//803 807//807
f 814//814 810//810 799//799
f 814//814 799//799 804//804
f 814//814 804//804 808//808
f 815//815 811//811 806//806
f 816//816 620//620 619//619
f 816//816 621//621 620//620
f 816//816 619//619 813//813
f 816//816 813//813 807//807
f 817//817 814//814 808//808
f 818//818 806//806 810//810
f 818//818 810//810 814//814
f 818//818 815//815 806//806
f 819//819 622//622 621//621
f 819//819 807//807 811//811
f 819//819 621//621 816//816
f 819//819 816//816 807//807
f 820//820 812//812 642//642
f 820//820 808//808 812//812
f 820//820 817//817 808//808
f 821//821 818//818 814//814
f 822//822 811//811 815//815
f 822//822 643//643 622//622
f 822//822 819//819 811//811
f 822//822 622//622 819//819
f 823//823 821//821 814//814
f 823//823 814//814 817//817
f 824//824 644//644 643//643
f 824//824 643//643 822//822
f 824//824 815//815 818//818
f 824//824 822//822 815//815
f 825//825 817//817 820//820
f 825//825 823//823 817//817
f 825//825 820//820 642//642
f 826//826 818//818 821//821
f 826//826 644//644 824//824
f 826//826 645//645 644//644
f 826//826 646//646 645//645
f 826//826 824//824 818//818
f 827//827 826//826 821//821
f 827//827 646//646 826//826
f 827//827 647//647 646//646
f 827//827 821//821 823//823
f 828//828 825//825 642//642
f 828//828 647//647 827//827
f 828//828 827//827 823//823
f 828//828 648//648 647//647
f 828//828 642//642 648//648
f 828//828 823//823 825//825
f 834//834 832//832 833//833
f 834//834 833//833 830//830
f 835//835 830//830 829//829
f 835//835 829//829 831//831
f 835//835 831//831 832//832
f 835//835 832//832 834//834
f 835//835 834//834 830//830
f 860//860 836//836 837//837
f 861//861 846//846 858//858
f 861//861 858//858 859//859
f 861//861 859//859 836//836
f 861//861 836//836 860//860
f 862//862 860//860 837//837
f 863//863 846//846 861//861
f 863//863 861//861 860//860
f 863//863 860//860 862//862
f 864//864 837//837 838//838
f 864//864 862//862 837//837
f 865//865 847//847 846//846
f 865//865 863//863 862//862
f 865//865 862//862 864//864
f 865//865 846//846 863//863
f 866//866 864//864 838//838
f 867//867 864//864 866//866
f 867//867 865//865 864//864
f 867//867 847//847 865//865
f 868//868 866//866 838//838
f 869//869 848//848 847//847
f 869//869 867//867 866//866
f 869//869 866//866 868//868
f 869//869 847//847 867//867
f 870//870 838//838 839//839
f 870//870 868//868 838//838
f 871//871 848//848 869//869
f 871//871 869//869 868//868
f 871//871 868//868 870//870
f 872//872 870//870 839//839
f 873//873 849//849 848//848
f 873//873 848//848 871//871
f 873//873 871//871 870//870
f 873//873 870//870 872//872
f 874//874 872//872 839//839
f 875//875 849//849 873//873
f 875//875 873//873 872//872
f 875//875 872//872 874//874
f 876//876 874//874 839//839
f 876//876 875//875 874//874
f 877//877 850//850 849//849
f 877//877 849//849 875//875
f 877//877 875//875 876//876
f 878//878 839//839 840//840
f 878//878 876//876 839//839
f 878//878 877//877 876//876
f 879//879 877//877 878//878
f 879//879 850//850 877//877
f 880//880 879//879 878//878
f 880//880 878//878 840//840
f 881//881 850//850 879//879
f 881//881 851//851 850//850
f 881//881 879//879 880//880
f 882//882 880//880 840//840
f 883//883 881//881 880//880
f 883//883 851//851 881//881
f 883//883 880//880 882//882
f 884//884 882//882 840//840
f 885//885 851//851 883//883
f 885//885 852//852 851//851
f 885//885 883//883 882//882
f 885//885 882//882 884//884
f 886//886 840//840 841//841
f 886//886 885//885 884//884
f 886//886 884//884 840//840
f 887//887 853//853 852//852
f 887//887 852//852 885//885
f 887//887 885//885 886//886
f 888//888 886//886 841//841
f 889//889 886//886 888//888
f 889//889 887//887 886//886
f 889//889 853//853 887//887
f 890//890 888//888 841//841
f 891//891 889//889 888//888
f 891//891 853//853 889//889
f 891//891 888//888 890//890
f 892//892 890//890 841//841
f 893//893 854//854 853//853
f 893//893 853//853 891//891
f 893//893 891//891 890//890
f 893//893 890//890 892//892
f 894//894 841//841 842//842
f 894//894 892//892 841//841
f 895//895 854//854 893//893
f 895//895 893//893 892//892
f 895//895 892//892 894//894
f 896//896 894//894 842//842
f 897//897 854//854 895//895
f 897//897 895//895 894//894
f 897//897 894//894 896//896
f 898//898 896//896 842//842
f 899//899 855//855 854//854
f 899//899 897//897 896//896
f 899//899 896//896 898//898
f 899//899 854//854 897//897
f 900//900 898//898 842//842
f 901//901 855//855 899//899
f 901//901 899//899 898//898
f 901//901 898//898 900//900
f 902//902 842//842 843//843
f 902//902 900//900 842//842
f 902//902 901//901 900//900
f 903//903 855//855 901//901
f 903//903 901//901 902//902
f 904//904 902//902 843//843
f 905//905 856//856 855//855
f 905//905 902//902 904//904
f 905//905 855//855 903//903
f 905//905 903//903 902//902
f 906//906 904//904 843//843
f 907//907 856//856 905//905
f 907//907 905//905 904//904
f 907//907 904//904 906//906
f 908//908 906//906 843//843
f 909//909 857//857 856//856
f 909//909 856//856 907//907
f 909//909 907//907 906//906
f 909//909 906//906 908//908
f 910//910 843//843 844//844
f 910//910 908//908 843//843
f 910//910 909//909 908//908
f 911//911 857//857 909//909
f 911//911 909//909 910//910
f 912//912 910//910 844//844
f 912//912 911//911 910//910
f 913//913 911//911 912//912
f 913//913 844//844 845//845
f 913//913 845//845 857//857
f 913//913 912//912 844//844
f 913//913 857//857 911//911
f 922//922 924//924 923//923
f 922//922 925//925 924//924
f 916//916 915//915 914//914
f 916//916 914//914 925//925
f 916//916 925//925 922//922
f 919//919 916//916 922//922
f 920//920 922//922 921//921
f 920//920 919//919 922//922
f 918//918 916//916 919//919
f 917//917 916//916 918//918
f 934//934 936//936 935//935
f 934//934 937//937 936//936
f 928//928 927//927 926//926
f 931//931 928//928 934//934
f 932//932 934//934 933//933
f 932//932 931//931 934//934
f 930//930 928//928 931//931
f 929//929 928//928 930//930
f 938//938 926//926 937//937
f 938//938 937//937 934//934
f 938//938 928//928 926//926
f 938//938 934//934 928//928
f 986//986 974//974 985//985
f 987//987 986//986 985//985
f 987//987 985//985 984//984
f 988//988 987//987 984//984
f 989//989 974//974 986//986
f 990//990 988//988 984//984
f 990//990 984//984 983//983
f 991//991 989//989 986//986
f 991//991 986//986 987//987
f 992//992 990//990 983//983
f 992//992 983//983 982//982
f 993//993 991//991 987//987
f 993//993 987//987 988//988
f 994//994 974//974 989//989
f 995//995 982//982 981//981
f 995//995 992//992 982//982
f 996//996 988//988 990//990
f 996//996 993//993 988//988
f 997//997 989//989 991//991
f 997//997 994//994 989//989
f 998//998 981//981 980//980
f 998//998 995//995 981//981
f 999//999 992//992 995//995
f 999//999 996//996 990//990
f 999//999 990//990 992//992
f 1000//1000 997//997 991//991
f 1000//1000 991//991 993//993
f 1001//1001 998//998 980//980
f 1001//1001 980//980 979//979
f 1002//1002 994//994 997//997
f 1002//1002 974//974 994//994
f 1003//1003 999//999 995//995
f 1004//1004 993//993 996//996
f 1004//1004 1000//1000 993//993
f 1005//1005 979//979 978//978
f 1005//1005 1001//1001 979//979
f 1006//1006 1002//1002 997//997
f 1007//1007 1003//1003 995//995
f 1007//1007 995//995 998//998
f 1007//1007 998//998 1001//1001
f 1008//1008 999//999 1003//1003
f 1008//1008 1004//1004 996//996
f 1008//1008 996//996 999//999
f 1009//1009 978//978 977//977
f 1009//1009 1005//1005 978//978
f 1010//1010 997//997 1000//1000
f 1010//1010 1006//1006 997//997
f 1011//1011 1007//1007 1001//1001
f 1012//1012 948//948 974//974
f 1012//1012 974//974 1002//1002
f 1013//1013 1008//1008 1003//1003
f 1014//1014 1009//1009 977//977
f 1015//1015 1004//1004 1008//1008
f 1015//1015 1000//1000 1004//1004
f 1015//1015 1010//1010 1000//1000
f 1016//1016 1001//1001 1005//1005
f 1016//1016 1011//1011 1001//1001
f 1017//1017 1002//1002 1006//1006
f 1017//1017 1012//1012 1002//1002
f 1018//1018 1007//1007 1011//1011
f 1018//1018 1013//1013 1003//1003
f 1018//1018 1003//1003 1007//1007
f 1019//1019 977//977 976//976
f 1019//1019 1014//1014 977//977
f 1020//1020 1015//1015 1008//1008
f 1021//1021 1016//1016 1005//1005
f 1021//1021 1005//1005 1009//1009
f 1021//1021 1009//1009 1014//1014
f 1022//1022 1006//1006 1010//1010
f 1022//1022 1017//1017 1006//1006
f 1023//1023 1018//1018 1011//1011
f 1024//1024 976//976 975//975
f 1024//1024 1019//1019 976//976
f 1025//1025 948//948 1012//1012
f 1026//1026 1008//1008 1013//1013
f 1026//1026 1020//1020 1008//1008
f 1027//1027 1021//1021 1014//1014
f 1028//1028 1010//1010 1015//1015
f 1028//1028 1022//1022 1010//1010
f 1029//1029 1023//1023 1011//1011
f 1029//1029 1011//1011 1016//1016
f 1030//1030 1024//1024 975//975
f 1030//1030 975//975 940//940
f 1031//1031 1017//1017 1022//1022
f 1031//1031 1025//1025 1012//1012
f 1031//1031 1012//1012 1017//1017
f 1032//1032 1026//1026 1013//1013
f 1032//1032 1013//1013 1018//1018
f 1033//1033 1027//1027 1014//1014
f 1033//1033 1014//1014 1019//1019
f 1034//1034 1028//1028 1015//1015
f 1034//1034 1015//1015 1020//1020
f 1035//1035 1029//1029 1016//1016
f 1035//1035 1016//1016 1021//1021
f 1035//1035 1021//1021 1027//1027
f 1036//1036 940//940 939//939
f 1036//1036 939//939 946//946
f 1036//1036 1030//1030 940//940
f 1037//1037 1031//1031 1022//1022
f 1038//1038 1018//1018 1023//1023
f 1038//1038 1032//1032 1018//1018
f 1039//1039 1019//1019 1024//1024
f 1039//1039 1033//1033 1019//1019
f 1040//1040 1025//1025 1031//1031
f 1040//1040 948//948 1025//1025
f 1041//1041 1020//1020 1026//1026
f 1041//1041 1034//1034 1020//1020
f 1042//1042 1035//1035 1027//1027
f 1043//1043 946//946 945//945
f 1043//1043 1036//1036 946//946
f 1044//1044 1037//1037 1022//1022
f 1044//1044 1022//1022 1028//1028
f 1045//1045 1038//1038 1023//1023
f 1045//1045 1029//1029 1035//1035
f 1045//1045 1023//1023 1029//1029
f 1046//1046 1024//1024 1030//1030
f 1046//1046 1039//1039 1024//1024
f 1047//1047 1031//1031 1037//1037
f 1047//1047 1040//1040 1031//1031
f 1048//1048 1041//1041 1026//1026
f 1048//1048 1026//1026 1032//1032
f 1048//1048 1032//1032 1038//1038
f 1049//1049 1042//1042 1027//1027
f 1049//1049 1027//1027 1033//1033
f 1050//1050 945//945 944//944
f 1050//1050 1043//1043 945//945
f 1051//1051 1028//1028 1034//1034
f 1051//1051 1044//1044 1028//1028
f 1052//1052 1045//1045 1035//1035
f 1053//1053 1030//1030 1036//1036
f 1053//1053 1046//1046 1030//1030
f 1053//1053 1036//1036 1043//1043
f 1054//1054 1047//1047 1037//1037
f 1055//1055 1048//1048 1038//1038
f 1056//1056 1033//1033 1039//1039
f 1056//1056 1049//1049 1033//1033
f 1057//1057 944//944 943//943
f 1057//1057 1050//1050 944//944
f 1058//1058 948//948 1040//1040
f 1059//1059 1034//1034 1041//1041
f 1059//1059 1051//1051 1034//1034
f 1059//1059 1041//1041 1048//1048
f 1060//1060 1035//1035 1042//1042
f 1060//1060 1052//1052 1035//1035
f 1061//1061 1053//1053 1043//1043
f 1062//1062 1037//1037 1044//1044
f 1062//1062 1054//1054 1037//1037
f 1063//1063 1055//1055 1038//1038
f 1063//1063 1045//1045 1052//1052
f 1063//1063 1038//1038 1045//1045
f 1064//1064 1039//1039 1046//1046
f 1064//1064 1056//1056 1039//1039
f 1065//1065 943//943 942//942
f 1065//1065 1057//1057 943//943
f 1066//1066 1058//1058 1040//1040
f 1066//1066 1040//1040 1047//1047
f 1067//1067 1059//1059 1048//1048
f 1068//1068 1049//1049 1056//1056
f 1068//1068 1042//1042 1049//1049
f 1068//1068 1060//1060 1042//1042
f 1069//1069 1061//1061 1043//1043
f 1069//1069 1043//1043 1050//1050
f 1070//1070 1062//1062 1044//1044
f 1070//1070 1044//1044 1051//1051
f 1071//1071 1063//1063 1052//1052
f 1072//1072 1053//1053 1061//1061
f 1072//1072 1064//1064 1046//1046
f 1072//1072 1046//1046 1053//1053
f 1073//1073 942//942 941//941
f 1073//1073 1065//1065 942//942
f 1074//1074 1066//1066 1047//1047
f 1074//1074 1047//1047 1054//1054
f 1075//1075 1048//1048 1055//1055
f 1075//1075 1055//1055 1063//1063
f 1075//1075 1067//1067 1048//1048
f 1076//1076 1068//1068 1056//1056
f 1077//1077 1050//1050 1057//1057
f 1077//1077 1069//1069 1050//1050
f 1078//1078 949//949 948//948
f 1078//1078 950//950 949//949
f 1078//1078 948//948 1058//1058
f 1079//1079 1051//1051 1059//1059
f 1079//1079 1070//1070 1051//1051
f 1080//1080 1071//1071 1052//1052
f 1080//1080 1060//1060 1068//1068
f 1080//1080 1052//1052 1060//1060
f 1081//1081 1072//1072 1061//1061
f 1082//1082 1054//1054 1062//1062
f 1082//1082 1074//1074 1054//1054
f 1083//1083 1075//1075 1063//1063
f 1083//1083 1063//1063 1071//1071
f 1084//1084 1056//1056 1064//1064
f 1084//1084 1076//1076 1056//1056
f 1085//1085 1057//1057 1065//1065
f 1085//1085 1077//1077 1057//1057
f 1086//1086 950//950 1078//1078
f 1086//1086 951//951 950//950
f 1086//1086 1058//1058 1066//1066
f 1086//1086 1078//1078 1058//1058
f 1087//1087 1059//1059 1067//1067
f 1087//1087 1079//1079 1059//1059
f 1088//1088 1080//1080 1068//1068
f 1089//1089 1069//1069 1077//1077
f 1089//1089 1081//1081 1061//1061
f 1089//1089 1061//1061 1069//1069
f 1090//1090 1082//1082 1062//1062
f 1090//1090 1062//1062 1070//1070
f 1091//1091 1083//1083 1071//1071
f 1092//1092 1064//1064 1072//1072
f 1092//1092 1072//1072 1081//1081
f 1092//1092 1084//1084 1064//1064
f 1093//1093 1073//1073 941//941
f 1093//1093 1065//1065 1073//1073
f 1093//1093 1085//1085 1065//1065
f 1094//1094 952//952 951//951
f 1094//1094 951//951 1086//1086
f 1094//1094 1066//1066 1074//1074
f 1094//1094 1086//1086 1066//1066
f 1095//1095 1087//1087 1067//1067
f 1095//1095 1067//1067 1075//1075
f 1096//1096 1068//1068 1076//1076
f 1096//1096 1076//1076 1084//1084
f 1096//1096 1088//1088 1068//1068
f 1097//1097 1089//1089 1077//1077
f 1098//1098 1090//1090 1070//1070
f 1098//1098 1070//1070 1079//1079
f 1099//1099 1091//1091 1071//1071
f 1099//1099 1071//1071 1080//1080
f 1100//1100 1092//1092 1081//1081
f 1101//1101 953//953 952//952
f 1101//1101 954//954 953//953
f 1101//1101 1074//1074 1082//1082
f 1101//1101 1082//1082 1090//1090
f 1101//1101 952//952 1094//1094
f 1101//1101 1094//1094 1074//1074
f 1102//1102 1083//1083 1091//1091
f 1102//1102 1095//1095 1075//1075
f 1102//1102 1075//1075 1083//1083
f 1103//1103 1084//1084 1092//1092
f 1103//1103 1096//1096 1084//1084
f 1104//1104 1097//1097 1077//1077
f 1104//1104 1077//1077 1085//1085
f 1105//1105 1098//1098 1079//1079
f 1105//1105 1079//1079 1087//1087
f 1106//1106 1088//1088 1096//1096
f 1106//1106 1099//1099 1080//1080
f 1106//1106 1080//1080 1088//1088
f 1107//1107 1100//1100 1081//1081
f 1107//1107 1089//1089 1097//1097
f 1107//1107 1081//1081 1089//1089
f 1108//1108 954//954 1101//1101
f 1108//1108 955//955 954//954
f 1108//1108 1101//1101 1090//1090
f 1109//1109 1102//1102 1091//1091
f 1110//1110 1103//1103 1092//1092
f 1111//1111 1085//1085 1093//1093
f 1111//1111 1104//1104 1085//1085
f 1111//1111 1093//1093 941//941
f 1112//1112 1095//1095 1102//1102
f 1112//1112 1087//1087 1095//1095
f 1112//1112 1105//1105 1087//1087
f 1113//1113 1106//1106 1096//1096
f 1114//1114 1107//1107 1097//1097
f 1115//1115 956//956 955//955
f 1115//1115 1090//1090 1098//1098
f 1115//1115 1098//1098 1105//1105
f 1115//1115 1108//1108 1090//1090
f 1115//1115 955//955 1108//1108
f 1116//1116 1109//1109 1091//1091
f 1116//1116 1099//1099 1106//1106
f 1116//1116 1091//1091 1099//1099
f 1117//1117 1092//1092 1100//1100
f 1117//1117 1110//1110 1092//1092
f 1118//1118 1112//1112 1102//1102
f 1119//1119 1096//1096 1103//1103
f 1119//1119 1113//1113 1096//1096
f 1120//1120 1104//1104 1111//1111
f 1120//1120 1114//1114 1097//1097
f 1120//1120 1097//1097 1104//1104
f 1121//1121 957//957 956//956
f 1121//1121 1105//1105 1112//1112
f 1121//1121 1115//1115 1105//1105
f 1121//1121 956//956 1115//1115
f 1122//1122 1116//1116 1106//1106
f 1123//1123 1100//1100 1107//1107
f 1123//1123 1117//1117 1100//1100
f 1124//1124 1109//1109 1116//1116
f 1124//1124 1102//1102 1109//1109
f 1124//1124 1118//1118 1102//1102
f 1125//1125 1103//1103 1110//1110
f 1125//1125 1110//1110 1117//1117
f 1125//1125 1119//1119 1103//1103
f 1126//1126 1120//1120 1111//1111
f 1126//1126 1111//1111 941//941
f 1127//1127 958//958 957//957
f 1127//1127 959//959 958//958
f 1127//1127 957//957 1121//1121
f 1127//1127 1121//1121 1112//1112
f 1128//1128 1106//1106 1113//1113
f 1128//1128 1113//1113 1119//1119
f 1128//1128 1122//1122 1106//1106
f 1129//1129 1107//1107 1114//1114
f 1129//1129 1123//1123 1107//1107
f 1129//1129 1114//1114 1120//1120
f 1130//1130 1124//1124 1116//1116
f 1131//1131 1125//1125 1117//1117
f 1132//1132 1118//1118 1124//1124
f 1132//1132 1127//1127 1112//1112
f 1132//1132 960//960 959//959
f 1132//1132 959//959 1127//1127
f 1132//1132 1112//1112 1118//1118
f 1133//1133 1128//1128 1119//1119
f 1134//1134 1129//1129 1120//1120
f 1135//1135 1130//1130 1116//1116
f 1135//1135 1116//1116 1122//1122
f 1136//1136 1131//1131 1117//1117
f 1136//1136 1123//1123 1129//1129
f 1136//1136 1117//1117 1123//1123
f 1137//1137 961//961 960//960
f 1137//1137 1132//1132 1124//1124
f 1137//1137 960//960 1132//1132
f 1138//1138 1119//1119 1125//1125
f 1138//1138 1133//1133 1119//1119
f 1139//1139 1120//1120 1126//1126
f 1139//1139 941//941 947//947
f 1139//1139 1134//1134 1120//1120
f 1139//1139 1126//1126 941//941
f 1140//1140 1135//1135 1122//1122
f 1140//1140 1122//1122 1128//1128
f 1141//1141 1136//1136 1129//1129
f 1142//1142 962//962 961//961
f 1142//1142 1124//1124 1130//1130
f 1142//1142 961//961 1137//1137
f 1142//1142 1137//1137 1124//1124
f 1142//1142 1130//1130 1135//1135
f 1143//1143 1125//1125 1131//1131
f 1143//1143 1138//1138 1125//1125
f 1144//1144 1133//1133 1138//1138
f 1144//1144 1140//1140 1128//1128
f 1144//1144 1128//1128 1133//1133
f 1145//1145 1129//1129 1134//1134
f 1145//1145 1141//1141 1129//1129
f 1145//1145 1134//1134 1139//1139
f 1146//1146 963//963 962//962
f 1146//1146 1142//1142 1135//1135
f 1146//1146 962//962 1142//1142
f 1147//1147 1131//1131 1136//1136
f 1147//1147 1143//1143 1131//1131
f 1148//1148 1144//1144 1138//1138
f 1149//1149 1139//1139 947//947
f 1149//1149 1145//1145 1139//1139
f 1150//1150 964//964 963//963
f 1150//1150 965//965 964//964
f 1150//1150 963//963 1146//1146
f 1150//1150 1135//1135 1140//1140
f 1150//1150 1146//1146 1135//1135
f 1151//1151 1147//1147 1136//1136
f 1151//1151 1136//1136 1141//1141
f 1151//1151 1141//1141 1145//1145
f 1152//1152 1148//1148 1138//1138
f 1152//1152 1138//1138 1143//1143
f 1153//1153 966//966 965//965
f 1153//1153 1150//1150 1140//1140
f 1153//1153 1140//1140 1144//1144
f 1153//1153 965//965 1150//1150
f 1154//1154 1151//1151 1145//1145
f 1155//1155 1152//1152 1143//1143
f 1155//1155 1143//1143 1147//1147
f 1156//1156 967//967 966//966
f 1156//1156 966//966 1153//1153
f 1156//1156 1144//1144 1148//1148
f 1156//1156 1153//1153 1144//1144
f 1157//1157 1149//1149 947//947
f 1157//1157 1145//1145 1149//1149
f 1157//1157 1154//1154 1145//1145
f 1158//1158 1147//1147 1151//1151
f 1158//1158 1155//1155 1147//1147
f 1159//1159 968//968 967//967
f 1159//1159 1148//1148 1152//1152
f 1159//1159 1156//1156 1148//1148
f 1159//1159 967//967 1156//1156
f 1160//1160 1158//1158 1151//1151
f 1160//1160 1151//1151 1154//1154
f 1161//1161 1159//1159 1152//1152
f 1161//1161 969//969 968//968
f 1161//1161 970//970 969//969
f 1161//1161 1152//1152 1155//1155
f 1161//1161 968//968 1159//1159
f 1162//1162 1154//1154 1157//1157
f 1162//1162 1160//1160 1154//1154
f 1162//1162 1157//1157 947//947
f 1163//1163 1155//1155 1158//1158
f 1163//1163 970//970 1161//1161
f 1163//1163 971//971 970//970
f 1163//1163 1161//1161 1155//1155
f 1163//1163 1158//1158 1160//1160
f 1164//1164 1163//1163 1160//1160
f 1164//1164 971//971 1163//1163
f 1164//1164 972//972 971//971
f 1165//1165 1160//1160 1162//1162
f 1165//1165 1162//1162 947//947
f 1165//1165 1164//1164 1160//1160
f 1165//1165 972//972 1164//1164
f 1165//1165 973//973 972//972
f 1165//1165 947//947 973//973
f 1196//1196 1184//1184 1183//1183
f 1196//1196 1195//1195 1184//1184
f 1197//1197 1195//1195 1196//1196
f 1198//1198 1194//1194 1195//1195
f 1198//1198 1195//1195 1197//1197
f 1199//1199 1196//1196 1183//1183
f 1200//1200 1194//1194 1198//1198
f 1201//1201 1197//1197 1196//1196
f 1201//1201 1196//1196 1199//1199
f 1202//1202 1193//1193 1194//1194
f 1202//1202 1194//1194 1200//1200
f 1203//1203 1197//1197 1201//1201
f 1203//1203 1198//1198 1197//1197
f 1204//1204 1193//1193 1202//1202
f 1205//1205 1199//1199 1183//1183
f 1206//1206 1198//1198 1203//1203
f 1206//1206 1200//1200 1198//1198
f 1207//1207 1192//1192 1193//1193
f 1207//1207 1193//1193 1204//1204
f 1208//1208 1199//1199 1205//1205
f 1208//1208 1201//1201 1199//1199
f 1209//1209 1200//1200 1206//1206
f 1209//1209 1202//1202 1200//1200
f 1209//1209 1204//1204 1202//1202
f 1210//1210 1191//1191 1192//1192
f 1210//1210 1192//1192 1207//1207
f 1211//1211 1203//1203 1201//1201
f 1211//1211 1201//1201 1208//1208
f 1212//1212 1204//1204 1209//1209
f 1213//1213 1190//1190 1191//1191
f 1213//1213 1191//1191 1210//1210
f 1214//1214 1205//1205 1183//1183
f 1215//1215 1206//1206 1203//1203
f 1215//1215 1203//1203 1211//1211
f 1216//1216 1204//1204 1212//1212
f 1216//1216 1207//1207 1204//1204
f 1216//1216 1210//1210 1207//1207
f 1217//1217 1190//1190 1213//1213
f 1217//1217 1189//1189 1190//1190
f 1218//1218 1211//1211 1208//1208
f 1218//1218 1205//1205 1214//1214
f 1218//1218 1208//1208 1205//1205
f 1219//1219 1212//1212 1209//1209
f 1219//1219 1206//1206 1215//1215
f 1219//1219 1209//1209 1206//1206
f 1220//1220 1210//1210 1216//1216
f 1221//1221 1189//1189 1217//1217
f 1222//1222 1211//1211 1218//1218
f 1223//1223 1212//1212 1219//1219
f 1224//1224 1210//1210 1220//1220
f 1224//1224 1213//1213 1210//1210
f 1225//1225 1214//1214 1183//1183
f 1225//1225 1183//1183 1166//1166
f 1225//1225 1218//1218 1214//1214
f 1226//1226 1189//1189 1221//1221
f 1226//1226 1188//1188 1189//1189
f 1227//1227 1215//1215 1211//1211
f 1227//1227 1211//1211 1222//1222
f 1228//1228 1216//1216 1212//1212
f 1228//1228 1212//1212 1223//1223
f 1229//1229 1213//1213 1224//1224
f 1229//1229 1217//1217 1213//1213
f 1230//1230 1218//1218 1225//1225
f 1231//1231 1187//1187 1188//1188
f 1231//1231 1188//1188 1226//1226
f 1232//1232 1223//1223 1219//1219
f 1232//1232 1219//1219 1215//1215
f 1232//1232 1215//1215 1227//1227
f 1233//1233 1216//1216 1228//1228
f 1233//1233 1220//1220 1216//1216
f 1234//1234 1226//1226 1221//1221
f 1234//1234 1217//1217 1229//1229
f 1234//1234 1221//1221 1217//1217
f 1235//1235 1222//1222 1218//1218
f 1235//1235 1218//1218 1230//1230
f 1236//1236 1186//1186 1187//1187
f 1236//1236 1187//1187 1231//1231
f 1237//1237 1223//1223 1232//1232
f 1238//1238 1220//1220 1233//1233
f 1238//1238 1224//1224 1220//1220
f 1239//1239 1225//1225 1166//1166
f 1240//1240 1226//1226 1234//1234
f 1241//1241 1222//1222 1235//1235
f 1241//1241 1227//1227 1222//1222
f 1241//1241 1232//1232 1227//1227
f 1242//1242 1185//1185 1186//1186
f 1242//1242 1186//1186 1236//1236
f 1243//1243 1228//1228 1223//1223
f 1243//1243 1223//1223 1237//1237
f 1244//1244 1224//1224 1238//1238
f 1244//1244 1229//1229 1224//1224
f 1245//1245 1230//1230 1225//1225
f 1245//1245 1225//1225 1239//1239
f 1246//1246 1231//1231 1226//1226
f 1246//1246 1226//1226 1240//1240
f 1247//1247 1232//1232 1241//1241
f 1248//1248 1233//1233 1228//1228
f 1248//1248 1228//1228 1243//1243
f 1249//1249 1229//1229 1244//1244
f 1249//1249 1234//1234 1229//1229
f 1249//1249 1240//1240 1234//1234
f 1250//1250 1230//1230 1245//1245
f 1250//1250 1241//1241 1235//1235
f 1250//1250 1235//1235 1230//1230
f 1251//1251 1236//1236 1231//1231
f 1251//1251 1231//1231 1246//1246
f 1252//1252 1232//1232 1247//1247
f 1252//1252 1237//1237 1232//1232
f 1253//1253 1233//1233 1248//1248
f 1253//1253 1238//1238 1233//1233
f 1254//1254 1239//1239 1166//1166
f 1255//1255 1240//1240 1249//1249
f 1256//1256 1241//1241 1250//1250
f 1257//1257 1236//1236 1251//1251
f 1257//1257 1185//1185 1242//1242
f 1257//1257 1242//1242 1236//1236
f 1258//1258 1237//1237 1252//1252
f 1258//1258 1248//1248 1243//1243
f 1258//1258 1243//1243 1237//1237
f 1259//1259 1238//1238 1253//1253
f 1259//1259 1244//1244 1238//1238
f 1260//1260 1245//1245 1239//1239
f 1260//1260 1250//1250 1245//1245
f 1260//1260 1239//1239 1254//1254
f 1261//1261 1246//1246 1240//1240
f 1261//1261 1251//1251 1246//1246
f 1261//1261 1240//1240 1255//1255
f 1262//1262 1247//1247 1241//1241
f 1262//1262 1241//1241 1256//1256
f 1263//1263 1248//1248 1258//1258
f 1264//1264 1255//1255 1249//1249
f 1264//1264 1249//1249 1244//1244
f 1264//1264 1244//1244 1259//1259
f 1265//1265 1250//1250 1260//1260
f 1266//1266 1251//1251 1261//1261
f 1267//1267 1252//1252 1247//1247
f 1267//1267 1247//1247 1262//1262
f 1268//1268 1248//1248 1263//1263
f 1268//1268 1253//1253 1248//1248
f 1268//1268 1259//1259 1253//1253
f 1269//1269 1254//1254 1166//1166
f 1270//1270 1255//1255 1264//1264
f 1271//1271 1256//1256 1250//1250
f 1271//1271 1250//1250 1265//1265
f 1272//1272 1257//1257 1251//1251
f 1272//1272 1185//1185 1257//1257
f 1272//1272 1251//1251 1266//1266
f 1273//1273 1252//1252 1267//1267
f 1273//1273 1258//1258 1252//1252
f 1274//1274 1259//1259 1268//1268
f 1275//1275 1260//1260 1254//1254
f 1275//1275 1254//1254 1269//1269
f 1276//1276 1261//1261 1255//1255
f 1276//1276 1255//1255 1270//1270
f 1277//1277 1256//1256 1271//1271
f 1277//1277 1262//1262 1256//1256
f 1277//1277 1267//1267 1262//1262
f 1278//1278 1268//1268 1263//1263
f 1278//1278 1263//1263 1258//1258
f 1278//1278 1258//1258 1273//1273
f 1279//1279 1264//1264 1259//1259
f 1279//1279 1270//1270 1264//1264
f 1279//1279 1259//1259 1274//1274
f 1280//1280 1265//1265 1260//1260
f 1280//1280 1260//1260 1275//1275
f 1281//1281 1266//1266 1261//1261
f 1281//1281 1261//1261 1276//1276
f 1281//1281 1272//1272 1266//1266
f 1282//1282 1267//1267 1277//1277
f 1283//1283 1268//1268 1278//1278
f 1284//1284 1166//1166 1167//1167
f 1284//1284 1269//1269 1166//1166
f 1285//1285 1270//1270 1279//1279
f 1286//1286 1265//1265 1280//1280
f 1286//1286 1271//1271 1265//1265
f 1287//1287 1272//1272 1281//1281
f 1287//1287 1185//1185 1272//1272
f 1288//1288 1278//1278 1273//1273
f 1288//1288 1267//1267 1282//1282
f 1288//1288 1273//1273 1267//1267
f 1289//1289 1268//1268 1283//1283
f 1289//1289 1274//1274 1268//1268
f 1290//1290 1167//1167 1168//1168
f 1290//1290 1280//1280 1275//1275
f 1290//1290 1269//1269 1284//1284
f 1290//1290 1275//1275 1269//1269
f 1290//1290 1284//1284 1167//1167
f 1291//1291 1270//1270 1285//1285
f 1291//1291 1276//1276 1270//1270
f 1292//1292 1271//1271 1286//1286
f 1292//1292 1277//1277 1271//1271
f 1293//1293 1278//1278 1288//1288
f 1294//1294 1279//1279 1274//1274
f 1294//1294 1274//1274 1289//1289
f 1294//1294 1285//1285 1279//1279
f 1295//1295 1168//1168 1169//1169
f 1295//1295 1280//1280 1290//1290
f 1295//1295 1290//1290 1168//1168
f 1296//1296 1287//1287 1281//1281
f 1296//1296 1276//1276 1291//1291
f 1296//1296 1281//1281 1276//1276
f 1297//1297 1282//1282 1277//1277
f 1297//1297 1277//1277 1292//1292
f 1298//1298 1283//1283 1278//1278
f 1298//1298 1278//1278 1293//1293
f 1299//1299 1285//1285 1294//1294
f 1300//1300 1169//1169 1170//1170
f 1300//1300 1295//1295 1169//1169
f 1300//1300 1280//1280 1295//1295
f 1300//1300 1286//1286 1280//1280
f 1301//1301 1182//1182 1185//1185
f 1301//1301 1185//1185 1287//1287
f 1301//1301 1287//1287 1296//1296
f 1302//1302 1293//1293 1288//1288
f 1302//1302 1282//1282 1297//1297
f 1302//1302 1288//1288 1282//1282
f 1303//1303 1283//1283 1298//1298
f 1303//1303 1289//1289 1283//1283
f 1304//1304 1291//1291 1285//1285
f 1304//1304 1296//1296 1291//1291
f 1304//1304 1285//1285 1299//1299
f 1305//1305 1170//1170 1171//1171
f 1305//1305 1292//1292 1286//1286
f 1305//1305 1300//1300 1170//1170
f 1305//1305 1286//1286 1300//1300
f 1306//1306 1293//1293 1302//1302
f 1307//1307 1294//1294 1289//1289
f 1307//1307 1289//1289 1303//1303
f 1307//1307 1299//1299 1294//1294
f 1308//1308 1296//1296 1304//1304
f 1309//1309 1171//1171 1172//1172
f 1309//1309 1172//1172 1173//1173
f 1309//1309 1302//1302 1297//1297
f 1309//1309 1297//1297 1292//1292
f 1309//1309 1305//1305 1171//1171
f 1309//1309 1292//1292 1305//1305
f 1310//1310 1298//1298 1293//1293
f 1310//1310 1293//1293 1306//1306
f 1311//1311 1299//1299 1307//1307
f 1312//1312 1182//1182 1301//1301
f 1312//1312 1301//1301 1296//1296
f 1312//1312 1296//1296 1308//1308
f 1313//1313 1302//1302 1309//1309
f 1313//1313 1309//1309 1173//1173
f 1314//1314 1303//1303 1298//1298
f 1314//1314 1298//1298 1310//1310
f 1315//1315 1304//1304 1299//1299
f 1315//1315 1299//1299 1311//1311
f 1316//1316 1302//1302 1313//1313
f 1316//1316 1173//1173 1174//1174
f 1316//1316 1313//1313 1173//1173
f 1316//1316 1306//1306 1302//1302
f 1317//1317 1303//1303 1314//1314
f 1317//1317 1307//1307 1303//1303
f 1318//1318 1304//1304 1315//1315
f 1318//1318 1308//1308 1304//1304
f 1319//1319 1316//1316 1174//1174
f 1319//1319 1174//1174 1175//1175
f 1319//1319 1306//1306 1316//1316
f 1319//1319 1314//1314 1310//1310
f 1319//1319 1310//1310 1306//1306
f 1320//1320 1311//1311 1307//1307
f 1320//1320 1307//1307 1317//1317
f 1321//1321 1312//1312 1308//1308
f 1321//1321 1182//1182 1312//1312
f 1321//1321 1308//1308 1318//1318
f 1322//1322 1175//1175 1176//1176
f 1322//1322 1176//1176 1177//1177
f 1322//1322 1314//1314 1319//1319
f 1322//1322 1319//1319 1175//1175
f 1323//1323 1315//1315 1311//1311
f 1323//1323 1311//1311 1320//1320
f 1324//1324 1320//1320 1317//1317
f 1324//1324 1317//1317 1314//1314
f 1324//1324 1322//1322 1177//1177
f 1324//1324 1314//1314 1322//1322
f 1325//1325 1315//1315 1323//1323
f 1325//1325 1318//1318 1315//1315
f 1326//1326 1177//1177 1178//1178
f 1326//1326 1324//1324 1177//1177
f 1326//1326 1320//1320 1324//1324
f 1327//1327 1182//1182 1321//1321
f 1327//1327 1321//1321 1318//1318
f 1327//1327 1318//1318 1325//1325
f 1328//1328 1178//1178 1179//1179
f 1328//1328 1323//1323 1320//1320
f 1328//1328 1326//1326 1178//1178
f 1328//1328 1320//1320 1326//1326
f 1329//1329 1179//1179 1180//1180
f 1329//1329 1323//1323 1328//1328
f 1329//1329 1328//1328 1179//1179
f 1329//1329 1325//1325 1323//1323
f 1330//1330 1180//1180 1181//1181
f 1330//1330 1181//1181 1182//1182
f 1330//1330 1182//1182 1327//1327
f 1330//1330 1327//1327 1325//1325
f 1330//1330 1329//1329 1180//1180
f 1330//1330 1325//1325 1329//1329
f 1352//1352 1333//1333 1344//1344
f 1352//1352 1344//1344 1345//1345
f 1353//1353 1345//1345 1346//1346
f 1353//1353 1352//1352 1345//1345
f 1354//1354 1334//1334 1333//1333
f 1354//1354 1333//1333 1352//1352
f 1354//1354 1352//1352 1353//1353
f 1355//1355 1353//1353 1346//1346
f 1356//1356 1354//1354 1353//1353
f 1356//1356 1353//1353 1355//1355
f 1356//1356 1334//1334 1354//1354
f 1357//1357 1355//1355 1346//1346
f 1358//1358 1356//1356 1355//1355
f 1358//1358 1334//1334 1356//1356
f 1358//1358 1355//1355 1357//1357
f 1359//1359 1357//1357 1346//1346
f 1360//1360 1335//1335 1334//1334
f 1360//1360 1357//1357 1359//1359
f 1360//1360 1334//1334 1358//1358
f 1360//1360 1358//1358 1357//1357
f 1361//1361 1346//1346 1347//1347
f 1361//1361 1359//1359 1346//1346
f 1362//1362 1335//1335 1360//1360
f 1362//1362 1360//1360 1359//1359
f 1362//1362 1359//1359 1361//1361
f 1363//1363 1361//1361 1347//1347
f 1364//1364 1336//1336 1335//1335
f 1364//1364 1335//1335 1362//1362
f 1364//1364 1362//1362 1361//1361
f 1364//1364 1361//1361 1363//1363
f 1365//1365 1363//1363 1347//1347
f 1366//1366 1336//1336 1364//1364
f 1366//1366 1364//1364 1363//1363
f 1366//1366 1363//1363 1365//1365
f 1367//1367 1347//1347 1348//1348
f 1367//1367 1365//1365 1347//1347
f 1368//1368 1337//1337 1336//1336
f 1368//1368 1336//1336 1366//1366
f 1368//1368 1366//1366 1365//1365
f 1368//1368 1365//1365 1367//1367
f 1369//1369 1367//1367 1348//1348
f 1370//1370 1338//1338 1337//1337
f 1370//1370 1337//1337 1368//1368
f 1370//1370 1368//1368 1367//1367
f 1370//1370 1367//1367 1369//1369
f 1371//1371 1369//1369 1348//1348
f 1372//1372 1338//1338 1370//1370
f 1372//1372 1370//1370 1369//1369
f 1372//1372 1369//1369 1371//1371
f 1373//1373 1371//1371 1348//1348
f 1374//1374 1372//1372 1371//1371
f 1374//1374 1339//1339 1338//1338
f 1374//1374 1371//1371 1373//1373
f 1374//1374 1338//1338 1372//1372
f 1374//1374 1373//1373 1339//1339
f 1375//1375 1373//1373 1348//1348
f 1375//1375 1348//1348 1349//1349
f 1375//1375 1339//1339 1373//1373
f 1376//1376 1340//1340 1339//1339
f 1376//1376 1339//1339 1375//1375
f 1377//1377 1375//1375 1349//1349
f 1378//1378 1340//1340 1376//1376
f 1378//1378 1376//1376 1375//1375
f 1378//1378 1375//1375 1377//1377
f 1379//1379 1377//1377 1349//1349
f 1380//1380 1341//1341 1340//1340
f 1380//1380 1378//1378 1377//1377
f 1380//1380 1340//1340 1378//1378
f 1380//1380 1377//1377 1379//1379
f 1381//1381 1349//1349 1350//1350
f 1381//1381 1379//1379 1349//1349
f 1381//1381 1380//1380 1379//1379
f 1382//1382 1341//1341 1380//1380
f 1382//1382 1380//1380 1381//1381
f 1383//1383 1381//1381 1350//1350
f 1384//1384 1382//1382 1381//1381
f 1384//1384 1381//1381 1383//1383
f 1384//1384 1341//1341 1382//1382
f 1385//1385 1383//1383 1350//1350
f 1386//1386 1342//1342 1341//1341
f 1386//1386 1341//1341 1384//1384
f 1386//1386 1384//1384 1383//1383
f 1386//1386 1383//1383 1385//1385
f 1387//1387 1385//1385 1350//1350
f 1388//1388 1342//1342 1386//1386
f 1388//1388 1386//1386 1385//1385
f 1388//1388 1385//1385 1387//1387
f 1389//1389 1350//1350 1351//1351
f 1389//1389 1387//1387 1350//1350
f 1390//1390 1342//1342 1388//1388
f 1390//1390 1388//1388 1387//1387
f 1390//1390 1387//1387 1389//1389
f 1391//1391 1389//1389 1351//1351
f 1391//1391 1390//1390 1389//1389
f 1392//1392 1343//1343 1342//1342
f 1392//1392 1342//1342 1390//1390
f 1392//1392 1390//1390 1391//1391
f 1393//1393 1391//1391 1351//1351
f 1394//1394 1343//1343 1392//1392
f 1394//1394 1392//1392 1391//1391
f 1394//1394 1391//1391 1393//1393
f 1395//1395 1343//1343 1394//1394
f 1395//1395 1393//1393 1351//1351
f 1395//1395 1394//1394 1393//1393
f 1396//1396 1351//1351 1331//1331
f 1396//1396 1395//1395 1351//1351
f 1397//1397 1331//1331 1332//1332
f 1397//1397 1332//1332 1343//1343
f 1397//1397 1396//1396 1331//1331
f 1397//1397 1343//1343 1395//1395
f 1397//1397 1395//1395 1396//1396
f 1435//1435 1417//1417 1405//1405
f 1435//1435 1418//1418 1417//1417
f 1436//1436 1435//1435 1405//1405
f 1436//1436 1405//1405 1406//1406
f 1437//1437 1418//1418 1435//1435
f 1438//1438 1435//1435 1436//1436
f 1438//1438 1436//1436 1406//1406
f 1438//1438 1437//1437 1435//1435
f 1439//1439 1419//1419 1418//1418
f 1439//1439 1418//1418 1437//1437
f 1440//1440 1439//1439 1437//1437
f 1440//1440 1438//1438 1406//1406
f 1440//1440 1437//1437 1438//1438
f 1441//1441 1419//1419 1439//1439
f 1442//1442 1406//1406 1407//1407
f 1442//1442 1440//1440 1406//1406
f 1442//1442 1439//1439 1440//1440
f 1442//1442 1441//1441 1439//1439
f 1443//1443 1419//1419 1441//1441
f 1444//1444 1442//1442 1407//1407
f 1444//1444 1441//1441 1442//1442
f 1444//1444 1443//1443 1441//1441
f 1445//1445 1420//1420 1419//1419
f 1445//1445 1419//1419 1443//1443
f 1446//1446 1407//1407 1408//1408
f 1446//1446 1444//1444 1407//1407
f 1446//1446 1443//1443 1444//1444
f 1446//1446 1445//1445 1443//1443
f 1447//1447 1420//1420 1445//1445
f 1448//1448 1447//1447 1445//1445
f 1448//1448 1445//1445 1446//1446
f 1448//1448 1446//1446 1408//1408
f 1449//1449 1421//1421 1420//1420
f 1449//1449 1420//1420 1447//1447
f 1450//1450 1408//1408 1409//1409
f 1450//1450 1449//1449 1447//1447
f 1450//1450 1447//1447 1448//1448
f 1450//1450 1448//1448 1408//1408
f 1451//1451 1421//1421 1449//1449
f 1452//1452 1449//1449 1450//1450
f 1452//1452 1451//1451 1449//1449
f 1452//1452 1450//1450 1409//1409
f 1453//1453 1421//1421 1451//1451
f 1453//1453 1422//1422 1421//1421
f 1454//1454 1409//1409 1410//1410
f 1454//1454 1453//1453 1451//1451
f 1454//1454 1451//1451 1452//1452
f 1454//1454 1452//1452 1409//1409
f 1455//1455 1422//1422 1453//1453
f 1455//1455 1453//1453 1454//1454
f 1456//1456 1455//1455 1454//1454
f 1456//1456 1454//1454 1410//1410
f 1457//1457 1423//1423 1422//1422
f 1457//1457 1422//1422 1455//1455
f 1458//1458 1410//1410 1411//1411
f 1458//1458 1456//1456 1410//1410
f 1458//1458 1455//1455 1456//1456
f 1458//1458 1457//1457 1455//1455
f 1459//1459 1423//1423 1457//1457
f 1459//1459 1457//1457 1458//1458
f 1460//1460 1459//1459 1458//1458
f 1460//1460 1458//1458 1411//1411
f 1461//1461 1424//1424 1423//1423
f 1461//1461 1423//1423 1459//1459
f 1462//1462 1411//1411 1412//1412
f 1462//1462 1424//1424 1461//1461
f 1462//1462 1460//1460 1411//1411
f 1462//1462 1459//1459 1460//1460
f 1462//1462 1461//1461 1459//1459
f 1462//1462 1412//1412 1424//1424
f 1463//1463 1425//1425 1424//1424
f 1464//1464 1412//1412 1413//1413
f 1464//1464 1463//1463 1424//1424
f 1464//1464 1424//1424 1412//1412
f 1464//1464 1413//1413 1463//1463
f 1465//1465 1425//1425 1463//1463
f 1465//1465 1463//1463 1413//1413
f 1466//1466 1465//1465 1413//1413
f 1467//1467 1426//1426 1425//1425
f 1467//1467 1425//1425 1465//1465
f 1468//1468 1413//1413 1414//1414
f 1468//1468 1466//1466 1413//1413
f 1468//1468 1465//1465 1466//1466
f 1468//1468 1467//1467 1465//1465
f 1469//1469 1426//1426 1467//1467
f 1470//1470 1468//1468 1414//1414
f 1470//1470 1467//1467 1468//1468
f 1470//1470 1469//1469 1467//1467
f 1470//1470 1426//1426 1469//1469
f 1471//1471 1427//1427 1426//1426
f 1472//1472 1414//1414 1415//1415
f 1472//1472 1426//1426 1470//1470
f 1472//1472 1470//1470 1414//1414
f 1472//1472 1471//1471 1426//1426
f 1472//1472 1427//1427 1471//1471
f 1472//1472 1415//1415 1427//1427
f 1473//1473 1428//1428 1427//1427
f 1474//1474 1427//1427 1415//1415
f 1474//1474 1473//1473 1427//1427
f 1475//1475 1428//1428 1473//1473
f 1476//1476 1415//1415 1416//1416
f 1476//1476 1474//1474 1415//1415
f 1476//1476 1473//1473 1474//1474
f 1476//1476 1475//1475 1473//1473
f 1477//1477 1429//1429 1428//1428
f 1477//1477 1428//1428 1475//1475
f 1478//1478 1476//1476 1416//1416
f 1478//1478 1475//1475 1476//1476
f 1478//1478 1477//1477 1475//1475
f 1479//1479 1477//1477 1478//1478
f 1479//1479 1429//1429 1477//1477
f 1480//1480 1479//1479 1478//1478
f 1480//1480 1416//1416 1398//1398
f 1480//1480 1478//1478 1416//1416
f 1481//1481 1430//1430 1429//1429
f 1481//1481 1429//1429 1479//1479
f 1482//1482 1481//1481 1479//1479
f 1482//1482 1479//1479 1480//1480
f 1482//1482 1480//1480 1398//1398
f 1483//1483 1430//1430 1481//1481
f 1484//1484 1481//1481 1482//1482
f 1484//1484 1482//1482 1398//1398
f 1484//1484 1483//1483 1481//1481
f 1485//1485 1430//1430 1483//1483
f 1485//1485 1431//1431 1430//1430
f 1486//1486 1398//1398 1399//1399
f 1486//1486 1484//1484 1398//1398
f 1486//1486 1483//1483 1484//1484
f 1486//1486 1485//1485 1483//1483
f 1487//1487 1431//1431 1485//1485
f 1488//1488 1486//1486 1399//1399
f 1488//1488 1485//1485 1486//1486
f 1488//1488 1487//1487 1485//1485
f 1489//1489 1431//1431 1487//1487
f 1489//1489 1487//1487 1488//1488
f 1490//1490 1399//1399 1400//1400
f 1490//1490 1488//1488 1399//1399
f 1490//1490 1489//1489 1488//1488
f 1491//1491 1431//1431 1489//1489
f 1491//1491 1432//1432 1431//1431
f 1492//1492 1491//1491 1489//1489
f 1492//1492 1490//1490 1400//1400
f 1492//1492 1489//1489 1490//1490
f 1493//1493 1432//1432 1491//1491
f 1494//1494 1400//1400 1401//1401
f 1494//1494 1491//1491 1492//1492
f 1494//1494 1492//1492 1400//1400
f 1494//1494 1493//1493 1491//1491
f 1495//1495 1432//1432 1493//1493
f 1495//1495 1493//1493 1494//1494
f 1496//1496 1495//1495 1494//1494
f 1496//1496 1494//1494 1401//1401
f 1497//1497 1432//1432 1495//1495
f 1498//1498 1495//1495 1496//1496
f 1498//1498 1496//1496 1401//1401
f 1498//1498 1497//1497 1495//1495
f 1499//1499 1433//1433 1432//1432
f 1499//1499 1432//1432 1497//1497
f 1500//1500 1401//1401 1402//1402
f 1500//1500 1498//1498 1401//1401
f 1500//1500 1497//1497 1498//1498
f 1500//1500 1499//1499 1497//1497
f 1501//1501 1433//1433 1499//1499
f 1501//1501 1499//1499 1500//1500
f 1502//1502 1500//1500 1402//1402
f 1502//1502 1501//1501 1500//1500
f 1503//1503 1433//1433 1501//1501
f 1503//1503 1501//1501 1502//1502
f 1504//1504 1502//1502 1402//1402
f 1504//1504 1402//1402 1403//1403
f 1504//1504 1503//1503 1502//1502
f 1505//1505 1434//1434 1433//1433
f 1505//1505 1404//1404 1434//1434
f 1505//1505 1433//1433 1503//1503
f 1506//1506 1403//1403 1404//1404
f 1506//1506 1404//1404 1505//1505
f 1506//1506 1504//1504 1403//1403
f 1506//1506 1503//1503 1504//1504
f 1506//1506 1505//1505 1503//1503
