# DPadRight.obj
# Valve Steam Controller (2015) CAD, CC BY-NC-SA 4.0
v -23.5495 -13.5979 3.7022
v -23.5307 -13.7104 3.8690
v -24.8703 -16.1445 3.4605
v -23.5495 -13.5979 3.7022
v -24.8703 -16.1445 3.4605
v -25.3014 -15.7000 2.1042
v -24.0243 -13.1220 2.2596
v -25.3014 -15.7000 2.1042
v -25.8337 -15.2469 0.7873
v -24.0243 -13.1220 2.2596
v -23.5495 -13.5979 3.7022
v -25.3014 -15.7000 2.1042
v -24.6090 -12.6372 0.8609
v -24.0243 -13.1220 2.2596
v -25.8337 -15.2469 0.7873
v -24.6090 -12.6372 0.8609
v -25.8337 -15.2469 0.7873
v -26.4644 -14.7878 -0.4832
v -25.3003 -12.1462 -0.4860
v -24.6090 -12.6372 0.8609
v -26.4644 -14.7878 -0.4832
v -25.3003 -12.1462 -0.4860
v -26.4644 -14.7878 -0.4832
v -27.1901 -14.3251 -1.7007
v -26.0944 -11.6518 -1.7737
v -25.3003 -12.1462 -0.4860
v -27.1901 -14.3251 -1.7007
v -26.0944 -11.6518 -1.7737
v -27.1901 -14.3251 -1.7007
v -28.0069 -13.8612 -2.8585
v -26.9869 -11.1567 -2.9949
v -26.0944 -11.6518 -1.7737
v -28.0069 -13.8612 -2.8585
v -26.9869 -11.1567 -2.9949
v -28.0069 -13.8612 -2.8585
v -28.9104 -13.3986 -3.9505
v -27.9727 -10.6636 -4.1430
v -26.9869 -11.1567 -2.9949
v -28.9104 -13.3986 -3.9505
v -27.9727 -10.6636 -4.1430
v -28.9104 -13.3986 -3.9505
v -29.0513 -13.3330 -4.0964
v -28.6941 -11.5174 -4.4535
v -28.4900 -10.4283 -4.6577
v -27.9727 -10.6636 -4.1430
v -28.6941 -11.5174 -4.4535
v -28.4753 -11.4598 -3.0226
v -29.2722 -11.0813 -3.8754
v -29.8877 -11.1305 -3.2600
v -29.1643 -11.5265 -2.2901
v -28.4753 -11.4598 -3.0226
v -29.8877 -11.1305 -3.2600
v -29.9767 -11.1376 -3.1710
v -27.5803 -11.9291 -1.8997
v -28.4753 -11.4598 -3.0226
v -29.1643 -11.5265 -2.2901
v -28.3207 -11.9726 -1.2173
v -27.5803 -11.9291 -1.8997
v -29.1643 -11.5265 -2.2901
v -26.7765 -12.3990 -0.7101
v -27.5803 -11.9291 -1.8997
v -28.3207 -11.9726 -1.2173
v -27.5641 -12.4193 -0.0816
v -26.7765 -12.3990 -0.7101
v -28.3207 -11.9726 -1.2173
v -26.0684 -12.8671 0.5395
v -26.7765 -12.3990 -0.7101
v -27.5641 -12.4193 -0.0816
v -26.8989 -12.8639 1.1106
v -26.0684 -12.8671 0.5395
v -27.5641 -12.4193 -0.0816
v -25.4600 -13.3306 1.8422
v -26.0684 -12.8671 0.5395
v -26.8989 -12.8639 1.1106
v -26.3286 -13.3040 2.3526
v -25.4600 -13.3306 1.8422
v -26.8989 -12.8639 1.1106
v -24.9546 -13.7870 3.1906
v -25.4600 -13.3306 1.8422
v -26.3286 -13.3040 2.3526
v -24.9546 -13.7870 3.1906
v -26.3286 -13.3040 2.3526
v -25.8565 -13.7371 3.6376
v -24.5550 -14.2337 4.5772
v -25.8565 -13.7371 3.6376
v -25.4852 -14.1608 4.9583
v -24.5550 -14.2337 4.5772
v -24.9546 -13.7870 3.1906
v -25.8565 -13.7371 3.6376
v -24.2635 -14.6683 5.9943
v -25.4852 -14.1608 4.9583
v -25.2168 -14.5728 6.3073
v -24.2635 -14.6683 5.9943
v -24.5550 -14.2337 4.5772
v -25.4852 -14.1608 4.9583
v -24.0818 -15.0882 7.4340
v -25.2168 -14.5728 6.3073
v -25.0528 -14.9707 7.6771
v -24.0818 -15.0882 7.4340
v -24.2635 -14.6683 5.9943
v -25.2168 -14.5728 6.3073
v -24.0108 -15.4912 8.8882
v -25.0528 -14.9707 7.6771
v -24.9941 -15.3523 9.0600
v -24.0108 -15.4912 8.8882
v -24.0818 -15.0882 7.4340
v -25.0528 -14.9707 7.6771
v -24.0510 -15.8750 10.3487
v -24.9941 -15.3523 9.0600
v -25.0411 -15.7154 10.4484
v -24.0510 -15.8750 10.3487
v -24.0108 -15.4912 8.8882
v -24.9941 -15.3523 9.0600
v -24.2021 -16.2374 11.8074
v -25.0411 -15.7154 10.4484
v -25.1934 -16.0582 11.8343
v -24.2021 -16.2374 11.8074
v -24.0510 -15.8750 10.3487
v -25.0411 -15.7154 10.4484
v -24.4632 -16.5765 13.2561
v -24.2021 -16.2374 11.8074
v -25.1934 -16.0582 11.8343
v -24.4632 -16.5765 13.2561
v -25.1934 -16.0582 11.8343
v -25.4503 -16.3785 13.2102
v -24.8330 -16.8903 14.6868
v -25.4503 -16.3785 13.2102
v -25.8103 -16.6746 14.5682
v -24.8330 -16.8903 14.6868
v -24.4632 -16.5765 13.2561
v -25.4503 -16.3785 13.2102
v -25.3093 -17.1770 16.0914
v -25.8103 -16.6746 14.5682
v -26.2713 -16.9450 15.9009
v -25.3093 -17.1770 16.0914
v -24.8330 -16.8903 14.6868
v -25.8103 -16.6746 14.5682
v -25.8894 -17.4352 17.4621
v -26.2713 -16.9450 15.9009
v -26.8309 -17.1880 17.2007
v -25.8894 -17.4352 17.4621
v -25.3093 -17.1770 16.0914
v -26.2713 -16.9450 15.9009
v -26.5703 -17.6632 18.7912
v -26.8309 -17.1880 17.2007
v -27.4858 -17.4023 18.4603
v -26.5703 -17.6632 18.7912
v -25.8894 -17.4352 17.4621
v -26.8309 -17.1880 17.2007
v -27.3479 -17.8599 20.0712
v -27.4858 -17.4023 18.4603
v -28.2324 -17.5867 19.6728
v -27.3479 -17.8599 20.0712
v -26.5703 -17.6632 18.7912
v -27.4858 -17.4023 18.4603
v -28.2180 -18.0241 21.2951
v -28.2324 -17.5867 19.6728
v -29.0666 -17.7402 20.8314
v -28.2180 -18.0241 21.2951
v -27.3479 -17.8599 20.0712
v -28.2324 -17.5867 19.6728
v -29.1758 -18.1550 22.4560
v -28.2180 -18.0241 21.2951
v -29.0666 -17.7402 20.8314
v -29.1758 -18.1550 22.4560
v -29.0666 -17.7402 20.8314
v -29.9836 -17.8619 21.9295
v -30.2158 -18.2517 23.5473
v -29.1758 -18.1550 22.4560
v -29.9836 -17.8619 21.9295
v -30.2158 -18.2517 23.5473
v -29.9836 -17.8619 21.9295
v -30.9784 -17.9511 22.9610
v -30.3507 -18.2592 23.6701
v -30.2158 -18.2517 23.5473
v -30.9784 -17.9511 22.9610
v -30.3507 -18.2592 23.6701
v -30.9784 -17.9511 22.9610
v -30.9931 -17.9662 23.0277
v -30.9931 -17.9662 23.0277
v -30.9784 -17.9511 22.9610
v -31.0212 -17.9534 22.9995
v -27.4358 -16.8454 9.1613
v -27.7385 -17.0670 10.3004
v -28.6588 -17.0753 11.3008
v -29.9405 -16.8233 11.7190
v -27.4358 -16.8454 9.1613
v -28.6588 -17.0753 11.3008
v -32.9284 -15.3627 9.4193
v -27.4358 -16.8454 9.1613
v -29.9405 -16.8233 11.7190
v -32.9913 -15.6011 10.3534
v -32.9284 -15.3627 9.4193
v -29.9405 -16.8233 11.7190
v -32.9913 -15.6011 10.3534
v -29.9405 -16.8233 11.7190
v -34.3337 -15.6915 11.9105
v -35.2122 -15.4280 11.7491
v -34.3337 -15.6915 11.9105
v -35.2453 -15.4761 11.9451
v -35.1713 -15.3550 11.4547
v -34.3337 -15.6915 11.9105
v -35.2122 -15.4280 11.7491
v -35.1615 -14.8396 9.5031
v -32.9284 -15.3627 9.4193
v -35.1232 -14.9561 9.9622
v -35.1232 -14.9561 9.9622
v -32.9284 -15.3627 9.4193
v -32.9913 -15.6011 10.3534
v -35.1232 -14.9561 9.9622
v -32.9913 -15.6011 10.3534
v -35.1118 -15.0395 10.2578
v -35.1118 -15.0395 10.2578
v -32.9913 -15.6011 10.3534
v -34.3337 -15.6915 11.9105
v -35.1118 -15.0395 10.2578
v -34.3337 -15.6915 11.9105
v -35.1399 -15.2781 11.1491
v -35.1399 -15.2781 11.1491
v -34.3337 -15.6915 11.9105
v -35.1713 -15.3550 11.4547
v -26.7993 -17.1321 9.1012
v -27.1852 -17.4147 10.5533
v -27.5503 -17.1848 10.3865
v -27.2353 -16.8400 8.7789
v -26.7993 -17.1321 9.1012
v -27.5503 -17.1848 10.3865
v -27.1802 -16.6080 7.5635
v -26.7993 -17.1321 9.1012
v -27.2353 -16.8400 8.7789
v -27.8961 -16.2660 7.3518
v -27.1802 -16.6080 7.5635
v -27.2353 -16.8400 8.7789
v -28.2927 -15.9984 6.4806
v -27.1802 -16.6080 7.5635
v -27.8961 -16.2660 7.3518
v -28.7695 -15.8596 6.7687
v -28.2927 -15.9984 6.4806
v -27.8961 -16.2660 7.3518
v -29.8362 -15.4665 6.1386
v -28.2927 -15.9984 6.4806
v -28.7695 -15.8596 6.7687
v -29.8271 -15.5126 6.5991
v -29.8362 -15.4665 6.1386
v -28.7695 -15.8596 6.7687
v -24.4427 -17.4692 7.5791
v -24.4258 -17.8452 8.9707
v -25.2157 -17.6037 9.0152
v -26.8270 -16.7377 7.6487
v -26.7993 -17.1321 9.1012
v -27.1802 -16.6080 7.5635
v -26.8270 -16.7377 7.6487
v -25.2157 -17.6037 9.0152
v -26.0069 -17.3660 9.0587
v -26.8270 -16.7377 7.6487
v -26.0069 -17.3660 9.0587
v -26.7993 -17.1321 9.1012
v -26.8270 -16.7377 7.6487
v -24.5608 -17.0766 6.1970
v -24.4427 -17.4692 7.5791
v -26.8270 -16.7377 7.6487
v -24.4427 -17.4692 7.5791
v -25.2157 -17.6037 9.0152
v -26.9802 -16.3233 6.2097
v -26.8270 -16.7377 7.6487
v -27.1802 -16.6080 7.5635
v -26.9802 -16.3233 6.2097
v -27.1802 -16.6080 7.5635
v -28.2927 -15.9984 6.4806
v -26.9802 -16.3233 6.2097
v -24.7794 -16.6696 4.8315
v -24.5608 -17.0766 6.1970
v -26.9802 -16.3233 6.2097
v -24.5608 -17.0766 6.1970
v -26.8270 -16.7377 7.6487
v -27.2578 -15.8919 4.7945
v -26.9802 -16.3233 6.2097
v -28.2927 -15.9984 6.4806
v -27.2578 -15.8919 4.7945
v -25.0974 -16.2502 3.4894
v -24.7794 -16.6696 4.8315
v -27.2578 -15.8919 4.7945
v -24.7794 -16.6696 4.8315
v -26.9802 -16.3233 6.2097
v -27.6578 -15.4465 3.4133
v -25.0974 -16.2502 3.4894
v -27.2578 -15.8919 4.7945
v -27.6578 -15.4465 3.4133
v -25.5240 -15.8103 2.1474
v -25.0974 -16.2502 3.4894
v -28.1772 -14.9905 2.0760
v -25.5240 -15.8103 2.1474
v -27.6578 -15.4465 3.4133
v -28.1772 -14.9905 2.0760
v -26.0508 -15.3621 0.8443
v -25.5240 -15.8103 2.1474
v -29.9492 -15.3088 5.6294
v -29.8362 -15.4665 6.1386
v -34.2265 -14.3358 6.3301
v -29.9492 -15.3088 5.6294
v -28.2927 -15.9984 6.4806
v -29.8362 -15.4665 6.1386
v -29.9492 -15.3088 5.6294
v -27.2578 -15.8919 4.7945
v -28.2927 -15.9984 6.4806
v -28.8124 -14.5270 0.7924
v -26.0508 -15.3621 0.8443
v -28.1772 -14.9905 2.0760
v -28.8124 -14.5270 0.7924
v -27.3929 -14.4499 -1.6176
v -26.6748 -14.9078 -0.4130
v -28.8124 -14.5270 0.7924
v -26.6748 -14.9078 -0.4130
v -26.0508 -15.3621 0.8443
v -30.2846 -14.9354 4.4712
v -27.2578 -15.8919 4.7945
v -29.9492 -15.3088 5.6294
v -30.2846 -14.9354 4.4712
v -29.9492 -15.3088 5.6294
v -34.2265 -14.3358 6.3301
v -30.2846 -14.9354 4.4712
v -27.6578 -15.4465 3.4133
v -27.2578 -15.8919 4.7945
v -30.2846 -14.9354 4.4712
v -28.1772 -14.9905 2.0760
v -27.6578 -15.4465 3.4133
v -29.5588 -14.0595 -0.4284
v -27.3929 -14.4499 -1.6176
v -28.8124 -14.5270 0.7924
v -29.5588 -14.0595 -0.4284
v -28.2011 -13.9908 -2.7633
v -27.3929 -14.4499 -1.6176
v -30.7202 -14.5530 3.3499
v -28.1772 -14.9905 2.0760
v -30.2846 -14.9354 4.4712
v -30.4110 -13.5913 -1.5775
v -29.0952 -13.5331 -3.8439
v -28.2011 -13.9908 -2.7633
v -30.4110 -13.5913 -1.5775
v -28.2011 -13.9908 -2.7633
v -29.5588 -14.0595 -0.4284
v -31.2528 -14.1643 2.2735
v -28.1772 -14.9905 2.0760
v -30.7202 -14.5530 3.3499
v -31.2528 -14.1643 2.2735
v -28.8124 -14.5270 0.7924
v -28.1772 -14.9905 2.0760
v -29.1977 -13.4854 -3.9500
v -29.0952 -13.5331 -3.8439
v -29.5370 -13.4537 -3.6107
v -29.5370 -13.4537 -3.6107
v -29.0952 -13.5331 -3.8439
v -30.4110 -13.5913 -1.5775
v -30.9569 -13.3242 -2.1907
v -31.8787 -13.7723 1.2498
v -28.8124 -14.5270 0.7924
v -31.2528 -14.1643 2.2735
v -31.8787 -13.7723 1.2498
v -29.5588 -14.0595 -0.4284
v -28.8124 -14.5270 0.7924
v -32.5933 -13.3796 0.2863
v -30.4110 -13.5913 -1.5775
v -29.5588 -14.0595 -0.4284
v -32.5933 -13.3796 0.2863
v -29.5588 -14.0595 -0.4284
v -31.8787 -13.7723 1.2498
v -34.3128 -14.2476 6.0617
v -30.2846 -14.9354 4.4712
v -34.2265 -14.3358 6.3301
v -34.3128 -14.2476 6.0617
v -34.2265 -14.3358 6.3301
v -36.1318 -13.8856 6.4024
v -34.3128 -14.2476 6.0617
v -36.1318 -13.8856 6.4024
v -36.1510 -13.8721 6.3670
v -32.1270 -13.2447 -1.0207
v -30.4110 -13.5913 -1.5775
v -32.5933 -13.3796 0.2863
v -32.9892 -13.1860 -0.1585
v -30.9569 -13.3242 -2.1907
v -30.4110 -13.5913 -1.5775
v -32.1270 -13.2447 -1.0207
v -34.6204 -13.9776 5.2700
v -30.2846 -14.9354 4.4712
v -34.3128 -14.2476 6.0617
v -34.6204 -13.9776 5.2700
v -34.3128 -14.2476 6.0617
v -36.1510 -13.8721 6.3670
v -34.6204 -13.9776 5.2700
v -36.1510 -13.8721 6.3670
v -36.2050 -13.8350 6.2699
v -34.6204 -13.9776 5.2700
v -30.7202 -14.5530 3.3499
v -30.2846 -14.9354 4.4712
v -34.9964 -13.7033 4.5101
v -30.7202 -14.5530 3.3499
v -34.6204 -13.9776 5.2700
v -34.9964 -13.7033 4.5101
v -34.6204 -13.9776 5.2700
v -36.2050 -13.8350 6.2699
v -34.9964 -13.7033 4.5101
v -36.2050 -13.8350 6.2699
v -36.2565 -13.8008 6.1800
v -34.9964 -13.7033 4.5101
v -31.2528 -14.1643 2.2735
v -30.7202 -14.5530 3.3499
v -34.9964 -13.7033 4.5101
v -31.8787 -13.7723 1.2498
v -31.2528 -14.1643 2.2735
v -35.4383 -13.4265 3.7874
v -34.9964 -13.7033 4.5101
v -36.2565 -13.8008 6.1800
v -35.4383 -13.4265 3.7874
v -36.2565 -13.8008 6.1800
v -36.3100 -13.7665 6.0892
v -35.4383 -13.4265 3.7874
v -31.8787 -13.7723 1.2498
v -34.9964 -13.7033 4.5101
v -35.4383 -13.4265 3.7874
v -36.3100 -13.7665 6.0892
v -36.9995 -13.3760 5.1023
v -35.9428 -13.1493 3.1071
v -32.5933 -13.3796 0.2863
v -31.8787 -13.7723 1.2498
v -35.9428 -13.1493 3.1071
v -31.8787 -13.7723 1.2498
v -35.4383 -13.4265 3.7874
v -35.9428 -13.1493 3.1071
v -35.4383 -13.4265 3.7874
v -36.9995 -13.3760 5.1023
v -35.9428 -13.1493 3.1071
v -36.9995 -13.3760 5.1023
v -37.2772 -13.2349 4.7765
v -32.9892 -13.1860 -0.1585
v -32.5933 -13.3796 0.2863
v -34.5000 -13.1331 1.3524
v -34.5000 -13.1331 1.3524
v -32.5933 -13.3796 0.2863
v -35.9428 -13.1493 3.1071
v -36.0897 -13.0774 2.9421
v -36.0897 -13.0774 2.9421
v -35.9428 -13.1493 3.1071
v -36.4801 -13.0789 3.3324
v -36.4801 -13.0789 3.3324
v -35.9428 -13.1493 3.1071
v -36.8123 -13.0801 3.6647
v -36.8123 -13.0801 3.6647
v -35.9428 -13.1493 3.1071
v -37.2772 -13.2349 4.7765
v -37.5966 -13.0840 4.4489
v -28.5291 -17.4044 11.9316
v -29.9560 -16.9186 11.9368
v -28.5561 -17.1938 11.4802
v -28.5291 -17.4044 11.9316
v -29.9863 -17.1051 12.3593
v -29.9560 -16.9186 11.9368
v -27.7589 -17.4635 11.3386
v -28.5291 -17.4044 11.9316
v -28.5561 -17.1938 11.4802
v -27.5503 -17.1848 10.3865
v -27.7589 -17.4635 11.3386
v -28.5561 -17.1938 11.4802
v -27.1852 -17.4147 10.5533
v -27.7589 -17.4635 11.3386
v -27.5503 -17.1848 10.3865
v -34.3767 -15.9745 12.5514
v -29.9560 -16.9186 11.9368
v -29.9863 -17.1051 12.3593
v -35.3630 -15.7048 12.4923
v -34.3767 -15.9745 12.5514
v -35.3881 -15.7356 12.5900
v -35.2849 -15.6218 12.1496
v -29.9560 -16.9186 11.9368
v -35.2853 -15.6223 12.1519
v -35.2853 -15.6223 12.1519
v -29.9560 -16.9186 11.9368
v -34.3767 -15.9745 12.5514
v -35.2853 -15.6223 12.1519
v -34.3767 -15.9745 12.5514
v -35.3630 -15.7048 12.4923
v -34.2265 -14.3358 6.3301
v -29.8362 -15.4665 6.1386
v -29.8271 -15.5126 6.5991
v -36.1209 -13.8947 6.4225
v -29.8271 -15.5126 6.5991
v -35.9100 -14.0324 6.8422
v -36.1318 -13.8856 6.4024
v -34.2265 -14.3358 6.3301
v -29.8271 -15.5126 6.5991
v -36.1318 -13.8856 6.4024
v -29.8271 -15.5126 6.5991
v -36.1209 -13.8947 6.4225
v -31.3528 -15.1052 6.7493
v -29.8225 -15.5371 6.8359
v -34.2158 -14.4056 7.0284
v -31.3528 -15.1052 6.7493
v -29.8271 -15.5126 6.5991
v -29.8225 -15.5371 6.8359
v -34.2163 -14.3820 6.8709
v -34.2158 -14.4056 7.0284
v -35.7992 -14.0315 7.0889
v -34.2163 -14.3820 6.8709
v -35.7992 -14.0315 7.0889
v -35.8176 -14.0207 7.0463
v -34.2163 -14.3820 6.8709
v -35.8826 -14.0001 6.9012
v -35.9100 -14.0324 6.8422
v -34.2163 -14.3820 6.8709
v -35.9100 -14.0324 6.8422
v -29.8271 -15.5126 6.5991
v -34.2163 -14.3820 6.8709
v -31.3528 -15.1052 6.7493
v -34.2158 -14.4056 7.0284
v -34.2163 -14.3820 6.8709
v -29.8271 -15.5126 6.5991
v -31.3528 -15.1052 6.7493
v -35.8826 -14.0001 6.9012
v -34.2163 -14.3820 6.8709
v -35.8681 -13.9948 6.9330
v -35.8681 -13.9948 6.9330
v -34.2163 -14.3820 6.8709
v -35.8176 -14.0207 7.0463
v -27.4358 -16.8454 9.1613
v -27.5503 -17.1848 10.3865
v -27.7385 -17.0670 10.3004
v -27.2353 -16.8400 8.7789
v -27.5503 -17.1848 10.3865
v -27.4358 -16.8454 9.1613
v -27.8961 -16.2660 7.3518
v -27.2353 -16.8400 8.7789
v -27.7350 -16.4340 7.9546
v -27.3159 -16.7754 8.7052
v -27.4358 -16.8454 9.1613
v -27.7350 -16.4340 7.9546
v -27.3159 -16.7754 8.7052
v -27.2353 -16.8400 8.7789
v -27.4358 -16.8454 9.1613
v -27.3159 -16.7754 8.7052
v -27.7350 -16.4340 7.9546
v -27.2353 -16.8400 8.7789
v -28.0244 -16.2024 7.3321
v -27.7350 -16.4340 7.9546
v -28.6095 -15.9551 7.1042
v -28.0244 -16.2024 7.3321
v -28.7695 -15.8596 6.7687
v -27.8961 -16.2660 7.3518
v -28.0244 -16.2024 7.3321
v -27.8961 -16.2660 7.3518
v -27.7350 -16.4340 7.9546
v -28.0244 -16.2024 7.3321
v -28.6095 -15.9551 7.1042
v -28.7695 -15.8596 6.7687
v -29.4251 -15.6301 6.6908
v -29.8225 -15.5371 6.8359
v -29.8271 -15.5126 6.5991
v -29.4251 -15.6301 6.6908
v -28.6095 -15.9551 7.1042
v -29.8225 -15.5371 6.8359
v -29.4251 -15.6301 6.6908
v -29.8271 -15.5126 6.5991
v -28.7695 -15.8596 6.7687
v -29.4251 -15.6301 6.6908
v -28.7695 -15.8596 6.7687
v -28.6095 -15.9551 7.1042
v -28.5561 -17.1938 11.4802
v -27.7385 -17.0670 10.3004
v -27.5503 -17.1848 10.3865
v -28.5561 -17.1938 11.4802
v -28.6588 -17.0753 11.3008
v -27.7385 -17.0670 10.3004
v -28.9090 -17.0701 11.5252
v -29.9560 -16.9186 11.9368
v -29.9405 -16.8233 11.7190
v -28.9090 -17.0701 11.5252
v -28.5561 -17.1938 11.4802
v -29.9560 -16.9186 11.9368
v -28.9090 -17.0701 11.5252
v -29.9405 -16.8233 11.7190
v -28.6588 -17.0753 11.3008
v -28.9090 -17.0701 11.5252
v -28.6588 -17.0753 11.3008
v -28.5561 -17.1938 11.4802
v -34.3367 -15.7165 11.9861
v -35.2534 -15.4892 11.9895
v -35.2453 -15.4761 11.9451
v -34.3367 -15.7165 11.9861
v -35.2453 -15.4761 11.9451
v -34.3337 -15.6915 11.9105
v -34.3367 -15.7165 11.9861
v -29.9560 -16.9186 11.9368
v -35.2849 -15.6218 12.1496
v -34.3367 -15.7165 11.9861
v -35.2849 -15.6218 12.1496
v -35.2648 -15.5191 12.0494
v -34.3367 -15.7165 11.9861
v -35.2593 -15.5003 12.0207
v -35.2534 -15.4892 11.9895
v -34.3367 -15.7165 11.9861
v -35.2648 -15.5191 12.0494
v -35.2593 -15.5003 12.0207
v -31.4736 -16.4399 11.8650
v -34.3337 -15.6915 11.9105
v -29.9405 -16.8233 11.7190
v -31.4736 -16.4399 11.8650
v -29.9405 -16.8233 11.7190
v -29.9560 -16.9186 11.9368
v -31.4736 -16.4399 11.8650
v -34.3367 -15.7165 11.9861
v -34.3337 -15.6915 11.9105
v -31.4736 -16.4399 11.8650
v -29.9560 -16.9186 11.9368
v -34.3367 -15.7165 11.9861
v -25.3014 -15.7000 2.1042
v -24.8703 -16.1445 3.4605
v -24.9293 -16.2125 3.4550
v -25.4390 -15.8084 2.1174
v -25.0105 -16.2503 3.4654
v -25.0974 -16.2502 3.4894
v -25.4390 -15.8084 2.1174
v -25.0974 -16.2502 3.4894
v -25.5240 -15.8103 2.1474
v -25.3594 -15.7690 2.1020
v -25.3014 -15.7000 2.1042
v -24.9293 -16.2125 3.4550
v -25.3594 -15.7690 2.1020
v -24.9293 -16.2125 3.4550
v -25.0105 -16.2503 3.4654
v -25.3594 -15.7690 2.1020
v -25.0105 -16.2503 3.4654
v -25.4390 -15.8084 2.1174
v -25.9681 -15.3582 0.8085
v -25.4390 -15.8084 2.1174
v -25.5240 -15.8103 2.1474
v -25.9681 -15.3582 0.8085
v -25.5240 -15.8103 2.1474
v -26.0508 -15.3621 0.8443
v -25.8905 -15.3170 0.7881
v -25.4390 -15.8084 2.1174
v -25.9681 -15.3582 0.8085
v -25.8905 -15.3170 0.7881
v -25.8337 -15.2469 0.7873
v -25.3014 -15.7000 2.1042
v -25.8905 -15.3170 0.7881
v -25.3594 -15.7690 2.1020
v -25.4390 -15.8084 2.1174
v -25.8905 -15.3170 0.7881
v -25.3014 -15.7000 2.1042
v -25.3594 -15.7690 2.1020
v -26.5949 -14.9019 -0.4543
v -25.9681 -15.3582 0.8085
v -26.0508 -15.3621 0.8443
v -26.5949 -14.9019 -0.4543
v -26.0508 -15.3621 0.8443
v -26.6748 -14.9078 -0.4130
v -26.5197 -14.8590 -0.4795
v -25.8337 -15.2469 0.7873
v -25.8905 -15.3170 0.7881
v -26.5197 -14.8590 -0.4795
v -25.8905 -15.3170 0.7881
v -25.9681 -15.3582 0.8085
v -26.5197 -14.8590 -0.4795
v -26.4644 -14.7878 -0.4832
v -25.8337 -15.2469 0.7873
v -26.5197 -14.8590 -0.4795
v -25.9681 -15.3582 0.8085
v -26.5949 -14.9019 -0.4543
v -27.3162 -14.4419 -1.6644
v -26.5949 -14.9019 -0.4543
v -26.6748 -14.9078 -0.4130
v -27.3162 -14.4419 -1.6644
v -26.6748 -14.9078 -0.4130
v -27.3929 -14.4499 -1.6176
v -27.2437 -14.3973 -1.6940
v -26.5949 -14.9019 -0.4543
v -27.3162 -14.4419 -1.6644
v -27.2437 -14.3973 -1.6940
v -26.5197 -14.8590 -0.4795
v -26.5949 -14.9019 -0.4543
v -27.2437 -14.3973 -1.6940
v -26.4644 -14.7878 -0.4832
v -26.5197 -14.8590 -0.4795
v -27.2437 -14.3973 -1.6940
v -27.1901 -14.3251 -1.7007
v -26.4644 -14.7878 -0.4832
v -28.1280 -13.9808 -2.8151
v -27.3162 -14.4419 -1.6644
v -27.3929 -14.4499 -1.6176
v -28.1280 -13.9808 -2.8151
v -27.3929 -14.4499 -1.6176
v -28.2011 -13.9908 -2.7633
v -28.1280 -13.9808 -2.8151
v -27.2437 -14.3973 -1.6940
v -27.3162 -14.4419 -1.6644
v -28.0586 -13.9345 -2.8492
v -27.2437 -14.3973 -1.6940
v -28.1280 -13.9808 -2.8151
v -28.0586 -13.9345 -2.8492
v -27.1901 -14.3251 -1.7007
v -27.2437 -14.3973 -1.6940
v -28.0586 -13.9345 -2.8492
v -28.0069 -13.8612 -2.8585
v -27.1901 -14.3251 -1.7007
v -29.0261 -13.5211 -3.9005
v -28.1280 -13.9808 -2.8151
v -28.2011 -13.9908 -2.7633
v -29.0261 -13.5211 -3.9005
v -28.2011 -13.9908 -2.7633
v -29.0952 -13.5331 -3.8439
v -28.9600 -13.4730 -3.9386
v -28.0586 -13.9345 -2.8492
v -28.1280 -13.9808 -2.8151
v -28.9600 -13.4730 -3.9386
v -28.9104 -13.3986 -3.9505
v -28.0069 -13.8612 -2.8585
v -28.9600 -13.4730 -3.9386
v -28.1280 -13.9808 -2.8151
v -29.0261 -13.5211 -3.9005
v -28.9600 -13.4730 -3.9386
v -28.0069 -13.8612 -2.8585
v -28.0586 -13.9345 -2.8492
v -29.1347 -13.4705 -4.0130
v -29.0261 -13.5211 -3.9005
v -29.0952 -13.5331 -3.8439
v -29.1911 -13.4838 -3.9566
v -29.1911 -13.4838 -3.9566
v -29.0952 -13.5331 -3.8439
v -29.1977 -13.4854 -3.9500
v -29.1288 -13.4644 -4.0188
v -29.0261 -13.5211 -3.9005
v -29.1347 -13.4705 -4.0130
v -29.0824 -13.4160 -4.0653
v -28.9600 -13.4730 -3.9386
v -29.0261 -13.5211 -3.9005
v -29.1288 -13.4644 -4.0188
v -29.0557 -13.3447 -4.0920
v -28.9104 -13.3986 -3.9505
v -28.9600 -13.4730 -3.9386
v -29.0824 -13.4160 -4.0653
v -29.0513 -13.3330 -4.0964
v -28.9104 -13.3986 -3.9505
v -29.0557 -13.3447 -4.0920
v -22.5524 -13.6110 8.3766
v -22.8164 -14.8994 8.0447
v -23.0461 -14.8509 6.9360
v -22.5524 -13.6110 8.3766
v -22.5507 -13.6139 8.3865
v -22.8164 -14.8994 8.0447
v -23.2281 -14.4675 5.8155
v -23.0461 -14.8509 6.9360
v -23.2413 -14.6380 5.8734
v -23.4029 -14.2582 4.8510
v -23.2281 -14.4675 5.8155
v -23.2413 -14.6380 5.8734
v -23.0226 -13.4721 6.0791
v -22.4313 -12.9674 8.4919
v -22.5524 -13.6110 8.3766
v -23.0226 -13.4721 6.0791
v -22.5524 -13.6110 8.3766
v -23.0461 -14.8509 6.9360
v -23.0226 -13.4721 6.0791
v -23.0461 -14.8509 6.9360
v -23.2281 -14.4675 5.8155
v -23.0226 -13.4721 6.0791
v -23.2281 -14.4675 5.8155
v -23.4029 -14.2582 4.8510
v -23.2826 -12.3147 4.0514
v -23.5307 -13.7104 3.8690
v -23.5495 -13.5979 3.7022
v -23.2826 -12.3147 4.0514
v -23.4029 -14.2582 4.8510
v -23.5307 -13.7104 3.8690
v -23.2826 -12.3147 4.0514
v -23.0226 -13.4721 6.0791
v -23.4029 -14.2582 4.8510
v -23.2842 -12.3117 4.0416
v -23.2826 -12.3147 4.0514
v -23.5495 -13.5979 3.7022
v -23.1442 -11.7017 4.2689
v -22.4313 -12.9674 8.4919
v -23.0226 -13.4721 6.0791
v -23.1442 -11.7017 4.2689
v -23.0226 -13.4721 6.0791
v -23.2826 -12.3147 4.0514
v -23.2654 -13.7846 5.2350
v -23.2574 -13.7447 5.2442
v -23.2531 -13.7253 5.2508
v -23.2654 -13.7846 5.2350
v -23.2615 -13.7644 5.2389
v -23.2574 -13.7447 5.2442
v -23.2690 -13.8051 5.2324
v -23.2531 -13.7253 5.2508
v -23.2481 -13.7043 5.2597
v -23.2690 -13.8051 5.2324
v -23.2654 -13.7846 5.2350
v -23.2531 -13.7253 5.2508
v -23.2724 -13.8259 5.2311
v -23.2481 -13.7043 5.2597
v -23.2422 -13.6817 5.2713
v -23.2724 -13.8259 5.2311
v -23.2690 -13.8051 5.2324
v -23.2481 -13.7043 5.2597
v -23.2756 -13.8469 5.2310
v -23.2422 -13.6817 5.2713
v -23.2360 -13.6598 5.2847
v -23.2756 -13.8469 5.2310
v -23.2724 -13.8259 5.2311
v -23.2422 -13.6817 5.2713
v -23.2785 -13.8681 5.2321
v -23.2360 -13.6598 5.2847
v -23.2289 -13.6364 5.3015
v -23.2785 -13.8681 5.2321
v -23.2756 -13.8469 5.2310
v -23.2360 -13.6598 5.2847
v -23.2812 -13.8895 5.2344
v -23.2785 -13.8681 5.2321
v -23.2289 -13.6364 5.3015
v -23.2837 -13.9110 5.2377
v -23.2289 -13.6364 5.3015
v -23.2208 -13.6116 5.3223
v -23.2837 -13.9110 5.2377
v -23.2812 -13.8895 5.2344
v -23.2289 -13.6364 5.3015
v -23.2860 -13.9325 5.2421
v -23.2208 -13.6116 5.3223
v -23.2124 -13.5880 5.3452
v -23.2860 -13.9325 5.2421
v -23.2837 -13.9110 5.2377
v -23.2208 -13.6116 5.3223
v -23.2881 -13.9540 5.2475
v -23.2860 -13.9325 5.2421
v -23.2124 -13.5880 5.3452
v -23.2899 -13.9754 5.2539
v -23.2124 -13.5880 5.3452
v -23.2028 -13.5635 5.3727
v -23.2899 -13.9754 5.2539
v -23.2881 -13.9540 5.2475
v -23.2124 -13.5880 5.3452
v -23.2921 -14.0038 5.2638
v -23.2028 -13.5635 5.3727
v -23.1920 -13.5383 5.4056
v -23.2921 -14.0038 5.2638
v -23.2899 -13.9754 5.2539
v -23.2028 -13.5635 5.3727
v -23.2940 -14.0354 5.2768
v -23.1920 -13.5383 5.4056
v -23.1811 -13.5154 5.4404
v -23.2940 -14.0354 5.2768
v -23.2921 -14.0038 5.2638
v -23.1920 -13.5383 5.4056
v -23.2955 -14.0664 5.2915
v -23.2940 -14.0354 5.2768
v -23.1811 -13.5154 5.4404
v -23.2966 -14.0967 5.3078
v -23.1811 -13.5154 5.4404
v -23.1703 -13.4949 5.4768
v -23.2966 -14.0967 5.3078
v -23.2955 -14.0664 5.2915
v -23.1811 -13.5154 5.4404
v -23.2972 -14.1260 5.3256
v -23.1703 -13.4949 5.4768
v -23.1596 -13.4769 5.5143
v -23.2972 -14.1260 5.3256
v -23.2966 -14.0967 5.3078
v -23.1703 -13.4949 5.4768
v -23.2973 -14.1543 5.3447
v -23.1596 -13.4769 5.5143
v -23.1491 -13.4616 5.5525
v -23.2973 -14.1543 5.3447
v -23.2972 -14.1260 5.3256
v -23.1596 -13.4769 5.5143
v -23.2970 -14.1813 5.3650
v -23.2973 -14.1543 5.3447
v -23.1491 -13.4616 5.5525
v -23.2963 -14.2070 5.3863
v -23.2970 -14.1813 5.3650
v -23.1491 -13.4616 5.5525
v -23.2963 -14.2070 5.3863
v -23.1491 -13.4616 5.5525
v -23.1378 -13.4477 5.5954
v -23.2952 -14.2314 5.4086
v -23.2963 -14.2070 5.3863
v -23.1378 -13.4477 5.5954
v -23.2952 -14.2314 5.4086
v -23.1378 -13.4477 5.5954
v -23.1258 -13.4360 5.6436
v -23.2937 -14.2546 5.4318
v -23.2952 -14.2314 5.4086
v -23.1258 -13.4360 5.6436
v -23.2919 -14.2765 5.4559
v -23.1258 -13.4360 5.6436
v -23.1142 -13.4280 5.6921
v -23.2919 -14.2765 5.4559
v -23.2937 -14.2546 5.4318
v -23.1258 -13.4360 5.6436
v -23.2896 -14.2973 5.4809
v -23.1142 -13.4280 5.6921
v -23.1031 -13.4234 5.7410
v -23.2896 -14.2973 5.4809
v -23.2919 -14.2765 5.4559
v -23.1142 -13.4280 5.6921
v -23.2871 -14.3169 5.5066
v -23.2896 -14.2973 5.4809
v -23.1031 -13.4234 5.7410
v -23.2832 -14.3414 5.5421
v -23.1031 -13.4234 5.7410
v -23.0913 -13.4222 5.7955
v -23.2832 -14.3414 5.5421
v -23.2871 -14.3169 5.5066
v -23.1031 -13.4234 5.7410
v -23.2781 -14.3667 5.5834
v -23.0913 -13.4222 5.7955
v -23.0787 -13.4252 5.8563
v -23.2781 -14.3667 5.5834
v -23.2832 -14.3414 5.5421
v -23.0913 -13.4222 5.7955
v -23.2725 -14.3897 5.6260
v -23.0787 -13.4252 5.8563
v -23.0659 -13.4330 5.9218
v -23.2725 -14.3897 5.6260
v -23.2781 -14.3667 5.5834
v -23.0787 -13.4252 5.8563
v -23.2662 -14.4105 5.6698
v -23.2725 -14.3897 5.6260
v -23.0659 -13.4330 5.9218
v -23.2595 -14.4294 5.7146
v -23.0659 -13.4330 5.9218
v -23.0510 -13.4487 6.0024
v -23.2595 -14.4294 5.7146
v -23.2662 -14.4105 5.6698
v -23.0659 -13.4330 5.9218
v -23.2513 -14.4485 5.7662
v -23.0510 -13.4487 6.0024
v -23.0371 -13.4700 6.0822
v -23.2513 -14.4485 5.7662
v -23.2595 -14.4294 5.7146
v -23.0510 -13.4487 6.0024
v -23.2426 -14.4653 5.8186
v -23.0371 -13.4700 6.0822
v -23.0285 -13.4868 6.1346
v -23.2426 -14.4653 5.8186
v -23.2513 -14.4485 5.7662
v -23.0371 -13.4700 6.0822
v -23.2288 -14.4866 5.8984
v -23.0285 -13.4868 6.1346
v -23.0203 -13.5059 6.1862
v -23.2288 -14.4866 5.8984
v -23.2426 -14.4653 5.8186
v -23.0285 -13.4868 6.1346
v -23.2139 -14.5023 5.9790
v -23.0136 -13.5248 6.2310
v -23.0073 -13.5456 6.2748
v -23.2139 -14.5023 5.9790
v -23.0203 -13.5059 6.1862
v -23.0136 -13.5248 6.2310
v -23.2139 -14.5023 5.9790
v -23.2288 -14.4866 5.8984
v -23.0203 -13.5059 6.1862
v -23.2011 -14.5101 6.0445
v -23.0073 -13.5456 6.2748
v -23.0017 -13.5687 6.3174
v -23.2011 -14.5101 6.0445
v -23.2139 -14.5023 5.9790
v -23.0073 -13.5456 6.2748
v -23.0224 -14.1907 6.6566
v -23.0144 -14.1507 6.6658
v -23.0183 -14.1709 6.6619
v -23.0267 -14.2100 6.6500
v -23.0108 -14.1302 6.6684
v -23.0144 -14.1507 6.6658
v -23.0267 -14.2100 6.6500
v -23.0144 -14.1507 6.6658
v -23.0224 -14.1907 6.6566
v -23.1885 -14.5131 6.1053
v -23.0017 -13.5687 6.3174
v -22.9966 -13.5939 6.3587
v -23.1885 -14.5131 6.1053
v -23.2011 -14.5101 6.0445
v -23.0017 -13.5687 6.3174
v -23.0317 -14.2310 6.6411
v -23.0074 -14.1094 6.6697
v -23.0108 -14.1302 6.6684
v -23.0317 -14.2310 6.6411
v -23.0108 -14.1302 6.6684
v -23.0267 -14.2100 6.6500
v -23.1767 -14.5119 6.1598
v -23.1885 -14.5131 6.1053
v -22.9966 -13.5939 6.3587
v -23.1767 -14.5119 6.1598
v -22.9927 -13.6184 6.3942
v -22.9901 -13.6380 6.4199
v -23.1767 -14.5119 6.1598
v -22.9966 -13.5939 6.3587
v -22.9927 -13.6184 6.3942
v -23.0376 -14.2536 6.6295
v -23.0042 -14.0884 6.6698
v -23.0074 -14.1094 6.6697
v -23.0376 -14.2536 6.6295
v -23.0074 -14.1094 6.6697
v -23.0317 -14.2310 6.6411
v -23.0437 -14.2755 6.6161
v -23.0013 -14.0672 6.6687
v -23.0042 -14.0884 6.6698
v -23.0437 -14.2755 6.6161
v -23.0042 -14.0884 6.6698
v -23.0376 -14.2536 6.6295
v -23.1656 -14.5073 6.2087
v -23.1767 -14.5119 6.1598
v -22.9901 -13.6380 6.4199
v -23.1656 -14.5073 6.2087
v -22.9901 -13.6380 6.4199
v -22.9879 -13.6588 6.4449
v -23.0508 -14.2989 6.5993
v -22.9985 -14.0458 6.6664
v -23.0013 -14.0672 6.6687
v -23.0508 -14.2989 6.5993
v -22.9960 -14.0243 6.6631
v -22.9985 -14.0458 6.6664
v -23.0508 -14.2989 6.5993
v -23.0013 -14.0672 6.6687
v -23.0437 -14.2755 6.6161
v -23.1540 -14.4993 6.2572
v -22.9860 -13.6807 6.4690
v -22.9845 -13.7039 6.4922
v -23.1540 -14.4993 6.2572
v -22.9879 -13.6588 6.4449
v -22.9860 -13.6807 6.4690
v -23.1540 -14.4993 6.2572
v -23.1656 -14.5073 6.2087
v -22.9879 -13.6588 6.4449
v -23.0590 -14.3237 6.5785
v -22.9960 -14.0243 6.6631
v -23.0508 -14.2989 6.5993
v -23.0590 -14.3237 6.5785
v -22.9938 -14.0028 6.6587
v -22.9960 -14.0243 6.6631
v -23.0674 -14.3473 6.5556
v -22.9938 -14.0028 6.6587
v -23.0590 -14.3237 6.5785
v -23.0674 -14.3473 6.5556
v -22.9917 -13.9813 6.6533
v -22.9938 -14.0028 6.6587
v -23.0674 -14.3473 6.5556
v -22.9899 -13.9599 6.6469
v -22.9917 -13.9813 6.6533
v -23.1419 -14.4876 6.3054
v -22.9845 -13.7039 6.4922
v -22.9834 -13.7283 6.5145
v -23.1419 -14.4876 6.3054
v -23.1540 -14.4993 6.2572
v -22.9845 -13.7039 6.4922
v -23.0770 -14.3718 6.5281
v -22.9899 -13.9599 6.6469
v -23.0674 -14.3473 6.5556
v -23.0770 -14.3718 6.5281
v -22.9877 -13.9315 6.6370
v -22.9899 -13.9599 6.6469
v -23.1307 -14.4737 6.3483
v -23.1419 -14.4876 6.3054
v -22.9834 -13.7283 6.5145
v -23.1307 -14.4737 6.3483
v -22.9827 -13.7540 6.5358
v -22.9825 -13.7810 6.5561
v -23.1307 -14.4737 6.3483
v -22.9834 -13.7283 6.5145
v -22.9827 -13.7540 6.5358
v -23.0878 -14.3970 6.4952
v -22.9877 -13.9315 6.6370
v -23.0770 -14.3718 6.5281
v -23.0878 -14.3970 6.4952
v -22.9858 -13.8999 6.6240
v -22.9877 -13.9315 6.6370
v -23.1202 -14.4584 6.3865
v -23.1307 -14.4737 6.3483
v -22.9825 -13.7810 6.5561
v -23.1202 -14.4584 6.3865
v -22.9825 -13.7810 6.5561
v -22.9826 -13.8093 6.5752
v -23.0987 -14.4199 6.4604
v -22.9858 -13.8999 6.6240
v -23.0878 -14.3970 6.4952
v -23.0987 -14.4199 6.4604
v -22.9843 -13.8689 6.6093
v -22.9858 -13.8999 6.6240
v -23.0987 -14.4199 6.4604
v -22.9832 -13.8387 6.5930
v -22.9843 -13.8689 6.6093
v -23.1095 -14.4404 6.4240
v -23.1202 -14.4584 6.3865
v -22.9826 -13.8093 6.5752
v -23.1095 -14.4404 6.4240
v -22.9832 -13.8387 6.5930
v -23.0987 -14.4199 6.4604
v -23.1095 -14.4404 6.4240
v -22.9826 -13.8093 6.5752
v -22.9832 -13.8387 6.5930
v -23.0510 -13.4487 6.0024
v -23.0226 -13.4721 6.0791
v -23.0371 -13.4700 6.0822
v -23.0659 -13.4330 5.9218
v -23.0226 -13.4721 6.0791
v -23.0510 -13.4487 6.0024
v -23.0787 -13.4252 5.8563
v -23.0226 -13.4721 6.0791
v -23.0659 -13.4330 5.9218
v -23.0913 -13.4222 5.7955
v -23.0226 -13.4721 6.0791
v -23.0787 -13.4252 5.8563
v -23.1031 -13.4234 5.7410
v -23.0226 -13.4721 6.0791
v -23.0913 -13.4222 5.7955
v -23.1142 -13.4280 5.6921
v -23.0226 -13.4721 6.0791
v -23.1031 -13.4234 5.7410
v -23.1258 -13.4360 5.6436
v -23.0226 -13.4721 6.0791
v -23.1142 -13.4280 5.6921
v -23.1378 -13.4477 5.5954
v -23.0226 -13.4721 6.0791
v -23.1258 -13.4360 5.6436
v -23.1491 -13.4616 5.5525
v -23.0226 -13.4721 6.0791
v -23.1378 -13.4477 5.5954
v -23.1596 -13.4769 5.5143
v -23.0226 -13.4721 6.0791
v -23.1491 -13.4616 5.5525
v -23.1703 -13.4949 5.4768
v -23.0226 -13.4721 6.0791
v -23.1596 -13.4769 5.5143
v -23.1811 -13.5154 5.4404
v -23.0226 -13.4721 6.0791
v -23.1703 -13.4949 5.4768
v -23.1920 -13.5383 5.4056
v -23.0226 -13.4721 6.0791
v -23.1811 -13.5154 5.4404
v -23.2028 -13.5635 5.3727
v -23.0226 -13.4721 6.0791
v -23.1920 -13.5383 5.4056
v -23.2124 -13.5880 5.3452
v -23.0226 -13.4721 6.0791
v -23.2028 -13.5635 5.3727
v -23.2208 -13.6116 5.3223
v -23.0226 -13.4721 6.0791
v -23.2124 -13.5880 5.3452
v -23.2289 -13.6364 5.3015
v -23.0226 -13.4721 6.0791
v -23.2208 -13.6116 5.3223
v -23.2360 -13.6598 5.2847
v -23.0226 -13.4721 6.0791
v -23.2289 -13.6364 5.3015
v -23.2422 -13.6817 5.2713
v -23.0226 -13.4721 6.0791
v -23.2360 -13.6598 5.2847
v -23.2481 -13.7043 5.2597
v -23.0226 -13.4721 6.0791
v -23.2422 -13.6817 5.2713
v -23.2531 -13.7253 5.2508
v -23.0226 -13.4721 6.0791
v -23.2481 -13.7043 5.2597
v -23.2574 -13.7447 5.2442
v -23.0226 -13.4721 6.0791
v -23.2531 -13.7253 5.2508
v -23.2615 -13.7644 5.2389
v -23.0226 -13.4721 6.0791
v -23.2574 -13.7447 5.2442
v -23.2281 -14.4675 5.8155
v -23.0226 -13.4721 6.0791
v -23.2615 -13.7644 5.2389
v -23.2281 -14.4675 5.8155
v -23.2615 -13.7644 5.2389
v -23.2654 -13.7846 5.2350
v -23.2281 -14.4675 5.8155
v -23.2654 -13.7846 5.2350
v -23.2690 -13.8051 5.2324
v -23.2281 -14.4675 5.8155
v -23.2690 -13.8051 5.2324
v -23.2724 -13.8259 5.2311
v -23.2281 -14.4675 5.8155
v -23.2724 -13.8259 5.2311
v -23.2756 -13.8469 5.2310
v -23.2281 -14.4675 5.8155
v -23.2756 -13.8469 5.2310
v -23.2785 -13.8681 5.2321
v -23.2281 -14.4675 5.8155
v -23.2785 -13.8681 5.2321
v -23.2812 -13.8895 5.2344
v -23.2281 -14.4675 5.8155
v -23.2812 -13.8895 5.2344
v -23.2837 -13.9110 5.2377
v -23.2281 -14.4675 5.8155
v -23.2837 -13.9110 5.2377
v -23.2860 -13.9325 5.2421
v -23.2281 -14.4675 5.8155
v -23.2860 -13.9325 5.2421
v -23.2881 -13.9540 5.2475
v -23.2281 -14.4675 5.8155
v -23.2881 -13.9540 5.2475
v -23.2899 -13.9754 5.2539
v -23.2281 -14.4675 5.8155
v -23.2899 -13.9754 5.2539
v -23.2921 -14.0038 5.2638
v -23.2281 -14.4675 5.8155
v -23.2921 -14.0038 5.2638
v -23.2940 -14.0354 5.2768
v -23.2281 -14.4675 5.8155
v -23.2940 -14.0354 5.2768
v -23.2955 -14.0664 5.2915
v -23.2281 -14.4675 5.8155
v -23.2955 -14.0664 5.2915
v -23.2966 -14.0967 5.3078
v -23.2281 -14.4675 5.8155
v -23.2966 -14.0967 5.3078
v -23.2972 -14.1260 5.3256
v -23.2281 -14.4675 5.8155
v -23.2972 -14.1260 5.3256
v -23.2973 -14.1543 5.3447
v -23.2281 -14.4675 5.8155
v -23.2973 -14.1543 5.3447
v -23.2970 -14.1813 5.3650
v -23.2281 -14.4675 5.8155
v -23.2970 -14.1813 5.3650
v -23.2963 -14.2070 5.3863
v -23.2281 -14.4675 5.8155
v -23.2963 -14.2070 5.3863
v -23.2952 -14.2314 5.4086
v -23.2281 -14.4675 5.8155
v -23.2952 -14.2314 5.4086
v -23.2937 -14.2546 5.4318
v -23.2281 -14.4675 5.8155
v -23.2937 -14.2546 5.4318
v -23.2919 -14.2765 5.4559
v -23.2281 -14.4675 5.8155
v -23.2919 -14.2765 5.4559
v -23.2896 -14.2973 5.4809
v -23.2281 -14.4675 5.8155
v -23.2896 -14.2973 5.4809
v -23.2871 -14.3169 5.5066
v -23.2281 -14.4675 5.8155
v -23.2871 -14.3169 5.5066
v -23.2832 -14.3414 5.5421
v -23.2281 -14.4675 5.8155
v -23.2832 -14.3414 5.5421
v -23.2781 -14.3667 5.5834
v -23.2281 -14.4675 5.8155
v -23.2781 -14.3667 5.5834
v -23.2725 -14.3897 5.6260
v -23.2281 -14.4675 5.8155
v -23.2725 -14.3897 5.6260
v -23.2662 -14.4105 5.6698
v -23.2281 -14.4675 5.8155
v -23.2662 -14.4105 5.6698
v -23.2595 -14.4294 5.7146
v -23.2281 -14.4675 5.8155
v -23.2595 -14.4294 5.7146
v -23.2513 -14.4485 5.7662
v -23.2426 -14.4653 5.8186
v -23.2281 -14.4675 5.8155
v -23.2513 -14.4485 5.7662
v -30.6821 -20.3774 23.3387
v -30.0684 -20.3353 22.7508
v -29.6030 -18.3546 24.4177
v -28.4464 -17.9891 23.5290
v -29.4577 -18.0759 24.5630
v -29.6030 -18.3546 24.4177
v -28.4464 -17.9891 23.5290
v -29.6030 -18.3546 24.4177
v -30.0684 -20.3353 22.7508
v -28.4464 -17.9891 23.5290
v -30.0684 -20.3353 22.7508
v -29.0469 -20.2250 21.6218
v -27.4362 -17.8605 22.3397
v -28.4464 -17.9891 23.5290
v -29.0469 -20.2250 21.6218
v -27.4362 -17.8605 22.3397
v -29.0469 -20.2250 21.6218
v -28.1104 -20.0805 20.4249
v -26.5139 -17.6978 21.0849
v -27.4362 -17.8605 22.3397
v -28.1104 -20.0805 20.4249
v -26.5139 -17.6978 21.0849
v -28.1104 -20.0805 20.4249
v -27.2643 -19.9026 19.1668
v -25.6845 -17.5019 19.7714
v -26.5139 -17.6978 21.0849
v -27.2643 -19.9026 19.1668
v -25.6845 -17.5019 19.7714
v -27.2643 -19.9026 19.1668
v -26.5134 -19.6922 17.8545
v -24.9526 -17.2738 18.4062
v -25.6845 -17.5019 19.7714
v -26.5134 -19.6922 17.8545
v -24.9526 -17.2738 18.4062
v -26.5134 -19.6922 17.8545
v -25.8617 -19.4506 16.4953
v -24.3220 -17.0148 16.9966
v -24.9526 -17.2738 18.4062
v -25.8617 -19.4506 16.4953
v -24.3220 -17.0148 16.9966
v -25.8617 -19.4506 16.4953
v -25.3130 -19.1792 15.0969
v -23.7961 -16.7262 15.5503
v -24.3220 -17.0148 16.9966
v -25.3130 -19.1792 15.0969
v -23.7961 -16.7262 15.5503
v -25.3130 -19.1792 15.0969
v -24.8703 -18.8793 13.6671
v -23.3778 -16.4096 14.0751
v -23.7961 -16.7262 15.5503
v -24.8703 -18.8793 13.6671
v -23.3778 -16.4096 14.0751
v -24.8703 -18.8793 13.6671
v -24.5360 -18.5528 12.2138
v -23.0693 -16.0667 12.5788
v -23.3778 -16.4096 14.0751
v -24.5360 -18.5528 12.2138
v -23.0693 -16.0667 12.5788
v -24.5360 -18.5528 12.2138
v -24.3122 -18.2014 10.7452
v -22.8723 -15.6994 11.0696
v -23.0693 -16.0667 12.5788
v -24.3122 -18.2014 10.7452
v -22.8723 -15.6994 11.0696
v -24.3122 -18.2014 10.7452
v -24.1999 -17.8271 9.2695
v -22.7878 -15.3096 9.5555
v -24.1999 -17.8271 9.2695
v -24.1999 -17.4320 7.7950
v -22.7878 -15.3096 9.5555
v -22.8723 -15.6994 11.0696
v -24.1999 -17.8271 9.2695
v -22.8164 -14.8994 8.0447
v -22.7878 -15.3096 9.5555
v -24.1999 -17.4320 7.7950
v -23.0461 -14.8509 6.9360
v -24.1999 -17.4320 7.7950
v -24.3122 -17.0183 6.3298
v -23.0461 -14.8509 6.9360
v -22.8164 -14.8994 8.0447
v -24.1999 -17.4320 7.7950
v -23.2413 -14.6380 5.8734
v -24.3122 -17.0183 6.3298
v -24.5360 -16.5883 4.8823
v -23.2413 -14.6380 5.8734
v -23.0461 -14.8509 6.9360
v -24.3122 -17.0183 6.3298
v -23.4029 -14.2582 4.8510
v -24.5360 -16.5883 4.8823
v -24.8703 -16.1445 3.4605
v -23.4029 -14.2582 4.8510
v -23.2413 -14.6380 5.8734
v -24.5360 -16.5883 4.8823
v -23.5307 -13.7104 3.8690
v -23.4029 -14.2582 4.8510
v -24.8703 -16.1445 3.4605
v -23.2288 -14.4866 5.8984
v -23.2281 -14.4675 5.8155
v -23.2426 -14.4653 5.8186
v -23.2139 -14.5023 5.9790
v -23.2281 -14.4675 5.8155
v -23.2288 -14.4866 5.8984
v -23.2011 -14.5101 6.0445
v -23.2281 -14.4675 5.8155
v -23.2139 -14.5023 5.9790
v -23.1885 -14.5131 6.1053
v -23.2281 -14.4675 5.8155
v -23.2011 -14.5101 6.0445
v -23.1767 -14.5119 6.1598
v -23.2281 -14.4675 5.8155
v -23.1885 -14.5131 6.1053
v -23.1656 -14.5073 6.2087
v -23.2281 -14.4675 5.8155
v -23.1767 -14.5119 6.1598
v -23.1540 -14.4993 6.2572
v -23.2281 -14.4675 5.8155
v -23.1656 -14.5073 6.2087
v -23.1419 -14.4876 6.3054
v -23.2281 -14.4675 5.8155
v -23.1540 -14.4993 6.2572
v -23.1307 -14.4737 6.3483
v -23.2281 -14.4675 5.8155
v -23.1419 -14.4876 6.3054
v -23.1202 -14.4584 6.3865
v -23.2281 -14.4675 5.8155
v -23.1307 -14.4737 6.3483
v -23.1095 -14.4404 6.4240
v -23.2281 -14.4675 5.8155
v -23.1202 -14.4584 6.3865
v -23.0987 -14.4199 6.4604
v -23.2281 -14.4675 5.8155
v -23.1095 -14.4404 6.4240
v -23.0878 -14.3970 6.4952
v -23.2281 -14.4675 5.8155
v -23.0987 -14.4199 6.4604
v -23.0770 -14.3718 6.5281
v -23.2281 -14.4675 5.8155
v -23.0878 -14.3970 6.4952
v -23.0674 -14.3473 6.5556
v -23.2281 -14.4675 5.8155
v -23.0770 -14.3718 6.5281
v -23.0590 -14.3237 6.5785
v -23.2281 -14.4675 5.8155
v -23.0674 -14.3473 6.5556
v -23.0508 -14.2989 6.5993
v -23.2281 -14.4675 5.8155
v -23.0590 -14.3237 6.5785
v -23.0437 -14.2755 6.6161
v -23.2281 -14.4675 5.8155
v -23.0508 -14.2989 6.5993
v -23.0376 -14.2536 6.6295
v -23.2281 -14.4675 5.8155
v -23.0437 -14.2755 6.6161
v -23.0317 -14.2310 6.6411
v -23.2281 -14.4675 5.8155
v -23.0376 -14.2536 6.6295
v -23.0267 -14.2100 6.6500
v -23.2281 -14.4675 5.8155
v -23.0317 -14.2310 6.6411
v -23.0224 -14.1907 6.6566
v -23.2281 -14.4675 5.8155
v -23.0267 -14.2100 6.6500
v -23.0183 -14.1709 6.6619
v -23.2281 -14.4675 5.8155
v -23.0224 -14.1907 6.6566
v -23.0226 -13.4721 6.0791
v -23.2281 -14.4675 5.8155
v -23.0183 -14.1709 6.6619
v -23.0226 -13.4721 6.0791
v -23.0183 -14.1709 6.6619
v -23.0144 -14.1507 6.6658
v -23.0226 -13.4721 6.0791
v -23.0144 -14.1507 6.6658
v -23.0108 -14.1302 6.6684
v -23.0226 -13.4721 6.0791
v -23.0108 -14.1302 6.6684
v -23.0074 -14.1094 6.6697
v -23.0226 -13.4721 6.0791
v -23.0074 -14.1094 6.6697
v -23.0042 -14.0884 6.6698
v -23.0226 -13.4721 6.0791
v -23.0042 -14.0884 6.6698
v -23.0013 -14.0672 6.6687
v -23.0226 -13.4721 6.0791
v -23.0013 -14.0672 6.6687
v -22.9985 -14.0458 6.6664
v -23.0226 -13.4721 6.0791
v -22.9985 -14.0458 6.6664
v -22.9960 -14.0243 6.6631
v -23.0226 -13.4721 6.0791
v -22.9960 -14.0243 6.6631
v -22.9938 -14.0028 6.6587
v -23.0226 -13.4721 6.0791
v -22.9938 -14.0028 6.6587
v -22.9917 -13.9813 6.6533
v -23.0226 -13.4721 6.0791
v -22.9917 -13.9813 6.6533
v -22.9899 -13.9599 6.6469
v -23.0226 -13.4721 6.0791
v -22.9899 -13.9599 6.6469
v -22.9877 -13.9315 6.6370
v -23.0226 -13.4721 6.0791
v -22.9877 -13.9315 6.6370
v -22.9858 -13.8999 6.6240
v -23.0226 -13.4721 6.0791
v -22.9858 -13.8999 6.6240
v -22.9843 -13.8689 6.6093
v -23.0226 -13.4721 6.0791
v -22.9843 -13.8689 6.6093
v -22.9832 -13.8387 6.5930
v -23.0226 -13.4721 6.0791
v -22.9832 -13.8387 6.5930
v -22.9826 -13.8093 6.5752
v -23.0226 -13.4721 6.0791
v -22.9826 -13.8093 6.5752
v -22.9825 -13.7810 6.5561
v -23.0226 -13.4721 6.0791
v -22.9825 -13.7810 6.5561
v -22.9827 -13.7540 6.5358
v -23.0226 -13.4721 6.0791
v -22.9827 -13.7540 6.5358
v -22.9834 -13.7283 6.5145
v -23.0226 -13.4721 6.0791
v -22.9834 -13.7283 6.5145
v -22.9845 -13.7039 6.4922
v -23.0226 -13.4721 6.0791
v -22.9845 -13.7039 6.4922
v -22.9860 -13.6807 6.4690
v -23.0226 -13.4721 6.0791
v -22.9860 -13.6807 6.4690
v -22.9879 -13.6588 6.4449
v -23.0226 -13.4721 6.0791
v -22.9879 -13.6588 6.4449
v -22.9901 -13.6380 6.4199
v -23.0226 -13.4721 6.0791
v -22.9901 -13.6380 6.4199
v -22.9927 -13.6184 6.3942
v -23.0226 -13.4721 6.0791
v -22.9927 -13.6184 6.3942
v -22.9966 -13.5939 6.3587
v -23.0226 -13.4721 6.0791
v -22.9966 -13.5939 6.3587
v -23.0017 -13.5687 6.3174
v -23.0226 -13.4721 6.0791
v -23.0017 -13.5687 6.3174
v -23.0073 -13.5456 6.2748
v -23.0226 -13.4721 6.0791
v -23.0073 -13.5456 6.2748
v -23.0136 -13.5248 6.2310
v -23.0226 -13.4721 6.0791
v -23.0136 -13.5248 6.2310
v -23.0203 -13.5059 6.1862
v -23.0226 -13.4721 6.0791
v -23.0203 -13.5059 6.1862
v -23.0285 -13.4868 6.1346
v -23.0371 -13.4700 6.0822
v -23.0226 -13.4721 6.0791
v -23.0285 -13.4868 6.1346
v -28.6095 -15.9551 7.1042
v -27.7350 -16.4340 7.9546
v -27.4358 -16.8454 9.1613
v -29.8225 -15.5371 6.8359
v -28.6095 -15.9551 7.1042
v -27.4358 -16.8454 9.1613
v -32.9284 -15.3627 9.4193
v -29.8225 -15.5371 6.8359
v -27.4358 -16.8454 9.1613
v -32.9462 -15.1095 8.4871
v -29.8225 -15.5371 6.8359
v -32.9284 -15.3627 9.4193
v -33.0446 -14.8436 7.5635
v -34.2158 -14.4056 7.0284
v -29.8225 -15.5371 6.8359
v -33.0446 -14.8436 7.5635
v -29.8225 -15.5371 6.8359
v -32.9462 -15.1095 8.4871
v -33.0446 -14.8436 7.5635
v -32.9462 -15.1095 8.4871
v -34.2158 -14.4056 7.0284
v -35.3271 -14.5230 8.5304
v -32.9284 -15.3627 9.4193
v -35.1615 -14.8396 9.5031
v -35.3881 -14.4417 8.2832
v -32.9462 -15.1095 8.4871
v -32.9284 -15.3627 9.4193
v -35.3881 -14.4417 8.2832
v -32.9284 -15.3627 9.4193
v -35.3271 -14.5230 8.5304
v -35.5228 -14.2866 7.8237
v -34.2158 -14.4056 7.0284
v -32.9462 -15.1095 8.4871
v -35.5228 -14.2866 7.8237
v -32.9462 -15.1095 8.4871
v -35.3881 -14.4417 8.2832
v -35.7992 -14.0315 7.0889
v -34.2158 -14.4056 7.0284
v -35.6704 -14.1430 7.4059
v -35.6704 -14.1430 7.4059
v -34.2158 -14.4056 7.0284
v -35.5228 -14.2866 7.8237
v -25.2157 -17.6037 9.0152
v -24.4258 -17.8452 8.9707
v -24.5135 -18.2119 10.4007
v -31.9358 -19.3753 21.0793
v -29.8348 -20.3584 22.1478
v -30.8465 -20.4431 23.1743
v -31.9358 -19.3753 21.0793
v -30.8465 -20.4431 23.1743
v -30.9214 -20.3947 23.0994
v -31.9358 -19.3753 21.0793
v -30.9214 -20.3947 23.0994
v -32.4531 -19.4088 21.5677
v -30.9312 -19.2653 19.9637
v -28.8760 -20.2388 21.0282
v -29.8348 -20.3584 22.1478
v -30.9312 -19.2653 19.9637
v -29.8348 -20.3584 22.1478
v -31.9358 -19.3753 21.0793
v -30.0225 -19.1172 18.7727
v -27.9998 -20.0870 19.8465
v -28.8760 -20.2388 21.0282
v -30.0225 -19.1172 18.7727
v -28.8760 -20.2388 21.0282
v -30.9312 -19.2653 19.9637
v -33.8719 -18.2297 19.2848
v -33.5049 -18.7595 20.5159
v -34.3163 -18.2586 19.7045
v -33.8719 -18.2297 19.2848
v -31.9358 -19.3753 21.0793
v -32.4531 -19.4088 21.5677
v -33.8719 -18.2297 19.2848
v -32.4531 -19.4088 21.5677
v -33.5049 -18.7595 20.5159
v -33.8719 -18.2297 19.2848
v -30.9312 -19.2653 19.9637
v -31.9358 -19.3753 21.0793
v -29.2163 -18.9319 17.5151
v -26.5137 -19.6903 17.3224
v -27.2109 -19.9038 18.6090
v -29.2163 -18.9319 17.5151
v -27.2109 -19.9038 18.6090
v -27.9998 -20.0870 19.8465
v -29.2163 -18.9319 17.5151
v -27.9998 -20.0870 19.8465
v -30.0225 -19.1172 18.7727
v -33.0295 -18.1376 18.3493
v -30.9312 -19.2653 19.9637
v -33.8719 -18.2297 19.2848
v -28.5183 -18.7108 16.1998
v -25.9117 -19.4475 15.9935
v -26.5137 -19.6903 17.3224
v -28.5183 -18.7108 16.1998
v -26.5137 -19.6903 17.3224
v -29.2163 -18.9319 17.5151
v -32.2675 -18.0133 17.3507
v -30.0225 -19.1172 18.7727
v -30.9312 -19.2653 19.9637
v -32.2675 -18.0133 17.3507
v -30.9312 -19.2653 19.9637
v -33.0295 -18.1376 18.3493
v -27.9336 -18.4555 14.8364
v -25.4083 -19.1767 14.6296
v -25.9117 -19.4475 15.9935
v -27.9336 -18.4555 14.8364
v -25.9117 -19.4475 15.9935
v -28.5183 -18.7108 16.1998
v -31.5915 -17.8580 16.2961
v -29.2163 -18.9319 17.5151
v -30.0225 -19.1172 18.7727
v -31.5915 -17.8580 16.2961
v -30.0225 -19.1172 18.7727
v -32.2675 -18.0133 17.3507
v -36.0042 -17.2791 18.0166
v -33.8719 -18.2297 19.2848
v -34.3163 -18.2586 19.7045
v -27.4664 -18.1678 13.4346
v -25.0061 -18.8794 13.2378
v -25.4083 -19.1767 14.6296
v -27.4664 -18.1678 13.4346
v -25.4083 -19.1767 14.6296
v -27.9336 -18.4555 14.8364
v -31.0062 -17.6726 15.1932
v -28.5183 -18.7108 16.1998
v -29.2163 -18.9319 17.5151
v -31.0062 -17.6726 15.1932
v -29.2163 -18.9319 17.5151
v -31.5915 -17.8580 16.2961
v -31.0062 -17.6726 15.1932
v -27.9336 -18.4555 14.8364
v -28.5183 -18.7108 16.1998
v -36.8455 -16.5734 16.5201
v -33.8719 -18.2297 19.2848
v -36.0042 -17.2791 18.0166
v -36.8455 -16.5734 16.5201
v -36.0042 -17.2791 18.0166
v -37.1825 -16.5953 16.8383
v -27.1201 -17.8497 12.0046
v -24.7073 -18.5573 11.8256
v -25.0061 -18.8794 13.2378
v -27.1201 -17.8497 12.0046
v -25.0061 -18.8794 13.2378
v -27.4664 -18.1678 13.4346
v -27.1201 -17.8497 12.0046
v -28.5291 -17.4044 11.9316
v -27.7589 -17.4635 11.3386
v -27.1201 -17.8497 12.0046
v -27.7589 -17.4635 11.3386
v -27.1852 -17.4147 10.5533
v -27.1201 -17.8497 12.0046
v -27.4664 -18.1678 13.4346
v -28.5291 -17.4044 11.9316
v -30.5159 -17.4585 14.0499
v -27.4664 -18.1678 13.4346
v -27.9336 -18.4555 14.8364
v -30.5159 -17.4585 14.0499
v -27.9336 -18.4555 14.8364
v -31.0062 -17.6726 15.1932
v -36.2508 -16.5083 15.8596
v -33.0295 -18.1376 18.3493
v -33.8719 -18.2297 19.2848
v -36.2508 -16.5083 15.8596
v -32.2675 -18.0133 17.3507
v -33.0295 -18.1376 18.3493
v -36.2508 -16.5083 15.8596
v -33.8719 -18.2297 19.2848
v -36.8455 -16.5734 16.5201
v -26.8972 -17.5037 10.5566
v -24.5135 -18.2119 10.4007
v -24.7073 -18.5573 11.8256
v -26.8972 -17.5037 10.5566
v -25.2157 -17.6037 9.0152
v -24.5135 -18.2119 10.4007
v -26.8972 -17.5037 10.5566
v -26.0069 -17.3660 9.0587
v -25.2157 -17.6037 9.0152
v -26.8972 -17.5037 10.5566
v -26.7993 -17.1321 9.1012
v -26.0069 -17.3660 9.0587
v -26.8972 -17.5037 10.5566
v -27.1852 -17.4147 10.5533
v -26.7993 -17.1321 9.1012
v -26.8972 -17.5037 10.5566
v -24.7073 -18.5573 11.8256
v -27.1201 -17.8497 12.0046
v -26.8972 -17.5037 10.5566
v -27.1201 -17.8497 12.0046
v -27.1852 -17.4147 10.5533
v -30.1242 -17.2172 12.8745
v -29.9863 -17.1051 12.3593
v -28.5291 -17.4044 11.9316
v -30.1242 -17.2172 12.8745
v -34.3767 -15.9745 12.5514
v -29.9863 -17.1051 12.3593
v -30.1242 -17.2172 12.8745
v -30.5159 -17.4585 14.0499
v -34.3767 -15.9745 12.5514
v -30.1242 -17.2172 12.8745
v -28.5291 -17.4044 11.9316
v -27.4664 -18.1678 13.4346
v -30.1242 -17.2172 12.8745
v -27.4664 -18.1678 13.4346
v -30.5159 -17.4585 14.0499
v -35.7128 -16.4206 15.1546
v -36.2688 -16.1576 14.7142
v -36.0217 -16.0773 14.2605
v -35.7128 -16.4206 15.1546
v -31.5915 -17.8580 16.2961
v -32.2675 -18.0133 17.3507
v -35.7128 -16.4206 15.1546
v -32.2675 -18.0133 17.3507
v -36.2508 -16.5083 15.8596
v -37.3427 -16.3513 16.1687
v -36.8455 -16.5734 16.5201
v -37.1825 -16.5953 16.8383
v -37.3427 -16.3513 16.1687
v -37.1825 -16.5953 16.8383
v -37.4114 -16.4722 16.6094
v -37.3427 -16.3513 16.1687
v -37.4114 -16.4722 16.6094
v -37.5979 -16.3720 16.4229
v -35.2355 -16.3109 14.4100
v -31.5915 -17.8580 16.2961
v -35.7128 -16.4206 15.1546
v -35.2355 -16.3109 14.4100
v -35.7128 -16.4206 15.1546
v -36.0217 -16.0773 14.2605
v -35.2355 -16.3109 14.4100
v -36.0217 -16.0773 14.2605
v -35.7675 -15.9724 13.7096
v -37.2873 -16.3451 16.1078
v -36.8455 -16.5734 16.5201
v -37.3427 -16.3513 16.1687
v -36.8137 -16.2783 15.5330
v -36.2508 -16.5083 15.8596
v -36.8455 -16.5734 16.5201
v -36.8137 -16.2783 15.5330
v -36.8455 -16.5734 16.5201
v -37.2873 -16.3451 16.1078
v -34.8223 -16.1800 13.6314
v -35.2355 -16.3109 14.4100
v -35.7675 -15.9724 13.7096
v -34.8223 -16.1800 13.6314
v -35.7675 -15.9724 13.7096
v -35.5751 -15.8694 13.2057
v -34.8223 -16.1800 13.6314
v -31.0062 -17.6726 15.1932
v -31.5915 -17.8580 16.2961
v -34.8223 -16.1800 13.6314
v -31.5915 -17.8580 16.2961
v -35.2355 -16.3109 14.4100
v -36.7614 -16.2688 15.4628
v -36.2508 -16.5083 15.8596
v -36.8137 -16.2783 15.5330
v -34.4762 -16.0289 12.8242
v -34.8223 -16.1800 13.6314
v -35.5751 -15.8694 13.2057
v -34.4762 -16.0289 12.8242
v -35.5751 -15.8694 13.2057
v -35.4287 -15.7687 12.7390
v -34.4762 -16.0289 12.8242
v -31.0062 -17.6726 15.1932
v -34.8223 -16.1800 13.6314
v -34.4762 -16.0289 12.8242
v -35.4287 -15.7687 12.7390
v -35.3881 -15.7356 12.5900
v -34.4762 -16.0289 12.8242
v -35.3881 -15.7356 12.5900
v -34.3767 -15.9745 12.5514
v -34.4762 -16.0289 12.8242
v -34.3767 -15.9745 12.5514
v -30.5159 -17.4585 14.0499
v -34.4762 -16.0289 12.8242
v -30.5159 -17.4585 14.0499
v -31.0062 -17.6726 15.1932
v -36.7090 -16.2593 15.3909
v -36.2508 -16.5083 15.8596
v -36.7614 -16.2688 15.4628
v -36.2688 -16.1576 14.7142
v -35.7128 -16.4206 15.1546
v -36.3045 -16.1673 14.7747
v -36.3045 -16.1673 14.7747
v -35.7128 -16.4206 15.1546
v -36.2508 -16.5083 15.8596
v -36.3045 -16.1673 14.7747
v -36.2508 -16.5083 15.8596
v -36.7090 -16.2593 15.3909
v -24.5360 -18.5528 12.2138
v -24.8703 -18.8793 13.6671
v -25.0061 -18.8794 13.2378
v -24.3122 -18.2014 10.7452
v -24.5360 -18.5528 12.2138
v -24.7073 -18.5573 11.8256
v -24.1999 -17.8271 9.2695
v -24.3122 -18.2014 10.7452
v -24.5135 -18.2119 10.4007
v -24.1999 -17.4320 7.7950
v -24.1999 -17.8271 9.2695
v -24.4258 -17.8452 8.9707
v -24.3122 -17.0183 6.3298
v -24.1999 -17.4320 7.7950
v -24.4427 -17.4692 7.5791
v -24.5360 -16.5883 4.8823
v -24.3122 -17.0183 6.3298
v -24.5608 -17.0766 6.1970
v -25.0105 -16.2503 3.4654
v -24.7794 -16.6696 4.8315
v -25.0974 -16.2502 3.4894
v -24.9293 -16.2125 3.4550
v -24.7794 -16.6696 4.8315
v -25.0105 -16.2503 3.4654
v -24.8703 -16.1445 3.4605
v -24.5360 -16.5883 4.8823
v -24.7794 -16.6696 4.8315
v -24.8703 -16.1445 3.4605
v -24.7794 -16.6696 4.8315
v -24.9293 -16.2125 3.4550
v -30.7198 -20.4371 23.3010
v -30.0684 -20.3353 22.7508
v -30.6821 -20.3774 23.3387
v -30.1153 -20.3935 22.7003
v -30.8412 -20.4431 23.1796
v -30.8465 -20.4431 23.1743
v -30.1153 -20.3935 22.7003
v -30.8465 -20.4431 23.1743
v -29.8348 -20.3584 22.1478
v -30.1153 -20.3935 22.7003
v -30.7812 -20.4609 23.2396
v -30.8412 -20.4431 23.1796
v -30.1153 -20.3935 22.7003
v -30.7220 -20.4397 23.2988
v -30.7812 -20.4609 23.2396
v -30.1153 -20.3935 22.7003
v -30.0684 -20.3353 22.7508
v -30.7198 -20.4371 23.3010
v -30.1153 -20.3935 22.7003
v -30.7198 -20.4371 23.3010
v -30.7220 -20.4397 23.2988
v -29.7690 -20.3767 22.2066
v -30.1153 -20.3935 22.7003
v -29.8348 -20.3584 22.1478
v -29.7057 -20.3544 22.2669
v -30.1153 -20.3935 22.7003
v -29.7690 -20.3767 22.2066
v -29.7057 -20.3544 22.2669
v -29.0469 -20.2250 21.6218
v -30.0684 -20.3353 22.7508
v -29.7057 -20.3544 22.2669
v -30.0684 -20.3353 22.7508
v -30.1153 -20.3935 22.7003
v -29.0961 -20.2834 21.5740
v -29.8348 -20.3584 22.1478
v -28.8760 -20.2388 21.0282
v -29.0961 -20.2834 21.5740
v -29.7690 -20.3767 22.2066
v -29.8348 -20.3584 22.1478
v -29.0961 -20.2834 21.5740
v -29.7057 -20.3544 22.2669
v -29.7690 -20.3767 22.2066
v -29.0961 -20.2834 21.5740
v -29.0469 -20.2250 21.6218
v -29.7057 -20.3544 22.2669
v -28.8059 -20.2565 21.0821
v -29.0961 -20.2834 21.5740
v -28.8760 -20.2388 21.0282
v -28.7390 -20.2338 21.1381
v -28.1104 -20.0805 20.4249
v -29.0469 -20.2250 21.6218
v -28.7390 -20.2338 21.1381
v -29.0961 -20.2834 21.5740
v -28.8059 -20.2565 21.0821
v -28.7390 -20.2338 21.1381
v -29.0469 -20.2250 21.6218
v -29.0961 -20.2834 21.5740
v -28.1618 -20.1393 20.3799
v -28.8059 -20.2565 21.0821
v -28.8760 -20.2388 21.0282
v -28.1618 -20.1393 20.3799
v -28.7390 -20.2338 21.1381
v -28.8059 -20.2565 21.0821
v -28.1618 -20.1393 20.3799
v -28.1104 -20.0805 20.4249
v -28.7390 -20.2338 21.1381
v -28.1618 -20.1393 20.3799
v -28.8760 -20.2388 21.0282
v -27.9998 -20.0870 19.8465
v -27.9258 -20.1041 19.8951
v -28.1618 -20.1393 20.3799
v -27.9998 -20.0870 19.8465
v -27.8556 -20.0808 19.9467
v -28.1104 -20.0805 20.4249
v -28.1618 -20.1393 20.3799
v -27.8556 -20.0808 19.9467
v -28.1618 -20.1393 20.3799
v -27.9258 -20.1041 19.8951
v -27.8556 -20.0808 19.9467
v -27.2643 -19.9026 19.1668
v -28.1104 -20.0805 20.4249
v -27.3177 -19.9617 19.1247
v -27.9258 -20.1041 19.8951
v -27.9998 -20.0870 19.8465
v -27.3177 -19.9617 19.1247
v -27.8556 -20.0808 19.9467
v -27.9258 -20.1041 19.8951
v -27.3177 -19.9617 19.1247
v -27.2643 -19.9026 19.1668
v -27.8556 -20.0808 19.9467
v -27.3177 -19.9617 19.1247
v -27.9998 -20.0870 19.8465
v -27.2109 -19.9038 18.6090
v -27.1334 -19.9201 18.6521
v -27.3177 -19.9617 19.1247
v -27.2109 -19.9038 18.6090
v -27.0602 -19.8961 18.6990
v -26.5134 -19.6922 17.8545
v -27.2643 -19.9026 19.1668
v -27.0602 -19.8961 18.6990
v -27.2643 -19.9026 19.1668
v -27.3177 -19.9617 19.1247
v -27.0602 -19.8961 18.6990
v -27.3177 -19.9617 19.1247
v -27.1334 -19.9201 18.6521
v -26.5685 -19.7519 17.8154
v -26.5134 -19.6922 17.8545
v -27.0602 -19.8961 18.6990
v -26.5685 -19.7519 17.8154
v -27.1334 -19.9201 18.6521
v -27.2109 -19.9038 18.6090
v -26.5685 -19.7519 17.8154
v -27.0602 -19.8961 18.6990
v -27.1334 -19.9201 18.6521
v -26.5685 -19.7519 17.8154
v -27.2109 -19.9038 18.6090
v -26.5137 -19.6903 17.3224
v -26.4330 -19.7056 17.3598
v -26.5685 -19.7519 17.8154
v -26.5137 -19.6903 17.3224
v -26.3572 -19.6808 17.4018
v -25.8617 -19.4506 16.4953
v -26.5134 -19.6922 17.8545
v -26.3572 -19.6808 17.4018
v -26.5134 -19.6922 17.8545
v -26.5685 -19.7519 17.8154
v -26.3572 -19.6808 17.4018
v -26.5685 -19.7519 17.8154
v -26.4330 -19.7056 17.3598
v -25.9184 -19.5109 16.4595
v -25.8617 -19.4506 16.4953
v -26.3572 -19.6808 17.4018
v -25.9184 -19.5109 16.4595
v -26.4330 -19.7056 17.3598
v -26.5137 -19.6903 17.3224
v -25.9184 -19.5109 16.4595
v -26.3572 -19.6808 17.4018
v -26.4330 -19.7056 17.3598
v -25.9184 -19.5109 16.4595
v -26.5137 -19.6903 17.3224
v -25.9117 -19.4475 15.9935
v -25.8284 -19.4617 16.0250
v -25.9184 -19.5109 16.4595
v -25.9117 -19.4475 15.9935
v -25.7503 -19.4360 16.0620
v -25.3130 -19.1792 15.0969
v -25.8617 -19.4506 16.4953
v -25.7503 -19.4360 16.0620
v -25.8617 -19.4506 16.4953
v -25.9184 -19.5109 16.4595
v -25.7503 -19.4360 16.0620
v -25.9184 -19.5109 16.4595
v -25.8284 -19.4617 16.0250
v -25.3709 -19.2401 15.0643
v -25.3130 -19.1792 15.0969
v -25.7503 -19.4360 16.0620
v -25.3709 -19.2401 15.0643
v -25.8284 -19.4617 16.0250
v -25.9117 -19.4475 15.9935
v -25.3709 -19.2401 15.0643
v -25.7503 -19.4360 16.0620
v -25.8284 -19.4617 16.0250
v -25.3709 -19.2401 15.0643
v -25.9117 -19.4475 15.9935
v -25.4083 -19.1767 14.6296
v -25.3228 -19.1897 14.6550
v -25.3709 -19.2401 15.0643
v -25.4083 -19.1767 14.6296
v -25.2427 -19.1630 14.6868
v -24.8703 -18.8793 13.6671
v -25.3130 -19.1792 15.0969
v -25.2427 -19.1630 14.6868
v -25.3130 -19.1792 15.0969
v -25.3709 -19.2401 15.0643
v -25.2427 -19.1630 14.6868
v -25.3709 -19.2401 15.0643
v -25.3228 -19.1897 14.6550
v -24.9292 -18.9409 13.6378
v -25.0061 -18.8794 13.2378
v -24.8703 -18.8793 13.6671
v -24.9292 -18.9409 13.6378
v -24.8703 -18.8793 13.6671
v -25.2427 -19.1630 14.6868
v -24.9292 -18.9409 13.6378
v -25.3228 -19.1897 14.6550
v -25.4083 -19.1767 14.6296
v -24.9292 -18.9409 13.6378
v -25.4083 -19.1767 14.6296
v -25.0061 -18.8794 13.2378
v -24.9292 -18.9409 13.6378
v -25.2427 -19.1630 14.6868
v -25.3228 -19.1897 14.6550
v -24.5958 -18.6152 12.1879
v -24.5360 -18.5528 12.2138
v -25.0061 -18.8794 13.2378
v -24.5958 -18.6152 12.1879
v -24.7073 -18.5573 11.8256
v -24.5360 -18.5528 12.2138
v -24.5958 -18.6152 12.1879
v -25.0061 -18.8794 13.2378
v -24.7073 -18.5573 11.8256
v -24.3725 -18.2646 10.7228
v -24.3122 -18.2014 10.7452
v -24.7073 -18.5573 11.8256
v -24.3725 -18.2646 10.7228
v -24.7073 -18.5573 11.8256
v -24.5135 -18.2119 10.4007
v -24.3725 -18.2646 10.7228
v -24.5135 -18.2119 10.4007
v -24.3122 -18.2014 10.7452
v -24.2605 -17.8912 9.2505
v -24.5135 -18.2119 10.4007
v -24.4258 -17.8452 8.9707
v -24.2605 -17.8912 9.2505
v -24.1999 -17.8271 9.2695
v -24.5135 -18.2119 10.4007
v -24.2605 -17.8912 9.2505
v -24.4258 -17.8452 8.9707
v -24.1999 -17.8271 9.2695
v -24.2605 -17.4970 7.7794
v -24.1999 -17.4320 7.7950
v -24.4258 -17.8452 8.9707
v -24.2605 -17.4970 7.7794
v -24.4427 -17.4692 7.5791
v -24.1999 -17.4320 7.7950
v -24.2605 -17.4970 7.7794
v -24.4258 -17.8452 8.9707
v -24.4427 -17.4692 7.5791
v -24.4558 -17.1188 6.3173
v -24.4427 -17.4692 7.5791
v -24.5608 -17.0766 6.1970
v -24.3725 -17.0843 6.3177
v -24.3122 -17.0183 6.3298
v -24.4427 -17.4692 7.5791
v -24.3725 -17.0843 6.3177
v -24.5608 -17.0766 6.1970
v -24.3122 -17.0183 6.3298
v -24.3725 -17.0843 6.3177
v -24.4427 -17.4692 7.5791
v -24.4558 -17.1188 6.3173
v -24.3725 -17.0843 6.3177
v -24.4558 -17.1188 6.3173
v -24.5608 -17.0766 6.1970
v -24.6783 -16.6914 4.8786
v -24.5608 -17.0766 6.1970
v -24.7794 -16.6696 4.8315
v -24.5958 -16.6553 4.8736
v -24.5360 -16.5883 4.8823
v -24.5608 -17.0766 6.1970
v -24.5958 -16.6553 4.8736
v -24.7794 -16.6696 4.8315
v -24.5360 -16.5883 4.8823
v -24.5958 -16.6553 4.8736
v -24.5608 -17.0766 6.1970
v -24.6783 -16.6914 4.8786
v -24.5958 -16.6553 4.8736
v -24.6783 -16.6914 4.8786
v -24.7794 -16.6696 4.8315
v -24.7662 -11.2586 3.3731
v -24.3346 -11.7029 4.7281
v -24.2829 -11.6582 4.7281
v -25.9341 -10.3468 0.7902
v -25.3003 -10.8057 2.0581
v -25.1391 -10.7146 1.9857
v -26.6640 -9.8843 -0.4234
v -25.9341 -10.3468 0.7902
v -25.7863 -10.2474 0.6966
v -27.4861 -9.4207 -1.5762
v -26.6640 -9.8843 -0.4234
v -26.5323 -9.7767 -0.5367
v -28.3958 -8.9587 -2.6619
v -27.4861 -9.4207 -1.5762
v -27.3726 -9.3049 -1.7072
v -29.3881 -8.5007 -3.6744
v -28.3958 -8.9587 -2.6619
v -28.3027 -8.8348 -2.8085
v -29.4335 -8.4815 -3.7141
v -29.3881 -8.5007 -3.6744
v -29.3207 -8.3752 -3.8270
v -24.6542 -11.1856 3.3571
v -24.2204 -11.6322 4.7191
v -24.1543 -11.6278 4.7022
v -24.6542 -11.1856 3.3571
v -24.1543 -11.6278 4.7022
v -24.5941 -11.1756 3.3234
v -24.7155 -11.2129 3.3701
v -24.7662 -11.2586 3.3731
v -24.2829 -11.6582 4.7281
v -24.7155 -11.2129 3.3701
v -24.2204 -11.6322 4.7191
v -24.6542 -11.1856 3.3571
v -24.7155 -11.2129 3.3701
v -24.2829 -11.6582 4.7281
v -24.2204 -11.6322 4.7191
v -24.7155 -11.2129 3.3701
v -24.6542 -11.1856 3.3571
v -24.5941 -11.1756 3.3234
v -25.1911 -10.7304 2.0353
v -24.5941 -11.1756 3.3234
v -25.1391 -10.7146 1.9857
v -25.2508 -10.7591 2.0521
v -25.3003 -10.8057 2.0581
v -24.7662 -11.2586 3.3731
v -25.2508 -10.7591 2.0521
v -24.7662 -11.2586 3.3731
v -24.7155 -11.2129 3.3701
v -25.2508 -10.7591 2.0521
v -24.7155 -11.2129 3.3701
v -24.5941 -11.1756 3.3234
v -25.2508 -10.7591 2.0521
v -24.5941 -11.1756 3.3234
v -25.1911 -10.7304 2.0353
v -25.2508 -10.7591 2.0521
v -25.1911 -10.7304 2.0353
v -25.1391 -10.7146 1.9857
v -25.2508 -10.7591 2.0521
v -25.1391 -10.7146 1.9857
v -25.3003 -10.8057 2.0581
v -25.8282 -10.2691 0.7609
v -25.1391 -10.7146 1.9857
v -25.7863 -10.2474 0.6966
v -25.8860 -10.2991 0.7815
v -25.7863 -10.2474 0.6966
v -25.9341 -10.3468 0.7902
v -25.8860 -10.2991 0.7815
v -25.9341 -10.3468 0.7902
v -25.1391 -10.7146 1.9857
v -25.8860 -10.2991 0.7815
v -25.8282 -10.2691 0.7609
v -25.7863 -10.2474 0.6966
v -25.8860 -10.2991 0.7815
v -25.1391 -10.7146 1.9857
v -25.8282 -10.2691 0.7609
v -26.5619 -9.8042 -0.4590
v -25.7863 -10.2474 0.6966
v -26.5323 -9.7767 -0.5367
v -26.6175 -9.8356 -0.4349
v -25.7863 -10.2474 0.6966
v -26.5619 -9.8042 -0.4590
v -26.6175 -9.8356 -0.4349
v -26.6640 -9.8843 -0.4234
v -25.7863 -10.2474 0.6966
v -26.6175 -9.8356 -0.4349
v -26.5619 -9.8042 -0.4590
v -26.5323 -9.7767 -0.5367
v -26.6175 -9.8356 -0.4349
v -26.5323 -9.7767 -0.5367
v -26.6640 -9.8843 -0.4234
v -27.3882 -9.3382 -1.6178
v -26.5323 -9.7767 -0.5367
v -27.3726 -9.3049 -1.7072
v -27.4414 -9.3710 -1.5902
v -27.3726 -9.3049 -1.7072
v -27.4861 -9.4207 -1.5762
v -27.4414 -9.3710 -1.5902
v -27.4861 -9.4207 -1.5762
v -26.5323 -9.7767 -0.5367
v -27.4414 -9.3710 -1.5902
v -27.3882 -9.3382 -1.6178
v -27.3726 -9.3049 -1.7072
v -27.4414 -9.3710 -1.5902
v -26.5323 -9.7767 -0.5367
v -27.3882 -9.3382 -1.6178
v -28.3026 -8.8738 -2.7091
v -27.3726 -9.3049 -1.7072
v -28.3027 -8.8348 -2.8085
v -28.3531 -8.9079 -2.6783
v -27.3726 -9.3049 -1.7072
v -28.3026 -8.8738 -2.7091
v -28.3531 -8.9079 -2.6783
v -28.3026 -8.8738 -2.7091
v -28.3027 -8.8348 -2.8085
v -28.3531 -8.9079 -2.6783
v -28.3958 -8.9587 -2.6619
v -27.3726 -9.3049 -1.7072
v -28.3531 -8.9079 -2.6783
v -28.3027 -8.8348 -2.8085
v -28.3958 -8.9587 -2.6619
v -29.3000 -8.4134 -3.7269
v -28.3027 -8.8348 -2.8085
v -29.3154 -8.3700 -3.8323
v -29.3168 -8.3705 -3.8308
v -29.3476 -8.4489 -3.6931
v -29.3000 -8.4134 -3.7269
v -29.3168 -8.3705 -3.8308
v -29.3186 -8.3720 -3.8291
v -29.3476 -8.4489 -3.6931
v -29.3186 -8.3720 -3.8291
v -29.3207 -8.3752 -3.8270
v -29.3881 -8.5007 -3.6744
v -29.3476 -8.4489 -3.6931
v -29.3881 -8.5007 -3.6744
v -28.3027 -8.8348 -2.8085
v -29.3476 -8.4489 -3.6931
v -28.3027 -8.8348 -2.8085
v -29.3000 -8.4134 -3.7269
v -30.2158 -18.2517 23.5473
v -30.3507 -18.2592 23.6701
v -30.2827 -18.1354 23.7381
v -29.4657 -17.6070 23.4368
v -30.2158 -18.2517 23.5473
v -30.2827 -18.1354 23.7381
v -29.4657 -17.6070 23.4368
v -30.2827 -18.1354 23.7381
v -30.0340 -17.6474 23.9868
v -29.1758 -18.1550 22.4560
v -30.2158 -18.2517 23.5473
v -29.4657 -17.6070 23.4368
v -28.4657 -17.4968 22.3233
v -29.1758 -18.1550 22.4560
v -29.4657 -17.6070 23.4368
v -28.2180 -18.0241 21.2951
v -29.1758 -18.1550 22.4560
v -28.4657 -17.4968 22.3233
v -27.5481 -17.3536 21.1447
v -28.2180 -18.0241 21.2951
v -28.4657 -17.4968 22.3233
v -27.3479 -17.8599 20.0712
v -28.2180 -18.0241 21.2951
v -27.5481 -17.3536 21.1447
v -26.7178 -17.1782 19.9071
v -27.3479 -17.8599 20.0712
v -27.5481 -17.3536 21.1447
v -26.5703 -17.6632 18.7912
v -27.3479 -17.8599 20.0712
v -26.7178 -17.1782 19.9071
v -25.9793 -16.9716 18.6173
v -26.5703 -17.6632 18.7912
v -26.7178 -17.1782 19.9071
v -25.8894 -17.4352 17.4621
v -26.5703 -17.6632 18.7912
v -25.9793 -16.9716 18.6173
v -25.3365 -16.7347 17.2822
v -25.8894 -17.4352 17.4621
v -25.9793 -16.9716 18.6173
v -25.3093 -17.1770 16.0914
v -25.8894 -17.4352 17.4621
v -25.3365 -16.7347 17.2822
v -24.7930 -16.4691 15.9089
v -25.3093 -17.1770 16.0914
v -25.3365 -16.7347 17.2822
v -24.8330 -16.8903 14.6868
v -25.3093 -17.1770 16.0914
v -24.7930 -16.4691 15.9089
v -24.3515 -16.1759 14.5050
v -24.8330 -16.8903 14.6868
v -24.7930 -16.4691 15.9089
v -24.4632 -16.5765 13.2561
v -24.8330 -16.8903 14.6868
v -24.3515 -16.1759 14.5050
v -24.0146 -15.8569 13.0780
v -24.4632 -16.5765 13.2561
v -24.3515 -16.1759 14.5050
v -24.2021 -16.2374 11.8074
v -24.4632 -16.5765 13.2561
v -24.0146 -15.8569 13.0780
v -23.7841 -15.5138 11.6355
v -24.2021 -16.2374 11.8074
v -24.0146 -15.8569 13.0780
v -24.0510 -15.8750 10.3487
v -24.2021 -16.2374 11.8074
v -23.7841 -15.5138 11.6355
v -23.6611 -15.1484 10.1853
v -24.0510 -15.8750 10.3487
v -23.7841 -15.5138 11.6355
v -24.0108 -15.4912 8.8882
v -24.0510 -15.8750 10.3487
v -23.6611 -15.1484 10.1853
v -23.6820 -14.9034 8.9736
v -24.0108 -15.4912 8.8882
v -23.6611 -15.1484 10.1853
v -23.8553 -14.8067 7.7880
v -24.0108 -15.4912 8.8882
v -23.6820 -14.9034 8.9736
v -23.8553 -14.8067 7.7880
v -24.0818 -15.0882 7.4340
v -24.0108 -15.4912 8.8882
v -23.9143 -14.7956 7.5026
v -24.0818 -15.0882 7.4340
v -23.8553 -14.8067 7.7880
v -29.1227 -15.7726 23.6593
v -29.2977 -16.0247 24.7231
v -29.0065 -16.1575 25.0142
v -29.1227 -15.7726 23.6593
v -29.0065 -16.1575 25.0142
v -28.2765 -16.1006 24.2894
v -29.2977 -16.0247 24.7231
v -29.1227 -15.7726 23.6593
v -29.7469 -15.8198 24.2739
v -28.1361 -15.6584 22.5404
v -29.1227 -15.7726 23.6593
v -28.2765 -16.1006 24.2894
v -28.1361 -15.6584 22.5404
v -28.2765 -16.1006 24.2894
v -27.2263 -15.9757 23.0857
v -27.2326 -15.5113 21.3570
v -28.1361 -15.6584 22.5404
v -27.2263 -15.9757 23.0857
v -27.2326 -15.5113 21.3570
v -27.2263 -15.9757 23.0857
v -26.2672 -15.8149 21.8124
v -26.4174 -15.3320 20.1154
v -27.2326 -15.5113 21.3570
v -26.2672 -15.8149 21.8124
v -26.4174 -15.3320 20.1154
v -26.2672 -15.8149 21.8124
v -25.4046 -15.6193 20.4765
v -25.6947 -15.1215 18.8224
v -26.4174 -15.3320 20.1154
v -25.4046 -15.6193 20.4765
v -25.6947 -15.1215 18.8224
v -25.4046 -15.6193 20.4765
v -24.6432 -15.3898 19.0855
v -25.0685 -14.8809 17.4851
v -25.6947 -15.1215 18.8224
v -24.6432 -15.3898 19.0855
v -25.0685 -14.8809 17.4851
v -24.6432 -15.3898 19.0855
v -23.9873 -15.1278 17.6473
v -24.5423 -14.6117 16.1107
v -25.0685 -14.8809 17.4851
v -23.9873 -15.1278 17.6473
v -24.5423 -14.6117 16.1107
v -23.9873 -15.1278 17.6473
v -23.4407 -14.8348 16.1700
v -24.1189 -14.3151 14.7067
v -24.5423 -14.6117 16.1107
v -23.4407 -14.8348 16.1700
v -24.1189 -14.3151 14.7067
v -23.4407 -14.8348 16.1700
v -23.0064 -14.5124 14.6618
v -23.8006 -13.9929 13.2807
v -24.1189 -14.3151 14.7067
v -23.0064 -14.5124 14.6618
v -23.8006 -13.9929 13.2807
v -23.0064 -14.5124 14.6618
v -22.6868 -14.1625 13.1313
v -23.5892 -13.6469 11.8406
v -23.8006 -13.9929 13.2807
v -22.6868 -14.1625 13.1313
v -23.5892 -13.6469 11.8406
v -22.6868 -14.1625 13.1313
v -22.4838 -13.7869 11.5870
v -23.4858 -13.2787 10.3942
v -22.4838 -13.7869 11.5870
v -22.3985 -13.3878 10.0376
v -23.4858 -13.2787 10.3942
v -23.5892 -13.6469 11.8406
v -22.4838 -13.7869 11.5870
v -23.4909 -12.8906 8.9493
v -23.4858 -13.2787 10.3942
v -22.3985 -13.3878 10.0376
v -23.4909 -12.8906 8.9493
v -22.3985 -13.3878 10.0376
v -22.4313 -12.9674 8.4919
v -23.6045 -12.4846 7.5138
v -23.4909 -12.8906 8.9493
v -22.4313 -12.9674 8.4919
v -23.8261 -12.0629 6.0955
v -23.6045 -12.4846 7.5138
v -22.4313 -12.9674 8.4919
v -23.1442 -11.7017 4.2689
v -23.8261 -12.0629 6.0955
v -22.4313 -12.9674 8.4919
v -24.1543 -11.6278 4.7022
v -23.8261 -12.0629 6.0955
v -23.1442 -11.7017 4.2689
v -24.5941 -11.1756 3.3234
v -23.1442 -11.7017 4.2689
v -23.6178 -11.2231 2.8151
v -24.5941 -11.1756 3.3234
v -24.1543 -11.6278 4.7022
v -23.1442 -11.7017 4.2689
v -25.1391 -10.7146 1.9857
v -23.6178 -11.2231 2.8151
v -24.2028 -10.7353 1.4054
v -25.1391 -10.7146 1.9857
v -24.5941 -11.1756 3.3234
v -23.6178 -11.2231 2.8151
v -25.7863 -10.2474 0.6966
v -24.2028 -10.7353 1.4054
v -24.8957 -10.2412 0.0479
v -25.7863 -10.2474 0.6966
v -25.1391 -10.7146 1.9857
v -24.2028 -10.7353 1.4054
v -26.5323 -9.7767 -0.5367
v -24.8957 -10.2412 0.0479
v -25.6928 -9.7435 -1.2498
v -26.5323 -9.7767 -0.5367
v -25.7863 -10.2474 0.6966
v -24.8957 -10.2412 0.0479
v -27.3726 -9.3049 -1.7072
v -25.6928 -9.7435 -1.2498
v -26.5895 -9.2450 -2.4805
v -27.3726 -9.3049 -1.7072
v -26.5323 -9.7767 -0.5367
v -25.6928 -9.7435 -1.2498
v -28.3027 -8.8348 -2.8085
v -27.3726 -9.3049 -1.7072
v -26.5895 -9.2450 -2.4805
v -27.5808 -8.7486 -3.6372
v -28.3027 -8.8348 -2.8085
v -26.5895 -9.2450 -2.4805
v -29.3154 -8.3700 -3.8323
v -28.3027 -8.8348 -2.8085
v -27.5808 -8.7486 -3.6372
v -29.3137 -8.3698 -3.8340
v -29.3137 -8.3698 -3.8340
v -27.5808 -8.7486 -3.6372
v -28.5475 -8.3087 -4.6002
v -24.0243 -13.1220 2.2596
v -23.2842 -12.3117 4.0416
v -23.5495 -13.5979 3.7022
v -23.7618 -11.8332 2.5911
v -23.2842 -12.3117 4.0416
v -24.0243 -13.1220 2.2596
v -24.6090 -12.6372 0.8609
v -23.7618 -11.8332 2.5911
v -24.0243 -13.1220 2.2596
v -24.3503 -11.3458 1.1851
v -23.7618 -11.8332 2.5911
v -24.6090 -12.6372 0.8609
v -25.3003 -12.1462 -0.4860
v -24.3503 -11.3458 1.1851
v -24.6090 -12.6372 0.8609
v -25.0465 -10.8521 -0.1686
v -24.3503 -11.3458 1.1851
v -25.3003 -12.1462 -0.4860
v -26.0944 -11.6518 -1.7737
v -25.0465 -10.8521 -0.1686
v -25.3003 -12.1462 -0.4860
v -25.8463 -10.3549 -1.4624
v -25.0465 -10.8521 -0.1686
v -26.0944 -11.6518 -1.7737
v -26.9869 -11.1567 -2.9949
v -25.8463 -10.3549 -1.4624
v -26.0944 -11.6518 -1.7737
v -26.7455 -9.8571 -2.6890
v -25.8463 -10.3549 -1.4624
v -26.9869 -11.1567 -2.9949
v -27.9727 -10.6636 -4.1430
v -26.7455 -9.8571 -2.6890
v -26.9869 -11.1567 -2.9949
v -27.7388 -9.3614 -3.8416
v -26.7455 -9.8571 -2.6890
v -27.9727 -10.6636 -4.1430
v -28.5043 -9.8377 -4.6434
v -27.7388 -9.3614 -3.8416
v -27.9727 -10.6636 -4.1430
v -28.4900 -10.4283 -4.6577
v -28.5261 -9.0042 -4.6216
v -27.7388 -9.3614 -3.8416
v -28.5043 -9.8377 -4.6434
v -28.4308 -16.7321 24.1523
v -29.4252 -17.9440 24.5955
v -29.4577 -18.0759 24.5630
v -28.4308 -16.7321 24.1523
v -29.4577 -18.0759 24.5630
v -28.4464 -17.9891 23.5290
v -28.4308 -16.7321 24.1523
v -29.1537 -16.7876 24.8671
v -29.4252 -17.9440 24.5955
v -27.3793 -16.6084 22.9523
v -28.4464 -17.9891 23.5290
v -27.4362 -17.8605 22.3397
v -27.3793 -16.6084 22.9523
v -28.4308 -16.7321 24.1523
v -28.4464 -17.9891 23.5290
v -26.4184 -16.4489 21.6826
v -27.4362 -17.8605 22.3397
v -26.5139 -17.6978 21.0849
v -26.4184 -16.4489 21.6826
v -27.3793 -16.6084 22.9523
v -27.4362 -17.8605 22.3397
v -25.5536 -16.2546 20.3502
v -26.5139 -17.6978 21.0849
v -25.6845 -17.5019 19.7714
v -25.5536 -16.2546 20.3502
v -26.4184 -16.4489 21.6826
v -26.5139 -17.6978 21.0849
v -24.7897 -16.0266 18.9627
v -25.6845 -17.5019 19.7714
v -24.9526 -17.2738 18.4062
v -24.7897 -16.0266 18.9627
v -25.5536 -16.2546 20.3502
v -25.6845 -17.5019 19.7714
v -24.1310 -15.7660 17.5277
v -24.9526 -17.2738 18.4062
v -24.3220 -17.0148 16.9966
v -24.1310 -15.7660 17.5277
v -24.7897 -16.0266 18.9627
v -24.9526 -17.2738 18.4062
v -23.5812 -15.4744 16.0534
v -24.3220 -17.0148 16.9966
v -23.7961 -16.7262 15.5503
v -23.5812 -15.4744 16.0534
v -24.1310 -15.7660 17.5277
v -24.3220 -17.0148 16.9966
v -23.1433 -15.1535 14.5481
v -23.7961 -16.7262 15.5503
v -23.3778 -16.4096 14.0751
v -23.1433 -15.1535 14.5481
v -23.5812 -15.4744 16.0534
v -23.7961 -16.7262 15.5503
v -22.8198 -14.8049 13.0201
v -23.3778 -16.4096 14.0751
v -23.0693 -16.0667 12.5788
v -22.8198 -14.8049 13.0201
v -23.1433 -15.1535 14.5481
v -23.3778 -16.4096 14.0751
v -22.6125 -14.4307 11.4781
v -23.0693 -16.0667 12.5788
v -22.8723 -15.6994 11.0696
v -22.6125 -14.4307 11.4781
v -22.8198 -14.8049 13.0201
v -23.0693 -16.0667 12.5788
v -22.5227 -14.0330 9.9306
v -22.8723 -15.6994 11.0696
v -22.7878 -15.3096 9.5555
v -22.5227 -14.0330 9.9306
v -22.6125 -14.4307 11.4781
v -22.8723 -15.6994 11.0696
v -22.5507 -13.6139 8.3865
v -22.7878 -15.3096 9.5555
v -22.8164 -14.8994 8.0447
v -22.5507 -13.6139 8.3865
v -22.5227 -14.0330 9.9306
v -22.7878 -15.3096 9.5555
v -23.6708 -13.2822 7.9117
v -23.8487 -13.1394 7.9624
v -23.6713 -13.2807 7.9067
v -23.6699 -13.2853 7.9226
v -23.8487 -13.1394 7.9624
v -23.6708 -13.2822 7.9117
v -23.7784 -13.5362 9.3940
v -23.8487 -13.1394 7.9624
v -23.6699 -13.2853 7.9226
v -23.5995 -13.7922 9.7638
v -23.7784 -13.5362 9.3940
v -23.6699 -13.2853 7.9226
v -23.8164 -13.9143 10.8318
v -23.7784 -13.5362 9.3940
v -23.5995 -13.7922 9.7638
v -23.6511 -14.1127 10.9955
v -23.8164 -13.9143 10.8318
v -23.5995 -13.7922 9.7638
v -23.9627 -14.2716 12.2680
v -23.8164 -13.9143 10.8318
v -23.6511 -14.1127 10.9955
v -23.8753 -14.5642 12.8370
v -23.9627 -14.2716 12.2680
v -23.6511 -14.1127 10.9955
v -24.2164 -14.6062 13.6947
v -23.9627 -14.2716 12.2680
v -23.8753 -14.5642 12.8370
v -24.2745 -14.9777 14.6595
v -24.2164 -14.6062 13.6947
v -23.8753 -14.5642 12.8370
v -24.5761 -14.9161 15.1040
v -24.2164 -14.6062 13.6947
v -24.2745 -14.9777 14.6595
v -24.8439 -15.3486 16.4423
v -24.5761 -14.9161 15.1040
v -24.2745 -14.9777 14.6595
v -24.8439 -15.3486 16.4423
v -25.0398 -15.1998 16.4883
v -24.5761 -14.9161 15.1040
v -25.6051 -15.4556 17.8399
v -25.0398 -15.1998 16.4883
v -24.8439 -15.3486 16.4423
v -25.5799 -15.6745 18.1745
v -25.6051 -15.4556 17.8399
v -24.8439 -15.3486 16.4423
v -26.2688 -15.6821 19.1514
v -25.6051 -15.4556 17.8399
v -25.5799 -15.6745 18.1745
v -26.4753 -15.9522 19.8386
v -26.2688 -15.6821 19.1514
v -25.5799 -15.6745 18.1745
v -27.0272 -15.8782 20.4156
v -26.2688 -15.6821 19.1514
v -26.4753 -15.9522 19.8386
v -27.5214 -16.1791 21.4188
v -27.0272 -15.8782 20.4156
v -26.4753 -15.9522 19.8386
v -27.8762 -16.0426 21.6255
v -27.0272 -15.8782 20.4156
v -27.5214 -16.1791 21.4188
v -28.7110 -16.3534 22.9040
v -27.8762 -16.0426 21.6255
v -27.5214 -16.1791 21.4188
v -28.7110 -16.3534 22.9040
v -28.8111 -16.1746 22.7745
v -27.8762 -16.0426 21.6255
v -29.8268 -16.2734 23.8563
v -28.8111 -16.1746 22.7745
v -28.7110 -16.3534 22.9040
v -29.9368 -16.3816 24.0839
v -29.8268 -16.2734 23.8563
v -28.7110 -16.3534 22.9040
v -29.9368 -16.3816 24.0839
v -28.7110 -16.3534 22.9040
v -29.8899 -16.4606 24.1309
v -30.0022 -16.2839 24.0185
v -29.8268 -16.2734 23.8563
v -29.9368 -16.3816 24.0839
v -29.8262 -15.9890 23.8792
v -29.9900 -15.9988 24.0307
v -29.9735 -15.9783 24.0473
v -29.7211 -15.8522 23.9959
v -29.8262 -15.9890 23.8792
v -29.9735 -15.9783 24.0473
v -29.7211 -15.8522 23.9959
v -29.9735 -15.9783 24.0473
v -29.8789 -15.8616 24.1418
v -28.7035 -15.7533 22.9121
v -29.8262 -15.9890 23.8792
v -29.7211 -15.8522 23.9959
v -28.7035 -15.7533 22.9121
v -28.8141 -15.8906 22.8013
v -29.8262 -15.9890 23.8792
v -27.8825 -15.7591 21.6563
v -28.8141 -15.8906 22.8013
v -28.7035 -15.7533 22.9121
v -27.7670 -15.6211 21.7611
v -27.8825 -15.7591 21.6563
v -28.7035 -15.7533 22.9121
v -26.9164 -15.4563 20.5490
v -27.8825 -15.7591 21.6563
v -27.7670 -15.6211 21.7611
v -26.9164 -15.4563 20.5490
v -27.0365 -15.5952 20.4507
v -27.8825 -15.7591 21.6563
v -26.1567 -15.2599 19.2826
v -27.0365 -15.5952 20.4507
v -26.9164 -15.4563 20.5490
v -26.1567 -15.2599 19.2826
v -26.2808 -15.3999 19.1911
v -27.0365 -15.5952 20.4507
v -25.4918 -15.0330 17.9687
v -26.2808 -15.3999 19.1911
v -26.1567 -15.2599 19.2826
v -25.4918 -15.0330 17.9687
v -25.6195 -15.1741 17.8843
v -26.2808 -15.3999 19.1911
v -25.0562 -14.9192 16.5375
v -25.6195 -15.1741 17.8843
v -25.4918 -15.0330 17.9687
v -24.9256 -14.7767 16.6147
v -25.0562 -14.9192 16.5375
v -25.4918 -15.0330 17.9687
v -24.4610 -14.4925 15.2280
v -25.0562 -14.9192 16.5375
v -24.9256 -14.7767 16.6147
v -24.4610 -14.4925 15.2280
v -24.5941 -14.6366 15.1581
v -25.0562 -14.9192 16.5375
v -24.2357 -14.3277 13.7538
v -24.5941 -14.6366 15.1581
v -24.4610 -14.4925 15.2280
v -24.1006 -14.1820 13.8161
v -24.2357 -14.3277 13.7538
v -24.4610 -14.4925 15.2280
v -23.9829 -13.9944 12.3322
v -24.2357 -14.3277 13.7538
v -24.1006 -14.1820 13.8161
v -23.8465 -13.8469 12.3869
v -23.9829 -13.9944 12.3322
v -24.1006 -14.1820 13.8161
v -23.7000 -13.4889 10.9481
v -23.9829 -13.9944 12.3322
v -23.8465 -13.8469 12.3869
v -23.7000 -13.4889 10.9481
v -23.8372 -13.6383 10.9011
v -23.9829 -13.9944 12.3322
v -23.7993 -13.2616 9.4684
v -23.8372 -13.6383 10.9011
v -23.7000 -13.4889 10.9481
v -23.6618 -13.1101 9.5077
v -23.7993 -13.2616 9.4684
v -23.7000 -13.4889 10.9481
v -23.7323 -12.7126 8.0736
v -23.7993 -13.2616 9.4684
v -23.6618 -13.1101 9.5077
v -23.7323 -12.7126 8.0736
v -23.8694 -12.8661 8.0419
v -23.7993 -13.2616 9.4684
v -24.9797 -11.8170 2.0443
v -24.8816 -12.8562 2.4876
v -24.5915 -12.1546 3.0312
v -24.9797 -11.8170 2.0443
v -25.4451 -12.3967 1.1686
v -24.8816 -12.8562 2.4876
v -25.4230 -11.4756 1.0820
v -25.4451 -12.3967 1.1686
v -24.9797 -11.8170 2.0443
v -26.1080 -11.9317 -0.1013
v -25.4451 -12.3967 1.1686
v -25.4230 -11.4756 1.0820
v -25.9206 -11.1312 0.1466
v -26.1080 -11.9317 -0.1013
v -25.4230 -11.4756 1.0820
v -26.4708 -10.7850 -0.7585
v -26.1080 -11.9317 -0.1013
v -25.9206 -11.1312 0.1466
v -26.4708 -10.7850 -0.7585
v -26.8667 -11.4637 -1.3153
v -26.1080 -11.9317 -0.1013
v -27.5298 -10.1912 -2.2300
v -26.8667 -11.4637 -1.3153
v -26.4708 -10.7850 -0.7585
v -27.5298 -10.1912 -2.2300
v -27.7170 -10.9952 -2.4668
v -26.8667 -11.4637 -1.3153
v -28.6544 -10.5287 -3.5495
v -27.7170 -10.9952 -2.4668
v -27.5298 -10.1912 -2.2300
v -28.6884 -9.6194 -3.5498
v -28.6544 -10.5287 -3.5495
v -27.5298 -10.1912 -2.2300
v -29.1289 -10.3137 -4.0188
v -28.6544 -10.5287 -3.5495
v -28.6884 -9.6194 -3.5498
v -29.1380 -9.8236 -4.0097
v -29.1380 -9.8236 -4.0097
v -28.6884 -9.6194 -3.5498
v -29.1543 -9.4128 -3.9934
v -29.4657 -17.6070 23.4368
v -30.0340 -17.6474 23.9868
v -29.9102 -17.1504 24.1106
v -28.8415 -16.7544 23.1700
v -29.4657 -17.6070 23.4368
v -29.9102 -17.1504 24.1106
v -28.8415 -16.7544 23.1700
v -29.9102 -17.1504 24.1106
v -29.8407 -16.8372 24.1801
v -28.8415 -16.7544 23.1700
v -28.4657 -17.4968 22.3233
v -29.4657 -17.6070 23.4368
v -27.6235 -16.5882 21.6952
v -28.4657 -17.4968 22.3233
v -28.8415 -16.7544 23.1700
v -27.6235 -16.5882 21.6952
v -27.5481 -17.3536 21.1447
v -28.4657 -17.4968 22.3233
v -26.5471 -16.3691 20.1229
v -27.5481 -17.3536 21.1447
v -27.6235 -16.5882 21.6952
v -26.5471 -16.3691 20.1229
v -26.7178 -17.1782 19.9071
v -27.5481 -17.3536 21.1447
v -25.9793 -16.9716 18.6173
v -26.7178 -17.1782 19.9071
v -26.5471 -16.3691 20.1229
v -25.6207 -16.0990 18.4653
v -25.9793 -16.9716 18.6173
v -26.5471 -16.3691 20.1229
v -25.3365 -16.7347 17.2822
v -25.9793 -16.9716 18.6173
v -25.6207 -16.0990 18.4653
v -24.8517 -15.7800 16.7359
v -25.3365 -16.7347 17.2822
v -25.6207 -16.0990 18.4653
v -24.8517 -15.7800 16.7359
v -24.7930 -16.4691 15.9089
v -25.3365 -16.7347 17.2822
v -24.2483 -15.4155 14.9530
v -24.7930 -16.4691 15.9089
v -24.8517 -15.7800 16.7359
v -24.2483 -15.4155 14.9530
v -24.3515 -16.1759 14.5050
v -24.7930 -16.4691 15.9089
v -23.8144 -15.0079 13.1280
v -24.3515 -16.1759 14.5050
v -24.2483 -15.4155 14.9530
v -23.8144 -15.0079 13.1280
v -24.0146 -15.8569 13.0780
v -24.3515 -16.1759 14.5050
v -23.7841 -15.5138 11.6355
v -24.0146 -15.8569 13.0780
v -23.8144 -15.0079 13.1280
v -23.6220 -14.7145 11.8987
v -23.7841 -15.5138 11.6355
v -23.8144 -15.0079 13.1280
v -23.6611 -15.1484 10.1853
v -23.7841 -15.5138 11.6355
v -23.6220 -14.7145 11.8987
v -23.4797 -14.2444 10.0455
v -23.6611 -15.1484 10.1853
v -23.6220 -14.7145 11.8987
v -29.8637 -16.0760 23.8347
v -30.0249 -16.0726 23.9959
v -29.9900 -15.9988 24.0307
v -29.8637 -16.0760 23.8347
v -29.9900 -15.9988 24.0307
v -29.8262 -15.9890 23.8792
v -29.8637 -16.0760 23.8347
v -30.0312 -16.0859 23.9896
v -30.0249 -16.0726 23.9959
v -29.8639 -16.1803 23.8262
v -30.0357 -16.1905 23.9851
v -30.0350 -16.1740 23.9858
v -29.8639 -16.1803 23.8262
v -30.0304 -16.2053 23.9904
v -30.0357 -16.1905 23.9851
v -29.8639 -16.1803 23.8262
v -30.0350 -16.1740 23.9858
v -30.0312 -16.0859 23.9896
v -29.8639 -16.1803 23.8262
v -30.0312 -16.0859 23.9896
v -29.8637 -16.0760 23.8347
v -29.8639 -16.1803 23.8262
v -29.8268 -16.2734 23.8563
v -30.0022 -16.2839 24.0185
v -29.8639 -16.1803 23.8262
v -30.0022 -16.2839 24.0185
v -30.0304 -16.2053 23.9904
v -29.8639 -16.1803 23.8262
v -28.8111 -16.1746 22.7745
v -29.8268 -16.2734 23.8563
v -28.8530 -15.9777 22.7582
v -29.8637 -16.0760 23.8347
v -29.8262 -15.9890 23.8792
v -28.8530 -15.9777 22.7582
v -29.8262 -15.9890 23.8792
v -28.8141 -15.8906 22.8013
v -28.8519 -16.0819 22.7484
v -29.8637 -16.0760 23.8347
v -28.8530 -15.9777 22.7582
v -28.8519 -16.0819 22.7484
v -29.8639 -16.1803 23.8262
v -29.8637 -16.0760 23.8347
v -28.8519 -16.0819 22.7484
v -28.8111 -16.1746 22.7745
v -29.8639 -16.1803 23.8262
v -27.9227 -15.8464 21.6149
v -28.8141 -15.8906 22.8013
v -27.8825 -15.7591 21.6563
v -27.9227 -15.8464 21.6149
v -28.8530 -15.9777 22.7582
v -28.8141 -15.8906 22.8013
v -27.9227 -15.8464 21.6149
v -28.8519 -16.0819 22.7484
v -28.8530 -15.9777 22.7582
v -27.9204 -15.9504 21.6036
v -28.8111 -16.1746 22.7745
v -28.8519 -16.0819 22.7484
v -27.9204 -15.9504 21.6036
v -28.8519 -16.0819 22.7484
v -27.9227 -15.8464 21.6149
v -27.9204 -15.9504 21.6036
v -27.8762 -16.0426 21.6255
v -28.8111 -16.1746 22.7745
v -27.0780 -15.6827 20.4110
v -27.9227 -15.8464 21.6149
v -27.8825 -15.7591 21.6563
v -27.0780 -15.6827 20.4110
v -27.8825 -15.7591 21.6563
v -27.0365 -15.5952 20.4507
v -27.0780 -15.6827 20.4110
v -27.9204 -15.9504 21.6036
v -27.9227 -15.8464 21.6149
v -27.0746 -15.7865 20.3981
v -27.8762 -16.0426 21.6255
v -27.9204 -15.9504 21.6036
v -27.0746 -15.7865 20.3981
v -27.9204 -15.9504 21.6036
v -27.0780 -15.6827 20.4110
v -27.0746 -15.7865 20.3981
v -27.0272 -15.8782 20.4156
v -27.8762 -16.0426 21.6255
v -26.3233 -15.4876 19.1532
v -27.0365 -15.5952 20.4507
v -26.2808 -15.3999 19.1911
v -26.3233 -15.4876 19.1532
v -27.0780 -15.6827 20.4110
v -27.0365 -15.5952 20.4507
v -26.3189 -15.5912 19.1386
v -27.0746 -15.7865 20.3981
v -27.0780 -15.6827 20.4110
v -26.3189 -15.5912 19.1386
v -27.0272 -15.8782 20.4156
v -27.0746 -15.7865 20.3981
v -26.3189 -15.5912 19.1386
v -27.0780 -15.6827 20.4110
v -26.3233 -15.4876 19.1532
v -26.3189 -15.5912 19.1386
v -26.2688 -15.6821 19.1514
v -27.0272 -15.8782 20.4156
v -26.3189 -15.5912 19.1386
v -25.6051 -15.4556 17.8399
v -26.2688 -15.6821 19.1514
v -25.6630 -15.2622 17.8482
v -26.3233 -15.4876 19.1532
v -26.2808 -15.3999 19.1911
v -25.6630 -15.2622 17.8482
v -26.2808 -15.3999 19.1911
v -25.6195 -15.1741 17.8843
v -25.6577 -15.3655 17.8320
v -25.6051 -15.4556 17.8399
v -26.3189 -15.5912 19.1386
v -25.6577 -15.3655 17.8320
v -26.3189 -15.5912 19.1386
v -26.3233 -15.4876 19.1532
v -25.6577 -15.3655 17.8320
v -26.3233 -15.4876 19.1532
v -25.6630 -15.2622 17.8482
v -25.1005 -15.0077 16.5034
v -25.6195 -15.1741 17.8843
v -25.0562 -14.9192 16.5375
v -25.1005 -15.0077 16.5034
v -25.6630 -15.2622 17.8482
v -25.6195 -15.1741 17.8843
v -25.0945 -15.1106 16.4853
v -25.6051 -15.4556 17.8399
v -25.6577 -15.3655 17.8320
v -25.0945 -15.1106 16.4853
v -25.6577 -15.3655 17.8320
v -25.6630 -15.2622 17.8482
v -25.0945 -15.1106 16.4853
v -25.6630 -15.2622 17.8482
v -25.1005 -15.0077 16.5034
v -25.0945 -15.1106 16.4853
v -25.0398 -15.1998 16.4883
v -25.6051 -15.4556 17.8399
v -24.6391 -14.7254 15.1260
v -25.0562 -14.9192 16.5375
v -24.5941 -14.6366 15.1581
v -24.6391 -14.7254 15.1260
v -24.5941 -14.6366 15.1581
v -24.2357 -14.3277 13.7538
v -24.6391 -14.7254 15.1260
v -25.1005 -15.0077 16.5034
v -25.0562 -14.9192 16.5375
v -24.6325 -14.8280 15.1062
v -25.0945 -15.1106 16.4853
v -25.1005 -15.0077 16.5034
v -24.6325 -14.8280 15.1062
v -25.0398 -15.1998 16.4883
v -25.0945 -15.1106 16.4853
v -24.6325 -14.8280 15.1062
v -24.5761 -14.9161 15.1040
v -25.0398 -15.1998 16.4883
v -24.6325 -14.8280 15.1062
v -25.1005 -15.0077 16.5034
v -24.6391 -14.7254 15.1260
v -24.6325 -14.8280 15.1062
v -24.2164 -14.6062 13.6947
v -24.5761 -14.9161 15.1040
v -24.2812 -14.4170 13.7237
v -24.6391 -14.7254 15.1260
v -24.2357 -14.3277 13.7538
v -24.2812 -14.4170 13.7237
v -24.6325 -14.8280 15.1062
v -24.6391 -14.7254 15.1260
v -24.2741 -14.5192 13.7020
v -24.2164 -14.6062 13.6947
v -24.6325 -14.8280 15.1062
v -24.2741 -14.5192 13.7020
v -24.6325 -14.8280 15.1062
v -24.2812 -14.4170 13.7237
v -24.0288 -14.0841 12.3041
v -24.2357 -14.3277 13.7538
v -23.9829 -13.9944 12.3322
v -24.0288 -14.0841 12.3041
v -24.2812 -14.4170 13.7237
v -24.2357 -14.3277 13.7538
v -24.0288 -14.0841 12.3041
v -24.2741 -14.5192 13.7020
v -24.2812 -14.4170 13.7237
v -24.0213 -14.1858 12.2805
v -23.9627 -14.2716 12.2680
v -24.2164 -14.6062 13.6947
v -24.0213 -14.1858 12.2805
v -24.2164 -14.6062 13.6947
v -24.2741 -14.5192 13.7020
v -24.0213 -14.1858 12.2805
v -24.2741 -14.5192 13.7020
v -24.0288 -14.0841 12.3041
v -23.8832 -13.7286 10.8750
v -23.9829 -13.9944 12.3322
v -23.8372 -13.6383 10.9011
v -23.8832 -13.7286 10.8750
v -24.0288 -14.0841 12.3041
v -23.9829 -13.9944 12.3322
v -23.8832 -13.7286 10.8750
v -24.0213 -14.1858 12.2805
v -24.0288 -14.0841 12.3041
v -23.8756 -13.8298 10.8496
v -24.0213 -14.1858 12.2805
v -23.8832 -13.7286 10.8750
v -23.8756 -13.8298 10.8496
v -23.8164 -13.9143 10.8318
v -23.9627 -14.2716 12.2680
v -23.8756 -13.8298 10.8496
v -23.9627 -14.2716 12.2680
v -24.0213 -14.1858 12.2805
v -23.8454 -13.3524 9.4444
v -23.8372 -13.6383 10.9011
v -23.7993 -13.2616 9.4684
v -23.8454 -13.3524 9.4444
v -23.8832 -13.7286 10.8750
v -23.8372 -13.6383 10.9011
v -23.8377 -13.4531 9.4171
v -23.8756 -13.8298 10.8496
v -23.8832 -13.7286 10.8750
v -23.8377 -13.4531 9.4171
v -23.8164 -13.9143 10.8318
v -23.8756 -13.8298 10.8496
v -23.8377 -13.4531 9.4171
v -23.8832 -13.7286 10.8750
v -23.8454 -13.3524 9.4444
v -23.8377 -13.4531 9.4171
v -23.7784 -13.5362 9.3940
v -23.8164 -13.9143 10.8318
v -23.8377 -13.4531 9.4171
v -23.8487 -13.1394 7.9624
v -23.7784 -13.5362 9.3940
v -23.9154 -12.9575 8.0199
v -23.7993 -13.2616 9.4684
v -23.8694 -12.8661 8.0419
v -23.9154 -12.9575 8.0199
v -23.8694 -12.8661 8.0419
v -24.0018 -12.5402 6.9186
v -23.9154 -12.9575 8.0199
v -23.8454 -13.3524 9.4444
v -23.7993 -13.2616 9.4684
v -23.9154 -12.9575 8.0199
v -23.8377 -13.4531 9.4171
v -23.8454 -13.3524 9.4444
v -23.9078 -13.0578 7.9908
v -23.8377 -13.4531 9.4171
v -23.9154 -12.9575 8.0199
v -23.9078 -13.0578 7.9908
v -23.8487 -13.1394 7.9624
v -23.8377 -13.4531 9.4171
v -24.0476 -12.6321 6.8983
v -23.9154 -12.9575 8.0199
v -24.0018 -12.5402 6.9186
v -24.0402 -12.7319 6.8676
v -23.9154 -12.9575 8.0199
v -24.0476 -12.6321 6.8983
v -24.0402 -12.7319 6.8676
v -23.9078 -13.0578 7.9908
v -23.9154 -12.9575 8.0199
v -24.0402 -12.7319 6.8676
v -23.8487 -13.1394 7.9624
v -23.9078 -13.0578 7.9908
v -24.0402 -12.7319 6.8676
v -23.9817 -12.8123 6.8351
v -23.8487 -13.1394 7.9624
v -24.2473 -12.2974 5.7893
v -24.0018 -12.5402 6.9186
v -24.2018 -12.2051 5.8081
v -24.2473 -12.2974 5.7893
v -24.2018 -12.2051 5.8081
v -24.4684 -11.8618 4.7142
v -24.2473 -12.2974 5.7893
v -24.4684 -11.8618 4.7142
v -24.5136 -11.9546 4.6970
v -24.2473 -12.2974 5.7893
v -24.0476 -12.6321 6.8983
v -24.0018 -12.5402 6.9186
v -24.2401 -12.3968 5.7572
v -24.0476 -12.6321 6.8983
v -24.2473 -12.2974 5.7893
v -24.2401 -12.3968 5.7572
v -24.0402 -12.7319 6.8676
v -24.0476 -12.6321 6.8983
v -24.2401 -12.3968 5.7572
v -23.9817 -12.8123 6.8351
v -24.0402 -12.7319 6.8676
v -24.2401 -12.3968 5.7572
v -24.2473 -12.2974 5.7893
v -24.5136 -11.9546 4.6970
v -24.2401 -12.3968 5.7572
v -24.5068 -12.0535 4.6635
v -24.4499 -12.1314 4.6228
v -24.2401 -12.3968 5.7572
v -24.5136 -11.9546 4.6970
v -24.5068 -12.0535 4.6635
v -24.2401 -12.3968 5.7572
v -24.1823 -12.4759 5.7206
v -23.9817 -12.8123 6.8351
v -24.2401 -12.3968 5.7572
v -24.4499 -12.1314 4.6228
v -24.1823 -12.4759 5.7206
v -23.6178 -11.2231 2.8151
v -23.1442 -11.7017 4.2689
v -23.2826 -12.3147 4.0514
v -23.6178 -11.2231 2.8151
v -23.2826 -12.3147 4.0514
v -23.7595 -11.8362 2.6005
v -24.2028 -10.7353 1.4054
v -23.6178 -11.2231 2.8151
v -23.7595 -11.8362 2.6005
v -24.2028 -10.7353 1.4054
v -23.7595 -11.8362 2.6005
v -24.3474 -11.3487 1.1941
v -24.8957 -10.2412 0.0479
v -24.2028 -10.7353 1.4054
v -24.3474 -11.3487 1.1941
v -24.8957 -10.2412 0.0479
v -24.3474 -11.3487 1.1941
v -25.0429 -10.8550 -0.1601
v -25.6928 -9.7435 -1.2498
v -24.8957 -10.2412 0.0479
v -25.0429 -10.8550 -0.1601
v -25.6928 -9.7435 -1.2498
v -25.0429 -10.8550 -0.1601
v -25.8423 -10.3578 -1.4544
v -26.5895 -9.2450 -2.4805
v -25.6928 -9.7435 -1.2498
v -25.8423 -10.3578 -1.4544
v -26.5895 -9.2450 -2.4805
v -25.8423 -10.3578 -1.4544
v -26.7410 -9.8599 -2.6816
v -27.5808 -8.7486 -3.6372
v -26.7410 -9.8599 -2.6816
v -27.7339 -9.3641 -3.8347
v -27.5808 -8.7486 -3.6372
v -26.5895 -9.2450 -2.4805
v -26.7410 -9.8599 -2.6816
v -28.5447 -8.3961 -4.6030
v -27.7339 -9.3641 -3.8347
v -28.5268 -9.0043 -4.6209
v -28.5475 -8.3087 -4.6002
v -27.5808 -8.7486 -3.6372
v -27.7339 -9.3641 -3.8347
v -28.5447 -8.3961 -4.6030
v -28.4264 -16.7313 24.1461
v -29.0590 -16.3831 24.9618
v -29.1544 -16.7873 24.8664
v -28.2765 -16.1006 24.2894
v -29.0065 -16.1575 25.0142
v -29.0590 -16.3831 24.9618
v -28.2765 -16.1006 24.2894
v -29.0590 -16.3831 24.9618
v -28.4264 -16.7313 24.1461
v -27.3752 -16.6074 22.9456
v -28.2765 -16.1006 24.2894
v -28.4264 -16.7313 24.1461
v -27.2263 -15.9757 23.0857
v -28.2765 -16.1006 24.2894
v -27.3752 -16.6074 22.9456
v -26.4147 -16.4477 21.6754
v -27.2263 -15.9757 23.0857
v -27.3752 -16.6074 22.9456
v -26.2672 -15.8149 21.8124
v -27.2263 -15.9757 23.0857
v -26.4147 -16.4477 21.6754
v -25.5503 -16.2532 20.3426
v -26.2672 -15.8149 21.8124
v -26.4147 -16.4477 21.6754
v -25.4046 -15.6193 20.4765
v -26.2672 -15.8149 21.8124
v -25.5503 -16.2532 20.3426
v -24.7869 -16.0250 18.9547
v -25.4046 -15.6193 20.4765
v -25.5503 -16.2532 20.3426
v -24.6432 -15.3898 19.0855
v -25.4046 -15.6193 20.4765
v -24.7869 -16.0250 18.9547
v -24.1287 -15.7642 17.5193
v -24.6432 -15.3898 19.0855
v -24.7869 -16.0250 18.9547
v -23.9873 -15.1278 17.6473
v -24.6432 -15.3898 19.0855
v -24.1287 -15.7642 17.5193
v -23.5794 -15.4724 16.0447
v -23.9873 -15.1278 17.6473
v -24.1287 -15.7642 17.5193
v -23.4407 -14.8348 16.1700
v -23.9873 -15.1278 17.6473
v -23.5794 -15.4724 16.0447
v -23.1421 -15.1513 14.5390
v -23.4407 -14.8348 16.1700
v -23.5794 -15.4724 16.0447
v -23.0064 -14.5124 14.6618
v -23.4407 -14.8348 16.1700
v -23.1421 -15.1513 14.5390
v -22.8193 -14.8025 13.0108
v -23.0064 -14.5124 14.6618
v -23.1421 -15.1513 14.5390
v -22.6868 -14.1625 13.1313
v -23.0064 -14.5124 14.6618
v -22.8193 -14.8025 13.0108
v -22.6127 -14.4281 11.4685
v -22.6868 -14.1625 13.1313
v -22.8193 -14.8025 13.0108
v -22.4838 -13.7869 11.5870
v -22.6868 -14.1625 13.1313
v -22.6127 -14.4281 11.4685
v -22.5236 -14.0302 9.9209
v -22.4838 -13.7869 11.5870
v -22.6127 -14.4281 11.4685
v -22.3985 -13.3878 10.0376
v -22.4838 -13.7869 11.5870
v -22.5236 -14.0302 9.9209
v -22.5524 -13.6110 8.3766
v -22.3985 -13.3878 10.0376
v -22.5236 -14.0302 9.9209
v -22.4313 -12.9674 8.4919
v -22.3985 -13.3878 10.0376
v -22.5524 -13.6110 8.3766
v -27.7388 -9.3614 -3.8416
v -28.5261 -9.0042 -4.6216
v -28.5265 -9.0043 -4.6212
v -27.7339 -9.3641 -3.8347
v -27.7388 -9.3614 -3.8416
v -28.5265 -9.0043 -4.6212
v -28.5268 -9.0043 -4.6209
v -26.7455 -9.8571 -2.6890
v -27.7388 -9.3614 -3.8416
v -27.7339 -9.3641 -3.8347
v -26.7410 -9.8599 -2.6816
v -26.7455 -9.8571 -2.6890
v -27.7339 -9.3641 -3.8347
v -25.8463 -10.3549 -1.4624
v -26.7455 -9.8571 -2.6890
v -26.7410 -9.8599 -2.6816
v -25.8423 -10.3578 -1.4544
v -25.8463 -10.3549 -1.4624
v -26.7410 -9.8599 -2.6816
v -25.0465 -10.8521 -0.1686
v -25.8463 -10.3549 -1.4624
v -25.8423 -10.3578 -1.4544
v -25.0429 -10.8550 -0.1601
v -25.0465 -10.8521 -0.1686
v -25.8423 -10.3578 -1.4544
v -24.3503 -11.3458 1.1851
v -25.0465 -10.8521 -0.1686
v -25.0429 -10.8550 -0.1601
v -24.3474 -11.3487 1.1941
v -24.3503 -11.3458 1.1851
v -25.0429 -10.8550 -0.1601
v -23.7618 -11.8332 2.5911
v -24.3503 -11.3458 1.1851
v -24.3474 -11.3487 1.1941
v -23.7595 -11.8362 2.6005
v -23.7618 -11.8332 2.5911
v -24.3474 -11.3487 1.1941
v -23.2842 -12.3117 4.0416
v -23.7618 -11.8332 2.5911
v -23.7595 -11.8362 2.6005
v -23.2826 -12.3147 4.0514
v -23.2842 -12.3117 4.0416
v -23.7595 -11.8362 2.6005
v -22.5236 -14.0302 9.9209
v -22.5507 -13.6139 8.3865
v -22.5524 -13.6110 8.3766
v -22.5227 -14.0330 9.9306
v -22.5507 -13.6139 8.3865
v -22.5236 -14.0302 9.9209
v -22.6127 -14.4281 11.4685
v -22.5227 -14.0330 9.9306
v -22.5236 -14.0302 9.9209
v -22.6125 -14.4307 11.4781
v -22.5227 -14.0330 9.9306
v -22.6127 -14.4281 11.4685
v -22.8193 -14.8025 13.0108
v -22.6125 -14.4307 11.4781
v -22.6127 -14.4281 11.4685
v -22.8198 -14.8049 13.0201
v -22.6125 -14.4307 11.4781
v -22.8193 -14.8025 13.0108
v -23.1421 -15.1513 14.5390
v -22.8198 -14.8049 13.0201
v -22.8193 -14.8025 13.0108
v -23.1433 -15.1535 14.5481
v -22.8198 -14.8049 13.0201
v -23.1421 -15.1513 14.5390
v -23.5794 -15.4724 16.0447
v -23.1433 -15.1535 14.5481
v -23.1421 -15.1513 14.5390
v -23.5812 -15.4744 16.0534
v -23.1433 -15.1535 14.5481
v -23.5794 -15.4724 16.0447
v -24.1287 -15.7642 17.5193
v -23.5812 -15.4744 16.0534
v -23.5794 -15.4724 16.0447
v -24.1310 -15.7660 17.5277
v -23.5812 -15.4744 16.0534
v -24.1287 -15.7642 17.5193
v -24.7869 -16.0250 18.9547
v -24.1310 -15.7660 17.5277
v -24.1287 -15.7642 17.5193
v -24.7897 -16.0266 18.9627
v -24.1310 -15.7660 17.5277
v -24.7869 -16.0250 18.9547
v -25.5503 -16.2532 20.3426
v -24.7897 -16.0266 18.9627
v -24.7869 -16.0250 18.9547
v -25.5536 -16.2546 20.3502
v -24.7897 -16.0266 18.9627
v -25.5503 -16.2532 20.3426
v -26.4147 -16.4477 21.6754
v -25.5536 -16.2546 20.3502
v -25.5503 -16.2532 20.3426
v -26.4184 -16.4489 21.6826
v -25.5536 -16.2546 20.3502
v -26.4147 -16.4477 21.6754
v -27.3752 -16.6074 22.9456
v -26.4184 -16.4489 21.6826
v -26.4147 -16.4477 21.6754
v -27.3793 -16.6084 22.9523
v -26.4184 -16.4489 21.6826
v -27.3752 -16.6074 22.9456
v -28.4264 -16.7313 24.1461
v -27.3793 -16.6084 22.9523
v -27.3752 -16.6074 22.9456
v -28.4308 -16.7321 24.1523
v -27.3793 -16.6084 22.9523
v -28.4264 -16.7313 24.1461
v -29.1541 -16.7874 24.8667
v -28.4308 -16.7321 24.1523
v -28.4264 -16.7313 24.1461
v -29.1541 -16.7874 24.8667
v -28.4264 -16.7313 24.1461
v -29.1544 -16.7873 24.8664
v -29.1537 -16.7876 24.8671
v -28.4308 -16.7321 24.1523
v -29.1541 -16.7874 24.8667
v -28.6884 -9.6194 -3.5498
v -29.2267 -9.2410 -3.9210
v -29.1543 -9.4128 -3.9934
v -28.4658 -9.4506 -3.0145
v -29.3062 -9.0707 -3.8415
v -29.2267 -9.2410 -3.9210
v -28.6884 -9.6194 -3.5498
v -27.5298 -10.1912 -2.2300
v -28.4658 -9.4506 -3.0145
v -28.6884 -9.6194 -3.5498
v -27.3049 -10.0427 -1.6205
v -28.4658 -9.4506 -3.0145
v -27.5298 -10.1912 -2.2300
v -26.4708 -10.7850 -0.7585
v -27.3049 -10.0427 -1.6205
v -27.5298 -10.1912 -2.2300
v -26.3399 -10.6041 -0.2040
v -27.3049 -10.0427 -1.6205
v -26.4708 -10.7850 -0.7585
v -25.9206 -11.1312 0.1466
v -26.3399 -10.6041 -0.2040
v -26.4708 -10.7850 -0.7585
v -25.5009 -11.1699 1.3177
v -26.3399 -10.6041 -0.2040
v -25.9206 -11.1312 0.1466
v -25.4230 -11.4756 1.0820
v -25.5009 -11.1699 1.3177
v -25.9206 -11.1312 0.1466
v -24.9797 -11.8170 2.0443
v -25.5009 -11.1699 1.3177
v -25.4230 -11.4756 1.0820
v -24.9797 -11.8170 2.0443
v -25.0301 -11.5371 2.3569
v -25.5009 -11.1699 1.3177
v -24.5915 -12.1546 3.0312
v -25.0301 -11.5371 2.3569
v -24.9797 -11.8170 2.0443
v -24.3897 -12.1386 4.1508
v -25.0301 -11.5371 2.3569
v -24.5915 -12.1546 3.0312
v -24.2435 -12.3842 4.1122
v -24.3897 -12.1386 4.1508
v -24.5915 -12.1546 3.0312
v -23.9351 -12.7220 6.0079
v -24.3897 -12.1386 4.1508
v -23.9961 -12.6109 5.2173
v -23.7733 -12.9571 6.5598
v -23.9351 -12.7220 6.0079
v -23.9961 -12.6109 5.2173
v -23.6713 -13.2807 7.9067
v -23.9351 -12.7220 6.0079
v -23.7733 -12.9571 6.5598
v -23.5737 -13.4032 7.8807
v -23.6699 -13.2853 7.9226
v -23.6708 -13.2822 7.9117
v -23.5737 -13.4032 7.8807
v -23.6713 -13.2807 7.9067
v -23.7733 -12.9571 6.5598
v -23.5737 -13.4032 7.8807
v -23.6708 -13.2822 7.9117
v -23.6713 -13.2807 7.9067
v -24.1698 -12.3863 4.5842
v -24.2435 -12.3842 4.1122
v -23.9961 -12.6109 5.2173
v -24.1698 -12.3863 4.5842
v -24.3897 -12.1386 4.1508
v -24.2435 -12.3842 4.1122
v -24.1698 -12.3863 4.5842
v -23.9961 -12.6109 5.2173
v -24.3897 -12.1386 4.1508
v -23.9143 -14.7956 7.5026
v -23.5737 -13.4032 7.8807
v -23.7733 -12.9571 6.5598
v -23.9143 -14.7956 7.5026
v -23.5720 -13.4079 7.8924
v -23.5737 -13.4032 7.8807
v -23.9143 -14.7956 7.5026
v -23.8553 -14.8067 7.7880
v -23.5720 -13.4079 7.8924
v -24.1796 -14.5169 6.0206
v -23.7733 -12.9571 6.5598
v -23.9961 -12.6109 5.2173
v -24.1796 -14.5169 6.0206
v -23.9143 -14.7956 7.5026
v -23.7733 -12.9571 6.5598
v -24.3555 -13.8672 4.6329
v -24.1796 -14.5169 6.0206
v -23.9961 -12.6109 5.2173
v -24.5915 -12.1546 3.0312
v -24.8816 -12.8562 2.4876
v -24.5358 -13.2998 3.5886
v -24.5915 -12.1546 3.0312
v -24.5358 -13.2998 3.5886
v -24.2435 -12.3842 4.1122
v -24.3297 -13.0636 4.1705
v -24.3555 -13.8672 4.6329
v -23.9961 -12.6109 5.2173
v -24.3297 -13.0636 4.1705
v -23.9961 -12.6109 5.2173
v -24.2435 -12.3842 4.1122
v -24.3297 -13.0636 4.1705
v -24.5358 -13.2998 3.5886
v -24.3555 -13.8672 4.6329
v -24.3297 -13.0636 4.1705
v -24.2435 -12.3842 4.1122
v -24.5358 -13.2998 3.5886
v -23.4797 -14.2444 10.0455
v -23.4745 -13.8296 8.9634
v -23.6820 -14.9034 8.9736
v -23.6611 -15.1484 10.1853
v -23.4797 -14.2444 10.0455
v -23.6820 -14.9034 8.9736
v -23.6310 -14.3765 8.5783
v -23.5720 -13.4079 7.8924
v -23.8553 -14.8067 7.7880
v -23.6310 -14.3765 8.5783
v -23.8553 -14.8067 7.7880
v -23.6820 -14.9034 8.9736
v -23.6310 -14.3765 8.5783
v -23.4745 -13.8296 8.9634
v -23.5720 -13.4079 7.8924
v -23.6310 -14.3765 8.5783
v -23.6820 -14.9034 8.9736
v -23.4745 -13.8296 8.9634
v -24.1796 -14.5169 6.0206
v -24.0818 -15.0882 7.4340
v -23.9143 -14.7956 7.5026
v -24.1796 -14.5169 6.0206
v -24.2635 -14.6683 5.9943
v -24.0818 -15.0882 7.4340
v -24.5550 -14.2337 4.5772
v -24.2635 -14.6683 5.9943
v -24.1796 -14.5169 6.0206
v -24.3555 -13.8672 4.6329
v -24.5550 -14.2337 4.5772
v -24.1796 -14.5169 6.0206
v -24.5358 -13.2998 3.5886
v -24.9546 -13.7870 3.1906
v -24.5550 -14.2337 4.5772
v -24.5358 -13.2998 3.5886
v -24.5550 -14.2337 4.5772
v -24.3555 -13.8672 4.6329
v -24.8816 -12.8562 2.4876
v -25.4600 -13.3306 1.8422
v -24.9546 -13.7870 3.1906
v -24.8816 -12.8562 2.4876
v -24.9546 -13.7870 3.1906
v -24.5358 -13.2998 3.5886
v -25.4451 -12.3967 1.1686
v -25.4600 -13.3306 1.8422
v -24.8816 -12.8562 2.4876
v -25.4451 -12.3967 1.1686
v -26.0684 -12.8671 0.5395
v -25.4600 -13.3306 1.8422
v -26.1080 -11.9317 -0.1013
v -26.7765 -12.3990 -0.7101
v -26.0684 -12.8671 0.5395
v -26.1080 -11.9317 -0.1013
v -26.0684 -12.8671 0.5395
v -25.4451 -12.3967 1.1686
v -26.8667 -11.4637 -1.3153
v -27.5803 -11.9291 -1.8997
v -26.7765 -12.3990 -0.7101
v -26.8667 -11.4637 -1.3153
v -26.7765 -12.3990 -0.7101
v -26.1080 -11.9317 -0.1013
v -27.7170 -10.9952 -2.4668
v -28.4753 -11.4598 -3.0226
v -27.5803 -11.9291 -1.8997
v -27.7170 -10.9952 -2.4668
v -27.5803 -11.9291 -1.8997
v -26.8667 -11.4637 -1.3153
v -28.6544 -10.5287 -3.5495
v -29.2257 -10.8601 -3.9220
v -29.2722 -11.0813 -3.8754
v -28.4753 -11.4598 -3.0226
v -28.6544 -10.5287 -3.5495
v -28.4753 -11.4598 -3.0226
v -27.7170 -10.9952 -2.4668
v -29.2257 -10.8601 -3.9220
v -28.6544 -10.5287 -3.5495
v -29.1289 -10.3137 -4.0188
v -24.0018 -12.5402 6.9186
v -23.8694 -12.8661 8.0419
v -23.7323 -12.7126 8.0736
v -23.8655 -12.3850 6.9443
v -24.0018 -12.5402 6.9186
v -23.7323 -12.7126 8.0736
v -24.2018 -12.2051 5.8081
v -24.0018 -12.5402 6.9186
v -23.8655 -12.3850 6.9443
v -24.0665 -12.0480 5.8278
v -24.2018 -12.2051 5.8081
v -23.8655 -12.3850 6.9443
v -24.4684 -11.8618 4.7142
v -24.2018 -12.2051 5.8081
v -24.0665 -12.0480 5.8278
v -24.3346 -11.7029 4.7281
v -24.4684 -11.8618 4.7142
v -24.0665 -12.0480 5.8278
v -24.7662 -11.2586 3.3731
v -24.8977 -11.4199 3.3664
v -24.4684 -11.8618 4.7142
v -24.7662 -11.2586 3.3731
v -24.4684 -11.8618 4.7142
v -24.3346 -11.7029 4.7281
v -25.3003 -10.8057 2.0581
v -25.4290 -10.9694 2.0584
v -24.8977 -11.4199 3.3664
v -25.3003 -10.8057 2.0581
v -24.8977 -11.4199 3.3664
v -24.7662 -11.2586 3.3731
v -25.9341 -10.3468 0.7902
v -26.0594 -10.5129 0.7974
v -25.4290 -10.9694 2.0584
v -25.9341 -10.3468 0.7902
v -25.4290 -10.9694 2.0584
v -25.3003 -10.8057 2.0581
v -26.6640 -9.8843 -0.4234
v -26.7854 -10.0529 -0.4098
v -26.0594 -10.5129 0.7974
v -26.6640 -9.8843 -0.4234
v -26.0594 -10.5129 0.7974
v -25.9341 -10.3468 0.7902
v -27.4861 -9.4207 -1.5762
v -27.6031 -9.5918 -1.5564
v -26.7854 -10.0529 -0.4098
v -27.4861 -9.4207 -1.5762
v -26.7854 -10.0529 -0.4098
v -26.6640 -9.8843 -0.4234
v -28.3958 -8.9587 -2.6619
v -28.5079 -9.1322 -2.6363
v -27.6031 -9.5918 -1.5564
v -28.3958 -8.9587 -2.6619
v -27.6031 -9.5918 -1.5564
v -27.4861 -9.4207 -1.5762
v -29.3881 -8.5007 -3.6744
v -29.4949 -8.6767 -3.6434
v -28.5079 -9.1322 -2.6363
v -29.3881 -8.5007 -3.6744
v -28.5079 -9.1322 -2.6363
v -28.3958 -8.9587 -2.6619
v -29.4999 -8.6746 -3.6478
v -29.4949 -8.6767 -3.6434
v -29.4996 -8.6736 -3.6481
v -29.4996 -8.6736 -3.6481
v -29.4949 -8.6767 -3.6434
v -29.3881 -8.5007 -3.6744
v -29.4335 -8.4815 -3.7141
v -28.4658 -9.4506 -3.0145
v -29.4300 -8.9672 -3.7177
v -29.3062 -9.0707 -3.8415
v -28.4658 -9.4506 -3.0145
v -28.5039 -9.3921 -2.7540
v -29.4392 -8.9604 -3.7084
v -29.4300 -8.9672 -3.7177
v -27.5958 -9.8533 -1.6702
v -28.5039 -9.3921 -2.7540
v -28.4658 -9.4506 -3.0145
v -27.3049 -10.0427 -1.6205
v -27.5958 -9.8533 -1.6702
v -28.4658 -9.4506 -3.0145
v -26.7752 -10.3161 -0.5195
v -27.5958 -9.8533 -1.6702
v -27.3049 -10.0427 -1.6205
v -26.3399 -10.6041 -0.2040
v -26.7752 -10.3161 -0.5195
v -27.3049 -10.0427 -1.6205
v -26.0466 -10.7778 0.6920
v -26.7752 -10.3161 -0.5195
v -26.3399 -10.6041 -0.2040
v -25.5009 -11.1699 1.3177
v -26.0466 -10.7778 0.6920
v -26.3399 -10.6041 -0.2040
v -25.4140 -11.2359 1.9576
v -26.0466 -10.7778 0.6920
v -25.5009 -11.1699 1.3177
v -25.0301 -11.5371 2.3569
v -25.4140 -11.2359 1.9576
v -25.5009 -11.1699 1.3177
v -24.8808 -11.6879 3.2702
v -25.4140 -11.2359 1.9576
v -25.0301 -11.5371 2.3569
v -24.3897 -12.1386 4.1508
v -24.8808 -11.6879 3.2702
v -25.0301 -11.5371 2.3569
v -24.4499 -12.1314 4.6228
v -24.8808 -11.6879 3.2702
v -24.3897 -12.1386 4.1508
v -23.9351 -12.7220 6.0079
v -24.4499 -12.1314 4.6228
v -24.3897 -12.1386 4.1508
v -23.9351 -12.7220 6.0079
v -24.1823 -12.4759 5.7206
v -24.4499 -12.1314 4.6228
v -23.9817 -12.8123 6.8351
v -24.1823 -12.4759 5.7206
v -23.9351 -12.7220 6.0079
v -23.6713 -13.2807 7.9067
v -23.9817 -12.8123 6.8351
v -23.9351 -12.7220 6.0079
v -23.6713 -13.2807 7.9067
v -23.8487 -13.1394 7.9624
v -23.9817 -12.8123 6.8351
v -23.5720 -13.4079 7.8924
v -23.6699 -13.2853 7.9226
v -23.5737 -13.4032 7.8807
v -23.4745 -13.8296 8.9634
v -23.6699 -13.2853 7.9226
v -23.5720 -13.4079 7.8924
v -23.6511 -14.1127 10.9955
v -23.5995 -13.7922 9.7638
v -23.4797 -14.2444 10.0455
v -23.6220 -14.7145 11.8987
v -23.6511 -14.1127 10.9955
v -23.4797 -14.2444 10.0455
v -23.8753 -14.5642 12.8370
v -23.6511 -14.1127 10.9955
v -23.6220 -14.7145 11.8987
v -23.8144 -15.0079 13.1280
v -23.8753 -14.5642 12.8370
v -23.6220 -14.7145 11.8987
v -24.8439 -15.3486 16.4423
v -24.2745 -14.9777 14.6595
v -24.2483 -15.4155 14.9530
v -24.8517 -15.7800 16.7359
v -24.8439 -15.3486 16.4423
v -24.2483 -15.4155 14.9530
v -25.5799 -15.6745 18.1745
v -24.8439 -15.3486 16.4423
v -24.8517 -15.7800 16.7359
v -25.6207 -16.0990 18.4653
v -25.5799 -15.6745 18.1745
v -24.8517 -15.7800 16.7359
v -26.4753 -15.9522 19.8386
v -25.5799 -15.6745 18.1745
v -25.6207 -16.0990 18.4653
v -26.5471 -16.3691 20.1229
v -26.4753 -15.9522 19.8386
v -25.6207 -16.0990 18.4653
v -27.5214 -16.1791 21.4188
v -26.4753 -15.9522 19.8386
v -26.5471 -16.3691 20.1229
v -27.6235 -16.5882 21.6952
v -27.5214 -16.1791 21.4188
v -26.5471 -16.3691 20.1229
v -28.7110 -16.3534 22.9040
v -27.5214 -16.1791 21.4188
v -27.6235 -16.5882 21.6952
v -29.8899 -16.4606 24.1309
v -28.7110 -16.3534 22.9040
v -28.8415 -16.7544 23.1700
v -29.8899 -16.4606 24.1309
v -28.8415 -16.7544 23.1700
v -29.8819 -16.5083 24.1388
v -29.8819 -16.5083 24.1388
v -28.8415 -16.7544 23.1700
v -29.8407 -16.8372 24.1801
v -23.5145 -13.7922 9.3681
v -23.5995 -13.7922 9.7638
v -23.6699 -13.2853 7.9226
v -23.5145 -13.7922 9.3681
v -23.4745 -13.8296 8.9634
v -23.4797 -14.2444 10.0455
v -23.5145 -13.7922 9.3681
v -23.6699 -13.2853 7.9226
v -23.4745 -13.8296 8.9634
v -23.5145 -13.7922 9.3681
v -23.4797 -14.2444 10.0455
v -23.5995 -13.7922 9.7638
v -24.0805 -14.9866 14.2203
v -24.2483 -15.4155 14.9530
v -24.2745 -14.9777 14.6595
v -24.0805 -14.9866 14.2203
v -24.2745 -14.9777 14.6595
v -23.8753 -14.5642 12.8370
v -24.0805 -14.9866 14.2203
v -23.8144 -15.0079 13.1280
v -24.2483 -15.4155 14.9530
v -24.0805 -14.9866 14.2203
v -23.8753 -14.5642 12.8370
v -23.8144 -15.0079 13.1280
v -28.6664 -16.4672 22.9610
v -28.7110 -16.3534 22.9040
v -27.6235 -16.5882 21.6952
v -28.6664 -16.4672 22.9610
v -28.8415 -16.7544 23.1700
v -28.7110 -16.3534 22.9040
v -28.6664 -16.4672 22.9610
v -27.6235 -16.5882 21.6952
v -28.8415 -16.7544 23.1700
v -24.8808 -11.6879 3.2702
v -24.4499 -12.1314 4.6228
v -24.5068 -12.0535 4.6635
v -24.9423 -11.5133 3.3511
v -24.5136 -11.9546 4.6970
v -24.4684 -11.8618 4.7142
v -24.9423 -11.5133 3.3511
v -24.4684 -11.8618 4.7142
v -24.8977 -11.4199 3.3664
v -24.9360 -11.6117 3.3159
v -24.8808 -11.6879 3.2702
v -24.5068 -12.0535 4.6635
v -24.9360 -11.6117 3.3159
v -24.5068 -12.0535 4.6635
v -24.5136 -11.9546 4.6970
v -24.9360 -11.6117 3.3159
v -24.5136 -11.9546 4.6970
v -24.9423 -11.5133 3.3511
v -25.4728 -11.0636 2.0450
v -24.9423 -11.5133 3.3511
v -24.8977 -11.4199 3.3664
v -25.4728 -11.0636 2.0450
v -24.8977 -11.4199 3.3664
v -25.4290 -10.9694 2.0584
v -25.4673 -11.1613 2.0080
v -25.4140 -11.2359 1.9576
v -24.8808 -11.6879 3.2702
v -25.4673 -11.1613 2.0080
v -24.8808 -11.6879 3.2702
v -24.9360 -11.6117 3.3159
v -25.4673 -11.1613 2.0080
v -24.9360 -11.6117 3.3159
v -24.9423 -11.5133 3.3511
v -25.4673 -11.1613 2.0080
v -24.9423 -11.5133 3.3511
v -25.4728 -11.0636 2.0450
v -26.1023 -10.6077 0.7858
v -25.4290 -10.9694 2.0584
v -26.0594 -10.5129 0.7974
v -26.1023 -10.6077 0.7858
v -25.4728 -11.0636 2.0450
v -25.4290 -10.9694 2.0584
v -26.0976 -10.7048 0.7471
v -26.0466 -10.7778 0.6920
v -25.4140 -11.2359 1.9576
v -26.0976 -10.7048 0.7471
v -25.4728 -11.0636 2.0450
v -26.1023 -10.6077 0.7858
v -26.0976 -10.7048 0.7471
v -25.4140 -11.2359 1.9576
v -25.4673 -11.1613 2.0080
v -26.0976 -10.7048 0.7471
v -25.4673 -11.1613 2.0080
v -25.4728 -11.0636 2.0450
v -26.8273 -10.1483 -0.4197
v -26.1023 -10.6077 0.7858
v -26.0594 -10.5129 0.7974
v -26.8273 -10.1483 -0.4197
v -26.0594 -10.5129 0.7974
v -26.7854 -10.0529 -0.4098
v -26.8235 -10.2448 -0.4599
v -26.7752 -10.3161 -0.5195
v -26.0466 -10.7778 0.6920
v -26.8235 -10.2448 -0.4599
v -26.0976 -10.7048 0.7471
v -26.1023 -10.6077 0.7858
v -26.8235 -10.2448 -0.4599
v -26.0466 -10.7778 0.6920
v -26.0976 -10.7048 0.7471
v -26.8235 -10.2448 -0.4599
v -26.1023 -10.6077 0.7858
v -26.8273 -10.1483 -0.4197
v -27.6438 -9.6879 -1.5647
v -26.8273 -10.1483 -0.4197
v -26.7854 -10.0529 -0.4098
v -27.6438 -9.6879 -1.5647
v -26.7854 -10.0529 -0.4098
v -27.6031 -9.5918 -1.5564
v -27.6438 -9.6879 -1.5647
v -27.6031 -9.5918 -1.5564
v -28.5079 -9.1322 -2.6363
v -27.6411 -9.7838 -1.6065
v -26.7752 -10.3161 -0.5195
v -26.8235 -10.2448 -0.4599
v -27.6411 -9.7838 -1.6065
v -27.5958 -9.8533 -1.6702
v -26.7752 -10.3161 -0.5195
v -27.6411 -9.7838 -1.6065
v -28.5039 -9.3921 -2.7540
v -27.5958 -9.8533 -1.6702
v -27.6411 -9.7838 -1.6065
v -26.8235 -10.2448 -0.4599
v -26.8273 -10.1483 -0.4197
v -27.6411 -9.7838 -1.6065
v -26.8273 -10.1483 -0.4197
v -27.6438 -9.6879 -1.5647
v -28.5473 -9.2289 -2.6430
v -27.6438 -9.6879 -1.5647
v -28.5079 -9.1322 -2.6363
v -28.5458 -9.3243 -2.6862
v -27.6438 -9.6879 -1.5647
v -28.5473 -9.2289 -2.6430
v -28.5458 -9.3243 -2.6862
v -28.5039 -9.3921 -2.7540
v -27.6411 -9.7838 -1.6065
v -28.5458 -9.3243 -2.6862
v -27.6411 -9.7838 -1.6065
v -27.6438 -9.6879 -1.5647
v -29.5161 -8.7818 -3.6316
v -28.5473 -9.2289 -2.6430
v -28.5079 -9.1322 -2.6363
v -29.5158 -8.7800 -3.6319
v -29.5158 -8.7800 -3.6319
v -28.5079 -9.1322 -2.6363
v -29.4949 -8.6767 -3.6434
v -29.5031 -8.6976 -3.6446
v -29.4392 -8.9604 -3.7084
v -28.5039 -9.3921 -2.7540
v -29.4918 -8.8896 -3.6559
v -29.4940 -8.8866 -3.6537
v -28.5458 -9.3243 -2.6862
v -28.5473 -9.2289 -2.6430
v -29.4948 -8.8826 -3.6528
v -29.4918 -8.8896 -3.6559
v -28.5039 -9.3921 -2.7540
v -28.5458 -9.3243 -2.6862
v -29.4940 -8.8866 -3.6537
v -29.4948 -8.8826 -3.6528
v -28.5473 -9.2289 -2.6430
v -29.5161 -8.7818 -3.6316
v -29.5000 -8.6751 -3.6477
v -29.4949 -8.6767 -3.6434
v -29.4999 -8.6746 -3.6478
v -29.5031 -8.6976 -3.6446
v -29.4949 -8.6767 -3.6434
v -29.5000 -8.6751 -3.6477
v -24.1543 -11.6278 4.7022
v -24.0665 -12.0480 5.8278
v -23.8261 -12.0629 6.0955
v -24.2204 -11.6322 4.7191
v -24.0665 -12.0480 5.8278
v -24.1543 -11.6278 4.7022
v -24.2829 -11.6582 4.7281
v -24.0665 -12.0480 5.8278
v -24.2204 -11.6322 4.7191
v -24.3346 -11.7029 4.7281
v -24.0665 -12.0480 5.8278
v -24.2829 -11.6582 4.7281
v -29.8658 -15.8535 24.1550
v -29.7211 -15.8522 23.9959
v -29.8789 -15.8616 24.1418
v -29.6813 -15.8168 24.0387
v -29.8231 -15.8236 24.1977
v -29.8109 -15.8261 24.2099
v -29.6813 -15.8168 24.0387
v -29.8109 -15.8261 24.2099
v -29.7469 -15.8198 24.2739
v -29.6813 -15.8168 24.0387
v -29.7469 -15.8198 24.2739
v -29.1227 -15.7726 23.6593
v -29.6813 -15.8168 24.0387
v -29.7211 -15.8522 23.9959
v -29.8658 -15.8535 24.1550
v -29.6813 -15.8168 24.0387
v -29.8658 -15.8535 24.1550
v -29.8352 -15.8272 24.1855
v -29.6813 -15.8168 24.0387
v -29.8352 -15.8272 24.1855
v -29.8231 -15.8236 24.1977
v -29.1723 -15.7632 23.6132
v -29.6813 -15.8168 24.0387
v -29.1227 -15.7726 23.6593
v -29.2203 -15.7770 23.5666
v -29.6813 -15.8168 24.0387
v -29.1723 -15.7632 23.6132
v -29.2203 -15.7770 23.5666
v -28.7035 -15.7533 22.9121
v -29.7211 -15.8522 23.9959
v -29.2203 -15.7770 23.5666
v -29.7211 -15.8522 23.9959
v -29.6813 -15.8168 24.0387
v -28.6616 -15.7176 22.9525
v -29.2203 -15.7770 23.5666
v -29.1723 -15.7632 23.6132
v -28.6616 -15.7176 22.9525
v -28.7035 -15.7533 22.9121
v -29.2203 -15.7770 23.5666
v -28.6616 -15.7176 22.9525
v -29.1723 -15.7632 23.6132
v -29.1227 -15.7726 23.6593
v -28.6616 -15.7176 22.9525
v -29.1227 -15.7726 23.6593
v -28.1361 -15.6584 22.5404
v -28.1889 -15.6494 22.4981
v -28.6616 -15.7176 22.9525
v -28.1361 -15.6584 22.5404
v -28.2397 -15.6636 22.4547
v -28.7035 -15.7533 22.9121
v -28.6616 -15.7176 22.9525
v -28.2397 -15.6636 22.4547
v -28.6616 -15.7176 22.9525
v -28.1889 -15.6494 22.4981
v -28.2397 -15.6636 22.4547
v -27.7670 -15.6211 21.7611
v -28.7035 -15.7533 22.9121
v -27.7229 -15.5851 21.7989
v -28.1889 -15.6494 22.4981
v -28.1361 -15.6584 22.5404
v -27.7229 -15.5851 21.7989
v -28.2397 -15.6636 22.4547
v -28.1889 -15.6494 22.4981
v -27.7229 -15.5851 21.7989
v -27.7670 -15.6211 21.7611
v -28.2397 -15.6636 22.4547
v -27.7229 -15.5851 21.7989
v -28.1361 -15.6584 22.5404
v -27.2326 -15.5113 21.3570
v -27.2885 -15.5027 21.3186
v -27.7229 -15.5851 21.7989
v -27.2326 -15.5113 21.3570
v -27.3420 -15.5174 21.2787
v -27.7670 -15.6211 21.7611
v -27.7229 -15.5851 21.7989
v -27.3420 -15.5174 21.2787
v -27.7229 -15.5851 21.7989
v -27.2885 -15.5027 21.3186
v -27.3420 -15.5174 21.2787
v -26.9164 -15.4563 20.5490
v -27.7670 -15.6211 21.7611
v -26.8705 -15.4200 20.5841
v -27.2885 -15.5027 21.3186
v -27.2326 -15.5113 21.3570
v -26.8705 -15.4200 20.5841
v -27.3420 -15.5174 21.2787
v -27.2885 -15.5027 21.3186
v -26.8705 -15.4200 20.5841
v -26.9164 -15.4563 20.5490
v -27.3420 -15.5174 21.2787
v -26.8705 -15.4200 20.5841
v -27.2326 -15.5113 21.3570
v -26.4174 -15.3320 20.1154
v -26.4759 -15.3240 20.0811
v -26.8705 -15.4200 20.5841
v -26.4174 -15.3320 20.1154
v -26.5318 -15.3392 20.0448
v -26.9164 -15.4563 20.5490
v -26.8705 -15.4200 20.5841
v -26.5318 -15.3392 20.0448
v -26.8705 -15.4200 20.5841
v -26.4759 -15.3240 20.0811
v -26.5318 -15.3392 20.0448
v -26.1567 -15.2599 19.2826
v -26.9164 -15.4563 20.5490
v -26.1090 -15.2232 19.3149
v -26.4759 -15.3240 20.0811
v -26.4174 -15.3320 20.1154
v -26.1090 -15.2232 19.3149
v -26.5318 -15.3392 20.0448
v -26.4759 -15.3240 20.0811
v -26.1090 -15.2232 19.3149
v -26.1567 -15.2599 19.2826
v -26.5318 -15.3392 20.0448
v -26.1090 -15.2232 19.3149
v -26.4174 -15.3320 20.1154
v -25.6947 -15.1215 18.8224
v -25.7556 -15.1143 18.7924
v -26.1090 -15.2232 19.3149
v -25.6947 -15.1215 18.8224
v -25.8136 -15.1300 18.7599
v -26.1567 -15.2599 19.2826
v -26.1090 -15.2232 19.3149
v -25.8136 -15.1300 18.7599
v -26.1090 -15.2232 19.3149
v -25.7556 -15.1143 18.7924
v -25.8136 -15.1300 18.7599
v -25.4918 -15.0330 17.9687
v -26.1567 -15.2599 19.2826
v -25.4427 -14.9957 17.9981
v -25.7556 -15.1143 18.7924
v -25.6947 -15.1215 18.8224
v -25.4427 -14.9957 17.9981
v -25.6947 -15.1215 18.8224
v -25.0685 -14.8809 17.4851
v -25.4427 -14.9957 17.9981
v -25.8136 -15.1300 18.7599
v -25.7556 -15.1143 18.7924
v -25.4427 -14.9957 17.9981
v -25.4918 -15.0330 17.9687
v -25.8136 -15.1300 18.7599
v -25.1316 -14.8745 17.4595
v -25.4427 -14.9957 17.9981
v -25.0685 -14.8809 17.4851
v -25.1914 -14.8910 17.4310
v -25.4918 -15.0330 17.9687
v -25.4427 -14.9957 17.9981
v -25.1914 -14.8910 17.4310
v -25.4427 -14.9957 17.9981
v -25.1316 -14.8745 17.4595
v -25.1914 -14.8910 17.4310
v -24.9256 -14.7767 16.6147
v -25.4918 -15.0330 17.9687
v -24.8752 -14.7389 16.6411
v -25.1316 -14.8745 17.4595
v -25.0685 -14.8809 17.4851
v -24.8752 -14.7389 16.6411
v -25.0685 -14.8809 17.4851
v -24.5423 -14.6117 16.1107
v -24.8752 -14.7389 16.6411
v -25.1914 -14.8910 17.4310
v -25.1316 -14.8745 17.4595
v -24.8752 -14.7389 16.6411
v -24.9256 -14.7767 16.6147
v -25.1914 -14.8910 17.4310
v -24.6071 -14.6061 16.0896
v -24.8752 -14.7389 16.6411
v -24.5423 -14.6117 16.1107
v -24.6685 -14.6234 16.0651
v -24.9256 -14.7767 16.6147
v -24.8752 -14.7389 16.6411
v -24.6685 -14.6234 16.0651
v -24.8752 -14.7389 16.6411
v -24.6071 -14.6061 16.0896
v -24.6685 -14.6234 16.0651
v -24.4610 -14.4925 15.2280
v -24.9256 -14.7767 16.6147
v -24.4096 -14.4541 15.2513
v -24.5423 -14.6117 16.1107
v -24.1189 -14.3151 14.7067
v -24.4096 -14.4541 15.2513
v -24.6071 -14.6061 16.0896
v -24.5423 -14.6117 16.1107
v -24.4096 -14.4541 15.2513
v -24.6685 -14.6234 16.0651
v -24.6071 -14.6061 16.0896
v -24.4096 -14.4541 15.2513
v -24.4610 -14.4925 15.2280
v -24.6685 -14.6234 16.0651
v -24.1851 -14.3106 14.6903
v -24.4096 -14.4541 15.2513
v -24.1189 -14.3151 14.7067
v -24.2477 -14.3287 14.6699
v -24.4610 -14.4925 15.2280
v -24.4096 -14.4541 15.2513
v -24.2477 -14.3287 14.6699
v -24.4096 -14.4541 15.2513
v -24.1851 -14.3106 14.6903
v -24.2477 -14.3287 14.6699
v -24.1006 -14.1820 13.8161
v -24.4610 -14.4925 15.2280
v -24.0484 -14.1429 13.8363
v -24.1189 -14.3151 14.7067
v -23.8006 -13.9929 13.2807
v -24.0484 -14.1429 13.8363
v -24.1851 -14.3106 14.6903
v -24.1189 -14.3151 14.7067
v -24.0484 -14.1429 13.8363
v -24.2477 -14.3287 14.6699
v -24.1851 -14.3106 14.6903
v -24.0484 -14.1429 13.8363
v -24.1006 -14.1820 13.8161
v -24.2477 -14.3287 14.6699
v -23.8679 -13.9895 13.2691
v -24.0484 -14.1429 13.8363
v -23.8006 -13.9929 13.2807
v -23.9314 -14.0086 13.2529
v -24.1006 -14.1820 13.8161
v -24.0484 -14.1429 13.8363
v -23.9314 -14.0086 13.2529
v -24.0484 -14.1429 13.8363
v -23.8679 -13.9895 13.2691
v -23.9314 -14.0086 13.2529
v -23.8465 -13.8469 12.3869
v -24.1006 -14.1820 13.8161
v -23.7937 -13.8070 12.4039
v -23.8006 -13.9929 13.2807
v -23.5892 -13.6469 11.8406
v -23.7937 -13.8070 12.4039
v -23.8679 -13.9895 13.2691
v -23.8006 -13.9929 13.2807
v -23.7937 -13.8070 12.4039
v -23.9314 -14.0086 13.2529
v -23.8679 -13.9895 13.2691
v -23.7937 -13.8070 12.4039
v -23.8465 -13.8469 12.3869
v -23.9314 -14.0086 13.2529
v -23.6571 -13.6445 11.8338
v -23.7937 -13.8070 12.4039
v -23.5892 -13.6469 11.8406
v -23.7213 -13.6646 11.8218
v -23.8465 -13.8469 12.3869
v -23.7937 -13.8070 12.4039
v -23.7213 -13.6646 11.8218
v -23.7937 -13.8070 12.4039
v -23.6571 -13.6445 11.8338
v -23.7213 -13.6646 11.8218
v -23.7000 -13.4889 10.9481
v -23.8465 -13.8469 12.3869
v -23.6468 -13.4482 10.9619
v -23.5892 -13.6469 11.8406
v -23.4858 -13.2787 10.3942
v -23.6468 -13.4482 10.9619
v -23.6571 -13.6445 11.8338
v -23.5892 -13.6469 11.8406
v -23.6468 -13.4482 10.9619
v -23.7213 -13.6646 11.8218
v -23.6571 -13.6445 11.8338
v -23.6468 -13.4482 10.9619
v -23.7000 -13.4889 10.9481
v -23.7213 -13.6646 11.8218
v -23.5540 -13.2776 10.3922
v -23.6468 -13.4482 10.9619
v -23.4858 -13.2787 10.3942
v -23.6185 -13.2988 10.3844
v -23.7000 -13.4889 10.9481
v -23.6468 -13.4482 10.9619
v -23.6185 -13.2988 10.3844
v -23.6618 -13.1101 9.5077
v -23.7000 -13.4889 10.9481
v -23.6185 -13.2988 10.3844
v -23.6468 -13.4482 10.9619
v -23.5540 -13.2776 10.3922
v -23.6086 -13.0686 9.5183
v -23.4858 -13.2787 10.3942
v -23.4909 -12.8906 8.9493
v -23.6086 -13.0686 9.5183
v -23.5540 -13.2776 10.3922
v -23.4858 -13.2787 10.3942
v -23.6086 -13.0686 9.5183
v -23.6618 -13.1101 9.5077
v -23.6185 -13.2988 10.3844
v -23.6086 -13.0686 9.5183
v -23.6185 -13.2988 10.3844
v -23.5540 -13.2776 10.3922
v -23.5591 -12.8908 8.9521
v -23.6086 -13.0686 9.5183
v -23.4909 -12.8906 8.9493
v -23.6236 -12.9131 8.9486
v -23.6086 -13.0686 9.5183
v -23.5591 -12.8908 8.9521
v -23.6236 -12.9131 8.9486
v -23.7323 -12.7126 8.0736
v -23.6618 -13.1101 9.5077
v -23.6236 -12.9131 8.9486
v -23.6618 -13.1101 9.5077
v -23.6086 -13.0686 9.5183
v -23.6793 -12.6702 8.0810
v -23.6236 -12.9131 8.9486
v -23.5591 -12.8908 8.9521
v -23.6793 -12.6702 8.0810
v -23.7323 -12.7126 8.0736
v -23.6236 -12.9131 8.9486
v -23.6793 -12.6702 8.0810
v -23.4909 -12.8906 8.9493
v -23.6045 -12.4846 7.5138
v -23.6793 -12.6702 8.0810
v -23.5591 -12.8908 8.9521
v -23.4909 -12.8906 8.9493
v -23.6724 -12.4861 7.5213
v -23.6793 -12.6702 8.0810
v -23.6045 -12.4846 7.5138
v -23.7365 -12.5096 7.5221
v -23.7323 -12.7126 8.0736
v -23.6793 -12.6702 8.0810
v -23.7365 -12.5096 7.5221
v -23.6793 -12.6702 8.0810
v -23.6724 -12.4861 7.5213
v -23.7365 -12.5096 7.5221
v -23.8655 -12.3850 6.9443
v -23.7323 -12.7126 8.0736
v -23.8128 -12.3418 6.9492
v -23.6724 -12.4861 7.5213
v -23.6045 -12.4846 7.5138
v -23.8128 -12.3418 6.9492
v -23.7365 -12.5096 7.5221
v -23.6724 -12.4861 7.5213
v -23.8128 -12.3418 6.9492
v -23.8655 -12.3850 6.9443
v -23.7365 -12.5096 7.5221
v -23.8128 -12.3418 6.9492
v -23.6045 -12.4846 7.5138
v -23.8261 -12.0629 6.0955
v -23.8932 -12.0658 6.1078
v -23.8128 -12.3418 6.9492
v -23.8261 -12.0629 6.0955
v -23.8932 -12.0658 6.1078
v -23.8261 -12.0629 6.0955
v -24.0665 -12.0480 5.8278
v -23.9567 -12.0906 6.1127
v -23.8655 -12.3850 6.9443
v -23.8128 -12.3418 6.9492
v -23.9567 -12.0906 6.1127
v -23.8128 -12.3418 6.9492
v -23.8932 -12.0658 6.1078
v -23.9567 -12.0906 6.1127
v -23.8932 -12.0658 6.1078
v -24.0665 -12.0480 5.8278
v -23.9567 -12.0906 6.1127
v -24.0665 -12.0480 5.8278
v -23.8655 -12.3850 6.9443
v -29.1643 -11.5265 -2.2901
v -30.0100 -11.1402 -3.1377
v -30.0765 -11.1455 -3.0712
v -29.1643 -11.5265 -2.2901
v -29.9767 -11.1376 -3.1710
v -30.0100 -11.1402 -3.1377
v -26.8989 -12.8639 1.1106
v -27.5641 -12.4193 -0.0816
v -28.3207 -11.9726 -1.2173
v -26.8989 -12.8639 1.1106
v -28.3207 -11.9726 -1.2173
v -29.1643 -11.5265 -2.2901
v -26.8989 -12.8639 1.1106
v -29.1643 -11.5265 -2.2901
v -30.0765 -11.1455 -3.0712
v -30.4298 -11.1737 -2.7179
v -25.8565 -13.7371 3.6376
v -26.3286 -13.3040 2.3526
v -26.8989 -12.8639 1.1106
v -25.0528 -14.9707 7.6771
v -25.2168 -14.5728 6.3073
v -25.4852 -14.1608 4.9583
v -25.0528 -14.9707 7.6771
v -25.4852 -14.1608 4.9583
v -25.8565 -13.7371 3.6376
v -25.0528 -14.9707 7.6771
v -25.8565 -13.7371 3.6376
v -26.8989 -12.8639 1.1106
v -25.1934 -16.0582 11.8343
v -25.0411 -15.7154 10.4484
v -24.9941 -15.3523 9.0600
v -25.1934 -16.0582 11.8343
v -24.9941 -15.3523 9.0600
v -25.0528 -14.9707 7.6771
v -25.8103 -16.6746 14.5682
v -25.4503 -16.3785 13.2102
v -25.1934 -16.0582 11.8343
v -25.8103 -16.6746 14.5682
v -25.0528 -14.9707 7.6771
v -26.8989 -12.8639 1.1106
v -25.8103 -16.6746 14.5682
v -25.1934 -16.0582 11.8343
v -25.0528 -14.9707 7.6771
v -28.2324 -17.5867 19.6728
v -27.4858 -17.4023 18.4603
v -26.8309 -17.1880 17.2007
v -28.2324 -17.5867 19.6728
v -26.8309 -17.1880 17.2007
v -26.2713 -16.9450 15.9009
v -28.2324 -17.5867 19.6728
v -26.2713 -16.9450 15.9009
v -25.8103 -16.6746 14.5682
v -29.0666 -17.7402 20.8314
v -25.8103 -16.6746 14.5682
v -26.8989 -12.8639 1.1106
v -29.0666 -17.7402 20.8314
v -28.2324 -17.5867 19.6728
v -25.8103 -16.6746 14.5682
v -29.0666 -17.7402 20.8314
v -26.8989 -12.8639 1.1106
v -30.4298 -11.1737 -2.7179
v -32.4848 -11.3377 -0.6628
v -31.0271 -17.9507 22.9936
v -30.9784 -17.9511 22.9610
v -29.9836 -17.8619 21.9295
v -31.0271 -17.9507 22.9936
v -29.9836 -17.8619 21.9295
v -31.2073 -17.8685 22.8134
v -31.2073 -17.8685 22.8134
v -29.9836 -17.8619 21.9295
v -29.0666 -17.7402 20.8314
v -31.2073 -17.8685 22.8134
v -29.0666 -17.7402 20.8314
v -31.3855 -17.7873 22.6353
v -31.3855 -17.7873 22.6353
v -29.0666 -17.7402 20.8314
v -32.4848 -11.3377 -0.6628
v -32.9285 -11.3731 -0.2191
v -31.3855 -17.7873 22.6353
v -32.9285 -11.3731 -0.2191
v -34.0487 -11.4625 0.9011
v -35.9374 -15.7112 18.0834
v -35.9374 -15.7112 18.0834
v -34.0487 -11.4625 0.9011
v -43.5842 -12.2235 10.4366
v -31.0212 -17.9534 22.9995
v -30.9784 -17.9511 22.9610
v -31.0227 -17.9527 22.9981
v -31.0242 -17.9521 22.9966
v -30.9784 -17.9511 22.9610
v -31.0271 -17.9507 22.9936
v -31.0227 -17.9527 22.9981
v -30.9784 -17.9511 22.9610
v -31.0242 -17.9521 22.9966
vn 0.8390 -0.3998 -0.3691
vn 0.8412 -0.4023 -0.3613
vn 0.8412 -0.4023 -0.3613
vn 0.8390 -0.3998 -0.3691
vn 0.8412 -0.4023 -0.3613
vn 0.8212 -0.3817 -0.4242
vn 0.8180 -0.3787 -0.4331
vn 0.8212 -0.3817 -0.4242
vn 0.7965 -0.3607 -0.4852
vn 0.8180 -0.3787 -0.4331
vn 0.8390 -0.3998 -0.3691
vn 0.8212 -0.3817 -0.4242
vn 0.7920 -0.3572 -0.4950
vn 0.8180 -0.3787 -0.4331
vn 0.7965 -0.3607 -0.4852
vn 0.7920 -0.3572 -0.4950
vn 0.7965 -0.3607 -0.4852
vn 0.7673 -0.3394 -0.5441
vn 0.7614 -0.3354 -0.5548
vn 0.7920 -0.3572 -0.4950
vn 0.7673 -0.3394 -0.5441
vn 0.7614 -0.3354 -0.5548
vn 0.7673 -0.3394 -0.5441
vn 0.7337 -0.3180 -0.6005
vn 0.7262 -0.3135 -0.6118
vn 0.7614 -0.3354 -0.5548
vn 0.7337 -0.3180 -0.6005
vn 0.7262 -0.3135 -0.6118
vn 0.7337 -0.3180 -0.6005
vn 0.6958 -0.2965 -0.6542
vn 0.6866 -0.2916 -0.6660
vn 0.7262 -0.3135 -0.6118
vn 0.6958 -0.2965 -0.6542
vn 0.6866 -0.2916 -0.6660
vn 0.6958 -0.2965 -0.6542
vn 0.6540 -0.2750 -0.7048
vn 0.6429 -0.2697 -0.7169
vn 0.6866 -0.2916 -0.6660
vn 0.6540 -0.2750 -0.7048
vn 0.6429 -0.2697 -0.7169
vn 0.6540 -0.2750 -0.7048
vn 0.6474 -0.2720 -0.7115
vn 0.6299 -0.2637 -0.7301
vn 0.6200 -0.2593 -0.7397
vn 0.6429 -0.2697 -0.7169
vn 0.6299 -0.2637 -0.7301
vn 0.1788 0.9504 0.2546
vn 0.1788 0.9504 0.2546
vn 0.1788 0.9504 0.2546
vn 0.1788 0.9504 0.2546
vn 0.1788 0.9504 0.2546
vn 0.1788 0.9504 0.2546
vn 0.1788 0.9504 0.2546
vn 0.1788 0.9504 0.2546
vn 0.1788 0.9504 0.2546
vn 0.1788 0.9504 0.2546
vn 0.1788 0.9504 0.2546
vn 0.1788 0.9504 0.2546
vn 0.1788 0.9504 0.2546
vn 0.1788 0.9504 0.2546
vn 0.1788 0.9504 0.2546
vn 0.1788 0.9504 0.2546
vn 0.1788 0.9504 0.2546
vn 0.1788 0.9504 0.2546
vn 0.1788 0.9504 0.2546
vn 0.1788 0.9504 0.2546
vn 0.1788 0.9504 0.2546
vn 0.1788 0.9504 0.2546
vn 0.1788 0.9504 0.2546
vn 0.1788 0.9504 0.2546
vn 0.1788 0.9504 0.2546
vn 0.1788 0.9504 0.2546
vn 0.1788 0.9504 0.2546
vn 0.1788 0.9504 0.2546
vn 0.1788 0.9504 0.2546
vn 0.1788 0.9504 0.2546
vn 0.1788 0.9504 0.2546
vn 0.1788 0.9504 0.2546
vn 0.1788 0.9504 0.2546
vn 0.1788 0.9504 0.2546
vn 0.1788 0.9504 0.2546
vn 0.1788 0.9504 0.2546
vn 0.1788 0.9504 0.2546
vn 0.1788 0.9504 0.2546
vn 0.1788 0.9504 0.2546
vn 0.1788 0.9504 0.2546
vn 0.1788 0.9504 0.2546
vn 0.1788 0.9504 0.2546
vn 0.1788 0.9504 0.2546
vn 0.1788 0.9504 0.2546
vn 0.1788 0.9504 0.2546
vn 0.1788 0.9504 0.2546
vn 0.1788 0.9504 0.2546
vn 0.1788 0.9504 0.2546
vn 0.1788 0.9504 0.2546
vn 0.1788 0.9504 0.2546
vn 0.1788 0.9504 0.2546
vn 0.1788 0.9504 0.2546
vn 0.1788 0.9504 0.2546
vn 0.1788 0.9504 0.2546
vn 0.1788 0.9504 0.2546
vn 0.1788 0.9504 0.2546
vn 0.1788 0.9504 0.2546
vn 0.1788 0.9504 0.2546
vn 0.1788 0.9504 0.2546
vn 0.1788 0.9504 0.2546
vn 0.1788 0.9504 0.2546
vn 0.1788 0.9504 0.2546
vn 0.1788 0.9504 0.2546
vn 0.1788 0.9504 0.2546
vn 0.1788 0.9504 0.2546
vn 0.1788 0.9504 0.2546
vn 0.1788 0.9504 0.2546
vn 0.1788 0.9504 0.2546
vn 0.1788 0.9504 0.2546
vn 0.1788 0.9504 0.2546
vn 0.1788 0.9504 0.2546
vn 0.1788 0.9504 0.2546
vn 0.1788 0.9504 0.2546
vn 0.1788 0.9504 0.2546
vn 0.1788 0.9504 0.2546
vn 0.1788 0.9504 0.2546
vn 0.1788 0.9504 0.2546
vn 0.1788 0.9504 0.2546
vn 0.1788 0.9504 0.2546
vn 0.1788 0.9504 0.2546
vn 0.1788 0.9504 0.2546
vn 0.1788 0.9504 0.2546
vn 0.1788 0.9504 0.2546
vn 0.1788 0.9504 0.2546
vn 0.1788 0.9504 0.2546
vn 0.1788 0.9504 0.2546
vn 0.1788 0.9504 0.2546
vn 0.1788 0.9504 0.2546
vn 0.1788 0.9504 0.2546
vn 0.1788 0.9504 0.2546
vn 0.1788 0.9504 0.2546
vn 0.1788 0.9504 0.2546
vn 0.1788 0.9504 0.2546
vn 0.1788 0.9504 0.2546
vn 0.1788 0.9504 0.2546
vn 0.1788 0.9504 0.2546
vn 0.1788 0.9504 0.2546
vn 0.1788 0.9504 0.2546
vn 0.1788 0.9504 0.2546
vn 0.1788 0.9504 0.2546
vn 0.1788 0.9504 0.2546
vn 0.1788 0.9504 0.2546
vn 0.1788 0.9504 0.2546
vn 0.1788 0.9504 0.2546
vn 0.1788 0.9504 0.2546
vn 0.1788 0.9504 0.2546
vn 0.1788 0.9504 0.2546
vn 0.1788 0.9504 0.2546
vn 0.1788 0.9504 0.2546
vn 0.1788 0.9504 0.2546
vn 0.1788 0.9504 0.2546
vn 0.1788 0.9504 0.2546
vn 0.1788 0.9504 0.2546
vn 0.1788 0.9504 0.2546
vn 0.1788 0.9504 0.2546
vn 0.1788 0.9504 0.2546
vn 0.1788 0.9504 0.2546
vn 0.1788 0.9504 0.2546
vn 0.1788 0.9504 0.2546
vn 0.1788 0.9504 0.2546
vn 0.1788 0.9504 0.2546
vn 0.1788 0.9504 0.2546
vn 0.1788 0.9504 0.2546
vn 0.1788 0.9504 0.2546
vn 0.1788 0.9504 0.2546
vn 0.1788 0.9504 0.2546
vn 0.1788 0.9504 0.2546
vn 0.1788 0.9504 0.2546
vn 0.1788 0.9504 0.2546
vn 0.1788 0.9504 0.2546
vn 0.1788 0.9504 0.2546
vn 0.1788 0.9504 0.2546
vn 0.1788 0.9504 0.2546
vn 0.1788 0.9504 0.2546
vn 0.1788 0.9504 0.2546
vn 0.1788 0.9504 0.2546
vn -0.2799 -0.9267 -0.2509
vn -0.2781 -0.9253 -0.2578
vn -0.2725 -0.9253 -0.2639
vn -0.2647 -0.9268 -0.2664
vn -0.2799 -0.9267 -0.2509
vn -0.2725 -0.9253 -0.2639
vn -0.2465 -0.9357 -0.2524
vn -0.2799 -0.9267 -0.2509
vn -0.2647 -0.9268 -0.2664
vn -0.2461 -0.9343 -0.2581
vn -0.2465 -0.9357 -0.2524
vn -0.2647 -0.9268 -0.2664
vn -0.2461 -0.9343 -0.2581
vn -0.2647 -0.9268 -0.2664
vn -0.2379 -0.9337 -0.2676
vn -0.2326 -0.9353 -0.2666
vn -0.2379 -0.9337 -0.2676
vn -0.2324 -0.9350 -0.2678
vn -0.2328 -0.9358 -0.2648
vn -0.2379 -0.9337 -0.2676
vn -0.2326 -0.9353 -0.2666
vn -0.2329 -0.9389 -0.2529
vn -0.2465 -0.9357 -0.2524
vn -0.2331 -0.9382 -0.2557
vn -0.2331 -0.9382 -0.2557
vn -0.2465 -0.9357 -0.2524
vn -0.2461 -0.9343 -0.2581
vn -0.2331 -0.9382 -0.2557
vn -0.2461 -0.9343 -0.2581
vn -0.2332 -0.9377 -0.2575
vn -0.2332 -0.9377 -0.2575
vn -0.2461 -0.9343 -0.2581
vn -0.2379 -0.9337 -0.2676
vn -0.2332 -0.9377 -0.2575
vn -0.2379 -0.9337 -0.2676
vn -0.2330 -0.9362 -0.2629
vn -0.2330 -0.9362 -0.2629
vn -0.2379 -0.9337 -0.2676
vn -0.2328 -0.9358 -0.2648
vn -0.2839 -0.9255 -0.2506
vn -0.2816 -0.9238 -0.2595
vn -0.5063 -0.7826 -0.3622
vn -0.5407 -0.8203 -0.1867
vn -0.2839 -0.9255 -0.2506
vn -0.5063 -0.7826 -0.3622
vn -0.2816 -0.9287 -0.2413
vn -0.2839 -0.9255 -0.2506
vn -0.5407 -0.8203 -0.1867
vn -0.4688 -0.8827 -0.0312
vn -0.2816 -0.9287 -0.2413
vn -0.5407 -0.8203 -0.1867
vn -0.2748 -0.9324 -0.2347
vn -0.2816 -0.9287 -0.2413
vn -0.4688 -0.8827 -0.0312
vn -0.3742 -0.9268 0.0321
vn -0.2748 -0.9324 -0.2347
vn -0.4688 -0.8827 -0.0312
vn -0.2654 -0.9357 -0.2326
vn -0.2748 -0.9324 -0.2347
vn -0.3742 -0.9268 0.0321
vn -0.2598 -0.9644 0.0503
vn -0.2654 -0.9357 -0.2326
vn -0.3742 -0.9268 0.0321
vn -0.2983 -0.9234 -0.2414
vn -0.2984 -0.9212 -0.2498
vn -0.2936 -0.9226 -0.2501
vn -0.2838 -0.9279 -0.2418
vn -0.2839 -0.9255 -0.2506
vn -0.2816 -0.9287 -0.2413
vn -0.2838 -0.9279 -0.2418
vn -0.2936 -0.9226 -0.2501
vn -0.2888 -0.9241 -0.2504
vn -0.2838 -0.9279 -0.2418
vn -0.2888 -0.9241 -0.2504
vn -0.2839 -0.9255 -0.2506
vn -0.2838 -0.9279 -0.2418
vn -0.2976 -0.9258 -0.2330
vn -0.2983 -0.9234 -0.2414
vn -0.2838 -0.9279 -0.2418
vn -0.2983 -0.9234 -0.2414
vn -0.2936 -0.9226 -0.2501
vn -0.2828 -0.9304 -0.2330
vn -0.2838 -0.9279 -0.2418
vn -0.2816 -0.9287 -0.2413
vn -0.2828 -0.9304 -0.2330
vn -0.2816 -0.9287 -0.2413
vn -0.2748 -0.9324 -0.2347
vn -0.2828 -0.9304 -0.2330
vn -0.2963 -0.9283 -0.2246
vn -0.2976 -0.9258 -0.2330
vn -0.2828 -0.9304 -0.2330
vn -0.2976 -0.9258 -0.2330
vn -0.2838 -0.9279 -0.2418
vn -0.2811 -0.9331 -0.2244
vn -0.2828 -0.9304 -0.2330
vn -0.2748 -0.9324 -0.2347
vn -0.2811 -0.9331 -0.2244
vn -0.2943 -0.9309 -0.2165
vn -0.2963 -0.9283 -0.2246
vn -0.2811 -0.9331 -0.2244
vn -0.2963 -0.9283 -0.2246
vn -0.2828 -0.9304 -0.2330
vn -0.2787 -0.9358 -0.2160
vn -0.2943 -0.9309 -0.2165
vn -0.2811 -0.9331 -0.2244
vn -0.2787 -0.9358 -0.2160
vn -0.2917 -0.9335 -0.2083
vn -0.2943 -0.9309 -0.2165
vn -0.2755 -0.9385 -0.2079
vn -0.2917 -0.9335 -0.2083
vn -0.2787 -0.9358 -0.2160
vn -0.2755 -0.9385 -0.2079
vn -0.2885 -0.9363 -0.2004
vn -0.2917 -0.9335 -0.2083
vn -0.2647 -0.9366 -0.2295
vn -0.2654 -0.9357 -0.2326
vn -0.2387 -0.9425 -0.2338
vn -0.2647 -0.9366 -0.2295
vn -0.2748 -0.9324 -0.2347
vn -0.2654 -0.9357 -0.2326
vn -0.2647 -0.9366 -0.2295
vn -0.2811 -0.9331 -0.2244
vn -0.2748 -0.9324 -0.2347
vn -0.2717 -0.9414 -0.2001
vn -0.2885 -0.9363 -0.2004
vn -0.2755 -0.9385 -0.2079
vn -0.2717 -0.9414 -0.2001
vn -0.2803 -0.9418 -0.1854
vn -0.2847 -0.9390 -0.1927
vn -0.2717 -0.9414 -0.2001
vn -0.2847 -0.9390 -0.1927
vn -0.2885 -0.9363 -0.2004
vn -0.2627 -0.9389 -0.2225
vn -0.2811 -0.9331 -0.2244
vn -0.2647 -0.9366 -0.2295
vn -0.2627 -0.9389 -0.2225
vn -0.2647 -0.9366 -0.2295
vn -0.2387 -0.9425 -0.2338
vn -0.2627 -0.9389 -0.2225
vn -0.2787 -0.9358 -0.2160
vn -0.2811 -0.9331 -0.2244
vn -0.2627 -0.9389 -0.2225
vn -0.2755 -0.9385 -0.2079
vn -0.2787 -0.9358 -0.2160
vn -0.2671 -0.9442 -0.1926
vn -0.2803 -0.9418 -0.1854
vn -0.2717 -0.9414 -0.2001
vn -0.2671 -0.9442 -0.1926
vn -0.2754 -0.9446 -0.1784
vn -0.2803 -0.9418 -0.1854
vn -0.2600 -0.9412 -0.2156
vn -0.2755 -0.9385 -0.2079
vn -0.2627 -0.9389 -0.2225
vn -0.2620 -0.9471 -0.1856
vn -0.2700 -0.9474 -0.1718
vn -0.2754 -0.9446 -0.1784
vn -0.2620 -0.9471 -0.1856
vn -0.2754 -0.9446 -0.1784
vn -0.2671 -0.9442 -0.1926
vn -0.2568 -0.9436 -0.2091
vn -0.2755 -0.9385 -0.2079
vn -0.2600 -0.9412 -0.2156
vn -0.2568 -0.9436 -0.2091
vn -0.2717 -0.9414 -0.2001
vn -0.2755 -0.9385 -0.2079
vn -0.2694 -0.9477 -0.1712
vn -0.2700 -0.9474 -0.1718
vn -0.2673 -0.9479 -0.1732
vn -0.2673 -0.9479 -0.1732
vn -0.2700 -0.9474 -0.1718
vn -0.2620 -0.9471 -0.1856
vn -0.2586 -0.9487 -0.1819
vn -0.2530 -0.9460 -0.2029
vn -0.2717 -0.9414 -0.2001
vn -0.2568 -0.9436 -0.2091
vn -0.2530 -0.9460 -0.2029
vn -0.2671 -0.9442 -0.1926
vn -0.2717 -0.9414 -0.2001
vn -0.2486 -0.9483 -0.1970
vn -0.2620 -0.9471 -0.1856
vn -0.2671 -0.9442 -0.1926
vn -0.2486 -0.9483 -0.1970
vn -0.2671 -0.9442 -0.1926
vn -0.2530 -0.9460 -0.2029
vn -0.2381 -0.9431 -0.2322
vn -0.2627 -0.9389 -0.2225
vn -0.2387 -0.9425 -0.2338
vn -0.2381 -0.9431 -0.2322
vn -0.2387 -0.9425 -0.2338
vn -0.2270 -0.9453 -0.2343
vn -0.2381 -0.9431 -0.2322
vn -0.2270 -0.9453 -0.2343
vn -0.2269 -0.9454 -0.2340
vn -0.2515 -0.9492 -0.1890
vn -0.2620 -0.9471 -0.1856
vn -0.2486 -0.9483 -0.1970
vn -0.2462 -0.9495 -0.1943
vn -0.2586 -0.9487 -0.1819
vn -0.2620 -0.9471 -0.1856
vn -0.2515 -0.9492 -0.1890
vn -0.2363 -0.9447 -0.2274
vn -0.2627 -0.9389 -0.2225
vn -0.2381 -0.9431 -0.2322
vn -0.2363 -0.9447 -0.2274
vn -0.2381 -0.9431 -0.2322
vn -0.2269 -0.9454 -0.2340
vn -0.2363 -0.9447 -0.2274
vn -0.2269 -0.9454 -0.2340
vn -0.2266 -0.9456 -0.2334
vn -0.2363 -0.9447 -0.2274
vn -0.2600 -0.9412 -0.2156
vn -0.2627 -0.9389 -0.2225
vn -0.2340 -0.9464 -0.2227
vn -0.2600 -0.9412 -0.2156
vn -0.2363 -0.9447 -0.2274
vn -0.2340 -0.9464 -0.2227
vn -0.2363 -0.9447 -0.2274
vn -0.2266 -0.9456 -0.2334
vn -0.2340 -0.9464 -0.2227
vn -0.2266 -0.9456 -0.2334
vn -0.2263 -0.9458 -0.2329
vn -0.2340 -0.9464 -0.2227
vn -0.2568 -0.9436 -0.2091
vn -0.2600 -0.9412 -0.2156
vn -0.2340 -0.9464 -0.2227
vn -0.2530 -0.9460 -0.2029
vn -0.2568 -0.9436 -0.2091
vn -0.2313 -0.9481 -0.2183
vn -0.2340 -0.9464 -0.2227
vn -0.2263 -0.9458 -0.2329
vn -0.2313 -0.9481 -0.2183
vn -0.2263 -0.9458 -0.2329
vn -0.2260 -0.9460 -0.2323
vn -0.2313 -0.9481 -0.2183
vn -0.2530 -0.9460 -0.2029
vn -0.2340 -0.9464 -0.2227
vn -0.2313 -0.9481 -0.2183
vn -0.2260 -0.9460 -0.2323
vn -0.2218 -0.9484 -0.2264
vn -0.2282 -0.9498 -0.2142
vn -0.2486 -0.9483 -0.1970
vn -0.2530 -0.9460 -0.2029
vn -0.2282 -0.9498 -0.2142
vn -0.2530 -0.9460 -0.2029
vn -0.2313 -0.9481 -0.2183
vn -0.2282 -0.9498 -0.2142
vn -0.2313 -0.9481 -0.2183
vn -0.2218 -0.9484 -0.2264
vn -0.2282 -0.9498 -0.2142
vn -0.2218 -0.9484 -0.2264
vn -0.2201 -0.9492 -0.2244
vn -0.2462 -0.9495 -0.1943
vn -0.2486 -0.9483 -0.1970
vn -0.2370 -0.9498 -0.2035
vn -0.2370 -0.9498 -0.2035
vn -0.2486 -0.9483 -0.1970
vn -0.2282 -0.9498 -0.2142
vn -0.2273 -0.9502 -0.2132
vn -0.2273 -0.9502 -0.2132
vn -0.2282 -0.9498 -0.2142
vn -0.2249 -0.9502 -0.2156
vn -0.2249 -0.9502 -0.2156
vn -0.2282 -0.9498 -0.2142
vn -0.2229 -0.9502 -0.2176
vn -0.2229 -0.9502 -0.2176
vn -0.2282 -0.9498 -0.2142
vn -0.2201 -0.9492 -0.2244
vn -0.2181 -0.9502 -0.2224
vn -0.2734 -0.9239 -0.2679
vn -0.2458 -0.8113 -0.5304
vn -0.3968 -0.7816 -0.4814
vn -0.2734 -0.9239 -0.2679
vn -0.2645 -0.9257 -0.2705
vn -0.2458 -0.8113 -0.5304
vn -0.2781 -0.9235 -0.2643
vn -0.2734 -0.9239 -0.2679
vn -0.3968 -0.7816 -0.4814
vn -0.5063 -0.7826 -0.3622
vn -0.2781 -0.9235 -0.2643
vn -0.3968 -0.7816 -0.4814
vn -0.2816 -0.9238 -0.2595
vn -0.2781 -0.9235 -0.2643
vn -0.5063 -0.7826 -0.3622
vn -0.2377 -0.9326 -0.2716
vn -0.2458 -0.8113 -0.5304
vn -0.2645 -0.9257 -0.2705
vn -0.2280 -0.9078 -0.3309
vn -0.2377 -0.9326 -0.2716
vn -0.2316 -0.9340 -0.2719
vn -0.2148 -0.8187 -0.5320
vn -0.2458 -0.8113 -0.5304
vn -0.2148 -0.8187 -0.5320
vn -0.2148 -0.8187 -0.5320
vn -0.2458 -0.8113 -0.5304
vn -0.2377 -0.9326 -0.2716
vn -0.2148 -0.8187 -0.5320
vn -0.2377 -0.9326 -0.2716
vn -0.2280 -0.9078 -0.3309
vn -0.2387 -0.9425 -0.2338
vn -0.2654 -0.9357 -0.2326
vn -0.2598 -0.9644 0.0503
vn -0.2268 -0.9466 -0.2209
vn -0.2598 -0.9644 0.0503
vn -0.2245 -0.9729 0.0495
vn -0.2270 -0.9453 -0.2343
vn -0.2387 -0.9425 -0.2338
vn -0.2598 -0.9644 0.0503
vn -0.2270 -0.9453 -0.2343
vn -0.2598 -0.9644 0.0503
vn -0.2268 -0.9466 -0.2209
vn -0.2550 -0.9658 -0.0464
vn -0.2654 -0.9346 -0.2367
vn -0.2386 -0.9415 -0.2379
vn -0.2550 -0.9658 -0.0464
vn -0.2598 -0.9644 0.0503
vn -0.2654 -0.9346 -0.2367
vn -0.2379 -0.9701 -0.0469
vn -0.2386 -0.9415 -0.2379
vn -0.2290 -0.9438 -0.2383
vn -0.2379 -0.9701 -0.0469
vn -0.2290 -0.9438 -0.2383
vn -0.2287 -0.9517 -0.1858
vn -0.2379 -0.9701 -0.0469
vn -0.2269 -0.9726 -0.0108
vn -0.2245 -0.9729 0.0495
vn -0.2379 -0.9701 -0.0469
vn -0.2245 -0.9729 0.0495
vn -0.2598 -0.9644 0.0503
vn -0.2379 -0.9701 -0.0469
vn -0.2550 -0.9658 -0.0464
vn -0.2386 -0.9415 -0.2379
vn -0.2379 -0.9701 -0.0469
vn -0.2598 -0.9644 0.0503
vn -0.2550 -0.9658 -0.0464
vn -0.2269 -0.9726 -0.0108
vn -0.2379 -0.9701 -0.0469
vn -0.2281 -0.9725 -0.0472
vn -0.2281 -0.9725 -0.0472
vn -0.2379 -0.9701 -0.0469
vn -0.2287 -0.9517 -0.1858
vn -0.2799 -0.9267 -0.2509
vn -0.5063 -0.7826 -0.3622
vn -0.2781 -0.9253 -0.2578
vn -0.5407 -0.8203 -0.1867
vn -0.5063 -0.7826 -0.3622
vn -0.2799 -0.9267 -0.2509
vn -0.4688 -0.8827 -0.0312
vn -0.5407 -0.8203 -0.1867
vn -0.2781 -0.9292 -0.2435
vn -0.4568 -0.8663 -0.2022
vn -0.2799 -0.9267 -0.2509
vn -0.2781 -0.9292 -0.2435
vn -0.4568 -0.8663 -0.2022
vn -0.5407 -0.8203 -0.1867
vn -0.2799 -0.9267 -0.2509
vn -0.4568 -0.8663 -0.2022
vn -0.2781 -0.9292 -0.2435
vn -0.5407 -0.8203 -0.1867
vn -0.4021 -0.9105 -0.0961
vn -0.2781 -0.9292 -0.2435
vn -0.2728 -0.9321 -0.2383
vn -0.4021 -0.9105 -0.0961
vn -0.3742 -0.9268 0.0321
vn -0.4688 -0.8827 -0.0312
vn -0.4021 -0.9105 -0.0961
vn -0.4688 -0.8827 -0.0312
vn -0.2781 -0.9292 -0.2435
vn -0.4021 -0.9105 -0.0961
vn -0.2728 -0.9321 -0.2383
vn -0.3742 -0.9268 0.0321
vn -0.2948 -0.9544 -0.0469
vn -0.2654 -0.9346 -0.2367
vn -0.2598 -0.9644 0.0503
vn -0.2948 -0.9544 -0.0469
vn -0.2728 -0.9321 -0.2383
vn -0.2654 -0.9346 -0.2367
vn -0.2948 -0.9544 -0.0469
vn -0.2598 -0.9644 0.0503
vn -0.3742 -0.9268 0.0321
vn -0.2948 -0.9544 -0.0469
vn -0.3742 -0.9268 0.0321
vn -0.2728 -0.9321 -0.2383
vn -0.3968 -0.7816 -0.4814
vn -0.2781 -0.9253 -0.2578
vn -0.5063 -0.7826 -0.3622
vn -0.3968 -0.7816 -0.4814
vn -0.2725 -0.9253 -0.2639
vn -0.2781 -0.9253 -0.2578
vn -0.3048 -0.8871 -0.3466
vn -0.2458 -0.8113 -0.5304
vn -0.2647 -0.9268 -0.2664
vn -0.3048 -0.8871 -0.3466
vn -0.3968 -0.7816 -0.4814
vn -0.2458 -0.8113 -0.5304
vn -0.3048 -0.8871 -0.3466
vn -0.2647 -0.9268 -0.2664
vn -0.2725 -0.9253 -0.2639
vn -0.3048 -0.8871 -0.3466
vn -0.2725 -0.9253 -0.2639
vn -0.3968 -0.7816 -0.4814
vn -0.2342 -0.9034 -0.3592
vn -0.2301 -0.9173 -0.3213
vn -0.2324 -0.9350 -0.2678
vn -0.2342 -0.9034 -0.3592
vn -0.2324 -0.9350 -0.2678
vn -0.2379 -0.9337 -0.2676
vn -0.2342 -0.9034 -0.3592
vn -0.2458 -0.8113 -0.5304
vn -0.2148 -0.8187 -0.5320
vn -0.2342 -0.9034 -0.3592
vn -0.2148 -0.8187 -0.5320
vn -0.2259 -0.8867 -0.3956
vn -0.2342 -0.9034 -0.3592
vn -0.2286 -0.9047 -0.3594
vn -0.2301 -0.9173 -0.3213
vn -0.2342 -0.9034 -0.3592
vn -0.2259 -0.8867 -0.3956
vn -0.2286 -0.9047 -0.3594
vn -0.2515 -0.8990 -0.3584
vn -0.2379 -0.9337 -0.2676
vn -0.2647 -0.9268 -0.2664
vn -0.2515 -0.8990 -0.3584
vn -0.2647 -0.9268 -0.2664
vn -0.2458 -0.8113 -0.5304
vn -0.2515 -0.8990 -0.3584
vn -0.2342 -0.9034 -0.3592
vn -0.2379 -0.9337 -0.2676
vn -0.2515 -0.8990 -0.3584
vn -0.2458 -0.8113 -0.5304
vn -0.2342 -0.9034 -0.3592
vn 0.8212 -0.3817 -0.4242
vn 0.8412 -0.4023 -0.3613
vn 0.5462 -0.7421 -0.3885
vn 0.1333 -0.9240 -0.3583
vn 0.1402 -0.9311 -0.3367
vn -0.2943 -0.9309 -0.2165
vn 0.1333 -0.9240 -0.3583
vn -0.2943 -0.9309 -0.2165
vn -0.2917 -0.9335 -0.2083
vn 0.5313 -0.7267 -0.4355
vn 0.8212 -0.3817 -0.4242
vn 0.5462 -0.7421 -0.3885
vn 0.5313 -0.7267 -0.4355
vn 0.5462 -0.7421 -0.3885
vn 0.1402 -0.9311 -0.3367
vn 0.5313 -0.7267 -0.4355
vn 0.1402 -0.9311 -0.3367
vn 0.1333 -0.9240 -0.3583
vn 0.1248 -0.9168 -0.3793
vn 0.1333 -0.9240 -0.3583
vn -0.2917 -0.9335 -0.2083
vn 0.1248 -0.9168 -0.3793
vn -0.2917 -0.9335 -0.2083
vn -0.2885 -0.9363 -0.2004
vn 0.5128 -0.7110 -0.4811
vn 0.1333 -0.9240 -0.3583
vn 0.1248 -0.9168 -0.3793
vn 0.5128 -0.7110 -0.4811
vn 0.7965 -0.3607 -0.4852
vn 0.8212 -0.3817 -0.4242
vn 0.5128 -0.7110 -0.4811
vn 0.5313 -0.7267 -0.4355
vn 0.1333 -0.9240 -0.3583
vn 0.5128 -0.7110 -0.4811
vn 0.8212 -0.3817 -0.4242
vn 0.5313 -0.7267 -0.4355
vn 0.1148 -0.9095 -0.3996
vn 0.1248 -0.9168 -0.3793
vn -0.2885 -0.9363 -0.2004
vn 0.1148 -0.9095 -0.3996
vn -0.2885 -0.9363 -0.2004
vn -0.2847 -0.9390 -0.1927
vn 0.4909 -0.6951 -0.5252
vn 0.7965 -0.3607 -0.4852
vn 0.5128 -0.7110 -0.4811
vn 0.4909 -0.6951 -0.5252
vn 0.5128 -0.7110 -0.4811
vn 0.1248 -0.9168 -0.3793
vn 0.4909 -0.6951 -0.5252
vn 0.7673 -0.3394 -0.5441
vn 0.7965 -0.3607 -0.4852
vn 0.4909 -0.6951 -0.5252
vn 0.1248 -0.9168 -0.3793
vn 0.1148 -0.9095 -0.3996
vn 0.1032 -0.9021 -0.4190
vn 0.1148 -0.9095 -0.3996
vn -0.2847 -0.9390 -0.1927
vn 0.1032 -0.9021 -0.4190
vn -0.2847 -0.9390 -0.1927
vn -0.2803 -0.9418 -0.1854
vn 0.4658 -0.6791 -0.5674
vn 0.1148 -0.9095 -0.3996
vn 0.1032 -0.9021 -0.4190
vn 0.4658 -0.6791 -0.5674
vn 0.4909 -0.6951 -0.5252
vn 0.1148 -0.9095 -0.3996
vn 0.4658 -0.6791 -0.5674
vn 0.7673 -0.3394 -0.5441
vn 0.4909 -0.6951 -0.5252
vn 0.4658 -0.6791 -0.5674
vn 0.7337 -0.3180 -0.6005
vn 0.7673 -0.3394 -0.5441
vn 0.0902 -0.8947 -0.4374
vn 0.1032 -0.9021 -0.4190
vn -0.2803 -0.9418 -0.1854
vn 0.0902 -0.8947 -0.4374
vn -0.2803 -0.9418 -0.1854
vn -0.2754 -0.9446 -0.1784
vn 0.0902 -0.8947 -0.4374
vn 0.4658 -0.6791 -0.5674
vn 0.1032 -0.9021 -0.4190
vn 0.4375 -0.6630 -0.6075
vn 0.4658 -0.6791 -0.5674
vn 0.0902 -0.8947 -0.4374
vn 0.4375 -0.6630 -0.6075
vn 0.7337 -0.3180 -0.6005
vn 0.4658 -0.6791 -0.5674
vn 0.4375 -0.6630 -0.6075
vn 0.6958 -0.2965 -0.6542
vn 0.7337 -0.3180 -0.6005
vn 0.0758 -0.8873 -0.4548
vn 0.0902 -0.8947 -0.4374
vn -0.2754 -0.9446 -0.1784
vn 0.0758 -0.8873 -0.4548
vn -0.2754 -0.9446 -0.1784
vn -0.2700 -0.9474 -0.1718
vn 0.4061 -0.6469 -0.6454
vn 0.4375 -0.6630 -0.6075
vn 0.0902 -0.8947 -0.4374
vn 0.4061 -0.6469 -0.6454
vn 0.6540 -0.2750 -0.7048
vn 0.6958 -0.2965 -0.6542
vn 0.4061 -0.6469 -0.6454
vn 0.0902 -0.8947 -0.4374
vn 0.0758 -0.8873 -0.4548
vn 0.4061 -0.6469 -0.6454
vn 0.6958 -0.2965 -0.6542
vn 0.4375 -0.6630 -0.6075
vn 0.0740 -0.8865 -0.4566
vn 0.0758 -0.8873 -0.4548
vn -0.2700 -0.9474 -0.1718
vn -0.2352 -0.9403 -0.2033
vn -0.2352 -0.9403 -0.2033
vn -0.2700 -0.9474 -0.1718
vn -0.2694 -0.9477 -0.1712
vn 0.1090 -0.8586 -0.4801
vn 0.0758 -0.8873 -0.4548
vn 0.0740 -0.8865 -0.4566
vn 0.4019 -0.6450 -0.6498
vn 0.4061 -0.6469 -0.6454
vn 0.0758 -0.8873 -0.4548
vn 0.1090 -0.8586 -0.4801
vn 0.6143 -0.3251 -0.7014
vn 0.6540 -0.2750 -0.7048
vn 0.4061 -0.6469 -0.6454
vn 0.4019 -0.6450 -0.6498
vn 0.6474 -0.2720 -0.7115
vn 0.6540 -0.2750 -0.7048
vn 0.6143 -0.3251 -0.7014
vn 0.9676 -0.1450 -0.2068
vn 0.9676 -0.1450 -0.2068
vn 0.9676 -0.1450 -0.2068
vn 0.9676 -0.1450 -0.2068
vn 0.9676 -0.1450 -0.2068
vn 0.9676 -0.1450 -0.2068
vn 0.9676 -0.1450 -0.2068
vn 0.9676 -0.1450 -0.2068
vn 0.9676 -0.1450 -0.2068
vn 0.9676 -0.1450 -0.2068
vn 0.9676 -0.1450 -0.2068
vn 0.9676 -0.1450 -0.2068
vn 0.9676 -0.1450 -0.2068
vn 0.9676 -0.1450 -0.2068
vn 0.9676 -0.1450 -0.2068
vn 0.9676 -0.1450 -0.2068
vn 0.9676 -0.1450 -0.2068
vn 0.9676 -0.1450 -0.2068
vn 0.9676 -0.1450 -0.2068
vn 0.9676 -0.1450 -0.2068
vn 0.9676 -0.1450 -0.2068
vn 0.9676 -0.1450 -0.2068
vn 0.9676 -0.1450 -0.2068
vn 0.9676 -0.1450 -0.2068
vn 0.9676 -0.1450 -0.2068
vn 0.9676 -0.1450 -0.2068
vn 0.9676 -0.1450 -0.2068
vn 0.9676 -0.1450 -0.2068
vn 0.9676 -0.1450 -0.2068
vn 0.9676 -0.1450 -0.2068
vn 0.9676 -0.1450 -0.2068
vn 0.9676 -0.1450 -0.2068
vn 0.9676 -0.1450 -0.2068
vn 0.9676 -0.1450 -0.2068
vn 0.9676 -0.1450 -0.2068
vn 0.9676 -0.1450 -0.2068
vn 0.9676 -0.1450 -0.2068
vn 0.9676 -0.1450 -0.2068
vn 0.9676 -0.1450 -0.2068
vn 0.9676 -0.1450 -0.2068
vn 0.9676 -0.1450 -0.2068
vn 0.9676 -0.1450 -0.2068
vn 0.9676 -0.1450 -0.2068
vn 0.9676 -0.1450 -0.2068
vn 0.9676 -0.1450 -0.2068
vn 0.9676 -0.1450 -0.2068
vn 0.9676 -0.1450 -0.2068
vn 0.9676 -0.1450 -0.2068
vn 0.9676 -0.1450 -0.2068
vn 0.9676 -0.1450 -0.2068
vn 0.9676 -0.1450 -0.2068
vn 0.9676 -0.1450 -0.2068
vn 0.9676 -0.1450 -0.2068
vn 0.9676 -0.1450 -0.2068
vn 0.9676 -0.1450 -0.2068
vn 0.9676 -0.1450 -0.2068
vn 0.9676 -0.1450 -0.2068
vn 0.9676 -0.1450 -0.2068
vn 0.9676 -0.1450 -0.2068
vn 0.9676 -0.1450 -0.2068
vn 0.9676 -0.1450 -0.2068
vn 0.9676 -0.1450 -0.2068
vn 0.9676 -0.1450 -0.2068
vn 0.9676 -0.1450 -0.2068
vn 0.9676 -0.1450 -0.2068
vn 0.9676 -0.1450 -0.2068
vn 0.9676 -0.1450 -0.2068
vn 0.9676 -0.1450 -0.2068
vn 0.9676 -0.1450 -0.2068
vn 0.9676 -0.1450 -0.2068
vn 0.9676 -0.1450 -0.2068
vn 0.9676 -0.1450 -0.2068
vn 0.9676 -0.1450 -0.2068
vn 0.9676 -0.1450 -0.2068
vn 0.9676 -0.1450 -0.2068
vn 0.9676 -0.1450 -0.2068
vn 0.9676 -0.1450 -0.2068
vn 0.9676 -0.1450 -0.2068
vn 0.9676 -0.1450 -0.2068
vn 0.9676 -0.1450 -0.2068
vn 0.9676 -0.1450 -0.2068
vn 0.9676 -0.1450 -0.2068
vn 0.9676 -0.1450 -0.2068
vn 0.9676 -0.1450 -0.2068
vn 0.9676 -0.1450 -0.2068
vn 0.9676 -0.1450 -0.2068
vn 0.9676 -0.1450 -0.2068
vn 0.9676 -0.1450 -0.2068
vn 0.9676 -0.1450 -0.2068
vn 0.9676 -0.1450 -0.2068
vn 0.9676 -0.1450 -0.2068
vn 0.9676 -0.1450 -0.2068
vn 0.9676 -0.1450 -0.2068
vn 0.9676 -0.1450 -0.2068
vn 0.9676 -0.1450 -0.2068
vn 0.9676 -0.1450 -0.2068
vn 0.9676 -0.1450 -0.2068
vn 0.9676 -0.1450 -0.2068
vn 0.9676 -0.1450 -0.2068
vn 0.9676 -0.1450 -0.2068
vn 0.9676 -0.1450 -0.2068
vn 0.9676 -0.1450 -0.2068
vn 0.9676 -0.1450 -0.2068
vn 0.9676 -0.1450 -0.2068
vn 0.9676 -0.1450 -0.2068
vn 0.9676 -0.1450 -0.2068
vn 0.9676 -0.1450 -0.2068
vn 0.9676 -0.1450 -0.2068
vn 0.9676 -0.1450 -0.2068
vn 0.9676 -0.1450 -0.2068
vn 0.9676 -0.1450 -0.2068
vn 0.9676 -0.1450 -0.2068
vn 0.9676 -0.1450 -0.2068
vn 0.9676 -0.1450 -0.2068
vn 0.9676 -0.1450 -0.2068
vn 0.9676 -0.1450 -0.2068
vn 0.9676 -0.1450 -0.2068
vn 0.9676 -0.1450 -0.2068
vn 0.9676 -0.1450 -0.2068
vn 0.9676 -0.1450 -0.2068
vn 0.9676 -0.1450 -0.2068
vn 0.9676 -0.1450 -0.2068
vn 0.9676 -0.1450 -0.2068
vn 0.9676 -0.1450 -0.2068
vn 0.9676 -0.1450 -0.2068
vn 0.9676 -0.1450 -0.2068
vn 0.9676 -0.1450 -0.2068
vn 0.9676 -0.1450 -0.2068
vn 0.9676 -0.1450 -0.2068
vn 0.9676 -0.1450 -0.2068
vn 0.9676 -0.1450 -0.2068
vn 0.9676 -0.1450 -0.2068
vn 0.9676 -0.1450 -0.2068
vn 0.9676 -0.1450 -0.2068
vn 0.9676 -0.1450 -0.2068
vn 0.9676 -0.1450 -0.2068
vn 0.9676 -0.1450 -0.2068
vn 0.9676 -0.1450 -0.2068
vn 0.9676 -0.1450 -0.2068
vn 0.9676 -0.1450 -0.2068
vn 0.9676 -0.1450 -0.2068
vn 0.9676 -0.1450 -0.2068
vn 0.9676 -0.1450 -0.2068
vn 0.9676 -0.1450 -0.2068
vn 0.9676 -0.1450 -0.2068
vn 0.9676 -0.1450 -0.2068
vn 0.9676 -0.1450 -0.2068
vn 0.9676 -0.1450 -0.2068
vn 0.9676 -0.1450 -0.2068
vn 0.9676 -0.1450 -0.2068
vn 0.9676 -0.1450 -0.2068
vn 0.9676 -0.1450 -0.2068
vn 0.9676 -0.1450 -0.2068
vn 0.9676 -0.1450 -0.2068
vn 0.9676 -0.1450 -0.2068
vn 0.9676 -0.1450 -0.2068
vn 0.9676 -0.1450 -0.2068
vn 0.9676 -0.1450 -0.2068
vn 0.9676 -0.1450 -0.2068
vn 0.9676 -0.1450 -0.2068
vn 0.9676 -0.1450 -0.2068
vn 0.9676 -0.1450 -0.2068
vn 0.9676 -0.1450 -0.2068
vn 0.9676 -0.1450 -0.2068
vn 0.9676 -0.1450 -0.2068
vn 0.9676 -0.1450 -0.2068
vn 0.9676 -0.1450 -0.2068
vn 0.9676 -0.1450 -0.2068
vn 0.9676 -0.1450 -0.2068
vn 0.9676 -0.1450 -0.2068
vn 0.9676 -0.1450 -0.2068
vn 0.9676 -0.1450 -0.2068
vn 0.9676 -0.1450 -0.2068
vn 0.9676 -0.1450 -0.2068
vn 0.9676 -0.1450 -0.2068
vn 0.9676 -0.1450 -0.2068
vn 0.9676 -0.1450 -0.2068
vn 0.9676 -0.1450 -0.2068
vn 0.9676 -0.1450 -0.2068
vn 0.9676 -0.1450 -0.2068
vn 0.9676 -0.1450 -0.2068
vn 0.9676 -0.1450 -0.2068
vn 0.9676 -0.1450 -0.2068
vn 0.9676 -0.1450 -0.2068
vn 0.9676 -0.1450 -0.2068
vn 0.9676 -0.1450 -0.2068
vn 0.9676 -0.1450 -0.2068
vn 0.9676 -0.1450 -0.2068
vn 0.9676 -0.1450 -0.2068
vn 0.9676 -0.1450 -0.2068
vn 0.9676 -0.1450 -0.2068
vn 0.9676 -0.1450 -0.2068
vn 0.9676 -0.1450 -0.2068
vn 0.9676 -0.1450 -0.2068
vn 0.9676 -0.1450 -0.2068
vn 0.9676 -0.1450 -0.2068
vn 0.9676 -0.1450 -0.2068
vn 0.9676 -0.1450 -0.2068
vn 0.9676 -0.1450 -0.2068
vn 0.9676 -0.1450 -0.2068
vn 0.9676 -0.1450 -0.2068
vn 0.9676 -0.1450 -0.2068
vn 0.9676 -0.1450 -0.2068
vn 0.9676 -0.1450 -0.2068
vn 0.9676 -0.1450 -0.2068
vn 0.9676 -0.1450 -0.2068
vn 0.9676 -0.1450 -0.2068
vn 0.9676 -0.1450 -0.2068
vn 0.9676 -0.1450 -0.2068
vn 0.9676 -0.1450 -0.2068
vn 0.9676 -0.1450 -0.2068
vn 0.9676 -0.1450 -0.2068
vn 0.9676 -0.1450 -0.2068
vn 0.9676 -0.1450 -0.2068
vn 0.9676 -0.1450 -0.2068
vn 0.9676 -0.1450 -0.2068
vn 0.9676 -0.1450 -0.2068
vn 0.9676 -0.1450 -0.2068
vn 0.9676 -0.1450 -0.2068
vn 0.9676 -0.1450 -0.2068
vn 0.9676 -0.1450 -0.2068
vn 0.9676 -0.1450 -0.2068
vn 0.9676 -0.1450 -0.2068
vn 0.9676 -0.1450 -0.2068
vn 0.9676 -0.1450 -0.2068
vn 0.9676 -0.1450 -0.2068
vn 0.9676 -0.1450 -0.2068
vn 0.9676 -0.1450 -0.2068
vn 0.9676 -0.1450 -0.2068
vn 0.9676 -0.1450 -0.2068
vn 0.9676 -0.1450 -0.2068
vn 0.9676 -0.1450 -0.2068
vn 0.9676 -0.1450 -0.2068
vn 0.9676 -0.1450 -0.2068
vn 0.9676 -0.1450 -0.2068
vn 0.9676 -0.1450 -0.2068
vn 0.9676 -0.1450 -0.2068
vn 0.9676 -0.1450 -0.2068
vn 0.9676 -0.1450 -0.2068
vn 0.9676 -0.1450 -0.2068
vn 0.9676 -0.1450 -0.2068
vn 0.9676 -0.1450 -0.2068
vn 0.9676 -0.1450 -0.2068
vn 0.9676 -0.1450 -0.2068
vn 0.9676 -0.1450 -0.2068
vn 0.9676 -0.1450 -0.2068
vn 0.9676 -0.1450 -0.2068
vn 0.9676 -0.1450 -0.2068
vn 0.9676 -0.1450 -0.2068
vn 0.9676 -0.1450 -0.2068
vn 0.9676 -0.1450 -0.2068
vn 0.9676 -0.1450 -0.2068
vn 0.9676 -0.1450 -0.2068
vn 0.9676 -0.1450 -0.2068
vn 0.9676 -0.1450 -0.2068
vn 0.9676 -0.1450 -0.2068
vn 0.9676 -0.1450 -0.2068
vn 0.9676 -0.1450 -0.2068
vn 0.9676 -0.1450 -0.2068
vn 0.9676 -0.1450 -0.2068
vn 0.9676 -0.1450 -0.2068
vn 0.9676 -0.1450 -0.2068
vn 0.9676 -0.1450 -0.2068
vn 0.9676 -0.1450 -0.2068
vn 0.9676 -0.1450 -0.2068
vn 0.9676 -0.1450 -0.2068
vn 0.9676 -0.1450 -0.2068
vn 0.9676 -0.1450 -0.2068
vn 0.9676 -0.1450 -0.2068
vn 0.9676 -0.1450 -0.2068
vn 0.9676 -0.1450 -0.2068
vn 0.9676 -0.1450 -0.2068
vn 0.9676 -0.1450 -0.2068
vn 0.9676 -0.1450 -0.2068
vn 0.9676 -0.1450 -0.2068
vn 0.9676 -0.1450 -0.2068
vn 0.9676 -0.1450 -0.2068
vn 0.9676 -0.1450 -0.2068
vn 0.9676 -0.1450 -0.2068
vn 0.9676 -0.1450 -0.2068
vn 0.9676 -0.1450 -0.2068
vn 0.9676 -0.1450 -0.2068
vn 0.9676 -0.1450 -0.2068
vn 0.9676 -0.1450 -0.2068
vn 0.9676 -0.1450 -0.2068
vn 0.9676 -0.1450 -0.2068
vn 0.9676 -0.1450 -0.2068
vn 0.9676 -0.1450 -0.2068
vn 0.9676 -0.1450 -0.2068
vn 0.9676 -0.1450 -0.2068
vn 0.9676 -0.1450 -0.2068
vn 0.9676 -0.1450 -0.2068
vn 0.9676 -0.1450 -0.2068
vn 0.9676 -0.1450 -0.2068
vn 0.9676 -0.1450 -0.2068
vn 0.9676 -0.1450 -0.2068
vn 0.9676 -0.1450 -0.2068
vn 0.9676 -0.1450 -0.2068
vn 0.9676 -0.1450 -0.2068
vn 0.9676 -0.1450 -0.2068
vn 0.9676 -0.1450 -0.2068
vn 0.9676 -0.1450 -0.2068
vn 0.9676 -0.1450 -0.2068
vn 0.9676 -0.1450 -0.2068
vn 0.9676 -0.1450 -0.2068
vn 0.9676 -0.1450 -0.2068
vn 0.9676 -0.1450 -0.2068
vn 0.9676 -0.1450 -0.2068
vn 0.9676 -0.1450 -0.2068
vn 0.9676 -0.1450 -0.2068
vn 0.9676 -0.1450 -0.2068
vn 0.9676 -0.1450 -0.2068
vn 0.9676 -0.1450 -0.2068
vn 0.9676 -0.1450 -0.2068
vn 0.9676 -0.1450 -0.2068
vn 0.9676 -0.1450 -0.2068
vn 0.9676 -0.1450 -0.2068
vn 0.9676 -0.1450 -0.2068
vn 0.9676 -0.1450 -0.2068
vn 0.9676 -0.1450 -0.2068
vn 0.9676 -0.1450 -0.2068
vn 0.9676 -0.1450 -0.2068
vn 0.9676 -0.1450 -0.2068
vn 0.9676 -0.1450 -0.2068
vn 0.9676 -0.1450 -0.2068
vn 0.9676 -0.1450 -0.2068
vn 0.9676 -0.1450 -0.2068
vn 0.9676 -0.1450 -0.2068
vn 0.9676 -0.1450 -0.2068
vn 0.9676 -0.1450 -0.2068
vn 0.9676 -0.1450 -0.2068
vn 0.9676 -0.1450 -0.2068
vn 0.9676 -0.1450 -0.2068
vn 0.9676 -0.1450 -0.2068
vn 0.9676 -0.1450 -0.2068
vn 0.9676 -0.1450 -0.2068
vn 0.9676 -0.1450 -0.2068
vn 0.9676 -0.1450 -0.2068
vn 0.9676 -0.1450 -0.2068
vn 0.9676 -0.1450 -0.2068
vn 0.9676 -0.1450 -0.2068
vn 0.9676 -0.1450 -0.2068
vn 0.9676 -0.1450 -0.2068
vn 0.9676 -0.1450 -0.2068
vn 0.9676 -0.1450 -0.2068
vn 0.9676 -0.1450 -0.2068
vn 0.9676 -0.1450 -0.2068
vn 0.9676 -0.1450 -0.2068
vn 0.9676 -0.1450 -0.2068
vn 0.9676 -0.1450 -0.2068
vn 0.9676 -0.1450 -0.2068
vn 0.9676 -0.1450 -0.2068
vn 0.9676 -0.1450 -0.2068
vn 0.9676 -0.1450 -0.2068
vn -0.1852 -0.9640 -0.1906
vn -0.1957 -0.9480 -0.2511
vn -0.1957 -0.9480 -0.2511
vn -0.1719 -0.9780 -0.1186
vn -0.1957 -0.9480 -0.2511
vn -0.1852 -0.9640 -0.1906
vn -0.1587 -0.9860 -0.0513
vn -0.1957 -0.9480 -0.2511
vn -0.1719 -0.9780 -0.1186
vn -0.1443 -0.9894 0.0184
vn -0.1957 -0.9480 -0.2511
vn -0.1587 -0.9860 -0.0513
vn -0.1295 -0.9878 0.0867
vn -0.1957 -0.9480 -0.2511
vn -0.1443 -0.9894 0.0184
vn -0.1145 -0.9817 0.1523
vn -0.1957 -0.9480 -0.2511
vn -0.1295 -0.9878 0.0867
vn -0.0982 -0.9703 0.2210
vn -0.1957 -0.9480 -0.2511
vn -0.1145 -0.9817 0.1523
vn -0.0805 -0.9531 0.2917
vn -0.1957 -0.9480 -0.2511
vn -0.0982 -0.9703 0.2210
vn -0.0636 -0.9323 0.3560
vn -0.1957 -0.9480 -0.2511
vn -0.0805 -0.9531 0.2917
vn -0.0480 -0.9094 0.4131
vn -0.1957 -0.9480 -0.2511
vn -0.0636 -0.9323 0.3560
vn -0.0321 -0.8828 0.4687
vn -0.1957 -0.9480 -0.2511
vn -0.0480 -0.9094 0.4131
vn -0.0157 -0.8518 0.5236
vn -0.1957 -0.9480 -0.2511
vn -0.0321 -0.8828 0.4687
vn 0.0015 -0.8155 0.5787
vn -0.1957 -0.9480 -0.2511
vn -0.0157 -0.8518 0.5236
vn 0.0198 -0.7727 0.6344
vn -0.1957 -0.9480 -0.2511
vn 0.0015 -0.8155 0.5787
vn 0.0375 -0.7273 0.6853
vn -0.1957 -0.9480 -0.2511
vn 0.0198 -0.7727 0.6344
vn 0.0545 -0.6797 0.7314
vn -0.1957 -0.9480 -0.2511
vn 0.0375 -0.7273 0.6853
vn 0.0726 -0.6246 0.7776
vn -0.1957 -0.9480 -0.2511
vn 0.0545 -0.6797 0.7314
vn 0.0899 -0.5676 0.8184
vn -0.1957 -0.9480 -0.2511
vn 0.0726 -0.6246 0.7776
vn 0.1061 -0.5097 0.8538
vn -0.1957 -0.9480 -0.2511
vn 0.0899 -0.5676 0.8184
vn 0.1229 -0.4450 0.8871
vn -0.1957 -0.9480 -0.2511
vn 0.1061 -0.5097 0.8538
vn 0.1383 -0.3808 0.9142
vn -0.1957 -0.9480 -0.2511
vn 0.1229 -0.4450 0.8871
vn 0.1523 -0.3183 0.9357
vn -0.1957 -0.9480 -0.2511
vn 0.1383 -0.3808 0.9142
vn 0.1660 -0.2522 0.9533
vn -0.1957 -0.9480 -0.2511
vn 0.1523 -0.3183 0.9357
vn 0.1957 0.9480 0.2511
vn -0.1957 -0.9480 -0.2511
vn 0.1660 -0.2522 0.9533
vn 0.1957 0.9480 0.2511
vn 0.1660 -0.2522 0.9533
vn 0.1785 -0.1869 0.9660
vn 0.1957 0.9480 0.2511
vn 0.1785 -0.1869 0.9660
vn 0.1897 -0.1237 0.9740
vn 0.1957 0.9480 0.2511
vn 0.1897 -0.1237 0.9740
vn 0.1995 -0.0633 0.9778
vn 0.1957 0.9480 0.2511
vn 0.1995 -0.0633 0.9778
vn 0.2082 -0.0057 0.9781
vn 0.1957 0.9480 0.2511
vn 0.2082 -0.0057 0.9781
vn 0.2158 0.0488 0.9752
vn 0.1957 0.9480 0.2511
vn 0.2158 0.0488 0.9752
vn 0.2223 0.1002 0.9698
vn 0.1957 0.9480 0.2511
vn 0.2223 0.1002 0.9698
vn 0.2280 0.1487 0.9623
vn 0.1957 0.9480 0.2511
vn 0.2280 0.1487 0.9623
vn 0.2328 0.1943 0.9529
vn 0.1957 0.9480 0.2511
vn 0.2328 0.1943 0.9529
vn 0.2369 0.2372 0.9421
vn 0.1957 0.9480 0.2511
vn 0.2369 0.2372 0.9421
vn 0.2404 0.2776 0.9301
vn 0.1957 0.9480 0.2511
vn 0.2404 0.2776 0.9301
vn 0.2442 0.3281 0.9125
vn 0.1957 0.9480 0.2511
vn 0.2442 0.3281 0.9125
vn 0.2475 0.3808 0.8909
vn 0.1957 0.9480 0.2511
vn 0.2475 0.3808 0.8909
vn 0.2499 0.4299 0.8676
vn 0.1957 0.9480 0.2511
vn 0.2499 0.4299 0.8676
vn 0.2515 0.4759 0.8428
vn 0.1957 0.9480 0.2511
vn 0.2515 0.4759 0.8428
vn 0.2523 0.5196 0.8163
vn 0.1957 0.9480 0.2511
vn 0.2523 0.5196 0.8163
vn 0.2526 0.5615 0.7880
vn 0.1957 0.9480 0.2511
vn 0.2526 0.5615 0.7880
vn 0.2521 0.6020 0.7576
vn 0.1957 0.9480 0.2511
vn 0.2521 0.6020 0.7576
vn 0.2511 0.6405 0.7257
vn 0.1957 0.9480 0.2511
vn 0.2511 0.6405 0.7257
vn 0.2495 0.6767 0.6927
vn 0.1957 0.9480 0.2511
vn 0.2495 0.6767 0.6927
vn 0.2473 0.7104 0.6589
vn 0.1957 0.9480 0.2511
vn 0.2473 0.7104 0.6589
vn 0.2446 0.7416 0.6247
vn 0.1957 0.9480 0.2511
vn 0.2446 0.7416 0.6247
vn 0.2416 0.7701 0.5903
vn 0.1957 0.9480 0.2511
vn 0.2416 0.7701 0.5903
vn 0.2382 0.7961 0.5562
vn 0.1957 0.9480 0.2511
vn 0.2382 0.7961 0.5562
vn 0.2333 0.8270 0.5116
vn 0.1957 0.9480 0.2511
vn 0.2333 0.8270 0.5116
vn 0.2273 0.8567 0.4629
vn 0.1957 0.9480 0.2511
vn 0.2273 0.8567 0.4629
vn 0.2212 0.8818 0.4166
vn 0.1957 0.9480 0.2511
vn 0.2212 0.8818 0.4166
vn 0.2150 0.9026 0.3729
vn 0.1957 0.9480 0.2511
vn 0.2150 0.9026 0.3729
vn 0.2088 0.9198 0.3321
vn 0.1957 0.9480 0.2511
vn 0.2088 0.9198 0.3321
vn 0.2021 0.9355 0.2897
vn 0.1957 0.9480 0.2511
vn 0.1957 0.9480 0.2511
vn 0.2021 0.9355 0.2897
vn 0.5718 -0.5985 0.5600
vn 0.6003 -0.5965 0.5327
vn 0.5767 -0.5983 0.5561
vn 0.6219 -0.5944 0.5097
vn 0.5771 -0.5983 0.5556
vn 0.5767 -0.5983 0.5561
vn 0.6219 -0.5944 0.5097
vn 0.5767 -0.5983 0.5561
vn 0.6003 -0.5965 0.5327
vn 0.6219 -0.5944 0.5097
vn 0.6003 -0.5965 0.5327
vn 0.6476 -0.5914 0.4804
vn 0.6667 -0.5887 0.4570
vn 0.6219 -0.5944 0.5097
vn 0.6476 -0.5914 0.4804
vn 0.6667 -0.5887 0.4570
vn 0.6476 -0.5914 0.4804
vn 0.6910 -0.5847 0.4249
vn 0.7076 -0.5815 0.4014
vn 0.6667 -0.5887 0.4570
vn 0.6910 -0.5847 0.4249
vn 0.7076 -0.5815 0.4014
vn 0.6910 -0.5847 0.4249
vn 0.7302 -0.5765 0.3666
vn 0.7444 -0.5728 0.3432
vn 0.7076 -0.5815 0.4014
vn 0.7302 -0.5765 0.3666
vn 0.7444 -0.5728 0.3432
vn 0.7302 -0.5765 0.3666
vn 0.7651 -0.5667 0.3058
vn 0.7768 -0.5627 0.2827
vn 0.7444 -0.5728 0.3432
vn 0.7651 -0.5667 0.3058
vn 0.7768 -0.5627 0.2827
vn 0.7651 -0.5667 0.3058
vn 0.7953 -0.5555 0.2428
vn 0.8048 -0.5512 0.2202
vn 0.7768 -0.5627 0.2827
vn 0.7953 -0.5555 0.2428
vn 0.8048 -0.5512 0.2202
vn 0.7953 -0.5555 0.2428
vn 0.8207 -0.5429 0.1780
vn 0.8281 -0.5385 0.1561
vn 0.8048 -0.5512 0.2202
vn 0.8207 -0.5429 0.1780
vn 0.8281 -0.5385 0.1561
vn 0.8207 -0.5429 0.1780
vn 0.8412 -0.5290 0.1117
vn 0.8466 -0.5244 0.0907
vn 0.8281 -0.5385 0.1561
vn 0.8412 -0.5290 0.1117
vn 0.8466 -0.5244 0.0907
vn 0.8412 -0.5290 0.1117
vn 0.8567 -0.5139 0.0444
vn 0.8603 -0.5092 0.0244
vn 0.8466 -0.5244 0.0907
vn 0.8567 -0.5139 0.0444
vn 0.8603 -0.5092 0.0244
vn 0.8567 -0.5139 0.0444
vn 0.8671 -0.4976 -0.0237
vn 0.8690 -0.4929 -0.0425
vn 0.8603 -0.5092 0.0244
vn 0.8671 -0.4976 -0.0237
vn 0.8690 -0.4929 -0.0425
vn 0.8671 -0.4976 -0.0237
vn 0.8723 -0.4803 -0.0921
vn 0.8728 -0.4757 -0.1097
vn 0.8723 -0.4803 -0.0921
vn 0.8723 -0.4620 -0.1604
vn 0.8728 -0.4757 -0.1097
vn 0.8690 -0.4929 -0.0425
vn 0.8723 -0.4803 -0.0921
vn 0.8715 -0.4575 -0.1766
vn 0.8728 -0.4757 -0.1097
vn 0.8723 -0.4620 -0.1604
vn 0.8676 -0.4443 -0.2233
vn 0.8723 -0.4620 -0.1604
vn 0.8671 -0.4428 -0.2283
vn 0.8676 -0.4443 -0.2233
vn 0.8715 -0.4575 -0.1766
vn 0.8723 -0.4620 -0.1604
vn 0.8613 -0.4306 -0.2697
vn 0.8671 -0.4428 -0.2283
vn 0.8567 -0.4229 -0.2954
vn 0.8613 -0.4306 -0.2697
vn 0.8676 -0.4443 -0.2233
vn 0.8671 -0.4428 -0.2283
vn 0.8525 -0.4166 -0.3159
vn 0.8567 -0.4229 -0.2954
vn 0.8412 -0.4023 -0.3613
vn 0.8525 -0.4166 -0.3159
vn 0.8613 -0.4306 -0.2697
vn 0.8567 -0.4229 -0.2954
vn 0.8412 -0.4023 -0.3613
vn 0.8525 -0.4166 -0.3159
vn 0.8412 -0.4023 -0.3613
vn 0.1852 0.9640 0.1906
vn 0.1957 0.9480 0.2511
vn 0.1957 0.9480 0.2511
vn 0.1719 0.9780 0.1186
vn 0.1957 0.9480 0.2511
vn 0.1852 0.9640 0.1906
vn 0.1587 0.9860 0.0513
vn 0.1957 0.9480 0.2511
vn 0.1719 0.9780 0.1186
vn 0.1443 0.9894 -0.0184
vn 0.1957 0.9480 0.2511
vn 0.1587 0.9860 0.0513
vn 0.1295 0.9878 -0.0867
vn 0.1957 0.9480 0.2511
vn 0.1443 0.9894 -0.0184
vn 0.1145 0.9817 -0.1523
vn 0.1957 0.9480 0.2511
vn 0.1295 0.9878 -0.0867
vn 0.0982 0.9703 -0.2210
vn 0.1957 0.9480 0.2511
vn 0.1145 0.9817 -0.1523
vn 0.0805 0.9531 -0.2917
vn 0.1957 0.9480 0.2511
vn 0.0982 0.9703 -0.2210
vn 0.0636 0.9323 -0.3560
vn 0.1957 0.9480 0.2511
vn 0.0805 0.9531 -0.2917
vn 0.0480 0.9094 -0.4131
vn 0.1957 0.9480 0.2511
vn 0.0636 0.9323 -0.3560
vn 0.0321 0.8828 -0.4687
vn 0.1957 0.9480 0.2511
vn 0.0480 0.9094 -0.4131
vn 0.0157 0.8518 -0.5236
vn 0.1957 0.9480 0.2511
vn 0.0321 0.8828 -0.4687
vn -0.0015 0.8155 -0.5787
vn 0.1957 0.9480 0.2511
vn 0.0157 0.8518 -0.5236
vn -0.0198 0.7727 -0.6344
vn 0.1957 0.9480 0.2511
vn -0.0015 0.8155 -0.5787
vn -0.0375 0.7273 -0.6853
vn 0.1957 0.9480 0.2511
vn -0.0198 0.7727 -0.6344
vn -0.0545 0.6797 -0.7314
vn 0.1957 0.9480 0.2511
vn -0.0375 0.7273 -0.6853
vn -0.0726 0.6246 -0.7776
vn 0.1957 0.9480 0.2511
vn -0.0545 0.6797 -0.7314
vn -0.0899 0.5676 -0.8184
vn 0.1957 0.9480 0.2511
vn -0.0726 0.6246 -0.7776
vn -0.1061 0.5097 -0.8538
vn 0.1957 0.9480 0.2511
vn -0.0899 0.5676 -0.8184
vn -0.1229 0.4450 -0.8871
vn 0.1957 0.9480 0.2511
vn -0.1061 0.5097 -0.8538
vn -0.1383 0.3808 -0.9142
vn 0.1957 0.9480 0.2511
vn -0.1229 0.4450 -0.8871
vn -0.1523 0.3183 -0.9357
vn 0.1957 0.9480 0.2511
vn -0.1383 0.3808 -0.9142
vn -0.1660 0.2522 -0.9533
vn 0.1957 0.9480 0.2511
vn -0.1523 0.3183 -0.9357
vn -0.1957 -0.9480 -0.2511
vn 0.1957 0.9480 0.2511
vn -0.1660 0.2522 -0.9533
vn -0.1957 -0.9480 -0.2511
vn -0.1660 0.2522 -0.9533
vn -0.1785 0.1869 -0.9660
vn -0.1957 -0.9480 -0.2511
vn -0.1785 0.1869 -0.9660
vn -0.1897 0.1237 -0.9740
vn -0.1957 -0.9480 -0.2511
vn -0.1897 0.1237 -0.9740
vn -0.1995 0.0633 -0.9778
vn -0.1957 -0.9480 -0.2511
vn -0.1995 0.0633 -0.9778
vn -0.2082 0.0057 -0.9781
vn -0.1957 -0.9480 -0.2511
vn -0.2082 0.0057 -0.9781
vn -0.2158 -0.0488 -0.9752
vn -0.1957 -0.9480 -0.2511
vn -0.2158 -0.0488 -0.9752
vn -0.2223 -0.1002 -0.9698
vn -0.1957 -0.9480 -0.2511
vn -0.2223 -0.1002 -0.9698
vn -0.2280 -0.1487 -0.9623
vn -0.1957 -0.9480 -0.2511
vn -0.2280 -0.1487 -0.9623
vn -0.2328 -0.1943 -0.9529
vn -0.1957 -0.9480 -0.2511
vn -0.2328 -0.1943 -0.9529
vn -0.2369 -0.2372 -0.9421
vn -0.1957 -0.9480 -0.2511
vn -0.2369 -0.2372 -0.9421
vn -0.2404 -0.2776 -0.9301
vn -0.1957 -0.9480 -0.2511
vn -0.2404 -0.2776 -0.9301
vn -0.2442 -0.3281 -0.9125
vn -0.1957 -0.9480 -0.2511
vn -0.2442 -0.3281 -0.9125
vn -0.2475 -0.3808 -0.8909
vn -0.1957 -0.9480 -0.2511
vn -0.2475 -0.3808 -0.8909
vn -0.2499 -0.4299 -0.8676
vn -0.1957 -0.9480 -0.2511
vn -0.2499 -0.4299 -0.8676
vn -0.2515 -0.4759 -0.8428
vn -0.1957 -0.9480 -0.2511
vn -0.2515 -0.4759 -0.8428
vn -0.2523 -0.5196 -0.8163
vn -0.1957 -0.9480 -0.2511
vn -0.2523 -0.5196 -0.8163
vn -0.2526 -0.5615 -0.7880
vn -0.1957 -0.9480 -0.2511
vn -0.2526 -0.5615 -0.7880
vn -0.2521 -0.6020 -0.7576
vn -0.1957 -0.9480 -0.2511
vn -0.2521 -0.6020 -0.7576
vn -0.2511 -0.6405 -0.7257
vn -0.1957 -0.9480 -0.2511
vn -0.2511 -0.6405 -0.7257
vn -0.2495 -0.6767 -0.6927
vn -0.1957 -0.9480 -0.2511
vn -0.2495 -0.6767 -0.6927
vn -0.2473 -0.7104 -0.6589
vn -0.1957 -0.9480 -0.2511
vn -0.2473 -0.7104 -0.6589
vn -0.2446 -0.7416 -0.6247
vn -0.1957 -0.9480 -0.2511
vn -0.2446 -0.7416 -0.6247
vn -0.2416 -0.7701 -0.5903
vn -0.1957 -0.9480 -0.2511
vn -0.2416 -0.7701 -0.5903
vn -0.2382 -0.7961 -0.5562
vn -0.1957 -0.9480 -0.2511
vn -0.2382 -0.7961 -0.5562
vn -0.2333 -0.8270 -0.5116
vn -0.1957 -0.9480 -0.2511
vn -0.2333 -0.8270 -0.5116
vn -0.2273 -0.8567 -0.4629
vn -0.1957 -0.9480 -0.2511
vn -0.2273 -0.8567 -0.4629
vn -0.2212 -0.8818 -0.4166
vn -0.1957 -0.9480 -0.2511
vn -0.2212 -0.8818 -0.4166
vn -0.2150 -0.9026 -0.3729
vn -0.1957 -0.9480 -0.2511
vn -0.2150 -0.9026 -0.3729
vn -0.2088 -0.9198 -0.3321
vn -0.1957 -0.9480 -0.2511
vn -0.2088 -0.9198 -0.3321
vn -0.2021 -0.9355 -0.2897
vn -0.1957 -0.9480 -0.2511
vn -0.1957 -0.9480 -0.2511
vn -0.2021 -0.9355 -0.2897
vn -0.2728 -0.9321 -0.2383
vn -0.2781 -0.9292 -0.2435
vn -0.2799 -0.9267 -0.2509
vn -0.2654 -0.9346 -0.2367
vn -0.2728 -0.9321 -0.2383
vn -0.2799 -0.9267 -0.2509
vn -0.2465 -0.9357 -0.2524
vn -0.2654 -0.9346 -0.2367
vn -0.2799 -0.9267 -0.2509
vn -0.2464 -0.9372 -0.2468
vn -0.2654 -0.9346 -0.2367
vn -0.2465 -0.9357 -0.2524
vn -0.2458 -0.9389 -0.2411
vn -0.2386 -0.9415 -0.2379
vn -0.2654 -0.9346 -0.2367
vn -0.2458 -0.9389 -0.2411
vn -0.2654 -0.9346 -0.2367
vn -0.2464 -0.9372 -0.2468
vn -0.2458 -0.9389 -0.2411
vn -0.2464 -0.9372 -0.2468
vn -0.2386 -0.9415 -0.2379
vn -0.2319 -0.9408 -0.2470
vn -0.2465 -0.9357 -0.2524
vn -0.2329 -0.9389 -0.2529
vn -0.2315 -0.9413 -0.2455
vn -0.2464 -0.9372 -0.2468
vn -0.2465 -0.9357 -0.2524
vn -0.2315 -0.9413 -0.2455
vn -0.2465 -0.9357 -0.2524
vn -0.2319 -0.9408 -0.2470
vn -0.2307 -0.9422 -0.2427
vn -0.2386 -0.9415 -0.2379
vn -0.2464 -0.9372 -0.2468
vn -0.2307 -0.9422 -0.2427
vn -0.2464 -0.9372 -0.2468
vn -0.2315 -0.9413 -0.2455
vn -0.2290 -0.9438 -0.2383
vn -0.2386 -0.9415 -0.2379
vn -0.2298 -0.9431 -0.2402
vn -0.2298 -0.9431 -0.2402
vn -0.2386 -0.9415 -0.2379
vn -0.2307 -0.9422 -0.2427
vn -0.2936 -0.9226 -0.2501
vn -0.2984 -0.9212 -0.2498
vn -0.2979 -0.9189 -0.2586
vn -0.2527 -0.9119 -0.3236
vn -0.2655 -0.9059 -0.3301
vn -0.2593 -0.9053 -0.3363
vn -0.2527 -0.9119 -0.3236
vn -0.2593 -0.9053 -0.3363
vn -0.2589 -0.9056 -0.3359
vn -0.2527 -0.9119 -0.3236
vn -0.2589 -0.9056 -0.3359
vn -0.2495 -0.9116 -0.3265
vn -0.2588 -0.9125 -0.3168
vn -0.2713 -0.9066 -0.3233
vn -0.2655 -0.9059 -0.3301
vn -0.2588 -0.9125 -0.3168
vn -0.2655 -0.9059 -0.3301
vn -0.2527 -0.9119 -0.3236
vn -0.2643 -0.9134 -0.3095
vn -0.2766 -0.9075 -0.3161
vn -0.2713 -0.9066 -0.3233
vn -0.2643 -0.9134 -0.3095
vn -0.2713 -0.9066 -0.3233
vn -0.2588 -0.9125 -0.3168
vn -0.2409 -0.9188 -0.3126
vn -0.2431 -0.9156 -0.3201
vn -0.2382 -0.9187 -0.3152
vn -0.2409 -0.9188 -0.3126
vn -0.2527 -0.9119 -0.3236
vn -0.2495 -0.9116 -0.3265
vn -0.2409 -0.9188 -0.3126
vn -0.2495 -0.9116 -0.3265
vn -0.2431 -0.9156 -0.3201
vn -0.2409 -0.9188 -0.3126
vn -0.2588 -0.9125 -0.3168
vn -0.2527 -0.9119 -0.3236
vn -0.2692 -0.9146 -0.3019
vn -0.2857 -0.9099 -0.3007
vn -0.2815 -0.9086 -0.3085
vn -0.2692 -0.9146 -0.3019
vn -0.2815 -0.9086 -0.3085
vn -0.2766 -0.9075 -0.3161
vn -0.2692 -0.9146 -0.3019
vn -0.2766 -0.9075 -0.3161
vn -0.2643 -0.9134 -0.3095
vn -0.2460 -0.9194 -0.3069
vn -0.2588 -0.9125 -0.3168
vn -0.2409 -0.9188 -0.3126
vn -0.2735 -0.9159 -0.2938
vn -0.2894 -0.9114 -0.2926
vn -0.2857 -0.9099 -0.3007
vn -0.2735 -0.9159 -0.2938
vn -0.2857 -0.9099 -0.3007
vn -0.2692 -0.9146 -0.3019
vn -0.2506 -0.9202 -0.3008
vn -0.2643 -0.9134 -0.3095
vn -0.2588 -0.9125 -0.3168
vn -0.2506 -0.9202 -0.3008
vn -0.2588 -0.9125 -0.3168
vn -0.2460 -0.9194 -0.3069
vn -0.2770 -0.9175 -0.2855
vn -0.2924 -0.9131 -0.2843
vn -0.2894 -0.9114 -0.2926
vn -0.2770 -0.9175 -0.2855
vn -0.2894 -0.9114 -0.2926
vn -0.2735 -0.9159 -0.2938
vn -0.2547 -0.9211 -0.2944
vn -0.2692 -0.9146 -0.3019
vn -0.2643 -0.9134 -0.3095
vn -0.2547 -0.9211 -0.2944
vn -0.2643 -0.9134 -0.3095
vn -0.2506 -0.9202 -0.3008
vn -0.2279 -0.9246 -0.3049
vn -0.2409 -0.9188 -0.3126
vn -0.2382 -0.9187 -0.3152
vn -0.2799 -0.9192 -0.2770
vn -0.2949 -0.9149 -0.2758
vn -0.2924 -0.9131 -0.2843
vn -0.2799 -0.9192 -0.2770
vn -0.2924 -0.9131 -0.2843
vn -0.2770 -0.9175 -0.2855
vn -0.2583 -0.9222 -0.2877
vn -0.2735 -0.9159 -0.2938
vn -0.2692 -0.9146 -0.3019
vn -0.2583 -0.9222 -0.2877
vn -0.2692 -0.9146 -0.3019
vn -0.2547 -0.9211 -0.2944
vn -0.2583 -0.9222 -0.2877
vn -0.2770 -0.9175 -0.2855
vn -0.2735 -0.9159 -0.2938
vn -0.2227 -0.9289 -0.2957
vn -0.2409 -0.9188 -0.3126
vn -0.2279 -0.9246 -0.3049
vn -0.2227 -0.9289 -0.2957
vn -0.2279 -0.9246 -0.3049
vn -0.2207 -0.9288 -0.2977
vn -0.2820 -0.9211 -0.2683
vn -0.2967 -0.9168 -0.2672
vn -0.2949 -0.9149 -0.2758
vn -0.2820 -0.9211 -0.2683
vn -0.2949 -0.9149 -0.2758
vn -0.2799 -0.9192 -0.2770
vn -0.2820 -0.9211 -0.2683
vn -0.2734 -0.9239 -0.2679
vn -0.2781 -0.9235 -0.2643
vn -0.2820 -0.9211 -0.2683
vn -0.2781 -0.9235 -0.2643
vn -0.2816 -0.9238 -0.2595
vn -0.2820 -0.9211 -0.2683
vn -0.2799 -0.9192 -0.2770
vn -0.2734 -0.9239 -0.2679
vn -0.2613 -0.9235 -0.2808
vn -0.2799 -0.9192 -0.2770
vn -0.2770 -0.9175 -0.2855
vn -0.2613 -0.9235 -0.2808
vn -0.2770 -0.9175 -0.2855
vn -0.2583 -0.9222 -0.2877
vn -0.2263 -0.9293 -0.2917
vn -0.2460 -0.9194 -0.3069
vn -0.2409 -0.9188 -0.3126
vn -0.2263 -0.9293 -0.2917
vn -0.2506 -0.9202 -0.3008
vn -0.2460 -0.9194 -0.3069
vn -0.2263 -0.9293 -0.2917
vn -0.2409 -0.9188 -0.3126
vn -0.2227 -0.9289 -0.2957
vn -0.2833 -0.9232 -0.2595
vn -0.2979 -0.9189 -0.2586
vn -0.2967 -0.9168 -0.2672
vn -0.2833 -0.9232 -0.2595
vn -0.2936 -0.9226 -0.2501
vn -0.2979 -0.9189 -0.2586
vn -0.2833 -0.9232 -0.2595
vn -0.2888 -0.9241 -0.2504
vn -0.2936 -0.9226 -0.2501
vn -0.2833 -0.9232 -0.2595
vn -0.2839 -0.9255 -0.2506
vn -0.2888 -0.9241 -0.2504
vn -0.2833 -0.9232 -0.2595
vn -0.2816 -0.9238 -0.2595
vn -0.2839 -0.9255 -0.2506
vn -0.2833 -0.9232 -0.2595
vn -0.2967 -0.9168 -0.2672
vn -0.2820 -0.9211 -0.2683
vn -0.2833 -0.9232 -0.2595
vn -0.2820 -0.9211 -0.2683
vn -0.2816 -0.9238 -0.2595
vn -0.2637 -0.9250 -0.2736
vn -0.2645 -0.9257 -0.2705
vn -0.2734 -0.9239 -0.2679
vn -0.2637 -0.9250 -0.2736
vn -0.2377 -0.9326 -0.2716
vn -0.2645 -0.9257 -0.2705
vn -0.2637 -0.9250 -0.2736
vn -0.2613 -0.9235 -0.2808
vn -0.2377 -0.9326 -0.2716
vn -0.2637 -0.9250 -0.2736
vn -0.2734 -0.9239 -0.2679
vn -0.2799 -0.9192 -0.2770
vn -0.2637 -0.9250 -0.2736
vn -0.2799 -0.9192 -0.2770
vn -0.2613 -0.9235 -0.2808
vn -0.2296 -0.9299 -0.2874
vn -0.2262 -0.9315 -0.2848
vn -0.2277 -0.9320 -0.2820
vn -0.2296 -0.9299 -0.2874
vn -0.2547 -0.9211 -0.2944
vn -0.2506 -0.9202 -0.3008
vn -0.2296 -0.9299 -0.2874
vn -0.2506 -0.9202 -0.3008
vn -0.2263 -0.9293 -0.2917
vn -0.2197 -0.9303 -0.2936
vn -0.2227 -0.9289 -0.2957
vn -0.2207 -0.9288 -0.2977
vn -0.2197 -0.9303 -0.2936
vn -0.2207 -0.9288 -0.2977
vn -0.2193 -0.9296 -0.2963
vn -0.2197 -0.9303 -0.2936
vn -0.2193 -0.9296 -0.2963
vn -0.2182 -0.9302 -0.2952
vn -0.2325 -0.9305 -0.2829
vn -0.2547 -0.9211 -0.2944
vn -0.2296 -0.9299 -0.2874
vn -0.2325 -0.9305 -0.2829
vn -0.2296 -0.9299 -0.2874
vn -0.2277 -0.9320 -0.2820
vn -0.2325 -0.9305 -0.2829
vn -0.2277 -0.9320 -0.2820
vn -0.2293 -0.9326 -0.2787
vn -0.2200 -0.9303 -0.2932
vn -0.2227 -0.9289 -0.2957
vn -0.2197 -0.9303 -0.2936
vn -0.2229 -0.9307 -0.2897
vn -0.2263 -0.9293 -0.2917
vn -0.2227 -0.9289 -0.2957
vn -0.2229 -0.9307 -0.2897
vn -0.2227 -0.9289 -0.2957
vn -0.2200 -0.9303 -0.2932
vn -0.2350 -0.9313 -0.2782
vn -0.2325 -0.9305 -0.2829
vn -0.2293 -0.9326 -0.2787
vn -0.2350 -0.9313 -0.2782
vn -0.2293 -0.9326 -0.2787
vn -0.2304 -0.9332 -0.2756
vn -0.2350 -0.9313 -0.2782
vn -0.2583 -0.9222 -0.2877
vn -0.2547 -0.9211 -0.2944
vn -0.2350 -0.9313 -0.2782
vn -0.2547 -0.9211 -0.2944
vn -0.2325 -0.9305 -0.2829
vn -0.2232 -0.9308 -0.2893
vn -0.2263 -0.9293 -0.2917
vn -0.2229 -0.9307 -0.2897
vn -0.2371 -0.9322 -0.2733
vn -0.2350 -0.9313 -0.2782
vn -0.2304 -0.9332 -0.2756
vn -0.2371 -0.9322 -0.2733
vn -0.2304 -0.9332 -0.2756
vn -0.2313 -0.9338 -0.2728
vn -0.2371 -0.9322 -0.2733
vn -0.2583 -0.9222 -0.2877
vn -0.2350 -0.9313 -0.2782
vn -0.2371 -0.9322 -0.2733
vn -0.2313 -0.9338 -0.2728
vn -0.2316 -0.9340 -0.2719
vn -0.2371 -0.9322 -0.2733
vn -0.2316 -0.9340 -0.2719
vn -0.2377 -0.9326 -0.2716
vn -0.2371 -0.9322 -0.2733
vn -0.2377 -0.9326 -0.2716
vn -0.2613 -0.9235 -0.2808
vn -0.2371 -0.9322 -0.2733
vn -0.2613 -0.9235 -0.2808
vn -0.2583 -0.9222 -0.2877
vn -0.2236 -0.9309 -0.2889
vn -0.2263 -0.9293 -0.2917
vn -0.2232 -0.9308 -0.2893
vn -0.2262 -0.9315 -0.2848
vn -0.2296 -0.9299 -0.2874
vn -0.2260 -0.9314 -0.2851
vn -0.2260 -0.9314 -0.2851
vn -0.2296 -0.9299 -0.2874
vn -0.2263 -0.9293 -0.2917
vn -0.2260 -0.9314 -0.2851
vn -0.2263 -0.9293 -0.2917
vn -0.2236 -0.9309 -0.2889
vn 0.8567 -0.5139 0.0444
vn 0.8412 -0.5290 0.1117
vn -0.2949 -0.9149 -0.2758
vn 0.8671 -0.4976 -0.0237
vn 0.8567 -0.5139 0.0444
vn -0.2967 -0.9168 -0.2672
vn 0.8723 -0.4803 -0.0921
vn 0.8671 -0.4976 -0.0237
vn -0.2979 -0.9189 -0.2586
vn 0.8723 -0.4620 -0.1604
vn 0.8723 -0.4803 -0.0921
vn -0.2984 -0.9212 -0.2498
vn 0.8671 -0.4428 -0.2283
vn 0.8723 -0.4620 -0.1604
vn -0.2983 -0.9234 -0.2414
vn 0.8567 -0.4229 -0.2954
vn 0.8671 -0.4428 -0.2283
vn -0.2976 -0.9258 -0.2330
vn 0.1402 -0.9311 -0.3367
vn -0.2963 -0.9283 -0.2246
vn -0.2943 -0.9309 -0.2165
vn 0.5462 -0.7421 -0.3885
vn -0.2963 -0.9283 -0.2246
vn 0.1402 -0.9311 -0.3367
vn 0.8412 -0.4023 -0.3613
vn 0.8567 -0.4229 -0.2954
vn -0.2963 -0.9283 -0.2246
vn 0.8412 -0.4023 -0.3613
vn -0.2963 -0.9283 -0.2246
vn 0.5462 -0.7421 -0.3885
vn 0.3555 -0.8759 0.3125
vn 0.6003 -0.5965 0.5327
vn 0.5718 -0.5985 0.5600
vn 0.3660 -0.8874 0.2803
vn -0.2344 -0.9046 -0.3120
vn -0.2593 -0.9053 -0.3363
vn 0.3660 -0.8874 0.2803
vn -0.2593 -0.9053 -0.3363
vn -0.2655 -0.9059 -0.3301
vn 0.3660 -0.8874 0.2803
vn 0.0603 -0.9941 -0.0068
vn -0.2344 -0.9046 -0.3120
vn 0.3660 -0.8874 0.2803
vn 0.3449 -0.8890 0.3011
vn 0.0603 -0.9941 -0.0068
vn 0.3660 -0.8874 0.2803
vn 0.6003 -0.5965 0.5327
vn 0.3555 -0.8759 0.3125
vn 0.3660 -0.8874 0.2803
vn 0.3555 -0.8759 0.3125
vn 0.3449 -0.8890 0.3011
vn 0.0639 -0.9973 -0.0361
vn 0.3660 -0.8874 0.2803
vn -0.2655 -0.9059 -0.3301
vn 0.3802 -0.8861 0.2652
vn 0.3660 -0.8874 0.2803
vn 0.0639 -0.9973 -0.0361
vn 0.3802 -0.8861 0.2652
vn 0.6476 -0.5914 0.4804
vn 0.6003 -0.5965 0.5327
vn 0.3802 -0.8861 0.2652
vn 0.6003 -0.5965 0.5327
vn 0.3660 -0.8874 0.2803
vn 0.4014 -0.8836 0.2411
vn -0.2655 -0.9059 -0.3301
vn -0.2713 -0.9066 -0.3233
vn 0.4014 -0.8836 0.2411
vn 0.0639 -0.9973 -0.0361
vn -0.2655 -0.9059 -0.3301
vn 0.4014 -0.8836 0.2411
vn 0.3802 -0.8861 0.2652
vn 0.0639 -0.9973 -0.0361
vn 0.4014 -0.8836 0.2411
vn 0.6476 -0.5914 0.4804
vn 0.3802 -0.8861 0.2652
vn 0.0793 -0.9954 -0.0541
vn 0.4014 -0.8836 0.2411
vn -0.2713 -0.9066 -0.3233
vn 0.4138 -0.8819 0.2260
vn 0.6910 -0.5847 0.4249
vn 0.6476 -0.5914 0.4804
vn 0.4138 -0.8819 0.2260
vn 0.4014 -0.8836 0.2411
vn 0.0793 -0.9954 -0.0541
vn 0.4138 -0.8819 0.2260
vn 0.6476 -0.5914 0.4804
vn 0.4014 -0.8836 0.2411
vn 0.4339 -0.8786 0.1996
vn 0.0793 -0.9954 -0.0541
vn -0.2713 -0.9066 -0.3233
vn 0.4339 -0.8786 0.1996
vn 0.4138 -0.8819 0.2260
vn 0.0793 -0.9954 -0.0541
vn 0.4339 -0.8786 0.1996
vn 0.6910 -0.5847 0.4249
vn 0.4138 -0.8819 0.2260
vn 0.4339 -0.8786 0.1996
vn -0.2713 -0.9066 -0.3233
vn -0.2766 -0.9075 -0.3161
vn 0.0934 -0.9929 -0.0732
vn 0.4339 -0.8786 0.1996
vn -0.2766 -0.9075 -0.3161
vn 0.4445 -0.8765 0.1846
vn 0.6910 -0.5847 0.4249
vn 0.4339 -0.8786 0.1996
vn 0.4445 -0.8765 0.1846
vn 0.4339 -0.8786 0.1996
vn 0.0934 -0.9929 -0.0732
vn 0.4445 -0.8765 0.1846
vn 0.7302 -0.5765 0.3666
vn 0.6910 -0.5847 0.4249
vn 0.4632 -0.8724 0.1560
vn 0.0934 -0.9929 -0.0732
vn -0.2766 -0.9075 -0.3161
vn 0.4632 -0.8724 0.1560
vn 0.4445 -0.8765 0.1846
vn 0.0934 -0.9929 -0.0732
vn 0.4632 -0.8724 0.1560
vn 0.7302 -0.5765 0.3666
vn 0.4445 -0.8765 0.1846
vn 0.4632 -0.8724 0.1560
vn -0.2766 -0.9075 -0.3161
vn -0.2815 -0.9086 -0.3085
vn 0.1061 -0.9900 -0.0931
vn 0.4632 -0.8724 0.1560
vn -0.2815 -0.9086 -0.3085
vn 0.4722 -0.8701 0.1412
vn 0.7651 -0.5667 0.3058
vn 0.7302 -0.5765 0.3666
vn 0.4722 -0.8701 0.1412
vn 0.7302 -0.5765 0.3666
vn 0.4632 -0.8724 0.1560
vn 0.4722 -0.8701 0.1412
vn 0.4632 -0.8724 0.1560
vn 0.1061 -0.9900 -0.0931
vn 0.4892 -0.8651 0.1105
vn 0.7651 -0.5667 0.3058
vn 0.4722 -0.8701 0.1412
vn 0.4892 -0.8651 0.1105
vn 0.1061 -0.9900 -0.0931
vn -0.2815 -0.9086 -0.3085
vn 0.4892 -0.8651 0.1105
vn 0.4722 -0.8701 0.1412
vn 0.1061 -0.9900 -0.0931
vn 0.4892 -0.8651 0.1105
vn -0.2815 -0.9086 -0.3085
vn -0.2857 -0.9099 -0.3007
vn 0.1174 -0.9865 -0.1138
vn 0.4892 -0.8651 0.1105
vn -0.2857 -0.9099 -0.3007
vn 0.4966 -0.8626 0.0962
vn 0.7953 -0.5555 0.2428
vn 0.7651 -0.5667 0.3058
vn 0.4966 -0.8626 0.0962
vn 0.7651 -0.5667 0.3058
vn 0.4892 -0.8651 0.1105
vn 0.4966 -0.8626 0.0962
vn 0.4892 -0.8651 0.1105
vn 0.1174 -0.9865 -0.1138
vn 0.5118 -0.8567 0.0634
vn 0.7953 -0.5555 0.2428
vn 0.4966 -0.8626 0.0962
vn 0.5118 -0.8567 0.0634
vn 0.1174 -0.9865 -0.1138
vn -0.2857 -0.9099 -0.3007
vn 0.5118 -0.8567 0.0634
vn 0.4966 -0.8626 0.0962
vn 0.1174 -0.9865 -0.1138
vn 0.5118 -0.8567 0.0634
vn -0.2857 -0.9099 -0.3007
vn -0.2894 -0.9114 -0.2926
vn 0.1271 -0.9826 -0.1352
vn 0.5118 -0.8567 0.0634
vn -0.2894 -0.9114 -0.2926
vn 0.5177 -0.8541 0.0496
vn 0.8207 -0.5429 0.1780
vn 0.7953 -0.5555 0.2428
vn 0.5177 -0.8541 0.0496
vn 0.7953 -0.5555 0.2428
vn 0.5118 -0.8567 0.0634
vn 0.5177 -0.8541 0.0496
vn 0.5118 -0.8567 0.0634
vn 0.1271 -0.9826 -0.1352
vn 0.5309 -0.8473 0.0149
vn 0.8207 -0.5429 0.1780
vn 0.5177 -0.8541 0.0496
vn 0.5309 -0.8473 0.0149
vn 0.1271 -0.9826 -0.1352
vn -0.2894 -0.9114 -0.2926
vn 0.5309 -0.8473 0.0149
vn 0.5177 -0.8541 0.0496
vn 0.1271 -0.9826 -0.1352
vn 0.5309 -0.8473 0.0149
vn -0.2894 -0.9114 -0.2926
vn -0.2924 -0.9131 -0.2843
vn 0.1352 -0.9783 -0.1572
vn 0.5309 -0.8473 0.0149
vn -0.2924 -0.9131 -0.2843
vn 0.5353 -0.8447 0.0018
vn 0.8412 -0.5290 0.1117
vn 0.8207 -0.5429 0.1780
vn 0.5353 -0.8447 0.0018
vn 0.8207 -0.5429 0.1780
vn 0.5309 -0.8473 0.0149
vn 0.5353 -0.8447 0.0018
vn 0.5309 -0.8473 0.0149
vn 0.1352 -0.9783 -0.1572
vn 0.5462 -0.8369 -0.0346
vn -0.2949 -0.9149 -0.2758
vn 0.8412 -0.5290 0.1117
vn 0.5462 -0.8369 -0.0346
vn 0.8412 -0.5290 0.1117
vn 0.5353 -0.8447 0.0018
vn 0.5462 -0.8369 -0.0346
vn 0.1352 -0.9783 -0.1572
vn -0.2924 -0.9131 -0.2843
vn 0.5462 -0.8369 -0.0346
vn -0.2924 -0.9131 -0.2843
vn -0.2949 -0.9149 -0.2758
vn 0.5462 -0.8369 -0.0346
vn 0.5353 -0.8447 0.0018
vn 0.1352 -0.9783 -0.1572
vn 0.5578 -0.8256 -0.0850
vn 0.8567 -0.5139 0.0444
vn -0.2949 -0.9149 -0.2758
vn 0.5578 -0.8256 -0.0850
vn -0.2967 -0.9168 -0.2672
vn 0.8567 -0.5139 0.0444
vn 0.5578 -0.8256 -0.0850
vn -0.2949 -0.9149 -0.2758
vn -0.2967 -0.9168 -0.2672
vn 0.5656 -0.8134 -0.1359
vn 0.8671 -0.4976 -0.0237
vn -0.2967 -0.9168 -0.2672
vn 0.5656 -0.8134 -0.1359
vn -0.2967 -0.9168 -0.2672
vn -0.2979 -0.9189 -0.2586
vn 0.5656 -0.8134 -0.1359
vn -0.2979 -0.9189 -0.2586
vn 0.8671 -0.4976 -0.0237
vn 0.5694 -0.8005 -0.1871
vn -0.2979 -0.9189 -0.2586
vn -0.2984 -0.9212 -0.2498
vn 0.5694 -0.8005 -0.1871
vn 0.8723 -0.4803 -0.0921
vn -0.2979 -0.9189 -0.2586
vn 0.5694 -0.8005 -0.1871
vn -0.2984 -0.9212 -0.2498
vn 0.8723 -0.4803 -0.0921
vn 0.5694 -0.7868 -0.2382
vn 0.8723 -0.4620 -0.1604
vn -0.2984 -0.9212 -0.2498
vn 0.5694 -0.7868 -0.2382
vn -0.2983 -0.9234 -0.2414
vn 0.8723 -0.4620 -0.1604
vn 0.5694 -0.7868 -0.2382
vn -0.2984 -0.9212 -0.2498
vn -0.2983 -0.9234 -0.2414
vn 0.1491 -0.9451 -0.2909
vn -0.2983 -0.9234 -0.2414
vn -0.2976 -0.9258 -0.2330
vn 0.5656 -0.7724 -0.2890
vn 0.8671 -0.4428 -0.2283
vn -0.2983 -0.9234 -0.2414
vn 0.5656 -0.7724 -0.2890
vn -0.2976 -0.9258 -0.2330
vn 0.8671 -0.4428 -0.2283
vn 0.5656 -0.7724 -0.2890
vn -0.2983 -0.9234 -0.2414
vn 0.1491 -0.9451 -0.2909
vn 0.5656 -0.7724 -0.2890
vn 0.1491 -0.9451 -0.2909
vn -0.2976 -0.9258 -0.2330
vn 0.1455 -0.9382 -0.3140
vn -0.2976 -0.9258 -0.2330
vn -0.2963 -0.9283 -0.2246
vn 0.5578 -0.7575 -0.3392
vn 0.8567 -0.4229 -0.2954
vn -0.2976 -0.9258 -0.2330
vn 0.5578 -0.7575 -0.3392
vn -0.2963 -0.9283 -0.2246
vn 0.8567 -0.4229 -0.2954
vn 0.5578 -0.7575 -0.3392
vn -0.2976 -0.9258 -0.2330
vn 0.1455 -0.9382 -0.3140
vn 0.5578 -0.7575 -0.3392
vn 0.1455 -0.9382 -0.3140
vn -0.2963 -0.9283 -0.2246
vn -0.7041 0.5561 0.4415
vn -0.7225 0.5750 0.3838
vn -0.4641 0.7984 0.3838
vn -0.6543 0.5172 0.5517
vn -0.6814 0.5368 0.4976
vn 0.1788 0.9504 0.2546
vn -0.6232 0.4975 0.6034
vn -0.6543 0.5172 0.5517
vn 0.1788 0.9504 0.2546
vn -0.5882 0.4777 0.6526
vn -0.6232 0.4975 0.6034
vn 0.1788 0.9504 0.2546
vn -0.5494 0.4580 0.6988
vn -0.5882 0.4777 0.6526
vn 0.1788 0.9504 0.2546
vn -0.5071 0.4385 0.7420
vn -0.5494 0.4580 0.6988
vn 0.1788 0.9504 0.2546
vn -0.5051 0.4377 0.7437
vn -0.5071 0.4385 0.7420
vn 0.1469 0.9265 0.2773
vn -0.1442 0.9211 0.3617
vn -0.1515 0.9285 0.3390
vn 0.1788 0.9504 0.2546
vn -0.1442 0.9211 0.3617
vn 0.1788 0.9504 0.2546
vn 0.1788 0.9504 0.2546
vn -0.4505 0.7843 0.4265
vn -0.7041 0.5561 0.4415
vn -0.4641 0.7984 0.3838
vn -0.4505 0.7843 0.4265
vn -0.1515 0.9285 0.3390
vn -0.1442 0.9211 0.3617
vn -0.4505 0.7843 0.4265
vn -0.4641 0.7984 0.3838
vn -0.1515 0.9285 0.3390
vn -0.4505 0.7843 0.4265
vn -0.1442 0.9211 0.3617
vn 0.1788 0.9504 0.2546
vn -0.1353 0.9135 0.3837
vn 0.1788 0.9504 0.2546
vn 0.1788 0.9504 0.2546
vn -0.4336 0.7701 0.4679
vn -0.6814 0.5368 0.4976
vn -0.7041 0.5561 0.4415
vn -0.4336 0.7701 0.4679
vn -0.7041 0.5561 0.4415
vn -0.4505 0.7843 0.4265
vn -0.4336 0.7701 0.4679
vn -0.4505 0.7843 0.4265
vn 0.1788 0.9504 0.2546
vn -0.4336 0.7701 0.4679
vn 0.1788 0.9504 0.2546
vn -0.1353 0.9135 0.3837
vn -0.4336 0.7701 0.4679
vn -0.1353 0.9135 0.3837
vn 0.1788 0.9504 0.2546
vn -0.4336 0.7701 0.4679
vn 0.1788 0.9504 0.2546
vn -0.6814 0.5368 0.4976
vn -0.1247 0.9058 0.4049
vn 0.1788 0.9504 0.2546
vn 0.1788 0.9504 0.2546
vn -0.4136 0.7556 0.5079
vn 0.1788 0.9504 0.2546
vn -0.6543 0.5172 0.5517
vn -0.4136 0.7556 0.5079
vn -0.6543 0.5172 0.5517
vn 0.1788 0.9504 0.2546
vn -0.4136 0.7556 0.5079
vn -0.1247 0.9058 0.4049
vn 0.1788 0.9504 0.2546
vn -0.4136 0.7556 0.5079
vn 0.1788 0.9504 0.2546
vn -0.1247 0.9058 0.4049
vn -0.1125 0.8981 0.4252
vn 0.1788 0.9504 0.2546
vn 0.1788 0.9504 0.2546
vn -0.3906 0.7410 0.5462
vn 0.1788 0.9504 0.2546
vn -0.1125 0.8981 0.4252
vn -0.3906 0.7410 0.5462
vn -0.6232 0.4975 0.6034
vn 0.1788 0.9504 0.2546
vn -0.3906 0.7410 0.5462
vn -0.1125 0.8981 0.4252
vn 0.1788 0.9504 0.2546
vn -0.3906 0.7410 0.5462
vn 0.1788 0.9504 0.2546
vn -0.6232 0.4975 0.6034
vn -0.0987 0.8903 0.4445
vn 0.1788 0.9504 0.2546
vn 0.1788 0.9504 0.2546
vn -0.3647 0.7264 0.5825
vn 0.1788 0.9504 0.2546
vn -0.5882 0.4777 0.6526
vn -0.3647 0.7264 0.5825
vn -0.5882 0.4777 0.6526
vn 0.1788 0.9504 0.2546
vn -0.3647 0.7264 0.5825
vn -0.0987 0.8903 0.4445
vn 0.1788 0.9504 0.2546
vn -0.3647 0.7264 0.5825
vn 0.1788 0.9504 0.2546
vn -0.0987 0.8903 0.4445
vn -0.0835 0.8826 0.4627
vn 0.1788 0.9504 0.2546
vn 0.1788 0.9504 0.2546
vn -0.3360 0.7118 0.6167
vn 0.1788 0.9504 0.2546
vn -0.0835 0.8826 0.4627
vn -0.3360 0.7118 0.6167
vn -0.0835 0.8826 0.4627
vn 0.1788 0.9504 0.2546
vn -0.3360 0.7118 0.6167
vn -0.5494 0.4580 0.6988
vn 0.1788 0.9504 0.2546
vn -0.3360 0.7118 0.6167
vn 0.1788 0.9504 0.2546
vn -0.5494 0.4580 0.6988
vn -0.0669 0.8749 0.4796
vn 0.1788 0.9504 0.2546
vn 0.1788 0.9504 0.2546
vn 0.1706 0.9478 0.2621
vn -0.3047 0.6974 0.6487
vn -0.0669 0.8749 0.4796
vn 0.1706 0.9478 0.2621
vn 0.1607 0.9409 0.2694
vn -0.3047 0.6974 0.6487
vn 0.1607 0.9409 0.2694
vn 0.1469 0.9265 0.2773
vn -0.5071 0.4385 0.7420
vn -0.3047 0.6974 0.6487
vn -0.5071 0.4385 0.7420
vn 0.1788 0.9504 0.2546
vn -0.3047 0.6974 0.6487
vn 0.1788 0.9504 0.2546
vn -0.0669 0.8749 0.4796
vn -0.5823 0.5980 -0.5508
vn -0.5759 0.5983 -0.5566
vn -0.5764 0.5983 -0.5563
vn -0.6033 0.5963 -0.5296
vn -0.5823 0.5980 -0.5508
vn -0.5764 0.5983 -0.5563
vn -0.6033 0.5963 -0.5296
vn -0.5764 0.5983 -0.5563
vn -0.5770 0.5981 -0.5551
vn -0.6310 0.5934 -0.4997
vn -0.5823 0.5980 -0.5508
vn -0.6033 0.5963 -0.5296
vn -0.6496 0.5912 -0.4781
vn -0.6310 0.5934 -0.4997
vn -0.6033 0.5963 -0.5296
vn -0.6758 0.5873 -0.4453
vn -0.6310 0.5934 -0.4997
vn -0.6496 0.5912 -0.4781
vn -0.6920 0.5845 -0.4235
vn -0.6758 0.5873 -0.4453
vn -0.6496 0.5912 -0.4781
vn -0.7166 0.5796 -0.3880
vn -0.6758 0.5873 -0.4453
vn -0.6920 0.5845 -0.4235
vn -0.7305 0.5764 -0.3663
vn -0.7166 0.5796 -0.3880
vn -0.6920 0.5845 -0.4235
vn -0.7530 0.5704 -0.3281
vn -0.7166 0.5796 -0.3880
vn -0.7305 0.5764 -0.3663
vn -0.7646 0.5669 -0.3066
vn -0.7530 0.5704 -0.3281
vn -0.7305 0.5764 -0.3663
vn -0.7849 0.5597 -0.2658
vn -0.7530 0.5704 -0.3281
vn -0.7646 0.5669 -0.3066
vn -0.7944 0.5559 -0.2448
vn -0.7849 0.5597 -0.2658
vn -0.7646 0.5669 -0.3066
vn -0.8121 0.5476 -0.2016
vn -0.7849 0.5597 -0.2658
vn -0.7944 0.5559 -0.2448
vn -0.8195 0.5436 -0.1813
vn -0.8121 0.5476 -0.2016
vn -0.7944 0.5559 -0.2448
vn -0.8344 0.5342 -0.1358
vn -0.8121 0.5476 -0.2016
vn -0.8195 0.5436 -0.1813
vn -0.8400 0.5300 -0.1163
vn -0.8344 0.5342 -0.1358
vn -0.8195 0.5436 -0.1813
vn -0.8517 0.5195 -0.0688
vn -0.8344 0.5342 -0.1358
vn -0.8400 0.5300 -0.1163
vn -0.8555 0.5153 -0.0503
vn -0.8517 0.5195 -0.0688
vn -0.8400 0.5300 -0.1163
vn -0.8639 0.5036 -0.0010
vn -0.8517 0.5195 -0.0688
vn -0.8555 0.5153 -0.0503
vn -0.8662 0.4994 0.0165
vn -0.8639 0.5036 -0.0010
vn -0.8555 0.5153 -0.0503
vn -0.8710 0.4867 0.0673
vn -0.8639 0.5036 -0.0010
vn -0.8662 0.4994 0.0165
vn -0.8719 0.4825 0.0836
vn -0.8710 0.4867 0.0673
vn -0.8662 0.4994 0.0165
vn -0.8729 0.4687 0.1358
vn -0.8710 0.4867 0.0673
vn -0.8719 0.4825 0.0836
vn -0.8728 0.4679 0.1388
vn -0.8729 0.4687 0.1358
vn -0.8719 0.4825 0.0836
vn -0.8706 0.4534 0.1913
vn -0.8729 0.4687 0.1358
vn -0.8728 0.4679 0.1388
vn -0.8706 0.4534 0.1913
vn -0.8695 0.4498 0.2039
vn -0.8729 0.4687 0.1358
vn -0.8695 0.4498 0.2039
vn -0.8695 0.4498 0.2039
vn -0.8706 0.4534 0.1913
vn 0.1788 0.9504 0.2546
vn 0.1788 0.9504 0.2546
vn 0.1788 0.9504 0.2546
vn 0.1788 0.9504 0.2546
vn 0.1788 0.9504 0.2546
vn 0.1788 0.9504 0.2546
vn 0.1788 0.9504 0.2546
vn 0.1788 0.9504 0.2546
vn 0.1788 0.9504 0.2546
vn 0.1788 0.9504 0.2546
vn 0.1788 0.9504 0.2546
vn 0.1788 0.9504 0.2546
vn 0.1788 0.9504 0.2546
vn 0.1788 0.9504 0.2546
vn 0.1788 0.9504 0.2546
vn 0.1788 0.9504 0.2546
vn 0.1788 0.9504 0.2546
vn 0.1788 0.9504 0.2546
vn 0.1788 0.9504 0.2546
vn 0.1788 0.9504 0.2546
vn 0.1788 0.9504 0.2546
vn 0.1788 0.9504 0.2546
vn 0.1788 0.9504 0.2546
vn 0.1788 0.9504 0.2546
vn 0.1788 0.9504 0.2546
vn 0.1788 0.9504 0.2546
vn 0.1788 0.9504 0.2546
vn 0.1788 0.9504 0.2546
vn 0.1788 0.9504 0.2546
vn 0.1788 0.9504 0.2546
vn 0.1788 0.9504 0.2546
vn 0.1788 0.9504 0.2546
vn 0.1788 0.9504 0.2546
vn 0.1788 0.9504 0.2546
vn 0.1788 0.9504 0.2546
vn 0.1788 0.9504 0.2546
vn 0.1788 0.9504 0.2546
vn 0.1788 0.9504 0.2546
vn 0.1788 0.9504 0.2546
vn 0.1788 0.9504 0.2546
vn 0.1788 0.9504 0.2546
vn 0.1788 0.9504 0.2546
vn 0.1788 0.9504 0.2546
vn 0.1788 0.9504 0.2546
vn 0.1788 0.9504 0.2546
vn 0.1788 0.9504 0.2546
vn 0.1788 0.9504 0.2546
vn 0.1788 0.9504 0.2546
vn 0.1788 0.9504 0.2546
vn 0.1788 0.9504 0.2546
vn 0.1788 0.9504 0.2546
vn 0.1788 0.9504 0.2546
vn 0.1788 0.9504 0.2546
vn 0.1788 0.9504 0.2546
vn 0.1788 0.9504 0.2546
vn 0.1788 0.9504 0.2546
vn 0.1788 0.9504 0.2546
vn 0.1788 0.9504 0.2546
vn 0.1788 0.9504 0.2546
vn 0.1788 0.9504 0.2546
vn 0.1788 0.9504 0.2546
vn 0.1788 0.9504 0.2546
vn 0.1788 0.9504 0.2546
vn 0.1788 0.9504 0.2546
vn 0.1788 0.9504 0.2546
vn 0.1788 0.9504 0.2546
vn 0.1788 0.9504 0.2546
vn 0.1788 0.9504 0.2546
vn 0.1788 0.9504 0.2546
vn 0.1788 0.9504 0.2546
vn 0.1788 0.9504 0.2546
vn 0.1788 0.9504 0.2546
vn 0.1788 0.9504 0.2546
vn 0.1788 0.9504 0.2546
vn 0.1788 0.9504 0.2546
vn 0.1788 0.9504 0.2546
vn 0.1788 0.9504 0.2546
vn 0.1788 0.9504 0.2546
vn 0.1788 0.9504 0.2546
vn 0.1788 0.9504 0.2546
vn 0.1788 0.9504 0.2546
vn 0.1788 0.9504 0.2546
vn 0.1788 0.9504 0.2546
vn 0.1788 0.9504 0.2546
vn 0.1788 0.9504 0.2546
vn 0.1788 0.9504 0.2546
vn 0.1788 0.9504 0.2546
vn 0.1788 0.9504 0.2546
vn 0.1788 0.9504 0.2546
vn 0.1788 0.9504 0.2546
vn 0.1788 0.9504 0.2546
vn 0.1788 0.9504 0.2546
vn 0.1788 0.9504 0.2546
vn 0.1788 0.9504 0.2546
vn 0.1788 0.9504 0.2546
vn 0.1788 0.9504 0.2546
vn 0.1788 0.9504 0.2546
vn 0.1788 0.9504 0.2546
vn 0.1788 0.9504 0.2546
vn 0.1788 0.9504 0.2546
vn 0.1788 0.9504 0.2546
vn 0.1788 0.9504 0.2546
vn 0.1788 0.9504 0.2546
vn 0.1788 0.9504 0.2546
vn 0.1788 0.9504 0.2546
vn 0.1788 0.9504 0.2546
vn 0.1788 0.9504 0.2546
vn 0.1788 0.9504 0.2546
vn 0.1788 0.9504 0.2546
vn 0.1788 0.9504 0.2546
vn 0.1788 0.9504 0.2546
vn 0.1788 0.9504 0.2546
vn 0.1788 0.9504 0.2546
vn 0.1788 0.9504 0.2546
vn 0.1788 0.9504 0.2546
vn 0.1788 0.9504 0.2546
vn 0.1788 0.9504 0.2546
vn 0.1788 0.9504 0.2546
vn 0.1788 0.9504 0.2546
vn 0.1788 0.9504 0.2546
vn 0.1788 0.9504 0.2546
vn 0.1788 0.9504 0.2546
vn 0.1788 0.9504 0.2546
vn 0.1788 0.9504 0.2546
vn 0.1788 0.9504 0.2546
vn 0.1788 0.9504 0.2546
vn 0.1788 0.9504 0.2546
vn 0.1788 0.9504 0.2546
vn 0.1788 0.9504 0.2546
vn 0.1788 0.9504 0.2546
vn 0.9225 -0.0915 -0.3749
vn 0.9448 -0.1138 -0.3073
vn 0.9448 -0.1138 -0.3074
vn 0.9224 -0.0914 -0.3752
vn 0.9448 -0.1138 -0.3073
vn 0.9225 -0.0915 -0.3749
vn 0.8951 -0.0688 -0.4405
vn 0.9224 -0.0914 -0.3752
vn 0.9225 -0.0915 -0.3749
vn 0.8949 -0.0686 -0.4410
vn 0.9224 -0.0914 -0.3752
vn 0.8951 -0.0688 -0.4405
vn 0.8628 -0.0458 -0.5035
vn 0.8949 -0.0686 -0.4410
vn 0.8951 -0.0688 -0.4405
vn 0.8623 -0.0455 -0.5043
vn 0.8949 -0.0686 -0.4410
vn 0.8628 -0.0458 -0.5035
vn 0.8256 -0.0226 -0.5639
vn 0.8623 -0.0455 -0.5043
vn 0.8628 -0.0458 -0.5035
vn 0.8249 -0.0222 -0.5648
vn 0.8623 -0.0455 -0.5043
vn 0.8256 -0.0226 -0.5639
vn 0.7837 0.0006 -0.6211
vn 0.8249 -0.0222 -0.5648
vn 0.8256 -0.0226 -0.5639
vn 0.7828 0.0011 -0.6222
vn 0.8249 -0.0222 -0.5648
vn 0.7837 0.0006 -0.6211
vn 0.7376 0.0237 -0.6749
vn 0.7828 0.0011 -0.6222
vn 0.7837 0.0006 -0.6211
vn 0.7363 0.0243 -0.6762
vn 0.7828 0.0011 -0.6222
vn 0.7376 0.0237 -0.6749
vn 0.7076 0.0373 -0.7047
vn 0.7363 0.0243 -0.6762
vn 0.7376 0.0237 -0.6749
vn 0.7133 0.0347 -0.6990
vn 0.6995 0.0410 -0.7127
vn 0.7363 0.0243 -0.6762
vn 0.7076 0.0373 -0.7047
vn 0.7040 -0.3206 0.6337
vn 0.6683 -0.3235 0.6697
vn 0.6680 -0.3235 0.6699
vn 0.7040 -0.3206 0.6337
vn 0.6680 -0.3235 0.6699
vn 0.7154 -0.3195 0.6214
vn 0.7040 -0.3206 0.6337
vn 0.6701 -0.3232 0.6672
vn 0.6683 -0.3235 0.6697
vn 0.7532 -0.3148 0.5776
vn 0.7154 -0.3195 0.6214
vn 0.7627 -0.3134 0.5657
vn 0.7532 -0.3148 0.5776
vn 0.7040 -0.3206 0.6337
vn 0.7154 -0.3195 0.6214
vn 0.7981 -0.3074 0.5182
vn 0.7627 -0.3134 0.5657
vn 0.8059 -0.3058 0.5069
vn 0.7981 -0.3074 0.5182
vn 0.7532 -0.3148 0.5776
vn 0.7627 -0.3134 0.5657
vn 0.8386 -0.2983 0.4558
vn 0.8059 -0.3058 0.5069
vn 0.8448 -0.2966 0.4454
vn 0.8386 -0.2983 0.4558
vn 0.7981 -0.3074 0.5182
vn 0.8059 -0.3058 0.5069
vn 0.8743 -0.2876 0.3909
vn 0.8448 -0.2966 0.4454
vn 0.8790 -0.2860 0.3815
vn 0.8743 -0.2876 0.3909
vn 0.8386 -0.2983 0.4558
vn 0.8448 -0.2966 0.4454
vn 0.9052 -0.2754 0.3238
vn 0.8790 -0.2860 0.3815
vn 0.9086 -0.2738 0.3154
vn 0.9052 -0.2754 0.3238
vn 0.8743 -0.2876 0.3909
vn 0.8790 -0.2860 0.3815
vn 0.9309 -0.2618 0.2548
vn 0.9086 -0.2738 0.3154
vn 0.9332 -0.2603 0.2477
vn 0.9309 -0.2618 0.2548
vn 0.9052 -0.2754 0.3238
vn 0.9086 -0.2738 0.3154
vn 0.9514 -0.2468 0.1843
vn 0.9332 -0.2603 0.2477
vn 0.9528 -0.2455 0.1786
vn 0.9514 -0.2468 0.1843
vn 0.9309 -0.2618 0.2548
vn 0.9332 -0.2603 0.2477
vn 0.9665 -0.2304 0.1128
vn 0.9528 -0.2455 0.1786
vn 0.9673 -0.2294 0.1085
vn 0.9665 -0.2304 0.1128
vn 0.9514 -0.2468 0.1843
vn 0.9528 -0.2455 0.1786
vn 0.9762 -0.2129 0.0407
vn 0.9673 -0.2294 0.1085
vn 0.9765 -0.2122 0.0378
vn 0.9762 -0.2129 0.0407
vn 0.9665 -0.2304 0.1128
vn 0.9673 -0.2294 0.1085
vn 0.9804 -0.1943 -0.0317
vn 0.9765 -0.2122 0.0378
vn 0.9805 -0.1939 -0.0332
vn 0.9804 -0.1943 -0.0317
vn 0.9762 -0.2129 0.0407
vn 0.9765 -0.2122 0.0378
vn 0.9791 -0.1747 -0.1040
vn 0.9805 -0.1939 -0.0332
vn 0.9791 -0.1747 -0.1039
vn 0.9791 -0.1747 -0.1040
vn 0.9804 -0.1943 -0.0317
vn 0.9805 -0.1939 -0.0332
vn -0.6450 -0.7480 -0.1565
vn -0.6450 -0.7480 -0.1564
vn -0.6450 -0.7480 -0.1564
vn -0.6450 -0.7479 -0.1568
vn -0.6450 -0.7480 -0.1564
vn -0.6450 -0.7480 -0.1565
vn -0.6468 -0.7381 -0.1921
vn -0.6450 -0.7480 -0.1564
vn -0.6450 -0.7479 -0.1568
vn -0.6468 -0.7354 -0.2022
vn -0.6468 -0.7381 -0.1921
vn -0.6450 -0.7479 -0.1568
vn -0.6458 -0.7287 -0.2279
vn -0.6468 -0.7381 -0.1921
vn -0.6468 -0.7354 -0.2022
vn -0.6455 -0.7275 -0.2326
vn -0.6458 -0.7287 -0.2279
vn -0.6468 -0.7354 -0.2022
vn -0.6422 -0.7198 -0.2637
vn -0.6458 -0.7287 -0.2279
vn -0.6455 -0.7275 -0.2326
vn -0.6399 -0.7164 -0.2780
vn -0.6422 -0.7198 -0.2637
vn -0.6455 -0.7275 -0.2326
vn -0.6358 -0.7115 -0.2992
vn -0.6422 -0.7198 -0.2637
vn -0.6399 -0.7164 -0.2780
vn -0.6301 -0.7062 -0.3230
vn -0.6358 -0.7115 -0.2992
vn -0.6399 -0.7164 -0.2780
vn -0.6269 -0.7037 -0.3343
vn -0.6358 -0.7115 -0.2992
vn -0.6301 -0.7062 -0.3230
vn -0.6160 -0.6970 -0.3669
vn -0.6269 -0.7037 -0.3343
vn -0.6301 -0.7062 -0.3230
vn -0.6160 -0.6970 -0.3669
vn -0.6153 -0.6967 -0.3688
vn -0.6269 -0.7037 -0.3343
vn -0.6012 -0.6903 -0.4025
vn -0.6153 -0.6967 -0.3688
vn -0.6160 -0.6970 -0.3669
vn -0.5979 -0.6890 -0.4096
vn -0.6012 -0.6903 -0.4025
vn -0.6160 -0.6970 -0.3669
vn -0.5847 -0.6847 -0.4352
vn -0.6012 -0.6903 -0.4025
vn -0.5979 -0.6890 -0.4096
vn -0.5758 -0.6822 -0.4507
vn -0.5847 -0.6847 -0.4352
vn -0.5979 -0.6890 -0.4096
vn -0.5658 -0.6798 -0.4667
vn -0.5847 -0.6847 -0.4352
vn -0.5758 -0.6822 -0.4507
vn -0.5500 -0.6766 -0.4897
vn -0.5658 -0.6798 -0.4667
vn -0.5758 -0.6822 -0.4507
vn -0.5447 -0.6757 -0.4968
vn -0.5658 -0.6798 -0.4667
vn -0.5500 -0.6766 -0.4897
vn -0.5206 -0.6723 -0.5263
vn -0.5447 -0.6757 -0.4968
vn -0.5500 -0.6766 -0.4897
vn -0.5206 -0.6723 -0.5263
vn -0.5214 -0.6724 -0.5254
vn -0.5447 -0.6757 -0.4968
vn -0.4961 -0.6699 -0.5524
vn -0.5214 -0.6724 -0.5254
vn -0.5206 -0.6723 -0.5263
vn -0.4918 -0.6696 -0.5566
vn -0.4961 -0.6699 -0.5524
vn -0.5206 -0.6723 -0.5263
vn -0.4918 -0.6696 -0.5566
vn -0.5206 -0.6723 -0.5263
vn -0.4916 -0.6697 -0.5565
vn -0.4917 -0.6697 -0.5564
vn -0.4961 -0.6699 -0.5524
vn -0.4918 -0.6696 -0.5566
vn -0.4929 0.7520 -0.4378
vn -0.4858 0.7524 -0.4443
vn -0.4859 0.7524 -0.4442
vn -0.4929 0.7520 -0.4378
vn -0.4929 0.7520 -0.4378
vn -0.4859 0.7524 -0.4442
vn -0.4929 0.7520 -0.4378
vn -0.4859 0.7524 -0.4442
vn -0.4861 0.7524 -0.4440
vn -0.5363 0.7477 -0.3915
vn -0.4929 0.7520 -0.4378
vn -0.4929 0.7520 -0.4378
vn -0.5363 0.7477 -0.3915
vn -0.5363 0.7477 -0.3915
vn -0.4929 0.7520 -0.4378
vn -0.5762 0.7421 -0.3425
vn -0.5363 0.7477 -0.3915
vn -0.5363 0.7477 -0.3915
vn -0.5762 0.7421 -0.3425
vn -0.5762 0.7421 -0.3425
vn -0.5363 0.7477 -0.3915
vn -0.6124 0.7351 -0.2908
vn -0.5762 0.7421 -0.3425
vn -0.5762 0.7421 -0.3425
vn -0.6124 0.7351 -0.2908
vn -0.6124 0.7351 -0.2908
vn -0.5762 0.7421 -0.3425
vn -0.6448 0.7267 -0.2368
vn -0.6124 0.7351 -0.2908
vn -0.6124 0.7351 -0.2908
vn -0.6448 0.7267 -0.2368
vn -0.6448 0.7267 -0.2368
vn -0.6124 0.7351 -0.2908
vn -0.6732 0.7170 -0.1808
vn -0.6448 0.7267 -0.2368
vn -0.6448 0.7267 -0.2368
vn -0.6732 0.7170 -0.1808
vn -0.6732 0.7170 -0.1808
vn -0.6448 0.7267 -0.2368
vn -0.6973 0.7061 -0.1230
vn -0.6732 0.7170 -0.1808
vn -0.6732 0.7170 -0.1808
vn -0.6973 0.7061 -0.1230
vn -0.6973 0.7061 -0.1230
vn -0.6732 0.7170 -0.1808
vn -0.7171 0.6940 -0.0639
vn -0.6973 0.7061 -0.1230
vn -0.6973 0.7061 -0.1230
vn -0.7171 0.6940 -0.0639
vn -0.7171 0.6940 -0.0639
vn -0.6973 0.7061 -0.1230
vn -0.7325 0.6808 -0.0037
vn -0.7171 0.6940 -0.0639
vn -0.7171 0.6940 -0.0639
vn -0.7325 0.6808 -0.0037
vn -0.7325 0.6808 -0.0037
vn -0.7171 0.6940 -0.0639
vn -0.7433 0.6665 0.0572
vn -0.7325 0.6808 -0.0037
vn -0.7325 0.6808 -0.0037
vn -0.7433 0.6665 0.0572
vn -0.7433 0.6665 0.0572
vn -0.7325 0.6808 -0.0037
vn -0.7496 0.6512 0.1186
vn -0.7433 0.6665 0.0572
vn -0.7433 0.6665 0.0572
vn -0.7496 0.6512 0.1186
vn -0.7496 0.6512 0.1186
vn -0.7433 0.6665 0.0572
vn -0.7512 0.6351 0.1800
vn -0.7496 0.6512 0.1186
vn -0.7496 0.6512 0.1186
vn -0.7512 0.6351 0.1800
vn -0.7512 0.6351 0.1800
vn -0.7496 0.6512 0.1186
vn -0.7482 0.6181 0.2411
vn -0.7512 0.6351 0.1800
vn -0.7512 0.6351 0.1800
vn -0.7482 0.6181 0.2411
vn -0.7482 0.6181 0.2411
vn -0.7512 0.6351 0.1800
vn -0.9069 0.0780 0.4141
vn -0.9199 0.0891 0.3820
vn -0.9259 0.0945 0.3658
vn -0.9069 0.0780 0.4141
vn -0.8923 0.0666 0.4465
vn -0.9199 0.0891 0.3820
vn -0.8852 0.0614 0.4611
vn -0.8923 0.0666 0.4465
vn -0.9069 0.0780 0.4141
vn -0.8599 0.0439 0.5086
vn -0.8923 0.0666 0.4465
vn -0.8852 0.0614 0.4611
vn -0.8609 0.0445 0.5068
vn -0.8599 0.0439 0.5086
vn -0.8852 0.0614 0.4611
vn -0.8340 0.0276 0.5510
vn -0.8599 0.0439 0.5086
vn -0.8609 0.0445 0.5068
vn -0.8340 0.0276 0.5510
vn -0.8228 0.0210 0.5680
vn -0.8599 0.0439 0.5086
vn -0.7823 -0.0014 0.6229
vn -0.8228 0.0210 0.5680
vn -0.8340 0.0276 0.5510
vn -0.7823 -0.0014 0.6229
vn -0.7812 -0.0019 0.6243
vn -0.8228 0.0210 0.5680
vn -0.7354 -0.0247 0.6772
vn -0.7812 -0.0019 0.6243
vn -0.7823 -0.0014 0.6229
vn -0.7257 -0.0293 0.6874
vn -0.7354 -0.0247 0.6772
vn -0.7823 -0.0014 0.6229
vn -0.7122 -0.0353 0.7002
vn -0.7354 -0.0247 0.6772
vn -0.7257 -0.0293 0.6874
vn -0.7073 -0.0375 0.7053
vn -0.7073 -0.0375 0.7053
vn -0.7257 -0.0293 0.6874
vn -0.7029 -0.0394 0.7091
vn -0.6957 0.3214 -0.6424
vn -0.6679 0.3234 -0.6693
vn -0.6691 0.3234 -0.6685
vn -0.7182 0.3192 -0.6183
vn -0.6957 0.3214 -0.6424
vn -0.6691 0.3234 -0.6685
vn -0.7182 0.3192 -0.6183
vn -0.6691 0.3234 -0.6685
vn -0.6694 0.3232 -0.6677
vn -0.7182 0.3192 -0.6183
vn -0.7446 0.3160 -0.5880
vn -0.6957 0.3214 -0.6424
vn -0.7777 0.3111 -0.5462
vn -0.7446 0.3160 -0.5880
vn -0.7182 0.3192 -0.6183
vn -0.7777 0.3111 -0.5462
vn -0.7895 0.3090 -0.5303
vn -0.7446 0.3160 -0.5880
vn -0.8303 0.3004 -0.4694
vn -0.7895 0.3090 -0.5303
vn -0.7777 0.3111 -0.5462
vn -0.8303 0.3004 -0.4694
vn -0.8301 0.3004 -0.4698
vn -0.7895 0.3090 -0.5303
vn -0.8662 0.2903 -0.4068
vn -0.8301 0.3004 -0.4698
vn -0.8303 0.3004 -0.4694
vn -0.8756 0.2872 -0.3884
vn -0.8662 0.2903 -0.4068
vn -0.8303 0.3004 -0.4694
vn -0.8976 0.2787 -0.3415
vn -0.8662 0.2903 -0.4068
vn -0.8756 0.2872 -0.3884
vn -0.9132 0.2716 -0.3039
vn -0.8976 0.2787 -0.3415
vn -0.8756 0.2872 -0.3884
vn -0.9132 0.2716 -0.3039
vn -0.9242 0.2657 -0.2743
vn -0.8976 0.2787 -0.3415
vn -0.9427 0.2538 -0.2168
vn -0.9242 0.2657 -0.2743
vn -0.9132 0.2716 -0.3039
vn -0.9427 0.2538 -0.2168
vn -0.9458 0.2514 -0.2057
vn -0.9242 0.2657 -0.2743
vn -0.9639 0.2339 -0.1276
vn -0.9458 0.2514 -0.2057
vn -0.9427 0.2538 -0.2168
vn -0.9639 0.2339 -0.1276
vn -0.9623 0.2358 -0.1359
vn -0.9458 0.2514 -0.2057
vn -0.9735 0.2190 -0.0653
vn -0.9623 0.2358 -0.1359
vn -0.9639 0.2339 -0.1276
vn -0.9733 0.2196 -0.0675
vn -0.9735 0.2190 -0.0653
vn -0.9639 0.2339 -0.1276
vn -0.9795 0.2012 0.0056
vn -0.9735 0.2190 -0.0653
vn -0.9733 0.2196 -0.0675
vn -0.9802 0.1966 0.0231
vn -0.9795 0.2012 0.0056
vn -0.9733 0.2196 -0.0675
vn -0.6803 0.3173 -0.6607
vn -0.6444 0.3845 -0.6331
vn -0.4858 0.7524 -0.4443
vn -0.6803 0.3173 -0.6607
vn -0.4858 0.7524 -0.4443
vn -0.4929 0.7520 -0.4378
vn -0.6803 0.3173 -0.6607
vn -0.6719 0.3178 -0.6685
vn -0.6444 0.3845 -0.6331
vn -0.6815 -0.2043 -0.7027
vn -0.6740 -0.2038 -0.7097
vn -0.6727 -0.1216 -0.7040
vn -0.6815 -0.2043 -0.7027
vn -0.6479 -0.2776 -0.6830
vn -0.6740 -0.2038 -0.7097
vn -0.6815 -0.2043 -0.7027
vn -0.6727 -0.1216 -0.7040
vn -0.6719 0.3178 -0.6685
vn -0.6815 -0.2043 -0.7027
vn -0.6719 0.3178 -0.6685
vn -0.6803 0.3173 -0.6607
vn -0.6815 -0.2043 -0.7027
vn -0.4961 -0.6699 -0.5524
vn -0.4917 -0.6697 -0.5564
vn -0.6815 -0.2043 -0.7027
vn -0.4917 -0.6697 -0.5564
vn -0.6479 -0.2776 -0.6830
vn -0.6815 -0.2043 -0.7027
vn -0.5214 -0.6724 -0.5254
vn -0.4961 -0.6699 -0.5524
vn -0.7309 0.3123 -0.6068
vn -0.6803 0.3173 -0.6607
vn -0.4929 0.7520 -0.4378
vn -0.7309 0.3123 -0.6068
vn -0.4929 0.7520 -0.4378
vn -0.5363 0.7477 -0.3915
vn -0.7255 -0.2086 -0.6559
vn -0.6803 0.3173 -0.6607
vn -0.7309 0.3123 -0.6068
vn -0.7255 -0.2086 -0.6559
vn -0.6815 -0.2043 -0.7027
vn -0.6803 0.3173 -0.6607
vn -0.7255 -0.2086 -0.6559
vn -0.5214 -0.6724 -0.5254
vn -0.6815 -0.2043 -0.7027
vn -0.7775 0.3058 -0.5495
vn -0.5363 0.7477 -0.3915
vn -0.5762 0.7421 -0.3425
vn -0.7775 0.3058 -0.5495
vn -0.7309 0.3123 -0.6068
vn -0.5363 0.7477 -0.3915
vn -0.7775 0.3058 -0.5495
vn -0.7255 -0.2086 -0.6559
vn -0.7309 0.3123 -0.6068
vn -0.7659 -0.2143 -0.6062
vn -0.5214 -0.6724 -0.5254
vn -0.7255 -0.2086 -0.6559
vn -0.7659 -0.2143 -0.6062
vn -0.7255 -0.2086 -0.6559
vn -0.7775 0.3058 -0.5495
vn -0.7659 -0.2143 -0.6062
vn -0.5447 -0.6757 -0.4968
vn -0.5214 -0.6724 -0.5254
vn -0.8198 0.2976 -0.4893
vn -0.7775 0.3058 -0.5495
vn -0.5762 0.7421 -0.3425
vn -0.8198 0.2976 -0.4893
vn -0.5762 0.7421 -0.3425
vn -0.6124 0.7351 -0.2908
vn -0.8198 0.2976 -0.4893
vn -0.7659 -0.2143 -0.6062
vn -0.7775 0.3058 -0.5495
vn -0.8027 -0.2214 -0.5538
vn -0.5447 -0.6757 -0.4968
vn -0.7659 -0.2143 -0.6062
vn -0.8027 -0.2214 -0.5538
vn -0.7659 -0.2143 -0.6062
vn -0.8198 0.2976 -0.4893
vn -0.8027 -0.2214 -0.5538
vn -0.5658 -0.6798 -0.4667
vn -0.5447 -0.6757 -0.4968
vn -0.8576 0.2878 -0.4263
vn -0.6124 0.7351 -0.2908
vn -0.6448 0.7267 -0.2368
vn -0.8576 0.2878 -0.4263
vn -0.8198 0.2976 -0.4893
vn -0.6124 0.7351 -0.2908
vn -0.8355 -0.2299 -0.4990
vn -0.8027 -0.2214 -0.5538
vn -0.8198 0.2976 -0.4893
vn -0.8355 -0.2299 -0.4990
vn -0.5658 -0.6798 -0.4667
vn -0.8027 -0.2214 -0.5538
vn -0.8355 -0.2299 -0.4990
vn -0.8198 0.2976 -0.4893
vn -0.8576 0.2878 -0.4263
vn -0.8355 -0.2299 -0.4990
vn -0.5847 -0.6847 -0.4352
vn -0.5658 -0.6798 -0.4667
vn -0.8355 -0.2299 -0.4990
vn -0.6012 -0.6903 -0.4025
vn -0.5847 -0.6847 -0.4352
vn -0.8907 0.2765 -0.3609
vn -0.8576 0.2878 -0.4263
vn -0.6448 0.7267 -0.2368
vn -0.8907 0.2765 -0.3609
vn -0.6448 0.7267 -0.2368
vn -0.6732 0.7170 -0.1808
vn -0.8643 -0.2397 -0.4422
vn -0.6012 -0.6903 -0.4025
vn -0.8355 -0.2299 -0.4990
vn -0.8643 -0.2397 -0.4422
vn -0.8355 -0.2299 -0.4990
vn -0.8576 0.2878 -0.4263
vn -0.8643 -0.2397 -0.4422
vn -0.8576 0.2878 -0.4263
vn -0.8907 0.2765 -0.3609
vn -0.9188 0.2638 -0.2936
vn -0.6732 0.7170 -0.1808
vn -0.6973 0.7061 -0.1230
vn -0.9188 0.2638 -0.2936
vn -0.8907 0.2765 -0.3609
vn -0.6732 0.7170 -0.1808
vn -0.8887 -0.2508 -0.3837
vn -0.6012 -0.6903 -0.4025
vn -0.8643 -0.2397 -0.4422
vn -0.8887 -0.2508 -0.3837
vn -0.8643 -0.2397 -0.4422
vn -0.8907 0.2765 -0.3609
vn -0.8887 -0.2508 -0.3837
vn -0.8907 0.2765 -0.3609
vn -0.9188 0.2638 -0.2936
vn -0.8887 -0.2508 -0.3837
vn -0.6153 -0.6967 -0.3688
vn -0.6012 -0.6903 -0.4025
vn -0.9419 0.2496 -0.2246
vn -0.6973 0.7061 -0.1230
vn -0.7171 0.6940 -0.0639
vn -0.9419 0.2496 -0.2246
vn -0.7171 0.6940 -0.0639
vn -0.7325 0.6808 -0.0037
vn -0.9419 0.2496 -0.2246
vn -0.9188 0.2638 -0.2936
vn -0.6973 0.7061 -0.1230
vn -0.9088 -0.2631 -0.3238
vn -0.8887 -0.2508 -0.3837
vn -0.9188 0.2638 -0.2936
vn -0.9088 -0.2631 -0.3238
vn -0.6153 -0.6967 -0.3688
vn -0.8887 -0.2508 -0.3837
vn -0.9088 -0.2631 -0.3238
vn -0.6269 -0.7037 -0.3343
vn -0.6153 -0.6967 -0.3688
vn -0.9088 -0.2631 -0.3238
vn -0.9188 0.2638 -0.2936
vn -0.9419 0.2496 -0.2246
vn -0.9088 -0.2631 -0.3238
vn -0.6358 -0.7115 -0.2992
vn -0.6269 -0.7037 -0.3343
vn -0.9599 0.2342 -0.1544
vn -0.9419 0.2496 -0.2246
vn -0.7325 0.6808 -0.0037
vn -0.9599 0.2342 -0.1544
vn -0.9088 -0.2631 -0.3238
vn -0.9419 0.2496 -0.2246
vn -0.9244 -0.2765 -0.2628
vn -0.6358 -0.7115 -0.2992
vn -0.9088 -0.2631 -0.3238
vn -0.9244 -0.2765 -0.2628
vn -0.9088 -0.2631 -0.3238
vn -0.9599 0.2342 -0.1544
vn -0.9725 0.2175 -0.0833
vn -0.7325 0.6808 -0.0037
vn -0.7433 0.6665 0.0572
vn -0.9725 0.2175 -0.0833
vn -0.9599 0.2342 -0.1544
vn -0.7325 0.6808 -0.0037
vn -0.9725 0.2175 -0.0833
vn -0.9244 -0.2765 -0.2628
vn -0.9599 0.2342 -0.1544
vn -0.9354 -0.2910 -0.2010
vn -0.6422 -0.7198 -0.2637
vn -0.6358 -0.7115 -0.2992
vn -0.9354 -0.2910 -0.2010
vn -0.6358 -0.7115 -0.2992
vn -0.9244 -0.2765 -0.2628
vn -0.9354 -0.2910 -0.2010
vn -0.9244 -0.2765 -0.2628
vn -0.9725 0.2175 -0.0833
vn -0.9798 0.1997 -0.0117
vn -0.7433 0.6665 0.0572
vn -0.7496 0.6512 0.1186
vn -0.9798 0.1997 -0.0117
vn -0.9725 0.2175 -0.0833
vn -0.7433 0.6665 0.0572
vn -0.9798 0.1997 -0.0117
vn -0.9354 -0.2910 -0.2010
vn -0.9725 0.2175 -0.0833
vn -0.9417 -0.3064 -0.1388
vn -0.9354 -0.2910 -0.2010
vn -0.9798 0.1997 -0.0117
vn -0.9417 -0.3064 -0.1388
vn -0.6458 -0.7287 -0.2279
vn -0.6422 -0.7198 -0.2637
vn -0.9417 -0.3064 -0.1388
vn -0.6422 -0.7198 -0.2637
vn -0.9354 -0.2910 -0.2010
vn -0.9817 0.1809 0.0599
vn -0.7496 0.6512 0.1186
vn -0.7512 0.6351 0.1800
vn -0.9817 0.1809 0.0599
vn -0.9798 0.1997 -0.0117
vn -0.7496 0.6512 0.1186
vn -0.9434 -0.3228 -0.0766
vn -0.9417 -0.3064 -0.1388
vn -0.9798 0.1997 -0.0117
vn -0.9434 -0.3228 -0.0766
vn -0.6458 -0.7287 -0.2279
vn -0.9417 -0.3064 -0.1388
vn -0.9434 -0.3228 -0.0766
vn -0.9798 0.1997 -0.0117
vn -0.9817 0.1809 0.0599
vn -0.9434 -0.3228 -0.0766
vn -0.6468 -0.7381 -0.1921
vn -0.6458 -0.7287 -0.2279
vn -0.9434 -0.3228 -0.0766
vn -0.6450 -0.7480 -0.1564
vn -0.6468 -0.7381 -0.1921
vn -0.9782 0.1611 0.1312
vn -0.7512 0.6351 0.1800
vn -0.7482 0.6181 0.2411
vn -0.9782 0.1611 0.1312
vn -0.7482 0.6181 0.2411
vn -0.7425 0.6041 0.2893
vn -0.9782 0.1611 0.1312
vn -0.9817 0.1809 0.0599
vn -0.7512 0.6351 0.1800
vn -0.9782 0.1611 0.1312
vn -0.9434 -0.3228 -0.0766
vn -0.9817 0.1809 0.0599
vn -0.9403 -0.3400 -0.0146
vn -0.9434 -0.3228 -0.0766
vn -0.9782 0.1611 0.1312
vn -0.9403 -0.3400 -0.0146
vn -0.6450 -0.7480 -0.1564
vn -0.9434 -0.3228 -0.0766
vn -0.9715 0.1448 0.1874
vn -0.9782 0.1611 0.1312
vn -0.7425 0.6041 0.2893
vn -0.9346 -0.3542 0.0342
vn -0.9782 0.1611 0.1312
vn -0.9715 0.1448 0.1874
vn -0.9346 -0.3542 0.0342
vn -0.9403 -0.3400 -0.0146
vn -0.9782 0.1611 0.1312
vn -0.9346 -0.3542 0.0342
vn -0.6450 -0.7480 -0.1564
vn -0.9403 -0.3400 -0.0146
vn -0.9346 -0.3542 0.0342
vn -0.6417 -0.7562 -0.1283
vn -0.6450 -0.7480 -0.1564
vn -0.9616 0.1281 0.2429
vn -0.7425 0.6041 0.2893
vn -0.7340 0.5898 0.3369
vn -0.9616 0.1281 0.2429
vn -0.7340 0.5898 0.3369
vn -0.7225 0.5750 0.3838
vn -0.9616 0.1281 0.2429
vn -0.7225 0.5750 0.3838
vn -0.9482 0.1109 0.2976
vn -0.9616 0.1281 0.2429
vn -0.9715 0.1448 0.1874
vn -0.7425 0.6041 0.2893
vn -0.9259 -0.3687 0.0825
vn -0.9715 0.1448 0.1874
vn -0.9616 0.1281 0.2429
vn -0.9259 -0.3687 0.0825
vn -0.9346 -0.3542 0.0342
vn -0.9715 0.1448 0.1874
vn -0.9259 -0.3687 0.0825
vn -0.6417 -0.7562 -0.1283
vn -0.9346 -0.3542 0.0342
vn -0.9259 -0.3687 0.0825
vn -0.9616 0.1281 0.2429
vn -0.9482 0.1109 0.2976
vn -0.9259 -0.3687 0.0825
vn -0.9143 -0.3836 0.1300
vn -0.6300 -0.7731 -0.0732
vn -0.9259 -0.3687 0.0825
vn -0.9482 0.1109 0.2976
vn -0.9143 -0.3836 0.1300
vn -0.9259 -0.3687 0.0825
vn -0.6367 -0.7645 -0.1005
vn -0.6417 -0.7562 -0.1283
vn -0.9259 -0.3687 0.0825
vn -0.6300 -0.7731 -0.0732
vn -0.6367 -0.7645 -0.1005
vn 0.9251 -0.0840 -0.3703
vn 0.9473 -0.1064 -0.3023
vn 0.9466 -0.1056 -0.3047
vn 0.9251 -0.0840 -0.3703
vn 0.9466 -0.1056 -0.3047
vn 0.9243 -0.0832 -0.3726
vn 0.8977 -0.0612 -0.4363
vn 0.9251 -0.0840 -0.3703
vn 0.9243 -0.0832 -0.3726
vn 0.8977 -0.0612 -0.4363
vn 0.9243 -0.0832 -0.3726
vn 0.8968 -0.0604 -0.4384
vn 0.8653 -0.0381 -0.4998
vn 0.8977 -0.0612 -0.4363
vn 0.8968 -0.0604 -0.4384
vn 0.8653 -0.0381 -0.4998
vn 0.8968 -0.0604 -0.4384
vn 0.8642 -0.0373 -0.5018
vn 0.8280 -0.0148 -0.5605
vn 0.8653 -0.0381 -0.4998
vn 0.8642 -0.0373 -0.5018
vn 0.8280 -0.0148 -0.5605
vn 0.8642 -0.0373 -0.5018
vn 0.8268 -0.0141 -0.5623
vn 0.7861 0.0085 -0.6181
vn 0.8280 -0.0148 -0.5605
vn 0.8268 -0.0141 -0.5623
vn 0.7861 0.0085 -0.6181
vn 0.8268 -0.0141 -0.5623
vn 0.7847 0.0092 -0.6198
vn 0.7397 0.0318 -0.6722
vn 0.7847 0.0092 -0.6198
vn 0.7383 0.0324 -0.6737
vn 0.7397 0.0318 -0.6722
vn 0.7861 0.0085 -0.6181
vn 0.7847 0.0092 -0.6198
vn 0.6953 0.0520 -0.7164
vn 0.7383 0.0324 -0.6737
vn 0.7012 0.0493 -0.7105
vn 0.6944 0.0524 -0.7173
vn 0.7397 0.0318 -0.6722
vn 0.7383 0.0324 -0.6737
vn 0.6953 0.0520 -0.7164
vn 0.7058 -0.3123 0.6358
vn 0.6726 -0.3149 0.6688
vn 0.6718 -0.3150 0.6695
vn 0.7071 -0.3122 0.6344
vn 0.6730 -0.3149 0.6683
vn 0.6726 -0.3149 0.6688
vn 0.7071 -0.3122 0.6344
vn 0.6726 -0.3149 0.6688
vn 0.7058 -0.3123 0.6358
vn 0.7550 -0.3065 0.5796
vn 0.7071 -0.3122 0.6344
vn 0.7058 -0.3123 0.6358
vn 0.7563 -0.3064 0.5781
vn 0.7071 -0.3122 0.6344
vn 0.7550 -0.3065 0.5796
vn 0.8000 -0.2991 0.5202
vn 0.7563 -0.3064 0.5781
vn 0.7550 -0.3065 0.5796
vn 0.8011 -0.2988 0.5185
vn 0.7563 -0.3064 0.5781
vn 0.8000 -0.2991 0.5202
vn 0.8405 -0.2900 0.4578
vn 0.8011 -0.2988 0.5185
vn 0.8000 -0.2991 0.5202
vn 0.8415 -0.2897 0.4560
vn 0.8011 -0.2988 0.5185
vn 0.8405 -0.2900 0.4578
vn 0.8762 -0.2793 0.3928
vn 0.8415 -0.2897 0.4560
vn 0.8405 -0.2900 0.4578
vn 0.8771 -0.2790 0.3909
vn 0.8415 -0.2897 0.4560
vn 0.8762 -0.2793 0.3928
vn 0.9070 -0.2671 0.3256
vn 0.8771 -0.2790 0.3909
vn 0.8762 -0.2793 0.3928
vn 0.9078 -0.2667 0.3237
vn 0.8771 -0.2790 0.3909
vn 0.9070 -0.2671 0.3256
vn 0.9327 -0.2534 0.2566
vn 0.9078 -0.2667 0.3237
vn 0.9070 -0.2671 0.3256
vn 0.9334 -0.2530 0.2545
vn 0.9078 -0.2667 0.3237
vn 0.9327 -0.2534 0.2566
vn 0.9532 -0.2384 0.1862
vn 0.9334 -0.2530 0.2545
vn 0.9327 -0.2534 0.2566
vn 0.9537 -0.2379 0.1840
vn 0.9334 -0.2530 0.2545
vn 0.9532 -0.2384 0.1862
vn 0.9683 -0.2221 0.1146
vn 0.9537 -0.2379 0.1840
vn 0.9532 -0.2384 0.1862
vn 0.9687 -0.2215 0.1124
vn 0.9537 -0.2379 0.1840
vn 0.9683 -0.2221 0.1146
vn 0.9779 -0.2046 0.0425
vn 0.9687 -0.2215 0.1124
vn 0.9683 -0.2221 0.1146
vn 0.9782 -0.2040 0.0401
vn 0.9687 -0.2215 0.1124
vn 0.9779 -0.2046 0.0425
vn 0.9821 -0.1859 -0.0300
vn 0.9782 -0.2040 0.0401
vn 0.9779 -0.2046 0.0425
vn 0.9822 -0.1853 -0.0324
vn 0.9782 -0.2040 0.0401
vn 0.9821 -0.1859 -0.0300
vn 0.9808 -0.1663 -0.1022
vn 0.9822 -0.1853 -0.0324
vn 0.9821 -0.1859 -0.0300
vn 0.9806 -0.1656 -0.1047
vn 0.9822 -0.1853 -0.0324
vn 0.9808 -0.1663 -0.1022
vn 0.1788 0.9504 0.2546
vn 0.1788 0.9504 0.2546
vn 0.1788 0.9504 0.2546
vn 0.1788 0.9504 0.2546
vn 0.1788 0.9504 0.2546
vn 0.1788 0.9504 0.2546
vn 0.1788 0.9504 0.2546
vn 0.1788 0.9504 0.2546
vn 0.1788 0.9504 0.2546
vn 0.1788 0.9504 0.2546
vn 0.1788 0.9504 0.2546
vn 0.1788 0.9504 0.2546
vn 0.1788 0.9504 0.2546
vn 0.1788 0.9504 0.2546
vn 0.1788 0.9504 0.2546
vn 0.1788 0.9504 0.2546
vn 0.1788 0.9504 0.2546
vn 0.1788 0.9504 0.2546
vn 0.1788 0.9504 0.2546
vn 0.1788 0.9504 0.2546
vn 0.1788 0.9504 0.2546
vn 0.1788 0.9504 0.2546
vn 0.1788 0.9504 0.2546
vn 0.1788 0.9504 0.2546
vn 0.1788 0.9504 0.2546
vn 0.1788 0.9504 0.2546
vn 0.1788 0.9504 0.2546
vn 0.1788 0.9504 0.2546
vn 0.1788 0.9504 0.2546
vn 0.1788 0.9504 0.2546
vn 0.1788 0.9504 0.2546
vn 0.1788 0.9504 0.2546
vn 0.1788 0.9504 0.2546
vn 0.1788 0.9504 0.2546
vn 0.1788 0.9504 0.2546
vn 0.1788 0.9504 0.2546
vn 0.1788 0.9504 0.2546
vn 0.1788 0.9504 0.2546
vn 0.1788 0.9504 0.2546
vn 0.1788 0.9504 0.2546
vn 0.1788 0.9504 0.2546
vn 0.1788 0.9504 0.2546
vn 0.1788 0.9504 0.2546
vn 0.1788 0.9504 0.2546
vn 0.1788 0.9504 0.2546
vn 0.1788 0.9504 0.2546
vn 0.1788 0.9504 0.2546
vn 0.1788 0.9504 0.2546
vn 0.1788 0.9504 0.2546
vn 0.1788 0.9504 0.2546
vn 0.1788 0.9504 0.2546
vn 0.1788 0.9504 0.2546
vn 0.1788 0.9504 0.2546
vn 0.1788 0.9504 0.2546
vn 0.1788 0.9504 0.2546
vn 0.1788 0.9504 0.2546
vn 0.1788 0.9504 0.2546
vn 0.1788 0.9504 0.2546
vn 0.1788 0.9504 0.2546
vn 0.1788 0.9504 0.2546
vn 0.1788 0.9504 0.2546
vn 0.1788 0.9504 0.2546
vn 0.1788 0.9504 0.2546
vn 0.1788 0.9504 0.2546
vn 0.1788 0.9504 0.2546
vn 0.1788 0.9504 0.2546
vn 0.1788 0.9504 0.2546
vn 0.1788 0.9504 0.2546
vn 0.1788 0.9504 0.2546
vn 0.1788 0.9504 0.2546
vn 0.1788 0.9504 0.2546
vn 0.1788 0.9504 0.2546
vn 0.1788 0.9504 0.2546
vn 0.1788 0.9504 0.2546
vn 0.1788 0.9504 0.2546
vn 0.1788 0.9504 0.2546
vn 0.1788 0.9504 0.2546
vn 0.1788 0.9504 0.2546
vn 0.1788 0.9504 0.2546
vn 0.1788 0.9504 0.2546
vn 0.1788 0.9504 0.2546
vn 0.1788 0.9504 0.2546
vn 0.1788 0.9504 0.2546
vn 0.1788 0.9504 0.2546
vn 0.1788 0.9504 0.2546
vn 0.1788 0.9504 0.2546
vn 0.1788 0.9504 0.2546
vn 0.1788 0.9504 0.2546
vn 0.1788 0.9504 0.2546
vn 0.1788 0.9504 0.2546
vn 0.1788 0.9504 0.2546
vn 0.1788 0.9504 0.2546
vn 0.1788 0.9504 0.2546
vn 0.1788 0.9504 0.2546
vn 0.1788 0.9504 0.2546
vn 0.1788 0.9504 0.2546
vn 0.1788 0.9504 0.2546
vn 0.1788 0.9504 0.2546
vn 0.1788 0.9504 0.2546
vn 0.1788 0.9504 0.2546
vn 0.1788 0.9504 0.2546
vn 0.1788 0.9504 0.2546
vn 0.1788 0.9504 0.2546
vn 0.1788 0.9504 0.2546
vn 0.1788 0.9504 0.2546
vn 0.1788 0.9504 0.2546
vn 0.1788 0.9504 0.2546
vn 0.1788 0.9504 0.2546
vn 0.1788 0.9504 0.2546
vn 0.1788 0.9504 0.2546
vn 0.1788 0.9504 0.2546
vn 0.1788 0.9504 0.2546
vn 0.1788 0.9504 0.2546
vn 0.1788 0.9504 0.2546
vn 0.1788 0.9504 0.2546
vn 0.1788 0.9504 0.2546
vn 0.1788 0.9504 0.2546
vn 0.1788 0.9504 0.2546
vn -0.7257 -0.0293 0.6874
vn -0.6099 -0.4442 0.4152
vn -0.7029 -0.0394 0.7091
vn -0.5268 -0.8424 0.1131
vn -0.5061 -0.8518 0.1335
vn -0.6099 -0.4442 0.4152
vn -0.7257 -0.0293 0.6874
vn -0.7823 -0.0014 0.6229
vn -0.5268 -0.8424 0.1131
vn -0.7257 -0.0293 0.6874
vn -0.5554 -0.8278 0.0787
vn -0.5268 -0.8424 0.1131
vn -0.7823 -0.0014 0.6229
vn -0.8340 0.0276 0.5510
vn -0.5554 -0.8278 0.0787
vn -0.7823 -0.0014 0.6229
vn -0.5792 -0.8140 0.0437
vn -0.5554 -0.8278 0.0787
vn -0.8340 0.0276 0.5510
vn -0.8609 0.0445 0.5068
vn -0.5792 -0.8140 0.0437
vn -0.8340 0.0276 0.5510
vn -0.5999 -0.8000 0.0062
vn -0.5792 -0.8140 0.0437
vn -0.8609 0.0445 0.5068
vn -0.8852 0.0614 0.4611
vn -0.5999 -0.8000 0.0062
vn -0.8609 0.0445 0.5068
vn -0.9069 0.0780 0.4141
vn -0.5999 -0.8000 0.0062
vn -0.8852 0.0614 0.4611
vn -0.9069 0.0780 0.4141
vn -0.6115 -0.7910 -0.0195
vn -0.5999 -0.8000 0.0062
vn -0.9259 0.0945 0.3658
vn -0.6115 -0.7910 -0.0195
vn -0.9069 0.0780 0.4141
vn -0.6273 -0.7762 -0.0637
vn -0.6115 -0.7910 -0.0195
vn -0.9259 0.0945 0.3658
vn -0.9564 -0.1908 0.2210
vn -0.6273 -0.7762 -0.0637
vn -0.9259 0.0945 0.3658
vn -0.6385 -0.7618 -0.1095
vn -0.6273 -0.7762 -0.0637
vn -0.8824 -0.4667 0.0600
vn -0.7995 -0.5985 -0.0513
vn -0.6385 -0.7618 -0.1095
vn -0.8824 -0.4667 0.0600
vn -0.6450 -0.7480 -0.1564
vn -0.6385 -0.7618 -0.1095
vn -0.7995 -0.5985 -0.0513
vn -0.8976 -0.4383 -0.0468
vn -0.6451 -0.7479 -0.1568
vn -0.6450 -0.7480 -0.1565
vn -0.8976 -0.4383 -0.0468
vn -0.6450 -0.7480 -0.1564
vn -0.7995 -0.5985 -0.0513
vn -0.8976 -0.4383 -0.0468
vn -0.6450 -0.7480 -0.1565
vn -0.6450 -0.7480 -0.1564
vn -0.8449 -0.5316 0.0591
vn -0.9564 -0.1908 0.2210
vn -0.8824 -0.4667 0.0600
vn -0.8449 -0.5316 0.0591
vn -0.6273 -0.7762 -0.0637
vn -0.9564 -0.1908 0.2210
vn -0.8449 -0.5316 0.0591
vn -0.8824 -0.4667 0.0600
vn -0.6273 -0.7762 -0.0637
vn -0.9620 0.1794 0.2060
vn -0.9620 0.1794 0.2060
vn -0.9620 0.1794 0.2060
vn -0.9620 0.1794 0.2060
vn -0.9620 0.1794 0.2060
vn -0.9620 0.1794 0.2060
vn -0.9620 0.1794 0.2060
vn -0.9620 0.1794 0.2060
vn -0.9620 0.1794 0.2060
vn -0.9620 0.1794 0.2060
vn -0.9620 0.1794 0.2060
vn -0.9620 0.1794 0.2060
vn -0.9620 0.1794 0.2060
vn -0.9620 0.1794 0.2060
vn -0.9620 0.1794 0.2060
vn -0.9620 0.1794 0.2060
vn -0.9620 0.1794 0.2060
vn -0.9620 0.1794 0.2060
vn -0.9259 0.0945 0.3658
vn -0.9199 0.0891 0.3820
vn -0.9461 0.1353 0.2944
vn -0.9259 0.0945 0.3658
vn -0.9461 0.1353 0.2944
vn -0.9482 0.1370 0.2867
vn -0.9532 0.1511 0.2620
vn -0.9620 0.1794 0.2060
vn -0.9620 0.1794 0.2060
vn -0.9532 0.1511 0.2620
vn -0.9620 0.1794 0.2060
vn -0.9482 0.1370 0.2867
vn -0.9532 0.1511 0.2620
vn -0.9461 0.1353 0.2944
vn -0.9620 0.1794 0.2060
vn -0.9532 0.1511 0.2620
vn -0.9482 0.1370 0.2867
vn -0.9461 0.1353 0.2944
vn -0.9802 0.1966 0.0231
vn -0.9754 0.1881 0.1151
vn -0.9757 0.1909 0.1075
vn -0.9795 0.2012 0.0056
vn -0.9802 0.1966 0.0231
vn -0.9757 0.1909 0.1075
vn -0.9719 0.1864 0.1437
vn -0.9620 0.1794 0.2060
vn -0.9620 0.1794 0.2060
vn -0.9719 0.1864 0.1437
vn -0.9620 0.1794 0.2060
vn -0.9757 0.1909 0.1075
vn -0.9719 0.1864 0.1437
vn -0.9754 0.1881 0.1151
vn -0.9620 0.1794 0.2060
vn -0.9719 0.1864 0.1437
vn -0.9757 0.1909 0.1075
vn -0.9754 0.1881 0.1151
vn -0.8610 0.4301 0.2715
vn -0.8695 0.4498 0.2039
vn -0.8695 0.4498 0.2039
vn -0.8610 0.4301 0.2715
vn -0.8610 0.4301 0.2713
vn -0.8695 0.4498 0.2039
vn -0.8474 0.4098 0.3377
vn -0.8610 0.4301 0.2713
vn -0.8610 0.4301 0.2715
vn -0.8473 0.4097 0.3381
vn -0.8474 0.4098 0.3377
vn -0.8610 0.4301 0.2715
vn -0.8333 0.3936 0.3883
vn -0.8287 0.3889 0.4026
vn -0.8474 0.4098 0.3377
vn -0.8333 0.3936 0.3883
vn -0.8474 0.4098 0.3377
vn -0.8473 0.4097 0.3381
vn -0.8154 0.3764 0.4397
vn -0.8050 0.3675 0.4658
vn -0.8287 0.3889 0.4026
vn -0.8154 0.3764 0.4397
vn -0.8287 0.3889 0.4026
vn -0.8333 0.3936 0.3883
vn -0.7894 0.3552 0.5008
vn -0.8050 0.3675 0.4658
vn -0.8154 0.3764 0.4397
vn -0.7894 0.3552 0.5008
vn -0.7765 0.3458 0.5268
vn -0.8050 0.3675 0.4658
vn -0.7587 0.3336 0.5595
vn -0.7433 0.3239 0.5853
vn -0.7765 0.3458 0.5268
vn -0.7587 0.3336 0.5595
vn -0.7765 0.3458 0.5268
vn -0.7894 0.3552 0.5008
vn -0.7236 0.3120 0.6157
vn -0.7057 0.3019 0.6410
vn -0.7433 0.3239 0.5853
vn -0.7236 0.3120 0.6157
vn -0.7433 0.3239 0.5853
vn -0.7587 0.3336 0.5595
vn -0.6842 0.2903 0.6690
vn -0.6638 0.2799 0.6936
vn -0.7057 0.3019 0.6410
vn -0.6842 0.2903 0.6690
vn -0.7057 0.3019 0.6410
vn -0.7236 0.3120 0.6157
vn -0.6409 0.2687 0.7191
vn -0.6245 0.2611 0.7360
vn -0.6265 0.2621 0.7335
vn -0.6638 0.2799 0.6936
vn -0.6409 0.2687 0.7191
vn -0.6638 0.2799 0.6936
vn -0.6842 0.2903 0.6690
vn -0.6245 0.2611 0.7360
vn -0.6409 0.2687 0.7191
vn -0.6189 0.2588 0.7408
vn -0.7425 0.6041 0.2893
vn -0.7482 0.6181 0.2411
vn -0.7482 0.6181 0.2411
vn -0.7425 0.6041 0.2893
vn -0.7425 0.6041 0.2893
vn -0.7482 0.6181 0.2411
vn -0.7340 0.5898 0.3369
vn -0.7425 0.6041 0.2893
vn -0.7425 0.6041 0.2893
vn -0.7340 0.5898 0.3369
vn -0.7340 0.5898 0.3369
vn -0.7425 0.6041 0.2893
vn -0.7225 0.5750 0.3838
vn -0.7340 0.5898 0.3369
vn -0.7340 0.5898 0.3369
vn -0.7225 0.5750 0.3838
vn -0.7225 0.5750 0.3838
vn -0.7340 0.5898 0.3369
vn -0.7041 0.5561 0.4415
vn -0.7041 0.5561 0.4415
vn -0.7225 0.5750 0.3838
vn -0.7041 0.5561 0.4415
vn -0.7225 0.5750 0.3838
vn -0.7225 0.5750 0.3838
vn -0.6814 0.5368 0.4976
vn -0.6814 0.5368 0.4976
vn -0.7041 0.5561 0.4415
vn -0.6814 0.5368 0.4976
vn -0.7041 0.5561 0.4415
vn -0.7041 0.5561 0.4415
vn -0.6543 0.5172 0.5517
vn -0.6543 0.5172 0.5517
vn -0.6814 0.5368 0.4976
vn -0.6543 0.5172 0.5517
vn -0.6814 0.5368 0.4976
vn -0.6814 0.5368 0.4976
vn -0.6232 0.4975 0.6034
vn -0.6232 0.4975 0.6034
vn -0.6543 0.5172 0.5517
vn -0.6232 0.4975 0.6034
vn -0.6543 0.5172 0.5517
vn -0.6543 0.5172 0.5517
vn -0.5882 0.4777 0.6526
vn -0.5882 0.4777 0.6526
vn -0.6232 0.4975 0.6034
vn -0.5882 0.4777 0.6526
vn -0.6232 0.4975 0.6034
vn -0.6232 0.4975 0.6034
vn -0.5494 0.4580 0.6988
vn -0.5494 0.4580 0.6988
vn -0.5882 0.4777 0.6526
vn -0.5494 0.4580 0.6988
vn -0.5882 0.4777 0.6526
vn -0.5882 0.4777 0.6526
vn -0.5071 0.4385 0.7420
vn -0.5071 0.4385 0.7420
vn -0.5494 0.4580 0.6988
vn -0.5071 0.4385 0.7420
vn -0.5494 0.4580 0.6988
vn -0.5494 0.4580 0.6988
vn -0.5069 0.4384 0.7422
vn -0.5071 0.4385 0.7420
vn -0.5068 0.4384 0.7422
vn -0.5068 0.4384 0.7422
vn -0.5071 0.4385 0.7420
vn -0.5071 0.4385 0.7420
vn -0.5051 0.4377 0.7437
vn -0.5268 -0.8424 0.1131
vn -0.5057 -0.8521 0.1344
vn -0.5061 -0.8518 0.1335
vn -0.5268 -0.8424 0.1131
vn -0.5290 -0.8414 0.1106
vn -0.5057 -0.8521 0.1344
vn -0.5057 -0.8521 0.1344
vn -0.5516 -0.8299 0.0836
vn -0.5290 -0.8414 0.1106
vn -0.5268 -0.8424 0.1131
vn -0.5554 -0.8278 0.0787
vn -0.5516 -0.8299 0.0836
vn -0.5268 -0.8424 0.1131
vn -0.5721 -0.8183 0.0549
vn -0.5516 -0.8299 0.0836
vn -0.5554 -0.8278 0.0787
vn -0.5792 -0.8140 0.0437
vn -0.5721 -0.8183 0.0549
vn -0.5554 -0.8278 0.0787
vn -0.5902 -0.8068 0.0248
vn -0.5721 -0.8183 0.0549
vn -0.5792 -0.8140 0.0437
vn -0.5999 -0.8000 0.0062
vn -0.5902 -0.8068 0.0248
vn -0.5792 -0.8140 0.0437
vn -0.6060 -0.7954 -0.0068
vn -0.5902 -0.8068 0.0248
vn -0.5999 -0.8000 0.0062
vn -0.6115 -0.7910 -0.0195
vn -0.6060 -0.7954 -0.0068
vn -0.5999 -0.8000 0.0062
vn -0.6193 -0.7842 -0.0395
vn -0.6060 -0.7954 -0.0068
vn -0.6115 -0.7910 -0.0195
vn -0.6273 -0.7762 -0.0637
vn -0.6193 -0.7842 -0.0395
vn -0.6115 -0.7910 -0.0195
vn -0.6300 -0.7731 -0.0732
vn -0.6193 -0.7842 -0.0395
vn -0.6273 -0.7762 -0.0637
vn -0.6385 -0.7618 -0.1095
vn -0.6300 -0.7731 -0.0732
vn -0.6273 -0.7762 -0.0637
vn -0.6385 -0.7618 -0.1095
vn -0.6367 -0.7645 -0.1005
vn -0.6300 -0.7731 -0.0732
vn -0.6417 -0.7562 -0.1283
vn -0.6367 -0.7645 -0.1005
vn -0.6385 -0.7618 -0.1095
vn -0.6450 -0.7480 -0.1564
vn -0.6417 -0.7562 -0.1283
vn -0.6385 -0.7618 -0.1095
vn -0.6450 -0.7480 -0.1564
vn -0.6450 -0.7480 -0.1564
vn -0.6417 -0.7562 -0.1283
vn -0.8992 -0.4351 -0.0463
vn -0.6451 -0.7479 -0.1568
vn -0.8976 -0.4383 -0.0468
vn -0.9923 -0.1234 -0.0057
vn -0.6451 -0.7479 -0.1568
vn -0.8992 -0.4351 -0.0463
vn -0.6455 -0.7275 -0.2326
vn -0.6468 -0.7354 -0.2022
vn -0.9802 0.1966 0.0231
vn -0.9733 0.2196 -0.0675
vn -0.6455 -0.7275 -0.2326
vn -0.9802 0.1966 0.0231
vn -0.6400 -0.7164 -0.2780
vn -0.6455 -0.7275 -0.2326
vn -0.9733 0.2196 -0.0675
vn -0.9639 0.2339 -0.1276
vn -0.6400 -0.7164 -0.2780
vn -0.9733 0.2196 -0.0675
vn -0.6161 -0.6970 -0.3669
vn -0.6301 -0.7062 -0.3230
vn -0.9427 0.2538 -0.2168
vn -0.9132 0.2716 -0.3039
vn -0.6161 -0.6970 -0.3669
vn -0.9427 0.2538 -0.2168
vn -0.5979 -0.6890 -0.4096
vn -0.6161 -0.6970 -0.3669
vn -0.9132 0.2716 -0.3039
vn -0.8756 0.2872 -0.3884
vn -0.5979 -0.6890 -0.4096
vn -0.9132 0.2716 -0.3039
vn -0.5758 -0.6822 -0.4507
vn -0.5979 -0.6890 -0.4096
vn -0.8756 0.2872 -0.3884
vn -0.8303 0.3004 -0.4694
vn -0.5758 -0.6822 -0.4507
vn -0.8756 0.2872 -0.3884
vn -0.5500 -0.6766 -0.4897
vn -0.5758 -0.6822 -0.4507
vn -0.8303 0.3004 -0.4694
vn -0.7777 0.3111 -0.5462
vn -0.5500 -0.6766 -0.4897
vn -0.8303 0.3004 -0.4694
vn -0.5206 -0.6723 -0.5263
vn -0.5500 -0.6766 -0.4897
vn -0.7777 0.3111 -0.5462
vn -0.4916 -0.6696 -0.5565
vn -0.5206 -0.6723 -0.5263
vn -0.7182 0.3192 -0.6183
vn -0.4916 -0.6696 -0.5565
vn -0.7182 0.3192 -0.6183
vn -0.5168 -0.5461 -0.5674
vn -0.5168 -0.5461 -0.5674
vn -0.7182 0.3192 -0.6183
vn -0.6694 0.3232 -0.6677
vn -0.8696 -0.4787 -0.1211
vn -0.6468 -0.7354 -0.2022
vn -0.6451 -0.7479 -0.1568
vn -0.8696 -0.4787 -0.1211
vn -0.9923 -0.1234 -0.0057
vn -0.9802 0.1966 0.0231
vn -0.8696 -0.4787 -0.1211
vn -0.6451 -0.7479 -0.1568
vn -0.9923 -0.1234 -0.0057
vn -0.8696 -0.4787 -0.1211
vn -0.9802 0.1966 0.0231
vn -0.6468 -0.7354 -0.2022
vn -0.8483 -0.4337 -0.3039
vn -0.9427 0.2538 -0.2168
vn -0.6301 -0.7062 -0.3230
vn -0.8483 -0.4337 -0.3039
vn -0.6301 -0.7062 -0.3230
vn -0.6400 -0.7164 -0.2780
vn -0.8483 -0.4337 -0.3039
vn -0.9639 0.2339 -0.1276
vn -0.9427 0.2538 -0.2168
vn -0.8483 -0.4337 -0.3039
vn -0.6400 -0.7164 -0.2780
vn -0.9639 0.2339 -0.1276
vn -0.6755 -0.3780 -0.6331
vn -0.5206 -0.6723 -0.5263
vn -0.7777 0.3111 -0.5462
vn -0.6755 -0.3780 -0.6331
vn -0.7182 0.3192 -0.6183
vn -0.5206 -0.6723 -0.5263
vn -0.6755 -0.3780 -0.6331
vn -0.7777 0.3111 -0.5462
vn -0.7182 0.3192 -0.6183
vn -0.6193 -0.7842 -0.0395
vn -0.6300 -0.7731 -0.0732
vn -0.9143 -0.3836 0.1300
vn -0.9267 0.0888 0.3650
vn -0.9482 0.1109 0.2976
vn -0.7225 0.5750 0.3838
vn -0.9267 0.0888 0.3650
vn -0.7225 0.5750 0.3838
vn -0.7041 0.5561 0.4415
vn -0.8956 -0.4028 0.1886
vn -0.6193 -0.7842 -0.0395
vn -0.9143 -0.3836 0.1300
vn -0.8956 -0.4028 0.1886
vn -0.9143 -0.3836 0.1300
vn -0.9482 0.1109 0.2976
vn -0.8956 -0.4028 0.1886
vn -0.9482 0.1109 0.2976
vn -0.9267 0.0888 0.3650
vn -0.9002 0.0663 0.4304
vn -0.9267 0.0888 0.3650
vn -0.7041 0.5561 0.4415
vn -0.9002 0.0663 0.4304
vn -0.7041 0.5561 0.4415
vn -0.6814 0.5368 0.4976
vn -0.8725 -0.4224 0.2454
vn -0.6060 -0.7954 -0.0068
vn -0.6193 -0.7842 -0.0395
vn -0.8725 -0.4224 0.2454
vn -0.6193 -0.7842 -0.0395
vn -0.8956 -0.4028 0.1886
vn -0.8725 -0.4224 0.2454
vn -0.8956 -0.4028 0.1886
vn -0.9267 0.0888 0.3650
vn -0.8725 -0.4224 0.2454
vn -0.9267 0.0888 0.3650
vn -0.9002 0.0663 0.4304
vn -0.8687 0.0434 0.4935
vn -0.6814 0.5368 0.4976
vn -0.6543 0.5172 0.5517
vn -0.8687 0.0434 0.4935
vn -0.9002 0.0663 0.4304
vn -0.6814 0.5368 0.4976
vn -0.8452 -0.4422 0.3002
vn -0.5902 -0.8068 0.0248
vn -0.6060 -0.7954 -0.0068
vn -0.8452 -0.4422 0.3002
vn -0.9002 0.0663 0.4304
vn -0.8687 0.0434 0.4935
vn -0.8452 -0.4422 0.3002
vn -0.6060 -0.7954 -0.0068
vn -0.8725 -0.4224 0.2454
vn -0.8452 -0.4422 0.3002
vn -0.8725 -0.4224 0.2454
vn -0.9002 0.0663 0.4304
vn -0.8324 0.0204 0.5539
vn -0.8687 0.0434 0.4935
vn -0.6543 0.5172 0.5517
vn -0.8324 0.0204 0.5539
vn -0.6543 0.5172 0.5517
vn -0.6232 0.4975 0.6034
vn -0.8136 -0.4622 0.3527
vn -0.5721 -0.8183 0.0549
vn -0.5902 -0.8068 0.0248
vn -0.8136 -0.4622 0.3527
vn -0.8452 -0.4422 0.3002
vn -0.8687 0.0434 0.4935
vn -0.8136 -0.4622 0.3527
vn -0.5902 -0.8068 0.0248
vn -0.8452 -0.4422 0.3002
vn -0.8136 -0.4622 0.3527
vn -0.8687 0.0434 0.4935
vn -0.8324 0.0204 0.5539
vn -0.7915 -0.0026 0.6112
vn -0.8324 0.0204 0.5539
vn -0.6232 0.4975 0.6034
vn -0.7915 -0.0026 0.6112
vn -0.6232 0.4975 0.6034
vn -0.5882 0.4777 0.6526
vn -0.7915 -0.0026 0.6112
vn -0.5882 0.4777 0.6526
vn -0.5494 0.4580 0.6988
vn -0.7781 -0.4823 0.4025
vn -0.5721 -0.8183 0.0549
vn -0.8136 -0.4622 0.3527
vn -0.7781 -0.4823 0.4025
vn -0.5516 -0.8299 0.0836
vn -0.5721 -0.8183 0.0549
vn -0.7781 -0.4823 0.4025
vn -0.5290 -0.8414 0.1106
vn -0.5516 -0.8299 0.0836
vn -0.7781 -0.4823 0.4025
vn -0.8136 -0.4622 0.3527
vn -0.8324 0.0204 0.5539
vn -0.7781 -0.4823 0.4025
vn -0.8324 0.0204 0.5539
vn -0.7915 -0.0026 0.6112
vn -0.7462 -0.0256 0.6652
vn -0.7915 -0.0026 0.6112
vn -0.5494 0.4580 0.6988
vn -0.7388 -0.5022 0.4494
vn -0.7915 -0.0026 0.6112
vn -0.7462 -0.0256 0.6652
vn -0.7388 -0.5022 0.4494
vn -0.5290 -0.8414 0.1106
vn -0.7781 -0.4823 0.4025
vn -0.7388 -0.5022 0.4494
vn -0.7781 -0.4823 0.4025
vn -0.7915 -0.0026 0.6112
vn -0.6977 -0.0480 0.7147
vn -0.7462 -0.0256 0.6652
vn -0.5494 0.4580 0.6988
vn -0.6944 -0.0399 0.7153
vn -0.6944 -0.0399 0.7153
vn -0.5494 0.4580 0.6988
vn -0.5071 0.4385 0.7420
vn -0.5478 0.3340 0.7363
vn -0.5057 -0.8521 0.1344
vn -0.5290 -0.8414 0.1106
vn -0.6892 -0.5347 0.4780
vn -0.6976 -0.5213 0.4915
vn -0.7388 -0.5022 0.4494
vn -0.7462 -0.0256 0.6652
vn -0.6978 -0.5030 0.4998
vn -0.6892 -0.5347 0.4780
vn -0.5290 -0.8414 0.1106
vn -0.7388 -0.5022 0.4494
vn -0.6976 -0.5213 0.4915
vn -0.6978 -0.5030 0.4998
vn -0.7462 -0.0256 0.6652
vn -0.6977 -0.0480 0.7147
vn -0.5077 0.4362 0.7421
vn -0.5071 0.4385 0.7420
vn -0.5069 0.4384 0.7422
vn -0.5478 0.3340 0.7363
vn -0.5071 0.4385 0.7420
vn -0.5077 0.4362 0.7421
vn 0.1788 0.9504 0.2546
vn -0.7340 0.5898 0.3369
vn 0.1788 0.9504 0.2546
vn -0.1515 0.9285 0.3390
vn -0.7340 0.5898 0.3369
vn 0.1788 0.9504 0.2546
vn -0.4641 0.7984 0.3838
vn -0.7340 0.5898 0.3369
vn -0.1515 0.9285 0.3390
vn -0.7225 0.5750 0.3838
vn -0.7340 0.5898 0.3369
vn -0.4641 0.7984 0.3838
vn -0.4364 0.7983 -0.3868
vn -0.4929 0.7520 -0.4378
vn -0.4861 0.7524 -0.4440
vn -0.2942 0.9292 -0.2237
vn -0.2319 0.9470 -0.1645
vn -0.1731 0.9346 -0.1012
vn -0.2942 0.9292 -0.2237
vn -0.1731 0.9346 -0.1012
vn 0.1788 0.9504 0.2546
vn -0.2942 0.9292 -0.2237
vn 0.1788 0.9504 0.2546
vn 0.1788 0.9504 0.2546
vn -0.2942 0.9292 -0.2237
vn -0.4929 0.7520 -0.4378
vn -0.4364 0.7983 -0.3868
vn -0.2942 0.9292 -0.2237
vn -0.4364 0.7983 -0.3868
vn -0.2894 0.9295 -0.2283
vn -0.2942 0.9292 -0.2237
vn -0.2894 0.9295 -0.2283
vn -0.2319 0.9470 -0.1645
vn -0.0690 0.9973 0.0243
vn -0.2942 0.9292 -0.2237
vn 0.1788 0.9504 0.2546
vn -0.3088 0.9279 -0.2089
vn -0.2942 0.9292 -0.2237
vn -0.0690 0.9973 0.0243
vn -0.3088 0.9279 -0.2089
vn -0.5363 0.7477 -0.3915
vn -0.4929 0.7520 -0.4378
vn -0.3088 0.9279 -0.2089
vn -0.4929 0.7520 -0.4378
vn -0.2942 0.9292 -0.2237
vn -0.3263 0.9261 -0.1895
vn -0.3088 0.9279 -0.2089
vn -0.0690 0.9973 0.0243
vn -0.3263 0.9261 -0.1895
vn -0.5363 0.7477 -0.3915
vn -0.3088 0.9279 -0.2089
vn -0.3263 0.9261 -0.1895
vn -0.0690 0.9973 0.0243
vn 0.1788 0.9504 0.2546
vn -0.3263 0.9261 -0.1895
vn 0.1788 0.9504 0.2546
vn 0.1788 0.9504 0.2546
vn -0.0854 0.9954 0.0429
vn -0.3263 0.9261 -0.1895
vn 0.1788 0.9504 0.2546
vn -0.3396 0.9244 -0.1739
vn -0.5363 0.7477 -0.3915
vn -0.3263 0.9261 -0.1895
vn -0.3396 0.9244 -0.1739
vn -0.3263 0.9261 -0.1895
vn -0.0854 0.9954 0.0429
vn -0.3396 0.9244 -0.1739
vn -0.5762 0.7421 -0.3425
vn -0.5363 0.7477 -0.3915
vn -0.3559 0.9219 -0.1533
vn -0.0854 0.9954 0.0429
vn 0.1788 0.9504 0.2546
vn -0.3559 0.9219 -0.1533
vn -0.3396 0.9244 -0.1739
vn -0.0854 0.9954 0.0429
vn -0.3559 0.9219 -0.1533
vn -0.5762 0.7421 -0.3425
vn -0.3396 0.9244 -0.1739
vn -0.3559 0.9219 -0.1533
vn 0.1788 0.9504 0.2546
vn 0.1788 0.9504 0.2546
vn -0.1004 0.9930 0.0625
vn -0.3559 0.9219 -0.1533
vn 0.1788 0.9504 0.2546
vn -0.3678 0.9198 -0.1369
vn -0.5762 0.7421 -0.3425
vn -0.3559 0.9219 -0.1533
vn -0.3678 0.9198 -0.1369
vn -0.3559 0.9219 -0.1533
vn -0.1004 0.9930 0.0625
vn -0.3678 0.9198 -0.1369
vn -0.6124 0.7351 -0.2908
vn -0.5762 0.7421 -0.3425
vn -0.3827 0.9167 -0.1150
vn -0.1004 0.9930 0.0625
vn 0.1788 0.9504 0.2546
vn -0.3827 0.9167 -0.1150
vn -0.3678 0.9198 -0.1369
vn -0.1004 0.9930 0.0625
vn -0.3827 0.9167 -0.1150
vn -0.6124 0.7351 -0.2908
vn -0.3678 0.9198 -0.1369
vn -0.3827 0.9167 -0.1150
vn 0.1788 0.9504 0.2546
vn 0.1788 0.9504 0.2546
vn -0.1139 0.9900 0.0831
vn -0.3827 0.9167 -0.1150
vn 0.1788 0.9504 0.2546
vn -0.3933 0.9142 -0.0981
vn -0.6124 0.7351 -0.2908
vn -0.3827 0.9167 -0.1150
vn -0.3933 0.9142 -0.0981
vn -0.3827 0.9167 -0.1150
vn -0.1139 0.9900 0.0831
vn -0.3933 0.9142 -0.0981
vn -0.6448 0.7267 -0.2368
vn -0.6124 0.7351 -0.2908
vn -0.4066 0.9105 -0.0751
vn -0.1139 0.9900 0.0831
vn 0.1788 0.9504 0.2546
vn -0.4066 0.9105 -0.0751
vn -0.3933 0.9142 -0.0981
vn -0.1139 0.9900 0.0831
vn -0.4066 0.9105 -0.0751
vn -0.6448 0.7267 -0.2368
vn -0.3933 0.9142 -0.0981
vn -0.4066 0.9105 -0.0751
vn 0.1788 0.9504 0.2546
vn 0.1788 0.9504 0.2546
vn -0.1259 0.9865 0.1046
vn -0.4066 0.9105 -0.0751
vn 0.1788 0.9504 0.2546
vn -0.4159 0.9076 -0.0577
vn -0.6448 0.7267 -0.2368
vn -0.4066 0.9105 -0.0751
vn -0.4159 0.9076 -0.0577
vn -0.4066 0.9105 -0.0751
vn -0.1259 0.9865 0.1046
vn -0.4159 0.9076 -0.0577
vn -0.6732 0.7170 -0.1808
vn -0.6448 0.7267 -0.2368
vn -0.4276 0.9033 -0.0337
vn -0.1259 0.9865 0.1046
vn 0.1788 0.9504 0.2546
vn -0.4276 0.9033 -0.0337
vn 0.1788 0.9504 0.2546
vn 0.1788 0.9504 0.2546
vn -0.4276 0.9033 -0.0337
vn -0.4159 0.9076 -0.0577
vn -0.1259 0.9865 0.1046
vn -0.4276 0.9033 -0.0337
vn -0.6732 0.7170 -0.1808
vn -0.4159 0.9076 -0.0577
vn -0.1363 0.9825 0.1268
vn -0.4276 0.9033 -0.0337
vn 0.1788 0.9504 0.2546
vn -0.4355 0.9001 -0.0159
vn -0.6732 0.7170 -0.1808
vn -0.4276 0.9033 -0.0337
vn -0.4355 0.9001 -0.0159
vn -0.4276 0.9033 -0.0337
vn -0.1363 0.9825 0.1268
vn -0.4355 0.9001 -0.0159
vn -0.6973 0.7061 -0.1230
vn -0.6732 0.7170 -0.1808
vn -0.4454 0.8953 0.0090
vn -0.1363 0.9825 0.1268
vn 0.1788 0.9504 0.2546
vn -0.4454 0.8953 0.0090
vn 0.1788 0.9504 0.2546
vn 0.1788 0.9504 0.2546
vn -0.4454 0.8953 0.0090
vn -0.4355 0.9001 -0.0159
vn -0.1363 0.9825 0.1268
vn -0.4454 0.8953 0.0090
vn -0.6973 0.7061 -0.1230
vn -0.4355 0.9001 -0.0159
vn -0.1450 0.9781 0.1496
vn -0.4454 0.8953 0.0090
vn 0.1788 0.9504 0.2546
vn -0.4519 0.8916 0.0271
vn -0.6973 0.7061 -0.1230
vn -0.4454 0.8953 0.0090
vn -0.4519 0.8916 0.0271
vn -0.4454 0.8953 0.0090
vn -0.1450 0.9781 0.1496
vn -0.4519 0.8916 0.0271
vn -0.7171 0.6940 -0.0639
vn -0.6973 0.7061 -0.1230
vn -0.4601 0.8863 0.0527
vn 0.1788 0.9504 0.2546
vn 0.1788 0.9504 0.2546
vn -0.4601 0.8863 0.0527
vn -0.1450 0.9781 0.1496
vn 0.1788 0.9504 0.2546
vn -0.4601 0.8863 0.0527
vn -0.4519 0.8916 0.0271
vn -0.1450 0.9781 0.1496
vn -0.4601 0.8863 0.0527
vn -0.7171 0.6940 -0.0639
vn -0.4519 0.8916 0.0271
vn -0.1521 0.9731 0.1729
vn -0.4601 0.8863 0.0527
vn 0.1788 0.9504 0.2546
vn -0.4652 0.8824 0.0710
vn -0.7171 0.6940 -0.0639
vn -0.4601 0.8863 0.0527
vn -0.4652 0.8824 0.0710
vn -0.4601 0.8863 0.0527
vn -0.1521 0.9731 0.1729
vn -0.4652 0.8824 0.0710
vn -0.7325 0.6808 -0.0037
vn -0.7171 0.6940 -0.0639
vn -0.4714 0.8765 0.0972
vn 0.1788 0.9504 0.2546
vn 0.1788 0.9504 0.2546
vn -0.4714 0.8765 0.0972
vn -0.1521 0.9731 0.1729
vn 0.1788 0.9504 0.2546
vn -0.4714 0.8765 0.0972
vn -0.4652 0.8824 0.0710
vn -0.1521 0.9731 0.1729
vn -0.4714 0.8765 0.0972
vn -0.7325 0.6808 -0.0037
vn -0.4652 0.8824 0.0710
vn -0.1573 0.9678 0.1966
vn -0.4714 0.8765 0.0972
vn 0.1788 0.9504 0.2546
vn -0.4751 0.8723 0.1156
vn -0.7325 0.6808 -0.0037
vn -0.4714 0.8765 0.0972
vn -0.4751 0.8723 0.1156
vn -0.4714 0.8765 0.0972
vn -0.1573 0.9678 0.1966
vn -0.4751 0.8723 0.1156
vn -0.7433 0.6665 0.0572
vn -0.7325 0.6808 -0.0037
vn -0.4795 0.8660 0.1423
vn 0.1788 0.9504 0.2546
vn 0.1788 0.9504 0.2546
vn -0.4795 0.8660 0.1423
vn -0.1573 0.9678 0.1966
vn 0.1788 0.9504 0.2546
vn -0.4795 0.8660 0.1423
vn -0.4751 0.8723 0.1156
vn -0.1573 0.9678 0.1966
vn -0.4795 0.8660 0.1423
vn -0.7433 0.6665 0.0572
vn -0.4751 0.8723 0.1156
vn -0.1608 0.9620 0.2205
vn -0.4795 0.8660 0.1423
vn 0.1788 0.9504 0.2546
vn -0.4817 0.8615 0.1606
vn -0.7433 0.6665 0.0572
vn -0.4795 0.8660 0.1423
vn -0.4817 0.8615 0.1606
vn -0.4795 0.8660 0.1423
vn -0.1608 0.9620 0.2205
vn -0.4817 0.8615 0.1606
vn -0.7496 0.6512 0.1186
vn -0.7433 0.6665 0.0572
vn -0.4841 0.8547 0.1876
vn 0.1788 0.9504 0.2546
vn 0.1788 0.9504 0.2546
vn -0.4841 0.8547 0.1876
vn -0.1608 0.9620 0.2205
vn 0.1788 0.9504 0.2546
vn -0.4841 0.8547 0.1876
vn -0.4817 0.8615 0.1606
vn -0.1608 0.9620 0.2205
vn -0.4841 0.8547 0.1876
vn -0.7496 0.6512 0.1186
vn -0.4817 0.8615 0.1606
vn -0.1626 0.9559 0.2445
vn -0.4841 0.8547 0.1876
vn 0.1788 0.9504 0.2546
vn -0.4850 0.8500 0.2058
vn -0.7496 0.6512 0.1186
vn -0.4841 0.8547 0.1876
vn -0.4850 0.8500 0.2058
vn -0.7512 0.6351 0.1800
vn -0.7496 0.6512 0.1186
vn -0.4850 0.8500 0.2058
vn -0.4841 0.8547 0.1876
vn -0.1626 0.9559 0.2445
vn -0.4853 0.8427 0.2331
vn 0.1788 0.9504 0.2546
vn 0.1788 0.9504 0.2546
vn -0.4853 0.8427 0.2331
vn -0.1626 0.9559 0.2445
vn 0.1788 0.9504 0.2546
vn -0.4853 0.8427 0.2331
vn -0.7512 0.6351 0.1800
vn -0.4850 0.8500 0.2058
vn -0.4853 0.8427 0.2331
vn -0.4850 0.8500 0.2058
vn -0.1626 0.9559 0.2445
vn -0.1625 0.9495 0.2685
vn -0.4853 0.8427 0.2331
vn 0.1788 0.9504 0.2546
vn -0.4848 0.8378 0.2510
vn -0.4853 0.8427 0.2331
vn -0.1625 0.9495 0.2685
vn -0.4848 0.8378 0.2510
vn -0.7482 0.6181 0.2411
vn -0.7512 0.6351 0.1800
vn -0.4848 0.8378 0.2510
vn -0.7512 0.6351 0.1800
vn -0.4853 0.8427 0.2331
vn -0.4831 0.8302 0.2783
vn -0.4848 0.8378 0.2510
vn -0.1625 0.9495 0.2685
vn -0.4831 0.8302 0.2783
vn -0.7482 0.6181 0.2411
vn -0.4848 0.8378 0.2510
vn -0.4831 0.8302 0.2783
vn 0.1788 0.9504 0.2546
vn 0.1788 0.9504 0.2546
vn -0.4831 0.8302 0.2783
vn -0.1625 0.9495 0.2685
vn 0.1788 0.9504 0.2546
vn -0.1606 0.9427 0.2923
vn -0.4831 0.8302 0.2783
vn 0.1788 0.9504 0.2546
vn -0.4813 0.8251 0.2959
vn -0.7482 0.6181 0.2411
vn -0.4831 0.8302 0.2783
vn -0.4813 0.8251 0.2959
vn -0.4831 0.8302 0.2783
vn -0.1606 0.9427 0.2923
vn -0.4813 0.8251 0.2959
vn -0.7425 0.6041 0.2893
vn -0.7482 0.6181 0.2411
vn -0.4789 0.8199 0.3139
vn -0.1606 0.9427 0.2923
vn 0.1788 0.9504 0.2546
vn -0.4789 0.8199 0.3139
vn -0.4813 0.8251 0.2959
vn -0.1606 0.9427 0.2923
vn -0.4789 0.8199 0.3139
vn -0.7425 0.6041 0.2893
vn -0.4813 0.8251 0.2959
vn -0.4789 0.8199 0.3139
vn 0.1788 0.9504 0.2546
vn 0.1788 0.9504 0.2546
vn -0.1569 0.9357 0.3158
vn -0.4789 0.8199 0.3139
vn 0.1788 0.9504 0.2546
vn -0.1569 0.9357 0.3158
vn 0.1788 0.9504 0.2546
vn -0.7340 0.5898 0.3369
vn -0.4743 0.8120 0.3402
vn -0.7425 0.6041 0.2893
vn -0.4789 0.8199 0.3139
vn -0.4743 0.8120 0.3402
vn -0.4789 0.8199 0.3139
vn -0.1569 0.9357 0.3158
vn -0.4743 0.8120 0.3402
vn -0.1569 0.9357 0.3158
vn -0.7340 0.5898 0.3369
vn -0.4743 0.8120 0.3402
vn -0.7340 0.5898 0.3369
vn -0.7425 0.6041 0.2893
vn 0.1788 0.9504 0.2546
vn 0.1788 0.9504 0.2546
vn 0.1788 0.9504 0.2546
vn 0.1788 0.9504 0.2546
vn 0.1788 0.9504 0.2546
vn 0.1788 0.9504 0.2546
vn 0.1788 0.9504 0.2546
vn 0.1788 0.9504 0.2546
vn 0.1788 0.9504 0.2546
vn 0.1788 0.9504 0.2546
vn 0.1788 0.9504 0.2546
vn 0.1788 0.9504 0.2546
vn 0.1788 0.9504 0.2546
vn 0.1788 0.9504 0.2546
vn 0.1788 0.9504 0.2546
vn 0.1788 0.9504 0.2546
vn 0.1788 0.9504 0.2546
vn 0.1788 0.9504 0.2546
vn 0.1788 0.9504 0.2546
vn 0.1788 0.9504 0.2546
vn 0.1788 0.9504 0.2546
vn 0.1788 0.9504 0.2546
vn 0.1788 0.9504 0.2546
vn 0.1788 0.9504 0.2546
vn 0.1788 0.9504 0.2546
vn 0.1788 0.9504 0.2546
vn 0.1788 0.9504 0.2546
vn 0.1788 0.9504 0.2546
vn 0.1788 0.9504 0.2546
vn 0.1788 0.9504 0.2546
vn 0.1788 0.9504 0.2546
vn 0.1788 0.9504 0.2546
vn 0.1788 0.9504 0.2546
vn 0.1788 0.9504 0.2546
vn 0.1788 0.9504 0.2546
vn 0.1788 0.9504 0.2546
vn 0.1788 0.9504 0.2546
vn 0.1788 0.9504 0.2546
vn 0.1788 0.9504 0.2546
vn 0.1788 0.9504 0.2546
vn 0.1788 0.9504 0.2546
vn 0.1788 0.9504 0.2546
vn 0.1788 0.9504 0.2546
vn 0.1788 0.9504 0.2546
vn 0.1788 0.9504 0.2546
vn 0.1788 0.9504 0.2546
vn 0.1788 0.9504 0.2546
vn 0.1788 0.9504 0.2546
vn 0.1788 0.9504 0.2546
vn 0.1788 0.9504 0.2546
vn 0.1788 0.9504 0.2546
vn 0.1788 0.9504 0.2546
vn 0.1788 0.9504 0.2546
vn 0.1788 0.9504 0.2546
vn 0.1788 0.9504 0.2546
vn 0.1788 0.9504 0.2546
vn 0.1788 0.9504 0.2546
vn 0.1788 0.9504 0.2546
vn 0.1788 0.9504 0.2546
vn 0.1788 0.9504 0.2546
vn 0.1788 0.9504 0.2546
vn 0.1788 0.9504 0.2546
vn 0.1788 0.9504 0.2546
vn 0.1788 0.9504 0.2546
vn 0.1788 0.9504 0.2546
vn 0.1788 0.9504 0.2546
vn 0.1788 0.9504 0.2546
vn 0.1788 0.9504 0.2546
vn 0.1788 0.9504 0.2546
vn 0.1788 0.9504 0.2546
vn 0.1788 0.9504 0.2546
vn 0.1788 0.9504 0.2546
vn 0.1788 0.9504 0.2546
vn 0.1788 0.9504 0.2546
vn 0.1788 0.9504 0.2546
vn 0.1788 0.9504 0.2546
vn 0.1788 0.9504 0.2546
vn 0.1788 0.9504 0.2546
vn 0.1788 0.9504 0.2546
vn 0.1788 0.9504 0.2546
vn 0.1788 0.9504 0.2546
vn 0.1788 0.9504 0.2546
vn 0.1788 0.9504 0.2546
vn 0.1788 0.9504 0.2546
vn 0.1788 0.9504 0.2546
vn 0.1788 0.9504 0.2546
vn 0.1788 0.9504 0.2546
vn 0.1788 0.9504 0.2546
vn 0.1788 0.9504 0.2546
vn 0.1788 0.9504 0.2546
vn 0.1788 0.9504 0.2546
vn 0.1788 0.9504 0.2546
vn 0.1788 0.9504 0.2546
vn 0.1788 0.9504 0.2546
g DPadRight
f 1//1 2//2 3//3
f 4//4 5//5 6//6
f 7//7 8//8 9//9
f 10//10 11//11 12//12
f 13//13 14//14 15//15
f 16//16 17//17 18//18
f 19//19 20//20 21//21
f 22//22 23//23 24//24
f 25//25 26//26 27//27
f 28//28 29//29 30//30
f 31//31 32//32 33//33
f 34//34 35//35 36//36
f 37//37 38//38 39//39
f 40//40 41//41 42//42
f 40//40 42//42 43//43
f 44//44 45//45 46//46
f 47//47 48//48 49//49
f 50//50 51//51 52//52
f 50//50 52//52 53//53
f 54//54 55//55 56//56
f 57//57 58//58 59//59
f 60//60 61//61 62//62
f 63//63 64//64 65//65
f 66//66 67//67 68//68
f 69//69 70//70 71//71
f 72//72 73//73 74//74
f 75//75 76//76 77//77
f 78//78 79//79 80//80
f 81//81 82//82 83//83
f 84//84 85//85 86//86
f 87//87 88//88 89//89
f 90//90 91//91 92//92
f 93//93 94//94 95//95
f 96//96 97//97 98//98
f 99//99 100//100 101//101
f 102//102 103//103 104//104
f 105//105 106//106 107//107
f 108//108 109//109 110//110
f 111//111 112//112 113//113
f 114//114 115//115 116//116
f 117//117 118//118 119//119
f 120//120 121//121 122//122
f 123//123 124//124 125//125
f 126//126 127//127 128//128
f 129//129 130//130 131//131
f 132//132 133//133 134//134
f 135//135 136//136 137//137
f 138//138 139//139 140//140
f 141//141 142//142 143//143
f 144//144 145//145 146//146
f 147//147 148//148 149//149
f 150//150 151//151 152//152
f 153//153 154//154 155//155
f 156//156 157//157 158//158
f 159//159 160//160 161//161
f 162//162 163//163 164//164
f 165//165 166//166 167//167
f 168//168 169//169 170//170
f 171//171 172//172 173//173
f 174//174 175//175 176//176
f 177//177 178//178 179//179
f 180//180 181//181 182//182
f 183//183 184//184 185//185
f 186//186 187//187 188//188
f 189//189 190//190 191//191
f 192//192 193//193 194//194
f 195//195 196//196 197//197
f 198//198 199//199 200//200
f 201//201 202//202 203//203
f 204//204 205//205 206//206
f 207//207 208//208 209//209
f 210//210 211//211 212//212
f 213//213 214//214 215//215
f 216//216 217//217 218//218
f 219//219 220//220 221//221
f 222//222 223//223 224//224
f 225//225 226//226 227//227
f 228//228 229//229 230//230
f 231//231 232//232 233//233
f 234//234 235//235 236//236
f 237//237 238//238 239//239
f 240//240 241//241 242//242
f 243//243 244//244 245//245
f 246//246 247//247 248//248
f 249//249 250//250 251//251
f 252//252 253//253 254//254
f 255//255 256//256 257//257
f 258//258 259//259 260//260
f 261//261 262//262 263//263
f 264//264 265//265 266//266
f 267//267 268//268 269//269
f 270//270 271//271 272//272
f 273//273 274//274 275//275
f 276//276 277//277 278//278
f 279//279 280//280 281//281
f 282//282 283//283 284//284
f 285//285 286//286 287//287
f 288//288 289//289 290//290
f 291//291 292//292 293//293
f 294//294 295//295 296//296
f 297//297 298//298 299//299
f 300//300 301//301 302//302
f 303//303 304//304 305//305
f 306//306 307//307 308//308
f 309//309 310//310 311//311
f 312//312 313//313 314//314
f 315//315 316//316 317//317
f 318//318 319//319 320//320
f 321//321 322//322 323//323
f 324//324 325//325 326//326
f 327//327 328//328 329//329
f 330//330 331//331 332//332
f 333//333 334//334 335//335
f 336//336 337//337 338//338
f 339//339 340//340 341//341
f 342//342 343//343 344//344
f 345//345 346//346 347//347
f 348//348 349//349 350//350
f 351//351 352//352 353//353
f 351//351 353//353 354//354
f 355//355 356//356 357//357
f 358//358 359//359 360//360
f 361//361 362//362 363//363
f 364//364 365//365 366//366
f 367//367 368//368 369//369
f 370//370 371//371 372//372
f 373//373 374//374 375//375
f 376//376 377//377 378//378
f 376//376 378//378 379//379
f 380//380 381//381 382//382
f 383//383 384//384 385//385
f 386//386 387//387 388//388
f 389//389 390//390 391//391
f 392//392 393//393 394//394
f 395//395 396//396 397//397
f 398//398 399//399 400//400
f 401//401 402//402 403//403
f 404//404 405//405 406//406
f 407//407 408//408 409//409
f 410//410 411//411 412//412
f 413//413 414//414 415//415
f 416//416 417//417 418//418
f 419//419 420//420 421//421
f 422//422 423//423 424//424
f 425//425 426//426 427//427
f 428//428 429//429 430//430
f 431//431 432//432 433//433
f 434//434 435//435 436//436
f 437//437 438//438 439//439
f 437//437 439//439 440//440
f 441//441 442//442 443//443
f 444//444 445//445 446//446
f 447//447 448//448 449//449
f 447//447 449//449 450//450
f 451//451 452//452 453//453
f 454//454 455//455 456//456
f 457//457 458//458 459//459
f 460//460 461//461 462//462
f 463//463 464//464 465//465
f 466//466 467//467 468//468
f 469//469 470//470 471//471
f 472//472 473//473 474//474
f 475//475 476//476 477//477
f 478//478 479//479 480//480
f 481//481 482//482 483//483
f 484//484 485//485 486//486
f 487//487 488//488 489//489
f 490//490 491//491 492//492
f 493//493 494//494 495//495
f 496//496 497//497 498//498
f 499//499 500//500 501//501
f 502//502 503//503 504//504
f 505//505 506//506 507//507
f 508//508 509//509 510//510
f 511//511 512//512 513//513
f 514//514 515//515 516//516
f 517//517 518//518 519//519
f 520//520 521//521 522//522
f 523//523 524//524 525//525
f 526//526 527//527 528//528
f 529//529 530//530 531//531
f 532//532 533//533 534//534
f 535//535 536//536 537//537
f 538//538 539//539 540//540
f 541//541 542//542 543//543
f 544//544 545//545 546//546
f 547//547 548//548 549//549
f 550//550 551//551 552//552
f 553//553 554//554 555//555
f 556//556 557//557 558//558
f 559//559 560//560 561//561
f 562//562 563//563 564//564
f 565//565 566//566 567//567
f 568//568 569//569 570//570
f 571//571 572//572 573//573
f 574//574 575//575 576//576
f 577//577 578//578 579//579
f 580//580 581//581 582//582
f 583//583 584//584 585//585
f 586//586 587//587 588//588
f 589//589 590//590 591//591
f 592//592 593//593 594//594
f 595//595 596//596 597//597
f 598//598 599//599 600//600
f 601//601 602//602 603//603
f 604//604 605//605 606//606
f 607//607 608//608 609//609
f 610//610 611//611 612//612
f 613//613 614//614 615//615
f 616//616 617//617 618//618
f 619//619 620//620 621//621
f 622//622 623//623 624//624
f 625//625 626//626 627//627
f 628//628 629//629 630//630
f 631//631 632//632 633//633
f 634//634 635//635 636//636
f 637//637 638//638 639//639
f 640//640 641//641 642//642
f 643//643 644//644 645//645
f 646//646 647//647 648//648
f 649//649 650//650 651//651
f 652//652 653//653 654//654
f 655//655 656//656 657//657
f 658//658 659//659 660//660
f 661//661 662//662 663//663
f 664//664 665//665 666//666
f 667//667 668//668 669//669
f 670//670 671//671 672//672
f 673//673 674//674 675//675
f 676//676 677//677 678//678
f 679//679 680//680 681//681
f 682//682 683//683 684//684
f 685//685 686//686 687//687
f 688//688 689//689 690//690
f 691//691 692//692 693//693
f 694//694 695//695 696//696
f 697//697 698//698 699//699
f 700//700 701//701 702//702
f 703//703 704//704 705//705
f 706//706 707//707 708//708
f 709//709 710//710 711//711
f 712//712 713//713 714//714
f 715//715 716//716 717//717
f 718//718 719//719 720//720
f 721//721 722//722 723//723
f 721//721 723//723 724//724
f 725//725 726//726 727//727
f 728//728 729//729 730//730
f 731//731 732//732 733//733
f 731//731 733//733 734//734
f 735//735 736//736 737//737
f 735//735 737//737 738//738
f 739//739 740//740 741//741
f 742//742 743//743 744//744
f 745//745 746//746 747//747
f 748//748 749//749 750//750
f 751//751 752//752 753//753
f 754//754 755//755 756//756
f 757//757 758//758 759//759
f 760//760 761//761 762//762
f 763//763 764//764 765//765
f 766//766 767//767 768//768
f 769//769 770//770 771//771
f 772//772 773//773 774//774
f 775//775 776//776 777//777
f 778//778 779//779 780//780
f 781//781 782//782 783//783
f 784//784 785//785 786//786
f 787//787 788//788 789//789
f 790//790 791//791 792//792
f 793//793 794//794 795//795
f 796//796 797//797 798//798
f 799//799 800//800 801//801
f 802//802 803//803 804//804
f 805//805 806//806 807//807
f 808//808 809//809 810//810
f 811//811 812//812 813//813
f 814//814 815//815 816//816
f 817//817 818//818 819//819
f 820//820 821//821 822//822
f 823//823 824//824 825//825
f 826//826 827//827 828//828
f 829//829 830//830 831//831
f 832//832 833//833 834//834
f 835//835 836//836 837//837
f 838//838 839//839 840//840
f 841//841 842//842 843//843
f 844//844 845//845 846//846
f 847//847 848//848 849//849
f 850//850 851//851 852//852
f 853//853 854//854 855//855
f 856//856 857//857 858//858
f 859//859 860//860 861//861
f 862//862 863//863 864//864
f 865//865 866//866 867//867
f 868//868 869//869 870//870
f 871//871 872//872 873//873
f 874//874 875//875 876//876
f 877//877 878//878 879//879
f 880//880 881//881 882//882
f 883//883 884//884 885//885
f 886//886 887//887 888//888
f 889//889 890//890 891//891
f 892//892 893//893 894//894
f 895//895 896//896 897//897
f 898//898 899//899 900//900
f 901//901 902//902 903//903
f 904//904 905//905 906//906
f 907//907 908//908 909//909
f 910//910 911//911 912//912
f 913//913 914//914 915//915
f 916//916 917//917 918//918
f 919//919 920//920 921//921
f 922//922 923//923 924//924
f 925//925 926//926 927//927
f 928//928 929//929 930//930
f 931//931 932//932 933//933
f 934//934 935//935 936//936
f 937//937 938//938 939//939
f 940//940 941//941 942//942
f 943//943 944//944 945//945
f 946//946 947//947 948//948
f 949//949 950//950 951//951
f 952//952 953//953 954//954
f 955//955 956//956 957//957
f 958//958 959//959 960//960
f 961//961 962//962 963//963
f 964//964 965//965 966//966
f 967//967 968//968 969//969
f 970//970 971//971 972//972
f 973//973 974//974 975//975
f 976//976 977//977 978//978
f 979//979 980//980 981//981
f 982//982 983//983 984//984
f 985//985 986//986 987//987
f 988//988 989//989 990//990
f 991//991 992//992 993//993
f 994//994 995//995 996//996
f 997//997 998//998 999//999
f 1000//1000 1001//1001 1002//1002
f 1003//1003 1004//1004 1005//1005
f 1006//1006 1007//1007 1008//1008
f 1009//1009 1010//1010 1011//1011
f 1012//1012 1013//1013 1014//1014
f 1015//1015 1016//1016 1017//1017
f 1018//1018 1019//1019 1020//1020
f 1021//1021 1022//1022 1023//1023
f 1024//1024 1025//1025 1026//1026
f 1027//1027 1028//1028 1029//1029
f 1030//1030 1031//1031 1032//1032
f 1033//1033 1034//1034 1035//1035
f 1036//1036 1037//1037 1038//1038
f 1039//1039 1040//1040 1041//1041
f 1042//1042 1043//1043 1044//1044
f 1045//1045 1046//1046 1047//1047
f 1048//1048 1049//1049 1050//1050
f 1051//1051 1052//1052 1053//1053
f 1054//1054 1055//1055 1056//1056
f 1057//1057 1058//1058 1059//1059
f 1060//1060 1061//1061 1062//1062
f 1063//1063 1064//1064 1065//1065
f 1066//1066 1067//1067 1068//1068
f 1069//1069 1070//1070 1071//1071
f 1072//1072 1073//1073 1074//1074
f 1075//1075 1076//1076 1077//1077
f 1078//1078 1079//1079 1080//1080
f 1081//1081 1082//1082 1083//1083
f 1084//1084 1085//1085 1086//1086
f 1087//1087 1088//1088 1089//1089
f 1090//1090 1091//1091 1092//1092
f 1093//1093 1094//1094 1095//1095
f 1096//1096 1097//1097 1098//1098
f 1099//1099 1100//1100 1101//1101
f 1102//1102 1103//1103 1104//1104
f 1105//1105 1106//1106 1107//1107
f 1108//1108 1109//1109 1110//1110
f 1111//1111 1112//1112 1113//1113
f 1114//1114 1115//1115 1116//1116
f 1117//1117 1118//1118 1119//1119
f 1120//1120 1121//1121 1122//1122
f 1123//1123 1124//1124 1125//1125
f 1126//1126 1127//1127 1128//1128
f 1129//1129 1130//1130 1131//1131
f 1132//1132 1133//1133 1134//1134
f 1135//1135 1136//1136 1137//1137
f 1138//1138 1139//1139 1140//1140
f 1141//1141 1142//1142 1143//1143
f 1144//1144 1145//1145 1146//1146
f 1147//1147 1148//1148 1149//1149
f 1150//1150 1151//1151 1152//1152
f 1153//1153 1154//1154 1155//1155
f 1156//1156 1157//1157 1158//1158
f 1159//1159 1160//1160 1161//1161
f 1162//1162 1163//1163 1164//1164
f 1165//1165 1166//1166 1167//1167
f 1168//1168 1169//1169 1170//1170
f 1171//1171 1172//1172 1173//1173
f 1174//1174 1175//1175 1176//1176
f 1177//1177 1178//1178 1179//1179
f 1180//1180 1181//1181 1182//1182
f 1183//1183 1184//1184 1185//1185
f 1186//1186 1187//1187 1188//1188
f 1189//1189 1190//1190 1191//1191
f 1192//1192 1193//1193 1194//1194
f 1195//1195 1196//1196 1197//1197
f 1198//1198 1199//1199 1200//1200
f 1201//1201 1202//1202 1203//1203
f 1204//1204 1205//1205 1206//1206
f 1207//1207 1208//1208 1209//1209
f 1210//1210 1211//1211 1212//1212
f 1213//1213 1214//1214 1215//1215
f 1216//1216 1217//1217 1218//1218
f 1219//1219 1220//1220 1221//1221
f 1222//1222 1223//1223 1224//1224
f 1225//1225 1226//1226 1227//1227
f 1228//1228 1229//1229 1230//1230
f 1231//1231 1232//1232 1233//1233
f 1234//1234 1235//1235 1236//1236
f 1237//1237 1238//1238 1239//1239
f 1240//1240 1241//1241 1242//1242
f 1243//1243 1244//1244 1245//1245
f 1246//1246 1247//1247 1248//1248
f 1249//1249 1250//1250 1251//1251
f 1252//1252 1253//1253 1254//1254
f 1255//1255 1256//1256 1257//1257
f 1258//1258 1259//1259 1260//1260
f 1261//1261 1262//1262 1263//1263
f 1264//1264 1265//1265 1266//1266
f 1267//1267 1268//1268 1269//1269
f 1270//1270 1271//1271 1272//1272
f 1273//1273 1274//1274 1275//1275
f 1276//1276 1277//1277 1278//1278
f 1279//1279 1280//1280 1281//1281
f 1282//1282 1283//1283 1284//1284
f 1285//1285 1286//1286 1287//1287
f 1288//1288 1289//1289 1290//1290
f 1291//1291 1292//1292 1293//1293
f 1294//1294 1295//1295 1296//1296
f 1297//1297 1298//1298 1299//1299
f 1300//1300 1301//1301 1302//1302
f 1303//1303 1304//1304 1305//1305
f 1306//1306 1307//1307 1308//1308
f 1309//1309 1310//1310 1311//1311
f 1312//1312 1313//1313 1314//1314
f 1315//1315 1316//1316 1317//1317
f 1318//1318 1319//1319 1320//1320
f 1321//1321 1322//1322 1323//1323
f 1324//1324 1325//1325 1326//1326
f 1327//1327 1328//1328 1329//1329
f 1330//1330 1331//1331 1332//1332
f 1333//1333 1334//1334 1335//1335
f 1336//1336 1337//1337 1338//1338
f 1339//1339 1340//1340 1341//1341
f 1342//1342 1343//1343 1344//1344
f 1345//1345 1346//1346 1347//1347
f 1348//1348 1349//1349 1350//1350
f 1351//1351 1352//1352 1353//1353
f 1354//1354 1355//1355 1356//1356
f 1357//1357 1358//1358 1359//1359
f 1360//1360 1361//1361 1362//1362
f 1363//1363 1364//1364 1365//1365
f 1366//1366 1367//1367 1368//1368
f 1369//1369 1370//1370 1371//1371
f 1372//1372 1373//1373 1374//1374
f 1375//1375 1376//1376 1377//1377
f 1378//1378 1379//1379 1380//1380
f 1381//1381 1382//1382 1383//1383
f 1384//1384 1385//1385 1386//1386
f 1387//1387 1388//1388 1389//1389
f 1390//1390 1391//1391 1392//1392
f 1393//1393 1394//1394 1395//1395
f 1396//1396 1397//1397 1398//1398
f 1399//1399 1400//1400 1401//1401
f 1402//1402 1403//1403 1404//1404
f 1405//1405 1406//1406 1407//1407
f 1408//1408 1409//1409 1410//1410
f 1411//1411 1412//1412 1413//1413
f 1414//1414 1415//1415 1416//1416
f 1417//1417 1418//1418 1419//1419
f 1420//1420 1421//1421 1422//1422
f 1423//1423 1424//1424 1425//1425
f 1426//1426 1427//1427 1428//1428
f 1429//1429 1430//1430 1431//1431
f 1432//1432 1433//1433 1434//1434
f 1435//1435 1436//1436 1437//1437
f 1438//1438 1439//1439 1440//1440
f 1441//1441 1442//1442 1443//1443
f 1444//1444 1445//1445 1446//1446
f 1447//1447 1448//1448 1449//1449
f 1450//1450 1451//1451 1452//1452
f 1453//1453 1454//1454 1455//1455
f 1456//1456 1457//1457 1458//1458
f 1459//1459 1460//1460 1461//1461
f 1462//1462 1463//1463 1464//1464
f 1465//1465 1466//1466 1467//1467
f 1468//1468 1469//1469 1470//1470
f 1471//1471 1472//1472 1473//1473
f 1474//1474 1475//1475 1476//1476
f 1477//1477 1478//1478 1479//1479
f 1480//1480 1481//1481 1482//1482
f 1483//1483 1484//1484 1485//1485
f 1486//1486 1487//1487 1488//1488
f 1489//1489 1490//1490 1491//1491
f 1492//1492 1493//1493 1494//1494
f 1495//1495 1496//1496 1497//1497
f 1498//1498 1499//1499 1500//1500
f 1501//1501 1502//1502 1503//1503
f 1504//1504 1505//1505 1506//1506
f 1507//1507 1508//1508 1509//1509
f 1510//1510 1511//1511 1512//1512
f 1513//1513 1514//1514 1515//1515
f 1516//1516 1517//1517 1518//1518
f 1519//1519 1520//1520 1521//1521
f 1522//1522 1523//1523 1524//1524
f 1525//1525 1526//1526 1527//1527
f 1528//1528 1529//1529 1530//1530
f 1531//1531 1532//1532 1533//1533
f 1534//1534 1535//1535 1536//1536
f 1537//1537 1538//1538 1539//1539
f 1540//1540 1541//1541 1542//1542
f 1543//1543 1544//1544 1545//1545
f 1546//1546 1547//1547 1548//1548
f 1549//1549 1550//1550 1551//1551
f 1552//1552 1553//1553 1554//1554
f 1555//1555 1556//1556 1557//1557
f 1558//1558 1559//1559 1560//1560
f 1561//1561 1562//1562 1563//1563
f 1564//1564 1565//1565 1566//1566
f 1567//1567 1568//1568 1569//1569
f 1570//1570 1571//1571 1572//1572
f 1573//1573 1574//1574 1575//1575
f 1576//1576 1577//1577 1578//1578
f 1579//1579 1580//1580 1581//1581
f 1582//1582 1583//1583 1584//1584
f 1585//1585 1586//1586 1587//1587
f 1588//1588 1589//1589 1590//1590
f 1591//1591 1592//1592 1593//1593
f 1594//1594 1595//1595 1596//1596
f 1597//1597 1598//1598 1599//1599
f 1600//1600 1601//1601 1602//1602
f 1603//1603 1604//1604 1605//1605
f 1606//1606 1607//1607 1608//1608
f 1609//1609 1610//1610 1611//1611
f 1612//1612 1613//1613 1614//1614
f 1615//1615 1616//1616 1617//1617
f 1618//1618 1619//1619 1620//1620
f 1621//1621 1622//1622 1623//1623
f 1624//1624 1625//1625 1626//1626
f 1627//1627 1628//1628 1629//1629
f 1630//1630 1631//1631 1632//1632
f 1633//1633 1634//1634 1635//1635
f 1636//1636 1637//1637 1638//1638
f 1639//1639 1640//1640 1641//1641
f 1642//1642 1643//1643 1644//1644
f 1645//1645 1646//1646 1647//1647
f 1648//1648 1649//1649 1650//1650
f 1651//1651 1652//1652 1653//1653
f 1654//1654 1655//1655 1656//1656
f 1657//1657 1658//1658 1659//1659
f 1660//1660 1661//1661 1662//1662
f 1663//1663 1664//1664 1665//1665
f 1666//1666 1667//1667 1668//1668
f 1669//1669 1670//1670 1671//1671
f 1672//1672 1673//1673 1674//1674
f 1675//1675 1676//1676 1677//1677
f 1678//1678 1679//1679 1680//1680
f 1681//1681 1682//1682 1683//1683
f 1684//1684 1685//1685 1686//1686
f 1687//1687 1688//1688 1689//1689
f 1690//1690 1691//1691 1692//1692
f 1693//1693 1694//1694 1695//1695
f 1696//1696 1697//1697 1698//1698
f 1699//1699 1700//1700 1701//1701
f 1702//1702 1703//1703 1704//1704
f 1705//1705 1706//1706 1707//1707
f 1708//1708 1709//1709 1710//1710
f 1711//1711 1712//1712 1713//1713
f 1714//1714 1715//1715 1716//1716
f 1717//1717 1718//1718 1719//1719
f 1720//1720 1721//1721 1722//1722
f 1723//1723 1724//1724 1725//1725
f 1726//1726 1727//1727 1728//1728
f 1729//1729 1730//1730 1731//1731
f 1732//1732 1733//1733 1734//1734
f 1735//1735 1736//1736 1737//1737
f 1738//1738 1739//1739 1740//1740
f 1741//1741 1742//1742 1743//1743
f 1744//1744 1745//1745 1746//1746
f 1747//1747 1748//1748 1749//1749
f 1750//1750 1751//1751 1752//1752
f 1753//1753 1754//1754 1755//1755
f 1756//1756 1757//1757 1758//1758
f 1759//1759 1760//1760 1761//1761
f 1762//1762 1763//1763 1764//1764
f 1765//1765 1766//1766 1767//1767
f 1768//1768 1769//1769 1770//1770
f 1771//1771 1772//1772 1773//1773
f 1774//1774 1775//1775 1776//1776
f 1777//1777 1778//1778 1779//1779
f 1780//1780 1781//1781 1782//1782
f 1783//1783 1784//1784 1785//1785
f 1786//1786 1787//1787 1788//1788
f 1789//1789 1790//1790 1791//1791
f 1792//1792 1793//1793 1794//1794
f 1795//1795 1796//1796 1797//1797
f 1798//1798 1799//1799 1800//1800
f 1801//1801 1802//1802 1803//1803
f 1804//1804 1805//1805 1806//1806
f 1807//1807 1808//1808 1809//1809
f 1810//1810 1811//1811 1812//1812
f 1813//1813 1814//1814 1815//1815
f 1816//1816 1817//1817 1818//1818
f 1819//1819 1820//1820 1821//1821
f 1822//1822 1823//1823 1824//1824
f 1825//1825 1826//1826 1827//1827
f 1828//1828 1829//1829 1830//1830
f 1831//1831 1832//1832 1833//1833
f 1834//1834 1835//1835 1836//1836
f 1837//1837 1838//1838 1839//1839
f 1840//1840 1841//1841 1842//1842
f 1843//1843 1844//1844 1845//1845
f 1846//1846 1847//1847 1848//1848
f 1849//1849 1850//1850 1851//1851
f 1852//1852 1853//1853 1854//1854
f 1855//1855 1856//1856 1857//1857
f 1858//1858 1859//1859 1860//1860
f 1861//1861 1862//1862 1863//1863
f 1864//1864 1865//1865 1866//1866
f 1867//1867 1868//1868 1869//1869
f 1870//1870 1871//1871 1872//1872
f 1873//1873 1874//1874 1875//1875
f 1876//1876 1877//1877 1878//1878
f 1879//1879 1880//1880 1881//1881
f 1882//1882 1883//1883 1884//1884
f 1885//1885 1886//1886 1887//1887
f 1888//1888 1889//1889 1890//1890
f 1891//1891 1892//1892 1893//1893
f 1894//1894 1895//1895 1896//1896
f 1897//1897 1898//1898 1899//1899
f 1900//1900 1901//1901 1902//1902
f 1903//1903 1904//1904 1905//1905
f 1906//1906 1907//1907 1908//1908
f 1909//1909 1910//1910 1911//1911
f 1912//1912 1913//1913 1914//1914
f 1915//1915 1916//1916 1917//1917
f 1918//1918 1919//1919 1920//1920
f 1921//1921 1922//1922 1923//1923
f 1924//1924 1925//1925 1926//1926
f 1927//1927 1928//1928 1929//1929
f 1930//1930 1931//1931 1932//1932
f 1933//1933 1934//1934 1935//1935
f 1936//1936 1937//1937 1938//1938
f 1939//1939 1940//1940 1941//1941
f 1942//1942 1943//1943 1944//1944
f 1945//1945 1946//1946 1947//1947
f 1948//1948 1949//1949 1950//1950
f 1951//1951 1952//1952 1953//1953
f 1954//1954 1955//1955 1956//1956
f 1957//1957 1958//1958 1959//1959
f 1960//1960 1961//1961 1962//1962
f 1963//1963 1964//1964 1965//1965
f 1966//1966 1967//1967 1968//1968
f 1969//1969 1970//1970 1971//1971
f 1972//1972 1973//1973 1974//1974
f 1975//1975 1976//1976 1977//1977
f 1978//1978 1979//1979 1980//1980
f 1981//1981 1982//1982 1983//1983
f 1984//1984 1985//1985 1986//1986
f 1987//1987 1988//1988 1989//1989
f 1990//1990 1991//1991 1992//1992
f 1993//1993 1994//1994 1995//1995
f 1996//1996 1997//1997 1998//1998
f 1999//1999 2000//2000 2001//2001
f 2002//2002 2003//2003 2004//2004
f 2005//2005 2006//2006 2007//2007
f 2008//2008 2009//2009 2010//2010
f 2011//2011 2012//2012 2013//2013
f 2014//2014 2015//2015 2016//2016
f 2017//2017 2018//2018 2019//2019
f 2020//2020 2021//2021 2022//2022
f 2023//2023 2024//2024 2025//2025
f 2026//2026 2027//2027 2028//2028
f 2029//2029 2030//2030 2031//2031
f 2032//2032 2033//2033 2034//2034
f 2035//2035 2036//2036 2037//2037
f 2038//2038 2039//2039 2040//2040
f 2041//2041 2042//2042 2043//2043
f 2044//2044 2045//2045 2046//2046
f 2047//2047 2048//2048 2049//2049
f 2050//2050 2051//2051 2052//2052
f 2053//2053 2054//2054 2055//2055
f 2056//2056 2057//2057 2058//2058
f 2059//2059 2060//2060 2061//2061
f 2062//2062 2063//2063 2064//2064
f 2065//2065 2066//2066 2067//2067
f 2068//2068 2069//2069 2070//2070
f 2071//2071 2072//2072 2073//2073
f 2074//2074 2075//2075 2076//2076
f 2077//2077 2078//2078 2079//2079
f 2080//2080 2081//2081 2082//2082
f 2083//2083 2084//2084 2085//2085
f 2086//2086 2087//2087 2088//2088
f 2089//2089 2090//2090 2091//2091
f 2092//2092 2093//2093 2094//2094
f 2095//2095 2096//2096 2097//2097
f 2098//2098 2099//2099 2100//2100
f 2101//2101 2102//2102 2103//2103
f 2104//2104 2105//2105 2106//2106
f 2107//2107 2108//2108 2109//2109
f 2110//2110 2111//2111 2112//2112
f 2113//2113 2114//2114 2115//2115
f 2116//2116 2117//2117 2118//2118
f 2119//2119 2120//2120 2121//2121
f 2122//2122 2123//2123 2124//2124
f 2125//2125 2126//2126 2127//2127
f 2128//2128 2129//2129 2130//2130
f 2131//2131 2132//2132 2133//2133
f 2134//2134 2135//2135 2136//2136
f 2137//2137 2138//2138 2139//2139
f 2140//2140 2141//2141 2142//2142
f 2143//2143 2144//2144 2145//2145
f 2146//2146 2147//2147 2148//2148
f 2149//2149 2150//2150 2151//2151
f 2152//2152 2153//2153 2154//2154
f 2155//2155 2156//2156 2157//2157
f 2158//2158 2159//2159 2160//2160
f 2161//2161 2162//2162 2163//2163
f 2164//2164 2165//2165 2166//2166
f 2167//2167 2168//2168 2169//2169
f 2170//2170 2171//2171 2172//2172
f 2173//2173 2174//2174 2175//2175
f 2176//2176 2177//2177 2178//2178
f 2179//2179 2180//2180 2181//2181
f 2182//2182 2183//2183 2184//2184
f 2185//2185 2186//2186 2187//2187
f 2188//2188 2189//2189 2190//2190
f 2191//2191 2192//2192 2193//2193
f 2194//2194 2195//2195 2196//2196
f 2197//2197 2198//2198 2199//2199
f 2200//2200 2201//2201 2202//2202
f 2203//2203 2204//2204 2205//2205
f 2206//2206 2207//2207 2208//2208
f 2209//2209 2210//2210 2211//2211
f 2212//2212 2213//2213 2214//2214
f 2212//2212 2214//2214 2215//2215
f 2216//2216 2217//2217 2218//2218
f 2216//2216 2218//2218 2219//2219
f 2220//2220 2221//2221 2222//2222
f 2220//2220 2222//2222 2223//2223
f 2224//2224 2225//2225 2226//2226
f 2227//2227 2228//2228 2229//2229
f 2230//2230 2231//2231 2232//2232
f 2233//2233 2234//2234 2235//2235
f 2236//2236 2237//2237 2238//2238
f 2239//2239 2240//2240 2241//2241
f 2242//2242 2243//2243 2244//2244
f 2245//2245 2246//2246 2247//2247
f 2248//2248 2249//2249 2250//2250
f 2251//2251 2252//2252 2253//2253
f 2254//2254 2255//2255 2256//2256
f 2257//2257 2258//2258 2259//2259
f 2260//2260 2261//2261 2262//2262
f 2263//2263 2264//2264 2265//2265
f 2266//2266 2267//2267 2268//2268
f 2269//2269 2270//2270 2271//2271
f 2272//2272 2273//2273 2274//2274
f 2275//2275 2276//2276 2277//2277
f 2278//2278 2279//2279 2280//2280
f 2281//2281 2282//2282 2283//2283
f 2284//2284 2285//2285 2286//2286
f 2287//2287 2288//2288 2289//2289
f 2290//2290 2291//2291 2292//2292
f 2293//2293 2294//2294 2295//2295
f 2296//2296 2297//2297 2298//2298
f 2299//2299 2300//2300 2301//2301
f 2302//2302 2303//2303 2304//2304
f 2305//2305 2306//2306 2307//2307
f 2308//2308 2309//2309 2310//2310
f 2311//2311 2312//2312 2313//2313
f 2314//2314 2315//2315 2316//2316
f 2317//2317 2318//2318 2319//2319
f 2320//2320 2321//2321 2322//2322
f 2323//2323 2324//2324 2325//2325
f 2326//2326 2327//2327 2328//2328
f 2329//2329 2330//2330 2331//2331
f 2332//2332 2333//2333 2334//2334
f 2335//2335 2336//2336 2337//2337
f 2338//2338 2339//2339 2340//2340
f 2341//2341 2342//2342 2343//2343
f 2344//2344 2345//2345 2346//2346
f 2347//2347 2348//2348 2349//2349
f 2350//2350 2351//2351 2352//2352
f 2353//2353 2354//2354 2355//2355
f 2356//2356 2357//2357 2358//2358
f 2359//2359 2360//2360 2361//2361
f 2362//2362 2363//2363 2364//2364
f 2365//2365 2366//2366 2367//2367
f 2368//2368 2369//2369 2370//2370
f 2371//2371 2372//2372 2373//2373
f 2374//2374 2375//2375 2376//2376
f 2377//2377 2378//2378 2379//2379
f 2380//2380 2381//2381 2382//2382
f 2383//2383 2384//2384 2385//2385
f 2386//2386 2387//2387 2388//2388
f 2389//2389 2390//2390 2391//2391
f 2392//2392 2393//2393 2394//2394
f 2395//2395 2396//2396 2397//2397
f 2398//2398 2399//2399 2400//2400
f 2401//2401 2402//2402 2403//2403
f 2404//2404 2405//2405 2406//2406
f 2407//2407 2408//2408 2409//2409
f 2410//2410 2411//2411 2412//2412
f 2413//2413 2414//2414 2415//2415
f 2416//2416 2417//2417 2418//2418
f 2419//2419 2420//2420 2421//2421
f 2422//2422 2423//2423 2424//2424
f 2425//2425 2426//2426 2427//2427
f 2428//2428 2429//2429 2430//2430
f 2431//2431 2432//2432 2433//2433
f 2434//2434 2435//2435 2436//2436
f 2437//2437 2438//2438 2439//2439
f 2437//2437 2439//2439 2440//2440
f 2441//2441 2442//2442 2443//2443
f 2444//2444 2445//2445 2446//2446
f 2447//2447 2448//2448 2449//2449
f 2450//2450 2451//2451 2452//2452
f 2453//2453 2454//2454 2455//2455
f 2456//2456 2457//2457 2458//2458
f 2459//2459 2460//2460 2461//2461
f 2462//2462 2463//2463 2464//2464
f 2465//2465 2466//2466 2467//2467
f 2468//2468 2469//2469 2470//2470
f 2471//2471 2472//2472 2473//2473
f 2474//2474 2475//2475 2476//2476
f 2477//2477 2478//2478 2479//2479
f 2480//2480 2481//2481 2482//2482
f 2480//2480 2482//2482 2483//2483
f 2484//2484 2485//2485 2486//2486
f 2487//2487 2488//2488 2489//2489
f 2490//2490 2491//2491 2492//2492
f 2493//2493 2494//2494 2495//2495
f 2496//2496 2497//2497 2498//2498
f 2499//2499 2500//2500 2501//2501
f 2502//2502 2503//2503 2504//2504
f 2505//2505 2506//2506 2507//2507
f 2508//2508 2509//2509 2510//2510
f 2511//2511 2512//2512 2513//2513
f 2514//2514 2515//2515 2516//2516
f 2517//2517 2518//2518 2519//2519
f 2520//2520 2521//2521 2522//2522
f 2523//2523 2524//2524 2525//2525
f 2526//2526 2527//2527 2528//2528
f 2529//2529 2530//2530 2531//2531
f 2532//2532 2533//2533 2534//2534
f 2535//2535 2536//2536 2537//2537
f 2538//2538 2539//2539 2540//2540
f 2541//2541 2542//2542 2543//2543
f 2544//2544 2545//2545 2546//2546
f 2547//2547 2548//2548 2549//2549
f 2550//2550 2551//2551 2552//2552
f 2553//2553 2554//2554 2555//2555
f 2556//2556 2557//2557 2558//2558
f 2559//2559 2560//2560 2561//2561
f 2562//2562 2563//2563 2564//2564
f 2565//2565 2566//2566 2567//2567
f 2568//2568 2569//2569 2570//2570
f 2571//2571 2572//2572 2573//2573
f 2574//2574 2575//2575 2576//2576
f 2577//2577 2578//2578 2579//2579
f 2580//2580 2581//2581 2582//2582
f 2583//2583 2584//2584 2585//2585
f 2586//2586 2587//2587 2588//2588
f 2589//2589 2590//2590 2591//2591
f 2592//2592 2593//2593 2594//2594
f 2595//2595 2596//2596 2597//2597
f 2598//2598 2599//2599 2600//2600
f 2601//2601 2602//2602 2603//2603
f 2604//2604 2605//2605 2606//2606
f 2607//2607 2608//2608 2609//2609
f 2610//2610 2611//2611 2612//2612
f 2613//2613 2614//2614 2615//2615
f 2616//2616 2617//2617 2618//2618
f 2619//2619 2620//2620 2621//2621
f 2622//2622 2623//2623 2624//2624
f 2625//2625 2626//2626 2627//2627
f 2628//2628 2629//2629 2630//2630
f 2631//2631 2632//2632 2633//2633
f 2634//2634 2635//2635 2636//2636
f 2637//2637 2638//2638 2639//2639
f 2640//2640 2641//2641 2642//2642
f 2643//2643 2644//2644 2645//2645
f 2646//2646 2647//2647 2648//2648
f 2649//2649 2650//2650 2651//2651
f 2652//2652 2653//2653 2654//2654
f 2655//2655 2656//2656 2657//2657
f 2658//2658 2659//2659 2660//2660
f 2661//2661 2662//2662 2663//2663
f 2664//2664 2665//2665 2666//2666
f 2667//2667 2668//2668 2669//2669
f 2670//2670 2671//2671 2672//2672
f 2673//2673 2674//2674 2675//2675
f 2676//2676 2677//2677 2678//2678
f 2679//2679 2680//2680 2681//2681
f 2682//2682 2683//2683 2684//2684
f 2685//2685 2686//2686 2687//2687
f 2688//2688 2689//2689 2690//2690
f 2691//2691 2692//2692 2693//2693
f 2694//2694 2695//2695 2696//2696
f 2697//2697 2698//2698 2699//2699
f 2700//2700 2701//2701 2702//2702
f 2703//2703 2704//2704 2705//2705
f 2706//2706 2707//2707 2708//2708
f 2709//2709 2710//2710 2711//2711
f 2712//2712 2713//2713 2714//2714
f 2715//2715 2716//2716 2717//2717
f 2718//2718 2719//2719 2720//2720
f 2721//2721 2722//2722 2723//2723
f 2724//2724 2725//2725 2726//2726
f 2727//2727 2728//2728 2729//2729
f 2730//2730 2731//2731 2732//2732
f 2733//2733 2734//2734 2735//2735
f 2736//2736 2737//2737 2738//2738
f 2739//2739 2740//2740 2741//2741
f 2742//2742 2743//2743 2744//2744
f 2745//2745 2746//2746 2747//2747
f 2748//2748 2749//2749 2750//2750
f 2751//2751 2752//2752 2753//2753
f 2754//2754 2755//2755 2756//2756
f 2754//2754 2756//2756 2757//2757
f 2758//2758 2759//2759 2760//2760
f 2761//2761 2762//2762 2763//2763
f 2764//2764 2765//2765 2766//2766
f 2767//2767 2768//2768 2769//2769
f 2770//2770 2771//2771 2772//2772
f 2773//2773 2774//2774 2775//2775
f 2776//2776 2777//2777 2778//2778
f 2779//2779 2780//2780 2781//2781
f 2782//2782 2783//2783 2784//2784
f 2785//2785 2786//2786 2787//2787
f 2788//2788 2789//2789 2790//2790
f 2791//2791 2792//2792 2793//2793
f 2794//2794 2795//2795 2796//2796
f 2797//2797 2798//2798 2799//2799
f 2800//2800 2801//2801 2802//2802
f 2803//2803 2804//2804 2805//2805
f 2806//2806 2807//2807 2808//2808
f 2809//2809 2810//2810 2811//2811
f 2812//2812 2813//2813 2814//2814
f 2815//2815 2816//2816 2817//2817
f 2818//2818 2819//2819 2820//2820
f 2821//2821 2822//2822 2823//2823
f 2824//2824 2825//2825 2826//2826
f 2827//2827 2828//2828 2829//2829
f 2830//2830 2831//2831 2832//2832
f 2833//2833 2834//2834 2835//2835
f 2836//2836 2837//2837 2838//2838
f 2839//2839 2840//2840 2841//2841
f 2842//2842 2843//2843 2844//2844
f 2845//2845 2846//2846 2847//2847
f 2848//2848 2849//2849 2850//2850
f 2851//2851 2852//2852 2853//2853
f 2854//2854 2855//2855 2856//2856
f 2857//2857 2858//2858 2859//2859
f 2860//2860 2861//2861 2862//2862
f 2863//2863 2864//2864 2865//2865
f 2866//2866 2867//2867 2868//2868
f 2869//2869 2870//2870 2871//2871
f 2872//2872 2873//2873 2874//2874
f 2875//2875 2876//2876 2877//2877
f 2878//2878 2879//2879 2880//2880
f 2881//2881 2882//2882 2883//2883
f 2884//2884 2885//2885 2886//2886
f 2887//2887 2888//2888 2889//2889
f 2890//2890 2891//2891 2892//2892
f 2893//2893 2894//2894 2895//2895
f 2896//2896 2897//2897 2898//2898
f 2899//2899 2900//2900 2901//2901
f 2902//2902 2903//2903 2904//2904
f 2905//2905 2906//2906 2907//2907
f 2908//2908 2909//2909 2910//2910
f 2911//2911 2912//2912 2913//2913
f 2914//2914 2915//2915 2916//2916
f 2917//2917 2918//2918 2919//2919
f 2920//2920 2921//2921 2922//2922
f 2923//2923 2924//2924 2925//2925
f 2926//2926 2927//2927 2928//2928
f 2929//2929 2930//2930 2931//2931
f 2932//2932 2933//2933 2934//2934
f 2935//2935 2936//2936 2937//2937
f 2938//2938 2939//2939 2940//2940
f 2941//2941 2942//2942 2943//2943
f 2944//2944 2945//2945 2946//2946
f 2947//2947 2948//2948 2949//2949
f 2950//2950 2951//2951 2952//2952
f 2953//2953 2954//2954 2955//2955
f 2956//2956 2957//2957 2958//2958
f 2959//2959 2960//2960 2961//2961
f 2962//2962 2963//2963 2964//2964
f 2965//2965 2966//2966 2967//2967
f 2968//2968 2969//2969 2970//2970
f 2971//2971 2972//2972 2973//2973
f 2974//2974 2975//2975 2976//2976
f 2977//2977 2978//2978 2979//2979
f 2980//2980 2981//2981 2982//2982
f 2983//2983 2984//2984 2985//2985
f 2986//2986 2987//2987 2988//2988
f 2989//2989 2990//2990 2991//2991
f 2992//2992 2993//2993 2994//2994
f 2995//2995 2996//2996 2997//2997
f 2998//2998 2999//2999 3000//3000
f 3001//3001 3002//3002 3003//3003
f 3004//3004 3005//3005 3006//3006
f 3007//3007 3008//3008 3009//3009
f 3010//3010 3011//3011 3012//3012
f 3013//3013 3014//3014 3015//3015
f 3016//3016 3017//3017 3018//3018
f 3019//3019 3020//3020 3021//3021
f 3022//3022 3023//3023 3024//3024
f 3025//3025 3026//3026 3027//3027
f 3028//3028 3029//3029 3030//3030
f 3031//3031 3032//3032 3033//3033
f 3034//3034 3035//3035 3036//3036
f 3037//3037 3038//3038 3039//3039
f 3040//3040 3041//3041 3042//3042
f 3043//3043 3044//3044 3045//3045
f 3046//3046 3047//3047 3048//3048
f 3049//3049 3050//3050 3051//3051
f 3052//3052 3053//3053 3054//3054
f 3055//3055 3056//3056 3057//3057
f 3058//3058 3059//3059 3060//3060
f 3061//3061 3062//3062 3063//3063
f 3064//3064 3065//3065 3066//3066
f 3067//3067 3068//3068 3069//3069
f 3070//3070 3071//3071 3072//3072
f 3073//3073 3074//3074 3075//3075
f 3076//3076 3077//3077 3078//3078
f 3079//3079 3080//3080 3081//3081
f 3082//3082 3083//3083 3084//3084
f 3085//3085 3086//3086 3087//3087
f 3088//3088 3089//3089 3090//3090
f 3091//3091 3092//3092 3093//3093
f 3094//3094 3095//3095 3096//3096
f 3097//3097 3098//3098 3099//3099
f 3100//3100 3101//3101 3102//3102
f 3103//3103 3104//3104 3105//3105
f 3106//3106 3107//3107 3108//3108
f 3109//3109 3110//3110 3111//3111
f 3112//3112 3113//3113 3114//3114
f 3115//3115 3116//3116 3117//3117
f 3118//3118 3119//3119 3120//3120
f 3121//3121 3122//3122 3123//3123
f 3124//3124 3125//3125 3126//3126
f 3127//3127 3128//3128 3129//3129
f 3130//3130 3131//3131 3132//3132
f 3133//3133 3134//3134 3135//3135
f 3136//3136 3137//3137 3138//3138
f 3139//3139 3140//3140 3141//3141
f 3142//3142 3143//3143 3144//3144
f 3145//3145 3146//3146 3147//3147
f 3148//3148 3149//3149 3150//3150
f 3151//3151 3152//3152 3153//3153
f 3154//3154 3155//3155 3156//3156
f 3157//3157 3158//3158 3159//3159
f 3160//3160 3161//3161 3162//3162
f 3160//3160 3162//3162 3163//3163
f 3164//3164 3165//3165 3166//3166
f 3167//3167 3168//3168 3169//3169
f 3170//3170 3171//3171 3172//3172
f 3173//3173 3174//3174 3175//3175
f 3176//3176 3177//3177 3178//3178
f 3179//3179 3180//3180 3181//3181
f 3182//3182 3183//3183 3184//3184
f 3185//3185 3186//3186 3187//3187
f 3188//3188 3189//3189 3190//3190
f 3191//3191 3192//3192 3193//3193
f 3194//3194 3195//3195 3196//3196
f 3197//3197 3198//3198 3199//3199
f 3200//3200 3201//3201 3202//3202
f 3203//3203 3204//3204 3205//3205
f 3206//3206 3207//3207 3208//3208
f 3209//3209 3210//3210 3211//3211
f 3212//3212 3213//3213 3214//3214
f 3215//3215 3216//3216 3217//3217
f 3218//3218 3219//3219 3220//3220
f 3221//3221 3222//3222 3223//3223
f 3224//3224 3225//3225 3226//3226
f 3227//3227 3228//3228 3229//3229
f 3230//3230 3231//3231 3232//3232
f 3233//3233 3234//3234 3235//3235
f 3236//3236 3237//3237 3238//3238
f 3239//3239 3240//3240 3241//3241
f 3242//3242 3243//3243 3244//3244
f 3242//3242 3244//3244 3245//3245
f 3246//3246 3247//3247 3248//3248
f 3249//3249 3250//3250 3251//3251
f 3252//3252 3253//3253 3254//3254
f 3255//3255 3256//3256 3257//3257
f 3258//3258 3259//3259 3260//3260
f 3261//3261 3262//3262 3263//3263
f 3264//3264 3265//3265 3266//3266
f 3267//3267 3268//3268 3269//3269
f 3270//3270 3271//3271 3272//3272
f 3273//3273 3274//3274 3275//3275
f 3276//3276 3277//3277 3278//3278
f 3279//3279 3280//3280 3281//3281
f 3282//3282 3283//3283 3284//3284
f 3285//3285 3286//3286 3287//3287
f 3288//3288 3289//3289 3290//3290
f 3291//3291 3292//3292 3293//3293
f 3294//3294 3295//3295 3296//3296
f 3297//3297 3298//3298 3299//3299
f 3300//3300 3301//3301 3302//3302
f 3303//3303 3304//3304 3305//3305
f 3306//3306 3307//3307 3308//3308
f 3309//3309 3310//3310 3311//3311
f 3312//3312 3313//3313 3314//3314
f 3315//3315 3316//3316 3317//3317
f 3318//3318 3319//3319 3320//3320
f 3321//3321 3322//3322 3323//3323
f 3324//3324 3325//3325 3326//3326
f 3327//3327 3328//3328 3329//3329
f 3330//3330 3331//3331 3332//3332
f 3333//3333 3334//3334 3335//3335
f 3336//3336 3337//3337 3338//3338
f 3339//3339 3340//3340 3341//3341
f 3342//3342 3343//3343 3344//3344
f 3345//3345 3346//3346 3347//3347
f 3348//3348 3349//3349 3350//3350
f 3351//3351 3352//3352 3353//3353
f 3354//3354 3355//3355 3356//3356
f 3357//3357 3358//3358 3359//3359
f 3360//3360 3361//3361 3362//3362
f 3360//3360 3362//3362 3363//3363
f 3364//3364 3365//3365 3366//3366
f 3367//3367 3368//3368 3369//3369
f 3370//3370 3371//3371 3372//3372
f 3373//3373 3374//3374 3375//3375
f 3376//3376 3377//3377 3378//3378
f 3379//3379 3380//3380 3381//3381
f 3382//3382 3383//3383 3384//3384
f 3385//3385 3386//3386 3387//3387
f 3388//3388 3389//3389 3390//3390
f 3391//3391 3392//3392 3393//3393
f 3394//3394 3395//3395 3396//3396
f 3397//3397 3398//3398 3399//3399
f 3400//3400 3401//3401 3402//3402
f 3403//3403 3404//3404 3405//3405
f 3406//3406 3407//3407 3408//3408
f 3409//3409 3410//3410 3411//3411
f 3412//3412 3413//3413 3414//3414
f 3415//3415 3416//3416 3417//3417
f 3418//3418 3419//3419 3420//3420
f 3421//3421 3422//3422 3423//3423
f 3424//3424 3425//3425 3426//3426
f 3427//3427 3428//3428 3429//3429
f 3430//3430 3431//3431 3432//3432
f 3433//3433 3434//3434 3435//3435
f 3436//3436 3437//3437 3438//3438
f 3439//3439 3440//3440 3441//3441
f 3442//3442 3443//3443 3444//3444
f 3445//3445 3446//3446 3447//3447
f 3448//3448 3449//3449 3450//3450
f 3451//3451 3452//3452 3453//3453
f 3454//3454 3455//3455 3456//3456
f 3457//3457 3458//3458 3459//3459
f 3460//3460 3461//3461 3462//3462
f 3463//3463 3464//3464 3465//3465
f 3466//3466 3467//3467 3468//3468
f 3469//3469 3470//3470 3471//3471
f 3472//3472 3473//3473 3474//3474
f 3475//3475 3476//3476 3477//3477
f 3478//3478 3479//3479 3480//3480
f 3481//3481 3482//3482 3483//3483
f 3484//3484 3485//3485 3486//3486
f 3487//3487 3488//3488 3489//3489
f 3490//3490 3491//3491 3492//3492
f 3493//3493 3494//3494 3495//3495
f 3496//3496 3497//3497 3498//3498
f 3499//3499 3500//3500 3501//3501
f 3502//3502 3503//3503 3504//3504
f 3505//3505 3506//3506 3507//3507
f 3508//3508 3509//3509 3510//3510
f 3511//3511 3512//3512 3513//3513
f 3514//3514 3515//3515 3516//3516
f 3517//3517 3518//3518 3519//3519
f 3520//3520 3521//3521 3522//3522
f 3523//3523 3524//3524 3525//3525
f 3526//3526 3527//3527 3528//3528
f 3529//3529 3530//3530 3531//3531
f 3529//3529 3531//3531 3532//3532
f 3533//3533 3534//3534 3535//3535
f 3536//3536 3537//3537 3538//3538
f 3539//3539 3540//3540 3541//3541
f 3542//3542 3543//3543 3544//3544
f 3545//3545 3546//3546 3547//3547
f 3548//3548 3549//3549 3550//3550
f 3551//3551 3552//3552 3553//3553
f 3554//3554 3555//3555 3556//3556
f 3557//3557 3558//3558 3559//3559
f 3560//3560 3561//3561 3562//3562
f 3563//3563 3564//3564 3565//3565
f 3566//3566 3567//3567 3568//3568
f 3569//3569 3570//3570 3571//3571
f 3572//3572 3573//3573 3574//3574
f 3575//3575 3576//3576 3577//3577
f 3578//3578 3579//3579 3580//3580
f 3581//3581 3582//3582 3583//3583
f 3584//3584 3585//3585 3586//3586
f 3587//3587 3588//3588 3589//3589
f 3590//3590 3591//3591 3592//3592
f 3593//3593 3594//3594 3595//3595
f 3596//3596 3597//3597 3598//3598
f 3599//3599 3600//3600 3601//3601
f 3602//3602 3603//3603 3604//3604
f 3602//3602 3604//3604 3605//3605
f 3606//3606 3607//3607 3608//3608
f 3609//3609 3610//3610 3611//3611
f 3609//3609 3611//3611 3612//3612
f 3613//3613 3614//3614 3615//3615
f 3616//3616 3617//3617 3618//3618
f 3619//3619 3620//3620 3621//3621
f 3622//3622 3623//3623 3624//3624
f 3625//3625 3626//3626 3627//3627
f 3628//3628 3629//3629 3630//3630
f 3631//3631 3632//3632 3633//3633
f 3634//3634 3635//3635 3636//3636
f 3637//3637 3638//3638 3639//3639
f 3640//3640 3641//3641 3642//3642
f 3643//3643 3644//3644 3645//3645
f 3646//3646 3647//3647 3648//3648
f 3649//3649 3650//3650 3651//3651
f 3652//3652 3653//3653 3654//3654
f 3655//3655 3656//3656 3657//3657
f 3658//3658 3659//3659 3660//3660
f 3661//3661 3662//3662 3663//3663
f 3664//3664 3665//3665 3666//3666
f 3667//3667 3668//3668 3669//3669
f 3670//3670 3671//3671 3672//3672
f 3673//3673 3674//3674 3675//3675
f 3676//3676 3677//3677 3678//3678
f 3679//3679 3680//3680 3681//3681
f 3682//3682 3683//3683 3684//3684
f 3685//3685 3686//3686 3687//3687
f 3688//3688 3689//3689 3690//3690
f 3691//3691 3692//3692 3693//3693
f 3694//3694 3695//3695 3696//3696
f 3697//3697 3698//3698 3699//3699
f 3700//3700 3701//3701 3702//3702
f 3703//3703 3704//3704 3705//3705
f 3706//3706 3707//3707 3708//3708
f 3709//3709 3710//3710 3711//3711
f 3712//3712 3713//3713 3714//3714
f 3715//3715 3716//3716 3717//3717
f 3718//3718 3719//3719 3720//3720
f 3721//3721 3722//3722 3723//3723
f 3724//3724 3725//3725 3726//3726
f 3727//3727 3728//3728 3729//3729
f 3730//3730 3731//3731 3732//3732
f 3733//3733 3734//3734 3735//3735
f 3736//3736 3737//3737 3738//3738
f 3739//3739 3740//3740 3741//3741
f 3742//3742 3743//3743 3744//3744
f 3745//3745 3746//3746 3747//3747
f 3748//3748 3749//3749 3750//3750
f 3751//3751 3752//3752 3753//3753
f 3754//3754 3755//3755 3756//3756
f 3757//3757 3758//3758 3759//3759
f 3760//3760 3761//3761 3762//3762
f 3763//3763 3764//3764 3765//3765
f 3766//3766 3767//3767 3768//3768
f 3769//3769 3770//3770 3771//3771
f 3772//3772 3773//3773 3774//3774
f 3775//3775 3776//3776 3777//3777
f 3778//3778 3779//3779 3780//3780
f 3781//3781 3782//3782 3783//3783
f 3784//3784 3785//3785 3786//3786
f 3787//3787 3788//3788 3789//3789
f 3790//3790 3791//3791 3792//3792
f 3793//3793 3794//3794 3795//3795
f 3796//3796 3797//3797 3798//3798
f 3799//3799 3800//3800 3801//3801
f 3802//3802 3803//3803 3804//3804
f 3805//3805 3806//3806 3807//3807
f 3808//3808 3809//3809 3810//3810
f 3811//3811 3812//3812 3813//3813
f 3814//3814 3815//3815 3816//3816
f 3817//3817 3818//3818 3819//3819
f 3820//3820 3821//3821 3822//3822
f 3823//3823 3824//3824 3825//3825
f 3826//3826 3827//3827 3828//3828
f 3829//3829 3830//3830 3831//3831
f 3832//3832 3833//3833 3834//3834
f 3835//3835 3836//3836 3837//3837
f 3838//3838 3839//3839 3840//3840
f 3841//3841 3842//3842 3843//3843
f 3844//3844 3845//3845 3846//3846
f 3847//3847 3848//3848 3849//3849
f 3850//3850 3851//3851 3852//3852
f 3853//3853 3854//3854 3855//3855
f 3856//3856 3857//3857 3858//3858
f 3856//3856 3858//3858 3859//3859
f 3860//3860 3861//3861 3862//3862
f 3860//3860 3862//3862 3863//3863
f 3864//3864 3865//3865 3866//3866
f 3867//3867 3868//3868 3869//3869
f 3867//3867 3869//3869 3870//3870
f 3871//3871 3872//3872 3873//3873
f 3871//3871 3873//3873 3874//3874
f 3875//3875 3876//3876 3877//3877
f 3878//3878 3879//3879 3880//3880
f 3881//3881 3882//3882 3883//3883
f 3884//3884 3885//3885 3886//3886
f 3887//3887 3888//3888 3889//3889
f 3890//3890 3891//3891 3892//3892
f 3893//3893 3894//3894 3895//3895
f 3896//3896 3897//3897 3898//3898
f 3899//3899 3900//3900 3901//3901
f 3902//3902 3903//3903 3904//3904
f 3905//3905 3906//3906 3907//3907
f 3908//3908 3909//3909 3910//3910
f 3911//3911 3912//3912 3913//3913
f 3914//3914 3915//3915 3916//3916
f 3917//3917 3918//3918 3919//3919
f 3920//3920 3921//3921 3922//3922
f 3923//3923 3924//3924 3925//3925
f 3926//3926 3927//3927 3928//3928
f 3929//3929 3930//3930 3931//3931
f 3932//3932 3933//3933 3934//3934
f 3935//3935 3936//3936 3937//3937
f 3938//3938 3939//3939 3940//3940
f 3941//3941 3942//3942 3943//3943
f 3944//3944 3945//3945 3946//3946
f 3947//3947 3948//3948 3949//3949
f 3950//3950 3951//3951 3952//3952
f 3953//3953 3954//3954 3955//3955
f 3956//3956 3957//3957 3958//3958
f 3959//3959 3960//3960 3961//3961
f 3962//3962 3963//3963 3964//3964
f 3965//3965 3966//3966 3967//3967
f 3968//3968 3969//3969 3970//3970
f 3971//3971 3972//3972 3973//3973
f 3974//3974 3975//3975 3976//3976
f 3977//3977 3978//3978 3979//3979
f 3980//3980 3981//3981 3982//3982
f 3983//3983 3984//3984 3985//3985
f 3986//3986 3987//3987 3988//3988
f 3989//3989 3990//3990 3991//3991
f 3992//3992 3993//3993 3994//3994
f 3995//3995 3996//3996 3997//3997
f 3998//3998 3999//3999 4000//4000
f 4001//4001 4002//4002 4003//4003
f 4004//4004 4005//4005 4006//4006
f 4007//4007 4008//4008 4009//4009
f 4010//4010 4011//4011 4012//4012
f 4013//4013 4014//4014 4015//4015
f 4016//4016 4017//4017 4018//4018
f 4019//4019 4020//4020 4021//4021
f 4022//4022 4023//4023 4024//4024
f 4025//4025 4026//4026 4027//4027
f 4028//4028 4029//4029 4030//4030
f 4031//4031 4032//4032 4033//4033
f 4034//4034 4035//4035 4036//4036
f 4037//4037 4038//4038 4039//4039
f 4040//4040 4041//4041 4042//4042
f 4043//4043 4044//4044 4045//4045
f 4046//4046 4047//4047 4048//4048
f 4049//4049 4050//4050 4051//4051
f 4052//4052 4053//4053 4054//4054
f 4055//4055 4056//4056 4057//4057
f 4058//4058 4059//4059 4060//4060
f 4061//4061 4062//4062 4063//4063
f 4064//4064 4065//4065 4066//4066
f 4067//4067 4068//4068 4069//4069
f 4070//4070 4071//4071 4072//4072
f 4073//4073 4074//4074 4075//4075
f 4076//4076 4077//4077 4078//4078
f 4079//4079 4080//4080 4081//4081
f 4082//4082 4083//4083 4084//4084
f 4085//4085 4086//4086 4087//4087
f 4088//4088 4089//4089 4090//4090
f 4091//4091 4092//4092 4093//4093
f 4094//4094 4095//4095 4096//4096
f 4097//4097 4098//4098 4099//4099
f 4100//4100 4101//4101 4102//4102
f 4103//4103 4104//4104 4105//4105
f 4106//4106 4107//4107 4108//4108
f 4109//4109 4110//4110 4111//4111
f 4112//4112 4113//4113 4114//4114
f 4115//4115 4116//4116 4117//4117
f 4118//4118 4119//4119 4120//4120
f 4121//4121 4122//4122 4123//4123
f 4124//4124 4125//4125 4126//4126
f 4127//4127 4128//4128 4129//4129
f 4130//4130 4131//4131 4132//4132
f 4133//4133 4134//4134 4135//4135
f 4136//4136 4137//4137 4138//4138
f 4139//4139 4140//4140 4141//4141
f 4142//4142 4143//4143 4144//4144
f 4145//4145 4146//4146 4147//4147
f 4148//4148 4149//4149 4150//4150
f 4151//4151 4152//4152 4153//4153
f 4154//4154 4155//4155 4156//4156
f 4157//4157 4158//4158 4159//4159
f 4160//4160 4161//4161 4162//4162
f 4163//4163 4164//4164 4165//4165
f 4166//4166 4167//4167 4168//4168
f 4169//4169 4170//4170 4171//4171
f 4172//4172 4173//4173 4174//4174
f 4175//4175 4176//4176 4177//4177
f 4178//4178 4179//4179 4180//4180
f 4181//4181 4182//4182 4183//4183
f 4184//4184 4185//4185 4186//4186
f 4187//4187 4188//4188 4189//4189
f 4190//4190 4191//4191 4192//4192
f 4193//4193 4194//4194 4195//4195
f 4196//4196 4197//4197 4198//4198
f 4199//4199 4200//4200 4201//4201
f 4202//4202 4203//4203 4204//4204
f 4205//4205 4206//4206 4207//4207
f 4208//4208 4209//4209 4210//4210
f 4211//4211 4212//4212 4213//4213
f 4214//4214 4215//4215 4216//4216
f 4217//4217 4218//4218 4219//4219
f 4220//4220 4221//4221 4222//4222
f 4223//4223 4224//4224 4225//4225
f 4226//4226 4227//4227 4228//4228
f 4229//4229 4230//4230 4231//4231
f 4232//4232 4233//4233 4234//4234
f 4235//4235 4236//4236 4237//4237
f 4238//4238 4239//4239 4240//4240
f 4241//4241 4242//4242 4243//4243
f 4244//4244 4245//4245 4246//4246
f 4247//4247 4248//4248 4249//4249
f 4250//4250 4251//4251 4252//4252
f 4253//4253 4254//4254 4255//4255
f 4256//4256 4257//4257 4258//4258
f 4259//4259 4260//4260 4261//4261
f 4259//4259 4261//4261 4262//4262
f 4263//4263 4264//4264 4265//4265
f 4266//4266 4267//4267 4268//4268
f 4269//4269 4270//4270 4271//4271
f 4272//4272 4273//4273 4274//4274
f 4275//4275 4276//4276 4277//4277
f 4278//4278 4279//4279 4280//4280
f 4281//4281 4282//4282 4283//4283
f 4284//4284 4285//4285 4286//4286
f 4287//4287 4288//4288 4289//4289
f 4290//4290 4291//4291 4292//4292
f 4293//4293 4294//4294 4295//4295
f 4296//4296 4297//4297 4298//4298
f 4299//4299 4300//4300 4301//4301
f 4302//4302 4303//4303 4304//4304
f 4305//4305 4306//4306 4307//4307
f 4305//4305 4307//4307 4308//4308
f 4309//4309 4310//4310 4311//4311
f 4312//4312 4313//4313 4314//4314
f 4315//4315 4316//4316 4317//4317
f 4318//4318 4319//4319 4320//4320
f 4321//4321 4322//4322 4323//4323
f 4321//4321 4323//4323 4324//4324
f 4325//4325 4326//4326 4327//4327
f 4325//4325 4327//4327 4328//4328
f 4329//4329 4330//4330 4331//4331
f 4332//4332 4333//4333 4334//4334
f 4335//4335 4336//4336 4337//4337
f 4338//4338 4339//4339 4340//4340
