# RightGrip.obj
# Valve Steam Controller (2015) CAD, CC BY-NC-SA 4.0
v 36.1746 5.0382 -3.2042
v 36.1462 6.4064 -1.8043
v 36.0041 5.6069 -0.2410
v 36.4069 6.5182 2.4062
v 36.1984 5.0381 2.0454
v 36.2501 6.2443 1.9809
v 36.6931 5.6735 3.7541
v 36.4240 6.6493 0.6360
v 36.3006 6.1214 -5.1327
v 36.5647 6.6747 2.0658
v 36.4956 6.6318 1.9233
v 36.5087 6.6461 1.8780
v 37.3124 5.0460 -2.0665
v 37.2859 5.0457 -0.7624
v 37.3072 5.0388 -2.7308
v 37.2939 5.0382 -2.7317
v 37.3703 5.0468 -2.9290
v 37.3289 5.0412 -2.6554
v 37.4819 5.1177 -1.7639
v 37.5334 5.2143 1.9003
v 37.4536 5.0592 -3.0879
v 37.2873 7.0248 3.6085
v 37.4836 5.1110 0.3966
v 37.5723 5.6101 -1.2527
v 37.5784 5.5223 -2.1269
v 37.5919 5.6385 -0.0698
v 37.6454 5.6252 -2.7238
v 37.7771 5.8028 -1.2024
v 37.8044 5.1041 -5.1819
v 37.5664 5.4420 -1.4637
v 37.6909 5.6945 -2.1650
v 37.6182 5.6203 0.8978
v 37.7751 5.5856 -4.2305
v 37.7639 5.6945 -3.1957
v 37.7477 5.6838 -3.1677
v 37.7374 5.6607 -3.3436
v 37.6828 5.2483 2.1609
v 37.8044 7.1885 4.1002
v 37.8568 5.7298 2.2083
v 38.2162 5.5884 -6.6636
v 37.9581 5.6339 -5.2741
v 38.0561 7.2278 4.2752
v 38.1382 5.6184 -6.3261
v 38.0897 5.6732 -5.7799
v 38.0902 5.6838 -5.7062
v 38.0907 5.6945 -5.6327
v 38.0763 5.6945 -5.5515
v 38.1432 5.6945 -5.9171
v 38.1164 5.6838 -5.8485
v 37.8135 5.6779 2.4393
v 37.9760 7.3810 4.0519
v 38.2097 5.0382 4.5011
v 38.3464 5.0473 -8.0340
v 38.3003 5.4832 2.9797
v 38.4360 5.1500 -7.8459
v 38.3674 5.6945 -6.9836
v 37.8486 6.7304 -9.3322
v 38.4352 5.5934 -7.6504
v 38.3825 5.6945 -7.0488
v 37.9296 5.1015 2.7698
v 38.4736 5.6767 -7.5249
v 38.4861 5.6978 -7.4578
v 39.2664 5.0851 -8.8699
v 38.4135 5.2730 3.0574
v 39.1496 5.8941 -8.5599
v 38.7131 5.7722 -7.9056
v 39.0686 6.7622 0.4946
v 38.7704 6.4319 -2.3522
v 38.7854 5.8039 -7.9977
v 38.8785 6.5241 -1.8686
v 38.9372 6.5241 -2.8231
v 38.9767 6.5241 -3.2724
v 41.0311 9.5867 3.6452
v 37.8900 5.6807 -4.5233
v 39.5382 8.4960 4.2700
v 39.2754 6.8046 0.2432
v 39.2558 6.7882 0.3492
v 39.2191 6.7626 0.3587
v 38.4791 6.0232 3.0509
v 39.3317 6.8160 0.2332
v 39.3424 6.7756 1.8669
v 40.2615 8.5984 5.0225
v 40.0988 8.8076 4.6485
v 39.5644 6.3354 -7.9298
v 39.7375 6.8135 -5.4406
v 39.6406 6.7529 -5.5975
v 37.5649 5.5455 -9.9590
v 40.0496 8.8122 4.4863
v 39.9720 6.7748 -7.0348
v 39.9598 6.9967 -5.3853
v 39.9009 5.0387 -9.1906
v 40.0631 6.8090 -7.1396
v 40.0754 5.0677 -9.1190
v 40.1778 6.8873 -7.1311
v 41.0361 9.5875 3.6865
v 40.5936 5.0551 -9.1292
v 40.4961 7.3469 -5.4981
v 40.4816 7.0645 -5.5011
v 40.5066 6.7882 -5.5276
v 40.4759 7.3346 -5.4868
v 40.5629 6.7882 -5.5669
v 42.2895 5.0932 -9.1485
v 40.7420 7.1394 -5.7290
v 40.7393 6.7882 -5.7457
v 40.6626 9.5864 -0.2777
v 40.7590 7.4942 -5.7309
v 40.7560 7.1429 -5.7478
v 40.7526 6.7882 -5.7643
v 40.7445 7.4869 -5.7121
v 41.6380 9.2272 5.5460
v 40.8495 6.7882 -5.9458
v 40.8555 7.5369 -5.8926
v 40.8508 7.2385 -5.9078
v 40.8409 6.7882 -5.9245
v 40.8607 7.5388 -5.9042
v 40.8574 7.1650 -5.9302
v 40.9051 7.9068 -2.3212
v 40.9016 7.9131 -2.0987
v 40.8936 7.9088 -2.0696
v 40.8861 7.9068 -1.9982
v 40.8923 7.9137 -1.9254
v 40.8888 7.9136 -1.8538
v 40.8859 7.9116 -1.8539
v 40.8876 7.9136 -1.8273
v 40.8804 7.9128 -1.6616
v 40.8676 7.9070 -1.5644
v 40.8711 7.9133 -1.3866
v 40.8687 7.9116 -1.3866
v 40.8697 7.9133 -1.3363
v 40.8662 7.9127 -1.1813
v 40.8653 7.9131 -1.1399
v 40.8622 7.9130 -0.9191
v 40.8602 7.9116 -0.9191
v 40.8616 7.9129 -0.8451
v 40.8614 7.9124 -0.7173
v 40.8607 7.9116 -0.4515
v 40.8543 7.9069 -0.3676
v 40.9400 7.9068 -2.7876
v 40.9470 7.9116 -2.7870
v 40.9233 7.9088 -2.5291
v 40.9124 7.9068 -2.4287
v 40.9120 7.9116 -2.3207
v 40.9184 7.9246 -2.0104
v 40.9546 7.9585 -1.1244
v 40.9508 7.9116 1.4162
v 40.9467 7.9068 1.4493
v 40.9478 9.5843 3.1914
v 40.8094 6.9739 -8.6610
v 41.0153 7.9135 -3.4471
v 40.9997 7.9146 -3.2973
v 40.9950 7.9146 -3.2520
v 40.9693 7.9135 -2.9980
v 40.9689 7.9084 1.6541
v 40.9954 7.9116 1.8816
v 41.0124 9.6166 3.2898
v 41.0725 7.9137 -3.9160
v 41.0566 7.9149 -3.7858
v 41.0480 7.9149 -3.7164
v 41.0787 7.9476 -3.4498
v 40.8963 7.4420 3.8771
v 41.1098 7.9152 -4.1799
v 41.1747 7.9116 -4.6430
v 41.1439 7.9275 -4.2852
v 41.1386 7.9139 -4.3838
v 41.1591 9.8443 1.3249
v 41.7045 9.8010 5.1392
v 41.2467 7.9068 -5.1051
v 41.2294 7.9071 -5.0049
v 41.1847 7.9156 -4.6692
v 41.4208 7.9729 -5.4677
v 41.5517 9.3849 5.4558
v 41.3058 7.9068 -5.4205
v 41.2963 7.9088 -5.3515
v 41.2536 7.9116 -5.1039
v 41.2383 7.9402 -0.3570
v 41.3201 5.0382 -10.5622
v 41.3411 7.9116 -5.5632
v 41.3687 7.7310 0.0723
v 41.3918 7.9068 -5.8431
v 41.3870 7.9088 -5.8028
v 41.3800 5.3330 -1.3227
v 41.3765 5.3319 -1.1503
v 41.3742 5.3330 -1.0463
v 41.4373 7.9116 -6.0208
v 41.4094 7.8311 0.3647
v 41.6241 9.5983 -7.4494
v 41.5207 5.3330 -3.3677
v 41.5039 5.3319 -3.2083
v 41.4978 5.3330 -3.1534
v 42.1085 4.9565 1.4839
v 41.3108 7.7521 3.9964
v 41.5422 7.9116 -6.4765
v 41.6288 5.0382 -9.3251
v 41.5936 7.9088 -6.7000
v 41.6340 5.3330 -4.2390
v 41.6104 5.3319 -4.0736
v 41.5986 5.3330 -3.9919
v 41.6557 7.9116 -6.9301
v 41.6975 7.9305 1.0568
v 41.8307 9.6840 5.3678
v 41.7094 7.9088 -7.1456
v 41.6599 5.3330 -4.4097
v 42.1490 8.5901 2.3988
v 41.8691 9.8569 4.9177
v 41.7584 5.0382 -9.3292
v 41.7777 7.9116 -7.3814
v 41.5687 7.8889 -4.4808
v 41.8683 5.3319 -5.5606
v 41.8340 5.3330 -5.3933
v 41.8880 5.0382 -9.3328
v 42.0233 7.6193 -8.6044
v 41.8876 5.3330 -5.6557
v 42.2372 9.5452 -9.5392
v 42.0813 7.9798 -7.9950
v 41.9780 5.3330 -6.0682
v 42.2137 9.9297 5.0418
v 42.0176 5.0382 -9.3358
v 42.3112 7.8997 -8.4467
v 42.0206 5.3330 -6.2520
v 41.9859 5.3319 -6.1010
v 42.0799 6.2002 -8.8803
v 42.0934 6.3576 -8.8522
v 42.0866 6.2789 -8.8663
v 42.0743 7.2934 -8.6812
v 42.0529 7.7176 -6.5814
v 42.0755 5.3330 -6.4791
v 42.0593 5.3319 -6.4113
v 42.2816 5.7394 -8.9165
v 42.0895 7.4502 -8.6488
v 42.7361 5.0691 -8.8689
v 42.2721 7.9397 -8.1142
v 42.1963 5.3319 -6.9471
v 42.1802 5.3330 -6.8882
v 42.1428 9.2605 5.7183
v 42.1897 6.2556 -8.8640
v 42.2383 5.3330 -7.1033
v 42.2864 9.7984 5.4019
v 41.4629 9.8617 -5.1774
v 42.2737 7.7225 -7.3987
v 42.2920 5.3330 -7.2954
v 42.2808 5.3319 -7.2545
v 42.4715 9.7664 -9.1845
v 42.4015 7.8682 -8.1014
v 42.4396 7.7384 -7.9644
v 42.5351 9.4484 5.7943
v 42.5198 5.5394 -8.8167
v 42.5253 5.3415 -8.8656
v 42.6249 9.7849 -9.3797
v 42.5798 6.3298 -8.3128
v 42.6642 5.2192 -8.4229
v 42.4911 8.3536 4.3599
v 42.4916 5.1574 4.5158
v 43.0982 9.2990 6.0335
v 42.5535 9.9235 -7.9652
v 43.8241 9.5801 -8.4178
v 42.8648 9.9391 -7.0064
v 42.8267 9.9390 -6.8298
v 42.1116 9.5642 5.5924
v 42.5063 9.5619 5.7241
v 43.0127 9.9047 -9.2716
v 43.1325 9.9326 -9.0356
v 43.5783 5.0382 -6.1820
v 41.7514 5.0936 -4.7533
v 42.9318 9.5124 -9.7994
v 43.8912 9.7133 6.0645
v 43.1985 8.3560 3.5132
v 43.2207 9.3426 -9.7981
v 43.3119 5.0379 -10.5837
v 43.4616 5.1994 -10.5417
v 43.5758 5.0382 -10.5515
v 43.4653 5.0382 -10.5709
v 43.7297 9.9361 5.4956
v 43.5380 7.1461 -10.1416
v 44.6884 9.7705 6.2641
v 43.6388 5.7033 -10.4006
v 43.5938 5.0382 -10.5464
v 45.2057 9.8379 6.3401
v 43.6606 5.0382 -10.5277
v 43.4354 9.9025 -9.1913
v 44.1045 9.6448 -8.8000
v 43.9876 9.3007 6.3355
v 44.2279 9.2169 6.4307
v 43.6619 9.4243 -9.5873
v 43.7262 9.6152 -9.3391
v 43.8171 5.0382 6.4051
v 43.9702 9.2851 -7.9674
v 43.8510 5.2024 2.4770
v 44.0276 9.2948 -8.1403
v 43.8612 9.5840 6.1668
v 44.4418 9.5338 6.3951
v 44.0667 9.2972 -8.2553
v 42.3521 9.7535 0.0704
v 44.0971 5.0388 2.2644
v 44.1062 9.6597 6.1899
v 43.7783 9.3729 6.2474
v 44.4518 5.0383 -9.0584
v 44.4539 9.8814 1.7500
v 44.2323 5.0263 -10.1982
v 45.1761 9.9361 5.9867
v 44.5873 5.4452 1.1973
v 44.5945 5.0332 1.1910
v 45.1842 9.5858 6.6122
v 43.6494 9.9263 5.5453
v 44.9414 9.9095 6.0620
v 45.0138 4.9826 2.3764
v 46.0660 5.0720 2.8039
v 45.0562 4.9789 2.3822
v 45.1970 4.9953 2.5535
v 44.9250 4.9587 5.5555
v 46.0234 9.8536 6.5785
v 45.5345 9.1555 6.8783
v 45.1198 4.9733 2.3909
v 45.0792 9.2300 6.7187
v 46.4703 9.6536 6.9982
v 45.6733 9.8843 6.3839
v 46.3556 9.3018 7.1395
v 46.3857 9.2307 7.1617
v 46.6807 9.9097 6.6504
v 45.6132 4.9323 2.5108
v 45.5413 9.3748 6.8424
v 45.4646 9.7006 6.6116
v 46.1975 9.3723 7.0640
v 46.3377 9.5142 7.0583
v 46.5014 9.7627 6.8924
v 46.8341 9.5923 7.1723
v 45.2586 9.4454 6.7184
v 47.1240 9.7180 7.1586
v 46.4232 4.8172 6.0969
v 46.8462 4.7782 6.2478
v 46.2291 9.9263 6.4205
v 46.9070 9.9361 6.5744
v 47.3898 9.4199 7.4556
v 46.6862 4.8398 2.6781
v 47.4734 9.5280 7.4278
v 47.5345 9.8173 7.1730
v 46.9343 4.7708 6.2716
v 47.5797 9.8802 7.0341
v 47.4987 4.7675 2.7699
v 50.6929 4.7324 7.2620
v 47.7046 9.6494 7.4217
v 47.4526 4.7673 2.7091
v 47.4595 4.7286 6.4048
v 48.1941 9.7655 7.4639
v 47.9923 9.1479 7.7126
v 47.5038 4.7632 2.7295
v 47.6018 8.4382 3.3646
v 47.4673 4.8595 2.9486
v 47.8767 4.7299 2.7669
v 47.6495 5.0422 3.0387
v 47.6475 5.0156 3.0368
v 47.7630 9.2329 7.6299
v 47.6903 4.7470 2.6813
v 47.7015 5.0242 3.0450
v 48.3476 9.8529 7.3716
v 47.8113 4.7032 6.5251
v 46.0669 8.4393 4.4047
v 48.0807 4.7117 2.7927
v 48.7919 9.3009 7.9664
v 49.2557 9.4555 8.0740
v 48.9089 4.6457 2.9745
v 49.9964 9.8881 7.8545
v 48.1338 9.9264 7.0668
v 48.6672 9.9089 7.3242
v 48.4540 9.5891 7.7222
v 48.2153 9.5098 7.6887
v 48.6833 9.8773 2.3238
v 44.3484 9.8680 1.7039
v 48.7796 4.6502 2.8964
v 48.8406 8.4393 4.9321
v 49.2835 9.3794 8.1123
v 49.1676 9.7234 7.8495
v 49.5625 9.9263 7.5527
v 49.5407 9.2297 8.2329
v 49.1491 4.6175 2.9405
v 49.3186 9.6589 7.9606
v 48.7266 9.9361 7.1923
v 50.2315 9.8081 8.0818
v 49.2551 4.6081 2.9549
v 49.0824 9.8341 7.6592
v 49.3612 4.5988 2.9694
v 49.4672 4.5894 2.9839
v 46.5796 4.8823 5.9184
v 49.0784 4.7172 3.1805
v 49.2506 4.5652 7.0381
v 49.9199 9.9361 7.5975
v 49.5732 4.5801 2.9983
v 49.9756 4.4999 7.2632
v 50.6880 9.8539 8.1590
v 48.7083 4.9286 3.1819
v 50.4592 9.1601 8.5504
v 50.6794 4.6182 3.4137
v 50.4211 9.9079 7.9224
v 49.9282 4.8276 3.3487
v 49.9974 4.5426 3.0562
v 49.9802 4.8096 3.3549
v 50.1034 4.5332 3.0707
v 50.2312 4.5423 3.2115
v 50.2094 4.5239 3.0851
v 50.1923 4.7909 3.3839
v 49.1636 4.6410 6.8243
v 50.3155 4.5145 3.0996
v 50.2601 9.5186 8.3846
v 50.7169 9.3099 8.6174
v 50.4215 4.5052 3.1140
v 50.6027 9.7004 8.3535
v 50.4282 4.4382 8.6659
v 50.4851 4.4995 3.1227
v 50.9402 9.9262 8.0199
v 50.6605 4.6869 7.2561
v 50.7396 4.4771 3.1574
v 50.7335 4.7029 7.2790
v 50.7112 4.5351 7.3528
v 51.2037 9.9361 8.0334
v 50.7909 4.4730 3.1779
v 50.8457 4.4677 3.1719
v 50.7457 4.7114 3.4563
v 51.9489 9.4194 9.0040
v 49.7266 9.9393 7.4569
v 50.2778 9.7636 8.1731
v 50.4245 9.5823 8.3967
v 51.3326 4.4382 2.1101
v 51.3595 4.7329 7.4886
v 52.2232 9.9183 8.5131
v 52.0292 9.2574 9.0761
v 53.1218 8.4026 7.9458
v 52.0699 9.9363 8.3259
v 51.7281 4.5791 7.6477
v 51.8050 4.7330 7.6401
v 51.5431 4.4493 7.7668
v 51.9167 4.7330 7.6781
v 51.9467 9.6513 8.8601
v 51.9629 9.5669 8.9327
v 52.0284 4.7330 7.7160
v 51.7944 4.6482 7.6486
v 52.0435 4.4382 8.0380
v 52.1245 9.8781 8.6002
v 52.1174 9.7690 8.7966
v 52.0952 4.7335 7.7385
v 52.1081 4.4407 8.0314
v 52.1174 9.9395 8.2708
v 52.6779 9.8925 8.9992
v 52.0119 9.7108 8.8252
v 52.1401 4.7330 7.7540
v 52.1726 4.4431 8.0248
v 52.1672 9.9409 8.2915
v 52.2198 4.4407 8.0694
v 52.1851 9.9379 8.3966
v 52.2108 9.9428 8.3400
v 53.2388 9.6251 9.4764
v 52.2518 4.7330 7.7920
v 52.2669 4.4382 8.1140
v 52.2665 9.9479 8.3326
v 52.3161 9.9535 8.3531
v 52.3635 4.7330 7.8300
v 52.4368 9.9728 8.4026
v 52.4936 9.9394 5.7398
v 52.4752 4.7330 7.8680
v 52.4636 9.9782 8.4136
v 52.5123 9.9892 8.4335
v 52.5331 9.9402 5.7505
v 52.2852 4.6534 7.8137
v 52.5608 10.0015 8.4532
v 52.5326 9.9937 8.5385
v 52.6319 10.0213 8.5623
v 52.5788 9.9420 5.7629
v 52.5869 4.7330 7.9059
v 52.6090 10.0151 8.4727
v 52.6424 9.9465 5.7801
v 52.6374 10.0243 8.5054
v 52.6852 9.9507 5.7917
v 52.7044 8.4396 7.5670
v 52.6986 4.7330 7.9439
v 52.7041 10.0463 8.5112
v 52.7825 8.4419 7.5950
v 52.7510 10.0638 8.5300
v 52.7886 10.0739 8.7209
v 52.8359 9.9733 5.8323
v 52.8047 8.4429 7.6029
v 52.8103 4.7330 7.9819
v 52.8436 10.1027 8.5671
v 52.8979 9.9395 3.2164
v 52.8859 9.9837 5.8459
v 52.8548 8.4460 7.6209
v 52.9049 8.4499 7.6388
v 52.8847 8.4445 7.6870
v 52.8892 10.1241 8.5853
v 52.8788 10.1210 8.6378
v 52.9100 9.8814 2.9166
v 52.9607 9.9414 3.2247
v 52.9314 9.9943 5.8580
v 52.9458 8.4394 5.8612
v 52.9093 10.0095 6.3924
v 52.9541 8.4541 7.6725
v 52.9220 4.7330 8.0199
v 52.9617 10.1626 8.6382
v 53.0095 9.9431 3.2025
v 52.9925 8.4402 5.8727
v 53.0048 8.4606 7.6744
v 53.0112 8.4504 7.7805
v 53.0120 10.1894 8.6340
v 53.0533 9.9479 3.2370
v 53.0468 8.4420 5.8858
v 53.0708 8.4690 7.7141
v 53.0337 4.7330 8.0578
v 53.0659 10.2219 8.6552
v 53.1049 9.9535 3.2439
v 53.0911 10.0226 5.5150
v 53.1305 10.0551 5.9117
v 53.0869 10.0397 5.8998
v 53.0945 8.4444 5.8978
v 53.0968 8.4483 6.2558
v 53.1043 8.4748 7.7099
v 53.0929 8.1903 8.0142
v 52.8955 4.4841 8.1166
v 53.1084 10.2493 8.6719
v 53.1790 10.0735 5.9246
v 53.1538 8.4833 7.7275
v 53.1454 4.7330 8.0958
v 53.1621 10.2862 8.6929
v 53.2340 9.9734 3.2614
v 53.2265 8.4389 4.1475
v 53.2254 10.0927 5.9372
v 53.2415 10.1377 6.4903
v 53.2096 8.4640 6.5267
v 53.1964 8.4909 7.7587
v 53.2229 8.2160 8.0580
v 53.1900 4.7330 8.1110
v 53.2338 10.3400 8.7207
v 53.1973 10.3140 8.7302
v 53.2842 9.9822 3.2443
v 53.2815 8.4408 4.1730
v 53.2494 8.4523 5.5778
v 53.2471 8.4577 5.9353
v 53.2693 10.1121 5.9488
v 53.2581 8.5042 7.7645
v 53.2571 4.7330 8.1338
v 53.2713 10.3703 8.7352
v 53.3195 10.4001 8.9746
v 53.3241 9.9926 3.2737
v 53.3334 8.4429 4.1801
v 53.3470 8.4794 6.3226
v 53.3505 8.5262 7.7972
v 53.2984 8.3056 8.0745
v 53.4300 4.4905 8.2786
v 53.3102 10.4033 8.7501
v 53.3482 10.4374 8.7647
v 53.4133 10.0161 3.2860
v 53.3751 8.5327 7.8060
v 53.4089 8.2852 8.1179
v 53.3688 4.7330 8.1718
v 53.3983 10.4878 8.8070
v 53.3938 9.9354 2.9461
v 53.4599 10.0283 3.2686
v 53.4362 8.4708 5.3797
v 53.4423 10.1571 5.4463
v 53.4245 8.5460 7.8393
v 53.4569 10.5456 8.8059
v 53.5091 10.0464 3.2993
v 53.4885 8.4548 4.2015
v 53.5060 8.4885 5.6351
v 53.4991 8.4978 5.9973
v 53.4986 10.2366 6.0102
v 53.4909 8.5077 6.3605
v 53.4958 8.5678 7.8486
v 53.4797 8.2842 8.1440
v 53.4805 4.7330 8.2098
v 53.5204 10.6211 8.8573
v 53.4961 10.5890 8.8205
v 53.5580 10.0639 3.3062
v 53.5400 8.4606 4.2086
v 53.5805 10.2915 6.0321
v 53.5398 10.2636 6.0214
v 53.5421 8.5827 7.8807
v 53.5573 10.6624 8.8432
v 53.6213 10.6999 9.1996
v 53.5371 7.4798 9.7574
v 53.5312 7.4350 9.7565
v 53.5291 7.3898 9.7571
v 53.6064 10.0828 3.3130
v 53.9913 8.4728 4.0604
v 53.6255 8.4722 4.2205
v 53.6236 10.3229 6.0437
v 53.5938 8.5327 6.3884
v 53.6240 10.3889 6.6016
v 53.6387 8.6171 7.8989
v 53.5922 4.7330 8.2477
v 53.6193 10.7448 8.8660
v 53.5888 10.7032 8.8548
v 53.6542 10.1029 3.3198
v 53.6634 8.4769 4.2102
v 53.6428 8.4748 4.2229
v 53.6528 8.5201 5.6683
v 53.6596 10.3506 6.0532
v 53.6425 8.5460 6.4014
v 53.6574 8.6241 7.9238
v 53.9902 8.7364 8.1890
v 53.6898 9.2341 9.7607
v 53.6878 9.1890 9.7613
v 53.7483 10.1468 3.3333
v 53.7443 8.1976 3.9356
v 53.7103 8.1807 3.9301
v 53.7449 8.4927 4.2372
v 53.7468 8.5604 6.0588
v 53.7327 8.6544 7.9319
v 53.6142 8.4021 8.1797
v 53.7304 8.3745 8.2276
v 53.7039 4.7330 8.2857
v 53.7306 10.9190 8.9057
v 53.7454 9.8548 9.7624
v 53.6957 9.2790 9.7615
v 53.7107 10.1052 3.1657
v 53.7944 10.1707 3.3399
v 53.8015 8.5029 4.2296
v 53.7852 10.4582 6.0865
v 53.7796 11.0104 8.9227
v 53.7567 10.9662 8.9148
v 53.8024 11.0571 8.9304
v 53.7635 9.9982 9.7647
v 53.7560 9.9535 9.7633
v 53.7525 9.9085 9.7634
v 53.8627 9.2994 2.5448
v 53.8247 8.2272 3.9479
v 53.8464 8.5142 4.2514
v 53.8224 10.4171 5.5386
v 53.8476 8.5745 5.7123
v 53.8549 10.5266 6.1050
v 53.8189 10.4906 6.0956
v 53.8351 8.6077 6.4526
v 53.8530 8.4278 8.2683
v 53.8156 4.7330 8.3237
v 53.8520 11.1768 8.9660
v 53.8132 11.0864 8.9565
v 53.9182 11.3766 9.2462
v 53.8063 10.3700 9.7668
v 53.8467 10.4415 9.7807
v 53.8079 10.2653 9.7724
v 53.7958 10.1591 3.2455
v 53.9157 10.2411 3.3576
v 53.9010 8.2299 3.9579
v 53.8969 8.5262 4.2586
v 53.9021 8.5924 5.7241
v 53.8907 10.5646 6.1147
v 53.8779 10.6458 6.6745
v 53.9143 11.3489 8.9660
v 53.9016 11.3081 8.9622
v 53.8849 11.2665 8.9795
v 53.8927 10.7089 9.7835
v 53.8688 10.5289 9.7858
v 53.9551 9.3328 2.5581
v 53.9721 10.2779 3.3659
v 53.9287 10.2493 3.3595
v 53.9471 8.5392 4.2657
v 53.9405 8.6262 6.1058
v 53.9222 10.5996 6.1229
v 53.9618 8.7623 8.0120
v 53.9220 8.5604 8.2760
v 53.9273 4.7330 8.3617
v 53.9734 11.6034 8.9810
v 53.9641 11.5519 8.9790
v 53.9535 11.5006 8.9766
v 53.9417 11.4497 8.9736
v 53.9286 11.3991 8.9700
v 53.9031 11.2792 9.6853
v 53.9838 9.3438 2.5623
v 54.0147 10.3076 3.3722
v 53.9780 8.2327 3.9680
v 54.0022 8.5545 4.2735
v 54.0257 10.7279 6.1502
v 53.9890 8.6451 6.1179
v 53.9817 8.7731 8.0344
v 53.9971 8.4988 8.3160
v 54.2857 13.0599 7.9281
v 54.0667 10.3462 3.3800
v 54.0479 8.2649 3.9788
v 54.0698 8.5732 4.2675
v 54.0723 10.6796 5.5992
v 54.0531 10.7661 6.1575
v 54.0506 8.8111 8.0429
v 54.0390 4.7330 8.3996
v 54.0437 12.7962 9.4749
v 54.1025 9.3937 2.5795
v 54.1385 10.4040 3.3909
v 54.1119 10.3781 3.3629
v 54.1171 8.2969 3.9895
v 54.1456 8.5998 4.2939
v 54.0964 8.5834 4.2869
v 54.1378 8.8631 8.0731
v 54.1540 8.8745 8.1220
v 54.0914 8.5503 8.3471
v 54.1233 12.7365 9.7268
v 54.1651 12.7879 9.7436
v 54.1837 10.4393 3.3738
v 54.1993 8.6172 4.2860
v 54.1855 10.9815 6.1920
v 54.1637 10.9417 6.1864
v 54.1856 8.7528 6.4374
v 54.1977 8.9019 8.1117
v 54.1507 4.7330 8.4376
v 54.3713 13.1063 9.4967
v 54.0698 10.3245 3.2728
v 54.2428 10.4942 3.3830
v 54.2530 10.5086 3.4085
v 54.2430 8.6354 4.3079
v 54.2572 11.1310 6.2106
v 54.2347 11.0808 6.2048
v 54.2152 11.0398 6.1997
v 54.2408 8.9317 8.1493
v 54.2232 8.9183 8.1027
v 54.3909 8.9849 8.3838
v 54.2068 8.6192 8.3850
v 54.2896 10.5457 3.4142
v 54.2657 8.6325 4.2320
v 54.2913 8.6544 4.3148
v 54.2672 8.7742 6.1861
v 54.3124 11.2744 6.2247
v 54.2590 8.8006 6.5660
v 54.2607 11.3787 6.7801
v 54.3068 8.9767 8.1315
v 54.2624 4.7330 8.4756
v 54.0002 4.6788 8.3926
v 54.6694 13.0854 9.8952
v 55.3083 12.3600 10.2213
v 54.3596 10.6226 3.4253
v 54.3366 10.5964 3.4216
v 54.3707 11.4777 6.2393
v 54.3274 11.3194 6.2285
v 54.3516 9.0098 8.1469
v 54.3888 4.7902 2.5379
v 54.4196 4.7507 2.5305
v 54.4256 10.7032 3.4360
v 54.3964 10.6665 3.4312
v 54.4013 8.8500 6.2190
v 54.3914 11.5787 6.2443
v 54.3813 11.5263 6.2419
v 54.3861 8.8756 6.5993
v 54.3885 9.0380 8.1596
v 54.3751 4.7330 8.5139
v 54.4570 10.7449 3.4411
v 54.4541 8.8252 5.5944
v 54.4409 11.4197 5.6886
v 54.4756 8.9338 6.6233
v 54.3688 13.2454 8.6633
v 54.4680 9.1022 8.1868
v 54.4481 9.0858 8.1801
v 54.4290 8.7721 8.4578
v 54.4678 5.7442 2.5394
v 54.7498 8.7980 4.1799
v 54.5273 8.7622 4.3491
v 54.5983 13.3020 7.1758
v 54.5068 9.1354 8.2001
v 54.5354 8.8557 8.4924
v 54.4878 4.7330 8.5522
v 54.5378 6.4562 2.5316
v 53.9312 9.5012 2.5748
v 54.5853 10.9354 3.4388
v 54.5773 8.7862 4.3408
v 54.5417 8.9018 5.8689
v 54.5960 9.0200 6.6549
v 54.5822 9.2042 8.2409
v 54.7562 9.3122 8.5058
v 54.6214 5.6884 2.5418
v 54.2883 10.3717 3.0892
v 54.6451 11.0572 3.4735
v 54.6018 10.9728 3.4658
v 54.6190 8.8111 4.3625
v 54.6362 8.8208 4.3650
v 54.6330 8.9631 5.8891
v 54.6157 8.9918 6.2717
v 54.6416 9.0859 6.9279
v 54.6315 9.2500 8.2426
v 54.6005 4.7330 8.5906
v 54.6851 13.3102 8.9775
v 54.6881 11.1524 3.4815
v 54.6672 11.1045 3.4776
v 54.6642 8.8368 4.3692
v 54.6731 13.3739 7.3707
v 54.7013 13.3967 8.2394
v 54.6719 9.2915 8.2737
v 54.7805 13.3815 8.4221
v 54.7590 11.3490 3.4957
v 54.7475 11.3123 3.4933
v 54.7377 11.2705 3.4671
v 54.7547 8.8914 4.3826
v 54.7089 8.8632 4.3758
v 54.7546 9.0529 5.9169
v 54.7588 9.3834 8.3005
v 54.7377 9.0364 8.5579
v 54.7133 4.7330 8.6289
v 54.7308 13.2402 9.3129
v 54.7371 13.2229 9.3843
v 54.7435 13.2054 9.4555
v 54.8182 11.6034 3.5097
v 54.8095 11.5329 3.4830
v 54.7985 11.5006 3.5046
v 54.7912 11.4509 3.4785
v 54.7739 11.4009 3.4989
v 54.7969 8.9185 4.3888
v 54.8165 9.1518 6.3216
v 54.7780 9.1188 6.3116
v 54.8111 13.4255 7.4650
v 54.8015 9.4302 8.3000
v 54.7756 13.3154 8.8941
v 54.7674 13.2514 9.2344
v 54.7934 13.1808 9.5130
v 54.8104 11.2307 3.2247
v 54.8738 8.6074 4.0987
v 54.8483 8.5792 4.0941
v 54.8697 8.9675 4.3997
v 55.0620 13.4107 5.0691
v 54.8558 9.1865 6.3307
v 54.8713 9.2556 6.7279
v 54.8493 13.4306 7.3260
v 54.8303 13.4280 7.3955
v 54.8240 13.4290 7.6007
v 54.8568 13.3936 8.2605
v 54.8654 9.5064 8.3214
v 54.8442 9.4820 8.3291
v 54.8372 13.3409 8.6936
v 54.8073 9.1937 8.5722
v 54.8260 4.7330 8.6672
v 54.8013 10.2907 2.7022
v 54.8738 11.3420 3.0682
v 54.9283 9.0067 4.3930
v 54.8829 8.9768 4.4017
v 54.9140 9.5697 8.3548
v 54.8957 9.5444 8.3315
v 55.1343 12.9899 2.9780
v 55.0349 9.0489 4.2945
v 54.9668 9.0380 4.4143
v 54.9535 9.2226 5.9618
v 54.9506 13.4324 6.6755
v 54.9680 9.2933 6.3583
v 54.9521 13.4393 7.3418
v 54.9880 9.6686 8.3621
v 54.9567 9.6249 8.3517
v 54.9387 4.7330 8.7056
v 55.0082 8.6949 4.1188
v 55.0080 9.0698 4.4205
v 55.0461 9.7542 8.3812
v 55.0174 9.7111 8.3718
v 55.0368 9.4099 8.6504
v 55.0128 9.3397 8.6458
v 55.2716 13.1606 2.8691
v 55.0887 9.1355 4.4328
v 55.0475 9.4419 6.7744
v 55.1013 9.8419 8.3992
v 55.0593 9.7768 8.4027
v 55.0376 9.7436 8.4670
v 55.0602 9.4792 8.6549
v 55.0515 4.7330 8.7439
v 55.1466 9.1818 4.4235
v 55.1370 9.4096 6.0034
v 55.1427 9.4843 6.4012
v 55.1321 9.5227 6.6826
v 55.1590 9.9412 8.4179
v 55.2052 9.2392 4.4507
v 55.1670 9.2039 4.4448
v 55.2079 9.5649 6.4172
v 55.1828 9.6098 6.8103
v 55.2028 10.0231 8.4320
v 55.1786 9.9771 8.4242
v 55.1642 4.7330 8.7822
v 55.2454 9.2742 4.4414
v 55.2262 10.0694 8.4395
v 55.2496 9.6774 8.7201
v 54.9604 11.7818 2.9085
v 55.5511 9.4907 4.3137
v 55.2798 9.3117 4.4623
v 55.3003 9.6900 6.4400
v 55.3282 9.8225 6.8484
v 55.3122 10.2589 8.4665
v 55.2919 10.2109 8.4602
v 55.3118 10.2663 8.5033
v 55.2770 4.7330 8.8205
v 55.3519 9.3868 4.4736
v 55.3284 9.6459 6.0474
v 55.3733 9.7342 6.1717
v 55.3584 9.7761 6.4542
v 55.3317 10.3072 8.4725
v 55.3666 10.4002 8.4832
v 55.3439 10.3424 8.4907
v 55.2517 10.0636 8.6159
v 55.3446 4.7330 8.8435
v 54.6698 4.5918 8.6437
v 55.4214 9.4644 4.4845
v 55.3870 9.4253 4.4791
v 55.4042 9.9517 6.8680
v 55.4228 10.5794 8.5166
v 55.3847 10.4568 8.5030
v 55.2972 9.9264 8.7192
v 55.4881 9.5445 4.4952
v 55.4738 9.8651 6.0807
v 55.4901 9.9994 6.4867
v 55.4552 10.0474 6.8814
v 55.4721 10.7652 8.5136
v 55.4562 10.7036 8.5236
v 55.4451 10.6543 8.5062
v 55.4855 10.7519 8.6634
v 55.4074 10.4967 8.6316
v 55.4194 4.6568 8.8783
v 55.5520 9.6268 4.5055
v 55.5227 9.5839 4.4852
v 55.5201 10.1830 6.8981
v 55.5405 10.8790 8.2274
v 55.5335 10.8747 8.2718
v 55.4800 10.8057 8.5646
v 55.5070 10.8229 8.3710
v 55.5024 4.7330 8.8972
v 55.6070 9.6979 4.4989
v 55.5767 9.6476 4.4673
v 55.5998 10.0966 6.1097
v 55.5628 10.2829 6.9093
v 55.6039 10.9861 7.9372
v 55.5928 10.9877 8.0221
v 55.5686 10.9302 8.1094
v 55.5615 10.9339 8.1677
v 55.7574 9.8744 4.4337
v 55.6407 9.7519 4.5200
v 55.6130 9.7113 4.5155
v 55.6635 10.2356 6.1245
v 55.6179 10.3808 6.8075
v 55.6630 11.0859 7.6432
v 55.6509 11.0656 7.7052
v 55.6276 11.0551 7.8597
v 55.6152 4.7330 8.9355
v 55.7152 9.8686 4.5324
v 55.6784 9.8044 4.5107
v 55.7014 10.3283 6.1334
v 55.6784 10.4296 6.5328
v 55.7065 10.8343 7.0940
v 55.7185 11.1778 7.3458
v 55.7133 11.1694 7.3743
v 55.6821 11.1178 7.5431
v 55.5881 12.3130 10.3095
v 55.7778 9.9770 4.5431
v 55.7568 10.4828 6.1463
v 55.7537 10.6796 6.5513
v 55.7410 10.6315 6.5482
v 55.7261 10.5787 6.5445
v 55.7381 10.7788 6.8110
v 55.7539 10.8880 6.8562
v 55.7549 10.9395 6.9094
v 55.7532 10.9906 6.9742
v 55.6217 10.8025 8.8174
v 55.7519 10.6420 8.8731
v 55.7279 4.7330 8.9739
v 56.0140 11.9599 10.4692
v 55.8266 10.0693 4.5515
v 55.8026 10.0229 4.5473
v 55.7843 9.9888 4.5442
v 55.8270 10.7321 6.1630
v 55.7999 11.0924 6.7614
v 55.8169 11.3956 6.8813
v 55.8442 11.1436 6.5103
v 55.6926 11.1405 8.3319
v 55.8381 10.5790 8.9036
v 55.8406 4.7330 9.0122
v 55.8568 4.4382 9.3345
v 56.0735 10.3246 4.3581
v 55.9363 10.3057 4.5575
v 55.9143 10.2590 4.5671
v 55.8936 10.2110 4.5634
v 55.9278 11.1735 5.9878
v 55.6762 10.9014 8.7117
v 55.9230 10.5142 8.9336
v 55.9219 4.4407 9.3281
v 56.0033 10.4980 4.5839
v 55.9845 10.4312 4.5619
v 55.9574 10.3671 4.5751
v 55.9729 11.4510 5.8550
v 55.9534 4.7330 9.0505
v 55.9869 4.4431 9.3216
v 56.0353 9.7896 4.2798
v 56.0431 10.6310 4.5919
v 56.0355 10.6038 4.5903
v 56.1903 11.7878 4.9062
v 56.0166 11.5666 5.6385
v 56.0241 11.6687 5.7406
v 56.0066 10.4476 8.9633
v 56.1079 9.9230 4.2922
v 56.0615 9.8618 4.2853
v 56.1148 10.8200 4.5147
v 56.1141 10.9614 4.6080
v 56.1055 10.9098 4.6058
v 56.0960 10.8583 4.6035
v 56.0857 10.8070 4.6011
v 56.0767 10.7659 4.5991
v 56.0623 10.7049 4.5960
v 56.1142 11.6437 5.0544
v 56.1016 11.6249 5.1211
v 56.1363 11.7800 6.2252
v 56.1246 11.4742 7.3284
v 56.0215 10.8317 8.7538
v 56.0888 10.3791 8.9925
v 56.0661 4.7330 9.0889
v 56.1547 9.9847 4.2991
v 56.1636 11.2380 4.5516
v 56.1633 11.3218 4.5739
v 56.1401 11.1778 4.6157
v 56.1375 11.1206 4.5990
v 56.1253 11.0396 4.6110
v 56.1284 11.6633 4.9778
v 56.1696 10.3087 9.0213
v 56.5113 11.9626 10.5582
v 56.1744 10.0597 4.3038
v 56.1938 10.1341 4.3084
v 56.1585 11.1083 4.5348
v 57.7537 5.2126 9.6364
v 56.1950 4.4382 9.4495
v 56.2142 11.7093 10.5506
v 56.2535 11.7592 4.5194
v 56.2489 10.2365 9.0496
v 56.2389 4.4710 9.3203
v 56.3251 4.4431 9.4366
v 56.3009 10.9872 4.3873
v 56.3050 11.5918 4.4248
v 56.3856 11.9101 4.9460
v 56.3267 10.1626 9.0774
v 56.3258 11.6694 10.5881
v 56.3696 10.5555 4.3388
v 56.4601 11.0074 4.3593
v 56.4369 10.8538 4.3534
v 56.3955 10.6990 4.3454
v 56.4160 11.8128 4.4388
v 56.4029 10.0868 9.1047
v 56.5274 11.9261 4.7266
v 56.4774 10.0093 9.1314
v 56.4283 11.8515 4.4875
v 56.3273 10.4424 9.0258
v 56.5503 9.9300 9.1577
v 56.5426 11.4095 10.6706
v 56.5621 11.3897 10.6777
v 56.5702 11.9211 4.7730
v 56.6139 11.4636 6.9514
v 56.6214 9.8491 9.1833
v 55.8867 4.4942 9.1215
v 56.8962 4.4525 9.5754
v 56.6234 11.3259 10.7003
v 56.6438 11.4059 7.0806
v 56.7114 11.6246 4.4048
v 56.6907 9.7664 9.2084
v 56.7674 8.1769 4.3514
v 56.7612 11.5155 6.6112
v 56.7530 11.5181 6.6172
v 56.7203 11.4932 6.7262
v 56.7641 11.3213 6.9533
v 56.7664 11.3222 7.1090
v 56.7581 9.6821 9.2329
v 56.7254 11.3299 10.7308
v 56.8224 4.7330 4.2979
v 56.8345 11.6148 4.4203
v 56.8195 13.3335 7.0904
v 56.9592 11.0956 7.2157
v 56.8993 12.8602 3.0427
v 56.8907 4.7330 4.3057
v 56.8630 8.1732 4.3629
v 56.9050 11.6084 4.4278
v 56.8796 9.5192 9.2772
v 56.9276 6.9393 2.8379
v 56.9594 5.6887 2.8640
v 56.9216 4.4382 2.8811
v 56.9483 10.4918 2.9657
v 57.5767 13.4377 3.6110
v 56.9227 4.4382 4.0074
v 56.9171 4.7330 4.3084
v 56.9588 8.8553 4.3846
v 56.9578 11.6033 4.4329
v 56.9487 9.4192 9.3026
v 57.0119 11.7117 10.5421
v 56.9968 6.9393 2.8468
v 56.9916 4.4382 2.8902
v 57.1105 12.9120 3.0710
v 56.9779 12.8644 3.0529
v 57.2503 13.0142 3.1021
v 57.0120 4.7330 4.3173
v 57.0020 11.5989 4.4368
v 57.0082 9.3285 9.3244
v 56.9762 11.8425 10.4257
v 57.0876 11.4829 10.6900
v 57.0664 11.1043 10.8362
v 57.0662 6.9393 2.8546
v 57.0291 5.6887 2.8724
v 57.0617 4.4382 2.8980
v 57.0446 10.3227 2.9709
v 57.0540 4.7330 4.3207
v 57.0592 8.1627 4.3810
v 57.0246 9.4911 6.7335
v 57.0655 9.2363 9.3456
v 57.1009 6.9393 2.8580
v 57.0993 5.9388 2.8752
v 57.0810 12.8602 3.0638
v 57.0771 4.4382 4.0217
v 57.1071 4.7330 4.3246
v 57.0813 11.5903 4.4428
v 57.1207 9.1426 9.3661
v 57.1357 6.9393 2.8611
v 57.1689 5.6887 2.8855
v 57.1320 4.4382 2.9046
v 57.1440 9.8997 2.9653
v 57.1536 4.4388 4.0398
v 57.1422 4.7241 4.3258
v 57.1512 8.1578 4.3870
v 56.9625 9.7467 9.2565
v 57.1549 9.0817 9.3789
v 57.1516 11.6512 10.5013
v 57.2053 6.9393 2.8664
v 57.2389 5.6887 2.8902
v 57.2024 4.4382 2.9099
v 57.2168 12.8602 3.0743
v 57.2306 4.4394 4.0580
v 57.4373 4.5385 4.2836
v 57.2022 4.7330 4.3301
v 57.2335 8.1531 4.3912
v 57.2918 11.7203 4.4916
v 57.2050 11.5758 4.4499
v 57.2039 10.9543 7.5304
v 57.1817 9.2001 9.3746
v 57.2231 8.9532 9.4044
v 57.2750 6.9393 2.8705
v 57.2728 4.4382 2.9141
v 57.2550 10.3227 2.9875
v 57.2628 4.4382 4.0326
v 57.2975 4.7330 4.3341
v 57.2937 11.5646 4.4532
v 57.2724 8.8532 9.4230
v 57.3099 6.9393 2.8721
v 57.3092 5.9388 2.8894
v 57.3434 4.4382 2.9170
v 57.3529 12.8602 3.0804
v 57.3476 8.1458 4.3949
v 57.3801 11.6044 4.4606
v 57.3409 13.2813 6.9532
v 57.1942 10.8589 7.7281
v 57.3183 8.7541 9.4405
v 57.3140 11.4542 10.5719
v 57.3791 5.6887 2.8960
v 57.3558 9.8997 2.9769
v 57.3919 12.8644 3.0815
v 57.3928 4.7330 4.3363
v 57.3911 11.5515 4.4553
v 57.4115 9.2320 9.2965
v 57.3617 8.6539 9.4571
v 57.4095 8.6171 9.4698
v 57.4026 8.5524 9.4729
v 57.3732 11.2909 10.6737
v 57.4146 6.9393 2.8750
v 57.4493 5.6887 2.8970
v 57.4139 4.4382 2.9186
v 57.4659 10.3227 2.9933
v 57.4582 12.9088 3.0862
v 57.4560 4.7241 4.3358
v 57.4425 8.8196 4.4080
v 57.4523 11.5430 4.4557
v 57.3652 9.1355 9.3766
v 57.4410 8.4499 9.4878
v 57.4635 11.2521 10.6374
v 57.5589 10.9174 10.8166
v 57.5193 6.9393 2.8752
v 57.5195 5.9388 2.8925
v 57.4845 4.4382 2.9191
v 57.5229 12.8644 3.0820
v 57.4881 4.7330 4.3369
v 57.5122 11.5580 4.4580
v 57.4730 9.1151 9.3213
v 57.4938 9.0738 9.3298
v 57.5225 8.3021 9.5141
v 57.5103 8.2422 9.5152
v 57.8925 4.5981 9.7341
v 57.5238 11.1431 10.6811
v 57.8162 9.9167 11.1058
v 57.5542 6.9393 2.8746
v 57.5550 4.4382 2.9183
v 57.5762 10.3227 2.9921
v 57.5573 12.8602 3.0814
v 57.5457 4.7330 4.3365
v 57.5446 8.1308 4.3956
v 57.5311 8.9969 9.3450
v 57.5439 8.9698 9.3502
v 57.5795 8.2734 9.5280
v 57.6240 6.9393 2.8726
v 57.5897 5.6887 2.8954
v 57.6256 4.4382 2.9163
v 57.6254 12.8602 3.0795
v 57.5834 4.7330 4.3358
v 57.6327 8.1244 4.3936
v 57.5858 11.5234 4.4543
v 57.5860 8.8768 9.3675
v 57.5558 8.8084 9.4187
v 57.7929 4.5204 9.7851
v 57.6029 11.0414 10.6991
v 57.6114 9.5619 11.0850
v 57.6598 5.6887 2.8928
v 57.6855 9.8997 2.9731
v 57.7304 12.9024 3.0774
v 57.6787 4.7330 4.3331
v 57.5557 11.5764 4.4596
v 57.6831 11.5083 4.4513
v 57.5824 10.3395 8.1541
v 57.6376 8.7551 9.3887
v 57.6621 8.6938 9.3989
v 57.6856 8.6324 9.4087
v 57.7285 6.9393 2.8673
v 57.7296 5.9388 2.8846
v 57.6961 4.4382 2.9130
v 57.7303 12.8644 3.0745
v 57.7097 4.7330 4.3318
v 57.7178 8.6016 4.3989
v 57.7779 11.5459 4.4521
v 57.9290 9.7603 8.3544
v 57.5658 8.5650 9.4978
v 57.7300 8.5088 9.4274
v 57.7316 10.8226 10.7566
v 57.7476 10.6847 10.8337
v 57.7764 10.4483 10.9378
v 57.7421 7.6382 11.1827
v 57.7634 6.9393 2.8650
v 57.7999 5.6887 2.8839
v 57.7665 4.4382 2.9085
v 57.7870 10.3227 2.9814
v 57.7717 4.4387 4.0386
v 57.7739 4.7330 4.3287
v 57.7804 11.4927 4.4465
v 57.7560 8.4305 9.4384
v 57.7709 8.3838 9.4448
v 57.7394 8.2975 9.4940
v 57.7618 7.3074 11.1979
v 58.0821 7.1008 11.2049
v 57.8330 6.9393 2.8593
v 57.8369 4.4382 2.9028
v 57.8293 12.8602 3.0672
v 57.8516 4.4382 4.0232
v 57.8165 8.1090 4.3851
v 57.8228 11.4858 4.4439
v 57.8082 8.2580 9.4608
v 57.8419 8.1314 9.4756
v 57.8230 8.2038 9.4674
v 57.8440 10.6060 10.8076
v 57.9024 6.9393 2.8524
v 57.8698 5.6887 2.8776
v 57.9071 4.4382 2.8959
v 57.8970 9.8997 2.9567
v 57.9520 12.9612 3.0659
v 57.8690 4.7330 4.3226
v 57.9174 8.1001 4.3777
v 57.8870 11.4994 4.4419
v 57.8926 9.4886 5.9919
v 57.9371 6.9393 2.8486
v 57.9391 5.9388 2.8658
v 57.9649 12.8602 3.0535
v 57.9640 4.7330 4.3149
v 57.9459 11.4651 4.4345
v 57.9442 10.3857 10.8537
v 58.0084 9.2412 11.1709
v 58.0093 5.6887 2.8614
v 57.9772 4.4382 2.8877
v 57.9969 10.3227 2.9600
v 58.0060 4.4382 4.0095
v 58.0291 8.0910 4.3674
v 58.0847 9.5265 8.5167
v 58.0043 5.0924 9.5820
v 58.0410 6.9393 2.8351
v 58.0788 5.6887 2.8514
v 58.0471 4.4382 2.8783
v 58.0670 12.8644 3.0403
v 58.0688 11.4438 4.4223
v 58.0647 4.9789 9.5969
v 57.9068 4.4479 9.9487
v 58.0374 10.0620 10.9352
v 58.0714 10.0038 10.9326
v 58.1100 6.9393 2.8246
v 58.1169 4.4382 2.8677
v 58.1160 10.3227 2.9430
v 58.0934 12.9994 3.0555
v 58.1130 8.0838 4.3581
v 58.0952 4.9333 9.6042
v 58.1118 4.9107 9.6081
v 57.8987 4.9153 9.6910
v 58.1444 6.9393 2.8189
v 58.1473 5.9388 2.8360
v 58.1865 4.4382 2.8559
v 58.1672 12.8602 3.0247
v 58.1635 4.4394 4.0177
v 58.3937 4.5026 4.1909
v 58.1914 11.4219 4.4074
v 58.2474 6.9393 2.8000
v 58.2171 5.6887 2.8279
v 58.2559 4.4382 2.8428
v 58.2119 9.8997 2.9117
v 58.2714 12.9079 3.0095
v 58.2480 4.7330 4.2818
v 58.2024 8.5539 4.3553
v 57.9772 11.6187 4.4724
v 58.2860 5.6887 2.8143
v 58.2717 12.8644 3.0060
v 58.3058 8.7331 4.3437
v 58.2594 11.4346 4.4007
v 58.2510 8.9530 11.0657
v 58.3034 8.4134 11.0614
v 58.3499 6.9393 2.7784
v 58.3537 5.9388 2.7953
v 58.3250 4.4382 2.8286
v 58.3235 10.3227 2.9048
v 58.3461 12.9387 2.9989
v 58.3133 4.4382 3.9683
v 58.3423 4.7330 4.2675
v 58.3136 11.3997 4.3898
v 58.4092 13.1347 6.6768
v 58.3152 4.7087 9.6546
v 58.3387 4.6914 9.6599
v 58.3839 6.9393 2.7706
v 58.4230 5.6887 2.7836
v 58.3938 4.4382 2.8131
v 58.4000 12.8644 2.9791
v 58.3989 8.0567 4.3168
v 58.3892 4.6569 9.6711
v 58.4154 4.6405 9.6769
v 58.4518 6.9393 2.7542
v 58.4624 4.4382 2.7965
v 58.4311 10.3227 2.8806
v 58.4561 12.8598 2.9658
v 58.0833 13.3385 3.3029
v 58.4710 4.4394 3.9670
v 58.4362 4.7330 4.2515
v 58.4354 11.3772 4.3695
v 58.4939 13.2146 6.3108
v 58.4374 4.6273 9.6817
v 58.5193 6.9393 2.7365
v 58.4910 5.6887 2.7664
v 58.5307 4.4382 2.7786
v 58.5336 9.8997 2.8395
v 58.5005 12.8602 2.9551
v 58.5348 4.4387 3.9372
v 58.5299 4.7330 4.2339
v 58.4997 7.3855 4.2867
v 58.4962 4.5951 9.6946
v 58.5238 4.5813 9.7007
v 58.5529 6.9393 2.7272
v 58.5576 5.9388 2.7439
v 58.5619 13.0331 2.9684
v 58.5557 4.7330 4.2288
v 58.5775 8.0410 4.2831
v 58.5567 11.3545 4.3464
v 58.5892 13.1275 6.4086
v 58.3952 9.4393 6.3847
v 58.5519 4.5681 9.7068
v 58.6262 5.6887 2.7286
v 58.5987 4.4382 2.7596
v 58.6351 10.3227 2.8263
v 58.6779 12.9071 2.9098
v 58.6012 12.8644 2.9285
v 58.6175 4.4382 3.9087
v 58.6233 4.7330 4.2147
v 58.6475 11.3374 4.3274
v 58.7670 11.6350 4.4756
v 58.6226 7.6332 10.8236
v 58.6534 6.9393 2.6977
v 58.6933 5.6887 2.7079
v 58.6663 4.4382 2.7394
v 58.6840 4.7330 4.2013
v 58.6963 9.2992 4.2801
v 58.7427 10.9566 4.3005
v 58.6874 11.0760 6.6293
v 58.6539 12.8741 7.0438
v 58.3609 4.4977 9.8406
v 58.7531 6.9393 2.6655
v 58.7199 6.9393 2.6765
v 58.7586 5.9388 2.6819
v 58.7335 4.4382 2.7180
v 58.7371 9.8997 2.7794
v 58.7269 12.8644 2.8914
v 58.7163 4.7330 4.1938
v 58.7522 10.7101 4.2936
v 58.7433 10.6463 4.2935
v 58.5605 12.9653 6.7649
v 58.7365 4.4994 9.7465
v 57.9655 4.4382 10.0271
v 58.7861 6.9393 2.6542
v 58.8004 4.4382 2.6954
v 58.8968 12.9384 2.8435
v 58.7997 12.8644 2.8680
v 58.8089 4.7330 4.1713
v 58.9327 10.4822 4.2780
v 58.7802 9.3161 4.2607
v 58.7833 4.4826 9.7703
v 58.8005 4.4384 9.9331
v 58.8518 6.9393 2.6307
v 58.8263 5.6887 2.6630
v 58.8669 4.4382 2.6717
v 58.8360 10.3227 2.7617
v 58.8434 4.7330 4.1625
v 58.9172 6.9393 2.6061
v 58.8922 5.6887 2.6388
v 58.9234 12.8644 2.8248
v 58.9305 4.7241 4.1381
v 58.9011 4.7330 4.1472
v 58.8725 9.3973 4.2393
v 58.8924 9.1445 4.2293
v 58.8871 10.9512 6.6151
v 58.9497 6.9393 2.5934
v 58.9561 5.9388 2.6095
v 58.9329 4.4382 2.6468
v 58.9489 10.3227 2.7202
v 58.9873 12.8654 2.8008
v 58.8824 13.4391 3.4580
v 58.9535 7.3799 4.1806
v 59.0581 9.4346 4.2539
v 58.8815 11.5124 4.8404
v 58.9542 9.4393 5.5306
v 58.8091 12.7298 7.4790
v 59.0227 5.6887 2.5871
v 59.0357 9.8997 2.6699
v 58.9985 4.4382 2.6208
v 59.0259 12.8602 2.7856
v 59.0190 12.8602 2.7883
v 58.9929 4.7330 4.1215
v 59.0381 6.9387 4.1482
v 59.2587 9.4188 4.3080
v 58.9894 9.1455 4.2025
v 59.1972 13.1649 5.8714
v 59.0465 6.9393 2.5535
v 59.0872 5.6887 2.5595
v 59.0636 4.4382 2.5936
v 59.0821 12.8602 2.7628
v 59.0659 4.4382 3.7854
v 59.0842 4.7330 4.0942
v 59.0582 4.4420 9.8146
v 59.1422 6.9393 2.5111
v 59.1495 5.9388 2.5268
v 59.1283 4.4382 2.5653
v 59.1439 10.3227 2.6396
v 59.1886 12.9444 2.7266
v 59.1449 12.8602 2.7362
v 59.1404 6.9387 4.1168
v 59.1210 13.3942 4.7266
v 59.1364 13.3893 4.7607
v 59.1070 9.4393 6.2986
v 58.9491 12.5409 7.2444
v 59.1808 12.2121 7.4937
v 60.7165 8.8026 9.0447
v 59.1739 6.9393 2.4964
v 59.1924 4.4382 2.5359
v 59.2126 4.4382 3.7354
v 59.1751 4.7330 4.0653
v 59.2570 9.5362 4.5387
v 59.1675 13.3848 4.7650
v 59.2054 13.3722 4.8386
v 59.1886 9.4910 4.8725
v 59.2368 6.9393 2.4662
v 59.2148 5.6887 2.5009
v 59.2561 4.4382 2.5053
v 59.2297 9.8997 2.5841
v 59.5265 13.1180 2.6342
v 59.2690 12.8602 2.6801
v 59.3422 4.5032 3.9315
v 59.2654 4.7330 4.0349
v 59.2278 7.3799 4.0963
v 59.2457 13.3579 4.9232
v 59.2193 12.2474 7.5538
v 59.2992 6.9393 2.4348
v 59.2778 5.6887 2.4700
v 59.3191 4.4382 2.4737
v 59.3136 4.7330 4.0178
v 59.3169 6.6236 4.0516
v 60.3832 9.3885 3.7510
v 59.3302 6.9393 2.4188
v 59.3383 5.9388 2.4341
v 59.3817 4.4382 2.4409
v 59.3346 10.3227 2.5491
v 59.3609 12.8654 2.6355
v 59.3578 4.4382 3.6810
v 59.3552 4.7330 4.0028
v 59.3817 9.1445 4.0751
v 59.3502 9.1455 4.0864
v 59.2692 11.0888 7.4528
v 59.1715 12.3921 7.7710
v 59.4223 6.9393 2.3690
v 59.4022 5.6887 2.4049
v 59.4323 10.3227 2.4980
v 59.4225 12.8644 2.6039
v 59.3913 12.8602 2.6200
v 59.4081 7.3799 4.0323
v 59.3271 13.3353 5.0028
v 59.3929 13.3105 5.1016
v 59.4286 10.9523 6.1618
v 59.4830 6.9393 2.3345
v 59.4635 5.6887 2.3707
v 59.4436 4.4382 2.4071
v 59.4445 4.7330 3.9691
v 59.4923 6.9387 3.9916
v 59.4328 13.4276 4.0332
v 59.2542 13.1314 4.3947
v 59.4232 13.0787 4.6674
v 59.3923 11.0780 7.5155
v 59.3999 12.2023 7.8109
v 59.5131 6.9393 2.3168
v 59.5219 5.9388 2.3317
v 59.5049 4.4382 2.3722
v 59.5218 9.8997 2.4312
v 59.5376 12.8644 2.5415
v 59.5013 4.4382 3.6223
v 59.5331 4.7330 3.9340
v 59.5407 13.2516 5.2801
v 59.5421 10.9502 6.0773
v 59.4300 10.9817 7.3925
v 59.6025 6.9393 2.2622
v 59.5842 5.6887 2.2991
v 59.5656 4.4382 2.3362
v 59.6587 12.9900 2.4898
v 59.5998 7.2538 3.9538
v 59.5742 13.0413 4.8516
v 59.6080 13.0277 5.6383
v 59.6613 6.9393 2.2246
v 59.6437 5.6887 2.2618
v 59.6257 4.4382 2.2992
v 59.6153 10.3227 2.3929
v 59.6589 12.8654 2.4706
v 59.6428 4.4382 3.5593
v 59.6211 4.7330 3.8973
v 59.6108 13.0179 4.8946
v 59.6638 11.7372 7.4642
v 59.6904 6.9393 2.2054
v 59.7000 5.9388 2.2198
v 59.6852 4.4382 2.2611
v 59.7171 10.3227 2.3289
v 59.7159 12.8644 2.4352
v 59.6879 12.8602 2.4527
v 59.4202 13.4226 3.1048
v 59.7084 4.7330 3.8590
v 59.6913 7.3799 3.9170
v 59.6128 13.0830 4.9132
v 59.7201 11.7372 7.4176
v 59.7768 6.9393 2.1462
v 59.7605 5.6887 2.1840
v 59.7439 4.4382 2.2220
v 59.7590 12.9041 2.4111
v 59.7689 4.7330 3.8315
v 59.7769 6.9387 3.8700
v 59.8179 5.6887 2.1436
v 59.8020 4.4382 2.1819
v 59.7911 9.8997 2.2619
v 59.8257 12.8644 2.3637
v 59.9496 13.4377 2.9486
v 59.7950 4.7330 3.8193
v 60.5705 13.3380 3.6344
v 59.8617 6.9393 2.0848
v 59.8720 5.9388 2.0987
v 59.8593 4.4382 2.1408
v 59.8431 12.9370 2.3613
v 60.4988 4.5281 3.3710
v 59.8480 13.4224 3.7829
v 59.8809 4.7330 3.7781
v 59.8650 7.3799 3.8370
v 59.9449 6.9393 2.0212
v 59.9305 5.6887 2.0598
v 59.9159 4.4382 2.0987
v 59.8911 10.3227 2.2095
v 59.9425 12.8654 2.2821
v 59.9451 6.9387 3.7890
v 59.9165 4.7330 3.7604
v 60.4276 11.0282 3.9262
v 59.8068 11.9832 7.8317
v 59.9994 6.9393 1.9776
v 59.9858 5.6887 2.0165
v 59.9718 4.4382 2.0556
v 59.9630 9.8997 2.1376
v 59.9949 12.8644 2.2435
v 59.9660 4.7330 3.7353
v 60.0977 9.1880 3.7581
v 60.0056 11.0028 5.6001
v 59.9877 10.9515 5.7034
v 60.0017 11.7372 7.1844
v 59.9532 9.1775 7.2269
v 60.0531 6.9393 1.9331
v 60.0264 6.9393 1.9555
v 60.0374 5.9388 1.9688
v 60.0269 4.4382 2.0115
v 60.0236 12.9068 2.2267
v 60.0552 4.4382 3.3453
v 60.0354 6.9387 3.7425
v 60.0504 4.7330 3.6911
v 60.1198 10.9639 5.3622
v 60.0580 11.7371 7.1378
v 60.1061 6.9393 1.8876
v 60.0938 5.6887 1.9269
v 60.0813 4.4382 1.9665
v 60.0587 10.3227 2.0813
v 60.0783 12.8602 2.1793
v 60.0620 4.7330 3.6849
v 60.1104 6.9387 3.7023
v 60.1583 6.9393 1.8412
v 60.1467 5.6887 1.8807
v 60.1348 4.4382 1.9205
v 60.1437 10.3227 2.0109
v 60.1515 12.9601 2.1351
v 60.1314 12.8602 2.1367
v 60.1340 4.7330 3.6455
v 60.1841 6.9393 1.8177
v 60.1958 5.9388 1.8304
v 60.1876 4.4382 1.8736
v 60.2169 9.8997 1.9272
v 60.1684 13.4216 2.6787
v 60.5336 4.4412 3.0819
v 60.2168 4.7330 3.5984
v 60.2039 6.9387 3.6501
v 60.1934 9.1455 3.7003
v 60.2120 9.4392 4.0233
v 60.2313 10.9393 5.4326
v 60.1026 11.8690 7.1655
v 60.2601 6.9393 1.7457
v 60.2500 5.6887 1.7856
v 60.2395 4.4382 1.8258
v 60.2575 12.8644 2.0299
v 60.2399 9.1471 3.6741
v 60.2575 9.4392 4.0031
v 60.0068 11.0459 5.1768
v 60.3343 6.9393 1.6718
v 60.3003 5.6887 1.7367
v 60.2906 4.4382 1.7771
v 60.3008 10.3227 1.8700
v 60.3144 12.8644 1.9788
v 60.2862 7.3799 3.6110
v 60.3031 9.4393 3.9828
v 60.3396 11.7371 6.9046
v 60.3586 6.9393 1.6468
v 60.3467 5.9388 1.6840
v 60.3901 4.4382 1.6770
v 60.3408 4.4382 1.7275
v 60.3710 9.8997 1.7814
v 60.4623 12.9108 1.8426
v 60.3619 12.8654 1.9347
v 60.3959 11.7371 6.8579
v 60.4066 6.9393 1.5960
v 60.4462 5.6887 1.5849
v 60.3985 5.6887 1.6364
v 60.4386 4.4382 1.6257
v 60.4505 10.3227 1.7213
v 60.3015 13.0097 2.0212
v 60.4097 12.8644 1.8888
v 60.4470 4.4382 3.0949
v 60.4522 11.7371 6.8113
v 60.4199 4.6835 7.9477
v 60.4997 6.9393 1.4920
v 60.4768 6.9393 1.5183
v 60.4898 5.9388 1.5298
v 60.4861 4.4382 1.5735
v 60.5071 12.8654 1.7908
v 60.4908 8.9407 6.9255
v 60.4636 5.0873 7.5476
v 60.5592 6.9393 -1.3466
v 60.5518 6.9393 -1.2882
v 60.5484 6.9393 -1.2591
v 60.5377 6.9393 -1.1567
v 60.5314 6.9393 -1.0836
v 60.5271 6.9393 -1.0249
v 60.5199 6.9393 -0.8929
v 60.5175 6.9393 -0.8196
v 60.5162 6.9393 -0.7607
v 60.5159 6.9393 -0.7314
v 60.5160 6.9393 -0.6285
v 60.5174 6.9393 -0.5551
v 60.5192 6.9393 -0.4963
v 60.5204 6.9393 -0.4670
v 60.5250 6.9393 -0.3790
v 60.5259 6.9393 -0.3642
v 60.5311 6.9393 -0.2911
v 60.5360 6.9393 -0.2324
v 60.5496 6.9393 -0.1008
v 60.5586 6.9393 -0.0281
v 60.5449 6.9393 1.4388
v 60.5389 5.6887 1.4795
v 60.5327 4.4382 1.5206
v 60.5323 10.3227 1.6332
v 60.5547 12.8644 1.7404
v 60.5186 4.4387 3.0562
v 60.5397 4.7330 3.3955
v 60.5216 6.9387 3.4538
v 60.5522 9.1858 3.4826
v 60.5495 8.8114 6.9473
v 60.5185 4.9915 7.5563
v 60.5503 4.9460 7.5614
v 60.6145 6.9393 -1.6798
v 60.6006 6.9393 -1.6078
v 60.5902 6.9393 -1.5498
v 60.5853 6.9393 -1.5210
v 60.5693 6.9393 -1.4192
v 60.5666 6.9393 0.0303
v 60.5871 6.9393 0.1609
v 60.5999 6.9393 0.2331
v 60.6109 6.9393 0.2910
v 60.6167 6.9393 0.3197
v 60.6110 6.9393 1.3575
v 60.5892 6.9393 1.3848
v 60.5839 5.6887 1.4257
v 60.5784 4.4382 1.4668
v 60.5874 9.8997 1.5483
v 60.5821 12.9276 1.7193
v 59.9393 13.3453 2.7040
v 60.6181 4.7330 3.3413
v 60.6082 7.3799 3.4043
v 60.5958 9.1455 3.4503
v 60.6036 8.6841 6.9669
v 60.5854 4.9015 7.5670
v 60.6771 6.9393 -1.9519
v 60.6734 6.9393 -1.9376
v 60.6557 6.9393 -1.8664
v 60.6423 6.9393 -1.8090
v 60.6382 6.9393 0.4204
v 60.6548 6.9393 0.4918
v 60.6688 6.9393 0.5490
v 60.6749 6.9393 1.2746
v 60.6710 5.6887 1.3156
v 60.6325 6.9393 1.3301
v 60.6246 5.9388 1.3683
v 60.6670 4.4382 1.3569
v 60.6232 4.4382 1.4122
v 60.6696 10.3227 1.4729
v 60.6424 12.8644 1.6431
v 60.6753 6.9387 3.3477
v 60.6736 9.1455 3.3962
v 60.6379 9.1471 3.4215
v 60.8262 9.2612 3.3147
v 60.6775 11.7371 6.6247
v 60.6489 8.5689 6.9829
v 60.6834 8.9800 9.0535
v 60.7242 6.9393 -2.1218
v 60.7078 6.9393 -2.0652
v 60.6999 6.9393 -2.0371
v 60.7247 4.4697 -1.2784
v 60.7218 9.4858 -1.2049
v 60.7076 4.4697 -1.1166
v 60.7249 4.1169 -1.0227
v 60.7011 9.4858 -0.9481
v 60.7298 3.9758 -0.9402
v 60.7163 4.1169 -0.8602
v 60.6892 4.4697 -0.7697
v 60.6940 9.4858 -0.6907
v 60.6891 4.4697 -0.6070
v 60.7251 9.9102 -0.5702
v 60.7161 4.1169 -0.5158
v 60.7298 9.9102 -0.4428
v 60.7296 3.9758 -0.4339
v 60.7245 4.1169 -0.3533
v 60.7071 4.4697 -0.2600
v 60.7240 4.4697 -0.0982
v 60.7028 6.9393 0.6768
v 60.7231 6.9393 0.7472
v 60.7162 6.9393 1.2184
v 60.7131 5.6887 1.2594
v 60.7098 4.4382 1.3008
v 60.6923 12.8644 1.5850
v 60.6956 4.7330 3.2857
v 60.7149 9.1471 3.3670
v 60.7338 11.7371 6.5781
v 60.7867 6.9393 -2.3176
v 60.7456 6.9393 -2.1919
v 60.7792 4.4697 -1.6215
v 60.7865 4.1169 -1.5259
v 60.7844 9.9102 -1.4494
v 60.7828 3.9758 -1.4437
v 60.7610 4.1169 -1.3652
v 60.7659 9.9102 -1.3233
v 60.7725 3.6466 -1.1896
v 60.7692 10.3346 -1.0751
v 60.7552 10.3346 -0.8185
v 60.7461 3.6466 -0.6869
v 60.7379 9.9102 -0.3141
v 60.7496 9.9102 -0.1857
v 60.7722 3.6466 -0.1842
v 60.7644 9.9102 -0.0591
v 60.7603 4.1169 -0.0108
v 60.7822 3.9758 0.0696
v 60.7856 4.1169 0.1500
v 60.7780 4.4697 0.2450
v 60.7401 6.9393 0.8036
v 60.7488 6.9393 0.8315
v 60.7760 6.9393 0.9154
v 60.7808 6.9393 0.9295
v 60.7366 6.9393 1.1900
v 60.7507 5.9388 1.2000
v 60.7516 4.4382 1.2439
v 60.7380 10.3227 1.3864
v 60.7751 12.8644 1.4835
v 60.7705 12.9391 1.5011
v 61.1399 4.5242 2.7586
v 60.7721 4.7330 3.2288
v 60.7529 6.6236 3.2843
v 60.7525 4.7330 3.2436
v 60.7505 9.1455 3.3408
v 60.7348 8.3264 7.0115
v 60.7472 8.6154 9.0304
v 60.7479 8.5141 9.0028
v 60.8362 6.9393 -2.4561
v 60.8061 6.9393 -2.3732
v 60.8131 4.4697 -1.7807
v 60.8318 9.9102 -1.7029
v 60.8064 9.9102 -1.5765
v 60.8318 10.3346 0.1798
v 60.7989 9.4858 0.3201
v 60.8117 4.4697 0.4042
v 60.8047 6.9393 0.9988
v 60.8374 6.7351 1.0474
v 60.7960 6.9393 1.1038
v 60.7944 5.6887 1.1449
v 60.8323 4.4382 1.1281
v 60.7925 4.4382 1.1864
v 60.7919 9.8997 1.2897
v 60.8174 12.8654 1.4291
v 60.7965 12.8602 1.4560
v 60.8399 7.3799 3.2349
v 60.8145 4.7241 3.1951
v 60.8264 9.1455 3.2841
v 60.8154 10.9393 3.9465
v 60.8104 8.0718 7.0349
v 60.8440 4.4983 8.0052
v 60.9009 6.9393 -2.6201
v 60.8787 6.9393 -2.5655
v 60.8679 6.9393 -2.5384
v 60.9031 4.4697 -2.1163
v 60.9003 4.1169 -2.0200
v 60.8614 9.4858 -1.9516
v 60.8881 3.9758 -1.9388
v 60.8582 4.1169 -1.8628
v 60.8603 9.9102 -1.8272
v 60.8512 3.6466 -1.6867
v 60.9016 2.0002 -1.3014
v 60.8915 2.0002 -1.2199
v 60.8829 2.0002 -1.1382
v 60.8757 2.0002 -1.0564
v 60.8774 1.9573 -1.0042
v 60.8699 2.0002 -0.9745
v 60.8656 2.0002 -0.8925
v 60.8791 1.9131 -0.8609
v 60.8627 2.0002 -0.8104
v 60.8654 1.9606 -0.6797
v 60.8612 2.0002 -0.7283
v 60.8612 2.0002 -0.6462
v 60.8836 1.9050 -0.4163
v 60.8626 2.0002 -0.5640
v 60.8654 2.0002 -0.4820
v 60.8697 2.0002 -0.4000
v 60.8754 2.0002 -0.3180
v 60.8811 1.9548 -0.3131
v 60.8825 2.0002 -0.2362
v 60.8911 2.0002 -0.1545
v 60.9011 2.0002 -0.0730
v 60.8506 3.6466 0.3130
v 60.8847 10.3346 0.4312
v 60.8569 4.1169 0.4869
v 60.8587 9.4858 0.5706
v 60.8872 3.9758 0.5648
v 60.8988 4.1169 0.6442
v 60.9013 4.4697 0.7399
v 60.8775 7.7613 1.0314
v 60.8605 6.3140 1.0249
v 60.8662 6.1611 1.0091
v 60.8887 5.8000 0.9970
v 60.8947 5.6887 0.9909
v 60.8733 5.5451 1.0296
v 60.8711 4.4382 1.0692
v 60.8624 10.3227 1.2159
v 60.8476 4.7330 3.1706
v 60.9014 9.1455 3.2261
v 60.8659 9.1471 3.2540
v 60.8484 7.7162 8.9040
v 60.9295 6.9393 -2.6876
v 60.9534 4.4697 -2.2710
v 60.9349 9.4858 -2.1984
v 60.9537 10.3346 -2.0592
v 60.9559 2.0002 -1.6253
v 60.9464 2.0002 -1.5775
v 60.9402 2.0002 -1.5447
v 60.9318 1.8824 -1.3583
v 60.9259 2.0002 -1.4638
v 60.9130 2.0002 -1.3827
v 60.8977 1.9195 -1.1497
v 60.9362 12.8832 -0.8950
v 60.9451 12.9703 -0.8485
v 60.9317 12.8832 -0.7321
v 60.9414 12.8832 -0.3822
v 60.9666 13.0193 -0.3108
v 60.9485 12.8832 -0.2888
v 60.9125 2.0002 0.0083
v 60.9378 1.9178 0.0854
v 60.9253 2.0002 0.0894
v 60.9395 2.0002 0.1703
v 60.9551 2.0002 0.2509
v 60.9198 9.9102 0.6789
v 60.9574 9.9102 0.8008
v 60.9288 5.0634 0.9561
v 60.9305 5.0311 0.9543
v 60.9390 4.8738 0.9454
v 60.9456 4.4382 0.9493
v 60.9185 8.4196 1.0093
v 60.9089 4.4382 1.0095
v 60.9062 9.6577 1.1088
v 60.9566 12.8602 1.2355
v 60.8522 13.0349 1.4277
v 60.9179 12.8602 1.2916
v 60.9220 4.7330 3.1111
v 60.9096 6.9387 3.1704
v 60.9890 9.1867 3.1600
v 60.9209 4.6316 7.6172
v 61.0086 6.9393 -2.8616
v 60.9835 6.9393 -2.8083
v 60.9713 6.9393 -2.7817
v 61.0067 4.1169 -2.3475
v 60.9814 3.6466 -2.1730
v 61.0114 2.0002 -1.8653
v 60.9915 2.0002 -1.7856
v 60.9801 2.0002 -1.7370
v 60.9730 2.0002 -1.7056
v 60.9653 12.8832 -1.2439
v 60.9321 1.8168 -0.6559
v 60.9722 2.0002 0.3313
v 60.9906 2.0002 0.4113
v 61.0031 1.9998 0.4617
v 61.0105 2.0002 0.4910
v 60.9804 3.6466 0.7993
v 61.0123 10.0492 0.9330
v 61.0099 9.8998 0.9579
v 60.9845 9.4871 0.9725
v 60.9696 4.4382 0.9404
v 60.9987 4.4382 1.0204
v 60.9989 11.0155 1.0511
v 61.0631 12.9659 1.0923
v 60.9943 12.8602 1.1788
v 60.9677 12.8602 1.2190
v 61.1184 4.4394 2.5675
v 60.9954 4.7330 3.0502
v 60.9892 7.3799 3.1154
v 61.0130 9.1471 3.1360
v 61.1735 11.0180 3.4269
v 61.0153 11.7371 6.3449
v 61.0019 6.9393 8.8765
v 61.0551 6.9393 -2.9618
v 61.0722 7.4961 -2.9035
v 61.0711 7.4596 -2.9070
v 61.0690 7.3908 -2.9136
v 61.0654 7.2733 -2.9270
v 61.0633 7.2076 -2.9321
v 61.0552 7.0889 -2.9332
v 61.0406 6.9393 -2.9275
v 61.0380 8.2450 -2.7069
v 61.0479 9.1811 -2.5646
v 61.0443 4.4697 -2.5142
v 61.0686 3.6466 -2.4188
v 61.0336 10.3346 -2.3034
v 61.0554 2.0002 -2.0236
v 61.0327 2.0002 -1.9446
v 61.0193 2.0002 -1.8952
v 61.0205 12.8832 -1.5896
v 61.0206 12.8832 0.2189
v 61.0404 1.8865 0.5097
v 61.0317 2.0002 0.5703
v 61.0481 1.9976 0.6276
v 61.0543 2.0002 0.6493
v 61.1709 1.8059 0.8242
v 61.0312 12.8602 1.1215
v 61.0291 4.4382 1.0999
v 61.0610 4.4382 1.1788
v 61.0677 4.7330 2.9882
v 61.0534 6.9387 3.0513
v 61.0482 9.1455 3.1063
v 61.0716 11.7371 6.2982
v 60.7352 11.9270 6.7021
v 61.0399 4.5744 7.6320
v 61.0873 6.9393 -3.0193
v 61.0734 7.5326 -2.9001
v 61.1222 9.1192 -2.7450
v 61.1127 8.8104 -2.7757
v 61.1028 4.1169 -2.5905
v 61.1048 2.0002 -2.1802
v 61.0794 2.0002 -2.1021
v 61.0747 1.7346 -0.4674
v 61.2475 13.1671 0.9330
v 61.1018 12.8832 0.5595
v 61.0783 2.0002 0.7278
v 60.9739 4.4207 0.9035
v 61.1005 11.3800 0.9039
v 61.0911 11.2251 0.9096
v 61.0786 11.7218 0.9660
v 61.0897 2.8129 0.9382
v 61.1020 12.8602 1.0052
v 61.1085 2.9754 1.0214
v 61.0942 4.4382 1.2572
v 61.0935 4.7300 2.9652
v 61.1201 9.1455 3.0445
v 61.0527 9.1863 3.1063
v 59.7924 12.0020 7.7927
v 61.1137 8.4484 6.6496
v 61.1051 5.0373 7.0426
v 61.1046 10.2157 8.3245
v 61.1176 6.0095 8.7596
v 61.1715 6.9393 -3.1742
v 61.1287 6.9393 -3.0972
v 61.1691 4.1169 -2.7391
v 61.1542 10.1606 -2.6392
v 61.1435 3.9758 -2.6592
v 61.1700 10.6780 -2.5852
v 61.1923 1.9404 -2.3931
v 61.1597 2.0002 -2.3350
v 61.0933 1.9269 -2.1155
v 61.1316 2.0002 -2.2578
v 61.1775 12.8832 -2.1752
v 61.1483 12.8832 -2.0863
v 61.1441 1.7500 -1.7363
v 61.0246 1.7528 -1.0758
v 61.1349 1.7248 -1.1226
v 61.1302 1.7248 -1.0714
v 61.1337 1.7237 -1.0195
v 61.1302 1.7237 -0.9683
v 61.1350 1.7228 -0.9167
v 61.1326 1.7228 -0.8655
v 61.1308 1.7228 -0.8142
v 61.1290 1.7228 -0.7117
v 61.1290 1.7228 -0.6605
v 61.1296 1.7228 -0.6092
v 61.1308 1.7228 -0.5580
v 61.1326 1.7228 -0.5068
v 61.1349 1.7228 -0.4556
v 61.1301 1.7237 -0.4039
v 61.1336 1.7237 -0.3527
v 61.1300 1.7248 -0.3008
v 61.1384 12.2372 0.8970
v 61.1303 2.0002 0.8836
v 61.1519 1.9976 0.9432
v 61.1352 12.8632 0.9479
v 61.1584 2.0002 0.9608
v 61.1688 2.0002 0.9883
v 61.1489 2.8129 1.0930
v 61.1707 2.9754 1.1757
v 61.1288 4.4382 1.3349
v 61.1647 4.4382 1.4120
v 61.1389 4.7330 2.9248
v 61.1302 6.6236 2.9769
v 61.1560 9.1471 3.0130
v 61.1700 9.0517 6.2979
v 61.1378 4.5365 7.6437
v 61.2156 6.9393 -3.2506
v 61.1859 4.4697 -2.8314
v 61.1955 11.5101 -2.4961
v 61.2200 2.0002 -2.4878
v 61.2130 12.0808 -2.4332
v 61.1892 2.0002 -2.4116
v 61.1923 1.7237 -1.4777
v 61.1912 1.7228 -1.4258
v 61.1906 1.7220 -1.3740
v 61.1907 1.7215 -1.3223
v 61.1850 1.7212 -1.2201
v 61.1869 1.7211 -1.1686
v 61.1867 1.7211 -0.2036
v 61.1858 1.7212 -0.1779
v 61.1912 1.7212 -0.1015
v 61.1905 1.7215 -0.0499
v 61.1904 1.7220 0.0018
v 61.1909 1.7228 0.0536
v 61.1921 1.7237 0.1055
v 61.1863 1.7261 0.1589
v 61.0385 1.7640 0.0081
v 61.1903 12.8602 0.8472
v 61.1884 1.9976 1.0386
v 61.2136 2.0006 1.1020
v 61.2135 2.8129 1.2458
v 61.2020 4.4382 1.4886
v 61.2406 4.4382 1.5644
v 61.3795 4.4384 2.2791
v 61.2090 4.7330 2.8603
v 61.2260 9.1471 2.9498
v 61.2052 7.3799 2.9266
v 61.1909 9.1455 2.9815
v 61.1962 8.1978 6.6751
v 61.2227 4.8777 7.0594
v 61.2610 6.9393 -3.3261
v 61.2918 3.9758 -2.9625
v 61.2426 4.1169 -2.8895
v 61.2855 2.0002 -2.6384
v 61.2521 2.0002 -2.5634
v 61.2372 1.9157 -2.5011
v 61.2454 1.7237 -1.7288
v 61.2488 1.7220 -1.6754
v 61.2453 1.7215 -1.6238
v 61.2450 1.7215 0.2516
v 61.2485 1.7220 0.3032
v 61.2450 1.7237 0.3566
v 61.2423 1.7261 0.4103
v 61.2506 2.0002 1.1892
v 61.2516 2.8129 1.3295
v 61.2764 2.9754 1.4078
v 61.2805 4.4382 1.6395
v 61.2780 4.7330 2.7945
v 61.2948 9.1471 2.8853
v 61.2794 7.2471 2.8539
v 61.2606 9.1455 2.9173
v 61.2850 4.8146 7.0681
v 61.3597 7.0458 -18.8160
v 61.3380 6.9393 -18.7375
v 61.3498 7.5600 -18.6802
v 61.3264 6.9393 -18.6559
v 61.4158 9.7278 -18.5960
v 61.3216 6.9393 -18.5737
v 61.3434 9.9160 -14.1870
v 61.3078 6.9393 -3.4009
v 61.3528 3.6466 -3.0265
v 61.3428 1.9976 -2.7590
v 61.3202 2.0002 -2.7128
v 61.3005 1.7212 0.4481
v 61.2987 1.7220 0.5015
v 61.2977 1.7237 0.5551
v 61.3049 1.7248 0.6066
v 61.3437 13.2165 0.8602
v 61.4149 1.8889 1.4845
v 61.3419 2.0002 1.3870
v 61.3058 1.9359 1.2840
v 61.3244 2.8129 1.4785
v 61.3519 2.9754 1.5560
v 61.3217 4.4382 1.7140
v 61.3522 4.5141 2.5752
v 61.0880 13.4025 3.0000
v 61.3458 4.7330 2.7276
v 61.3105 4.7241 2.7613
v 61.4308 9.2816 2.7857
v 61.3505 7.9364 2.8017
v 61.3294 9.1471 2.8520
v 59.8664 11.9681 7.8531
v 61.3266 4.8893 8.7006
v 61.3825 6.9393 -18.9005
v 61.3947 8.1352 -18.7930
v 61.3562 6.9393 -18.8179
v 61.4470 10.3424 -18.6650
v 61.3308 7.2238 -18.5678
v 61.4051 6.9393 -3.5478
v 61.3558 6.9393 -3.4748
v 61.3737 3.9758 -3.1101
v 61.3936 2.0002 -2.8598
v 61.3712 1.9998 -2.8160
v 61.3563 2.0002 -2.7866
v 61.3600 13.2045 -2.3196
v 61.3586 1.7220 -2.0695
v 61.1667 13.3599 -1.2968
v 61.3393 13.3881 0.2917
v 61.3574 1.7212 0.6440
v 61.3581 1.7220 0.6974
v 61.3596 1.7237 0.7509
v 61.3546 2.0002 1.4125
v 61.3918 2.0002 1.4856
v 61.4023 2.8129 1.6249
v 61.3643 4.4382 1.7877
v 61.4081 4.4382 1.8607
v 61.4641 4.6187 2.5686
v 61.4007 6.5996 2.7182
v 61.3820 7.6555 2.7635
v 61.4095 11.7371 6.0184
v 61.3737 4.4737 7.6672
v 61.4278 6.9393 -19.0065
v 61.4161 6.9393 -18.9811
v 61.4422 8.8035 -18.8613
v 61.3935 7.2889 -18.8925
v 61.4687 10.4371 -18.7456
v 61.4245 10.1434 -18.5068
v 61.4424 13.1919 -7.6969
v 61.4557 6.9393 -3.6200
v 61.4608 3.9758 -3.2548
v 61.4369 3.6466 -3.1718
v 61.4322 2.0002 -2.9322
v 61.3222 1.8558 -2.6431
v 61.4139 1.7211 -2.1585
v 61.4183 1.7212 0.8116
v 61.4159 1.7215 0.8396
v 61.4119 1.7237 0.8958
v 61.4304 2.0002 1.5583
v 61.5302 1.9397 1.7166
v 61.4326 2.9754 1.7015
v 61.4531 4.4382 1.9329
v 61.4106 4.6294 2.6309
v 61.4839 7.7943 2.6963
v 61.4903 6.3475 2.6314
v 61.5044 9.4158 3.0007
v 61.5393 11.9729 6.5964
v 61.4303 4.6996 7.0875
v 61.4994 12.3722 -18.5286
v 61.5211 13.2628 -8.7645
v 61.4695 13.2036 -8.7709
v 61.5076 6.9393 -3.6913
v 61.5131 2.0002 -3.0752
v 61.4720 2.0002 -3.0041
v 61.5257 13.3661 0.9005
v 61.4712 1.7215 0.9825
v 61.4556 1.7258 1.0620
v 61.4915 1.7300 1.1940
v 61.4702 2.0002 1.6301
v 61.5112 2.0002 1.7012
v 61.4852 2.8129 1.7684
v 61.5183 2.9754 1.8441
v 61.4995 4.4382 2.0042
v 61.5293 9.2204 2.7824
v 61.4840 4.6654 7.0942
v 61.5592 6.9393 -19.2037
v 61.5271 6.9393 -19.1659
v 61.5427 10.8752 -18.8995
v 61.4984 10.5472 -18.8254
v 61.5397 12.9138 -18.6566
v 61.5592 13.2732 -10.3770
v 61.5606 6.9393 -3.7617
v 61.5528 3.9758 -3.3963
v 61.5259 3.6466 -3.3141
v 61.5554 2.0002 -3.1455
v 61.5515 1.9982 -3.1390
v 61.5269 1.9043 -3.0625
v 61.1449 1.7897 -2.0814
v 61.5676 13.3808 -2.2527
v 61.5243 1.7220 1.1266
v 61.5535 2.0002 1.7717
v 61.5801 1.9976 1.8143
v 61.5731 2.8129 1.9090
v 61.5470 4.4382 2.0748
v 61.5371 13.3787 2.6599
v 61.6692 6.9078 2.6270
v 61.5408 13.1316 2.8838
v 61.5673 11.8994 6.5528
v 61.5724 4.6169 7.1045
v 61.5688 10.2156 7.9400
v 61.6199 6.9393 -19.2689
v 61.6084 11.0210 -19.0092
v 61.5870 12.8551 -18.8171
v 61.6150 6.9393 -3.8311
v 61.6199 3.6466 -3.4532
v 61.5990 2.0002 -3.2152
v 61.5654 1.7240 1.2868
v 61.5778 13.4391 1.3539
v 61.6502 1.7679 1.6906
v 61.5969 2.0002 1.8413
v 61.6089 2.9754 1.9837
v 61.6409 4.4416 2.2402
v 61.6051 11.2288 2.9143
v 61.6348 11.7371 5.8319
v 61.6236 11.8994 6.5062
v 61.6348 4.5874 7.1112
v 61.6860 6.9393 -19.3285
v 61.6917 13.2681 -18.4468
v 61.6868 13.3805 -8.7436
v 61.6705 6.9393 -3.8996
v 61.6497 3.9758 -3.5345
v 61.6897 2.0002 -3.3521
v 61.6697 2.0002 -3.3228
v 61.6437 2.0002 -3.2840
v 61.6073 1.9400 -3.2122
v 61.6252 13.4338 1.1157
v 61.6211 1.7271 1.4251
v 61.6417 2.0002 1.9102
v 61.7085 1.9119 1.9871
v 61.6460 4.4390 2.2138
v 61.7089 13.4049 2.4340
v 61.6579 4.6062 2.4806
v 61.6538 9.0931 2.7865
v 61.6911 11.7371 5.7852
v 61.6799 11.8994 6.4595
v 61.6741 10.4634 -19.1322
v 61.7007 13.3737 -10.3619
v 61.7271 6.9393 -3.9671
v 61.7187 3.6466 -3.5889
v 61.7368 2.0002 -3.4193
v 61.7004 2.0002 -3.3676
v 61.7474 13.4329 -2.2419
v 61.7242 13.4295 0.8747
v 61.7346 2.0002 2.0456
v 61.7466 4.4839 2.3501
v 61.7320 12.4162 2.7207
v 61.7495 12.0915 2.7234
v 61.8858 11.1333 2.7002
v 61.5275 11.1071 3.0574
v 61.7474 11.7371 5.7386
v 61.7362 11.8994 6.4129
v 61.7057 5.0618 6.5317
v 61.6987 4.5608 7.1175
v 61.7558 6.9393 -19.3809
v 61.7850 6.9393 -4.0336
v 61.7514 3.9758 -3.6693
v 61.7851 2.0002 -3.4858
v 61.7960 1.8163 -3.4199
v 61.7553 1.7211 -2.8964
v 61.5564 13.4378 -0.0396
v 61.7626 1.9976 2.0841
v 61.7829 2.0002 2.1121
v 61.8072 4.5830 2.4609
v 61.7981 4.5324 2.4192
v 62.7343 13.4381 2.1944
v 61.7553 12.3622 2.7045
v 61.7683 7.4845 2.7124
v 61.7529 9.2016 2.8673
v 61.7626 9.0211 2.8549
v 61.7999 9.2036 2.9174
v 61.5742 11.9546 6.4553
v 61.7925 11.8994 6.3662
v 61.7670 4.9661 6.5392
v 61.8024 4.9206 6.5436
v 61.7970 4.5262 7.1265
v 61.8296 6.9393 -19.4270
v 61.6785 7.7686 -19.2834
v 61.8599 13.3840 -18.4439
v 61.8512 13.4318 -8.7225
v 61.8440 6.9393 -4.0991
v 61.8577 3.9758 -3.8004
v 61.8221 3.6466 -3.7211
v 61.8346 2.0002 -3.5513
v 61.8076 1.7228 -3.0438
v 61.8174 1.7212 -3.0076
v 61.8344 13.4393 -2.2240
v 61.7670 1.7220 1.5983
v 61.8365 4.6120 2.4895
v 61.9250 13.1965 2.5897
v 61.8736 11.2673 2.7059
v 61.8463 6.8420 2.7209
v 61.8505 7.1240 2.7544
v 61.8543 9.1612 2.9646
v 62.0121 11.9602 6.0801
v 61.8489 11.8994 6.3196
v 61.9070 6.9393 -19.4663
v 61.9042 6.9393 -4.1636
v 61.8852 2.0002 -3.6160
v 61.8761 1.7215 -3.1214
v 61.8944 2.0002 2.2569
v 61.8610 4.6140 2.5028
v 61.8950 4.7165 2.5576
v 61.9014 4.6769 2.5558
v 61.8331 5.8383 2.6120
v 61.9050 4.7839 2.5745
v 61.8857 9.2016 3.0047
v 61.9160 9.1602 3.0265
v 62.3661 9.3850 3.5757
v 61.9052 11.8994 6.2730
v 61.8618 4.8545 6.5511
v 61.8638 4.5066 7.1319
v 61.7810 13.3152 -18.9497
v 61.9684 13.4392 -10.3323
v 61.9654 6.9393 -4.2270
v 61.9685 3.9758 -3.9278
v 61.9300 3.6466 -3.8496
v 61.9369 2.0002 -3.6798
v 61.9287 1.7212 -3.1783
v 61.9345 2.0002 2.3063
v 61.9859 1.9976 2.3675
v 61.9209 4.8500 2.5958
v 61.9258 4.7173 2.5874
v 61.9547 9.2262 3.0792
v 61.7905 11.9168 5.8156
v 61.9615 11.8994 6.2263
v 61.9276 4.7927 6.5592
v 61.9324 4.4894 7.1371
v 61.3134 4.4382 8.5618
v 61.8577 8.1091 -19.3995
v 62.0256 13.4331 -18.4411
v 62.0278 6.9393 -4.2893
v 61.9897 2.0002 -3.7427
v 62.1581 13.4356 -1.6423
v 61.9843 13.4387 -0.6745
v 62.0193 13.4362 -0.4895
v 61.9872 2.0002 2.3692
v 62.0005 5.5802 2.7559
v 61.9939 9.1612 3.1014
v 62.0178 11.8994 6.1797
v 62.0260 4.7164 6.5707
v 62.0837 3.9758 -4.0512
v 62.0424 3.6466 -3.9743
v 62.0436 2.0002 -3.8047
v 61.6731 1.7517 -3.0628
v 62.0274 13.4355 -0.9724
v 62.0399 13.4381 -0.1543
v 62.0399 13.4387 -0.0784
v 62.0400 13.4393 -0.0020
v 62.0693 13.4387 0.0685
v 62.0411 2.0002 2.4312
v 62.0488 1.9261 2.4249
v 62.1092 13.0432 2.6629
v 62.0843 11.0143 2.8796
v 62.0304 9.1939 3.1414
v 62.0741 11.8994 6.1330
v 62.0450 4.4672 7.1437
v 62.0330 10.2155 7.5556
v 62.1236 8.7144 -19.4862
v 62.0912 6.9393 -4.3505
v 62.0986 2.0002 -3.8657
v 62.0252 1.9582 -3.7766
v 61.9580 1.9042 -3.6766
v 62.0985 13.4381 0.1385
v 62.1069 2.0002 2.5041
v 62.0873 5.0688 2.7933
v 62.1247 5.5802 2.8801
v 62.1031 9.2016 3.2094
v 62.1304 11.8994 6.0864
v 62.1344 4.6489 6.5824
v 62.0209 6.9393 -19.5127
v 62.1826 8.1264 -19.5157
v 62.1557 6.9393 -4.4106
v 62.1591 3.6466 -4.0950
v 62.1546 2.0002 -3.9257
v 62.1981 1.7211 -1.1812
v 62.1903 1.7211 -1.1224
v 62.1836 1.7211 -1.0634
v 62.1779 1.7211 -1.0043
v 62.1733 1.7211 -0.9451
v 62.1696 1.7211 -0.8858
v 62.1670 1.7211 -0.8265
v 62.1655 1.7211 -0.7672
v 62.1650 1.7211 -0.7078
v 62.1655 1.7211 -0.6485
v 62.2349 13.2903 -0.8251
v 62.1670 1.7211 -0.5891
v 62.1696 1.7211 -0.5298
v 62.1733 1.7211 -0.4705
v 62.1779 1.7211 -0.4114
v 62.1836 1.7211 -0.3523
v 62.1903 1.7211 -0.2933
v 62.1981 1.7211 -0.2344
v 61.9244 1.7915 2.1661
v 62.1520 2.0002 2.5523
v 62.1815 2.0002 2.5832
v 62.2219 1.9380 2.6115
v 62.1867 11.8994 6.0398
v 62.5831 6.9336 -19.6363
v 61.9890 12.9143 -19.3061
v 62.2212 6.9393 -4.4695
v 62.2031 3.9758 -4.1705
v 62.2117 2.0002 -3.9848
v 62.2522 1.7211 -1.4730
v 62.2393 1.7211 -1.4150
v 62.2275 1.7211 -1.3569
v 62.2166 1.7211 -1.2985
v 62.2068 1.7211 -1.2399
v 62.2530 4.6486 -1.2030
v 62.2449 4.6486 -1.1451
v 62.2377 4.6486 -1.0871
v 62.2316 4.6486 -1.0289
v 62.2265 4.6486 -0.9707
v 62.2224 4.6486 -0.9124
v 62.2194 4.6486 -0.8540
v 62.2173 4.6486 -0.7955
v 62.2163 4.6486 -0.7371
v 62.2163 4.6486 -0.6786
v 62.2173 4.6486 -0.6201
v 62.2194 4.6486 -0.5617
v 62.2224 4.6486 -0.5033
v 62.2265 4.6486 -0.4450
v 62.2316 4.6486 -0.3867
v 62.2377 4.6486 -0.3286
v 62.2449 4.6486 -0.2705
v 62.2530 4.6486 -0.2126
v 62.2068 1.7211 -0.1757
v 62.2166 1.7211 -0.1172
v 62.2275 1.7211 -0.0588
v 62.2393 1.7211 -0.0006
v 62.2522 1.7211 0.0574
v 62.2417 13.4393 0.6633
v 62.2090 2.0002 2.6114
v 62.2124 5.0688 2.9140
v 62.2532 5.5802 2.9999
v 62.2430 11.8994 5.9931
v 62.2307 4.6003 6.5912
v 62.1211 8.7617 -19.4861
v 62.2878 6.9393 -4.5273
v 62.2798 3.6466 -4.2116
v 62.2698 2.0002 -4.0428
v 62.2967 1.7211 -1.6454
v 62.2809 1.7211 -1.5882
v 62.2660 1.7211 -1.5307
v 62.3088 4.6486 -1.4899
v 62.2956 4.6486 -1.4330
v 62.2835 4.6486 -1.3758
v 62.2866 13.2516 -1.2186
v 62.2723 4.6486 -1.3184
v 62.3106 13.1445 -1.2235
v 62.3078 7.5760 -1.2240
v 62.2621 4.6486 -1.2608
v 62.3009 13.1445 -1.1584
v 62.2993 7.5760 -1.1670
v 62.2946 13.1445 -1.1096
v 62.2918 7.5760 -1.1099
v 62.2880 13.1445 -1.0524
v 62.2852 7.5760 -1.0527
v 62.2849 13.1445 -1.0214
v 62.2797 7.5760 -0.9954
v 62.2780 13.1445 -0.9378
v 62.2752 7.5760 -0.9380
v 62.2747 13.1445 -0.8839
v 62.2717 7.5760 -0.8805
v 62.2720 13.1445 -0.8229
v 62.2692 7.5760 -0.8230
v 62.2705 13.1445 -0.7654
v 62.2677 7.5760 -0.7654
v 62.2702 13.1445 -0.7461
v 62.3091 10.9171 -0.7382
v 62.2672 7.5760 -0.7078
v 62.2705 13.1445 -0.6503
v 62.2677 7.5760 -0.6502
v 62.2715 13.1445 -0.6082
v 62.3036 11.2883 -0.6230
v 62.2692 7.5760 -0.5927
v 62.2745 13.1445 -0.5353
v 62.2717 7.5760 -0.5352
v 62.2785 13.1445 -0.4705
v 62.2752 7.5760 -0.4777
v 62.2825 13.1445 -0.4205
v 62.2797 7.5760 -0.4203
v 62.2913 13.1445 -0.3333
v 62.2852 7.5760 -0.3630
v 62.2946 13.1445 -0.3061
v 62.2918 7.5760 -0.3057
v 62.3021 13.1445 -0.2490
v 62.2993 7.5760 -0.2486
v 62.3099 13.1445 -0.1966
v 62.3078 7.5760 -0.1917
v 62.2621 4.6486 -0.1549
v 62.2723 4.6486 -0.0973
v 62.2835 4.6486 -0.0399
v 62.2956 4.6486 0.0173
v 62.3088 4.6486 0.0743
v 62.2660 1.7211 0.1151
v 62.2809 1.7211 0.1726
v 62.2967 1.7211 0.2298
v 62.2671 2.0002 2.6695
v 62.2972 1.9976 2.6986
v 62.3105 11.7370 5.2722
v 62.2994 11.8994 5.9465
v 62.2808 4.4416 7.1515
v 62.3554 6.9393 -4.5840
v 62.3266 3.9758 -4.2856
v 62.3289 2.0002 -4.0999
v 62.3503 1.7211 -1.8153
v 62.3315 1.7211 -1.7590
v 62.3579 13.2938 -1.5992
v 62.3136 1.7211 -1.7023
v 62.3542 4.6486 -1.6594
v 62.3380 4.6486 -1.6032
v 62.3652 7.5760 -1.5060
v 62.3229 4.6486 -1.5467
v 62.3545 13.1445 -1.4494
v 62.3517 7.5760 -1.4500
v 62.3500 13.1445 -1.4297
v 62.3393 7.5760 -1.3938
v 62.3306 13.1445 -1.3368
v 62.3278 7.5760 -1.3374
v 62.3226 13.1445 -1.2946
v 62.3630 10.9171 -1.2987
v 62.3173 7.5760 -1.2808
v 62.3633 10.3602 -1.2439
v 62.3544 10.3602 -1.1879
v 62.3374 10.9171 -1.1371
v 62.3396 10.3602 -1.0755
v 62.3239 10.9171 -1.0196
v 62.3287 10.3602 -0.9626
v 62.3148 10.9171 -0.9017
v 62.3218 10.3602 -0.8495
v 62.3198 10.3602 -0.7928
v 62.3672 7.5760 -0.7078
v 62.3188 10.3602 -0.6795
v 62.3218 10.3602 -0.5662
v 62.3248 10.3602 -0.5096
v 62.3187 10.9171 -0.4565
v 62.3337 10.3602 -0.3965
v 62.3299 10.9171 -0.3388
v 62.3465 10.3602 -0.2839
v 62.3455 10.9171 -0.2215
v 62.3633 10.3602 -0.1718
v 62.3201 13.1445 -0.1354
v 62.3173 7.5760 -0.1349
v 62.3341 13.1445 -0.0609
v 62.3278 7.5760 -0.0783
v 62.3420 13.1445 -0.0224
v 62.3393 7.5760 -0.0219
v 62.3640 13.1445 0.0737
v 62.3517 7.5760 0.0344
v 62.3652 7.5760 0.0904
v 62.3229 4.6486 0.1310
v 62.3380 4.6486 0.1875
v 62.3542 4.6486 0.2437
v 62.3136 1.7211 0.2867
v 62.3315 1.7211 0.3433
v 62.3503 1.7211 0.3996
v 62.3261 2.0002 2.7266
v 62.3893 1.9376 2.7734
v 62.3416 5.0688 3.0302
v 62.3668 11.7370 5.2255
v 62.3557 11.8994 5.8998
v 62.3574 4.5487 6.6015
v 62.4662 6.9670 -5.2242
v 62.4143 6.9411 -5.0369
v 62.4046 3.6466 -4.3239
v 62.3889 2.0002 -4.1558
v 62.4127 1.7211 -1.9821
v 62.3909 1.7211 -1.9268
v 62.3701 1.7211 -1.8712
v 62.4084 4.6486 -1.8262
v 62.3893 4.6486 -1.7709
v 62.4216 13.1445 -1.6959
v 62.4113 7.5760 -1.6725
v 62.3713 4.6486 -1.7153
v 62.3977 13.1445 -1.6165
v 62.3950 7.5760 -1.6172
v 62.3830 13.1445 -1.5636
v 62.3796 7.5760 -1.5618
v 62.3679 13.1445 -1.5053
v 62.4130 10.9171 -1.5245
v 62.4084 10.3602 -1.4660
v 62.3866 10.9171 -1.4146
v 62.3839 10.3602 -1.3553
v 62.4158 7.5760 -1.2634
v 62.4066 7.5760 -1.2083
v 62.3983 7.5760 -1.1531
v 62.3910 7.5760 -1.0977
v 62.3794 7.5760 -0.9867
v 62.3750 7.5760 -0.9310
v 62.3716 7.5760 -0.8753
v 62.3691 7.5760 -0.8195
v 62.3677 7.5760 -0.7637
v 62.3677 7.5760 -0.6520
v 62.3691 7.5760 -0.5962
v 62.3716 7.5760 -0.5404
v 62.3750 7.5760 -0.4847
v 62.3794 7.5760 -0.4290
v 62.3847 7.5760 -0.3734
v 62.3910 7.5760 -0.3179
v 62.3983 7.5760 -0.2626
v 62.4066 7.5760 -0.2073
v 62.4158 7.5760 -0.1523
v 62.3731 10.3602 -0.1160
v 62.3739 10.9171 -0.0604
v 62.3957 10.3602 -0.0049
v 62.3995 10.9171 0.0550
v 62.3679 13.1445 0.0897
v 62.4222 10.3602 0.1054
v 62.3631 13.2184 0.1172
v 62.3953 13.1445 0.1925
v 62.3796 7.5760 0.1461
v 62.3995 13.1445 0.2070
v 62.3950 7.5760 0.2016
v 62.4140 13.1445 0.2560
v 62.4113 7.5760 0.2568
v 62.3713 4.6486 0.2996
v 62.3893 4.6486 0.3552
v 62.4084 4.6486 0.4105
v 62.3701 1.7211 0.4556
v 62.3909 1.7211 0.5112
v 62.4127 1.7211 0.5664
v 61.4465 13.4386 1.5446
v 62.3862 2.0002 2.7826
v 62.4163 1.9976 2.8098
v 62.3328 12.9590 2.9261
v 62.4110 12.3221 3.0553
v 62.4115 4.8642 3.0710
v 62.4104 9.2016 3.4624
v 62.4120 11.8994 5.8532
v 62.4648 6.9416 -4.9774
v 62.4239 6.9393 -4.6394
v 62.4541 3.9758 -4.3964
v 62.4500 2.0002 -4.2108
v 62.4590 1.7211 -2.0914
v 62.4354 1.7211 -2.0369
v 62.4712 4.6486 -1.9899
v 62.4493 4.6486 -1.9357
v 62.4688 13.1445 -1.8353
v 62.4661 7.5760 -1.8363
v 62.4284 4.6486 -1.8811
v 62.4656 13.1445 -1.8266
v 62.4469 7.5760 -1.7820
v 62.4313 13.1445 -1.7265
v 62.4286 7.5760 -1.7274
v 62.4595 10.9171 -1.6868
v 62.4525 10.3602 -1.6303
v 62.4261 10.9171 -1.5733
v 62.4762 7.5760 -1.5359
v 62.4622 7.5760 -1.4818
v 62.4492 7.5760 -1.4275
v 62.4371 7.5760 -1.3730
v 62.4260 7.5760 -1.3183
v 62.4260 7.5760 -0.0974
v 62.4371 7.5760 -0.0426
v 62.4492 7.5760 0.0119
v 62.4622 7.5760 0.0662
v 62.4762 7.5760 0.1202
v 62.4285 10.9171 0.1666
v 62.4419 10.9171 0.2131
v 62.4690 10.3602 0.2688
v 62.4405 13.1445 0.3386
v 62.4773 10.9171 0.3259
v 62.4286 7.5760 0.3117
v 62.4688 13.1445 0.4197
v 62.4661 7.5760 0.4206
v 62.4284 4.6486 0.4655
v 62.4493 4.6486 0.5201
v 62.4712 4.6486 0.5743
v 62.2475 13.3491 -0.0662
v 62.4354 1.7211 0.6213
v 62.4590 1.7211 0.6757
v 61.4939 13.4406 1.7865
v 62.4472 2.0002 2.8376
v 62.5270 1.8062 2.8268
v 62.3905 12.9901 2.9844
v 62.4638 5.0688 3.1329
v 62.4566 9.1612 3.4897
v 62.4683 11.8994 5.8066
v 62.4934 6.9393 -4.6937
v 62.5332 3.6466 -4.4318
v 62.5120 2.0002 -4.2646
v 62.3051 1.8605 -4.0380
v 62.5357 1.7211 -2.2521
v 62.5092 1.7211 -2.1990
v 62.4837 1.7211 -2.1454
v 62.5179 4.6486 -2.0972
v 62.4941 4.6486 -2.0438
v 62.5151 13.1445 -1.9553
v 62.5074 7.5760 -1.9438
v 62.4596 13.2427 -1.8546
v 62.4889 13.1445 -1.8892
v 62.4863 7.5760 -1.8902
v 62.5244 10.3602 -1.8452
v 62.4971 10.9171 -1.7989
v 62.4865 10.3602 -1.7384
v 62.5238 7.5760 -1.6965
v 62.5070 7.5760 -1.6432
v 62.4911 7.5760 -1.5897
v 62.4911 7.5760 0.1740
v 62.5070 7.5760 0.2276
v 62.5238 7.5760 0.2808
v 62.5050 10.3602 0.3763
v 62.4870 13.1445 0.4684
v 62.5169 10.9171 0.4373
v 62.4863 7.5760 0.4746
v 62.5100 13.1445 0.5271
v 62.5074 7.5760 0.5281
v 62.5320 13.1445 0.5802
v 62.5294 7.5760 0.5813
v 62.4941 4.6486 0.6281
v 62.5179 4.6486 0.6815
v 62.4837 1.7211 0.7297
v 62.5092 1.7211 0.7833
v 62.5357 1.7211 0.8364
v 62.5091 2.0002 2.8915
v 62.5095 5.5802 3.2151
v 62.5246 11.8994 5.7599
v 62.4972 10.2155 7.1711
v 62.4932 6.9422 -4.9644
v 62.5638 6.9393 -4.7467
v 62.5853 3.9758 -4.5026
v 62.5749 2.0002 -4.3174
v 62.5915 1.7211 -2.3569
v 62.5631 1.7211 -2.3048
v 62.5682 4.6486 -2.2027
v 62.5426 4.6486 -2.1502
v 62.5700 13.1445 -2.0818
v 62.5763 7.5760 -2.1022
v 62.5893 13.2480 -2.1668
v 62.5550 13.1445 -2.0486
v 62.5881 10.3602 -2.0029
v 62.5524 7.5760 -2.0498
v 62.5558 10.9171 -1.9516
v 62.5447 10.3602 -1.8982
v 62.5797 7.5760 -1.8544
v 62.5601 7.5760 -1.8021
v 62.5415 7.5760 -1.7494
v 62.5415 7.5760 0.3338
v 62.5601 7.5760 0.3864
v 62.5797 7.5760 0.4387
v 62.5447 10.3602 0.4825
v 62.5782 10.9171 0.5890
v 62.5659 10.3602 0.5351
v 62.5389 13.1445 0.5962
v 62.5524 7.5760 0.6341
v 62.5788 13.1445 0.6853
v 62.5763 7.5760 0.6865
v 62.5426 4.6486 0.7345
v 62.5682 4.6486 0.7871
v 62.5631 1.7211 0.8891
v 62.5915 1.7211 0.9413
v 62.5720 2.0002 2.9443
v 62.5809 11.8993 5.7133
v 62.6348 8.9969 -5.5143
v 62.6318 8.8043 -5.4802
v 62.6487 9.3856 -5.4893
v 62.6447 6.9393 -4.8053
v 62.6388 2.0002 -4.3690
v 62.6163 1.9999 -4.3510
v 62.5403 1.9383 -4.2770
v 62.6207 1.7211 -2.4086
v 62.6222 4.6486 -2.3065
v 62.5947 4.6486 -2.2548
v 62.6300 13.1445 -2.2059
v 62.6268 7.5760 -2.2057
v 62.6036 13.1445 -2.1529
v 62.6011 7.5760 -2.1542
v 62.6029 10.9171 -2.0601
v 62.6351 10.3602 -2.1060
v 62.6438 7.5760 -2.0091
v 62.6215 7.5760 -1.9579
v 62.6001 7.5760 -1.9063
v 62.6001 7.5760 0.4907
v 62.6215 7.5760 0.5423
v 62.6111 10.3602 0.6390
v 62.6438 7.5760 0.5935
v 62.6273 10.9171 0.6966
v 62.5960 13.1445 0.7216
v 62.6011 7.5760 0.7385
v 62.5335 13.2315 0.6225
v 62.6293 13.1445 0.7888
v 62.6268 7.5760 0.7900
v 62.5947 4.6486 0.8392
v 62.6222 4.6486 0.8908
v 62.6207 1.7211 0.9929
v 62.6358 2.0002 2.9960
v 62.6007 5.0688 3.2401
v 62.6155 9.1612 3.6035
v 62.6484 11.7370 4.9923
v 62.6372 11.8993 5.6666
v 62.5983 4.4820 6.6154
v 62.6997 9.4262 -8.8747
v 62.6844 11.5763 -5.7276
v 62.7336 11.7665 -5.6894
v 62.6818 11.4370 -5.7152
v 62.6798 11.3658 -5.7256
v 62.7016 11.6537 -5.6475
v 62.6580 10.1828 -5.6039
v 62.6560 10.1116 -5.6142
v 62.6704 10.6373 -5.6267
v 62.6655 3.6466 -4.5351
v 62.7035 2.0002 -4.4196
v 62.2612 1.7295 -3.6855
v 62.6818 1.7211 -2.5104
v 62.6508 1.7211 -2.4598
v 62.6798 4.6486 -2.4082
v 62.6505 4.6486 -2.3576
v 62.6953 13.1445 -2.3274
v 62.6808 7.5760 -2.3074
v 62.6558 13.1445 -2.2555
v 62.6534 7.5760 -2.2568
v 62.6745 10.9171 -2.2072
v 62.6599 10.3602 -2.1570
v 62.6669 7.5760 -2.0599
v 62.6669 7.5760 0.6443
v 62.6910 7.5760 0.6947
v 62.6599 10.3602 0.7413
v 62.6857 10.3602 0.7918
v 62.6584 13.1445 0.8446
v 62.7015 10.9171 0.8424
v 62.6534 7.5760 0.8411
v 62.6833 13.1445 0.8904
v 62.6808 7.5760 0.8917
v 62.6505 4.6486 0.9419
v 62.6798 4.6486 0.9926
v 62.8475 13.4063 1.4565
v 62.7005 2.0002 3.0466
v 62.6496 5.5802 3.3209
v 62.7047 11.7370 4.9457
v 62.6936 11.8993 5.6200
v 62.6789 10.6962 -5.5609
v 62.7062 9.8941 -5.3945
v 62.6603 6.9687 -4.9442
v 62.7167 6.9488 -4.8562
v 62.7201 3.9758 -4.6042
v 62.7143 1.9572 -4.4210
v 62.7465 1.7211 -2.6099
v 62.7409 4.6486 -2.5080
v 62.7137 1.7211 -2.5604
v 62.7654 13.2187 -2.4716
v 62.7099 4.6486 -2.4584
v 62.7408 13.1445 -2.4057
v 62.7384 7.5760 -2.4071
v 62.7116 13.1445 -2.3561
v 62.7591 10.9171 -2.3602
v 62.7092 7.5760 -2.3575
v 62.7309 10.9171 -2.3112
v 62.7123 10.3602 -2.2575
v 62.7417 7.5760 -2.2098
v 62.7159 7.5760 -2.1603
v 62.7159 7.5760 0.7446
v 62.7417 7.5760 0.7942
v 62.7398 10.3602 0.8915
v 62.7259 13.1445 0.9648
v 62.7596 10.9170 0.9453
v 62.7092 7.5760 0.9418
v 62.7405 13.1442 0.9895
v 62.7137 1.7211 1.1448
v 62.7465 1.7211 1.1943
v 62.7275 1.9391 3.0565
v 62.7412 5.0688 3.3424
v 62.7499 11.8993 5.5734
v 62.7267 10.7180 6.6899
v 62.7687 7.0766 -5.0211
v 62.7810 6.9829 -4.9200
v 62.7691 2.0002 -4.4690
v 62.8146 1.7211 -2.7072
v 62.7801 1.7211 -2.6589
v 63.0692 13.2484 -2.8899
v 62.8054 4.6486 -2.6055
v 62.7727 4.6486 -2.5570
v 62.7685 7.5760 -2.4562
v 62.7909 10.9171 -2.4130
v 62.7958 7.5760 -2.3075
v 62.7683 7.5760 -2.2589
v 62.7683 7.5760 0.8432
v 62.7958 7.5760 0.8918
v 62.7707 13.1430 1.0388
v 62.7972 10.3598 0.9889
v 62.8194 13.1660 1.1172
v 62.8018 13.1409 1.0875
v 62.7994 7.5760 1.0891
v 62.7727 4.6486 1.1413
v 62.8054 4.6486 1.1898
v 62.7801 1.7211 1.2432
v 62.8146 1.7211 1.2915
v 62.7661 2.0002 3.0961
v 62.7934 5.5802 3.4218
v 62.7917 11.0126 3.7369
v 62.7785 9.1612 3.7112
v 62.8062 11.8993 5.5267
v 62.9231 8.6502 -18.0170
v 62.8954 7.0531 -4.9817
v 62.8684 7.0392 -4.9718
v 62.8411 2.0002 -4.5212
v 62.8094 1.9551 -4.4913
v 62.8499 1.7211 -2.7549
v 62.8733 4.6486 -2.7007
v 62.8390 4.6486 -2.6534
v 62.8662 13.1445 -2.5986
v 62.8638 7.5760 -2.6003
v 62.8312 7.5760 -2.5528
v 62.8242 7.5760 -2.3556
v 62.8242 7.5760 0.9400
v 62.8273 10.3590 1.0371
v 62.8533 7.5760 0.9876
v 62.8506 10.9141 1.0908
v 62.8338 13.1381 1.1357
v 62.8312 7.5760 1.1371
v 62.8665 13.1344 1.1832
v 62.8638 7.5760 1.1846
v 62.8390 4.6486 1.2377
v 62.8733 4.6486 1.2850
v 62.5230 13.3632 0.8725
v 62.8499 1.7211 1.3393
v 62.8325 2.0002 3.1444
v 62.8615 9.1612 3.7628
v 62.8625 11.8993 5.4801
v 62.9614 7.5282 -5.0764
v 62.9394 7.1283 -5.0271
v 62.8975 7.1093 -5.0182
v 62.9304 2.0002 -4.5831
v 62.8861 1.7211 -2.8020
v 62.9085 4.6486 -2.7474
v 62.9205 13.1445 -2.6740
v 62.8973 7.5760 -2.6471
v 62.9224 10.3602 -2.5938
v 62.8801 10.9171 -2.5503
v 62.8833 7.5760 1.0347
v 62.9141 7.5760 1.0812
v 62.8900 10.3561 1.1318
v 62.9226 10.3541 1.1783
v 62.9001 13.1299 1.2301
v 62.8973 7.5760 1.2315
v 62.9085 4.6486 1.3317
v 62.8861 1.7211 1.3864
v 62.8776 1.9980 3.1760
v 62.9916 1.9040 3.2342
v 62.8997 2.0002 3.1915
v 62.8852 5.0688 3.4397
v 62.4457 12.0070 5.4102
v 62.9188 11.8993 5.4335
v 62.9828 11.6662 -5.4463
v 62.9618 11.5969 -5.4416
v 62.9407 11.5275 -5.4369
v 62.9756 2.0002 -4.6133
v 62.9608 1.7211 -2.8943
v 62.9666 7.5760 -2.7391
v 62.9338 13.1445 -2.6917
v 62.9315 7.5760 -2.6934
v 62.9487 10.9171 -2.6466
v 62.9782 7.5760 -2.5883
v 62.9458 7.5760 -2.5429
v 62.9458 7.5760 1.1272
v 62.9782 7.5760 1.1727
v 62.9493 10.9066 1.2314
v 62.9315 7.5760 1.2778
v 62.9666 7.5760 1.3235
v 62.9445 4.6486 1.3778
v 62.9813 4.6486 1.4232
v 62.9608 1.7211 1.4786
v 62.9678 2.0002 3.2374
v 62.9407 5.5802 3.5175
v 62.9751 11.8993 5.3868
v 62.9615 10.2154 6.7866
v 63.0416 10.9942 -5.3932
v 62.7372 8.6577 -5.1967
v 63.0148 7.1766 -5.0634
v 63.0399 2.0002 -4.6549
v 63.0123 1.9999 -4.6372
v 62.9694 1.7817 -4.5121
v 63.0387 1.7211 -2.9839
v 62.9993 1.7211 -2.9394
v 63.0189 4.6486 -2.8837
v 63.0412 13.1445 -2.8268
v 63.0391 7.5760 -2.8286
v 63.0051 13.1445 -2.7829
v 63.0114 7.5760 -2.6332
v 63.0054 13.1114 1.3667
v 63.0024 7.5760 1.3685
v 63.0331 13.1322 1.4029
v 63.0391 7.5760 1.4130
v 63.0189 4.6486 1.4680
v 62.9993 1.7211 1.5238
v 63.0387 1.7211 1.5682
v 63.0367 2.0002 3.2822
v 63.0326 5.0688 3.5319
v 63.0348 9.4392 4.1946
v 63.0312 9.4393 4.2016
v 63.0314 11.8993 5.3402
v 62.8646 11.6933 -5.4796
v 63.0849 9.4289 -5.2833
v 63.0817 9.2375 -5.2664
v 63.0717 8.4431 -5.1975
v 63.0550 7.9094 -5.1457
v 63.0466 7.6805 -5.1231
v 63.0556 7.6192 -5.1226
v 63.0534 7.4799 -5.1101
v 63.0805 1.7228 -4.3612
v 63.0561 1.7211 -4.3064
v 63.0788 1.7211 -3.0277
v 63.0964 4.6486 -2.9713
v 63.0573 4.6486 -2.9278
v 63.0941 13.1445 -2.8882
v 63.0765 7.5760 -2.8724
v 63.0969 10.3602 -2.8171
v 63.0494 10.9171 -2.7755
v 63.0802 7.5760 1.3056
v 63.0551 10.8945 1.3662
v 63.0926 10.8893 1.4108
v 63.0793 13.0949 1.4544
v 63.0765 7.5760 1.4567
v 63.0573 4.6486 1.5122
v 63.0964 4.6486 1.5556
v 63.0788 1.7211 1.6120
v 63.0664 1.9593 3.2958
v 63.0912 5.5802 3.6079
v 63.1030 9.3956 4.0903
v 63.0456 9.4376 4.1737
v 63.0798 9.4392 4.2218
v 63.0877 11.8993 5.2935
v 63.1209 11.6628 -5.4786
v 63.1150 11.1401 -5.4345
v 63.1085 10.8942 -5.4118
v 63.1074 10.8241 -5.4057
v 63.1065 10.7717 -5.4011
v 63.1051 10.6847 -5.3935
v 63.1029 10.5454 -5.3813
v 63.1342 8.8570 -5.2643
v 63.1111 7.1224 -5.1137
v 63.1133 2.0002 -4.7007
v 63.0925 1.9534 -4.6810
v 63.1171 1.7212 -4.3526
v 63.1196 1.7211 -3.0707
v 63.1363 4.6486 -3.0140
v 63.1535 7.5760 -2.9580
v 63.1167 13.1445 -2.9136
v 63.1146 7.5760 -2.9155
v 63.1261 10.9171 -2.8656
v 63.1519 7.5760 -2.8068
v 63.1157 7.5760 -2.7643
v 63.1157 7.5760 1.3487
v 63.1519 7.5760 1.3911
v 63.1345 10.3330 1.4441
v 63.1231 13.0839 1.5035
v 63.1535 7.5760 1.5423
v 63.1363 4.6486 1.5984
v 63.1196 1.7211 1.6551
v 63.1063 2.0002 3.3257
v 63.1650 1.9386 3.3524
v 63.1522 11.0195 4.1600
v 63.1325 9.4392 4.2484
v 63.1827 11.0091 4.3231
v 63.1441 11.8993 5.2469
v 63.1650 13.4391 -18.9522
v 63.1670 13.4393 -18.9367
v 63.1929 11.6784 -5.5165
v 63.2080 8.6644 -5.2876
v 63.2067 2.0002 -4.7563
v 63.1661 1.7228 -4.4176
v 63.2036 1.7211 -3.1547
v 63.1613 1.7211 -3.1131
v 63.1769 4.6486 -3.0561
v 63.1874 13.1445 -2.9897
v 63.1932 7.5760 -2.9997
v 63.2060 10.9171 -2.9527
v 63.1720 10.3602 -2.9020
v 63.1889 7.5760 -2.8486
v 63.1889 7.5760 1.4329
v 63.1628 10.8792 1.4898
v 63.1574 13.0748 1.5405
v 63.2116 10.3225 1.5279
v 63.1841 13.0758 1.5684
v 63.1932 7.5760 1.5841
v 63.1769 4.6486 1.6404
v 63.1613 1.7211 1.6974
v 63.2036 1.7211 1.7390
v 63.1767 2.0002 3.3681
v 63.2002 4.3869 3.5737
v 63.2428 11.0587 4.2889
v 63.2045 11.0937 4.4443
v 63.2004 11.8993 5.2003
v 63.1778 11.8993 5.2189
v 63.3927 5.2247 7.1080
v 63.2337 11.6612 -5.5343
v 63.2511 2.0002 -4.7817
v 63.2260 1.7211 -4.4185
v 63.2467 1.7211 -3.1956
v 63.2603 4.6486 -3.1381
v 63.2182 4.6486 -3.0974
v 63.2355 13.1445 -3.0388
v 63.2335 7.5760 -3.0408
v 63.2500 10.3602 -2.9842
v 63.2651 7.5760 -2.9303
v 63.2267 7.5760 -2.8898
v 63.2267 7.5760 1.4741
v 63.2651 7.5760 1.5146
v 63.2415 10.8657 1.5725
v 63.2381 13.0513 1.6234
v 63.2335 7.5760 1.6252
v 63.2182 4.6486 1.6818
v 63.2603 4.6486 1.7224
v 63.2467 1.7211 1.7799
v 63.0586 1.7564 3.1361
v 63.2478 2.0002 3.4092
v 63.0650 12.8368 3.6192
v 63.2303 5.5802 3.6851
v 63.2263 9.1373 3.9634
v 63.2805 9.0522 3.9842
v 63.2663 9.3203 4.0776
v 63.2685 11.1394 4.3620
v 63.2378 11.1151 4.4209
v 63.2567 11.8993 5.1536
v 63.2906 13.4392 -18.9600
v 63.3229 2.0002 -4.8215
v 63.2826 1.9972 -4.7991
v 63.3129 1.7211 -4.4716
v 63.2904 1.7211 -3.2357
v 63.3031 4.6486 -3.1779
v 63.2849 13.1445 -3.0872
v 63.3164 7.5760 -3.1208
v 63.3217 10.9171 -3.0684
v 63.2901 10.3602 -3.0243
v 63.3042 7.5760 -2.9701
v 63.3042 7.5760 1.5544
v 63.3227 10.8504 1.6521
v 63.2914 10.3104 1.6088
v 63.2793 13.0384 1.6636
v 63.3212 13.0246 1.7029
v 63.3164 7.5760 1.7052
v 63.3031 4.6486 1.7623
v 63.2904 1.7211 1.8200
v 63.3196 2.0002 3.4490
v 63.3013 5.9691 3.7529
v 63.3071 9.3550 4.2264
v 63.2940 11.9794 4.4018
v 63.2970 9.2231 4.4234
v 63.3130 11.8993 5.1070
v 63.2709 10.2154 6.5303
v 63.3531 6.8302 -5.2167
v 63.3371 1.7237 -4.5312
v 63.3349 1.7211 -3.2750
v 63.3465 4.6486 -3.2171
v 63.3607 13.1445 -3.1576
v 63.3588 7.5760 -3.1597
v 63.3723 10.3602 -3.1024
v 63.3441 7.5760 -3.0092
v 63.3441 7.5760 1.5936
v 63.3738 10.2967 1.6865
v 63.3464 13.0251 1.7263
v 63.3588 7.5760 1.7441
v 63.3465 4.6486 1.8014
v 63.3349 1.7211 1.8593
v 63.3487 1.9950 3.4644
v 63.3779 6.0120 3.7945
v 63.3357 8.9500 4.0031
v 63.3787 8.9435 4.0269
v 63.3444 9.1350 4.4414
v 63.3482 9.0934 4.4686
v 63.1984 11.9552 5.1090
v 63.3658 6.7520 5.0007
v 63.3693 11.8993 5.0603
v 63.3767 10.4843 6.2971
v 63.4160 13.4393 -18.9677
v 63.4074 11.6784 -5.6161
v 63.4356 6.8302 -5.2561
v 63.3955 2.0002 -4.8600
v 63.3739 1.9974 -4.8486
v 63.4259 1.7211 -3.3513
v 63.4038 13.1445 -3.1958
v 63.4019 7.5760 -3.1979
v 63.3886 13.1881 -3.1873
v 63.4088 10.9171 -3.1483
v 63.4257 7.5760 -3.0854
v 63.3846 7.5760 -3.0477
v 63.3846 7.5760 1.6320
v 63.4257 7.5760 1.6697
v 63.4064 10.8330 1.7286
v 63.4030 13.0239 1.7783
v 63.4019 7.5760 1.7822
v 63.4259 1.7211 1.9357
v 63.3143 13.1775 1.7524
v 63.3921 2.0002 3.4876
v 63.4173 8.7518 4.0251
v 63.6006 12.0672 4.5500
v 63.3490 9.1685 4.4139
v 63.3894 9.0124 4.4835
v 63.4256 11.8993 5.0137
v 63.3867 6.0113 6.8802
v 63.4659 11.7183 -5.6491
v 63.4686 2.0002 -4.8973
v 63.4723 1.7211 -3.3883
v 63.4809 4.6486 -3.3298
v 63.4917 13.1445 -3.2695
v 63.4902 7.5760 -3.2719
v 63.4475 13.1445 -3.2331
v 63.4572 10.3602 -3.1775
v 63.4676 7.5760 -3.1224
v 63.4676 7.5760 1.7067
v 63.4585 10.2814 1.7611
v 63.4549 12.9769 1.8198
v 63.4924 10.8139 1.8017
v 63.4902 7.5760 1.8562
v 63.4809 4.6486 1.9142
v 63.4723 1.7211 1.9726
v 63.4402 1.7232 3.2250
v 63.4432 1.9038 3.5007
v 63.4653 2.0002 3.5249
v 63.4539 6.1045 3.8380
v 63.4777 8.6827 4.0487
v 63.4887 8.9004 4.4581
v 63.4674 8.8897 4.4848
v 63.4819 11.8993 4.9671
v 63.5398 13.4392 -18.9893
v 63.5154 11.6612 -5.6600
v 63.5093 11.6602 -5.6575
v 63.5443 6.1402 -5.2525
v 63.5425 2.0002 -4.9332
v 63.5432 1.9976 -4.9334
v 63.4942 2.0002 -4.9099
v 63.4943 1.9976 -4.9097
v 63.5194 1.7211 -3.4244
v 63.5270 4.6486 -3.3658
v 63.5370 13.1445 -3.3055
v 63.5352 7.5760 -3.3077
v 63.5447 10.3602 -3.2496
v 63.4989 10.9171 -3.2250
v 63.5100 7.5760 -3.1587
v 63.5100 7.5760 1.7430
v 63.5354 11.1609 1.8444
v 63.5352 7.5760 1.8921
v 63.5270 4.6486 1.9502
v 63.5194 1.7211 2.0088
v 63.5391 2.0002 3.5609
v 63.5374 6.1419 3.8789
v 63.5103 8.5599 4.0524
v 63.5462 8.5801 4.0744
v 63.6477 8.7406 4.2718
v 63.5110 8.7548 4.5240
v 63.5383 11.8993 4.9204
v 63.5229 6.9393 6.7884
v 63.5528 11.6784 -5.6773
v 63.6023 6.8302 -5.3302
v 63.5923 2.0002 -4.9566
v 63.5678 1.9989 -4.9450
v 63.5671 1.7211 -3.4597
v 63.7246 13.3563 -3.5354
v 63.6007 13.1445 -3.3541
v 63.5737 4.6486 -3.4010
v 63.5826 13.1445 -3.3406
v 63.5809 7.5760 -3.3428
v 63.5894 10.3602 -3.2845
v 63.5531 7.5760 -3.1942
v 63.5531 7.5760 1.7785
v 63.5912 10.2550 1.8679
v 63.5809 7.5760 1.9271
v 63.5737 4.6486 1.9853
v 63.5671 1.7211 2.0441
v 63.5907 1.9976 3.5850
v 63.3698 12.6072 3.8754
v 63.5772 8.4440 4.0735
v 63.5826 8.4589 4.0769
v 63.5810 8.3505 4.0660
v 63.5585 8.7404 4.4854
v 63.5639 8.6323 4.5399
v 63.5753 11.7170 -5.6936
v 63.6169 2.0002 -4.9679
v 62.7440 13.4163 -2.7781
v 63.6155 1.7211 -3.4942
v 63.6210 4.6486 -3.4354
v 63.6289 13.1445 -3.3748
v 63.6272 7.5760 -3.3771
v 63.6279 10.9171 -3.3257
v 63.6411 7.5760 -3.2629
v 63.6411 7.5760 1.8473
v 63.6295 10.7801 1.9083
v 63.6364 12.9151 1.9600
v 63.6272 7.5760 1.9614
v 63.6210 4.6486 2.0197
v 63.6155 1.7211 2.0786
v 63.6238 1.7285 3.3580
v 63.6135 2.0002 3.5957
v 63.7854 1.8866 3.6466
v 63.6262 5.5720 3.8741
v 63.6139 8.5086 4.5539
v 63.6484 8.4184 4.5628
v 63.6638 13.4391 -19.0109
v 63.6998 11.6784 -5.7341
v 63.7006 6.1402 -5.3185
v 63.6919 2.0002 -5.0013
v 63.6706 13.4393 -3.7640
v 63.7131 13.1445 -3.4340
v 63.6741 7.5760 -3.4105
v 63.6805 10.3602 -3.3519
v 63.6860 7.5760 -3.2961
v 63.6860 7.5760 1.8805
v 63.6746 12.9163 1.9885
v 63.6803 10.7661 1.9448
v 63.6741 7.5760 1.9948
v 63.7062 12.8829 2.0084
v 63.6689 4.6486 2.0533
v 63.6443 13.0304 2.0014
v 63.7174 4.6486 2.0860
v 63.6644 1.7211 2.1122
v 63.6885 2.0002 3.6291
v 63.6886 6.1301 3.9423
v 63.6902 8.0586 4.0890
v 63.6894 8.0198 4.0850
v 63.6789 8.3344 4.5703
v 63.7144 8.2862 4.5544
v 63.6943 8.5140 6.5624
v 64.2816 11.7970 -5.9614
v 63.7607 6.8302 -5.3940
v 63.7676 2.0002 -5.0333
v 63.7640 1.7211 -3.5925
v 63.7664 4.6486 -3.5335
v 63.7711 13.1445 -3.4725
v 63.7696 7.5760 -3.4749
v 63.7231 13.1445 -3.4408
v 63.7739 10.3602 -3.4161
v 63.7242 10.9171 -3.3943
v 63.7315 7.5760 -3.3286
v 63.7315 7.5760 1.9129
v 63.7300 10.2247 1.9680
v 63.7383 12.8589 2.0293
v 63.7694 10.7429 2.0055
v 63.7215 7.5760 2.0275
v 63.7696 7.5760 2.0592
v 63.7664 4.6486 2.1178
v 63.7640 1.7211 2.1768
v 63.7641 2.0002 3.6612
v 63.7667 6.5413 4.0041
v 63.8110 7.3980 4.0904
v 63.7465 8.1313 4.5849
v 63.7426 8.8169 6.5370
v 63.7413 8.8026 6.5393
v 63.7215 8.6154 6.5669
v 63.7895 13.4392 -19.0152
v 63.3274 11.8046 -17.6531
v 63.8146 1.7211 -3.6235
v 63.8160 4.6486 -3.5644
v 63.8287 13.1445 -3.5091
v 63.8181 7.5760 -3.5058
v 63.8215 10.3602 -3.4470
v 63.7775 7.5760 -3.3602
v 63.7775 7.5760 1.9445
v 63.7771 12.8529 2.0551
v 63.8217 10.7274 2.0391
v 63.8159 12.8530 2.0811
v 63.8181 7.5760 2.0902
v 63.8160 4.6486 2.1488
v 63.8146 1.7211 2.2079
v 63.8112 7.0649 4.0629
v 63.8119 6.8379 4.0433
v 63.4288 13.2547 -19.4910
v 63.8591 6.1402 -5.3792
v 63.8437 2.0002 -5.0641
v 63.8019 1.9443 -5.0396
v 63.8657 1.7211 -3.6536
v 63.8661 4.6486 -3.5946
v 63.8687 13.1445 -3.5335
v 63.8672 7.5760 -3.5359
v 63.8614 10.9171 -3.4834
v 63.8711 7.5760 -3.4210
v 63.8711 7.5760 2.0054
v 63.8491 12.8173 2.0996
v 63.8730 10.1912 2.0601
v 63.8799 12.7926 2.1174
v 63.8672 7.5760 2.1203
v 63.8661 4.6486 2.1789
v 63.8657 1.7211 2.2380
v 63.8440 1.7228 3.4043
v 63.8949 1.9436 3.7024
v 63.8402 2.0002 3.6920
v 63.8678 5.6910 3.9784
v 63.8761 8.1991 4.3028
v 64.1627 13.4382 -19.0699
v 63.9109 7.5202 -5.4999
v 63.9438 2.0002 -5.1021
v 63.9438 1.9976 -5.1019
v 63.9204 2.0002 -5.0935
v 63.8929 1.9976 -5.0829
v 63.5231 1.8374 -4.8767
v 63.9174 1.7211 -3.6829
v 63.9167 4.6486 -3.6238
v 63.9182 13.1445 -3.5627
v 63.9168 7.5760 -3.5651
v 63.9181 10.3602 -3.5062
v 63.9187 7.5760 -3.4502
v 63.9187 7.5760 2.0345
v 63.9132 10.7019 2.0946
v 63.9209 12.7847 2.1417
v 63.9168 7.5760 2.1495
v 63.9526 12.8930 2.1870
v 63.9167 4.6486 2.2081
v 63.9174 1.7211 2.2672
v 63.9169 2.0002 3.7215
v 63.9782 6.3368 4.0960
v 64.0020 6.5114 4.4693
v 63.9986 11.6784 -5.8347
v 63.9593 11.6612 -5.8206
v 63.9976 2.0002 -5.1215
v 63.9693 1.9989 -5.1113
v 63.9696 1.7211 -3.7112
v 63.9679 4.6486 -3.6521
v 63.9473 13.1445 -3.5793
v 63.9670 7.5760 -3.5935
v 63.9632 10.9171 -3.5435
v 63.9668 7.5760 -3.4785
v 63.9668 7.5760 2.0629
v 63.9668 10.6851 2.1252
v 63.9888 12.7510 2.1792
v 63.9670 7.5760 2.1778
v 63.9679 4.6486 2.2365
v 63.9696 1.7211 2.2956
v 63.9940 2.0002 3.7496
v 63.9298 6.1369 4.0395
v 63.9933 5.1857 3.9850
v 64.0376 11.6612 -5.8445
v 64.0302 6.1402 -5.4380
v 64.0462 2.0002 -5.1384
v 64.0308 1.7248 -4.8653
v 64.0222 1.7211 -3.7386
v 64.2991 13.2472 -3.7721
v 64.0195 4.6486 -3.6796
v 64.0189 13.1445 -3.6185
v 64.0176 7.5760 -3.6210
v 64.0168 10.3602 -3.5621
v 64.0154 7.5760 -3.5060
v 64.0154 7.5760 2.0904
v 64.0207 10.6678 2.1546
v 64.0331 12.7474 2.2041
v 64.0176 7.5760 2.2053
v 64.1260 12.7206 2.2520
v 64.0195 4.6486 2.2639
v 64.0222 1.7211 2.3230
v 64.1702 12.9218 2.4277
v 64.2028 1.8864 3.7958
v 64.0556 5.2717 4.0268
v 64.0467 11.7292 -5.8602
v 64.0961 6.8302 -5.5093
v 64.0752 2.0002 -5.1482
v 64.0844 1.7228 -4.8680
v 64.3124 13.4366 -4.0285
v 64.0754 1.7211 -3.7651
v 64.0716 4.6486 -3.7061
v 64.0688 13.1445 -3.6445
v 64.0686 7.5760 -3.6476
v 64.0592 11.2883 -3.6030
v 64.0645 7.5760 -3.5327
v 64.0645 7.5760 2.1170
v 64.0601 12.7126 2.2162
v 64.0747 12.6946 2.2230
v 64.0695 10.1418 2.1701
v 64.0686 7.5760 2.2319
v 64.0716 4.6486 2.2905
v 64.0754 1.7211 2.3495
v 64.0717 2.0002 3.7764
v 64.0761 4.9716 3.9964
v 64.1501 11.6784 -5.8784
v 64.1534 2.0002 -5.1736
v 64.0874 1.9124 -5.1364
v 64.1378 1.7215 -4.8701
v 64.1290 1.7211 -3.7907
v 64.1242 4.6486 -3.7318
v 64.1214 13.1445 -3.6707
v 64.1683 10.3602 -3.6392
v 64.1202 7.5760 -3.6733
v 64.1173 10.3602 -3.6144
v 64.1640 7.5760 -3.5834
v 64.1140 7.5760 -3.5585
v 64.1140 7.5760 2.1428
v 64.1344 12.6737 2.2526
v 64.1631 10.9618 2.2328
v 64.1202 7.5760 2.2576
v 64.1242 4.6486 2.3161
v 64.1290 1.7211 2.3750
v 64.1313 1.7228 3.5137
v 64.2964 1.7653 3.7194
v 64.1479 2.0002 3.8012
v 64.1602 4.8259 4.0117
v 64.1621 5.0937 4.4778
v 64.1952 11.6612 -5.8886
v 64.1925 6.1402 -5.4875
v 64.2014 2.0002 -5.1884
v 64.1741 1.7261 -4.9233
v 64.1830 1.7211 -3.8153
v 64.1772 4.6486 -3.7565
v 64.1930 13.1445 -3.7046
v 64.2245 7.5760 -3.7219
v 64.2143 10.9171 -3.6715
v 64.2144 7.5760 -3.6074
v 64.2144 7.5760 2.1918
v 64.1806 12.6706 2.2757
v 64.1783 12.6397 2.2724
v 64.2224 10.1006 2.2438
v 64.2101 12.6331 2.2872
v 64.2245 7.5760 2.3063
v 64.1772 4.6486 2.3408
v 64.1830 1.7211 2.3996
v 64.1774 1.7237 3.5430
v 64.1924 5.0428 4.4790
v 64.2204 4.9781 4.4989
v 64.2603 6.8302 -5.5563
v 64.2319 2.0002 -5.1976
v 64.0610 1.7727 -5.0218
v 64.2374 1.7211 -3.8390
v 64.2774 7.5760 -3.7449
v 64.2306 4.6486 -3.7803
v 64.2785 13.1445 -3.7423
v 64.2715 10.3602 -3.6863
v 64.2652 7.5760 -3.6306
v 64.2652 7.5760 2.2149
v 64.2686 10.5894 2.2738
v 64.2549 12.6304 2.3084
v 64.2774 7.5760 2.3292
v 64.2306 4.6486 2.3646
v 64.2374 1.7211 2.4233
v 64.2381 1.7211 3.5158
v 64.2283 2.0002 3.8258
v 64.1487 4.9458 4.0229
v 64.2406 4.7386 4.0294
v 64.2880 4.6716 4.0371
v 64.2327 4.9621 4.4996
v 64.2725 4.9147 4.5022
v 64.2937 7.2340 -18.2473
v 62.9225 11.8801 -5.5464
v 64.1352 11.9368 -6.1190
v 64.3028 11.6784 -5.9177
v 64.3109 2.0002 -5.2202
v 64.2923 1.7211 -3.8617
v 64.2844 4.6486 -3.8031
v 64.3195 13.1445 -3.7594
v 64.3306 7.5760 -3.7669
v 64.3228 10.9171 -3.7186
v 64.3164 7.5760 -3.6528
v 64.3164 7.5760 2.2372
v 64.2854 12.5809 2.3189
v 64.3255 10.5692 2.2975
v 64.3306 7.5760 2.3513
v 64.2844 4.6486 2.3875
v 64.2923 1.7211 2.4460
v 64.3267 1.7228 3.5755
v 64.3042 2.0002 3.8476
v 64.2265 4.8169 4.0344
v 64.3373 4.6132 4.0458
v 64.3079 4.8929 4.4882
v 64.3377 4.8478 4.5065
v 64.3527 7.2330 -18.2512
v 64.3897 11.6875 -5.9388
v 64.3498 6.8302 -5.5794
v 64.3902 2.0002 -5.2414
v 64.3851 13.1445 -3.7854
v 64.3762 10.3602 -3.7296
v 64.3680 7.5760 -3.6742
v 64.3680 7.5760 2.2585
v 64.3827 10.5485 2.3201
v 64.3570 12.5539 2.3481
v 64.3930 12.5200 2.3611
v 64.3802 1.7215 3.5745
v 64.3865 2.0002 3.8698
v 64.3868 4.8043 4.5096
v 64.4477 9.4393 -18.2187
v 67.3543 11.8752 -18.1165
v 64.4156 11.6612 -5.9417
v 64.4040 11.6602 -5.9392
v 64.4388 6.8302 -5.6007
v 64.4250 1.7237 -4.9816
v 64.4482 4.6486 -3.8660
v 64.4031 1.7211 -3.9042
v 64.4482 13.1445 -3.8089
v 64.4381 7.5760 -3.8082
v 64.4291 10.3602 -3.7500
v 64.4200 7.5760 -3.6947
v 64.4200 7.5760 2.2790
v 64.4332 10.0402 2.3299
v 64.4310 12.5094 2.3755
v 64.4381 7.5760 2.3925
v 64.4482 4.6486 2.4503
v 64.4031 1.7211 2.4886
v 64.4080 1.7212 3.5698
v 64.3307 4.9247 4.1606
v 64.4695 7.2340 -18.2591
v 64.4566 11.6784 -5.9525
v 64.4699 2.0002 -5.2612
v 64.4890 13.4393 -4.1391
v 64.4591 1.7211 -3.9240
v 64.5034 4.6486 -3.8850
v 64.4933 13.1445 -3.8248
v 64.4923 7.5760 -3.8274
v 64.4755 10.9171 -3.7772
v 64.4723 7.5760 -3.7142
v 64.4723 7.5760 2.2986
v 64.4827 10.5149 2.3567
v 64.4815 12.4969 2.3939
v 64.5015 12.4569 2.3992
v 64.4924 7.5760 2.4118
v 64.5034 4.6486 2.4694
v 64.4591 1.7211 2.5084
v 64.4713 1.7248 3.6310
v 64.5327 6.1402 -5.5720
v 64.5499 2.0002 -5.2797
v 64.6335 1.7343 -5.0900
v 64.5319 1.7212 -4.9764
v 64.5154 1.7211 -3.9429
v 64.5591 4.6486 -3.9031
v 64.5478 13.1445 -3.8430
v 64.5470 7.5760 -3.8457
v 64.5360 10.3602 -3.7878
v 64.5249 7.5760 -3.7329
v 64.5249 7.5760 2.3172
v 64.5406 10.4932 2.3761
v 64.5554 12.4596 2.4189
v 64.5470 7.5760 2.4300
v 64.5591 4.6486 2.4874
v 64.5154 1.7211 2.5272
v 64.5135 12.7091 2.7901
v 64.5619 12.6889 2.7917
v 64.5248 1.7228 3.6282
v 64.5120 4.7126 4.5167
v 64.5479 4.6904 4.5184
v 64.6059 6.8302 -5.6361
v 64.4052 1.9225 -5.2338
v 64.5833 1.7211 -4.9804
v 64.5649 13.4387 -4.1473
v 64.6150 4.6486 -3.9202
v 64.5720 1.7211 -3.9607
v 64.6027 13.1445 -3.8603
v 64.6019 7.5760 -3.8630
v 64.5822 13.1857 -3.8587
v 64.5877 10.9171 -3.8148
v 64.5779 7.5760 -3.7506
v 64.5779 7.5760 2.3349
v 64.5938 9.9922 2.3842
v 64.5855 12.4185 2.4264
v 64.6103 12.3920 2.4332
v 64.6019 7.5760 2.4474
v 64.6150 4.6486 2.5045
v 64.5720 1.7211 2.5451
v 64.5782 1.7215 3.6247
v 64.5728 1.9011 3.8982
v 64.5705 4.6858 4.5044
v 67.8439 7.0084 -18.3640
v 67.1571 11.7280 -18.1289
v 64.6302 2.0002 -5.2967
v 64.6153 1.9641 -5.2893
v 64.6403 13.4381 -4.1554
v 65.0695 13.3706 -4.0610
v 64.6289 1.7211 -3.9776
v 64.6712 4.6486 -3.9363
v 64.6579 13.1445 -3.8767
v 64.6571 7.5760 -3.8794
v 64.6441 10.3602 -3.8219
v 64.6311 7.5760 -3.7674
v 64.6311 7.5760 2.3517
v 64.6648 12.3589 2.4487
v 64.6418 10.4581 2.4073
v 64.6571 7.5760 2.4637
v 64.6712 4.6486 2.5206
v 64.6289 1.7211 2.5619
v 64.6297 1.7212 3.6282
v 64.7033 4.6376 4.4557
v 64.6380 4.6410 4.5219
v 64.6861 1.7211 -3.9935
v 64.7277 4.6486 -3.9514
v 64.7112 13.1445 -3.8915
v 64.7126 7.5760 -3.8947
v 64.7011 10.9171 -3.8483
v 64.6847 7.5760 -3.7832
v 64.6847 7.5760 2.3676
v 64.7001 10.4356 2.4237
v 64.6932 12.3416 2.4564
v 64.7126 7.5760 2.4791
v 64.7277 4.6486 2.5358
v 64.6861 1.7211 2.5778
v 64.6812 1.7211 3.6310
v 64.7222 1.7248 3.6870
v 64.7072 2.0002 3.9410
v 64.7886 1.9982 3.9554
v 64.7325 3.0092 4.0172
v 64.6826 4.6274 4.5060
v 64.7799 1.7215 -5.0367
v 64.7436 1.7211 -4.0083
v 64.7844 4.6486 -3.9656
v 64.7690 13.1445 -3.9064
v 64.7683 7.5760 -3.9092
v 64.7533 10.3602 -3.8522
v 64.7385 7.5760 -3.7981
v 64.7385 7.5760 2.3825
v 64.7586 10.4128 2.4389
v 64.7687 12.2949 2.4754
v 64.7683 7.5760 2.4935
v 64.7844 4.6486 2.5499
v 64.7436 1.7211 2.5927
v 64.7755 1.7228 3.6812
v 64.7880 2.0002 3.9553
v 64.7609 4.3434 4.1172
v 64.7401 4.5944 4.5244
v 64.7773 4.5795 4.5249
v 64.8315 1.7212 -5.0378
v 64.8414 4.6486 -3.9787
v 64.8013 1.7211 -4.0222
v 64.8451 13.1445 -3.9244
v 64.8243 7.5760 -3.9226
v 64.8083 10.3602 -3.8659
v 64.7925 7.5760 -3.8121
v 64.8106 9.9252 2.4430
v 64.7925 7.5760 2.3965
v 64.8095 12.2814 2.4855
v 64.8613 12.2360 2.4961
v 64.8243 7.5760 2.5070
v 64.8414 4.6486 2.5631
v 64.8013 1.7211 2.6065
v 64.8273 1.7220 3.6823
v 64.9972 1.7449 3.8144
v 64.8192 3.1547 4.0420
v 64.8206 4.3035 4.1237
v 64.8019 4.5759 4.5101
v 64.8807 11.6612 -6.0224
v 64.8781 6.1402 -5.6325
v 64.8830 1.7211 -5.0382
v 64.8593 1.7211 -4.0350
v 64.8986 4.6486 -3.9909
v 64.8704 13.1445 -3.9300
v 64.8805 7.5760 -3.9351
v 64.8616 11.2883 -3.8948
v 64.9013 7.5760 -3.8372
v 64.8468 7.5760 2.4095
v 64.8885 12.2342 2.5025
v 64.8805 7.5760 2.5194
v 64.8986 4.6486 2.5752
v 64.8593 1.7211 2.6194
v 65.3427 12.2791 2.8408
v 64.8791 1.7215 3.6828
v 64.8691 2.0002 3.9682
v 64.9253 1.9536 3.9709
v 64.8997 2.9774 4.0415
v 64.8876 4.2881 4.1326
v 64.8495 4.5535 4.5253
v 64.9074 7.2340 -18.2810
v 64.9310 11.9393 -10.7414
v 64.9931 11.7248 -6.0473
v 64.9562 6.8302 -5.6913
v 64.9542 2.0002 -5.3508
v 64.9269 13.4393 -4.2470
v 64.9175 1.7211 -4.0469
v 64.9560 4.6486 -4.0020
v 64.9375 13.1445 -3.9438
v 64.9370 7.5760 -3.9466
v 64.9190 10.3602 -3.8904
v 64.9561 7.5760 -3.8484
v 64.9561 7.5760 2.4327
v 64.9208 10.3518 2.4750
v 64.9418 12.1856 2.5119
v 64.9370 7.5760 2.5309
v 64.9560 4.6486 2.5864
v 64.9175 1.7211 2.6312
v 64.9307 1.7212 3.6827
v 64.9505 2.0002 3.9796
v 64.9289 4.2640 4.1365
v 64.9908 4.4777 4.2365
v 64.9231 4.5305 4.5248
v 64.9656 7.2330 -18.2828
v 64.8024 11.6530 -18.1978
v 64.9316 11.8909 -6.1626
v 65.0015 11.6784 -6.0384
v 64.9991 1.9976 -5.3563
v 64.9786 1.7237 -5.0916
v 65.0033 13.4387 -4.2456
v 64.9758 1.7211 -4.0577
v 65.0135 4.6486 -4.0122
v 64.9802 13.1445 -3.9518
v 64.9936 7.5760 -3.9570
v 64.9758 10.9171 -3.9114
v 65.0110 7.5760 -3.8586
v 65.0110 7.5760 2.4429
v 64.9806 10.3275 2.4861
v 65.0109 12.1786 2.5262
v 64.9936 7.5760 2.5414
v 65.0135 4.6486 2.5965
v 64.9758 1.7211 2.6420
v 64.9822 1.7211 3.6819
v 64.9965 1.9976 3.9853
v 64.9790 3.1265 4.0626
v 65.0128 4.2386 4.1450
v 65.0701 9.4393 -18.2474
v 65.0433 11.6612 -6.0408
v 65.0465 6.1402 -5.6530
v 65.0357 2.0002 -5.3608
v 65.0304 1.7228 -5.0904
v 65.0344 1.7211 -4.0675
v 65.0508 13.1445 -3.9638
v 65.0504 7.5760 -3.9666
v 65.0305 10.3602 -3.9111
v 65.0660 7.5760 -3.8678
v 65.0327 9.8533 2.4868
v 65.0660 7.5760 2.4521
v 65.0756 12.1871 2.5430
v 65.0364 12.1371 2.5284
v 65.0554 12.1122 2.5306
v 65.0504 7.5760 2.5509
v 65.0344 1.7211 2.6518
v 65.0327 1.7211 3.6884
v 65.0320 2.0002 3.9897
v 65.0558 4.5001 4.5067
v 65.0823 7.2340 -18.2867
v 65.0949 11.9392 -6.3418
v 65.1261 6.8302 -5.7091
v 65.1174 2.0002 -5.3693
v 64.8313 1.7658 -5.2070
v 65.0814 1.7228 -5.0963
v 65.0791 13.4381 -4.2442
v 65.0931 1.7211 -4.0763
v 65.1164 13.1445 -3.9735
v 65.1073 7.5760 -3.9751
v 65.0713 4.6486 -4.0213
v 65.0865 10.3602 -3.9200
v 65.1213 7.5760 -3.8760
v 65.0852 10.2882 2.5029
v 65.1213 7.5760 2.4604
v 65.1122 12.0750 2.5384
v 65.1073 7.5760 2.5594
v 65.0713 4.6486 2.6057
v 65.0931 1.7211 2.6606
v 65.0781 1.7248 3.7409
v 65.1630 1.8824 3.9790
v 65.1136 2.0002 3.9983
v 65.0715 2.9537 4.0609
v 65.0953 4.2471 4.1558
v 65.0735 4.4931 4.5209
v 65.1690 11.9393 -10.9258
v 65.1360 11.9393 -6.3492
v 65.1431 1.8812 -5.3502
v 65.1331 1.7220 -5.0938
v 65.1520 1.7211 -4.0840
v 65.1292 4.6486 -4.0295
v 65.1648 13.1445 -3.9798
v 65.1644 7.5760 -3.9826
v 65.1374 10.9171 -3.9370
v 65.1766 7.5760 -3.8833
v 65.1766 7.5760 2.4677
v 65.1468 12.0523 2.5427
v 65.1452 10.2634 2.5109
v 65.1644 7.5760 2.5669
v 65.1292 4.6486 2.6138
v 65.1520 1.7211 2.6684
v 65.1300 1.7237 3.7385
v 65.1497 2.8834 4.0635
v 65.1555 4.4774 4.5171
v 65.2183 6.8302 -5.7164
v 65.1992 2.0002 -5.3764
v 65.2356 1.7215 -5.0948
v 65.2110 1.7211 -4.0907
v 65.1872 4.6486 -4.0366
v 65.2219 13.1445 -3.9863
v 65.2216 7.5760 -3.9891
v 65.1989 10.3602 -3.9348
v 65.2321 7.5760 -3.8896
v 65.2321 7.5760 2.4740
v 65.2225 12.0022 2.5507
v 65.2052 10.2384 2.5177
v 65.2216 7.5760 2.5734
v 65.1872 4.6486 2.6210
v 65.2110 1.7211 2.6751
v 65.2329 1.7228 3.7397
v 65.1920 4.4738 4.4983
v 65.2693 11.6612 -6.0580
v 65.2811 2.0002 -5.3821
v 65.2871 1.7212 -5.0905
v 65.2701 1.7211 -4.0964
v 65.2454 4.6486 -4.0427
v 65.2533 13.1445 -3.9894
v 65.2790 7.5760 -3.9946
v 65.2549 10.9171 -3.9504
v 65.2877 7.5760 -3.8950
v 65.2877 7.5760 2.4793
v 65.2827 11.9622 2.5557
v 65.2571 9.7785 2.5150
v 65.2809 12.0315 2.5619
v 65.2790 7.5760 2.5790
v 65.2454 4.6486 2.6271
v 65.2701 1.7211 2.6808
v 65.2840 1.7228 3.7432
v 65.2800 1.9640 4.0076
v 65.2678 4.1853 4.1637
v 65.6361 4.3823 4.2989
v 65.3159 11.6784 -6.0623
v 65.3095 6.8302 -5.7219
v 65.3229 1.9976 -5.3843
v 65.3380 1.7212 -5.0935
v 65.3292 1.7211 -4.1011
v 65.3036 4.6486 -4.0478
v 65.3338 13.2544 -4.0157
v 65.3366 13.1445 -3.9963
v 65.3364 7.5760 -3.9991
v 65.3117 10.3602 -3.9456
v 65.3433 7.5760 -3.8994
v 65.3433 7.5760 2.4837
v 65.2982 11.9518 2.5569
v 65.3103 10.1980 2.5270
v 64.8939 12.3318 2.5211
v 65.3364 7.5760 2.5835
v 65.3036 4.6486 2.6322
v 65.3292 1.7211 2.6854
v 65.3356 1.7220 3.7384
v 65.3157 2.8721 4.0743
v 65.3821 11.7235 -6.0738
v 65.3962 6.1402 -5.6773
v 65.3632 2.0002 -5.3864
v 65.3889 1.7212 -5.0958
v 65.3885 1.7211 -4.1047
v 65.3620 4.6486 -4.0519
v 65.3909 13.1445 -3.9997
v 65.3938 7.5760 -4.0027
v 65.3728 10.9171 -3.9596
v 65.3991 7.5760 -3.9028
v 65.3991 7.5760 2.4871
v 65.3704 10.1726 2.5308
v 65.3891 11.9221 2.5636
v 65.3963 11.8859 2.5623
v 65.3938 7.5760 2.5870
v 65.3620 4.6486 2.6362
v 65.3885 1.7211 2.6891
v 65.3867 1.7220 3.7408
v 65.3594 2.0002 4.0156
v 65.4436 1.9984 4.0186
v 65.3978 3.0854 4.0929
v 65.3652 4.1731 4.1679
v 65.4323 11.9393 -11.0718
v 65.4329 11.6612 -6.0646
v 65.4452 2.0002 -5.3892
v 65.4401 1.7211 -5.0897
v 65.4478 1.7211 -4.1073
v 65.4204 4.6486 -4.0550
v 65.4515 13.1445 -4.0023
v 65.4514 7.5760 -4.0052
v 65.4249 10.3602 -3.9525
v 65.4549 7.5760 -3.9052
v 65.4549 7.5760 2.4896
v 65.4305 10.1471 2.5334
v 65.4494 11.8501 2.5640
v 65.4514 7.5760 2.5895
v 65.4204 4.6486 2.6393
v 65.4478 1.7211 2.6916
v 65.4378 1.7220 3.7425
v 65.4414 2.0002 4.0185
v 65.4334 4.1766 4.1706
v 65.4735 11.6784 -6.0673
v 65.4802 6.8302 -5.7277
v 65.4552 1.9563 -5.3842
v 65.5164 1.7212 -5.0951
v 65.5071 1.7211 -4.1089
v 65.4788 4.6486 -4.0570
v 65.5090 13.1445 -4.0039
v 65.5089 7.5760 -4.0067
v 65.4815 10.3602 -3.9545
v 65.5107 7.5760 -3.9067
v 65.5107 7.5760 2.4910
v 65.4821 9.7022 2.5274
v 65.4911 11.8353 2.5654
v 65.5089 7.5760 2.5910
v 65.4788 4.6486 2.6413
v 65.5071 1.7211 2.6932
v 65.4890 1.7220 3.7437
v 65.4855 3.0819 4.0950
v 65.4735 4.4427 4.4914
v 65.5219 7.2340 -18.2933
v 65.5523 11.6784 -6.0681
v 65.5659 6.1402 -5.6802
v 65.5273 2.0002 -5.3906
v 65.5673 1.7212 -5.0954
v 65.5665 1.7211 -4.1094
v 65.5373 4.6486 -4.0580
v 65.5287 13.1445 -4.0041
v 65.5665 7.5760 -4.0072
v 65.5363 10.9171 -3.9652
v 65.5665 7.5760 -3.9072
v 65.5665 7.5760 2.4915
v 65.5357 10.1061 2.5354
v 65.5706 11.7814 2.5654
v 65.5665 7.5760 2.5915
v 65.5503 11.9141 2.5870
v 65.5373 4.6486 2.6424
v 65.5665 1.7211 2.6937
v 65.5401 1.7220 3.7443
v 65.5236 2.0002 4.0199
v 65.5996 4.1707 4.1718
v 65.5222 4.1617 4.1711
v 65.5792 7.2330 -18.2931
v 65.6095 2.0002 -5.3906
v 65.3809 1.7338 -5.1810
v 65.6182 1.7212 -5.0951
v 65.6259 1.7211 -4.1089
v 65.5957 4.6486 -4.0580
v 65.6241 13.1445 -4.0039
v 65.6241 7.5760 -4.0067
v 65.5949 10.3602 -3.9555
v 65.6224 7.5760 -3.9067
v 65.6224 7.5760 2.4910
v 65.5916 10.3617 2.5399
v 65.6231 11.7321 2.5636
v 65.6241 7.5760 2.5910
v 65.5957 4.6486 2.6424
v 65.6259 1.7211 2.6932
v 65.5913 1.7220 3.7443
v 65.6708 9.7543 -18.2485
v 65.6510 6.8302 -5.7277
v 65.6385 1.9738 -5.3877
v 65.6692 1.7212 -5.0942
v 65.6852 1.7211 -4.1073
v 65.6542 4.6486 -4.0570
v 65.6665 13.1445 -4.0028
v 65.6817 7.5760 -4.0052
v 65.6545 10.9171 -3.9642
v 65.6782 7.5760 -3.9052
v 65.6782 7.5760 2.4896
v 65.6760 11.6960 2.5616
v 65.6559 10.0547 2.5334
v 65.6194 11.7734 2.5664
v 65.6817 7.5760 2.5895
v 65.6542 4.6486 2.6413
v 65.6852 1.7211 2.6916
v 65.6425 1.7220 3.7438
v 65.7569 1.8209 3.9701
v 65.6583 2.0073 4.0196
v 65.6957 7.2340 -18.2929
v 65.7422 6.8302 -5.7253
v 65.6916 2.0002 -5.3891
v 65.7457 1.7212 -5.0957
v 65.7445 1.7211 -4.1047
v 65.7127 4.6486 -4.0550
v 65.7390 13.1445 -3.9998
v 65.7392 7.5760 -4.0027
v 65.7082 10.3602 -3.9525
v 65.7340 7.5760 -3.9028
v 65.7340 7.5760 2.4871
v 65.7179 11.6813 2.5601
v 65.7070 9.6251 2.5241
v 65.7392 7.5760 2.5870
v 65.7127 4.6486 2.6393
v 65.7445 1.7211 2.6891
v 65.6936 1.7220 3.7426
v 65.7737 2.0002 -5.3862
v 65.7966 1.7212 -5.0934
v 65.7710 4.6486 -4.0519
v 65.7742 13.1445 -3.9978
v 65.7967 7.5760 -3.9991
v 65.7667 10.9171 -3.9592
v 65.7897 7.5760 -3.8994
v 65.7897 7.5760 2.4837
v 65.7697 11.6737 2.5587
v 65.7928 11.6163 2.5542
v 65.7608 10.0136 2.5281
v 65.7967 7.5760 2.5835
v 65.7710 4.6486 2.6362
v 65.7959 1.7220 3.7385
v 65.8231 11.6612 -6.0601
v 65.8348 6.8302 -5.7213
v 65.8557 2.0002 -5.3819
v 65.8475 1.7212 -5.0904
v 65.8038 1.7211 -4.1011
v 66.3385 13.3861 -4.0263
v 65.8294 4.6486 -4.0478
v 65.8042 13.1445 -3.9958
v 65.8541 7.5760 -3.9946
v 65.8179 10.9171 -3.9557
v 65.8454 7.5760 -3.8950
v 65.8454 7.5760 2.4793
v 65.8452 11.6224 2.5523
v 65.8208 9.9879 2.5235
v 65.8541 7.5760 2.5790
v 65.8294 4.6486 2.6322
v 65.8038 1.7211 2.6854
v 65.8237 11.8992 3.0275
v 65.8474 1.7228 3.7433
v 65.7019 4.1929 4.1735
v 65.8675 11.6784 -6.0597
v 65.7968 1.8004 -5.3186
v 65.8990 1.7215 -5.0947
v 65.8630 1.7211 -4.0964
v 65.8876 4.6486 -4.0427
v 65.8199 13.2210 -4.0081
v 65.9111 13.1445 -3.9863
v 65.9114 7.5760 -3.9891
v 65.8778 10.3602 -3.9407
v 65.9009 7.5760 -3.8896
v 65.9009 7.5760 2.4740
v 65.8688 11.5813 2.5480
v 65.9022 11.5418 2.5434
v 65.8807 9.9622 2.5178
v 65.9114 7.5760 2.5734
v 65.8876 4.6486 2.6271
v 65.8630 1.7211 2.6808
v 65.8886 11.8928 2.9726
v 65.8986 1.7228 3.7398
v 65.9162 6.1402 -5.6679
v 65.9376 2.0002 -5.3761
v 65.8619 1.9821 -5.3800
v 65.9499 1.7215 -5.0906
v 65.9221 1.7211 -4.0907
v 65.9458 4.6486 -4.0366
v 65.9415 13.1445 -3.9830
v 65.9686 7.5760 -3.9826
v 65.9356 10.9171 -3.9444
v 65.9564 7.5760 -3.8833
v 65.9313 9.5481 2.5052
v 65.9564 7.5760 2.4677
v 65.9622 11.5010 2.5360
v 65.9686 7.5760 2.5669
v 65.9458 4.6486 2.6210
v 65.9221 1.7211 2.6751
v 65.9270 11.8321 3.0246
v 65.9503 1.7237 3.7434
v 65.9729 1.7430 3.8222
v 66.0052 6.8302 -5.7093
v 66.0194 2.0002 -5.3690
v 66.0015 1.7220 -5.0937
v 65.9811 1.7211 -4.0840
v 66.0038 4.6486 -4.0295
v 66.0253 13.1445 -3.9723
v 66.0257 7.5760 -3.9751
v 65.9904 10.3602 -3.9278
v 66.0118 7.5760 -3.8760
v 65.9853 9.9213 2.5052
v 66.0118 7.5760 2.4604
v 65.9776 11.4906 2.5339
v 66.0257 7.5760 2.5594
v 66.0038 4.6486 2.6138
v 65.9811 1.7211 2.6684
v 66.0014 1.7237 3.7387
v 66.0553 11.9393 -13.6710
v 66.0801 1.9596 -5.3579
v 66.0532 1.7228 -5.0961
v 66.1247 13.4393 -4.2607
v 66.0399 1.7211 -4.0763
v 66.0617 4.6486 -4.0213
v 66.0782 13.1445 -3.9644
v 66.0529 10.9171 -3.9288
v 66.0826 7.5760 -3.9666
v 66.0670 7.5760 -3.8678
v 66.0451 9.8959 2.4964
v 66.0670 7.5760 2.4521
v 66.0529 11.4398 2.5225
v 66.0826 7.5760 2.5509
v 66.0617 4.6486 2.6057
v 66.0399 1.7211 2.6606
v 66.0912 11.9392 -6.3372
v 66.1322 11.9392 -6.3294
v 66.0853 6.1402 -5.6531
v 66.1011 2.0002 -5.3603
v 66.1041 1.7228 -5.0902
v 66.1206 13.4381 -4.2343
v 66.0986 1.7211 -4.0675
v 66.1195 4.6486 -4.0122
v 66.1390 13.1445 -3.9543
v 66.1394 7.5760 -3.9570
v 66.1026 10.3602 -3.9111
v 66.1221 7.5760 -3.8586
v 66.1221 7.5760 2.4429
v 66.1048 9.8706 2.4864
v 66.1282 11.3893 2.5094
v 66.1394 7.5760 2.5414
v 66.1195 4.6486 2.5965
v 66.0986 1.7211 2.6518
v 66.2264 11.7014 2.9039
v 66.1054 1.7261 3.7429
v 66.2981 13.4374 -19.1258
v 66.1921 13.2869 -12.9777
v 66.0405 11.9393 -12.9541
v 66.1739 11.9392 -6.3289
v 66.1872 7.5202 -5.7387
v 66.1826 2.0002 -5.3503
v 66.1560 1.7237 -5.0914
v 66.1964 13.4387 -4.2344
v 66.1572 1.7211 -4.0577
v 66.1771 4.6486 -4.0020
v 66.1955 13.1445 -3.9438
v 66.1961 7.5760 -3.9466
v 66.1584 10.3602 -3.9012
v 66.1770 7.5760 -3.8484
v 66.1770 7.5760 2.4327
v 66.1699 11.3757 2.5021
v 66.1546 9.4721 2.4705
v 66.1961 7.5760 2.5309
v 66.1771 4.6486 2.5864
v 66.1572 1.7211 2.6420
v 66.1750 1.7212 3.6825
v 66.3202 1.7511 3.8001
v 66.2360 13.4393 -14.0426
v 66.2360 11.9393 -14.0426
v 66.2512 11.9393 -9.2839
v 66.2157 11.9393 -6.3283
v 66.2080 1.7248 -5.0920
v 66.2515 1.7211 -5.0380
v 66.2156 1.7211 -4.0469
v 66.2345 4.6486 -3.9909
v 66.2139 13.1445 -3.9402
v 66.2525 7.5760 -3.9351
v 66.2140 10.9171 -3.9004
v 66.2317 7.5760 -3.8372
v 66.2317 7.5760 2.4216
v 66.2035 11.3392 2.4945
v 66.2089 9.8306 2.4664
v 66.2525 7.5760 2.5194
v 66.2345 4.6486 2.5752
v 66.2156 1.7211 2.6312
v 66.2095 11.6582 2.9896
v 66.2524 1.7215 3.6830
v 66.6728 4.3293 4.1163
v 66.2306 8.9063 4.4659
v 66.2649 6.1402 -5.6311
v 66.2639 2.0002 -5.3388
v 66.3653 1.7500 -5.1609
v 66.3031 1.7212 -5.0375
v 66.2728 13.4393 -4.2343
v 66.2737 1.7211 -4.0350
v 66.2917 4.6486 -3.9787
v 66.3081 13.1445 -3.9199
v 66.3087 7.5760 -3.9226
v 66.2695 10.3602 -3.8786
v 66.2862 7.5760 -3.8252
v 66.2862 7.5760 2.4095
v 66.2788 11.2898 2.4777
v 66.2726 10.0516 2.4568
v 66.3087 7.5760 2.5070
v 66.2917 4.6486 2.5631
v 66.2737 1.7211 2.6194
v 66.3041 1.7220 3.6826
v 66.3524 13.2869 -13.9427
v 66.3524 11.7869 -13.9427
v 66.3107 11.9393 -11.2495
v 66.3380 11.6784 -6.0125
v 66.3572 6.8302 -5.6660
v 66.3450 2.0002 -5.3260
v 66.3547 1.7215 -5.0364
v 66.3317 1.7211 -4.0222
v 66.3486 4.6486 -3.9656
v 66.3485 13.1445 -3.9103
v 66.3295 10.9171 -3.8748
v 66.3647 7.5760 -3.9092
v 66.3405 7.5760 -3.8121
v 66.3272 9.7819 2.4393
v 66.3405 7.5760 2.3965
v 66.3161 11.2798 2.4695
v 66.3647 7.5760 2.4935
v 66.3486 4.6486 2.5499
v 66.3317 1.7211 2.6065
v 66.4898 11.5123 2.9067
v 66.3559 1.7228 3.6814
v 66.4160 11.6784 -6.0007
v 66.4052 2.0002 -5.3154
v 66.2338 1.8738 -5.3161
v 66.4064 1.7220 -5.0347
v 66.3894 1.7211 -4.0083
v 66.4054 4.6486 -3.9514
v 66.4197 13.1445 -3.8920
v 66.4204 7.5760 -3.8948
v 66.3797 10.3602 -3.8522
v 66.3946 7.5760 -3.7981
v 66.3946 7.5760 2.3825
v 66.3943 11.2296 2.4491
v 66.3745 9.3997 2.4206
v 66.4438 11.2753 2.4440
v 66.4204 7.5760 2.4791
v 66.4054 4.6486 2.5358
v 66.3894 1.7211 2.5927
v 66.4093 1.7248 3.6873
v 66.4710 13.1345 -13.8461
v 66.4710 11.6345 -13.8461
v 66.4629 11.9393 -6.2944
v 66.4550 11.6612 -5.9924
v 66.4325 6.1402 -5.6045
v 66.4259 2.0002 -5.3117
v 66.4597 1.7237 -5.0400
v 66.4469 1.7211 -3.9935
v 66.4618 4.6486 -3.9363
v 66.4752 13.1445 -3.8767
v 66.4759 7.5760 -3.8794
v 66.4344 10.3602 -3.8375
v 66.4484 7.5760 -3.7832
v 66.4484 7.5760 2.3676
v 66.4626 11.1723 2.4288
v 66.4287 9.7447 2.4123
v 66.1989 11.5396 2.5410
v 66.4759 7.5760 2.4637
v 66.4618 4.6486 2.5206
v 66.4469 1.7211 2.5778
v 66.4451 8.7046 4.3059
v 66.4970 4.4145 4.2677
v 66.5033 11.9392 -6.2836
v 66.5665 11.8753 -6.0956
v 66.5254 6.8302 -5.6364
v 66.5065 2.0002 -5.2960
v 66.6581 1.7369 -5.0577
v 66.5116 1.7248 -5.0370
v 66.5041 1.7211 -3.9776
v 66.4545 13.2412 -3.8949
v 66.5181 4.6486 -3.9202
v 66.4817 13.1445 -3.8748
v 66.5312 7.5760 -3.8630
v 66.4875 10.9171 -3.8325
v 66.5019 7.5760 -3.7674
v 66.5019 7.5760 2.3517
v 66.5223 11.1779 2.4136
v 66.4869 9.7218 2.3952
v 66.5312 7.5760 2.4474
v 66.5181 4.6486 2.5045
v 66.5041 1.7211 2.5619
v 66.5328 11.4523 2.9367
v 66.5472 13.4392 -19.0750
v 66.4809 11.9387 -6.2751
v 66.5713 11.6784 -5.9735
v 66.5868 2.0002 -5.2788
v 66.5513 1.7211 -4.9801
v 66.5610 1.7211 -3.9607
v 66.5740 4.6486 -3.9031
v 66.5852 13.1445 -3.8430
v 66.5431 10.3602 -3.8053
v 66.5861 7.5760 -3.8457
v 66.5552 7.5760 -3.7506
v 66.5552 7.5760 2.3349
v 66.5879 9.6863 2.3628
v 66.5361 9.3492 2.3734
v 66.5488 11.1335 2.4027
v 66.5707 11.1059 2.3946
v 66.5861 7.5760 2.4300
v 66.5740 4.6486 2.4874
v 66.5610 1.7211 2.5451
v 66.6160 11.6612 -5.9629
v 66.6148 6.8302 -5.6182
v 66.6045 1.7215 -4.9837
v 66.6176 1.7211 -3.9429
v 66.6296 4.6486 -3.8850
v 66.7765 13.2870 -3.8073
v 66.6134 13.1445 -3.8337
v 66.6001 11.2883 -3.8039
v 66.6407 7.5760 -3.8274
v 66.6081 7.5760 -3.7329
v 66.6081 7.5760 2.3172
v 66.6264 11.0899 2.3765
v 66.6458 9.6646 2.3426
v 66.6407 7.5760 2.4118
v 66.6296 4.6486 2.4694
v 66.6176 1.7211 2.5272
v 66.6067 1.7228 3.6286
v 66.6853 11.7810 -5.9785
v 66.6668 2.0002 -5.2603
v 66.6176 1.8995 -5.2551
v 66.6560 1.7220 -4.9790
v 66.6740 1.7211 -3.9240
v 66.6849 4.6486 -3.8660
v 66.6940 13.1445 -3.8056
v 66.6950 7.5760 -3.8082
v 66.6507 10.3602 -3.7693
v 66.6608 7.5760 -3.7142
v 66.7036 9.6435 2.3211
v 66.6608 7.5760 2.2986
v 66.6562 11.0553 2.3647
v 66.6950 7.5760 2.3925
v 66.6849 4.6486 2.4503
v 66.6740 1.7211 2.5084
v 66.6930 11.3636 2.8926
v 66.6980 1.7211 3.5731
v 66.6602 1.7248 3.6314
v 66.7370 11.9393 -16.2113
v 66.7324 11.9393 -16.0250
v 66.7104 13.4393 -12.1141
v 66.7255 11.6706 -5.9409
v 66.7053 6.8302 -5.5981
v 66.7465 2.0002 -5.2404
v 66.7095 1.7237 -4.9812
v 66.7299 1.7211 -3.9042
v 66.7398 4.6486 -3.8460
v 66.7432 13.1445 -3.7872
v 66.7118 10.9171 -3.7574
v 66.7489 7.5760 -3.7880
v 66.7568 10.3602 -3.7296
v 66.7131 7.5760 -3.6947
v 66.7131 7.5760 2.2790
v 66.7477 11.0454 2.3330
v 66.7551 9.6265 2.3009
v 66.7489 7.5760 2.3724
v 66.7398 4.6486 2.4303
v 66.7299 1.7211 2.4886
v 66.7863 1.8482 3.8444
v 66.6730 13.4391 -19.0762
v 66.7632 11.9393 -15.8413
v 66.7671 13.2869 -12.2565
v 66.7671 11.7869 -12.2565
v 66.7413 11.9393 -12.0985
v 66.8026 11.6784 -5.9243
v 66.7754 6.1402 -5.5317
v 66.7761 1.9976 -5.2325
v 66.7997 1.7212 -4.9236
v 66.7855 1.7211 -3.8834
v 66.7944 4.6486 -3.8250
v 66.8014 13.1445 -3.7643
v 66.8025 7.5760 -3.7669
v 66.8094 10.3602 -3.7084
v 66.7650 7.5760 -3.6742
v 66.7650 7.5760 2.2585
v 66.7726 11.0018 2.3204
v 66.8027 9.6119 2.2814
v 66.8025 7.5760 2.3513
v 66.6229 11.2324 2.4048
v 66.7944 4.6486 2.4094
v 66.7855 1.7211 2.4678
v 66.8274 13.1345 -12.3971
v 66.8373 11.6612 -5.9140
v 66.8710 6.8302 -5.5568
v 66.8258 2.0002 -5.2192
v 66.8531 1.7220 -4.9241
v 66.8408 1.7211 -3.8617
v 66.8486 4.6486 -3.8031
v 66.8557 7.5760 -3.7449
v 66.8709 13.1445 -3.7353
v 66.8634 10.9171 -3.6961
v 66.8166 7.5760 -3.6528
v 66.8678 7.5760 -3.6306
v 66.8678 7.5760 2.2149
v 66.8587 9.5934 2.2573
v 66.8166 7.5760 2.2372
v 66.8229 11.0043 2.3020
v 66.8557 7.5760 2.3292
v 66.8486 4.6486 2.3875
v 66.8408 1.7211 2.4460
v 67.1766 13.4374 -19.0704
v 66.8792 11.6784 -5.9056
v 66.9048 2.0002 -5.1965
v 66.9067 1.7237 -4.9238
v 66.8956 1.7211 -3.8390
v 66.9025 4.6486 -3.7803
v 66.9073 13.1445 -3.7194
v 66.9085 7.5760 -3.7219
v 66.9134 10.3602 -3.6632
v 66.9186 7.5760 -3.6074
v 66.9186 7.5760 2.1918
v 66.9033 9.2462 2.2308
v 66.9085 7.5760 2.3063
v 66.9025 4.6486 2.3646
v 66.8956 1.7211 2.4233
v 66.8752 11.2400 2.8527
v 67.0184 11.7532 -5.8874
v 66.9393 6.1402 -5.4878
v 66.9833 2.0002 -5.1724
v 66.9434 1.7211 -4.8709
v 66.9500 1.7211 -3.8153
v 66.9559 4.6486 -3.7565
v 66.9597 13.1445 -3.6955
v 66.9609 7.5760 -3.6980
v 66.9711 10.9171 -3.6470
v 66.9690 7.5760 -3.5834
v 66.9690 7.5760 2.1677
v 66.9551 9.5659 2.2129
v 66.9609 7.5760 2.2824
v 66.9559 4.6486 2.3408
v 66.9500 1.7211 2.3996
v 66.8873 11.2581 2.4316
v 66.9910 11.9392 -6.1798
v 67.0302 11.9392 -6.1656
v 67.0315 11.6784 -5.8649
v 66.9967 1.7215 -4.8696
v 67.0041 1.7211 -3.7907
v 67.0089 4.6486 -3.7318
v 66.9964 13.1445 -3.6781
v 67.0128 7.5760 -3.6733
v 67.0157 10.3602 -3.6144
v 67.0190 7.5760 -3.5585
v 67.0190 7.5760 2.1428
v 67.0013 10.8910 2.2171
v 67.0106 9.5496 2.1855
v 67.0128 7.5760 2.2576
v 67.0089 4.6486 2.3161
v 67.0041 1.7211 2.3750
v 67.1422 11.1696 2.6738
v 67.0713 11.9392 -6.1584
v 67.0745 11.6612 -5.8506
v 67.0562 7.5202 -5.5538
v 67.0614 2.0002 -5.1470
v 67.0577 1.7211 -3.7651
v 67.0614 4.6486 -3.7061
v 67.0631 13.1445 -3.6451
v 67.0644 7.5760 -3.6476
v 67.0662 10.3602 -3.5887
v 67.0685 7.5760 -3.5327
v 67.0546 9.2111 2.1564
v 67.0685 7.5760 2.1170
v 67.0907 10.8355 2.1696
v 67.0644 7.5760 2.2319
v 67.0614 4.6486 2.2905
v 67.0577 1.7211 2.3495
v 67.1125 11.9393 -6.1511
v 67.1072 11.6784 -5.8429
v 67.1123 6.1402 -5.4349
v 67.1390 2.0002 -5.1203
v 66.9883 13.4393 -4.0079
v 67.1108 1.7211 -3.7386
v 67.1135 4.6486 -3.6796
v 67.1193 13.1445 -3.6157
v 67.1155 7.5760 -3.6210
v 67.1169 10.9171 -3.5728
v 67.1176 7.5760 -3.5060
v 67.1176 7.5760 2.0904
v 67.1117 10.8269 2.1583
v 67.1060 9.5259 2.1354
v 67.1155 7.5760 2.2053
v 67.1135 4.6486 2.2639
v 67.1108 1.7211 2.3230
v 67.1907 13.4393 -14.6009
v 67.1563 11.9393 -14.5971
v 67.1599 13.2869 -14.4438
v 67.1599 11.7869 -14.4438
v 67.1675 11.6345 -14.2910
v 67.1826 11.6784 -5.8198
v 67.2102 6.8302 -5.4530
v 67.1412 1.9295 -5.1088
v 67.1875 13.4387 -3.9024
v 67.1634 1.7211 -3.7112
v 67.1651 4.6486 -3.6521
v 67.1647 13.1445 -3.5910
v 67.1661 7.5760 -3.5935
v 67.1658 10.3602 -3.5346
v 67.1662 7.5760 -3.4785
v 67.1609 9.5124 2.1047
v 67.2037 9.1820 2.0733
v 67.1662 7.5760 2.0629
v 67.1980 10.8342 2.1129
v 67.1661 7.5760 2.1778
v 67.1651 4.6486 2.2365
v 67.1634 1.7211 2.2956
v 67.2738 11.7256 -5.7995
v 67.2162 2.0002 -5.0921
v 67.2844 1.7232 -4.7797
v 67.2156 1.7211 -3.6829
v 67.2163 4.6486 -3.6238
v 67.3583 13.2312 -3.4928
v 67.2396 13.1445 -3.5482
v 67.2658 7.5760 -3.5359
v 67.2198 10.9171 -3.5146
v 67.2635 10.3602 -3.4770
v 67.2143 7.5760 -3.4502
v 67.2546 9.4936 2.0491
v 67.2143 7.5760 2.0345
v 67.2259 10.7983 2.0937
v 67.2632 10.7727 2.0701
v 67.2162 7.5760 2.1495
v 67.2163 4.6486 2.2081
v 67.2156 1.7211 2.2672
v 67.3189 13.1345 -13.2864
v 67.3189 11.6345 -13.2864
v 67.2907 11.6612 -5.7825
v 67.2728 6.1402 -5.3797
v 67.2928 2.0002 -5.0627
v 67.0168 1.7991 -5.0854
v 67.2673 1.7211 -3.6536
v 67.2669 4.6486 -3.5946
v 67.3184 1.7211 -3.6235
v 67.3170 4.6486 -3.5644
v 67.3134 13.1445 -3.5034
v 67.3149 7.5760 -3.5058
v 67.3206 10.9171 -3.4528
v 67.3090 7.5760 -3.3910
v 67.3090 7.5760 1.9754
v 67.2915 10.7639 2.0525
v 67.3059 9.4834 2.0168
v 67.3149 7.5760 2.0902
v 67.3170 4.6486 2.1488
v 67.2669 4.6486 2.1789
v 67.3184 1.7211 2.2079
v 67.2673 1.7211 2.2380
v 67.3049 11.0213 2.6790
v 67.3323 11.6784 -5.7703
v 67.3595 6.1402 -5.3472
v 67.3567 1.8870 -5.0131
v 67.3690 2.0002 -5.0319
v 67.3691 1.7211 -3.5925
v 67.3666 4.6486 -3.5335
v 67.3620 13.1445 -3.4725
v 67.3635 7.5760 -3.4749
v 67.3592 10.3595 -3.4160
v 67.3556 7.5760 -3.3602
v 67.3475 9.1585 1.9830
v 67.3556 7.5760 1.9445
v 67.3279 10.7523 2.0291
v 67.3635 7.5760 2.0592
v 67.3666 4.6486 2.1178
v 67.3691 1.7211 2.1768
v 67.4239 13.4391 -19.0156
v 67.4223 13.4393 -18.9999
v 67.4146 1.9993 -5.0126
v 67.4191 1.7211 -3.5606
v 67.4157 4.6486 -3.5016
v 67.4102 13.1414 -3.4405
v 67.4115 7.5760 -3.4431
v 67.4099 10.9132 -3.3935
v 67.4016 7.5760 -3.3286
v 67.4016 7.5760 1.9129
v 67.3916 10.7316 1.9867
v 67.4331 10.7178 1.9578
v 67.3936 9.4670 1.9584
v 67.4115 7.5760 2.0275
v 67.4157 4.6486 2.0860
v 67.4191 1.7211 2.1449
v 67.4705 7.5074 -5.4063
v 67.4445 2.0002 -4.9998
v 67.4805 1.7259 -4.7234
v 67.4686 1.7211 -3.5278
v 67.4642 4.6486 -3.4689
v 67.4576 13.1332 -3.4078
v 67.4589 7.5760 -3.4105
v 67.4906 13.1244 -3.3842
v 67.4602 10.9059 -3.3582
v 67.4470 7.5760 -3.2961
v 67.4919 7.5760 -3.2629
v 67.4470 7.5760 1.8805
v 67.4542 10.7107 1.9427
v 67.4469 9.6649 1.9254
v 67.4917 9.4461 1.8881
v 67.4589 7.5760 1.9948
v 67.4642 4.6486 2.0533
v 67.4686 1.7211 2.1122
v 67.5478 13.4392 -18.9942
v 67.5214 11.6612 -5.6986
v 67.5372 6.7553 -5.3217
v 67.5196 2.0002 -4.9663
v 67.5176 1.7211 -3.4942
v 67.5121 4.6486 -3.4354
v 67.5043 13.1199 -3.3741
v 67.5058 7.5760 -3.3771
v 67.5458 10.8860 -3.2944
v 67.4986 10.3432 -3.3181
v 67.5362 7.5760 -3.2289
v 67.5362 7.5760 1.8133
v 67.5306 9.1273 1.8518
v 67.5157 10.6896 1.8973
v 67.5058 7.5760 1.9614
v 67.5121 4.6486 2.0197
v 67.5176 1.7211 2.0786
v 67.5940 2.0002 -4.9316
v 67.5560 1.9522 -4.9432
v 67.5659 1.7211 -3.4597
v 67.5594 4.6486 -3.4010
v 67.5446 13.1720 -3.3538
v 67.5512 13.1010 -3.3390
v 67.5960 13.0770 -3.3041
v 67.5978 7.5760 -3.3077
v 67.5933 10.8683 -3.2570
v 67.5799 7.5760 -3.1942
v 67.5751 9.4291 1.8237
v 67.5799 7.5760 1.7785
v 67.5762 10.6683 1.8506
v 67.5521 7.5760 1.9271
v 67.5594 4.6486 1.9853
v 67.5659 1.7211 2.0441
v 67.5770 11.0151 2.3962
v 67.6251 11.5703 -5.6501
v 67.6361 7.3538 -5.3243
v 67.6405 1.9976 -4.9089
v 67.6321 1.7237 -4.6316
v 67.6499 13.4289 -3.6575
v 67.6136 1.7211 -3.4244
v 67.6061 4.6486 -3.3658
v 67.6607 1.7211 -3.3883
v 67.6521 4.6486 -3.3298
v 67.6128 13.0664 -3.2906
v 67.6429 7.5760 -3.2719
v 67.6396 10.8461 -3.2190
v 67.6230 7.5760 -3.1587
v 67.6230 7.5760 1.7430
v 67.6355 10.6468 1.8024
v 67.6219 9.4184 1.7856
v 67.6429 7.5760 1.8562
v 67.6521 4.6486 1.9142
v 67.6061 4.6486 1.9502
v 67.6607 1.7211 1.9726
v 67.6136 1.7211 2.0088
v 67.7248 10.8711 2.4425
v 67.6392 10.8127 2.5570
v 67.6717 13.4393 -18.9729
v 66.8363 11.9393 -7.4831
v 67.6951 11.8736 -5.7443
v 67.6686 11.5257 -5.6291
v 67.6649 11.7261 -5.6706
v 67.7077 11.4362 -5.6048
v 67.6964 6.6174 -5.2401
v 67.6678 2.0002 -4.8956
v 67.6731 13.4248 -3.6446
v 67.7072 1.7211 -3.3513
v 67.6679 13.0244 -3.2451
v 67.6976 4.6486 -3.2930
v 67.6856 13.0082 -3.2299
v 67.6873 7.5760 -3.2353
v 67.6841 10.8195 -3.1810
v 67.6655 7.5760 -3.1224
v 67.7039 9.0953 1.7081
v 67.6655 7.5760 1.7067
v 67.6936 10.6252 1.7528
v 67.6664 9.6128 1.7527
v 67.6873 7.5760 1.8196
v 67.6976 4.6486 1.8774
v 67.7072 1.7211 1.9357
v 67.7143 10.6016 2.6350
v 66.5262 13.2807 -19.6006
v 67.7727 11.3801 -5.5733
v 67.7409 2.0002 -4.8583
v 67.7530 1.7211 -3.3136
v 67.7424 4.6486 -3.2554
v 67.7281 12.9630 -3.1926
v 67.7311 7.5760 -3.1979
v 67.7632 12.9173 -3.1605
v 67.7272 10.7874 -3.1426
v 67.7682 10.7496 -3.1047
v 67.7485 7.5760 -3.0477
v 67.7485 7.5760 1.6320
v 67.7506 10.6035 1.7018
v 67.7466 9.3905 1.6767
v 67.7311 7.5760 1.7822
v 67.7424 4.6486 1.8398
v 67.7530 1.7211 1.8979
v 67.7972 13.4392 -18.9655
v 67.7806 11.3347 -5.5651
v 67.7964 7.1950 -5.2371
v 67.8270 5.8492 -5.1166
v 67.8134 2.0002 -4.8197
v 67.7981 1.7211 -3.2750
v 67.7865 4.6486 -3.2171
v 67.7742 7.5760 -3.1597
v 67.8300 4.6486 -3.1779
v 67.8025 12.8535 -3.1232
v 67.8167 7.5760 -3.1208
v 67.8066 10.7100 -3.0680
v 67.7890 7.5760 -3.0092
v 67.7890 7.5760 1.5936
v 67.8064 10.5819 1.6495
v 67.7906 9.3798 1.6354
v 67.7842 10.5905 1.6706
v 67.8167 7.5760 1.7052
v 67.7742 7.5760 1.7441
v 67.8300 4.6486 1.7623
v 67.7865 4.6486 1.8014
v 67.7981 1.7211 1.8594
v 67.7978 10.3785 2.6962
v 67.9355 11.7174 -5.7864
v 67.8700 11.1705 -5.5104
v 67.8852 2.0002 -4.7798
v 67.8426 1.7211 -3.2357
v 67.8727 4.6486 -3.1381
v 67.8460 13.2347 -3.2138
v 67.8827 12.8310 -3.0536
v 67.8333 12.7967 -3.0930
v 67.8584 7.5760 -3.0812
v 67.8679 7.5760 -2.9303
v 67.8679 7.5760 1.5146
v 67.8612 10.5600 1.5956
v 67.8655 10.5584 1.5913
v 67.8668 9.0632 1.5528
v 67.8584 7.5760 1.6655
v 67.8727 4.6486 1.7224
v 67.8426 1.7211 1.8200
v 68.0135 10.9089 1.7821
v 67.9648 10.7922 2.2827
v 67.9228 13.4391 -18.9581
v 67.9006 13.1345 -14.1193
v 67.9006 11.6345 -14.1193
v 67.9411 11.1443 -5.4775
v 67.9422 7.0567 -5.1517
v 67.8864 1.7211 -3.1956
v 67.9294 1.7211 -3.1547
v 68.0303 12.9387 -3.0492
v 67.9148 4.6486 -3.0974
v 67.8911 12.6892 -3.0340
v 67.8995 7.5760 -3.0408
v 67.9240 12.6274 -2.9991
v 67.8894 10.9612 -2.9928
v 67.9256 10.5760 -2.9456
v 67.9064 7.5760 -2.8898
v 67.9064 7.5760 1.4741
v 67.9143 10.5386 1.5410
v 67.9104 9.5490 1.5199
v 67.8581 10.6453 1.6155
v 67.9051 10.5424 1.5506
v 67.9399 7.5760 1.5841
v 67.8995 7.5760 1.6252
v 67.9148 4.6486 1.6818
v 67.9294 1.7211 1.7390
v 67.8864 1.7211 1.7799
v 67.9974 11.0131 -5.4367
v 67.9781 5.7346 -5.0270
v 67.9563 2.0002 -4.7387
v 67.9312 1.9538 -4.7467
v 67.9718 1.7211 -3.1131
v 67.9777 12.6687 -2.9585
v 67.9795 7.5760 -2.9580
v 67.9759 12.5515 -2.9435
v 67.9885 12.5066 -2.9274
v 67.9675 10.8619 -2.9080
v 67.9441 7.5760 -2.8486
v 67.9811 7.5760 -2.8068
v 67.9887 9.3308 1.4287
v 67.9441 7.5760 1.4329
v 67.9664 10.5172 1.4847
v 67.9485 9.3413 1.4737
v 67.9457 10.5540 1.5130
v 67.9795 7.5760 1.5423
v 67.9967 4.6486 1.5984
v 67.9561 4.6486 1.6404
v 67.9718 1.7211 1.6974
v 68.2053 10.4739 2.2664
v 68.0461 13.4392 -18.9334
v 68.0003 13.2869 -14.2353
v 68.0003 11.7869 -14.2353
v 68.0267 2.0002 -4.6964
v 67.8599 1.8906 -4.7701
v 68.0542 1.7211 -3.0277
v 68.0366 4.6486 -2.9713
v 68.0073 12.4692 -2.9060
v 68.0184 7.5760 -2.9155
v 68.0411 12.4043 -2.8662
v 68.0050 10.8140 -2.8651
v 68.0384 10.4458 -2.8168
v 68.0173 7.5760 -2.7643
v 68.0529 7.5760 -2.7212
v 68.0529 7.5760 1.3056
v 68.0173 7.5760 1.3487
v 68.0173 10.4961 1.4272
v 68.0184 9.0318 1.3866
v 68.0184 7.5760 1.4999
v 68.0366 4.6486 1.5556
v 68.0134 1.7211 1.6551
v 68.1032 13.4393 -14.3490
v 68.1032 11.9393 -14.3490
v 68.2100 11.9393 -14.2612
v 68.1060 10.7791 -5.3594
v 68.1087 7.3672 -5.0842
v 68.0964 2.0002 -4.6529
v 68.1037 13.1964 -3.3788
v 68.0944 1.7211 -2.9839
v 68.0758 4.6486 -2.9278
v 68.4734 12.3425 -2.6560
v 68.0566 7.5760 -2.8724
v 68.0696 12.3491 -2.8315
v 68.0979 12.2941 -2.7963
v 68.0940 7.5760 -2.8286
v 68.0727 10.4069 -2.7748
v 68.1065 10.3681 -2.7321
v 68.0876 7.5760 -2.6775
v 68.0876 7.5760 1.2619
v 68.0949 9.3042 1.3013
v 68.0995 10.4953 1.3354
v 68.0569 9.3143 1.3484
v 68.0559 10.4799 1.3816
v 68.0940 7.5760 1.4130
v 68.0566 7.5760 1.4567
v 68.0758 4.6486 1.5122
v 68.0944 1.7211 1.5682
v 68.5879 9.7649 2.2792
v 68.1132 13.1345 -13.9198
v 68.1295 11.6345 -13.8988
v 68.1279 11.4832 -5.7647
v 68.1532 11.4372 -5.7341
v 68.1261 5.6215 -4.9322
v 68.1652 2.0002 -4.6081
v 68.1586 13.1373 -3.3409
v 68.1337 1.7211 -2.9394
v 68.1141 4.6486 -2.8837
v 68.1517 4.6486 -2.8389
v 68.2254 12.3032 -2.6836
v 68.1194 12.2741 -2.7704
v 68.1258 12.2393 -2.7605
v 68.1664 7.5760 -2.7391
v 68.1507 12.1901 -2.7277
v 68.1505 10.8459 -2.6894
v 68.1216 7.5760 -2.6332
v 68.1548 7.5760 -2.5883
v 68.1548 7.5760 1.1727
v 68.1621 10.4349 1.2468
v 68.1590 9.2886 1.2174
v 68.1244 9.0092 1.2550
v 68.1216 7.5760 1.2176
v 68.1473 10.4694 1.2727
v 68.1306 7.5760 1.3685
v 68.1517 4.6486 1.4232
v 68.1141 4.6486 1.4680
v 68.1337 1.7211 1.5238
v 68.2206 13.1345 -12.8183
v 68.2081 13.1345 -12.7949
v 68.2162 6.1674 -4.9217
v 68.2041 1.9975 -4.5818
v 67.8329 1.7452 -4.6310
v 68.1722 1.7211 -2.8943
v 68.1885 4.6486 -2.7934
v 68.1850 12.2216 -2.6930
v 68.1806 12.1305 -2.6871
v 68.2015 7.5760 -2.6934
v 68.2075 12.0765 -2.6494
v 68.1771 10.2817 -2.6377
v 68.2083 10.2451 -2.5936
v 68.1872 7.5760 -2.5429
v 68.2189 7.5760 -2.4969
v 68.2189 7.5760 1.0812
v 68.1872 7.5760 1.1272
v 68.2077 10.4156 1.1841
v 68.1944 9.2792 1.1685
v 68.2015 7.5760 1.2778
v 68.1885 4.6486 1.3778
v 68.2100 1.7211 1.4328
v 68.1722 1.7211 1.4786
v 68.2418 13.2869 -14.0027
v 68.2418 11.7869 -14.0027
v 68.1513 11.3510 -5.6005
v 68.0049 11.2093 -5.4821
v 68.2333 2.0002 -4.5622
v 68.2487 1.9976 -4.5513
v 68.2327 13.0379 -3.2882
v 68.2272 13.0306 -3.2541
v 68.2754 12.9667 -3.2486
v 68.2470 1.7211 -2.8020
v 68.2245 4.6486 -2.7474
v 68.2597 4.6486 -2.7007
v 68.2357 7.5760 -2.6471
v 68.2340 12.0228 -2.6112
v 68.2692 7.5760 -2.6003
v 68.2797 11.9293 -2.5426
v 68.2389 10.2088 -2.5489
v 68.2689 10.1727 -2.5034
v 68.2497 7.5760 -2.4503
v 68.2797 7.5760 -2.4032
v 68.2497 7.5760 1.0347
v 68.2545 8.9818 1.0718
v 68.2370 10.4371 1.1501
v 68.2289 9.2701 1.1188
v 68.2274 10.4074 1.1561
v 68.2692 7.5760 1.1846
v 68.2357 7.5760 1.2315
v 68.2597 4.6486 1.2850
v 68.2245 4.6486 1.3317
v 68.2470 1.7211 1.3864
v 68.2348 8.8025 2.8174
v 68.2706 8.6154 2.7990
v 69.2382 8.1329 1.9988
v 68.3339 13.2869 -12.7078
v 68.3339 11.7869 -12.7078
v 68.3330 10.3960 -5.1973
v 68.3085 6.5547 -4.8949
v 68.3005 2.0002 -4.5150
v 68.2932 1.9976 -4.5200
v 68.2831 1.7211 -2.7549
v 68.3184 1.7211 -2.7072
v 68.2941 4.6486 -2.6534
v 68.3276 4.6486 -2.6055
v 68.2988 12.0498 -2.5408
v 68.3018 7.5760 -2.5528
v 68.3071 11.8945 -2.5016
v 68.3314 11.8492 -2.4628
v 68.3046 10.4158 -2.4563
v 68.3319 10.0908 -2.4020
v 68.3089 7.5760 -2.3556
v 68.3192 9.2482 0.9790
v 68.3089 7.5760 0.9399
v 68.3364 10.3627 0.9884
v 68.2871 9.2563 1.0306
v 68.2949 10.3794 1.0549
v 68.3336 7.5760 1.0891
v 68.3018 7.5760 1.1371
v 68.3276 4.6486 1.1898
v 68.2941 4.6486 1.2377
v 68.3184 1.7211 1.2915
v 68.2831 1.7211 1.3393
v 68.3515 11.9393 -14.1098
v 68.3727 13.4393 -14.0825
v 68.3487 13.2869 -12.7346
v 68.3487 11.7869 -12.7346
v 68.5144 10.8714 -5.5060
v 68.3603 6.0377 -4.8171
v 68.3374 2.0002 -4.4884
v 68.3373 1.9976 -4.4883
v 68.3670 2.0002 -4.4667
v 68.3810 1.9976 -4.4560
v 68.2807 1.8687 -4.4975
v 68.1198 13.1267 -3.2489
v 68.3529 1.7211 -2.6589
v 68.3865 1.7211 -2.6099
v 68.3645 7.5760 -2.4562
v 68.3512 11.8350 -2.4329
v 68.3610 11.7589 -2.4104
v 68.3698 11.7403 -2.3954
v 68.3828 11.8227 -2.3892
v 68.3599 10.0556 -2.3543
v 68.3923 10.2900 -2.3064
v 68.3372 7.5760 -2.3075
v 68.3647 7.5760 -2.2589
v 68.3914 7.5760 -2.2098
v 68.3914 7.5760 0.7942
v 68.3647 7.5760 0.8432
v 68.3764 10.3471 0.9207
v 68.3534 9.4254 0.9281
v 68.3718 8.9585 0.8797
v 68.3372 7.5760 0.8918
v 68.3631 10.3801 0.9510
v 68.3645 7.5760 1.0406
v 68.3921 4.6486 1.0923
v 68.3603 4.6486 1.1413
v 68.3865 1.7211 1.1943
v 68.3529 1.7211 1.2432
v 68.4043 5.4127 -4.7337
v 68.4187 1.9999 -4.4278
v 68.4325 2.0002 -4.4173
v 68.4231 4.6486 -2.4584
v 68.3946 7.5760 -2.4071
v 68.3986 11.6783 -2.3444
v 68.4238 7.5760 -2.3575
v 68.4210 11.7046 -2.3121
v 68.4261 11.6183 -2.2937
v 68.4419 11.6283 -2.2675
v 68.4152 9.9831 -2.2541
v 68.4341 9.5551 -2.2025
v 68.4171 7.5760 -2.1603
v 68.4421 7.5760 -2.1103
v 68.4421 7.5760 0.6947
v 68.4171 7.5760 0.7446
v 68.4307 9.2232 0.7809
v 68.4065 10.3359 0.8673
v 68.4149 10.3328 0.8518
v 68.4022 9.2294 0.8348
v 68.4238 7.5760 0.9418
v 68.3946 7.5760 0.9915
v 68.4231 4.6486 1.0427
v 68.4193 1.7211 1.1448
v 68.1613 10.6797 1.3677
v 68.4748 13.4393 -12.6474
v 68.4577 13.4393 -12.6174
v 68.2754 10.6589 -5.2678
v 68.4970 10.1697 -5.0754
v 68.4758 10.1513 -5.0861
v 68.4972 2.0002 -4.3667
v 68.4516 12.6606 -3.0523
v 68.4512 1.7211 -2.5104
v 68.4822 1.7211 -2.4598
v 68.4532 4.6486 -2.4082
v 68.4825 4.6486 -2.3576
v 68.4522 7.5760 -2.3074
v 68.4607 11.5597 -2.2285
v 68.4797 7.5760 -2.2568
v 68.4805 11.4971 -2.1866
v 68.5007 11.4512 -2.1444
v 68.4634 9.9213 -2.1593
v 68.4901 9.8824 -2.1031
v 68.4661 7.5760 -2.0599
v 68.4893 7.5760 -2.0091
v 68.4661 7.5760 0.6443
v 68.4779 9.2150 0.6859
v 68.4877 10.3093 0.7098
v 68.4508 8.9450 0.7306
v 68.4522 10.3201 0.7813
v 68.4797 7.5760 0.8411
v 68.4522 7.5760 0.8917
v 68.4825 4.6486 0.9419
v 68.4532 4.6486 0.9926
v 68.4822 1.7211 1.0441
v 68.5460 10.6417 1.6342
v 68.5480 10.7620 -5.3943
v 68.5306 10.0588 -5.0415
v 68.5505 10.0223 -5.0248
v 68.5202 6.4760 -4.7423
v 68.5610 2.0002 -4.3150
v 68.4369 1.9525 -4.4067
v 68.5123 1.7211 -2.4086
v 68.5416 1.7211 -2.3569
v 68.5108 4.6486 -2.3065
v 68.5383 4.6486 -2.2548
v 68.5062 7.5760 -2.2057
v 68.5319 7.5760 -2.1542
v 68.5344 11.3907 -2.0718
v 68.5567 7.5760 -2.1022
v 68.5473 11.3427 -2.0405
v 68.5341 9.8227 -2.0043
v 68.5067 9.4728 -2.0506
v 68.5583 9.7852 -1.9457
v 68.5115 7.5760 -1.9579
v 68.5329 7.5760 -1.9063
v 68.5533 7.5760 -1.8544
v 68.5533 7.5760 0.4387
v 68.5441 8.9334 0.5255
v 68.5329 7.5760 0.4907
v 68.5538 10.2931 0.5640
v 68.5306 9.3886 0.5778
v 68.5115 7.5760 0.5423
v 68.5390 10.3131 0.6044
v 68.5567 7.5760 0.6865
v 68.5319 7.5760 0.7385
v 68.5062 7.5760 0.7900
v 68.5383 4.6486 0.8392
v 68.5108 4.6486 0.8908
v 68.5416 1.7211 0.9413
v 68.5123 1.7211 0.9929
v 68.5801 7.2340 -18.0335
v 68.1604 11.9393 -15.9011
v 68.4606 10.4002 -5.1493
v 68.5723 10.0529 -5.0147
v 68.5630 5.8588 -4.6569
v 68.5699 1.7211 -2.3048
v 68.5973 1.7211 -2.2521
v 68.5648 4.6486 -2.2027
v 68.5905 4.6486 -2.1502
v 68.6152 4.6486 -2.0972
v 68.5903 11.6798 -2.1300
v 68.5806 7.5760 -2.0498
v 68.6036 7.5760 -1.9970
v 68.5723 9.3935 -1.8928
v 68.6119 11.1850 -1.8777
v 68.5975 9.7283 -1.8436
v 68.6176 9.6963 -1.7868
v 68.5729 7.5760 -1.8021
v 68.5915 7.5760 -1.7494
v 68.6093 7.5760 -1.6965
v 68.6093 7.5760 0.2808
v 68.6104 9.1990 0.3653
v 68.5915 7.5760 0.3338
v 68.6127 10.2830 0.4151
v 68.5907 9.2005 0.4197
v 68.5729 7.5760 0.3864
v 68.6031 10.3160 0.4533
v 68.5689 9.2026 0.4767
v 68.5722 10.3161 0.5294
v 68.6036 7.5760 0.5813
v 68.5806 7.5760 0.6341
v 68.6152 4.6486 0.6815
v 68.4379 10.5190 0.9198
v 68.5905 4.6486 0.7345
v 68.5648 4.6486 0.7871
v 68.5973 1.7211 0.8364
v 68.5699 1.7211 0.8891
v 68.6321 7.2330 -18.0242
v 68.6676 11.9393 -15.8854
v 68.6674 10.6349 -5.4151
v 68.6571 9.8917 -4.9402
v 68.6369 9.8723 -4.9513
v 68.6289 5.7994 -4.6010
v 68.6687 5.2098 -4.5167
v 68.6239 2.0002 -4.2622
v 68.6238 1.7211 -2.1990
v 68.6494 1.7211 -2.1454
v 68.6740 1.7211 -2.0914
v 68.6390 4.6486 -2.0438
v 68.6256 7.5760 -1.9438
v 68.6618 4.6486 -1.9899
v 68.6467 7.5760 -1.8902
v 68.6669 7.5760 -1.8363
v 68.6371 11.1413 -1.8091
v 68.6444 11.1014 -1.7848
v 68.6630 11.1052 -1.7373
v 68.6652 11.0458 -1.7202
v 68.6286 9.3222 -1.7348
v 68.6687 11.0365 -1.7091
v 68.6501 9.6472 -1.6871
v 68.6675 9.6169 -1.6287
v 68.6260 7.5760 -1.6432
v 68.6419 7.5760 -1.5897
v 68.6568 7.5760 -1.5359
v 68.6708 7.5760 -1.4818
v 68.6708 7.5760 0.0662
v 68.6568 7.5760 0.1202
v 68.6419 7.5760 0.1740
v 68.6712 10.2774 0.2413
v 68.6566 8.9265 0.2075
v 68.6260 7.5760 0.2276
v 68.6569 10.3095 0.3011
v 68.6450 9.1971 0.2617
v 68.6394 10.2798 0.3396
v 68.6261 9.1981 0.3197
v 68.6669 7.5760 0.4206
v 68.6467 7.5760 0.4746
v 68.6256 7.5760 0.5281
v 68.6618 4.6486 0.5743
v 68.6390 4.6486 0.6281
v 68.6740 1.7211 0.6757
v 68.6494 1.7211 0.7297
v 68.6238 1.7211 0.7833
v 68.7165 9.4393 -17.9697
v 68.6906 10.5904 -5.3805
v 68.7261 10.5424 -5.3754
v 68.7097 9.7995 -4.8935
v 68.7170 9.7498 -4.8822
v 68.6859 2.0002 -4.2083
v 68.7170 2.0002 -4.1804
v 68.6976 1.7211 -2.0369
v 68.7204 1.7211 -1.9821
v 68.6837 4.6486 -1.9357
v 68.7047 4.6486 -1.8811
v 68.6861 7.5760 -1.7820
v 68.7247 4.6486 -1.8262
v 68.7044 7.5760 -1.7274
v 68.6814 11.0014 -1.6667
v 68.7217 7.5760 -1.6725
v 68.6917 10.9925 -1.6328
v 68.7118 10.9307 -1.5578
v 68.6768 9.2562 -1.5738
v 68.7253 10.8731 -1.5012
v 68.6954 9.5703 -1.5257
v 68.7101 9.5418 -1.4654
v 68.7237 9.5140 -1.4042
v 68.6838 7.5760 -1.4275
v 68.6959 7.5760 -1.3730
v 68.7071 7.5760 -1.3183
v 68.7172 7.5760 -1.2634
v 68.7265 7.5760 -1.2083
v 68.7265 7.5760 -0.2073
v 68.7172 7.5760 -0.1523
v 68.7071 7.5760 -0.0974
v 68.7247 8.9302 -0.0657
v 68.6959 7.5760 -0.0426
v 68.7299 10.2787 0.0220
v 68.7185 9.1988 -0.0135
v 68.6838 7.5760 0.0119
v 68.7166 10.2769 0.0774
v 68.7053 9.1971 0.0440
v 68.7252 10.3144 0.0578
v 68.7083 10.2766 0.1098
v 68.6910 9.1964 0.1012
v 68.6872 10.2768 0.1870
v 68.6751 9.1964 0.1601
v 68.7217 7.5760 0.2568
v 68.7044 7.5760 0.3117
v 68.6861 7.5760 0.3663
v 68.7247 4.6486 0.4105
v 68.7047 4.6486 0.4655
v 68.6837 4.6486 0.5201
v 68.7204 1.7211 0.5664
v 68.6976 1.7211 0.6213
v 68.7457 7.2340 -18.0039
v 68.7908 10.4073 -5.2658
v 68.7619 9.7075 -4.8459
v 68.7737 9.6534 -4.8307
v 68.7469 2.0002 -4.1533
v 68.7421 1.7211 -1.9268
v 68.7629 1.7211 -1.8712
v 68.7827 1.7211 -1.8153
v 68.7437 4.6486 -1.7709
v 68.7618 4.6486 -1.7153
v 68.7380 7.5760 -1.6172
v 68.7789 4.6486 -1.6594
v 68.7534 7.5760 -1.5618
v 68.7679 7.5760 -1.5060
v 68.7383 10.8321 -1.4444
v 68.7813 7.5760 -1.4500
v 69.0174 11.0809 -1.2568
v 68.7455 10.8290 -1.4150
v 68.7592 10.7764 -1.3451
v 68.7349 9.4916 -1.3493
v 68.7749 10.8083 -1.2952
v 68.7708 10.7193 -1.2758
v 68.7441 9.4740 -1.3006
v 68.7807 10.7016 -1.2198
v 68.7535 9.4530 -1.2453
v 68.7870 10.6533 -1.1667
v 68.7620 9.4325 -1.1895
v 68.7697 9.4127 -1.1333
v 68.7347 7.5760 -1.1531
v 68.7978 10.6029 -1.0759
v 68.7420 7.5760 -1.0977
v 68.7821 9.3751 -1.0194
v 68.7537 7.5760 -0.9867
v 68.7868 9.3574 -0.9619
v 68.7580 7.5760 -0.9310
v 68.7615 7.5760 -0.8753
v 68.7639 7.5760 -0.8195
v 68.7654 7.5760 -0.7637
v 68.7658 7.5760 -0.7078
v 68.7654 7.5760 -0.6520
v 68.7639 7.5760 -0.5962
v 68.7615 7.5760 -0.5404
v 68.7580 7.5760 -0.4847
v 68.7846 9.2411 -0.4510
v 68.7537 7.5760 -0.4290
v 68.7751 8.9575 -0.3996
v 68.7483 7.5760 -0.3734
v 68.7771 9.4095 -0.3433
v 68.7420 7.5760 -0.3179
v 68.7834 10.3251 -0.2586
v 68.7672 9.2196 -0.2891
v 68.7347 7.5760 -0.2626
v 68.7779 10.3048 -0.2283
v 68.7589 9.2133 -0.2311
v 68.7690 10.3315 -0.1557
v 68.7496 9.2080 -0.1732
v 68.7566 10.3238 -0.0889
v 68.7393 9.2037 -0.1153
v 68.7484 10.2965 -0.0586
v 68.7428 10.3183 -0.0222
v 68.7813 7.5760 0.0344
v 68.7679 7.5760 0.0904
v 68.7534 7.5760 0.1461
v 68.7380 7.5760 0.2016
v 68.7789 4.6486 0.2437
v 68.7618 4.6486 0.2996
v 68.7437 4.6486 0.3552
v 68.7827 1.7211 0.3996
v 68.7629 1.7211 0.4556
v 68.7421 1.7211 0.5112
v 68.8149 10.5327 1.2354
v 68.8413 10.3549 -5.2833
v 68.7932 9.5966 -4.8098
v 68.8248 9.5405 -4.7799
v 68.8024 6.5973 -4.5321
v 68.7990 5.1042 -4.3976
v 68.8069 2.0002 -4.0973
v 68.8362 2.0002 -4.0692
v 68.9672 11.5574 -2.0185
v 68.8016 1.7211 -1.7590
v 68.8194 1.7211 -1.7023
v 68.8363 1.7211 -1.6454
v 68.7950 4.6486 -1.6032
v 68.8101 4.6486 -1.5467
v 68.8243 4.6486 -1.4899
v 68.7938 7.5760 -1.3938
v 68.8374 4.6486 -1.4330
v 68.8052 7.5760 -1.3374
v 68.8157 7.5760 -1.2808
v 68.8252 7.5760 -1.2240
v 68.8337 7.5760 -1.1670
v 68.7870 10.7277 -1.1983
v 68.7957 10.6689 -1.1217
v 68.8413 7.5760 -1.1099
v 68.8078 10.6035 -1.0000
v 68.8083 10.5394 -0.9526
v 68.8156 10.5434 -0.8756
v 68.7906 9.3404 -0.9039
v 68.8144 10.5114 -0.8572
v 68.8144 10.4815 -0.8257
v 68.7933 9.3242 -0.8455
v 68.8161 10.4797 -0.7896
v 68.7898 9.0223 -0.7932
v 68.8395 10.5807 -0.7514
v 68.8157 10.4344 -0.7088
v 68.7990 9.4912 -0.7425
v 68.8156 10.4297 -0.6962
v 68.7955 9.2860 -0.6836
v 68.8169 10.4414 -0.6195
v 68.7943 9.2735 -0.6257
v 68.8117 10.3847 -0.5644
v 68.7921 9.2618 -0.5677
v 68.8108 10.3895 -0.5291
v 68.7889 9.2510 -0.5094
v 68.8046 10.3828 -0.4224
v 69.0474 10.6902 -0.5370
v 68.7998 10.3509 -0.3948
v 68.7963 10.3321 -0.3693
v 68.7956 10.3308 -0.3636
v 68.7890 10.3491 -0.2870
v 68.8413 7.5760 -0.3057
v 68.8337 7.5760 -0.2486
v 68.8252 7.5760 -0.1917
v 68.8157 7.5760 -0.1349
v 68.8052 7.5760 -0.0783
v 68.7938 7.5760 -0.0219
v 68.8374 4.6486 0.0173
v 68.8243 4.6486 0.0743
v 68.8101 4.6486 0.1310
v 68.7950 4.6486 0.1875
v 68.8363 1.7211 0.2298
v 68.8194 1.7211 0.2867
v 68.8016 1.7211 0.3433
v 68.7326 10.6293 1.1833
v 68.8447 9.5049 -4.7607
v 68.8907 9.4227 -4.7159
v 68.8827 5.5684 -4.3668
v 68.8660 2.0002 -4.0402
v 68.8521 1.7211 -1.5882
v 68.8670 1.7211 -1.5307
v 68.8809 1.7211 -1.4730
v 68.8937 1.7211 -1.4150
v 68.8496 4.6486 -1.3758
v 68.8607 4.6486 -1.3184
v 68.8709 4.6486 -1.2608
v 68.8800 4.6486 -1.2030
v 68.8882 4.6486 -1.1451
v 68.8478 7.5760 -1.0527
v 68.8953 4.6486 -1.0871
v 68.8533 7.5760 -0.9954
v 68.8578 7.5760 -0.9380
v 68.8613 7.5760 -0.8805
v 68.8638 7.5760 -0.8230
v 68.8654 7.5760 -0.7654
v 68.8659 7.5760 -0.7078
v 68.8654 7.5760 -0.6502
v 68.8638 7.5760 -0.5927
v 68.8613 7.5760 -0.5352
v 68.8578 7.5760 -0.4777
v 68.8533 7.5760 -0.4203
v 68.8478 7.5760 -0.3630
v 68.8953 4.6486 -0.3286
v 68.8882 4.6486 -0.2705
v 68.8800 4.6486 -0.2126
v 68.8709 4.6486 -0.1549
v 68.8607 4.6486 -0.0973
v 68.8496 4.6486 -0.0399
v 68.8937 1.7211 -0.0006
v 68.8809 1.7211 0.0574
v 68.8670 1.7211 0.1151
v 68.8521 1.7211 0.1726
v 68.9465 9.3224 -4.6600
v 68.9514 9.3135 -4.6550
v 68.9418 5.5155 -4.3077
v 68.9240 2.0002 -3.9821
v 68.9515 2.0002 -3.9539
v 68.9056 1.7211 -1.3569
v 68.9164 1.7211 -1.2985
v 68.9262 1.7211 -1.2399
v 68.9350 1.7211 -1.1812
v 68.9427 1.7211 -1.1224
v 68.9494 1.7211 -1.0634
v 68.9014 4.6486 -1.0289
v 68.9551 1.7211 -1.0043
v 68.9065 4.6486 -0.9707
v 68.9106 4.6486 -0.9124
v 68.9136 4.6486 -0.8540
v 68.9157 4.6486 -0.7955
v 68.9167 4.6486 -0.7371
v 68.9167 4.6486 -0.6786
v 68.9157 4.6486 -0.6201
v 68.9136 4.6486 -0.5617
v 68.9106 4.6486 -0.5033
v 68.9065 4.6486 -0.4450
v 68.9014 4.6486 -0.3867
v 68.9551 1.7211 -0.4114
v 68.9494 1.7211 -0.3523
v 68.9427 1.7211 -0.2933
v 68.9350 1.7211 -0.2344
v 68.9262 1.7211 -0.1757
v 68.9164 1.7211 -0.1172
v 68.9056 1.7211 -0.0588
v 68.9810 2.0002 -3.9230
v 68.6863 1.7999 -4.1130
v 68.9598 1.7211 -0.9451
v 68.9634 1.7211 -0.8858
v 68.9660 1.7211 -0.8265
v 68.9675 1.7211 -0.7672
v 68.9681 1.7211 -0.7078
v 68.9675 1.7211 -0.6485
v 68.9660 1.7211 -0.5891
v 68.9634 1.7211 -0.5298
v 68.9598 1.7211 -0.4705
v 68.7764 10.6430 0.7016
v 69.1838 7.2340 -17.9178
v 69.0181 9.3018 -4.6034
v 69.0663 9.1610 -4.5419
v 69.0272 5.9504 -4.2685
v 69.0370 2.0002 -3.8629
v 69.0626 1.9976 -3.8345
v 69.0465 9.1389 -4.5555
v 69.1155 9.0709 -4.4882
v 69.0886 5.7568 -4.1891
v 69.1798 9.7999 -4.9987
v 69.1349 11.3377 -1.9029
v 69.1464 11.3029 -1.8494
v 69.7071 10.7264 -2.3510
v 69.2409 11.6615 -17.8255
v 69.1842 9.7992 -5.0104
v 69.1822 9.7623 -4.9302
v 69.2201 9.7239 -4.9411
v 69.0223 9.7948 -4.7979
v 69.3226 8.8406 -4.2732
v 69.2017 8.8551 -4.3823
v 69.2041 6.9907 -4.1945
v 69.2070 5.9212 -4.0828
v 69.2343 5.3268 -3.9916
v 69.3106 1.7269 -3.1417
v 69.4081 9.3313 -4.6568
v 69.2586 8.7487 -4.3149
v 69.2869 7.6239 -4.1767
v 69.2661 7.3698 -4.1683
v 69.2713 6.5440 -4.0776
v 69.3255 1.9818 -3.5312
v 69.3471 7.2340 -17.8827
v 69.3273 9.4393 -17.8472
v 69.4668 9.0183 -4.3647
v 67.5430 6.9393 -19.5878
v 69.4403 1.7277 -2.9390
v 69.1123 10.5368 0.2143
v 69.4542 7.2330 -17.8586
v 69.4840 7.2340 -17.8520
v 69.3711 6.9685 -4.0429
v 69.5138 1.7216 1.1399
v 69.5326 13.4311 -10.9029
v 69.5603 13.4269 -10.8914
v 69.5973 7.9046 -4.1524
v 69.4907 5.1470 -3.8150
v 69.1554 1.7675 -3.5374
v 69.6111 1.7217 0.9313
v 69.6537 1.7246 -2.4329
v 69.9960 1.8102 0.6953
v 69.6200 5.2161 1.6993
v 69.5930 3.2607 1.6773
v 69.6485 6.5752 -4.0281
v 69.5229 1.9943 -3.3658
v 69.5722 1.7245 -2.6217
v 69.7105 1.7252 -2.3307
v 69.6881 1.7220 -2.3086
v 69.6790 1.7212 -2.2777
v 69.3896 9.9398 0.8087
v 69.7045 9.8850 0.0135
v 69.9851 6.8892 1.1347
v 69.7128 6.7250 -4.0997
v 69.7197 5.8524 -4.0002
v 69.6996 4.2589 -3.7814
v 69.7392 1.7237 -2.2184
v 69.7419 1.7220 -2.1649
v 69.7438 1.7212 -2.1115
v 69.7351 9.9131 -0.1491
v 69.7781 7.0924 -4.2704
v 69.7799 6.9408 -4.2551
v 69.7808 6.8371 -4.2434
v 69.7817 6.7334 -4.2318
v 69.7826 6.6270 -4.2198
v 69.7835 6.5260 -4.2084
v 69.7571 6.7528 -4.1678
v 69.7691 5.3069 -4.0029
v 69.7828 5.4311 -4.0569
v 69.7939 5.2821 -4.0664
v 69.7796 3.9076 -3.8389
v 69.8084 3.3791 -3.8434
v 69.7854 3.0754 -3.7396
v 69.7971 1.7248 -2.0753
v 69.7981 1.7228 -2.0217
v 69.7942 1.7212 -1.9404
v 69.7969 1.7211 0.4449
v 69.7857 1.7216 0.5036
v 69.7781 1.7223 0.5681
v 69.8043 3.9348 -3.9093
v 69.8050 3.8436 -3.8986
v 69.8059 3.7276 -3.8848
v 69.8066 3.6239 -3.8725
v 69.8074 3.5203 -3.8602
v 69.8088 3.3131 -3.8356
v 69.8096 3.2095 -3.8232
v 69.8099 3.1704 -3.8185
v 69.8110 3.0023 -3.7983
v 69.8117 2.8987 -3.7859
v 69.8120 2.8671 -3.7821
v 69.8568 1.7248 -1.8785
v 69.8553 1.7228 -1.8248
v 69.8530 1.7215 -1.7714
v 69.8372 1.7211 0.3358
v 69.8579 1.7308 -2.0099
v 69.9073 1.7248 -1.6791
v 69.9109 1.7237 -1.6272
v 69.9062 1.7220 -1.5738
v 69.9085 1.7215 -1.5222
v 69.9102 1.7212 -1.4706
v 69.9112 1.7211 -1.4190
v 69.9104 1.7212 0.0757
v 69.9099 1.7212 0.1014
v 69.9082 1.7215 0.1530
v 70.1337 1.8149 -1.5174
v 69.9657 1.7248 -1.3761
v 69.9580 1.7228 -1.3230
v 69.9638 1.7220 -1.2205
v 69.9697 1.7220 -1.1696
v 69.9672 1.7215 -1.1180
v 69.9641 1.7212 -1.0664
v 69.9682 1.7212 -1.0156
v 69.9693 1.7212 -0.9391
v 69.9668 1.7211 -0.9135
v 69.9691 1.7211 -0.8626
v 69.9691 1.7211 -0.5065
v 69.9667 1.7211 -0.4556
v 69.9659 1.7212 -0.3792
v 69.9681 1.7212 -0.3535
v 69.9639 1.7212 -0.3027
v 69.9695 1.7220 -0.1995
v 69.9636 1.7220 -0.1487
v 69.9649 1.7228 -0.0969
v 69.9655 1.7237 -0.0450
v 69.9655 1.7248 0.0070
v 70.0176 13.1990 -10.6880
v 70.0255 1.7261 -0.8133
v 70.0196 1.7248 -0.7103
v 70.0196 1.7248 -0.6588
v 70.0190 1.7248 -0.6074
v 70.0255 1.7261 -0.5558
v 69.4463 13.2599 -19.2278
v 70.0696 13.1466 -10.6633
v 70.0753 9.8119 -1.1972
v 70.1370 13.4393 -18.5173
v 70.1353 1.7591 -0.7542
v 70.1448 13.4382 -18.5477
v 70.1487 13.0483 -10.6248
v 70.1609 13.0307 -10.6189
v 70.2032 1.8133 -0.1541
v 70.0108 11.7853 -17.5418
v 70.2356 1.9408 -1.2669
v 70.3546 3.2606 -0.2988
v 70.2603 13.4392 -18.4929
v 70.2744 1.9704 -0.9449
v 70.2772 2.1082 -0.4671
v 70.2968 2.1483 -0.4773
v 70.2624 2.0002 -0.3858
v 70.2404 1.8834 -0.4112
v 70.3440 2.2024 -0.6099
v 70.3837 13.4391 -18.4685
v 70.3770 7.2340 -17.6235
v 70.4050 1.9398 -1.9710
v 70.3263 2.9724 -0.3250
v 70.4251 7.2330 -17.6095
v 70.5335 1.9447 -2.3135
v 70.1232 1.9378 -1.8084
v 70.6096 6.9393 -0.9651
v 70.5353 7.2340 -17.5777
v 70.3810 9.8148 -2.3505
v 70.6100 9.7366 -3.1155
v 70.5448 2.0414 -1.5120
v 70.6213 13.4393 -18.3861
v 70.6410 7.2330 -17.5460
v 69.9798 1.8267 -2.1677
v 70.6719 7.2340 -17.5369
v 70.7232 11.8160 -17.3725
v 70.8439 9.8042 -4.1028
v 70.7511 11.8494 -17.3242
v 70.7529 1.9393 -3.4012
v 70.7488 1.9398 -3.3300
v 70.7447 1.9404 -3.2588
v 70.7149 1.9398 -3.1940
v 70.7730 11.8454 -17.3096
v 70.7619 11.8746 -17.2716
v 70.8540 1.9393 -3.8094
v 70.8086 1.9696 -3.0546
v 71.1797 7.6364 -3.6541
v 70.9123 11.7390 -17.1783
v 70.8771 8.2957 -9.7103
v 70.9486 1.9401 -4.1109
v 70.9158 1.9397 -4.0161
v 70.9133 1.9404 -3.9392
v 70.8836 1.9398 -3.8743
v 70.9818 11.2539 -17.3662
v 71.0730 9.8349 -5.0581
v 70.8923 11.4357 -17.3888
v 71.0304 6.8745 -9.4205
v 71.0380 6.6449 -9.4176
v 71.0450 9.8884 -5.0732
v 71.0208 1.9393 -4.4902
v 71.0961 9.9416 -17.3523
v 71.0786 6.9393 -9.5316
v 71.0570 6.8657 -9.4895
v 71.0649 6.3113 -9.4630
v 71.0910 6.0294 -9.4909
v 71.0437 6.4682 -9.4153
v 71.0476 6.3505 -9.4137
v 71.0524 6.2033 -9.4118
v 71.0910 5.0257 -9.3962
v 71.0958 4.8785 -9.3942
v 71.0237 9.7690 -4.7746
v 71.0869 1.9393 -4.7626
v 71.0832 1.9398 -4.6914
v 71.0796 1.9404 -4.6202
v 71.0502 1.9398 -4.5552
v 71.2094 1.9684 -4.6835
v 71.1224 5.1052 -9.4806
v 71.1489 4.3808 -9.4755
v 71.1459 4.1792 -9.4557
v 71.0965 4.9521 -9.4061
v 71.1510 3.3916 -9.3973
v 71.1498 3.5536 -9.4107
v 71.1438 3.4064 -9.3742
v 71.1486 3.2592 -9.3722
v 71.4161 9.8159 -6.4029
v 71.4050 2.0889 -4.8865
v 71.1557 4.1424 -9.4707
v 71.1525 4.0688 -9.4597
v 71.1609 3.9952 -9.4692
v 71.1649 3.8774 -9.4680
v 71.1897 3.2982 -9.4692
v 71.1904 3.1474 -9.4607
v 71.2061 2.6998 -9.4562
v 71.2072 2.6704 -9.4560
v 71.2034 2.5968 -9.4444
v 71.1530 3.1279 -9.3707
v 71.1592 3.0384 -9.3810
v 71.1640 2.8912 -9.3790
v 71.1747 2.6704 -9.3881
v 71.1534 3.1120 -9.3702
v 71.1582 2.9648 -9.3681
v 71.1630 2.8176 -9.3661
v 71.1673 2.6850 -9.3642
v 71.1678 2.6704 -9.3640
v 71.1737 2.5968 -9.3751
v 71.1726 2.5232 -9.3620
v 71.1774 2.3760 -9.3599
v 71.2075 9.9076 -5.7470
v 71.2124 2.5232 -9.4545
v 71.2176 2.3760 -9.4531
v 71.2508 1.9393 -5.4442
v 71.2474 1.9398 -5.3729
v 71.2439 1.9404 -5.3017
v 71.2108 1.9397 -5.2317
v 71.2591 6.9356 -3.4979
v 71.3019 9.9208 -6.1445
v 71.2716 9.9164 -6.0167
v 71.3159 1.9393 -5.7169
v 71.3125 1.9398 -5.6457
v 71.3092 1.9404 -5.5744
v 71.4399 6.8956 -17.5774
v 71.5362 9.9580 -7.1432
v 71.3468 9.8693 -6.1998
v 71.3716 1.9571 -5.4535
v 71.3938 11.0333 -16.9365
v 71.4467 13.4290 -18.1354
v 71.4416 10.9675 -16.9348
v 71.4894 10.9017 -16.9331
v 71.4776 1.9393 -6.3991
v 71.6496 10.3877 -17.1555
v 71.5309 10.8373 -16.9060
v 71.6785 9.9252 -7.6240
v 71.5387 1.9398 -6.6008
v 71.5355 1.9404 -6.5295
v 71.5066 1.9398 -6.4643
v 71.5724 10.7730 -16.8790
v 71.6011 9.7499 -7.1337
v 71.6201 10.7072 -16.8767
v 71.6994 7.2340 -17.1908
v 71.6678 10.6413 -16.8745
v 71.7092 10.5770 -16.8470
v 71.7016 1.9393 -7.3547
v 71.6986 1.9398 -7.2834
v 71.6955 1.9404 -7.2121
v 71.6667 1.9398 -7.1469
v 71.5641 10.7919 -17.0390
v 71.7505 10.5127 -16.8195
v 71.9108 10.0359 -8.7924
v 71.7714 1.9463 -7.3338
v 71.6913 1.9678 -6.7087
v 71.8031 7.2330 -17.1516
v 71.7957 10.4496 -16.8148
v 71.8350 7.2340 -17.1398
v 71.8599 1.9393 -8.0377
v 72.0770 10.0152 -9.3993
v 71.9228 1.9393 -8.3110
v 71.9172 1.9404 -8.1684
v 71.8885 1.9398 -8.1030
v 71.9483 13.1952 -18.0454
v 71.8532 10.3735 -16.8663
v 71.9856 1.9393 -8.5843
v 71.9828 1.9398 -8.5130
v 71.9800 1.9404 -8.4417
v 71.9473 1.9397 -8.3703
v 72.0481 1.9393 -8.8577
v 72.0454 1.9398 -8.7864
v 72.0426 1.9404 -8.7151
v 71.8691 13.1081 -18.5691
v 72.0577 13.0685 -17.9739
v 72.0896 13.0235 -17.9515
v 72.1056 9.6391 -16.9889
v 72.0529 5.0030 -13.3487
v 72.0965 2.2288 -9.6528
v 71.9827 9.9282 -8.8857
v 71.9003 1.9875 -9.7485
v 72.3982 6.9534 -8.2995
v 72.0909 3.9100 -13.3504
v 72.1152 3.2287 -13.3523
v 72.3634 10.1577 -10.8639
v 72.1218 4.1130 -9.7142
v 72.1373 4.1130 -9.7050
v 72.0709 9.9294 -9.2554
v 72.2576 2.0339 -8.5920
v 72.2707 7.2340 -16.9671
v 72.2236 3.0217 -13.2188
v 73.1279 3.1351 -12.8874
v 72.2760 6.9393 -12.7500
v 72.2691 4.1130 -9.6010
v 72.2747 3.7990 -9.5794
v 72.2290 2.2288 -9.5480
v 72.5026 8.4944 -16.7707
v 72.6049 2.9904 -12.7374
v 72.3224 4.4656 -12.8236
v 72.3319 4.7130 -12.8051
v 72.3288 5.9665 -8.1754
v 72.3731 7.2330 -16.9243
v 72.1042 9.8047 -16.9468
v 72.3569 9.4531 -16.6149
v 72.3708 9.3745 -16.6212
v 72.3848 9.3016 -16.6327
v 72.3808 4.4656 -12.7810
v 72.3418 6.9393 -12.7034
v 72.3536 10.0812 -10.6504
v 72.3470 6.9393 -9.6625
v 72.3734 3.7990 -9.4466
v 72.4054 7.2340 -16.9110
v 72.4111 3.2288 -12.8128
v 72.3919 4.7130 -12.7638
v 72.4137 3.7990 -9.3644
v 72.4403 3.1120 -9.1544
v 72.4350 2.9648 -9.1554
v 72.4298 2.8176 -9.1564
v 72.4277 2.7601 -9.1568
v 72.4256 2.6998 -9.1572
v 72.4245 2.6704 -9.1574
v 72.4193 2.5232 -9.1584
v 72.4140 2.3760 -9.1594
v 72.4463 3.2431 -9.1273
v 72.4382 3.0384 -9.1433
v 72.4330 2.8912 -9.1442
v 72.4274 2.7393 -9.1491
v 72.4225 2.5968 -9.1461
v 72.4397 7.8279 -16.8852
v 72.4593 7.2340 -16.8881
v 72.4607 3.7990 -9.1878
v 72.4480 3.3594 -9.1643
v 72.4954 4.6576 -9.1335
v 72.4747 4.0885 -9.1508
v 72.4675 3.8774 -9.1493
v 72.4590 3.6272 -9.1397
v 72.4538 3.4800 -9.1406
v 72.4751 4.2528 -9.0650
v 72.1103 13.0161 -18.0540
v 72.5522 6.9393 -8.9801
v 72.5731 6.9393 -9.1699
v 72.0782 13.0602 -18.0259
v 72.6642 7.4335 -16.5249
v 72.7364 10.2845 -12.6456
v 72.5421 10.0850 -11.4656
v 73.2094 9.1833 -13.7101
v 72.6799 10.1980 -12.2171
v 72.7881 6.9598 -16.8410
v 72.9402 10.2263 -13.3853
v 72.3469 3.1695 -12.9935
v 73.0939 10.4247 -14.4064
v 73.0927 3.1653 -16.4466
v 72.9478 3.0766 -16.3901
v 73.0058 3.2288 -12.7649
v 72.9975 7.0674 -11.0746
v 73.0517 4.7130 -12.7288
v 73.0310 4.4656 -12.7288
v 73.0568 6.9393 -12.6458
v 73.1693 11.4647 -17.6562
v 72.9698 10.3066 -13.6309
v 73.1727 10.3830 -14.6274
v 73.3374 10.5372 -15.6541
v 73.3482 4.7020 -12.9991
v 73.3084 3.5767 -13.0094
v 73.4000 5.3232 -13.0672
v 73.3353 3.5790 -13.0640
v 73.3819 5.6638 -12.9902
v 73.3811 5.6406 -12.9904
v 73.3494 4.7362 -12.9988
v 73.3704 6.9393 -12.6590
v 73.3480 10.4681 -15.5284
v 73.4277 3.8360 -13.4371
v 73.4155 5.6636 -13.0771
v 73.4533 6.9399 -13.0383
v 73.4229 6.1956 -13.0336
v 73.4254 6.9393 -12.9765
v 73.4233 6.8590 -12.9784
v 73.4222 6.8234 -12.9791
v 73.4191 6.7340 -12.9800
v 73.4818 2.9741 -14.3508
v 73.4714 6.1285 -13.2596
v 73.6306 10.6099 -17.9278
v 73.6886 10.6918 -17.5378
v 73.7109 10.6528 -17.4278
v 74.1103 6.9393 -17.8249
v 73.7453 3.2868 -16.2543
v 73.8463 4.8089 -16.2693
v 73.8005 3.7706 -16.2491
v 73.8644 3.1662 -16.1729
v 73.9615 3.6890 -16.0231
v 73.8054 3.1002 -16.1496
v 74.0620 8.8803 -17.4738
v 74.0695 6.9409 -16.2247
v 62.1113 13.4393 -18.4396
v 59.0619 13.4378 3.3700
v 61.8253 13.4392 -2.2259
v 63.6654 13.4393 -18.9953
v 64.7250 13.4393 -4.2045
v 66.7907 13.4393 -14.4970
v 71.4485 13.2593 -18.4490
v 66.1508 13.2869 -13.3104
v 66.3047 13.1345 -13.3472
v 65.9988 13.4393 -13.3309
v 62.1113 13.4393 -18.4396
v 66.2305 13.2869 -12.8616
v 66.0948 13.4393 -12.7901
v 66.3773 13.1345 -12.9046
v 66.2305 13.2869 -12.8616
v 66.3773 13.1345 -12.9046
v 66.0948 13.4393 -12.7901
v 66.2305 13.2869 -12.8616
v 66.0948 13.4393 -12.7901
v 66.3773 13.1345 -12.9046
v 66.3104 13.2869 -12.6966
v 66.1701 13.4393 -12.6346
v 66.2058 13.4393 -12.5753
v 61.7431 13.4344 -2.1564
v 66.6799 13.4393 -12.1304
v 66.7726 13.4393 -12.0838
v 66.5468 13.4393 -19.0672
v 66.7943 13.2869 -12.2425
v 66.2198 13.2869 -12.8902
v 66.3586 13.1345 -12.9544
v 66.0823 13.4393 -12.8223
v 66.2198 13.2869 -12.8902
v 66.0823 13.4393 -12.8223
v 66.3586 13.1345 -12.9544
v 66.0364 13.4393 -12.9709
v 71.3092 13.4393 -18.1750
v 66.3193 13.2869 -13.8912
v 66.0597 13.4393 -12.8877
v 68.5214 13.4393 -12.7401
v 67.9208 13.4393 -18.9425
v 67.1221 13.4393 -14.5924
v 58.6392 13.4384 3.5061
v 67.9497 13.2869 -14.2697
v 68.3515 13.4393 -14.1098
v 68.2602 13.2869 -13.9783
v 54.8721 13.4306 7.5724
v 59.5056 13.4386 3.2043
v 61.7509 13.4360 0.8347
v 68.3761 13.2869 -12.7893
v 68.3184 13.2869 -12.6815
v 55.2444 13.3237 3.1821
v 62.9185 13.4393 -18.9023
v 67.2353 13.4392 -19.0215
v 63.6621 13.4384 -19.0265
v 67.2606 13.4393 -3.8803
v 65.1501 13.4393 -4.2793
v 62.0135 13.4393 -0.1501
v 68.9777 13.4386 -18.7959
v 66.4223 13.4391 -19.0895
v 65.5259 13.4344 -4.2407
v 61.9133 13.4384 -8.7144
v 62.0040 13.4296 -18.4415
v 67.6264 13.4323 -3.6705
v 71.3968 13.4351 -18.1498
v 61.7319 13.4304 -2.2451
v 67.6750 13.4213 -3.6273
v 54.5475 13.3002 7.4749
v 54.8038 13.4223 7.3914
v 69.5843 13.4225 -10.8814
v 61.4887 13.3949 2.6533
v 54.6989 13.3862 7.3748
v 61.6314 13.4060 0.8730
v 59.2285 13.3688 4.8218
v 61.6355 13.4099 -2.2261
v 61.6355 13.4099 -2.2261
v 59.6545 11.0726 4.3464
v 61.8137 13.3591 -18.4597
v 61.2117 13.0299 -2.1611
v 61.6884 13.3442 2.5807
v 59.3436 13.3331 5.0003
v 59.3277 13.2655 4.6853
v 59.5216 13.2598 5.2570
v 59.4430 13.2983 5.1206
v 68.4780 13.2869 -13.1403
v 68.3285 13.1345 -13.1726
v 68.3251 13.1345 -13.1462
v 59.5216 13.2598 5.2570
v 61.4632 13.3103 -2.2970
v 61.7374 13.3072 -18.4652
v 62.3355 13.4077 -18.9954
v 61.4632 13.3103 -2.2970
v 61.6558 13.2262 -18.4597
v 54.7625 13.1905 9.5004
v 54.7625 13.1905 9.5004
v 54.7625 13.1905 9.5004
v 67.5827 13.3581 -3.5540
v 71.9351 13.1983 -17.9952
v 61.6269 13.2971 2.6993
v 62.6018 13.1973 2.8554
v 61.3948 13.2578 -2.2812
v 68.0735 13.2247 -3.3992
v 61.6297 13.1971 -18.4479
v 61.6297 13.1971 -18.4479
v 61.3466 13.1977 -2.2987
v 70.0347 13.1826 -10.6799
v 61.4204 13.1467 3.0004
v 62.9642 13.1599 -2.7332
v 68.1258 13.1738 -3.3637
v 72.0298 13.1130 -18.0221
v 58.5737 13.1769 6.3430
v 71.9975 13.1374 -17.9775
v 62.8044 13.1445 -2.5060
v 62.9899 10.3602 -2.6850
v 70.0863 13.1279 -10.6552
v 71.9975 13.1374 -17.9775
v 66.8987 13.1345 -12.3613
v 66.8043 13.1345 -12.4103
v 68.1453 13.1345 -13.8773
v 68.0611 13.1345 -13.9802
v 67.9222 13.1345 -14.1038
v 66.3426 13.1345 -13.0051
v 67.8335 13.1345 -14.1624
v 68.2439 13.1345 -12.8661
v 66.4297 13.1345 -13.7778
v 66.4859 13.1345 -13.8681
v 68.1811 13.1345 -12.7490
v 67.1675 13.1345 -14.2910
v 61.7613 13.1291 2.6601
v 62.9344 13.1245 1.2763
v 63.0114 7.5760 1.2176
v 62.9902 10.3487 1.2694
v 58.9403 13.0495 6.1751
v 70.1185 13.0890 -10.6396
v 71.9975 13.1374 -17.9775
v 68.1773 13.1147 -3.3278
v 68.2089 13.0605 -3.2806
v 68.2044 13.0790 -3.3085
v 68.2044 13.0790 -3.3085
v 62.1480 13.1009 2.6838
v 68.2305 13.0064 -3.2168
v 68.2091 13.0358 -3.2263
v 68.2423 12.9795 -3.1934
v 61.2602 13.0319 -2.3166
v 61.2677 13.0308 -2.3376
v 61.2377 12.9946 -2.2892
v 68.2423 12.9795 -3.1934
v 61.2602 13.0319 -2.3166
v 61.2377 12.9946 -2.2892
v 61.2677 13.0308 -2.3376
v 59.7578 13.1135 5.3690
v 63.4972 12.9699 1.8547
v 63.5070 13.0272 1.8743
v 68.2938 12.9177 -3.1878
v 63.4972 12.9699 1.8547
v 63.4972 12.9699 1.8547
v 63.6052 12.9456 1.9391
v 63.5368 12.9734 1.8876
v 63.5368 12.9734 1.8876
v 59.9029 12.0839 5.3436
v 59.9436 11.2248 5.3534
v 59.8616 12.9498 5.3096
v 59.8780 12.0839 5.4353
v 59.8203 12.9525 5.4593
v 59.9209 11.2254 5.4365
v 59.8780 12.0839 5.4353
v 59.9209 11.2254 5.4365
v 59.8203 12.9525 5.4593
v 59.8780 12.0839 5.4353
v 59.8203 12.9525 5.4593
v 59.9209 11.2254 5.4365
v 59.8780 12.0839 5.4353
v 59.9209 11.2254 5.4365
v 59.8203 12.9525 5.4593
v 59.8780 12.0839 5.4353
v 59.8203 12.9525 5.4593
v 59.9209 11.2254 5.4365
v 59.8780 12.0839 5.4353
v 59.9209 11.2254 5.4365
v 59.8203 12.9525 5.4593
v 59.8780 12.0839 5.4353
v 59.9209 11.2254 5.4365
v 59.8203 12.9525 5.4593
v 59.8780 12.0839 5.4353
v 59.8203 12.9525 5.4593
v 59.9209 11.2254 5.4365
v 59.8780 12.0839 5.4353
v 59.9209 11.2254 5.4365
v 59.8203 12.9525 5.4593
v 59.8780 12.0839 5.4353
v 59.8203 12.9525 5.4593
v 59.9209 11.2254 5.4365
v 59.8780 12.0839 5.4353
v 59.9209 11.2254 5.4365
v 59.8203 12.9525 5.4593
v 59.8780 12.0839 5.4353
v 59.8203 12.9525 5.4593
v 59.9209 11.2254 5.4365
v 59.8317 12.0839 5.5079
v 59.8853 11.2268 5.4974
v 59.7847 12.9513 5.5076
v 59.8317 12.0839 5.5079
v 59.8853 11.2268 5.4974
v 59.7847 12.9513 5.5076
v 59.8317 12.0839 5.5079
v 59.7847 12.9513 5.5076
v 59.8853 11.2268 5.4974
v 59.8317 12.0839 5.5079
v 59.7847 12.9513 5.5076
v 59.8853 11.2268 5.4974
v 59.8317 12.0839 5.5079
v 59.8853 11.2268 5.4974
v 59.7847 12.9513 5.5076
v 59.8317 12.0839 5.5079
v 59.7847 12.9513 5.5076
v 59.8853 11.2268 5.4974
v 58.6931 12.0837 6.4572
v 58.7380 11.2283 6.4584
v 58.6539 12.9393 6.4505
v 58.6931 12.0837 6.4572
v 58.6539 12.9393 6.4505
v 58.7380 11.2283 6.4584
v 58.6931 12.0837 6.4572
v 58.6197 12.9366 6.4878
v 58.7380 11.2283 6.4584
v 58.6931 12.0837 6.4572
v 58.7380 11.2283 6.4584
v 58.6197 12.9366 6.4878
v 58.6931 12.0837 6.4572
v 58.7380 11.2283 6.4584
v 58.6197 12.9366 6.4878
v 58.6931 12.0837 6.4572
v 58.6197 12.9366 6.4878
v 58.7380 11.2283 6.4584
v 59.7253 12.9743 5.5581
v 58.6931 12.0837 6.4572
v 58.6197 12.9366 6.4878
v 58.7380 11.2283 6.4584
v 58.6931 12.0837 6.4572
v 58.7380 11.2283 6.4584
v 58.6197 12.9366 6.4878
v 58.6931 12.0837 6.4572
v 58.7380 11.2283 6.4584
v 58.6197 12.9366 6.4878
v 58.6931 12.0837 6.4572
v 58.6197 12.9366 6.4878
v 58.7380 11.2283 6.4584
v 58.6931 12.0837 6.4572
v 58.6197 12.9366 6.4878
v 58.7380 11.2283 6.4584
v 63.6052 12.9456 1.9391
v 63.6052 12.9456 1.9391
v 63.5997 12.9192 1.9328
v 54.1717 12.7210 9.7336
v 58.6228 12.8925 6.9897
v 58.6853 12.8557 7.0980
v 58.6853 12.8557 7.0980
v 58.6228 12.8925 6.9897
v 54.0325 12.7131 9.3770
v 61.0932 12.9176 0.5155
v 61.0715 12.9176 0.4316
v 61.0514 12.9176 0.3474
v 61.0715 12.9176 0.4316
v 61.2083 12.9797 0.8481
v 61.0006 12.9176 0.0926
v 61.1412 12.9176 0.6819
v 61.0514 12.9176 0.3474
v 61.1676 12.9176 0.7644
v 60.9747 12.9176 -0.0787
v 60.9642 12.9176 -0.1646
v 61.1676 12.9176 0.7644
v 60.9642 12.9176 -0.1646
v 61.0002 12.9793 0.0051
v 60.7524 9.4858 0.0667
v 60.9382 12.9176 -0.5100
v 60.9357 12.9176 -0.5966
v 60.9357 12.9176 -0.5966
v 60.9448 12.9485 -0.5211
v 60.9476 12.9176 -1.0293
v 60.9476 12.9176 -1.0293
v 60.9549 12.9176 -1.1156
v 60.9549 12.9176 -1.1156
v 61.1165 12.9176 0.5989
v 60.9561 12.9523 -1.0505
v 60.9863 12.9176 -1.3735
v 60.9999 12.9176 -1.4591
v 61.1412 12.9176 0.6819
v 60.9999 12.9176 -1.4591
v 60.9878 12.9485 -1.3404
v 61.0505 12.9176 -1.7139
v 61.0505 12.9176 -1.7139
v 61.0921 12.9176 -1.8820
v 60.9382 12.9176 -0.5100
v 61.0921 12.9176 -1.8820
v 61.1153 12.9176 -1.9655
v 61.1153 12.9176 -1.9655
v 61.1400 12.9176 -2.0485
v 60.8311 6.9393 -2.4422
v 61.2234 12.9176 -2.2946
v 61.1941 12.9176 -2.2131
v 60.9863 12.9176 -1.3735
v 61.2234 12.9176 -2.2946
v 61.2234 12.9176 -2.2946
v 56.9278 13.0098 3.0761
v 61.1957 12.9177 0.8471
v 61.3513 12.9157 -8.7855
v 61.2368 12.8614 -2.3445
v 61.2404 12.9083 -2.3429
v 54.6150 6.9393 2.5189
v 54.8091 10.2389 2.7120
v 61.5581 13.0199 -18.5314
v 61.2368 12.8614 -2.3445
v 58.6077 12.0278 6.7372
v 58.6463 11.2251 6.7369
v 58.5692 12.8276 6.7376
v 58.6004 12.0476 6.6746
v 58.5692 12.8276 6.7376
v 58.6463 11.2251 6.7369
v 58.6077 12.0278 6.7372
v 58.6463 11.2251 6.7369
v 58.5692 12.8276 6.7376
v 58.6077 12.0278 6.7372
v 58.5692 12.8276 6.7376
v 58.6463 11.2251 6.7369
v 58.6077 12.0278 6.7372
v 58.5692 12.8276 6.7376
v 58.6463 11.2251 6.7369
v 68.3673 12.8017 -3.1328
v 64.4228 12.7526 2.7719
v 54.0260 12.7360 9.4898
v 68.4636 12.6345 -3.0252
v 61.7320 12.5401 2.7143
v 54.0096 12.5987 9.4980
v 54.0172 12.6486 9.5175
v 54.0092 12.6495 9.4347
v 54.0553 12.7234 9.6107
v 61.7116 12.3029 2.7470
v 68.4091 12.6993 -3.0274
v 59.2041 12.2986 7.5585
v 59.9044 12.0839 5.3212
v 59.9436 11.2248 5.3534
v 59.9458 11.2249 5.3142
v 61.5969 13.1491 2.8247
v 70.9462 9.8788 -4.6693
v 59.2400 12.1805 7.5553
v 63.3067 11.5203 4.2543
v 63.3305 11.9552 4.2746
v 63.3275 11.9814 4.2433
v 63.4637 11.9611 4.8694
v 68.4912 11.9393 -12.6779
v 66.0369 11.9393 -13.6043
v 66.0323 11.9393 -12.9877
v 66.1547 11.7869 -13.1882
v 66.0014 11.9393 -13.1926
v 66.3039 11.6345 -13.2408
v 66.3193 11.7869 -13.8912
v 66.4859 11.6345 -13.8681
v 67.1903 11.7869 -14.4476
v 65.0531 11.9393 -6.3423
v 66.9810 11.9393 -17.2099
v 66.0772 11.9393 -13.7366
v 66.6799 11.9393 -12.1304
v 66.5769 11.9393 -12.1938
v 66.2547 11.9393 -12.5041
v 66.7127 11.9393 -14.4597
v 67.6002 11.9393 -12.1095
v 67.6422 11.9393 -17.6796
v 68.4577 11.9393 -12.6174
v 68.1949 11.6345 -12.7717
v 66.0128 11.9393 -13.0896
v 68.3727 11.9393 -14.0825
v 68.2030 11.7869 -14.0500
v 67.9222 11.6345 -14.1038
v 67.9497 11.7869 -14.2697
v 66.5450 11.9393 -6.2807
v 66.2562 11.9393 -14.0707
v 66.8122 11.9368 -6.1901
v 66.1979 11.9393 -13.9849
v 66.1979 11.9393 -13.9849
v 66.0501 11.9393 -6.3449
v 66.9517 11.9393 -6.1941
v 65.5516 11.9376 -6.3342
v 67.6973 11.9262 -5.8924
v 64.9647 11.9357 -6.2907
v 68.6894 12.2157 -2.7108
v 56.7836 11.9028 4.6797
v 62.9514 11.9329 -5.6931
v 63.3067 11.5203 4.2543
v 63.3281 11.9064 4.2959
v 63.3305 11.9552 4.2746
v 70.7242 11.9013 -17.2514
v 62.9250 11.8947 -11.4463
v 62.7988 11.8725 -5.7394
v 63.0397 11.9047 -17.1445
v 62.9250 11.8947 -11.4463
v 63.0397 11.9047 -17.1445
v 62.7988 11.8725 -5.7394
v 62.9250 11.8947 -11.4463
v 62.7988 11.8725 -5.7394
v 63.0397 11.9047 -17.1445
v 62.9250 11.8947 -11.4463
v 63.0397 11.9047 -17.1445
v 62.7988 11.8725 -5.7394
v 62.9250 11.8947 -11.4463
v 62.7988 11.8725 -5.7394
v 63.0397 11.9047 -17.1445
v 62.9250 11.8947 -11.4463
v 63.0397 11.9047 -17.1445
v 62.7988 11.8725 -5.7394
v 62.9250 11.8947 -11.4463
v 62.7988 11.8725 -5.7394
v 63.0397 11.9047 -17.1445
v 62.9250 11.8947 -11.4463
v 63.0397 11.9047 -17.1445
v 62.7988 11.8725 -5.7394
v 62.9250 11.8947 -11.4463
v 62.7988 11.8725 -5.7394
v 63.0397 11.9047 -17.1445
v 59.7191 11.9055 7.5309
v 59.6995 11.8703 7.5073
v 59.6913 11.8517 7.4974
v 62.9250 11.8947 -11.4463
v 63.0397 11.9047 -17.1445
v 62.7988 11.8725 -5.7394
v 64.2529 11.7255 -18.1485
v 56.2935 11.8345 4.5660
v 71.4832 10.9032 -16.9080
v 71.6615 10.6429 -16.8495
v 70.9574 11.6766 -17.1514
v 70.8180 11.8642 -17.1572
v 56.3482 11.7284 4.4286
v 70.8192 11.8401 -17.2541
v 59.6174 11.8285 7.5525
v 60.1624 11.7513 7.0560
v 60.4897 11.7939 6.7992
v 60.8406 11.7891 6.5065
v 61.5315 11.7939 5.9364
v 62.1416 11.7370 5.4121
v 62.4737 11.7890 5.1540
v 63.1827 11.7279 4.5484
v 63.1552 11.7370 4.5726
v 63.2115 11.7370 4.5260
v 63.1827 11.7279 4.5484
v 63.2115 11.7370 4.5260
v 63.1552 11.7370 4.5726
v 63.2676 11.4341 4.4358
v 63.2507 11.7327 4.4868
v 63.2624 11.7228 4.4678
v 63.1827 11.7279 4.5484
v 63.1552 11.7370 4.5726
v 63.2115 11.7370 4.5260
v 63.1827 11.7279 4.5484
v 63.2115 11.7370 4.5260
v 63.1552 11.7370 4.5726
v 70.8391 11.6489 -17.3777
v 70.7970 11.7386 -17.3768
v 70.8761 11.5761 -17.3735
v 70.8391 11.6489 -17.3777
v 70.8761 11.5761 -17.3735
v 70.7970 11.7386 -17.3768
v 61.8817 11.1642 2.7841
v 59.6075 11.7372 7.5109
v 59.9454 11.7372 7.2310
v 60.2833 11.7371 6.9512
v 60.5085 11.7371 6.7646
v 60.6211 11.7371 6.6714
v 60.7901 11.7371 6.5314
v 60.9590 11.7371 6.3915
v 61.1280 11.7371 6.2516
v 61.2198 11.7843 6.1905
v 61.4658 11.7371 5.9718
v 61.5221 11.7371 5.9251
v 61.5785 11.7371 5.8785
v 61.8037 11.7371 5.6919
v 61.9727 11.7371 5.5520
v 62.2542 11.7370 5.3188
v 62.4232 11.7370 5.1789
v 62.5921 11.7370 5.0390
v 62.7610 11.7370 4.8991
v 56.1561 11.6745 4.8046
v 56.1703 11.7282 4.8098
v 56.4911 11.7345 4.3990
v 66.1042 11.7205 -6.0500
v 65.1384 11.7089 -6.0580
v 62.9180 11.6112 -5.4495
v 62.9378 11.4049 -5.4342
v 56.1004 11.6493 5.1508
v 67.5912 11.6765 -5.6735
v 65.2372 11.6784 -6.0580
v 63.2639 11.6784 -5.5508
v 63.7510 11.7357 -5.7666
v 63.8485 11.6784 -5.7866
v 63.7740 11.6784 -5.7609
v 63.7740 11.6784 -5.7609
v 63.7740 11.6784 -5.7609
v 67.4801 11.6706 -5.7155
v 63.3354 11.6784 -5.5840
v 67.4804 11.6784 -5.7164
v 63.3354 11.6784 -5.5840
v 63.3354 11.6784 -5.5840
v 64.6088 11.7394 -5.9971
v 63.2639 11.6784 -5.5508
v 63.8485 11.6784 -5.7866
v 65.1585 11.6784 -6.0526
v 65.2372 11.6784 -6.0580
v 65.1585 11.6784 -6.0526
v 65.6312 11.6784 -6.0677
v 65.6312 11.6784 -6.0677
v 65.7100 11.6784 -6.0662
v 65.6312 11.6784 -6.0677
v 65.6410 11.7242 -6.0777
v 65.7100 11.6784 -6.0662
v 66.0248 11.6784 -6.0486
v 67.4065 11.6784 -5.7439
v 66.1033 11.6784 -6.0413
v 66.0248 11.6784 -6.0486
v 66.1817 11.6784 -6.0329
v 66.1033 11.6784 -6.0413
v 67.4804 11.6784 -5.7164
v 66.2599 11.6784 -6.0233
v 66.1817 11.6784 -6.0329
v 66.2599 11.6784 -6.0233
v 66.2599 11.6784 -6.0233
v 56.2324 11.4156 4.4694
v 56.1004 11.6493 5.1508
v 70.8391 11.6489 -17.3777
v 70.8761 11.5761 -17.3735
v 70.9088 11.6061 -17.3353
v 56.1400 11.6530 4.8918
v 68.8825 7.2340 -17.9783
v 70.5148 9.7543 -17.5374
v 65.2046 11.6455 -18.2123
v 68.2206 11.6345 -12.8183
v 66.4297 11.6345 -13.7778
v 67.2203 11.6345 -14.2976
v 67.1151 11.6345 -14.2817
v 66.1961 11.7869 -12.9629
v 66.8274 11.6345 -12.3971
v 68.1605 11.6345 -13.8555
v 68.0790 11.6345 -13.9605
v 67.8562 11.6345 -14.1486
v 54.8687 11.5738 3.2066
v 56.4865 11.2766 4.3677
v 56.0721 11.6165 5.3107
v 54.4067 11.6784 6.2479
v 56.7278 4.7330 4.2857
v 56.0297 11.6019 5.5819
v 56.1712 11.5684 7.0082
v 56.7230 11.5486 6.5973
v 56.3834 11.5623 10.6122
v 56.7432 11.5130 6.6424
v 58.9641 11.4884 4.7139
v 59.0060 11.4522 4.6484
v 58.9847 11.4431 4.7376
v 56.7212 11.4643 6.7270
v 55.8798 11.4677 6.5064
v 55.7335 11.2040 7.2636
v 56.1501 11.2975 4.6192
v 58.0589 4.7330 4.3055
v 58.0589 4.7330 4.3055
v 56.0513 11.4227 7.5150
v 58.1536 4.7330 4.2945
v 58.1536 4.7330 4.2945
v 58.9655 11.4661 4.6544
v 56.7100 11.3532 7.1415
v 55.7631 11.3105 7.3333
v 58.7509 11.4157 4.3372
v 68.5695 11.2894 -1.9871
v 68.6273 11.2329 -1.8547
v 56.0342 11.4930 7.2936
v 56.2425 11.7064 4.5053
v 56.3177 11.5910 4.4163
v 56.7964 10.5163 6.8510
v 56.8354 9.7246 6.8424
v 56.7612 11.2805 6.8910
v 56.7964 10.5163 6.8510
v 56.7612 11.2805 6.8910
v 56.8354 9.7246 6.8424
v 68.5695 11.2894 -1.9871
v 68.5695 11.2894 -1.9871
v 68.6049 11.2201 -1.8986
v 68.5921 11.2881 -1.9385
v 68.5695 11.2894 -1.9871
v 56.7964 10.5163 6.8510
v 56.8354 9.7246 6.8424
v 56.7612 11.2805 6.8910
v 54.2946 11.2243 6.2202
v 53.8711 11.2200 8.9529
v 68.6049 11.2201 -1.8986
v 68.5695 11.2894 -1.9871
v 68.5921 11.2881 -1.9385
v 68.5921 11.2881 -1.9385
v 68.5695 11.2894 -1.9871
v 56.7936 11.1768 10.7612
v 68.5921 11.2881 -1.9385
v 68.5921 11.2881 -1.9385
v 68.5921 11.2881 -1.9385
v 71.0300 11.2026 -17.3509
v 58.6713 11.1445 6.7602
v 60.6751 11.2288 3.6849
v 55.7196 11.2162 7.3923
v 55.7049 11.1556 7.4205
v 63.2698 11.1770 4.3916
v 54.7137 11.1815 3.4140
v 54.2946 11.2243 6.2202
v 56.4337 11.0084 4.3569
v 58.6782 11.1592 6.5754
v 69.1537 11.2386 -1.7117
v 59.3976 11.1492 7.5345
v 63.2448 11.0992 4.2626
v 62.6893 11.4246 -5.6583
v 67.3868 11.0092 2.2415
v 67.5958 10.9682 2.4578
v 67.5742 11.0307 2.2770
v 62.7420 11.0397 3.6338
v 62.0680 11.0049 2.8810
v 63.1526 11.0092 4.1798
v 67.9758 10.9959 -5.4448
v 61.3251 11.0050 5.9165
v 63.1161 11.0071 4.4366
v 63.1489 11.0090 4.4054
v 58.7964 10.9909 6.5882
v 66.8837 10.9311 2.2719
v 58.8775 10.9560 6.6036
v 59.9542 10.9719 5.6635
v 58.8791 10.9530 6.6214
v 59.9767 10.9504 5.7163
v 61.6055 10.9434 3.2523
v 68.7576 10.8962 -1.4086
v 53.6764 10.8411 8.9549
v 66.8837 10.9311 2.2719
v 66.8837 10.9311 2.2719
v 66.9723 10.9752 2.2444
v 54.1364 10.8942 6.1792
v 62.8833 7.5760 -2.4503
v 63.0454 7.5760 -2.6775
v 68.7308 10.8765 -1.4815
v 68.0542 10.9188 -5.3998
v 68.0542 10.9188 -5.3998
v 66.9732 10.9284 2.2333
v 66.9732 10.9284 2.2333
v 66.9597 10.8938 2.2364
v 68.7358 10.8929 -1.4689
v 68.7358 10.8929 -1.4689
v 68.7358 10.8929 -1.4689
v 68.1107 10.8246 -5.3621
v 54.5447 10.8525 3.3838
v 54.5166 10.8305 3.4510
v 53.6772 10.8304 8.8868
v 68.3459 10.6752 1.9023
v 68.1948 10.6836 -5.3039
v 69.3084 10.7042 -0.7925
v 68.2228 10.6367 -5.2842
v 68.2228 10.6367 -5.2842
v 56.0207 10.5537 4.5874
v 56.0257 10.5597 4.5726
v 55.4169 10.5537 8.4981
v 68.7274 10.5463 -5.3888
v 68.2783 10.5429 -5.2441
v 68.2783 10.5429 -5.2441
v 55.4024 10.5173 8.5444
v 56.0207 10.5537 4.5874
v 55.4169 10.5537 8.4981
v 68.3335 10.4494 -5.2031
v 68.9182 10.5011 1.0446
v 68.7574 10.4454 0.1810
v 69.8040 9.9034 -0.3840
v 63.0681 10.2686 -5.3432
v 68.3883 10.3559 -5.1614
v 62.6586 10.2510 -5.6266
v 61.1559 5.9573 8.4751
v 63.5804 10.2153 6.2740
v 63.5804 10.2153 6.2740
v 71.8394 10.3826 -16.7890
v 56.2699 10.4671 4.3324
v 68.4428 10.2627 -5.1188
v 68.4428 10.2627 -5.1188
v 68.4592 10.2018 -5.1018
v 53.4488 10.2061 5.9969
v 53.0404 10.2075 8.6657
v 55.8721 10.1634 4.5595
v 55.8605 10.1104 4.5026
v 53.8488 10.1910 3.2760
v 53.4488 10.2061 5.9969
v 55.2708 10.1634 8.4536
v 68.8764 10.3057 -5.2739
v 58.0160 10.2050 10.8873
v 67.9602 9.9927 2.7419
v 69.0806 9.9433 -5.0438
v 56.7278 4.7330 4.2857
v 55.2708 10.1634 8.4536
v 55.8721 10.1634 4.5595
v 55.2396 10.1047 8.4947
v 53.7179 9.9117 9.7196
v 60.8247 6.9393 1.0542
v 60.8540 7.3838 1.0438
v 56.7278 4.7330 4.2857
v 55.7543 9.9294 4.5234
v 55.7523 9.9315 4.5387
v 53.7449 10.1038 9.6567
v 52.3723 9.9606 8.4514
v 62.6547 9.9754 -5.5687
v 62.6520 9.8360 -5.5562
v 52.7789 9.9633 5.8169
v 53.1537 9.9552 3.1787
v 52.7789 9.9633 5.8169
v 55.1536 9.9315 8.4162
v 71.4019 7.2340 -17.2976
v 52.9054 9.9389 3.1900
v 52.9054 9.9389 3.1900
v 52.0898 9.9393 8.2594
v 42.8100 9.9393 -7.0503
v 43.4110 9.9321 -8.8440
v 42.2195 9.9382 -2.9129
v 53.7433 9.8189 9.7628
v 60.7712 7.9397 8.8208
v 60.4581 9.9276 8.9886
v 60.4673 9.8819 8.9991
v 55.7523 9.9315 4.5387
v 55.1536 9.9315 8.4162
v 48.6753 9.8990 2.3814
v 52.9377 9.8689 2.8912
v 52.9377 9.8689 2.8912
v 42.7958 9.8744 -9.1569
v 62.6623 10.1001 -5.5492
v 70.6145 9.4230 -9.4272
v 69.4827 9.2570 -4.6369
v 72.2955 9.7106 -16.6267
v 70.6145 9.4230 -9.4272
v 72.2955 9.7106 -16.6267
v 69.4827 9.2570 -4.6369
v 58.1315 9.8536 10.9431
v 60.8540 7.3838 1.0438
v 60.8247 6.9393 1.0542
v 59.1474 9.6284 4.3537
v 41.2923 9.5893 4.9026
v 72.3211 9.6550 -16.6226
v 72.3276 9.5163 -16.8125
v 72.3104 9.5904 -16.8285
v 72.3335 9.4394 -16.8218
v 72.3276 9.5163 -16.8125
v 72.3335 9.4394 -16.8218
v 72.3104 9.5904 -16.8285
v 72.3276 9.5163 -16.8125
v 72.3335 9.4394 -16.8218
v 72.3104 9.5904 -16.8285
v 72.3276 9.5163 -16.8125
v 72.3104 9.5904 -16.8285
v 72.3335 9.4394 -16.8218
v 60.8168 7.7949 8.8817
v 60.5393 9.5851 9.0415
v 61.0952 5.9621 8.7043
v 60.8168 7.7949 8.8817
v 61.0952 5.9621 8.7043
v 60.5393 9.5851 9.0415
v 60.8168 7.7949 8.8817
v 60.5393 9.5851 9.0415
v 61.0952 5.9621 8.7043
v 60.8168 7.7949 8.8817
v 61.0952 5.9621 8.7043
v 60.5393 9.5851 9.0415
v 72.3454 9.5214 -16.7605
v 72.3537 9.4448 -16.7705
v 72.3640 9.4489 -16.7172
v 72.3276 9.5163 -16.8125
v 72.3335 9.4394 -16.8218
v 72.3537 9.4448 -16.7705
v 58.2886 9.4092 8.3998
v 58.0884 9.5126 5.7818
v 57.0280 9.4877 6.7373
v 59.1935 9.4861 4.8782
v 55.9133 9.5983 4.2596
v 72.3647 9.4517 -16.6645
v 57.6733 9.4596 11.1077
v 62.9421 9.4392 4.1453
v 58.3123 9.4377 8.2834
v 59.5421 9.4393 6.9497
v 60.2157 9.4393 4.0302
v 69.4668 11.6445 -17.7770
v 58.8073 9.4393 5.5751
v 59.2875 9.5479 4.6954
v 62.7262 9.4382 3.9960
v 61.9140 9.4326 3.3446
v 60.5188 9.4370 3.8127
v 59.4575 9.3517 4.1999
v 60.6249 9.2477 9.0560
v 60.5684 9.4739 9.0491
v 60.5684 9.4739 9.0491
v 63.7732 9.4805 6.3929
v 62.7242 7.0795 -17.3170
v 54.7367 9.1285 2.6624
v 55.3030 9.3199 4.4114
v 55.0398 9.3677 6.3759
v 54.7099 9.3313 8.3214
v 43.7262 9.6481 -7.7711
v 63.2638 9.3604 4.3276
v 55.0398 9.3677 6.3759
v 53.6622 9.2820 9.7191
v 55.3162 9.3489 4.4680
v 72.4029 9.1512 -16.6018
v 63.0134 8.9469 -5.2148
v 63.0502 9.1540 -5.2447
v 62.8202 9.2016 3.7444
v 62.3631 9.2521 3.4423
v 63.2164 9.2016 3.9667
v 62.4919 9.1862 3.5196
v 61.6704 8.9017 2.7810
v 61.6773 9.2570 2.8392
v 61.7064 9.0926 2.8143
v 61.6969 9.0234 2.8020
v 61.7158 9.1619 2.8266
v 61.7064 9.0926 2.8143
v 61.7158 9.1619 2.8266
v 61.6969 9.0234 2.8020
v 62.9914 9.2016 3.8460
v 63.0784 9.2016 3.8944
v 62.9053 9.2016 3.7960
v 62.7383 9.1784 3.6878
v 62.3318 9.2016 3.4014
v 62.2543 9.2016 3.3388
v 62.6531 9.2016 3.6363
v 62.5739 9.1706 3.5759
v 62.6558 9.1706 3.6322
v 62.5739 9.1706 3.5759
v 62.9053 9.2016 3.7960
v 62.9914 9.2016 3.8460
v 62.4919 9.1862 3.5196
v 63.1912 9.2055 3.9548
v 63.0784 9.2016 3.8944
v 62.1781 9.2016 3.2749
v 62.1781 9.2016 3.2749
v 62.9053 9.2016 3.7960
v 61.7064 9.0926 2.8143
v 62.2543 9.2016 3.3388
v 62.1781 9.2016 3.2749
v 62.6531 9.2016 3.6363
v 63.1912 9.2055 3.9548
v 62.5739 9.1706 3.5759
v 62.3318 9.2016 3.4014
v 62.3318 9.2016 3.4014
v 53.0304 9.6617 2.7097
v 60.4283 9.1737 3.5634
v 58.9197 9.2557 4.2270
v 42.9463 5.0382 -2.4304
v 42.0203 9.2227 5.6781
v 59.9912 9.1471 3.8090
v 59.5626 9.1471 4.0052
v 59.1188 9.1471 4.1642
v 59.9912 9.1471 3.8090
v 60.0749 9.1471 3.7654
v 59.9069 9.1471 3.8511
v 59.8218 9.1471 3.8918
v 59.9069 9.1471 3.8511
v 59.7361 9.1471 3.9311
v 59.8218 9.1471 3.8918
v 59.6496 9.1471 3.9689
v 59.7361 9.1471 3.9311
v 59.6496 9.1471 3.9689
v 60.0749 9.1471 3.7654
v 59.4750 9.1471 4.0400
v 59.5626 9.1471 4.0052
v 59.3867 9.1471 4.0733
v 59.4750 9.1471 4.0400
v 59.2980 9.1471 4.1051
v 59.1188 9.1471 4.1642
v 59.2980 9.1471 4.1051
v 59.2086 9.1471 4.1354
v 59.2980 9.1471 4.1051
v 59.2086 9.1471 4.1354
v 60.3212 9.1471 3.6263
v 59.0285 9.1471 4.1914
v 68.3558 8.8113 2.7130
v 54.7367 9.1285 2.6624
v 54.4710 5.8489 2.5503
v 69.1073 9.0296 -4.4895
v 63.7640 9.1358 6.4755
v 69.1642 8.9811 -4.4335
v 69.1642 8.9811 -4.4335
v 69.4465 8.8244 -4.2345
v 68.2527 8.8640 2.7967
v 72.1212 7.2340 -17.0279
v 71.9704 8.8952 -17.0560
v 69.2349 8.9129 -4.3653
v 69.2559 8.9138 -4.3530
v 72.2811 9.5840 -16.8752
v 55.2754 8.9621 4.1680
v 54.4622 8.7215 4.2851
v 68.2572 8.6873 2.8069
v 53.8434 8.7041 8.0251
v 54.0826 8.6846 6.1407
v 58.1536 4.7330 4.2945
v 53.5326 8.3286 4.0132
v 53.4616 8.4521 4.1978
v 53.4695 8.4472 4.1443
v 53.4695 8.4472 4.1443
v 53.3918 8.4455 4.1726
v 53.3918 8.4455 4.1726
v 53.3918 8.4455 4.1726
v 53.1864 8.4393 4.1600
v 52.6627 8.4393 7.5520
v 50.5224 8.4393 4.7587
v 46.8323 8.4393 5.4367
v 53.1919 8.4365 4.1201
v 43.8731 8.4393 2.8752
v 54.4475 8.4764 4.0492
v 51.1388 4.7330 3.5146
v 51.1388 4.7330 3.5146
v 56.7278 4.7330 4.2857
v 52.6860 8.3998 7.7179
v 46.0840 5.1604 2.8239
v 50.5125 4.7894 3.4292
v 57.8720 8.0037 9.4890
v 58.0589 4.7330 4.3055
v 57.6965 8.0623 9.5437
v 63.8364 7.9904 4.5422
v 40.9526 7.9143 -2.8079
v 40.9152 7.9139 -2.3179
v 41.5872 7.9384 -6.4496
v 41.1046 7.9116 -4.1807
v 41.1046 7.9116 -4.1807
v 41.6008 7.9169 -6.6837
v 41.0433 7.9116 -3.7172
v 41.0433 7.9116 -3.7172
v 40.9907 7.9116 -3.2526
v 40.9907 7.9116 -3.2526
v 40.9508 7.9142 -2.7866
v 40.9152 7.9139 -2.3179
v 40.9152 7.9139 -2.3179
v 41.1046 7.9116 -4.1807
v 40.9907 7.9116 -3.2526
v 40.9543 7.9250 -2.5582
v 37.8922 5.6945 -4.3477
v 40.2575 7.4296 1.4901
v 40.9004 7.9092 0.7512
v 40.4555 7.3222 -5.4761
v 39.5840 6.9348 1.9674
v 39.8271 7.1068 1.8998
v 40.9461 7.9068 -2.8587
v 40.1213 7.1069 -5.3825
v 40.0057 7.0284 -5.3815
v 40.7141 7.4712 -5.6760
v 40.7989 7.5133 -5.7886
v 40.8231 7.5240 -5.8290
v 40.8799 7.5451 -5.9514
v 41.4861 7.9088 -6.2524
v 40.8799 7.5451 -5.9514
v 41.5857 7.9068 -6.6837
v 41.6937 7.9068 -7.1013
v 53.3231 5.3063 9.6257
v 53.5192 7.6628 9.7111
v 53.5272 7.7527 9.7113
v 61.0952 5.9621 8.7043
v 42.4495 7.7535 -8.1155
v 64.3841 7.5760 2.3724
v 64.3841 7.5760 2.3724
v 68.3336 7.5760 -2.5048
v 68.3336 7.5760 -2.5048
v 68.3336 7.5760 -2.5048
v 63.4457 7.5760 1.8196
v 63.4457 7.5760 1.8196
v 63.4457 7.5760 1.8196
v 67.9399 7.5760 -2.9997
v 67.9399 7.5760 -2.9997
v 67.9399 7.5760 -2.9997
v 67.9399 7.5760 -2.9997
v 63.0454 7.5760 1.2619
v 63.0454 7.5760 1.2619
v 62.7685 7.5760 1.0406
v 62.7685 7.5760 1.0406
v 67.9561 4.6486 -3.0561
v 62.7384 7.5760 0.9915
v 62.7099 4.6486 1.0427
v 64.3841 7.5760 -3.7880
v 64.3841 7.5760 -3.7880
v 64.3841 7.5760 -3.7880
v 62.8533 7.5760 -2.4032
v 63.3907 4.6486 1.8398
v 62.8833 7.5760 -2.4503
v 62.8833 7.5760 -2.4503
v 63.0454 7.5760 -2.6775
v 63.0454 7.5760 -2.6775
v 63.0454 7.5760 -2.6775
v 68.3921 4.6486 -2.5080
v 63.7215 7.5760 -3.4431
v 63.7215 7.5760 -3.4431
v 63.7215 7.5760 -3.4431
v 63.0024 7.5760 -2.7842
v 63.0024 7.5760 -2.7842
v 63.0024 7.5760 -2.7842
v 63.4457 7.5760 -3.2353
v 63.4457 7.5760 -3.2353
v 63.4457 7.5760 -3.2353
v 63.7139 1.7211 -3.5606
v 63.7174 4.6486 -3.5016
v 63.4355 4.6486 -3.2930
v 62.9813 4.6486 -2.8389
v 63.3907 4.6486 1.8398
v 62.9813 4.6486 -2.8389
v 64.3386 4.6486 2.4094
v 63.4355 4.6486 -3.2930
v 62.7099 4.6486 1.0427
v 62.7685 7.5760 1.0406
v 62.6508 1.7211 1.0441
v 62.7099 4.6486 1.0427
v 62.6508 1.7211 1.0441
v 62.7685 7.5760 1.0406
v 64.3932 4.6486 -3.8460
v 64.3841 7.5760 2.3724
v 64.3932 4.6486 -3.8460
v 64.3386 4.6486 2.4094
v 62.8833 7.5760 -2.4503
v 67.9561 4.6486 -3.0561
v 68.3921 4.6486 -2.5080
v 53.4957 7.3929 9.7147
v 40.8386 7.1616 -5.8875
v 72.6237 7.4292 -16.6982
v 40.3291 7.1516 0.9774
v 40.3400 7.5143 0.9639
v 40.3482 7.5165 1.0371
v 39.1780 7.4914 -9.6760
v 40.7276 7.1356 -5.7107
v 42.1025 7.1574 -8.6973
v 42.0476 7.2919 -8.6845
v 54.5251 6.4545 2.5471
v 40.5159 7.3588 -5.5099
v 72.6785 7.3397 -16.5206
v 72.6921 7.2660 -16.5294
v 72.6871 7.3369 -16.5953
v 72.7088 7.1945 -16.5888
v 40.4473 6.7882 -5.4929
v 72.6891 7.2656 -16.6580
v 72.6820 7.3334 -16.6479
v 72.6673 7.3287 -16.7000
v 72.6994 7.2515 -16.6029
v 72.7026 7.1977 -16.6420
v 72.7088 7.1945 -16.5888
v 40.8687 7.2421 -5.9517
v 69.6919 7.1779 -4.1362
v 70.3388 7.2340 -17.6343
v 65.4912 7.2340 -18.2932
v 69.5465 7.2340 -17.8376
v 70.7312 7.2340 -17.5189
v 64.8779 7.2340 -18.2799
v 64.2654 7.2340 -18.2452
v 68.5444 7.2340 -18.0397
v 71.8907 7.2340 -17.1184
v 68.5444 7.2340 -18.0397
v 69.5465 7.2340 -17.8376
v 68.2769 7.2340 -18.0835
v 70.7312 7.2340 -17.5189
v 65.8292 7.2340 -18.2914
v 64.8779 7.2340 -18.2799
v 64.2654 7.2340 -18.2452
v 65.2146 7.2340 -18.2898
v 70.3388 7.2340 -17.6343
v 65.4912 7.2340 -18.2932
v 71.8907 7.2340 -17.1184
v 64.6004 7.2340 -18.2668
v 63.0492 7.2183 -5.0867
v 40.7702 7.2172 -5.7636
v 68.2263 7.1774 -17.9358
v 65.5906 6.9722 -18.4388
v 57.7465 6.9393 11.2035
v 71.2116 7.1768 -10.3380
v 69.7092 7.1630 -4.1492
v 69.7159 7.1923 -4.1605
v 40.5740 7.3932 -5.5488
v 40.2799 7.1226 1.4106
v 40.2564 6.7882 1.4383
v 40.2730 6.7882 1.3957
v 69.7545 7.0521 -4.2015
v 71.0340 6.9393 -9.4417
v 62.6772 7.1184 -11.2860
v 62.5468 7.0667 -5.3554
v 62.7493 7.0667 -17.2176
v 62.7534 7.2459 -5.1503
v 72.7544 7.0647 -16.5135
v 72.7307 7.0998 -16.5065
v 72.7711 7.0512 -16.5629
v 72.8130 5.1391 -16.4399
v 72.8447 3.2257 -16.3277
v 72.7544 7.0647 -16.5135
v 40.0057 7.0284 -5.3815
v 39.9470 6.9878 -5.3868
v 58.3209 6.9393 11.0971
v 72.0730 4.7130 -13.2287
v 72.1254 3.2288 -13.2302
v 71.9982 6.9393 -13.2052
v 72.0730 4.7130 -13.2287
v 71.9982 6.9393 -13.2052
v 72.1254 3.2288 -13.2302
v 72.3009 6.9393 -9.7065
v 60.8326 5.8980 1.0813
v 72.3616 6.9393 -9.6471
v 72.0984 3.7065 -13.3062
v 72.4519 6.9393 -9.5290
v 72.3214 2.2288 -9.4271
v 72.3214 2.2288 -9.4271
v 72.4519 6.9393 -9.5290
v 72.5110 6.9393 -9.4162
v 72.3529 2.2288 -9.3670
v 72.3529 2.2288 -9.3670
v 72.5110 6.9393 -9.4162
v 72.4310 4.1130 -9.3506
v 72.5110 6.9393 -9.4162
v 72.5337 6.9393 -9.3566
v 60.8247 6.9393 1.0542
v 60.8247 6.9393 1.0542
v 72.0730 4.7130 -13.2287
v 72.1254 3.2288 -13.2302
v 71.9982 6.9393 -13.2052
v 73.3875 5.8383 -12.9877
v 73.3875 5.8383 -12.9877
v 72.3764 6.9393 -12.6827
v 72.4223 4.7130 -12.7462
v 72.3764 6.9393 -12.6827
v 72.4254 3.2288 -12.8040
v 72.4623 4.1130 -9.2439
v 72.5566 6.9393 -9.2748
v 72.3922 2.2288 -9.2553
v 72.3249 6.9393 -12.7144
v 72.3249 6.9393 -12.7144
v 72.4223 4.7130 -12.7462
v 72.4254 3.2288 -12.8040
v 72.3764 6.9393 -12.6827
v 72.4223 4.7130 -12.7462
v 72.3764 6.9393 -12.6827
v 72.4254 3.2288 -12.8040
v 72.3249 6.9393 -12.7144
v 72.3833 3.2288 -12.8315
v 73.1114 6.9393 -12.6717
v 73.0381 6.9393 -12.6381
v 73.3304 4.2463 -13.0004
v 72.5747 6.9393 -9.1487
v 72.4075 2.2288 -9.1720
v 72.4075 2.2288 -9.1720
v 72.5610 6.9393 -9.2540
v 72.4623 4.1130 -9.2439
v 72.3922 2.2288 -9.2553
v 72.5566 6.9393 -9.2748
v 54.6150 6.9393 2.5189
v 72.1808 6.9393 -9.7940
v 72.8945 6.9393 -10.5040
v 72.3833 3.2288 -12.8315
v 72.2604 6.9393 -12.7627
v 73.3200 3.2287 -13.0589
v 73.4047 6.9393 -12.9418
v 69.6438 6.9393 1.7186
v 62.3901 5.8012 7.9679
v 72.1808 6.9393 -9.7940
v 72.4623 4.1130 -9.2439
v 72.3922 2.2288 -9.2553
v 72.5566 6.9393 -9.2748
v 71.0902 6.9393 -9.5494
v 72.7783 7.0240 -16.7308
v 72.6385 6.9811 -16.9804
v 62.4275 6.9768 -5.2948
v 73.0381 6.9393 -12.6381
v 60.4603 4.7330 3.4483
v 40.2005 6.9031 -7.1276
v 40.1486 6.8031 -7.1320
v 39.3829 6.8575 0.2262
v 39.4469 6.8401 1.9741
v 39.6234 6.7882 -5.6094
v 39.9020 6.7194 -7.0287
v 39.9419 6.7882 -7.0322
v 40.5987 6.7882 -5.5955
v 40.5257 6.7882 -5.5402
v 40.3855 6.7882 -5.4628
v 39.2670 6.5861 -6.4048
v 39.2619 6.3838 -6.4162
v 39.2721 6.7882 -6.3936
v 39.2670 6.5861 -6.4048
v 39.2721 6.7882 -6.3936
v 39.2619 6.3838 -6.4162
v 39.6231 6.7397 -5.6076
v 39.3422 6.7882 1.8664
v 73.4232 6.4683 -13.0108
v 71.9980 6.5439 -13.3285
v 71.9936 6.7075 -13.3703
v 71.9963 6.5915 -13.3294
v 54.5435 6.5512 2.5304
v 54.5423 6.6695 2.5493
v 36.4367 6.5727 1.9636
v 36.5181 6.6472 1.9644
v 36.4781 6.6313 1.7262
v 38.1166 5.6945 -5.7749
v 39.4236 6.5820 -5.7787
v 71.9980 6.5439 -13.3285
v 71.9963 6.5915 -13.3294
v 72.0017 6.4756 -13.3691
v 71.9980 6.5439 -13.3285
v 72.0017 6.4756 -13.3691
v 71.9963 6.5915 -13.3294
v 71.9980 6.5439 -13.3285
v 72.0017 6.4756 -13.3691
v 72.0044 6.3596 -13.3278
v 39.6159 6.5442 -6.9247
v 38.1650 5.6945 -6.0306
v 54.5731 6.4697 2.5214
v 41.4053 5.3330 -1.8902
v 37.6594 5.6669 -2.1680
v 37.0718 6.2818 -8.0726
v 42.0958 5.9086 -8.9320
v 40.0308 6.4305 -8.6543
v 42.1057 6.3364 -6.6688
v 41.5445 5.3330 -3.5731
v 38.8609 5.8233 -8.1345
v 41.3756 5.3238 -0.9001
v 69.7815 6.1863 -4.1566
v 41.9165 6.1133 -5.8521
v 54.5322 6.2175 2.5274
v 71.1201 5.1729 -9.4813
v 71.1150 5.3201 -9.4828
v 71.1099 5.4673 -9.4843
v 71.0573 6.0561 -9.4098
v 72.5391 5.9037 -9.1376
v 72.5175 5.2906 -9.1404
v 72.5134 5.1729 -9.1411
v 73.4060 5.7799 -13.0310
v 73.3875 5.8383 -12.9877
v 73.3875 5.8383 -12.9877
v 73.3860 5.7798 -12.9891
v 38.1142 5.7037 2.8107
v 38.6865 5.7348 -7.9587
v 38.6429 5.7333 -7.8442
v 38.4158 5.6945 -7.1895
v 37.6816 5.6598 1.2153
v 54.4140 4.6882 2.5308
v 37.6887 5.6607 -2.7655
v 38.0228 5.2442 -6.3522
v 73.3779 5.5479 -12.9912
v 38.2967 5.7481 2.9712
v 37.6014 5.5391 1.0843
v 72.5238 5.4673 -9.1393
v 72.5290 5.6145 -9.1384
v 72.5219 5.6145 -9.0557
v 37.7546 5.5223 -4.1811
v 37.8008 5.5459 2.4046
v 64.1430 5.4615 4.3157
v 64.1374 5.5012 4.3279
v 64.1456 5.4205 4.3246
v 64.1430 5.4615 4.3157
v 64.1456 5.4205 4.3246
v 64.1374 5.5012 4.3279
v 64.1430 5.4615 4.3157
v 64.1272 5.4986 4.3682
v 64.1374 5.5012 4.3279
v 64.1430 5.4615 4.3157
v 64.1374 5.5012 4.3279
v 64.1456 5.4205 4.3246
v 64.1430 5.4615 4.3157
v 64.1456 5.4205 4.3246
v 64.1374 5.5012 4.3279
v 54.4824 5.4540 2.5267
v 38.3203 5.3323 2.9967
v 61.5491 4.6728 2.5193
v 42.3177 5.3330 -7.3852
v 41.3740 5.3330 -1.0299
v 42.1623 5.3330 -6.8204
v 41.4900 5.3330 -3.0764
v 41.5927 5.3330 -3.9490
v 41.8928 5.3330 -5.6803
v 41.9550 5.3330 -5.9665
v 42.0898 5.3330 -6.5366
v 41.4900 5.3330 -3.0764
v 41.8928 5.3330 -5.6803
v 42.3177 5.3330 -7.3852
v 41.9550 5.3330 -5.9665
v 42.0898 5.3330 -6.5366
v 42.1623 5.3330 -6.8204
v 41.3740 5.3330 -1.0299
v 41.5927 5.3330 -3.9490
v 41.5611 5.3147 -3.6578
v 42.3959 5.2012 -7.2992
v 72.5064 5.1729 -9.0570
v 72.5134 5.1729 -9.1411
v 72.5106 5.2906 -9.0567
v 58.0032 5.0245 9.6205
v 42.5412 5.2871 -8.8618
v 42.3694 5.2416 -8.9893
v 38.4771 5.2927 -7.8085
v 69.6097 4.4728 1.6909
v 71.0971 5.0257 -9.4179
v 64.1087 5.4217 4.3334
v 71.1049 5.0257 -9.4392
v 57.9913 5.1235 9.5786
v 64.1330 5.1458 4.4796
v 44.4950 5.0745 2.4336
v 58.0373 5.0256 9.5902
v 64.1870 5.0249 4.4970
v 42.2197 5.0567 -9.2327
v 47.7556 5.0328 3.0532
v 44.2371 5.0403 2.3041
v 44.4880 5.0382 -9.3173
v 36.7252 5.0400 1.1439
v 36.2511 5.0382 -3.9726
v 36.2808 5.0382 2.4439
v 36.8081 5.0382 -7.2705
v 39.2569 5.1534 3.4833
v 37.7335 5.0382 4.2809
v 36.0773 5.0382 -1.2765
v 44.5660 5.0357 1.1869
v 47.7556 5.0328 3.0532
v 64.1870 5.0249 4.4970
v 64.2344 5.0287 4.4442
v 58.0373 5.0256 9.5902
v 61.8971 4.9205 2.5809
v 61.8734 4.9911 2.5660
v 45.1938 4.9708 2.4454
v 45.2223 4.9651 2.4318
v 69.7996 4.5631 -3.9829
v 54.4265 4.8289 2.5301
v 46.3080 4.8715 2.5905
v 58.1655 4.8458 9.6207
v 71.1020 4.8785 -9.4161
v 58.1655 4.8458 9.6207
v 58.1655 4.8458 9.6207
v 64.3746 4.8288 4.4922
v 72.1009 3.8062 -13.3913
v 49.8763 4.8456 3.3424
v 58.1972 4.7765 9.6640
v 64.3746 4.8288 4.4922
v 58.2051 4.8043 9.6298
v 58.2051 4.8043 9.6298
v 64.4090 4.7862 4.5110
v 47.1276 4.8003 2.7193
v 57.9066 4.7075 9.7141
v 47.5586 4.7579 2.7235
v 64.4642 4.7886 4.4554
v 51.1798 4.4382 3.2175
v 50.5275 4.4958 3.1285
v 48.8310 4.6456 2.8971
v 49.8913 4.5520 3.0417
v 50.6336 4.4864 3.1430
v 49.6793 4.5707 3.0128
v 49.0431 4.6269 2.9260
v 50.9517 4.4583 3.1864
v 56.7804 4.7216 4.2916
v 58.2856 4.7241 4.2753
v 72.4925 4.5840 -9.1448
v 72.4982 4.7454 -9.1438
v 72.4982 4.7454 -9.1438
v 72.4925 4.5840 -9.1448
v 58.2612 4.7524 9.6425
v 64.4622 4.7568 4.4993
v 60.2841 4.7285 3.5580
v 60.4603 4.7330 3.4483
v 58.0589 4.7330 4.3055
v 61.6966 4.6669 2.4786
v 72.4254 3.2288 -12.8040
v 61.3687 4.7330 2.7044
v 60.3768 4.6790 3.4929
v 56.9856 4.5134 4.1704
v 56.8913 4.6790 4.2998
v 58.1177 4.6790 4.2924
v 48.4069 4.6830 2.8392
v 73.3562 4.6830 -13.0168
v 51.0387 4.6888 3.4951
v 50.6894 4.6920 7.2645
v 62.6508 1.7211 1.0441
v 63.7139 1.7211 -3.5606
v 50.8509 4.6515 7.3307
v 61.4561 4.5971 2.5618
v 49.8435 4.5628 3.1003
v 58.6088 4.5437 9.7191
v 58.7040 4.4903 9.8135
v 73.3454 4.6202 -12.9999
v 58.6088 4.5437 9.7191
v 58.6088 4.5437 9.7191
v 58.6134 4.5211 9.7653
v 58.6134 4.5211 9.7653
v 64.9885 4.5127 4.5235
v 50.4663 4.4936 7.3598
v 64.9977 4.5224 4.4646
v 58.6848 4.5123 9.7457
v 64.9885 4.5127 4.5235
v 61.4307 4.4627 2.3769
v 50.4146 4.5100 3.1677
v 58.8421 4.4725 9.7690
v 58.8238 4.4619 9.8145
v 58.8238 4.4619 9.8145
v 65.2485 4.4632 4.5114
v 66.3646 3.0884 4.0160
v 50.9114 4.5093 3.3154
v 73.0660 3.2288 -12.7945
v 50.7606 4.4638 7.4986
v 57.5822 4.4495 4.1160
v 58.9999 4.4456 9.8160
v 58.9999 4.4456 9.8160
v 62.3173 4.4400 7.1526
v 59.9094 4.4438 3.4833
v 58.7826 4.4447 3.9278
v 57.2997 4.4387 4.0442
v 60.3336 4.4394 3.2046
v 60.3336 4.4394 3.2046
v 60.2023 4.4394 3.2886
v 55.2696 4.4392 9.1234
v 59.9325 4.4394 3.4443
v 59.7943 4.4394 3.5160
v 58.9252 4.4394 3.8567
v 58.9252 4.4394 3.8567
v 58.7749 4.4394 3.8980
v 58.7749 4.4394 3.8980
v 57.3863 4.4394 4.0629
v 57.3863 4.4394 4.0629
v 60.2023 4.4394 3.2886
v 57.3863 4.4394 4.0629
v 57.3863 4.4394 4.0629
v 56.7639 4.4403 4.0240
v 56.7639 4.4403 4.0240
v 56.7639 4.4403 4.0240
v 51.1798 4.4382 3.2175
v 51.1798 4.4382 3.2175
v 56.3251 4.4431 9.4366
v 59.7943 4.4394 3.5160
v 57.7378 4.4382 11.1544
v 56.0823 4.4382 9.4112
v 51.1798 4.4382 3.2175
v 51.1798 4.4382 3.2175
v 51.1798 4.4382 3.2175
v 51.1798 4.4382 3.2175
v 54.3916 4.4382 2.5321
v 63.1557 4.4382 7.0359
v 58.7749 4.4394 3.8980
v 58.9252 4.4394 3.8567
v 58.9252 4.4394 3.8567
v 58.9252 4.4394 3.8567
v 59.9325 4.4394 3.4443
v 60.7287 4.4431 2.9511
v 60.9489 4.4394 2.7283
v 57.6980 4.4394 4.0589
v 57.6980 4.4394 4.0589
v 57.5422 4.4394 4.0632
v 57.5422 4.4394 4.0632
v 58.7749 4.4394 3.8980
v 58.7749 4.4394 3.8980
v 72.4821 4.2896 -9.1466
v 72.4871 4.4368 -9.1022
v 72.4846 4.4368 -9.0805
v 65.8928 4.4390 4.3887
v 73.3611 4.4464 -13.0456
v 71.1660 3.8480 -9.4677
v 71.1865 3.2592 -9.4618
v 71.1393 4.2896 -9.4519
v 66.5864 4.3809 4.1930
v 72.4702 4.1424 -9.0599
v 72.4754 4.2896 -9.0595
v 65.4883 4.3176 4.2259
v 65.1604 4.2129 4.1579
v 66.7616 4.2540 4.0450
v 65.4378 4.2086 4.1756
v 65.1954 2.0002 4.0055
v 72.1922 2.2288 -9.5830
v 72.4310 4.1130 -9.3506
v 72.3779 2.2288 -9.3040
v 72.3529 2.2288 -9.3670
v 72.0669 2.2288 -9.6695
v 72.1527 2.2288 -9.6151
v 72.4717 3.9952 -9.1485
v 72.4664 3.8480 -9.1495
v 71.1493 3.9952 -9.4486
v 73.9306 3.2591 -16.0276
v 73.7252 3.2288 -14.9298
v 72.2406 2.2288 -9.5356
v 72.4466 3.3659 -9.0914
v 71.1572 3.3328 -9.4080
v 72.4075 2.2288 -9.1720
v 71.1917 3.1120 -9.4603
v 71.2020 2.8176 -9.4574
v 71.2464 2.2288 -9.4854
v 71.1917 3.1120 -9.4603
v 71.1865 3.2592 -9.4618
v 73.2730 3.0456 -13.2936
v 73.9028 3.1619 -15.8256
v 73.8712 3.1213 -15.7407
v 73.9077 3.1213 -15.9160
v 71.1713 3.0384 -9.4160
v 72.4361 2.9648 -9.1322
v 73.0709 3.0044 -16.3401
v 72.6377 3.0107 -15.0808
v 72.1752 3.0672 -13.3859
v 72.9026 3.0266 -16.2455
v 72.6377 3.0107 -15.0808
v 72.2291 3.0052 -13.3593
v 72.1752 3.0672 -13.3859
v 72.8844 3.0953 -16.2947
v 71.1699 2.8176 -9.3900
v 72.4257 2.6704 -9.1339
v 71.1999 2.7352 -9.4480
v 69.8700 2.1073 -3.6382
v 72.4205 2.5232 -9.1347
v 69.5976 1.8470 1.3887
v 71.1896 2.5232 -9.4095
v 72.2504 2.0617 -9.2049
v 70.2838 2.1629 -0.4123
v 69.0075 1.9989 -3.8946
v 60.9627 1.9989 -1.6573
v 68.7770 1.9989 -4.1252
v 61.8366 1.9359 2.1643
v 61.3185 1.9976 1.3380
v 60.9799 1.9976 0.3647
v 60.9567 2.0002 0.2585
v 60.9062 1.9989 -0.0361
v 68.8942 1.9989 -4.0119
v 68.6559 1.9989 -4.2343
v 68.5941 2.0002 -4.2874
v 63.9678 1.9989 3.7400
v 64.7575 1.9835 -5.3174
v 64.0447 1.9976 3.7670
v 60.9627 1.9989 -1.6573
v 60.9684 1.9976 -1.6839
v 60.9690 1.9668 -1.6559
v 68.7438 1.9359 -4.1393
v 60.9008 1.9686 -0.1176
v 68.9514 1.9976 -3.9537
v 68.7169 1.9976 -4.1803
v 61.2839 2.0002 1.2643
v 60.9923 1.9976 0.4176
v 71.0513 1.9423 -4.4466
v 71.1980 1.9415 -5.1234
v 70.7116 1.9461 -3.0141
v 71.4065 1.9404 -5.9836
v 60.9572 1.9668 0.2306
v 71.3844 1.9454 -5.7727
v 70.8670 1.9469 -3.6166
v 71.1162 1.9398 -4.8277
v 71.4421 1.9423 -9.3014
v 70.1363 1.9376 -1.7593
v 70.1236 1.9376 -1.8120
v 70.1429 1.9393 -1.7330
v 71.6074 2.1612 -9.5911
v 70.4004 1.9404 -1.8999
v 71.4421 1.9423 -9.3014
v 71.4421 1.9423 -9.3014
v 71.1952 1.9393 -5.2121
v 71.4421 1.9423 -9.3014
v 71.8541 1.9404 -7.8951
v 71.4421 1.9423 -9.3014
v 71.4421 1.9423 -9.3014
v 71.4421 1.9423 -9.3014
v 69.7929 1.9376 -2.7283
v 69.7815 1.9393 -2.7529
v 69.8051 1.9393 -2.7041
v 69.6552 1.9393 -2.9928
v 69.9121 1.9248 -2.4406
v 71.4421 1.9423 -9.3014
v 71.4421 1.9423 -9.3014
v 71.6239 1.9438 -6.8238
v 71.4421 1.9423 -9.3014
v 71.4421 1.9423 -9.3014
v 71.4421 1.9423 -9.3014
v 71.4421 1.9423 -9.3014
v 69.7929 1.9376 -2.7283
v 69.8051 1.9393 -2.7041
v 69.7815 1.9393 -2.7529
v 70.1363 1.9376 -1.7593
v 70.1429 1.9393 -1.7330
v 70.1236 1.9376 -1.8120
v 70.1264 1.8850 0.3211
v 70.0814 1.8539 0.3934
v 70.1363 1.8854 0.2950
v 70.1264 1.8850 0.3211
v 70.1363 1.8854 0.2950
v 70.0814 1.8539 0.3934
v 64.2893 1.7288 -4.9665
v 70.1380 1.9178 0.2628
v 63.5500 1.7321 -4.6865
v 61.1471 1.7363 -1.5254
v 61.2989 1.7257 -1.9543
v 66.9448 1.8782 3.7677
v 64.0751 1.7261 3.5188
v 64.0428 1.7212 3.4574
v 63.9867 1.7228 3.4615
v 63.9002 1.7212 3.4021
v 63.9002 1.7212 3.4021
v 63.7875 1.7261 3.4055
v 63.7564 1.7215 3.3491
v 63.8762 1.7321 3.4628
v 69.5043 1.7228 -2.7311
v 63.5422 1.7232 3.2635
v 69.4597 1.7212 -2.7654
v 63.2995 1.7220 3.1203
v 63.1563 1.7248 3.0592
v 69.0429 1.7212 -3.4054
v 62.7063 1.7237 2.7177
v 68.8234 1.7220 -3.6879
v 68.8234 1.7220 -3.6879
v 62.4268 1.7212 2.4172
v 62.3154 1.7215 2.3119
v 62.2752 1.7220 2.2794
v 62.2632 1.7309 2.3341
v 68.3652 1.7299 -4.1753
v 68.4217 1.7228 -4.0824
v 63.3280 1.7261 3.1732
v 62.0590 1.7212 1.9944
v 62.0590 1.7212 1.9944
v 63.9867 1.7228 3.4615
v 62.4268 1.7212 2.4172
v 61.9310 1.7268 1.8938
v 64.6230 1.7248 -5.0374
v 67.0819 1.7308 -4.8993
v 67.1380 1.7212 -4.8102
v 63.3800 1.7211 -3.3136
v 64.3475 1.7211 -3.8834
v 63.3800 1.7211 -3.3136
v 64.3475 1.7211 -3.8834
v 63.7139 1.7211 -3.5606
v 61.6971 1.7225 -2.8416
v 63.3800 1.7211 -3.3136
v 61.5069 1.7220 -2.4372
v 63.7139 1.7211 -3.5606
v 62.9230 1.7211 -2.8485
v 62.9230 1.7211 -2.8485
v 62.9905 1.7237 2.9375
v 69.1776 1.7220 -3.2510
v 69.0429 1.7212 -3.4054
v 62.9580 1.7220 2.8949
v 66.5146 1.7214 3.6275
v 68.2209 1.7228 -4.2415
v 68.2475 1.7212 -4.1919
v 68.3223 1.7232 -4.1633
v 68.3922 1.7248 -4.1271
v 62.2752 1.7220 2.2794
v 68.6702 1.7212 -3.8240
v 68.7828 1.7215 -3.7199
v 62.6840 1.7271 2.7142
v 68.7866 1.7294 -3.7946
v 69.6230 1.7237 -2.5036
v 69.0112 1.7212 -3.4454
v 69.6230 1.7237 -2.5036
v 63.7875 1.7261 3.4055
v 64.0751 1.7261 3.5188
v 69.5733 1.7212 -2.5372
v 62.3799 1.7220 2.3917
v 67.0501 1.7228 -4.8675
v 62.0902 1.7212 2.0347
v 67.0501 1.7228 -4.8675
v 63.2394 1.7261 3.1205
v 64.6764 1.7228 -5.0327
v 63.1261 1.7220 3.0116
vn -0.9983 0.0199 -0.0549
vn 0.0163 -0.9999 0.0011
vn -0.6223 0.7812 -0.0504
vn -0.9981 0.0276 -0.0558
vn -0.9861 0.1451 0.0803
vn -0.3519 -0.9360 0.0049
vn -0.7589 0.6401 0.1196
vn -0.9539 0.1175 0.2762
vn -0.9402 0.3004 0.1605
vn -0.0226 -0.9991 -0.0353
vn -0.9424 0.2951 0.1576
vn -0.9608 -0.2196 0.1693
vn -0.4170 0.1009 0.9033
vn -0.9070 0.3177 0.2766
vn -0.9608 -0.2196 0.1693
vn -0.2217 -0.8115 -0.5407
vn -0.1040 -0.9111 0.3988
vn -0.5723 0.8197 0.0247
vn -0.5762 0.8127 -0.0862
vn -0.9845 0.0284 -0.1728
vn -0.5008 -0.8187 -0.2810
vn 0.2451 -0.8401 0.4839
vn -0.5625 0.8250 0.0556
vn -0.6402 0.7661 0.0565
vn 0.6288 -0.7757 -0.0539
vn -0.5945 0.8028 0.0464
vn 0.1838 -0.9758 0.1186
vn 0.0554 -0.9985 -0.0031
vn 0.0982 -0.9952 -0.0053
vn 0.0456 -0.9989 -0.0133
vn -0.1567 -0.9752 -0.1562
vn 0.1731 -0.9849 0.0100
vn 0.9247 -0.3737 0.0719
vn 0.1689 -0.9856 0.0091
vn 0.9356 -0.3513 -0.0346
vn 0.8622 0.0635 -0.5026
vn 0.1136 -0.9932 -0.0248
vn 0.0549 -0.9985 -0.0042
vn -0.6174 0.7712 0.1547
vn -0.6987 0.3730 0.6105
vn 0.9613 -0.2755 -0.0062
vn 0.0251 -0.9988 -0.0427
vn -0.4432 -0.7986 0.4073
vn 0.7475 -0.6640 0.0200
vn 0.9552 0.2951 -0.0229
vn 0.9967 -0.0764 0.0262
vn 0.5795 -0.8147 -0.0216
vn 0.9977 0.0674 -0.0104
vn 0.6079 -0.7930 0.0413
vn 0.9798 -0.1807 0.0862
vn 0.5724 -0.8199 0.0056
vn 0.6030 -0.7955 0.0601
vn -0.2352 -0.9667 -0.1012
vn -0.4541 -0.6414 -0.6183
vn 0.9498 -0.3089 0.0507
vn 0.5679 -0.8225 0.0299
vn 0.8565 -0.5136 -0.0512
vn 0.8581 -0.5029 0.1035
vn 0.5672 -0.8202 0.0746
vn 0.5698 -0.8203 0.0493
vn 0.6725 -0.7354 0.0831
vn 0.8991 -0.0670 -0.4327
vn -0.6108 0.4971 0.6163
vn 0.6045 -0.7942 -0.0613
vn -0.5527 0.8213 0.1415
vn -0.1971 -0.0398 -0.9796
vn -0.7956 0.5771 -0.1846
vn 0.4560 -0.8710 0.1829
vn 0.9799 0.0875 0.1792
vn 0.7761 -0.6181 0.1253
vn 0.9799 0.0875 0.1792
vn -0.5678 0.3749 0.7329
vn -0.2748 -0.0802 0.9581
vn 0.6367 -0.7572 0.1458
vn 0.7712 0.6246 0.1228
vn 0.6786 -0.7235 0.1266
vn -0.5513 0.8309 -0.0750
vn 0.6054 -0.7882 0.1101
vn -0.6401 0.7609 -0.1060
vn 0.5769 -0.8105 0.1015
vn -0.6401 0.7609 -0.1060
vn 0.5627 -0.8214 0.0926
vn -0.5599 0.8283 0.0174
vn 0.6471 -0.7511 0.1304
vn -0.4815 0.8749 -0.0517
vn 0.6048 -0.7883 0.1133
vn -0.4815 0.8749 -0.0517
vn 0.5661 -0.8122 -0.1405
vn 0.8311 -0.0969 -0.5476
vn -0.5916 0.7075 0.3866
vn -0.3379 0.0408 0.9403
vn 0.0280 -0.9962 -0.0830
vn 0.2370 -0.8869 0.3965
vn -0.4426 -0.8965 0.0198
vn 0.5391 -0.0211 -0.8420
vn -0.5623 0.0188 0.8267
vn 0.9179 -0.1778 0.3547
vn 0.4933 -0.3502 0.7963
vn 0.4292 -0.8630 0.2665
vn -0.5564 0.8201 -0.1335
vn -0.5844 0.7935 -0.1698
vn 0.8598 -0.1892 0.4742
vn -0.7446 0.6447 -0.1729
vn 0.7330 -0.0772 -0.6758
vn -0.0675 -0.9567 0.2832
vn -0.3884 -0.8061 -0.4466
vn 0.7895 -0.5966 0.1440
vn 0.5515 -0.8219 0.1425
vn -0.5530 0.8225 -0.1327
vn 0.8303 0.2986 0.4705
vn 0.0718 -0.1701 0.9828
vn 0.7832 -0.1671 0.5990
vn 0.1055 -0.8799 0.4633
vn -0.1342 -0.9738 -0.1836
vn 0.4592 -0.0059 -0.8883
vn 0.5399 -0.8122 0.2210
vn 0.6029 -0.2099 0.7697
vn 0.5496 -0.8217 0.1511
vn 0.5676 -0.1890 -0.8014
vn -0.1115 -0.4925 0.8632
vn -0.3884 -0.8061 -0.4466
vn 0.8303 0.2986 0.4705
vn 0.4386 0.7547 0.4879
vn -0.5533 0.5665 -0.6107
vn 0.5685 -0.8214 0.0450
vn 0.5560 -0.8195 0.1392
vn 0.5670 -0.8229 0.0377
vn 0.5685 -0.8220 0.0327
vn 0.5666 -0.8221 0.0566
vn -0.5632 0.8211 0.0924
vn 0.5714 -0.8159 0.0885
vn -0.5648 0.8179 0.1100
vn 0.5700 -0.8214 -0.0196
vn 0.1876 -0.0652 0.9801
vn 0.4386 0.7547 0.4879
vn -0.3544 0.9318 0.0782
vn -0.4832 0.8738 -0.0552
vn -0.5533 0.5665 -0.6107
vn 0.4386 0.7547 0.4879
vn -0.5942 0.7150 -0.3683
vn 0.5508 -0.8172 -0.1696
vn 0.3385 -0.0721 -0.9382
vn 0.1876 -0.0652 0.9801
vn -0.4509 0.8888 -0.0824
vn -0.1971 -0.0398 -0.9796
vn -0.4993 0.3604 0.7879
vn -0.2748 -0.0802 0.9581
vn -0.5743 0.6762 0.4615
vn 0.5420 -0.8197 0.1852
vn -0.5597 0.8283 0.0259
vn -0.7986 -0.1959 0.5690
vn -0.5599 0.8284 0.0177
vn -0.7756 -0.1719 0.6073
vn -0.1752 0.2671 -0.9476
vn -0.9486 0.1270 -0.2899
vn -0.1400 -0.9714 -0.1919
vn -0.5581 0.8183 0.1374
vn 0.5540 -0.8203 0.1425
vn 0.2470 0.3745 0.8937
vn -0.0341 -0.9409 -0.3369
vn 0.5553 -0.8205 0.1355
vn -0.5601 0.8226 -0.0978
vn -0.0081 -0.9999 0.0079
vn -0.1115 -0.4925 0.8632
vn 0.5482 -0.8221 0.1540
vn -0.0341 -0.9409 -0.3369
vn 0.0091 -0.9870 0.1606
vn 0.5634 -0.1875 -0.8046
vn 0.5508 -0.8224 0.1424
vn -0.5415 0.8335 0.1097
vn 0.0053 -0.9975 0.0703
vn -0.5586 0.8226 -0.1066
vn -0.5183 0.0351 -0.8545
vn -0.5125 0.0353 -0.8579
vn 0.5290 -0.0336 0.8480
vn -0.5122 0.0356 -0.8581
vn 0.5290 -0.0336 0.8480
vn -0.5586 0.8226 -0.1062
vn -0.5055 0.0358 -0.8621
vn 0.5290 -0.0336 0.8480
vn -0.0000 1.0000 -0.0000
vn 0.0011 -0.8840 0.4675
vn -0.7968 0.0349 -0.6032
vn -0.8001 0.0351 -0.5988
vn -0.0000 1.0000 -0.0000
vn -0.5621 0.8266 -0.0294
vn -0.5567 0.8230 -0.1128
vn 0.8139 -0.0348 0.5800
vn -0.8088 0.0348 -0.5871
vn 0.8139 -0.0348 0.5800
vn -0.8126 0.0349 -0.5818
vn 0.8139 -0.0348 0.5800
vn -0.8165 0.0347 -0.5763
vn -0.0000 1.0000 -0.0000
vn -0.5566 0.8233 -0.1111
vn -0.7917 0.0352 -0.6099
vn -0.3915 0.0936 0.9154
vn -0.9275 0.0345 -0.3723
vn 0.9187 -0.0355 0.3933
vn -0.0000 1.0000 -0.0000
vn -0.5566 0.8226 -0.1161
vn -0.9111 0.0353 -0.4106
vn -0.9133 0.0351 -0.4057
vn -0.9177 0.0350 -0.3957
vn -0.0000 1.0000 -0.0000
vn -0.5565 0.8225 -0.1175
vn -0.9244 0.0346 -0.3798
vn 0.9187 -0.0355 0.3933
vn 0.9187 -0.0355 0.3933
vn -0.9245 0.0348 -0.3796
vn 0.5676 -0.8226 0.0347
vn 0.5853 -0.8101 0.0329
vn 0.6483 0.7607 0.0322
vn 0.5371 -0.8430 0.0307
vn 0.5679 -0.8225 0.0306
vn 0.4626 -0.8862 0.0257
vn 0.6483 0.7607 0.0322
vn 0.4909 -0.8709 0.0232
vn 0.6782 0.7341 0.0333
vn 0.5680 -0.8227 0.0246
vn 0.4328 -0.9013 0.0165
vn 0.7649 0.6431 0.0363
vn 0.7649 0.6431 0.0363
vn 0.5765 -0.8168 0.0213
vn 0.5660 -0.8237 0.0344
vn 0.4434 -0.8962 0.0154
vn 0.5496 0.8353 0.0156
vn 0.5639 -0.8257 0.0124
vn 0.4506 -0.8927 0.0100
vn 0.5496 0.8353 0.0156
vn 0.9993 -0.0298 0.0224
vn 0.5943 -0.8042 0.0107
vn 0.7684 0.6398 0.0131
vn 0.9993 -0.0298 0.0224
vn 0.4517 -0.8921 0.0075
vn 0.9456 0.3249 0.0172
vn 0.4550 -0.8905 0.0050
vn 0.7316 0.6817 0.0097
vn 0.5643 -0.8255 0.0041
vn 0.1765 -0.9818 -0.0707
vn 0.4975 0.8675 0.0046
vn 0.0800 -0.9968 -0.0030
vn 0.4975 0.8675 0.0046
vn 0.0955 -0.9953 -0.0137
vn 0.5506 -0.8346 -0.0167
vn 0.5670 -0.8225 0.0445
vn -0.5808 0.8122 -0.0544
vn 0.5022 -0.8639 0.0379
vn 0.5450 -0.8374 0.0408
vn 0.5687 -0.8215 0.0415
vn 0.5167 -0.8554 0.0358
vn 0.3536 -0.9351 0.0223
vn 0.0088 -0.9999 0.0087
vn 0.5190 -0.8538 -0.0419
vn 0.5659 -0.8227 -0.0544
vn -0.6056 0.7936 0.0594
vn -0.5629 0.8246 0.0558
vn 0.4958 -0.8140 0.3025
vn 0.0784 -0.1727 0.9819
vn 0.5719 -0.8177 0.0649
vn 0.9819 -0.1584 0.1034
vn 0.4737 -0.8791 0.0535
vn 0.9819 -0.1584 0.1034
vn 0.4630 -0.8853 0.0441
vn 0.9819 -0.1584 0.1034
vn 0.4579 -0.8880 0.0431
vn -0.5808 0.8122 -0.0544
vn 0.5556 -0.8298 -0.0534
vn -0.6056 0.7936 0.0594
vn 0.5525 -0.8262 -0.1106
vn -0.6056 0.7936 0.0594
vn -0.3377 0.9407 0.0321
vn 0.5862 -0.8064 0.0776
vn 0.4665 -0.8825 0.0591
vn 0.9359 -0.3324 0.1169
vn 0.4787 -0.8762 0.0554
vn 0.9359 -0.3324 0.1169
vn -0.0334 -0.9992 -0.0201
vn -0.3608 -0.9250 -0.1189
vn 0.3282 -0.0351 -0.9440
vn 0.5535 -0.8164 -0.1650
vn 0.5434 -0.8360 0.0759
vn 0.5619 -0.8230 0.0830
vn 0.4193 -0.9059 0.0599
vn 0.5582 -0.8254 0.0848
vn -0.0705 0.9975 -0.0071
vn -0.7140 0.6915 0.1099
vn -0.4132 0.8845 0.2164
vn 0.5595 -0.8226 0.1017
vn 0.5614 -0.8224 0.0923
vn 0.4964 -0.8641 0.0830
vn -0.0163 -0.9998 -0.0111
vn -0.4839 0.5063 0.7138
vn 0.5584 -0.8228 0.1060
vn -0.5586 0.8226 -0.1065
vn 0.5282 -0.8432 0.1000
vn 0.5203 -0.8487 0.0946
vn -0.9969 -0.0458 0.0638
vn 0.1838 -0.9820 0.0435
vn -0.0886 0.1983 -0.9761
vn -0.1073 -0.9879 -0.1117
vn 0.5502 -0.8275 0.1115
vn -0.9663 -0.1549 0.2057
vn 0.5567 -0.8225 0.1166
vn -0.5566 0.8228 -0.1145
vn 0.5027 -0.8580 0.1057
vn -0.9985 -0.0407 -0.0367
vn 0.9998 0.0034 0.0203
vn -0.9956 -0.0916 -0.0202
vn 0.9998 0.0034 0.0203
vn -0.9987 -0.0491 -0.0113
vn 0.5159 -0.8490 0.1142
vn -0.9444 -0.0509 0.3249
vn -0.5637 0.8165 -0.1250
vn -0.9934 -0.0296 -0.1106
vn 0.9935 -0.0440 0.1048
vn -0.9561 -0.2753 -0.1008
vn 0.9935 -0.0440 0.1048
vn -0.9969 -0.0128 -0.0779
vn 0.9777 0.0121 0.2095
vn -0.9042 -0.1172 0.4107
vn -0.4229 -0.3606 0.8313
vn 0.6217 -0.2503 -0.7422
vn -0.1336 0.0995 -0.9860
vn -0.1370 -0.9902 0.0263
vn 0.5262 -0.8348 -0.1618
vn 0.3298 -0.0787 -0.9408
vn -0.5617 0.8153 -0.1408
vn 0.4679 -0.8772 0.1077
vn -0.0076 -0.9996 0.0284
vn -0.4963 0.8592 -0.1242
vn -0.9886 -0.0390 -0.1452
vn 0.9898 -0.0210 0.1409
vn -0.9725 -0.1871 -0.1384
vn 0.9898 -0.0210 0.1409
vn -0.9904 -0.0370 -0.1330
vn 0.4278 -0.8967 0.1134
vn -0.5621 0.8151 -0.1403
vn -0.9264 -0.0822 0.3675
vn -0.2544 0.7307 0.6336
vn 0.4967 -0.8575 0.1343
vn -0.9845 -0.0399 -0.1706
vn 0.4348 -0.8930 -0.1163
vn -0.8524 -0.1029 0.5127
vn 0.5599 -0.8175 -0.1351
vn -0.2368 0.9705 0.0449
vn 0.0008 -0.9997 0.0256
vn 0.5411 -0.8241 0.1675
vn -0.1662 -0.9856 -0.0299
vn -0.9915 -0.0211 -0.1285
vn -0.9717 -0.1278 -0.1989
vn 0.9797 -0.0051 0.2005
vn -0.9830 -0.0379 -0.1796
vn 0.9797 -0.0051 0.2005
vn 0.0008 -0.9995 0.0307
vn 0.4287 -0.7949 0.4294
vn 0.0352 -0.1517 0.9878
vn -0.9764 -0.0231 -0.2148
vn -0.5204 0.8323 -0.1909
vn -0.2192 0.3516 -0.9101
vn 0.4340 -0.8786 0.1993
vn -0.3520 -0.9325 -0.0812
vn -0.9751 -0.0170 -0.2209
vn -0.0167 0.9997 -0.0176
vn -0.0008 -0.9998 0.0204
vn -0.3048 -0.9492 0.0782
vn 0.5189 -0.7565 0.3981
vn -0.9420 -0.1306 0.3090
vn -0.4492 -0.1907 0.8728
vn -0.9728 -0.0188 -0.2309
vn 0.9722 -0.0446 0.2298
vn -0.9248 -0.3153 -0.2127
vn 0.9730 -0.0569 0.2238
vn 0.0116 0.1752 -0.9845
vn -0.0851 -0.1228 0.9888
vn -0.0864 -0.1949 0.9770
vn 0.0116 0.1752 -0.9845
vn -0.0601 -0.1708 0.9835
vn 0.1865 0.1688 -0.9679
vn -0.9711 -0.0226 -0.2375
vn -0.9692 -0.0198 -0.2453
vn -0.9445 -0.2352 -0.2293
vn 0.9713 -0.0323 0.2358
vn -0.4799 -0.1739 0.8599
vn 0.2114 0.1783 -0.9610
vn -0.1019 -0.9882 0.1140
vn 0.2822 -0.8946 0.3466
vn -0.3292 -0.9443 -0.0002
vn -0.9329 -0.2588 -0.2506
vn 0.9650 -0.0396 0.2592
vn -0.9679 -0.0196 -0.2504
vn -0.3227 0.0362 0.9458
vn -0.3243 -0.1875 0.9272
vn -0.9642 -0.0171 -0.2648
vn 0.9631 -0.0462 0.2650
vn -0.1899 0.8276 0.5282
vn -0.4549 0.8886 -0.0594
vn -0.9619 -0.0442 -0.2696
vn -0.9628 -0.0187 -0.2695
vn -0.9182 -0.3000 -0.2586
vn 0.9612 -0.0528 0.2707
vn -0.4180 0.8988 -0.1320
vn -0.4496 -0.8870 -0.1056
vn -0.9800 -0.0442 -0.1941
vn -0.9684 -0.0567 -0.2428
vn -0.3021 0.3784 0.8750
vn -0.5059 -0.1796 0.8437
vn -0.9600 -0.1242 0.2510
vn -0.5515 -0.1921 0.8118
vn -0.2541 0.8969 -0.3619
vn -0.9690 -0.1090 0.2216
vn -0.9634 -0.1145 0.2424
vn -0.1204 -0.9912 0.0547
vn 0.2822 -0.8946 0.3466
vn 0.2632 -0.9513 -0.1606
vn -0.7669 -0.0314 -0.6410
vn 0.3139 -0.0470 -0.9483
vn -0.7669 -0.0314 -0.6410
vn 0.3080 -0.1979 -0.9306
vn 0.0055 -0.9973 -0.0729
vn -0.3136 0.2794 0.9075
vn 0.1520 0.9852 0.0795
vn -0.2632 0.9600 -0.0955
vn 0.2744 0.9607 0.0413
vn 0.9389 0.0826 0.3341
vn 0.2880 0.9574 -0.0207
vn 0.3377 0.9400 0.0490
vn -0.2796 0.5997 0.7498
vn -0.2763 0.5024 0.8193
vn -0.0674 0.9432 -0.3254
vn 0.0075 0.9999 -0.0118
vn 0.9779 0.0449 0.2043
vn 0.4437 -0.6715 0.5934
vn -0.0398 -0.9991 -0.0121
vn 0.4437 -0.6715 0.5934
vn 0.8421 0.3317 -0.4253
vn -0.5356 -0.8444 -0.0018
vn -0.9272 0.3018 -0.2220
vn -0.0536 -0.9979 -0.0352
vn -0.1918 0.5391 -0.8201
vn -0.0762 0.1974 -0.9774
vn -0.2178 0.7539 0.6198
vn -0.1152 -0.9884 -0.0991
vn -0.7669 -0.0314 -0.6410
vn -0.5788 -0.2731 0.7684
vn 0.2818 -0.3455 -0.8951
vn 0.2486 0.2010 -0.9475
vn -0.0033 0.1724 -0.9850
vn 0.0003 -1.0000 0.0058
vn 0.1146 0.1813 -0.9767
vn 0.2424 0.1867 -0.9520
vn 0.0000 -1.0000 0.0000
vn 0.1190 0.1796 -0.9765
vn 0.0008 -1.0000 0.0011
vn 0.0025 0.9999 -0.0147
vn 0.4367 0.1878 -0.8798
vn -0.2014 0.7834 0.5880
vn 0.4683 0.1855 -0.8639
vn 0.2650 0.1893 -0.9455
vn 0.0000 -1.0000 0.0000
vn -0.1656 0.8668 0.4703
vn 0.4735 0.1803 -0.8621
vn -0.0096 -0.9999 -0.0132
vn 0.1298 0.9748 -0.1814
vn 0.3739 0.7158 -0.5898
vn 0.3638 0.8834 0.2955
vn 0.8229 0.2283 -0.5203
vn 0.8941 0.0424 0.4458
vn 0.9541 0.1107 -0.2784
vn -0.3148 0.2014 0.9275
vn -0.3227 0.0305 0.9460
vn 0.4455 0.2857 -0.8485
vn 0.8350 0.1805 -0.5198
vn 0.5493 0.6718 -0.4969
vn -0.3209 0.0234 0.9468
vn -0.0439 -0.9977 -0.0522
vn 0.8592 0.4084 0.3081
vn -0.8586 -0.4122 -0.3049
vn -0.4216 -0.3645 0.8303
vn -0.6941 -0.6543 -0.3002
vn 0.0506 -0.9865 0.1555
vn 0.8586 0.4122 0.3049
vn -0.2637 0.5679 0.7797
vn -0.2842 0.4703 0.8355
vn 0.8589 0.4149 0.3003
vn -0.8586 -0.4122 -0.3049
vn 0.0842 0.9964 0.0015
vn 0.9825 0.0224 0.1849
vn 0.4437 -0.6715 0.5934
vn 0.8421 0.3317 -0.4253
vn 0.6217 -0.2503 -0.7422
vn -0.0221 -0.9930 0.1161
vn -0.6941 -0.6543 -0.3002
vn -0.2508 0.6264 0.7380
vn -0.3119 0.2877 0.9055
vn 0.9437 0.0816 0.3207
vn -0.0934 -0.9946 -0.0441
vn 0.0485 0.9349 -0.3516
vn 0.8129 0.1637 -0.5590
vn 0.0063 -0.9977 0.0671
vn 0.0041 0.9999 -0.0122
vn -0.0552 0.1721 -0.9835
vn 0.1366 0.0175 -0.9905
vn -0.0863 -0.9962 -0.0119
vn -0.2638 0.5752 0.7743
vn -0.1068 0.9472 0.3024
vn -0.1213 0.9343 0.3352
vn 0.1066 0.9779 -0.1800
vn -0.1048 -0.9859 0.1305
vn -0.1840 -0.4461 0.8759
vn -0.1048 -0.9859 0.1304
vn -0.1595 -0.7574 0.6332
vn -0.1062 -0.9939 0.0306
vn 0.1066 0.9779 -0.1800
vn -0.0600 -0.9980 -0.0209
vn -0.1270 0.9183 0.3751
vn -0.3216 0.0260 0.9465
vn -0.1019 -0.9930 0.0593
vn -0.3188 0.1291 0.9390
vn -0.2494 0.6330 0.7329
vn -0.1183 0.9298 0.3485
vn -0.3133 0.2253 0.9225
vn -0.3201 0.0938 0.9427
vn -0.0932 0.9567 0.2759
vn -0.1049 -0.9859 0.1308
vn -0.3070 0.2859 0.9078
vn -0.2246 0.7165 0.6605
vn -0.3067 0.3030 0.9023
vn -0.2844 0.4677 0.8368
vn -0.2030 0.7783 0.5941
vn -0.2643 0.5688 0.7788
vn -0.2976 0.3821 0.8749
vn -0.2259 0.7134 0.6633
vn -0.0951 -0.9687 -0.2294
vn -0.0678 -0.9955 -0.0660
vn -0.0575 0.9838 0.1696
vn 0.0044 0.9999 -0.0129
vn -0.3007 0.3538 0.8856
vn -0.1531 -0.8500 0.5040
vn -0.0920 -0.9951 0.0353
vn -0.2794 0.4782 0.8327
vn -0.1714 0.8457 0.5054
vn -0.0661 -0.9962 -0.0563
vn -0.1160 0.9334 0.3396
vn -0.1116 -0.8957 0.4303
vn 0.3020 -0.2985 -0.9054
vn 0.9325 -0.0761 -0.3532
vn -0.2474 0.6383 0.7289
vn -0.0936 -0.9955 0.0169
vn -0.0641 -0.9970 -0.0443
vn -0.1932 0.7968 0.5726
vn -0.3214 0.0265 0.9466
vn -0.0982 -0.9921 0.0778
vn 0.0102 0.9972 -0.0741
vn -0.1634 -0.3970 0.9032
vn -0.1232 -0.9222 0.3666
vn -0.1024 -0.9201 0.3781
vn -0.1561 -0.3051 0.9394
vn -0.1615 -0.3353 0.9282
vn 0.0000 -0.0000 0.0000
vn -0.3190 0.1218 0.9399
vn -0.0867 -0.9962 -0.0121
vn 0.1066 0.9779 -0.1800
vn -0.1402 -0.0618 0.9882
vn 0.0000 -0.0000 0.0000
vn -0.1313 0.9137 0.3847
vn -0.0542 -0.9985 0.0119
vn 0.0000 1.0000 0.0000
vn -0.1239 -0.9473 0.2953
vn -0.3146 0.2027 0.9273
vn -0.2960 0.3946 0.8699
vn -0.1309 -0.9308 0.3413
vn -0.1174 0.9318 0.3435
vn -0.0589 0.9831 0.1736
vn -0.0912 0.9593 0.2672
vn -0.2684 0.5507 0.7903
vn -0.2852 0.4696 0.8355
vn 0.0542 0.9181 -0.3926
vn -0.0039 0.9998 -0.0215
vn 0.6217 -0.2503 -0.7422
vn -0.1347 0.1056 -0.9852
vn -0.1088 -0.9879 0.1105
vn 0.0000 1.0000 0.0000
vn -0.3084 0.2823 0.9084
vn -0.2250 0.7126 0.6646
vn -0.0612 0.9817 0.1804
vn -0.3194 0.1173 0.9403
vn -0.0816 -0.9448 0.3173
vn -0.2489 0.6318 0.7341
vn 0.0022 0.9999 -0.0109
vn -0.1734 0.8413 0.5121
vn -0.1228 -0.9507 0.2847
vn -0.1648 0.8541 0.4933
vn -0.1228 -0.9507 0.2847
vn -0.1228 -0.9507 0.2847
vn 0.2817 -0.3461 -0.8949
vn -0.0349 -0.9881 -0.1498
vn -0.1579 -0.4582 0.8747
vn -0.1389 -0.9244 0.3553
vn -0.0560 -0.9761 -0.2101
vn -0.0323 0.9949 0.0952
vn -0.1505 -0.9531 0.2627
vn -0.0489 -0.9916 -0.1200
vn -0.1616 -0.6019 0.7821
vn -0.1596 0.8673 0.4716
vn -0.1570 -0.2939 0.9429
vn -0.3205 0.0247 0.9469
vn -0.1449 -0.5019 0.8527
vn -0.0790 0.9702 0.2293
vn -0.1402 -0.0618 0.9882
vn 0.0000 -0.0000 0.0000
vn -0.0939 -0.9895 0.1100
vn -0.1544 -0.2701 0.9504
vn 0.0000 -0.0000 0.0000
vn -0.1018 -0.9892 0.1058
vn -0.1321 -0.8735 0.4685
vn -0.1018 -0.9892 0.1058
vn -0.1431 -0.2319 0.9622
vn -0.0400 -0.9873 -0.1534
vn 0.2705 -0.4505 -0.8508
vn -0.1018 -0.9892 0.1058
vn -0.2837 0.4719 0.8348
vn -0.3127 0.2291 0.9218
vn -0.1144 -0.9901 0.0813
vn -0.2294 0.6991 0.6773
vn -0.3239 0.0277 0.9457
vn -0.0404 -0.9984 -0.0396
vn -0.0906 -0.9957 0.0198
vn -0.0551 0.9855 0.1607
vn 0.2926 -0.0843 -0.9525
vn -0.1334 -0.9840 0.1179
vn 0.3588 -0.0884 -0.9292
vn 0.9325 -0.0761 -0.3532
vn 0.0879 -0.6460 -0.7583
vn -0.0240 0.9972 0.0706
vn -0.1276 -0.9354 0.3297
vn -0.0770 -0.9908 0.1112
vn -0.0990 -0.4924 0.8647
vn -0.3203 0.3387 0.8847
vn -0.0009 1.0000 -0.0083
vn -0.1998 0.7841 0.5875
vn -0.2618 0.5824 0.7696
vn 0.1366 0.0175 -0.9905
vn -0.1173 -0.0421 0.9922
vn -0.0863 -0.9962 -0.0119
vn 0.3420 -0.0515 -0.9383
vn -0.1229 0.9632 0.2391
vn -0.3208 0.0374 0.9464
vn 0.3337 -0.9204 -0.2039
vn 0.4120 -0.1061 -0.9050
vn -0.0413 0.9930 0.1110
vn 0.4678 -0.1137 -0.8765
vn -0.7336 0.3371 -0.5901
vn 0.2520 -0.5091 -0.8230
vn 0.1772 -0.7906 -0.5862
vn 0.3208 -0.0194 -0.9469
vn -0.7336 0.3371 -0.5901
vn 0.0336 -0.9880 -0.1509
vn 0.3178 -0.0183 -0.9480
vn -0.2476 0.6359 0.7310
vn -0.3211 0.5514 0.7700
vn 0.3277 -0.0223 -0.9445
vn 0.3114 -0.3221 -0.8940
vn -0.0040 -0.9999 -0.0144
vn 0.0000 -0.0000 0.0000
vn -0.1728 0.8997 0.4008
vn -0.2231 0.8184 0.5296
vn 0.3216 -0.0297 -0.9464
vn 0.0283 -0.9952 -0.0931
vn 0.0000 -0.0000 0.0000
vn -0.0203 0.9998 -0.0027
vn -0.4385 0.5510 0.7100
vn -0.5048 0.8612 0.0594
vn 0.1004 0.8149 0.5709
vn -0.2240 0.7044 0.6736
vn 0.3227 -0.0199 -0.9463
vn 0.0311 -0.9962 -0.0814
vn 0.0000 -0.0000 0.0000
vn 0.0000 -0.0000 0.0000
vn -0.0123 0.9999 -0.0005
vn 0.0727 -0.9887 -0.1313
vn 0.0000 -0.0000 0.0000
vn -0.0668 0.9972 0.0351
vn -0.0920 0.9957 -0.0136
vn -0.3382 0.0518 0.9397
vn 0.3218 -0.0190 -0.9466
vn 0.0411 -0.9920 0.1192
vn 0.0000 -0.0000 0.0000
vn -0.0977 0.9951 -0.0140
vn -0.1232 0.9922 -0.0190
vn 0.3556 -0.0352 -0.9340
vn -0.4395 0.2785 -0.8540
vn -0.1709 0.9849 -0.0263
vn 0.3839 -0.0324 -0.9228
vn -0.1639 -0.9861 -0.0263
vn -0.0072 1.0000 -0.0011
vn 0.3218 -0.0191 -0.9466
vn -0.1972 0.9799 -0.0305
vn 0.3839 -0.0324 -0.9228
vn -0.1965 0.9801 -0.0292
vn 0.3839 -0.0324 -0.9228
vn -0.0288 0.9996 -0.0044
vn 0.3234 -0.3147 -0.8924
vn -0.2675 0.9627 -0.0399
vn -0.3073 0.9369 0.1663
vn -0.3014 0.9535 -0.0077
vn -0.0377 0.9993 -0.0054
vn 0.3252 -0.0496 -0.9443
vn -0.2660 0.9631 -0.0403
vn -0.0951 0.9954 -0.0147
vn -0.2944 0.9546 -0.0448
vn -0.1047 0.9944 -0.0162
vn 0.0216 -0.9998 -0.0049
vn 0.4436 -0.0904 -0.8916
vn -0.6701 0.3352 -0.6622
vn -0.3197 0.9463 -0.0487
vn 0.0429 -0.9990 -0.0130
vn -0.2865 0.9572 -0.0407
vn -0.2702 0.9513 0.1483
vn -0.5716 0.8176 -0.0693
vn -0.1830 0.9827 -0.0283
vn 0.0519 -0.9986 0.0071
vn 0.3186 -0.0690 -0.9454
vn -0.4233 0.9038 -0.0629
vn -0.0244 0.9997 -0.0039
vn -0.1639 -0.9861 -0.0263
vn -0.2173 0.9755 -0.0336
vn 0.0656 -0.9978 0.0091
vn 0.0893 -0.9959 0.0130
vn 0.1647 -0.9740 -0.1556
vn -0.4293 0.9008 -0.0658
vn -0.3781 0.9236 0.0626
vn 0.0491 0.9333 -0.3557
vn -0.0470 0.9984 -0.0305
vn -0.2430 0.9693 -0.0372
vn -0.0032 -1.0000 -0.0004
vn -0.2571 0.9656 -0.0397
vn 0.1012 -0.9948 0.0108
vn 0.4468 -0.0887 -0.8902
vn -0.6407 0.3302 -0.6932
vn -0.4467 0.8938 -0.0397
vn -0.1394 0.9778 -0.1564
vn 0.0295 -0.9996 0.0047
vn 0.0730 -0.9973 0.0079
vn 0.1627 -0.9703 -0.1792
vn -0.4766 0.8772 -0.0574
vn -0.0987 0.9948 -0.0256
vn 0.0417 -0.9991 0.0064
vn 0.1804 -0.9833 0.0230
vn -0.0705 0.9975 -0.0103
vn 0.3364 -0.0344 -0.9411
vn -0.4587 0.2796 -0.8435
vn -0.5093 0.8570 -0.0786
vn -0.1231 0.9922 -0.0192
vn -0.2660 0.9631 -0.0411
vn -0.3312 0.9422 -0.0511
vn -0.3128 0.9486 -0.0483
vn 0.0505 -0.9987 0.0079
vn 0.0564 -0.9984 0.0092
vn 0.1586 -0.9870 0.0243
vn 0.5943 -0.1558 -0.7890
vn -0.7336 0.3371 -0.5901
vn 0.2684 -0.5342 -0.8016
vn 0.0418 -0.9986 0.0309
vn -0.5583 0.8288 -0.0363
vn -0.3642 0.9297 -0.0544
vn 0.1673 -0.9857 0.0223
vn -0.6276 0.1635 0.7612
vn 0.3217 -0.0335 -0.9462
vn -0.5504 0.8309 -0.0819
vn -0.1645 0.9855 -0.0426
vn 0.0062 -0.9992 0.0388
vn 0.0102 0.9972 -0.0741
vn -0.3796 0.9233 -0.0586
vn -0.4292 0.9008 -0.0663
vn 0.1257 -0.9919 0.0176
vn 0.1869 -0.9822 -0.0156
vn 0.2986 -0.0088 -0.9543
vn 0.3406 -0.0347 -0.9396
vn -0.5954 0.7987 -0.0871
vn -0.5745 0.8141 -0.0850
vn -0.1984 0.9793 -0.0408
vn 0.0337 -0.9994 0.0052
vn 0.1179 -0.9929 0.0185
vn 0.1174 -0.9929 0.0180
vn -0.4110 0.9093 -0.0647
vn 0.2155 -0.9765 0.0063
vn 0.3534 -0.0393 -0.9346
vn -0.4974 0.0982 0.8620
vn -0.6134 0.7846 -0.0899
vn -0.6497 0.7596 -0.0309
vn -0.2292 0.9722 -0.0482
vn 0.0350 -0.9986 0.0405
vn 0.1468 -0.9889 0.0229
vn 0.2312 -0.9727 0.0209
vn 0.3305 -0.0693 -0.9413
vn 0.2885 -0.3873 -0.8756
vn 0.0182 -0.9960 -0.0874
vn -0.6356 0.7665 -0.0922
vn -0.6543 0.7501 -0.0958
vn -0.2557 0.9656 -0.0478
vn 0.2558 -0.9665 0.0213
vn 0.3427 -0.0295 -0.9390
vn 0.3218 -0.0260 -0.9465
vn -0.6762 0.7301 -0.0984
vn 0.2679 -0.9626 0.0406
vn -0.3221 0.8966 -0.3040
vn -0.2947 0.9540 -0.0550
vn 0.1564 -0.9874 0.0240
vn -0.0705 0.9975 -0.0103
vn -0.4628 0.8836 -0.0718
vn 0.2742 -0.9614 0.0227
vn -0.7037 0.7027 -0.1053
vn 0.7533 -0.6474 0.1155
vn -0.3195 0.9458 -0.0590
vn 0.1009 -0.9942 0.0362
vn 0.1736 -0.9845 0.0267
vn 0.1949 -0.9804 0.0301
vn -0.5193 0.8508 -0.0802
vn 0.2227 -0.9743 0.0345
vn 0.2899 -0.9566 0.0285
vn 0.3035 -0.0108 -0.9528
vn 0.3218 -0.0261 -0.9465
vn -0.7427 0.6647 -0.0817
vn -0.7249 0.6802 -0.1085
vn -0.3419 0.9378 -0.0608
vn 0.1171 -0.9917 0.0529
vn -0.5595 0.8243 -0.0864
vn -0.5411 0.8368 -0.0836
vn 0.3115 -0.9495 0.0362
vn -0.7642 0.6363 -0.1051
vn -0.8400 0.5421 0.0214
vn -0.4894 0.3768 0.7864
vn -0.3232 0.0436 0.9453
vn -0.7809 0.0674 0.6210
vn -0.3207 0.0211 0.9470
vn -0.3702 0.9263 -0.0706
vn 0.2613 -0.8981 0.3537
vn 0.0177 -0.3928 0.9195
vn 0.1274 -0.9902 0.0564
vn -0.0705 0.9975 -0.0103
vn -0.5884 0.8035 -0.0908
vn 0.2432 -0.9692 0.0375
vn -0.6292 0.7711 -0.0972
vn 0.3280 -0.9437 0.0430
vn -0.3295 0.9428 -0.0508
vn 0.3204 -0.0375 -0.9465
vn -0.8046 0.5838 -0.1083
vn -0.7789 0.6175 -0.1097
vn -0.3340 0.9411 -0.0532
vn 0.1797 -0.9737 0.1400
vn 0.1452 -0.9891 0.0226
vn 0.2279 -0.9731 0.0352
vn -0.6009 0.7939 -0.0928
vn 0.2502 -0.9674 0.0384
vn 0.3567 -0.9330 0.0478
vn 0.5114 -0.7291 -0.4549
vn -0.7810 0.0674 0.6209
vn -0.3114 0.0183 0.9501
vn -0.4460 0.8923 -0.0706
vn 0.0436 -0.4487 0.8926
vn 0.0594 -0.4135 0.9085
vn 0.1813 -0.9823 0.0478
vn 0.2782 -0.9596 0.0430
vn 0.3733 -0.9259 0.0577
vn 0.3381 -0.0679 -0.9387
vn 0.3419 -0.0300 -0.9393
vn 0.3218 -0.0180 -0.9466
vn -0.8523 0.5061 -0.1318
vn -0.7803 0.0752 0.6209
vn -0.3259 0.0267 0.9450
vn -0.4225 0.8991 -0.1145
vn -0.4834 0.8722 -0.0753
vn 0.1998 -0.9782 0.0559
vn -0.6653 0.7395 -0.1028
vn -0.8766 0.4637 -0.1287
vn -0.8624 0.4929 -0.1151
vn -0.8869 0.4430 -0.1307
vn -0.3230 0.0264 0.9460
vn -0.7791 0.0872 0.6209
vn -0.3253 0.0266 0.9452
vn 0.1250 0.0458 -0.9911
vn -0.0990 -0.1105 0.9889
vn 0.1272 0.0618 -0.9899
vn 0.2233 -0.9741 0.0346
vn -0.6390 0.7629 -0.0987
vn 0.2966 -0.9539 0.0458
vn -0.7005 0.7054 -0.1082
vn 0.7533 -0.6474 0.1155
vn -0.6957 0.7103 -0.1074
vn 0.2679 -0.9626 0.0406
vn 0.3156 -0.9476 0.0489
vn -0.3295 0.9428 -0.0508
vn -0.4395 0.2785 -0.8540
vn 0.3226 -0.0194 -0.9463
vn 0.3218 -0.0180 -0.9466
vn -0.9114 0.3918 -0.1256
vn -0.8998 0.4148 -0.1350
vn -0.9836 0.1803 -0.0083
vn -0.5726 0.3213 0.7542
vn -0.3744 0.0418 0.9263
vn -0.9583 0.1125 0.2629
vn -0.3147 0.0102 0.9491
vn -0.3284 0.0408 0.9436
vn -0.8847 0.0115 0.4661
vn -0.4626 0.8840 -0.0674
vn -0.5084 0.8574 -0.0797
vn -0.1090 -0.3517 0.9297
vn 0.1272 0.0618 -0.9899
vn 0.2308 -0.9711 0.0609
vn 0.3212 -0.9457 0.0495
vn -0.7199 0.6851 -0.1112
vn -0.7565 0.6435 -0.1168
vn -0.9454 0.2941 -0.1402
vn -0.9380 0.3176 -0.1389
vn -0.9319 0.3357 -0.1370
vn -0.3317 0.0395 0.9425
vn -0.3979 0.2430 0.8847
vn 0.1308 0.0335 -0.9908
vn -0.5494 0.8311 -0.0862
vn -0.5323 0.8425 -0.0830
vn 0.2511 -0.9664 0.0556
vn 0.3390 -0.9393 0.0523
vn -0.7316 0.6723 -0.1129
vn 0.4437 -0.8936 0.0682
vn 0.4433 -0.2414 -0.8633
vn -0.4395 0.2785 -0.8540
vn 0.1941 0.0373 -0.9803
vn 0.9169 -0.3673 -0.1562
vn -0.9805 0.1384 -0.1397
vn -0.9703 0.1940 -0.1448
vn -0.9653 0.2183 -0.1431
vn -0.9586 0.2465 -0.1425
vn -0.9530 0.2685 -0.1401
vn -0.3753 0.0625 0.9248
vn -0.9843 0.1273 0.1219
vn 0.1254 0.0448 -0.9911
vn -0.5728 0.8147 -0.0901
vn -0.1332 -0.0321 0.9906
vn 0.1267 0.0602 -0.9901
vn 0.2663 -0.9620 0.0598
vn -0.7849 0.6077 -0.1212
vn 0.3639 -0.9297 0.0568
vn 0.4622 -0.8856 0.0449
vn 0.3604 -0.0369 -0.9321
vn -0.9373 0.3122 -0.1547
vn -0.9844 0.0911 -0.1502
vn -0.5908 0.8014 -0.0932
vn 0.0218 -0.3601 0.9327
vn 0.1262 0.0586 -0.9903
vn 0.2828 -0.9566 0.0703
vn -0.7693 0.6278 -0.1188
vn -0.8064 0.5781 -0.1245
vn 0.4864 -0.8716 0.0606
vn 0.3218 -0.0181 -0.9466
vn -0.6499 0.6145 -0.4472
vn -0.3637 0.3230 0.8737
vn 0.1344 0.0206 -0.9907
vn -0.6345 0.7665 -0.0991
vn -0.6141 0.7834 -0.0961
vn -0.1075 -0.0965 0.9895
vn 0.1262 0.0586 -0.9903
vn 0.3123 -0.9474 0.0702
vn -0.3295 0.9428 -0.0508
vn 0.3074 -0.9504 0.0475
vn 0.4968 -0.8653 0.0671
vn 0.5272 -0.8487 0.0423
vn 0.3289 -0.0350 -0.9437
vn -0.7720 0.4972 0.3960
vn -0.3287 -0.8974 0.2943
vn -0.1870 -0.1646 0.9685
vn -0.7720 0.4972 0.3960
vn -0.1870 -0.1646 0.9685
vn -0.6542 0.7495 -0.1013
vn 0.3384 -0.9383 0.0707
vn -0.8740 0.4668 -0.1349
vn -0.8614 0.4902 -0.1331
vn 0.4564 -0.8870 0.0706
vn 0.5318 -0.8430 0.0810
vn 0.3218 -0.0181 -0.9466
vn -0.5246 0.8206 0.2270
vn -0.5838 0.6508 -0.4855
vn -0.3637 0.3230 0.8737
vn -0.4974 0.8291 -0.2555
vn -0.6520 0.7440 -0.1466
vn 0.2679 -0.9626 0.0406
vn -0.6954 0.7105 -0.1075
vn 0.7533 -0.6474 0.1155
vn 0.3172 -0.9470 0.0505
vn -0.9040 0.4040 -0.1396
vn -0.8895 0.4359 -0.1373
vn -0.8812 0.4528 -0.1361
vn 0.5651 -0.8245 -0.0290
vn 0.5327 -0.8424 0.0817
vn 0.6591 -0.7025 -0.2683
vn 0.5605 -0.1722 -0.8100
vn -0.6701 0.3352 -0.6622
vn -0.6701 0.3352 -0.6622
vn 0.3260 -0.0252 -0.9450
vn -0.7058 0.6969 -0.1272
vn 0.3535 -0.9153 0.1933
vn 0.3962 -0.9159 0.0638
vn 0.4342 -0.8983 0.0669
vn -0.9386 0.3132 -0.1450
vn 0.4777 -0.8754 0.0739
vn -0.9481 0.2824 -0.1464
vn 0.5642 -0.8222 0.0747
vn -0.5551 0.8273 -0.0858
vn 0.3221 -0.0240 -0.9464
vn 0.2981 -0.2822 -0.9119
vn 0.3168 0.8557 0.4092
vn -0.6128 0.6192 0.4909
vn -0.3399 0.1047 0.9346
vn -0.3744 0.0513 0.9258
vn -0.7448 0.6554 -0.1253
vn -0.7237 0.6785 -0.1263
vn -0.9628 0.2256 -0.1487
vn -0.9412 0.3048 -0.1453
vn 0.5818 -0.8101 0.0723
vn -0.1366 0.0175 0.9905
vn -0.1223 -0.0935 0.9881
vn -0.7761 0.6172 -0.1290
vn -0.7579 0.6394 -0.1295
vn 0.4991 -0.8631 0.0771
vn -0.9724 0.1785 -0.1502
vn -0.9650 0.2156 -0.1491
vn 0.5096 -0.8569 0.0782
vn 0.5994 -0.7968 0.0757
vn 0.3218 -0.0207 -0.9466
vn -0.7984 0.5871 -0.1337
vn 0.4891 -0.8690 0.0756
vn -0.9534 0.2633 -0.1473
vn 0.5493 -0.8313 0.0845
vn -0.6643 0.7469 0.0287
vn 0.6212 -0.7778 0.0958
vn -0.3362 0.0168 0.9417
vn -0.6216 0.7774 -0.0959
vn -0.3362 0.0168 0.9417
vn 0.6116 -0.7880 0.0708
vn 0.4608 -0.0878 -0.8831
vn -0.1065 -0.0624 0.9923
vn 0.4545 -0.8500 0.2662
vn 0.0818 -0.3545 0.9315
vn 0.4571 -0.8866 0.0712
vn -0.7098 0.6940 -0.1205
vn 0.6411 -0.7634 0.0783
vn -0.3362 0.0168 0.9417
vn -0.6407 0.3302 -0.6932
vn 0.3445 -0.0455 -0.9377
vn 0.3218 -0.0208 -0.9466
vn 0.4074 -0.8818 0.2377
vn 0.1036 0.0140 0.9945
vn -0.0175 0.3569 -0.9340
vn -0.2017 0.5583 -0.8047
vn -0.8532 0.5033 -0.1371
vn 0.4534 -0.8861 0.0961
vn 0.5403 -0.8373 0.0832
vn 0.5922 -0.8006 0.0915
vn 0.6535 -0.7516 0.0899
vn -0.5864 0.8048 -0.0914
vn 0.6958 -0.3358 -0.6349
vn -0.6407 0.3302 -0.6932
vn 0.1366 -0.0175 -0.9905
vn -0.9046 -0.0761 0.4195
vn -0.0192 -0.0188 0.9996
vn -0.5939 0.7590 -0.2667
vn -0.2894 0.5265 -0.7994
vn -0.8805 0.4526 -0.1407
vn -0.8678 0.4768 -0.1400
vn 0.4794 -0.8745 0.0741
vn 0.4627 -0.8746 0.1446
vn 0.5589 -0.8247 0.0863
vn -0.5551 0.8273 -0.0858
vn 0.5659 -0.8198 0.0875
vn 0.6190 -0.7796 0.0955
vn 0.6765 -0.7308 0.0910
vn 0.3218 -0.0208 -0.9466
vn -0.0378 0.9843 0.1726
vn -0.9110 0.3864 -0.1438
vn -0.6925 -0.5286 -0.4909
vn -0.8969 0.4176 -0.1454
vn 0.4907 -0.8664 0.0929
vn -0.5342 0.8410 -0.0856
vn -0.0479 0.9977 0.0480
vn 0.5891 0.4576 0.6660
vn -0.5159 0.5587 -0.6494
vn 0.6959 -0.7112 0.0991
vn 0.1014 0.9863 0.1301
vn -0.9450 0.2927 -0.1459
vn -0.1308 -0.0243 0.9911
vn -0.1308 -0.0243 0.9911
vn -0.9358 0.3162 -0.1562
vn -0.9269 0.3408 -0.1574
vn 0.5232 -0.8426 0.1275
vn 0.5044 -0.8584 0.0933
vn 0.5487 -0.8316 0.0858
vn 0.9570 0.2389 0.1647
vn 0.7262 -0.6817 0.0886
vn -0.4587 0.2796 -0.8435
vn 0.5095 -0.1090 -0.8535
vn 0.3218 -0.0209 -0.9466
vn -0.1793 0.9565 0.2301
vn 0.9652 0.2605 -0.0219
vn -0.2236 0.9422 0.2497
vn 0.9652 0.2605 -0.0219
vn 0.9652 0.2605 -0.0219
vn -0.1897 0.9495 0.2500
vn -0.9751 0.1617 -0.1514
vn -0.9695 0.1884 -0.1568
vn -0.9633 0.2202 -0.1536
vn -0.9573 0.2449 -0.1538
vn -0.9490 0.2732 -0.1575
vn -0.1308 -0.0243 0.9911
vn 0.5390 -0.8379 0.0864
vn 0.6371 -0.7644 0.0985
vn 0.6264 -0.7735 0.0967
vn -0.6216 0.7774 -0.0959
vn -0.3924 0.9197 0.0120
vn 0.5734 0.7978 0.1866
vn 0.7382 -0.6681 0.0932
vn 0.1459 0.9733 0.1771
vn 0.1684 0.9644 0.2039
vn 0.1963 0.9474 0.2527
vn -0.9254 0.3064 -0.2232
vn -0.6925 -0.5286 -0.4909
vn -0.5019 0.4239 -0.7539
vn -0.0883 -0.0897 0.9920
vn -0.0953 -0.0722 0.9928
vn 0.5508 -0.8298 0.0898
vn -0.5551 0.8273 -0.0858
vn -0.0601 0.9976 -0.0355
vn -0.7254 0.6789 -0.1137
vn 0.6564 -0.7476 0.1014
vn -0.5864 0.8048 -0.0914
vn 0.6695 -0.7355 0.1035
vn -0.1995 0.9795 -0.0275
vn -0.1693 0.9855 -0.0103
vn 0.5734 0.7978 0.1866
vn -0.3572 0.9339 -0.0166
vn 0.0768 0.9926 0.0937
vn 0.7588 -0.6407 0.1170
vn -0.9782 -0.1316 -0.1605
vn 0.7500 -0.6550 0.0925
vn 0.1121 0.9839 0.1389
vn 0.3937 -0.0644 -0.9170
vn -0.4587 0.2796 -0.8435
vn 0.2244 0.0208 -0.9743
vn 0.8979 -0.3515 -0.2650
vn 0.1204 0.0327 -0.9922
vn -0.6927 0.3811 -0.6123
vn -0.9652 0.1341 -0.2243
vn 0.5776 -0.8108 0.0948
vn 0.5630 -0.8219 0.0870
vn 0.7792 -0.6176 0.1068
vn 0.7667 -0.6342 0.0994
vn -0.9606 0.2094 -0.1830
vn 0.5394 -0.8205 0.1892
vn 0.9570 0.2389 0.1647
vn 0.5299 -0.8437 0.0859
vn 0.6711 -0.7341 0.1035
vn -0.0299 0.9995 -0.0106
vn 0.7013 -0.7046 0.1081
vn 0.0071 0.9999 0.0075
vn 0.7975 -0.5910 0.1213
vn 0.7973 -0.5961 0.0948
vn 0.3218 -0.0210 -0.9466
vn 0.0629 -0.3371 0.9394
vn 0.6133 -0.7836 0.0995
vn 0.9570 0.2389 0.1647
vn 0.8147 -0.5665 0.1236
vn 0.8084 -0.5757 0.1225
vn 0.3795 -0.0688 -0.9226
vn -0.3667 0.0641 0.9281
vn -0.6275 0.1635 0.7613
vn 0.3434 -0.0280 -0.9388
vn -0.7914 0.1972 -0.5786
vn 0.2081 0.8747 -0.4377
vn 0.1131 0.0392 -0.9928
vn 0.6247 -0.7743 0.1010
vn -0.6216 0.7774 -0.0959
vn 0.7360 -0.6673 0.1136
vn 0.8420 -0.5242 0.1271
vn 0.8271 -0.5479 0.1254
vn 0.8227 -0.4815 -0.3023
vn 0.2715 0.0007 -0.9624
vn -0.6275 0.1635 0.7613
vn 0.3218 -0.0212 -0.9466
vn 0.6404 -0.7609 0.1040
vn -0.5864 0.8048 -0.0914
vn 0.7309 -0.6731 0.1128
vn 0.7582 -0.6415 0.1169
vn 0.7613 -0.6377 0.1176
vn -0.9782 -0.1316 -0.1605
vn 0.8591 -0.4945 0.1320
vn -0.3390 0.0198 0.9406
vn 0.6683 -0.7362 0.1068
vn 0.6634 -0.7412 0.1025
vn 0.7580 -0.6417 0.1170
vn 0.7894 -0.6016 0.1219
vn 0.8711 -0.4724 0.1340
vn -0.3390 0.0198 0.9406
vn 0.8633 -0.4868 0.1333
vn -0.3390 0.0198 0.9406
vn 0.3218 -0.0213 -0.9466
vn 0.6825 -0.7226 0.1094
vn 0.8824 -0.4504 0.1360
vn -0.4974 0.0982 0.8620
vn 0.4033 -0.0555 -0.9134
vn -0.9665 0.1549 -0.2048
vn 0.7130 -0.6399 0.2865
vn 0.1830 -0.2823 0.9417
vn 0.7025 -0.7034 0.1084
vn 0.8108 -0.5717 0.1254
vn 0.8385 -0.5293 0.1295
vn 0.9039 -0.4044 0.1391
vn 0.9019 -0.4091 0.1385
vn 0.9270 -0.3749 0.0141
vn 0.3212 -0.0263 -0.9467
vn 0.7221 -0.6827 0.1119
vn 0.7913 -0.5991 0.1226
vn 0.8127 -0.5691 0.1255
vn 0.8118 -0.5704 0.1252
vn 0.9172 -0.3724 0.1413
vn 0.9289 -0.3443 0.1362
vn 0.9218 -0.3635 0.1345
vn 0.8346 -0.2891 -0.4690
vn 0.3498 -0.0308 -0.9363
vn 0.3013 -0.3553 -0.8849
vn 0.7440 -0.6551 0.1313
vn 0.7240 -0.6754 0.1401
vn 0.8588 -0.4948 0.1326
vn 0.9499 -0.2802 0.1389
vn 0.9367 -0.3215 0.1390
vn 0.4285 -0.0701 -0.9008
vn -0.4974 0.0982 0.8620
vn 0.7534 -0.5267 -0.3937
vn 0.7581 -0.6391 0.1298
vn -0.9782 -0.1316 -0.1605
vn 0.8462 -0.5165 0.1308
vn 0.8671 -0.4798 0.1339
vn 0.8753 -0.4644 0.1352
vn 0.9569 -0.2507 0.1466
vn 0.9601 -0.2427 0.1389
vn 0.9546 -0.2626 0.1406
vn 0.8193 -0.4832 -0.3088
vn 0.1993 0.0612 -0.9780
vn 0.9138 -0.3498 -0.2063
vn 0.1993 0.0612 -0.9780
vn 0.3243 -0.1250 -0.9377
vn 0.7828 -0.6103 0.1215
vn 0.7779 -0.6133 0.1371
vn 0.8981 -0.4173 0.1387
vn 0.9519 -0.2931 0.0897
vn 0.9614 -0.2433 0.1286
vn 0.8701 -0.4790 -0.1160
vn 0.9571 -0.2622 0.1234
vn 0.3034 -0.0103 -0.9528
vn 0.8037 -0.5807 0.1298
vn 0.7824 -0.5823 0.2208
vn 0.8861 -0.4428 0.1368
vn 0.9093 -0.3917 0.1402
vn 0.9745 -0.1678 0.1488
vn -0.6966 0.7098 -0.1047
vn 0.9621 -0.2526 0.1024
vn -0.6966 0.7098 -0.1047
vn 0.9429 -0.3212 0.0885
vn -0.8962 0.4223 -0.1359
vn 0.9649 -0.2289 0.1288
vn -0.8962 0.4223 -0.1359
vn 0.7899 -0.5108 0.3393
vn 0.8157 -0.5635 0.1309
vn 0.8117 -0.5705 0.1255
vn 0.9052 -0.4014 0.1398
vn 0.9245 -0.3535 0.1428
vn 0.8968 -0.4370 0.0699
vn 0.9846 -0.0874 0.1514
vn 0.9529 -0.2819 0.1122
vn 0.9880 0.0313 0.1512
vn 0.3218 -0.0188 -0.9466
vn 0.8402 -0.5250 0.1359
vn 0.8287 -0.5438 0.1326
vn 0.9185 -0.3692 0.1418
vn 0.9338 -0.3276 0.1443
vn 0.9673 -0.2052 0.1493
vn 0.9845 -0.0874 0.1520
vn 0.9837 -0.0965 0.1515
vn -0.9825 0.1079 -0.1517
vn 0.9768 -0.1691 0.1312
vn 0.3007 -0.9534 0.0234
vn -0.2820 0.0925 0.9549
vn 0.8614 -0.4903 0.1330
vn 0.9421 -0.3020 0.1455
vn 0.9542 -0.2605 0.1472
vn 0.9527 -0.2661 0.1470
vn 0.9414 -0.3045 0.1451
vn 0.9646 -0.2184 0.1480
vn 0.9702 -0.1908 0.1496
vn 0.9744 -0.1676 0.1501
vn -0.8962 0.4223 -0.1359
vn 0.9775 -0.1476 0.1506
vn -0.6966 0.7098 -0.1047
vn -0.0098 -0.5151 -0.8570
vn 0.8212 -0.3116 -0.4780
vn 0.3580 -0.0331 -0.9331
vn 0.3501 -0.0306 -0.9362
vn 0.3124 -0.0146 -0.9498
vn -0.3251 0.0336 0.9451
vn 0.8810 -0.4531 0.1364
vn 0.8718 -0.4707 0.1354
vn 0.8635 -0.4772 0.1632
vn 0.9619 -0.2298 0.1484
vn 0.9809 -0.1219 0.1515
vn 0.8105 -0.5857 0.0073
vn 0.9588 0.2358 0.1584
vn 0.9841 -0.0919 0.1520
vn 0.2081 0.9779 0.0190
vn 0.3007 -0.9534 0.0234
vn -0.2157 -0.8786 -0.4260
vn 0.8014 -0.5973 -0.0314
vn 0.2081 0.9779 0.0190
vn 0.3156 -0.0262 -0.9485
vn 0.3342 -0.0555 -0.9409
vn 0.0506 -0.9924 -0.1118
vn 0.0984 -0.0000 0.9951
vn 0.7856 -0.3454 0.5134
vn 0.1706 -0.1446 0.9747
vn 0.9112 -0.3775 0.1648
vn 0.8971 -0.4032 0.1804
vn 0.9011 -0.4105 0.1394
vn 0.9844 -0.0888 0.1520
vn -0.9825 0.1079 -0.1517
vn -0.2532 -0.8382 -0.4831
vn 0.7009 -0.6442 -0.3061
vn 0.1993 0.0612 -0.9780
vn 0.3192 -0.0212 -0.9475
vn 0.0115 -0.9674 -0.2529
vn 0.0984 -0.0000 0.9951
vn 0.9326 -0.3187 0.1696
vn 0.9256 -0.3395 0.1673
vn 0.9185 -0.3592 0.1652
vn -0.9831 0.1115 -0.1452
vn 0.9852 -0.0827 0.1499
vn 0.3096 -0.0285 -0.9504
vn 0.0445 -0.9972 -0.0602
vn 0.0984 -0.0000 0.9951
vn 0.0979 -0.1510 0.9837
vn 0.1072 0.0366 -0.9936
vn 0.9535 -0.2615 0.1498
vn 0.9487 -0.2802 0.1464
vn 0.5838 -0.8116 0.0191
vn 0.9495 -0.2756 0.1498
vn 0.9785 -0.1773 0.1057
vn -0.9488 0.3149 -0.0234
vn 0.7817 -0.6231 0.0261
vn 0.9775 -0.1543 0.1437
vn 0.3191 -0.0212 -0.9475
vn 0.0603 -0.1567 0.9858
vn 0.1013 0.0350 -0.9942
vn -0.1124 -0.0240 0.9934
vn 0.1072 0.0366 -0.9936
vn 0.9246 -0.1933 0.3284
vn 0.9759 -0.1559 0.1528
vn 0.9725 -0.1756 0.1527
vn 0.9691 -0.1939 0.1524
vn 0.9659 -0.2097 0.1518
vn 0.9619 -0.2273 0.1517
vn 0.9572 -0.2473 0.1506
vn -0.9802 0.1323 -0.1475
vn -0.9835 0.1026 -0.1487
vn 0.9366 -0.3402 0.0836
vn -0.1510 -0.9676 -0.2026
vn 0.7137 -0.6998 -0.0319
vn -0.2384 -0.9221 -0.3048
vn -0.3520 -0.8275 -0.4373
vn -0.0183 -0.5823 -0.8128
vn 0.3190 -0.0212 -0.9475
vn 0.3206 -0.0393 -0.9464
vn 0.1012 0.0350 -0.9942
vn -0.1270 -0.0223 0.9917
vn -0.8868 0.1023 -0.4508
vn -0.9046 0.1067 -0.4126
vn 0.9843 -0.0881 0.1526
vn -0.9825 0.1079 -0.1517
vn 0.9805 -0.1124 0.1614
vn 0.9794 -0.1326 0.1522
vn -0.9777 0.1526 -0.1442
vn 0.9366 -0.3402 0.0836
vn 0.1933 0.0356 -0.9805
vn -0.1809 0.2104 0.9607
vn 0.3561 0.8134 0.4600
vn 0.2163 -0.1166 0.9693
vn 0.1012 0.0349 -0.9943
vn -0.0879 -0.0389 0.9954
vn 0.1012 0.0349 -0.9943
vn -0.8749 0.0955 -0.4749
vn 0.7162 -0.2248 0.6607
vn 0.2966 -0.0481 -0.9538
vn 0.0414 -0.9777 -0.2059
vn 0.0105 0.8943 0.4474
vn -0.4136 0.2820 0.8657
vn -0.7375 -0.0265 0.6748
vn -0.4932 0.5248 -0.6938
vn 0.9169 -0.3673 -0.1562
vn 0.3195 -0.0203 -0.9474
vn 0.0810 -0.9599 -0.2684
vn 0.0516 -0.9720 -0.2295
vn 0.0105 0.8943 0.4474
vn 0.4151 -0.1816 0.8915
vn -0.8530 0.2824 -0.4389
vn -0.5563 0.0192 -0.8308
vn -0.1000 -0.9871 -0.1252
vn 0.5282 -0.8490 0.0166
vn 0.3186 -0.0212 -0.9477
vn -0.3117 0.0395 0.9494
vn -0.0842 -0.0302 0.9960
vn -0.1310 -0.0181 0.9912
vn 0.0923 -0.0787 0.9926
vn 0.0764 -0.0933 0.9927
vn -0.3718 -0.6789 0.6332
vn 0.2069 -0.2790 0.9377
vn 0.7227 -0.6178 0.3098
vn 0.3184 -0.0212 -0.9477
vn -0.0558 -0.9969 -0.0562
vn 0.3044 -0.0354 -0.9519
vn -0.3718 -0.6789 0.6332
vn 0.7227 -0.6178 0.3098
vn -0.3787 -0.6681 -0.6405
vn -0.1060 0.1587 -0.9816
vn 0.9169 -0.3673 -0.1562
vn 0.3183 -0.0210 -0.9478
vn -0.3004 0.0573 0.9521
vn -0.3213 0.0267 0.9466
vn -0.1158 -0.9824 -0.1464
vn -0.2020 -0.9618 -0.1846
vn 0.3181 -0.0210 -0.9478
vn 0.3111 -0.3274 -0.8922
vn 0.0784 -0.9672 -0.2414
vn 0.1604 -0.8801 -0.4468
vn -0.3201 0.0244 0.9471
vn -0.3141 -0.8877 -0.3366
vn -0.1442 -0.6761 0.7225
vn -0.1278 -0.0175 0.9917
vn 0.3180 -0.0210 -0.9479
vn -0.1267 -0.0174 0.9918
vn 0.5208 0.7678 0.3731
vn 0.5301 0.7647 0.3665
vn 0.4607 0.0388 0.8867
vn 0.3261 0.8661 0.3789
vn 0.9621 0.0356 0.2705
vn -0.7207 -0.6931 0.0147
vn -0.7040 -0.7053 -0.0832
vn 0.2203 0.0232 -0.9751
vn -0.2024 0.1757 0.9634
vn -0.1208 -0.0175 0.9925
vn -0.0059 -0.6513 0.7588
vn -0.1196 -0.0174 0.9927
vn 0.1203 0.9821 0.1453
vn -0.7348 -0.6712 -0.0978
vn -0.8153 -0.2145 0.5378
vn 0.1348 0.0349 -0.9903
vn 0.2081 0.8747 -0.4377
vn -0.1102 -0.0201 0.9937
vn 0.0000 -1.0000 0.0000
vn -0.1097 -0.0175 0.9938
vn -0.1029 -0.0199 0.9945
vn 0.8979 -0.3515 -0.2650
vn 0.3184 -0.0202 -0.9478
vn 0.1364 0.0148 -0.9905
vn 0.1280 -0.0175 -0.9916
vn 0.1365 -0.0175 -0.9905
vn 0.0000 -1.0000 0.0000
vn 0.2000 0.0360 -0.9791
vn -0.3258 0.0388 -0.9446
vn 0.0053 0.9997 -0.0236
vn -0.0057 -0.9998 0.0175
vn -0.0991 -0.0175 0.9949
vn 0.0000 -1.0000 0.0000
vn -0.0933 -0.0175 0.9955
vn -0.0941 -0.0262 0.9952
vn 0.3171 -0.0210 -0.9481
vn 0.4675 0.6615 0.5864
vn 0.1175 0.0219 -0.9928
vn 0.1193 -0.0175 -0.9927
vn 0.0000 -1.0000 0.0000
vn 0.0784 0.0580 -0.9952
vn 0.0542 0.0393 -0.9978
vn 0.0501 0.2270 -0.9726
vn -0.0868 -0.0174 0.9961
vn 0.0000 -1.0000 0.0000
vn -0.0834 -0.0207 0.9963
vn 0.3130 -0.0248 -0.9494
vn 0.4119 0.7569 0.5074
vn 0.6346 -0.1838 0.7507
vn 0.4495 0.5974 0.6641
vn -0.2548 0.0544 0.9655
vn 0.1054 0.0110 -0.9944
vn 0.1107 -0.0175 -0.9937
vn 0.1018 -0.0174 -0.9947
vn -0.0000 -1.0000 -0.0000
vn 0.1063 0.0349 -0.9937
vn -0.0750 -0.0766 0.9942
vn -0.0000 -1.0000 0.0000
vn 0.0633 0.0620 -0.9961
vn -0.0766 -0.0174 0.9969
vn 0.3917 0.7994 0.4555
vn 0.3206 -0.0183 -0.9471
vn 0.0928 0.0307 -0.9952
vn 0.0933 -0.0174 -0.9955
vn 0.1047 0.0353 -0.9939
vn -0.0018 -0.9995 0.0323
vn -0.0649 -0.0176 0.9977
vn -0.0669 -0.0223 0.9975
vn 0.3204 -0.0184 -0.9471
vn 0.0813 0.0092 -0.9966
vn 0.0759 -0.0175 -0.9970
vn 0.0848 -0.0174 -0.9962
vn -0.0000 -1.0000 -0.0000
vn 0.0786 0.0351 -0.9963
vn -0.0888 -0.9098 0.4053
vn -0.0630 -0.1136 0.9915
vn 0.0633 0.0620 -0.9961
vn -0.0590 -0.0174 0.9981
vn -0.5129 -0.5785 -0.6342
vn 0.1105 0.0059 -0.9939
vn 0.8979 -0.3515 -0.2650
vn 0.3206 -0.0190 -0.9470
vn 0.5020 0.6170 0.6061
vn 0.0669 0.0222 -0.9975
vn 0.0585 -0.0175 -0.9981
vn 0.0672 -0.0175 -0.9976
vn -0.0000 -1.0000 0.0000
vn 0.1088 0.0377 -0.9933
vn -0.0222 -0.9853 0.1693
vn -0.0059 -0.3680 0.9298
vn -0.0206 -0.8870 0.4613
vn -0.0620 -0.0728 0.9954
vn 0.0000 -1.0000 -0.0003
vn 0.0633 0.0620 -0.9961
vn -0.0407 -0.0175 0.9990
vn -0.0162 -0.5995 0.8002
vn -0.1188 -0.1487 0.9817
vn -0.0515 -0.0253 0.9984
vn -0.3246 -0.8469 -0.4212
vn -0.8720 -0.3488 0.3434
vn 0.0512 -0.1752 -0.9832
vn 0.3076 -0.0247 -0.9512
vn 0.0532 0.0110 -0.9985
vn 0.0496 -0.0174 -0.9986
vn 0.0000 -1.0000 0.0000
vn 0.0489 0.0368 -0.9981
vn 0.0000 -1.0000 0.0006
vn -0.0327 -0.0175 0.9993
vn 0.0000 -1.0000 -0.0003
vn -0.0441 -0.0178 0.9989
vn 0.3177 -0.0197 -0.9480
vn 0.0362 0.0222 -0.9991
vn 0.0425 -0.0174 -0.9989
vn 0.0325 -0.0175 -0.9993
vn -0.0000 -1.0000 0.0013
vn -0.0127 0.0390 -0.9992
vn -0.0237 -0.0178 0.9996
vn -0.0214 -0.0777 0.9967
vn 0.1551 0.9699 0.1879
vn -0.4304 -0.7463 -0.5078
vn 0.3175 -0.0197 -0.9481
vn 0.4873 0.6429 0.5909
vn 0.0262 -0.0175 -0.9995
vn 0.0264 0.0349 -0.9990
vn 0.0220 0.0352 -0.9991
vn -0.0144 -0.0295 0.9995
vn 0.0009 0.0588 -0.9983
vn 0.0000 -1.0000 -0.0003
vn 0.0046 -0.0180 0.9998
vn -0.5468 -0.5130 -0.6617
vn 0.2928 -0.0097 -0.9561
vn 0.3185 -0.0190 -0.9477
vn 0.3443 -0.0361 -0.9382
vn 0.5116 0.5819 0.6322
vn 0.0148 0.0219 -0.9997
vn 0.0036 -0.0175 -0.9998
vn 0.0149 -0.0175 -0.9997
vn -0.0000 -1.0000 0.0019
vn 0.0031 0.0351 -0.9994
vn -0.0001 0.0450 -0.9990
vn -0.0009 -0.1147 0.9934
vn 0.0009 0.0588 -0.9983
vn -0.0144 -0.0175 0.9997
vn -0.0208 -0.0194 0.9996
vn -0.4297 -0.3252 -0.8424
vn -0.3995 -0.7710 -0.4960
vn 0.2224 0.0234 -0.9747
vn 0.5202 0.5782 0.6285
vn 0.4815 0.4746 0.7368
vn -0.0063 0.0229 -0.9997
vn -0.0127 -0.0174 -0.9998
vn -0.0026 -0.0175 -0.9998
vn -0.0074 -1.0000 -0.0033
vn -0.0169 0.0351 -0.9992
vn 0.0001 -0.0177 0.9998
vn -0.0086 -0.0184 0.9998
vn -0.5634 -0.4671 -0.6815
vn -0.5757 -0.4227 -0.6999
vn 0.4342 -0.0770 -0.8975
vn 0.2979 -0.0154 -0.9545
vn 0.2744 -0.1496 -0.9499
vn 0.2048 -0.8222 -0.5311
vn 0.5342 0.5429 0.6480
vn -0.2765 0.0531 0.9595
vn -0.0234 0.0110 -0.9997
vn -0.0198 -0.0174 -0.9997
vn 0.0000 -1.0000 0.0000
vn -0.0237 0.0349 -0.9991
vn -0.0230 0.0353 -0.9991
vn 0.0117 -0.0594 0.9982
vn 0.0000 -1.0000 0.0008
vn 0.0009 0.0588 -0.9983
vn 0.0242 -0.0178 0.9995
vn -0.5799 -0.4131 -0.7021
vn -0.5760 -0.3978 -0.7141
vn 0.0768 -0.0668 -0.9948
vn -0.0395 0.0219 -0.9990
vn -0.0287 -0.0175 -0.9994
vn -0.0374 -0.0175 -0.9991
vn -0.0000 -1.0000 -0.0000
vn -0.0352 0.0350 -0.9988
vn 0.0230 -0.0174 0.9996
vn 0.0000 -1.0000 0.0006
vn 0.0287 -0.0175 0.9994
vn 0.0357 -0.0179 0.9992
vn -0.5913 -0.3734 -0.7148
vn -0.5603 -0.3679 -0.7421
vn 0.1290 -0.8082 -0.5746
vn 0.5466 0.5159 0.6596
vn -0.3517 0.0999 0.9308
vn -0.0487 -0.0175 -0.9987
vn -0.0459 0.0350 -0.9983
vn -0.9629 0.0237 -0.2689
vn -0.0405 0.2017 -0.9786
vn 0.8551 0.0380 -0.5171
vn -0.9629 0.0237 -0.2689
vn 0.0339 -0.0174 0.9993
vn 0.0000 -1.0000 0.0000
vn 0.0324 -0.0477 0.9983
vn 0.0248 -0.0185 0.9995
vn -0.4866 -0.6559 -0.5770
vn -0.8612 -0.5078 0.0220
vn -0.5876 -0.3779 -0.7155
vn -0.5916 -0.3496 -0.7265
vn -0.6135 -0.2617 -0.7450
vn -0.0587 0.0221 -0.9980
vn -0.0650 -0.0174 -0.9977
vn -0.0550 -0.0175 -0.9983
vn 0.0000 -1.0000 0.0000
vn 0.8551 0.0380 -0.5171
vn -0.0637 0.0349 -0.9974
vn -0.9629 0.0237 -0.2689
vn 0.0456 -0.0596 0.9972
vn -0.0000 -1.0000 -0.0001
vn 0.0359 -0.0176 0.9992
vn 0.7911 -0.0272 0.6110
vn -0.0007 -0.0503 0.9987
vn 0.7911 -0.0272 0.6110
vn -0.8043 -0.0823 0.5885
vn -0.8274 -0.5575 -0.0678
vn -0.5423 -0.5982 -0.5900
vn -0.0477 -0.0580 -0.9972
vn -0.4756 -0.6577 -0.5841
vn -0.5882 -0.3788 -0.7145
vn 0.5535 0.4958 0.6692
vn 0.5622 0.4540 0.6912
vn 0.5541 0.4024 0.7288
vn -0.0934 0.0255 0.9953
vn -0.0757 0.0110 -0.9971
vn -0.0810 -0.0175 -0.9966
vn -0.0721 -0.0174 -0.9972
vn 0.0000 -1.0000 0.0000
vn -0.0777 0.0349 -0.9964
vn 0.8551 0.0380 -0.5171
vn -0.0041 -1.0000 0.0003
vn 0.0551 -0.0174 0.9983
vn -0.0000 -1.0000 -0.0008
vn 0.0542 -0.0177 0.9984
vn 0.7911 -0.0272 0.6110
vn -0.6031 -0.3004 -0.7390
vn -0.6106 -0.2716 -0.7439
vn -0.5709 -0.2617 -0.7782
vn -0.0186 0.0296 0.9994
vn 0.3094 0.0140 0.9508
vn -0.0894 0.0222 -0.9957
vn -0.0897 -0.0175 -0.9958
vn 0.0038 -1.0000 0.0028
vn -0.0750 0.0358 -0.9965
vn 0.0072 -0.9985 0.0545
vn 0.0533 -0.0175 0.9984
vn 0.0442 -0.0190 0.9988
vn -0.6116 -0.2827 -0.7389
vn -0.6180 -0.2364 -0.7497
vn -0.6042 -0.2447 -0.7583
vn 0.5797 0.4151 0.7011
vn -0.1037 0.0092 -0.9946
vn -0.0984 -0.0175 -0.9950
vn -0.1072 -0.0174 -0.9941
vn -0.0078 -1.0000 -0.0040
vn -0.1014 0.0355 -0.9942
vn -0.1298 0.1824 -0.9746
vn 0.0704 -0.0394 0.9967
vn -0.0000 -1.0000 -0.0003
vn 0.0943 -0.0176 0.9954
vn 0.0699 -0.0235 0.9973
vn 0.3591 0.8346 0.4176
vn -0.1207 0.0222 -0.9924
vn -0.1143 -0.0174 -0.9933
vn -0.1429 0.0361 -0.9891
vn 0.0900 -0.0174 0.9958
vn 0.0000 -1.0000 0.0000
vn 0.0942 -0.0225 0.9953
vn 0.6231 0.1190 0.7731
vn 0.5072 0.1433 0.8499
vn -0.1636 0.0344 0.9859
vn -0.1304 -0.0175 -0.9913
vn -0.1243 -0.0175 -0.9921
vn 0.0044 -1.0000 0.0030
vn -0.1290 0.0349 -0.9910
vn 0.0036 -0.9994 0.0341
vn 0.0968 -0.0174 0.9952
vn -0.5312 -0.6190 -0.5785
vn -0.5879 -0.3889 -0.7094
vn 0.5181 0.5854 0.6236
vn -0.1395 0.0227 -0.9900
vn -0.1503 -0.0175 -0.9885
vn -0.1417 -0.0175 -0.9898
vn 0.0002 -1.0000 0.0011
vn -0.1047 0.0380 -0.9938
vn 0.1062 -0.0238 0.9941
vn -0.5647 -0.4657 -0.6814
vn 0.5603 0.4780 0.6764
vn 0.0975 -0.9190 -0.3819
vn 0.4437 0.3112 0.8404
vn -0.5123 -0.2621 -0.8178
vn -0.5123 -0.2621 -0.8178
vn 0.4839 0.2501 0.8387
vn -0.1555 0.0110 -0.9878
vn -0.1591 -0.0174 -0.9871
vn 0.0002 -1.0000 0.0011
vn -0.1532 0.0360 -0.9875
vn -0.2493 0.3157 -0.9155
vn 0.3280 0.0424 -0.9437
vn 0.1170 -0.0174 0.9930
vn -0.5530 -0.4998 -0.6666
vn -0.5327 -0.5509 -0.6425
vn 0.4453 0.7170 0.5364
vn -0.1109 -0.3372 -0.9349
vn -0.1725 0.0220 -0.9848
vn -0.1661 -0.0174 -0.9860
vn -0.1760 -0.0175 -0.9842
vn 0.0002 -1.0000 0.0011
vn -0.1950 0.0367 -0.9801
vn 0.0040 -0.9995 0.0300
vn 0.1825 -0.3588 0.9154
vn 0.0461 -0.9368 0.3468
vn 0.1170 -0.0233 0.9929
vn -0.1935 0.0219 -0.9809
vn -0.1821 -0.0175 -0.9831
vn -0.1933 -0.0175 -0.9810
vn 0.0002 -1.0000 0.0011
vn -0.1745 0.0350 -0.9840
vn -0.8861 0.0326 -0.4624
vn -0.1628 0.0429 -0.9857
vn -0.8861 0.0326 -0.4624
vn 0.1419 -0.0177 0.9897
vn 0.1198 -0.0176 0.9926
vn 0.0080 -0.2709 0.9626
vn -0.2044 -0.0175 -0.9787
vn -0.1789 0.0355 -0.9832
vn -0.8861 0.0326 -0.4624
vn 0.1635 -0.0176 0.9864
vn 0.1202 -0.0716 0.9902
vn 0.6143 0.0690 0.7860
vn 0.5700 0.0098 0.8216
vn -0.2142 0.0229 -0.9765
vn -0.2203 -0.0174 -0.9753
vn -0.2105 -0.0175 -0.9774
vn 0.0002 -1.0000 0.0011
vn -0.2052 0.0354 -0.9781
vn -0.2023 0.0540 -0.9778
vn 0.0050 -0.9995 0.0299
vn 0.1598 -0.0365 0.9865
vn 0.0000 -1.0000 0.0003
vn 0.1563 -0.0402 0.9869
vn 0.3252 0.8659 0.3801
vn -0.4423 -0.7208 -0.5337
vn -0.4127 -0.7531 -0.5124
vn 0.4011 0.7777 0.4840
vn -0.2031 0.0210 0.9789
vn -0.2307 0.0110 -0.9730
vn -0.2359 -0.0175 -0.9716
vn -0.2272 -0.0174 -0.9737
vn -0.0037 -1.0000 -0.0013
vn -0.2333 0.0355 -0.9717
vn 0.1641 -0.0174 0.9863
vn -0.4004 -0.7784 -0.4835
vn -0.2031 0.0210 0.9789
vn 0.3908 0.7903 0.4719
vn -0.2031 0.0210 0.9789
vn -0.3806 -0.7913 -0.4786
vn -0.2445 0.0222 -0.9694
vn -0.2443 -0.0175 -0.9695
vn 0.0001 -1.0000 0.0004
vn -0.2314 0.0349 -0.9722
vn -0.2280 0.0483 -0.9725
vn -0.0196 0.9976 -0.0664
vn -0.1625 0.6104 -0.7752
vn 0.0104 -0.9978 0.0659
vn 0.1763 -0.0175 0.9842
vn 0.0000 -1.0000 0.0003
vn 0.1705 -0.0408 0.9845
vn 0.2108 0.9448 0.2508
vn -0.3583 -0.8231 -0.4405
vn 0.3514 0.8347 0.4240
vn -0.2580 0.0092 -0.9661
vn -0.2528 -0.0175 -0.9674
vn -0.2614 -0.0174 -0.9651
vn -0.0025 -1.0000 -0.0012
vn -0.2567 0.0367 -0.9658
vn -0.1769 0.0373 -0.9835
vn -0.0043 -1.0000 0.0010
vn 0.1904 -0.0415 0.9808
vn 0.0000 -1.0000 0.0002
vn 0.1839 -0.0174 0.9828
vn -0.3448 -0.8340 -0.4308
vn -0.2989 -0.8561 -0.4215
vn -0.2748 0.0224 -0.9612
vn -0.2683 -0.0174 -0.9632
vn -0.2732 0.4113 -0.8696
vn 0.2018 -0.0174 0.9793
vn 0.0000 -1.0000 0.0002
vn 0.2020 -0.0174 0.9792
vn 0.1866 -0.0429 0.9815
vn 0.4611 0.7873 0.4094
vn 0.0000 -1.0000 0.0000
vn -0.3061 -0.8779 -0.3682
vn -0.2839 -0.0175 -0.9587
vn -0.2779 -0.0175 -0.9604
vn 0.0000 -1.0000 0.0000
vn -0.2824 0.0351 -0.9586
vn -0.2865 0.0509 -0.9567
vn -0.3310 0.0377 -0.9429
vn 0.0026 -1.0000 0.0027
vn 0.2101 -0.0174 0.9775
vn 0.0001 -1.0000 0.0006
vn 0.1638 -0.0404 0.9857
vn -0.1941 -0.9577 -0.2126
vn 0.0069 -0.5618 0.8272
vn -0.7668 -0.3015 0.5666
vn 0.6343 0.0282 0.7726
vn -0.2925 0.0222 -0.9560
vn -0.3031 -0.0175 -0.9528
vn -0.2948 -0.0175 -0.9554
vn 0.0000 -1.0000 0.0000
vn 0.2189 -0.0619 0.9738
vn 0.0000 -1.0000 0.0001
vn 0.1702 -0.0188 0.9852
vn 0.9888 -0.0295 0.1463
vn -0.6952 -0.1795 0.6961
vn 0.9888 -0.0295 0.1463
vn 0.1242 -0.0230 0.9920
vn 0.9889 0.1406 0.0482
vn 0.6108 0.4772 0.6319
vn 0.4869 0.7970 -0.3574
vn -0.7465 -0.6291 0.2166
vn 0.1691 -0.2712 -0.9476
vn -0.1469 -0.8401 -0.5222
vn 0.0670 -0.9829 -0.1714
vn -0.3193 0.0308 -0.9472
vn -0.3082 0.0092 -0.9513
vn -0.3197 -0.0174 -0.9474
vn -0.3116 -0.0174 -0.9501
vn -0.0000 -1.0000 -0.0000
vn -0.3068 0.0349 -0.9511
vn -0.3011 0.0357 -0.9529
vn 0.2307 -0.0175 0.9729
vn 0.0000 -1.0000 0.0000
vn 0.2127 -0.0181 0.9770
vn -0.1402 0.0205 -0.9899
vn 0.0626 -0.0223 0.9978
vn -0.1402 0.0205 -0.9899
vn 0.3269 0.8966 0.2986
vn 0.8190 0.1148 -0.5621
vn -0.2182 -0.9397 -0.2632
vn 0.0200 -0.9680 -0.2501
vn 0.0413 0.9284 0.3692
vn -0.3312 0.0110 -0.9435
vn -0.3277 -0.0174 -0.9446
vn 0.0000 -1.0000 0.0000
vn -0.3347 0.0711 -0.9396
vn -0.3049 0.0355 -0.9517
vn 0.2332 -0.0174 0.9723
vn -0.1485 0.0158 -0.9888
vn 0.0000 -1.0000 0.0000
vn -0.7422 -0.1696 0.6483
vn 0.1149 -0.0311 0.9929
vn -0.1402 0.0205 -0.9899
vn 0.2131 -0.0206 0.9768
vn -0.1892 -0.9550 -0.2283
vn -0.0446 -0.9240 -0.3797
vn 0.0413 0.9284 0.3692
vn -0.3443 0.0229 -0.9386
vn -0.3361 -0.0175 -0.9416
vn -0.3444 -0.0175 -0.9387
vn 0.0045 -1.0000 0.0031
vn -0.3306 0.0354 -0.9431
vn 0.2518 -0.0696 0.9653
vn 0.0000 -1.0000 0.0000
vn -0.2640 0.0573 -0.9628
vn -0.3575 0.0110 -0.9338
vn -0.3525 -0.0175 -0.9356
vn -0.3597 0.0357 -0.9324
vn 0.2627 -0.1152 0.9580
vn -0.2640 0.0573 -0.9628
vn 0.2638 -0.0176 0.9644
vn 0.2258 -0.0229 0.9739
vn -0.1485 0.0158 -0.9888
vn 0.2514 -0.0177 0.9677
vn 0.1872 0.9559 0.2261
vn -0.6312 -0.1041 -0.7686
vn -0.3736 0.0220 -0.9273
vn -0.3675 -0.0174 -0.9299
vn -0.3609 -0.0174 -0.9325
vn 0.0004 -1.0000 0.0011
vn -0.3561 0.0349 -0.9338
vn -0.3549 0.0369 -0.9342
vn 0.0003 1.0000 -0.0036
vn 0.2680 -0.0178 0.9633
vn -0.4520 -0.0346 0.8914
vn -0.1886 -0.8758 0.4443
vn -0.2007 -0.9562 -0.2132
vn -0.6668 -0.0808 -0.7408
vn -0.9561 -0.2125 0.2017
vn -0.0186 -0.9997 -0.0139
vn 0.3090 0.8948 0.3221
vn -0.3826 -0.0175 -0.9238
vn -0.3819 0.0349 -0.9236
vn -0.3768 -0.0175 -0.9261
vn 0.0005 -1.0000 0.0011
vn 0.0000 -1.0000 0.0000
vn -0.3705 0.0349 -0.9282
vn -0.3623 0.0379 -0.9313
vn 0.0000 -1.0000 0.0000
vn 0.2729 -0.1149 0.9552
vn -0.2640 0.0573 -0.9628
vn 0.0001 -1.0000 0.0003
vn 0.2840 -0.0174 0.9587
vn -0.8881 -0.4123 0.2033
vn -0.1886 -0.8758 0.4443
vn -0.2563 0.0529 0.9652
vn 0.2823 -0.0176 0.9592
vn 0.3977 0.8070 0.4366
vn -0.3933 0.0218 -0.9192
vn -0.4034 -0.0175 -0.9149
vn -0.3930 -0.0175 -0.9194
vn -0.0053 -1.0000 -0.0027
vn -0.3828 0.0353 -0.9232
vn 0.0000 -1.0000 0.0000
vn 0.0123 -0.9992 0.0373
vn 0.2942 -0.0175 0.9556
vn 0.0001 -1.0000 0.0003
vn -0.0520 -0.9967 -0.0628
vn 0.0506 0.9969 0.0610
vn -0.4121 0.0225 -0.9109
vn -0.4183 -0.0174 -0.9082
vn -0.4091 -0.0175 -0.9123
vn 0.0000 -1.0000 0.0000
vn -0.4087 0.0355 -0.9120
vn -0.3991 0.0755 -0.9138
vn -0.3791 0.0365 -0.9246
vn 0.3037 -0.0175 0.9526
vn -0.5159 0.5587 -0.6494
vn 0.0369 0.9993 0.0040
vn 0.0869 0.9907 0.1050
vn 0.0991 0.9878 0.1198
vn -0.0051 -1.0000 0.0021
vn 0.8185 0.1217 -0.5615
vn 0.8378 0.2077 -0.5050
vn 0.6350 0.0625 0.7700
vn 0.7661 0.1732 -0.6190
vn -0.4279 0.0092 -0.9038
vn -0.4247 -0.0174 -0.9052
vn 0.0000 -1.0000 0.0000
vn 0.0081 -0.9997 0.0228
vn 0.3109 -0.0435 0.9494
vn 0.0001 -1.0000 0.0002
vn -0.8948 -0.1699 0.4129
vn -0.9158 -0.1152 -0.3848
vn -0.1886 -0.8758 0.4443
vn 0.3911 0.8237 -0.4106
vn -0.0564 -0.9885 -0.1404
vn 0.1232 0.9866 0.1071
vn -0.0564 -0.9885 -0.1404
vn 0.3895 0.8020 0.4529
vn -0.4403 0.0220 -0.8976
vn -0.4327 -0.0175 -0.9014
vn -0.4406 -0.0175 -0.8975
vn 0.0049 -1.0000 0.0033
vn -0.4333 0.0349 -0.9006
vn -0.3459 0.6736 -0.6532
vn -0.7410 0.0862 -0.6659
vn 0.1845 0.0416 -0.9819
vn -0.4307 0.0460 -0.9013
vn 0.3363 -0.3672 0.8672
vn 0.1307 -0.9408 0.3128
vn 0.3250 -0.0174 0.9456
vn 0.0000 -1.0000 0.0000
vn 0.3202 -0.0175 0.9472
vn 0.1086 0.9854 0.1314
vn -0.0564 -0.9885 -0.1404
vn 0.8109 0.2602 -0.5242
vn -0.9500 -0.2912 0.1127
vn -0.4532 0.0110 -0.8914
vn -0.4484 -0.0175 -0.8937
vn -0.4564 -0.0174 -0.8896
vn -0.0048 -1.0000 -0.0021
vn 0.3347 -0.0956 0.9375
vn -0.0001 -1.0000 -0.0004
vn 0.3365 -0.0174 0.9415
vn 0.3448 -0.7629 0.5470
vn 0.4871 -0.4644 0.7396
vn -0.4681 0.0229 -0.8834
vn -0.4626 -0.0174 -0.8864
vn -0.4715 -0.0175 -0.8817
vn 0.0002 -1.0000 0.0005
vn -0.4534 0.0349 -0.8906
vn -0.4399 0.0430 -0.8970
vn 0.0095 -0.9997 0.0242
vn 0.3464 -0.0174 0.9379
vn -0.0003 -1.0000 -0.0008
vn 0.3414 -0.0175 0.9398
vn 0.3368 -0.0047 0.9416
vn -0.4590 -0.1965 0.8665
vn -0.3326 -0.7893 0.5161
vn 0.3571 0.8084 0.4679
vn -0.4850 0.0222 -0.8742
vn -0.4770 -0.0175 -0.8787
vn -0.3546 0.0376 -0.9343
vn -0.9703 0.0443 -0.2378
vn -0.4633 0.0380 -0.8854
vn 0.1845 0.0416 -0.9819
vn -0.4545 0.0583 -0.8888
vn 0.3525 -0.0175 0.9357
vn 0.1285 0.9796 0.1545
vn 0.1443 0.9741 0.1741
vn 0.2190 0.9390 0.2652
vn -0.4993 0.0092 -0.8664
vn -0.4946 -0.0175 -0.8690
vn -0.4870 -0.0175 -0.8733
vn -0.0031 -1.0000 -0.0016
vn 0.3596 -0.0411 0.9322
vn 0.0000 -1.0000 -0.0000
vn 0.3689 -0.0175 0.9293
vn 0.0358 0.9984 0.0436
vn 0.5253 0.2733 0.8058
vn 0.6752 0.3710 0.6376
vn -0.5159 0.5587 -0.6494
vn 0.5745 0.7037 -0.4180
vn 0.8200 0.1723 -0.5458
vn 0.8015 0.3911 -0.4524
vn 0.3398 0.9400 -0.0290
vn -0.4590 -0.1965 0.8665
vn 0.8938 -0.1763 0.4122
vn -0.3326 -0.7893 0.5161
vn 0.4701 0.7867 0.4000
vn 0.8024 0.0954 -0.5890
vn 0.3087 0.6565 -0.6883
vn -0.5141 0.0221 -0.8575
vn -0.5084 -0.0174 -0.8609
vn -0.5023 -0.0174 -0.8645
vn -0.0000 -1.0000 -0.0000
vn -0.9463 0.0480 -0.3198
vn -0.4799 0.0352 -0.8766
vn -0.5853 0.0461 -0.8095
vn 0.0077 -0.9998 0.0181
vn 0.3771 -0.0175 0.9260
vn 0.0001 -1.0000 0.0003
vn 0.1949 0.9541 0.2275
vn -0.6312 -0.1041 -0.7686
vn 0.2002 0.9495 0.2418
vn 0.8938 -0.1763 0.4122
vn -0.3326 -0.7893 0.5161
vn -0.5303 0.0227 -0.8475
vn -0.5224 -0.0175 -0.8525
vn -0.5170 -0.0175 -0.8558
vn -0.0000 -1.0000 -0.0000
vn -0.4484 0.0788 -0.8904
vn -0.9463 0.0480 -0.3198
vn 0.3849 -0.0175 0.9228
vn 0.7818 0.1489 -0.6055
vn 0.5069 0.6504 0.5656
vn -0.5439 0.0110 -0.8391
vn -0.5394 -0.0175 -0.8419
vn -0.5320 -0.0175 -0.8466
vn 0.0054 -1.0000 0.0035
vn -0.5225 0.0349 -0.8519
vn -0.5105 0.0355 -0.8592
vn -0.9463 0.0480 -0.3198
vn 0.0163 -0.9993 0.0348
vn 0.3931 -0.0430 0.9185
vn 0.0001 -1.0000 0.0002
vn 0.8198 0.1719 -0.5462
vn 0.3398 0.9400 -0.0290
vn 0.5881 -0.3873 0.7101
vn -0.0005 1.0000 -0.0006
vn -0.6373 0.0435 -0.7694
vn -0.5583 0.0220 -0.8294
vn -0.5528 -0.0174 -0.8332
vn -0.5469 -0.0174 -0.8370
vn 0.0007 -1.0000 0.0011
vn -0.5444 0.0350 -0.8381
vn -0.5298 0.0361 -0.8474
vn -0.5254 0.0394 -0.8499
vn -0.0467 0.9914 -0.1220
vn -0.3168 0.7669 -0.5581
vn 0.4082 -0.0174 0.9127
vn 0.0000 -1.0000 0.0000
vn 0.4009 -0.0175 0.9160
vn 0.7819 0.1643 -0.6014
vn 0.5881 -0.3873 0.7101
vn -0.6373 0.0435 -0.7694
vn -0.5758 0.0217 -0.8173
vn -0.5663 -0.0175 -0.8240
vn -0.5611 -0.0175 -0.8276
vn 0.0008 -1.0000 0.0012
vn -0.5459 0.0416 -0.8368
vn 0.4152 -0.2667 0.8698
vn 0.0001 -1.0000 0.0003
vn 0.4167 -0.0174 0.9089
vn -0.5848 -0.0175 -0.8110
vn -0.5756 -0.0175 -0.8176
vn 0.0008 -1.0000 0.0012
vn -0.5692 0.0354 -0.8214
vn -0.5422 0.0357 -0.8395
vn -0.0679 0.9945 -0.0798
vn 0.4284 -0.0174 0.9034
vn 0.0000 -1.0000 0.0000
vn 0.2491 0.9195 0.3040
vn 0.4919 0.1099 0.8637
vn -0.5965 0.0181 -0.8024
vn -0.5968 -0.0174 -0.8022
vn -0.5898 -0.0175 -0.8073
vn 0.0009 -1.0000 0.0012
vn -0.5718 0.0724 -0.8172
vn 0.4513 -0.5892 0.6702
vn 0.1914 -0.9334 0.3036
vn 0.1002 0.9856 0.1364
vn 0.4387 -0.0174 0.8984
vn 0.0002 -1.0000 0.0005
vn 0.4323 -0.0175 0.9016
vn -0.6159 0.0219 -0.7875
vn -0.6086 -0.0175 -0.7933
vn -0.6037 -0.0175 -0.7971
vn 0.0009 -1.0000 0.0012
vn -0.5884 0.0349 -0.8078
vn -0.5879 0.0359 -0.8081
vn 0.4479 -0.0174 0.8939
vn 0.4451 -0.1163 0.8879
vn 0.0003 -1.0000 0.0006
vn 0.5354 0.0877 0.8400
vn 0.2285 0.9279 0.2947
vn 0.4131 0.8709 0.2663
vn 0.3950 0.6744 -0.6238
vn -0.6286 0.0110 -0.7776
vn -0.6244 -0.0175 -0.7809
vn -0.6176 -0.0175 -0.7863
vn 0.0009 -1.0000 0.0012
vn -0.6075 0.0351 -0.7935
vn -0.5895 0.0352 -0.8070
vn 0.4583 -0.0174 0.8886
vn 0.0002 -1.0000 0.0004
vn 0.4583 -0.2903 0.8401
vn 0.3926 0.9189 0.0384
vn 0.2216 0.9375 0.2684
vn -0.6001 0.3566 -0.7161
vn -0.0000 -1.0000 0.0000
vn 0.5925 -0.3703 0.7154
vn -0.5701 -0.4472 -0.6892
vn -0.6473 0.0110 -0.7622
vn -0.6377 0.0311 -0.7697
vn -0.6379 -0.0174 -0.7699
vn -0.6314 -0.0174 -0.7753
vn 0.0010 -1.0000 0.0013
vn -0.6069 0.0409 -0.7938
vn -0.0002 -1.0000 0.0001
vn 0.4633 -0.0175 0.8860
vn 0.4696 -0.0174 0.8827
vn 0.0000 -1.0000 0.0000
vn 0.3353 0.9372 0.0964
vn -0.6106 0.3052 -0.7308
vn 0.5925 -0.3703 0.7154
vn -0.6579 0.0223 -0.7528
vn -0.6513 -0.0175 -0.7586
vn -0.6445 -0.0174 -0.7644
vn -0.0074 -1.0000 -0.0040
vn -0.6265 0.0349 -0.7786
vn -0.6225 0.0351 -0.7818
vn 0.4760 -0.0965 0.8741
vn 0.0001 -1.0000 0.0002
vn 0.4882 -0.0177 0.8726
vn -0.6685 0.0092 -0.7437
vn -0.6644 -0.0175 -0.7472
vn -0.6579 -0.0175 -0.7529
vn -0.0000 -1.0000 -0.0000
vn -0.6471 0.0356 -0.7616
vn -0.6342 0.0602 -0.7708
vn -0.6169 0.0370 -0.7862
vn 0.4878 -0.0174 0.8728
vn 0.0000 -1.0000 0.0000
vn -0.6812 0.0224 -0.7318
vn -0.6763 -0.0174 -0.7364
vn -0.6711 -0.0174 -0.7412
vn -0.0000 -1.0000 -0.0000
vn -0.6676 0.0361 -0.7437
vn -0.0262 0.9988 -0.0403
vn -0.3229 0.8055 -0.4970
vn 0.1761 -0.9595 0.2198
vn 0.5021 -0.0361 0.8641
vn 0.0000 -1.0000 0.0000
vn 0.4937 -0.0175 0.8695
vn 0.4952 -0.0179 0.8686
vn 0.1762 -0.9432 0.2815
vn 0.1539 0.9830 0.1005
vn -0.4453 0.7453 -0.4962
vn -0.6350 0.2653 -0.7255
vn -0.6960 0.0220 -0.7177
vn -0.6882 -0.0175 -0.7253
vn -0.6837 -0.0175 -0.7296
vn 0.0000 -1.0000 0.0000
vn -0.6345 0.0382 -0.7719
vn 0.4991 -0.0828 0.8626
vn 0.0062 -0.9999 0.0114
vn 0.3814 0.9088 0.1693
vn -0.7110 0.0218 -0.7028
vn -0.7045 -0.0175 -0.7095
vn -0.6964 -0.0175 -0.7175
vn -0.0000 -1.0000 -0.0000
vn -0.6863 0.0349 -0.7265
vn -0.7187 0.0368 -0.6944
vn 0.5093 -0.0175 0.8604
vn -0.0589 -0.9970 -0.0511
vn -0.5888 0.3670 -0.7202
vn -0.0000 1.0000 -0.0001
vn 0.6021 -0.3300 0.7270
vn -0.7234 0.0110 -0.6903
vn -0.7159 -0.0174 -0.6980
vn -0.7208 -0.0174 -0.6929
vn -0.0000 -1.0000 -0.0000
vn -0.7089 -0.0175 -0.7051
vn -0.0000 -1.0000 -0.0000
vn -0.7075 0.0351 -0.7058
vn -0.7094 0.0432 -0.7035
vn -0.6871 0.0443 -0.7252
vn -0.5967 0.3533 -0.7205
vn 0.6021 -0.3300 0.7270
vn -0.5941 -0.3640 -0.7173
vn -0.7342 0.0227 -0.6786
vn -0.7406 -0.0175 -0.6717
vn -0.7270 -0.0175 -0.6864
vn -0.7330 -0.0175 -0.6800
vn -0.0000 -1.0000 -0.0000
vn -0.7246 0.0349 -0.6883
vn -0.3443 0.7573 -0.5549
vn -0.6617 0.0596 -0.7474
vn -0.6914 0.0351 -0.7216
vn -0.0036 -1.0000 -0.0013
vn -0.6266 0.2860 -0.7250
vn -0.5941 -0.3640 -0.7173
vn -0.0000 -1.0000 0.0000
vn -0.4399 -0.7242 -0.5310
vn 0.4011 0.7777 0.4840
vn -0.7585 0.0092 -0.6516
vn -0.7470 0.0224 -0.6644
vn -0.7515 -0.0174 -0.6595
vn -0.7448 -0.0175 -0.6671
vn 0.0000 -1.0000 0.0000
vn -0.7219 0.0357 -0.6911
vn -0.5875 -0.3907 -0.7087
vn -0.6052 -0.3175 -0.7300
vn 0.5568 0.4884 0.6719
vn -0.9910 -0.0239 -0.1319
vn -0.9918 0.0444 -0.1201
vn -0.9937 -0.0292 -0.1084
vn -0.9953 0.0117 -0.0959
vn -0.9966 -0.0197 -0.0797
vn -0.9980 0.0105 -0.0624
vn -0.9990 0.0108 -0.0443
vn -0.9994 -0.0197 -0.0277
vn -0.9988 0.0461 -0.0157
vn -0.9996 -0.0291 -0.0040
vn -0.9999 0.0097 0.0088
vn -0.9994 -0.0239 0.0249
vn -0.9984 0.0427 0.0360
vn -0.9986 -0.0255 0.0471
vn -0.9981 -0.0273 0.0560
vn -0.9969 0.0427 0.0655
vn -0.9968 -0.0240 0.0769
vn -0.9954 0.0114 0.0948
vn -0.9937 0.0111 0.1119
vn -0.9913 -0.0238 0.1291
vn -0.7675 0.0223 -0.6407
vn -0.7619 -0.0175 -0.6474
vn -0.7561 -0.0174 -0.6542
vn 0.0000 -1.0000 0.0000
vn -0.7420 0.0352 -0.6695
vn -0.7250 0.0354 -0.6879
vn 0.0385 -0.9990 0.0221
vn 0.5617 -0.0174 0.8272
vn 0.0003 -1.0000 0.0005
vn 0.5567 -0.0178 0.8305
vn 0.5641 -0.1254 0.8161
vn -0.6277 -0.2033 -0.7515
vn 0.0483 -0.9954 0.0823
vn -0.5731 -0.4392 -0.6919
vn -0.5588 -0.4823 -0.6746
vn -0.9796 0.0114 -0.2008
vn -0.9828 -0.0240 -0.1833
vn -0.9842 0.0429 -0.1719
vn -0.9868 -0.0235 -0.1604
vn -0.9890 0.0121 -0.1472
vn -0.9890 -0.0098 0.1477
vn -0.9865 -0.0020 0.1637
vn -0.9834 -0.0199 0.1806
vn -0.9803 0.0461 0.1918
vn -0.9786 -0.0289 0.2038
vn -0.7839 0.0311 -0.6201
vn -0.7765 0.0110 -0.6300
vn -0.7731 -0.0175 -0.6340
vn -0.7675 -0.0175 -0.6408
vn 0.0000 -1.0000 0.0000
vn -0.7587 0.0349 -0.6505
vn -0.5994 0.5174 -0.6108
vn -0.7415 0.0413 -0.6697
vn -0.1909 0.9467 -0.2595
vn -0.5306 0.5165 -0.6721
vn 0.5749 -0.0356 0.8175
vn 0.0003 -1.0000 0.0004
vn 0.5695 -0.0175 0.8218
vn 0.5665 -0.0177 0.8239
vn -0.5976 -0.3510 -0.7209
vn -0.5510 -0.5040 -0.6651
vn 0.4453 0.7170 0.5364
vn -0.9665 -0.0319 -0.2548
vn -0.9684 0.0422 -0.2459
vn -0.9718 -0.0238 -0.2347
vn -0.9760 0.0111 -0.2176
vn -0.9762 0.0114 0.2165
vn -0.9725 -0.0195 0.2320
vn -0.9684 0.0103 0.2492
vn -0.8001 0.0220 -0.5995
vn -0.7948 -0.0175 -0.6067
vn -0.7916 0.0110 -0.6109
vn -0.7841 -0.0174 -0.6204
vn -0.7893 -0.0174 -0.6137
vn 0.0000 -1.0000 0.0000
vn -0.7788 -0.0174 -0.6271
vn 0.0000 -1.0000 0.0000
vn -0.7749 0.0353 -0.6311
vn -0.7565 0.0352 -0.6531
vn 0.5836 -0.0175 0.8118
vn 0.5765 -0.0174 0.8169
vn 0.5681 -0.0371 0.8221
vn 0.4963 -0.5990 0.6284
vn 0.3543 -0.0206 0.9349
vn 0.9928 -0.0289 0.1166
vn -0.5383 0.4532 -0.7105
vn 0.0000 -1.0000 0.0001
vn -0.6016 -0.3260 -0.7293
vn 0.6247 0.1637 0.7635
vn 0.7663 0.1732 -0.6187
vn -0.9583 -0.0199 -0.2850
vn -0.9610 0.0428 -0.2732
vn -0.9642 -0.0299 -0.2637
vn -0.9901 -0.0698 -0.1220
vn -0.9933 0.0701 -0.0922
vn -0.9938 -0.0698 -0.0866
vn -0.9950 -0.0701 -0.0712
vn -0.9951 0.0700 -0.0700
vn -0.9961 -0.0697 -0.0535
vn -0.9969 -0.0707 -0.0345
vn -0.9974 -0.0698 -0.0178
vn -0.9974 0.0700 0.0169
vn -0.9974 -0.0698 0.0177
vn -0.9972 0.0699 0.0253
vn -0.9970 -0.0698 0.0344
vn -0.9968 0.0701 0.0380
vn -0.9962 -0.0705 0.0518
vn -0.9952 -0.0698 0.0692
vn -0.9939 -0.0700 0.0853
vn -0.9901 -0.0701 0.1218
vn -0.9639 0.0088 0.2662
vn -0.9590 -0.0242 0.2823
vn -0.8085 0.0092 -0.5884
vn -0.8052 -0.0175 -0.5927
vn -0.8000 -0.0175 -0.5997
vn -0.0000 -1.0000 -0.0000
vn -0.7603 0.0357 -0.6485
vn 0.5885 -0.0174 0.8083
vn 0.0002 -1.0000 0.0003
vn 0.5841 -0.0300 0.8111
vn -0.6150 0.4344 -0.6581
vn -0.0000 -1.0000 0.0001
vn -0.0000 1.0000 -0.0001
vn -0.9478 0.0108 -0.3187
vn -0.9534 0.0111 -0.3016
vn -0.9793 -0.0697 -0.1901
vn -0.9823 -0.0698 -0.1736
vn -0.9850 0.0699 -0.1578
vn -0.9853 -0.0697 -0.1557
vn -0.9878 -0.0712 -0.1386
vn -0.9870 0.0700 -0.1444
vn -0.9921 -0.0704 -0.1039
vn -0.9943 0.0699 -0.0810
vn -0.9971 0.0702 -0.0277
vn -0.9976 -0.0699 0.0004
vn -0.9946 0.0705 0.0760
vn -0.9898 0.0704 0.1240
vn -0.9922 -0.0697 0.1030
vn -0.9895 0.0699 0.1267
vn -0.9881 -0.0698 0.1373
vn -0.9833 -0.0700 0.1681
vn -0.5967 -0.0513 -0.8008
vn -0.9824 -0.0698 0.1735
vn -0.9793 -0.0698 0.1899
vn -0.9550 0.0455 0.2932
vn -0.9523 -0.0259 0.3040
vn -0.9433 -0.0301 0.3307
vn -0.9456 0.0519 0.3211
vn -0.8185 0.0223 -0.5741
vn -0.8146 -0.0174 -0.5797
vn -0.8105 -0.0174 -0.5855
vn -0.0000 -1.0000 -0.0000
vn -0.7908 0.0349 -0.6111
vn -0.7925 0.0371 -0.6088
vn -0.7684 0.1399 -0.6245
vn 0.4856 -0.6991 0.5248
vn 0.6060 -0.0176 0.7952
vn 0.5394 -0.0184 0.8418
vn 0.9928 -0.0289 0.1166
vn 0.5953 -0.0719 0.8003
vn -0.6069 0.0824 -0.7905
vn 0.0002 -1.0000 0.0003
vn 0.5294 -0.0197 0.8481
vn -0.6143 -0.2682 -0.7421
vn 0.7662 0.1732 -0.6188
vn 0.6362 0.0320 0.7709
vn 0.7667 0.1732 -0.6182
vn -0.9345 -0.0130 -0.3558
vn -0.9420 -0.0195 -0.3350
vn -0.9716 -0.0698 -0.2260
vn -0.9616 0.0711 -0.2651
vn -0.9833 0.0701 -0.1678
vn -0.9843 0.0703 0.1618
vn -0.9649 0.0705 0.2530
vn -0.9719 -0.0698 0.2247
vn -0.9432 0.0180 0.3319
vn -0.9398 -0.0696 0.3345
vn -0.8402 -0.0174 -0.5421
vn -0.8317 0.0240 -0.5546
vn -0.8240 -0.0175 -0.5664
vn -0.8306 -0.0174 -0.5566
vn -0.0000 -1.0000 -0.0000
vn -0.8204 -0.0175 -0.5715
vn 0.0000 -1.0000 0.0000
vn -0.8064 0.0370 -0.5902
vn -0.7505 0.0382 -0.6598
vn -0.7892 0.0426 -0.6126
vn 0.6113 -0.0175 0.7912
vn 0.6055 -0.1062 0.7887
vn -0.6069 0.0824 -0.7905
vn 0.6042 -0.0195 0.7966
vn 0.9928 -0.0289 0.1166
vn 0.2037 0.9462 0.2515
vn -0.1843 -0.9590 -0.2155
vn -0.6244 -0.2067 -0.7533
vn -0.1920 -0.9536 -0.2317
vn -0.9227 -0.0325 -0.3841
vn -0.9294 0.0494 -0.3657
vn -0.9319 -0.0025 -0.3628
vn -0.9541 -0.0698 -0.2914
vn -0.9588 -0.0698 -0.2754
vn -0.9627 0.0699 -0.2614
vn -0.9635 -0.0697 -0.2586
vn -0.9678 -0.0698 -0.2417
vn -0.9691 0.0699 -0.2366
vn -0.9755 -0.0697 -0.2087
vn -0.9835 -0.0720 -0.1658
vn -0.9924 -0.0748 -0.0974
vn -0.9908 -0.0725 -0.1144
vn -0.9948 -0.0702 -0.0734
vn -0.9932 -0.0936 -0.0696
vn -0.9952 -0.0703 -0.0674
vn -0.9972 -0.0723 -0.0174
vn -0.9750 -0.2198 -0.0320
vn -0.9962 -0.0722 -0.0487
vn -0.9939 -0.1105 0.0003
vn -0.9975 -0.0701 -0.0070
vn -0.9973 -0.0726 0.0070
vn -0.9350 -0.3489 0.0638
vn -0.9971 -0.0718 0.0252
vn -0.9954 -0.0713 0.0646
vn -0.9968 -0.0714 0.0363
vn -0.9940 -0.0713 0.0830
vn -0.9926 -0.0842 0.0876
vn -0.9937 -0.0703 0.0876
vn -0.9898 -0.0715 0.1231
vn -0.9903 -0.0699 0.1203
vn -0.9757 -0.0697 0.2078
vn -0.9704 0.0699 0.2312
vn -0.9683 -0.0698 0.2398
vn -0.9651 0.0698 0.2524
vn -0.9638 -0.0709 0.2569
vn -0.9588 -0.0698 0.2753
vn -0.9541 -0.0698 0.2913
vn -0.8443 0.0349 -0.5348
vn -0.9421 0.0696 0.3279
vn -0.9407 -0.0695 0.3319
vn -0.8435 -0.0173 -0.5369
vn -0.9390 -0.0697 0.3367
vn -0.9406 -0.0695 0.3323
vn -0.8491 -0.0174 -0.5280
vn 0.9721 0.0654 -0.2252
vn -0.9426 -0.0694 0.3266
vn 0.9721 0.0654 -0.2252
vn -0.8443 -0.0174 -0.5355
vn -0.8396 -0.0174 -0.5429
vn -0.0001 -1.0000 -0.0000
vn -0.8233 0.0349 -0.5666
vn 0.6173 -0.0361 0.7859
vn -0.6069 0.0824 -0.7905
vn 0.0000 -1.0000 0.0000
vn 0.6144 -0.0176 0.7888
vn 0.6149 -0.0407 0.7876
vn 0.7785 0.1738 -0.6031
vn -0.8501 -0.1761 0.4964
vn -0.9173 -0.0053 -0.3982
vn -0.9427 -0.0698 -0.3263
vn -0.9249 0.0704 -0.3736
vn -0.4832 0.0285 0.8750
vn -0.9565 0.0699 -0.2831
vn -0.9772 -0.0701 -0.2003
vn -0.9781 -0.0849 -0.1902
vn -0.9809 -0.0724 -0.1804
vn -0.9403 -0.2445 -0.2367
vn -0.9244 -0.0695 0.3749
vn -0.6825 -0.7249 -0.0927
vn -0.9836 -0.0730 -0.1647
vn -0.9920 -0.0724 -0.1033
vn -0.9774 -0.1895 -0.0942
vn -0.8098 -0.5830 -0.0649
vn -0.9961 0.0710 -0.0533
vn -0.9673 0.2521 -0.0272
vn -0.9974 0.0716 -0.0004
vn -0.9949 0.0719 0.0700
vn -0.8513 0.5162 0.0940
vn -0.9371 0.0693 -0.3421
vn -0.9919 0.0728 0.1038
vn -0.9836 -0.0720 0.1655
vn -0.5967 -0.0513 -0.8008
vn -0.9264 -0.3299 0.1817
vn -0.9835 -0.0708 0.1664
vn -0.5967 -0.0513 -0.8008
vn -0.9808 -0.0718 0.1814
vn -0.9781 -0.0702 0.1958
vn -0.9561 0.0699 0.2847
vn -0.9495 0.0699 0.3058
vn -0.9429 -0.0694 0.3258
vn -0.8535 -0.0174 -0.5209
vn 0.9728 0.0653 -0.2224
vn -0.9422 -0.0698 0.3277
vn 0.9955 0.0582 -0.0745
vn -0.9938 -0.0773 0.0798
vn 0.9955 0.0582 -0.0745
vn -0.8542 -0.0175 -0.5197
vn -0.8540 -0.0174 -0.5200
vn 0.0027 -1.0000 0.0074
vn -0.8504 0.0348 -0.5250
vn -0.9421 0.0696 0.3281
vn -0.8489 -0.0174 -0.5282
vn 0.0000 -1.0000 0.0000
vn -0.8414 0.0351 -0.5393
vn -0.8241 0.0434 -0.5648
vn 0.0000 -1.0000 0.0000
vn -0.7983 0.1146 -0.5913
vn -0.8419 0.0370 -0.5383
vn 0.6316 -0.0174 0.7751
vn 0.0000 -1.0000 0.0000
vn 0.6265 -0.0178 0.7792
vn 0.6290 -0.0315 0.7768
vn -0.3785 -0.8049 -0.4570
vn 0.3730 0.8112 0.4504
vn -0.9015 -0.0326 -0.4316
vn -0.9076 0.0086 -0.4198
vn -0.9106 -0.0450 -0.4108
vn -0.9373 -0.0698 -0.3416
vn -0.9483 -0.0700 -0.3095
vn -0.9655 -0.0802 -0.2478
vn -0.9688 -0.0806 -0.2342
vn -0.9668 -0.1141 -0.2288
vn -0.9743 -0.0700 -0.2141
vn -0.9912 0.0715 -0.1115
vn -0.7311 -0.6823 -0.0038
vn -0.9739 -0.0697 0.2160
vn -0.9705 -0.0697 0.2307
vn -0.9675 -0.0766 0.2411
vn -0.9488 -0.0718 0.3075
vn -0.9186 -0.0710 0.3888
vn -0.9430 0.0699 0.3252
vn 0.6867 -0.0656 -0.7240
vn -0.8637 0.0348 -0.5029
vn -0.9419 0.0696 0.3286
vn -0.8562 0.0348 -0.5155
vn -0.9420 0.0696 0.3283
vn 0.0003 -1.0000 0.0008
vn -0.9726 -0.0719 0.2211
vn -0.8914 -0.0483 -0.4505
vn -0.0000 -1.0000 0.0000
vn -0.9347 -0.0697 0.3485
vn -0.8520 0.0359 -0.5223
vn -0.8404 0.1373 -0.5243
vn -0.8374 0.0388 -0.5453
vn 0.0000 -1.0000 0.0000
vn 0.0000 -1.0000 0.0000
vn -0.8304 0.0349 -0.5561
vn 0.0401 -0.9984 0.0395
vn 0.6436 -0.0464 0.7639
vn -0.6509 -0.1461 -0.7450
vn 0.0000 -1.0000 0.0000
vn 0.6402 -0.0175 0.7680
vn 0.6417 -0.0184 0.7668
vn 0.4836 0.5702 0.6640
vn -0.4835 0.5570 -0.6753
vn -0.0000 -1.0000 0.0000
vn 0.6378 0.0129 0.7701
vn 0.7662 0.1732 -0.6188
vn -0.9993 0.0324 -0.0171
vn 0.9953 -0.0399 0.0887
vn 0.0000 -1.0000 0.0000
vn -0.8701 0.0733 -0.4874
vn 0.9955 -0.0397 0.0865
vn -0.9993 0.0324 -0.0171
vn 0.9959 -0.0392 0.0818
vn -0.9010 0.0695 -0.4282
vn 0.9953 -0.0398 0.0878
vn -0.9321 0.0673 -0.3559
vn 0.8553 -0.0635 0.5142
vn -0.9022 0.0689 -0.4258
vn 0.8553 -0.0635 0.5142
vn -0.8951 -0.0397 -0.4440
vn 0.8553 -0.0635 0.5142
vn 0.0000 -1.0000 0.0000
vn -0.9108 0.0697 -0.4068
vn -0.9211 0.0698 -0.3831
vn -0.9248 -0.0698 -0.3741
vn -0.9311 -0.0703 -0.3579
vn -0.9398 0.0699 -0.3344
vn -0.9556 -0.0800 -0.2837
vn -0.9602 -0.0803 -0.2677
vn -0.9613 -0.0961 -0.2580
vn -0.9672 0.0781 -0.2417
vn -0.9691 0.0766 0.2344
vn -0.9166 -0.3738 0.1417
vn -0.7072 -0.0704 0.7035
vn -0.9735 -0.0723 0.2171
vn -0.9516 -0.1197 0.2831
vn -0.9555 -0.0765 0.2849
vn -0.9481 -0.0587 -0.3124
vn -0.8286 -0.3437 0.4420
vn -0.3824 -0.9138 0.1373
vn -0.8338 0.0395 -0.5507
vn -0.0000 -1.0000 -0.0000
vn -0.9283 -0.0697 0.3652
vn 0.0041 -1.0000 0.0026
vn -0.9220 -0.0697 0.3809
vn 0.6567 -0.0175 0.7539
vn 0.6515 -0.0177 0.7584
vn 0.6369 -0.0178 0.7708
vn -0.6109 0.3867 -0.6908
vn 0.0000 -1.0000 0.0001
vn -0.3711 0.8238 -0.4286
vn -0.5883 0.4197 -0.6912
vn -0.3387 -0.8475 -0.4088
vn -0.8850 -0.0697 -0.4604
vn 0.0000 -1.0000 0.0000
vn -0.9988 0.0343 -0.0341
vn 0.9938 -0.0413 0.1029
vn -0.9989 0.0340 -0.0332
vn -0.9993 0.0324 -0.0171
vn -0.9183 -0.0703 -0.3895
vn -0.9486 -0.0706 -0.3087
vn -0.9484 -0.0771 -0.3076
vn -0.8913 -0.2394 0.3850
vn -0.3312 -0.9435 0.0105
vn -0.7700 0.5927 -0.2361
vn -0.2622 0.9233 0.2807
vn -0.9504 0.2327 0.2062
vn -0.9609 0.0699 0.2681
vn -0.9039 -0.0772 0.4206
vn -0.8987 -0.0771 0.4318
vn -0.8533 -0.0175 -0.5212
vn 0.1611 -0.8845 0.4379
vn -0.8766 0.0348 -0.4800
vn -0.9429 0.0696 0.3258
vn -0.8679 0.0349 -0.4956
vn -0.9420 0.0696 0.3284
vn -0.8650 0.0349 -0.5006
vn -0.9375 -0.0698 0.3408
vn -0.8698 0.0367 -0.4921
vn -0.9314 -0.0697 0.3572
vn -0.0005 -1.0000 0.0002
vn -0.9150 -0.0697 0.3974
vn 0.6644 -0.0178 0.7472
vn -0.6509 -0.1461 -0.7450
vn 0.6612 -0.0177 0.7500
vn 0.6532 -0.0423 0.7560
vn 0.1838 0.9612 0.2055
vn 0.3022 0.6548 -0.6928
vn -0.2978 0.9002 -0.3177
vn -0.6079 -0.3029 -0.7340
vn -0.5824 -0.4089 -0.7026
vn 0.6272 0.0369 0.7780
vn 0.7672 0.1733 -0.6176
vn -0.8501 -0.1761 0.4964
vn 0.6378 -0.0175 0.7700
vn -0.8681 -0.0698 -0.4915
vn 0.0000 -1.0000 0.0000
vn -0.8763 -0.0698 -0.4768
vn 0.0000 -1.0000 0.0000
vn -0.9039 -0.0698 -0.4220
vn -0.9992 0.0329 -0.0218
vn -0.9115 -0.0697 -0.4054
vn -0.9988 0.0342 -0.0337
vn -0.9303 -0.0938 -0.3546
vn -0.9300 -0.0736 -0.3602
vn -0.9324 -0.1741 -0.3167
vn -0.8913 -0.2394 0.3850
vn -0.9403 -0.0710 -0.3329
vn -0.9430 0.0698 -0.3253
vn -0.4832 0.0285 0.8750
vn -0.9261 0.0706 -0.3706
vn -0.5215 -0.8477 -0.0968
vn -0.5121 -0.8580 -0.0399
vn -0.0197 -0.9998 -0.0103
vn 0.5122 0.6804 0.5242
vn -0.0212 -0.9997 -0.0089
vn -0.0223 -0.9997 -0.0088
vn -0.0202 -0.9998 -0.0067
vn -0.0197 -0.9998 -0.0062
vn -0.0152 -0.9999 -0.0010
vn -0.0435 -0.9991 -0.0016
vn -0.0088 -1.0000 -0.0002
vn -0.0070 -1.0000 -0.0003
vn -0.0082 -1.0000 -0.0000
vn -0.0069 -1.0000 -0.0001
vn -0.0083 -1.0000 0.0002
vn -0.0029 -1.0000 0.0061
vn -0.0032 -1.0000 0.0061
vn -0.0031 -1.0000 0.0055
vn -0.0485 -0.9988 0.0015
vn -0.7877 0.1140 0.6054
vn -0.8569 0.0375 -0.5141
vn -0.9368 -0.0860 0.3391
vn -0.8914 -0.0483 -0.4505
vn -0.8975 -0.2908 0.3316
vn -0.8584 0.0441 -0.5110
vn -0.9353 -0.0697 0.3470
vn -0.9314 -0.0699 0.3573
vn -0.9255 -0.0697 0.3724
vn -0.9186 -0.0698 0.3891
vn -0.0054 -1.0000 -0.0027
vn -0.9079 -0.0697 0.4133
vn 0.0043 -1.0000 0.0026
vn -0.9005 -0.0697 0.4291
vn 0.6710 -0.0605 0.7390
vn -0.6509 -0.1461 -0.7450
vn 0.0002 -1.0000 0.0002
vn 0.6645 -0.0175 0.7471
vn 0.6637 -0.0276 0.7475
vn -0.5743 -0.4352 -0.6934
vn -0.2965 -0.8854 -0.3581
vn -0.8591 -0.0698 -0.5070
vn 0.0000 -1.0000 0.0000
vn -0.8967 -0.0697 -0.4370
vn -0.9992 0.0331 -0.0233
vn -0.9165 -0.0707 -0.3936
vn -0.9986 0.0350 -0.0396
vn -0.9320 -0.0717 -0.3552
vn -0.0283 -0.9995 -0.0149
vn -0.0191 -0.9997 -0.0129
vn -0.0146 -0.9999 -0.0087
vn -0.1046 -0.9892 -0.1026
vn 0.1958 0.9612 0.1944
vn -0.0122 -0.9999 -0.0067
vn -0.0104 -0.9999 -0.0078
vn 0.5122 0.6804 0.5242
vn -0.0372 -0.9993 -0.0071
vn -0.0244 -0.9997 0.0018
vn -0.0250 -0.9997 0.0030
vn -0.0212 -0.9998 0.0053
vn -0.0192 -0.9998 0.0082
vn -0.0175 -0.9998 0.0111
vn -0.0105 -0.9997 0.0212
vn -0.0309 -0.9995 -0.0006
vn -0.6156 -0.7832 0.0870
vn -0.2102 -0.9767 0.0442
vn 0.6867 -0.0656 -0.7240
vn -0.9203 0.0789 0.3831
vn -0.8776 0.0349 -0.4781
vn -0.9265 -0.0937 0.3645
vn -0.9200 -0.0921 0.3810
vn -0.9115 -0.0698 0.4054
vn -0.0007 -1.0000 0.0003
vn -0.8927 -0.0697 0.4453
vn -0.0056 -1.0000 -0.0027
vn -0.8850 -0.0697 0.4603
vn 0.0374 -0.9976 0.0579
vn 0.6838 -0.0174 0.7294
vn 0.0002 -1.0000 0.0002
vn 0.6770 -0.0329 0.7352
vn 0.6773 -0.0175 0.7355
vn 0.6712 -0.0174 0.7411
vn -0.6160 -0.2602 -0.7435
vn -0.4851 0.6818 -0.5476
vn -0.3144 -0.8801 -0.3557
vn -0.5226 -0.5737 -0.6307
vn -0.8504 -0.0698 -0.5215
vn 0.0000 -1.0000 0.0000
vn -0.8806 -0.0698 -0.4687
vn -0.8890 -0.0697 -0.4525
vn -0.9074 -0.0713 -0.4142
vn -0.9198 -0.0707 -0.3859
vn -0.9049 -0.2045 -0.3733
vn 0.0137 -0.9997 0.0184
vn -0.5722 -0.5812 -0.5786
vn -0.0201 -0.9997 -0.0148
vn -0.0407 -0.9990 -0.0169
vn 0.2093 0.9555 0.2080
vn -0.0296 -0.9995 -0.0061
vn -0.0186 -0.9997 0.0139
vn -0.0140 -0.9996 0.0250
vn -0.1678 -0.9847 0.0464
vn -0.9146 -0.1053 0.3903
vn -0.9043 -0.0698 0.4212
vn -0.8968 -0.0697 0.4369
vn 0.0118 -0.9999 0.0072
vn -0.8766 -0.0697 0.4761
vn 0.6891 -0.1347 0.7120
vn 0.0002 -1.0000 0.0002
vn -0.7027 0.0767 -0.7073
vn 0.6881 -0.0309 0.7250
vn 0.6893 -0.0175 0.7243
vn 0.6839 -0.0175 0.7293
vn 0.4898 0.6408 0.5912
vn -0.9683 0.0367 -0.2469
vn -0.9823 0.0355 -0.1839
vn 0.0000 -1.0000 0.0000
vn -0.9880 0.0349 -0.1503
vn -0.9952 0.0336 -0.0917
vn 0.0000 -1.0000 0.0000
vn -0.9954 0.0339 -0.0895
vn -0.9993 0.0324 -0.0171
vn 0.0261 -0.9997 -0.0003
vn 0.4891 -0.6478 0.5841
vn 0.6382 -0.3793 -0.6700
vn -0.9993 0.0337 -0.0164
vn -0.8409 -0.0698 -0.5367
vn 0.0000 -1.0000 0.0000
vn -0.8723 -0.0698 -0.4840
vn -0.8941 -0.0974 -0.4372
vn -0.9004 -0.0714 -0.4292
vn -0.0592 -0.9982 0.0031
vn -0.0381 -0.9992 0.0140
vn -0.0341 -0.9992 0.0195
vn -0.0654 -0.9978 0.0123
vn -0.5546 0.8079 0.1990
vn -0.3456 -0.0816 0.9348
vn -0.8416 -0.3559 0.4063
vn -0.6417 -0.6950 0.3245
vn -0.8963 -0.0774 0.4367
vn -0.8745 -0.3117 0.3716
vn -0.8890 -0.0698 0.4525
vn -0.8954 -0.0710 0.4395
vn -0.3456 -0.0816 0.9348
vn -0.0028 -1.0000 0.0016
vn -0.8684 -0.0697 0.4909
vn 0.5434 -0.6588 0.5203
vn 0.1537 0.9677 0.1997
vn 0.7060 -0.0176 0.7080
vn 0.7007 -0.1083 0.7052
vn -0.7027 0.0767 -0.7073
vn 0.2252 -0.8473 0.4810
vn 0.6082 -0.0437 0.7926
vn -0.0036 -0.0601 0.9982
vn 0.6597 -0.0214 0.7512
vn 0.6671 -0.0207 0.7447
vn 0.3195 0.8584 0.4013
vn 0.3950 0.6744 -0.6238
vn -0.1205 0.9803 -0.1567
vn 0.5892 -0.1171 0.7995
vn -0.9401 0.0372 -0.3389
vn 0.0000 -1.0000 0.0000
vn -0.9683 0.0361 -0.2473
vn -0.9640 0.0362 -0.2633
vn 0.0000 -1.0000 0.0000
vn -0.9831 0.0356 -0.1797
vn -0.9993 0.0325 -0.0190
vn -0.8217 -0.0698 -0.5657
vn 0.0310 -0.9995 -0.0025
vn -0.8317 -0.0698 -0.5508
vn 0.0000 -1.0000 0.0000
vn -0.8497 -0.0703 -0.5226
vn -0.8407 -0.0498 0.5392
vn -0.8837 -0.0747 -0.4620
vn -0.8876 -0.0841 -0.4528
vn -0.8923 -0.0698 -0.4460
vn -0.7913 0.6113 -0.0136
vn -0.0529 -0.9982 -0.0275
vn 0.2595 0.9308 0.2574
vn -0.1891 0.9797 -0.0661
vn -0.8285 0.5600 -0.0002
vn -0.2783 0.9574 0.0766
vn -0.8186 0.5689 0.0789
vn -0.0148 -0.9998 -0.0124
vn -0.0560 -0.9978 0.0347
vn -0.0451 -0.9988 0.0180
vn -0.8913 -0.0820 0.4460
vn -0.8857 -0.0737 0.4584
vn -0.3456 -0.0816 0.9348
vn -0.8727 -0.0698 0.4833
vn -0.8595 -0.0697 0.5064
vn -0.0027 -1.0000 0.0016
vn -0.0014 -1.0000 0.0009
vn -0.8508 -0.0697 0.5209
vn 0.6432 -0.4376 0.6283
vn 0.6846 -0.0179 0.7287
vn 0.6570 -0.0246 0.7535
vn -0.5201 0.5907 -0.6168
vn -0.5822 0.3457 -0.7358
vn 0.5552 -0.4923 0.6704
vn -0.0000 -1.0000 0.0001
vn -0.5941 -0.3640 -0.7173
vn 0.0000 -0.0000 0.0000
vn -0.2039 -0.9476 -0.2459
vn -0.8812 0.0378 -0.4713
vn -0.0043 -1.0000 -0.0028
vn -0.9188 0.0400 -0.3926
vn -0.0001 -1.0000 -0.0001
vn -0.9340 0.0373 -0.3554
vn -0.9381 0.0375 -0.3443
vn -0.9604 0.0370 -0.2762
vn -0.9993 0.0329 -0.0178
vn -0.7236 0.6901 -0.0127
vn -0.8120 -0.0698 -0.5795
vn -0.0352 -0.9991 -0.0251
vn -0.8458 -0.0698 -0.5289
vn -0.8549 -0.0697 -0.5141
vn -0.8761 -0.0766 -0.4761
vn -0.7302 -0.5757 -0.3680
vn -0.2383 -0.9439 -0.2287
vn -0.0469 -0.9988 0.0124
vn -0.0361 -0.9992 0.0151
vn -0.0693 -0.9975 0.0166
vn -0.8916 -0.0808 0.4455
vn -0.8357 -0.2389 0.4944
vn -0.8641 -0.0698 0.4984
vn -0.0028 -1.0000 0.0002
vn -0.8413 -0.0697 0.5360
vn 0.6433 -0.4379 0.6280
vn 0.2987 -0.0472 0.9532
vn 0.4743 -0.0393 0.8795
vn 0.0050 -0.9997 0.0235
vn 0.4381 -0.6398 0.6314
vn 0.1374 0.9728 0.1866
vn 0.9489 0.2411 0.2037
vn 0.6329 -0.2025 0.7473
vn -0.4309 -0.7374 -0.5202
vn -0.9988 0.0460 -0.0159
vn -0.7097 0.7044 -0.0121
vn -0.8284 0.5599 -0.0141
vn -0.8014 -0.0697 -0.5940
vn -0.0208 -0.9997 -0.0154
vn -0.8582 -0.0713 -0.5083
vn -0.8407 -0.0498 0.5392
vn -0.8530 -0.0840 -0.5152
vn -0.4475 0.8512 -0.2742
vn 0.0024 -1.0000 0.0070
vn -0.0886 -0.9956 0.0312
vn -0.1776 -0.9803 0.0870
vn -0.8680 -0.0723 0.4914
vn -0.8596 -0.0717 0.5059
vn -0.8553 -0.0698 0.5134
vn -0.8462 -0.0697 0.5283
vn -0.8321 -0.0697 0.5502
vn -0.0006 -1.0000 0.0004
vn -0.0461 -0.0794 0.9958
vn -0.4083 -0.7684 -0.4928
vn 0.3908 0.7903 0.4719
vn -0.7425 0.0426 -0.6685
vn -0.0016 -1.0000 -0.0010
vn -0.7986 0.0380 -0.6007
vn -0.0064 -1.0000 -0.0042
vn -0.8558 0.0465 -0.5152
vn -0.9379 0.0373 -0.3448
vn -0.9716 0.0852 -0.2205
vn 0.6577 -0.7532 0.0113
vn -0.6532 0.7571 -0.0112
vn -0.7913 -0.0698 -0.6075
vn -0.0148 -0.9998 -0.0114
vn -0.8268 -0.0697 -0.5582
vn -0.8364 -0.0698 -0.5437
vn -0.8488 -0.0704 -0.5240
vn -0.8543 -0.0853 -0.5127
vn -0.8407 -0.0498 0.5392
vn -0.7826 -0.3585 -0.5089
vn -0.7879 -0.5675 -0.2389
vn -0.3121 -0.9167 -0.2493
vn 0.6911 -0.0807 0.7183
vn -0.6686 0.7435 -0.0116
vn 0.6110 0.7916 0.0112
vn 0.0102 -0.9998 0.0190
vn -0.8511 -0.0716 0.5202
vn -0.8432 -0.0967 0.5288
vn -0.8368 -0.0698 0.5430
vn -0.8469 -0.0720 0.5269
vn 0.0095 -0.9999 0.0086
vn 0.4138 0.7942 0.4450
vn 0.0350 0.4653 0.8845
vn -0.1114 -0.0675 0.9915
vn 0.7047 0.0360 0.7086
vn 0.9489 0.2411 0.2037
vn 0.4260 0.7443 0.5144
vn 0.6329 -0.2025 0.7473
vn -0.3815 -0.8016 -0.4603
vn 0.3490 0.8372 0.4211
vn 0.6371 0.0489 0.7692
vn -0.7010 0.0372 -0.7122
vn 0.0000 -1.0000 0.0000
vn -0.8339 0.0480 -0.5498
vn -0.8659 0.0585 -0.4969
vn -0.7802 -0.0697 -0.6216
vn -0.0116 -0.9999 -0.0092
vn -0.8169 -0.0697 -0.5725
vn -0.8411 -0.0707 -0.5362
vn -0.0302 -0.9995 0.0086
vn -0.0169 0.9998 -0.0109
vn -0.5212 -0.7998 0.2979
vn -0.8403 -0.0729 0.5372
vn -0.8083 -0.0708 0.5846
vn 0.0704 -0.9302 0.3603
vn -0.8011 -0.0752 0.5938
vn -0.9821 -0.0475 -0.1821
vn 0.9825 0.0230 0.1846
vn 0.7047 0.0352 0.7086
vn -0.5472 0.4078 -0.7309
vn 0.0000 -1.0000 0.0001
vn 0.0000 1.0000 -0.0000
vn 0.4263 0.7439 0.5147
vn -0.3353 -0.8507 -0.4048
vn -0.6355 0.0362 -0.7713
vn 0.0000 -1.0000 0.0000
vn 0.6577 -0.7532 0.0113
vn -0.6945 0.7194 -0.0119
vn -0.4203 0.9074 -0.0074
vn 0.6110 0.7916 0.0112
vn -0.7696 -0.0697 -0.6347
vn -0.0096 -0.9999 -0.0079
vn -0.8550 -0.0713 -0.5137
vn -0.2154 -0.0663 -0.9743
vn -0.8220 -0.0697 -0.5652
vn -0.0018 -1.0000 -0.0013
vn -0.8207 -0.1072 -0.5612
vn -0.0018 -1.0000 -0.0013
vn -0.8321 -0.0707 -0.5501
vn -0.8046 -0.2574 -0.5351
vn -0.1795 0.9754 -0.1277
vn -0.0290 -0.9995 0.0136
vn -0.8224 -0.0722 0.5644
vn -0.8319 -0.1836 0.5237
vn -0.9821 -0.0475 -0.1821
vn 0.9825 0.0230 0.1846
vn -0.8073 -0.0697 0.5860
vn 0.0188 0.9982 0.0578
vn 0.2197 -0.0927 0.9712
vn 0.0677 -0.8183 0.5708
vn -0.3226 -0.1469 0.9351
vn -0.5744 0.4347 -0.6936
vn 0.0000 1.0000 -0.0000
vn 0.4265 0.7437 0.5149
vn -0.7592 0.0501 -0.6489
vn -0.6772 0.7357 -0.0117
vn -0.7581 -0.0698 -0.6484
vn -0.0082 -0.9999 -0.0070
vn -0.7965 -0.0698 -0.6007
vn -0.8124 -0.0739 -0.5784
vn -0.2154 -0.0663 -0.9743
vn -0.8154 -0.0962 -0.5708
vn -0.0018 -1.0000 -0.0013
vn -0.1102 0.9939 -0.0019
vn -0.2353 0.9715 0.0278
vn 0.9825 0.0230 0.1846
vn -0.8408 -0.0726 0.5364
vn -0.2161 -0.7811 0.5858
vn -0.7616 -0.0730 0.6439
vn 0.6664 0.0411 0.7445
vn 0.5339 0.0488 0.8442
vn -0.3293 -0.0696 0.9417
vn 0.9900 0.1409 -0.0043
vn 0.6575 0.0278 0.7529
vn -0.3276 0.0546 0.9432
vn 0.9900 0.1409 -0.0043
vn -0.9894 0.1140 -0.0896
vn 0.4775 0.6323 0.6100
vn -0.5744 0.4347 -0.6936
vn -0.0000 1.0000 -0.0001
vn 0.4264 0.7438 0.5148
vn -0.5882 -0.3879 -0.7096
vn 0.3276 0.8611 0.3889
vn -0.2996 -0.8829 -0.3616
vn -0.5791 0.0372 -0.8144
vn 0.0000 -1.0000 0.0000
vn -0.7470 -0.0698 -0.6611
vn -0.0072 -1.0000 -0.0064
vn -0.7858 -0.0698 -0.6145
vn -0.8572 -0.0758 -0.5093
vn -0.2932 -0.0975 -0.9511
vn -0.9234 -0.1838 -0.3370
vn -0.4265 -0.8249 -0.3709
vn -0.1226 -0.9851 -0.1207
vn 0.1000 0.9901 0.0983
vn -0.1069 0.9942 -0.0131
vn -0.8061 -0.0789 0.5865
vn -0.7618 -0.0755 0.6434
vn -0.9821 -0.0475 -0.1821
vn -0.5570 -0.1489 0.8171
vn -0.9556 -0.0643 0.2875
vn -0.8247 -0.0694 0.5612
vn -0.0782 -0.7211 0.6884
vn 0.1634 0.9698 0.1812
vn 0.3905 0.1718 0.9044
vn 0.4850 0.0478 0.8732
vn -0.5336 -0.0693 0.8429
vn -0.7273 -0.0705 0.6826
vn -0.9078 -0.0199 -0.4188
vn -0.6226 -0.0750 0.7789
vn -0.9078 -0.0199 -0.4188
vn -0.4274 -0.7442 0.5133
vn -0.7054 -0.0714 0.7052
vn 0.1447 0.9755 0.1657
vn 0.9489 0.2411 0.2037
vn 0.4264 0.7438 0.5148
vn -0.5632 -0.4696 -0.6799
vn 0.5603 0.4780 0.6764
vn -0.5505 -0.5053 -0.6646
vn -0.2085 -0.9450 -0.2521
vn -0.4914 0.0322 -0.8703
vn 0.0000 -1.0000 0.0000
vn -0.6638 0.0365 -0.7470
vn -0.4707 0.8823 -0.0081
vn 0.6110 0.7916 0.0112
vn -0.1589 0.9873 -0.0027
vn -0.7350 -0.0698 -0.6744
vn -0.0064 -1.0000 -0.0059
vn -0.7814 -0.0703 -0.6201
vn -0.1517 -0.0663 -0.9862
vn -0.7750 -0.0698 -0.6281
vn -0.7904 -0.0778 -0.6076
vn -0.0351 -0.9990 -0.0262
vn -0.0278 -0.9994 -0.0184
vn 0.1487 0.9771 0.1519
vn -0.0009 1.0000 -0.0000
vn -0.0227 -0.9996 0.0144
vn -0.6814 -0.0842 0.7270
vn 0.4024 0.0833 0.9117
vn -0.1257 0.9400 0.3172
vn -0.3359 0.0536 0.9404
vn 0.4211 0.0455 0.9059
vn -0.3293 -0.0696 0.9417
vn -0.6761 -0.0717 0.7334
vn 0.3624 -0.0411 0.9311
vn -0.7311 -0.0703 0.6787
vn -0.9078 -0.0199 -0.4188
vn -0.7126 -0.0703 0.6981
vn 0.2756 0.9167 0.2893
vn 0.4011 0.7792 0.4816
vn -0.4090 0.0348 -0.9119
vn 0.0000 -1.0000 0.0000
vn -0.7235 -0.0698 -0.6868
vn -0.0058 -1.0000 -0.0055
vn -0.7801 -0.0784 -0.6207
vn -0.0411 -0.9986 -0.0345
vn 0.0967 0.9906 0.0971
vn -0.7921 -0.0858 0.6043
vn -0.6755 -0.0738 0.7337
vn -0.6434 -0.1534 0.7500
vn -0.7503 -0.0705 0.6573
vn -0.4422 -0.0692 0.8942
vn -0.6865 -0.0738 0.7234
vn -0.7069 -0.0728 0.7035
vn -0.7059 -0.0705 0.7048
vn -0.3777 -0.7532 0.5385
vn -0.6425 -0.3927 0.6581
vn 0.4205 0.7520 0.5077
vn -0.5193 -0.5807 -0.6270
vn 0.5329 0.5495 0.6435
vn -0.2399 -0.9266 -0.2896
vn -0.0951 0.8364 0.5397
vn -0.1652 0.6060 -0.7781
vn -0.8323 0.0951 -0.5460
vn -0.6361 0.0463 -0.7702
vn -0.0076 1.0000 -0.0001
vn -0.7111 -0.0698 -0.6997
vn 0.0020 -1.0000 -0.0015
vn -0.7411 -0.0698 -0.6678
vn -0.7526 -0.0699 -0.6548
vn -0.7723 -0.0819 -0.6299
vn -0.1517 -0.0663 -0.9862
vn -0.2010 -0.9590 -0.1999
vn 0.0542 0.9971 0.0541
vn -0.7925 -0.0883 0.6035
vn -0.7693 -0.1194 0.6276
vn 0.6724 0.0709 -0.7368
vn -0.6973 -0.0718 0.7132
vn -0.7407 -0.0711 0.6681
vn -0.4308 -0.7043 0.5643
vn -0.6905 -0.0746 0.7195
vn -0.5170 0.5577 -0.6494
vn 0.4203 0.7523 0.5074
vn 0.4883 0.6434 0.5896
vn -0.2105 -0.9440 -0.2541
vn 0.5718 -0.2590 0.7784
vn -0.4660 0.0318 -0.8842
vn -0.1149 0.9934 -0.0020
vn -0.6991 -0.0698 -0.7116
vn -0.0087 -0.9999 -0.0089
vn -0.7786 -0.0717 -0.6234
vn 0.0906 0.9949 0.0440
vn 0.9564 0.2896 -0.0384
vn 0.0022 1.0000 -0.0014
vn 0.2419 0.9703 -0.0019
vn -0.7148 -0.0701 0.6959
vn -0.7100 -0.0700 0.7008
vn -0.6749 -0.0706 0.7345
vn 0.4202 0.7524 0.5073
vn -0.4482 -0.7115 -0.5411
vn -0.7173 -0.0698 -0.6933
vn -0.7293 -0.0698 -0.6806
vn -0.7487 -0.0702 -0.6592
vn -0.3435 -0.9101 -0.2318
vn -0.1236 -0.9852 -0.1191
vn 0.6170 0.5497 0.5632
vn 0.1487 0.9771 0.1519
vn -0.0102 0.9998 -0.0178
vn 0.3960 0.9180 -0.0226
vn 0.0439 0.9990 -0.0078
vn 0.2557 0.9656 -0.0482
vn -0.0038 0.9999 0.0100
vn 0.3624 -0.0411 0.9311
vn -0.5331 -0.0685 0.8433
vn 0.6724 0.0709 -0.7368
vn -0.7498 -0.1996 0.6309
vn 0.3624 -0.0411 0.9311
vn -0.5719 0.1083 0.8131
vn -0.9894 0.1140 -0.0896
vn -0.5205 0.7369 0.4314
vn -0.6805 -0.0708 0.7294
vn 0.4204 0.7520 0.5076
vn -0.1022 -0.9870 -0.1240
vn 0.6371 0.0489 0.7692
vn -0.2143 0.0247 -0.9765
vn -0.6862 -0.0698 -0.7240
vn -0.0080 -0.9999 -0.0085
vn -0.7343 -0.0776 -0.6743
vn -0.7425 -0.1313 -0.6568
vn -0.1517 -0.0663 -0.9862
vn -0.7990 -0.2111 -0.5631
vn 0.3333 0.9362 -0.1119
vn -0.7510 -0.0703 0.6565
vn -0.7063 -0.0703 0.7044
vn -0.6918 -0.0702 0.7186
vn -0.6610 -0.1025 0.7434
vn 0.4204 0.7521 0.5076
vn -0.4124 -0.7635 -0.4970
vn 0.1997 -0.9484 0.2462
vn -0.2838 0.0303 -0.9584
vn -0.0103 -0.9999 -0.0077
vn -0.2143 0.0270 -0.9764
vn -0.6739 -0.0698 -0.7355
vn 0.0018 -1.0000 -0.0037
vn -0.7051 -0.0698 -0.7057
vn -0.7229 -0.0746 -0.6870
vn 0.9901 -0.0175 0.1392
vn 0.0004 -1.0000 0.0004
vn 0.9924 -0.0175 0.1218
vn 0.0002 -1.0000 0.0003
vn 0.9944 -0.0175 0.1045
vn 0.0017 -1.0000 0.0019
vn 0.9960 -0.0175 0.0871
vn 0.0025 -1.0000 0.0032
vn 0.9974 -0.0175 0.0697
vn 0.0030 -1.0000 0.0044
vn 0.9985 -0.0175 0.0523
vn 0.0033 -1.0000 0.0055
vn 0.9992 -0.0175 0.0349
vn 0.0107 -0.9998 0.0149
vn 0.9997 -0.0175 0.0175
vn -0.0198 -0.9997 -0.0165
vn 0.9998 -0.0175 0.0000
vn -0.0004 -1.0000 0.0000
vn 0.9997 -0.0175 -0.0174
vn 0.0022 -1.0000 0.0029
vn 0.9021 0.4303 0.0335
vn 0.9992 -0.0175 -0.0349
vn 0.0076 -0.9999 0.0095
vn 0.9985 -0.0175 -0.0523
vn 0.0098 -0.9999 0.0141
vn 0.9974 -0.0175 -0.0697
vn -0.0240 -0.9995 -0.0213
vn 0.9960 -0.0175 -0.0871
vn 0.0040 -1.0000 0.0046
vn 0.9944 -0.0175 -0.1045
vn 0.0071 -0.9999 0.0091
vn 0.9924 -0.0175 -0.1218
vn 0.0027 -1.0000 0.0063
vn 0.9901 -0.0175 -0.1392
vn -0.0175 -0.9997 -0.0154
vn -0.6786 -0.4944 0.5433
vn -0.0993 -0.9909 0.0910
vn -0.7276 -0.0719 0.6822
vn -0.7178 -0.0711 0.6926
vn -0.6993 -0.1566 0.6975
vn 0.4205 0.7520 0.5077
vn -0.0155 0.0244 -0.9996
vn -0.0121 -0.9999 -0.0090
vn 0.1159 -0.6936 0.7110
vn -0.3446 0.1462 -0.9273
vn 0.6232 0.0536 -0.7802
vn -0.7154 0.0467 -0.6971
vn -0.6606 -0.0698 -0.7475
vn -0.0103 -0.9999 -0.0117
vn -0.6927 -0.0698 -0.7179
vn -0.7112 -0.0741 -0.6990
vn 0.9742 -0.0175 0.2249
vn -0.0027 -1.0000 -0.0004
vn 0.9780 -0.0175 0.2079
vn -0.0029 -1.0000 -0.0006
vn 0.9815 -0.0175 0.1908
vn 0.0040 -1.0000 0.0073
vn 0.9847 -0.0175 0.1736
vn -0.0041 -1.0000 -0.0007
vn 0.9875 -0.0175 0.1564
vn -0.0154 -0.9998 -0.0145
vn 0.9889 -0.0175 0.1478
vn 0.9913 -0.0175 0.1305
vn 0.9934 -0.0175 0.1132
vn 0.9952 -0.0175 0.0958
vn 0.9968 -0.0175 0.0785
vn 0.9980 -0.0175 0.0610
vn 0.9989 -0.0175 0.0436
vn 0.9995 -0.0175 0.0262
vn 0.9998 -0.0175 0.0087
vn 0.9998 -0.0175 -0.0087
vn 0.9995 -0.0175 -0.0262
vn 0.9989 -0.0175 -0.0436
vn 0.9980 -0.0175 -0.0610
vn 0.9968 -0.0175 -0.0785
vn 0.9952 -0.0175 -0.0958
vn 0.9934 -0.0175 -0.1132
vn 0.9913 -0.0175 -0.1305
vn 0.9889 -0.0175 -0.1478
vn 0.9875 -0.0175 -0.1564
vn 0.0038 -1.0000 0.0044
vn 0.9847 -0.0175 -0.1736
vn 0.0066 -0.9999 0.0088
vn 0.9815 -0.0175 -0.1908
vn -0.0108 -0.9999 -0.0092
vn 0.9780 -0.0175 -0.2079
vn 0.0019 -1.0000 0.0022
vn 0.9742 -0.0175 -0.2249
vn 0.0092 -0.9999 0.0113
vn -0.0072 1.0000 -0.0068
vn -0.6991 -0.0702 0.7115
vn -0.6817 -0.0701 0.7282
vn -0.9965 -0.0589 0.0584
vn -0.6730 -0.0701 0.7363
vn 0.3353 0.8908 0.3068
vn -0.3527 -0.8332 -0.4258
vn -0.3028 0.0754 -0.9501
vn 0.6232 0.0536 -0.7802
vn -0.6478 -0.0698 -0.7586
vn -0.0097 -0.9999 -0.0114
vn -0.6800 -0.0698 -0.7298
vn -0.6985 -0.0738 -0.7118
vn 0.9611 -0.0175 0.2756
vn -0.0017 -1.0000 -0.0003
vn 0.9658 -0.0175 0.2588
vn -0.0017 -1.0000 -0.0003
vn 0.9701 -0.0175 0.2419
vn 0.0044 -1.0000 0.0064
vn 0.9722 -0.0175 0.2334
vn 0.9762 -0.0175 0.2164
vn 0.9798 -0.0175 0.1994
vn 0.9830 0.1181 0.1404
vn 0.9831 -0.0175 0.1822
vn 0.9874 0.0193 0.1569
vn 0.9875 -0.0175 0.1564
vn -0.0000 -1.0000 -0.0000
vn 0.9861 -0.0175 0.1650
vn 0.9889 0.0338 0.1444
vn 0.9901 -0.0175 0.1392
vn -0.0000 -1.0000 -0.0000
vn 0.9924 0.0207 0.1211
vn 0.0000 -1.0000 0.0000
vn 0.9924 -0.0175 0.1218
vn 0.9941 0.0205 0.1063
vn 0.9944 -0.0175 0.1045
vn 0.0000 -1.0000 0.0000
vn 0.9961 0.0200 0.0864
vn 0.9960 -0.0175 0.0871
vn -0.0000 -1.0000 -0.0000
vn 0.9972 0.0194 0.0723
vn -0.0000 -1.0000 -0.0000
vn 0.9974 -0.0175 0.0697
vn 0.9976 0.0393 0.0562
vn 0.0000 -1.0000 0.0000
vn 0.9985 -0.0175 0.0523
vn 0.9991 0.0236 0.0352
vn -0.0000 -1.0000 -0.0000
vn 0.9992 -0.0175 0.0349
vn 0.9995 0.0225 0.0204
vn 0.0000 -1.0000 0.0000
vn 0.9997 -0.0175 0.0175
vn 0.9997 0.0234 -0.0005
vn 0.9998 0.0175 0.0102
vn 0.9998 -0.0175 -0.0000
vn 0.0000 -1.0000 0.0000
vn 0.9996 0.0238 -0.0119
vn 0.9997 -0.0175 -0.0174
vn 0.0000 -1.0000 -0.0000
vn 0.9979 0.0546 -0.0353
vn 0.9995 0.0175 -0.0252
vn 0.9992 -0.0175 -0.0349
vn 0.0000 -1.0000 0.0000
vn 0.9983 0.0264 -0.0516
vn 0.9985 -0.0175 -0.0523
vn 0.0000 -1.0000 0.0000
vn 0.9972 0.0280 -0.0688
vn 0.9974 -0.0175 -0.0697
vn 0.0000 -1.0000 0.0000
vn 0.9955 0.0297 -0.0904
vn 0.9960 -0.0175 -0.0871
vn -0.0000 -1.0000 -0.0000
vn 0.9941 0.0298 -0.1038
vn 0.9944 -0.0175 -0.1045
vn 0.0000 -1.0000 -0.0000
vn 0.9918 0.0287 -0.1243
vn 0.9924 -0.0175 -0.1219
vn 0.0000 -1.0000 0.0000
vn 0.9899 0.0305 -0.1387
vn 0.9901 -0.0175 -0.1392
vn -0.0000 -1.0000 -0.0000
vn 0.9839 0.0627 -0.1671
vn 0.9875 -0.0175 -0.1564
vn -0.0000 -1.0000 -0.0000
vn 0.9861 -0.0175 -0.1650
vn 0.9831 -0.0175 -0.1822
vn 0.9798 -0.0175 -0.1994
vn 0.9762 -0.0175 -0.2164
vn 0.9722 -0.0175 -0.2334
vn 0.9701 -0.0175 -0.2419
vn -0.0087 -0.9999 -0.0069
vn 0.9658 -0.0175 -0.2588
vn -0.0004 -1.0000 0.0001
vn 0.9611 -0.0175 -0.2756
vn 0.0167 -0.9996 0.0208
vn -0.7103 -0.0702 0.7004
vn -0.6930 -0.0757 0.7170
vn -0.5193 0.5807 -0.6270
vn 0.0000 1.0000 -0.0001
vn 0.2571 0.9152 0.3104
vn -0.0606 -0.9955 -0.0731
vn 0.0506 0.9969 0.0610
vn -0.6341 -0.0698 -0.7701
vn -0.0092 -0.9999 -0.0112
vn -0.6672 -0.0698 -0.7416
vn -0.6865 -0.0739 -0.7234
vn 0.9454 -0.0175 0.3255
vn -0.0017 -1.0000 -0.0004
vn 0.9509 -0.0175 0.3090
vn -0.0017 -1.0000 -0.0004
vn 0.5397 0.8193 0.1936
vn 0.9531 0.1541 0.2606
vn 0.9562 -0.0175 0.2923
vn -0.0020 -1.0000 -0.0006
vn 0.9587 -0.0175 0.2840
vn 0.9635 -0.0175 0.2672
vn 0.0000 -1.0000 0.0000
vn 0.9701 -0.0175 0.2419
vn 0.9680 -0.0175 0.2503
vn 0.9735 0.0217 0.2278
vn 0.0000 -1.0000 0.0000
vn 0.9742 -0.0175 0.2249
vn 0.9780 0.0219 0.2073
vn 0.0000 -1.0000 0.0000
vn 0.9780 -0.0175 0.2079
vn 0.9805 0.0218 0.1953
vn -0.0000 -1.0000 -0.0000
vn 0.9815 -0.0175 0.1908
vn 0.9848 0.0204 0.1727
vn 0.9829 0.0175 0.1832
vn 0.0000 -1.0000 0.0000
vn 0.9847 -0.0175 0.1736
vn 0.9859 0.0174 0.1662
vn 0.9890 0.0174 0.1471
vn 0.9914 0.0175 0.1299
vn 0.9934 0.0175 0.1132
vn 0.9945 0.0175 0.1035
vn 0.9966 0.0174 0.0808
vn 0.9980 0.0175 0.0613
vn 0.9989 0.0174 0.0439
vn 0.9995 0.0175 0.0262
vn 0.9998 0.0174 0.0002
vn 0.0000 -1.0000 -0.0000
vn 0.9998 0.0174 -0.0051
vn 0.9990 0.0174 -0.0423
vn 0.9979 0.0174 -0.0616
vn 0.9967 0.0175 -0.0790
vn 0.9950 0.0174 -0.0986
vn 0.9932 0.0175 -0.1147
vn 0.9913 0.0175 -0.1305
vn 0.9889 0.0175 -0.1474
vn 0.9862 0.0174 -0.1647
vn 0.9845 0.0176 -0.1748
vn 0.9847 -0.0175 -0.1736
vn 0.0000 -1.0000 0.0000
vn 0.9816 0.0182 -0.1900
vn 0.9815 -0.0175 -0.1908
vn 0.0000 -1.0000 0.0000
vn 0.9769 0.0191 -0.2130
vn 0.9780 -0.0175 -0.2079
vn -0.0000 -1.0000 -0.0000
vn 0.9743 0.0191 -0.2245
vn 0.9742 -0.0175 -0.2249
vn 0.0000 -1.0000 0.0000
vn 0.9702 -0.0175 -0.2419
vn -0.0000 -1.0000 -0.0000
vn 0.9680 -0.0175 -0.2503
vn 0.9635 -0.0175 -0.2672
vn 0.9587 -0.0175 -0.2840
vn 0.9562 -0.0175 -0.2923
vn -0.0155 -0.9998 -0.0123
vn 0.9509 -0.0175 -0.3090
vn 0.0368 -0.9984 0.0431
vn 0.9454 -0.0175 -0.3255
vn -0.0236 -0.9996 -0.0161
vn -0.6756 -0.0702 0.7339
vn -0.6405 -0.1205 0.7584
vn -0.9965 -0.0589 0.0584
vn -0.6554 -0.0702 0.7520
vn -0.0189 -0.0633 0.9978
vn -0.9905 -0.0482 -0.1287
vn -0.5944 0.5651 -0.5722
vn 0.0000 1.0000 -0.0001
vn 0.2571 0.9152 0.3104
vn -0.2995 -0.8829 -0.3616
vn 0.2877 0.8925 0.3473
vn 0.6761 -0.5738 -0.4623
vn -0.1355 -0.9810 -0.1389
vn -0.1119 -0.9898 -0.0879
vn -0.6542 -0.0698 -0.7531
vn -0.6733 -0.0743 -0.7357
vn 0.9270 -0.0175 0.3746
vn -0.0016 -1.0000 -0.0004
vn 0.9334 -0.0175 0.3583
vn -0.0018 -1.0000 -0.0005
vn 0.9396 -0.0175 0.3419
vn -0.0021 -1.0000 -0.0007
vn 0.9425 -0.0175 0.3337
vn 0.9482 -0.0175 0.3173
vn 0.9563 0.0190 0.2916
vn 0.0000 -1.0000 0.0000
vn 0.9562 -0.0175 0.2923
vn 0.9536 -0.0175 0.3007
vn 0.9604 0.0185 0.2779
vn 0.0000 -1.0000 0.0000
vn 0.9611 -0.0175 0.2756
vn 0.9640 0.0364 0.2635
vn 0.0000 -1.0000 0.0000
vn 0.9658 -0.0175 0.2588
vn 0.9701 0.0230 0.2415
vn 0.9679 0.0174 0.2506
vn 0.9722 0.0175 0.2334
vn 0.9758 0.0175 0.2179
vn 0.9791 0.0174 0.2028
vn 0.9847 0.0175 0.1736
vn 0.0000 -1.0000 0.0000
vn 0.9875 0.0175 0.1564
vn 0.0000 -1.0000 0.0000
vn 0.9901 0.0175 0.1391
vn 0.0000 -1.0000 0.0000
vn 0.9934 0.0175 0.1136
vn 0.0000 -1.0000 -0.0000
vn 0.9955 0.0175 0.0931
vn 0.0000 -1.0000 -0.0000
vn 0.9975 0.0175 0.0690
vn -0.0000 -1.0000 -0.0000
vn 0.9985 0.0175 0.0523
vn -0.0000 -1.0000 -0.0000
vn 0.9992 0.0175 0.0349
vn 0.0000 -1.0000 0.0000
vn 0.9997 0.0175 0.0174
vn -0.0000 -1.0000 -0.0000
vn 0.9997 0.0175 -0.0178
vn 0.0000 -1.0000 0.0000
vn 0.9993 0.0175 -0.0345
vn 0.0000 -1.0000 0.0000
vn 0.9985 0.0175 -0.0523
vn 0.0000 -1.0000 0.0000
vn 0.9974 0.0175 -0.0698
vn -0.0000 -1.0000 -0.0000
vn 0.9961 0.0175 -0.0865
vn 0.0000 -1.0000 0.0000
vn 0.9944 0.0174 -0.1046
vn 0.0000 -1.0000 0.0000
vn 0.9924 0.0175 -0.1217
vn -0.0000 -1.0000 -0.0000
vn 0.9900 0.0175 -0.1398
vn 0.0000 -1.0000 0.0000
vn 0.9875 0.0175 -0.1564
vn 0.0000 -1.0000 0.0000
vn 0.9847 0.0175 -0.1736
vn -0.0000 -1.0000 -0.0000
vn 0.9828 0.0174 -0.1838
vn 0.9795 0.0175 -0.2005
vn 0.9753 0.0174 -0.2203
vn 0.9719 0.0175 -0.2348
vn 0.9682 0.0194 -0.2495
vn 0.9668 0.0174 -0.2551
vn 0.9204 0.2689 -0.2839
vn 0.9657 0.0193 -0.2590
vn 0.9658 -0.0175 -0.2588
vn 0.0000 -1.0000 0.0000
vn 0.9604 0.0187 -0.2781
vn 0.9611 -0.0175 -0.2756
vn 0.0000 -1.0000 0.0000
vn 0.9552 0.0186 -0.2953
vn 0.9562 -0.0175 -0.2923
vn -0.0000 -1.0000 -0.0000
vn 0.9536 -0.0175 -0.3007
vn 0.9463 -0.0175 -0.3227
vn 0.9425 -0.0175 -0.3338
vn 0.9396 -0.0175 -0.3419
vn -0.0026 -1.0000 0.0010
vn 0.9334 -0.0175 -0.3583
vn -0.0026 -1.0000 0.0010
vn 0.9270 -0.0175 -0.3746
vn 0.0047 -0.9999 0.0105
vn -0.0230 0.9987 -0.0465
vn -0.6721 -0.0702 0.7371
vn -0.9965 -0.0589 0.0584
vn -0.6621 -0.0844 0.7446
vn -0.7695 0.0441 0.6371
vn -0.6797 0.1121 0.7248
vn -0.6414 -0.0700 0.7640
vn -0.6005 -0.0704 0.7965
vn 0.2572 0.9151 0.3105
vn 0.0035 -1.0000 -0.0015
vn -0.6210 -0.0698 -0.7807
vn -0.0088 -0.9999 -0.0110
vn -0.6409 -0.0702 -0.7644
vn -0.6608 -0.0750 -0.7468
vn 0.9134 -0.0175 0.4067
vn -0.0022 -1.0000 -0.0010
vn 0.9204 -0.0175 0.3907
vn -0.0021 -1.0000 -0.0009
vn 0.9238 -0.0175 0.3826
vn 0.9303 -0.0175 0.3664
vn 0.9383 0.0193 0.3452
vn 0.0000 -1.0000 0.0000
vn 0.9396 -0.0175 0.3419
vn 0.9365 -0.0175 0.3502
vn 0.9454 0.0198 0.3253
vn -0.0000 -1.0000 -0.0000
vn 0.9454 -0.0175 0.3255
vn 0.9488 0.0199 0.3152
vn -0.0000 -1.0000 -0.0000
vn 0.9509 -0.0175 0.3090
vn 0.9531 0.0175 0.3020
vn 0.9580 0.0174 0.2862
vn 0.9634 0.0175 0.2674
vn 0.9658 0.0175 0.2587
vn 0.0000 -1.0000 0.0000
vn 0.9701 0.0175 0.2422
vn -0.0000 -1.0000 -0.0000
vn 0.9742 0.0175 0.2248
vn 0.0000 -1.0000 0.0000
vn 0.9780 0.0174 0.2080
vn -0.0000 -1.0000 -0.0000
vn 0.9816 0.0175 0.1903
vn -0.0000 -1.0000 -0.0000
vn 0.9815 0.0174 -0.1908
vn -0.0000 -1.0000 -0.0000
vn 0.9781 0.0175 -0.2075
vn 0.0000 -1.0000 0.0000
vn 0.9742 0.0174 -0.2251
vn -0.0000 -1.0000 -0.0000
vn 0.9702 0.0175 -0.2418
vn 0.0000 -1.0000 0.0000
vn 0.9657 0.0174 -0.2591
vn 0.0000 -1.0000 0.0000
vn 0.9630 0.0175 -0.2689
vn 0.9585 0.0175 -0.2844
vn 0.9527 0.0174 -0.3033
vn 0.9481 0.0187 -0.3174
vn 0.9482 0.0175 -0.3173
vn 0.0000 -1.0000 -0.0000
vn 0.9493 -0.0175 -0.3139
vn 0.9405 0.0186 -0.3392
vn -0.0000 -1.0000 0.0000
vn 0.9425 -0.0175 -0.3338
vn 0.9365 -0.0175 -0.3502
vn 0.9303 -0.0175 -0.3664
vn 0.9237 -0.0175 -0.3826
vn 0.4125 0.9084 -0.0678
vn 0.9479 0.2983 -0.1115
vn 0.9204 -0.0175 -0.3907
vn -0.0052 -1.0000 0.0022
vn 0.9134 -0.0175 -0.4067
vn -0.0138 -0.9999 -0.0085
vn 0.0042 1.0000 0.0038
vn -0.6625 -0.0726 0.7456
vn -0.0189 -0.0633 0.9978
vn -0.1212 -0.1073 0.9868
vn -0.9905 -0.0482 -0.1287
vn -0.5726 -0.5024 0.6479
vn -0.0414 -0.9869 0.1559
vn -0.6456 -0.5878 -0.4875
vn -0.7289 0.0783 0.6801
vn -0.6276 -0.0700 0.7754
vn -0.5890 -0.0701 0.8051
vn 0.2572 0.9151 0.3104
vn -0.6069 -0.0698 -0.7917
vn 0.0753 -0.9964 -0.0381
vn -0.6275 -0.0697 -0.7755
vn -0.6394 -0.0767 -0.7651
vn -0.6360 -0.3606 -0.6823
vn -0.3558 -0.8645 -0.3549
vn 0.8909 -0.0175 0.4539
vn -0.0018 -1.0000 -0.0006
vn 0.8987 -0.0175 0.4383
vn -0.0023 -1.0000 -0.0011
vn 0.9062 -0.0175 0.4226
vn -0.0018 -1.0000 -0.0006
vn 0.9098 -0.0175 0.4146
vn 0.9192 -0.0175 0.3934
vn 0.9219 0.0248 0.3866
vn 0.0000 -1.0000 0.0000
vn 0.9237 -0.0175 0.3826
vn 0.9055 0.2585 0.3366
vn 0.9313 0.0192 0.3636
vn -0.9312 -0.0175 -0.3641
vn 0.0000 -1.0000 0.0000
vn 0.9334 -0.0175 0.3583
vn 0.9365 0.0175 0.3501
vn 0.9421 0.0175 0.3348
vn 0.9467 0.0174 0.3218
vn 0.9510 0.0175 0.3087
vn 0.0000 -1.0000 0.0000
vn 0.9561 0.0174 0.2924
vn 0.0000 -1.0000 0.0000
vn 0.9613 0.0175 0.2749
vn -0.0000 -1.0000 -0.0000
vn 0.9611 0.0175 -0.2756
vn 0.0000 -1.0000 0.0000
vn 0.9563 0.0175 -0.2917
vn 0.0000 -1.0000 -0.0000
vn 0.9509 0.0174 -0.3091
vn 0.0000 -1.0000 -0.0000
vn 0.9434 0.0174 -0.3313
vn 0.9331 0.0195 -0.3592
vn 0.9367 0.0175 -0.3498
vn -0.0000 -1.0000 0.0000
vn 0.9334 -0.0175 -0.3583
vn 0.9272 0.0197 -0.3741
vn -0.0000 -1.0000 -0.0000
vn 0.9270 -0.0175 -0.3746
vn 0.9215 0.0194 -0.3878
vn 0.0000 -1.0000 -0.0000
vn 0.9204 -0.0175 -0.3907
vn 0.9169 -0.0175 -0.3987
vn 0.9098 -0.0175 -0.4146
vn 0.9062 -0.0175 -0.4226
vn -0.0008 -1.0000 0.0004
vn 0.8987 -0.0175 -0.4383
vn -0.0008 -1.0000 0.0004
vn 0.8909 -0.0175 -0.4539
vn -0.0008 -1.0000 0.0004
vn -0.6462 -0.0747 0.7595
vn -0.9905 -0.0482 -0.1287
vn -0.6129 -0.0702 0.7870
vn 0.2572 0.9151 0.3105
vn 0.6371 0.0489 0.7692
vn 0.0749 -0.9965 -0.0378
vn -0.5929 -0.0697 -0.8023
vn -0.1652 -0.9605 -0.2240
vn -0.6138 -0.0698 -0.7863
vn -0.6456 -0.0705 -0.7605
vn 0.8745 -0.0175 0.4847
vn -0.0107 -0.9999 -0.0096
vn 0.8828 -0.0175 0.4694
vn -0.0024 -1.0000 -0.0013
vn 0.8948 -0.0175 0.4461
vn 0.9024 -0.0175 0.4305
vn 0.9058 0.0206 0.4232
vn 0.0000 -1.0000 0.0000
vn 0.9062 -0.0175 0.4226
vn 0.5870 0.7302 0.3496
vn 0.6699 -0.5948 0.4443
vn 0.8918 0.1484 0.4274
vn 0.9157 0.0201 0.4013
vn 0.9186 0.0174 0.3947
vn 0.0000 -1.0000 0.0000
vn 0.9155 -0.0175 0.4019
vn 0.9270 0.0174 0.3746
vn -0.9312 -0.0175 -0.3641
vn 0.9303 0.0175 0.3664
vn 0.9334 0.0175 0.3583
vn 0.0000 -1.0000 0.0000
vn 0.9396 0.0175 0.3420
vn 0.0000 -1.0000 0.0000
vn 0.9453 0.0174 0.3258
vn -0.0000 -1.0000 -0.0000
vn 0.9454 0.0174 -0.3254
vn -0.0000 -1.0000 -0.0000
vn 0.9393 0.0175 -0.3426
vn -0.0000 -1.0000 0.0000
vn 0.9334 0.0175 -0.3583
vn 0.0000 -1.0000 0.0000
vn 0.9304 0.0174 -0.3660
vn 0.9175 0.0175 -0.3974
vn 0.9237 0.0175 -0.3826
vn 0.9132 0.0200 -0.4071
vn 0.0000 -1.0000 -0.0000
vn 0.9134 -0.0175 -0.4067
vn 0.9083 0.0201 -0.4179
vn 0.0000 -1.0000 -0.0000
vn 0.9062 -0.0175 -0.4226
vn 0.9024 -0.0175 -0.4305
vn 0.8948 -0.0175 -0.4461
vn 0.8828 -0.0175 -0.4694
vn -0.0008 -1.0000 0.0004
vn 0.8745 -0.0175 -0.4847
vn -0.0007 -1.0000 0.0004
vn -0.6343 -0.0772 0.7693
vn 0.2573 0.9151 0.3106
vn -0.9995 0.0288 -0.0147
vn -0.9998 0.0130 -0.0149
vn 0.9997 0.0242 -0.0051
vn -0.9992 0.0365 -0.0133
vn -0.9915 -0.0464 -0.1218
vn -0.5847 -0.0697 -0.8083
vn -0.1608 -0.9617 -0.2221
vn -0.6193 -0.0702 -0.7820
vn -0.6269 -0.0793 -0.7751
vn -0.6390 -0.1193 -0.7599
vn 0.8659 -0.0175 0.4999
vn -0.0039 -1.0000 -0.0023
vn 0.8787 -0.0175 0.4771
vn 0.8869 -0.0175 0.4617
vn 0.8901 0.0272 0.4550
vn -0.0000 -1.0000 -0.0000
vn 0.8909 -0.0175 0.4539
vn 0.8993 0.0208 0.4368
vn 0.0000 -1.0000 0.0000
vn 0.8987 -0.0175 0.4383
vn 0.9103 0.0175 0.4135
vn 0.9038 0.0174 0.4275
vn 0.9133 0.0175 0.4070
vn 0.0000 -1.0000 0.0000
vn 0.9205 0.0174 0.3904
vn 0.0000 -1.0000 0.0000
vn 0.9272 0.0174 0.3742
vn -0.9312 -0.0175 -0.3641
vn -0.0000 -1.0000 -0.0000
vn 0.9270 0.0175 -0.3746
vn 0.0000 -1.0000 -0.0000
vn 0.9203 0.0175 -0.3907
vn 0.0000 -1.0000 0.0000
vn 0.9114 0.0174 -0.4111
vn 0.9135 0.0174 -0.4065
vn 0.0000 -1.0000 -0.0000
vn 0.9029 0.0175 -0.4295
vn 0.8983 0.0196 -0.4390
vn 0.0000 -1.0000 -0.0000
vn 0.8987 -0.0175 -0.4383
vn 0.8617 0.4071 -0.3029
vn 0.8913 0.0191 -0.4530
vn 0.0000 -1.0000 0.0000
vn 0.8909 -0.0175 -0.4539
vn 0.8869 -0.0175 -0.4617
vn 0.8787 -0.0175 -0.4771
vn 0.8659 -0.0175 -0.4999
vn 0.0063 -0.9999 0.0104
vn -0.6203 -0.0769 0.7806
vn -0.5821 -0.0703 0.8101
vn -0.5656 -0.0698 0.8217
vn -0.4176 0.6574 -0.6272
vn 0.0000 1.0000 -0.0001
vn 0.2571 0.9152 0.3104
vn -0.1927 -0.9532 -0.2328
vn 0.9956 -0.0891 0.0274
vn -0.9995 0.0288 -0.0156
vn 0.9996 -0.0219 0.0177
vn 0.6878 -0.5646 -0.4562
vn 0.8741 -0.0697 0.4807
vn 0.9925 -0.0229 -0.1197
vn 0.9996 -0.0217 0.0186
vn 0.7271 -0.1553 -0.6688
vn 0.8741 -0.0697 0.4807
vn 0.9944 -0.0279 -0.1014
vn 0.9996 0.0275 0.0064
vn 0.9787 -0.1987 0.0513
vn -0.6000 -0.0700 -0.7969
vn -0.6038 -0.0703 -0.7940
vn -0.3539 -0.8734 -0.3346
vn 0.6170 0.5497 0.5632
vn 0.8479 -0.0175 0.5298
vn -0.0042 -1.0000 -0.0026
vn 0.8570 -0.0175 0.5150
vn -0.0029 -1.0000 -0.0012
vn 0.8615 -0.0175 0.5075
vn 0.8702 -0.0175 0.4923
vn 0.8748 0.0188 0.4841
vn 0.0000 -1.0000 0.0000
vn 0.8745 -0.0175 0.4847
vn 0.8817 0.0183 0.4714
vn -0.0000 -1.0000 -0.0000
vn 0.8828 -0.0175 0.4694
vn 0.8868 0.0175 0.4618
vn 0.8973 0.0175 0.4411
vn 0.9025 0.0175 0.4303
vn 0.0000 -1.0000 0.0000
vn 0.9060 0.0175 -0.4229
vn 0.0000 -1.0000 -0.0000
vn 0.8987 0.0174 -0.4383
vn 0.0000 -1.0000 -0.0000
vn 0.8955 0.0174 -0.4448
vn 0.8867 0.0174 -0.4621
vn 0.8832 0.0183 -0.4686
vn 0.8785 0.0175 -0.4774
vn 0.0000 -1.0000 -0.0000
vn 0.8828 -0.0175 -0.4694
vn 0.8731 0.0171 -0.4873
vn 0.0000 -1.0000 -0.0000
vn 0.8745 -0.0175 -0.4848
vn 0.8702 -0.0175 -0.4923
vn 0.8615 -0.0175 -0.5075
vn 0.0828 0.9966 0.0035
vn 0.6090 0.6447 -0.4620
vn -0.6029 -0.0767 0.7941
vn -0.5905 -0.0698 0.8040
vn -0.6982 0.3771 -0.6085
vn 0.0000 1.0000 -0.0001
vn 0.2571 0.9152 0.3104
vn 0.9946 -0.0274 -0.0998
vn 0.9615 -0.2547 0.1036
vn 0.7224 -0.0860 -0.6861
vn 0.9998 -0.0190 0.0007
vn 0.1997 -0.0985 -0.9749
vn 0.8317 -0.1215 -0.5417
vn -0.9849 -0.0313 0.1701
vn 0.1046 -0.9904 -0.0906
vn -0.8428 -0.0067 0.5382
vn -0.5684 -0.0698 -0.8198
vn 0.8404 -0.0155 -0.5417
vn -0.5853 -0.0700 -0.8078
vn -0.5854 -0.2764 -0.7622
vn 0.8289 -0.0175 0.5591
vn -0.0064 -1.0000 -0.0043
vn 0.8433 -0.0175 0.5372
vn 0.8385 -0.0175 0.5446
vn -0.0148 -0.9998 -0.0134
vn 0.7524 -0.4266 0.5019
vn 0.8334 0.1314 0.5369
vn 0.8525 -0.0175 0.5224
vn 0.8532 0.0203 0.5212
vn 0.0000 -1.0000 0.0000
vn 0.8570 -0.0175 0.5150
vn 0.8652 0.0192 0.5010
vn 0.8615 0.0175 0.5075
vn 0.0000 -1.0000 0.0000
vn 0.8659 -0.0175 0.4999
vn 0.8695 0.0175 0.4935
vn 0.8776 0.0174 0.4790
vn 0.8832 0.0175 0.4687
vn -0.0000 -1.0000 -0.0000
vn 0.8932 0.0175 0.4493
vn 0.0000 -1.0000 0.0000
vn 0.8909 0.0175 -0.4539
vn 0.0000 -1.0000 0.0000
vn 0.8828 0.0175 -0.4694
vn 0.0000 -1.0000 -0.0000
vn 0.8689 0.0174 -0.4946
vn 0.8712 0.0952 -0.4816
vn 0.8608 0.0175 -0.5087
vn 0.0000 -1.0000 0.0000
vn 0.8659 -0.0175 -0.4999
vn 0.8556 0.0362 -0.5164
vn 0.8414 -0.0175 -0.5402
vn -0.0045 -1.0000 0.0030
vn 0.8289 -0.0175 -0.5591
vn -0.0023 -1.0000 0.0015
vn -0.5992 -0.1456 0.7872
vn -0.5691 -0.0698 0.8193
vn 0.2573 0.9151 0.3105
vn 0.5681 0.4557 0.6852
vn 0.3976 -0.1313 -0.9081
vn -0.9954 -0.0334 0.0893
vn 0.2183 -0.7023 -0.6775
vn -0.9954 -0.0334 0.0893
vn -0.5540 -0.0727 -0.8294
vn 0.2031 -0.0600 -0.9773
vn -0.5922 -0.0706 -0.8027
vn 0.8089 -0.0175 0.5877
vn -0.0043 -1.0000 -0.0022
vn 0.8190 -0.0175 0.5735
vn -0.0069 -1.0000 -0.0048
vn 0.6206 0.5241 0.5833
vn 0.6699 -0.5948 0.4443
vn 0.8240 -0.0175 0.5663
vn 0.8369 -0.0175 0.5470
vn 0.0000 -1.0000 0.0000
vn 0.8433 -0.0175 0.5372
vn 0.8493 0.0174 0.5276
vn 0.8660 0.0175 0.4998
vn 0.0000 -1.0000 0.0000
vn 0.8744 0.0174 0.4848
vn 0.0000 -1.0000 0.0000
vn 0.8748 0.0175 -0.4842
vn 0.0000 -1.0000 -0.0000
vn 0.8659 0.0174 -0.5000
vn 0.0000 -1.0000 0.0000
vn 0.8478 0.0380 -0.5290
vn 0.8525 0.0175 -0.5224
vn 0.7437 0.4695 -0.4760
vn 0.8366 0.0346 -0.5468
vn 0.0000 -1.0000 0.0000
vn 0.8414 -0.0175 -0.5401
vn 0.8338 -0.0175 -0.5518
vn 0.8240 -0.0175 -0.5663
vn 0.8190 -0.0175 -0.5735
vn -0.0001 -1.0000 0.0001
vn 0.8089 -0.0175 -0.5877
vn -0.0001 -1.0000 0.0001
vn -0.6023 -0.0703 0.7951
vn -0.5703 -0.0699 0.8185
vn -0.4779 0.7842 0.3958
vn -0.5421 -0.0699 0.8374
vn 0.2572 0.9151 0.3105
vn 0.9917 -0.1241 0.0348
vn 0.2056 -0.4312 0.8785
vn 0.6382 -0.3793 -0.6700
vn -0.2809 -0.1111 -0.9533
vn -0.9930 -0.0357 -0.1129
vn 0.0946 -0.6913 -0.7163
vn -0.4819 -0.0713 -0.8733
vn 0.4258 -0.0552 -0.9031
vn -0.5762 -0.0809 -0.8133
vn 0.8404 -0.0155 -0.5417
vn -0.9915 -0.0464 -0.1218
vn -0.5748 -0.1218 -0.8092
vn 0.7985 -0.0175 0.6017
vn -0.0076 -1.0000 -0.0057
vn 0.8037 -0.0175 0.5947
vn 0.8140 -0.0175 0.5806
vn 0.8205 0.0196 0.5714
vn -0.0000 -1.0000 -0.0000
vn 0.8190 -0.0175 0.5735
vn -0.0000 -1.0000 -0.0000
vn 0.8318 -0.0175 0.5548
vn 0.8569 0.0175 0.5152
vn 0.0000 -1.0000 0.0000
vn 0.8571 0.0175 -0.5148
vn -0.0000 -1.0000 -0.0000
vn 0.8433 0.0175 -0.5372
vn 0.8479 0.0175 -0.5298
vn 0.0000 -1.0000 0.0000
vn 0.8337 0.0175 -0.5519
vn 0.8285 0.0177 -0.5597
vn -0.0000 -1.0000 -0.0000
vn 0.8289 -0.0175 -0.5591
vn 0.8190 0.0175 -0.5735
vn 0.0000 -1.0000 -0.0000
vn 0.8190 -0.0175 -0.5735
vn 0.8140 -0.0175 -0.5806
vn 0.8037 -0.0175 -0.5948
vn 0.0910 0.9915 -0.0926
vn 0.7305 0.5391 -0.4192
vn 0.7985 -0.0175 -0.6017
vn 0.0800 -0.9839 0.1599
vn -0.5810 -0.0705 0.8109
vn -0.5209 -0.0700 0.8508
vn 0.2572 0.9151 0.3104
vn 0.1125 -0.0432 -0.9927
vn -0.1670 -0.0956 -0.9813
vn -0.5360 0.0355 0.8435
vn -0.1242 -0.1657 -0.9783
vn -0.5277 -0.0753 -0.8461
vn -0.9930 -0.0357 -0.1129
vn -0.5630 -0.0832 -0.8222
vn 0.2031 -0.0600 -0.9773
vn -0.8428 -0.0067 0.5382
vn 0.7847 -0.0175 0.6197
vn -0.0084 -0.9999 -0.0066
vn 0.7932 -0.0175 0.6087
vn 0.8091 0.0186 0.5874
vn 0.0000 -1.0000 0.0000
vn 0.8089 -0.0175 0.5877
vn 0.8120 0.0174 0.5833
vn 0.8287 0.0174 0.5594
vn 0.8384 0.0175 -0.5448
vn -0.0000 -1.0000 0.0000
vn 0.8290 0.0175 -0.5590
vn -0.0000 -1.0000 -0.0000
vn 0.8240 0.0175 -0.5664
vn 0.8140 0.0175 -0.5807
vn 0.6750 0.6898 -0.2618
vn 0.8091 0.0174 -0.5874
vn 0.0000 -1.0000 -0.0000
vn 0.8089 -0.0175 -0.5877
vn 0.7932 -0.0175 -0.6087
vn 0.7825 -0.0174 -0.6224
vn -0.7857 0.0175 0.6183
vn -0.1002 -0.9937 -0.0493
vn -0.5720 -0.0829 0.8160
vn -0.5469 -0.1567 0.8224
vn -0.4172 -0.6270 0.6580
vn -0.5636 -0.0708 0.8230
vn -0.5350 -0.0705 0.8419
vn -0.1108 0.9868 -0.1178
vn 0.2762 0.9028 0.3296
vn -0.6422 0.4289 -0.6353
vn 0.5193 -0.5807 0.6270
vn 0.2572 0.9151 0.3105
vn -0.7715 0.1934 -0.6062
vn 0.0634 -0.0861 -0.9943
vn -0.7715 0.1934 -0.6062
vn -0.1586 -0.0182 -0.9872
vn -0.7715 0.1934 -0.6062
vn 0.0629 -0.0860 -0.9943
vn -0.5493 -0.0843 -0.8314
vn 0.4258 -0.0552 -0.9031
vn -0.9954 -0.0334 0.0893
vn 0.7640 -0.0175 0.6449
vn -0.0109 -0.9999 -0.0092
vn 0.0000 -1.0000 0.0000
vn 0.7846 -0.0175 0.6197
vn 0.7985 0.0175 0.6018
vn 0.0000 -1.0000 0.0000
vn 0.7985 -0.0175 0.6017
vn 0.8028 0.0175 0.5959
vn 0.8088 0.0174 0.5878
vn 0.0000 -1.0000 0.0000
vn 0.8225 0.0175 0.5685
vn -0.0000 -1.0000 -0.0000
vn 0.8190 0.0175 -0.5735
vn 0.0000 -1.0000 -0.0000
vn 0.8087 0.0175 -0.5880
vn 0.0000 -1.0000 0.0000
vn 0.8038 0.0175 -0.5946
vn 0.0000 -1.0000 0.0000
vn 0.7985 -0.0175 -0.6017
vn 0.0000 -1.0000 0.0000
vn 0.7879 -0.0175 -0.6156
vn 0.7825 -0.0175 -0.6224
vn -0.7857 0.0175 0.6183
vn 0.7752 -0.0174 -0.6314
vn 0.7693 -0.0174 -0.6386
vn -0.0050 -1.0000 0.0040
vn -0.5300 -0.0712 0.8450
vn -0.5275 -0.0701 0.8467
vn 0.2572 0.9151 0.3105
vn 0.6371 0.0489 0.7692
vn -0.0732 -0.0857 -0.9936
vn 0.2790 -0.0781 -0.9571
vn -0.1210 -0.0984 -0.9878
vn 0.9988 0.0489 0.0000
vn -0.0776 0.0350 0.9964
vn -0.5071 -0.0698 -0.8591
vn 0.3003 -0.0610 -0.9519
vn -0.4658 -0.0735 -0.8818
vn -0.9930 -0.0357 -0.1129
vn -0.5461 -0.0931 -0.8326
vn -0.4840 -0.6077 -0.6296
vn -0.2317 -0.9317 -0.2798
vn 0.6170 0.5497 0.5632
vn 0.7430 -0.0175 0.6690
vn -0.0000 -1.0000 -0.0000
vn 0.7546 -0.0175 0.6559
vn -0.0067 -1.0000 -0.0057
vn 0.5122 0.6804 0.5242
vn 0.7603 -0.0175 0.6494
vn 0.7646 0.0208 0.6442
vn 0.0001 1.0000 0.0001
vn 0.0000 -1.0000 0.0000
vn 0.7641 -0.0175 0.6449
vn 0.7725 0.0315 0.6342
vn 0.8003 0.0175 0.5994
vn 0.0000 -1.0000 0.0000
vn 0.7821 0.0218 -0.6228
vn 0.0000 -1.0000 0.0000
vn 0.7771 -0.0174 -0.6292
vn -0.7857 0.0175 0.6183
vn 0.7639 0.0600 -0.6425
vn -0.0000 -1.0000 -0.0000
vn 0.7659 -0.0175 -0.6427
vn 0.7603 -0.0175 -0.6494
vn 0.7546 -0.0175 -0.6559
vn -0.0007 -1.0000 0.0006
vn 0.7430 -0.0175 -0.6690
vn -0.0005 -1.0000 0.0004
vn -0.5568 -0.0706 0.8277
vn -0.5333 -0.0699 0.8430
vn -0.0297 -0.9982 0.0515
vn -0.0002 -1.0000 -0.0006
vn 0.2340 0.8983 0.3718
vn 0.6867 -0.1207 -0.7168
vn -0.0355 -0.3269 -0.9444
vn 0.4195 0.0664 0.9053
vn -0.4234 -0.0729 -0.9030
vn -0.4696 -0.0700 -0.8801
vn 0.3193 0.0695 0.9451
vn -0.0392 -0.0574 -0.9976
vn -0.0776 0.0350 0.9964
vn -0.2121 -0.1265 -0.9690
vn -0.4810 -0.0701 -0.8739
vn 0.4229 0.0703 0.9034
vn -0.4532 -0.0709 -0.8886
vn 0.4229 0.0703 0.9034
vn -0.2193 -0.0098 -0.9756
vn -0.0565 -0.9960 -0.0688
vn 0.0542 0.9971 0.0541
vn -0.2036 -0.9583 -0.2004
vn 0.0542 0.9971 0.0541
vn 0.7312 -0.0175 0.6819
vn 0.0000 -1.0000 0.0000
vn 0.7372 -0.0175 0.6755
vn 0.7488 -0.0175 0.6625
vn 0.7550 0.0208 0.6553
vn 0.0000 -1.0000 0.0000
vn 0.7546 -0.0175 0.6560
vn 0.7589 0.0174 0.6509
vn 0.7745 0.0175 0.6324
vn 0.7799 0.0175 -0.6257
vn -0.0000 -1.0000 -0.0000
vn 0.7794 0.0176 -0.6263
vn 0.7547 0.0175 -0.6558
vn 0.7513 0.0175 -0.6597
vn 0.0000 -1.0000 0.0000
vn 0.7512 -0.0175 -0.6599
vn 0.7450 -0.0175 -0.6668
vn 0.7372 -0.0175 -0.6755
vn 0.7312 -0.0175 -0.6819
vn -0.0005 -1.0000 0.0004
vn -0.5290 -0.0770 0.8451
vn -0.4999 -0.0700 0.8633
vn -0.3548 -0.7724 0.5268
vn -0.1725 -0.9440 0.2814
vn -0.0059 -0.9999 0.0116
vn 0.4260 0.7443 0.5143
vn -0.3363 -0.1843 -0.9235
vn -0.4283 -0.0714 -0.9008
vn -0.4584 -0.0699 -0.8860
vn -0.4112 -0.0727 -0.9087
vn -0.4118 -0.0727 -0.9084
vn -0.4126 -0.0727 -0.9080
vn -0.4153 -0.0727 -0.9068
vn -0.4656 -0.0698 -0.8822
vn 0.4195 0.0664 0.9053
vn -0.3658 -0.0698 -0.9281
vn 0.0118 0.0434 0.9990
vn -0.4508 -0.0792 -0.8891
vn 0.3003 -0.0610 -0.9519
vn -0.5360 0.0355 0.8435
vn -0.5212 -0.1564 -0.8390
vn -0.0688 -0.9934 -0.0914
vn 0.0967 0.9906 0.0971
vn 0.7192 -0.0175 0.6946
vn 0.0001 -1.0000 0.0001
vn 0.7253 -0.0175 0.6882
vn -0.0000 -1.0000 -0.0000
vn 0.7312 -0.0175 0.6819
vn 0.7365 0.0197 0.6761
vn -0.7407 -0.0175 -0.6717
vn 0.0000 -1.0000 0.0000
vn 0.7430 -0.0175 0.6690
vn 0.7479 0.0175 0.6635
vn 0.7546 0.0174 0.6560
vn 0.0000 -1.0000 0.0000
vn 0.7699 0.0175 0.6379
vn 0.0000 -1.0000 0.0000
vn 0.7656 0.0176 -0.6431
vn -0.0000 -1.0000 0.0000
vn 0.7546 0.0175 -0.6560
vn 0.0000 -1.0000 0.0000
vn 0.7484 0.0174 -0.6630
vn 0.7447 0.0259 -0.6669
vn 0.0000 -1.0000 0.0000
vn 0.7372 -0.0175 -0.6755
vn 0.7253 -0.0175 -0.6882
vn 0.7192 -0.0175 -0.6946
vn -0.0004 -1.0000 0.0003
vn -0.5247 -0.0700 0.8484
vn -0.4897 -0.2117 0.8458
vn -0.5351 0.7192 0.4433
vn -0.0050 -1.0000 0.0054
vn 0.7046 -0.6349 0.3170
vn -0.0276 -0.5443 -0.8385
vn 0.4263 0.7439 0.5146
vn -0.0189 0.9441 -0.3292
vn 0.0017 -0.9999 0.0139
vn -0.0017 0.9999 -0.0129
vn -0.4441 -0.0698 -0.8932
vn -0.4534 -0.0698 -0.8885
vn 0.4229 0.0703 0.9034
vn -0.5027 -0.0757 -0.8611
vn -0.0384 -0.9974 -0.0601
vn 0.0967 0.9906 0.0971
vn 0.6946 -0.0175 0.7192
vn -0.0123 -0.9998 -0.0128
vn 0.7070 -0.0175 0.7070
vn -0.0173 -0.9997 -0.0176
vn 0.7131 -0.0175 0.7008
vn 0.7220 0.0210 0.6916
vn -0.0001 -1.0000 -0.0001
vn 0.7192 -0.0175 0.6946
vn 0.7299 0.0174 0.6833
vn 0.7372 0.0175 0.6755
vn -0.7407 -0.0175 -0.6717
vn 0.7432 0.0175 0.6688
vn 0.0000 -1.0000 0.0000
vn 0.7430 0.0175 -0.6691
vn 0.0000 -1.0000 0.0000
vn 0.7367 0.0175 -0.6760
vn 0.7304 0.0174 -0.6828
vn 0.7235 0.0174 -0.6901
vn 0.7208 0.0258 -0.6926
vn -0.0000 -1.0000 0.0000
vn 0.7192 -0.0175 -0.6945
vn 0.7131 -0.0175 -0.7008
vn 0.7070 -0.0175 -0.7070
vn -0.0001 -1.0000 0.0001
vn 0.6946 -0.0175 -0.7192
vn -0.0032 -1.0000 0.0034
vn -0.5050 -0.0707 0.8602
vn -0.4841 -0.0700 0.8722
vn 0.6898 -0.6509 0.3170
vn 0.9988 -0.0172 0.0457
vn -0.0276 -0.5443 -0.8385
vn 0.5071 0.1398 0.8505
vn 0.6898 -0.6509 0.3170
vn 0.4261 0.7441 0.5145
vn 0.4262 0.7440 0.5146
vn 0.6602 -0.1494 0.7361
vn 0.5324 -0.7583 0.3762
vn -0.4306 -0.0698 -0.8998
vn -0.4867 -0.0743 -0.8704
vn -0.0357 -0.9977 -0.0583
vn 0.6819 -0.0175 0.7312
vn -0.0081 -0.9999 -0.0087
vn 0.6882 -0.0175 0.7253
vn 0.6967 -0.0175 0.7172
vn 0.7069 0.0195 0.7070
vn 0.0000 -1.0000 0.0000
vn 0.7033 -0.0175 0.7107
vn 0.7138 0.0174 0.7001
vn 0.7192 0.0175 0.6945
vn 0.0000 -1.0000 0.0000
vn -0.7407 -0.0175 -0.6717
vn 0.7312 0.0174 0.6819
vn 0.0000 -1.0000 0.0000
vn 0.7316 0.0175 -0.6815
vn -0.0000 -1.0000 -0.0000
vn 0.7194 0.0174 -0.6944
vn -0.0000 -1.0000 0.0000
vn 0.7159 0.0174 -0.6980
vn 0.7096 0.0242 -0.7042
vn -0.0000 -1.0000 0.0000
vn 0.7033 -0.0175 -0.7107
vn 0.6967 -0.0175 -0.7172
vn 0.6882 -0.0175 -0.7253
vn 0.6819 -0.0175 -0.7313
vn 0.0427 -0.9936 0.1042
vn -0.3036 -0.7812 0.5454
vn -0.0168 -0.9996 0.0209
vn -0.4950 -0.0706 0.8660
vn 0.5880 0.8085 0.0251
vn -0.8371 0.0730 0.5421
vn 0.0896 0.7923 0.6035
vn -0.4688 -0.0700 0.8805
vn -0.4371 -0.0699 0.8967
vn -0.6858 -0.2714 0.6753
vn -0.4750 -0.0987 0.8744
vn 0.2453 -0.9568 0.1560
vn -0.7783 -0.3547 0.5181
vn -0.9281 -0.2105 0.3071
vn 0.9281 0.2105 -0.3071
vn 0.5071 0.1398 0.8505
vn 0.9077 -0.3963 0.1384
vn 0.4262 0.7440 0.5145
vn -0.0016 0.9999 -0.0130
vn 0.0017 -0.9999 0.0139
vn -0.4750 -0.0698 -0.8772
vn -0.4828 -0.0811 -0.8720
vn -0.1130 -0.9871 -0.1138
vn 0.1372 0.9806 0.1398
vn 0.6690 -0.0175 0.7430
vn -0.0060 -1.0000 -0.0066
vn 0.6755 -0.0175 0.7372
vn 0.6882 0.0180 0.7253
vn -0.0001 -1.0000 -0.0001
vn 0.6883 -0.0175 0.7253
vn 0.6882 0.0175 0.7253
vn 0.7001 0.0174 0.7138
vn 0.7070 0.0175 0.7070
vn 0.0000 -1.0000 0.0000
vn 0.7073 0.0175 -0.7067
vn -0.0000 -1.0000 0.0000
vn 0.6880 0.0175 -0.7255
vn 0.7006 0.0175 -0.7133
vn 0.6958 0.0269 -0.7178
vn 0.6826 0.0174 -0.7306
vn -0.0000 -1.0000 0.0000
vn 0.6882 -0.0175 -0.7253
vn 0.6755 -0.0175 -0.7372
vn 0.6690 -0.0175 -0.7430
vn -0.0451 -0.9977 0.0501
vn -0.4753 -0.0707 0.8770
vn -0.4258 -0.0705 0.9021
vn 0.2453 -0.9568 0.1560
vn -0.8671 -0.4897 -0.0911
vn -0.4841 0.5689 0.6648
vn -0.1872 0.9650 -0.1838
vn -0.7082 0.3627 -0.6057
vn -0.5425 -0.5286 -0.6529
vn 0.4259 0.7444 0.5142
vn 0.6366 0.0618 0.7687
vn -0.4318 -0.0698 -0.8992
vn -0.1633 -0.9596 -0.2291
vn 0.1000 0.9901 0.0983
vn 0.6520 -0.0175 0.7580
vn -0.0047 -1.0000 -0.0054
vn 0.6625 -0.0175 0.7488
vn 0.6801 0.0187 0.7328
vn -0.0000 -1.0000 -0.0000
vn 0.6690 -0.0175 0.7430
vn 0.6788 0.0174 0.7341
vn 0.6946 0.0175 0.7192
vn -0.0000 -1.0000 -0.0000
vn 0.6944 0.0175 -0.7193
vn -0.0000 -1.0000 0.0000
vn 0.6764 0.0175 -0.7363
vn 0.6741 0.0286 -0.7381
vn -0.0000 -1.0000 -0.0000
vn 0.6690 -0.0175 -0.7430
vn 0.6625 -0.0175 -0.7488
vn 0.6582 -0.0175 -0.7527
vn -0.6456 -0.5878 -0.4875
vn -0.0446 -0.9977 0.0504
vn -0.4696 -0.0777 0.8794
vn -0.4412 -0.0698 0.8947
vn -0.4407 -0.0702 0.8949
vn -0.6031 -0.1892 0.7749
vn -0.5704 -0.4484 -0.6882
vn -0.5714 -0.4464 -0.6886
vn 0.2442 0.8975 0.3672
vn -0.6424 -0.0058 -0.7664
vn 0.4260 0.7442 0.5144
vn 0.5819 0.4110 0.7018
vn -0.0474 0.9445 -0.3252
vn 0.0293 -0.9846 0.1724
vn -0.4109 -0.0704 -0.9090
vn -0.4267 -0.0698 -0.9017
vn -0.4578 -0.0722 -0.8861
vn -0.4677 -0.0773 -0.8805
vn 0.6270 -0.0175 0.7789
vn -0.0021 -1.0000 -0.0026
vn 0.6443 0.0179 0.7646
vn 0.0000 -1.0000 0.0000
vn 0.6520 -0.0175 0.7580
vn 0.6735 0.0773 0.7351
vn 0.6625 0.0177 0.7488
vn 0.6688 0.0175 0.7432
vn -0.0000 -1.0000 -0.0000
vn 0.6821 0.0174 0.7311
vn 0.0001 -1.0000 0.0001
vn 0.6822 0.0175 -0.7309
vn -0.0000 -1.0000 0.0000
vn 0.6690 0.0175 -0.7431
vn -0.0000 -1.0000 0.0000
vn 0.6709 0.0176 -0.7413
vn 0.6573 0.0301 -0.7530
vn 0.0000 -1.0000 0.0000
vn 0.6581 -0.0175 -0.7527
vn 0.6333 -0.0175 -0.7737
vn -0.0015 -1.0000 0.0019
vn 0.6787 0.4515 -0.5792
vn -0.4435 -0.0705 0.8935
vn -0.4064 -0.0704 0.9110
vn -0.6220 0.4307 0.6539
vn 0.3409 0.8133 0.4716
vn -0.1872 0.9650 -0.1838
vn -0.6187 -0.4607 -0.6363
vn -0.5858 -0.4007 -0.7045
vn 0.3999 0.7858 0.4719
vn -0.7497 0.1733 0.6387
vn 0.6378 -0.0175 0.7700
vn -0.3788 -0.1639 -0.9109
vn -0.4482 -0.0718 -0.8910
vn 0.6156 -0.0175 0.7879
vn -0.0018 -1.0000 -0.0023
vn 0.6224 -0.0175 0.7825
vn 0.6311 0.0349 0.7749
vn 0.0001 -1.0000 0.0001
vn 0.0001 1.0000 0.0001
vn 0.6270 -0.0175 0.7788
vn 0.6427 0.0178 0.7659
vn 0.6494 0.0175 0.7603
vn 0.6561 0.0175 0.7545
vn -0.0000 -1.0000 -0.0000
vn 0.6571 0.0176 -0.7536
vn -0.0000 -1.0000 -0.0000
vn 0.6412 0.0176 -0.7671
vn 0.6398 0.0185 -0.7683
vn 0.6367 0.0175 -0.7709
vn 0.0000 -1.0000 0.0000
vn 0.6333 -0.0175 -0.7737
vn 0.6224 -0.0175 -0.7825
vn 0.6156 -0.0175 -0.7879
vn -0.0025 -1.0000 0.0032
vn -0.0205 -0.9995 0.0236
vn -0.4520 -0.2044 0.8683
vn -0.2970 -0.7345 0.6101
vn -0.4597 -0.0703 0.8853
vn -0.4188 -0.0701 0.9054
vn -0.4183 -0.0737 0.9053
vn -0.6739 -0.4162 -0.6104
vn -0.6348 -0.1607 -0.7558
vn 0.4112 0.7646 0.4964
vn -0.0015 0.9999 -0.0131
vn 0.0607 -0.9338 0.3525
vn -0.3613 -0.1373 -0.9223
vn 0.3443 0.1773 0.9219
vn -0.3661 -0.0699 -0.9280
vn 0.3443 0.1773 0.9219
vn -0.4061 -0.0698 -0.9112
vn -0.4293 -0.0697 -0.9005
vn -0.4319 -0.0747 -0.8988
vn 0.4293 -0.1642 0.8881
vn -0.4369 -0.0697 -0.8968
vn -0.4156 -0.2550 -0.8731
vn 0.4293 -0.1642 0.8881
vn 0.6017 -0.0175 0.7985
vn -0.0015 -1.0000 -0.0020
vn 0.6087 -0.0175 0.7932
vn 0.6154 0.0283 0.7877
vn -0.0000 -1.0000 -0.0000
vn 0.6156 -0.0175 0.7879
vn 0.6224 0.0175 0.7825
vn 0.6360 0.0175 0.7715
vn 0.6421 0.0175 0.7664
vn 0.0000 -1.0000 0.0000
vn 0.6427 0.0175 -0.7660
vn 0.0000 -1.0000 0.0000
vn -0.6383 -0.0173 0.7696
vn -0.0000 -1.0000 -0.0000
vn 0.6156 -0.0175 -0.7879
vn 0.6087 -0.0175 -0.7932
vn 0.6017 -0.0175 -0.7985
vn 0.0222 -0.9990 0.0382
vn -0.4310 -0.0705 0.8996
vn -0.4090 -0.0699 0.9099
vn -0.4126 -0.0704 0.9082
vn -0.5605 -0.1472 0.8150
vn -0.8383 -0.3733 0.3974
vn -0.6986 0.1733 -0.6943
vn 0.0403 -0.9961 0.0780
vn -0.5984 -0.3472 -0.7220
vn 0.0403 -0.9961 0.0780
vn 0.3954 0.7785 0.4874
vn 0.6383 0.0182 0.7696
vn -0.7507 0.1732 0.6375
vn -0.3848 -0.0707 -0.9203
vn 0.3443 0.1773 0.9219
vn -0.3875 -0.0701 -0.9192
vn -0.4212 -0.0697 -0.9043
vn -0.4119 -0.2403 -0.8790
vn 0.4293 -0.1642 0.8881
vn 0.5877 -0.0175 0.8089
vn -0.0042 -1.0000 -0.0046
vn -0.1573 0.9867 -0.0421
vn 0.4303 0.8604 0.2729
vn 0.5074 0.1306 0.8517
vn 0.5942 0.0455 0.8030
vn 0.5947 -0.0175 0.8037
vn 0.6038 0.0272 0.7967
vn 0.0000 -1.0000 0.0000
vn 0.6017 -0.0175 0.7985
vn 0.6132 0.0175 0.7897
vn 0.6224 0.0175 0.7825
vn 0.0000 -1.0000 0.0000
vn 0.6209 0.0176 -0.7837
vn -0.6383 -0.0173 0.7696
vn 0.0000 -1.0000 0.0000
vn 0.6129 0.0177 -0.7900
vn 0.0000 -1.0000 -0.0000
vn 0.6017 -0.0175 -0.7985
vn 0.5947 -0.0175 -0.8037
vn 0.5877 -0.0175 -0.8089
vn -0.0175 -0.9996 0.0241
vn -0.4192 -0.0840 0.9040
vn 0.3261 0.8523 0.4089
vn 0.0896 0.7923 0.6035
vn -0.2854 -0.0716 0.9557
vn 0.4199 -0.0557 0.9059
vn -0.5864 -0.1606 0.7939
vn -0.3898 -0.0699 0.9183
vn 0.4199 -0.0557 0.9059
vn -0.4125 -0.8943 -0.1732
vn -0.6767 -0.3582 -0.6432
vn -0.6117 -0.3465 -0.7112
vn -0.3579 -0.1081 -0.9275
vn -0.4116 -0.0705 -0.9087
vn 0.0318 0.9993 0.0218
vn 0.6903 0.4990 0.5239
vn 0.5692 -0.0175 0.8220
vn -0.0006 -1.0000 -0.0009
vn 0.5806 -0.0175 0.8140
vn 0.5825 0.0312 0.8122
vn 0.0000 -1.0000 0.0000
vn 0.5877 -0.0175 0.8089
vn 0.5947 0.0175 0.8037
vn 0.6057 0.0175 0.7955
vn 0.0000 -1.0000 0.0000
vn 0.6050 0.0176 -0.7960
vn -0.0000 -1.0000 -0.0000
vn 0.5892 0.0176 -0.8078
vn 0.5909 0.0177 -0.8065
vn -0.0000 -1.0000 -0.0000
vn 0.5877 -0.0175 -0.8089
vn 0.5806 -0.0175 -0.8140
vn 0.5735 -0.0175 -0.8190
vn -0.1033 -0.9943 -0.0276
vn -0.0314 -0.9942 0.1033
vn -0.4115 -0.0713 0.9086
vn -0.4786 -0.1951 0.8561
vn 0.3367 -0.0578 0.9398
vn -0.2738 -0.7638 0.5845
vn -0.3928 -0.0702 0.9170
vn 0.4199 -0.0557 0.9059
vn -0.6161 -0.3190 -0.7202
vn -0.6193 -0.2953 -0.7275
vn -0.0037 0.9997 -0.0260
vn 0.0607 -0.9338 0.3525
vn -0.3403 -0.0706 -0.9377
vn -0.3787 -0.0700 -0.9229
vn -0.3963 -0.0703 -0.9154
vn 0.1134 0.9912 0.0682
vn 0.5736 0.0303 0.8186
vn 0.0000 -1.0000 0.0000
vn 0.5692 -0.0175 0.8220
vn 0.5770 0.0174 0.8166
vn 0.5879 0.0175 0.8087
vn 0.0000 -1.0000 0.0000
vn 0.5875 0.0175 -0.8091
vn 0.0000 -1.0000 -0.0000
vn 0.5751 0.0279 -0.8176
vn -0.5781 -0.0631 0.8135
vn 0.5883 0.0176 -0.8084
vn -0.0000 -1.0000 0.0000
vn 0.5735 -0.0175 -0.8190
vn 0.6716 0.2489 -0.6978
vn -0.5781 -0.0631 0.8135
vn 0.5663 -0.0175 -0.8240
vn 0.6241 0.2981 -0.7223
vn 0.5518 -0.0175 -0.8338
vn -0.5515 0.0174 0.8340
vn 0.5519 -0.0174 -0.8338
vn -0.5515 0.0174 0.8340
vn -0.0010 -1.0000 0.0016
vn -0.3985 -0.0718 0.9143
vn -0.4234 -0.0704 0.9032
vn 0.3367 -0.0578 0.9398
vn -0.4181 -0.0833 0.9046
vn 0.5556 0.0744 -0.8281
vn -0.5868 -0.1054 0.8028
vn 0.5556 0.0744 -0.8281
vn -0.6349 -0.2711 -0.7235
vn -0.6195 -0.2601 -0.7407
vn -0.4851 0.6818 -0.5476
vn -0.7499 0.1732 0.6385
vn -0.4172 -0.1912 -0.8885
vn 0.8696 -0.0260 -0.4931
vn -0.3588 -0.0701 -0.9308
vn -0.3737 -0.0701 -0.9249
vn 0.5298 -0.0175 0.8479
vn -0.0004 -1.0000 -0.0007
vn 0.5372 -0.0175 0.8433
vn 0.5436 0.0310 0.8388
vn -0.0000 -1.0000 -0.0000
vn 0.5372 -0.0175 0.8432
vn 0.5561 0.0278 0.8306
vn 0.5518 0.0175 0.8338
vn 0.5653 0.0175 0.8247
vn 0.5733 0.0174 0.8192
vn 0.0000 -1.0000 0.0000
vn 0.5742 0.0176 -0.8185
vn -0.0000 -1.0000 -0.0000
vn 0.5573 0.0176 -0.8301
vn 0.5566 0.0213 -0.8305
vn -0.5781 -0.0631 0.8135
vn 0.5551 0.0175 -0.8316
vn 0.0000 -1.0000 0.0000
vn 0.5591 -0.0175 -0.8289
vn -0.0000 -1.0000 0.0000
vn 0.5446 -0.0174 -0.8385
vn -0.5515 0.0174 0.8340
vn 0.5422 -0.0174 -0.8401
vn 0.5343 -0.0174 -0.8451
vn -0.0017 -1.0000 0.0027
vn -0.3856 -0.0711 0.9199
vn 0.3367 -0.0578 0.9398
vn -0.3701 -0.0702 0.9264
vn 0.5556 0.0744 -0.8281
vn -0.6433 -0.1071 0.7581
vn -0.6307 -0.2209 -0.7439
vn -0.3144 -0.8801 -0.3557
vn -0.7507 0.1732 0.6375
vn 0.6341 0.1035 0.7663
vn 0.6367 0.0599 0.7688
vn -0.7507 0.1732 0.6376
vn -0.7507 0.1732 0.6375
vn 0.6386 0.0231 0.7692
vn -0.0013 0.9999 -0.0131
vn 0.9907 -0.1311 0.0353
vn 0.2702 -0.1444 0.9519
vn 0.5150 -0.0175 0.8570
vn -0.0033 -1.0000 -0.0034
vn 0.5224 -0.0175 0.8525
vn 0.5304 0.0314 0.8472
vn 0.0000 -1.0000 0.0000
vn 0.5298 -0.0175 0.8479
vn 0.5413 0.0175 0.8407
vn 0.5520 0.0175 0.8337
vn -0.0000 -1.0000 -0.0000
vn 0.5511 0.0175 -0.8343
vn 0.0000 -1.0000 0.0000
vn 0.5489 0.0221 -0.8356
vn 0.5479 0.0176 -0.8363
vn 0.5311 0.0315 -0.8467
vn -0.5386 -0.0650 0.8400
vn 0.0000 -1.0000 -0.0000
vn 0.5298 -0.0175 -0.8479
vn 0.5224 -0.0175 -0.8525
vn 0.5150 -0.0175 -0.8570
vn -0.0024 -1.0000 0.0040
vn -0.3799 -0.0712 0.9223
vn 0.5426 0.0738 -0.8367
vn -0.4687 -0.0811 0.8796
vn 0.5426 0.0738 -0.8367
vn -0.0244 0.9341 -0.3563
vn -0.0544 0.0225 -0.9983
vn -0.3400 -0.0698 -0.9378
vn -0.3721 -0.0700 -0.9255
vn -0.3753 -0.1357 -0.9169
vn 0.4999 -0.0175 0.8659
vn -0.0001 -1.0000 -0.0002
vn 0.5075 -0.0175 0.8615
vn 0.5140 0.0295 0.8573
vn 0.0000 -1.0000 0.0000
vn 0.5150 -0.0175 0.8570
vn 0.5218 0.0175 0.8529
vn 0.5342 0.0175 0.8452
vn 0.0000 -1.0000 0.0000
vn 0.5354 0.0176 -0.8444
vn 0.0000 -1.0000 -0.0000
vn 0.5812 0.1325 -0.8029
vn -0.5386 -0.0650 0.8400
vn 0.5134 0.0176 -0.8580
vn 0.5127 0.0206 -0.8583
vn -0.5386 -0.0650 0.8400
vn 0.0000 -1.0000 0.0000
vn 0.5150 -0.0175 -0.8570
vn 0.5075 -0.0175 -0.8615
vn 0.4999 -0.0175 -0.8659
vn -0.0014 -1.0000 0.0024
vn -0.0272 -0.9993 -0.0242
vn -0.3312 -0.2282 0.9155
vn -0.4069 -0.0716 0.9107
vn -0.3567 -0.0703 0.9316
vn 0.5426 0.0738 -0.8367
vn -0.9859 -0.1471 -0.0793
vn -0.7222 -0.1561 0.6738
vn -0.4851 0.6818 -0.5476
vn -0.3144 -0.8801 -0.3557
vn -0.0169 0.9373 -0.3480
vn -0.3247 -0.0698 -0.9432
vn -0.3408 -0.0697 -0.9375
vn -0.3454 -0.0896 -0.9342
vn 0.3456 -0.1631 0.9241
vn -0.3514 -0.0698 -0.9336
vn -0.3491 -0.1505 -0.9249
vn 0.3456 -0.1631 0.9241
vn -0.4013 -0.4052 -0.8214
vn -0.2169 -0.8667 -0.4492
vn 0.4847 -0.0175 0.8745
vn -0.0000 -1.0000 -0.0001
vn 0.4924 -0.0175 0.8702
vn 0.5016 0.0285 0.8646
vn 0.0000 -1.0000 0.0000
vn 0.4999 -0.0175 0.8659
vn 0.5075 0.0175 0.8615
vn 0.5154 0.0175 0.8568
vn 0.0000 -1.0000 0.0000
vn 0.5147 0.0175 -0.8572
vn 0.0000 -1.0000 0.0000
vn 0.5097 0.0175 -0.8602
vn 0.5734 0.0206 -0.8190
vn -0.0000 -1.0000 -0.0000
vn 0.4999 -0.0175 -0.8659
vn 0.6870 0.2449 -0.6842
vn -0.1077 0.0271 -0.9938
vn 0.4924 -0.0175 -0.8702
vn 0.4847 -0.0175 -0.8745
vn -0.0011 -1.0000 0.0019
vn -0.3520 -0.0704 0.9334
vn -0.8753 -0.0807 0.4769
vn -0.7753 -0.0309 -0.6309
vn -0.2913 -0.0759 -0.9536
vn -0.2865 -0.0700 -0.9555
vn -0.3320 -0.0698 -0.9407
vn -0.3330 -0.1826 -0.9251
vn 0.3456 -0.1631 0.9241
vn 0.4694 -0.0175 0.8828
vn -0.0001 -1.0000 -0.0002
vn 0.4771 -0.0175 0.8787
vn 0.4840 0.0296 0.8746
vn 0.0000 -1.0000 0.0000
vn 0.4847 -0.0175 0.8745
vn 0.4935 0.0175 0.8696
vn 0.4997 0.0175 0.8660
vn -0.0000 -1.0000 -0.0000
vn 0.5000 0.0175 -0.8659
vn 0.0000 -1.0000 0.0000
vn 0.4917 0.0199 -0.8705
vn 0.4039 0.0218 -0.9145
vn -0.0000 -1.0000 -0.0000
vn 0.4847 -0.0175 -0.8745
vn 0.4771 -0.0175 -0.8787
vn 0.4694 -0.0175 -0.8828
vn -0.0019 -1.0000 0.0036
vn -0.3361 -0.0704 0.9392
vn -0.4468 -0.0611 0.8925
vn -0.9610 -0.1431 0.2364
vn -0.3687 -0.0716 0.9268
vn -0.3173 -0.0703 -0.9457
vn -0.3047 -0.0700 -0.9499
vn 0.4540 -0.0573 -0.8892
vn -0.3244 -0.0720 -0.9432
vn -0.1472 -0.9769 -0.1551
vn 0.6911 -0.0807 0.7183
vn 0.4539 -0.0175 0.8909
vn -0.0000 -1.0000 -0.0001
vn 0.3681 0.0659 0.9274
vn 0.4617 -0.0175 0.8869
vn 0.4719 0.0301 0.8811
vn 0.0000 -1.0000 0.0000
vn 0.4694 -0.0175 0.8828
vn 0.4790 0.0174 0.8776
vn 0.4848 0.0174 0.8745
vn -0.0000 -1.0000 -0.0000
vn 0.4840 0.0175 -0.8749
vn -0.0000 -1.0000 -0.0000
vn 0.4838 0.0176 -0.8750
vn 0.4673 0.0241 -0.8838
vn -0.6465 -0.2517 0.7202
vn 0.0000 -1.0000 0.0000
vn 0.4694 -0.0175 -0.8828
vn 0.5346 0.1311 -0.8349
vn 0.1795 0.0205 -0.9835
vn 0.4617 -0.0175 -0.8869
vn 0.4539 -0.0175 -0.8909
vn -0.0013 -1.0000 0.0025
vn 0.5504 0.4621 -0.6954
vn 0.2805 0.9243 0.2589
vn -0.2918 -0.1232 0.9485
vn -0.2238 -0.6378 0.7370
vn -0.8894 -0.2659 0.3719
vn -0.4775 -0.0753 0.8754
vn 0.3608 -0.0694 0.9301
vn -0.2806 -0.0894 -0.9556
vn -0.2910 -0.0698 -0.9542
vn -0.3170 -0.0701 -0.9458
vn 0.4540 -0.0573 -0.8892
vn -0.0184 -0.9994 -0.0302
vn -0.1462 0.9881 -0.0481
vn 0.4383 -0.0175 0.8987
vn -0.0001 -1.0000 -0.0001
vn 0.4461 -0.0175 0.8948
vn 0.4476 0.0477 0.8929
vn -0.0000 -1.0000 -0.0000
vn 0.4539 -0.0175 0.8909
vn 0.4618 0.0175 0.8868
vn 0.4688 0.0175 0.8831
vn 0.0000 -1.0000 0.0000
vn 0.4704 0.0176 -0.8823
vn 0.0000 -1.0000 -0.0000
vn 0.4717 0.0566 -0.8799
vn -0.6465 -0.2517 0.7202
vn -0.6465 -0.2517 0.7202
vn 0.4683 0.0176 -0.8834
vn 0.4485 0.0176 -0.8936
vn 0.0000 -1.0000 0.0000
vn 0.4539 -0.0175 -0.8909
vn 0.4461 -0.0175 -0.8948
vn 0.4383 -0.0175 -0.8987
vn -0.0012 -1.0000 0.0026
vn -0.3158 -0.0741 0.9459
vn -0.1686 -0.0725 0.9830
vn -0.3650 -0.0743 0.9280
vn -0.2427 -0.0741 -0.9673
vn -0.3258 -0.0703 -0.9428
vn -0.3657 -0.2574 -0.8944
vn 0.4540 -0.0573 -0.8892
vn -0.0355 -0.9981 -0.0508
vn 0.2595 0.9308 0.2574
vn 0.4226 -0.0175 0.9062
vn -0.0009 -1.0000 -0.0009
vn 0.4253 -0.0175 0.9049
vn 0.4367 0.0198 0.8994
vn 0.4287 0.0174 0.9033
vn -0.0000 -1.0000 0.0000
vn 0.4336 -0.0175 0.9009
vn 0.4462 0.0175 0.8948
vn 0.4383 0.0175 0.8987
vn -0.0000 -1.0000 -0.0000
vn 0.4545 0.0175 0.8906
vn -0.0000 -1.0000 -0.0000
vn 0.4458 0.0177 -0.8950
vn 0.0000 -1.0000 -0.0000
vn 0.4050 0.0186 -0.9141
vn 0.4364 0.0176 -0.8996
vn -0.7819 -0.0077 0.6233
vn 0.0000 -1.0000 -0.0000
vn 0.4336 -0.0175 -0.9009
vn 0.4253 -0.0175 -0.9049
vn 0.4226 -0.0175 -0.9062
vn -0.0020 -1.0000 0.0043
vn -0.0141 -0.9999 -0.0058
vn -0.1787 -0.7980 0.5755
vn -0.2457 -0.0736 0.9665
vn -0.1803 -0.0740 0.9808
vn -0.6237 -0.0663 0.7789
vn -0.6642 -0.3594 -0.6555
vn 0.5568 0.4884 0.6719
vn -0.3595 -0.0721 -0.9303
vn -0.2768 -0.0702 -0.9584
vn -0.2908 -0.0796 -0.9535
vn -0.1384 -0.9473 -0.2888
vn 0.2595 0.9308 0.2574
vn 0.4067 -0.0175 0.9134
vn 0.0000 -1.0000 0.0000
vn 0.4146 -0.0175 0.9098
vn 0.4146 0.0199 0.9098
vn -0.0000 -1.0000 -0.0000
vn 0.4146 -0.0175 0.9098
vn 0.4146 0.0175 0.9098
vn 0.4225 0.0174 0.9062
vn -0.0000 -1.0000 -0.0000
vn 0.4284 0.0175 -0.9034
vn 0.0000 -1.0000 -0.0000
vn 0.4473 0.0205 -0.8942
vn -0.7819 -0.0077 0.6233
vn -0.7707 -0.0092 0.6371
vn 0.4241 0.0176 -0.9055
vn 0.4217 0.0175 -0.9066
vn 0.4300 0.0620 -0.9007
vn -0.4287 -0.0452 0.9023
vn 0.0000 -1.0000 -0.0000
vn 0.4146 -0.0175 -0.9098
vn 0.4146 -0.0175 -0.9098
vn 0.4067 -0.0175 -0.9134
vn -0.0076 -1.0000 -0.0037
vn -0.0470 -0.9926 0.1124
vn -0.0421 -0.9426 0.3313
vn -0.5946 -0.4177 -0.6870
vn 0.3276 0.8611 0.3889
vn -0.5698 -0.4499 -0.6877
vn -0.2528 -0.0698 -0.9650
vn -0.2809 -0.0704 -0.9572
vn -0.1910 -0.7932 -0.5782
vn 0.3907 -0.0175 0.9204
vn 0.0004 -1.0000 0.0003
vn 0.0000 -1.0000 0.0000
vn 0.3907 -0.0175 0.9204
vn 0.3987 -0.0175 0.9169
vn 0.3946 0.0208 0.9186
vn 0.4018 0.0174 0.9156
vn 0.4068 0.0174 0.9133
vn 0.0000 -1.0000 0.0000
vn 0.4054 0.0176 -0.9140
vn 0.0000 -1.0000 0.0000
vn 0.3816 0.0177 -0.9241
vn 0.4264 0.0512 -0.9031
vn -0.4287 -0.0452 0.9023
vn 0.8097 0.4082 -0.4216
vn -0.0000 -1.0000 -0.0000
vn 0.3907 -0.0175 -0.9204
vn 0.3987 -0.0175 -0.9169
vn 0.3907 -0.0175 -0.9204
vn -0.0008 -1.0000 0.0018
vn -0.0044 -1.0000 -0.0016
vn -0.3473 -0.0724 0.9350
vn -0.4369 -0.1163 0.8920
vn 0.1818 -0.0739 0.9806
vn -0.2988 -0.0853 0.9505
vn -0.0607 -0.0737 0.9954
vn -0.2898 -0.0992 0.9519
vn -0.5794 -0.4917 -0.6500
vn 0.5603 0.4780 0.6764
vn -0.5663 -0.5248 -0.6355
vn -0.0985 0.0197 -0.9949
vn -0.0043 -0.9989 -0.0477
vn -0.2810 -0.2870 -0.9158
vn 0.6949 -0.4234 -0.5812
vn 0.0267 -0.9996 -0.0033
vn -0.2308 -0.0724 -0.9703
vn 0.8696 -0.0260 -0.4931
vn -0.2657 -0.0705 -0.9615
vn 0.3697 -0.0175 0.9290
vn -0.0000 -1.0000 -0.0001
vn 0.3826 -0.0175 0.9237
vn 0.3737 0.0208 0.9273
vn 0.0000 -1.0000 0.0000
vn 0.3697 -0.0175 0.9290
vn 0.3835 0.0175 0.9234
vn 0.3902 0.0175 0.9206
vn 0.0000 -1.0000 0.0000
vn 0.3906 0.0175 -0.9204
vn 0.0000 -1.0000 0.0000
vn 0.5850 0.4193 -0.6943
vn 0.3838 0.0176 -0.9233
vn 0.3832 0.0175 -0.9235
vn -0.0000 -1.0000 -0.0000
vn 0.3772 -0.0175 -0.9260
vn 0.3826 -0.0175 -0.9237
vn 0.3773 -0.0175 -0.9259
vn -0.0009 -1.0000 0.0017
vn -0.0045 -0.9996 0.0288
vn -0.2623 -0.0733 0.9622
vn -0.3435 -0.1010 0.9337
vn -0.2699 -0.0818 0.9594
vn -0.9998 -0.0183 -0.0078
vn -0.5417 -0.6009 -0.5878
vn 0.4453 0.7170 0.5364
vn -0.5190 -0.5819 -0.6262
vn 0.5329 0.5495 0.6435
vn -0.0678 -0.0859 -0.9940
vn 0.0680 -0.0495 0.9965
vn -0.2194 -0.0815 -0.9722
vn -0.3616 -0.0710 -0.9296
vn 0.8696 -0.0260 -0.4931
vn 0.1485 -0.0678 -0.9866
vn -0.2323 -0.0703 -0.9701
vn 0.3586 0.0207 0.9333
vn 0.3675 0.0174 0.9299
vn 0.3746 0.0175 0.9270
vn 0.0000 -1.0000 0.0000
vn 0.3736 0.0175 -0.9274
vn -0.0000 -1.0000 -0.0000
vn 0.3610 0.0175 -0.9324
vn 0.3862 0.0452 -0.9213
vn 0.3685 0.0409 -0.9287
vn -0.0103 -0.9998 0.0156
vn -0.9998 -0.0183 -0.0078
vn -0.2209 -0.0990 0.9703
vn 0.4891 0.6419 0.5905
vn -0.0784 0.0202 -0.9967
vn -0.0486 0.9278 0.3699
vn 0.1052 -0.0573 -0.9928
vn -0.2101 -0.1001 -0.9725
vn 0.1983 0.1333 0.9711
vn 0.1983 0.1333 0.9711
vn -0.2131 -0.0698 -0.9745
vn -0.2216 -0.0698 -0.9726
vn 0.0305 -0.9992 0.0277
vn 0.3338 -0.0175 0.9425
vn 0.3392 -0.0175 0.9405
vn -0.0000 -1.0000 -0.0001
vn 0.3419 0.0228 0.9394
vn -0.0000 -1.0000 -0.0000
vn 0.3393 -0.0175 0.9405
vn 0.3494 0.0174 0.9368
vn 0.3583 0.0175 0.9334
vn -0.0000 -1.0000 -0.0000
vn 0.3580 0.0175 -0.9335
vn -0.0000 -1.0000 -0.0000
vn 0.3536 0.0175 -0.9352
vn 0.3515 0.0417 -0.9353
vn 0.0000 -1.0000 -0.0000
vn 0.3469 -0.0175 -0.9377
vn 0.3338 -0.0175 -0.9425
vn 0.3468 -0.0175 -0.9378
vn 0.0180 -0.9995 0.0245
vn 0.0043 -0.9994 0.0355
vn -0.8347 -0.5295 0.1511
vn -0.9091 -0.2740 -0.3139
vn -0.0421 -0.9426 0.3313
vn -0.1253 -0.1079 0.9862
vn -0.0636 0.0176 -0.9978
vn -0.0164 -0.6124 0.7904
vn -0.0485 -0.9136 0.4037
vn -0.2236 -0.0751 -0.9718
vn 0.1983 0.1333 0.9711
vn -0.2478 -0.0708 -0.9662
vn -0.0019 1.0000 -0.0007
vn -0.0135 -0.9985 -0.0528
vn 0.3255 -0.0175 0.9454
vn -0.0000 -1.0000 -0.0001
vn 0.3172 -0.0175 0.9482
vn 0.3247 0.0179 0.9456
vn 0.0000 -1.0000 0.0000
vn 0.3255 -0.0175 0.9454
vn 0.3331 0.0175 0.9427
vn 0.3420 0.0175 0.9395
vn -0.0000 -1.0000 -0.0000
vn 0.3413 0.0175 -0.9398
vn 0.0000 -1.0000 -0.0000
vn 0.3323 0.0176 -0.9430
vn 0.3618 0.1059 -0.9262
vn 0.3261 0.0177 -0.9452
vn 0.0000 -1.0000 -0.0000
vn 0.3255 -0.0175 -0.9454
vn 0.3173 -0.0175 -0.9482
vn 0.3255 -0.0175 -0.9454
vn 0.0046 -0.9999 0.0138
vn -0.0039 -0.9996 0.0288
vn -0.2124 -0.0699 -0.9747
vn -0.2114 -0.0700 -0.9749
vn -0.0399 -0.9927 -0.1140
vn -0.0168 -0.9997 -0.0182
vn -0.5722 -0.5812 -0.5786
vn 0.3090 -0.0175 0.9509
vn 0.0003 -1.0000 0.0003
vn 0.3007 -0.0175 0.9536
vn 0.3249 0.0180 0.9456
vn -0.0000 -1.0000 -0.0000
vn 0.3090 -0.0175 0.9509
vn 0.3172 0.0175 0.9482
vn 0.3261 0.0175 0.9452
vn 0.0000 -1.0000 0.0000
vn 0.3250 0.0175 -0.9456
vn 0.0000 -1.0000 -0.0000
vn 0.3298 0.0176 -0.9439
vn 0.3322 0.0935 -0.9386
vn -0.3445 -0.0815 0.9352
vn 0.0000 -1.0000 -0.0000
vn 0.3090 -0.0175 -0.9509
vn 0.3007 -0.0175 -0.9536
vn 0.3090 -0.0175 -0.9509
vn -0.0017 -1.0000 0.0051
vn 0.3915 0.9060 0.1607
vn -0.3555 -0.8774 -0.3220
vn 0.4052 0.8222 0.3998
vn -0.3555 -0.8774 -0.3220
vn -0.0193 -0.9998 0.0073
vn -0.4386 -0.7260 -0.5296
vn -0.4339 -0.7331 -0.5237
vn -0.2086 -0.0703 -0.9755
vn -0.2280 -0.2382 -0.9441
vn -0.1862 -0.6342 -0.7504
vn -0.0077 -0.9999 -0.0094
vn 0.2093 0.9555 0.2080
vn 0.0126 0.9989 0.0444
vn -0.0135 -0.9985 -0.0528
vn 0.2840 -0.0175 0.9587
vn 0.2923 -0.0175 0.9562
vn -0.0000 -1.0000 -0.0001
vn 0.2740 0.0181 0.9616
vn -0.0000 -1.0000 -0.0000
vn 0.2923 -0.0175 0.9562
vn 0.3095 0.1047 0.9451
vn 0.3007 0.0178 0.9536
vn 0.3087 0.0175 0.9510
vn -0.0000 -1.0000 -0.0000
vn 0.3101 0.0176 -0.9506
vn 0.0000 -1.0000 -0.0000
vn 0.2866 0.0176 -0.9579
vn 0.3050 0.0461 -0.9512
vn -0.3445 -0.0815 0.9352
vn -0.3445 -0.0815 0.9352
vn 0.2856 0.0184 -0.9582
vn 0.0000 -1.0000 -0.0000
vn 0.2923 -0.0175 -0.9562
vn 0.2840 -0.0175 -0.9587
vn 0.2923 -0.0175 -0.9562
vn -0.0008 -1.0000 0.0025
vn -0.0096 -0.9998 0.0174
vn -0.2080 -0.1991 0.9576
vn -0.4200 -0.7536 -0.5057
vn 0.3959 0.7841 0.4780
vn -0.0726 -0.8541 0.5151
vn -0.0222 -0.9978 0.0618
vn 0.1052 -0.0573 -0.9928
vn -0.1909 -0.0701 -0.9791
vn -0.2012 -0.1163 -0.9726
vn 0.0133 0.9998 0.0175
vn -0.0135 -0.9985 -0.0528
vn 0.0499 0.9576 0.2838
vn 0.1960 0.1927 0.9615
vn 0.2756 -0.0175 0.9611
vn -0.0000 -1.0000 -0.0001
vn 0.2672 -0.0175 0.9635
vn 0.2758 0.0180 0.9611
vn 0.0000 -1.0000 0.0000
vn 0.2756 -0.0175 0.9611
vn 0.2840 0.0175 0.9587
vn 0.2925 0.0175 0.9561
vn 0.0000 -1.0000 0.0000
vn 0.2921 0.0175 -0.9562
vn 0.0000 -1.0000 -0.0000
vn 0.2775 0.0186 -0.9606
vn 0.2834 0.0175 -0.9588
vn 0.0000 -1.0000 -0.0000
vn 0.2756 -0.0175 -0.9611
vn 0.2672 -0.0175 -0.9635
vn 0.2756 -0.0175 -0.9611
vn -0.0174 -0.9998 -0.0129
vn -0.0146 -0.9992 0.0374
vn -0.5138 -0.8019 -0.3047
vn 0.1997 -0.9484 0.2462
vn -0.3826 -0.8005 -0.4613
vn 0.1997 -0.9484 0.2462
vn 0.3730 0.8112 0.4504
vn 0.2588 -0.0175 0.9658
vn -0.0000 -1.0000 -0.0001
vn 0.2503 -0.0175 0.9680
vn 0.2615 0.0389 0.9644
vn -0.0000 -1.0000 -0.0000
vn 0.2588 -0.0175 0.9658
vn 0.2674 0.0175 0.9634
vn 0.2749 0.0175 0.9613
vn 0.0000 -1.0000 0.0000
vn 0.2757 0.0175 -0.9611
vn -0.0000 -1.0000 -0.0000
vn 0.2683 0.0175 -0.9632
vn 0.2594 0.0197 -0.9656
vn 0.0000 -1.0000 0.0000
vn 0.2588 -0.0175 -0.9658
vn 0.2503 -0.0175 -0.9680
vn 0.2588 -0.0175 -0.9658
vn -0.0079 -0.9999 -0.0067
vn 0.0167 -0.9997 0.0179
vn -0.0183 -0.9952 0.0957
vn -0.1223 -0.0885 0.9885
vn -0.1605 -0.1000 0.9820
vn -0.0276 -0.0743 0.9969
vn -0.3585 -0.8279 -0.4314
vn 0.3490 0.8372 0.4211
vn -0.0126 -0.9997 -0.0208
vn 0.2419 -0.0175 0.9701
vn -0.0000 -1.0000 -0.0001
vn 0.2334 -0.0175 0.9722
vn 0.2403 0.0314 0.9702
vn -0.0000 -1.0000 -0.0000
vn 0.2419 -0.0175 0.9701
vn 0.2505 0.0174 0.9680
vn 0.2588 0.0175 0.9658
vn 0.0000 -1.0000 0.0000
vn 0.2582 0.0174 -0.9659
vn 0.0000 -1.0000 -0.0000
vn 0.2528 0.0174 -0.9674
vn 0.2473 0.0204 -0.9687
vn 0.0000 -1.0000 0.0000
vn 0.2419 -0.0175 -0.9702
vn 0.2334 -0.0175 -0.9722
vn 0.2419 -0.0175 -0.9701
vn -0.0002 -1.0000 0.0008
vn -0.0132 -0.9999 0.0031
vn -0.1680 -0.0698 0.9833
vn -0.1054 -0.1201 0.9872
vn -0.3426 -0.8443 -0.4120
vn -0.3375 -0.8486 -0.4074
vn -0.0075 -0.9999 -0.0150
vn 0.2164 -0.0175 0.9761
vn 0.2249 -0.0175 0.9742
vn 0.0022 -1.0000 0.0020
vn 0.2257 0.0298 0.9737
vn -0.2355 -0.0176 -0.9717
vn 0.0000 -1.0000 0.0000
vn 0.2249 -0.0175 0.9742
vn 0.2272 0.0175 0.9737
vn 0.2368 0.0175 0.9714
vn -0.0000 -1.0000 -0.0000
vn 0.2384 0.0175 -0.9710
vn 0.2418 0.0175 -0.9702
vn 0.0000 -1.0000 0.0000
vn 0.2303 0.0206 -0.9729
vn 0.2221 0.0207 -0.9748
vn 0.0000 -1.0000 0.0000
vn 0.2249 -0.0175 -0.9742
vn 0.2164 -0.0175 -0.9761
vn 0.2249 -0.0175 -0.9742
vn -0.0004 -1.0000 0.0016
vn -0.0083 -0.9999 0.0086
vn -0.0585 -0.8497 0.5241
vn -0.1556 -0.0698 0.9854
vn -0.1597 -0.0950 0.9826
vn -0.3366 -0.8783 -0.3396
vn -0.1298 -0.0706 -0.9890
vn -0.1304 -0.0699 -0.9890
vn -0.0060 -0.9999 -0.0117
vn 0.1958 0.9612 0.1944
vn 0.2079 -0.0175 0.9780
vn -0.0001 -1.0000 -0.0005
vn 0.1993 -0.0175 0.9798
vn 0.2055 0.0316 0.9782
vn 0.0000 -1.0000 0.0000
vn 0.2079 -0.0175 0.9780
vn 0.2166 0.0175 0.9761
vn -0.2355 -0.0176 -0.9717
vn 0.2166 0.0175 0.9761
vn -0.2355 -0.0176 -0.9717
vn 0.0000 -1.0000 0.0000
vn 0.2165 0.0175 -0.9761
vn 0.0000 -1.0000 0.0000
vn 0.2115 0.0188 -0.9772
vn 0.9239 0.0214 -0.3819
vn -0.0000 -1.0000 -0.0000
vn 0.2079 -0.0175 -0.9780
vn 0.1993 -0.0175 -0.9798
vn 0.2079 -0.0175 -0.9780
vn -0.0002 -1.0000 0.0009
vn 0.4235 0.8158 0.3939
vn 0.3157 0.5438 -0.7776
vn -0.0055 -0.9999 0.0102
vn -0.1428 -0.0706 0.9872
vn -0.1397 -0.1684 0.9758
vn -0.1407 -0.0701 0.9876
vn -0.1585 -0.1178 0.9803
vn -0.2886 -0.9012 -0.3232
vn 0.2877 0.8925 0.3473
vn -0.0354 0.0178 -0.9992
vn 0.0008 -1.0000 -0.0007
vn -0.1314 -0.1940 -0.9722
vn -0.1376 -0.0699 -0.9880
vn 0.5302 -0.0655 -0.8453
vn -0.1430 -0.0726 -0.9871
vn 0.0379 0.9499 0.3102
vn 0.1908 -0.0175 0.9815
vn -0.0001 -1.0000 -0.0004
vn 0.1822 -0.0175 0.9831
vn 0.1928 0.0322 0.9807
vn -0.0000 -1.0000 -0.0000
vn 0.1908 -0.0175 0.9815
vn 0.2002 0.0174 0.9796
vn 0.1903 0.0175 0.9816
vn 0.0000 -1.0000 0.0000
vn 0.1956 0.0175 -0.9805
vn 0.0000 -1.0000 0.0000
vn 0.9239 0.0214 -0.3819
vn 0.1651 0.0182 -0.9861
vn 0.1385 0.0206 -0.9902
vn 0.0000 -1.0000 -0.0000
vn 0.1908 -0.0175 -0.9815
vn 0.1822 -0.0175 -0.9831
vn 0.1908 -0.0175 -0.9815
vn -0.0005 -1.0000 0.0025
vn -0.0026 -0.9999 0.0122
vn -0.1374 -0.0704 0.9880
vn -0.3733 -0.0850 0.9238
vn -0.3121 -0.9500 -0.0120
vn -0.2126 -0.3896 0.8961
vn -0.7678 -0.0752 0.6362
vn 0.9279 -0.0555 0.3687
vn -0.2731 -0.9039 -0.3292
vn -0.0332 -0.0896 -0.9954
vn 0.0333 -0.0501 0.9982
vn -0.0557 0.0196 -0.9983
vn -0.0583 -0.9201 -0.3872
vn -0.0922 -0.2381 -0.9668
vn -0.0793 -0.0713 -0.9943
vn -0.1211 -0.0728 -0.9900
vn -0.1028 -0.9891 -0.1051
vn 0.0069 0.9988 0.0478
vn 0.1736 -0.0175 0.9847
vn 0.0034 -1.0000 0.0027
vn 0.1650 -0.0175 0.9861
vn 0.1583 0.0700 0.9849
vn 0.0000 -1.0000 0.0000
vn 0.1736 -0.0175 0.9847
vn 0.1831 0.0175 0.9829
vn 0.1736 0.0175 0.9847
vn -0.0000 -1.0000 -0.0000
vn 0.1751 0.0176 -0.9844
vn -0.0000 -1.0000 -0.0000
vn 0.1945 0.0176 -0.9807
vn 0.1752 0.0235 -0.9842
vn -0.2424 -0.0986 0.9651
vn -0.0000 -1.0000 0.0000
vn 0.1736 -0.0175 -0.9847
vn 0.1650 -0.0175 -0.9861
vn 0.1736 -0.0175 -0.9847
vn -0.0182 -0.9997 -0.0144
vn -0.0014 -0.9999 0.0132
vn -0.1167 -0.0911 0.9890
vn -0.7678 -0.0752 0.6362
vn -0.1221 -0.0697 0.9901
vn 0.9279 -0.0555 0.3687
vn 0.9279 -0.0555 0.3687
vn -0.1142 -0.0890 0.9895
vn -0.0326 0.0178 -0.9993
vn -0.1089 -0.0701 -0.9916
vn -0.0975 -0.0698 -0.9928
vn -0.1109 -0.0710 -0.9913
vn -0.0070 -0.9999 -0.0139
vn 0.1564 -0.0175 0.9875
vn 0.0047 -1.0000 0.0032
vn 0.1569 0.0184 0.9875
vn 0.0000 -1.0000 0.0000
vn 0.1564 -0.0175 0.9875
vn 0.1662 0.0174 0.9859
vn 0.1564 0.0175 0.9875
vn -0.0000 -1.0000 -0.0000
vn 0.1469 0.0177 -0.9890
vn 0.1562 0.0175 -0.9876
vn 0.0000 -1.0000 -0.0000
vn 0.1398 0.0214 -0.9900
vn 0.2385 0.0959 -0.9664
vn -0.2424 -0.0986 0.9651
vn -0.2424 -0.0986 0.9651
vn 0.1845 0.0185 -0.9827
vn 0.0000 -1.0000 0.0000
vn 0.1564 -0.0175 -0.9875
vn 0.1564 -0.0175 -0.9875
vn -0.0069 -1.0000 -0.0048
vn 0.0127 -0.9995 0.0279
vn -0.1111 -0.0755 0.9909
vn -0.2361 -0.9381 -0.2533
vn -0.0287 0.0176 -0.9994
vn 0.0333 -0.0501 0.9982
vn 0.0067 0.9968 0.0799
vn -0.1030 -0.0705 -0.9922
vn -0.0489 -0.0709 -0.9963
vn -0.1078 -0.7541 -0.6478
vn -0.1483 -0.9757 -0.1615
vn 0.1958 0.9612 0.1944
vn -0.0132 -0.9991 -0.0414
vn 0.0042 0.9407 0.3391
vn 0.1391 -0.0175 0.9901
vn -0.0001 -1.0000 -0.0017
vn 0.1401 0.0193 0.9900
vn -0.0000 -1.0000 -0.0000
vn 0.1392 -0.0175 0.9901
vn 0.1478 -0.0175 0.9889
vn 0.1471 0.0174 0.9890
vn 0.1391 0.0175 0.9901
vn -0.0000 -1.0000 -0.0000
vn 0.1481 0.0183 -0.9888
vn 0.1391 0.0175 -0.9901
vn -0.0000 -1.0000 0.0000
vn 0.1049 0.0187 -0.9943
vn -0.0000 -1.0000 -0.0000
vn 0.1392 -0.0175 -0.9901
vn 0.1478 -0.0175 -0.9889
vn 0.1392 -0.0175 -0.9901
vn 0.0057 -1.0000 0.0061
vn 0.0082 -0.9997 0.0238
vn -0.0807 -0.2137 0.9736
vn -0.0998 -0.7101 0.6970
vn -0.0537 -0.0764 0.9956
vn -0.1133 -0.0701 0.9911
vn -0.0978 -0.1477 0.9842
vn -0.1975 -0.9550 -0.2212
vn 0.0000 -1.0000 0.0000
vn 0.0159 0.9953 0.0956
vn -0.0864 -0.1603 -0.9833
vn -0.1031 -0.6527 -0.7506
vn -0.0066 -0.9999 -0.0128
vn 0.1219 -0.0175 0.9924
vn 0.0058 -1.0000 0.0035
vn 0.1305 -0.0175 0.9913
vn 0.1211 0.0197 0.9924
vn 0.0000 -1.0000 0.0000
vn 0.1218 -0.0175 0.9924
vn 0.1299 0.0175 0.9914
vn 0.1224 0.0175 0.9923
vn -0.0000 -1.0000 -0.0000
vn 0.1211 0.0174 -0.9925
vn 0.0000 -1.0000 0.0000
vn 0.1228 0.0208 -0.9922
vn 0.1316 0.0175 -0.9912
vn 0.0000 -1.0000 -0.0000
vn 0.1218 -0.0175 -0.9924
vn 0.1305 -0.0175 -0.9913
vn 0.1218 -0.0175 -0.9924
vn -0.0002 -1.0000 0.0016
vn -0.0101 -0.9999 0.0060
vn -0.0771 -0.0748 0.9942
vn -0.1881 -0.9556 -0.2270
vn -0.0622 -0.0698 -0.9956
vn -0.1163 -0.0708 -0.9907
vn -0.0035 -1.0000 -0.0088
vn 0.1045 -0.0175 0.9944
vn 0.0069 -1.0000 0.0036
vn 0.1132 -0.0175 0.9934
vn 0.1066 0.0199 0.9941
vn -0.0000 -1.0000 -0.0000
vn 0.1045 -0.0175 0.9944
vn 0.1132 0.0175 0.9934
vn 0.1043 0.0175 0.9944
vn 0.0000 -1.0000 0.0000
vn 0.1044 0.0175 -0.9944
vn -0.0000 -1.0000 -0.0000
vn 0.1057 0.0186 -0.9942
vn 0.1151 0.0174 -0.9932
vn 0.0000 -1.0000 0.0000
vn 0.1045 -0.0175 -0.9944
vn 0.1132 -0.0175 -0.9934
vn 0.1045 -0.0175 -0.9944
vn -0.0068 -1.0000 -0.0054
vn -0.0033 -1.0000 0.0082
vn -0.1312 -0.9836 -0.1234
vn -0.0581 -0.0698 -0.9959
vn -0.0620 -0.0709 -0.9956
vn -0.0021 -1.0000 -0.0081
vn 0.0871 -0.0175 0.9960
vn -0.0176 -0.9997 -0.0193
vn 0.0958 -0.0175 0.9952
vn 0.0864 0.0207 0.9960
vn -0.0000 -1.0000 -0.0000
vn 0.0871 -0.0175 0.9960
vn 0.0973 0.0175 0.9951
vn 0.0872 0.0174 0.9960
vn 0.0000 -1.0000 0.0000
vn 0.0870 0.0175 -0.9961
vn 0.0000 -1.0000 0.0000
vn 0.0908 0.0184 -0.9957
vn 0.0958 0.0174 -0.9952
vn 0.1314 0.0751 -0.9885
vn 0.0000 -1.0000 0.0000
vn 0.0871 -0.0175 -0.9960
vn 0.0958 -0.0175 -0.9952
vn 0.0871 -0.0175 -0.9960
vn -0.0024 -1.0000 -0.0021
vn 0.0048 -0.9879 0.1548
vn -0.0526 -0.1225 0.9911
vn -0.0575 -0.0705 0.9959
vn -0.0084 -0.7722 0.6353
vn -0.0682 -0.0708 -0.9952
vn -0.0568 -0.0698 -0.9959
vn -0.0524 -0.0784 -0.9955
vn -0.0003 -1.0000 -0.0062
vn 0.0697 -0.0175 0.9974
vn 0.0006 -1.0000 0.0006
vn 0.0784 -0.0175 0.9968
vn 0.0054 0.2419 0.9703
vn 0.0722 0.0208 0.9972
vn -0.0000 -1.0000 -0.0000
vn 0.0697 -0.0175 0.9974
vn 0.0808 0.0174 0.9966
vn 0.0690 0.0175 0.9975
vn 0.0000 -1.0000 0.0000
vn 0.0698 0.0174 -0.9974
vn 0.0000 -1.0000 0.0000
vn 0.0747 0.0187 -0.9970
vn 0.0797 0.0175 -0.9967
vn 0.4269 0.4829 -0.7646
vn 0.9239 0.0214 -0.3819
vn -0.0000 -1.0000 -0.0000
vn 0.0697 -0.0175 -0.9974
vn 0.0784 -0.0175 -0.9968
vn 0.0697 -0.0175 -0.9974
vn 0.0140 -0.9998 0.0157
vn -0.0039 -0.9987 0.0513
vn -0.0591 -0.0700 0.9958
vn -0.0287 -0.1345 -0.9905
vn -0.0318 -0.0701 -0.9970
vn -0.0414 -0.0700 -0.9967
vn -0.0005 -1.0000 -0.0064
vn 0.0523 -0.0175 0.9985
vn 0.0019 -1.0000 0.0016
vn 0.0610 -0.0175 0.9980
vn 0.0514 0.0208 0.9985
vn 0.0000 -1.0000 0.0000
vn 0.0523 -0.0175 0.9985
vn 0.0613 0.0175 0.9980
vn 0.0523 0.0175 0.9985
vn 0.0000 -1.0000 0.0000
vn 0.0517 0.0175 -0.9985
vn -0.0000 -1.0000 -0.0000
vn 0.0649 0.0176 -0.9977
vn 0.0795 0.0351 -0.9962
vn 0.0444 0.0177 -0.9989
vn 0.0000 -1.0000 -0.0000
vn 0.0523 -0.0175 -0.9985
vn 0.0610 -0.0175 -0.9980
vn 0.0523 -0.0175 -0.9985
vn -0.0117 -0.9999 -0.0083
vn -0.0016 -0.9991 0.0422
vn -0.0467 -0.0705 0.9964
vn -0.0145 -0.1503 0.9885
vn -0.0353 -0.0698 0.9969
vn -0.0449 -0.0706 0.9965
vn 0.0000 1.0000 0.0000
vn 0.6887 0.6901 0.2225
vn 0.0000 -1.0000 0.0000
vn -0.0012 -0.0702 -0.9975
vn -0.0195 -0.0700 -0.9974
vn -0.0003 -1.0000 -0.0067
vn 0.0349 -0.0175 0.9992
vn 0.0031 -1.0000 0.0023
vn 0.0436 -0.0175 0.9989
vn 0.0351 0.0202 0.9992
vn 0.0000 -1.0000 0.0000
vn 0.0349 -0.0175 0.9992
vn 0.0439 0.0174 0.9989
vn 0.0349 0.0175 0.9992
vn 0.0000 -1.0000 0.0000
vn 0.0349 0.0175 -0.9992
vn -0.0000 -1.0000 -0.0000
vn 0.0437 0.0175 -0.9989
vn 0.0413 0.0222 -0.9989
vn -0.0000 -1.0000 -0.0000
vn 0.0349 -0.0175 -0.9992
vn 0.0436 -0.0175 -0.9989
vn 0.0349 -0.0175 -0.9992
vn -0.0071 -1.0000 -0.0057
vn -0.0014 -0.9987 0.0519
vn -0.0297 -0.0697 0.9971
vn -0.0393 -0.0709 0.9967
vn -0.0191 -0.0709 -0.9973
vn -0.0184 -0.0699 -0.9974
vn -0.0150 -0.1447 -0.9894
vn -0.0000 -1.0000 -0.0077
vn 0.0174 -0.0175 0.9997
vn 0.0099 -0.9999 0.0080
vn 0.0262 -0.0175 0.9995
vn 0.0204 0.0195 0.9996
vn 0.0000 -1.0000 0.0000
vn 0.0174 -0.0175 0.9997
vn 0.0262 0.0175 0.9995
vn 0.0174 0.0175 0.9997
vn 0.0000 -1.0000 0.0000
vn 0.0171 0.0175 -0.9997
vn 0.0000 -1.0000 -0.0000
vn 0.0321 0.0175 -0.9993
vn 0.0985 0.0212 -0.9949
vn 0.0000 -1.0000 0.0000
vn 0.0175 -0.0175 -0.9997
vn 0.0262 -0.0175 -0.9995
vn 0.0174 -0.0175 -0.9997
vn -0.0018 -1.0000 -0.0014
vn -0.0006 -0.9991 0.0424
vn -0.0177 -0.0704 0.9974
vn -0.0518 -0.9967 -0.0625
vn 0.0506 0.9969 0.0610
vn 0.0024 0.0176 -0.9998
vn -0.0057 -0.0708 -0.9975
vn 0.0025 -0.0698 -0.9976
vn -0.0152 -0.0702 -0.9974
vn -0.0000 -1.0000 -0.0060
vn 0.0000 -0.0175 0.9998
vn 0.0066 -1.0000 0.0031
vn 0.0087 -0.0175 0.9998
vn -0.0011 0.0232 0.9997
vn 0.0000 -1.0000 0.0000
vn 0.0000 -0.0175 0.9998
vn 0.0102 0.0175 0.9998
vn 0.0002 0.0174 0.9998
vn -0.0000 -1.0000 -0.0000
vn -0.0000 0.0175 -0.9998
vn -0.0000 -1.0000 -0.0000
vn 0.0723 0.0191 -0.9972
vn -0.6416 0.0271 -0.7666
vn 0.0064 0.0208 -0.9998
vn -0.6416 0.0271 -0.7666
vn 0.0000 -1.0000 0.0000
vn 0.0000 -0.0175 -0.9998
vn 0.1558 0.0613 -0.9859
vn 0.4140 0.6665 -0.6200
vn -0.6416 0.0271 -0.7666
vn 0.0087 -0.0175 -0.9998
vn 0.0000 -0.0175 -0.9998
vn -0.0006 -1.0000 -0.0005
vn -0.0002 -0.9987 0.0515
vn -0.0013 -0.0819 0.9966
vn 0.0019 -0.0704 0.9975
vn -0.0009 -0.0703 0.9975
vn 0.0015 -0.0939 -0.9956
vn -0.0015 -0.0490 0.9988
vn 0.0097 -0.0699 -0.9975
vn -0.0041 -0.9399 -0.3415
vn 0.0001 -1.0000 -0.0075
vn -0.0174 -0.0175 0.9997
vn -0.0164 -0.9997 -0.0186
vn -0.0087 -0.0175 0.9998
vn -0.0128 0.0184 0.9997
vn 0.0000 -1.0000 0.0000
vn -0.0174 -0.0175 0.9997
vn -0.0051 0.0174 0.9998
vn -0.0179 0.0175 0.9997
vn 0.0000 -1.0000 -0.0000
vn -0.0174 0.0175 -0.9997
vn 0.0000 -1.0000 0.0000
vn -0.0134 0.0178 -0.9998
vn -0.0271 0.0179 -0.9995
vn 0.0000 -1.0000 -0.0000
vn -0.0175 -0.0175 -0.9997
vn -0.0087 -0.0175 -0.9998
vn -0.0175 -0.0175 -0.9997
vn 0.0170 -0.9997 0.0182
vn 0.0004 -0.9991 0.0427
vn 0.0062 0.0176 -0.9998
vn 0.0183 -0.0698 -0.9974
vn 0.0202 -0.1008 -0.9947
vn 0.0139 -0.9941 -0.1077
vn -0.0349 -0.0175 0.9992
vn 0.0024 -1.0000 0.0022
vn -0.0262 -0.0175 0.9995
vn -0.0358 0.0192 0.9992
vn -0.0000 -1.0000 -0.0000
vn -0.0349 -0.0175 0.9992
vn -0.0252 0.0175 0.9995
vn -0.0349 0.0175 0.9992
vn -0.0000 -1.0000 0.0000
vn -0.0348 0.0175 -0.9992
vn 0.0000 -1.0000 0.0000
vn -0.0315 0.0180 -0.9993
vn -0.0258 0.0175 -0.9995
vn -0.0011 0.0529 -0.9986
vn 0.0000 -1.0000 -0.0000
vn -0.0349 -0.0175 -0.9992
vn -0.0262 -0.0175 -0.9995
vn -0.0349 -0.0175 -0.9992
vn -0.0124 -0.9999 -0.0091
vn 0.0009 -0.9991 0.0429
vn 0.1214 -0.0962 0.9879
vn 0.0105 -0.8474 0.5308
vn 0.1058 -0.0780 0.9913
vn 0.0062 0.0176 -0.9998
vn -0.0015 -0.0490 0.9988
vn 0.0516 -0.0699 -0.9962
vn 0.0261 -0.0744 -0.9969
vn 0.0004 -0.9995 -0.0326
vn -0.0523 -0.0175 0.9985
vn 0.0029 -1.0000 0.0021
vn -0.0436 -0.0175 0.9989
vn -0.0492 0.0193 0.9986
vn 0.0000 -1.0000 -0.0000
vn -0.0523 -0.0175 0.9985
vn -0.0423 0.0174 0.9990
vn -0.0526 0.0175 0.9985
vn -0.0000 -1.0000 0.0000
vn -0.0526 0.0175 -0.9985
vn 0.0000 -1.0000 -0.0000
vn -0.0406 0.0183 -0.9990
vn -0.0372 0.0175 -0.9992
vn 0.0000 -1.0000 0.0000
vn -0.0523 -0.0175 -0.9985
vn -0.0436 -0.0175 -0.9989
vn -0.0523 -0.0175 -0.9985
vn 0.0001 -1.0000 0.0017
vn -0.0064 -0.9970 0.0773
vn 0.0438 -0.0747 -0.9962
vn 0.0022 -0.9991 -0.0432
vn -0.0610 -0.0175 0.9980
vn -0.0670 0.0192 0.9976
vn -0.0000 -1.0000 0.0000
vn -0.0697 -0.0175 0.9974
vn -0.0597 0.0175 0.9981
vn -0.0696 0.0174 0.9974
vn -0.0000 -1.0000 -0.0000
vn -0.0694 0.0175 -0.9974
vn -0.0000 -1.0000 -0.0000
vn -0.0327 0.0644 -0.9974
vn -0.0701 0.0182 -0.9974
vn -0.0624 0.0178 -0.9979
vn -0.0000 -1.0000 -0.0000
vn -0.0697 -0.0175 -0.9974
vn -0.0610 -0.0175 -0.9980
vn 0.0039 -0.9999 0.0143
vn 0.0553 -0.0701 -0.9960
vn 0.0469 -0.0698 -0.9965
vn 0.0584 -0.0735 -0.9956
vn 0.0016 -0.9991 -0.0435
vn -0.0697 -0.0175 0.9974
vn 0.0001 -1.0000 -0.0010
vn -0.0517 0.9593 0.2775
vn -0.1548 0.3584 0.9207
vn -0.0784 -0.0175 0.9968
vn -0.0858 0.0198 0.9961
vn -0.0000 -1.0000 -0.0000
vn -0.0871 -0.0175 0.9960
vn -0.0746 0.0175 0.9971
vn -0.0868 0.0174 0.9961
vn 0.0000 -1.0000 0.0000
vn -0.0874 0.0177 -0.9960
vn 0.0000 -1.0000 0.0000
vn -0.0820 0.0233 -0.9964
vn 0.0468 -0.0762 0.9960
vn -0.0590 0.0177 -0.9981
vn -0.0000 -1.0000 -0.0000
vn -0.0871 -0.0175 -0.9960
vn -0.0784 -0.0175 -0.9968
vn -0.0697 -0.0175 -0.9974
vn -0.0044 -1.0000 -0.0031
vn 0.4182 0.7568 0.5024
vn 0.6399 -0.0752 0.7647
vn 0.0051 -0.9999 0.0135
vn 0.1150 -0.0805 0.9901
vn 0.0545 -0.0820 -0.9951
vn 0.0249 -0.5400 -0.8413
vn 0.0075 -0.9273 -0.3743
vn 0.0017 -0.9994 -0.0344
vn -0.0871 -0.0175 0.9960
vn 0.0092 -0.9999 0.0066
vn -0.0958 -0.0175 0.9952
vn -0.0363 0.1818 0.9827
vn -0.0977 0.0198 0.9950
vn 0.0000 -1.0000 0.0000
vn -0.1045 -0.0175 0.9944
vn -0.0909 0.0174 0.9957
vn -0.1047 0.0175 0.9943
vn 0.0000 -1.0000 -0.0000
vn -0.1043 0.0175 -0.9944
vn 0.0000 -1.0000 0.0000
vn -0.0081 0.1034 -0.9946
vn 0.0468 -0.0762 0.9960
vn 0.0468 -0.0762 0.9960
vn -0.1067 0.0243 -0.9940
vn -0.1127 0.0177 -0.9935
vn -0.0000 -1.0000 -0.0000
vn -0.1045 -0.0175 -0.9944
vn -0.0958 -0.0175 -0.9952
vn -0.0871 -0.0175 -0.9960
vn -0.0032 -1.0000 -0.0025
vn 0.4470 0.7405 0.5018
vn 0.6399 -0.0752 0.7647
vn 0.0075 -0.9998 0.0161
vn 0.0622 -0.0699 -0.9956
vn 0.0786 -0.0702 -0.9944
vn 0.0670 -0.1020 -0.9925
vn 0.0040 -0.9991 -0.0427
vn -0.1045 -0.0175 0.9944
vn -0.0085 -0.9999 -0.0098
vn -0.1132 -0.0175 0.9934
vn -0.1225 0.0191 0.9923
vn 0.0000 -1.0000 -0.0000
vn -0.1218 -0.0175 0.9924
vn -0.1118 0.0175 0.9936
vn -0.1218 0.0174 0.9924
vn -0.0000 -1.0000 0.0000
vn -0.1125 0.0174 -0.9935
vn -0.1217 0.0175 -0.9924
vn -0.0000 -1.0000 -0.0000
vn -0.1134 0.0239 -0.9933
vn -0.0000 -1.0000 -0.0000
vn -0.1218 -0.0175 -0.9924
vn -0.1132 -0.0175 -0.9934
vn -0.1045 -0.0175 -0.9944
vn -0.0019 -1.0000 -0.0017
vn 0.4817 0.6566 0.5803
vn 0.0085 -0.9998 0.0178
vn 0.1882 -0.9160 0.3542
vn -0.2811 -0.9196 -0.2746
vn 0.0889 -0.0698 -0.9936
vn 0.0995 -0.0700 -0.9926
vn 0.0062 -0.9991 -0.0413
vn -0.1218 -0.0175 0.9924
vn 0.0045 -1.0000 0.0039
vn -0.1305 -0.0175 0.9913
vn -0.1365 0.0187 0.9905
vn 0.0000 -1.0000 -0.0000
vn -0.1391 -0.0175 0.9901
vn -0.1281 0.0174 0.9916
vn -0.1398 0.0175 0.9900
vn -0.0000 -1.0000 0.0000
vn -0.1290 0.0175 -0.9915
vn -0.1388 0.0174 -0.9902
vn 0.0000 -1.0000 0.0000
vn -0.1314 0.0258 -0.9910
vn -0.0000 -1.0000 -0.0000
vn -0.1392 -0.0175 -0.9901
vn -0.1305 -0.0175 -0.9913
vn -0.1219 -0.0175 -0.9924
vn -0.0007 -1.0000 -0.0006
vn 0.1172 -0.9858 0.1199
vn 0.0000 -1.0000 0.0000
vn 0.0978 -0.1327 -0.9863
vn 0.0064 -0.9991 -0.0422
vn -0.0078 0.9990 0.0439
vn -0.1391 -0.0175 0.9901
vn 0.0089 -0.9999 0.0068
vn -0.1478 -0.0175 0.9889
vn -0.1467 0.0649 0.9871
vn -0.1475 0.0175 0.9889
vn -0.0000 -1.0000 0.0000
vn -0.1564 -0.0175 0.9875
vn -0.1564 0.0175 0.9875
vn 0.0000 -1.0000 0.0000
vn -0.1418 0.0174 -0.9897
vn -0.1567 0.0174 -0.9875
vn -0.0000 -1.0000 -0.0000
vn -0.1450 0.0292 -0.9890
vn 0.0000 -1.0000 0.0000
vn -0.1564 -0.0175 -0.9875
vn -0.1478 -0.0175 -0.9889
vn -0.1392 -0.0175 -0.9901
vn -0.0000 -1.0000 -0.0000
vn 0.0004 -1.0000 0.0002
vn 0.0048 -0.9625 -0.2713
vn 0.1053 -0.0699 -0.9920
vn 0.1106 -0.0700 -0.9914
vn 0.0083 -0.9916 -0.1288
vn -0.0085 0.9687 0.2482
vn -0.1564 -0.0175 0.9875
vn -0.0109 -0.9999 -0.0124
vn -0.1650 -0.0175 0.9861
vn -0.1732 0.0353 0.9843
vn -0.1736 -0.0175 0.9847
vn 0.0000 -1.0000 0.0000
vn -0.1647 0.0174 0.9862
vn -0.1736 0.0175 0.9847
vn -0.0000 -1.0000 -0.0000
vn -0.1735 0.0175 -0.9847
vn -0.0000 -1.0000 -0.0000
vn -0.1624 0.0174 -0.9866
vn -0.1621 0.0289 -0.9864
vn -0.0000 -1.0000 -0.0000
vn -0.1736 -0.0175 -0.9847
vn -0.1650 -0.0175 -0.9861
vn -0.1564 -0.0175 -0.9875
vn 0.0185 -0.9996 0.0199
vn 0.5112 0.7416 0.4345
vn -0.1458 -0.9814 -0.1248
vn -0.4092 -0.8177 -0.4048
vn -0.0011 0.9500 -0.3124
vn 0.6818 0.7063 -0.1906
vn 0.0000 1.0000 0.0000
vn 0.6895 0.6913 0.2159
vn 0.0014 -0.9999 -0.0141
vn 0.1217 -0.0698 -0.9901
vn 0.1754 -0.0716 -0.9819
vn 0.0132 -0.9999 -0.0045
vn -0.0078 0.9990 0.0439
vn -0.1736 -0.0175 0.9847
vn 0.0022 -1.0000 0.0019
vn -0.1822 -0.0175 0.9831
vn -0.1877 0.0324 0.9817
vn -0.1908 -0.0175 0.9815
vn -0.0000 -1.0000 0.0000
vn -0.1822 0.0175 0.9831
vn -0.1909 0.0175 0.9815
vn 0.0000 -1.0000 -0.0000
vn -0.1911 0.0175 -0.9814
vn 0.0000 -1.0000 0.0000
vn -0.1812 0.0263 -0.9831
vn -0.1754 0.0175 -0.9843
vn -0.0000 -1.0000 0.0000
vn -0.1908 -0.0175 -0.9815
vn -0.1822 -0.0175 -0.9831
vn -0.1736 -0.0175 -0.9847
vn -0.0072 -1.0000 -0.0041
vn 0.0104 -0.9998 0.0173
vn -0.4092 -0.8177 -0.4048
vn 0.0988 -0.8787 0.4670
vn 0.5936 0.7063 0.3857
vn -0.5848 -0.7071 -0.3975
vn 0.5936 0.7063 0.3857
vn -0.5849 -0.7071 -0.3974
vn -0.0000 1.0000 -0.0000
vn 0.0001 -1.0000 -0.0019
vn 0.0161 -0.9945 -0.1039
vn -0.0053 -0.9995 -0.0326
vn -0.0171 -0.9997 -0.0189
vn -0.1908 -0.0175 0.9815
vn 0.0001 -1.0000 -0.0004
vn -0.1993 -0.0175 0.9798
vn -0.2082 0.0363 0.9774
vn -0.0000 -1.0000 -0.0000
vn -0.2079 -0.0175 0.9780
vn -0.1979 0.0175 0.9801
vn -0.2077 0.0174 0.9780
vn -0.0000 -1.0000 -0.0000
vn -0.2080 0.0174 -0.9780
vn 0.0000 -1.0000 0.0000
vn -0.1986 0.0283 -0.9797
vn -0.2013 0.0175 -0.9794
vn 0.0000 -1.0000 0.0000
vn -0.2079 -0.0175 -0.9780
vn -0.1993 -0.0175 -0.9798
vn -0.1908 -0.0175 -0.9815
vn -0.0044 -1.0000 -0.0022
vn 0.4859 0.6474 0.5872
vn 0.0127 -0.9998 0.0162
vn 0.6373 -0.0185 0.7704
vn 0.0693 -0.7459 0.6624
vn 0.6348 0.0951 0.7668
vn 0.1375 -0.0707 -0.9880
vn 0.0965 -0.0713 -0.9928
vn 0.1013 -0.8233 -0.5585
vn 0.0091 -0.9997 -0.0244
vn -0.0705 0.9615 0.2655
vn -0.2079 -0.0175 0.9780
vn 0.0065 -1.0000 0.0046
vn -0.2164 -0.0175 0.9761
vn -0.2199 0.0376 0.9748
vn 0.0000 -1.0000 -0.0000
vn -0.2249 -0.0175 0.9742
vn -0.2128 0.0174 0.9769
vn -0.2253 0.0175 0.9741
vn 0.0000 -1.0000 0.0000
vn -0.2255 0.0174 -0.9741
vn -0.0000 -1.0000 0.0000
vn -0.2118 0.0299 -0.9769
vn -0.2107 0.0174 -0.9774
vn -0.0000 -1.0000 0.0000
vn -0.2249 -0.0175 -0.9742
vn -0.2164 -0.0175 -0.9761
vn -0.2079 -0.0175 -0.9780
vn 0.0004 -1.0000 0.0018
vn -0.0197 -0.9997 -0.0135
vn -0.5848 -0.7071 -0.3975
vn 0.5849 0.7071 0.3973
vn -0.5849 -0.7071 -0.3974
vn 0.5850 0.7071 0.3973
vn -0.0000 1.0000 -0.0000
vn 0.0000 -1.0000 0.0000
vn 0.1428 -0.0881 -0.9858
vn 0.1582 -0.0698 -0.9849
vn 0.1637 -0.0716 -0.9839
vn 0.0058 -0.9999 -0.0136
vn -0.2249 -0.0175 0.9742
vn 0.0002 -1.0000 -0.0009
vn -0.2334 -0.0175 0.9722
vn -0.2546 0.0437 0.9661
vn -0.2324 0.0175 0.9725
vn 0.0000 -1.0000 -0.0000
vn -0.2419 -0.0175 0.9701
vn -0.2419 0.0174 0.9702
vn 0.0000 -1.0000 -0.0000
vn -0.2279 0.0175 -0.9735
vn 0.4842 -0.0141 0.8749
vn 0.4842 -0.0141 0.8749
vn -0.2448 0.0174 -0.9694
vn -0.0000 -1.0000 -0.0000
vn -0.2345 0.0288 -0.9717
vn 0.4842 -0.0141 0.8749
vn 0.0000 -1.0000 0.0000
vn -0.2419 -0.0175 -0.9702
vn -0.2334 -0.0175 -0.9722
vn -0.2249 -0.0175 -0.9742
vn 0.0004 -1.0000 0.0019
vn 0.4995 0.6323 0.5922
vn 0.0206 -0.9994 0.0267
vn 0.1562 -0.0902 -0.9836
vn 0.1736 -0.0745 -0.9820
vn -0.1570 -0.1714 -0.9726
vn 0.4296 -0.0696 -0.9003
vn 0.1393 -0.7130 -0.6872
vn 0.0134 -0.9999 -0.0075
vn -0.2419 -0.0175 0.9701
vn 0.0012 -1.0000 -0.0048
vn -0.2503 -0.0175 0.9680
vn -0.2575 0.0193 0.9661
vn 0.0000 -1.0000 -0.0000
vn -0.2588 -0.0175 0.9658
vn -0.2490 0.0174 0.9683
vn -0.2588 0.0175 0.9658
vn 0.0000 -1.0000 -0.0000
vn -0.2591 0.0175 -0.9657
vn 0.0000 -1.0000 0.0000
vn -0.2254 0.0313 -0.9738
vn -0.2453 0.0176 -0.9693
vn -0.2350 0.0871 -0.9681
vn 0.0000 -1.0000 0.0000
vn -0.2588 -0.0175 -0.9658
vn -0.2503 -0.0175 -0.9680
vn -0.2419 -0.0175 -0.9702
vn 0.0003 -1.0000 0.0017
vn -0.0045 -1.0000 0.0013
vn 0.5939 0.7063 0.3854
vn -0.5848 -0.7071 -0.3975
vn 0.0000 1.0000 0.0000
vn 0.5939 0.7063 0.3854
vn -0.5849 -0.7071 -0.3974
vn 0.0000 1.0000 0.0000
vn -0.0001 1.0000 0.0003
vn 0.1655 -0.0739 -0.9834
vn -0.6224 -0.0523 -0.7809
vn 0.1722 -0.0698 -0.9826
vn -0.6224 -0.0523 -0.7809
vn 0.9956 -0.0309 -0.0889
vn 0.1839 -0.0759 -0.9800
vn 0.0174 -0.9998 -0.0054
vn -0.2588 -0.0175 0.9658
vn -0.0148 -0.9997 -0.0198
vn -0.2672 -0.0175 0.9635
vn -0.2721 0.0189 0.9621
vn -0.0000 -1.0000 -0.0000
vn -0.2756 -0.0175 0.9611
vn -0.2672 0.0175 0.9635
vn -0.2756 0.0175 0.9611
vn 0.0000 -1.0000 -0.0000
vn -0.2755 0.0175 -0.9611
vn 0.0000 -1.0000 0.0000
vn -0.2982 0.0198 -0.9543
vn -0.2685 0.0187 -0.9631
vn 0.1231 0.4837 -0.8665
vn -0.0804 0.1446 -0.9862
vn 0.0000 -1.0000 0.0000
vn -0.2756 -0.0175 -0.9611
vn -0.2672 -0.0175 -0.9635
vn -0.2588 -0.0175 -0.9658
vn -0.0052 -1.0000 -0.0039
vn 0.6372 0.0460 0.7694
vn 0.6375 -0.0156 0.7703
vn 0.1220 0.8956 0.4279
vn 0.0576 -0.8828 0.4661
vn -0.0058 0.9994 0.0348
vn 0.0524 -0.9466 -0.3180
vn 0.1138 -0.3860 -0.9154
vn -0.6224 -0.0523 -0.7809
vn 0.9956 -0.0309 -0.0889
vn 0.1959 -0.0698 -0.9781
vn 0.1990 -0.0708 -0.9774
vn 0.0989 -0.9418 -0.3212
vn -0.0015 -0.9989 -0.0465
vn -0.2756 -0.0175 0.9611
vn 0.0006 -1.0000 -0.0020
vn -0.3251 0.3305 0.8860
vn -0.2840 -0.0175 0.9587
vn -0.2925 0.0191 0.9561
vn 0.0000 -1.0000 0.0000
vn -0.2923 -0.0175 0.9562
vn -0.2832 0.0175 0.9589
vn -0.2920 0.0174 0.9563
vn 0.0000 -1.0000 0.0000
vn -0.2901 0.0177 -0.9568
vn -0.0000 -1.0000 -0.0000
vn -0.2854 0.0265 -0.9580
vn 0.2393 -0.0932 0.9665
vn -0.2654 0.0178 -0.9640
vn -0.0000 -1.0000 -0.0000
vn -0.2923 -0.0175 -0.9562
vn -0.2840 -0.0175 -0.9587
vn -0.2756 -0.0175 -0.9611
vn 0.0002 -1.0000 0.0010
vn 0.5092 0.6021 0.6149
vn 0.0007 0.9999 -0.0131
vn -0.0070 0.9991 0.0420
vn 0.0810 -0.9271 -0.3660
vn 0.1928 -0.0821 -0.9778
vn 0.9956 -0.0309 -0.0889
vn 0.2440 -0.0706 -0.9672
vn -0.0115 -0.9996 -0.0248
vn -0.2923 -0.0175 0.9562
vn 0.0006 -1.0000 -0.0020
vn -0.3007 -0.0175 0.9536
vn -0.3017 0.0193 0.9532
vn -0.2958 0.0174 0.9551
vn 0.0000 -1.0000 -0.0000
vn -0.3090 -0.0175 0.9509
vn -0.3092 0.0175 0.9508
vn -0.0000 -1.0000 -0.0000
vn -0.3087 0.0175 -0.9510
vn 0.0000 -1.0000 0.0000
vn -0.2293 0.0191 -0.9732
vn -0.9646 0.0290 -0.2623
vn -0.3202 0.0178 -0.9472
vn -0.1659 0.1449 -0.9754
vn 0.2393 -0.0932 0.9665
vn 0.2393 -0.0932 0.9665
vn -0.2240 0.0209 -0.9744
vn -0.0000 -1.0000 -0.0000
vn -0.3090 -0.0175 -0.9509
vn -0.3007 -0.0175 -0.9536
vn -0.2923 -0.0175 -0.9562
vn 0.0003 -1.0000 0.0011
vn 0.1307 -0.0712 -0.9889
vn 0.2045 -0.0710 -0.9763
vn 0.0058 -1.0000 -0.0052
vn -0.3090 -0.0175 0.9509
vn 0.0078 -1.0000 0.0032
vn -0.3172 -0.0175 0.9482
vn -0.3375 0.4449 0.8296
vn -0.3236 0.0290 0.9458
vn -0.3158 0.0175 0.9486
vn 0.0000 -1.0000 -0.0000
vn -0.3255 -0.0175 0.9454
vn -0.3252 0.0174 0.9455
vn 0.0000 -1.0000 -0.0000
vn -0.3249 0.0176 -0.9456
vn 0.0000 -1.0000 0.0000
vn -0.9646 0.0290 -0.2623
vn -0.3263 0.0204 -0.9450
vn -0.3398 0.0175 -0.9403
vn 0.0000 -1.0000 0.0000
vn -0.3255 -0.0175 -0.9454
vn -0.3172 -0.0175 -0.9482
vn -0.3090 -0.0175 -0.9509
vn 0.0002 -1.0000 0.0010
vn 0.0222 -0.9982 0.0555
vn 0.2435 -0.4650 -0.8512
vn 0.5764 -0.0675 -0.8144
vn -0.1013 -0.0708 -0.9923
vn 0.2031 -0.0706 -0.9766
vn 0.2211 -0.2290 -0.9480
vn 0.1572 -0.7026 -0.6940
vn 0.0099 -1.0000 0.0000
vn -0.3255 -0.0175 0.9454
vn 0.0015 -1.0000 -0.0044
vn -0.3338 -0.0175 0.9425
vn -0.3392 0.0226 0.9404
vn 0.0000 -1.0000 -0.0000
vn -0.3420 -0.0175 0.9395
vn -0.3313 0.0174 0.9433
vn -0.3426 0.0175 0.9393
vn 0.0000 -1.0000 -0.0000
vn -0.3347 0.0177 -0.9422
vn -0.3423 0.0174 -0.9394
vn -0.0000 -1.0000 -0.0000
vn -0.3350 0.0251 -0.9419
vn -0.0000 -1.0000 -0.0000
vn -0.3420 -0.0175 -0.9395
vn -0.3338 -0.0175 -0.9425
vn -0.3255 -0.0175 -0.9454
vn 0.0002 -1.0000 0.0010
vn 0.5174 0.5884 0.6213
vn 0.2540 -0.9319 0.2590
vn -0.1788 0.9678 -0.1771
vn 0.0301 -0.9986 0.0423
vn -0.1788 0.9678 -0.1771
vn 0.0000 -1.0000 0.0000
vn 0.0000 -1.0000 0.0000
vn 0.3286 0.7074 -0.6258
vn 0.0000 1.0000 0.0000
vn 0.2787 -0.0712 -0.9577
vn 0.2265 -0.0702 -0.9715
vn 0.2483 -0.0706 -0.9661
vn 0.0276 -0.9978 -0.0600
vn -0.3420 -0.0175 0.9395
vn -0.0038 -1.0000 -0.0088
vn -0.3502 -0.0175 0.9365
vn -0.3592 0.0229 0.9330
vn -0.3498 0.0175 0.9367
vn -0.0000 -1.0000 -0.0000
vn -0.3583 -0.0175 0.9334
vn -0.3661 0.0174 0.9304
vn -0.3583 0.0175 0.9334
vn 0.0000 -1.0000 -0.0000
vn -0.3586 0.0178 -0.9333
vn -0.0000 -1.0000 -0.0000
vn -0.2952 0.0950 -0.9507
vn -0.3865 0.0179 -0.9221
vn -0.0000 -1.0000 -0.0000
vn -0.3583 -0.0175 -0.9334
vn -0.3502 -0.0175 -0.9365
vn -0.3420 -0.0175 -0.9395
vn 0.0004 -1.0000 0.0012
vn 0.5353 0.0317 0.8440
vn 0.2872 -0.8909 0.3518
vn 0.0182 0.9573 -0.2885
vn 0.0000 -1.0000 0.0000
vn -0.0000 1.0000 -0.0000
vn 0.3339 0.7071 -0.6233
vn 0.3258 0.7070 -0.6277
vn -0.0000 1.0000 -0.0000
vn 0.3235 0.7069 -0.6289
vn 0.2286 -0.0823 -0.9700
vn 0.2357 -0.0698 -0.9693
vn 0.2585 -0.0722 -0.9633
vn 0.0108 -0.9987 -0.0500
vn -0.3583 -0.0175 0.9334
vn 0.0009 -1.0000 -0.0024
vn -0.3664 -0.0175 0.9303
vn -0.3755 0.0228 0.9265
vn 0.0000 -1.0000 -0.0000
vn -0.3746 -0.0175 0.9270
vn -0.3841 0.0174 0.9231
vn -0.3745 0.0175 0.9270
vn -0.0000 -1.0000 -0.0000
vn -0.3745 0.0175 -0.9271
vn 0.0000 -1.0000 0.0000
vn -0.3737 0.0184 -0.9274
vn -0.3644 0.0179 -0.9311
vn 0.0000 -1.0000 0.0000
vn -0.3746 -0.0175 -0.9270
vn 0.0061 0.2755 -0.9613
vn -0.9646 0.0290 -0.2623
vn -0.3664 -0.0175 -0.9303
vn -0.3583 -0.0175 -0.9334
vn 0.0003 -1.0000 0.0010
vn 0.3284 0.7074 -0.6259
vn -0.0000 1.0000 0.0000
vn 0.2341 -0.0698 -0.9697
vn 0.2578 -0.0706 -0.9636
vn 0.2674 -0.0711 -0.9610
vn 0.0151 -0.9992 -0.0363
vn -0.3746 -0.0175 0.9270
vn 0.0010 -1.0000 -0.0024
vn -0.3826 -0.0175 0.9237
vn -0.0000 -1.0000 -0.0000
vn -0.3907 -0.0175 0.9204
vn -0.3899 0.0225 0.9206
vn -0.3997 0.0175 0.9165
vn -0.3907 0.0174 0.9203
vn -0.0000 -1.0000 -0.0000
vn -0.4063 0.0175 0.9136
vn 0.0000 -1.0000 0.0000
vn -0.4064 0.0175 -0.9135
vn 0.0000 -1.0000 0.0000
vn -0.4136 0.0177 -0.9103
vn -0.3907 0.0178 -0.9203
vn 0.0000 -1.0000 0.0000
vn -0.3640 0.0947 -0.9266
vn 0.0000 -1.0000 0.0000
vn -0.3907 -0.0175 -0.9204
vn -0.3826 -0.0175 -0.9237
vn -0.3746 -0.0175 -0.9270
vn 0.0003 -1.0000 0.0010
vn 0.0251 0.9499 -0.3115
vn 0.2149 -0.0708 -0.9741
vn 0.2848 -0.0841 -0.9549
vn 0.0163 -0.9991 -0.0401
vn -0.3907 -0.0175 0.9204
vn 0.0010 -1.0000 -0.0023
vn -0.3987 -0.0175 0.9169
vn -0.4081 0.0214 0.9127
vn 0.0000 -1.0000 0.0000
vn -0.4067 -0.0175 0.9134
vn -0.4146 0.0175 0.9098
vn -0.4229 0.0175 0.9060
vn 0.0000 -1.0000 0.0000
vn -0.4240 0.0178 -0.9055
vn -0.0000 -1.0000 -0.0000
vn -0.4059 0.0176 -0.9137
vn -0.0000 -1.0000 -0.0000
vn -0.4067 -0.0175 -0.9134
vn -0.3987 -0.0175 -0.9169
vn -0.3907 -0.0175 -0.9204
vn 0.0005 -1.0000 0.0012
vn 0.5403 0.5330 0.6511
vn 0.2483 -0.4404 -0.8628
vn 0.2574 -0.0724 -0.9636
vn 0.2805 -0.0698 -0.9573
vn 0.2967 -0.0734 -0.9521
vn 0.8804 -0.0573 -0.4708
vn 0.0104 -0.9989 -0.0457
vn -0.4067 -0.0175 0.9134
vn 0.0625 -0.9971 0.0436
vn -0.4146 -0.0175 0.9098
vn -0.4212 0.0211 0.9067
vn 0.0000 -1.0000 0.0000
vn -0.4225 -0.0175 0.9062
vn -0.4295 0.0175 0.9029
vn -0.4383 0.0174 0.8987
vn -0.0000 -1.0000 0.0000
vn -0.4382 0.0176 -0.8987
vn -0.0000 -1.0000 -0.0000
vn -0.4390 0.0177 -0.8983
vn -0.4226 -0.0175 -0.9062
vn 0.0000 -1.0000 0.0000
vn -0.4146 -0.0175 -0.9098
vn -0.4067 -0.0175 -0.9134
vn 0.0003 -1.0000 0.0010
vn 0.5000 0.8623 -0.0795
vn -0.0282 0.4599 -0.8875
vn 0.0005 -1.0000 -0.0001
vn 0.0613 -0.9074 -0.4159
vn 0.3212 -0.0714 -0.9443
vn 0.0054 -0.9992 -0.0403
vn -0.4225 -0.0175 0.9062
vn 0.0092 -0.9998 -0.0196
vn -0.4304 -0.0175 0.9025
vn -0.4390 0.0207 0.8982
vn 0.0000 -1.0000 0.0000
vn -0.4383 -0.0175 0.8987
vn -0.4448 0.0174 0.8955
vn -0.4539 0.0175 0.8909
vn 0.0000 -1.0000 0.0000
vn 0.5869 -0.0150 0.8095
vn -0.4567 0.0174 -0.8895
vn -0.0000 -1.0000 -0.0000
vn -0.4481 0.0191 -0.8938
vn 0.5869 -0.0150 0.8095
vn -0.4529 0.0176 -0.8914
vn 0.5869 -0.0150 0.8095
vn 0.0000 -1.0000 0.0000
vn -0.4383 -0.0175 -0.8987
vn -0.4304 -0.0175 -0.9025
vn -0.4225 -0.0175 -0.9062
vn 0.0006 -1.0000 0.0013
vn 0.5472 0.6383 0.5414
vn 0.0036 -0.9999 -0.0137
vn 0.2822 -0.0698 -0.9568
vn 0.2873 -0.0698 -0.9553
vn 0.3171 -0.0743 -0.9455
vn -0.7489 -0.0368 -0.6617
vn -0.4383 -0.0175 0.8987
vn 0.0095 -0.9998 -0.0194
vn -0.4461 -0.0175 0.8948
vn -0.4531 0.0198 0.8913
vn -0.0000 -1.0000 0.0000
vn -0.4539 -0.0175 0.8909
vn -0.4621 0.0174 0.8866
vn -0.4694 0.0175 0.8828
vn -0.0000 -1.0000 -0.0000
vn -0.4609 0.0175 -0.8873
vn -0.4692 0.0175 -0.8829
vn 0.0000 -1.0000 0.0000
vn -0.4636 0.0204 -0.8858
vn -0.4539 -0.0175 -0.8909
vn -0.0000 -1.0000 -0.0000
vn -0.4461 -0.0175 -0.8948
vn -0.4383 -0.0175 -0.8987
vn 0.0003 -1.0000 0.0010
vn 0.0489 -0.9883 -0.1445
vn 0.2837 -0.0739 -0.9561
vn 0.3132 -0.0702 -0.9471
vn 0.8804 -0.0573 -0.4708
vn -0.7489 -0.0368 -0.6617
vn 0.3465 -0.0703 -0.9354
vn -0.0975 0.9512 0.2929
vn -0.4539 -0.0175 0.8909
vn 0.0097 -0.9998 -0.0191
vn -0.4617 -0.0175 0.8869
vn -0.4689 0.0222 0.8830
vn 0.0000 -1.0000 0.0000
vn -0.4694 -0.0175 0.8828
vn -0.4774 0.0175 0.8785
vn -0.4842 0.0175 0.8748
vn -0.0000 -1.0000 -0.0000
vn -0.4847 0.0174 -0.8745
vn -0.0000 -1.0000 -0.0000
vn -0.2404 0.4273 -0.8715
vn -0.4769 0.0183 -0.8788
vn -0.4753 0.0175 -0.8796
vn -0.4694 -0.0175 -0.8828
vn -0.0000 -1.0000 -0.0000
vn -0.4617 -0.0175 -0.8869
vn -0.4539 -0.0175 -0.8909
vn 0.0007 -1.0000 0.0013
vn 0.2072 0.9592 0.1922
vn -0.1979 -0.6975 -0.6887
vn 0.0870 0.7070 0.7019
vn -0.2123 -0.6963 -0.6856
vn -0.1983 -0.6988 -0.6873
vn 0.0000 1.0000 0.0000
vn 0.2836 -0.0715 -0.9563
vn 0.3194 -0.0698 -0.9450
vn 0.6665 -0.1131 -0.7369
vn 0.2768 -0.1224 -0.9531
vn -0.1930 0.8906 0.4118
vn -0.4694 -0.0175 0.8828
vn 0.0100 -0.9998 -0.0189
vn -0.4771 -0.0175 0.8787
vn -0.4873 0.0189 0.8730
vn -0.0000 -1.0000 -0.0000
vn -0.4893 -0.0175 0.8719
vn -0.4946 0.0174 0.8689
vn -0.5000 0.0174 0.8658
vn -0.0000 -1.0000 0.0000
vn -0.4757 0.0178 -0.8794
vn -0.5245 0.0179 -0.8512
vn -0.4979 0.0178 -0.8670
vn -0.0000 -1.0000 -0.0000
vn -0.0972 0.5441 -0.8334
vn -0.4994 0.0184 -0.8661
vn 0.4931 -0.0799 0.8663
vn -0.4847 -0.0175 -0.8745
vn 0.0000 -1.0000 0.0000
vn -0.4771 -0.0175 -0.8787
vn -0.4694 -0.0175 -0.8828
vn 0.0007 -1.0000 0.0014
vn 0.3104 -0.1359 -0.9408
vn 0.3377 -0.0721 -0.9385
vn 0.0120 -0.9987 -0.0487
vn -0.4847 -0.0175 0.8745
vn 0.0104 -0.9998 -0.0187
vn -0.4974 -0.0175 0.8674
vn -0.3053 0.7344 0.6062
vn -0.4942 0.0874 0.8649
vn -0.5075 0.0191 0.8615
vn 0.0000 -1.0000 0.0000
vn -0.5075 -0.0175 0.8615
vn -0.5075 0.0175 0.8615
vn -0.5187 0.0174 0.8548
vn -0.5230 0.0175 0.8522
vn 0.0000 -1.0000 0.0000
vn -0.5255 0.0175 -0.8506
vn -0.5229 0.0175 -0.8522
vn 0.0000 -1.0000 0.0000
vn 0.0016 0.5729 -0.8196
vn 0.4931 -0.0799 0.8663
vn -0.1484 0.6299 -0.7624
vn 0.4931 -0.0799 0.8663
vn -0.5238 0.0178 -0.8517
vn -0.5075 -0.0175 -0.8615
vn 0.0000 -1.0000 0.0000
vn 0.0000 1.0000 0.0000
vn -0.4923 -0.0175 -0.8702
vn -0.4847 -0.0175 -0.8745
vn 0.0008 -1.0000 0.0015
vn 0.0000 1.0000 -0.0000
vn 0.0000 1.0000 0.0000
vn 0.3432 -0.0703 -0.9366
vn 0.3397 -0.0700 -0.9379
vn 0.4107 -0.0708 -0.9090
vn 0.8804 -0.0573 -0.4708
vn -0.7489 -0.0368 -0.6617
vn 0.2548 -0.5746 -0.7778
vn 0.1276 -0.9248 -0.3584
vn -0.4999 -0.0175 0.8659
vn 0.0107 -0.9998 -0.0185
vn -0.5075 -0.0175 0.8615
vn -0.5150 -0.0175 0.8570
vn 0.0110 -0.9998 -0.0183
vn -0.5224 -0.0175 0.8525
vn -0.5278 0.0202 0.8491
vn 0.0000 -1.0000 -0.0000
vn -0.5298 -0.0175 0.8479
vn -0.5324 0.0175 0.8463
vn -0.5395 0.0175 0.8418
vn -0.0000 -1.0000 0.0000
vn -0.5395 0.0175 -0.8418
vn 0.0000 -1.0000 0.0000
vn -0.2497 0.6499 -0.7178
vn -0.5305 0.0176 -0.8475
vn -0.5314 0.0176 -0.8469
vn -0.5254 -0.0175 -0.8507
vn -0.0000 -1.0000 -0.0000
vn -0.5175 -0.0175 -0.8555
vn -0.5075 -0.0175 -0.8615
vn -0.5150 -0.0175 -0.8570
vn 0.0009 -1.0000 0.0015
vn -0.4999 -0.0175 -0.8659
vn 0.0003 -1.0000 0.0009
vn 0.5426 0.5262 0.6547
vn 0.3293 -0.0718 -0.9415
vn 0.3615 -0.0698 -0.9297
vn -0.7394 -0.0321 -0.6725
vn 0.4616 -0.3107 -0.8309
vn 0.3831 -0.0704 -0.9210
vn -0.7394 -0.0321 -0.6725
vn -0.5298 -0.0175 0.8479
vn -0.0044 -0.9997 -0.0242
vn -0.5372 -0.0175 0.8433
vn -0.5453 0.0201 0.8380
vn -0.0000 -1.0000 0.0000
vn -0.5446 -0.0175 0.8385
vn -0.5519 0.0175 0.8337
vn -0.5592 0.0175 0.8289
vn 0.0000 -1.0000 0.0000
vn -0.5513 0.0174 -0.8341
vn -0.5591 0.0175 -0.8289
vn -0.0000 -1.0000 -0.0000
vn -0.4959 0.3135 -0.8098
vn -0.5446 -0.0175 -0.8385
vn -0.0000 -1.0000 -0.0000
vn -0.5372 -0.0175 -0.8433
vn -0.5298 -0.0175 -0.8479
vn 0.0081 -0.9999 0.0088
vn 0.0649 0.9356 -0.3469
vn -0.0018 -0.9999 0.0150
vn 0.0013 0.9999 -0.0130
vn 0.3897 -0.0778 -0.9177
vn -0.5445 -0.0175 0.8386
vn 0.0046 -1.0000 -0.0071
vn -0.5518 -0.0175 0.8338
vn -0.5585 0.0227 0.8292
vn -0.0000 -1.0000 0.0000
vn -0.5591 -0.0175 0.8289
vn -0.5664 0.0175 0.8240
vn -0.5735 0.0175 0.8190
vn -0.0000 -1.0000 -0.0000
vn -0.5734 0.0175 -0.8191
vn 0.0000 -1.0000 0.0000
vn -0.5407 0.0846 -0.8370
vn -0.1421 -0.9569 0.2531
vn -0.1421 -0.9569 0.2531
vn -0.5719 0.0175 -0.8201
vn -0.5667 0.0175 -0.8237
vn -0.0000 -1.0000 -0.0000
vn -0.5591 -0.0175 -0.8289
vn -0.5518 -0.0175 -0.8338
vn -0.5445 -0.0175 -0.8386
vn 0.0018 -1.0000 0.0028
vn 0.4104 -0.0701 -0.9092
vn -0.7394 -0.0321 -0.6725
vn 0.4000 -0.0700 -0.9138
vn 0.0332 -0.9960 -0.0834
vn -0.5591 -0.0175 0.8289
vn 0.0028 -1.0000 -0.0042
vn -0.5664 -0.0175 0.8240
vn -0.5726 0.0183 0.8196
vn -0.0000 -1.0000 0.0000
vn -0.5735 -0.0175 0.8190
vn -0.5802 0.0200 0.8142
vn -0.5807 0.0175 0.8139
vn -0.5877 0.0175 0.8089
vn -0.0000 -1.0000 0.0000
vn -0.6017 0.0175 0.7985
vn -0.0000 -1.0000 -0.0000
vn -0.5945 0.0175 -0.8039
vn 0.6010 -0.0176 0.7991
vn 0.0000 -1.0000 0.0000
vn -0.5654 0.0997 -0.8187
vn -0.1421 -0.9569 0.2531
vn -0.5794 0.0175 -0.8148
vn -0.5901 0.0174 -0.8071
vn 0.6010 -0.0176 0.7991
vn -0.0000 -1.0000 -0.0000
vn -0.5735 -0.0175 -0.8190
vn -0.5664 -0.0175 -0.8240
vn -0.5591 -0.0175 -0.8289
vn 0.0021 -1.0000 0.0031
vn 0.0014 0.9999 -0.0130
vn -0.0018 -0.9999 0.0150
vn 0.3619 -0.0698 -0.9296
vn 0.3884 -0.0710 -0.9188
vn 0.4140 -0.0700 -0.9076
vn -0.5735 -0.0175 0.8190
vn 0.0005 -1.0000 -0.0007
vn -0.5806 -0.0175 0.8140
vn -0.5901 0.0184 0.8071
vn -0.0000 -1.0000 0.0000
vn -0.5919 -0.0175 0.8058
vn -0.6088 0.0175 0.7931
vn -0.5948 0.0175 0.8037
vn -0.6152 0.0175 0.7882
vn 0.0000 -1.0000 0.0000
vn -0.6115 0.0175 -0.7911
vn 0.0000 -1.0000 0.0000
vn -0.6044 0.0175 -0.7965
vn -0.5835 0.0844 -0.8077
vn 0.6010 -0.0176 0.7991
vn -0.5877 -0.0175 -0.8089
vn 0.0000 -1.0000 0.0000
vn -0.5806 -0.0175 -0.8140
vn -0.5735 -0.0175 -0.8190
vn 0.0009 -1.0000 0.0019
vn 0.4291 -0.0700 -0.9005
vn 0.4163 -0.2486 -0.8746
vn -0.5877 -0.0175 0.8089
vn 0.0006 -1.0000 -0.0009
vn -0.5994 -0.0175 0.8003
vn -0.4872 0.2669 0.8315
vn -0.6007 0.0188 0.7993
vn -0.6133 0.0184 0.7896
vn -0.0000 -1.0000 -0.0000
vn -0.6087 -0.0175 0.7932
vn -0.6212 0.0175 0.7834
vn -0.6293 0.0174 0.7770
vn 0.0000 -1.0000 0.0000
vn -0.6250 0.0174 -0.7805
vn -0.6289 0.0174 -0.7773
vn 0.0000 -1.0000 0.0000
vn -0.5966 0.0932 -0.7971
vn -0.6087 -0.0175 -0.7932
vn 0.0000 -1.0000 0.0000
vn -0.5947 -0.0175 -0.8037
vn -0.5877 -0.0175 -0.8089
vn 0.0025 -1.0000 0.0034
vn -0.1375 0.9817 0.1316
vn -0.5170 0.5978 0.6127
vn 0.9132 0.4064 0.0314
vn 0.2995 -0.0705 -0.9515
vn -0.2611 0.1913 0.9462
vn 0.4035 -0.0698 -0.9123
vn 0.4388 -0.0772 -0.8953
vn 0.0299 -0.9995 0.0123
vn 0.1380 0.9898 0.0363
vn -0.6017 -0.0175 0.7985
vn 0.0017 -1.0000 -0.0022
vn -0.6086 -0.0175 0.7933
vn -0.6155 -0.0175 0.7879
vn 0.0016 -1.0000 -0.0021
vn -0.6224 -0.0175 0.7825
vn -0.6125 0.0425 0.7893
vn 0.0000 -1.0000 0.0000
vn -0.6292 -0.0175 0.7770
vn -0.6336 0.0174 0.7735
vn -0.6430 0.0175 0.7656
vn 0.0000 -1.0000 0.0000
vn -0.6428 0.0174 -0.7658
vn 0.0000 -1.0000 0.0000
vn -0.6212 0.0746 -0.7801
vn -0.6360 0.0175 -0.7715
vn -0.6252 -0.0175 -0.7803
vn -0.0000 -1.0000 -0.0000
vn -0.6179 -0.0175 -0.7861
vn -0.6086 -0.0175 -0.7933
vn -0.6155 -0.0175 -0.7879
vn 0.0130 -0.9998 0.0140
vn -0.6017 -0.0175 -0.7985
vn 0.0028 -1.0000 0.0037
vn 0.5560 0.5251 0.6443
vn 0.5718 0.4453 0.6890
vn 0.0346 0.9532 -0.3002
vn -0.0115 -0.9835 0.1804
vn 0.0000 1.0000 -0.0000
vn 0.0003 -1.0000 -0.0001
vn -0.0330 -0.9417 -0.3349
vn 0.0478 -0.4655 -0.8838
vn -0.5026 -0.6079 -0.6148
vn 0.2038 -0.1788 -0.9625
vn -0.2611 0.1913 0.9462
vn 0.4687 -0.1944 -0.8617
vn -0.2611 0.1913 0.9462
vn -0.2576 -0.0611 -0.9643
vn 0.4603 -0.0715 -0.8849
vn 0.4187 -0.0698 -0.9054
vn -0.3977 0.0695 0.9149
vn 0.4464 -0.0713 -0.8920
vn 0.1594 0.9863 0.0419
vn -0.0185 -0.9998 -0.0051
vn -0.6292 -0.0175 0.7770
vn 0.0032 -1.0000 -0.0039
vn -0.6151 0.0515 0.7868
vn -0.6360 -0.0175 0.7715
vn -0.6367 0.0310 0.7705
vn 0.0000 -1.0000 0.0000
vn -0.6427 -0.0175 0.7659
vn -0.6495 0.0175 0.7601
vn -0.6630 0.0175 0.7484
vn 0.6689 -0.0175 -0.7431
vn -0.0000 -1.0000 0.0000
vn -0.6627 0.0174 -0.7487
vn -0.6620 0.0175 -0.7493
vn -0.0000 -1.0000 -0.0000
vn -0.6346 0.0998 -0.7664
vn -0.6468 0.0174 -0.7625
vn -0.6427 -0.0175 -0.7659
vn 0.0000 -1.0000 0.0000
vn -0.6360 -0.0175 -0.7715
vn -0.6292 -0.0175 -0.7770
vn 0.0054 -1.0000 0.0067
vn 0.5792 0.4251 0.6956
vn 0.0163 0.9411 -0.3378
vn 0.0437 0.0050 -0.9990
vn 0.3612 -0.1039 -0.9267
vn 0.4624 -0.0715 -0.8838
vn -0.6427 -0.0175 0.7659
vn 0.0053 -1.0000 -0.0064
vn -0.6494 -0.0175 0.7603
vn -0.6452 0.0336 0.7632
vn -0.0000 -1.0000 -0.0000
vn -0.6560 -0.0175 0.7546
vn -0.6558 0.0334 0.7542
vn 0.6689 -0.0175 -0.7431
vn -0.6622 0.0175 0.7491
vn 0.6689 -0.0175 -0.7431
vn -0.6704 0.0175 0.7418
vn -0.6778 0.0175 0.7350
vn -0.0000 -1.0000 0.0000
vn -0.6777 0.0175 -0.7351
vn 0.0000 -1.0000 0.0000
vn -0.6482 0.0965 -0.7554
vn -0.6713 0.0176 -0.7410
vn -0.6560 -0.0175 -0.7546
vn -0.0000 -1.0000 -0.0000
vn -0.6494 -0.0175 -0.7603
vn -0.6427 -0.0175 -0.7659
vn 0.0018 -1.0000 0.0031
vn 0.0016 0.9999 -0.0130
vn -0.0221 -0.9321 0.3616
vn 0.4156 -0.0700 -0.9069
vn 0.4347 -0.0700 -0.8979
vn 0.4550 -0.0699 -0.8878
vn -0.3962 0.0698 0.9155
vn 0.4758 -0.0712 -0.8767
vn -0.6560 -0.0175 0.7546
vn 0.1440 -0.9870 0.0709
vn -0.6625 -0.0175 0.7488
vn -0.0000 -1.0000 -0.0000
vn -0.6690 -0.0175 0.7430
vn -0.6755 -0.0175 0.7371
vn -0.6669 0.0441 0.7438
vn -0.0000 -1.0000 0.0000
vn -0.6819 -0.0175 0.7312
vn -0.6864 0.0175 0.7270
vn -0.7001 0.0178 0.7138
vn -0.0000 -1.0000 0.0000
vn -0.7002 0.0175 -0.7138
vn 0.0003 -1.0000 0.0003
vn 0.0000 1.0000 0.0000
vn -0.7139 0.5991 -0.3626
vn -0.6940 0.0201 -0.7197
vn -0.6872 0.0175 -0.7262
vn -0.6667 0.0763 -0.7414
vn -0.6819 -0.0175 -0.7312
vn 0.0001 -1.0000 0.0001
vn -0.6690 -0.0175 -0.7430
vn 0.0000 -1.0000 0.0000
vn -0.6755 -0.0175 -0.7371
vn -0.6625 -0.0175 -0.7488
vn -0.6560 -0.0175 -0.7546
vn 0.0070 -0.9999 0.0081
vn 0.5831 0.4153 0.6982
vn -0.5782 -0.6604 -0.4791
vn 0.7123 0.6162 0.3362
vn -0.3977 0.0695 0.9149
vn 0.4216 -0.0699 -0.9041
vn 0.5015 -0.0714 -0.8622
vn -0.6690 -0.0175 0.7430
vn 0.0432 -0.9979 -0.0480
vn -0.6883 -0.0175 0.7253
vn -0.0432 0.6960 0.7168
vn 0.3804 0.8337 0.4003
vn -0.6497 0.0182 0.7599
vn -0.5647 0.1563 0.8103
vn -0.6480 0.0181 0.7614
vn -0.0000 -1.0000 0.0000
vn -0.6945 -0.0175 0.7192
vn -0.7149 0.0175 0.6990
vn -0.0000 -1.0000 -0.0000
vn -0.7159 0.0175 -0.6980
vn 0.0000 -1.0000 0.0000
vn -0.6972 0.0208 -0.7166
vn -0.7084 0.0199 -0.7056
vn -0.7091 0.0176 -0.7049
vn -0.6945 -0.0175 -0.7192
vn -0.0002 -1.0000 -0.0002
vn -0.6883 -0.0175 -0.7253
vn -0.6690 -0.0175 -0.7430
vn 0.0088 -0.9999 0.0098
vn -0.1987 0.7958 -0.5720
vn 0.4966 0.8359 0.2339
vn -0.5321 0.5136 -0.6731
vn -0.8046 0.5729 -0.1561
vn 0.5691 0.5587 0.6033
vn 0.6439 -0.0095 0.7651
vn 0.0450 0.9433 -0.3288
vn -0.0221 -0.9321 0.3616
vn -0.4008 0.7063 0.5836
vn 0.4124 -0.7071 -0.5744
vn 0.0000 1.0000 -0.0000
vn 0.4124 -0.7071 -0.5744
vn -0.4008 0.7063 0.5836
vn 0.0000 1.0000 0.0000
vn 0.4146 -0.0751 -0.9069
vn -0.3977 0.0695 0.9149
vn 0.4754 -0.0698 -0.8770
vn 0.0585 0.0530 0.9969
vn -0.6819 -0.0175 0.7312
vn -0.0740 -0.9874 -0.1396
vn -0.6946 -0.0175 0.7192
vn 0.0028 -1.0000 -0.0030
vn -0.3308 0.3219 0.8871
vn -0.7008 -0.0175 0.7132
vn -0.7477 0.0209 0.6637
vn 0.0000 -1.0000 0.0000
vn -0.7049 -0.0175 0.7091
vn -0.6900 0.0190 0.7236
vn -0.7084 0.0175 0.7055
vn -0.7002 0.0181 0.7137
vn -0.9963 0.0253 0.0821
vn -0.7315 0.0175 0.6816
vn -0.0000 -1.0000 -0.0000
vn -0.7298 0.0180 -0.6834
vn 0.0001 -1.0000 0.0001
vn -0.7075 0.1554 -0.6895
vn -0.0503 0.5545 -0.8307
vn -0.7044 0.0179 -0.7096
vn -0.8046 0.5729 -0.1561
vn -0.0503 0.5545 -0.8307
vn -0.6725 0.1441 -0.7259
vn -0.7162 0.0201 -0.6976
vn -0.7192 -0.0175 -0.6945
vn -0.0001 -1.0000 -0.0001
vn -0.7070 -0.0175 -0.7070
vn -0.0007 -1.0000 -0.0007
vn -0.7008 -0.0175 -0.7132
vn -0.6946 -0.0175 -0.7192
vn 0.0180 -0.9997 0.0187
vn -0.6819 -0.0175 -0.7312
vn 0.0119 -0.9998 0.0127
vn 0.4399 -0.0803 -0.8944
vn -0.3962 0.0698 0.9155
vn 0.4791 -0.0698 -0.8750
vn 0.4982 -0.0733 -0.8640
vn 0.5023 -0.0897 -0.8600
vn -0.7049 -0.0175 0.7091
vn 0.0001 -1.0000 -0.0001
vn -0.4679 0.2410 0.8503
vn -0.9963 0.0253 0.0821
vn 0.0000 -1.0000 -0.0000
vn -0.7276 -0.0175 0.6857
vn -0.7714 0.0186 0.6361
vn -0.6097 0.1100 0.7850
vn -0.7171 0.0493 0.6952
vn -0.7418 0.0175 0.6704
vn -0.7431 0.0175 0.6689
vn 0.0000 -1.0000 -0.0000
vn -0.7545 0.0175 0.6561
vn 0.0000 -1.0000 -0.0000
vn -0.7462 0.0174 -0.6655
vn 0.7555 -0.0176 0.6550
vn -0.7486 0.0175 -0.6627
vn 0.7555 -0.0176 0.6550
vn 0.0000 -1.0000 0.0000
vn -0.0123 0.6056 -0.7956
vn -0.7544 0.1656 -0.6352
vn -0.7602 0.0179 -0.6494
vn -0.7352 0.0544 -0.6756
vn -0.0123 0.6056 -0.7956
vn -0.7312 -0.0174 -0.6819
vn 0.7189 0.0175 0.6949
vn 0.0001 -1.0000 0.0001
vn -0.7252 -0.0175 -0.6883
vn 0.7189 0.0175 0.6949
vn -0.7131 -0.0175 -0.7008
vn -0.7070 -0.0175 -0.7070
vn 0.0197 -0.9996 0.0202
vn 0.6408 0.4053 0.6520
vn 0.0018 0.9999 -0.0129
vn 0.4124 -0.7071 -0.5744
vn -0.4124 0.7071 0.5744
vn -0.4124 0.7071 0.5744
vn 0.4124 -0.7071 -0.5744
vn 0.5219 -0.0731 -0.8499
vn 0.4012 -0.5332 -0.7449
vn -0.7277 -0.0175 0.6857
vn 0.0003 -1.0000 -0.0003
vn -0.7372 -0.0175 0.6755
vn -0.7407 0.0205 0.6715
vn 0.0000 -1.0000 -0.0000
vn -0.7430 -0.0175 0.6690
vn -0.7506 0.0216 0.6604
vn -0.7485 0.0175 0.6629
vn -0.7593 0.0175 0.6505
vn -0.7659 0.0175 0.6427
vn -0.0000 -1.0000 0.0000
vn -0.7768 0.0175 0.6295
vn -0.0000 -1.0000 0.0000
vn -0.7769 0.0181 -0.6294
vn 0.0000 -1.0000 0.0000
vn -0.7626 0.0175 -0.6466
vn -0.0000 -1.0000 -0.0000
vn -0.7487 0.0415 -0.6616
vn 0.7555 -0.0176 0.6550
vn -0.7564 0.0176 -0.6538
vn -0.7430 -0.0175 -0.6690
vn 0.0000 -1.0000 0.0000
vn -0.7332 -0.0174 -0.6798
vn -0.7252 -0.0174 -0.6883
vn 0.7189 0.0175 0.6949
vn 0.0047 -1.0000 0.0045
vn -0.4011 0.7063 0.5833
vn 0.4124 -0.7071 -0.5744
vn -0.4011 0.7063 0.5834
vn 0.4124 -0.7071 -0.5744
vn 0.0000 -1.0000 0.0000
vn 0.0585 0.0530 0.9969
vn 0.4751 -0.0698 -0.8771
vn 0.5009 -0.0701 -0.8627
vn 0.5369 -0.0723 -0.8405
vn 0.5452 0.8200 0.1743
vn 0.8109 0.5452 0.2125
vn -0.7430 -0.0175 0.6690
vn 0.0005 -1.0000 -0.0004
vn -0.7488 -0.0175 0.6625
vn 0.2212 0.6733 0.7055
vn -0.3470 0.3201 0.8816
vn 0.0000 -1.0000 -0.0000
vn -0.7546 -0.0175 0.6560
vn -0.7606 0.0222 0.6489
vn -0.7569 0.0295 0.6529
vn -0.0000 -1.0000 0.0000
vn -0.7692 -0.0175 0.6387
vn -0.7675 0.0175 0.6409
vn -0.7865 0.0175 0.6173
vn -0.7880 0.0175 0.6154
vn -0.0000 -1.0000 -0.0000
vn -0.7861 0.0180 -0.6178
vn 0.0000 -1.0000 0.0000
vn -0.7875 0.0187 -0.6161
vn -0.7688 0.0440 -0.6380
vn -0.7501 0.0181 -0.6611
vn -0.7546 0.0413 -0.6549
vn -0.7659 -0.0175 -0.6427
vn -0.0000 -1.0000 -0.0000
vn -0.7546 -0.0175 -0.6560
vn 0.0000 -1.0000 0.0000
vn -0.7488 -0.0175 -0.6625
vn -0.7395 -0.0174 -0.6729
vn 0.0036 -1.0000 0.0033
vn 0.7434 0.2352 0.6261
vn 0.5621 -0.7074 -0.4285
vn 0.0000 1.0000 -0.0000
vn 0.5489 -0.7077 -0.4448
vn 0.0000 1.0000 0.0000
vn -0.6896 -0.6090 -0.3920
vn 0.7123 0.6162 0.3362
vn -0.6890 -0.6044 -0.4000
vn 0.7123 0.6162 0.3362
vn 0.5258 -0.0699 -0.8478
vn 0.5497 -0.0717 -0.8323
vn 0.6838 0.7073 0.1794
vn -0.7546 -0.0175 0.6560
vn 0.0007 -1.0000 -0.0006
vn -0.7603 -0.0175 0.6493
vn -0.7770 -0.0175 0.6293
vn -0.3816 0.4391 0.8134
vn -0.6862 0.0688 0.7241
vn -0.7723 0.0266 0.6347
vn -0.7879 0.0204 0.6155
vn 0.0000 -1.0000 -0.0000
vn -0.7825 -0.0175 0.6224
vn -0.7764 0.0183 0.6300
vn -0.7834 0.0178 0.6213
vn -0.9351 0.0225 -0.3536
vn -0.7984 0.0175 0.6019
vn 0.0000 -1.0000 -0.0000
vn -0.8089 0.0175 0.5877
vn 0.0000 -1.0000 -0.0000
vn -0.8085 0.0174 -0.5883
vn 0.0000 -1.0000 0.0000
vn -0.8036 0.0408 -0.5937
vn -0.8050 0.0174 -0.5931
vn -0.8168 0.0182 -0.5766
vn -0.7985 0.0175 -0.6017
vn 0.0000 -1.0000 0.0000
vn -0.7907 0.0405 -0.6109
vn -0.7825 -0.0175 -0.6224
vn 0.0000 -1.0000 0.0000
vn -0.7715 -0.0175 -0.6360
vn -0.7603 -0.0175 -0.6493
vn -0.7546 -0.0175 -0.6560
vn 0.0069 -1.0000 0.0069
vn -0.6309 0.7063 -0.3212
vn 0.6232 -0.7071 0.3341
vn 0.0000 1.0000 -0.0000
vn -0.6158 0.7073 -0.3472
vn 0.0000 1.0000 -0.0000
vn 0.5226 -0.0698 -0.8497
vn 0.5579 -0.0749 -0.8265
vn 0.3054 -0.7891 -0.5329
vn 0.0123 -0.9999 -0.0109
vn -0.7715 -0.0174 0.6360
vn 0.0591 -0.9980 0.0244
vn -0.7770 -0.0174 0.6292
vn -0.7081 0.0876 0.7007
vn -0.9351 0.0225 -0.3536
vn -0.7966 0.0215 0.6041
vn -0.9351 0.0225 -0.3536
vn 0.0000 -1.0000 0.0000
vn -0.7985 -0.0175 0.6017
vn -0.8060 0.0196 0.5916
vn -0.8027 0.0175 0.5962
vn -0.8121 0.0175 0.5833
vn -0.8188 0.0174 0.5738
vn 0.0000 -1.0000 -0.0000
vn -0.8286 0.0175 0.5596
vn -0.0000 -1.0000 0.0000
vn 0.9773 -0.0011 -0.2118
vn -0.8387 0.0177 -0.5442
vn -0.0000 -1.0000 -0.0000
vn -0.8191 0.0175 -0.5734
vn -0.0000 -1.0000 -0.0000
vn -0.8063 0.0440 -0.5899
vn -0.8147 0.0175 -0.5796
vn -0.7954 -0.0175 -0.6059
vn 0.0000 -1.0000 0.0000
vn -0.7825 -0.0175 -0.6224
vn -0.7770 -0.0175 -0.6292
vn 0.0003 -1.0000 0.0002
vn -0.7659 -0.0175 -0.6427
vn 0.0004 -1.0000 0.0003
vn 0.5586 -0.7071 -0.4336
vn 0.5586 -0.7071 -0.4336
vn -0.4950 -0.5722 -0.6539
vn 0.1602 -0.3801 -0.9109
vn -0.0811 -0.3984 -0.9136
vn 0.5670 -0.0698 -0.8208
vn 0.5655 -0.1938 -0.8017
vn 0.7649 0.6121 0.2007
vn -0.6784 -0.7127 -0.1782
vn 0.7850 0.5843 0.2059
vn 0.7848 0.5844 0.2064
vn -0.7847 -0.0174 0.6197
vn -0.0331 -0.9948 -0.0959
vn -0.7933 -0.0175 0.6086
vn -0.8037 -0.0175 0.5948
vn -0.0000 -1.0000 -0.0000
vn -0.8089 -0.0175 0.5877
vn -0.8157 0.0206 0.5781
vn 0.0000 -1.0000 -0.0000
vn -0.8190 -0.0175 0.5735
vn -0.7925 0.0207 0.6095
vn -0.8223 0.0174 0.5688
vn -0.2356 0.0231 0.9716
vn -0.8562 0.0182 0.5163
vn -0.8385 0.0175 0.5446
vn -0.0000 -1.0000 0.0000
vn -0.8470 0.0177 0.5313
vn -0.0000 -1.0000 0.0000
vn -0.8434 0.0175 -0.5369
vn 0.0000 -1.0000 0.0000
vn -0.8445 0.0179 -0.5353
vn -0.8361 0.0437 -0.5469
vn 0.9773 -0.0011 -0.2118
vn -0.8102 0.0181 -0.5859
vn 0.9773 -0.0011 -0.2118
vn -0.8067 0.0186 -0.5906
vn -0.8190 -0.0175 -0.5735
vn -0.0000 -1.0000 -0.0000
vn -0.8089 -0.0175 -0.5877
vn -0.0000 -1.0000 -0.0000
vn -0.8037 -0.0175 -0.5948
vn -0.7897 -0.0175 -0.6132
vn -0.7879 -0.0175 -0.6155
vn 0.0001 -1.0000 0.0001
vn 0.6364 0.0657 0.7685
vn 0.6389 0.0129 0.7692
vn 0.6635 0.0496 0.7465
vn -0.6144 0.7071 -0.3501
vn -0.6190 0.7070 -0.3421
vn 0.5239 -0.0699 -0.8489
vn 0.5523 -0.0699 -0.8307
vn 0.5799 -0.0699 -0.8117
vn 0.5753 -0.1723 -0.7996
vn 0.0001 -1.0000 -0.0002
vn -0.7985 -0.0175 0.6018
vn 0.0004 -1.0000 -0.0003
vn -0.8089 -0.0175 0.5877
vn 0.0001 -1.0000 -0.0001
vn -0.8140 -0.0175 0.5806
vn -0.8240 -0.0175 0.5663
vn -0.7596 0.1161 0.6399
vn -0.0000 -1.0000 0.0000
vn -0.8319 -0.0175 0.5547
vn -0.8615 0.0231 0.5072
vn -0.8343 0.0183 0.5510
vn -0.8381 0.0177 0.5452
vn -0.8634 0.0176 0.5042
vn -0.8570 0.0175 0.5150
vn 0.0000 -1.0000 -0.0000
vn -0.8392 0.0177 -0.5435
vn -0.8552 0.0180 -0.5181
vn 0.0000 -1.0000 0.0000
vn -0.8416 0.0343 -0.5391
vn -0.8463 0.0175 -0.5324
vn -0.8313 0.0818 -0.5497
vn -0.8386 -0.0175 -0.5445
vn -0.0000 -1.0000 -0.0000
vn -0.8289 -0.0175 -0.5591
vn 0.0000 -1.0000 0.0000
vn -0.8240 -0.0175 -0.5663
vn -0.8140 -0.0175 -0.5806
vn -0.8089 -0.0175 -0.5877
vn 0.0002 -1.0000 0.0002
vn -0.7985 -0.0175 -0.6018
vn 0.0002 -1.0000 0.0002
vn 0.5491 -0.7077 -0.4445
vn 0.5620 -0.7074 -0.4288
vn -0.6233 0.7071 -0.3339
vn 0.6232 -0.7071 0.3341
vn -0.6190 0.7070 -0.3422
vn -0.6964 -0.6030 -0.3892
vn 0.7666 0.5918 0.2490
vn 0.5579 -0.0698 -0.8270
vn 0.5867 -0.0697 -0.8068
vn 0.5863 -0.0864 -0.8054
vn 0.0001 -1.0000 -0.0002
vn 0.5940 -0.0699 -0.8014
vn 0.5882 -0.1404 -0.7964
vn 0.0001 -1.0000 -0.0002
vn 0.4716 -0.5525 -0.6873
vn 0.4195 0.6793 0.6022
vn -0.8190 -0.0175 0.5735
vn 0.0001 -1.0000 -0.0001
vn -0.8318 -0.0175 0.5548
vn 0.0001 -1.0000 -0.0001
vn 0.0000 -1.0000 -0.0000
vn -0.8495 -0.0175 0.5274
vn -0.8487 0.0192 0.5284
vn -0.8724 0.0220 0.4882
vn -0.8359 0.0186 0.5486
vn -0.8019 0.0990 0.5892
vn -0.8609 0.0183 0.5084
vn -0.8699 0.0178 0.4929
vn -0.8659 0.0175 0.4998
vn 0.0000 -1.0000 -0.0000
vn -0.8744 0.0175 0.4849
vn 0.0000 -1.0000 0.0000
vn -0.8824 0.0175 0.4701
vn 0.0000 -1.0000 -0.0000
vn -0.8828 0.0174 -0.4695
vn 0.0000 -1.0000 0.0000
vn -0.8745 0.0175 -0.4847
vn 0.0000 -1.0000 0.0000
vn -0.8693 0.0353 -0.4930
vn -0.8800 0.0181 -0.4746
vn -0.8700 0.0174 -0.4928
vn -0.8658 0.0175 -0.5000
vn 0.0000 -1.0000 0.0000
vn -0.8560 0.0322 -0.5159
vn 0.8492 0.0174 0.5278
vn -0.8479 -0.0174 -0.5298
vn 0.0000 -1.0000 0.0000
vn -0.8464 -0.0174 -0.5323
vn -0.8337 -0.0175 -0.5519
vn -0.8289 -0.0175 -0.5591
vn 0.0001 -1.0000 0.0001
vn -0.8190 -0.0175 -0.5735
vn 0.0010 -1.0000 0.0009
vn 0.5684 -0.0699 -0.8197
vn 0.6007 -0.0702 -0.7964
vn 0.6094 -0.0701 -0.7897
vn -0.8525 -0.0175 0.5224
vn 0.0000 -1.0000 -0.0000
vn -0.8570 -0.0175 0.5150
vn -0.8735 0.0192 0.4864
vn 0.0000 -1.0000 -0.0000
vn -0.8659 -0.0175 0.4999
vn -0.8204 0.0885 0.5648
vn -0.8780 0.0182 0.4783
vn -0.8457 0.0591 0.5303
vn -0.8773 0.0176 0.4796
vn -0.8898 0.0175 0.4559
vn -0.8907 0.0175 0.4542
vn 0.0000 -1.0000 -0.0000
vn -0.8984 0.0175 0.4388
vn 0.0000 -1.0000 0.0000
vn -0.8986 0.0175 -0.4384
vn -0.0000 -1.0000 -0.0000
vn -0.8908 0.0174 -0.4540
vn -0.0000 -1.0000 -0.0000
vn -0.8845 0.0174 -0.4662
vn -0.8710 0.0322 -0.4902
vn -0.8295 0.1399 -0.5406
vn -0.8779 0.0175 -0.4785
vn -0.8659 -0.0175 -0.4999
vn 0.0000 -1.0000 0.0000
vn -0.8570 -0.0175 -0.5150
vn 0.0000 -1.0000 0.0000
vn 0.0000 1.0000 0.0000
vn -0.8525 -0.0175 -0.5225
vn 0.8492 0.0174 0.5278
vn -0.8414 -0.0174 -0.5401
vn 0.0001 -1.0000 0.0001
vn -0.1428 0.9309 -0.3363
vn -0.7369 0.3574 -0.5738
vn -0.2288 0.9672 -0.1106
vn 0.2556 0.9568 0.1388
vn 0.6232 -0.7071 0.3341
vn -0.6112 0.7074 -0.3552
vn -0.0011 1.0000 0.0017
vn 0.2672 -0.2359 -0.9343
vn 0.3164 -0.2296 -0.9204
vn 0.5537 -0.0699 -0.8298
vn 0.6210 -0.0702 -0.7807
vn 0.7579 0.6409 0.1219
vn -0.8495 -0.0175 0.5273
vn 0.0166 -0.9998 0.0134
vn -0.8570 -0.0175 0.5150
vn 0.0047 -1.0000 -0.0028
vn -0.8615 -0.0175 0.5075
vn -0.8702 -0.0175 0.4924
vn 0.0000 -1.0000 0.0000
vn -0.8745 -0.0175 0.4847
vn -0.8760 0.0324 0.4813
vn 0.0000 -1.0000 -0.0000
vn -0.8828 -0.0175 0.4694
vn -0.8828 0.0339 0.4684
vn -0.8927 0.0274 0.4497
vn -0.2255 0.0272 0.9739
vn -0.8948 0.0175 0.4461
vn -0.2255 0.0272 0.9739
vn -0.9018 0.0175 0.4318
vn -0.8042 0.0359 -0.5933
vn -0.9058 0.0175 0.4233
vn 0.0000 -1.0000 -0.0000
vn -0.9133 0.0175 0.4070
vn 0.0000 -1.0000 -0.0000
vn -0.9101 0.0179 -0.4140
vn -0.0000 -1.0000 -0.0000
vn -0.9003 0.0176 -0.4350
vn -0.8885 0.1270 -0.4410
vn -0.8944 0.0174 -0.4470
vn -0.8773 0.1155 -0.4658
vn -0.8828 -0.0175 -0.4694
vn 0.0000 -1.0000 -0.0000
vn -0.8745 -0.0175 -0.4847
vn 0.0000 -1.0000 0.0000
vn -0.8702 -0.0175 -0.4924
vn -0.8615 -0.0175 -0.5074
vn -0.8525 -0.0174 -0.5224
vn 0.8492 0.0174 0.5278
vn 0.0004 -1.0000 0.0004
vn 0.7534 0.4813 0.4480
vn -0.6621 -0.6051 -0.4422
vn 0.5568 -0.0705 -0.8276
vn 0.5574 -0.0699 -0.8273
vn 0.5853 -0.0699 -0.8078
vn -0.5292 0.0702 0.8456
vn 0.6340 -0.0702 -0.7701
vn 0.6025 -0.3106 -0.7352
vn -0.8659 -0.0175 0.4999
vn 0.0047 -1.0000 -0.0027
vn -0.8745 -0.0175 0.4847
vn 0.0048 -1.0000 -0.0027
vn -0.8787 -0.0175 0.4771
vn -0.8869 -0.0175 0.4617
vn 0.0000 -1.0000 -0.0000
vn -0.8909 -0.0175 0.4540
vn 0.0000 -1.0000 0.0000
vn -0.8987 -0.0175 0.4383
vn -0.8942 0.0644 0.4429
vn -0.8042 0.0359 -0.5933
vn 0.0000 -1.0000 -0.0000
vn -0.9062 -0.0175 0.4225
vn -0.9141 0.0175 0.4050
vn -0.9166 0.0175 0.3993
vn -0.9121 0.0175 0.4097
vn -0.9178 0.0176 0.3966
vn 0.9070 -0.0183 -0.4207
vn -0.9202 0.0175 0.3910
vn 0.0000 -1.0000 0.0000
vn -0.9262 0.0177 0.3766
vn -0.0000 -1.0000 0.0000
vn -0.9334 0.0175 0.3584
vn -0.0000 -1.0000 0.0000
vn -0.9335 0.0181 -0.3582
vn -0.0000 -1.0000 -0.0000
vn -0.9098 0.0182 -0.4147
vn -0.9280 0.0180 -0.3721
vn -0.0000 -1.0000 -0.0000
vn -0.9135 0.0958 -0.3954
vn -0.9201 0.0181 -0.3912
vn -0.9178 0.0175 -0.3966
vn -0.0000 -1.0000 0.0000
vn -0.9028 0.0922 -0.4201
vn -0.9062 -0.0175 -0.4225
vn 0.0000 -1.0000 0.0000
vn -0.8986 -0.0175 -0.4383
vn 0.0000 -1.0000 0.0000
vn -0.8909 -0.0175 -0.4540
vn -0.0000 -1.0000 -0.0000
vn -0.8869 -0.0175 -0.4617
vn -0.8787 -0.0175 -0.4771
vn -0.8745 -0.0175 -0.4847
vn -0.0000 -1.0000 -0.0000
vn -0.8659 -0.0175 -0.4999
vn 0.0000 -1.0000 0.0000
vn 0.1672 0.0182 -0.9858
vn 0.0000 -1.0000 0.0000
vn 0.1078 -0.3740 -0.9211
vn 0.5576 -0.0775 -0.8265
vn 0.6013 -0.0699 -0.7960
vn -0.8828 -0.0175 0.4694
vn 0.0049 -1.0000 -0.0026
vn -0.8909 -0.0175 0.4539
vn 0.0066 -1.0000 -0.0013
vn -0.8948 -0.0175 0.4461
vn -0.9025 -0.0175 0.4304
vn -0.9098 -0.0175 0.4146
vn -0.1378 0.6052 0.7841
vn -0.7674 0.2656 0.5835
vn -0.8042 0.0359 -0.5933
vn 0.0000 -1.0000 -0.0000
vn -0.9134 -0.0175 0.4067
vn 0.0000 -1.0000 -0.0000
vn -0.9204 -0.0175 0.3907
vn -0.9363 0.0177 0.3506
vn -0.9280 0.0180 0.3720
vn -0.9353 0.0183 0.3534
vn -0.9398 0.0176 0.3412
vn -0.9395 0.0175 0.3421
vn -0.0000 -1.0000 0.0000
vn -0.9447 0.0177 0.3276
vn -0.0000 -1.0000 -0.0000
vn -0.9508 0.0175 0.3093
vn 0.0000 -1.0000 0.0000
vn -0.9508 0.0181 -0.3092
vn -0.0000 -1.0000 -0.0000
vn -0.9424 0.0174 -0.3340
vn -0.9454 0.0175 -0.3255
vn 0.0000 -1.0000 0.0000
vn -0.6612 0.6276 -0.4109
vn -0.9450 0.0176 -0.3267
vn -0.9497 0.0181 -0.3126
vn -0.9397 0.0175 -0.3414
vn 0.0000 -1.0000 0.0000
vn -0.9234 0.1058 -0.3689
vn -0.9279 0.0187 -0.3724
vn -0.9218 0.1073 -0.3726
vn 0.0000 -1.0000 0.0000
vn -0.9204 -0.0175 -0.3907
vn 0.0000 -1.0000 0.0000
vn -0.9134 -0.0175 -0.4066
vn -0.9098 -0.0175 -0.4146
vn -0.6747 0.4142 -0.6109
vn -0.9024 -0.0175 -0.4305
vn -0.8948 -0.0175 -0.4461
vn -0.8909 -0.0175 -0.4539
vn 0.0070 -1.0000 0.0036
vn -0.8828 -0.0175 -0.4694
vn 0.0038 -1.0000 0.0020
vn -0.5027 0.7024 -0.5039
vn 0.1738 -0.1098 -0.9786
vn -0.1746 -0.0549 0.9831
vn 0.0000 -1.0000 0.0000
vn -0.7081 -0.6059 -0.3627
vn 0.7666 0.5918 0.2490
vn 0.5390 -0.1033 -0.8360
vn -0.5292 0.0702 0.8456
vn -0.5292 0.0702 0.8456
vn 0.5760 -0.0703 -0.8144
vn 0.6218 -0.0698 -0.7801
vn 0.6280 -0.0698 -0.7751
vn 0.6494 -0.0697 -0.7572
vn -0.8987 -0.0175 0.4383
vn 0.0056 -1.0000 -0.0027
vn -0.9062 -0.0175 0.4226
vn 0.0057 -1.0000 -0.0027
vn -0.9134 -0.0175 0.4066
vn -0.0003 -1.0000 -0.0076
vn -0.9169 -0.0175 0.3987
vn -0.0000 -1.0000 -0.0000
vn -0.9270 -0.0175 0.3746
vn -0.9237 -0.0175 0.3826
vn -0.0000 -1.0000 0.0000
vn -0.9334 -0.0175 0.3583
vn -0.0000 -1.0000 0.0000
vn -0.9395 -0.0175 0.3420
vn -0.9470 0.0197 0.3206
vn -0.9377 0.0180 0.3469
vn -0.9113 0.0896 0.4020
vn -0.9552 0.0178 0.2953
vn -0.9574 0.0179 0.2883
vn -0.8840 0.1685 0.4360
vn -0.9533 0.0175 0.3014
vn -0.9573 0.0175 0.2886
vn -0.9559 0.0175 0.2930
vn 0.0000 -1.0000 0.0000
vn -0.9609 0.0175 0.2763
vn 0.0000 -1.0000 0.0000
vn -0.9657 0.0175 0.2590
vn 0.0000 -1.0000 0.0000
vn -0.9699 0.0175 0.2428
vn 0.0000 -1.0000 0.0000
vn -0.9702 0.0175 -0.2418
vn -0.0000 -1.0000 -0.0000
vn -0.9656 0.0174 -0.2594
vn 0.0000 -1.0000 0.0000
vn -0.9611 0.0175 -0.2756
vn -0.0000 -1.0000 -0.0000
vn -0.9502 0.0962 -0.2965
vn -0.9587 0.0175 -0.2840
vn -0.9561 0.0175 -0.2924
vn 0.0000 -1.0000 0.0000
vn -0.9551 0.0554 -0.2911
vn -0.4161 0.7560 -0.5053
vn -0.9627 0.0181 -0.2698
vn -0.9397 0.1142 -0.3223
vn -0.9352 0.0181 -0.3535
vn -0.0000 -1.0000 -0.0000
vn -0.9395 -0.0175 -0.3420
vn 0.0000 -1.0000 0.0000
vn -0.9334 -0.0175 -0.3583
vn 0.0000 -1.0000 0.0000
vn -0.9270 -0.0175 -0.3746
vn -0.9237 -0.0175 -0.3826
vn -0.9169 -0.0175 -0.3987
vn -0.9134 -0.0175 -0.4066
vn 0.0039 -1.0000 0.0012
vn -0.9062 -0.0175 -0.4226
vn 0.0049 -1.0000 0.0023
vn -0.8987 -0.0175 -0.4383
vn 0.0157 -0.9998 0.0129
vn 0.1711 0.0181 -0.9851
vn -0.7152 -0.6104 -0.3405
vn 0.7666 0.5918 0.2490
vn -0.7631 -0.5869 -0.2704
vn 0.5760 -0.0841 -0.8131
vn 0.6017 -0.0702 -0.7956
vn 0.6606 -0.0699 -0.7475
vn 0.6678 -0.0697 -0.7410
vn -0.9204 -0.0175 0.3907
vn 0.0016 -1.0000 -0.0007
vn -0.9270 -0.0175 0.3746
vn 0.0008 -1.0000 -0.0003
vn -0.9303 -0.0175 0.3665
vn -0.9365 -0.0175 0.3501
vn -0.0000 -1.0000 0.0000
vn -0.9454 -0.0175 0.3255
vn -0.9425 -0.0175 0.3338
vn 0.0000 -1.0000 0.0000
vn -0.9509 -0.0175 0.3090
vn -0.9552 0.0175 0.2954
vn 0.0000 -1.0000 0.0000
vn -0.9562 -0.0175 0.2923
vn -0.9297 0.1531 0.3350
vn -0.9647 0.0184 0.2628
vn -0.9626 0.0175 0.2702
vn -0.9674 0.0178 0.2528
vn -0.9683 0.0175 0.2491
vn -0.9720 0.0178 0.2344
vn -0.9741 0.0176 0.2253
vn -0.9742 0.0175 0.2248
vn -0.0000 -1.0000 -0.0000
vn -0.9781 0.0175 0.2076
vn 0.0000 -1.0000 0.0000
vn -0.9814 0.0175 0.1909
vn -0.0000 -1.0000 -0.0000
vn -0.9846 0.0175 0.1742
vn -0.0000 -1.0000 -0.0000
vn -0.9874 0.0176 0.1571
vn 0.0000 -1.0000 0.0000
vn -0.9875 0.0174 -0.1565
vn 0.0000 -1.0000 0.0000
vn -0.9846 0.0178 -0.1742
vn -0.0000 -1.0000 -0.0000
vn -0.9819 0.0178 -0.1887
vn -0.0000 -1.0000 -0.0000
vn -0.9761 0.0179 -0.2167
vn -0.9779 0.0175 -0.2082
vn 0.0000 -1.0000 0.0000
vn -0.9752 0.0189 -0.2203
vn -0.9758 0.0180 -0.2181
vn -0.9743 0.0175 -0.2245
vn 0.0000 -1.0000 0.0000
vn -0.9663 0.0183 -0.2568
vn -0.9722 0.0180 -0.2334
vn -0.9656 0.1469 -0.2145
vn -0.9656 0.0183 -0.2595
vn -0.9684 0.0175 -0.2489
vn -0.9607 0.1461 -0.2361
vn -0.9640 0.0174 -0.2652
vn 0.0000 -1.0000 0.0000
vn -0.9562 -0.0175 -0.2923
vn -0.0000 -1.0000 -0.0000
vn -0.9509 -0.0175 -0.3090
vn -0.0000 -1.0000 -0.0000
vn -0.9454 -0.0175 -0.3255
vn -0.9425 -0.0175 -0.3338
vn -0.9365 -0.0175 -0.3501
vn -0.9303 -0.0175 -0.3665
vn -0.9270 -0.0175 -0.3746
vn 0.0039 -1.0000 0.0011
vn -0.9204 -0.0175 -0.3907
vn 0.0047 -1.0000 0.0020
vn 0.1797 0.0176 -0.9836
vn -0.1746 -0.0549 0.9831
vn -0.6670 -0.6002 -0.4414
vn 0.7302 0.5875 0.3489
vn 0.5959 -0.0792 -0.7991
vn -0.5636 0.1076 0.8190
vn 0.2564 -0.2329 -0.9381
vn -0.5636 0.1076 0.8190
vn 0.6753 -0.0699 -0.7342
vn -0.9335 -0.0175 0.3583
vn 0.0023 -1.0000 -0.0009
vn -0.9395 -0.0175 0.3420
vn 0.0031 -1.0000 -0.0011
vn -0.9454 -0.0175 0.3255
vn 0.0016 -1.0000 -0.0006
vn -0.9482 -0.0175 0.3173
vn -0.9536 -0.0175 0.3007
vn 0.0000 -1.0000 0.0000
vn -0.9611 -0.0175 0.2756
vn -0.9587 -0.0175 0.2839
vn -0.0000 -1.0000 -0.0000
vn -0.9658 -0.0175 0.2587
vn -0.0000 -1.0000 -0.0000
vn -0.9701 -0.0175 0.2419
vn -0.9758 0.0180 0.2179
vn 0.0000 -1.0000 0.0000
vn -0.9742 -0.0175 0.2250
vn 0.3090 0.8235 0.4757
vn -0.7488 0.4459 0.4904
vn 0.7548 0.6143 0.2300
vn -0.9770 0.0200 0.2124
vn -0.9757 0.0227 0.2178
vn -0.9792 0.0176 0.2022
vn -0.8035 0.4683 0.3676
vn -0.9943 0.0234 -0.1043
vn -0.9884 0.0194 0.1504
vn -0.9833 0.0185 0.1810
vn -0.9844 0.0201 0.1749
vn -0.9849 0.0176 0.1723
vn -0.9906 0.0188 0.1359
vn -0.9897 0.0180 0.1419
vn -0.9879 0.0179 0.1539
vn -0.9900 0.0175 0.1398
vn 0.0000 -1.0000 0.0000
vn -0.4229 0.9048 0.0493
vn -0.9912 0.0380 0.1264
vn -0.9937 0.0177 0.1106
vn -0.0000 -1.0000 -0.0000
vn -0.9932 0.0179 0.1150
vn -0.9955 0.0178 0.0929
vn -0.0000 -1.0000 0.0000
vn -0.9981 0.0177 0.0586
vn -0.9974 0.0174 0.0697
vn -0.0000 -1.0000 -0.0000
vn -0.9985 0.0178 0.0521
vn 0.0000 -1.0000 0.0000
vn -0.9992 0.0175 0.0351
vn -0.0000 -1.0000 0.0000
vn -0.9997 0.0175 0.0169
vn -0.0000 -1.0000 0.0000
vn -0.9998 0.0175 0.0009
vn 0.0000 -1.0000 -0.0000
vn -0.9997 0.0174 -0.0170
vn 0.0000 -1.0000 0.0000
vn -0.9992 0.0178 -0.0346
vn 0.0000 -1.0000 0.0000
vn -0.9985 0.0174 -0.0524
vn -0.0000 -1.0000 -0.0000
vn -0.9971 0.0175 -0.0738
vn 0.9455 -0.0126 0.3253
vn -0.0000 -1.0000 0.0000
vn -0.9978 0.0180 -0.0645
vn -0.9962 0.0178 -0.0850
vn 0.0000 -1.0000 0.0000
vn -0.9930 0.0179 -0.1166
vn -0.9943 0.0175 -0.1049
vn 0.0000 -1.0000 0.0000
vn -0.9935 0.0175 -0.1125
vn 0.9932 -0.0174 0.1152
vn 0.9932 -0.0174 0.1152
vn -0.9925 0.0174 -0.1212
vn -0.0000 -1.0000 -0.0000
vn -0.9887 0.0180 -0.1485
vn -0.9926 0.0180 -0.1202
vn -0.9902 0.0176 -0.1388
vn 0.0000 -1.0000 0.0000
vn -0.9886 0.0187 -0.1495
vn -0.9878 0.0176 -0.1550
vn -0.9808 0.1261 -0.1485
vn -0.9894 0.0180 -0.1440
vn -0.9771 0.1045 -0.1852
vn -0.9833 0.0183 -0.1811
vn -0.9782 0.0186 -0.2068
vn -0.9280 0.3093 -0.2076
vn -0.0000 -1.0000 -0.0000
vn -0.9742 -0.0175 -0.2250
vn 0.0000 -1.0000 0.0000
vn -0.9701 -0.0175 -0.2419
vn 0.0000 -1.0000 0.0000
vn -0.9658 -0.0175 -0.2587
vn 0.0000 -1.0000 0.0000
vn -0.9611 -0.0175 -0.2756
vn -0.9587 -0.0175 -0.2839
vn -0.9536 -0.0175 -0.3007
vn -0.9482 -0.0175 -0.3173
vn -0.9454 -0.0175 -0.3255
vn 0.0061 -1.0000 0.0021
vn -0.9395 -0.0175 -0.3420
vn 0.0063 -1.0000 0.0023
vn -0.9335 -0.0175 -0.3583
vn -0.0036 -1.0000 -0.0070
vn 0.7667 0.5667 0.3016
vn -0.7181 -0.5736 -0.3941
vn 0.7302 0.5875 0.3489
vn 0.5901 -0.0998 -0.8011
vn -0.5636 0.1076 0.8190
vn 0.7943 0.5654 0.2223
vn 0.6209 -0.0698 -0.7808
vn 0.7943 0.5654 0.2223
vn 0.6413 -0.0697 -0.7641
vn 0.6519 -0.0703 -0.7551
vn 0.6861 -0.0702 -0.7241
vn 0.6932 -0.0720 -0.7172
vn 0.7342 0.6235 0.2687
vn -0.9509 -0.0175 0.3089
vn 0.0013 -1.0000 -0.0004
vn -0.9562 -0.0175 0.2923
vn 0.0063 -1.0000 0.0028
vn -0.9611 -0.0175 0.2756
vn 0.0033 -1.0000 -0.0010
vn -0.9635 -0.0175 0.2672
vn -0.9680 -0.0175 0.2504
vn -0.9722 -0.0175 0.2334
vn -0.0000 -1.0000 -0.0000
vn -0.9780 -0.0175 0.2079
vn -0.9761 -0.0175 0.2164
vn 0.0000 -1.0000 0.0000
vn -0.9815 -0.0175 0.1907
vn 0.0000 -1.0000 0.0000
vn -0.9847 -0.0175 0.1736
vn -0.0000 -1.0000 -0.0000
vn -0.9875 -0.0175 0.1564
vn -0.0000 -1.0000 -0.0000
vn -0.9901 -0.0175 0.1391
vn -0.9429 0.1946 0.2702
vn -0.9784 0.0847 0.1887
vn -0.0000 -1.0000 0.0000
vn -0.9924 -0.0175 0.1219
vn -0.4229 0.9048 0.0493
vn -0.9911 0.0472 0.1246
vn -0.5423 0.8401 0.0070
vn -0.9932 0.0472 0.1064
vn -0.3929 0.9109 -0.1260
vn -0.9983 0.0198 0.0554
vn 0.9937 -0.0808 -0.0772
vn -0.9967 0.0178 0.0794
vn -0.9803 0.1348 0.1445
vn 0.9937 -0.0808 -0.0772
vn -0.9992 0.0229 0.0317
vn 0.9937 -0.0808 -0.0772
vn -0.9996 0.0178 0.0226
vn -0.9943 0.0242 0.1038
vn -0.9992 0.0176 0.0345
vn -0.2551 0.9386 -0.2323
vn -0.9548 0.2386 0.1771
vn -0.9961 0.0217 -0.0854
vn -0.9997 0.0218 0.0091
vn -0.9997 0.0249 -0.0051
vn -0.9998 0.0175 -0.0074
vn -0.7767 0.4902 0.3955
vn -0.9994 0.0184 -0.0290
vn -0.9998 0.0180 -0.0028
vn -0.7730 0.5715 0.2756
vn -0.9984 0.0177 -0.0545
vn -0.9980 0.0177 -0.0601
vn -0.9926 0.1051 -0.0612
vn 0.9455 -0.0126 0.3253
vn -0.9984 0.0176 -0.0535
vn 0.9455 -0.0126 0.3253
vn -0.9755 0.2189 -0.0225
vn 0.9936 -0.0859 0.0736
vn -0.9903 0.0183 -0.1381
vn -0.8383 0.5367 0.0961
vn 0.6460 0.7470 0.1570
vn -0.2551 0.9386 -0.2323
vn 0.6686 0.2583 0.6973
vn -0.9934 0.0596 -0.0982
vn 0.9936 -0.0859 0.0736
vn 0.9936 -0.0859 0.0736
vn -0.9932 0.0177 -0.1148
vn -0.9938 0.0184 -0.1101
vn 0.9932 -0.0174 0.1152
vn -0.9412 0.3352 -0.0432
vn -0.9839 0.0194 -0.1777
vn 0.0000 -1.0000 0.0000
vn -0.9924 -0.0175 -0.1219
vn -0.0000 -1.0000 -0.0000
vn -0.9901 -0.0175 -0.1391
vn -0.0000 -1.0000 -0.0000
vn -0.9875 -0.0175 -0.1564
vn 0.0000 -1.0000 0.0000
vn -0.9847 -0.0175 -0.1736
vn -0.0000 -1.0000 -0.0000
vn -0.9815 -0.0175 -0.1907
vn 0.0000 -1.0000 0.0000
vn -0.9780 -0.0175 -0.2079
vn -0.9761 -0.0175 -0.2164
vn -0.9722 -0.0175 -0.2334
vn -0.9680 -0.0175 -0.2503
vn -0.9635 -0.0175 -0.2672
vn -0.9611 -0.0175 -0.2756
vn 0.0000 -1.0000 0.0000
vn -0.9562 -0.0175 -0.2923
vn -0.0000 -1.0000 -0.0000
vn -0.9509 -0.0175 -0.3089
vn 0.0292 -0.9992 0.0274
vn 0.4315 0.8950 0.1129
vn -0.0876 0.8581 -0.5059
vn 0.6984 0.3168 0.6418
vn 0.5685 -0.1387 -0.8109
vn 0.7943 0.5654 0.2223
vn 0.6345 -0.0701 -0.7697
vn -0.6144 0.0697 0.7859
vn 0.6674 -0.0699 -0.7414
vn 0.7010 -0.0701 -0.7097
vn -0.9658 -0.0175 0.2587
vn 0.0051 -1.0000 0.0006
vn -0.9701 -0.0175 0.2419
vn 0.0024 -1.0000 -0.0006
vn -0.6727 -0.2074 -0.7103
vn -0.9742 -0.0175 0.2250
vn -0.0049 -1.0000 -0.0054
vn -0.9780 -0.0175 0.2079
vn 0.0109 -0.9999 0.0091
vn -0.9798 -0.0175 0.1994
vn -0.9831 -0.0175 0.1822
vn -0.9861 -0.0175 0.1650
vn -0.9889 -0.0175 0.1477
vn -0.9913 -0.0175 0.1305
vn -0.0000 -1.0000 -0.0000
vn -0.9944 -0.0175 0.1045
vn -0.9934 -0.0175 0.1132
vn -0.0000 -1.0000 -0.0000
vn -0.9960 -0.0175 0.0871
vn 0.0000 -1.0000 0.0000
vn -0.9974 -0.0175 0.0698
vn -0.0000 -1.0000 0.0000
vn -0.9985 -0.0175 0.0523
vn 0.0000 -1.0000 -0.0000
vn -0.9992 -0.0175 0.0349
vn 0.0000 -1.0000 -0.0000
vn -0.9997 -0.0175 0.0175
vn 0.0000 -1.0000 0.0000
vn -0.9998 -0.0175 0.0000
vn -0.0000 -1.0000 -0.0000
vn -0.9997 -0.0175 -0.0175
vn -0.0000 -1.0000 -0.0000
vn -0.9992 -0.0175 -0.0349
vn 0.0000 -1.0000 0.0000
vn -0.9985 -0.0175 -0.0523
vn -0.0000 -1.0000 -0.0000
vn -0.9974 -0.0175 -0.0698
vn -0.0000 -1.0000 -0.0000
vn -0.9960 -0.0175 -0.0871
vn 0.0000 -1.0000 0.0000
vn -0.9944 -0.0175 -0.1045
vn -0.9934 -0.0175 -0.1132
vn -0.9913 -0.0175 -0.1305
vn -0.9889 -0.0175 -0.1477
vn -0.9861 -0.0175 -0.1650
vn -0.9831 -0.0175 -0.1822
vn -0.9798 -0.0175 -0.1994
vn -0.9780 -0.0175 -0.2079
vn 0.0001 -1.0000 0.0000
vn -0.9742 -0.0175 -0.2250
vn 0.0001 -1.0000 0.0000
vn -0.9701 -0.0175 -0.2419
vn -0.0002 -1.0000 -0.0003
vn -0.9658 -0.0175 -0.2587
vn -0.0004 -1.0000 -0.0005
vn 0.6395 -0.0712 -0.7655
vn 0.6322 -0.0701 -0.7716
vn 0.6821 -0.0699 -0.7279
vn -0.4847 0.0679 0.8720
vn 0.7107 -0.0697 -0.7000
vn 0.7178 -0.0697 -0.6927
vn -0.9815 -0.0175 0.1908
vn -0.0066 -0.9999 -0.0087
vn -0.9847 -0.0175 0.1736
vn -0.0038 -1.0000 -0.0043
vn -0.9875 -0.0175 0.1564
vn 0.0176 -0.9997 0.0152
vn -0.9901 -0.0175 0.1392
vn -0.0081 -0.9999 -0.0112
vn -0.9924 -0.0175 0.1219
vn 0.0413 -0.9984 0.0380
vn -0.5874 -0.5300 -0.6115
vn -0.9944 -0.0175 0.1045
vn 0.0155 -0.9998 0.0138
vn -0.9953 -0.0175 0.0958
vn -0.9960 -0.0175 0.0871
vn -0.0079 -0.9999 -0.0115
vn -0.9968 -0.0175 0.0785
vn -0.9980 -0.0175 0.0611
vn -0.9989 -0.0175 0.0436
vn -0.9995 -0.0175 0.0262
vn -0.9998 -0.0175 0.0087
vn -0.9998 -0.0175 -0.0087
vn -0.9995 -0.0175 -0.0262
vn -0.9989 -0.0175 -0.0436
vn -0.9980 -0.0175 -0.0611
vn -0.9968 -0.0175 -0.0785
vn -0.9953 -0.0175 -0.0958
vn -0.9960 -0.0175 -0.0871
vn 0.0195 -0.9997 0.0176
vn -0.9944 -0.0175 -0.1045
vn -0.0104 -0.9999 -0.0132
vn -0.9924 -0.0175 -0.1219
vn 0.0018 -1.0000 0.0002
vn -0.9901 -0.0175 -0.1392
vn -0.0022 -1.0000 -0.0034
vn -0.9875 -0.0175 -0.1564
vn 0.0010 -1.0000 0.0001
vn -0.9847 -0.0175 -0.1736
vn -0.0027 -1.0000 -0.0034
vn -0.9815 -0.0175 -0.1908
vn -0.0018 -1.0000 -0.0021
vn 0.7227 -0.0700 -0.6876
vn 0.5867 -0.5286 -0.6135
vn 0.0906 -0.9905 -0.1032
vn -0.9974 -0.0175 0.0698
vn -0.0055 -1.0000 -0.0070
vn -0.9985 -0.0175 0.0523
vn 0.0004 -1.0000 -0.0000
vn -0.9992 -0.0175 0.0349
vn 0.0138 -0.9998 0.0117
vn -0.9997 -0.0175 0.0174
vn -0.0028 -1.0000 -0.0065
vn -0.9998 -0.0175 0.0000
vn -0.0074 -0.9999 -0.0097
vn -0.9997 -0.0175 -0.0175
vn -0.0022 -1.0000 -0.0030
vn -0.9992 -0.0175 -0.0349
vn 0.0005 -1.0000 0.0000
vn -0.9985 -0.0175 -0.0523
vn -0.0016 -1.0000 -0.0019
vn -0.9974 -0.0175 -0.0698
vn -0.0006 -1.0000 -0.0006
vn 0.3586 0.9290 0.0920
vn -0.7704 0.5387 -0.3410
vn 0.7380 0.6363 0.2248
vn 0.2097 0.0177 -0.9776
vn 0.5863 -0.1431 -0.7974
vn 0.6754 -0.0709 -0.7341
vn -0.6144 0.0697 0.7859
vn 0.6998 -0.0698 -0.7109
vn -0.5416 0.0654 0.8381
vn 0.7337 -0.0698 -0.6759
vn 0.7501 -0.0792 -0.6566
vn -0.6144 0.0697 0.7859
vn 0.6604 -0.0702 -0.7476
vn 0.6672 -0.0718 -0.7414
vn -0.4847 0.0679 0.8720
vn 0.7046 -0.0708 -0.7060
vn -0.7422 -0.6018 -0.2949
vn 0.7839 0.5840 0.2107
vn 0.7876 0.5752 0.2209
vn 0.7851 0.5845 0.2048
vn 0.2104 0.0177 -0.9775
vn -0.7674 -0.5894 -0.2525
vn -0.6044 -0.6179 -0.5030
vn 0.7137 0.6017 0.3587
vn -0.5909 -0.6297 -0.5044
vn 0.7137 0.6017 0.3587
vn -0.6131 -0.6175 -0.4928
vn 0.2356 -0.3597 -0.9028
vn 0.1678 -0.3077 -0.9366
vn 0.6514 -0.0928 -0.7530
vn -0.5416 0.0654 0.8381
vn 0.6661 -0.0705 -0.7425
vn 0.7007 -0.0707 -0.7099
vn 0.7425 -0.0699 -0.6662
vn -0.5301 0.0715 0.8449
vn 0.7240 -0.0734 -0.6859
vn 0.0273 -0.9996 -0.0113
vn 0.7137 0.6017 0.3587
vn -0.8867 -0.3947 -0.2407
vn 0.7314 -0.0725 -0.6781
vn 0.6961 -0.0735 -0.7142
vn -0.5301 0.0715 0.8449
vn 0.6622 -0.0770 -0.7453
vn -0.5301 0.0715 0.8449
vn 0.6936 -0.0728 -0.7167
vn 0.6411 -0.0976 -0.7613
vn 0.2139 0.0176 -0.9767
vn -0.2198 -0.0721 0.9729
vn 0.2128 0.0176 -0.9769
vn -0.2048 -0.5754 -0.7918
vn -0.9439 -0.2507 -0.2151
vn 0.1685 -0.0330 -0.9851
vn 0.1621 -0.3932 0.9050
vn -0.0222 -0.9978 0.0618
vn 0.6173 -0.7203 -0.3163
vn 0.0028 -1.0000 -0.0050
vn 0.6944 0.6955 0.1850
vn 0.2171 -0.1718 -0.9609
vn -0.2198 -0.0721 0.9729
vn 0.2164 0.0175 -0.9762
vn 0.3765 -0.1010 -0.9209
vn 0.3958 -0.8827 0.2534
vn -0.5163 0.8220 -0.2403
vn 0.1203 0.9922 0.0316
vn 0.1513 0.9877 0.0397
vn -0.0185 -0.9998 -0.0051
vn -0.9583 -0.1566 -0.2392
vn -0.0991 -0.1114 -0.9888
vn 0.0641 -0.1224 -0.9904
vn 0.5561 -0.7243 -0.4077
vn 0.0286 -0.9990 -0.0336
vn 0.3016 -0.9433 0.1383
vn -0.5163 0.8220 -0.2403
vn 0.0812 -0.9961 -0.0335
vn 0.9282 -0.0353 0.3703
vn 0.3844 -0.9126 0.1392
vn 0.6335 0.1117 0.7657
vn 0.1220 0.8956 0.4279
vn 0.7627 -0.0711 0.6428
vn 0.2233 0.6587 0.7185
vn -0.4384 -0.1027 -0.8929
vn 0.6698 -0.2199 -0.7092
vn -0.5474 -0.1702 -0.8194
vn -0.0570 -0.9974 -0.0445
vn 0.5893 -0.7422 -0.3190
vn 0.3007 -0.9398 -0.1622
vn 0.0974 -0.9946 -0.0368
vn -0.6727 -0.2074 -0.7103
vn -0.0075 -0.9999 -0.0092
vn -0.6727 -0.2074 -0.7103
vn 0.0108 -0.9999 0.0063
vn 0.8556 0.3001 0.4218
vn 0.9105 0.2782 0.3061
vn 0.8938 0.1225 0.4313
vn 0.6678 -0.4060 0.6239
vn -0.7386 -0.0837 -0.6689
vn -0.7523 -0.0809 -0.6538
vn -0.5664 -0.1030 -0.8177
vn 0.0752 -0.9971 -0.0144
vn 0.0528 -0.9984 -0.0178
vn 0.0596 -0.9981 -0.0145
vn 0.7548 0.6188 0.2175
vn -0.9715 -0.0088 -0.2369
vn -0.9704 -0.0558 -0.2349
vn -0.9712 -0.0350 -0.2357
vn -0.9712 -0.0350 -0.2356
vn -0.9711 -0.0350 -0.2362
vn -0.9712 -0.0323 -0.2362
vn -0.8786 -0.0612 -0.4736
vn -0.8616 -0.0643 -0.5035
vn -0.9711 -0.0366 -0.2359
vn -0.9710 -0.0388 -0.2359
vn -0.8644 -0.0652 -0.4986
vn -0.9711 -0.0351 -0.2362
vn -0.7180 -0.0971 -0.6892
vn 0.0625 -0.9972 -0.0415
vn 0.0357 -0.9990 0.0281
vn 0.0236 -0.9996 0.0158
vn -0.5874 -0.5300 -0.6115
vn 0.0622 -0.9978 0.0236
vn -0.1782 0.9681 -0.1764
vn 0.5303 -0.8432 0.0888
vn -0.0400 0.9991 -0.0157
vn 0.2814 -0.9283 0.2431
vn -0.0400 0.9991 -0.0157
vn -0.9711 -0.0324 -0.2365
vn -0.9711 -0.0351 -0.2362
vn -0.9712 -0.0350 -0.2356
vn -0.9712 -0.0350 -0.2356
vn -0.9705 -0.0354 -0.2386
vn -0.9712 -0.0350 -0.2355
vn -0.9713 -0.0350 -0.2354
vn -0.9711 -0.0351 -0.2362
vn -0.9712 -0.0350 -0.2357
vn -0.9713 -0.0350 -0.2354
vn -0.9676 -0.1133 -0.2256
vn 0.0812 -0.9967 -0.0041
vn 0.0463 -0.9987 -0.0194
vn 0.0480 -0.9988 -0.0079
vn 0.0441 -0.9987 0.0261
vn 0.3600 -0.9306 -0.0663
vn -0.5874 -0.5300 -0.6115
vn 0.0570 -0.9983 -0.0110
vn 0.0440 -0.9989 -0.0175
vn 0.0462 -0.9988 -0.0130
vn 0.0387 -0.9992 -0.0057
vn 0.0525 -0.9986 -0.0042
vn 0.0571 -0.9984 -0.0044
vn -0.0077 -0.9998 -0.0187
vn 0.0313 -0.9993 0.0179
vn 0.2500 -0.9601 0.1252
vn -0.0735 -0.9947 -0.0718
vn 0.5743 -0.8181 -0.0283
vn -0.1176 -0.9164 -0.3827
vn 0.0498 -0.9987 -0.0112
vn 0.0397 -0.9992 -0.0107
vn 0.0537 -0.9985 -0.0077
vn 0.1848 -0.9822 -0.0331
vn 0.0196 -0.9998 -0.0046
vn 0.0163 -0.9999 -0.0018
vn 0.0225 -0.9997 -0.0012
vn 0.0215 -0.9998 -0.0004
vn 0.0149 -0.9999 -0.0003
vn 0.2996 -0.9454 -0.1284
vn 0.0262 -0.9993 0.0253
vn 0.0611 -0.9979 0.0236
vn -0.5027 0.7024 -0.5039
vn 0.0482 -0.9988 0.0016
vn 0.0327 -0.9995 0.0002
vn 0.0347 -0.9994 0.0014
vn 0.0432 -0.9991 0.0044
vn 0.0966 -0.9918 0.0840
vn -0.2811 -0.9196 -0.2746
vn 0.0300 -0.9995 0.0083
vn -0.4092 -0.8177 -0.4048
vn 0.0240 -0.9997 0.0106
vn 0.0421 -0.9989 0.0195
vn 0.0073 -1.0000 -0.0066
vn 0.6477 0.7427 0.1699
vn 0.9666 0.0353 0.2537
vn 0.0261 -0.9996 0.0081
vn 0.0173 -0.9998 -0.0061
vn 0.0186 -0.9998 0.0008
vn 0.0262 -0.9996 0.0081
vn 0.1487 -0.9883 0.0352
vn -0.5027 0.7024 -0.5039
vn 0.0884 0.9300 -0.3567
vn 0.2277 -0.0131 -0.9736
vn 0.6778 0.7135 0.1778
vn 0.9324 0.2342 0.2752
vn 0.6971 0.7003 0.1538
vn 0.0001 1.0000 0.0037
vn 0.6580 -0.7521 -0.0377
vn 0.2224 -0.9749 -0.0025
vn 0.0747 0.9439 -0.3218
vn 0.7505 0.6308 0.1968
vn -0.6784 -0.7127 -0.1782
vn 0.7693 0.6063 0.2017
vn 0.9809 -0.1214 0.1521
vn 0.4119 -0.9028 0.1236
vn -0.0486 0.9278 0.3699
vn 0.1374 -0.0190 -0.9903
vn 0.4778 -0.8703 0.1190
vn 0.9645 -0.0269 0.2628
vn 0.0072 0.9995 -0.0320
vn 0.7019 -0.7109 0.0445
vn 0.9876 -0.1521 0.0381
vn 0.8664 -0.4644 0.1835
vn -0.0151 -0.2392 -0.9709
vn 0.9531 -0.2102 0.2179
vn -0.0151 -0.2392 -0.9709
vn 0.9813 -0.0930 0.1687
vn 0.9224 -0.3861 0.0079
vn -0.0151 -0.2392 -0.9709
vn 0.9680 -0.0963 0.2319
vn 0.0147 0.9989 -0.0448
vn 0.1528 0.0254 -0.9879
vn 0.0068 -0.9999 -0.0082
vn 0.9722 -0.0812 0.2194
vn 0.2746 -0.1199 -0.9540
vn -0.2761 -0.0584 0.9593
vn 0.2632 -0.9600 0.0960
vn 0.1208 -0.9924 0.0239
vn 0.8749 -0.4339 -0.2149
vn 0.9737 -0.0072 0.2277
vn 0.2815 0.0176 -0.9594
vn -0.2816 -0.0638 0.9574
vn 0.7818 0.5845 0.2173
vn 0.9475 0.1881 0.2586
vn 0.9716 -0.0417 0.2329
vn 0.4996 -0.8566 0.1295
vn 0.1567 0.9868 0.0402
vn 0.2837 -0.1672 -0.9442
vn -0.2871 -0.0691 0.9554
vn 0.2873 -0.9510 -0.1140
vn 0.8374 -0.4600 -0.2951
vn 0.2860 0.0175 -0.9581
vn 0.1466 0.7719 -0.6187
vn 0.7899 0.5796 0.2003
vn 0.2398 0.7926 -0.5605
vn 0.0323 -0.9994 0.0101
vn -0.4645 0.8849 -0.0340
vn 0.0926 -0.9956 0.0135
vn -0.4645 0.8849 -0.0340
vn 0.1130 -0.9931 0.0300
vn -0.0987 0.9945 -0.0365
vn -0.0987 0.9945 -0.0365
vn 0.0987 -0.9945 0.0365
vn 0.4748 0.7418 -0.4737
vn 0.5019 0.7942 -0.3425
vn -0.0030 -0.9999 -0.0104
vn 0.4128 -0.9056 0.0978
vn 0.9527 0.1865 0.2398
vn 0.7972 0.5881 -0.1366
vn 0.9583 0.1653 0.2330
vn -0.9581 -0.1749 -0.2268
vn -0.2006 -0.9771 0.0710
vn 0.1849 -0.9814 0.0518
vn -0.0429 0.9990 -0.0105
vn -0.4074 -0.5343 -0.7407
vn -0.0429 0.9990 -0.0105
vn 0.0429 -0.9990 0.0105
vn -0.0095 -0.9995 -0.0312
vn -0.0429 0.9990 -0.0105
vn 0.0930 -0.9951 0.0334
vn 0.2913 0.0164 -0.9565
vn 0.8930 0.3890 0.2263
vn -0.4614 -0.1384 0.8764
vn 0.2744 0.0155 -0.9615
vn -0.9715 -0.0324 -0.2350
vn -0.9712 -0.0349 -0.2359
vn 0.7881 0.5798 0.2065
vn 0.0235 -0.9997 0.0017
vn 0.2892 0.0151 -0.9571
vn -0.3217 -0.0185 0.9467
vn -0.8481 -0.0348 -0.5287
vn -0.8870 -0.0338 -0.4605
vn -0.9289 -0.0373 -0.3684
vn -0.8789 -0.0376 -0.4755
vn 0.8460 0.0347 0.5321
vn -0.9713 -0.0349 -0.2353
vn -0.9713 -0.0349 -0.2352
vn -0.9713 -0.0349 -0.2351
vn -0.9713 -0.0331 -0.2355
vn -0.9713 -0.0382 -0.2346
vn 0.9510 0.1975 0.2379
vn 0.0430 -0.9990 0.0104
vn -0.3122 0.9497 -0.0238
vn 0.0430 -0.9990 0.0104
vn 0.0585 -0.9982 0.0091
vn -0.3122 0.9497 -0.0238
vn 0.0672 -0.9975 0.0214
vn 0.4443 -0.8866 0.1287
vn -0.8677 -0.0352 -0.4958
vn -0.8651 -0.0352 -0.5003
vn 0.8678 0.0347 0.4958
vn 0.8712 0.0351 0.4896
vn -0.9619 -0.0351 -0.2711
vn -0.9534 -0.0353 -0.2996
vn -0.9714 -0.0319 -0.2355
vn -0.9715 -0.0302 -0.2353
vn -0.9714 -0.0349 -0.2351
vn 0.9528 0.1965 0.2316
vn 0.9761 -0.0152 0.2166
vn 0.2412 0.9696 0.0411
vn 0.5528 -0.8230 0.1305
vn 0.8699 0.0349 0.4920
vn 0.8710 0.0351 0.4899
vn 0.8681 0.0352 0.4951
vn 0.8675 0.0352 0.4962
vn -0.8329 -0.0349 -0.5523
vn -0.8453 -0.0349 -0.5332
vn 0.3478 0.0028 -0.9375
vn -0.8430 -0.0350 -0.5368
vn -0.8937 -0.0283 -0.4478
vn -0.8915 -0.0358 -0.4517
vn -0.9710 -0.0349 -0.2364
vn -0.9488 -0.0352 -0.3138
vn -0.9543 -0.0313 -0.2972
vn -0.9281 -0.0335 -0.3708
vn -0.9714 -0.0348 -0.2350
vn -0.9714 -0.0349 -0.2350
vn -0.9714 -0.0349 -0.2349
vn -0.9713 -0.0349 -0.2351
vn -0.9714 -0.0349 -0.2348
vn -0.9479 -0.0425 -0.3157
vn -0.9713 -0.0349 -0.2353
vn -0.9683 -0.1014 -0.2283
vn 0.7844 0.5868 0.2007
vn -0.8799 -0.0382 -0.4737
vn -0.8316 -0.0350 -0.5542
vn 0.0344 -0.9994 0.0048
vn -0.6826 0.7298 -0.0391
vn -0.9917 0.1192 -0.0491
vn 0.1471 -0.9890 0.0153
vn -0.6826 0.7298 -0.0391
vn 0.1854 -0.9813 0.0511
vn -0.6826 0.7298 -0.0391
vn -0.9917 0.1192 -0.0491
vn 0.0674 -0.9974 0.0236
vn 0.9712 0.0269 0.2369
vn 0.7853 0.5843 0.2046
vn 0.7866 0.5808 0.2097
vn 0.0998 -0.9949 0.0129
vn -0.5918 -0.8058 -0.0215
vn 0.0999 -0.9949 0.0129
vn 0.0447 -0.9990 0.0081
vn -0.5918 -0.8058 -0.0215
vn 0.2555 -0.1696 -0.9518
vn -0.1798 -0.7745 0.6065
vn -0.0238 -0.9966 0.0792
vn 0.7851 0.5842 0.2060
vn 0.8727 0.4352 0.2213
vn 0.4823 -0.8684 0.1154
vn -0.8211 -0.5703 -0.0240
vn 0.8074 0.5879 0.0494
vn 0.1380 0.9898 0.0362
vn -0.0185 -0.9998 -0.0051
vn -0.7960 -0.5826 -0.1641
vn 0.8074 0.5879 0.0494
vn -0.8233 -0.5675 -0.0114
vn 0.8074 0.5879 0.0494
vn 0.0689 -0.9976 0.0113
vn -0.0130 0.9999 0.0032
vn -0.4028 -0.0679 0.9128
vn -0.7960 -0.5825 -0.1642
vn 0.8914 0.3954 0.2214
vn -0.0761 0.9970 -0.0116
vn 0.0761 -0.9970 0.0116
vn 0.0587 -0.9982 0.0114
vn -0.0761 0.9970 -0.0116
vn 0.3172 -0.9391 0.1325
vn -0.0130 0.9999 0.0032
vn -0.8207 -0.5703 -0.0354
vn 0.7875 0.5779 0.2144
vn 0.9566 0.1827 0.2269
vn -0.7961 -0.5824 -0.1643
vn 0.7875 0.5779 0.2144
vn -0.3423 -0.0159 0.9394
vn 0.3529 0.0700 -0.9331
vn -0.8240 -0.5665 -0.0113
vn 0.7875 0.5779 0.2144
vn -0.7962 -0.5823 -0.1643
vn 0.0170 -0.9998 0.0142
vn -0.0558 0.9984 -0.0106
vn 0.0969 -0.9952 0.0123
vn -0.0558 0.9984 -0.0106
vn 0.0112 -0.9998 0.0143
vn -0.0680 0.9975 -0.0211
vn -0.0680 0.9975 -0.0211
vn 0.0680 -0.9975 0.0211
vn -0.7150 -0.3597 0.5995
vn -0.8215 -0.5697 -0.0236
vn -0.8202 -0.5711 -0.0340
vn 0.7868 0.5818 0.2062
vn 0.3041 -0.9506 0.0628
vn 0.4792 -0.8699 0.1165
vn -0.3491 0.1622 0.9230
vn 0.3529 0.0700 -0.9331
vn -0.8148 -0.5745 -0.0777
vn -0.3618 -0.0166 0.9321
vn 0.0095 -0.9999 -0.0048
vn 0.8821 0.4176 0.2181
vn 0.0729 -0.9973 0.0114
vn -0.0431 0.9990 -0.0099
vn 0.1220 -0.9923 0.0211
vn 0.0431 -0.9990 0.0099
vn 0.5078 0.8613 -0.0188
vn 0.8818 0.4112 0.2312
vn -0.8420 -0.4753 0.2553
vn 0.0735 -0.9971 0.0214
vn 0.9406 0.3377 0.0338
vn 0.3291 -0.9441 0.0205
vn 0.9406 0.3377 0.0338
vn 0.0543 -0.9984 0.0134
vn 0.9406 0.3377 0.0338
vn -0.0431 0.9990 -0.0099
vn 0.3915 -0.9056 0.1631
vn -0.0431 0.9990 -0.0099
vn 0.0777 -0.9969 0.0111
vn 0.5519 -0.8334 0.0278
vn 0.2095 -0.9778 -0.0031
vn 0.4531 0.8659 -0.2121
vn 0.0006 -0.0584 -0.9983
vn 0.8153 0.4998 -0.2924
vn 0.4502 -0.1710 -0.8764
vn 0.7484 0.6336 0.1962
vn -0.6784 -0.7127 -0.1782
vn 0.7849 0.5845 0.2058
vn 0.6426 -0.1839 0.7438
vn -0.3659 -0.0175 0.9305
vn -1.0000 -0.0064 -0.0065
vn 0.9970 0.0346 0.0697
vn 0.6500 -0.1993 -0.7334
vn -0.1750 0.4825 -0.8582
vn 0.9448 0.2373 0.2260
vn 0.7749 -0.4568 -0.4368
vn -0.1750 0.4825 -0.8582
vn -0.3389 -0.8780 0.3380
vn 0.9637 0.1478 0.2222
vn 0.9969 0.0349 0.0701
vn 0.9969 0.0354 0.0707
vn 0.7874 0.5809 0.2062
vn 0.4951 -0.0349 -0.8681
vn 0.5489 -0.0350 -0.8352
vn 0.9588 0.1781 0.2212
vn 0.2412 0.9696 0.0411
vn 0.4571 -0.8846 0.0923
vn -0.3794 -0.0866 0.9212
vn 0.3852 0.0674 -0.9204
vn -0.1367 -0.7756 0.6163
vn -0.7651 -0.2598 0.5892
vn 0.2007 -0.9544 -0.2210
vn 0.1152 0.8004 -0.5883
vn 0.6881 0.7203 0.0872
vn -0.0470 0.7957 0.6039
vn 0.2007 -0.9544 -0.2210
vn 0.1152 0.8004 -0.5883
vn -0.6881 -0.7203 -0.0872
vn 0.6035 0.0349 -0.7966
vn -0.5890 -0.0348 0.8074
vn 0.6921 -0.0349 -0.7209
vn 0.7261 -0.0349 -0.6867
vn 0.7058 -0.0350 -0.7075
vn -0.6096 -0.0510 0.7911
vn -0.9591 -0.1710 -0.2256
vn -0.0470 0.7957 0.6039
vn -0.7651 -0.2598 0.5892
vn 0.2007 -0.9544 -0.2210
vn 0.6151 0.0350 -0.7877
vn 0.5889 0.0348 -0.8075
vn -0.5890 -0.0348 0.8074
vn 0.9696 -0.0678 0.2349
vn -0.3810 0.1626 0.9102
vn 0.3852 0.0674 -0.9204
vn -0.7123 -0.1358 0.6886
vn -0.4070 -0.0296 0.9130
vn 0.6426 -0.1839 0.7438
vn 0.8259 0.1230 -0.5502
vn 0.9572 0.1708 0.2335
vn 0.9613 0.1500 0.2312
vn 0.9598 0.1582 0.2316
vn 0.5456 0.0349 -0.8373
vn -0.5423 -0.0349 0.8395
vn 0.5277 0.0349 -0.8487
vn 0.9539 0.2068 0.2177
vn 0.7042 -0.0348 -0.7092
vn 0.8607 -0.0348 -0.5080
vn -0.5828 -0.0620 0.8102
vn 0.5314 0.0349 -0.8464
vn -0.5423 -0.0349 0.8395
vn 0.5173 0.0349 -0.8551
vn 0.9183 -0.0349 -0.3942
vn 0.9991 -0.0377 -0.0196
vn 0.9978 -0.0351 -0.0559
vn 0.9978 -0.0351 -0.0565
vn 0.9956 -0.0349 -0.0866
vn 0.9965 -0.0350 -0.0760
vn 0.9973 -0.0351 -0.0639
vn 0.9971 -0.0351 -0.0681
vn 0.9948 -0.0350 -0.0952
vn 0.9994 -0.0330 -0.0134
vn -0.9973 0.0354 0.0647
vn 0.9996 -0.0285 -0.0028
vn 0.9982 -0.0351 -0.0493
vn 0.9980 -0.0352 -0.0520
vn 0.9980 -0.0351 -0.0528
vn -0.6606 -0.0662 0.7478
vn 0.8259 0.1230 -0.5502
vn -0.4853 -0.2444 0.8395
vn -0.3731 0.2905 0.8811
vn 0.3852 0.0674 -0.9204
vn 0.9901 -0.0346 -0.1362
vn 0.9964 -0.0343 -0.0770
vn -0.9973 0.0354 0.0647
vn 0.9990 -0.0352 -0.0286
vn 0.9968 -0.0350 -0.0719
vn -0.9973 0.0354 0.0647
vn 0.9959 -0.0348 -0.0840
vn 0.9990 -0.0355 -0.0263
vn 0.9988 -0.0433 0.0226
vn 0.9820 -0.0351 0.1858
vn 0.8221 0.5108 -0.2513
vn 0.9752 -0.0107 0.2209
vn 0.9921 -0.0347 -0.1205
vn 0.7873 0.5859 0.1920
vn -0.2006 -0.9771 0.0710
vn -0.9626 -0.1563 -0.2212
vn 0.7868 0.5817 0.2061
vn 0.9591 0.1835 0.2154
vn 0.9618 0.1732 0.2119
vn 0.8906 0.4010 0.2145
vn -0.1000 -0.9940 -0.0448
vn 0.3552 -0.7937 0.4939
vn 0.9604 0.1877 0.2057
vn -0.0470 0.7957 0.6039
vn -0.7651 -0.2598 0.5892
vn 0.1152 0.8004 -0.5883
vn 0.7870 0.5816 0.2061
vn -0.5847 0.6294 -0.5119
vn 0.0144 -0.5534 -0.8328
vn -0.5847 0.6294 -0.5119
vn 0.0144 -0.5534 -0.8328
vn -0.4601 -0.8777 -0.1340
vn -0.4171 0.0349 -0.9082
vn 0.4129 -0.0349 0.9101
vn 0.9620 0.1700 0.2137
vn 0.4129 -0.0349 0.9101
vn -0.3995 0.0349 -0.9161
vn -0.4293 0.0349 -0.9025
vn -0.4157 0.0349 -0.9088
vn 0.4129 -0.0349 0.9101
vn 0.8069 0.5774 0.1251
vn 0.8779 0.4291 0.2125
vn 0.9578 0.2016 0.2047
vn 0.7881 0.5808 0.2038
vn 0.8505 -0.0347 0.5248
vn 0.8973 -0.0351 0.4401
vn 0.9655 -0.0365 0.2577
vn 0.9680 -0.0354 0.2484
vn 0.9316 -0.0408 0.3611
vn -0.0075 -0.0091 0.9999
vn 0.8281 -0.0344 0.5595
vn -0.0075 -0.0091 0.9999
vn 0.8966 -0.0357 0.4414
vn 0.9614 0.1754 0.2120
vn 0.0198 -0.9998 0.0034
vn 0.9318 0.2984 0.2069
vn 0.9755 -0.0353 0.2172
vn 0.9687 -0.0353 0.2457
vn 0.9765 0.0837 0.1987
vn 0.0367 -0.9993 0.0064
vn 0.9718 -0.0286 0.2342
vn 0.8733 -0.0344 0.4859
vn -0.8643 0.0350 -0.5017
vn 0.0198 -0.9998 0.0034
vn 0.8686 -0.0349 0.4943
vn -0.8643 0.0350 -0.5017
vn -0.8643 0.0350 -0.5017
vn 0.9111 -0.0348 0.4108
vn 0.9076 -0.0343 0.4184
vn 0.6881 0.7203 0.0872
vn -0.6881 -0.7203 -0.0872
vn 0.9758 -0.0358 0.2159
vn 0.8896 0.3361 -0.3092
vn 0.3698 0.0223 -0.9288
vn 0.8410 0.5107 -0.1789
vn 0.9358 0.3188 0.1507
vn 0.0274 -0.1099 -0.9936
vn 0.9988 -0.0267 -0.0420
vn 0.0529 -0.9904 0.1274
vn -0.0715 -0.9946 -0.0754
vn 0.9931 -0.1129 -0.0319
vn 0.4696 -0.1262 -0.8738
vn 0.9950 -0.0848 0.0527
vn 0.5688 -0.0419 -0.8214
vn 0.9958 -0.0654 0.0642
vn 0.5590 -0.0453 -0.8279
vn 0.7689 -0.0567 -0.6368
vn 0.7559 -0.6506 0.0723
vn 0.9931 -0.0314 0.1128
vn 0.1510 -0.4464 -0.8820
vn 0.7559 -0.6506 0.0723
vn 0.9784 0.1505 0.1416
vn 0.9898 0.0032 0.1423
vn 0.5663 -0.0421 -0.8231
vn -0.0075 1.0000 -0.0001
vn 0.0909 0.9916 0.0920
vn -0.0077 1.0000 -0.0001
vn -0.0014 0.9999 -0.0131
vn 0.0809 0.9607 0.2654
vn -0.0006 1.0000 -0.0006
vn 0.2214 0.9738 0.0520
vn 0.2630 0.0113 -0.9647
vn 0.7063 0.7075 0.0231
vn 0.7063 0.7075 0.0231
vn 0.7063 0.7075 0.0231
vn 0.0000 1.0000 0.0040
vn 0.6587 0.7071 -0.2571
vn 0.6587 0.7071 -0.2571
vn 0.6587 0.7071 -0.2571
vn 0.6587 0.7071 -0.2571
vn 0.6587 0.7071 -0.2571
vn 0.6587 0.7071 -0.2571
vn 0.6587 0.7071 -0.2571
vn 0.6587 0.7071 -0.2571
vn 0.6587 0.7071 -0.2571
vn 0.6061 0.7065 -0.3653
vn 0.6061 0.7065 -0.3653
vn 0.6061 0.7065 -0.3653
vn -0.0228 0.9997 -0.0056
vn 0.3339 0.7071 -0.6233
vn 0.0000 1.0000 0.0000
vn 0.0000 1.0000 0.0000
vn 0.0007 0.9999 -0.0130
vn 0.3250 0.7075 -0.6275
vn 0.6660 0.7070 -0.2381
vn 0.6660 0.7070 -0.2381
vn 0.6660 0.7070 -0.2381
vn 0.6660 0.7070 -0.2381
vn 0.6660 0.7070 -0.2381
vn 0.6660 0.7070 -0.2381
vn 0.6830 0.7060 -0.1871
vn 0.0083 1.0000 0.0040
vn 0.5957 0.7061 0.3829
vn 0.6813 0.7060 -0.1932
vn 0.0003 1.0000 0.0001
vn 0.0016 0.9999 -0.0130
vn -0.0000 1.0000 -0.0000
vn 0.0899 0.7067 0.7018
vn -0.1050 0.9885 -0.1091
vn -0.3983 0.7061 0.5855
vn 0.5586 -0.7071 -0.4336
vn 0.5642 -0.7075 -0.4255
vn 0.0123 0.9999 0.0068
vn -0.0023 1.0000 -0.0064
vn -0.1021 0.9947 0.0147
vn -0.6325 0.7061 -0.3185
vn -0.6090 0.7075 -0.3585
vn -0.0111 0.9953 -0.0958
vn -0.8301 0.5391 -0.1424
vn -0.0018 0.9999 -0.0129
vn 0.0012 0.9999 -0.0130
vn -0.0459 0.9377 -0.3444
vn -0.0979 0.9496 0.2978
vn 0.0069 0.9988 0.0478
vn 0.0439 0.9990 -0.0078
vn 0.0548 0.9412 -0.3334
vn 0.0023 0.9991 -0.0433
vn -0.0121 0.9570 0.2897
vn -0.0982 0.9952 -0.0017
vn -0.1608 0.9870 -0.0027
vn 0.1264 0.9914 0.0331
vn 0.1134 0.9931 0.0297
vn -0.1586 0.9873 -0.0027
vn 0.0644 0.9791 0.1930
vn -0.5772 0.8147 -0.0549
vn -0.2108 0.9773 -0.0220
vn 0.1635 0.9856 0.0429
vn 0.3870 0.8262 0.4094
vn 0.0350 0.4653 0.8845
vn -0.4011 0.9144 -0.0544
vn -0.2979 0.9532 0.0506
vn 0.1871 0.9795 0.0743
vn -0.4398 0.8980 -0.0075
vn -0.3915 0.9202 -0.0072
vn 0.4769 0.1314 0.8691
vn 0.8200 0.1723 -0.5458
vn 0.2015 0.9412 0.2713
vn -0.1843 -0.9590 -0.2155
vn -0.4724 0.8813 -0.0082
vn -0.7144 0.6965 -0.0668
vn -0.9370 0.0720 -0.3418
vn -0.4832 0.0285 0.8750
vn 0.1182 0.9089 0.3999
vn 0.1534 0.9780 0.1417
vn 0.6069 0.6520 -0.4545
vn 0.1553 0.9699 0.1874
vn 0.1775 0.9753 0.1316
vn -0.7016 0.7071 -0.0885
vn -0.7016 0.7071 -0.0885
vn -0.7016 0.7071 -0.0885
vn 0.1692 0.9639 0.2054
vn 0.6577 -0.7532 0.0113
vn -0.6532 0.7571 -0.0112
vn -0.0788 0.8461 -0.5272
vn -0.0951 0.8364 0.5397
vn -0.3968 0.1145 -0.9107
vn 0.6232 0.0536 -0.7802
vn -0.6728 0.7398 -0.0114
vn -0.7573 0.6529 -0.0130
vn 0.1850 0.9572 0.2226
vn 0.2071 0.9528 0.2220
vn 0.2490 0.9457 0.2088
vn -0.1392 0.8735 0.4665
vn 0.9666 0.0353 0.2537
vn 0.4448 0.7106 0.5452
vn 0.3863 0.1540 0.9094
vn 0.1052 0.9040 0.4145
vn -0.7705 0.0734 0.6332
vn 0.5880 0.8085 0.0251
vn -0.8322 0.5544 -0.0142
vn 0.6154 0.7715 0.1614
vn -0.7896 0.6134 -0.0135
vn -0.8037 0.5948 -0.0137
vn -0.4651 0.8852 -0.0092
vn 0.6032 0.7818 0.1580
vn 0.6197 0.0883 0.7799
vn 0.8000 0.0887 0.5934
vn 0.6747 0.7165 0.1770
vn 0.7216 0.6616 -0.2038
vn 0.4753 0.7449 0.4682
vn 0.6838 0.7073 0.1793
vn 0.8385 0.0227 0.5445
vn 0.7932 0.0175 0.6087
vn 0.7014 0.6886 0.1840
vn 0.7014 0.6886 0.1840
vn -0.0000 1.0000 0.0000
vn -0.0000 1.0000 0.0000
vn 0.0000 1.0000 -0.0000
vn 0.0000 1.0000 -0.0000
vn -0.4124 0.7071 0.5744
vn 0.0000 1.0000 -0.0000
vn 0.6812 0.7069 -0.1904
vn 0.0000 1.0000 -0.0000
vn 0.0000 1.0000 0.0000
vn 0.0000 1.0000 0.0000
vn 0.5849 0.7071 0.3973
vn 0.0000 1.0000 0.0000
vn -0.0000 1.0000 0.0000
vn 0.0870 0.7075 0.7014
vn 0.4036 0.0485 0.9137
vn 0.8036 0.0174 -0.5949
vn 0.8037 0.0175 -0.5947
vn 0.0000 -1.0000 0.0000
vn 0.7861 0.0174 -0.6179
vn 0.5165 0.6409 0.5679
vn 0.7189 0.6691 0.1885
vn 0.7189 0.6691 0.1885
vn 0.7189 0.6691 0.1885
vn 0.7081 0.6587 0.2544
vn 0.7434 0.6398 0.1949
vn 0.7594 0.6193 0.1992
vn -0.6673 0.0615 0.7422
vn 0.6917 0.6220 0.3669
vn 0.6917 0.6220 0.3669
vn 0.6917 0.6220 0.3669
vn -0.8954 0.2936 -0.3346
vn -0.8954 0.2936 -0.3346
vn -0.8954 0.2936 -0.3346
vn 0.7454 0.5897 0.3108
vn -0.8954 0.2936 -0.3346
vn -0.8954 0.2936 -0.3346
vn -0.8954 0.2936 -0.3346
vn 0.4934 0.7132 0.4979
vn 0.6374 0.0175 -0.7703
vn 0.6551 0.2436 -0.7152
vn 0.7890 0.5723 0.2234
vn 0.6378 0.0175 -0.7700
vn -0.6179 -0.0175 0.7861
vn 0.5956 0.0589 -0.8011
vn -0.6895 -0.0167 0.7241
vn 0.6068 0.0179 -0.7947
vn -0.9989 -0.0473 0.0051
vn -0.9989 -0.0473 0.0051
vn -0.9989 -0.0473 0.0051
vn 0.8675 0.0440 0.4955
vn 0.8675 0.0440 0.4955
vn 0.8675 0.0440 0.4955
vn 0.8675 0.0440 0.4955
vn 0.8675 0.0440 0.4955
vn 0.8675 0.0440 0.4955
vn 0.8675 0.0440 0.4955
vn 0.8675 0.0440 0.4955
vn 0.8675 0.0440 0.4955
vn 0.8675 0.0440 0.4955
vn 0.8675 0.0440 0.4955
vn 0.8675 0.0440 0.4955
vn 0.8675 0.0440 0.4955
vn 0.8675 0.0440 0.4955
vn 0.8675 0.0440 0.4955
vn 0.8675 0.0440 0.4955
vn 0.8675 0.0440 0.4955
vn 0.8675 0.0440 0.4955
vn 0.8675 0.0440 0.4955
vn 0.8675 0.0440 0.4955
vn 0.8675 0.0440 0.4955
vn 0.8675 0.0440 0.4955
vn 0.8675 0.0440 0.4955
vn 0.8675 0.0440 0.4955
vn 0.8675 0.0440 0.4955
vn 0.8675 0.0440 0.4955
vn 0.8675 0.0440 0.4955
vn 0.8675 0.0440 0.4955
vn 0.8675 0.0440 0.4955
vn 0.8675 0.0440 0.4955
vn 0.8675 0.0440 0.4955
vn 0.8675 0.0440 0.4955
vn 0.8675 0.0440 0.4955
vn 0.8675 0.0440 0.4955
vn 0.8675 0.0440 0.4955
vn 0.8675 0.0440 0.4955
vn 0.8354 0.0455 0.5477
vn 0.8354 0.0455 0.5477
vn 0.8354 0.0455 0.5477
vn 0.8354 0.0455 0.5477
vn 0.8354 0.0455 0.5477
vn 0.8354 0.0455 0.5477
vn 0.8354 0.0455 0.5477
vn 0.8354 0.0455 0.5477
vn 0.8354 0.0455 0.5477
vn 0.8354 0.0455 0.5477
vn 0.8354 0.0455 0.5477
vn 0.8354 0.0455 0.5477
vn 0.8354 0.0455 0.5477
vn 0.8354 0.0455 0.5477
vn 0.8354 0.0455 0.5477
vn 0.8354 0.0455 0.5477
vn 0.8354 0.0455 0.5477
vn 0.8354 0.0455 0.5477
vn 0.6846 0.0370 0.7280
vn 0.6846 0.0370 0.7280
vn 0.6846 0.0370 0.7280
vn 0.6846 0.0370 0.7280
vn 0.6846 0.0370 0.7280
vn 0.6846 0.0370 0.7280
vn 0.7433 0.0400 0.6678
vn 0.7433 0.0400 0.6678
vn 0.7433 0.0400 0.6678
vn 0.7433 0.0400 0.6678
vn 0.7433 0.0400 0.6678
vn 0.7433 0.0400 0.6678
vn 0.7433 0.0400 0.6678
vn 0.7433 0.0400 0.6678
vn 0.7433 0.0400 0.6678
vn 0.7433 0.0400 0.6678
vn 0.7433 0.0400 0.6678
vn 0.7433 0.0400 0.6678
vn 0.6334 0.3826 0.6726
vn 0.7433 0.0400 0.6678
vn 0.7433 0.0400 0.6678
vn 0.7433 0.0400 0.6678
vn 0.7433 0.0400 0.6678
vn 0.7433 0.0400 0.6678
vn 0.7433 0.0400 0.6678
vn 0.7433 0.0400 0.6678
vn 0.7433 0.0400 0.6678
vn 0.7433 0.0400 0.6678
vn 0.7433 0.0400 0.6678
vn 0.7433 0.0400 0.6678
vn 0.7433 0.0400 0.6678
vn 0.7433 0.0400 0.6678
vn 0.7433 0.0400 0.6678
vn 0.7433 0.0400 0.6678
vn 0.5362 0.0180 -0.8439
vn 0.6179 0.0176 -0.7860
vn 0.5969 0.0175 -0.8021
vn -0.8574 0.3097 0.4111
vn -0.3287 -0.8974 0.2943
vn -0.3277 0.0287 0.9444
vn -0.7465 -0.6291 0.2166
vn -0.7465 -0.6291 0.2166
vn -0.7465 -0.6291 0.2166
vn -0.7465 -0.6291 0.2166
vn -0.9808 0.1825 -0.0683
vn -0.9675 0.0700 0.2430
vn -0.9675 0.0699 0.2431
vn -0.9731 0.0699 0.2197
vn -0.9664 0.0700 0.2473
vn -0.8368 0.1684 -0.5209
vn -0.9587 0.0810 0.2726
vn -0.9834 0.0699 0.1677
vn -0.9525 0.0699 0.2963
vn -0.9740 0.0700 0.2156
vn -0.9461 0.0699 0.3162
vn -0.9873 0.0700 0.1424
vn -0.9906 0.0700 0.1176
vn -0.9447 0.0700 0.3203
vn -0.9911 0.0699 0.1132
vn -0.9820 0.1082 0.1547
vn -0.9856 0.0697 0.1543
vn -0.9969 0.0699 0.0346
vn -0.9975 0.0700 0.0121
vn -0.9975 0.0700 0.0096
vn -0.9965 0.0784 0.0283
vn -0.9955 0.0700 -0.0646
vn -0.9952 0.0700 -0.0682
vn -0.9933 0.0699 -0.0925
vn -0.9928 0.0699 -0.0970
vn -0.9534 0.0701 0.2936
vn -0.9883 0.1263 -0.0858
vn -0.9873 0.0700 -0.1428
vn -0.9834 0.0699 -0.1677
vn -0.9540 0.0699 0.2915
vn -0.9826 0.0700 -0.1723
vn -0.9668 0.1926 -0.1681
vn -0.9731 0.0699 -0.2196
vn -0.9720 0.0699 -0.2245
vn -0.9663 0.0700 -0.2476
vn -0.9968 0.0699 0.0398
vn -0.9659 0.0700 -0.2491
vn -0.9606 0.0700 -0.2690
vn -0.9594 0.0699 -0.2732
vn -0.9590 0.0703 -0.2747
vn -0.9398 0.0000 -0.3417
vn -0.9338 0.0697 -0.3508
vn -0.9356 0.0702 -0.3461
vn -0.9866 0.0699 -0.1472
vn -0.9311 0.0700 -0.3579
vn -0.9269 0.0702 -0.3686
vn -0.1105 0.7976 -0.5929
vn 0.1147 0.0758 -0.9905
vn 0.6867 -0.0656 -0.7240
vn -0.9970 0.0761 -0.0171
vn -0.9970 0.0761 -0.0171
vn -0.9970 0.0761 -0.0171
vn 0.1366 0.0349 -0.9900
vn 0.1856 -0.0156 -0.9825
vn -0.0951 0.8364 0.5397
vn -0.9950 0.0998 0.0103
vn -0.9993 0.0324 -0.0171
vn -0.9712 -0.0468 0.2336
vn -0.9712 -0.0468 0.2336
vn -0.9712 -0.0468 0.2336
vn -0.9937 -0.0479 0.1011
vn -0.9937 -0.0479 0.1011
vn -0.9937 -0.0479 0.1011
vn -0.9712 -0.0468 0.2336
vn -0.9712 -0.0468 0.2336
vn -0.9712 -0.0468 0.2336
vn -0.9712 -0.0468 0.2336
vn -0.9712 -0.0468 0.2336
vn -0.9712 -0.0468 0.2336
vn -0.9712 -0.0468 0.2336
vn -0.9712 -0.0468 0.2336
vn -0.9712 -0.0468 0.2336
vn 0.7850 0.5843 0.2059
vn 0.2068 0.9296 0.3052
vn -0.3555 -0.8774 -0.3220
vn -0.3637 0.3230 0.8737
vn -0.9604 0.2566 -0.1082
vn 0.7850 0.5841 0.2063
vn 0.6393 0.0398 0.7679
vn -0.9890 0.1123 0.0961
vn -0.9890 0.1123 0.0961
vn -0.9890 0.1123 0.0961
vn -0.7720 0.4972 0.3960
vn -0.3287 -0.8974 0.2943
vn 0.6927 0.0416 0.7200
vn 0.5411 0.6520 0.5311
vn 0.6064 0.7762 -0.1728
vn 0.8171 0.1578 -0.5545
vn -0.9500 -0.2912 0.1127
vn -0.9973 -0.0477 -0.0565
vn -0.9973 -0.0477 -0.0565
vn -0.9973 -0.0477 -0.0565
vn 0.7186 0.0380 0.6944
vn 0.7884 0.5728 0.2243
vn -0.9500 -0.2912 0.1127
vn 0.6444 0.6140 -0.4557
vn 0.9898 -0.0477 -0.1345
vn 0.9898 -0.0477 -0.1345
vn 0.9898 -0.0477 -0.1345
vn 0.3772 0.8161 0.4378
vn -0.6200 0.7068 -0.3407
vn 0.0000 -1.0000 0.0000
vn 0.0000 -1.0000 0.0000
vn 0.0000 1.0000 0.0000
vn 0.6849 0.7089 -0.1684
vn 0.7049 0.7075 -0.0507
vn 0.7049 0.7075 -0.0507
vn 0.7049 0.7075 -0.0507
vn 0.5957 0.7061 0.3829
vn 0.5850 0.7071 0.3973
vn 0.0000 1.0000 0.0000
vn -0.0863 -0.7075 -0.7014
vn 0.0006 0.9981 0.0621
vn 0.0006 -1.0000 0.0002
vn 0.0000 -1.0000 0.0000
vn 0.0000 -1.0000 0.0000
vn -0.0000 1.0000 -0.0000
vn 0.3285 0.7067 -0.6267
vn 0.0000 -1.0000 0.0000
vn 0.0000 -1.0000 0.0000
vn -0.2128 -0.6962 -0.6855
vn 0.0000 -1.0000 0.0000
vn 0.0000 -1.0000 0.0000
vn 0.0000 -1.0000 0.0000
vn -0.6178 0.7067 -0.3448
vn -0.6178 0.7072 -0.3438
vn -0.0000 1.0000 -0.0000
vn 0.0000 -1.0000 0.0000
vn 0.5586 -0.7071 -0.4336
vn 0.5460 -0.7079 -0.4481
vn -0.4124 0.7071 0.5744
vn 0.0000 1.0000 0.0000
vn -0.3983 0.7061 0.5855
vn -0.0000 1.0000 0.0002
vn -0.0000 1.0000 -0.0000
vn 0.0789 -0.9167 -0.3918
vn 0.0000 -1.0000 0.0000
vn -0.0000 1.0000 -0.0000
vn 0.0417 -0.9730 -0.2272
vn 0.0704 -0.9777 -0.1977
vn -0.0005 -0.9995 -0.0306
vn 0.0220 -0.9549 -0.2960
vn 0.0072 0.9962 0.0864
vn -0.0514 -0.9384 -0.3418
vn 0.7704 0.5857 0.2518
vn -0.1405 -0.9805 -0.1371
vn -0.0228 -0.7291 0.6840
vn -0.0180 -0.9997 -0.0183
vn 0.5971 -0.7852 -0.1645
vn 0.9985 -0.0540 -0.0106
vn 0.9985 -0.0540 -0.0106
vn 0.9985 -0.0540 -0.0106
vn 0.4376 0.8314 -0.3423
vn 0.0188 0.8172 -0.5760
vn -0.7325 0.6806 -0.0136
vn -0.7325 0.6806 -0.0136
vn -0.7325 0.6806 -0.0136
vn -0.7325 0.6806 -0.0136
vn -0.7325 0.6806 -0.0136
vn -0.7325 0.6806 -0.0136
vn -0.7325 0.6806 -0.0136
vn -0.7325 0.6806 -0.0136
vn -0.7325 0.6806 -0.0136
vn -0.7325 0.6806 -0.0136
vn -0.7325 0.6806 -0.0136
vn -0.7325 0.6806 -0.0136
vn -0.7325 0.6806 -0.0136
vn -0.7325 0.6806 -0.0136
vn -0.7325 0.6806 -0.0136
vn -0.7325 0.6806 -0.0136
vn -0.7325 0.6806 -0.0136
vn -0.7325 0.6806 -0.0136
vn -0.7325 0.6806 -0.0136
vn -0.7325 0.6806 -0.0136
vn -0.7325 0.6806 -0.0136
vn -0.7325 0.6806 -0.0136
vn -0.7325 0.6806 -0.0136
vn -0.7325 0.6806 -0.0136
vn -0.7325 0.6806 -0.0136
vn -0.7325 0.6806 -0.0136
vn -0.7325 0.6806 -0.0136
vn -0.7706 0.0007 0.6373
vn -0.7706 0.0007 0.6373
vn -0.7706 0.0007 0.6373
vn -0.7325 0.6806 -0.0136
vn -0.7325 0.6806 -0.0136
vn -0.7325 0.6806 -0.0136
vn -0.0486 0.9278 0.3699
vn -0.0790 0.0315 -0.9964
vn -0.7375 -0.0265 0.6748
vn -0.4212 0.6285 -0.6539
vn -0.7960 -0.5826 -0.1641
vn -0.7962 -0.5824 -0.1643
vn 0.8288 0.5452 -0.1256
vn -0.7339 -0.4191 0.5345
vn 0.7880 0.6088 -0.0915
vn -0.6258 0.4602 -0.6298
vn 0.2069 -0.2790 0.9377
vn 0.7227 -0.6178 0.3098
vn 0.7417 0.6342 -0.2183
vn 0.4651 0.6704 -0.5782
vn -0.4472 0.7536 -0.4819
vn 0.5881 -0.3873 0.7101
vn -0.6034 0.3243 -0.7285
vn -0.5566 0.4494 -0.6987
vn -0.5459 0.5173 -0.6591
vn -0.4435 0.8954 -0.0396
vn -0.5360 0.3968 -0.7451
vn -0.5193 0.5807 -0.6270
vn -0.4924 0.6357 -0.5945
vn 0.6330 -0.1235 0.7643
vn 0.6330 -0.1235 0.7643
vn 0.6330 -0.1235 0.7643
vn 0.6330 -0.1235 0.7643
vn 0.6330 -0.1235 0.7643
vn 0.6330 -0.1235 0.7643
vn 0.8387 -0.0451 0.5428
vn 0.8387 -0.0451 0.5428
vn 0.8387 -0.0451 0.5428
vn 0.6330 -0.1235 0.7643
vn 0.6330 -0.1235 0.7643
vn 0.6330 -0.1235 0.7643
vn 0.6330 -0.1235 0.7643
vn 0.6330 -0.1235 0.7643
vn 0.6330 -0.1235 0.7643
vn 0.7979 0.3792 -0.4686
vn 0.7979 0.3792 -0.4686
vn 0.7979 0.3792 -0.4686
vn 0.7979 0.3792 -0.4686
vn 0.7979 0.3792 -0.4686
vn 0.7979 0.3792 -0.4686
vn -0.6590 0.1276 0.7412
vn 0.9900 0.1409 -0.0043
vn -0.9894 0.1140 -0.0896
vn -0.0005 1.0000 -0.0006
vn -0.0000 -1.0000 0.0000
vn -0.0000 1.0000 -0.0001
vn -0.0000 -1.0000 0.0000
vn 0.0002 -1.0000 0.0003
vn -0.0000 1.0000 -0.0001
vn -0.0000 -1.0000 0.0000
vn 0.0001 -1.0000 0.0002
vn -0.5697 0.4554 -0.6841
vn 0.0000 -0.0000 0.0000
vn 0.0000 -0.0000 0.0000
vn 0.0000 -1.0000 0.0001
vn -0.0005 1.0000 -0.0006
vn -0.5190 0.4953 -0.6966
vn 0.5193 -0.5807 0.6270
vn 0.0000 1.0000 -0.0001
vn 0.0000 1.0000 -0.0001
vn 0.0000 1.0000 -0.0001
vn 0.0000 1.0000 -0.0001
vn -0.9545 0.2657 -0.1356
vn -0.9545 0.2657 -0.1356
vn -0.3718 -0.6789 0.6332
vn 0.2069 -0.2790 0.9377
vn 0.0557 -0.0972 -0.9937
vn -0.1312 -0.1465 -0.9805
vn 0.1411 -0.1090 -0.9840
vn 0.0970 -0.0890 -0.9913
vn 0.5962 -0.1123 -0.7949
vn -0.9802 0.1318 -0.1476
vn 0.3650 -0.0742 -0.9280
vn -0.0536 -0.1015 -0.9934
vn -0.4322 -0.1008 -0.8961
vn -0.2797 -0.1142 -0.9533
vn -0.3055 -0.0698 -0.9496
vn -0.3180 -0.0698 -0.9455
vn -0.3391 -0.0699 -0.9382
vn -0.3447 -0.0698 -0.9361
vn 0.3649 -0.0698 -0.9284
vn -0.4019 -0.0698 -0.9130
vn 0.3408 -0.0698 -0.9375
vn -0.4068 -0.0699 -0.9108
vn -0.4262 -0.0698 -0.9019
vn -0.1602 -0.0749 -0.9842
vn -0.4472 -0.0700 -0.8917
vn -0.3329 -0.0698 -0.9404
vn -0.0896 -0.0698 -0.9935
vn -0.0368 -0.0701 -0.9969
vn -0.0620 -0.0698 -0.9956
vn 0.0047 -0.0699 -0.9975
vn -0.0018 -0.0698 -0.9976
vn 0.0132 -0.0698 -0.9975
vn 0.0271 -0.0698 -0.9972
vn 0.0576 -0.1551 -0.9862
vn 0.0411 -0.0698 -0.9967
vn 0.0698 -0.0698 -0.9951
vn 0.3341 -0.0699 -0.9399
vn 0.0852 -0.0698 -0.9939
vn 0.1002 -0.0699 -0.9925
vn 0.1012 -0.0698 -0.9924
vn 0.1128 -0.0698 -0.9912
vn 0.3655 -0.0698 -0.9282
vn 0.1138 -0.0698 -0.9910
vn 0.1292 -0.0698 -0.9892
vn 0.1357 -0.0699 -0.9883
vn 0.1420 -0.0698 -0.9874
vn -0.9043 0.2949 -0.3086
vn -0.5563 0.0192 -0.8308
vn -0.9802 0.1324 -0.1476
vn 0.6162 0.2712 -0.7394
vn 0.6162 0.2712 -0.7394
vn 0.6162 0.2712 -0.7394
vn -0.9826 0.1142 -0.1465
vn 0.1844 0.0177 -0.9827
vn 0.1735 0.0242 -0.9845
vn -0.0319 0.0178 -0.9993
vn -0.6203 0.7073 -0.3390
vn -0.0000 1.0000 -0.0000
vn 0.0000 1.0000 0.0000
vn 0.0000 1.0000 0.0000
vn 0.0000 1.0000 0.0000
vn 0.6895 0.6913 0.2159
vn 0.3256 0.7074 -0.6273
vn 0.0000 1.0000 0.0000
vn 0.0000 1.0000 0.0000
vn 0.0000 1.0000 0.0000
vn -0.9805 0.1165 -0.1584
vn -0.1313 -0.0180 0.9912
vn -0.9838 0.1000 -0.1489
vn -0.9775 0.1477 -0.1509
vn -0.1280 -0.0175 0.9916
vn 0.9530 -0.2657 0.1458
vn -0.9488 0.3149 -0.0234
vn 0.4607 0.0388 0.8867
vn 0.3142 0.8699 0.3803
vn 0.3303 0.8645 0.3789
vn -0.3065 0.0458 0.9508
vn 0.5627 0.7528 0.3416
vn 0.9621 0.0356 0.2705
vn 0.8263 0.5056 0.2484
vn 0.8263 0.5056 0.2484
vn 0.8263 0.5056 0.2484
vn 0.4607 0.0388 0.8867
vn -0.1699 -0.9818 -0.0846
vn 0.9621 0.0356 0.2705
vn 0.8745 -0.4830 0.0432
vn 0.9845 -0.0872 0.1520
vn 0.9845 -0.0871 0.1520
vn 0.1155 -0.0174 0.9932
vn 0.0988 -0.0175 0.9949
vn -0.2700 -0.8721 -0.4080
vn 0.1336 -0.0175 0.9909
vn 0.1178 -0.0174 0.9929
vn -0.3307 -0.8413 -0.4276
vn 0.0352 -0.9659 0.2564
vn -0.8008 -0.1770 0.5722
vn -0.9158 -0.1152 -0.3848
vn -0.3381 -0.8360 -0.4322
vn -0.7284 -0.6221 0.2872
vn 0.9825 -0.1782 0.0550
vn 0.7010 -0.7103 -0.0648
vn -0.8137 -0.1178 0.5692
vn -0.0320 -0.0824 0.9961
vn 0.9888 -0.0295 0.1463
vn -0.9164 0.0174 0.4000
vn -0.8152 0.2355 0.5291
vn -0.1764 -0.9480 -0.2651
vn -0.6504 -0.0786 -0.7555
vn -0.7375 -0.0265 0.6748
vn -0.8432 0.1460 -0.5174
vn -0.5504 0.0960 -0.8294
vn -0.9955 -0.0500 0.0803
vn -0.9955 -0.0500 0.0803
vn -0.9955 -0.0500 0.0803
vn -0.9955 -0.0500 0.0803
vn -0.9955 -0.0500 0.0803
vn -0.9955 -0.0500 0.0803
vn -0.9233 0.0174 0.3837
vn -0.9168 0.0175 0.3989
vn 0.9039 -0.0768 -0.4209
vn 0.9039 -0.0768 -0.4209
vn 0.9039 -0.0768 -0.4209
vn -0.9955 -0.0500 0.0803
vn -0.9955 -0.0500 0.0803
vn -0.9955 -0.0500 0.0803
vn -0.9222 0.3595 -0.1424
vn -0.9366 0.3486 -0.0356
vn 0.9039 -0.0768 -0.4209
vn 0.9039 -0.0768 -0.4209
vn 0.9039 -0.0768 -0.4209
vn 0.9070 -0.0183 -0.4207
vn 0.9070 -0.0183 -0.4207
vn -0.3000 -0.0068 0.9539
vn -0.9413 0.0179 0.3372
vn -0.9002 0.0181 0.4350
vn -0.9417 0.0179 0.3359
vn 0.3232 0.0210 -0.9461
vn 0.9889 0.1406 0.0482
vn 0.4869 0.7970 -0.3574
vn 0.6185 0.0894 0.7807
vn 0.9763 -0.1775 0.1242
vn 0.9444 -0.3284 0.0189
vn 0.2081 0.9779 0.0190
vn -0.9281 -0.2105 0.3071
vn 0.9281 0.2105 -0.3071
vn 0.5071 0.1398 0.8505
vn 0.9004 -0.4272 0.0824
vn -0.8474 0.4213 -0.3232
vn -0.6925 -0.5286 -0.4909
vn -0.9187 0.3685 -0.1417
vn -0.0923 -0.0228 0.9955
vn 0.9889 0.1406 0.0482
vn 0.6108 0.4772 0.6319
vn 0.7707 0.5855 0.2515
vn -0.4590 -0.1965 0.8665
vn 0.8938 -0.1763 0.4122
vn -0.9281 -0.2105 0.3071
vn 0.9972 0.0489 -0.0564
vn 0.9004 -0.4272 0.0824
vn -0.0276 -0.5443 -0.8385
vn 0.9998 -0.0130 0.0127
vn 0.7664 -0.0759 -0.6379
vn 0.2584 0.9535 -0.1549
vn -0.5170 0.5978 0.6127
vn -0.2251 0.6329 -0.7408
vn 0.4739 0.8754 0.0955
vn 0.6090 0.6214 0.4928
vn -0.5170 0.5978 0.6127
vn 0.1935 0.9809 -0.0198
vn 0.9132 0.4064 0.0314
vn -0.5474 0.7033 0.4537
vn -0.4434 0.8176 0.3675
vn -0.4952 0.7663 0.4093
vn -0.3962 0.0698 0.9155
vn 0.3270 0.8576 0.3969
vn 0.3270 0.8576 0.3969
vn 0.3270 0.8576 0.3969
vn 0.6108 0.4772 0.6319
vn 0.4869 0.7970 -0.3574
vn -0.4256 0.0179 -0.9048
vn 0.1941 0.9526 0.2342
vn 0.2325 0.9308 0.2819
vn -0.6312 -0.1041 -0.7686
vn 0.2225 0.9372 0.2684
vn 0.2675 0.8943 0.3586
vn -0.1843 -0.9590 -0.2155
vn -0.7286 0.5112 0.4559
vn -0.8564 0.5086 0.0892
vn -0.3976 0.0175 -0.9174
vn -0.4133 0.0174 -0.9104
vn -0.1255 0.4973 -0.8585
vn -0.8421 0.5234 -0.1301
vn 0.8289 0.0175 0.5591
vn 0.7770 0.0175 0.6292
vn -0.9640 0.0339 0.2637
vn 0.4461 -0.0698 -0.8922
vn 0.4963 -0.0700 -0.8653
vn -0.6571 0.0200 -0.7536
vn -0.3958 0.0178 -0.9182
vn -0.4200 0.0176 -0.9073
vn -0.9537 0.0190 0.3003
vn -0.9891 0.0193 0.1458
vn -0.9675 0.0604 0.2455
vn 0.0585 0.0530 0.9969
vn -0.8313 0.5341 -0.1538
vn -0.8079 0.5760 -0.1246
vn -0.8078 0.5760 -0.1249
vn 0.6080 0.6951 0.3836
vn 0.4733 -0.0699 -0.8781
vn 0.7311 0.6580 0.1802
vn 0.6686 0.2583 0.6973
vn 0.5503 -0.0701 -0.8320
vn 0.4791 -0.0698 -0.8750
vn 0.9468 -0.2869 0.1462
vn 0.8867 -0.2193 0.4069
vn 0.9360 -0.3212 0.1440
vn -0.7762 -0.5798 -0.2477
vn 0.5281 -0.0700 -0.8463
vn 0.4879 -0.0699 -0.8701
vn 0.9515 -0.2827 -0.1209
vn 0.9413 -0.3045 0.1455
vn 0.9411 -0.3052 0.1452
vn 0.8476 -0.0660 -0.5265
vn 0.7208 0.6930 -0.0114
vn 0.6984 0.3168 0.6418
vn -0.8695 0.4646 -0.1677
vn 0.7150 0.6866 0.1318
vn -0.0791 -0.0854 -0.9932
vn 0.5069 -0.0700 -0.8592
vn 0.9997 -0.0177 0.0160
vn 0.6305 0.0350 0.7754
vn 0.5923 0.3713 0.7151
vn 0.5922 0.3718 0.7149
vn -0.8164 -0.5693 -0.0968
vn 0.2005 -0.1334 0.9706
vn 0.5725 -0.0701 -0.8169
vn 0.5231 -0.0698 -0.8494
vn 0.5658 -0.0705 -0.8215
vn -0.5030 0.8608 -0.0776
vn -0.5636 0.8125 0.1490
vn 0.8981 -0.4173 0.1387
vn 0.7903 -0.4642 0.3999
vn -0.5079 0.8578 -0.0788
vn -0.4822 0.8729 -0.0743
vn 0.8981 -0.4174 0.1387
vn 0.7302 0.5875 0.3489
vn -0.5905 -0.6340 -0.4994
vn 0.4319 0.3351 0.8373
vn 0.6318 0.2453 0.7353
vn -0.5755 -0.6434 -0.5048
vn -0.1575 -0.0197 0.9873
vn 0.8870 -0.4410 0.1371
vn 0.8870 -0.4410 0.1368
vn 0.8816 -0.4594 -0.1085
vn -0.7906 0.0826 0.6068
vn -0.9385 0.0698 0.3381
vn -0.9421 0.0696 0.3280
vn -0.1257 -0.0163 0.9919
vn 0.8052 -0.4944 0.3274
vn 0.8587 -0.4950 0.1326
vn -0.9902 0.1298 0.0524
vn -0.4615 0.1592 0.8727
vn -0.1889 0.9793 0.0724
vn 0.9997 -0.0175 0.0165
vn 0.9997 -0.0175 0.0165
vn -0.1644 0.9861 -0.0254
vn -0.1102 0.9762 -0.1869
vn -0.1369 0.9904 -0.0211
vn 0.8554 -0.5009 0.1320
vn -0.3282 -0.0168 0.9445
vn -0.0269 0.9992 -0.0280
vn -0.1639 -0.9861 -0.0263
vn -0.0126 0.9994 0.0316
vn -0.0132 0.9997 -0.0225
vn 0.2639 0.9488 0.1735
vn -0.0279 0.9993 0.0249
vn -0.3214 0.0231 0.9467
vn -0.9770 -0.1653 0.1351
vn -0.9770 -0.1653 0.1351
vn -0.9770 -0.1653 0.1351
vn 0.8482 -0.5131 0.1311
vn 0.8456 -0.5176 0.1307
vn 0.0468 0.9396 -0.3390
vn 0.0542 0.9181 -0.3926
vn 0.0570 0.9087 -0.4135
vn -0.2660 0.9580 -0.1073
vn 0.9843 0.1667 -0.0588
vn 0.8653 0.4504 0.2200
vn 0.8653 0.4504 0.2200
vn 0.8653 0.4504 0.2200
vn 0.8653 0.4504 0.2200
vn 0.8653 0.4504 0.2200
vn 0.8653 0.4504 0.2200
vn -0.5123 -0.2621 -0.8178
vn 0.6043 0.1690 0.7786
vn -0.8415 0.0348 -0.5392
vn -0.8655 0.0360 -0.4996
vn -0.7963 -0.1090 0.5951
vn -0.5457 0.8279 0.1295
vn 0.9555 0.1785 0.2347
vn 0.9012 0.1196 -0.4167
vn 0.9012 0.1196 -0.4167
vn 0.9012 0.1196 -0.4167
vn 0.9012 0.1196 -0.4167
vn 0.9012 0.1196 -0.4167
vn 0.9012 0.1196 -0.4167
vn 0.9012 0.1196 -0.4167
vn 0.9012 0.1196 -0.4167
vn 0.9012 0.1196 -0.4167
vn 0.9012 0.1196 -0.4167
vn 0.9012 0.1196 -0.4167
vn 0.9012 0.1196 -0.4167
vn -0.9105 -0.1746 0.3748
vn -0.9105 -0.1746 0.3748
vn -0.9105 -0.1746 0.3748
vn -0.9105 -0.1746 0.3748
vn -0.9105 -0.1746 0.3748
vn -0.9105 -0.1746 0.3748
vn -0.9105 -0.1746 0.3748
vn -0.9105 -0.1746 0.3748
vn -0.9105 -0.1746 0.3748
vn -0.9105 -0.1746 0.3748
vn -0.9105 -0.1746 0.3748
vn -0.9105 -0.1746 0.3748
vn 0.9713 0.1315 -0.1984
vn 0.9713 0.1315 -0.1984
vn 0.9713 0.1315 -0.1984
vn 0.9203 0.1159 -0.3737
vn 0.9203 0.1159 -0.3737
vn 0.9203 0.1159 -0.3737
vn -0.5638 -0.5104 -0.6494
vn 0.3977 0.7924 0.4625
vn 0.3607 0.8330 0.4195
vn 0.3581 0.8357 0.4164
vn 0.1072 0.0366 -0.9936
vn 0.2003 -0.2461 0.9483
vn 0.9754 0.1622 0.1494
vn -0.2283 0.0312 0.9731
vn -0.0061 -0.9999 0.0115
vn -0.0002 -1.0000 -0.0006
vn -0.0044 -1.0000 0.0029
vn 0.0001 -1.0000 0.0001
vn 0.2136 0.0176 -0.9768
vn -0.0063 -0.9998 -0.0208
vn -0.6504 -0.0786 -0.7555
vn -0.9536 -0.2232 0.2020
vn -0.0443 -0.9883 -0.1462
vn -0.2116 -0.9290 0.3036
vn -0.3431 -0.8115 0.4730
vn 0.2013 -0.9400 0.2756
vn 0.3109 -0.7534 0.5795
vn 0.6212 0.1513 0.7689
vn 0.7664 0.1732 -0.6186
vn 0.7785 0.1738 -0.6031
vn 0.7672 0.1733 -0.6176
vn -0.7491 0.1733 0.6394
vn 0.9933 -0.1108 0.0337
vn 0.6382 -0.3793 -0.6700
vn 0.1366 0.0175 -0.9905
vn 0.6284 -0.7265 0.2780
vn 0.7044 -0.7014 0.1086
vn 0.6990 -0.6867 -0.1996
vn 0.3522 0.9348 0.0471
vn 0.9846 0.0290 0.1727
vn -0.8586 -0.4122 -0.3049
vn 0.2453 -0.9568 0.1560
vn -0.5325 -0.5678 -0.6277
vn 0.7084 -0.6973 0.1093
vn -0.7930 0.0685 0.6054
vn 0.7040 -0.7030 0.1007
vn 0.9588 0.1632 0.2325
vn 0.3741 0.0679 0.9249
vn 0.0080 -0.0796 -0.9968
vn -0.4305 -0.0709 -0.8998
vn -0.5226 -0.3083 0.7949
vn -0.4690 -0.6202 0.6288
vn -0.1137 -0.0685 0.9911
vn -0.5861 -0.1288 0.8000
vn -0.3307 -0.0749 0.9408
vn -0.7835 -0.0856 0.6154
vn -0.2397 -0.6366 0.7330
vn -0.7835 -0.0856 0.6154
vn -0.7431 -0.0177 0.6690
vn -0.7431 -0.0177 0.6690
vn -0.7431 -0.0177 0.6690
vn -0.7431 -0.0177 0.6690
vn -0.7431 -0.0177 0.6690
vn -0.7431 -0.0177 0.6690
vn -0.5349 -0.0701 0.8420
vn -0.5018 -0.0701 0.8622
vn -0.4786 -0.0700 0.8752
vn -0.5244 -0.0700 0.8486
vn -0.6440 -0.0701 0.7618
vn -0.5996 -0.0701 0.7972
vn -0.5303 -0.0700 0.8449
vn -0.5634 -0.0698 0.8233
vn -0.5677 -0.0698 0.8203
vn -0.5688 -0.0698 0.8195
vn -0.5615 -0.0700 0.8245
vn -0.4650 -0.0701 0.8826
vn -0.6151 -0.0702 0.7853
vn -0.4866 -0.0700 0.8708
vn -0.4312 -0.0701 0.8995
vn -0.6799 -0.0701 0.7300
vn -0.6557 -0.0704 0.7517
vn -0.5453 -0.0702 0.8353
vn -0.6532 -0.0868 0.7522
vn -0.6598 -0.0701 0.7481
vn -0.6216 -0.0701 0.7802
vn -0.6111 -0.0704 0.7884
vn -0.3706 -0.0704 0.9261
vn -0.5840 -0.0697 0.8088
vn -0.5760 -0.0702 0.8145
vn -0.6116 -0.0705 0.7880
vn -0.0707 0.4773 -0.8759
vn 0.5481 -0.1333 0.8257
vn 0.1063 -0.0217 0.9941
vn -0.1485 0.0158 -0.9888
vn 0.9777 0.0121 0.2095
vn 0.8421 0.3317 -0.4253
vn -0.0041 -0.9998 -0.0217
vn -0.3253 0.0426 0.9447
vn 0.4484 -0.0175 0.8937
vn 0.3850 -0.0175 0.9227
vn 0.3034 -0.0175 0.9527
vn 0.4627 -0.0174 0.8863
vn 0.4635 -0.0175 0.8859
vn 0.4471 -0.0174 0.8943
vn 0.4321 -0.0174 0.9017
vn 0.4318 -0.0175 0.9018
vn 0.4162 -0.0174 0.9091
vn 0.4171 -0.0175 0.9087
vn 0.4009 -0.0175 0.9160
vn 0.4005 -0.0175 0.9161
vn 0.3848 -0.0175 0.9228
vn 0.4777 -0.0174 0.8783
vn 0.3685 -0.0175 0.9295
vn 0.3693 -0.0175 0.9292
vn 0.3427 -0.0176 0.9393
vn 0.3528 -0.0174 0.9355
vn 0.3369 -0.0174 0.9414
vn 0.2876 -0.0174 0.9576
vn 0.3353 -0.0175 0.9420
vn 0.3207 -0.0175 0.9470
vn 0.3205 -0.0174 0.9471
vn 0.3045 -0.0174 0.9524
vn 0.5066 -0.0175 0.8620
vn 0.2728 -0.0176 0.9619
vn 0.6428 0.1771 0.7453
vn 0.1366 0.0175 -0.9905
vn -0.0917 -0.1008 0.9907
vn -0.4847 0.0679 0.8720
vn 0.6304 0.1824 0.7545
vn -0.7507 0.1732 0.6375
vn 0.6729 -0.0699 -0.7364
vn 0.7208 -0.0701 -0.6896
vn 0.0820 -0.1285 -0.9883
vn -0.9591 -0.1572 -0.2354
vn 0.6358 0.0743 0.7683
vn -0.3715 -0.0251 0.9281
vn -1.0000 -0.0064 -0.0065
vn -0.3970 -0.0243 0.9175
vn 0.6426 -0.1839 0.7438
vn -0.5416 0.0654 0.8381
vn 0.6108 -0.1689 -0.7736
vn -0.3568 0.0171 0.9340
vn -0.9504 -0.2148 -0.2249
vn 0.1622 -0.3340 0.9285
vn 0.4371 -0.8894 0.1337
vn 0.6370 0.0460 0.7695
vn 0.4244 -0.9051 -0.0246
vn 0.3808 -0.9228 0.0588
vn 0.1330 -0.0175 0.9910
vn 0.0973 -0.7069 0.7006
vn 0.0960 -0.9953 0.0149
vn 0.3298 -0.9425 0.0540
vn 0.0172 -0.9998 0.0036
vn 0.0858 -0.9962 0.0135
vn 0.0441 -0.9990 0.0070
vn 0.0441 -0.9990 0.0070
vn -0.0091 -1.0000 -0.0012
vn 0.0072 -1.0000 0.0011
vn 0.0000 1.0000 0.0000
vn 0.0000 1.0000 0.0000
vn 0.0144 0.9944 -0.1044
vn 0.0070 0.9987 -0.0508
vn 0.0251 -0.3739 0.9271
vn -0.1500 -0.0064 0.9887
vn -0.1288 -0.0240 0.9914
vn -0.1280 -0.0175 0.9916
vn 0.1936 -0.9351 -0.2968
vn 0.4593 -0.1406 -0.8771
vn -0.1656 -0.2525 0.9533
vn -0.1562 -0.2121 0.9647
vn -0.6214 -0.2257 -0.7503
vn 0.0984 -0.0175 0.9950
vn 0.0552 -0.0493 -0.9973
vn -0.7253 -0.0916 -0.6823
vn -0.0178 -0.9998 0.0040
vn 0.4581 -0.8878 0.0440
vn 0.4567 -0.8893 0.0260
vn 0.4114 -0.9055 0.1035
vn 0.5609 -0.8245 0.0745
vn 0.5594 -0.8246 0.0844
vn -0.6058 0.7810 -0.1516
vn 0.5624 -0.8244 0.0638
vn 0.5608 -0.8246 0.0739
vn 0.5632 -0.8246 0.0534
vn 0.5621 -0.8247 0.0633
vn -0.5635 0.8245 -0.0524
vn 0.5680 -0.8224 0.0320
vn 0.6619 -0.7487 0.0381
vn 0.5764 -0.8125 0.0874
vn -0.5925 0.8037 -0.0557
vn 0.4785 -0.8773 0.0359
vn 0.5621 -0.8250 0.0578
vn 0.5666 -0.8225 -0.0489
vn 0.4573 -0.8891 0.0203
vn -0.5586 0.8226 -0.1061
vn 0.5657 -0.8225 -0.0590
vn 0.5659 -0.8227 -0.0546
vn 0.5668 -0.8224 0.0498
vn 0.5589 -0.8226 0.1048
vn 0.5597 -0.8225 0.1009
vn -0.5566 0.8234 -0.1107
vn -0.5567 0.8230 -0.1131
vn -0.5567 0.8226 -0.1160
vn -0.5564 0.8225 -0.1176
vn 0.5340 -0.8365 0.1229
vn 0.5559 -0.8225 0.1203
vn -0.4504 0.8857 -0.1127
vn 0.5483 -0.8226 0.1506
vn -0.9858 0.0872 -0.1435
vn -0.9858 0.0872 -0.1435
vn -0.9858 0.0872 -0.1435
vn -0.8501 -0.1761 0.4964
vn -0.9674 -0.1410 0.2104
vn -0.0000 -1.0000 -0.0000
vn 0.0000 -1.0000 -0.0000
vn 0.0000 -1.0000 0.0000
vn -0.0000 -1.0000 0.0000
vn -0.0000 -1.0000 0.0000
vn 0.0000 -1.0000 0.0000
vn 0.0000 -1.0000 0.0000
vn 0.0000 -1.0000 0.0000
vn -0.0000 -1.0000 -0.0000
vn -0.0000 -1.0000 -0.0000
vn 0.0000 -1.0000 0.0000
vn 0.0000 -1.0000 0.0000
vn 0.0000 -1.0000 0.0000
vn 0.0000 -1.0000 0.0000
vn 0.0000 -1.0000 0.0000
vn -0.0000 -1.0000 -0.0000
vn -0.7131 -0.0175 0.7009
vn 0.0000 -1.0000 0.0000
vn 0.8615 -0.0175 -0.5075
vn 0.8464 -0.0175 -0.5323
vn -0.0000 -1.0000 -0.0000
vn -0.0000 -1.0000 -0.0000
vn 0.0000 -1.0000 0.0000
vn 0.8525 0.0175 0.5225
vn 0.0000 -1.0000 0.0000
vn 0.6405 -0.0175 -0.7678
vn -0.0000 -1.0000 -0.0000
vn -0.0000 -1.0000 -0.0000
vn -0.0000 -1.0000 -0.0000
vn 0.0000 -1.0000 0.0000
vn 0.0000 -1.0000 0.0000
vn -0.8433 -0.0175 0.5372
vn -0.0000 -1.0000 -0.0000
vn -0.0000 -1.0000 -0.0000
vn 0.0000 -1.0000 0.0000
vn 0.0000 -1.0000 0.0000
vn 0.0001 -1.0000 0.0001
vn 0.0001 1.0000 0.0001
vn 0.0001 1.0000 0.0001
vn 0.0000 -1.0000 0.0000
vn 0.0000 -1.0000 0.0000
vn 0.5373 -0.0175 0.8432
vn 0.5615 -0.0175 0.8273
vn 0.6449 -0.0175 0.7641
vn 0.7715 -0.0175 0.6360
vn 0.6494 -0.0175 -0.7603
vn 0.7789 -0.0175 0.6270
vn 0.3665 -0.0175 -0.9303
vn 0.6360 -0.0175 0.7715
vn -0.8508 0.0174 0.5252
vn -0.8508 0.0174 0.5252
vn -0.8508 0.0174 0.5252
vn -0.8508 0.0174 0.5252
vn -0.8508 0.0174 0.5252
vn -0.8508 0.0174 0.5252
vn 0.3610 -0.0175 0.9324
vn 0.0000 -1.0000 0.0000
vn 0.3501 -0.0175 0.9365
vn 0.3556 -0.0175 -0.9345
vn 0.0000 -1.0000 0.0000
vn -0.7213 -0.0175 0.6924
vn -0.8370 -0.0175 0.5470
vn -0.7929 0.0685 0.6055
vn -0.9104 0.0353 -0.4123
vn -0.2006 -0.9771 0.0710
vn -0.9663 -0.1252 -0.2250
vn -0.6820 -0.0674 0.7282
vn 0.8259 0.1230 -0.5502
vn -0.9934 0.0340 0.1098
vn -0.9934 0.0340 0.1098
vn -0.9934 0.0340 0.1098
vn -0.5190 0.6629 -0.5397
vn -0.1153 0.2359 -0.9649
vn -0.7890 0.0353 -0.6134
vn -0.3012 -0.2136 0.9293
vn 0.2179 0.1593 -0.9629
vn 0.1099 0.1673 -0.9798
vn 0.4074 -0.8818 0.2377
vn 0.7758 -0.0292 0.6303
vn -0.5585 0.8226 -0.1070
vn -0.5267 0.0349 -0.8494
vn -0.9626 -0.1563 -0.2212
vn 0.9839 0.1535 0.0915
vn 0.9839 0.1535 0.0915
vn 0.9839 0.1535 0.0915
vn -0.5056 0.0360 -0.8620
vn 0.9494 0.1405 -0.2811
vn 0.9494 0.1405 -0.2811
vn 0.9494 0.1405 -0.2811
vn 0.9851 0.1350 -0.1069
vn 0.9851 0.1350 -0.1069
vn 0.9851 0.1350 -0.1069
vn -0.9280 0.0344 -0.3709
vn -0.9578 -0.1300 -0.2562
vn 0.2571 -0.3274 -0.9092
vn -0.0032 -0.3409 -0.9401
vn 0.2153 -0.2796 -0.9356
vn 0.2798 -0.2820 -0.9177
vn -0.0359 -0.3440 -0.9383
vn -0.0686 -0.3462 -0.9356
vn 0.1605 -0.3310 -0.9299
vn -0.3427 0.2858 0.8949
vn -0.1746 -0.0549 0.9831
vn -0.2198 -0.0721 0.9729
vn 0.1625 0.0185 -0.9865
vn -0.2871 -0.0691 0.9554
vn 0.0111 0.0177 -0.9998
vn 0.0333 -0.0501 0.9982
vn 0.0680 -0.0495 0.9965
vn -0.0256 0.0176 -0.9995
vn -0.2761 -0.0584 0.9593
vn -0.0015 -0.0490 0.9988
vn 0.3529 0.0700 -0.9331
vn -0.0548 0.0180 -0.9983
vn -0.4975 -0.0698 -0.8647
vn 0.2015 -0.0906 -0.9753
vn -0.8184 0.0346 -0.5736
vn -0.1076 -0.8528 0.5110
vn -0.0164 -0.6125 0.7903
vn 0.0143 -0.9985 0.0529
vn -0.0390 0.0167 0.9991
vn 0.9638 -0.1286 0.2337
vn 0.9638 -0.1286 0.2337
vn 0.9638 -0.1286 0.2337
vn 0.5578 -0.8222 0.1134
vn -0.9308 0.0353 -0.3639
vn -0.9308 0.0353 -0.3639
vn -0.9308 0.0353 -0.3639
vn -0.9632 -0.0388 -0.2659
vn -0.9676 -0.0253 -0.2512
vn 0.8710 -0.4911 0.0149
vn 0.8710 -0.4911 0.0149
vn 0.8710 -0.4911 0.0149
vn 0.9999 0.0112 -0.0078
vn 0.2947 -0.0668 -0.9532
vn -0.5360 0.0355 0.8435
vn 0.6761 -0.5738 -0.4623
vn 0.8332 0.5360 0.1357
vn 0.8332 0.5360 0.1357
vn 0.8332 0.5360 0.1357
vn 0.8274 0.0466 0.5596
vn 0.8274 0.0466 0.5596
vn 0.8274 0.0466 0.5596
vn 0.5553 -0.8205 0.1355
vn -0.5601 0.8226 -0.0978
vn 0.6036 -0.0588 0.7951
vn 0.9828 0.0349 -0.1812
vn 0.9828 0.0349 -0.1812
vn 0.9828 0.0349 -0.1812
vn 0.9828 0.0349 -0.1812
vn 0.9828 0.0349 -0.1812
vn 0.9828 0.0349 -0.1812
vn 0.6892 -0.0348 -0.7237
vn -0.8351 -0.0174 -0.5497
vn 0.7262 -0.0349 -0.6866
vn 0.9994 0.0351 -0.0071
vn 0.8607 -0.0348 -0.5080
vn 0.8607 -0.0348 -0.5080
vn 0.8607 -0.0348 -0.5080
vn 0.8607 -0.0348 -0.5080
vn 0.9183 -0.0349 -0.3942
vn 0.9183 -0.0349 -0.3942
vn 0.9183 -0.0349 -0.3942
vn 0.9183 -0.0349 -0.3942
vn 0.9337 -0.0347 -0.3564
vn 0.9337 -0.0347 -0.3564
vn 0.9337 -0.0347 -0.3564
vn -0.9385 -0.0697 0.3381
vn -0.9388 -0.0697 0.3374
vn 0.9828 0.0349 -0.1812
vn 0.9828 0.0349 -0.1812
vn 0.9828 0.0349 -0.1812
vn 0.8666 -0.0349 0.4977
vn 0.6455 -0.0300 0.7632
vn 0.5125 0.0348 -0.8580
vn 0.4912 0.0350 -0.8704
vn 0.4912 0.0350 -0.8704
vn 0.4912 0.0350 -0.8704
vn 0.9749 -0.0349 -0.2198
vn 0.9749 -0.0349 -0.2198
vn 0.9749 -0.0349 -0.2198
vn 0.5459 0.0349 -0.8371
vn -0.5423 -0.0349 0.8395
vn 0.4912 0.0350 -0.8704
vn 0.4912 0.0350 -0.8704
vn 0.4912 0.0350 -0.8704
vn 0.4912 0.0350 -0.8704
vn 0.4912 0.0350 -0.8704
vn 0.4912 0.0350 -0.8704
vn 0.5889 0.0348 -0.8075
vn -0.5890 -0.0348 0.8074
vn -0.4286 0.0348 -0.9028
vn -0.3808 0.0353 -0.9240
vn 0.8418 -0.0345 0.5388
vn 0.9965 -0.0349 -0.0764
vn 0.9939 -0.0349 -0.1049
vn 0.9925 -0.0348 -0.1175
vn 0.9893 -0.0346 -0.1417
vn 0.9749 -0.0349 -0.2198
vn 0.9749 -0.0349 -0.2198
vn 0.9749 -0.0349 -0.2198
vn 0.1366 -0.0175 -0.9905
vn 0.5024 -0.0349 -0.8640
vn 0.9619 0.1724 0.2124
vn 0.6085 0.0350 -0.7928
vn 0.6304 0.0349 -0.7755
vn 0.9684 -0.0390 0.2464
vn 0.0000 -1.0000 0.0000
vn 0.6506 0.0155 0.7593
vn 0.5324 -0.7583 0.3762
vn 0.6267 -0.0330 0.7786
vn 0.5229 -0.0349 -0.8517
vn 0.9749 -0.0349 -0.2198
vn 0.9749 -0.0349 -0.2198
vn 0.9749 -0.0349 -0.2198
vn -0.8373 -0.0349 -0.5457
vn -0.5174 -0.1553 0.8415
vn 0.1147 -0.9344 0.3373
vn 0.0032 -0.9967 0.0811
vn 0.6785 -0.5789 -0.4523
vn 0.0351 -0.9994 -0.0009
vn -0.4058 0.0347 -0.9133
vn 0.5540 -0.0175 0.8324
vn 0.1899 -0.0560 -0.9802
vn 0.5508 -0.8224 0.1424
vn 0.5634 -0.1875 -0.8046
vn -0.1115 -0.4925 0.8632
vn 0.3228 0.5721 0.7540
vn -0.0341 -0.9409 -0.3369
vn 0.1876 -0.0652 0.9801
vn -0.6316 0.7382 -0.2369
vn -0.5527 0.8213 0.1415
vn -0.7756 -0.1719 0.6073
vn 0.0883 -0.0014 0.9961
vn 0.6067 -0.7828 -0.1383
vn 0.2470 0.3745 0.8937
vn -0.0001 1.0000 -0.0001
vn -0.0000 1.0000 -0.0000
vn -0.0000 1.0000 -0.0000
vn -0.9865 0.0339 -0.1602
vn -0.9865 0.0339 -0.1602
vn -0.9865 0.0339 -0.1602
vn -0.9865 0.0339 -0.1602
vn -0.9865 0.0339 -0.1602
vn -0.9865 0.0339 -0.1602
vn -0.5196 0.0350 0.8537
vn -0.5594 0.8223 -0.1042
vn -0.5527 0.8213 0.1415
vn -0.1971 -0.0398 -0.9796
vn 0.9631 -0.0376 0.2665
vn 0.9986 0.0362 0.0381
vn 0.9986 0.0362 0.0381
vn 0.9986 0.0362 0.0381
vn -0.9046 -0.0761 0.4195
vn -0.9046 -0.0761 0.4195
vn -0.6850 0.7269 0.0476
vn -0.6475 0.7599 0.0576
vn 0.6288 -0.7757 -0.0539
vn -0.6418 0.7656 0.0443
vn 0.6288 -0.7757 -0.0539
vn 0.6051 -0.7883 0.1117
vn 0.5590 -0.8232 0.0993
vn 0.9988 0.0361 0.0316
vn 0.9988 0.0361 0.0316
vn 0.9988 0.0361 0.0316
vn 0.9988 0.0361 0.0316
vn 0.9988 0.0361 0.0316
vn 0.9988 0.0361 0.0316
vn 0.9988 0.0351 0.0332
vn 0.9988 0.0351 0.0332
vn 0.9988 0.0351 0.0332
vn -0.5534 0.8223 -0.1328
vn 0.5143 -0.8406 0.1698
vn 0.4074 -0.8818 0.2377
vn 0.2623 0.0414 0.9641
vn -0.9970 -0.0176 -0.0749
vn 0.5886 -0.8073 0.0435
vn -0.7716 0.5756 -0.2708
vn -0.9673 0.0021 -0.2536
vn 0.0116 0.1752 -0.9845
vn 0.2591 -0.3128 0.9138
vn -0.9686 -0.0214 -0.2479
vn -0.9917 -0.0345 -0.1237
vn 0.5453 -0.8079 0.2236
vn -0.9616 -0.1383 0.2370
vn -0.4669 -0.8843 0.0073
vn -0.9707 -0.0323 -0.2379
vn -0.9749 -0.0185 -0.2220
vn 0.7758 -0.0292 0.6303
vn -0.2256 -0.0116 0.9741
vn -0.8323 -0.0344 -0.5533
vn 0.8460 0.0347 0.5321
vn 0.8460 0.0347 0.5321
vn -0.9711 -0.0317 -0.2365
vn 0.9965 -0.0347 -0.0758
vn 0.9965 -0.0347 -0.0758
vn 0.9965 -0.0347 -0.0758
vn 0.9402 -0.0440 0.3378
vn 0.8281 -0.0344 0.5595
vn 0.8484 -0.0346 0.5282
vn 0.8484 -0.0346 0.5282
vn 0.6932 -0.2208 -0.6861
vn 0.6096 -0.7621 0.2183
vn 0.8016 -0.1858 0.5682
vn 0.6730 -0.7014 0.2345
vn -0.4208 0.9017 -0.0993
vn 0.5795 -0.8145 -0.0278
vn -0.1366 0.0175 0.9905
vn 0.5896 -0.8044 -0.0736
vn -0.4933 -0.8655 -0.0870
vn 0.9490 -0.0447 0.3122
vn 0.8771 -0.4680 0.1082
vn -0.0075 -0.0091 0.9999
vn 0.5344 -0.0965 -0.8397
vn -0.5623 0.0188 0.8267
vn 0.9968 -0.0769 -0.0209
vn 0.9958 -0.0357 0.0847
vn 0.9958 -0.0357 0.0847
vn 0.9958 -0.0357 0.0847
vn 0.9844 -0.1193 0.1293
vn 0.9235 -0.0332 -0.3822
vn 0.9845 0.0943 0.1475
vn 0.9845 0.0943 0.1475
vn 0.9845 0.0943 0.1475
vn 0.9845 0.0943 0.1475
vn 0.9845 0.0943 0.1475
vn 0.9845 0.0943 0.1475
vn 0.9664 0.0606 0.2496
vn 0.9664 0.0606 0.2496
vn 0.9664 0.0606 0.2496
vn 0.9845 0.0943 0.1475
vn 0.9845 0.0943 0.1475
vn 0.9845 0.0943 0.1475
vn 0.9845 0.0943 0.1475
vn 0.9845 0.0943 0.1475
vn 0.9845 0.0943 0.1475
vn -0.1117 -0.0489 0.9925
vn 0.5429 -0.0962 -0.8343
vn -0.5623 0.0188 0.8267
vn 0.6055 -0.0721 0.7926
vn 0.6388 -0.6446 0.4200
vn -0.0368 -0.5462 0.8369
vn -0.8664 -0.4336 -0.2478
vn -0.8369 -0.5472 -0.0123
vn -0.8523 -0.4724 -0.2247
vn -0.8820 -0.4627 -0.0890
vn -0.8518 -0.5108 -0.1168
vn -0.8214 -0.5435 -0.1729
vn -0.8867 -0.4166 -0.2003
vn -0.8452 -0.4917 -0.2096
vn 0.9935 -0.0440 0.1048
vn 0.9797 -0.0051 0.2005
vn 0.9612 -0.0528 0.2707
vn 0.9730 -0.0569 0.2238
vn 0.9713 -0.0323 0.2358
vn 0.9650 -0.0396 0.2592
vn 0.9998 0.0034 0.0203
vn 0.9898 -0.0210 0.1409
vn -0.8797 -0.4720 -0.0576
vn -0.9272 0.3018 -0.2220
vn -0.9272 0.3018 -0.2220
vn -0.1396 -0.9876 -0.0717
vn 0.9960 -0.0352 0.0823
vn 0.9960 -0.0352 0.0823
vn 0.9960 -0.0352 0.0823
vn -0.2798 -0.3368 -0.8990
vn -0.6257 -0.1299 0.7692
vn 0.0444 -0.2056 0.9776
vn -0.4936 -0.7774 0.3899
vn 0.7393 -0.2705 0.6167
vn 0.6235 0.0294 0.7813
vn -0.9619 -0.0351 -0.2710
vn -0.6869 -0.0118 -0.7266
vn -0.9733 -0.1262 0.1916
vn -0.8935 -0.0359 -0.4477
vn -0.6020 -0.3303 -0.7270
vn -0.6064 -0.3124 -0.7312
vn -0.2165 -0.3375 0.9161
vn -0.0929 -0.9896 -0.1098
vn -0.5902 -0.3795 -0.7125
vn -0.5515 -0.5034 -0.6652
vn -0.3647 -0.7052 0.6080
vn 0.0096 -0.9986 0.0515
vn -0.1402 -0.0618 0.9882
vn -0.0221 -0.9930 0.1161
vn 0.9766 0.1026 -0.1891
vn -0.0825 -0.9962 0.0270
vn -0.2248 -0.9499 -0.2172
vn -0.9932 -0.0606 -0.0989
vn 0.0261 -0.9996 -0.0118
vn -0.4541 -0.6414 -0.6183
vn -0.9569 0.2127 0.1980
vn 0.0096 -0.9795 0.2012
vn -0.9637 0.0611 -0.2598
vn 0.0157 -0.9988 0.0460
vn 0.3368 -0.1505 -0.9295
vn -0.0825 -0.9936 -0.0767
vn -0.4188 0.0652 0.9057
vn -0.2217 -0.8115 -0.5407
vn -0.9977 0.0261 -0.0624
vn -0.1058 -0.9873 0.1187
vn -0.1179 0.0312 -0.9925
vn 0.0471 -0.9881 0.1461
vn -0.6941 -0.6543 -0.3002
vn 0.0000 -0.0000 0.0000
vn -0.5738 -0.4368 -0.6928
vn -0.0421 -0.9426 0.3313
vn -0.9398 -0.2038 -0.2744
vn -0.5741 -0.4361 -0.6930
vn -0.6865 -0.0738 0.7233
vn 0.6724 0.0709 -0.7368
vn -0.1092 -0.9904 0.0848
vn -0.0909 -0.9955 0.0287
vn -0.9707 -0.0353 -0.2378
vn -0.1597 0.3224 0.9330
vn -0.1199 -0.9460 0.3013
vn -0.5284 -0.5604 -0.6377
vn -0.9619 -0.0351 -0.2711
vn -0.5223 -0.5742 -0.6305
vn -0.5193 -0.5807 -0.6270
vn 0.5329 0.5495 0.6435
vn 0.9876 0.0344 0.1531
vn 0.0000 -0.0000 0.0000
vn -0.3436 -0.5694 -0.7468
vn 0.4824 0.6544 0.5822
vn 0.4986 0.6236 0.6020
vn 0.4882 0.6436 0.5894
vn 0.4885 0.6430 0.5898
vn -0.1223 -0.9280 0.3518
vn 0.1917 -0.1360 -0.9720
vn -0.0870 -0.9960 0.0178
vn -0.5400 -0.8162 -0.2053
vn -0.0863 -0.9962 -0.0119
vn -0.0864 -0.9962 -0.0117
vn -0.0896 -0.9956 0.0283
vn -0.0863 -0.9962 -0.0120
vn -0.0863 -0.9962 -0.0119
vn -0.0863 -0.9962 -0.0119
vn -0.0863 -0.9962 -0.0119
vn -0.0863 -0.9962 -0.0119
vn -0.1121 -0.1323 0.9848
vn 0.1497 -0.0937 0.9843
vn 0.9990 -0.0352 -0.0286
vn 0.9990 -0.0352 -0.0286
vn 0.9990 -0.0352 -0.0286
vn 0.9990 -0.0352 -0.0286
vn -0.4505 -0.7080 -0.5439
vn -0.4462 -0.7146 -0.5387
vn 0.5134 -0.0176 0.8580
vn 0.0003 -1.0000 0.0005
vn 0.0000 -1.0000 0.0000
vn -0.3221 -0.0673 0.9443
vn 0.5238 0.0349 -0.8511
vn 0.6987 -0.0402 0.7143
vn -0.7027 0.0767 -0.7073
vn 0.5241 -0.2369 0.8181
vn -0.1163 -0.7186 0.6856
vn -0.0914 -0.1078 0.9900
vn 0.0859 -0.3593 0.9293
vn -0.1399 -0.9224 0.3599
vn 0.8966 -0.0356 0.4413
vn -0.1512 -0.5494 0.8218
vn 0.3254 -0.1157 -0.9385
vn 0.8615 -0.0175 -0.5075
vn 0.5372 -0.0175 0.8432
vn 0.3273 -0.1542 -0.9322
vn 0.1894 -0.7038 -0.6847
vn 0.6434 -0.4365 0.6289
vn -0.1477 -0.9448 0.2925
vn -0.2999 -0.8826 -0.3621
vn -0.0707 -0.8864 -0.4576
vn 0.0413 0.9284 0.3692
vn 0.8967 -0.0355 0.4413
vn 0.2877 0.8925 0.3473
vn -0.2825 -0.8965 -0.3412
vn -0.3303 -0.8553 -0.3992
vn 0.0657 -0.9948 0.0773
vn -0.2547 -0.9168 -0.3076
vn -0.1616 -0.6019 0.7821
vn 0.1988 -0.6678 -0.7173
vn -0.2368 -0.9587 0.1572
vn -0.2281 -0.9339 -0.2754
vn -0.2485 -0.9211 -0.2998
vn 0.3583 -0.8429 0.4014
vn -0.0368 -0.5462 0.8369
vn 0.0446 -0.9747 0.2190
vn -0.1033 -0.9598 0.2612
vn -0.1690 -0.9642 -0.2041
vn -0.2785 -0.8999 -0.3357
vn -0.0327 -0.9986 -0.0415
vn -0.1428 -0.9746 -0.1723
vn 0.4201 0.0213 0.9072
vn -0.0995 -0.7802 0.6176
vn -0.4404 0.0351 -0.8971
vn -0.0634 -0.9966 -0.0534
vn 0.1894 -0.7038 -0.6847
vn 0.9325 -0.0761 -0.3532
vn 0.0087 -0.9161 0.4008
vn -0.0590 -0.9957 -0.0712
vn -0.0629 -0.9951 -0.0760
vn -0.0460 -0.9974 -0.0555
vn 0.1793 -0.9280 0.3266
vn 0.0846 -0.9510 0.2973
vn -0.0013 -0.9990 0.0453
vn -0.0211 -0.9997 -0.0109
vn -0.0007 -1.0000 0.0003
vn -0.0006 -1.0000 0.0003
vn 0.0210 -0.9942 -0.1059
vn -0.0006 -1.0000 0.0002
vn 0.0095 -0.9999 0.0056
vn 0.0009 -1.0000 0.0012
vn 0.0009 -1.0000 0.0012
vn 0.0009 -1.0000 0.0012
vn 0.0008 -1.0000 0.0012
vn 0.0002 -1.0000 0.0011
vn 0.0002 -1.0000 0.0011
vn 0.0104 -0.9999 0.0060
vn 0.0001 -1.0000 0.0011
vn 0.0084 -1.0000 0.0052
vn -0.0143 -0.9999 -0.0074
vn -0.0000 -1.0000 0.0019
vn -0.0000 -1.0000 0.0019
vn 0.0000 -1.0000 0.0001
vn -0.0000 -1.0000 0.0000
vn 0.0666 -0.9759 -0.2079
vn 0.0105 0.8943 0.4474
vn -0.0005 -1.0000 0.0002
vn 0.0342 -0.9988 -0.0354
vn 0.1540 -0.9455 -0.2869
vn -0.0000 -1.0000 0.0000
vn -0.0000 -1.0000 -0.0000
vn 0.0000 -1.0000 0.0000
vn 0.0000 -1.0000 0.0000
vn 0.1366 -0.0175 -0.9905
vn 0.6539 -0.0309 0.7559
vn 0.0008 -1.0000 0.0012
vn -0.0118 -0.9999 -0.0066
vn 0.0011 -1.0000 0.0013
vn 0.0010 -1.0000 0.0012
vn -0.0171 -0.9998 -0.0091
vn -0.0038 -1.0000 0.0022
vn -0.0012 -1.0000 0.0007
vn -0.0111 -0.9999 -0.0053
vn 0.0002 -1.0000 0.0011
vn 0.0002 -1.0000 0.0011
vn 0.0002 -1.0000 0.0011
vn 0.0079 -1.0000 0.0050
vn 0.0007 -1.0000 0.0011
vn 0.9911 -0.0680 0.1141
vn 0.9911 -0.0680 0.1141
vn 0.9911 -0.0680 0.1141
vn 0.1220 0.8956 0.4279
vn -0.0039 -0.9772 0.2125
vn -0.1613 -0.5584 0.8138
vn 0.9678 -0.0340 0.2492
vn 0.8476 0.0348 0.5294
vn -0.8328 -0.0347 -0.5525
vn 0.8707 0.0347 0.4906
vn 0.6409 -0.0392 0.7666
vn 0.0554 -0.8651 0.4985
vn 0.9820 -0.0351 0.1858
vn 0.9820 -0.0351 0.1858
vn -0.0109 -0.6233 0.7819
vn -0.0691 -0.0701 0.9951
vn 0.6320 0.0115 0.7749
vn 0.0773 -0.6359 0.7679
vn -0.0174 -0.0765 0.9969
vn -0.1193 -0.0787 0.9897
vn 0.6893 -0.0350 -0.7236
vn 0.9289 -0.0353 -0.3686
vn 0.9289 -0.0353 -0.3686
vn 0.9289 -0.0353 -0.3686
vn 0.4899 -0.0350 -0.8711
vn 0.5568 -0.0350 -0.8299
vn 0.9959 -0.0348 -0.0839
vn 0.9958 -0.0348 -0.0847
vn 0.8707 0.0351 0.4906
vn 0.9895 -0.0892 0.1141
vn 0.9808 -0.0256 0.1933
vn 0.7262 -0.0349 -0.6865
vn 0.9986 -0.0342 0.0400
vn -0.9489 -0.0373 -0.3135
vn 0.9938 -0.0349 -0.1056
vn -0.8413 -0.0348 -0.5395
vn -0.8387 -0.0349 -0.5435
vn -0.8189 -0.0348 -0.5729
vn 0.3478 0.0028 -0.9375
vn 0.3478 0.0028 -0.9375
vn 0.6881 0.7203 0.0872
vn -0.6881 -0.7203 -0.0872
vn 0.9276 -0.3194 0.1936
vn 0.9276 -0.3194 0.1936
vn 0.9276 -0.3194 0.1936
vn -0.9493 -0.0345 -0.3124
vn 0.9993 -0.0308 -0.0196
vn 0.0144 -0.5534 -0.8328
vn -0.4601 -0.8777 -0.1340
vn 0.7089 0.6844 0.1706
vn 0.7089 0.6844 0.1706
vn 0.7089 0.6844 0.1706
vn 0.7064 0.6871 0.1698
vn 0.7064 0.6871 0.1698
vn 0.7064 0.6871 0.1698
vn -0.5847 0.6294 -0.5119
vn -0.4601 -0.8777 -0.1340
vn -0.9577 -0.0333 -0.2857
vn 0.9981 -0.0351 -0.0509
vn -0.8628 -0.0354 -0.5044
vn -0.9673 -0.1165 -0.2251
vn -0.5326 -0.2851 -0.7969
vn 0.9979 -0.0352 -0.0535
vn 0.7010 -0.1405 0.6992
vn 0.4245 -0.8579 0.2894
vn -0.5163 0.8220 -0.2403
vn -0.9160 -0.0356 -0.3997
vn 0.9814 0.0056 0.1921
vn 0.2412 0.9696 0.0411
vn 0.7594 -0.5357 -0.3693
vn 0.4204 -0.9062 -0.0459
vn -0.3389 -0.8780 0.3380
vn 0.9754 -0.1665 0.1447
vn 0.7316 -0.0007 -0.6817
vn -0.9781 -0.0014 -0.2083
vn 0.6823 0.0045 -0.7311
vn -0.7524 -0.0980 0.6514
vn -0.9006 -0.0711 0.4288
vn -0.9744 -0.0071 0.2245
vn -0.9758 -0.0697 0.2070
vn -0.9903 0.0023 0.1388
vn 0.7074 0.0018 -0.7068
vn 0.6564 0.0031 -0.7544
vn 0.6414 -0.0798 -0.7631
vn -0.3424 -0.0110 0.9395
vn -0.1641 -0.0762 -0.9835
vn -0.3247 -0.0850 0.9420
vn -0.9776 -0.0262 -0.2089
vn -0.9776 -0.0262 -0.2089
vn -0.9147 -0.3381 -0.2212
vn 0.6517 -0.3901 -0.6505
vn -0.9869 -0.1069 0.1205
vn 0.7176 -0.0735 -0.6925
vn 0.6676 -0.0740 -0.7408
vn -0.9079 -0.0714 0.4131
vn -0.9486 -0.2267 0.2210
vn 0.6128 -0.7523 0.2419
vn 0.1945 -0.9800 0.0420
vn 0.1978 -0.9788 0.0526
vn -0.0835 -0.9741 -0.2101
vn -0.0987 0.9945 -0.0365
vn 0.1911 -0.9808 0.0381
vn -0.9508 -0.2290 0.2089
vn 0.1965 -0.9796 0.0423
vn 0.3885 -0.9184 0.0754
vn 0.2120 -0.9761 0.0479
vn -0.3122 0.9497 -0.0238
vn 0.9536 -0.1947 -0.2298
vn 0.9536 -0.1947 -0.2298
vn 0.9536 -0.1947 -0.2298
vn -0.1750 0.4825 -0.8582
vn -0.3389 -0.8780 0.3380
vn 0.4040 -0.9123 0.0672
vn -0.1176 -0.9164 -0.3827
vn 0.0205 -0.9998 0.0002
vn -0.5918 -0.8058 -0.0215
vn 0.0560 -0.9982 0.0207
vn 0.0229 -0.9997 0.0014
vn 0.2907 -0.9551 0.0575
vn 0.0085 -1.0000 -0.0052
vn -0.0108 -0.9999 0.0078
vn -0.0556 -0.9984 0.0058
vn 0.8645 -0.2794 -0.4179
vn 0.8645 -0.2794 -0.4179
vn 0.8645 -0.2794 -0.4179
vn -0.0089 -0.9999 -0.0131
vn -0.0725 -0.9940 -0.0817
vn 0.7943 -0.4815 -0.3703
vn -0.9917 0.1192 -0.0491
vn 0.0173 -0.9998 -0.0013
vn 0.2019 -0.9780 0.0527
vn -0.0716 0.9973 -0.0168
vn 0.0063 -1.0000 -0.0062
vn -0.0157 -0.9998 0.0076
vn 0.0039 -1.0000 -0.0072
vn -0.0215 -0.9997 0.0073
vn 0.8645 -0.2794 -0.4179
vn 0.8645 -0.2794 -0.4179
vn 0.8645 -0.2794 -0.4179
vn 0.9536 -0.1947 -0.2298
vn 0.9536 -0.1947 -0.2298
vn 0.9536 -0.1947 -0.2298
vn 0.8223 -0.4808 0.3043
vn 0.8223 -0.4808 0.3043
vn 0.8223 -0.4808 0.3043
vn 0.8223 -0.4808 0.3043
vn 0.8223 -0.4808 0.3043
vn 0.8223 -0.4808 0.3043
vn -0.0956 -0.9461 -0.3093
vn 0.9699 -0.0576 0.2364
vn 0.5058 -0.8551 0.1141
vn -0.0857 -0.9833 -0.1605
vn -0.2658 -0.9628 -0.0482
vn -0.0579 -0.9980 -0.0271
vn 0.2233 0.6587 0.7185
vn 0.6593 -0.1484 0.7371
vn 0.3288 -0.8833 0.3342
vn -0.0009 -1.0000 0.0048
vn -0.0000 -1.0000 0.0001
vn -0.0004 -1.0000 0.0016
vn -0.0000 -1.0000 0.0001
vn -0.0284 -0.9992 -0.0270
vn -0.0014 -1.0000 0.0046
vn -0.0001 -1.0000 0.0004
vn -0.0127 -0.9981 0.0608
vn 0.0015 -1.0000 -0.0006
vn 0.0136 -0.9997 0.0206
vn 0.0001 -1.0000 -0.0000
vn -0.0004 -1.0000 0.0008
vn -0.0017 -1.0000 0.0031
vn 0.0001 -1.0000 -0.0001
vn -0.0015 -1.0000 0.0019
vn 0.0007 -1.0000 -0.0006
vn 0.0007 -1.0000 -0.0006
vn -0.0001 -1.0000 0.0001
vn -0.0003 -1.0000 0.0003
vn -0.0007 -1.0000 0.0006
vn -0.0480 -0.9969 0.0616
vn 0.0638 -0.9978 -0.0185
vn 0.0010 -1.0000 -0.0013
vn -0.0020 -1.0000 0.0043
vn -0.0001 -1.0000 0.0001
vn -0.0001 -1.0000 0.0001
vn -0.0004 -1.0000 0.0016
vn -0.0001 -1.0000 0.0001
vn -0.0010 -0.9936 0.1131
vn -0.0915 -0.9768 -0.1937
vn 0.2093 0.9555 0.2080
vn 0.0021 -0.9973 -0.0735
vn 0.0000 -1.0000 -0.0001
vn -0.0043 -1.0000 -0.0050
vn -0.0000 -1.0000 -0.0001
vn -0.0023 -1.0000 -0.0028
vn -0.0000 -1.0000 -0.0001
vn -0.0004 -1.0000 -0.0007
vn -0.2013 -0.9737 -0.1070
vn 0.2613 0.9311 0.2543
vn -0.0132 -0.9998 -0.0136
vn -0.0881 -0.9948 -0.0503
vn 0.6911 -0.0807 0.7183
vn -0.0006 -1.0000 -0.0008
vn -0.0089 -0.9999 -0.0071
vn -0.0101 -0.9999 -0.0083
vn -0.0013 -1.0000 0.0020
vn -0.0182 -0.9965 -0.0817
vn 0.0001 -1.0000 -0.0001
vn -0.0005 -1.0000 0.0007
vn 0.0160 -0.9976 0.0672
vn 0.0009 -1.0000 -0.0013
vn 0.0001 -1.0000 -0.0001
vn 0.0012 -1.0000 -0.0016
vn 0.0022 -1.0000 -0.0028
vn -0.0007 -1.0000 0.0006
vn 0.0001 -1.0000 -0.0001
vn 0.0003 -1.0000 -0.0003
vn -0.0153 -0.9969 0.0774
vn -0.6456 -0.5878 -0.4875
vn 0.0276 -0.9968 -0.0745
vn 0.0024 -1.0000 -0.0008
vn 0.0001 -1.0000 -0.0001
vn 0.0112 -0.9999 0.0081
vn -0.0609 -0.9966 -0.0548
vn -0.0655 -0.9959 -0.0616
vn 0.0001 -1.0000 -0.0000
vn -0.0006 -1.0000 0.0006
vn 0.0004 -1.0000 -0.0016
vn -0.0001 -1.0000 0.0001
vn 0.0223 -0.9996 0.0188
vn -0.0539 -0.9985 -0.0080
vn -0.0112 -0.9994 -0.0333
vn -0.0004 -1.0000 0.0008
g RightGrip
f 2334//3215 2307//3175 5889//8515
f 5602//8095 5621//8124 5633//8140
f 5614//8113 5607//8103 5605//8100
f 5614//8113 5605//8100 5621//8124
f 2693//3734 1542//2140 833//1163
f 2643//3662 2452//3385 2229//3050
f 1527//2119 5890//8516 833//1163
f 5890//8516 1404//1932 833//1163
f 4962//7133 5052//7264 5051//7261
f 4992//7173 4907//7050 5051//7261
f 2334//3215 5891//8517 2307//3175
f 4962//7133 5051//7261 4907//7050
f 3607//5130 5051//7262 3465//4910
f 4741//6781 4700//6715 5928//8556
f 4643//6633 4610//6581 4700//6715
f 5633//8140 5621//8124 5894//8520
f 2847//3962 2643//3662 2693//3734
f 2847//3962 2935//4101 2643//3662
f 2368//3259 5945//8575 2369//3260
f 2368//3259 2367//3258 5945//8575
f 2355//3243 2366//3257 2281//3135
f 5896//8523 5897//8524 5898//8525
f 5621//8124 5605//8100 5899//8526
f 5900//8527 5901//8528 5902//8529
f 5903//8530 5905//8532 5904//8531
f 5906//8533 5907//8534 5908//8535
f 5939//8568 809//1131 1063//1474
f 5909//8536 5910//8537 5911//8538
f 3465//4910 5051//7261 3268//4605
f 3268//4606 5051//7262 3312//4672
f 3312//4672 5051//7262 5052//7265
f 4409//6281 4429//6309 5913//8540
f 4409//6281 5913//8540 4388//6251
f 5916//8544 4429//6309 4388//6251
f 4409//6281 4388//6251 4429//6309
f 4331//6165 5915//8543 4407//6278
f 3669//5223 3766//5363 5893//8519
f 4195//5960 4236//6018 4155//5906
f 4195//5960 4155//5906 4173//5930
f 2307//3175 4388//6252 5913//8541
f 3135//4415 3077//4326 3185//4484
f 3235//4554 3185//4484 5892//8518
f 3235//4554 5892//8518 3308//4667
f 3359//4748 3308//4667 5892//8518
f 2307//3175 5914//8542 4388//6252
f 3135//4415 3076//4324 3077//4326
f 2354//3241 5912//8539 2139//2924
f 5940//8570 3077//4326 3076//4324
f 4538//6469 5984//8623 5943//8573
f 4538//6469 5943//8573 4517//6439
f 4083//5803 4517//6439 4236//6018
f 3289//4638 5052//7265 5912//8539
f 3790//5399 3833//5463 5944//8574
f 3790//5399 5944//8574 3766//5363
f 3669//5223 5893//8519 3668//5221
f 3646//5188 3607//5130 3465//4910
f 3646//5189 3668//5222 3607//5131
f 831//1161 5934//8563 1063//1474
f 831//1161 1063//1474 809//1131
f 3312//4672 5052//7265 3289//4638
f 3289//4638 3268//4605 3312//4672
f 5917//8545 5919//8547 5918//8546
f 5920//8548 5921//8549 5922//8550
f 4189//5953 5923//8551 5926//8554
f 4189//5953 5926//8554 6009//8652
f 4189//5953 6009//8652 5923//8551
f 2139//2924 2366//3257 2354//3241
f 2355//3243 2281//3135 2356//3244
f 3668//5221 5924//8552 3607//5130
f 5925//8553 4289//6097 4210//5982
f 4250//6038 4210//5983 4289//6098
f 4250//6039 6013//8656 4210//5982
f 2370//3261 2281//3135 2384//3281
f 2370//3261 2369//3260 2281//3135
f 1490//2059 2693//3734 833//1163
f 5895//8521 5633//8140 4530//6459
f 4530//6459 5633//8140 5929//8557
f 3607//5130 5927//8555 5051//7262
f 2847//3962 2693//3734 1490//2059
f 4532//6461 4530//6459 5929//8558
f 4532//6461 5929//8558 6015//8659
f 4532//6461 6015//8659 4530//6459
f 2281//3135 2366//3257 2139//2924
f 5931//8560 4784//6851 4851//6965
f 4831//6933 4851//6966 4784//6852
f 4831//6934 6008//8650 4851//6965
f 5934//8563 1321//1811 1063//1474
f 5930//8559 1321//1811 5934//8563
f 4929//7086 5932//8561 4991//7172
f 4929//7086 4878//7005 5932//8561
f 4929//7086 4991//7172 4878//7005
f 5933//8562 4878//7005 4991//7172
f 1404//1932 5930//8559 833//1163
f 5935//8564 1527//2119 833//1163
f 1601//2220 5935//8564 833//1163
f 1542//2140 1601//2220 833//1163
f 2229//3050 2452//3385 5936//8565
f 5937//8566 4906//7047 5051//7261
f 4992//7174 5051//7263 4906//7048
f 4962//7133 4907//7050 5052//7264
f 5938//8567 5052//7264 4907//7050
f 2693//3734 2643//3662 1697//2339
f 5602//8095 5633//8140 5895//8521
f 4331//6165 5947//8577 5915//8543
f 5941//8571 4610//6581 4609//6579
f 4643//6633 4609//6579 4610//6581
f 4741//6781 5928//8556 4783//6849
f 4830//6932 4783//6849 5928//8556
f 5614//8113 5621//8124 5607//8103
f 4643//6634 4700//6716 4609//6580
f 4331//6165 4407//6278 5947//8577
f 2281//3135 2140//2926 5936//8565
f 3135//4416 3185//4485 3076//4325
f 3235//4555 3308//4668 3185//4485
f 4741//6782 4783//6850 4700//6716
f 5936//8565 2247//3080 2229//3050
f 3185//4484 3308//4667 5942//8572
f 2370//3261 2384//3281 2369//3260
f 4538//6469 4517//6439 5984//8623
f 4195//5960 4173//5930 4236//6018
f 3790//5399 3766//5363 3833//5463
f 3646//5188 3465//4910 3668//5221
f 2368//3259 2369//3260 2367//3258
f 2355//3243 2356//3244 2366//3257
f 4724//6755 4700//6715 4783//6849
f 4609//6579 4700//6715 4724//6755
f 4188//5952 5947//8577 4407//6278
f 3376//4775 3185//4484 5942//8572
f 3076//4324 3185//4484 3376//4775
f 5890//8516 1527//2119 1404//1932
f 2384//3281 2690//3728 2369//3260
f 4517//6439 4083//5803 5984//8623
f 4173//5930 4083//5803 4236//6018
f 3766//5363 3669//5223 3833//5463
f 3465//4910 3669//5223 3668//5221
f 2369//3260 2690//3728 2367//3258
f 5607//8103 5621//8124 5602//8095
f 4448//6337 4609//6579 4724//6755
f 4724//6755 4407//6278 4448//6337
f 4188//5952 4407//6278 4724//6755
f 1404//1932 1527//2119 5930//8559
f 1601//2220 1527//2119 5935//8564
f 4724//6755 4783//6849 5946//8576
f 5978//8614 3076//4324 3376//4775
f 3376//4775 5942//8572 3398//4810
f 2229//3050 2247//3080 2643//3662
f 814//1139 5934//8563 812//1136
f 2366//3257 2690//3728 2354//3241
f 2356//3244 2690//3728 2366//3257
f 2367//3258 2690//3728 2356//3244
f 2935//4101 2690//3728 2384//3281
f 5948//8578 4083//5803 4173//5930
f 3669//5223 4083//5803 5948//8578
f 3833//5463 3669//5223 5948//8578
f 2354//3241 3289//4638 5912//8539
f 2139//2924 2140//2926 2281//3135
f 3398//4810 4188//5952 4724//6755
f 5602//8095 5946//8576 5607//8103
f 2247//3080 1697//2339 2643//3662
f 2693//3734 1697//2339 1601//2221
f 5949//8579 2351//3237 2263//3103
f 5934//8563 831//1161 812//1136
f 2847//3962 1490//2059 1550//2152
f 2300//3165 2351//3237 5950//8580
f 2300//3165 2263//3103 2351//3237
f 5505//7972 5727//8265 5952//8582
f 5505//7972 5951//8581 4681//6688
f 2300//3165 5953//8583 2263//3103
f 4724//6755 5946//8576 5602//8095
f 5936//8565 2264//3104 2247//3080
f 3376//4775 3398//4810 4724//6755
f 1542//2140 2693//3734 1601//2220
f 1527//2119 1321//1811 5930//8559
f 2140//2926 2264//3104 5936//8565
f 5505//7972 4681//6688 5727//8265
f 5959//8590 812//1136 831//1161
f 813//1137 814//1139 812//1136
f 800//1118 5955//8585 814//1139
f 813//1137 800//1118 814//1139
f 2264//3104 5960//8591 2247//3080
f 5506//7973 5727//8265 4681//6688
f 5506//7973 4681//6688 4708//6731
f 5954//8584 4708//6731 4681//6688
f 813//1138 812//1136 800//1119
f 5506//7974 4708//6732 5727//8266
f 814//1139 777//1084 5934//8563
f 777//1085 1491//2061 1490//2060
f 5956//8586 800//1118 812//1136
f 5957//8587 5727//8265 4708//6731
f 777//1084 814//1139 5955//8585
f 777//1084 1490//2059 5934//8563
f 777//1086 1434//1977 1491//2062
f 2252//3087 1550//2152 2118//2892
f 2847//3962 1550//2152 2252//3087
f 2118//2892 1550//2152 1544//2143
f 2847//3962 2252//3087 2286//3143
f 2140//2926 5960//8591 2264//3104
f 3268//4605 3669//5223 3465//4910
f 5959//8590 831//1161 809//1131
f 1544//2143 1550//2152 1490//2059
f 2252//3087 2118//2892 5958//8588
f 1544//2144 1490//2060 5964//8595
f 5960//8591 2186//2990 2247//3080
f 2247//3080 2186//2990 1697//2339
f 2690//3729 2406//3316 2354//3242
f 4083//5804 4355//6201 5984//8623
f 1445//1995 5969//8605 1491//2063
f 1434//1978 1445//1995 1491//2063
f 815//1140 777//1084 779//1088
f 5912//8539 5966//8600 2139//2924
f 815//1140 1434//1978 777//1084
f 815//1140 1435//1980 1434//1979
f 815//1140 1457//2014 1435//1980
f 779//1088 1457//2014 815//1140
f 1434//1978 1435//1980 1445//1995
f 5958//8588 2118//2892 1544//2143
f 742//1034 777//1084 5955//8585
f 2529//3495 3289//4638 2354//3241
f 2406//3316 2529//3495 2354//3241
f 1697//2339 1527//2120 1601//2221
f 2140//2926 2186//2990 5960//8591
f 5967//8603 2252//3087 5958//8588
f 2286//3143 2252//3087 5967//8603
f 1446//1997 1435//1980 1457//2014
f 1446//1997 1445//1995 1435//1980
f 2216//3031 5967//8603 5958//8588
f 5961//8592 1445//1995 1457//2014
f 1446//1998 1457//2015 1445//1996
f 2240//3068 5962//8593 2299//3163
f 5986//8625 5958//8588 1544//2143
f 2216//3032 5958//8589 5986//8625
f 2240//3068 2210//3023 5963//8594
f 776//1083 5955//8585 5959//8590
f 2240//3069 2299//3164 2210//3024
f 749//1045 5959//8590 809//1131
f 776//1083 5959//8590 749//1045
f 2216//3031 5986//8625 5967//8603
f 2258//3095 2210//3023 2299//3163
f 2258//3095 5966//8600 2210//3023
f 2258//3095 2299//3163 5965//8599
f 776//1083 749//1045 5955//8585
f 777//1084 772//1078 779//1088
f 1527//2119 1697//2339 1321//1811
f 1482//2049 5968//8604 1457//2014
f 1052//1457 1482//2049 1457//2014
f 1052//1457 1457//2014 779//1088
f 1052//1457 779//1088 818//1144
f 772//1078 818//1144 779//1088
f 3669//5224 3914//5571 4083//5804
f 818//1144 772//1078 802//1121
f 1052//1457 1483//2050 1482//2049
f 2186//2990 1975//2699 1697//2340
f 1052//1457 802//1121 1483//2050
f 1052//1457 818//1144 802//1121
f 1482//2049 5971//8607 5968//8604
f 3268//4607 3445//4878 3669//5224
f 4318//6146 4355//6201 4083//5804
f 2890//4032 3268//4606 3289//4639
f 2750//3821 2890//4032 3289//4638
f 2711//3763 2750//3821 3289//4639
f 2529//3496 2711//3763 3289//4639
f 2406//3316 2468//3407 2529//3496
f 2935//4102 2801//3900 2690//3728
f 2286//3143 5967//8603 5986//8625
f 1482//2049 1483//2050 5971//8607
f 1132//1563 1483//2050 802//1121
f 1132//1563 802//1121 772//1078
f 742//1034 772//1078 777//1084
f 5984//8623 4557//6497 4769//6824
f 1132//1563 5970//8606 1483//2050
f 2110//2880 1975//2699 2186//2990
f 2186//2990 2140//2926 2110//2880
f 2847//3963 3203//4511 2935//4102
f 4992//7173 4906//7047 4907//7050
f 4831//6934 4784//6851 6008//8650
f 5972//8608 5973//8609 5974//8610
f 4250//6039 4289//6097 6013//8656
f 1132//1563 772//1078 803//1122
f 1132//1563 1502//2083 5975//8611
f 1132//1563 803//1122 1502//2083
f 2750//3822 2861//3987 2890//4033
f 4355//6201 4557//6497 5984//8623
f 3914//5571 4103//5833 4083//5804
f 2801//3900 2630//3643 2690//3729
f 2310//3178 2286//3144 5986//8626
f 5939//8569 843//1176 827//1156
f 5987//8627 2286//3143 2310//3179
f 2202//3010 2239//3066 5976//8612
f 2202//3011 5977//8613 2239//3067
f 2333//3211 6198//8847 5978//8615
f 2181//2983 5979//8618 2239//3067
f 2181//2983 2239//3067 5980//8619
f 742//1034 699//981 772//1078
f 5769//8331 5895//8521 5760//8316
f 2890//4032 3193//4495 3268//4607
f 3445//4878 3651//5196 3669//5224
f 1491//2061 5964//8595 1490//2060
f 6038//8683 1502//2083 1419//1957
f 1502//2083 803//1122 804//1123
f 1325//1817 1502//2083 804//1123
f 1419//1957 1502//2083 1325//1817
f 5981//8620 803//1122 789//1102
f 772//1078 789//1102 803//1122
f 804//1123 803//1122 5982//8621
f 772//1078 699//981 789//1102
f 672//946 809//1132 5939//8569
f 749//1045 809//1132 672//946
f 5955//8585 749//1045 672//946
f 790//1104 789//1102 699//981
f 4769//6824 4557//6497 4664//6663
f 790//1105 791//1106 789//1103
f 5983//8622 789//1102 791//1107
f 5984//8623 4769//6824 4857//6974
f 6016//8660 2310//3178 5986//8626
f 5986//8625 1544//2144 5994//8636
f 790//1104 699//981 791//1107
f 2140//2927 2139//2925 1975//2699
f 1419//1957 1325//1817 5998//8640
f 2182//2984 2137//2921 5988//8630
f 1307//1790 1325//1817 804//1123
f 6027//8672 5987//8628 2310//3180
f 5596//8087 5989//8631 4857//6974
f 5001//7186 4857//6974 4769//6825
f 1325//1817 1307//1790 5998//8640
f 2182//2984 5990//8632 2137//2921
f 5596//8087 4857//6975 5760//8317
f 5596//8088 5760//8317 5985//8624
f 4318//6146 4356//6202 4355//6201
f 3193//4495 3215//4527 3268//4607
f 5995//8637 2861//3987 2946//4120
f 5995//8637 2890//4032 2861//3988
f 5995//8637 2998//4211 2890//4032
f 2750//3823 2785//3874 2861//3988
f 2711//3763 2709//3760 2750//3823
f 4614//6586 4557//6498 4599//6564
f 4664//6663 4557//6498 4614//6586
f 3445//4878 3592//5104 3651//5196
f 4318//6146 4083//5804 4259//6051
f 2468//3407 2473//3413 2529//3496
f 2406//3316 2483//3428 2468//3407
f 3669//5224 3651//5196 3687//5252
f 2690//3729 2494//3444 2406//3316
f 2630//3643 2509//3466 2690//3729
f 4557//6498 4355//6201 4520//6443
f 2801//3900 2682//3718 2630//3643
f 3914//5571 3995//5680 4103//5833
f 3268//4607 3468//4914 3445//4878
f 2711//3763 2529//3496 2598//3591
f 4083//5804 4103//5833 4158//5910
f 3914//5571 3669//5224 3793//5403
f 2160//2957 2137//2921 5991//8633
f 2160//2957 5992//8634 2137//2921
f 5769//8331 5760//8316 5997//8639
f 4630//6611 4664//6663 4614//6586
f 5993//8635 5760//8316 4857//6974
f 5837//8434 5769//8331 5997//8639
f 6027//8672 2310//3180 2373//3267
f 721//1011 1307//1790 804//1123
f 3203//4511 3002//4218 2935//4102
f 4632//6614 4664//6663 4630//6611
f 4649//6641 4664//6663 4632//6614
f 1975//2699 1897//2589 1697//2340
f 5834//8431 5769//8331 5837//8434
f 5978//8614 2420//3340 2333//3212
f 672//946 742//1034 5955//8585
f 2901//4049 2902//4050 2935//4102
f 2878//4012 2875//4008 2935//4102
f 2801//3900 2935//4102 2875//4008
f 2902//4050 2899//4047 2935//4102
f 2899//4047 2878//4012 2935//4102
f 5994//8636 1544//2144 6487//9185
f 804//1123 699//981 721//1011
f 2931//4096 2929//4093 2901//4049
f 2935//4102 2954//4131 2901//4049
f 2929//4093 2902//4050 2901//4049
f 2954//4132 2931//4096 2901//4049
f 2801//3900 2843//3957 2840//3953
f 2801//3900 2875//4008 2843//3957
f 2690//3729 2507//3463 2505//3460
f 2630//3643 2567//3543 2565//3540
f 2801//3900 2685//3722 2682//3718
f 2630//3643 2569//3546 2567//3543
f 2801//3900 2724//3784 2685//3722
f 2630//3643 2682//3718 2635//3650
f 2690//3729 2505//3460 2503//3457
f 2690//3729 2503//3457 2501//3454
f 2801//3900 2767//3849 2765//3846
f 2801//3900 2799//3897 2767//3849
f 2690//3729 2509//3466 2507//3463
f 2630//3643 2635//3650 2633//3647
f 2468//3407 2481//3425 2479//3422
f 2468//3407 2479//3422 2477//3419
f 2468//3407 2477//3419 2475//3416
f 2468//3407 2475//3416 2473//3413
f 2529//3496 2541//3513 2539//3510
f 2529//3496 2539//3510 2537//3507
f 2711//3763 2598//3591 2596//3588
f 2711//3763 2596//3588 2593//3584
f 4557//6498 4580//6535 4599//6564
f 4557//6498 4558//6499 4580//6535
f 4557//6498 4541//6473 4558//6499
f 4557//6498 4520//6443 4541//6473
f 2468//3407 2483//3428 2481//3425
f 2690//3729 2501//3454 2499//3451
f 4103//5833 4123//5862 4141//5887
f 4355//6201 4470//6368 4486//6391
f 4355//6201 4454//6344 4470//6368
f 4355//6201 4437//6320 4454//6344
f 4355//6201 4373//6229 4395//6260
f 4355//6201 4356//6202 4373//6229
f 4083//5804 4239//6022 4259//6051
f 4083//5804 4218//5994 4239//6022
f 4103//5833 4141//5887 4158//5910
f 3193//4495 3217//4531 3215//4527
f 2711//3763 2593//3584 2664//3689
f 2711//3763 2664//3689 2662//3686
f 2750//3823 2709//3760 2751//3824
f 2750//3823 2751//3824 2748//3818
f 2861//3987 2785//3874 2831//3940
f 2861//3988 2831//3940 2829//3937
f 2890//4032 2998//4211 2996//4207
f 3268//4607 3292//4643 3313//4673
f 2890//4032 2996//4207 3025//4253
f 2890//4032 3025//4253 3058//4297
f 2890//4032 3058//4297 3085//4338
f 2890//4032 3141//4424 3165//4458
f 2890//4032 3165//4458 3193//4495
f 3193//4495 3191//4492 3217//4531
f 3914//5571 3835//5466 3858//5497
f 4103//5833 4016//5712 4033//5735
f 4103//5833 3995//5680 4016//5712
f 3445//4878 3510//4978 3531//5011
f 3268//4607 3269//4608 3292//4643
f 3914//5571 3876//5521 3893//5544
f 3914//5571 3858//5497 3876//5521
f 3445//4878 3531//5011 3554//5047
f 3651//5196 3610//5135 3628//5160
f 3651//5196 3592//5104 3610//5135
f 4103//5833 4085//5806 4104//5834
f 3914//5571 3915//5572 3934//5598
f 3651//5196 3649//5193 3672//5228
f 3268//4607 3407//4823 3427//4851
f 3268//4607 3382//4783 3407//4823
f 3268//4607 3363//4754 3382//4783
f 3914//5571 3893//5544 3915//5572
f 4103//5833 4104//5834 4123//5862
f 3651//5196 3672//5228 3687//5252
f 2861//3988 2921//4080 2946//4120
f 2861//3988 6000//8642 2921//4080
f 6020//8665 1419//1957 5998//8640
f 2406//3316 2492//3441 2489//3437
f 2406//3316 2494//3444 2492//3441
f 2801//3900 2840//3953 2802//3901
f 2801//3900 2802//3901 2799//3897
f 2801//3900 2765//3846 2729//3791
f 2801//3900 2729//3791 2727//3788
f 2801//3900 2727//3788 2724//3784
f 3669//5224 3769//5367 3793//5403
f 2890//4032 3112//4377 3141//4424
f 2630//3643 2565//3540 2563//3537
f 2630//3643 2563//3537 2509//3466
f 3268//4607 3215//4527 3245//4570
f 3669//5224 3745//5331 3769//5367
f 4355//6201 4503//6418 4520//6443
f 4355//6201 4486//6391 4503//6418
f 4355//6201 4418//6292 4437//6320
f 2690//3729 2499//3451 2497//3448
f 2690//3729 2497//3448 2494//3444
f 4355//6201 4395//6260 4418//6292
f 4318//6146 4338//6175 4356//6202
f 2406//3316 2489//3437 2487//3434
f 2406//3316 2487//3434 2485//3431
f 2406//3316 2485//3431 2483//3428
f 4318//6146 4320//6148 4338//6175
f 4318//6146 4298//6114 4320//6148
f 4318//6146 4277//6080 4298//6114
f 4318//6146 4259//6051 4277//6080
f 4083//5804 4198//5964 4218//5994
f 4083//5804 4176//5934 4198//5964
f 4083//5804 4158//5910 4176//5934
f 2529//3496 2473//3413 2470//3409
f 2529//3496 2470//3409 2541//3513
f 3914//5571 3975//5653 3995//5680
f 3914//5571 3956//5628 3975//5653
f 3914//5571 3934//5598 3956//5628
f 3914//5571 3813//5433 3835//5466
f 3914//5571 3793//5403 3813//5433
f 2890//4032 3085//4338 3112//4377
f 3268//4607 3271//4610 3269//4608
f 3445//4878 3468//4914 3487//4944
f 2861//3988 2829//3937 2865//3993
f 3669//5224 3724//5302 3745//5331
f 3669//5224 3706//5278 3724//5302
f 3669//5224 3687//5252 3706//5278
f 3268//4607 3245//4570 3271//4610
f 2711//3763 2662//3686 2659//3682
f 2711//3763 2659//3682 2712//3764
f 2711//3763 2712//3764 2709//3760
f 3445//4878 3574//5079 3592//5104
f 3445//4878 3554//5047 3574//5079
f 2750//3823 2748//3818 2787//3877
f 2750//3823 2787//3877 2785//3874
f 3445//4878 3487//4944 3510//4978
f 3268//4607 3447//4880 3468//4914
f 2861//3988 2865//3993 2863//3990
f 2861//3988 2863//3990 6000//8642
f 3268//4607 3340//4716 3338//4713
f 3268//4607 3313//4673 3340//4716
f 5995//8637 2946//4120 2970//4162
f 3268//4607 3427//4851 3447//4880
f 3268//4607 3338//4713 3363//4754
f 4103//5833 4033//5735 4053//5763
f 4103//5833 4053//5763 4067//5782
f 4103//5833 4067//5782 4085//5806
f 2630//3643 2633//3647 2631//3644
f 2529//3496 2535//3504 2600//3594
f 2529//3496 2537//3507 2535//3504
f 2529//3496 2600//3594 2598//3591
f 2630//3643 2631//3644 2628//3641
f 2630//3643 2628//3641 2569//3546
f 5603//8097 5996//8638 4884//7015
f 4665//6664 4664//6663 4649//6641
f 4666//6665 4664//6663 4665//6664
f 3002//4218 3000//4214 2935//4102
f 1697//2340 1339//1834 1321//1812
f 1697//2339 1637//2268 1452//2005
f 2140//2926 1975//2700 2110//2880
f 2218//3034 6230//8885 5994//8636
f 5603//8097 4884//7015 5999//8641
f 2789//3880 2748//3818 2751//3824
f 2752//3825 2791//3882 2751//3824
f 4357//6203 4338//6175 4341//6179
f 2789//3880 2751//3824 2791//3882
f 2752//3825 2709//3760 2792//3884
f 2752//3825 2751//3824 2709//3760
f 2754//3828 2792//3884 2709//3760
f 2833//3943 2785//3874 2871//4001
f 2754//3828 2712//3764 2793//3886
f 2754//3828 2709//3760 2712//3764
f 2755//3829 2793//3887 2712//3765
f 4357//6203 4359//6206 4356//6202
f 2755//3830 2712//3764 2756//3831
f 2714//3768 2756//3831 2712//3764
f 4375//6232 4373//6229 4356//6202
f 4375//6232 4356//6202 4359//6206
f 2714//3768 2712//3764 2659//3682
f 4396//6261 4395//6260 4373//6229
f 2715//3769 2662//3686 2758//3835
f 2715//3769 2659//3682 2662//3686
f 2716//3770 2758//3835 2662//3686
f 4396//6261 4399//6265 4395//6260
f 4398//6264 4418//6292 4395//6260
f 2716//3770 2662//3686 2664//3689
f 4398//6264 4395//6260 4399//6265
f 4420//6295 4437//6320 4418//6292
f 2666//3692 2593//3584 2718//3773
f 2666//3692 2664//3689 2593//3584
f 2667//3693 2718//3773 2593//3584
f 4420//6295 4439//6322 4437//6320
f 2667//3693 2596//3588 2719//3775
f 2667//3693 2593//3584 2596//3588
f 2668//3694 2719//3775 2596//3588
f 2833//3943 2870//3999 2831//3940
f 4438//6321 4454//6344 4437//6320
f 2668//3694 2596//3588 2598//3591
f 2869//3998 2829//3937 2831//3940
f 2601//3595 2600//3594 2670//3697
f 2601//3595 2598//3591 2600//3594
f 2602//3596 2670//3697 2600//3594
f 4438//6321 4437//6320 4439//6322
f 2602//3596 2535//3504 2671//3699
f 2602//3596 2600//3594 2535//3504
f 2603//3597 2671//3699 2535//3504
f 4438//6321 4440//6324 4454//6344
f 2603//3597 2537//3507 2672//3701
f 2603//3597 2535//3504 2537//3507
f 2604//3598 2672//3701 2537//3507
f 4456//6347 4470//6368 4454//6344
f 2604//3598 2539//3510 2673//3703
f 2604//3598 2537//3507 2539//3510
f 2542//3514 2673//3703 2539//3510
f 2869//3998 2831//3940 2870//3999
f 2542//3514 2541//3513 2605//3599
f 2542//3514 2539//3510 2541//3513
f 2544//3517 2605//3599 2541//3513
f 2868//3997 2865//3993 2829//3937
f 4456//6347 4454//6344 4440//6324
f 2544//3517 2541//3513 2470//3409
f 4456//6347 4457//6348 4470//6368
f 2545//3518 2473//3413 2607//3603
f 2545//3518 2470//3409 2473//3413
f 2546//3519 2607//3603 2473//3413
f 2834//3944 2785//3874 2787//3877
f 4125//5865 4126//5866 4123//5862
f 2547//3520 2608//3605 2475//3416
f 4472//6371 4486//6391 4470//6368
f 4472//6371 4470//6368 4457//6348
f 2547//3520 2475//3416 2477//3419
f 4472//6371 4473//6372 4486//6391
f 4488//6394 4503//6418 4486//6391
f 2548//3521 2479//3422 2609//3607
f 2548//3521 2477//3419 2479//3422
f 2549//3522 2609//3607 2479//3422
f 2868//3997 2895//4039 2865//3993
f 2549//3522 2481//3425 2610//3609
f 2549//3522 2479//3422 2481//3425
f 2550//3523 2610//3609 2481//3425
f 2866//3994 2863//3990 2865//3993
f 4488//6394 4486//6391 4473//6372
f 2550//3523 2481//3425 2483//3428
f 2866//3994 2865//3993 2895//4039
f 2551//3524 2485//3431 2612//3613
f 2551//3524 2483//3428 2485//3431
f 2552//3525 2612//3613 2485//3431
f 2866//3994 2924//4085 2863//3990
f 2552//3525 2487//3434 2613//3615
f 2552//3525 2485//3431 2487//3434
f 2490//3438 2613//3615 2487//3434
f 2490//3438 2489//3437 2553//3526
f 2490//3438 2487//3434 2489//3437
f 2554//3528 2553//3526 2489//3437
f 2894//4038 6000//8642 2863//3990
f 2554//3528 2492//3441 2614//3617
f 2554//3528 2489//3437 2492//3441
f 2495//3445 2614//3617 2492//3441
f 4505//6421 4520//6443 4503//6418
f 2495//3445 2494//3444 2615//3619
f 2495//3445 2492//3441 2494//3444
f 2555//3529 2615//3619 2494//3444
f 4505//6421 4506//6422 4520//6443
f 2555//3529 2497//3448 2616//3621
f 2555//3529 2494//3444 2497//3448
f 2556//3530 2616//3621 2497//3448
f 4522//6446 4541//6473 4520//6443
f 2894//4038 2863//3990 2924//4085
f 2556//3530 2497//3448 2499//3451
f 4357//6203 4356//6202 4338//6175
f 2557//3531 2501//3454 2618//3625
f 2557//3531 2499//3451 2501//3454
f 2558//3532 2618//3625 2501//3454
f 2558//3532 2503//3457 2619//3627
f 2558//3532 2501//3454 2503//3457
f 2559//3533 2619//3627 2503//3457
f 2559//3533 2505//3460 2620//3629
f 2559//3533 2503//3457 2505//3460
f 2560//3534 2620//3629 2505//3460
f 2560//3534 2507//3463 2621//3631
f 2560//3534 2505//3460 2507//3463
f 2561//3535 2621//3631 2507//3463
f 4522//6446 4520//6443 4506//6422
f 2561//3535 2509//3466 2622//3633
f 2561//3535 2507//3463 2509//3466
f 2562//3536 2622//3633 2509//3466
f 2562//3536 2563//3537 2623//3635
f 2562//3536 2509//3466 2563//3537
f 2624//3637 2623//3635 2563//3537
f 2624//3637 2565//3540 2674//3705
f 2624//3637 2563//3537 2565//3540
f 2625//3638 2674//3705 2565//3540
f 4560//6502 4562//6504 4558//6499
f 2625//3638 2567//3543 2675//3707
f 2625//3638 2565//3540 2567//3543
f 2626//3639 2675//3707 2567//3543
f 4561//6503 4580//6535 4558//6499
f 2626//3639 2569//3546 2676//3709
f 2626//3639 2567//3543 2569//3546
f 2627//3640 2676//3709 2569//3546
f 4561//6503 4558//6499 4562//6504
f 2627//3640 2628//3641 2677//3711
f 2627//3640 2569//3546 2628//3641
f 2629//3642 2677//3711 2628//3641
f 2629//3642 2631//3644 2678//3713
f 2629//3642 2628//3641 2631//3644
f 2679//3715 2678//3713 2631//3644
f 4582//6538 4599//6564 4580//6535
f 2679//3715 2633//3647 2720//3777
f 2679//3715 2631//3644 2633//3647
f 2680//3716 2720//3777 2633//3647
f 2680//3716 2635//3650 2721//3779
f 2680//3716 2633//3647 2635//3650
f 2681//3717 2721//3779 2635//3650
f 2681//3717 2682//3718 2722//3781
f 2681//3717 2635//3650 2682//3718
f 2683//3719 2722//3781 2682//3718
f 2949//4124 2921//4080 6000//8642
f 2723//3783 2685//3722 2760//3839
f 2723//3783 2682//3718 2685//3722
f 2725//3785 2760//3839 2685//3722
f 2725//3785 2685//3722 2724//3784
f 4339//6176 4341//6179 4338//6175
f 2949//4124 2974//4168 2921//4080
f 2789//3880 2835//3945 2748//3818
f 2762//3843 2724//3784 2727//3788
f 2764//3845 2794//3889 2727//3788
f 2948//4123 2946//4120 2921//4080
f 2790//3881 2787//3877 2748//3818
f 2764//3845 2727//3788 2729//3791
f 2763//3844 2795//3891 2729//3791
f 2948//4123 2921//4080 2974//4168
f 2763//3844 2765//3846 2797//3894
f 2763//3844 2729//3791 2765//3846
f 2796//3893 2797//3894 2765//3846
f 4339//6176 4320//6148 4323//6152
f 2796//3893 2767//3849 2836//3947
f 2796//3893 2765//3846 2767//3849
f 2798//3896 2836//3947 2767//3849
f 2790//3881 2748//3818 2835//3945
f 2790//3881 2835//3945 2787//3877
f 2798//3896 2767//3849 2799//3897
f 2838//3951 2837//3949 2799//3897
f 2972//4165 2970//4162 2946//4120
f 2834//3944 2787//3877 2835//3945
f 2838//3951 2799//3897 2802//3901
f 2839//3952 2872//4003 2802//3901
f 2839//3952 2840//3953 2873//4005
f 2839//3952 2802//3901 2840//3953
f 2841//3954 2873//4005 2840//3953
f 2972//4165 2946//4120 2973//4166
f 2841//3954 2843//3957 2897//4043
f 2841//3954 2840//3953 2843//3957
f 2874//4007 2897//4043 2843//3957
f 2972//4165 2999//4212 2970//4162
f 2874//4007 2875//4008 2898//4045
f 2874//4007 2843//3957 2875//4008
f 2876//4009 2898//4045 2875//4008
f 6001//8643 2970//4162 2999//4212
f 2876//4009 2875//4008 2878//4012
f 3028//4257 2996//4207 2998//4211
f 4339//6176 4338//6175 4320//6148
f 3028//4257 3062//4304 2996//4207
f 3027//4256 3025//4253 2996//4207
f 3027//4256 2996//4207 3062//4304
f 4322//6151 4323//6152 4320//6148
f 3027//4256 3061//4302 3025//4253
f 3060//4301 3058//4297 3025//4253
f 2833//3943 2831//3940 2785//3874
f 3060//4301 3025//4253 3061//4302
f 4322//6151 4320//6148 4298//6114
f 3060//4301 3089//4344 3058//4297
f 3088//4342 3058//4297 3089//4344
f 3088//4343 3116//4383 3058//4298
f 3087//4341 3085//4338 3058//4297
f 3087//4341 3058//4297 3116//4384
f 4300//6117 4277//6080 4280//6084
f 3087//4341 3115//4381 3085//4338
f 3114//4380 3112//4377 3085//4338
f 3114//4380 3085//4338 3115//4381
f 3114//4380 3145//4429 3112//4377
f 3144//4428 3141//4424 3112//4377
f 3144//4428 3112//4377 3145//4429
f 3144//4428 3168//4462 3141//4424
f 3143//4427 3141//4424 3168//4462
f 3143//4427 3196//4499 3141//4424
f 3167//4461 3165//4458 3141//4424
f 3167//4461 3141//4424 3196//4499
f 3167//4461 3195//4497 3165//4458
f 3194//4496 3191//4492 3193//4495
f 3194//4496 3193//4495 3165//4458
f 3194//4496 3165//4458 3195//4497
f 3194//4496 3219//4533 3191//4492
f 3218//4532 3217//4531 3191//4492
f 3218//4532 3191//4492 3219//4533
f 3218//4532 3249//4575 3217//4531
f 3248//4574 3215//4527 3217//4531
f 3248//4574 3217//4531 3249//4575
f 3248//4574 3274//4614 3215//4527
f 3247//4573 3245//4570 3215//4527
f 3247//4573 3215//4527 3274//4614
f 3247//4573 3274//4614 3245//4570
f 3273//4613 3271//4610 3245//4570
f 3273//4613 3245//4570 3274//4614
f 3294//4646 3292//4643 3269//4608
f 3294//4646 3269//4608 3271//4610
f 3294//4646 3316//4677 3292//4643
f 3315//4676 3313//4673 3292//4643
f 3315//4676 3292//4643 3316//4677
f 3315//4676 3343//4719 3313//4673
f 3342//4718 3340//4716 3313//4673
f 3342//4718 3313//4673 3343//4719
f 4300//6117 4298//6114 4277//6080
f 3342//4718 3366//4758 3340//4716
f 3341//4717 3338//4713 3340//4716
f 3341//4717 3340//4716 3366//4758
f 4279//6083 4280//6084 4277//6080
f 3341//4717 3366//4758 3338//4713
f 3365//4757 3363//4754 3338//4713
f 3365//4757 3338//4713 3366//4758
f 4279//6083 4259//6051 4262//6055
f 3365//4757 3385//4787 3363//4754
f 3384//4786 3382//4783 3363//4754
f 3384//4786 3363//4754 3385//4787
f 3384//4786 3410//4827 3382//4783
f 3409//4826 3407//4823 3382//4783
f 3409//4826 3382//4783 3410//4827
f 4279//6083 4277//6080 4259//6051
f 3409//4826 3430//4855 3407//4823
f 3429//4854 3427//4851 3407//4823
f 3429//4854 3407//4823 3430//4855
f 3429//4854 3450//4884 3427//4851
f 3449//4883 3447//4880 3427//4851
f 3449//4883 3427//4851 3450//4884
f 3470//4917 3468//4914 3447//4880
f 4260//6052 4262//6055 4259//6051
f 3470//4917 3492//4951 3468//4914
f 3490//4948 3487//4944 3468//4914
f 3490//4948 3468//4914 3492//4951
f 3490//4948 3491//4949 3487//4944
f 3488//4945 3510//4978 3487//4944
f 3488//4945 3487//4944 3491//4949
f 4260//6052 4239//6022 4242//6026
f 4260//6052 4259//6051 4239//6022
f 3512//4981 3533//5013 3510//4978
f 3532//5012 3531//5011 3510//4978
f 3532//5012 3510//4978 3533//5013
f 3532//5012 3557//5051 3531//5011
f 3556//5050 3554//5047 3531//5011
f 3556//5050 3576//5081 3554//5047
f 3575//5080 3574//5079 3554//5047
f 3575//5080 3554//5047 3576//5081
f 3594//5107 3592//5104 3574//5079
f 3594//5107 3613//5139 3592//5104
f 3612//5138 3610//5135 3592//5104
f 3612//5138 3592//5104 3613//5139
f 3612//5138 3631//5164 3610//5135
f 3630//5163 3628//5160 3610//5135
f 3630//5163 3610//5135 3631//5164
f 3630//5163 3653//5198 3628//5160
f 3652//5197 3649//5193 3651//5196
f 3652//5197 3651//5196 3628//5160
f 3652//5197 3628//5160 3653//5198
f 3652//5197 3675//5232 3649//5193
f 3674//5231 3672//5228 3649//5193
f 3674//5231 3649//5193 3675//5232
f 3674//5231 3690//5256 3672//5228
f 3689//5255 3687//5252 3672//5228
f 3689//5255 3672//5228 3690//5256
f 3689//5255 3709//5282 3687//5252
f 3708//5281 3706//5278 3687//5252
f 3708//5281 3687//5252 3709//5282
f 3708//5281 3727//5307 3706//5278
f 3726//5306 3724//5302 3706//5278
f 3726//5306 3706//5278 3727//5307
f 4241//6025 4242//6026 4239//6022
f 2762//3843 2727//3788 2794//3889
f 3747//5334 3745//5331 3724//5302
f 4241//6025 4239//6022 4218//5994
f 3747//5334 3748//5336 3745//5331
f 3771//5370 3769//5367 3745//5331
f 3771//5370 3745//5331 3748//5336
f 3795//5406 3793//5403 3769//5367
f 4200//5967 4176//5934 4179//5938
f 3795//5406 3796//5407 3793//5403
f 3815//5436 3813//5433 3793//5403
f 3815//5436 3793//5403 3796//5407
f 3815//5436 3816//5437 3813//5433
f 3838//5470 3835//5466 3813//5433
f 3838//5470 3813//5433 3816//5437
f 3838//5470 3839//5471 3835//5466
f 3860//5500 3858//5497 3835//5466
f 3860//5500 3835//5466 3839//5471
f 3878//5524 3876//5521 3858//5497
f 4200//5967 4198//5964 4176//5934
f 3878//5524 3879//5525 3876//5521
f 3895//5547 3893//5544 3876//5521
f 3895//5547 3876//5521 3879//5525
f 4178//5937 4179//5938 4176//5934
f 3895//5547 3896//5548 3893//5544
f 3917//5575 3915//5572 3893//5544
f 3917//5575 3893//5544 3896//5548
f 2764//3845 2729//3791 2795//3891
f 3917//5575 3918//5576 3915//5572
f 3936//5601 3934//5598 3915//5572
f 3936//5601 3915//5572 3918//5576
f 3936//5601 3937//5602 3934//5598
f 3958//5631 3956//5628 3934//5598
f 3958//5631 3934//5598 3937//5602
f 2798//3896 2799//3897 2837//3949
f 3958//5631 3959//5632 3956//5628
f 3977//5656 3975//5653 3956//5628
f 3977//5656 3956//5628 3959//5632
f 4178//5937 4158//5910 4161//5914
f 3977//5656 3978//5657 3975//5653
f 3997//5683 3995//5680 3975//5653
f 3997//5683 3975//5653 3978//5657
f 4178//5937 4176//5934 4158//5910
f 3997//5683 3998//5684 3995//5680
f 4018//5715 4016//5712 3995//5680
f 4018//5715 3995//5680 3998//5684
f 4159//5911 4161//5914 4158//5910
f 4159//5911 4141//5887 4144//5891
f 4159//5911 4158//5910 4141//5887
f 4035//5738 4036//5739 4033//5735
f 4055//5766 4053//5763 4033//5735
f 4055//5766 4033//5735 4036//5739
f 4069//5785 4067//5782 4053//5763
f 4143//5890 4144//5891 4141//5887
f 4143//5890 4123//5862 4126//5866
f 4069//5785 4070//5786 4067//5782
f 2948//4123 2973//4166 2946//4120
f 2834//3944 2871//4001 2785//3874
f 4087//5809 4085//5806 4067//5782
f 4087//5809 4067//5782 4070//5786
f 4087//5809 4088//5810 4085//5806
f 4106//5837 4104//5834 4085//5806
f 4106//5837 4085//5806 4088//5810
f 4106//5837 4107//5838 4104//5834
f 4125//5865 4123//5862 4104//5834
f 4125//5865 4104//5834 4107//5838
f 4143//5890 4141//5887 4123//5862
f 2838//3951 2802//3901 2872//4003
f 2546//3519 2475//3416 2608//3605
f 2546//3519 2473//3413 2475//3416
f 3556//5050 3531//5011 3557//5051
f 3747//5335 3724//5303 3748//5337
f 3575//5080 3595//5108 3574//5079
f 3594//5107 3574//5079 3595//5108
f 4582//6538 4580//6535 4562//6504
f 4561//6503 4562//6504 4580//6535
f 4560//6502 4558//6499 4544//6477
f 4543//6476 4541//6473 4523//6447
f 2762//3843 2761//3841 2724//3784
f 2725//3785 2724//3784 2761//3841
f 2723//3783 2759//3837 2682//3718
f 2683//3719 2682//3718 2759//3837
f 2557//3531 2617//3623 2499//3451
f 2556//3530 2499//3451 2617//3623
f 2551//3524 2611//3611 2483//3428
f 2550//3523 2483//3428 2611//3611
f 2548//3521 2608//3605 2477//3419
f 2547//3520 2477//3419 2608//3605
f 2545//3518 2606//3601 2470//3409
f 2544//3517 2470//3409 2606//3601
f 2601//3595 2669//3695 2598//3591
f 2668//3694 2598//3591 2669//3695
f 2666//3692 2717//3771 2664//3689
f 2716//3770 2664//3689 2717//3771
f 2715//3769 2757//3833 2659//3682
f 2714//3768 2659//3682 2757//3833
f 2869//3998 2896//4041 2829//3937
f 2868//3997 2829//3937 2896//4041
f 3273//4613 3295//4647 3271//4610
f 3294//4646 3271//4610 3295//4647
f 3449//4883 3471//4918 3447//4880
f 3470//4917 3447//4880 3471//4918
f 3488//4945 3513//4982 3510//4978
f 3512//4981 3510//4978 3513//4982
f 4543//6476 4558//6499 4541//6473
f 3726//5306 3748//5336 3724//5302
f 4543//6476 4544//6477 4558//6499
f 3771//5370 3772//5371 3769//5367
f 3795//5406 3769//5367 3772//5371
f 3860//5500 3861//5501 3858//5497
f 3878//5524 3858//5497 3861//5501
f 4018//5715 4019//5716 4016//5712
f 4035//5738 4033//5735 4016//5712
f 4035//5738 4016//5712 4019//5716
f 4055//5766 4056//5767 4053//5763
f 4069//5785 4053//5763 4056//5767
f 4200//5967 4201//5968 4198//5964
f 4375//6232 4376//6233 4373//6229
f 4220//5997 4218//5994 4198//5964
f 4220//5997 4198//5964 4201//5968
f 4220//5997 4221//5998 4218//5994
f 4241//6025 4218//5994 4221//5998
f 4300//6117 4301//6118 4298//6114
f 4322//6151 4298//6114 4301//6118
f 4396//6261 4373//6229 4376//6233
f 4398//6264 4421//6296 4418//6292
f 4420//6295 4418//6292 4421//6296
f 4488//6394 4489//6395 4503//6418
f 4505//6421 4503//6418 4489//6395
f 4522//6446 4523//6447 4541//6473
f 4582//6538 4583//6539 4599//6564
f 4601//6567 4614//6586 4599//6564
f 4601//6567 4599//6564 4583//6539
f 2900//4048 2878//4012 2899//4047
f 2900//4048 2925//4087 2878//4012
f 2876//4009 2878//4012 2925//4087
f 2900//4048 2899//4047 2927//4090
f 2926//4089 2899//4047 2902//4050
f 2926//4089 2927//4090 2899//4047
f 1343//1839 5998//8640 1374//1887
f 1374//1887 5998//8640 1307//1790
f 4616//6589 4614//6586 4602//6568
f 4601//6567 4602//6568 4614//6586
f 2928//4092 2902//4050 2929//4093
f 2926//4089 2902//4050 2950//4125
f 2928//4092 2950//4125 2902//4050
f 1560//2165 1544//2144 5964//8595
f 4616//6589 4630//6611 4614//6586
f 1321//1812 6191//8839 1063//1474
f 2952//4129 2951//4127 2929//4093
f 2928//4092 2929//4093 2951//4127
f 2952//4129 2929//4093 2931//4096
f 6002//8644 6003//8645 4884//7015
f 6487//9185 1544//2144 1560//2165
f 4570//6520 4429//6310 6004//8646
f 4570//6520 6005//8647 4429//6310
f 4570//6520 6006//8648 4878//7006
f 4570//6520 4878//7006 6007//8649
f 4570//6520 4907//7051 4906//7049
f 4570//6520 6008//8651 4784//6853
f 4570//6520 4784//6853 6010//8653
f 4570//6520 4906//7049 6011//8654
f 4570//6520 4289//6099 6012//8655
f 4570//6520 6013//8657 4289//6099
f 4570//6520 6014//8658 4907//7051
f 2953//4130 2931//4096 2954//4132
f 2952//4129 2931//4096 2975//4170
f 2953//4130 2975//4170 2931//4096
f 4633//6615 4630//6611 4617//6590
f 4633//6615 4632//6614 4630//6611
f 4616//6589 4617//6590 4630//6611
f 3203//4511 3066//4311 3002//4218
f 3066//4311 3032//4262 3002//4218
f 2977//4174 2976//4172 2954//4132
f 2953//4130 2954//4132 2976//4172
f 1343//1839 6020//8665 5998//8640
f 1343//1839 1374//1887 6020//8665
f 2977//4174 2954//4132 6017//8661
f 4633//6615 4649//6641 4632//6614
f 6230//8885 2218//3034 2234//3058
f 5994//8636 2234//3058 2218//3034
f 4686//6695 4664//6663 4666//6665
f 4769//6824 4664//6663 4686//6695
f 4633//6615 4634//6616 4649//6641
f 4652//6645 4649//6641 4634//6616
f 4652//6645 4665//6664 4649//6641
f 3458//4898 3203//4511 2847//3963
f 5770//8335 5837//8434 5997//8639
f 1339//1834 1273//1746 1321//1812
f 6019//8664 3000//4214 3029//4258
f 3030//4260 3029//4258 3000//4214
f 3030//4260 3000//4214 3002//4218
f 3094//4351 3066//4311 3203//4511
f 3031//4261 3063//4306 3002//4218
f 3031//4261 3002//4218 3032//4262
f 3030//4260 3002//4218 3063//4306
f 1491//2063 5969//8605 1492//2065
f 3458//4899 2286//3143 5987//8627
f 4651//6644 4665//6664 4635//6618
f 4652//6645 4635//6618 4665//6664
f 4651//6644 4666//6665 4665//6664
f 6021//8666 6022//8667 6023//8668
f 1697//2340 1452//2005 1339//1834
f 1321//1812 1074//1487 6191//8839
f 3458//4898 3323//4689 3203//4511
f 3031//4261 3032//4262 3064//4308
f 3065//4310 3032//4262 3066//4311
f 3065//4310 3064//4308 3032//4262
f 3091//4348 3090//4346 3066//4311
f 3065//4310 3066//4311 3090//4346
f 3094//4351 3092//4349 3066//4311
f 3091//4348 3066//4311 3092//4349
f 3458//4899 2847//3962 2286//3143
f 3323//4689 6040//8685 3203//4511
f 4668//6668 4666//6665 4653//6646
f 4668//6668 4686//6695 4666//6665
f 4651//6644 4653//6646 4666//6665
f 1510//2095 1492//2065 1530//2124
f 4710//6735 4769//6824 4686//6695
f 4712//6737 4769//6824 4710//6735
f 2333//3213 2201//3009 6198//8848
f 3093//4350 3092//4349 3094//4351
f 3091//4348 3092//4349 3117//4386
f 3093//4350 3117//4386 3092//4349
f 3458//4898 3415//4835 3323//4689
f 5770//8335 5771//8337 5837//8434
f 3119//4390 3118//4388 3094//4351
f 3093//4350 3094//4351 3118//4388
f 3203//4511 3120//4391 3094//4351
f 3119//4390 3094//4351 3120//4391
f 6024//8669 4936//7095 4935//7093
f 5608//8104 5770//8335 6025//8670
f 5608//8104 6026//8671 4935//7093
f 3148//4434 3146//4431 3120//4391
f 3148//4434 3120//4391 3149//4435
f 3203//4511 3149//4435 3120//4391
f 3119//4390 3120//4391 3146//4431
f 6040//8685 3200//4506 3203//4511
f 1510//2095 1519//2107 1492//2065
f 1419//1957 6020//8665 6038//8683
f 6020//8665 1511//2096 6038//8683
f 1511//2096 6122//8767 6038//8683
f 5608//8105 4935//7094 5770//8336
f 3171//4467 3149//4435 3203//4511
f 3171//4467 3203//4511 3200//4506
f 4688//6698 4710//6735 4686//6695
f 4668//6668 4669//6669 4686//6695
f 4688//6698 4686//6695 4669//6669
f 1510//2095 1530//2124 1519//2107
f 1519//2108 1491//2063 1492//2066
f 2139//2925 1880//2560 1975//2699
f 1637//2269 1594//2211 1452//2006
f 1273//1746 1242//1705 1321//1812
f 1925//2625 1897//2589 1975//2699
f 3147//4433 3169//4464 3149//4435
f 3148//4434 3149//4435 3169//4464
f 5609//8106 5770//8335 4935//7093
f 5609//8106 4935//7093 4936//7095
f 5609//8106 5771//8337 5770//8335
f 3171//4467 3150//4436 3149//4435
f 3147//4433 3149//4435 3150//4436
f 6028//8673 6029//8674 6030//8675
f 5609//8106 4936//7095 5771//8337
f 2647//3667 2646//3666 6027//8672
f 6020//8665 6122//8767 1511//2096
f 3170//4466 3197//4501 3150//4436
f 3147//4433 3150//4436 3197//4501
f 3170//4466 3150//4436 3171//4467
f 4688//6698 4712//6737 4710//6735
f 4731//6765 4769//6824 4729//6762
f 4729//6762 4769//6824 4712//6737
f 5857//8464 5837//8434 5771//8337
f 5749//8303 5780//8351 5771//8337
f 5846//8447 5857//8464 5771//8337
f 5780//8351 5839//8437 5771//8337
f 4936//7095 5723//8260 5771//8337
f 5839//8437 5846//8447 5771//8337
f 5723//8260 5749//8303 5771//8337
f 4937//7096 5717//8250 4936//7095
f 5717//8250 5723//8260 4936//7095
f 2646//3666 2696//3742 6027//8672
f 2647//3667 6027//8672 2373//3267
f 6146//8793 699//981 742//1034
f 3170//4466 3171//4467 3198//4503
f 3199//4505 3198//4503 3171//4467
f 3199//4505 3171//4467 3200//4506
f 4714//6740 4729//6762 4712//6737
f 4688//6698 4689//6699 4712//6737
f 4714//6740 4712//6737 4689//6699
f 1374//1887 1307//1790 721//1011
f 6031//8676 6032//8677 6033//8678
f 3200//4506 6040//8685 3222//4538
f 4936//7095 6034//8679 4937//7096
f 3199//4505 3200//4506 3220//4535
f 3221//4537 3200//4506 3222//4538
f 3221//4537 3220//4535 3200//4506
f 1877//2557 6165//8813 1880//2560
f 2139//2925 1877//2557 1880//2560
f 1452//2005 1548//2149 1508//2092
f 1594//2211 1548//2149 1452//2006
f 1880//2560 6160//8808 1975//2701
f 1697//2340 1696//2337 1637//2268
f 1339//1834 1303//1785 1273//1746
f 1897//2589 1783//2440 1697//2340
f 1975//2699 6151//8798 1925//2625
f 6035//8680 6037//8682 6036//8681
f 2139//2925 6171//8819 1877//2557
f 1452//2006 1379//1895 1339//1834
f 1431//1974 1379//1895 1452//2005
f 672//946 6146//8793 742//1034
f 4860//6979 5001//7186 4769//6824
f 3221//4537 3222//4538 3250//4577
f 3223//4539 3250//4577 3222//4538
f 3223//4539 3222//4538 6039//8684
f 3323//4689 3318//4681 6040//8685
f 6041//8686 5718//8251 4937//7096
f 5718//8251 5717//8250 4937//7096
f 4732//6767 4731//6765 4729//6762
f 4714//6740 4715//6741 4729//6762
f 4732//6767 4729//6762 4715//6741
f 4750//6794 4769//6824 4731//6765
f 4770//6827 4769//6824 4750//6794
f 3223//4539 6042//8687 3275//4616
f 3251//4579 6043//8688 3275//4617
f 2647//3667 2696//3742 2646//3666
f 3298//4652 6044//8689 3318//4681
f 3251//4579 3275//4617 6045//8690
f 3276//4619 3275//4616 6046//8691
f 6047//8692 6049//8694 6048//8693
f 6050//8695 6051//8696 6052//8697
f 6053//8698 6055//8700 6054//8699
f 6056//8701 6057//8702 6058//8703
f 6059//8704 6061//8706 6060//8705
f 6062//8707 6063//8708 6064//8709
f 6065//8710 6067//8712 6066//8711
f 6068//8713 6070//8715 6069//8714
f 6071//8716 6072//8717 6073//8718
f 6074//8719 6076//8721 6075//8720
f 6077//8722 6078//8723 6079//8724
f 6080//8725 6082//8727 6081//8726
f 6083//8728 6084//8729 6085//8730
f 6086//8731 6087//8732 6088//8733
f 6089//8734 6090//8735 6091//8736
f 6092//8737 6094//8739 6093//8738
f 6095//8740 6097//8742 6096//8741
f 6098//8743 6099//8744 6100//8745
f 6101//8746 6103//8748 6102//8747
f 6104//8749 6105//8750 6106//8751
f 6107//8752 6109//8754 6108//8753
f 6110//8755 6111//8756 6112//8757
f 6113//8758 6115//8760 6114//8759
f 6116//8761 6118//8763 6117//8762
f 6119//8764 6120//8765 6121//8766
f 6123//8768 6124//8769 6125//8770
f 6126//8771 6128//8773 6127//8772
f 6129//8774 6131//8776 6130//8775
f 6132//8777 6133//8778 6134//8779
f 6135//8780 6136//8781 6137//8782
f 1074//1487 1072//1485 6191//8840
f 1194//1638 1150//1584 1074//1487
f 1321//1812 1194//1638 1074//1487
f 1594//2211 1577//2189 1548//2149
f 1242//1705 1194//1638 1321//1812
f 1783//2440 1696//2337 1697//2340
f 1535//2131 1508//2092 1548//2149
f 1696//2338 1629//2257 1637//2269
f 5966//8600 6176//8824 2139//2925
f 6176//8824 6171//8819 2139//2925
f 1379//1895 1349//1846 1339//1834
f 6160//8808 6151//8799 1975//2701
f 1289//1768 1273//1746 1303//1785
f 699//981 6141//8786 721//1012
f 3297//4651 3296//4649 6138//8783
f 3276//4619 6139//8784 3296//4649
f 3297//4651 6140//8785 3298//4652
f 672//947 6429//9112 6146//8793
f 3321//4686 3318//4681 3323//4689
f 4790//6865 4769//6824 4770//6827
f 672//946 866//1209 6429//9112
f 1363//1870 6142//8789 6143//8790
f 3297//4651 3298//4652 3317//4679
f 3319//4683 3298//4652 3318//4681
f 3319//4683 3317//4679 3298//4652
f 4733//6769 4731//6765 4715//6741
f 4733//6769 4750//6794 4731//6765
f 4732//6768 4715//6742 4731//6766
f 2333//3213 2224//3044 2201//3009
f 3281//4626 5987//8629 3127//4401
f 3458//4899 5987//8627 3281//4626
f 1363//1870 6145//8792 6144//8791
f 672//946 5939//8569 827//1156
f 866//1209 672//946 827//1156
f 1879//2559 1880//2560 6165//8813
f 1951//2665 6176//8824 5966//8600
f 1912//2606 6171//8819 6176//8824
f 1881//2562 6160//8808 1880//2560
f 1952//2666 6151//8799 6160//8808
f 1878//2558 6165//8813 1877//2557
f 1876//2556 1877//2557 6171//8819
f 1339//1834 1320//1810 1303//1785
f 3321//4686 3323//4689 3346//4724
f 3368//4762 3346//4724 3323//4689
f 3368//4762 3323//4689 3370//4764
f 3321//4687 3346//4725 3318//4682
f 3319//4683 3318//4681 3344//4721
f 3345//4723 3318//4681 3346//4724
f 3345//4723 3344//4721 3318//4681
f 4860//6980 4769//6826 4790//6865
f 1849//2516 1976//2702 6147//8794
f 1847//2514 1709//2354 6148//8795
f 1847//2514 6149//8796 1707//2352
f 1849//2516 6150//8797 1709//2354
f 1798//2459 1952//2666 1689//2329
f 1798//2459 6151//8799 1952//2666
f 1797//2458 1689//2329 1952//2666
f 1797//2458 6152//8800 1687//2327
f 1888//2571 6153//8801 1774//2430
f 1798//2459 1707//2352 6154//8802
f 1797//2458 1952//2666 6160//8808
f 1888//2571 1777//2433 6155//8803
f 1769//2424 1686//2326 6156//8804
f 1769//2424 6157//8805 1667//2304
f 1919//2613 6158//8806 1777//2433
f 1767//2422 1667//2304 6159//8807
f 1767//2422 1881//2562 1666//2303
f 1767//2422 6160//8808 1881//2562
f 1766//2421 1666//2303 1881//2562
f 1766//2421 1879//2559 1664//2301
f 1766//2421 1881//2562 1880//2561
f 1740//2391 1664//2301 1879//2559
f 1766//2421 1880//2560 1879//2559
f 1849//2516 1745//2396 1976//2702
f 1740//2391 1879//2559 6165//8813
f 1738//2389 1661//2298 6162//8810
f 1738//2389 6163//8811 1659//2296
f 1736//2387 1659//2296 6164//8812
f 1736//2387 1878//2558 1657//2294
f 1736//2387 6165//8813 1878//2558
f 1764//2419 1657//2294 1878//2558
f 1887//2570 1976//2702 1745//2396
f 1764//2419 1877//2557 1876//2556
f 1764//2419 1878//2558 1877//2557
f 1732//2383 1655//2292 1876//2556
f 1732//2383 6166//8814 1654//2291
f 1732//2383 1876//2556 6171//8819
f 1763//2418 1654//2291 6167//8815
f 1763//2418 6168//8816 1652//2289
f 1729//2380 1652//2289 6169//8817
f 1729//2380 1912//2606 1650//2287
f 1729//2380 6171//8819 1912//2606
f 1887//2570 6170//8818 1976//2702
f 1761//2416 1650//2287 1912//2606
f 1761//2416 6172//8820 1685//2325
f 1761//2416 1912//2606 6176//8824
f 1758//2413 6173//8821 1683//2323
f 1887//2570 1774//2430 6174//8822
f 1796//2457 1683//2323 6175//8823
f 1796//2457 1951//2665 1681//2321
f 1796//2457 6176//8824 1951//2665
f 1795//2456 1681//2321 1951//2665
f 1795//2456 6177//8825 1706//2351
f 1795//2456 1951//2665 5966//8601
f 1823//2490 1706//2351 6178//8826
f 1823//2490 6179//8827 1704//2349
f 1740//2391 6180//8828 1661//2298
f 1764//2419 1876//2556 1655//2292
f 1820//2487 1704//2349 6181//8829
f 1820//2487 6182//8830 1726//2377
f 1868//2545 1726//2377 6183//8831
f 1868//2545 2005//2745 1755//2410
f 1868//2545 6184//8832 2005//2745
f 1867//2543 1755//2410 2005//2745
f 1867//2543 2004//2743 1754//2409
f 1867//2544 5966//8602 2004//2744
f 1867//2543 2005//2745 5966//8601
f 1947//2661 1754//2409 2004//2743
f 1816//2483 6186//8834 2043//2791
f 1947//2661 2004//2743 6187//8835
f 1758//2413 1685//2325 6188//8836
f 1792//2453 6189//8837 1817//2484
f 1817//2484 6190//8838 1816//2483
f 3415//4835 3370//4764 3323//4689
f 1138//1569 1129//1560 1150//1584
f 1161//1598 1150//1584 1174//1613
f 1313//1799 1303//1785 1320//1810
f 1557//2161 1577//2189 1566//2174
f 1548//2149 1577//2189 1557//2161
f 1595//2212 1577//2189 1594//2211
f 1535//2131 1548//2149 1541//2139
f 1525//2117 1526//2118 1508//2092
f 1525//2117 1508//2092 1535//2131
f 1897//2589 1925//2625 1958//2675
f 1516//2102 1508//2092 1526//2118
f 1129//1560 1074//1487 1150//1584
f 1073//1486 6191//8840 1072//1485
f 1750//2402 1696//2338 1783//2440
f 1750//2402 1717//2364 1696//2338
f 1782//2439 1897//2589 1808//2472
f 1782//2439 1783//2440 1897//2589
f 2027//2770 1983//2713 1925//2625
f 1807//2471 1808//2472 1897//2589
f 1499//2079 1452//2005 1508//2092
f 1646//2282 1696//2338 1673//2311
f 1183//1625 1174//1613 1150//1584
f 1479//2045 1480//2047 1452//2005
f 1350//1847 1339//1834 1349//1846
f 1629//2257 1696//2338 1646//2282
f 1469//2032 1452//2005 1480//2047
f 1630//2258 1620//2244 1637//2269
f 1264//1733 1242//1705 1273//1746
f 1281//1757 1273//1746 1289//1768
f 1453//2008 1431//1974 1452//2006
f 1370//1880 1349//1846 1379//1895
f 1074//1487 1109//1532 1072//1485
f 1432//1975 1423//1962 1379//1895
f 1432//1975 1379//1895 1431//1974
f 1423//1962 1414//1947 1379//1895
f 1403//1931 1379//1895 1414//1947
f 1630//2258 1637//2269 1629//2257
f 1303//1785 1294//1774 1289//1768
f 1638//2270 1630//2258 1629//2257
f 1230//1692 1194//1638 1242//1705
f 1393//1917 1379//1895 1403//1931
f 2027//2770 1925//2625 6151//8798
f 1612//2235 1594//2211 1637//2269
f 1926//2626 1896//2587 1897//2589
f 1380//1896 1370//1880 1379//1895
f 1183//1625 1150//1584 1194//1638
f 1331//1825 1320//1810 1339//1834
f 1896//2587 1898//2590 1897//2589
f 1919//2614 2060//2811 6192//8841
f 6193//8842 6194//8843 6195//8844
f 1242//1705 1264//1733 1249//1713
f 1577//2189 1595//2212 1587//2202
f 1072//1485 1091//1509 1073//1486
f 1926//2627 1927//2628 1896//2588
f 1897//2589 1958//2675 1926//2626
f 1423//1963 1413//1945 1414//1948
f 1452//2005 1469//2032 1453//2008
f 3345//4723 3346//4724 3367//4760
f 3347//4726 3367//4760 3346//4724
f 2180//2982 6198//8848 2201//3009
f 1981//2711 2027//2770 1980//2709
f 2024//2765 6151//8799 2060//2812
f 2024//2766 1980//2709 2027//2770
f 2024//2766 2060//2813 1979//2707
f 1981//2711 1921//2617 1983//2713
f 1924//2624 1958//2675 1925//2625
f 1981//2711 1983//2713 2027//2770
f 1556//2160 1557//2161 1566//2174
f 1924//2624 1925//2625 1983//2713
f 1593//2210 1594//2211 1612//2235
f 1524//2116 1505//2088 1525//2117
f 1389//1911 1379//1895 1393//1917
f 1062//1472 1054//1460 6191//8840
f 1628//2256 1638//2270 1629//2257
f 1524//2116 1541//2139 1521//2112
f 1451//2004 1427//1969 1453//2008
f 1451//2004 1469//2032 1448//2000
f 1524//2116 1535//2131 1541//2139
f 1636//2267 1616//2239 1646//2282
f 1524//2116 1525//2117 1535//2131
f 1389//1911 1380//1896 1379//1895
f 1402//1930 1386//1907 1393//1917
f 1540//2138 1521//2112 1541//2139
f 1540//2138 1557//2161 1532//2127
f 1540//2138 1548//2149 1557//2161
f 1402//1930 1413//1946 1399//1926
f 1402//1930 1414//1947 1413//1946
f 1636//2267 1673//2311 1632//2262
f 1402//1930 1403//1931 1414//1947
f 1402//1930 1393//1917 1403//1931
f 1540//2138 1541//2139 1548//2149
f 1636//2267 1646//2282 1673//2311
f 1272//1745 1273//1746 1281//1757
f 1498//2077 1508//2093 1516//2103
f 1272//1745 1281//1757 1278//1753
f 1389//1911 1393//1917 1386//1907
f 1319//1809 1299//1780 1313//1799
f 1498//2078 1516//2102 1495//2073
f 1389//1911 1365//1874 1380//1896
f 1556//2160 1532//2127 1557//2161
f 1411//1942 1399//1926 1413//1946
f 1556//2160 1566//2174 1545//2145
f 1411//1942 1432//1975 1420//1958
f 1369//1879 1370//1880 1380//1896
f 1369//1879 1380//1896 1365//1874
f 1319//1809 1313//1799 1320//1810
f 1272//1745 1261//1729 1264//1733
f 1369//1879 1356//1856 1370//1880
f 1272//1745 1264//1733 1273//1747
f 1895//2586 1958//2675 1853//2520
f 1919//2613 1979//2708 2060//2812
f 1895//2586 1802//2464 1927//2629
f 1288//1766 1278//1753 1281//1757
f 1411//1942 1423//1962 1432//1975
f 1515//2101 1516//2102 1526//2118
f 1515//2101 1526//2118 1525//2117
f 1498//2078 1476//2041 1499//2079
f 1478//2043 1479//2046 1452//2007
f 1330//1824 1317//1806 1331//1825
f 1515//2101 1525//2117 1505//2088
f 1330//1824 1350//1847 1337//1832
f 1256//1723 1249//1713 1264//1733
f 1319//1809 1331//1825 1317//1806
f 1256//1723 1264//1733 1261//1729
f 1628//2256 1629//2257 1646//2282
f 1781//2438 1808//2472 1807//2471
f 1781//2438 1807//2471 1710//2355
f 1781//2438 1691//2331 1782//2439
f 1716//2363 1750//2402 1783//2440
f 1256//1723 1247//1711 1249//1713
f 1059//1468 6196//8845 1054//1460
f 1565//2173 1545//2145 1566//2174
f 1515//2101 1495//2073 1516//2102
f 1565//2173 1587//2202 1553//2156
f 1672//2310 1632//2262 1673//2311
f 1565//2173 1577//2189 1587//2202
f 1672//2310 1717//2364 1643//2278
f 1672//2310 1696//2338 1717//2364
f 1565//2173 1566//2174 1577//2189
f 1411//1942 1413//1946 1423//1962
f 1430//1973 1420//1958 1432//1975
f 1586//2201 1553//2156 1587//2202
f 1430//1973 1453//2008 1427//1969
f 1430//1973 1431//1974 1453//2008
f 1430//1973 1432//1975 1431//1974
f 1586//2201 1595//2212 1574//2185
f 2024//2766 2027//2770 6151//8798
f 1672//2310 1673//2311 1696//2338
f 1695//2336 1643//2278 1717//2364
f 1695//2336 1750//2402 1669//2306
f 1478//2043 1499//2079 1476//2041
f 1695//2336 1717//2364 1750//2402
f 1716//2363 1669//2306 1750//2402
f 1716//2363 1782//2439 1691//2331
f 1716//2363 1783//2440 1782//2439
f 1302//1784 1294//1774 1303//1785
f 1302//1784 1303//1785 1313//1799
f 1348//1845 1350//1847 1349//1846
f 1062//1472 1073//1486 1070//1482
f 1924//2624 1983//2713 1921//2617
f 1924//2624 1853//2520 1958//2675
f 1895//2586 1927//2629 1926//2626
f 1895//2586 1926//2626 1958//2675
f 1219//1677 1194//1638 1230//1692
f 1062//1473 6191//8840 1073//1486
f 1302//1784 1313//1799 1299//1780
f 1219//1678 1205//1654 1194//1639
f 1241//1704 1249//1713 1247//1711
f 1288//1767 1289//1769 1294//1775
f 1288//1766 1281//1757 1289//1768
f 1451//2004 1453//2008 1469//2032
f 1781//2438 1782//2439 1808//2472
f 1062//1472 1059//1468 1054//1460
f 1628//2256 1609//2231 1638//2270
f 1586//2201 1587//2202 1595//2212
f 1084//1500 1070//1482 1073//1486
f 1099//1518 1072//1485 1109//1532
f 1099//1518 1091//1509 1072//1485
f 1348//1845 1349//1846 1370//1880
f 1302//1784 1285//1762 1294//1774
f 1241//1704 1242//1705 1249//1713
f 1628//2256 1646//2282 1616//2239
f 1468//2031 1469//2032 1480//2047
f 1806//2470 1710//2355 1807//2471
f 1860//2533 1898//2590 1896//2587
f 1593//2210 1574//2185 1595//2212
f 1593//2210 1612//2235 1583//2197
f 1241//1704 1228//1689 1230//1692
f 1219//1677 1230//1692 1228//1689
f 1860//2533 1896//2587 1927//2629
f 1478//2044 1452//2006 1499//2079
f 1219//1677 1202//1650 1205//1655
f 1860//2533 1927//2629 1802//2464
f 1498//2078 1499//2079 1508//2092
f 1478//2043 1465//2027 1479//2045
f 1193//1636 1183//1625 1194//1638
f 1084//1500 1073//1486 1091//1509
f 1241//1704 1230//1692 1242//1705
f 1860//2533 1778//2434 1898//2590
f 1806//2470 1807//2471 1897//2589
f 1054//1461 843//1177 5939//8568
f 1348//1845 1370//1880 1356//1856
f 1806//2470 1898//2590 1778//2434
f 1468//2031 1448//2000 1469//2032
f 1099//1518 1109//1532 1106//1528
f 1288//1766 1294//1774 1285//1762
f 1193//1637 1194//1640 1205//1656
f 1319//1809 1320//1810 1331//1825
f 6197//8846 821//1149 1054//1460
f 1149//1583 1146//1579 1138//1569
f 1348//1845 1337//1832 1350//1847
f 1121//1550 1106//1528 1109//1532
f 1121//1550 1129//1560 1126//1556
f 1330//1824 1331//1825 1339//1834
f 1593//2210 1595//2212 1594//2211
f 1806//2470 1897//2589 1898//2590
f 1600//2219 1583//2197 1612//2235
f 1600//2219 1620//2244 1597//2215
f 1121//1550 1074//1487 1129//1560
f 1330//1824 1339//1834 1350//1847
f 1600//2219 1637//2269 1620//2244
f 1121//1550 1109//1532 1074//1487
f 1137//1568 1126//1556 1129//1560
f 1137//1568 1138//1569 1146//1579
f 1137//1568 1129//1560 1138//1569
f 1600//2219 1612//2235 1637//2269
f 1193//1636 1205//1655 1202//1650
f 1193//1636 1180//1621 1183//1625
f 1149//1583 1161//1598 1158//1594
f 1149//1583 1150//1584 1161//1598
f 1468//2031 1479//2045 1465//2027
f 1173//1612 1183//1625 1180//1621
f 1149//1583 1138//1569 1150//1584
f 821//1149 843//1178 1054//1460
f 1173//1612 1174//1613 1183//1625
f 1468//2031 1480//2047 1479//2045
f 1173//1612 1158//1594 1161//1598
f 1619//2243 1597//2215 1620//2244
f 1619//2243 1638//2270 1609//2231
f 1619//2243 1620//2244 1630//2258
f 1619//2243 1630//2258 1638//2270
f 1173//1612 1161//1598 1174//1613
f 1099//1518 1089//1507 1091//1509
f 1084//1500 1091//1509 1089//1507
f 3347//4726 3346//4724 3368//4762
f 2101//2870 2043//2791 6199//8849
f 2458//3392 5978//8616 3376//4776
f 2458//3392 3376//4776 2419//3337
f 5602//8096 5895//8522 5498//7960
f 5769//8332 5498//7960 5895//8522
f 4724//6756 5498//7960 3376//4776
f 2420//3341 5978//8617 2458//3393
f 4724//6756 5602//8096 5498//7960
f 3387//4791 3370//4764 3415//4835
f 721//1011 1409//1940 1374//1887
f 4860//6980 4790//6865 4770//6827
f 3369//4763 3367//4760 3368//4762
f 3347//4726 3368//4762 3367//4760
f 3369//4763 3368//4762 3370//4764
f 680//956 699//982 6146//8793
f 4752//6797 4750//6794 4734//6770
f 4752//6797 4771//6828 4750//6794
f 4733//6769 4734//6770 4750//6794
f 4750//6794 4771//6828 4770//6827
f 6200//8850 6201//8851 6202//8852
f 6203//8853 6205//8855 6204//8854
f 680//957 6217//8868 699//983
f 3458//4898 3455//4893 3415//4835
f 6206//8856 6207//8857 6208//8858
f 6209//8859 6211//8861 6210//8860
f 6212//8862 6214//8864 6213//8863
f 6216//8866 3458//4899 3281//4626
f 3387//4791 3415//4835 3389//4794
f 3413//4832 3389//4794 3415//4835
f 3369//4763 3370//4764 3386//4789
f 3388//4793 3386//4789 3370//4764
f 3387//4792 3389//4795 3370//4765
f 3388//4793 3370//4764 3389//4794
f 1494//2070 1374//1887 1409//1940
f 3455//4893 3453//4889 3415//4835
f 5709//8237 5718//8251 6215//8865
f 680//956 6146//8793 6217//8869
f 3388//4793 3389//4794 3411//4829
f 3412//4831 3411//4829 3389//4794
f 3412//4831 3389//4794 3413//4832
f 3433//4860 3415//4835 3453//4889
f 827//1156 843//1176 866//1209
f 690//969 691//972 6223//8875
f 3432//4859 3431//4857 3413//4832
f 3432//4859 3413//4832 3415//4835
f 3412//4831 3413//4832 3431//4857
f 4860//6980 4770//6827 4813//6901
f 4752//6797 4753//6798 4771//6828
f 4770//6827 4771//6828 4753//6798
f 3432//4859 3415//4836 3433//4860
f 6225//8878 5001//7186 4860//6979
f 1437//1982 1374//1888 1494//2071
f 3473//4922 3453//4889 3455//4893
f 3452//4888 3433//4860 3453//4889
f 3432//4859 3433//4860 3451//4886
f 3452//4888 3451//4886 3433//4860
f 4813//6901 4770//6827 4792//6867
f 3638//5176 3458//4899 6216//8866
f 3638//5176 3639//5178 3458//4899
f 3638//5177 6216//8867 3639//5179
f 3473//4923 3474//4924 3453//4890
f 3475//4926 3472//4920 3453//4889
f 3475//4926 3453//4889 3474//4925
f 3452//4888 3453//4889 3472//4920
f 3473//4922 3455//4893 3474//4925
f 3494//4955 3455//4893 3515//4986
f 690//970 6223//8876 6141//8787
f 5769//8333 5834//8431 5877//8493
f 3536//5018 3515//4986 3455//4893
f 3458//4898 3536//5018 3455//4893
f 3475//4926 3474//4925 3493//4953
f 3455//4893 3493//4953 3474//4925
f 3754//5348 3458//4899 3639//5178
f 5057//7270 6225//8878 6218//8870
f 4795//6871 4792//6867 4753//6798
f 4770//6827 4753//6798 4792//6867
f 5057//7270 5709//8237 6225//8879
f 4795//6871 4794//6870 4792//6867
f 4813//6901 4792//6867 4794//6870
f 3518//4991 3515//4986 3536//5018
f 3455//4894 3494//4955 3493//4953
f 3495//4956 3493//4953 3494//4955
f 3495//4956 3494//4955 3515//4986
f 6218//8870 5709//8237 5057//7270
f 2310//3178 6016//8660 2311//3181
f 6220//8872 6221//8873 6222//8874
f 3495//4957 3515//4987 3516//4988
f 3518//4991 3516//4989 3515//4986
f 3754//5348 3639//5178 3281//4626
f 690//971 6141//8788 691//973
f 3518//4992 3536//5019 3516//4988
f 3517//4990 3514//4984 3516//4989
f 3517//4990 3516//4989 3536//5018
f 3495//4956 3516//4989 3514//4984
f 5660//8180 5709//8237 6218//8870
f 3206//4514 3127//4402 5987//8628
f 4796//6872 4813//6901 4794//6870
f 4796//6872 4794//6870 4773//6831
f 4795//6871 4773//6831 4794//6870
f 3535//5017 3534//5015 3536//5018
f 3517//4990 3536//5018 3534//5015
f 3458//4898 3559//5055 3536//5020
f 3535//5017 3536//5018 3559//5056
f 3579//5086 3559//5055 3458//4898
f 1494//2070 1409//1940 1475//2040
f 3535//5017 3559//5056 3558//5053
f 3560//5057 3558//5053 3559//5056
f 1409//1940 721//1011 1475//2040
f 4796//6873 4815//6905 4813//6902
f 4888//7020 4860//6979 4813//6901
f 3560//5057 3559//5056 3579//5086
f 3579//5086 3458//4898 3580//5087
f 4815//6906 4816//6907 4813//6901
f 3578//5085 3577//5083 3579//5086
f 3560//5057 3579//5086 3577//5083
f 3578//5085 3579//5086 3580//5087
f 3598//5113 3580//5087 3458//4898
f 3598//5113 3458//4898 3616//5144
f 3281//4627 3127//4403 3206//4515
f 721//1013 6141//8788 663//935
f 4796//6872 4797//6874 4815//6905
f 4817//6908 4815//6905 4797//6874
f 4817//6908 4816//6907 4815//6905
f 2267//3109 6219//8871 6224//8877
f 6219//8871 2267//3109 2287//3145
f 6016//8660 6219//8871 2287//3145
f 6016//8660 2287//3145 2311//3181
f 4816//6907 4888//7020 4813//6901
f 6272//8937 6225//8878 4860//6979
f 3634//5169 3616//5144 3458//4898
f 3206//4514 5987//8627 3157//4446
f 3597//5112 3596//5110 3580//5087
f 3597//5112 3580//5087 3598//5113
f 3578//5085 3580//5087 3596//5110
f 722//1014 934//1290 721//1013
f 2201//3009 2129//2910 2180//2982
f 2101//2870 6198//8848 2180//2982
f 4817//6908 4837//6942 4816//6907
f 2224//3044 2333//3214 2199//3007
f 4816//6907 4837//6942 4888//7021
f 3615//5143 3598//5113 3616//5144
f 3615//5143 3614//5141 3598//5113
f 3597//5112 3598//5113 3614//5141
f 3922//5582 3634//5169 3458//4898
f 3634//5169 3617//5145 3616//5144
f 3615//5143 3616//5144 3617//5145
f 6141//8786 6146//8793 663//936
f 4817//6908 4818//6909 4837//6942
f 4840//6946 4837//6942 4818//6909
f 4888//7020 4837//6942 4839//6945
f 4840//6946 4839//6945 4837//6942
f 3656//5203 3634//5169 3922//5582
f 3615//5143 3617//5145 3632//5166
f 3633//5168 3617//5145 3634//5169
f 3633//5168 3632//5166 3617//5145
f 934//1290 1004//1389 721//1013
f 5834//8431 5837//8434 5854//8461
f 5877//8493 5834//8431 5854//8461
f 3633//5168 3634//5169 3654//5200
f 3656//5204 3657//5205 3634//5170
f 3655//5202 3654//5200 3634//5169
f 3655//5202 3634//5169 3657//5206
f 2267//3109 2268//3110 2287//3145
f 3656//5203 3922//5582 3657//5206
f 3754//5349 3922//5582 3458//4898
f 4841//6947 4839//6945 4819//6911
f 4888//7020 4839//6945 4862//6983
f 4840//6946 4819//6911 4839//6945
f 4841//6947 4862//6983 4839//6945
f 3655//5202 3657//5206 3676//5234
f 3678//5237 3676//5234 3657//5206
f 3922//5582 3677//5236 3657//5206
f 3678//5237 3657//5206 3677//5236
f 3922//5582 3693//5261 3677//5236
f 2267//3109 6224//8877 2268//3110
f 3678//5237 3677//5236 3691//5258
f 3692//5260 3677//5236 3693//5261
f 3692//5260 3691//5258 3677//5236
f 1519//2107 5964//8596 1491//2064
f 1437//1982 1494//2071 6226//8880
f 3754//5348 3281//4626 3206//4515
f 1374//1888 1437//1982 1438//1983
f 4862//6983 4863//6984 4888//7020
f 3922//5582 3712//5287 3693//5261
f 4865//6987 4862//6983 4842//6948
f 4841//6947 4842//6948 4862//6983
f 4865//6987 4863//6984 4862//6983
f 1438//1983 1437//1982 6226//8880
f 3711//5286 3693//5261 3712//5287
f 3692//5260 3693//5261 3710//5284
f 3711//5286 3710//5284 3693//5261
f 3730//5312 3712//5287 3922//5582
f 2647//3667 2373//3267 6348//9024
f 4889//7022 4888//7020 4863//6984
f 4889//7022 4913//7059 4888//7020
f 2287//3145 2268//3110 2311//3181
f 1458//2016 6226//8880 1494//2071
f 4865//6987 4889//7022 4863//6984
f 3728//5309 3712//5287 3730//5312
f 3711//5286 3712//5287 3729//5310
f 3728//5309 3729//5310 3712//5287
f 3730//5312 3922//5582 3731//5313
f 3750//5341 3731//5313 3922//5582
f 4890//7023 4913//7059 4889//7022
f 4866//6988 4889//7022 4843//6950
f 4865//6987 4843//6950 4889//7022
f 4866//6988 4890//7023 4889//7022
f 3731//5313 3749//5339 3730//5312
f 3728//5309 3730//5312 3749//5339
f 3819//5442 3799//5412 3922//5582
f 1458//2017 6232//8887 6226//8881
f 1458//2016 1494//2071 6232//8888
f 4866//6988 4892//7026 4890//7023
f 2024//2766 1979//2707 1980//2709
f 3774//5375 3750//5342 3922//5583
f 3731//5313 3750//5341 3749//5339
f 3774//5376 3749//5339 3750//5341
f 1004//1390 1475//2040 721//1011
f 4890//7023 4892//7026 4913//7059
f 663//935 934//1290 722//1014
f 4972//7146 4888//7020 4913//7059
f 3774//5376 3922//5582 3775//5377
f 3799//5412 3775//5377 3922//5582
f 4003//5694 3819//5442 3922//5582
f 1475//2040 1004//1390 1494//2070
f 4893//7027 4892//7026 4867//6989
f 4866//6988 4867//6989 4892//7026
f 3798//5411 3773//5373 3775//5377
f 3798//5411 3775//5377 3799//5412
f 3774//5376 3775//5377 3773//5373
f 4893//7027 4913//7059 4892//7026
f 3820//5443 3799//5412 3819//5442
f 2310//3178 2311//3181 2269//3113
f 2310//3180 2269//3114 2373//3267
f 5857//8464 5854//8461 5837//8434
f 4972//7146 4913//7059 4914//7061
f 3798//5411 3799//5412 3797//5409
f 3820//5444 3821//5445 3799//5413
f 3817//5439 3797//5409 3799//5412
f 3817//5439 3799//5412 3821//5446
f 3754//5348 4003//5695 3922//5582
f 4893//7028 4914//7062 4913//7060
f 4003//5694 3900//5554 3819//5442
f 3820//5443 3819//5442 3821//5446
f 843//1176 821//1150 866//1209
f 2201//3009 2224//3044 2158//2955
f 2201//3009 2158//2955 2129//2910
f 4917//7066 4914//7061 4894//7029
f 4972//7146 4914//7061 4916//7065
f 4893//7027 4894//7029 4914//7061
f 4917//7066 4916//7065 4914//7061
f 5329//7684 6272//8937 4860//6979
f 947//1307 1004//1389 934//1290
f 3840//5473 3818//5440 3821//5446
f 3817//5439 3821//5446 3818//5440
f 3840//5473 3821//5446 3819//5442
f 3840//5473 3819//5442 3842//5476
f 947//1307 934//1290 663//935
f 3819//5442 3863//5505 3842//5476
f 3819//5442 3900//5554 3863//5505
f 6227//8882 6229//8884 6228//8883
f 6232//8888 1494//2070 6320//8993
f 1944//2658 1816//2483 2043//2791
f 2101//2870 2041//2789 2043//2791
f 1944//2658 2043//2791 2041//2789
f 5127//7375 4860//6979 4888//7020
f 3840//5473 3842//5476 3841//5474
f 3864//5506 3841//5474 3842//5476
f 3864//5506 3842//5476 3863//5505
f 4972//7146 4916//7065 4942//7103
f 4917//7066 4895//7031 4916//7065
f 4918//7067 4942//7103 4916//7065
f 4918//7067 4916//7065 4895//7031
f 4186//5949 3754//5348 4115//5852
f 3900//5554 3881//5529 3863//5505
f 647//917 947//1307 663//935
f 5127//7376 4888//7020 4972//7146
f 3882//5530 3863//5505 3881//5529
f 3864//5506 3863//5505 3862//5503
f 3882//5530 3862//5503 3863//5505
f 1494//2070 1004//1390 2124//2901
f 2124//2901 1004//1390 1078//1492
f 3754//5348 3206//4515 3261//4594
f 3899//5553 3881//5529 3898//5552
f 3900//5554 3898//5552 3881//5529
f 3882//5530 3881//5529 3880//5527
f 3899//5553 3880//5527 3881//5529
f 5329//7684 4860//6979 5127//7375
f 1494//2070 1561//2167 1989//2721
f 4918//7067 4919//7068 4942//7103
f 4945//7107 4942//7103 4919//7068
f 1494//2072 1989//2722 6320//8993
f 2124//2901 1989//2721 1561//2167
f 3206//4516 3157//4447 2962//4144
f 3900//5554 3920//5580 3898//5552
f 2962//4144 1965//2685 1989//2723
f 3920//5580 3900//5554 3940//5607
f 1494//2072 2124//2902 1561//2168
f 2292//3153 2962//4144 1989//2721
f 2315//3188 2962//4144 2292//3153
f 3206//4515 2962//4144 3181//4480
f 6236//8892 3206//4515 3181//4480
f 2345//3231 1965//2685 2962//4144
f 4972//7146 4942//7103 4944//7106
f 4945//7107 4944//7106 4942//7103
f 6233//8889 6235//8891 6234//8890
f 3921//5581 3897//5550 3898//5552
f 3899//5553 3898//5552 3897//5550
f 3921//5581 3898//5552 3920//5580
f 4003//5694 3940//5607 3900//5554
f 4095//5822 3754//5348 3261//4594
f 1608//2229 6320//8994 1989//2723
f 1989//2721 2124//2901 2292//3153
f 2292//3153 2316//3189 2315//3188
f 2315//3188 2456//3390 2962//4145
f 2962//4145 3011//4230 3181//4480
f 3181//4480 3209//4519 6236//8892
f 4974//7149 5008//7196 4972//7146
f 6262//8926 4701//6717 4291//6103
f 4993//7175 6237//8893 6420//9102
f 6238//8895 3852//5489 4152//5903
f 4190//5954 6239//8896 3950//5619
f 6240//8898 6242//8900 6241//8899
f 6243//8901 4290//6100 4211//5984
f 4251//6040 4211//5985 4290//6101
f 4251//6041 6244//8902 4211//5984
f 4533//6462 6252//8913 4531//6460
f 6245//8904 4534//6463 4531//6460
f 4411//6283 6249//8909 4252//6042
f 4533//6462 4534//6463 6252//8913
f 4533//6462 4531//6460 4534//6463
f 3828//5456 3853//5490 6246//8905
f 6239//8897 4190//5955 6424//9107
f 3828//5456 6246//8905 6271//8935
f 4386//6249 3762//5358 6247//8907
f 3852//5489 3762//5358 4386//6249
f 4387//6250 3852//5489 4386//6249
f 4410//6282 6425//9108 6249//8910
f 4410//6282 6249//8910 4411//6284
f 4152//5903 3852//5489 4387//6250
f 4410//6282 4411//6284 6425//9108
f 4191//5956 4168//5925 4213//5988
f 4191//5956 4169//5926 4168//5925
f 6248//8908 4152//5903 4387//6250
f 4311//6135 4332//6166 6262//8926
f 4311//6135 6262//8926 4291//6103
f 4497//6410 4480//6384 4513//6433
f 4497//6410 4481//6385 4480//6384
f 4252//6043 6251//8912 6250//8911
f 5118//7364 6247//8907 6254//8916
f 5118//7364 4387//6250 4386//6249
f 5118//7364 4386//6249 6247//8907
f 4212//5987 6253//8915 6237//8894
f 4213//5988 4168//5925 4701//6718
f 5155//7420 4853//6969 5118//7364
f 5118//7364 4853//6969 6252//8914
f 4212//5987 6237//8894 4701//6718
f 4212//5987 4701//6718 6269//8933
f 4212//5987 6269//8933 6246//8906
f 4212//5987 6246//8906 3549//5040
f 4212//5987 3549//5040 3548//5037
f 6424//9107 4190//5955 3950//5620
f 4963//7134 6256//8918 6255//8917
f 4963//7134 6255//8917 6237//8893
f 4963//7134 6237//8893 6256//8918
f 4993//7175 6256//8918 6237//8893
f 3950//5621 3852//5489 6257//8920
f 4212//5987 3548//5037 6274//8940
f 4212//5987 6274//8940 3762//5358
f 4212//5987 3762//5358 3852//5489
f 4212//5987 3852//5489 3950//5621
f 4212//5987 3950//5621 6251//8912
f 4212//5987 6251//8912 4252//6043
f 4212//5987 4252//6043 6253//8915
f 4930//7087 6258//8921 4879//7007
f 4930//7087 4990//7171 6258//8921
f 4930//7087 4879//7007 4990//7171
f 6259//8922 4990//7171 4879//7007
f 4832//6935 6260//8923 4852//6967
f 4832//6936 4852//6968 4785//6854
f 6261//8925 4785//6855 4852//6967
f 5118//7364 4408//6279 4387//6250
f 6263//8927 4408//6280 4211//5986
f 4513//6433 4480//6384 4701//6718
f 5118//7364 6254//8916 5155//7420
f 5118//7364 6252//8914 4408//6279
f 4408//6279 6265//8929 4387//6250
f 4211//5986 4408//6280 6266//8930
f 4168//5925 4169//5926 6267//8931
f 4311//6135 4291//6103 4332//6166
f 4480//6384 4481//6385 6268//8932
f 4497//6410 4513//6433 4481//6385
f 4191//5956 4213//5988 4169//5926
f 3828//5456 6271//8935 3853//5490
f 6270//8934 4312//6136 4513//6433
f 4513//6433 4312//6136 4481//6385
f 1965//2685 1608//2229 1989//2723
f 4332//6167 4312//6136 4213//5988
f 4213//5988 4312//6136 4169//5926
f 4169//5926 4312//6136 6269//8933
f 6264//8928 4312//6136 4332//6167
f 3754//5348 4095//5822 4115//5852
f 4481//6385 4312//6136 6264//8928
f 6269//8933 3786//5394 6271//8936
f 4946//7108 4972//7146 4944//7106
f 4946//7109 4944//7106 4920//7070
f 4945//7107 4920//7070 4944//7106
f 6271//8936 3786//5394 3549//5040
f 4312//6136 3786//5394 6269//8933
f 4702//6719 4312//6136 6270//8934
f 1033//1433 1026//1423 6273//8938
f 3939//5606 3920//5580 3940//5607
f 3921//5581 3920//5580 3919//5578
f 3939//5606 3919//5578 3920//5580
f 3206//4515 6236//8892 3261//4594
f 2292//3153 2124//2903 2178//2978
f 2292//3154 2178//2979 2219//3035
f 2292//3153 2219//3036 2236//3062
f 2292//3153 2236//3062 2256//3093
f 2292//3153 2256//3093 2272//3120
f 2292//3153 2272//3120 2293//3155
f 2292//3153 2293//3155 2316//3189
f 2315//3188 2316//3189 2330//3207
f 2315//3188 2330//3207 2346//3232
f 2315//3188 2346//3232 2360//3248
f 2315//3188 2360//3248 2376//3271
f 2315//3188 2376//3271 2389//3286
f 2315//3188 2389//3286 2418//3336
f 2315//3188 2418//3336 2456//3390
f 2962//4144 2522//3484 2582//3568
f 2962//4144 2582//3568 2650//3670
f 2962//4144 2650//3670 2699//3745
f 2962//4144 2699//3745 2738//3805
f 2962//4144 2738//3805 2774//3859
f 2962//4144 2774//3859 2811//3913
f 2962//4144 2811//3913 2851//3968
f 2962//4144 2851//3968 2883//4019
f 2962//4144 2883//4019 2912//4063
f 2962//4144 2939//4107 2963//4148
f 2962//4144 2963//4148 2985//4186
f 2962//4144 2985//4186 3011//4230
f 3181//4480 3011//4230 3042//4274
f 3181//4480 3042//4274 3075//4323
f 3181//4480 3103//4366 3134//4414
f 3181//4480 3134//4414 3159//4450
f 3181//4480 3159//4450 3183//4482
f 3181//4480 3183//4482 3209//4519
f 6236//8892 3209//4519 3234//4553
f 1033//1433 6273//8938 1017//1411
f 1033//1433 1017//1411 1026//1423
f 6236//8892 3234//4553 3261//4594
f 2815//3918 6274//8941 3548//5037
f 2962//4144 2456//3390 2522//3484
f 2962//4144 2912//4063 2939//4107
f 3181//4480 3104//4367 3103//4366
f 3181//4480 3075//4323 3104//4367
f 3786//5394 3548//5037 3549//5040
f 4946//7109 4974//7149 4972//7146
f 6273//8938 991//1371 1017//1411
f 6275//8942 6277//8944 6276//8943
f 663//935 722//1014 721//1013
f 3939//5606 3940//5607 3941//5608
f 2178//2978 2124//2901 1078//1492
f 2219//3037 2178//2980 1078//1493
f 2236//3062 2219//3036 1078//1492
f 2256//3093 2236//3062 1078//1492
f 2272//3120 2256//3093 1078//1492
f 2293//3155 2272//3120 1078//1492
f 2316//3189 2293//3155 1078//1492
f 2330//3207 2316//3189 1078//1492
f 2346//3232 2330//3207 1078//1492
f 2360//3248 2346//3232 1078//1492
f 2376//3271 2360//3248 1078//1492
f 2389//3286 2376//3271 1078//1492
f 2418//3336 2389//3286 1078//1492
f 2456//3390 2418//3336 1078//1492
f 2522//3484 2456//3390 1078//1492
f 2582//3568 2522//3484 1078//1492
f 2650//3670 2582//3568 1078//1492
f 2699//3745 2650//3670 1078//1492
f 2738//3805 2699//3745 1078//1492
f 2774//3859 2738//3805 1078//1492
f 2811//3913 2774//3859 1078//1492
f 2851//3968 2811//3913 1078//1492
f 2883//4019 2851//3968 1078//1492
f 2912//4063 2883//4019 1078//1492
f 2939//4107 2912//4063 1078//1492
f 2963//4148 2939//4107 1078//1492
f 2985//4186 2963//4148 1078//1492
f 3011//4230 2985//4186 1078//1492
f 3042//4274 3011//4230 1078//1492
f 3075//4323 3042//4274 1078//1492
f 3104//4367 3075//4323 1078//1492
f 3103//4366 3104//4367 1078//1492
f 3134//4414 3103//4366 1078//1492
f 3159//4450 3134//4414 1078//1492
f 3183//4482 3159//4450 1078//1492
f 3209//4519 3183//4482 1078//1492
f 3234//4553 3209//4519 1078//1492
f 3261//4594 3234//4553 1078//1492
f 4095//5822 3261//4594 1078//1492
f 4115//5853 4095//5823 1078//1493
f 6279//8947 6281//8949 6280//8948
f 3940//5607 3962//5637 3941//5608
f 3940//5607 4003//5694 3962//5637
f 6282//8950 6283//8951 6284//8952
f 4975//7150 5005//7193 4974//7149
f 5005//7193 5008//7196 4974//7149
f 991//1371 976//1350 1017//1412
f 5645//8158 6278//8945 6319//8992
f 6285//8953 6287//8955 6286//8954
f 3961//5636 3941//5608 3962//5637
f 3961//5636 3938//5604 3941//5608
f 3939//5606 3941//5608 3938//5604
f 6288//8956 6289//8957 6290//8958
f 3786//5395 3333//4706 3548//5038
f 6291//8959 6293//8961 6292//8960
f 991//1371 6273//8938 1354//1852
f 6294//8962 6295//8963 6296//8964
f 3981//5662 3962//5637 4003//5694
f 5329//7684 6231//8886 6272//8937
f 6297//8965 6299//8967 6298//8966
f 6300//8968 6301//8969 6302//8970
f 1078//1492 1004//1389 1069//1481
f 6303//8971 6305//8973 6304//8972
f 6306//8974 6307//8975 6308//8976
f 6309//8977 6310//8978 6311//8979
f 4946//7109 4947//7110 4974//7149
f 4976//7151 4974//7149 4947//7110
f 5866//8476 5879//8496 5854//8461
f 5857//8464 5866//8476 5854//8461
f 5644//8157 6278//8945 5645//8158
f 5639//8148 6278//8945 5644//8157
f 5639//8148 5637//8146 6278//8946
f 4976//7151 4975//7150 4974//7149
f 5645//8158 6319//8992 5644//8157
f 5127//7375 4972//7146 5008//7196
f 1354//1853 6273//8939 1114//1540
f 4702//6719 6270//8934 4764//6816
f 1004//1389 947//1307 647//917
f 3961//5636 3962//5637 3960//5634
f 3980//5661 3960//5634 3962//5637
f 3980//5661 3962//5637 3981//5662
f 4133//5877 4115//5852 1078//1492
f 4133//5877 1078//1492 1069//1481
f 4133//5877 1069//1481 1105//1527
f 4186//5949 4133//5877 1105//1527
f 4115//5852 4133//5877 4186//5949
f 5639//8148 5644//8157 5637//8146
f 4001//5690 4003//5694 4040//5745
f 2311//3182 2268//3111 2269//3114
f 5611//8109 3585//5093 6312//8980
f 991//1372 978//1354 976//1350
f 3754//5349 4305//6124 4003//5695
f 1965//2685 6322//8997 1608//2229
f 6357//9035 1965//2685 2345//3231
f 2962//4146 6362//9040 2345//3231
f 4976//7151 5005//7193 4975//7150
f 4000//5688 3981//5662 4003//5694
f 4000//5688 3979//5659 3981//5662
f 3980//5661 3981//5662 3979//5659
f 1011//1401 6458//9154 6313//8982
f 5649//8162 6319//8992 6317//8988
f 5649//8162 6317//8988 6316//8986
f 5638//8147 6231//8886 5329//7684
f 4977//7152 5006//7194 5005//7193
f 4976//7151 4948//7112 5005//7193
f 4977//7152 5005//7193 4948//7112
f 4464//6359 4367//6219 4312//6136
f 4702//6720 4464//6359 4312//6137
f 1079//1494 1069//1481 1004//1389
f 5649//8162 6316//8986 6319//8992
f 1024//1419 6369//9048 1028//1425
f 4000//5689 4003//5696 4001//5691
f 5005//7193 5006//7194 5008//7196
f 4251//6041 4290//6100 6244//8902
f 4832//6935 4785//6855 6260//8923
f 4993//7175 6420//9102 6256//8918
f 1010//1400 1004//1389 648//918
f 648//918 1004//1389 647//917
f 4021//5720 3999//5686 4001//5690
f 4000//5688 4001//5690 3999//5686
f 3548//5039 3012//4231 2815//3918
f 4021//5720 4001//5690 4040//5745
f 6313//8983 6318//8989 1011//1402
f 4977//7152 5007//7195 5006//7194
f 5008//7196 5006//7194 5007//7195
f 5033//7233 5127//7375 5008//7196
f 1531//2125 6320//8995 1520//2109
f 1608//2229 1571//2180 6320//8994
f 1582//2195 1571//2180 1608//2229
f 6321//8996 1582//2195 1608//2229
f 1608//2229 1623//2247 6321//8996
f 1631//2259 1623//2247 1608//2229
f 1640//2272 1631//2259 1608//2229
f 6322//8997 1640//2272 1608//2230
f 1965//2686 1722//2371 6322//8997
f 1753//2406 1722//2371 1965//2686
f 6323//8998 1753//2406 1965//2686
f 1965//2685 1933//2637 6323//8998
f 6357//9035 1964//2683 1965//2686
f 1964//2683 1933//2637 1965//2686
f 6324//8999 2152//2942 2345//3231
f 2152//2943 6357//9035 2345//3231
f 2345//3231 2235//3059 6324//9000
f 2255//3091 2235//3059 2345//3231
f 6362//9040 2271//3118 2345//3231
f 2271//3118 2255//3091 2345//3231
f 2962//4144 2521//3482 6325//9001
f 6326//9002 2581//3566 2962//4146
f 2581//3566 2521//3482 2962//4144
f 2962//4144 2810//3911 6326//9002
f 3157//4448 2850//3966 2962//4146
f 2850//3966 2810//3911 2962//4144
f 633//899 663//936 6146//8793
f 4305//6125 4072//5790 4003//5694
f 4072//5790 4040//5745 4003//5694
f 2180//2982 2129//2910 2099//2865
f 2224//3044 2200//3008 2158//2955
f 2224//3044 2199//3007 2200//3008
f 2420//3342 2298//3162 2257//3094
f 2420//3342 2257//3094 2333//3213
f 6318//8989 6458//9155 1011//1402
f 2420//3342 2350//3236 2298//3162
f 1292//1772 1354//1853 1114//1540
f 1024//1420 6318//8990 6369//9049
f 1024//1421 1028//1426 6318//8991
f 4021//5720 4040//5745 4022//5721
f 3211//4522 3043//4275 3548//5038
f 3333//4706 6378//9059 3548//5038
f 6378//9059 3287//4636 3548//5038
f 3287//4636 3211//4522 3548//5038
f 3461//4905 6378//9059 3333//4706
f 4704//6724 4552//6491 4702//6720
f 4702//6720 4552//6491 4464//6359
f 4312//6137 6398//9079 3786//5395
f 6398//9079 3928//5591 3786//5395
f 3928//5591 6371//9051 3786//5394
f 3763//5359 6388//9069 3333//4706
f 6371//9051 3763//5359 3786//5394
f 3786//5394 3763//5359 3333//4706
f 3548//5038 3043//4275 3012//4232
f 5009//7197 5008//7196 5007//7195
f 5009//7197 5007//7195 4978//7153
f 4977//7152 4978//7153 5007//7195
f 6327//9003 6329//9005 6328//9004
f 4040//5745 4038//5743 4022//5721
f 4021//5720 4022//5721 4020//5718
f 4039//5744 4020//5718 4022//5721
f 4039//5744 4022//5721 4038//5743
f 6330//9006 6331//9007 6332//9008
f 4058//5771 4040//5745 4072//5790
f 4058//5771 4038//5743 4040//5745
f 1981//2711 1920//2615 1921//2617
f 1981//2711 1980//2709 1920//2615
f 6333//9009 6335//9011 6334//9010
f 6336//9012 6338//9014 6337//9013
f 6339//9015 6340//9016 6341//9017
f 1019//1414 1010//1400 635//903
f 1004//1389 1010//1400 1019//1414
f 635//903 1010//1400 648//918
f 5009//7197 5031//7230 5008//7196
f 6342//9018 6343//9019 6344//9020
f 6345//9021 6347//9023 6346//9022
f 4090//5814 4072//5790 4305//6125
f 2268//3112 6348//9025 2269//3115
f 3665//5218 3585//5094 5611//8110
f 2152//2942 1520//2110 6349//9027
f 2152//2943 1531//2126 1520//2111
f 2152//2944 6320//8995 1531//2125
f 2152//2945 6350//9028 1571//2181
f 2152//2944 1571//2182 1582//2196
f 2152//2943 1582//2195 6321//8996
f 2152//2942 6351//9029 1623//2248
f 2152//2944 1623//2249 1631//2260
f 2152//2946 1631//2261 1640//2273
f 2152//2945 1640//2274 6352//9030
f 2152//2945 6353//9031 1722//2372
f 2152//2945 1722//2372 1753//2407
f 2152//2942 1753//2408 6354//9032
f 2152//2945 6355//9033 1933//2638
f 2152//2945 1933//2638 1964//2684
f 2152//2945 1964//2684 6356//9034
f 2152//2947 6358//9036 6359//9037
f 2152//2945 6360//9038 2235//3060
f 2152//2942 2235//3061 2255//3092
f 2152//2942 2255//3092 2271//3119
f 2152//2942 2271//3119 6361//9039
f 2152//2944 6362//9041 2962//4147
f 2152//2942 2962//4144 6325//9001
f 2152//2942 6363//9042 2521//3483
f 2152//2942 2521//3483 2581//3567
f 2152//2942 2581//3567 6364//9043
f 2152//2942 6365//9044 2810//3912
f 2152//2942 2810//3912 2850//3967
f 2152//2942 2850//3967 6366//9045
f 1002//1386 6368//9047 6367//9046
f 4059//5772 4038//5743 4058//5771
f 4039//5744 4038//5743 4037//5741
f 4059//5772 4037//5741 4038//5743
f 5008//7196 5031//7230 5033//7233
f 3585//5094 3665//5218 6312//8981
f 4271//6071 4253//6044 4312//6137
f 3928//5591 3908//5564 6371//9051
f 4704//6724 4593//6555 4552//6491
f 4552//6491 4535//6465 4464//6359
f 4535//6465 4514//6434 4464//6359
f 4514//6434 4482//6386 4464//6359
f 4449//6338 4412//6285 4464//6359
f 4464//6359 4412//6285 4367//6219
f 4333//6168 4312//6137 4367//6219
f 4312//6137 4253//6044 6370//9050
f 6370//9050 4098//5826 4312//6136
f 4098//5826 6398//9079 4312//6137
f 6398//9079 3989//5673 3928//5591
f 3989//5673 3969//5646 3928//5591
f 3333//4706 3481//4935 3461//4905
f 6371//9051 3787//5396 3763//5359
f 6388//9069 3605//5127 3333//4706
f 3333//4706 3605//5127 3571//5074
f 3571//5074 3550//5041 3333//4706
f 3421//4843 6378//9059 3461//4905
f 3287//4636 3263//4597 3211//4522
f 6378//9059 3309//4669 3287//4636
f 3211//4522 3186//4486 3043//4275
f 4228//6009 4186//5949 1105//1527
f 5035//7235 5127//7375 5033//7233
f 4412//6285 4389//6253 4367//6219
f 5009//7197 5011//7199 5031//7230
f 5010//7198 5033//7233 5031//7230
f 5010//7198 5031//7230 5011//7199
f 3012//4231 2818//3922 2815//3918
f 2101//2870 2180//2982 2159//2956
f 1114//1540 6273//8939 1051//1455
f 2965//4151 2966//4153 2964//4149
f 6372//9052 2964//4150 2966//4154
f 2965//4152 2964//4150 6373//9053
f 989//1368 6374//9055 1002//1386
f 4350//6195 4333//6168 4367//6219
f 4430//6311 4412//6285 4449//6338
f 4498//6411 4482//6386 4514//6434
f 4572//6522 4552//6491 4593//6555
f 4292//6104 4271//6071 4312//6137
f 4078//5797 6398//9079 4098//5826
f 3951//5622 3928//5591 3969//5646
f 3888//5538 6376//9057 3908//5564
f 3808//5427 3787//5396 6371//9051
f 3740//5324 6388//9069 3763//5359
f 3586//5095 3571//5074 3605//5127
f 3504//4970 3481//4935 3333//4706
f 3440//4870 3421//4843 3461//4905
f 3422//4844 6378//9059 3421//4843
f 3106//4370 3078//4327 6377//9058
f 3236//4556 3211//4522 3263//4597
f 4932//7090 4704//6724 4702//6720
f 3236//4556 3237//4558 3211//4522
f 3236//4557 3263//4598 3237//4559
f 3586//5096 3605//5128 3587//5097
f 3586//5095 3587//5098 3571//5074
f 1292//1772 1114//1540 1131//1562
f 3441//4871 6378//9059 3422//4844
f 3441//4871 3422//4844 3482//4936
f 3441//4871 3463//4907 6379//9060
f 3399//4811 3423//4845 6380//9061
f 3462//4906 3422//4844 3421//4843
f 3462//4906 3421//4843 3440//4870
f 3462//4906 3440//4870 3526//5004
f 3462//4906 3482//4936 3422//4844
f 3505//4971 3440//4870 3461//4905
f 3505//4971 3461//4905 3481//4935
f 3505//4971 3481//4935 3551//5043
f 3525//5003 3481//4935 3504//4970
f 3377//4777 3402//4815 3309//4669
f 3505//4971 3526//5004 3440//4870
f 3525//5003 3504//4970 3573//5078
f 3525//5003 3551//5043 3481//4935
f 3572//5075 3504//4970 3333//4706
f 3377//4777 3309//4669 6381//9062
f 3334//4708 3378//4778 3263//4597
f 3572//5076 3333//4707 3550//5042
f 3572//5075 3550//5041 3606//5129
f 3334//4708 3309//4669 3402//4815
f 3334//4708 3287//4636 3309//4669
f 3572//5075 3573//5078 3504//4970
f 3588//5099 3550//5041 3571//5074
f 3377//4777 6382//9063 3423//4845
f 3334//4708 3263//4597 3287//4636
f 3310//4670 3335//4709 3237//4558
f 3588//5099 3587//5098 3623//5153
f 3588//5099 3606//5129 3550//5041
f 4431//6312 4482//6386 4432//6313
f 3310//4670 3263//4597 3378//4778
f 4594//6556 4644//6635 4574//6524
f 3588//5099 3571//5074 3587//5098
f 3310//4670 3237//4558 3263//4597
f 4594//6556 6383//9064 4644//6635
f 3264//4599 3311//4671 3186//4486
f 3264//4599 3211//4522 3237//4558
f 3264//4599 3186//4486 3211//4522
f 3238//4560 3288//4637 6384//9065
f 4573//6523 6385//9066 4553//6492
f 4573//6523 4516//6438 4593//6555
f 3238//4560 3186//4486 3311//4671
f 3238//4560 6386//9067 3186//4486
f 3187//4487 3239//4561 3106//4370
f 4431//6312 4391//6255 4449//6338
f 4431//6312 4449//6338 4464//6360
f 3187//4487 6387//9068 3288//4637
f 3741//5325 6388//9069 3740//5324
f 3741//5325 3740//5324 3765//5362
f 4413//6286 4368//6222 4430//6311
f 3764//5360 3740//5324 3763//5359
f 3764//5361 3763//5359 3787//5396
f 3764//5360 3787//5396 3810//5429
f 4293//6106 4333//6168 4294//6109
f 4413//6286 4449//6338 4391//6255
f 3764//5360 3765//5362 3740//5324
f 3809//5428 3787//5396 3808//5427
f 3187//4487 3106//4370 6389//9070
f 3161//4452 3212//4523 3078//4327
f 3809//5428 3808//5427 3830//5458
f 3809//5428 3810//5429 3787//5396
f 3399//4811 6390//9071 3463//4907
f 3161//4452 3078//4327 3106//4370
f 3829//5457 3808//5427 6371//9051
f 3829//5457 6391//9072 3872//5516
f 3079//4328 3078//4327 3212//4523
f 3829//5457 3830//5458 3808//5427
f 3079//4328 3043//4275 3078//4327
f 3871//5515 6392//9073 3888//5538
f 4413//6286 4430//6311 4449//6338
f 4390//6254 4334//6170 4389//6253
f 4465//6361 4482//6386 4498//6411
f 3871//5515 3888//5538 3889//5539
f 4390//6254 4430//6311 4368//6222
f 3871//5515 3872//5516 6393//9074
f 4390//6254 4412//6285 4430//6311
f 3909//5565 3888//5538 3908//5564
f 3909//5565 3908//5564 3930//5593
f 4465//6361 4498//6411 4450//6339
f 3909//5565 3889//5539 3888//5538
f 4465//6361 4432//6313 4482//6386
f 3929//5592 3908//5564 3928//5591
f 3929//5592 3928//5591 3951//5622
f 3929//5592 3951//5622 3952//5623
f 4499//6412 4498//6411 4514//6434
f 4499//6412 4514//6434 4535//6465
f 3929//5592 3930//5593 3908//5564
f 3970//5647 3951//5622 3969//5646
f 3970//5647 3969//5646 3989//5673
f 3970//5647 3989//5673 3991//5675
f 4499//6412 4535//6465 4466//6362
f 3970//5647 3952//5623 3951//5622
f 3990//5674 3989//5673 6394//9075
f 4499//6412 4450//6339 4498//6411
f 3990//5674 6395//9076 4011//5706
f 3990//5674 3991//5675 3989//5673
f 3161//4452 3106//4370 3239//4561
f 4515//6435 4535//6465 4552//6491
f 4390//6254 4389//6253 4412//6285
f 4351//6196 4314//6141 4350//6195
f 4028//5729 6396//9077 4049//5758
f 4028//5729 4011//5706 6397//9078
f 4515//6435 4552//6491 4572//6522
f 4515//6435 4572//6522 4500//6413
f 4048//5757 6398//9079 4078//5797
f 4048//5757 4078//5797 4064//5779
f 4048//5757 4049//5758 6399//9080
f 4515//6435 4466//6362 4535//6465
f 4536//6466 4572//6522 4593//6555
f 4079//5798 4078//5797 4098//5826
f 4079//5798 4098//5826 4080//5799
f 4536//6466 4593//6555 4516//6438
f 4079//5798 4064//5779 4078//5797
f 4117//5855 4098//5826 6370//9050
f 4117//5855 6400//9081 4118//5856
f 4536//6466 4500//6413 4572//6522
f 4351//6196 4389//6253 4334//6170
f 4117//5855 4080//5799 4098//5826
f 4573//6523 4593//6555 6401//9082
f 4625//6604 4574//6524 4644//6635
f 4625//6604 6375//9056 4677//6683
f 4136//5881 6402//9083 4137//5882
f 4136//5881 4118//5856 6403//9084
f 4351//6196 4367//6220 4389//6253
f 4625//6604 4644//6635 6375//9056
f 4170//5927 6404//9085 4171//5928
f 4170//5927 4137//5882 6405//9086
f 4594//6556 4553//6492 6406//9087
f 4431//6312 4464//6360 4482//6386
f 3622//5152 3587//5098 3605//5127
f 3622//5152 3623//5153 3587//5098
f 4192//5957 6407//9088 4193//5958
f 4351//6196 4350//6195 4367//6221
f 4313//6140 4294//6109 4333//6168
f 3622//5152 3605//5127 3666//5219
f 3643//5183 3605//5127 6388//9069
f 4192//5957 4171//5928 6408//9089
f 4313//6140 4350//6195 4314//6141
f 4232//6014 6409//9090 4253//6044
f 3643//5183 3666//5219 3605//5127
f 4232//6014 4253//6044 4233//6015
f 4232//6014 4193//5958 6410//9091
f 4254//6045 4253//6044 4271//6071
f 4313//6140 4333//6168 4350//6195
f 4254//6045 4271//6071 4292//6104
f 4254//6045 4292//6104 4255//6046
f 4254//6045 4233//6015 4253//6044
f 4293//6107 4292//6105 4312//6138
f 4293//6108 4312//6139 4333//6169
f 4293//6106 4255//6046 4292//6104
f 3264//4599 3237//4558 3335//4709
f 4074//5792 4058//5771 4072//5790
f 4074//5792 4057//5769 4058//5771
f 4059//5772 4058//5771 4057//5769
f 1016//1409 6411//9092 6318//8989
f 1016//1409 6318//8989 6459//9156
f 1069//1481 1079//1494 1105//1527
f 4228//6009 1105//1527 1079//1494
f 2818//3923 6498//9206 2815//3919
f 989//1368 990//1369 6412//9094
f 805//1124 6429//9112 866//1209
f 6413//9095 6415//9097 6414//9096
f 4269//6069 4186//5949 4228//6009
f 4074//5792 4072//5790 4073//5791
f 5496//7957 6666//9388 5502//7968
f 5496//7957 5465//7912 5478//7929
f 5200//7489 5117//7363 6936//9687
f 5496//7957 5478//7929 6666//9388
f 6418//9100 5622//8125 5611//8110
f 3584//5092 3785//5393 6945//9696
f 3584//5092 3547//5036 6312//8981
f 3584//5092 6312//8981 3785//5393
f 3807//5426 6419//9101 6941//9692
f 3807//5426 3761//5357 3785//5393
f 3807//5426 3785//5393 6419//9101
f 989//1368 1002//1386 990//1369
f 6273//8939 1040//1441 1051//1455
f 1196//1643 1292//1772 1131//1562
f 970//1341 1002//1386 6416//9098
f 978//1354 6434//9117 976//1351
f 4269//6069 4228//6009 1135//1566
f 4228//6009 1079//1494 1135//1566
f 1354//1852 6451//9139 991//1371
f 970//1342 990//1370 1002//1387
f 636//904 1019//1414 634//901
f 6437//9122 1019//1414 636//904
f 1004//1389 1019//1414 6437//9122
f 634//901 1019//1414 635//903
f 5010//7198 5034//7234 5033//7233
f 4571//6521 6256//8919 6420//9103
f 4571//6521 6244//8903 4290//6102
f 4571//6521 4290//6102 6421//9104
f 4571//6521 6422//9105 4534//6464
f 4571//6521 4534//6464 6423//9106
f 4571//6521 6426//9109 4879//7008
f 4571//6521 4879//7008 6427//9110
f 4571//6521 6260//8924 4785//6856
f 4571//6521 4785//6856 6428//9111
f 5033//7233 5034//7234 5035//7235
f 1131//1562 1114//1540 1115//1542
f 6146//8793 658//930 633//899
f 1114//1541 1051//1455 1057//1465
f 1114//1540 1057//1465 1067//1479
f 4072//5790 4090//5814 4073//5791
f 5063//7279 5127//7375 5035//7235
f 6432//9115 792//1108 658//930
f 970//1341 6431//9114 990//1369
f 1208//1661 1292//1772 1196//1643
f 1042//1444 1040//1442 6433//9116
f 1021//1416 1040//1442 6430//9113
f 1022//1417 1040//1442 1021//1416
f 1020//1415 1040//1442 1023//1418
f 1042//1444 1051//1456 1040//1442
f 1023//1418 1040//1442 1022//1417
f 4931//7088 4702//6721 4764//6816
f 4109//5842 4090//5814 4305//6125
f 1114//1540 1076//1490 1094//1512
f 1114//1540 1067//1479 1076//1490
f 5036//7236 5034//7234 5012//7201
f 5010//7198 5012//7201 5034//7234
f 5036//7236 5035//7235 5034//7234
f 1056//1464 1051//1456 1050//1454
f 1042//1444 1050//1454 1051//1456
f 4091//5816 4073//5791 4090//5814
f 4074//5792 4073//5791 4071//5788
f 4091//5816 4071//5788 4073//5791
f 1407//1936 6457//9152 991//1371
f 6451//9140 1407//1936 991//1371
f 1056//1464 1057//1465 1051//1456
f 1066//1478 1057//1465 1065//1476
f 1066//1478 1067//1479 1057//1465
f 1056//1464 1065//1476 1057//1465
f 733//1025 658//930 792//1108
f 1066//1478 1076//1490 1067//1479
f 977//1352 6434//9117 978//1354
f 1163//1600 1196//1643 1131//1562
f 1163//1600 1131//1562 1153//1588
f 1086//1504 1094//1512 1076//1490
f 1086//1504 1076//1490 1075//1488
f 1066//1478 1075//1488 1076//1490
f 1114//1540 1094//1512 1115//1542
f 2965//4152 6373//9053 2966//4154
f 1016//1410 6459//9156 6411//9093
f 4479//6382 3754//5348 4186//5949
f 1131//1562 1115//1542 1124//1554
f 2180//2982 2099//2865 2159//2956
f 1102//1522 1094//1512 1093//1511
f 1102//1522 1115//1542 1094//1512
f 1086//1504 1093//1511 1094//1512
f 5036//7236 5063//7279 5035//7235
f 2818//3922 3012//4231 6498//9207
f 6495//9199 5638//8147 5329//7684
f 793//1109 6429//9112 805//1124
f 793//1109 792//1108 6429//9112
f 2373//3268 2269//3116 6348//9026
f 733//1025 792//1108 793//1109
f 4703//6722 6375//9056 4704//6724
f 4703//6722 4677//6683 6375//9056
f 4109//5843 4110//5844 4090//5815
f 4109//5842 4305//6125 4110//5845
f 822//1151 805//1124 866//1209
f 733//1025 659//931 658//930
f 633//899 658//930 659//931
f 5063//7279 5065//7282 5127//7375
f 733//1025 793//1109 659//931
f 4111//5846 4089//5812 4090//5814
f 4091//5816 4090//5814 4089//5812
f 4111//5846 4090//5814 4110//5845
f 1102//1522 1112//1536 1115//1542
f 1113//1539 1115//1542 1112//1536
f 1113//1539 1124//1554 1115//1542
f 1131//1562 1140//1573 1153//1588
f 970//1341 6434//9118 977//1353
f 4645//6636 4596//6559 4677//6683
f 4625//6604 4677//6683 4596//6559
f 6435//9119 6442//9128 1045//1447
f 6435//9120 1045//1448 6436//9121
f 4703//6723 4704//6725 4677//6684
f 4645//6636 4677//6683 4704//6726
f 1130//1561 1131//1562 1124//1554
f 1130//1561 1124//1554 1123//1552
f 1113//1539 1123//1552 1124//1554
f 970//1342 977//1352 978//1354
f 5036//7236 5013//7203 5063//7279
f 5037//7237 5063//7279 5013//7203
f 5037//7237 5065//7282 5063//7279
f 1130//1561 1140//1573 1131//1562
f 5877//8493 5854//8461 5878//8495
f 734//1026 659//931 793//1109
f 633//899 659//931 660//932
f 734//1026 660//932 659//931
f 734//1026 793//1109 794//1110
f 1130//1561 1139//1570 1140//1573
f 1152//1587 1140//1573 1139//1570
f 1152//1587 1153//1588 1140//1573
f 1245//1709 1292//1772 1208//1661
f 1245//1709 1208//1661 1233//1695
f 1152//1587 1163//1600 1153//1588
f 1044//1446 6436//9121 6438//9123
f 6443//9131 978//1354 991//1372
f 4127//5868 4108//5840 4110//5845
f 4127//5868 4110//5845 4129//5871
f 4111//5846 4110//5845 4108//5840
f 4305//6124 4129//5871 4110//5845
f 1152//1587 1162//1599 1163//1600
f 1176//1617 1163//1600 1162//1599
f 1176//1617 1196//1643 1163//1600
f 793//1109 805//1124 794//1110
f 6436//9121 1045//1448 6438//9123
f 4880//7009 4881//7011 4931//7088
f 4880//7009 4931//7088 4764//6816
f 1196//1643 1186//1629 1197//1644
f 1196//1643 1197//1644 1208//1661
f 4880//7010 4764//6817 4881//7012
f 4305//6124 4147//5896 4129//5871
f 734//1026 794//1110 660//932
f 1176//1617 1186//1629 1196//1643
f 1245//1709 1251//1716 1292//1772
f 1185//1628 1186//1629 1184//1626
f 1185//1628 1197//1644 1186//1629
f 1176//1617 1184//1626 1186//1629
f 1044//1446 1043//1445 6436//9121
f 953//1313 6443//9131 991//1372
f 3079//4328 3044//4276 3043//4275
f 1208//1661 1222//1682 1233//1695
f 1044//1446 6438//9123 1043//1445
f 6457//9152 6442//9129 1034//1434
f 1031//1431 1004//1389 6437//9122
f 1031//1431 1049//1453 1004//1389
f 1944//2658 2041//2789 1999//2737
f 2101//2870 1999//2737 2041//2789
f 992//1373 6448//9136 6457//9152
f 1185//1628 1195//1641 1197//1644
f 1207//1659 1197//1644 1195//1641
f 1207//1659 1208//1661 1197//1644
f 2816//3920 2814//3917 6498//9206
f 992//1373 6457//9152 1034//1434
f 5067//7285 5065//7282 5038//7238
f 5037//7237 5038//7238 5065//7282
f 1207//1660 1222//1683 1208//1662
f 2813//3915 2814//3917 2817//3921
f 2816//3920 2817//3921 2814//3917
f 4932//7090 4725//6757 4704//6724
f 4145//5893 4129//5871 4147//5896
f 4145//5893 4128//5869 4129//5871
f 4127//5868 4129//5871 4128//5869
f 725//1017 660//932 794//1110
f 5477//7928 5638//8147 6495//9199
f 5067//7285 5066//7283 5065//7282
f 5127//7375 5065//7282 5066//7283
f 4479//6383 4305//6124 3754//5349
f 1232//1694 1233//1695 1222//1682
f 1232//1694 1222//1682 1221//1680
f 1207//1659 1221//1680 1222//1682
f 795//1111 794//1110 805//1124
f 6439//9125 6441//9127 6440//9126
f 4330//6164 4383//6244 4269//6069
f 1232//1694 1245//1709 1233//1695
f 1031//1431 6437//9122 618//879
f 1039//1440 1034//1434 6442//9129
f 1296//1777 1292//1772 1284//1761
f 1296//1777 1354//1853 1292//1772
f 5094//7326 6456//9151 5127//7376
f 1292//1772 1251//1716 1265//1734
f 725//1017 795//1111 661//933
f 725//1017 661//933 660//932
f 725//1017 794//1110 795//1111
f 4147//5896 4305//6124 4164//5919
f 1244//1708 1251//1716 1245//1709
f 1244//1708 1245//1709 1243//1706
f 1232//1694 1243//1706 1245//1709
f 5731//8273 6316//8987 5657//8176
f 5731//8273 5747//8300 6316//8987
f 4645//6636 4704//6724 4705//6727
f 4725//6757 4705//6727 4704//6724
f 633//899 660//932 661//933
f 1354//1854 6454//9147 6451//9141
f 4330//6164 4269//6069 1135//1566
f 992//1373 1034//1434 1039//1440
f 6448//9136 992//1373 1039//1440
f 4162//5916 4146//5894 4147//5896
f 4162//5916 4147//5896 4164//5919
f 4145//5893 4147//5896 4146//5894
f 6438//9124 1045//1449 6442//9130
f 970//1342 978//1355 6443//9131
f 1296//1777 1306//1789 1354//1853
f 1258//1725 1265//1734 1251//1716
f 1258//1725 1251//1716 1250//1714
f 1244//1708 1250//1714 1251//1716
f 4330//6164 1135//1566 1145//1578
f 4383//6244 4330//6164 1156//1592
f 4330//6164 1145//1578 1156//1592
f 5068//7286 5127//7375 5066//7284
f 5067//7285 5039//7240 5066//7283
f 5068//7287 5066//7283 5039//7240
f 970//1342 931//1285 999//1382
f 970//1342 6443//9131 953//1313
f 970//1342 953//1314 6453//9145
f 970//1342 6444//9132 931//1285
f 970//1342 999//1382 6445//9133
f 795//1111 805//1124 796//1112
f 740//1032 661//933 795//1111
f 740//1032 795//1111 796//1112
f 633//899 661//933 662//934
f 740//1032 662//934 661//933
f 1292//1772 1265//1734 1284//1761
f 1274//1748 1265//1734 6446//9134
f 1274//1748 1284//1761 1265//1734
f 1258//1725 6447//9135 1265//1734
f 2816//3920 6498//9206 2817//3921
f 4645//6636 4705//6727 4626//6606
f 4678//6685 4626//6606 4705//6727
f 4678//6685 4705//6727 4725//6757
f 4426//6304 4305//6124 4479//6383
f 4305//6124 4182//5943 4164//5919
f 1291//1771 1284//1761 6449//9137
f 1274//1748 6450//9138 1284//1761
f 4162//5916 4164//5919 4163//5917
f 4181//5942 4164//5919 4182//5943
f 4181//5942 4163//5917 4164//5919
f 1291//1771 1296//1777 1284//1761
f 740//1032 796//1112 662//934
f 4203//5972 4182//5943 4305//6124
f 1145//1578 1135//1566 1079//1494
f 1354//1853 1306//1789 1324//1816
f 5068//7288 5094//7327 5127//7377
f 955//1318 6457//9152 6448//9136
f 955//1318 991//1371 6457//9152
f 1080//1495 1079//1494 1004//1389
f 1295//1776 1306//1789 1296//1777
f 1291//1771 1290//1770 1296//1777
f 1295//1776 1296//1777 1290//1770
f 1032//1432 1031//1431 618//879
f 1049//1453 1031//1431 1032//1432
f 955//1318 6448//9136 6452//9143
f 717//1006 796//1112 780//1089
f 717//1006 662//934 796//1112
f 955//1319 6453//9146 991//1372
f 6453//9146 953//1313 991//1372
f 717//1006 644//914 662//934
f 633//899 662//934 644//914
f 5068//7287 5069//7289 5094//7326
f 5098//7332 5094//7326 5069//7289
f 5098//7332 5096//7330 5094//7326
f 4496//6409 4186//5949 4269//6069
f 4496//6409 4479//6382 4186//5949
f 1314//1800 1306//1789 1305//1787
f 1314//1800 1324//1816 1306//1789
f 1295//1776 1305//1787 1306//1789
f 5094//7326 5096//7330 6456//9151
f 1038//1439 1032//1432 620//881
f 1049//1453 1032//1432 1038//1439
f 620//881 1032//1432 618//879
f 4181//5942 4182//5943 4180//5940
f 4204//5973 4180//5940 4182//5943
f 4204//5973 4182//5943 4203//5972
f 2988//4189 2853//3971 6373//9054
f 2853//3971 3012//4231 6373//9053
f 2987//4188 2988//4189 6373//9053
f 1354//1853 1324//1816 1342//1838
f 2987//4188 6373//9053 3043//4275
f 3044//4276 2987//4188 3043//4275
f 2853//3971 2852//3969 3012//4231
f 1919//2613 1980//2710 1979//2708
f 717//1006 780//1089 644//914
f 2852//3969 6498//9207 3012//4231
f 4203//5972 4305//6124 4223//6002
f 1314//1800 1323//1814 1324//1816
f 1334//1829 1324//1816 1323//1814
f 1334//1829 1342//1838 1324//1816
f 4426//6304 4284//6090 4305//6125
f 1354//1853 1353//1851 6454//9148
f 1354//1853 1342//1838 1353//1851
f 1046//1450 1047//1451 6452//9143
f 796//1113 781//1091 780//1090
f 796//1112 805//1124 781//1092
f 4678//6685 4725//6757 4742//6783
f 1334//1829 1333//1827 1342//1838
f 1341//1837 1342//1838 1333//1827
f 1341//1837 1353//1851 1342//1838
f 633//899 644//914 645//915
f 4224//6003 4203//5972 4223//6002
f 4204//5973 4203//5972 4202//5970
f 4224//6003 4202//5970 4203//5972
f 726//1018 780//1089 781//1092
f 726//1018 644//914 780//1089
f 726//1018 645//915 644//914
f 5476//7927 6495//9199 5477//7928
f 5476//7927 5475//7926 6495//9199
f 955//1318 6452//9143 1116//1543
f 5098//7332 5070//7291 5096//7330
f 5097//7331 5096//7330 5070//7291
f 4994//7176 4931//7088 4881//7011
f 5476//7927 5477//7928 5475//7926
f 1360//1862 6454//9148 1353//1851
f 1360//1862 1353//1851 1352//1849
f 1341//1837 1352//1849 1353//1851
f 1361//1864 6451//9141 6454//9147
f 4742//6783 4725//6757 4786//6857
f 1360//1863 1361//1865 6454//9149
f 4496//6409 4269//6069 4383//6244
f 5097//7331 6455//9150 5096//7330
f 866//1209 821//1150 822//1151
f 4223//6002 4305//6124 4244//6030
f 6602//9322 1038//1439 620//881
f 1049//1453 1038//1439 6481//9178
f 6481//9178 1038//1439 6602//9322
f 6452//9143 1047//1451 1053//1458
f 4265//6062 4244//6030 4305//6125
f 726//1018 781//1092 645//915
f 6668//9390 6457//9153 1407//1937
f 4786//6857 4725//6757 4932//7090
f 782//1093 781//1092 805//1124
f 4245//6031 4223//6002 4244//6030
f 4224//6003 4223//6002 4222//6000
f 4245//6031 4222//6000 4223//6002
f 782//1093 805//1124 6491//9193
f 5267//7588 5329//7684 5127//7375
f 5662//8182 5657//8177 5655//8174
f 646//916 633//899 645//915
f 6452//9144 1053//1459 1116//1544
f 4706//6728 4646//6637 4742//6783
f 4678//6685 4742//6783 4646//6637
f 4706//6728 4742//6783 4786//6857
f 1053//1458 1047//1451 1046//1450
f 715//1004 781//1092 782//1093
f 715//1004 645//915 781//1092
f 715//1004 646//916 645//915
f 997//1380 1007//1395 998//1381
f 997//1380 998//1381 6458//9155
f 997//1380 6458//9155 1007//1395
f 6451//9141 1361//1864 1382//1900
f 6460//9157 6461//9158 6462//9159
f 6463//9160 6465//9162 6464//9161
f 5099//7333 6466//9163 5100//7335
f 5097//7331 5100//7335 6467//9164
f 4357//6203 4341//6179 4359//6206
f 2495//3445 2615//3619 2614//3617
f 3470//4917 3471//4918 3492//4951
f 6468//9165 6470//9167 6469//9166
f 6471//9168 6472//9169 6473//9170
f 4263//6057 4244//6030 4265//6062
f 4263//6057 4243//6028 4244//6030
f 4245//6031 4244//6030 4243//6028
f 5878//8495 5854//8461 5879//8496
f 715//1004 782//1093 646//916
f 4282//6088 4305//6125 4284//6090
f 4282//6088 4265//6062 4305//6125
f 6485//9182 5655//8174 5657//8177
f 646//916 6475//9172 633//899
f 4496//6409 4383//6244 4463//6358
f 4463//6358 4383//6244 1156//1592
f 4325//6156 4284//6090 4426//6304
f 1156//1592 1145//1578 1169//1607
f 5267//7589 5127//7376 6456//9151
f 5662//8182 5655//8174 6485//9182
f 4463//6358 1156//1592 1169//1607
f 6474//9171 646//916 782//1093
f 6476//9173 6477//9174 6478//9175
f 5099//7334 6480//9177 6479//9176
f 4263//6058 4265//6063 4264//6059
f 4283//6089 4265//6062 4282//6088
f 4283//6089 4264//6060 4265//6062
f 4463//6358 1169//1607 1190//1633
f 4496//6409 4463//6358 1190//1633
f 1049//1453 1080//1495 1004//1389
f 5130//7382 5131//7383 6482//9179
f 5099//7333 5101//7337 6483//9180
f 5130//7382 6484//9181 5101//7337
f 1919//2613 1920//2616 1980//2710
f 1382//1900 1444//1992 6451//9141
f 631//897 633//899 6475//9172
f 631//897 575//832 633//899
f 5267//7588 6495//9199 5329//7684
f 4304//6123 4281//6086 4282//6088
f 4304//6123 4282//6088 4284//6090
f 4283//6089 4282//6088 4281//6086
f 2813//3915 2913//4064 3360//4749
f 5172//7446 5267//7589 6456//9151
f 5170//7444 5172//7446 6456//9151
f 4304//6123 4284//6090 4303//6122
f 1157//1593 1169//1607 1145//1578
f 4706//6729 4786//6858 4765//6818
f 1080//1495 1049//1453 6481//9178
f 5132//7384 6456//9151 5131//7383
f 5132//7384 5131//7383 5102//7339
f 5130//7382 5102//7339 5131//7383
f 955//1319 6489//9187 6453//9145
f 6488//9186 932//1286 931//1285
f 4284//6090 4325//6156 4303//6122
f 6492//9195 773//1079 631//897
f 1000//1384 982//1361 1007//1396
f 1000//1384 1007//1396 999//1382
f 4345//6186 4325//6156 4426//6304
f 963//1330 999//1382 931//1285
f 963//1330 931//1285 932//1286
f 1362//1867 6494//9197 6486//9183
f 963//1331 932//1287 999//1383
f 4304//6123 4303//6122 4302//6120
f 4326//6158 4303//6122 4325//6156
f 4326//6158 4302//6120 4303//6122
f 4706//6728 4765//6819 4660//6658
f 4743//6784 4660//6658 4765//6819
f 4743//6784 4765//6819 4786//6857
f 821//1150 805//1124 822//1151
f 954//1315 932//1286 6489//9187
f 954//1315 999//1382 932//1286
f 954//1315 1000//1384 999//1382
f 5132//7384 5170//7444 6456//9151
f 6316//8987 5747//8301 5726//8263
f 1157//1593 1145//1578 1079//1494
f 954//1316 6489//9188 955//1320
f 704//990 631//897 773//1079
f 954//1315 933//1288 1000//1384
f 954//1317 955//1318 933//1289
f 5170//7444 5171//7445 5172//7446
f 805//1124 774//1081 773//1079
f 805//1125 773//1080 6491//9194
f 704//990 773//1079 774//1081
f 4326//6158 4325//6156 4324//6154
f 4344//6185 4324//6154 4325//6156
f 4345//6187 4346//6188 4325//6157
f 4344//6185 4325//6156 4346//6189
f 5133//7385 5171//7445 5170//7444
f 5133//7385 5170//7444 5134//7386
f 5132//7384 5134//7386 5170//7444
f 632//898 575//832 631//897
f 704//990 632//898 631//897
f 4345//6186 4426//6304 4346//6189
f 704//990 774//1081 632//898
f 6490//9189 6497//9202 3132//4410
f 4808//6894 4786//6857 4932//7090
f 5053//7266 4808//6894 4932//7090
f 6487//9185 1560//2165 1932//2636
f 6487//9185 1932//2636 2270//3117
f 4931//7088 4932//7090 4702//6720
f 3132//4411 6497//9203 6490//9190
f 6490//9191 3102//4364 3133//4412
f 4479//6383 4401//6269 4426//6304
f 6490//9192 3133//4413 6497//9204
f 1000//1384 1001//1385 982//1361
f 952//1312 1000//1384 933//1288
f 952//1312 1001//1385 1000//1384
f 924//1277 922//1275 955//1319
f 955//1319 922//1275 933//1288
f 952//1312 933//1288 922//1275
f 4343//6183 4342//6181 4346//6189
f 4343//6183 4346//6189 4426//6304
f 4344//6185 4346//6189 4342//6181
f 705//991 632//898 774//1081
f 705//991 774//1081 763//1068
f 805//1124 763//1068 774//1081
f 705//991 617//878 632//898
f 5133//7385 5172//7446 5171//7445
f 4343//6184 4426//6305 4361//6210
f 6499//9208 4479//6382 4496//6409
f 1190//1633 1169//1607 1157//1593
f 952//1312 922//1275 923//1276
f 952//1312 923//1276 1001//1385
f 5174//7448 5172//7446 5135//7388
f 5133//7385 5135//7388 5172//7446
f 5174//7448 5173//7447 5172//7446
f 4361//6211 4426//6304 4379//6238
f 4379//6238 4426//6304 4401//6269
f 632//898 617//878 575//832
f 924//1277 923//1276 922//1275
f 6430//9113 6493//9196 1021//1416
f 705//991 763//1068 617//878
f 4444//6331 4401//6269 4479//6383
f 4343//6183 4361//6211 4360//6208
f 4362//6212 4361//6211 4379//6238
f 4362//6212 4360//6208 4361//6211
f 6509//9223 6494//9198 1362//1868
f 6496//9200 1474//2038 1493//2067
f 6496//9201 1493//2068 1504//2086
f 1615//2238 1569//2178 1581//2194
f 1407//1937 6451//9142 1444//1993
f 5172//7446 5175//7449 5267//7589
f 5172//7446 5173//7447 5175//7449
f 924//1278 1001//1385 923//1276
f 4743//6784 4786//6857 4808//6894
f 6499//9208 4496//6409 6500//9211
f 706//992 617//878 763//1068
f 575//832 617//878 615//876
f 706//992 615//876 617//878
f 3133//4413 3102//4365 3101//4361
f 6497//9203 3133//4413 3101//4362
f 5176//7450 5173//7447 5136//7390
f 5176//7450 5175//7449 5173//7447
f 5174//7448 5136//7390 5173//7447
f 4592//6554 4496//6409 1190//1633
f 4423//6300 4401//6269 4444//6331
f 4377//6235 4379//6238 4401//6269
f 4362//6212 4379//6238 4378//6236
f 4377//6235 4378//6236 4379//6238
f 4592//6554 1190//1633 1157//1593
f 6520//9236 4444//6331 4479//6383
f 706//992 763//1068 615//876
f 4744//6785 4707//6730 4808//6894
f 4743//6784 4808//6894 4707//6730
f 4744//6786 4808//6895 6505//9219
f 4496//6409 4592//6554 4698//6713
f 4698//6713 6500//9212 4496//6409
f 5176//7450 5214//7508 5175//7449
f 5216//7511 5267//7589 5175//7449
f 5216//7511 5175//7449 5214//7508
f 5728//8267 6314//8984 5726//8263
f 5729//8269 5726//8263 5747//8301
f 5728//8268 5726//8264 5729//8270
f 4676//6680 6501//9214 6499//9208
f 6499//9209 6500//9213 4676//6681
f 5267//7590 5630//8136 6495//9199
f 4592//6554 1157//1593 1212//1669
f 4698//6713 4592//6554 1212//1669
f 1362//1869 6486//9184 6509//9224
f 1157//1593 1079//1494 1080//1495
f 5216//7511 6516//9232 5267//7589
f 6502//9216 2374//3269 3072//4319
f 6500//9212 6501//9215 4676//6682
f 955//1319 914//1264 924//1277
f 1924//2624 1893//2582 1853//2520
f 1924//2624 1921//2617 1893//2582
f 2910//4061 3072//4319 2374//3269
f 2910//4061 2374//3269 6503//9217
f 2910//4061 6504//9218 3072//4319
f 914//1264 913//1262 924//1277
f 943//1300 1001//1385 924//1277
f 943//1300 983//1362 1001//1385
f 982//1361 1001//1385 983//1362
f 805//1124 764//1069 763//1068
f 3101//4361 3102//4365 3074//4321
f 943//1300 924//1277 913//1262
f 2333//3213 2223//3043 2199//3007
f 2333//3213 2257//3094 2223//3043
f 4402//6270 4401//6269 4423//6300
f 4377//6235 4401//6269 4400//6267
f 4402//6270 4400//6267 4401//6269
f 694//976 615//876 763//1068
f 694//976 763//1068 764//1069
f 575//832 615//876 616//877
f 694//976 616//877 615//876
f 3101//4363 3074//4322 6497//9205
f 1021//1416 6493//9196 1022//1417
f 6499//9208 6501//9214 4781//6843
f 5176//7450 5178//7452 5214//7508
f 5177//7451 5216//7511 5214//7508
f 5177//7451 5214//7508 5178//7452
f 964//1332 955//1318 1116//1543
f 6506//9220 6507//9221 6508//9222
f 943//1300 914//1264 983//1362
f 943//1301 913//1263 914//1265
f 915//1266 914//1264 955//1319
f 1493//2069 1474//2039 1504//2087
f 6500//9211 4781//6844 6501//9214
f 598//859 6481//9178 610//871
f 1080//1495 6481//9178 598//859
f 4424//6301 4422//6298 4423//6300
f 4402//6270 4423//6300 4422//6298
f 694//976 764//1069 616//877
f 1170//1608 1157//1593 1080//1495
f 1932//2636 6515//9230 2270//3117
f 5217//7512 6516//9232 5216//7511
f 755//1055 764//1069 805//1124
f 755//1055 805//1124 6534//9250
f 5053//7266 4932//7090 5119//7365
f 4424//6301 4423//6300 4444//6331
f 5728//8267 5729//8269 6314//8984
f 805//1124 762//1066 6534//9250
f 982//1361 983//1362 984//1363
f 6517//9233 575//832 616//877
f 4994//7176 5082//7309 4931//7088
f 695//977 764//1069 755//1055
f 695//977 616//877 764//1069
f 6517//9233 616//877 608//869
f 695//977 608//869 616//877
f 3079//4328 3045//4277 3044//4276
f 2987//4188 3044//4276 3045//4277
f 942//1298 983//1362 914//1264
f 3495//4956 3514//4984 3493//4953
f 942//1298 984//1363 983//1362
f 4795//6871 4753//6798 4773//6831
f 915//1266 955//1319 916//1268
f 942//1298 914//1264 915//1266
f 5218//7513 5217//7512 5216//7511
f 5218//7513 5216//7511 5179//7454
f 5177//7451 5179//7454 5216//7511
f 4698//6713 4781//6844 6500//9211
f 4442//6328 4444//6331 6510//9225
f 4424//6301 4444//6331 4443//6329
f 4442//6328 4443//6329 4444//6331
f 1484//2051 6511//9226 1398//1924
f 1484//2051 1570//2179 6512//9227
f 1484//2051 1398//1924 1570//2179
f 1503//2084 1398//1925 6513//9228
f 1503//2085 1570//2179 1398//1924
f 1503//2085 6514//9229 1570//2179
f 1560//2166 6515//9230 1932//2636
f 2813//3915 6498//9206 2852//3969
f 695//977 755//1055 608//869
f 1581//2194 1569//2178 1607//2228
f 1581//2194 1607//2228 1615//2238
f 942//1299 915//1267 916//1269
f 942//1298 916//1268 984//1363
f 1812//2478 6515//9230 1560//2166
f 1812//2478 1560//2166 5964//8597
f 1812//2479 5964//8598 6515//9231
f 4442//6328 6518//9234 4441//6326
f 4459//6352 4441//6326 6519//9235
f 993//1374 964//1332 1116//1543
f 993//1374 1116//1543 1133//1564
f 6521//9237 608//869 755//1055
f 2763//3844 2797//3894 2795//3891
f 3060//4301 3061//4302 3089//4344
f 2627//3640 2677//3711 2676//3709
f 3087//4341 3116//4384 3115//4381
f 2625//3638 2675//3707 2674//3705
f 2561//3535 2622//3633 2621//3631
f 4472//6371 4457//6348 4473//6372
f 2972//4165 2973//4166 2999//4212
f 2949//4124 6522//9238 2974//4168
f 2725//3785 2761//3841 2760//3839
f 2559//3533 2620//3629 2619//3627
f 2894//4038 2924//4085 6863//9606
f 2679//3715 2720//3777 2678//3713
f 2683//3719 2759//3837 2722//3781
f 2601//3595 2670//3697 2669//3695
f 2557//3531 2618//3625 2617//3623
f 2866//3994 2895//4039 2924//4085
f 2680//3716 2721//3779 2720//3777
f 3143//4427 3168//4462 3196//4499
f 2490//3438 2553//3526 2613//3615
f 2798//3896 2837//3949 2836//3947
f 2841//3954 2897//4043 2873//4005
f 2550//3523 2611//3611 2610//3609
f 2548//3521 2609//3607 2608//3605
f 2546//3519 2608//3605 2607//3603
f 3194//4496 3195//4497 3219//4533
f 2868//3997 2896//4041 2895//4039
f 2833//3943 2871//4001 2870//3999
f 2789//3880 2791//3882 2835//3945
f 2754//3828 2793//3886 2792//3884
f 2715//3769 2758//3835 2757//3833
f 2542//3514 2605//3599 2673//3703
f 4560//6502 4544//6477 4562//6504
f 4522//6446 4506//6422 4523//6447
f 2603//3597 2672//3701 2671//3699
f 2666//3692 2718//3773 2717//3771
f 2668//3694 2669//3695 2719//3775
f 3028//4257 6523//9239 3062//4304
f 4159//5911 4144//5891 4161//5914
f 3612//5138 3613//5139 3631//5164
f 4260//6052 4242//6026 4262//6055
f 3556//5050 3557//5051 3576//5081
f 3429//4854 3430//4855 3450//4884
f 4220//5997 4201//5968 4221//5998
f 3860//5500 3839//5471 3861//5501
f 3384//4786 3385//4787 3410//4827
f 3342//4718 3343//4719 3366//4758
f 4322//6151 4301//6118 4323//6152
f 4396//6261 4376//6233 4399//6265
f 3248//4574 3249//4575 3274//4614
f 3795//5406 3772//5371 3796//5407
f 3689//5255 3690//5256 3709//5282
f 3512//4981 3513//4982 3533//5013
f 3997//5683 3978//5657 3998//5684
f 4438//6321 4439//6322 4440//6324
f 4125//5865 4107//5838 4126//5866
f 3294//4646 3295//4647 3316//4677
f 3895//5547 3879//5525 3896//5548
f 3936//5601 3918//5576 3937//5602
f 3652//5197 3653//5198 3675//5232
f 4035//5738 4019//5716 4036//5739
f 4069//5785 4056//5767 4070//5786
f 4087//5809 4070//5786 4088//5810
f 4582//6538 4562//6504 4583//6539
f 2876//4009 2925//4087 2898//4045
f 5662//8183 5731//8273 5657//8176
f 5218//7513 5180//7456 5217//7512
f 5220//7515 5217//7512 5180//7456
f 2928//4092 2951//4127 2950//4125
f 4616//6589 4602//6568 4617//6590
f 5220//7515 5219//7514 5217//7512
f 6524//9240 5217//7512 5219//7514
f 941//1297 984//1363 916//1268
f 4744//6785 6525//9241 4726//6758
f 4787//6859 4726//6758 6526//9242
f 2977//4174 6018//8662 2976//4172
f 941//1297 916//1268 904//1253
f 955//1319 904//1253 916//1268
f 905//1254 904//1253 955//1319
f 4633//6615 4617//6590 4634//6616
f 4475//6376 4458//6350 6527//9243
f 4459//6352 6528//9244 4458//6350
f 5732//8274 6314//8984 5729//8269
f 5732//8274 5737//8282 6314//8984
f 941//1297 985//1364 984//1363
f 982//1361 984//1363 985//1364
f 5732//8274 5729//8269 5737//8282
f 5737//8282 5729//8269 5747//8301
f 4548//6483 4479//6383 6499//9210
f 2987//4188 3045//4277 3046//4278
f 3030//4260 3063//4306 3029//4258
f 3079//4328 3188//4488 3045//4277
f 3050//4282 3045//4277 3188//4488
f 3050//4282 3046//4278 3045//4277
f 4475//6376 6529//9245 4491//6400
f 982//1361 959//1325 1007//1396
f 959//1325 1015//1408 1007//1396
f 5662//8183 6595//9315 5731//8273
f 3031//4261 3064//4308 3063//4306
f 941//1297 904//1253 905//1254
f 941//1297 905//1254 985//1364
f 4651//6644 4635//6618 4653//6646
f 4475//6376 4491//6400 4474//6374
f 4492//6402 4474//6374 4491//6400
f 3091//4348 3117//4386 3090//4346
f 1212//1669 1157//1593 1213//1670
f 5221//7516 6530//9246 5219//7514
f 5220//7515 5181//7458 5219//7514
f 5221//7516 5219//7514 5181//7458
f 1029//1427 964//1332 993//1375
f 4668//6668 4653//6646 4669//6669
f 3119//4390 3146//4431 3118//4388
f 959//1326 1022//1417 1015//1408
f 6520//9236 4479//6383 4525//6451
f 4525//6451 4479//6383 4548//6483
f 4817//6908 4797//6874 4818//6909
f 4781//6844 4698//6713 4782//6847
f 930//1284 985//1364 905//1254
f 1023//1418 1022//1417 959//1326
f 982//1361 985//1364 986//1365
f 930//1284 986//1365 985//1364
f 4492//6403 4491//6401 4490//6397
f 4507//6424 4491//6400 4509//6427
f 4507//6424 4490//6398 4491//6400
f 6520//9236 4509//6427 4491//6400
f 6520//9236 4525//6452 4509//6427
f 5221//7516 5265//7585 6531//9247
f 5268//7591 6532//9248 5265//7585
f 930//1284 905//1254 907//1256
f 955//1319 907//1256 905//1254
f 955//1319 906//1255 907//1256
f 3147//4433 3197//4501 3169//4464
f 4699//6714 4698//6713 1212//1669
f 5271//7594 5267//7589 6516//9232
f 4688//6698 4669//6669 4689//6699
f 4893//7027 4867//6989 4894//7029
f 955//1318 964//1333 906//1255
f 4526//6453 4509//6427 4525//6452
f 4526//6453 4508//6425 4509//6427
f 4507//6424 4509//6427 4508//6425
f 930//1284 907//1256 986//1365
f 4565//6509 4548//6483 6499//9210
f 982//1361 986//1365 987//1366
f 3199//4505 3220//4535 3198//4503
f 5222//7517 5265//7585 5223//7518
f 5221//7516 5223//7518 5265//7585
f 5222//7517 5268//7591 5265//7585
f 4605//6573 6499//9210 4781//6843
f 6587//9306 663//936 633//899
f 2987//4188 3046//4278 3047//4279
f 3050//4282 3047//4279 3046//4278
f 2884//4020 1212//1669 1213//1670
f 2884//4020 4699//6714 1212//1669
f 1170//1608 1080//1495 598//859
f 2884//4020 4782//6848 4699//6714
f 4714//6740 4689//6699 4715//6741
f 4931//7088 5119//7365 4932//7090
f 4545//6479 4525//6452 4548//6484
f 4526//6453 4525//6452 4524//6449
f 4545//6479 4524//6449 4525//6452
f 5269//7592 6516//9232 5268//7591
f 5269//7592 5271//7594 6516//9232
f 4840//6946 4818//6909 4819//6911
f 3223//4539 3275//4616 3250//4577
f 4699//6714 4782//6847 4698//6713
f 4565//6509 6499//9210 4566//6511
f 940//1296 907//1256 906//1255
f 940//1296 986//1365 907//1256
f 4605//6573 4781//6845 4619//6594
f 4787//6860 6533//9249 4854//6970
f 940//1296 987//1366 986//1365
f 5366//7743 5267//7589 5271//7594
f 6499//9210 4605//6573 4585//6543
f 6499//9210 4585//6543 4566//6511
f 4565//6510 4566//6512 4548//6485
f 4545//6479 4548//6484 4547//6481
f 4546//6480 4547//6481 4548//6484
f 4546//6480 4548//6484 4566//6513
f 940//1296 906//1255 895//1242
f 5222//7517 5224//7520 5268//7591
f 5270//7593 5269//7592 5268//7591
f 5270//7593 5268//7591 5224//7520
f 1214//1671 1157//1593 1170//1608
f 1372//1883 1382//1901 1361//1866
f 677//953 6535//9251 738//1030
f 677//953 587//848 6536//9252
f 4619//6594 4781//6845 4637//6623
f 964//1333 898//1245 906//1255
f 964//1332 1029//1427 944//1302
f 1360//1862 1372//1883 1361//1866
f 3297//4651 3317//4679 3296//4649
f 4546//6480 4566//6513 4564//6507
f 4563//6506 4564//6507 4566//6513
f 4809//6896 4745//6787 4854//6971
f 4787//6859 4854//6971 4745//6787
f 4809//6896 4854//6971 6538//9254
f 940//1296 895//1242 987//1366
f 6534//9250 762//1066 738//1030
f 5739//8285 6315//8985 5737//8282
f 6537//9253 5081//7308 4781//6844
f 4563//6506 4566//6513 4585//6544
f 5366//7743 5271//7594 5342//7705
f 2987//4188 3047//4279 3048//4280
f 3050//4282 3048//4280 3047//4279
f 5741//8289 5737//8282 5747//8301
f 5739//8286 5737//8283 5741//8290
f 6517//9233 587//848 575//832
f 3319//4683 3344//4721 3317//4679
f 677//953 738//1030 587//848
f 896//1243 895//1242 906//1255
f 4637//6623 4781//6845 4656//6651
f 4586//6545 4585//6544 4605//6573
f 4563//6506 4585//6544 4564//6507
f 4586//6545 4564//6507 4585//6544
f 896//1243 906//1255 899//1247
f 2813//3915 2852//3970 2821//3926
f 906//1255 898//1245 899//1247
f 951//1311 987//1366 895//1242
f 951//1311 895//1242 896//1243
f 993//1374 1133//1564 1029//1427
f 5273//7597 5271//7594 5269//7592
f 5273//7597 5269//7592 5225//7522
f 5270//7593 5225//7522 5269//7592
f 899//1248 898//1246 964//1334
f 4619//6595 4637//6624 4620//6596
f 4733//6769 4715//6741 4734//6770
f 4586//6545 4605//6573 4584//6541
f 4603//6570 4605//6573 4619//6594
f 4603//6570 4584//6541 4605//6573
f 805//1126 821//1150 762//1067
f 899//1247 964//1333 944//1303
f 5273//7597 5272//7596 5271//7595
f 668//942 587//848 738//1030
f 6539//9255 5630//8136 5267//7590
f 4782//6847 6537//9253 4781//6844
f 762//1066 730//1022 738//1030
f 668//942 738//1030 730//1022
f 5271//7594 5274//7598 5342//7705
f 951//1311 988//1367 987//1366
f 982//1361 987//1366 988//1367
f 5271//7594 5272//7596 5274//7598
f 4621//6598 4604//6571 4619//6594
f 4603//6570 4619//6594 4604//6571
f 951//1311 896//1243 988//1367
f 668//942 588//849 587//848
f 575//832 587//848 588//849
f 4621//6598 4619//6594 4620//6597
f 1213//1670 1157//1593 1214//1671
f 668//942 730//1022 588//849
f 3369//4763 3386//4789 3367//4760
f 5275//7599 5274//7598 5272//7596
f 5273//7597 5226//7524 5272//7596
f 5275//7599 5272//7596 5226//7524
f 2884//4020 1237//1699 4723//6754
f 2884//4020 4723//6754 4782//6847
f 2884//4020 1213//1670 1237//1699
f 4638//6625 4620//6597 4637//6623
f 4638//6625 4618//6592 4620//6597
f 4621//6598 4620//6597 4618//6592
f 5081//7308 5384//7777 4781//6844
f 5366//7744 6539//9255 5267//7588
f 1372//1883 1373//1885 1382//1901
f 4752//6797 4734//6770 4753//6798
f 1023//1418 959//1326 6562//9280
f 5739//8285 5741//8289 6315//8985
f 982//1361 988//1367 974//1348
f 937//1293 896//1243 897//1244
f 937//1293 988//1367 896//1243
f 937//1293 974//1348 988//1367
f 4781//6845 4672//6674 4656//6651
f 896//1243 899//1247 897//1244
f 676//952 588//849 730//1022
f 676//952 730//1022 731//1023
f 762//1066 731//1023 730//1022
f 575//832 588//849 574//831
f 676//952 574//831 588//849
f 5366//7743 5342//7705 5343//7706
f 4639//6626 4637//6623 4656//6651
f 4638//6625 4637//6623 4636//6620
f 4639//6626 4636//6620 4637//6623
f 3412//4831 3431//4857 3411//4829
f 4781//6845 4691//6703 4672//6674
f 4655//6650 4636//6620 4656//6651
f 4639//6627 4656//6652 4636//6621
f 4655//6650 4656//6651 4672//6674
f 5277//7601 5342//7705 5274//7598
f 5275//7599 5227//7526 5274//7598
f 5277//7601 5274//7598 5227//7526
f 3432//4859 3451//4886 3431//4857
f 2987//4188 3048//4280 3049//4281
f 3050//4282 3049//4281 3048//4280
f 5156//7421 5201//7490 5082//7309
f 5156//7421 5082//7309 4994//7176
f 1383//1902 1373//1886 1372//1884
f 1383//1903 1372//1883 1371//1881
f 1360//1862 1371//1881 1372//1883
f 937//1293 897//1244 974//1348
f 676//952 731//1023 574//831
f 5156//7422 4994//7177 5201//7491
f 2101//2870 1997//2735 1999//2737
f 1944//2658 1999//2737 1865//2541
f 1943//2657 1865//2541 1999//2737
f 1943//2657 1999//2737 1997//2735
f 1198//1645 1029//1427 1133//1564
f 5277//7601 5276//7600 5342//7705
f 4655//6650 4672//6674 4654//6648
f 4670//6671 4654//6648 4672//6674
f 5769//8332 5877//8494 5880//8497
f 4670//6671 4672//6674 4691//6703
f 3452//4888 3472//4920 3451//4886
f 5342//7705 5276//7600 5343//7706
f 643//913 731//1023 723//1015
f 643//913 574//831 731//1023
f 762//1066 723//1015 731//1023
f 4781//6845 4718//6747 4691//6703
f 633//900 449//685 6587//9307
f 567//824 575//832 574//831
f 643//913 567//824 574//831
f 4781//6846 4801//6881 4755//6803
f 4670//6671 4691//6703 4671//6672
f 4692//6704 4671//6672 4691//6703
f 938//1294 974//1348 897//1244
f 5277//7601 5279//7603 5276//7600
f 5278//7602 5343//7706 5276//7600
f 5278//7602 5276//7600 5279//7603
f 1237//1699 1213//1670 1214//1671
f 567//824 538//791 575//832
f 1133//1564 1116//1543 1198//1645
f 1029//1427 956//1321 944//1302
f 4855//6972 4766//6820 6540//9257
f 4809//6896 6541//9258 4766//6820
f 4781//6843 5384//7778 5050//7259
f 944//1304 956//1321 945//1305
f 1383//1903 1382//1901 1373//1885
f 643//913 723//1015 567//824
f 5742//8291 5748//8302 6315//8985
f 5742//8291 6315//8985 5741//8289
f 888//1232 897//1244 899//1247
f 938//1294 897//1244 888//1232
f 550//804 536//788 945//1305
f 956//1321 550//804 945//1305
f 945//1305 536//788 890//1234
f 945//1305 890//1234 944//1304
f 5742//8291 5741//8289 5748//8302
f 1023//1418 6562//9280 1020//1415
f 4781//6845 4736//6774 4718//6747
f 888//1232 899//1247 6548//9265
f 4692//6704 4691//6703 4690//6701
f 4719//6748 4690//6701 4691//6703
f 5747//8301 5748//8302 5741//8289
f 4719//6748 4691//6703 4718//6747
f 5081//7308 6537//9253 4829//6931
f 5345//7709 5366//7743 5280//7605
f 5343//7706 5280//7606 5366//7743
f 762//1066 724//1016 723//1015
f 5050//7259 5384//7777 5464//7909
f 575//832 449//685 633//899
f 938//1294 975//1349 974//1348
f 938//1294 888//1232 975//1349
f 6543//9260 982//1361 974//1348
f 6543//9260 974//1348 975//1349
f 6543//9260 959//1325 982//1361
f 5149//7410 5050//7259 5464//7910
f 4719//6748 4718//6747 4717//6745
f 4716//6744 4717//6745 4718//6747
f 4716//6744 4718//6747 4736//6774
f 654//924 567//824 723//1015
f 654//924 723//1015 724//1016
f 654//924 568//825 567//824
f 4781//6845 4757//6806 4736//6774
f 4781//6845 4755//6803 4757//6806
f 5278//7602 5281//7607 5343//7706
f 5280//7606 5343//7706 5281//7607
f 567//824 568//825 538//791
f 4782//6847 4723//6754 4829//6931
f 647//917 663//935 634//901
f 5878//8495 5879//8496 5877//8493
f 634//901 648//918 647//917
f 4824//6921 4799//6878 4781//6845
f 4801//6882 4781//6843 4799//6879
f 5081//7308 5321//7672 5384//7777
f 4737//6775 4717//6745 4736//6774
f 4716//6744 4736//6774 4717//6745
f 3184//4483 4723//6754 1237//1699
f 3184//4483 1237//1699 1214//1671
f 939//1295 6542//9259 975//1349
f 939//1295 975//1349 888//1232
f 939//1295 888//1232 6544//9261
f 4737//6775 4736//6774 4757//6806
f 4801//6883 4775//6835 4755//6804
f 3184//4483 4829//6931 4723//6754
f 654//924 724//1016 568//825
f 4824//6922 4781//6843 4822//6918
f 4822//6919 4781//6845 5050//7260
f 5282//7609 5280//7606 5281//7607
f 5282//7609 5345//7710 5280//7606
f 4737//6775 4757//6806 4735//6772
f 4756//6805 4735//6772 4757//6806
f 4756//6805 4757//6806 4755//6804
f 5202//7492 5252//7563 5201//7490
f 5252//7563 5082//7309 5201//7490
f 3535//5017 3558//5053 3534//5015
f 5202//7492 5201//7490 6545//9262
f 642//912 724//1016 711//1000
f 642//912 568//825 724//1016
f 762//1066 711//1000 724//1016
f 642//912 557//813 568//825
f 538//791 568//825 557//813
f 1029//1427 965//1335 956//1321
f 5354//7724 5366//7745 5347//7713
f 566//823 550//804 956//1321
f 965//1335 566//823 956//1321
f 5604//8098 6539//9256 5366//7746
f 4796//6872 4773//6831 4797//6874
f 4801//6883 4776//6836 4775//6835
f 4801//6883 4802//6884 4776//6836
f 4801//6883 4799//6878 4802//6884
f 4756//6805 4755//6804 4754//6800
f 4775//6835 4754//6800 4755//6804
f 5347//7713 5366//7743 5346//7711
f 4822//6919 5050//7260 4846//6956
f 5366//7743 5345//7710 5346//7712
f 3560//5057 3577//5083 3558//5053
f 5464//7909 5500//7965 5366//7744
f 642//912 711//1000 557//813
f 5282//7609 5283//7610 5345//7710
f 5284//7612 5346//7712 5345//7710
f 5284//7612 5345//7710 5283//7610
f 6543//9260 967//1338 959//1325
f 4775//6835 4776//6836 4754//6800
f 4777//6837 4776//6836 4802//6884
f 4777//6837 4754//6800 4776//6836
f 5464//7910 5366//7743 6553//9271
f 3578//5085 3596//5110 3577//5083
f 5202//7492 6545//9262 5252//7563
f 626//888 557//813 711//1000
f 2987//4188 3049//4281 6555//9273
f 3050//4282 6555//9273 3049//4281
f 5349//7717 5354//7725 5347//7714
f 4777//6837 4802//6884 4774//6833
f 4800//6880 4774//6833 4802//6884
f 4800//6880 4802//6884 4799//6878
f 5384//7777 6552//9269 5464//7909
f 2852//3969 6612//9332 2821//3926
f 663//936 6587//9306 634//902
f 4800//6880 4799//6878 4824//6921
f 5348//7716 5346//7712 5285//7613
f 5348//7716 5347//7714 5346//7712
f 5284//7612 5285//7613 5346//7712
f 4870//6994 5050//7260 4901//7040
f 4829//6931 6537//9253 4782//6847
f 701//985 711//1000 762//1066
f 626//888 711//1000 702//987
f 701//985 702//987 711//1000
f 634//901 635//903 648//918
f 701//985 762//1066 700//984
f 626//889 702//988 557//814
f 4823//6920 4798//6876 4824//6921
f 4823//6920 4824//6921 4822//6919
f 4800//6880 4824//6921 4798//6876
f 4882//7013 4810//6897 6546//9263
f 4855//6972 6547//9264 4810//6897
f 551//805 538//791 557//813
f 5857//8464 5846//8447 5856//8463
f 889//1233 6548//9265 899//1247
f 5352//7722 5354//7725 5350//7719
f 5349//7717 5350//7719 5354//7725
f 3615//5143 3632//5166 3614//5141
f 586//847 566//823 965//1335
f 5857//8464 5856//8463 5866//8476
f 1029//1427 979//1356 965//1335
f 5753//8308 6561//9279 5748//8302
f 5050//7260 4872//6996 4846//6956
f 5050//7260 4870//6994 4872//6996
f 5349//7718 5347//7715 5350//7720
f 5753//8308 5748//8302 5761//8318
f 5761//8318 5748//8302 5747//8301
f 4901//7040 5050//7259 4897//7035
f 4823//6920 4822//6919 4821//6915
f 4820//6913 4821//6915 4822//6919
f 4820//6913 4822//6919 4846//6956
f 627//890 702//987 701//985
f 627//890 557//813 702//987
f 627//890 551//805 557//813
f 5351//7721 5350//7719 5347//7714
f 5351//7721 5347//7714 5286//7615
f 5348//7716 5286//7615 5347//7714
f 936//1292 967//1338 6549//9266
f 936//1292 6550//9267 889//1233
f 979//1356 586//847 965//1335
f 5252//7563 5482//7935 5082//7309
f 968//1339 959//1325 967//1338
f 4847//6958 4846//6956 4872//6996
f 4847//6958 4821//6915 4846//6956
f 4820//6914 4846//6957 4821//6916
f 3633//5168 3654//5200 3632//5166
f 5321//7672 5081//7308 5521//8000
f 4951//7117 4923//7077 5050//7260
f 1062//1472 1070//1482 1059//1468
f 627//891 701//986 551//806
f 3376//4776 5498//7960 2419//3337
f 3184//4483 1252//1717 4763//6815
f 3184//4483 4763//6815 4829//6931
f 3184//4483 1214//1671 1252//1717
f 5887//8512 5879//8496 5866//8476
f 936//1292 889//1233 967//1338
f 5353//7723 5350//7719 5287//7617
f 5351//7721 5287//7617 5350//7719
f 5353//7723 5352//7722 5350//7719
f 4871//6995 4872//6996 4870//6994
f 4847//6958 4872//6996 4845//6954
f 4871//6995 4845//6954 4872//6996
f 882//1226 899//1247 944//1303
f 5359//7730 5366//7743 5354//7725
f 5500//7965 6554//9272 5366//7744
f 6554//9272 5604//8099 5366//7744
f 4877//7004 4829//6931 6575//9294
f 614//875 551//805 701//985
f 5384//7779 5521//8000 6552//9270
f 5384//7777 5321//7672 5521//8000
f 4877//7004 5081//7308 4829//6931
f 692//974 701//985 700//984
f 614//875 701//985 692//974
f 4869//6993 4844//6952 4870//6994
f 4871//6995 4870//6994 4844//6952
f 4869//6993 4870//6994 4901//7040
f 5357//7728 5359//7730 5354//7725
f 441//672 449//685 575//833
f 614//875 692//974 546//800
f 614//875 546//800 551//805
f 3678//5237 3691//5258 3676//5234
f 546//800 538//791 551//805
f 889//1233 899//1247 880//1224
f 5353//7723 5288//7619 5352//7722
f 5356//7727 5352//7722 5288//7619
f 5050//7260 5149//7410 4983//7160
f 5050//7260 4923//7077 4897//7035
f 5356//7727 5354//7725 5352//7722
f 929//1283 968//1339 967//1338
f 929//1283 967//1338 889//1233
f 929//1283 889//1233 880//1224
f 5354//7725 5355//7726 5357//7728
f 4869//6993 4901//7040 4868//6991
f 4899//7037 4901//7040 4897//7035
f 4899//7037 4868//6991 4901//7040
f 5356//7727 5355//7726 5354//7725
f 5753//8308 5761//8318 6561//9279
f 1029//1427 994//1376 979//1356
f 607//868 586//847 979//1356
f 994//1376 607//868 979//1356
f 4841//6947 4819//6911 4842//6948
f 1053//1459 1209//1663 1116//1544
f 5500//7965 5464//7911 5522//8001
f 5464//7911 5521//8000 5522//8001
f 5521//8000 5081//7308 4877//7004
f 5020//7214 4981//7158 5149//7410
f 692//974 700//984 682//959
f 624//886 546//800 692//974
f 624//886 692//974 682//959
f 624//886 545//799 546//800
f 4951//7117 4953//7121 4923//7077
f 3692//5260 3710//5284 3691//5258
f 4899//7037 4897//7035 4900//7038
f 4898//7036 4900//7038 4897//7035
f 4898//7036 4897//7035 4923//7077
f 5358//7729 5357//7728 5355//7726
f 5356//7727 5289//7621 5355//7726
f 5358//7729 5355//7726 5289//7621
f 4882//7013 6551//9268 4964//7135
f 968//1339 969//1340 959//1325
f 929//1283 880//1224 968//1339
f 546//800 545//799 538//791
f 5769//8334 5722//8257 5498//7960
f 5855//8462 5856//8463 5846//8447
f 4763//6815 6575//9294 4829//6931
f 5020//7214 5149//7410 5016//7209
f 1252//1717 1214//1671 1170//1608
f 4898//7036 4923//7077 4896//7033
f 4924//7078 4896//7033 4923//7077
f 5359//7730 5361//7733 5366//7743
f 5363//7736 5366//7743 5361//7733
f 624//886 682//959 545//799
f 4976//7151 4947//7110 4948//7112
f 4924//7078 4923//7077 4953//7121
f 5360//7732 5359//7731 5357//7728
f 5358//7729 5290//7623 5357//7728
f 5360//7732 5357//7728 5290//7623
f 5050//7260 4983//7160 4951//7117
f 3711//5286 3729//5310 3710//5284
f 6555//9273 2988//4190 2987//4188
f 5149//7410 5464//7910 5044//7248
f 4924//7078 4953//7121 4922//7075
f 4952//7119 4953//7121 4951//7117
f 4952//7119 4922//7075 4953//7121
f 4865//6987 4842//6948 4843//6950
f 5370//7753 5366//7743 5365//7740
f 921//1274 969//1340 968//1339
f 921//1274 968//1339 880//1224
f 683//960 682//959 700//984
f 5322//7673 5482//7935 5252//7563
f 584//844 682//959 683//960
f 584//844 545//799 682//959
f 5149//7410 4981//7158 4983//7160
f 5365//7740 5366//7743 5363//7736
f 881//1225 880//1224 899//1247
f 921//1274 880//1224 881//1225
f 5322//7674 5252//7564 6573//9291
f 5482//7935 4931//7088 5082//7309
f 584//844 537//790 545//799
f 538//791 545//799 537//790
f 881//1225 899//1247 873//1217
f 4882//7013 4964//7135 4833//6937
f 4908//7052 4833//6937 4964//7135
f 4908//7052 4964//7135 6556//9274
f 5362//7735 5359//7731 5291//7625
f 5362//7735 5361//7734 5359//7731
f 5360//7732 5291//7625 5359//7731
f 4952//7120 4951//7118 4921//7072
f 4950//7116 4951//7117 4983//7160
f 4950//7116 4921//7073 4951//7117
f 882//1226 873//1217 899//1247
f 5521//8000 5464//7911 6552//9269
f 584//844 683//960 537//790
f 1992//2726 1252//1717 6558//9276
f 2378//3273 1252//1717 2221//3040
f 4763//6815 1252//1717 6559//9277
f 2986//4187 1252//1717 2739//3806
f 6560//9278 1252//1717 3160//4451
f 2221//3040 1252//1717 1992//2726
f 2739//3806 1252//1717 2378//3273
f 3160//4451 1252//1717 2986//4187
f 5367//7747 5370//7753 5365//7740
f 5887//8512 5866//8476 5856//8463
f 4982//7159 4949//7114 4983//7160
f 4950//7116 4983//7160 4949//7114
f 921//1274 881//1225 969//1340
f 4982//7159 4983//7160 4981//7158
f 630//896 607//868 994//1376
f 1003//1388 630//896 994//1376
f 1029//1427 1003//1388 994//1376
f 683//960 700//984 673//948
f 5364//7738 5361//7734 5292//7627
f 5362//7735 5292//7627 5361//7734
f 5364//7738 5363//7736 5361//7734
f 5844//8443 5856//8463 5855//8462
f 5305//7649 5366//7743 5370//7753
f 593//854 683//960 673//948
f 593//854 537//790 683//960
f 5109//7350 5464//7910 5106//7346
f 5145//7404 5106//7346 5464//7910
f 593//854 528//780 537//790
f 538//791 537//790 528//780
f 1252//1717 1170//1608 6574//9293
f 4979//7155 4949//7114 4981//7158
f 4982//7159 4981//7158 4949//7114
f 4866//6988 4843//6950 4867//6989
f 960//1327 959//1325 969//1340
f 5367//7747 5369//7751 5370//7753
f 5149//7410 5043//7247 5016//7209
f 5149//7410 5044//7248 5043//7247
f 5143//7402 5145//7404 5464//7910
f 5877//8493 5879//8496 5887//8512
f 5307//7651 5366//7743 5305//7649
f 4979//7155 4981//7158 5020//7214
f 4021//5720 4020//5718 3999//5686
f 5294//7632 5363//7736 5293//7629
f 5294//7632 5365//7740 5363//7736
f 5364//7739 5293//7630 5363//7737
f 2554//3528 2614//3617 2553//3526
f 2555//3529 2616//3621 2615//3619
f 2562//3536 2623//3635 2622//3633
f 2549//3522 2610//3609 2609//3607
f 2667//3693 2719//3775 2718//3773
f 2838//3951 2872//4003 2837//3949
f 3027//4256 3062//4304 3061//4302
f 3088//4342 3089//4344 3116//4384
f 3218//4532 3219//4533 3249//4575
f 3409//4826 3410//4827 3430//4855
f 3575//5080 3576//5081 3595//5108
f 2626//3639 2676//3709 2675//3707
f 3630//5163 3631//5164 3653//5198
f 3838//5470 3816//5437 3839//5471
f 3958//5631 3937//5602 3959//5632
f 3977//5656 3959//5632 3978//5657
f 2839//3952 2873//4005 2872//4003
f 4106//5837 4088//5810 4107//5838
f 2834//3944 2835//3945 2871//4001
f 2558//3532 2619//3627 2618//3625
f 2796//3893 2836//3947 2797//3894
f 2681//3717 2722//3781 2721//3779
f 2629//3642 2678//3713 2677//3711
f 3708//5281 3709//5282 3727//5307
f 2624//3637 2674//3705 2623//3635
f 4488//6394 4473//6372 4489//6395
f 3771//5370 3748//5336 3772//5371
f 4505//6421 4489//6395 4506//6422
f 2551//3524 2612//3613 2611//3611
f 3726//5306 3727//5307 3748//5336
f 3144//4428 3145//4429 3168//4462
f 3315//4676 3316//4677 3343//4719
f 4241//6025 4221//5998 4242//6026
f 3365//4757 3366//4758 3385//4787
f 4420//6295 4421//6296 4439//6322
f 2752//3825 2792//3884 2791//3882
f 4543//6476 4523//6447 4544//6477
f 4055//5766 4036//5739 4056//5767
f 4375//6232 4359//6206 4376//6233
f 2755//3830 2756//3831 2793//3886
f 4339//6176 4323//6152 4341//6179
f 3449//4883 3450//4884 3471//4918
f 2714//3768 2757//3833 2756//3831
f 2869//3998 2870//3999 2896//4041
f 3490//4948 3492//4951 3491//4949
f 3488//4945 3491//4949 3513//4982
f 3114//4380 3115//4381 3145//4429
f 3532//5012 3533//5013 3557//5051
f 3594//5107 3595//5108 3613//5139
f 4143//5890 4126//5866 4144//5891
f 2716//3770 2717//3771 2758//3835
f 2602//3596 2671//3699 2670//3697
f 3273//4613 3274//4614 3295//4647
f 2604//3598 2673//3703 2672//3701
f 2544//3517 2606//3601 2605//3599
f 2545//3518 2607//3603 2606//3601
f 3674//5231 3675//5232 3690//5256
f 4279//6083 4262//6055 4280//6084
f 2762//3843 2794//3889 2761//3841
f 4398//6264 4399//6265 4421//6296
f 3167//4461 3196//4499 3195//4497
f 4456//6347 4440//6324 4457//6348
f 2874//4007 2898//4045 2897//4043
f 4018//5715 3998//5684 4019//5716
f 2552//3525 2613//3615 2612//3613
f 3815//5436 3796//5407 3816//5437
f 2948//4123 2974//4168 2973//4166
f 4200//5967 4179//5938 4201//5968
f 2556//3530 2617//3623 2616//3621
f 3917//5575 3896//5548 3918//5576
f 2560//3534 2621//3631 2620//3629
f 4300//6117 4280//6084 4301//6118
f 2764//3845 2795//3891 2794//3889
f 4178//5937 4161//5914 4179//5938
f 2723//3783 2760//3839 2759//3837
f 3878//5524 3861//5501 3879//5525
f 5143//7402 5464//7910 5140//7397
f 2900//4048 2927//4090 2925//4087
f 4601//6567 4583//6539 4602//6568
f 2926//4089 2950//4125 2927//4090
f 5310//7654 5366//7743 5307//7651
f 6553//9271 5366//7743 5310//7654
f 5464//7910 5075//7298 5044//7248
f 4979//7155 5020//7214 4980//7156
f 5017//7210 4980//7156 5020//7214
f 5188//7470 5190//7473 5464//7910
f 2952//4129 2975//4170 2951//4127
f 928//1282 969//1340 881//1225
f 928//1282 960//1327 969//1340
f 928//1282 881//1225 879//1223
f 5322//7673 6573//9292 5482//7935
f 5238//7543 6553//9271 5310//7654
f 2953//4130 2976//4172 2975//4170
f 5238//7543 5241//7546 6553//9271
f 5464//7910 6553//9271 5241//7546
f 3774//5376 3773//5373 3749//5339
f 5367//7748 5365//7741 5368//7749
f 5367//7747 5368//7750 5369//7751
f 593//854 673//948 528//780
f 5017//7210 5020//7214 5016//7209
f 5017//7210 5016//7209 5019//7212
f 5018//7211 5016//7209 5043//7247
f 5018//7211 5019//7212 5016//7209
f 5296//7635 5368//7750 5365//7742
f 5296//7635 5365//7742 5295//7633
f 5294//7632 5295//7633 5365//7740
f 4652//6645 4634//6616 4635//6618
f 881//1225 873//1217 879//1223
f 5300//7643 5303//7647 5370//7753
f 5305//7649 5370//7753 5303//7647
f 5464//7910 5073//7296 5075//7298
f 529//781 538//791 528//780
f 582//842 673//948 665//938
f 700//984 665//938 673//948
f 582//842 528//780 673//948
f 582//842 529//781 528//780
f 5855//8462 5846//8447 5839//8437
f 890//1234 882//1226 944//1303
f 5018//7211 5043//7247 5015//7207
f 5045//7249 5015//7207 5043//7247
f 5045//7249 5043//7247 5044//7248
f 5464//7910 5109//7350 5073//7296
f 1797//2458 1688//2328 1689//2329
f 1797//2458 1687//2327 1688//2328
f 1764//2419 1655//2292 1656//2293
f 1847//2514 1708//2353 1709//2354
f 1847//2514 1707//2352 1708//2353
f 1764//2419 1656//2293 1657//2294
f 1947//2661 6185//8833 1793//2454
f 1868//2545 1725//2376 1726//2377
f 1763//2418 1653//2290 1654//2291
f 1763//2418 1652//2289 1653//2290
f 1947//2661 1793//2454 1754//2409
f 1868//2545 1755//2410 1725//2376
f 5887//8512 5856//8463 5844//8443
f 3065//4310 3090//4346 3064//4308
f 5298//7638 5368//7750 5297//7636
f 5298//7638 5369//7751 5368//7750
f 5296//7635 5297//7636 5368//7750
f 928//1282 879//1223 960//1327
f 3798//5411 3797//5409 3773//5373
f 5042//7246 5014//7205 5044//7248
f 5042//7246 5044//7248 5075//7298
f 5045//7249 5044//7248 5014//7205
f 5309//7653 5310//7654 5307//7651
f 582//842 665//938 529//781
f 1468//2031 1465//2027 1459//2018
f 1468//2031 1459//2018 1448//2000
f 1716//2363 1691//2331 1692//2332
f 1173//1612 1180//1621 1171//1609
f 1219//1677 1216//1673 1202//1650
f 1219//1677 1228//1689 1216//1673
f 1256//1723 1261//1729 1247//1711
f 1272//1745 1270//1742 1261//1729
f 1272//1745 1278//1753 1270//1742
f 1302//1784 1299//1780 1285//1762
f 1173//1612 1171//1609 1158//1594
f 1149//1583 1158//1594 1146//1579
f 1121//1550 1126//1556 1119//1547
f 1121//1550 1119//1547 1106//1528
f 1084//1500 1089//1507 1081//1496
f 1084//1500 1081//1496 1070//1482
f 1319//1809 1310//1795 1299//1780
f 1319//1809 1317//1806 1310//1795
f 1860//2533 1802//2464 1778//2434
f 1781//2438 1710//2355 1712//2357
f 1781//2438 1712//2357 1691//2331
f 1402//1930 1399//1926 1391//1915
f 1716//2363 1692//2332 1669//2306
f 1672//2310 1643//2278 1632//2262
f 1636//2267 1632//2262 1624//2250
f 1348//1845 1356//1856 1337//1832
f 1389//1911 1377//1892 1365//1874
f 1636//2267 1624//2250 1616//2239
f 1619//2243 1609//2231 1597//2215
f 1593//2210 1583//2197 1573//2184
f 1593//2210 1573//2184 1574//2185
f 1586//2201 1574//2185 1562//2169
f 1586//2201 1562//2169 1553//2156
f 1389//1911 1386//1907 1377//1892
f 1556//2160 1545//2145 1532//2127
f 1524//2116 1521//2112 1512//2097
f 1524//2116 1512//2097 1505//2088
f 1515//2101 1505//2088 1495//2073
f 1478//2043 1476//2041 1465//2027
f 1402//1930 1391//1915 1386//1907
f 1430//1973 1427//1969 1420//1958
f 3093//4350 3118//4388 3117//4386
f 5298//7639 5299//7640 5369//7752
f 5301//7644 5370//7753 5369//7751
f 5301//7644 5369//7751 5299//7641
f 5042//7246 5075//7298 5041//7244
f 5074//7297 5041//7244 5075//7298
f 5074//7297 5075//7298 5073//7296
f 5301//7644 5300//7643 5370//7754
f 5238//7543 5239//7544 5241//7546
f 529//781 519//770 538//791
f 5530//8010 6554//9272 5500//7965
f 3148//4434 3169//4464 3146//4431
f 5072//7295 5040//7242 5073//7296
f 5074//7297 5073//7296 5040//7242
f 634//902 6587//9306 636//905
f 5304//7648 5300//7643 5302//7645
f 5301//7644 5302//7645 5300//7643
f 5304//7648 5303//7647 5300//7643
f 5072//7295 5073//7296 5109//7350
f 657//928 630//896 1003//1388
f 1029//1428 657//928 1003//1388
f 571//828 529//781 665//938
f 571//828 519//770 529//781
f 912//1261 961//1328 960//1327
f 912//1261 960//1327 879//1223
f 912//1261 879//1223 873//1217
f 960//1327 961//1328 959//1325
f 5072//7295 5109//7350 5071//7293
f 5464//7910 5190//7473 5140//7397
f 5464//7910 5241//7546 5185//7466
f 5464//7910 5185//7466 5188//7471
f 5306//7650 5303//7647 5228//7528
f 5306//7650 5305//7649 5303//7647
f 5304//7648 5228//7528 5303//7647
f 5107//7347 5071//7293 5109//7350
f 3170//4466 3198//4503 3197//4501
f 5107//7347 5109//7350 5106//7346
f 5310//7654 5233//7537 5238//7543
f 5306//7650 5229//7530 5305//7649
f 5308//7652 5305//7649 5229//7530
f 5308//7652 5307//7651 5305//7649
f 5107//7347 5106//7346 5108//7348
f 5104//7343 5108//7348 5106//7346
f 5104//7343 5106//7346 5145//7404
f 5238//7543 5236//7541 5239//7544
f 571//828 665//938 650//920
f 700//984 650//920 665//938
f 571//828 650//920 519//770
f 5010//7198 5011//7199 5012//7201
f 5144//7403 5105//7344 5145//7404
f 5104//7343 5145//7404 5105//7344
f 3840//5473 3841//5474 3818//5440
f 5144//7403 5145//7404 5143//7402
f 5231//7534 5307//7651 5230//7532
f 5231//7534 5309//7653 5307//7651
f 5308//7652 5230//7532 5307//7651
f 5144//7403 5143//7402 5103//7341
f 5141//7399 5143//7402 5140//7398
f 5141//7399 5103//7341 5143//7402
f 959//1326 1006//1393 6562//9280
f 1012//1403 657//929 1029//1429
f 912//1261 871//1215 961//1328
f 912//1261 873//1217 871//1215
f 5138//7394 5142//7400 5140//7398
f 5138//7394 5140//7398 5190//7473
f 5141//7399 5140//7398 5142//7400
f 5234//7538 5310//7654 5309//7653
f 5231//7534 5232//7535 5309//7653
f 5234//7538 5309//7653 5232//7535
f 4917//7066 4894//7029 4895//7031
f 538//791 441//673 575//832
f 3221//4537 3250//4577 3220//4535
f 5234//7538 5233//7537 5310//7654
f 5119//7365 5054//7267 5053//7266
f 5138//7394 5190//7473 5139//7395
f 5191//7474 5139//7395 5190//7473
f 5191//7474 5190//7473 5188//7470
f 5234//7538 5235//7539 5233//7537
f 5237//7542 5238//7543 5233//7537
f 5237//7542 5233//7537 5235//7539
f 5191//7474 5188//7470 5137//7392
f 5189//7472 5137//7392 5188//7470
f 6580//9299 873//1217 882//1226
f 5237//7542 5236//7541 5238//7543
f 700//984 651//921 650//920
f 572//829 650//920 651//921
f 572//829 519//770 650//920
f 572//829 515//765 519//770
f 538//791 519//770 515//765
f 5189//7472 5188//7470 5185//7466
f 5839//8437 5842//8440 5855//8462
f 5186//7467 5185//7466 5241//7546
f 5186//7467 5187//7468 5185//7466
f 5189//7472 5185//7466 5187//7468
f 5237//7542 5182//7460 5236//7541
f 5240//7545 5236//7541 5182//7460
f 5240//7545 5239//7544 5236//7541
f 5242//7547 5184//7464 5241//7546
f 5186//7467 5241//7546 5184//7464
f 5242//7547 5241//7546 5239//7544
f 5240//7545 5183//7462 5239//7544
f 5242//7547 5239//7544 5183//7462
f 4965//7136 4856//6973 6563//9281
f 4908//7052 6564//9282 4856//6973
f 5887//8512 5844//8443 5841//8439
f 700//984 638//907 651//921
f 572//829 651//921 515//765
f 2853//3971 6612//9332 2852//3969
f 3864//5506 3862//5503 3841//5474
f 5844//8443 5855//8462 5842//8440
f 538//791 515//765 441//673
f 920//1273 961//1328 871//1215
f 920//1273 871//1215 872//1216
f 873//1217 872//1216 871//1215
f 3276//4619 3296//4649 3275//4616
f 5842//8440 5839//8437 5780//8351
f 2819//3924 6557//9275 6612//9332
f 2813//3915 6557//9275 2820//3925
f 2819//3924 2820//3925 6557//9275
f 562//819 515//765 651//921
f 562//819 651//921 638//907
f 4918//7067 4895//7031 4919//7068
f 6570//9288 638//907 700//984
f 920//1273 962//1329 961//1328
f 6569//9287 961//1328 962//1329
f 6569//9287 959//1325 961//1328
f 3882//5530 3880//5527 3862//5503
f 5747//8300 5798//8384 5761//8318
f 6569//9287 917//1270 959//1325
f 562//819 638//907 505//753
f 562//819 505//753 515//765
f 679//955 657//928 1012//1404
f 1029//1427 1018//1413 1012//1404
f 1018//1413 679//955 1012//1404
f 6567//9285 441//673 515//765
f 6567//9285 515//765 505//753
f 920//1273 872//1216 962//1329
f 700//984 637//906 6570//9288
f 873//1217 6580//9299 872//1216
f 3345//4723 3367//4760 3344//4721
f 6566//9284 505//753 638//907
f 6576//9295 5482//7935 6573//9292
f 6558//9276 2221//3040 1992//2726
f 6558//9276 2378//3273 2221//3040
f 6558//9276 2739//3806 2378//3273
f 6558//9276 2986//4187 2739//3806
f 6558//9276 3160//4451 2986//4187
f 5804//8394 5842//8440 5780//8351
f 903//1252 962//1329 872//1216
f 903//1252 6568//9286 962//1329
f 4945//7107 4919//7068 4920//7070
f 6567//9285 500//746 441//673
f 1103//1523 1029//1427 1198//1645
f 6565//9283 5054//7267 5055//7268
f 5840//8438 5844//8443 5842//8440
f 3921//5581 3919//5578 3897//5550
f 3388//4793 3411//4829 3386//4789
f 612//873 6570//9288 637//906
f 495//741 441//672 500//746
f 5120//7366 5054//7267 5119//7365
f 6571//9289 612//873 500//746
f 903//1252 872//1216 6572//9290
f 2819//3924 6612//9332 2820//3925
f 495//741 487//732 441//672
f 487//732 476//719 441//674
f 4965//7136 6565//9283 5055//7268
f 4946//7109 4920//7070 4947//7110
f 3939//5606 3938//5604 3919//5578
f 555//811 612//873 637//906
f 555//811 500//746 612//873
f 555//811 495//741 500//746
f 5083//7310 5055//7268 5054//7267
f 5083//7310 5054//7267 5120//7366
f 700//984 611//872 637//906
f 700//984 762//1066 611//872
f 1025//1422 698//980 1018//1413
f 698//980 679//955 1018//1413
f 1029//1427 1025//1422 1018//1413
f 5840//8438 5842//8440 5804//8394
f 1943//2657 1997//2735 1969//2692
f 2101//2870 1969//2692 1997//2735
f 1170//1608 1268//1738 6574//9293
f 555//811 637//906 599//860
f 555//811 599//860 495//741
f 599//860 637//906 611//872
f 1198//1646 1116//1544 1209//1664
f 3961//5636 3960//5634 3938//5604
f 523//775 495//741 599//860
f 487//732 495//741 486//731
f 523//775 486//731 495//741
f 4995//7178 5055//7268 5083//7310
f 4995//7178 4883//7014 5055//7268
f 4965//7136 5055//7268 4883//7014
f 3475//4926 3493//4953 3472//4920
f 5841//8439 5844//8443 5840//8438
f 523//775 599//860 486//731
f 1005//1391 1006//1393 959//1326
f 5500//7965 5522//8001 5530//8010
f 5756//8311 5804//8394 5780//8351
f 534//786 486//731 599//860
f 534//786 599//860 611//872
f 534//786 487//732 486//731
f 1005//1392 996//1378 1006//1394
f 6577//9296 1006//1393 996//1379
f 911//1260 6578//9297 864//1206
f 911//1260 948//1308 6579//9298
f 534//786 480//724 487//732
f 534//786 611//872 589//850
f 534//786 589//850 480//724
f 2813//3915 2820//3925 6612//9332
f 4000//5688 3999//5686 3979//5659
f 522//774 480//724 589//850
f 611//872 579//837 589//850
f 522//774 589//850 579//837
f 480//724 476//720 487//732
f 3517//4990 3534//5015 3514//4984
f 911//1260 864//1206 948//1308
f 5756//8311 5780//8351 5749//8303
f 522//774 579//837 480//724
f 4977//7152 4948//7112 4978//7153
f 1027//1424 719//1009 1025//1422
f 1029//1427 1027//1424 1025//1422
f 719//1009 698//980 1025//1422
f 516//766 480//724 579//837
f 516//766 476//720 480//724
f 1029//1427 1103//1524 1027//1424
f 5482//7936 5119//7365 4931//7089
f 552//807 569//826 579//837
f 552//807 579//837 611//872
f 516//766 579//837 569//826
f 516//766 569//826 475//718
f 516//766 475//718 476//719
f 464//706 476//720 475//718
f 894//1241 948//1308 864//1206
f 894//1241 949//1309 948//1308
f 6569//9287 948//1308 949//1309
f 1269//1740 6619//9339 1268//1739
f 508//756 475//718 569//826
f 508//756 569//826 558//815
f 552//807 558//815 569//826
f 508//756 473//716 475//718
f 464//706 475//718 473//716
f 1269//1741 1268//1738 1170//1608
f 1005//1391 959//1326 996//1379
f 4995//7178 5083//7310 5084//7311
f 5120//7366 5084//7311 5083//7310
f 6769//9507 5731//8273 5754//8309
f 5798//8384 5747//8300 5731//8273
f 5009//7197 4978//7153 5011//7199
f 508//756 558//815 473//716
f 4039//5744 4037//5741 4020//5718
f 5804//8394 5756//8311 5783//8354
f 894//1241 864//1206 860//1200
f 860//1200 864//1206 6580//9299
f 4245//6031 4243//6028 4222//6000
f 1919//2613 1921//2618 1920//2616
f 1919//2613 1777//2433 1800//2461
f 1919//2613 1800//2461 6582//9301
f 1919//2613 6583//9302 1853//2521
f 1919//2613 1893//2583 1921//2618
f 1919//2613 1853//2521 1893//2583
f 6197//8846 754//1053 821//1149
f 6569//9287 950//1310 917//1270
f 6569//9287 949//1309 950//1310
f 894//1241 860//1200 949//1309
f 509//757 473//716 558//815
f 5841//8439 5840//8438 5804//8394
f 553//808 558//815 552//807
f 509//757 558//815 553//808
f 469//711 464//706 473//716
f 509//757 469//711 473//716
f 3597//5112 3614//5141 3596//5110
f 509//757 553//808 469//711
f 5841//8439 5804//8394 5783//8354
f 463//705 476//720 464//706
f 762//1066 552//807 611//872
f 507//755 469//711 553//808
f 553//808 552//807 547//801
f 507//755 553//808 547//801
f 507//755 467//709 469//711
f 469//711 467//709 464//706
f 463//705 441//672 476//719
f 893//1240 949//1309 860//1200
f 893//1240 950//1310 949//1309
f 507//755 547//801 467//709
f 5026//7224 5084//7311 5120//7366
f 5026//7224 4933//7091 5084//7311
f 4995//7178 5084//7311 4933//7091
f 492//737 467//709 547//801
f 464//706 467//709 462//704
f 492//737 462//704 467//709
f 4074//5792 4071//5788 4057//5769
f 492//737 547//801 462//704
f 1103//1524 1030//1430 1027//1424
f 737//1029 719//1009 1027//1424
f 1030//1430 737//1029 1027//1424
f 893//1240 860//1200 861//1202
f 5783//8354 5756//8311 5775//8344
f 547//801 552//807 539//792
f 1269//1741 1170//1608 6619//9340
f 1103//1523 1198//1645 1209//1665
f 5157//7423 5120//7366 5119//7365
f 5482//7936 5157//7423 5119//7365
f 464//706 462//704 463//705
f 490//735 463//705 462//704
f 490//735 462//704 547//801
f 490//735 547//801 539//792
f 893//1240 935//1291 950//1310
f 893//1240 861//1202 935//1291
f 5749//8303 5733//8275 5756//8311
f 619//880 618//879 6581//9300
f 619//880 620//881 618//879
f 860//1200 6580//9299 855//1194
f 860//1201 855//1195 861//1203
f 423//647 441//673 463//705
f 980//1357 959//1326 981//1359
f 980//1357 996//1379 959//1326
f 490//735 539//792 459//700
f 490//735 459//700 463//705
f 530//782 539//792 552//807
f 5749//8303 5723//8260 5733//8275
f 3655//5202 3676//5234 3654//5200
f 482//727 458//698 459//700
f 482//727 459//700 539//792
f 482//727 539//792 530//782
f 6622//9343 1444//1992 1382//1900
f 6585//9304 917//1270 950//1310
f 6585//9304 950//1310 935//1291
f 4091//5816 4089//5812 4071//5788
f 6622//9343 1382//1900 1406//1934
f 459//700 6588//9308 463//705
f 6588//9308 423//647 463//705
f 980//1358 981//1360 996//1378
f 6584//9303 996//1379 981//1359
f 482//727 530//782 458//698
f 5036//7236 5012//7201 5013//7203
f 530//782 552//807 520//771
f 459//700 455//693 6588//9308
f 459//701 458//699 455//694
f 5775//8344 5756//8311 5733//8275
f 477//721 455//693 458//698
f 477//721 458//698 530//782
f 477//721 530//782 520//771
f 887//1231 861//1202 855//1194
f 887//1231 935//1291 861//1202
f 887//1231 6586//9305 935//1291
f 6587//9307 449//685 406//626
f 6592//9312 520//771 552//807
f 477//721 520//771 455//693
f 2813//3915 6589//9309 6590//9310
f 6591//9311 455//693 520//771
f 1444//1992 6668//9391 1407//1938
f 5026//7224 5120//7366 5157//7423
f 4111//5846 4108//5840 4089//5812
f 867//1210 959//1325 917//1270
f 6593//9313 506//754 453//690
f 619//880 6581//9300 620//881
f 447//683 423//647 6588//9308
f 6588//9308 453//690 452//689
f 470//712 453//690 506//754
f 470//712 452//689 453//690
f 470//712 506//754 501//747
f 6592//9312 501//747 506//754
f 887//1231 855//1194 6594//9314
f 5686//8211 5775//8344 5733//8275
f 6592//9312 552//807 501//747
f 6588//9308 452//689 447//683
f 470//712 501//747 452//689
f 1103//1523 1209//1665 1259//1726
f 468//710 452//689 501//747
f 468//710 501//747 496//742
f 496//742 501//747 552//807
f 448//684 447//683 452//689
f 468//710 448//684 452//689
f 468//710 496//742 448//684
f 5738//8284 5783//8354 5775//8344
f 496//742 552//807 6728//9460
f 465//707 448//684 496//742
f 465//707 447//683 448//684
f 465//707 496//742 489//734
f 496//742 6728//9460 489//734
f 465//707 489//734 445//680
f 465//707 445//680 447//683
f 426//651 447//683 445//680
f 426//651 445//680 440//671
f 460//702 445//680 489//734
f 460//702 440//671 445//680
f 6596//9316 481//725 489//734
f 460//702 489//734 481//725
f 460//702 481//725 440//671
f 426//651 440//671 6598//9318
f 456//695 481//726 6597//9317
f 456//696 6598//9318 440//671
f 456//696 440//671 481//725
f 367//579 292//487 216//364
f 256//426 6599//9319 257//427
f 256//426 6682//9408 6599//9319
f 272//455 367//579 216//364
f 255//424 280//466 254//422
f 254//422 280//466 6600//9320
f 331//537 367//579 299//501
f 272//455 299//501 367//579
f 376//590 367//579 331//537
f 376//590 418//640 367//579
f 385//601 418//640 376//590
f 413//635 418//640 385//601
f 413//635 6598//9318 418//640
f 426//651 6598//9318 413//635
f 254//423 6600//9320 279//464
f 238//397 292//487 6601//9321
f 238//397 6599//9319 254//422
f 254//422 6599//9319 255//424
f 238//397 6601//9321 6599//9319
f 256//426 257//427 6682//9408
f 279//464 261//431 254//422
f 436//666 441//673 423//647
f 6601//9321 292//487 257//427
f 257//427 292//487 6682//9408
f 372//586 376//590 362//574
f 385//601 376//590 372//586
f 331//537 299//501 330//536
f 299//501 272//455 303//506
f 426//651 413//635 408//629
f 423//647 426//651 408//629
f 330//536 299//501 303//506
f 376//590 331//537 362//574
f 447//683 426//651 423//647
f 362//574 331//537 330//536
f 272//455 216//364 303//506
f 408//629 385//601 372//586
f 413//635 385//601 408//629
f 848//1184 6580//9299 882//1226
f 5733//8275 5723//8260 5724//8261
f 165//286 216//364 292//487
f 6585//9304 926//1280 917//1270
f 279//464 260//430 261//431
f 261//431 260//430 254//423
f 280//466 279//464 6600//9320
f 330//536 303//506 304//507
f 362//574 330//536 318//524
f 372//586 362//574 363//575
f 408//629 372//586 392//609
f 423//647 408//629 392//609
f 363//575 362//574 318//524
f 392//609 372//586 363//575
f 318//524 330//536 304//507
f 216//364 166//288 303//506
f 304//507 303//506 166//288
f 5717//8250 5724//8261 5723//8260
f 3728//5309 3749//5339 3729//5310
f 5067//7285 5038//7238 5039//7240
f 4145//5893 4146//5894 4128//5869
f 1035//1435 752//1050 1030//1430
f 752//1050 737//1029 1030//1430
f 1103//1524 1035//1435 1030//1430
f 5724//8261 5718//8251 5709//8237
f 5717//8250 5718//8251 5724//8261
f 2101//2870 2100//2866 1935//2641
f 2101//2870 1935//2641 1937//2646
f 2101//2870 1970//2693 1969//2692
f 2101//2870 1937//2646 1970//2693
f 2101//2870 2159//2956 2130//2911
f 2101//2870 2130//2911 2100//2866
f 238//397 165//286 292//487
f 5522//8001 6554//9272 5530//8010
f 5203//7493 5157//7423 5482//7936
f 1823//2490 1705//2350 1706//2351
f 1888//2571 1775//2431 1776//2432
f 1888//2571 1774//2430 1775//2431
f 1887//2570 1746//2397 1774//2430
f 1887//2570 1745//2396 1746//2397
f 1769//2424 1668//2305 1686//2326
f 1769//2424 1667//2304 1668//2305
f 1767//2422 1666//2303 1667//2304
f 1888//2571 1776//2432 1777//2433
f 1795//2456 1706//2351 1681//2321
f 1796//2457 1681//2321 1682//2322
f 1796//2457 1682//2322 1683//2323
f 1758//2413 1683//2323 1684//2324
f 1758//2413 1684//2324 1685//2325
f 1761//2416 1685//2325 1649//2286
f 1761//2416 1649//2286 1650//2287
f 1823//2490 1704//2349 1705//2350
f 1738//2389 1659//2296 1660//2297
f 1738//2389 1660//2297 1661//2298
f 1740//2391 1661//2298 1662//2299
f 1766//2421 1664//2301 1665//2302
f 1740//2391 1663//2300 1664//2301
f 1740//2391 1662//2299 1663//2300
f 1766//2421 1665//2302 1666//2303
f 423//647 392//609 361//573
f 436//666 423//647 361//573
f 392//609 363//575 361//573
f 361//573 363//575 337//544
f 363//575 318//524 337//544
f 337//544 318//524 315//521
f 315//521 304//507 277//461
f 318//524 304//507 315//521
f 304//507 166//288 277//461
f 609//870 6581//9300 6602//9322
f 609//870 620//881 6581//9300
f 609//870 6602//9322 620//881
f 5724//8261 5709//8237 5660//8180
f 5604//8098 6554//9272 5522//8001
f 5026//7224 5157//7423 4966//7137
f 5085//7312 4966//7137 5157//7423
f 5085//7313 5157//7424 5158//7425
f 1695//2336 1642//2277 1643//2278
f 1451//2004 1448//2000 1440//1986
f 1565//2173 1553//2156 1545//2145
f 1241//1704 1238//1700 1228//1689
f 1600//2219 1597//2215 1590//2206
f 1600//2219 1590//2206 1583//2197
f 1137//1568 1146//1579 1126//1556
f 1628//2256 1616//2239 1609//2231
f 1369//1879 1365//1874 1366//1875
f 1369//1879 1366//1875 1356//1856
f 1330//1824 1337//1832 1327//1820
f 1330//1824 1327//1820 1317//1806
f 1695//2336 1669//2306 1642//2277
f 1288//1766 1285//1762 1278//1753
f 1540//2138 1532//2127 1521//2112
f 1193//1636 1202//1650 1180//1621
f 1498//2078 1485//2052 1476//2041
f 1498//2078 1495//2073 1485//2052
f 1241//1704 1247//1711 1238//1700
f 1099//1518 1106//1528 1096//1514
f 1411//1942 1420//1958 1399//1926
f 1451//2004 1440//1986 1427//1969
f 1099//1518 1096//1514 1089//1507
f 1806//2470 1778//2434 1747//2398
f 1806//2470 1747//2398 1710//2355
f 5724//8261 5660//8180 5656//8175
f 2420//3340 2458//3392 2350//3236
f 6603//9323 6605//9325 6604//9324
f 4162//5916 4163//5917 4146//5894
f 890//1234 848//1184 882//1226
f 5724//8261 5686//8211 5733//8275
f 5738//8284 5775//8344 5686//8211
f 5158//7426 5157//7423 5203//7493
f 892//1239 926//1280 6606//9326
f 892//1239 6607//9327 846//1182
f 6580//9299 848//1184 846//1182
f 5656//8175 5660//8180 6231//8886
f 6608//9328 488//733 297//498
f 337//544 315//521 310//516
f 354//566 337//544 310//516
f 361//573 337//544 354//566
f 379//593 361//573 354//566
f 388//605 361//573 379//593
f 436//666 361//573 388//605
f 310//516 315//521 277//461
f 260//430 6611//9331 254//423
f 5068//7287 5039//7240 5069//7289
f 366//578 297//498 488//733
f 366//578 488//733 6609//9329
f 366//578 6610//9330 297//498
f 5656//8175 6231//8886 5638//8147
f 5085//7312 5158//7426 5203//7493
f 216//364 165//286 204//346
f 4181//5942 4180//5940 4163//5917
f 166//288 237//396 277//461
f 927//1281 917//1270 926//1280
f 5604//8098 5630//8136 6539//9255
f 892//1239 846//1182 926//1280
f 248//410 6611//9331 260//430
f 5630//8136 5638//8147 5477//7928
f 973//1346 981//1359 959//1326
f 204//346 166//288 216//364
f 5630//8136 5477//7928 6495//9199
f 5686//8211 5724//8261 5656//8175
f 5480//7931 5482//7935 6576//9295
f 3817//5439 3818//5440 3797//5409
f 437//667 388//605 377//591
f 441//672 436//666 437//667
f 437//667 436//666 388//605
f 379//593 354//566 335//542
f 335//542 310//516 277//461
f 354//566 310//516 335//542
f 388//605 379//593 377//591
f 5474//7925 5480//7931 6576//9295
f 1041//1443 771//1077 1035//1435
f 771//1077 752//1050 1035//1435
f 1103//1524 1041//1443 1035//1435
f 973//1347 6659//9380 981//1360
f 5474//7925 6576//9295 5479//7930
f 870//1214 927//1281 926//1280
f 870//1214 926//1280 846//1182
f 166//288 204//346 165//286
f 6611//9331 248//410 254//423
f 5672//8194 5686//8211 5656//8175
f 847//1183 846//1182 848//1184
f 870//1214 846//1182 847//1183
f 264//440 260//430 279//464
f 5841//8439 5783//8354 5777//8348
f 4224//6003 4222//6000 4202//5970
f 166//288 200//340 237//396
f 1383//1903 1396//1921 1382//1901
f 5097//7331 5070//7291 5100//7335
f 870//1214 847//1183 927//1281
f 5253//7565 5203//7493 5482//7936
f 5769//8332 5880//8497 5722//8257
f 379//593 335//542 343//551
f 437//667 377//591 419//641
f 419//641 377//591 343//551
f 324//530 277//461 274//457
f 377//591 379//593 343//551
f 335//542 277//461 324//530
f 343//551 335//542 324//530
f 5631//8137 5638//8147 5630//8136
f 242//402 238//397 254//423
f 248//410 242//402 254//423
f 927//1281 918//1271 917//1270
f 5474//7925 5479//7930 5480//7931
f 5204//7494 5203//7493 5253//7565
f 878//1222 927//1281 847//1183
f 878//1222 918//1271 927//1281
f 878//1222 847//1183 839//1170
f 890//1235 536//789 865//1207
f 5656//8175 5638//8147 5672//8194
f 973//1346 959//1326 6659//9381
f 821//1150 754//1054 762//1067
f 5099//7333 5100//7335 5101//7337
f 4263//6057 4264//6060 4243//6028
f 1170//1608 598//859 576//834
f 5672//8194 5648//8161 5686//8211
f 5738//8284 5686//8211 5648//8161
f 3899//5553 3897//5550 3880//5527
f 5121//7367 5203//7493 5204//7494
f 5085//7312 5203//7493 4998//7182
f 5121//7367 4998//7182 5203//7493
f 847//1183 848//1184 839//1170
f 878//1222 839//1170 918//1271
f 5630//8136 5604//8098 5631//8137
f 248//410 213//359 242//402
f 5672//8194 5638//8147 5631//8137
f 6769//9507 5798//8385 5731//8273
f 1103//1524 1048//1452 1041//1443
f 1048//1452 788//1101 1041//1443
f 788//1101 771//1077 1041//1443
f 343//551 324//530 327//533
f 371//585 343//551 327//533
f 419//641 343//551 371//585
f 405//625 419//641 371//585
f 327//533 324//530 321//527
f 324//530 274//457 321//527
f 321//527 274//457 265//442
f 442//675 419//641 405//625
f 437//667 419//641 442//675
f 200//340 277//461 237//396
f 274//457 277//461 265//442
f 265//442 277//461 200//340
f 1383//1903 1381//1897 1396//1921
f 5481//7933 5482//7935 5480//7931
f 877//1221 918//1271 839//1170
f 6418//9100 5636//8145 5629//8134
f 6418//9100 5629//8134 5622//8125
f 4027//5728 6938//9689 4047//5755
f 4027//5728 4047//5755 3988//5672
f 909//1258 917//1270 918//1271
f 5481//7934 5480//7932 5489//7946
f 5738//8284 5648//8161 5783//8354
f 909//1258 910//1259 917//1270
f 280//467 284//474 279//465
f 260//430 264//440 248//410
f 4304//6123 4302//6120 4281//6086
f 5121//7367 5204//7494 5253//7565
f 432//661 441//672 437//667
f 877//1221 840//1171 919//1272
f 877//1221 919//1272 918//1271
f 877//1221 839//1170 840//1171
f 909//1258 918//1271 919//1272
f 5132//7384 5102//7339 5134//7386
f 848//1184 840//1171 839//1170
f 442//675 432//661 437//667
f 4326//6158 4324//6154 4302//6120
f 431//660 432//661 442//675
f 431//660 405//625 375//589
f 405//625 371//585 375//589
f 442//675 405//625 431//660
f 375//589 371//585 340//548
f 371//585 327//533 340//548
f 314//520 321//527 294//494
f 327//533 321//527 314//520
f 340//548 327//533 314//520
f 265//442 200//340 258//428
f 321//527 265//442 294//494
f 294//494 265//442 258//428
f 869//1213 919//1272 840//1171
f 869//1213 909//1258 919//1272
f 869//1213 840//1171 834//1164
f 848//1184 834//1164 840//1171
f 242//402 213//359 238//397
f 283//472 264//440 279//465
f 5254//7567 5253//7565 5482//7936
f 284//474 283//472 279//465
f 3980//5661 3979//5659 3960//5634
f 5133//7385 5134//7386 5135//7388
f 6730//9462 1382//1901 1396//1921
f 6730//9462 1406//1934 1382//1900
f 760//1061 848//1184 890//1236
f 2813//3915 6612//9332 2853//3972
f 6769//9508 5772//8338 5798//8386
f 869//1213 834//1164 909//1258
f 4343//6183 4360//6208 4342//6181
f 432//661 449//685 441//672
f 6613//9333 6615//9335 6614//9334
f 820//1147 788//1101 1048//1452
f 1103//1524 820//1147 1048//1452
f 536//788 527//779 865//1208
f 865//1208 527//779 890//1234
f 6616//9336 6617//9337 6618//9338
f 1170//1608 576//834 1191//1634
f 238//397 105//186 165//286
f 848//1184 835//1165 834//1164
f 848//1184 760//1061 835//1165
f 876//1220 910//1259 909//1258
f 876//1220 909//1258 834//1164
f 876//1220 834//1164 835//1165
f 264//440 213//359 248//410
f 4638//6625 4636//6620 4618//6592
f 4362//6212 4378//6236 4360//6208
f 552//807 762//1066 6728//9460
f 5159//7427 5253//7565 5323//7675
f 5121//7367 5253//7565 5028//7226
f 5254//7568 5323//7676 5253//7566
f 5159//7427 5028//7226 5253//7565
f 1895//2586 1853//2520 6620//9341
f 1895//2586 6621//9342 1802//2464
f 5254//7567 5482//7936 5323//7675
f 431//660 375//589 420//642
f 340//548 314//520 325//531
f 314//520 294//494 302//505
f 302//505 294//494 289//483
f 325//531 314//520 302//505
f 375//589 340//548 364//576
f 364//576 340//548 325//531
f 420//642 375//589 364//576
f 289//483 294//494 259//429
f 294//494 258//428 259//429
f 432//661 431//660 420//642
f 5176//7450 5136//7390 5178//7452
f 876//1220 835//1165 901//1250
f 876//1220 901//1250 910//1259
f 213//359 186//314 238//397
f 105//186 155//272 166//288
f 165//287 105//186 166//288
f 4377//6235 4400//6267 4378//6236
f 6769//9507 6768//9505 5772//8339
f 5798//8384 5772//8340 6768//9506
f 902//1251 910//1259 901//1250
f 902//1251 867//1210 910//1259
f 867//1210 917//1270 910//1259
f 859//1199 902//1251 901//1250
f 859//1199 901//1250 835//1165
f 4402//6270 4422//6298 4400//6267
f 4059//5772 4057//5769 4037//5741
f 825//1154 835//1165 760//1061
f 859//1199 835//1165 825//1154
f 5177//7451 5178//7452 5179//7454
f 155//272 95//170 166//288
f 166//288 95//170 6623//9344
f 4719//6748 4717//6745 4690//6701
f 4424//6301 4443//6329 4422//6298
f 859//1199 825//1154 902//1251
f 5650//8163 5799//8388 6624//9345
f 5159//7427 5323//7675 5324//7678
f 1058//1466 820//1148 1103//1525
f 4442//6328 4441//6326 4443//6329
f 6625//9346 6627//9348 6626//9347
f 6628//9349 6629//9350 6630//9351
f 364//576 325//531 334//541
f 365//577 364//576 334//541
f 302//505 289//483 290//484
f 290//484 289//483 259//429
f 402//622 364//576 365//577
f 420//642 364//576 402//622
f 325//531 302//505 323//529
f 432//661 420//642 402//622
f 334//541 325//531 323//529
f 323//529 302//505 290//484
f 73//130 95//170 155//272
f 147//257 73//130 155//272
f 6631//9352 6632//9353 6633//9354
f 6634//9355 6636//9357 6635//9356
f 858//1198 902//1251 825//1154
f 858//1198 891//1237 902//1251
f 858//1198 825//1154 826//1155
f 6637//9358 6638//9359 6639//9360
f 6640//9361 6642//9363 6641//9362
f 73//130 75//132 95//170
f 147//257 105//186 8//18
f 9//19 238//397 186//314
f 9//19 105//186 238//397
f 73//130 147//257 22//39
f 902//1251 891//1237 867//1210
f 5777//8348 5783//8354 5648//8161
f 5482//7935 5481//7933 5489//7947
f 5220//7515 5180//7456 5181//7458
f 825//1154 760//1061 826//1155
f 1253//1718 6619//9340 1170//1608
f 4475//6376 4474//6374 4458//6350
f 858//1198 826//1155 891//1237
f 578//836 1191//1634 576//834
f 1170//1608 1191//1634 6661//9383
f 6661//9383 1191//1634 578//836
f 890//1234 527//779 849//1185
f 6643//9364 6644//9365 6645//9366
f 6646//9367 6648//9369 6647//9368
f 5323//7675 5482//7936 5385//7780
f 5323//7677 5385//7781 5324//7679
f 5037//7237 5013//7203 5038//7238
f 1209//1664 6655//9376 1259//1726
f 4492//6402 4490//6398 4474//6374
f 4800//6880 4798//6876 4774//6833
f 4127//5868 4128//5869 4108//5840
f 1406//1934 1444//1992 6622//9343
f 854//1192 891//1237 826//1155
f 5221//7516 5181//7458 5223//7518
f 5160//7428 5324//7678 5385//7780
f 5160//7428 5056//7269 5324//7678
f 5159//7427 5324//7678 5056//7269
f 2200//3008 2156//2953 2158//2955
f 2200//3008 2199//3007 2156//2953
f 2199//3007 2154//2949 2156//2953
f 2199//3007 2223//3043 2154//2949
f 2257//3094 2198//3005 2223//3043
f 2257//3094 2298//3162 2198//3005
f 283//472 284//474 280//467
f 6659//9381 959//1326 867//1211
f 417//639 449//685 432//661
f 4526//6453 4524//6449 4508//6425
f 854//1192 826//1155 816//1141
f 817//1143 816//1141 826//1155
f 817//1143 826//1155 760//1061
f 762//1067 754//1054 6728//9460
f 5466//7913 5385//7780 5482//7936
f 854//1193 816//1142 891//1238
f 200//340 171//293 258//428
f 166//288 171//293 200//340
f 6649//9370 6651//9372 6650//9371
f 290//484 259//429 245//406
f 326//532 290//484 245//406
f 417//639 432//661 402//622
f 259//429 258//428 245//406
f 365//577 334//541 332//538
f 359//571 365//577 332//538
f 332//538 323//529 326//532
f 402//622 365//577 359//571
f 334//541 323//529 332//538
f 417//639 402//622 359//571
f 323//529 290//484 326//532
f 836//1166 820//1147 1058//1467
f 6652//9373 6654//9375 6653//9374
f 5222//7517 5223//7518 5224//7520
f 4545//6479 4547//6481 4524//6449
f 819//1145 890//1234 849//1185
f 1068//1480 836//1166 1058//1467
f 1103//1524 1068//1480 1058//1467
f 5160//7428 5385//7780 5386//7782
f 5466//7913 5386//7782 5385//7780
f 853//1191 891//1237 816//1141
f 853//1191 816//1141 817//1143
f 853//1191 885//1229 891//1237
f 867//1210 891//1237 885//1229
f 6656//9377 1087//1505 1447//1999
f 5270//7593 5224//7520 5225//7522
f 5356//7727 5288//7619 5289//7621
f 1246//1710 1447//1999 1087//1505
f 1246//1710 1087//1505 6657//9378
f 1246//1710 6658//9379 1447//1999
f 1820//2487 1727//2378 1703//2348
f 1849//2516 1709//2354 1745//2396
f 1820//2487 1703//2348 1704//2349
f 1732//2383 1654//2291 1655//2292
f 1729//2380 1651//2288 1652//2289
f 1867//2543 1754//2409 1755//2410
f 1820//2487 1726//2377 1727//2378
f 6161//8809 1686//2326 1687//2327
f 1736//2387 1657//2294 1658//2295
f 1798//2459 1690//2330 1707//2352
f 1736//2387 1658//2295 1659//2296
f 1729//2380 1650//2287 1651//2288
f 1798//2459 1689//2329 1690//2330
f 853//1191 817//1143 885//1229
f 4586//6545 4584//6541 4564//6507
f 817//1143 760//1061 801//1120
f 841//1172 819//1145 849//1185
f 5273//7597 5225//7522 5226//7524
f 5098//7332 5069//7289 5070//7291
f 4204//5973 4202//5970 4180//5940
f 867//1210 885//1229 886//1230
f 4621//6598 4618//6592 4604//6571
f 845//1181 886//1230 885//1229
f 845//1181 885//1229 817//1143
f 845//1181 817//1143 801//1120
f 754//1053 6197//8846 681//958
f 5650//8163 5800//8389 5799//8388
f 5275//7599 5226//7524 5227//7526
f 5801//8390 6660//9382 5799//8388
f 5800//8389 5801//8390 5799//8388
f 849//1186 518//768 842//1174
f 841//1173 849//1186 842//1174
f 527//779 518//769 849//1185
f 332//538 326//532 322//528
f 295//495 245//406 171//293
f 171//293 245//406 258//428
f 326//532 245//406 295//495
f 322//528 326//532 320//526
f 359//571 332//538 370//584
f 320//526 326//532 295//495
f 417//639 359//571 370//584
f 6668//9391 1444//1992 1417//1953
f 845//1181 801//1120 886//1230
f 3360//4750 2913//4065 5498//7961
f 6673//9397 6619//9340 1253//1718
f 3041//4273 3010//4229 3009//4228
f 6662//9384 3009//4228 3010//4229
f 3041//4273 3073//4320 3010//4229
f 3807//5426 6941//9692 3827//5454
f 1436//1981 2177//2976 6664//9386
f 1436//1981 6664//9386 1344//1840
f 1436//1981 1344//1840 6667//9389
f 3073//4320 6663//9385 3010//4229
f 1436//1981 6667//9389 1408//1939
f 1436//1981 1408//1939 2177//2976
f 2177//2976 1408//1939 1622//2246
f 1622//2246 1408//1939 6665//9387
f 1408//1939 6667//9389 6668//9392
f 3584//5092 6945//9696 3604//5124
f 3584//5092 3604//5124 3547//5036
f 3807//5426 3827//5454 3761//5357
f 5200//7489 6417//9099 5251//7561
f 5200//7489 5251//7561 5117//7363
f 5496//7957 5502//7968 5495//7955
f 5496//7957 5495//7955 5465//7912
f 1614//2237 1622//2246 6665//9387
f 1614//2237 6665//9387 1606//2227
f 1614//2237 1606//2227 1622//2246
f 3041//4273 3009//4228 3073//4320
f 1606//2227 6671//9395 1622//2246
f 2813//3915 2853//3972 2777//3862
f 3050//4283 3013//4233 6688//9417
f 3009//4228 3040//4272 3073//4320
f 6669//9393 3040//4272 3009//4228
f 6670//9394 2329//3205 6669//9393
f 1406//1935 1417//1954 1444//1994
f 1606//2227 1464//2025 6671//9395
f 760//1061 890//1234 819//1145
f 1864//2539 1993//2727 6674//9399
f 1791//2452 1993//2727 6675//9400
f 3332//4705 6676//9401 3210//4520
f 2988//4189 6555//9273 6688//9418
f 3040//4272 3039//4271 3073//4320
f 6672//9396 1464//2025 1606//2227
f 6671//9395 1464//2025 2177//2976
f 2329//3205 3039//4271 6669//9393
f 6669//9393 3039//4271 3040//4272
f 5277//7601 5227//7526 5279//7603
f 786//1098 801//1120 760//1061
f 6730//9462 1417//1955 1406//1934
f 4670//6671 4671//6672 4654//6648
f 2813//3916 2776//3861 2775//3860
f 2813//3916 2775//3860 2777//3863
f 2813//3915 2988//4191 6963//9716
f 2813//3915 2777//3862 2988//4191
f 2813//3915 6677//9402 2913//4064
f 5017//7210 5019//7212 4980//7156
f 852//1190 886//1230 801//1120
f 852//1190 801//1120 786//1098
f 6679//9405 867//1210 886//1230
f 6679//9405 886//1230 875//1219
f 852//1190 875//1219 886//1230
f 786//1098 760//1061 6681//9407
f 5160//7428 5386//7782 5086//7314
f 5325//7680 5086//7314 5386//7782
f 1077//1491 850//1187 1068//1480
f 850//1187 836//1166 1068//1480
f 1103//1524 1077//1491 1068//1480
f 4692//6704 4690//6701 4671//6672
f 1103//1523 1154//1589 1117//1545
f 5466//7913 5422//7841 5386//7782
f 5325//7680 5386//7782 5422//7841
f 1381//1897 6730//9462 1396//1921
f 5278//7602 5279//7603 5281//7607
f 649//919 754//1053 664//937
f 841//1172 842//1175 819//1145
f 852//1190 786//1098 875//1219
f 5298//7638 5297//7636 5299//7641
f 283//472 267//447 264//440
f 754//1053 681//958 664//937
f 4283//6089 4281//6086 4264//6060
f 417//639 424//648 449//685
f 1103//1524 1117//1545 1077//1491
f 406//626 449//685 285//475
f 6678//9404 301//503 681//958
f 681//958 301//503 664//937
f 5130//7382 5101//7337 5102//7339
f 4737//6775 4735//6772 4717//6745
f 2121//2896 6695//9426 2177//2976
f 5107//7347 5108//7348 5071//7293
f 6680//9406 875//1219 786//1098
f 6575//9294 6763//9498 4877//7004
f 4756//6805 4754//6800 4735//6772
f 5483//7937 5482//7936 5497//7958
f 6683//9411 3131//4408 3156//4444
f 424//648 417//639 403//623
f 370//584 332//538 316//522
f 253//421 171//293 234//392
f 417//639 370//584 403//623
f 332//538 322//528 316//522
f 358//570 370//584 316//522
f 281//470 295//495 253//421
f 322//528 320//526 316//522
f 403//623 370//584 358//570
f 320//526 295//495 281//470
f 316//522 320//526 281//470
f 295//495 171//293 253//421
f 5282//7609 5281//7607 5283//7610
f 649//919 621//882 754//1053
f 5731//8273 5740//8287 5754//8309
f 5731//8273 6595//9315 5740//8287
f 5650//8163 5801//8390 5800//8389
f 5284//7612 5283//7610 5285//7613
f 6655//9376 1103//1523 1259//1726
f 171//293 6732//9467 234//392
f 4344//6185 4342//6181 4324//6154
f 6655//9376 1141//1574 1103//1523
f 664//937 301//503 649//919
f 4823//6920 4821//6915 4798//6876
f 5348//7716 5285//7613 5286//7615
f 1464//2025 1721//2368 2177//2977
f 518//769 504//751 842//1175
f 842//1175 504//751 819//1145
f 166//288 83//148 171//293
f 778//1087 6681//9407 709//995
f 709//995 6681//9407 760//1061
f 649//919 301//503 621//882
f 6684//9413 778//1087 868//1212
f 1117//1545 1088//1506 1077//1491
f 862//1204 850//1187 1077//1491
f 1088//1506 862//1204 1077//1491
f 5351//7721 5286//7615 5287//7617
f 863//1205 6686//9415 868//1212
f 5466//7913 5423//7842 5422//7841
f 5325//7680 5422//7841 5423//7842
f 5174//7448 5135//7388 5136//7390
f 863//1205 828//1157 6679//9405
f 1383//1903 1371//1881 1381//1897
f 828//1157 867//1210 6679//9405
f 4871//6995 4844//6952 4845//6954
f 5489//7947 5497//7958 5482//7935
f 832//1162 863//1205 868//1212
f 832//1162 868//1212 778//1087
f 5325//7680 5423//7842 5161//7429
f 5326//7681 5161//7429 5423//7842
f 5326//7681 5423//7842 5466//7913
f 288//482 6682//9409 286//477
f 4869//6993 4868//6991 4844//6952
f 288//482 291//485 6682//9409
f 253//421 234//392 282//471
f 351//561 316//522 317//523
f 281//470 253//421 282//471
f 317//523 316//522 313//519
f 403//623 358//570 373//587
f 316//522 281//470 313//519
f 313//519 281//470 282//471
f 373//587 358//570 351//561
f 424//648 403//623 373//587
f 358//570 316//522 351//561
f 5650//8163 6687//9416 5801//8390
f 621//882 300//502 754//1053
f 301//503 300//502 621//882
f 1360//1862 1359//1860 1371//1881
f 1360//1862 1352//1849 1359//1860
f 288//482 286//477 291//485
f 832//1162 778//1087 863//1205
f 778//1087 709//995 770//1076
f 3050//4282 3014//4235 3013//4234
f 6688//9418 3013//4234 3014//4235
f 4898//7036 4896//7033 4900//7038
f 5358//7729 5289//7621 5290//7623
f 6682//9410 291//486 286//478
f 867//1211 6773//9513 6659//9381
f 597//858 610//871 6685//9414
f 597//858 6685//9414 598//859
f 4924//7078 4922//7075 4896//7033
f 597//858 598//859 610//871
f 1141//1574 1154//1589 1103//1523
f 1381//1898 1397//1922 6730//9463
f 811//1135 856//1196 863//1205
f 811//1135 863//1205 778//1087
f 811//1135 778//1087 770//1076
f 863//1205 856//1196 828//1157
f 5360//7732 5290//7623 5291//7625
f 6683//9412 3156//4445 3207//4517
f 4952//7119 4921//7073 4922//7075
f 1721//2368 2121//2896 2177//2976
f 2329//3205 6690//9420 3039//4271
f 6670//9394 2344//3229 2329//3205
f 3158//4449 6683//9412 3207//4517
f 5362//7735 5291//7625 5292//7627
f 171//293 110//197 6732//9467
f 5218//7513 5179//7454 5180//7456
f 811//1135 770//1076 856//1196
f 3158//4449 1141//1574 6683//9412
f 3156//4445 3131//4409 3259//4589
f 5364//7738 5292//7627 5293//7629
f 759//1059 770//1076 709//995
f 4979//7155 4980//7156 4949//7114
f 6670//9394 2291//3151 2344//3229
f 4459//6352 4458//6350 4441//6326
f 5294//7632 5293//7629 5295//7633
f 830//1160 856//1196 770//1076
f 830//1160 770//1076 759//1059
f 3051//4284 3014//4235 3136//4417
f 3051//4284 6689//9419 3014//4235
f 3050//4282 3136//4417 3014//4235
f 1095//1513 874//1218 1088//1506
f 874//1218 862//1204 1088//1506
f 1117//1545 1095//1513 1088//1506
f 1572//2183 1154//1589 1141//1574
f 1572//2183 1141//1574 3158//4449
f 1572//2183 3158//4449 3207//4517
f 5326//7681 5466//7913 5467//7914
f 390//607 424//648 373//587
f 317//523 344//552 351//561
f 351//561 344//552 373//587
f 313//519 311//517 317//523
f 282//471 311//517 313//519
f 5523//8002 4877//7004 4961//7132
f 5521//8000 4877//7004 5523//8002
f 5045//7249 5014//7205 5015//7207
f 1253//1718 1724//2374 6673//9397
f 1791//2452 6673//9398 1724//2375
f 830//1160 857//1197 856//1196
f 851//1188 856//1196 857//1197
f 851//1188 828//1157 856//1196
f 5042//7246 5041//7244 5014//7205
f 292//488 262//432 6682//9409
f 830//1160 759//1059 857//1197
f 5301//7644 5299//7641 5302//7645
f 1464//2026 1677//2316 1721//2368
f 2195//3000 6695//9426 2121//2896
f 5072//7295 5071//7293 5040//7242
f 5304//7648 5302//7645 5228//7528
f 4507//6424 4508//6425 4490//6398
f 6691//9421 6690//9420 2329//3205
f 1721//2368 1988//2720 2121//2897
f 1901//2594 1988//2720 1721//2368
f 2329//3205 2388//3285 6691//9421
f 2344//3229 2388//3285 2329//3206
f 2291//3152 2327//3203 2344//3230
f 1464//2025 6729//9461 1677//2316
f 6672//9396 1568//2177 1464//2025
f 5306//7650 5228//7528 5229//7530
f 810//1133 857//1197 759//1059
f 810//1133 851//1188 857//1197
f 5308//7652 5229//7530 5230//7532
f 5144//7403 5103//7341 5105//7344
f 2344//3230 2375//3270 2388//3285
f 5141//7399 5142//7400 5103//7341
f 5138//7394 5139//7395 5142//7400
f 5234//7538 5232//7535 5235//7539
f 5191//7474 5137//7392 5139//7395
f 5189//7472 5187//7468 5137//7392
f 5237//7542 5235//7539 5182//7460
f 5242//7547 5183//7462 5184//7464
f 5240//7545 5182//7460 5183//7462
f 373//587 344//552 390//607
f 317//523 311//517 344//552
f 5326//7681 5467//7914 5205//7495
f 5387//7783 5467//7915 5471//7920
f 5387//7784 5205//7495 5467//7914
f 810//1134 759//1060 851//1189
f 4546//6480 4564//6507 4547//6481
f 851//1188 844//1179 828//1157
f 5472//7922 5467//7914 5466//7913
f 6771//9510 5472//7922 5466//7913
f 1944//2658 1815//2482 1816//2483
f 1944//2658 1865//2541 1815//2482
f 5522//8001 5521//8000 5523//8002
f 1572//2183 3207//4517 3179//4478
f 1572//2183 1164//1601 1154//1590
f 1572//2183 3179//4478 1164//1601
f 171//293 83//148 82//146
f 6763//9498 6759//9494 4877//7004
f 798//1115 844//1179 851//1188
f 798//1115 851//1188 759//1059
f 798//1115 759//1059 750//1046
f 750//1046 759//1059 709//995
f 754//1053 300//502 6728//9460
f 828//1157 747//1042 867//1210
f 2359//3247 2375//3270 2344//3230
f 2698//3744 6693//9423 2649//3669
f 2314//3187 2327//3203 2291//3152
f 2254//3090 6695//9426 2195//3000
f 2254//3090 2195//3000 6694//9424
f 449//685 424//648 285//475
f 6696//9428 6698//9430 6697//9429
f 6699//9431 6700//9432 6701//9433
f 2344//3230 2327//3203 2328//3204
f 5471//7921 5467//7914 5472//7922
f 2454//3387 2644//3663 2375//3270
f 2454//3387 2359//3247 2578//3560
f 3038//4270 3126//4400 6702//9434
f 3100//4360 3154//4442 6703//9435
f 3038//4270 6704//9436 3099//4359
f 2387//3284 2344//3230 2328//3204
f 2387//3284 2359//3247 2344//3230
f 3008//4227 2938//4106 3070//4317
f 2454//3387 2375//3270 2359//3247
f 2984//4185 3070//4317 2938//4106
f 2961//4143 2911//4062 6705//9437
f 2909//4060 2809//3910 2960//4142
f 2697//3743 2807//3908 6706//9438
f 2697//3743 6707//9439 2773//3858
f 2961//4143 6708//9440 2983//4184
f 2386//3283 2314//3187 2453//3386
f 2386//3283 2327//3203 2314//3187
f 2882//4018 2809//3910 6709//9441
f 2909//4060 6710//9442 2809//3910
f 2961//4143 3007//4226 2911//4062
f 2313//3185 2415//3333 2289//3147
f 2882//4018 6711//9443 2937//4105
f 2455//3389 2388//3285 2375//3270
f 2882//4018 2960//4142 2809//3910
f 3008//4227 6712//9444 2938//4106
f 2455//3389 2375//3270 2644//3663
f 3100//4360 6713//9445 3126//4400
f 2849//3965 6714//9446 2698//3744
f 3128//4404 3204//4512 6715//9447
f 3155//4443 3129//4405 6692//9422
f 3128//4404 6716//9448 3154//4442
f 2580//3563 2736//3802 6717//9449
f 2358//3246 2289//3147 2415//3333
f 2455//3389 2694//3735 2388//3285
f 2358//3246 2291//3152 2289//3147
f 2358//3246 2314//3187 2291//3152
f 2580//3563 2388//3285 2694//3735
f 2580//3563 6718//9450 2388//3285
f 2849//3965 2698//3744 2908//4059
f 2984//4185 2911//4062 3007//4226
f 2808//3909 2649//3669 2848//3964
f 3008//4227 3099//4359 6719//9451
f 6720//9452 2290//3149 2289//3147
f 2313//3186 2289//3148 2290//3150
f 2648//3668 2773//3858 6721//9453
f 2648//3668 6722//9454 2736//3802
f 2358//3246 2453//3386 2314//3187
f 2387//3284 2328//3204 2519//3480
f 2909//4060 2983//4184 6723//9455
f 2387//3284 2578//3560 2359//3247
f 2386//3283 2328//3204 2327//3203
f 2737//3804 2848//3964 2649//3669
f 2984//4185 6690//9420 2911//4062
f 3155//4443 6724//9456 3204//4512
f 2849//3965 2937//4105 6725//9457
f 2737//3804 6726//9458 2807//3908
f 2984//4185 2938//4106 6690//9420
f 2808//3909 2698//3744 2649//3669
f 2386//3283 2519//3480 2328//3204
f 2808//3909 2908//4059 2698//3744
f 2737//3804 2649//3669 6727//9459
f 424//648 390//607 285//475
f 390//607 344//552 285//475
f 285//475 311//517 52//91
f 311//517 282//471 52//91
f 344//552 311//517 285//475
f 282//471 234//392 52//91
f 4603//6570 4604//6571 4584//6541
f 234//392 6732//9467 52//91
f 1568//2177 1613//2236 1464//2026
f 1988//2720 2036//2783 2121//2897
f 1464//2025 1613//2236 6729//9461
f 2068//2824 2091//2855 2121//2897
f 1721//2368 1863//2538 1901//2594
f 1720//2367 1752//2405 1721//2368
f 1677//2316 1720//2367 1721//2368
f 1901//2594 1931//2635 1988//2720
f 2036//2783 2068//2824 2121//2897
f 2379//3274 2458//3392 2419//3337
f 292//488 190//320 6731//9464
f 292//489 263//435 262//433
f 798//1115 750//1046 844//1179
f 2121//2897 2091//2855 2123//2900
f 5523//8002 5648//8161 5631//8137
f 5604//8098 5523//8002 5631//8137
f 5672//8194 5631//8137 5648//8161
f 1788//2448 1721//2368 1752//2405
f 1719//2366 1752//2405 1720//2367
f 1605//2226 1613//2236 1568//2177
f 1811//2476 1863//2538 1721//2368
f 1963//2682 1988//2720 1931//2635
f 1700//2344 1720//2367 1677//2316
f 1987//2719 2036//2783 1988//2720
f 1862//2537 1901//2594 1863//2538
f 2070//2826 2068//2824 2036//2783
f 2093//2857 2091//2855 2068//2824
f 1473//2037 1472//2036 6749//9484
f 1395//1920 1397//1923 1390//1912
f 1390//1912 1397//1923 1381//1897
f 1558//2162 1567//2175 6733//9468
f 1509//2094 6734//9469 1501//2081
f 1589//2205 1596//2213 1605//2226
f 1433//1976 6735//9470 1425//1965
f 1579//2191 6736//9471 1567//2175
f 1579//2191 1580//2192 6737//9472
f 1558//2162 6738//9473 1551//2153
f 1552//2155 6739//9474 1543//2141
f 1552//2155 1551//2153 6740//9475
f 1621//2245 1613//2236 1603//2223
f 1537//2134 6741//9476 1528//2121
f 1537//2134 1543//2141 6742//9477
f 1529//2123 6743//9478 1518//2105
f 1529//2123 1528//2121 6744//9479
f 2092//2856 2123//2900 2091//2855
f 1509//2094 1518//2105 6745//9480
f 1589//2205 6746//9481 1580//2192
f 2092//2856 2091//2855 2093//2857
f 1489//2058 6747//9482 1488//2056
f 1589//2205 1605//2226 1568//2177
f 1489//2058 1501//2081 6748//9483
f 1604//2225 1603//2223 1613//2236
f 1604//2225 1605//2226 1596//2213
f 1604//2225 1613//2236 1605//2226
f 1481//2048 6749//9484 1472//2036
f 1481//2048 1472//2036 1471//2034
f 1481//2048 1488//2056 6750//9485
f 1463//2024 1472//2036 6751//9486
f 1405//1933 1418//1956 6730//9462
f 1416//1952 1425//1965 6752//9487
f 2092//2856 2093//2857 2067//2822
f 1463//2024 6753//9488 1455//2011
f 1463//2024 1471//2034 1472//2036
f 1456//2013 6754//9489 1443//1990
f 1456//2013 1455//2011 6755//9490
f 2069//2825 2093//2857 2068//2824
f 1930//2634 1963//2682 1931//2635
f 2069//2825 2068//2824 2070//2826
f 2069//2825 2070//2826 2034//2779
f 1433//1976 1443//1990 6756//9491
f 2069//2825 2067//2822 2093//2857
f 2035//2782 2070//2826 2036//2783
f 2035//2782 2036//2783 1987//2719
f 1621//2245 6757//9492 1613//2236
f 2035//2782 1987//2719 1961//2680
f 2035//2782 2034//2779 2070//2826
f 1416//1952 6758//9493 1418//1956
f 1416//1952 1418//1956 1415//1949
f 1930//2634 1931//2635 1899//2591
f 1718//2365 1788//2448 1752//2405
f 1405//1933 6730//9462 1397//1923
f 1405//1933 1397//1923 1395//1920
f 1405//1933 1415//1949 1418//1956
f 1962//2681 1987//2719 1988//2720
f 1676//2315 1675//2313 1700//2344
f 1676//2315 1677//2316 6729//9461
f 1676//2315 1700//2344 1677//2316
f 1699//2343 1698//2341 1719//2366
f 1699//2343 1700//2344 1675//2313
f 1699//2343 1720//2367 1700//2344
f 1699//2343 1719//2366 1720//2367
f 1718//2365 1751//2403 1788//2448
f 1718//2365 1719//2366 1698//2341
f 1718//2365 1752//2405 1719//2366
f 1809//2473 1811//2476 1785//2442
f 1786//2443 1785//2442 1811//2476
f 1786//2443 1788//2448 1751//2403
f 1786//2443 1721//2369 1788//2448
f 1786//2444 1811//2477 1721//2370
f 1962//2681 1988//2720 1963//2682
f 1809//2473 1861//2534 1862//2537
f 1962//2681 1963//2682 1929//2631
f 1900//2593 1862//2537 1861//2534
f 1809//2473 1863//2538 1811//2476
f 1809//2473 1862//2537 1863//2538
f 1900//2593 1899//2591 1931//2635
f 1900//2593 1901//2594 1862//2537
f 1962//2681 1961//2680 1987//2719
f 1900//2593 1931//2635 1901//2594
f 1930//2634 1929//2631 1963//2682
f 1253//1718 1297//1778 1724//2374
f 6623//9344 88//157 166//288
f 1104//1526 883//1227 1095//1513
f 1117//1545 1104//1526 1095//1513
f 883//1227 874//1218 1095//1513
f 95//170 88//157 6623//9344
f 5387//7784 5471//7921 5472//7922
f 6732//9467 110//197 52//91
f 5650//8164 5497//7959 5489//7947
f 799//1116 844//1179 750//1046
f 799//1116 750//1046 743//1035
f 3179//4478 3207//4517 3180//4479
f 819//1146 504//752 787//1099
f 6771//9510 5466//7913 5482//7936
f 421//643 301//503 6760//9495
f 4655//6650 4654//6648 4636//6620
f 171//293 82//146 110//197
f 1154//1589 1210//1666 1117//1545
f 750//1047 744//1038 743//1036
f 750//1046 709//995 744//1039
f 1942//2654 1969//2692 1938//2648
f 1903//2597 1969//2692 1942//2654
f 1937//2646 1969//2692 1970//2693
f 1938//2648 1969//2692 1937//2646
f 1943//2657 1969//2692 1904//2598
f 1904//2598 1969//2692 1903//2597
f 799//1117 743//1037 844//1180
f 2037//2784 1165//1602 1164//1601
f 1154//1589 1164//1601 1165//1602
f 2037//2784 1164//1601 3179//4478
f 2037//2784 3179//4478 3180//4479
f 3207//4517 3156//4445 3232//4551
f 3156//4445 3259//4589 3232//4551
f 3131//4409 3129//4406 3130//4407
f 819//1145 787//1100 760//1061
f 3155//4443 3229//4548 3129//4405
f 3176//4475 3130//4407 3129//4405
f 3176//4475 3129//4405 3229//4548
f 769//1075 743//1035 744//1039
f 769//1075 844//1179 743//1035
f 769//1075 838//1168 844//1179
f 828//1157 844//1179 838//1168
f 5604//8098 5522//8001 5523//8002
f 2092//2856 2090//2852 2123//2900
f 2122//2899 2123//2900 2090//2852
f 2122//2899 2121//2897 2123//2900
f 3207//4517 3208//4518 3180//4479
f 2037//2784 3180//4479 3208//4518
f 2254//3090 6694//9425 6695//9427
f 3131//4409 3178//4477 3259//4589
f 747//1043 6773//9513 867//1211
f 1118//1546 1104//1526 1117//1545
f 769//1075 744//1039 838//1168
f 6771//9510 5482//7936 5483//7938
f 900//1249 883//1227 1104//1526
f 5387//7784 5472//7922 5255//7569
f 5424//7843 5255//7569 5472//7922
f 3130//4407 3178//4477 3131//4409
f 2037//2784 1177//1618 1165//1602
f 1154//1589 1165//1602 1177//1618
f 785//1096 744//1039 736//1028
f 785//1096 838//1168 744//1039
f 709//995 736//1028 744//1039
f 785//1097 828//1158 838//1169
f 4777//6837 4774//6833 4754//6800
f 785//1096 736//1028 829//1159
f 785//1096 829//1159 828//1157
f 709//995 727//1019 736//1028
f 1154//1589 1188//1631 1210//1666
f 2037//2784 3208//4518 1177//1618
f 5424//7844 5472//7923 6762//9497
f 3207//4517 3232//4551 3208//4518
f 823//1152 828//1157 829//1159
f 908//1257 900//1249 1104//1526
f 1118//1546 908//1257 1104//1526
f 4961//7132 4877//7004 6759//9494
f 758//1058 829//1159 736//1028
f 758//1058 823//1152 829//1159
f 758//1058 736//1028 727//1019
f 787//1100 494//739 760//1061
f 504//751 494//739 787//1100
f 4847//6958 4845//6954 4821//6915
f 5353//7723 5287//7617 5288//7619
f 6694//9424 2288//3146 2290//3149
f 2313//3185 2290//3149 2288//3146
f 3332//4705 3356//4742 6763//9499
f 4231//6013 6763//9498 3356//4743
f 758//1058 727//1019 823//1152
f 4899//7037 4900//7038 4868//6991
f 1154//1589 1177//1618 1178//1619
f 1154//1589 1178//1619 1188//1631
f 768//1074 824//1153 823//1152
f 768//1074 823//1152 727//1019
f 768//1074 727//1019 718//1007
f 709//995 718//1007 727//1019
f 823//1152 824//1153 808//1129
f 823//1152 808//1129 828//1157
f 3177//4476 3178//4477 3130//4407
f 2775//3860 2776//3861 2777//3863
f 1647//2283 1177//1618 3208//4518
f 1647//2283 1178//1619 1177//1618
f 1647//2283 3208//4518 3232//4551
f 768//1074 718//1007 824//1153
f 1210//1666 1118//1546 1117//1545
f 596//857 707//993 709//995
f 3176//4475 3177//4476 3130//4407
f 2159//2956 2099//2865 2130//2911
f 4950//7116 4949//7114 4921//7073
f 767//1072 824//1153 718//1007
f 767//1072 808//1129 824//1153
f 709//995 707//993 718//1007
f 1647//2283 1187//1630 1178//1619
f 1188//1631 1178//1619 1187//1630
f 95//170 75//132 88//157
f 5424//7843 6764//9500 5327//7682
f 5468//7916 5327//7682 6765//9501
f 767//1073 718//1008 808//1130
f 5497//7958 6766//9502 5483//7937
f 5018//7211 5015//7207 5019//7212
f 5296//7635 5295//7633 5297//7636
f 1210//1666 1125//1555 1118//1546
f 1125//1555 908//1257 1118//1546
f 828//1157 808//1129 797//1114
f 741//1033 808//1129 718//1007
f 741//1033 797//1114 808//1129
f 741//1033 718//1007 707//993
f 5650//8164 6766//9503 5497//7959
f 5074//7297 5040//7242 5041//7244
f 760//1062 494//740 751//1048
f 3233//4552 3232//4551 3259//4590
f 1647//2283 3232//4551 3233//4552
f 1647//2283 3233//4552 1187//1630
f 741//1033 707//993 708//994
f 697//979 708//994 707//993
f 741//1033 708//994 797//1114
f 3176//4475 3255//4585 3177//4476
f 3230//4549 3177//4476 3255//4585
f 3230//4549 3178//4477 3177//4476
f 5104//7343 5105//7344 5108//7348
f 688//967 707//993 596//857
f 697//979 707//993 688//967
f 5231//7534 5230//7532 5232//7535
f 828//1157 797//1114 783//1094
f 828//1157 783//1094 747//1042
f 5186//7467 5184//7464 5187//7468
f 760//1061 751//1049 709//996
f 757//1057 783//1094 797//1114
f 757//1057 797//1114 708//994
f 757//1057 708//994 697//979
f 1297//1778 1439//1984 1724//2374
f 4231//6013 4959//7130 6767//9504
f 4231//6013 3357//4744 4959//7130
f 4231//6013 3356//4743 3357//4744
f 757//1057 697//979 783//1094
f 747//1042 783//1094 784//1095
f 735//1027 783//1094 697//979
f 735//1027 784//1095 783//1094
f 735//1027 697//979 688//967
f 6661//9383 1253//1718 1170//1608
f 2217//3033 2288//3146 6694//9424
f 2217//3033 6694//9424 2195//3000
f 2175//2974 2217//3033 2195//3000
f 2175//2974 2195//3000 2121//2898
f 1678//2317 1187//1630 3233//4552
f 1678//2317 1188//1631 1187//1630
f 1678//2317 3233//4552 3259//4590
f 735//1027 687//966 784//1095
f 735//1027 688//967 687//966
f 5468//7917 6770//9509 5484//7939
f 2777//3862 2853//3971 2988//4189
f 687//966 688//967 596//857
f 732//1024 775//1082 784//1095
f 732//1024 784//1095 687//966
f 747//1042 784//1095 775//1082
f 3050//4282 3188//4488 3189//4489
f 3050//4282 3189//4489 3136//4417
f 709//996 751//1049 745//1040
f 494//739 479//723 751//1049
f 751//1049 479//723 745//1040
f 1066//1478 1065//1476 1075//1488
f 747//1042 775//1082 766//1071
f 5473//7924 5484//7940 6771//9510
f 5468//7916 5484//7940 5388//7785
f 5473//7924 5388//7785 5484//7940
f 925//1279 908//1257 1125//1555
f 1210//1666 1134//1565 1125//1555
f 1134//1565 925//1279 1125//1555
f 732//1024 687//966 775//1082
f 739//1031 775//1082 687//966
f 739//1031 687//966 678//954
f 687//966 596//857 678//954
f 739//1031 766//1071 775//1082
f 3230//4549 3205//4513 3178//4477
f 739//1031 678//954 765//1070
f 739//1031 765//1070 766//1071
f 283//472 273//456 267//447
f 756//1056 766//1071 765//1070
f 756//1056 747//1042 766//1071
f 1152//1587 1139//1570 1162//1599
f 1791//2452 1724//2375 1439//1985
f 3332//4705 3357//4745 3356//4742
f 756//1056 6774//9514 747//1042
f 1678//2317 3260//4592 1199//1647
f 1678//2317 1199//1647 1188//1631
f 1678//2318 3259//4591 3260//4593
f 716//1005 765//1070 678//954
f 716//1005 756//1056 765//1070
f 716//1005 678//954 670//944
f 670//944 678//954 596//857
f 5798//8385 5792//8373 6772//9511
f 4309//6131 4959//7130 3357//4744
f 3332//4705 3358//4746 3357//4745
f 1791//2452 1439//1985 1790//2450
f 4309//6131 3357//4744 3358//4747
f 4309//6131 6775//9515 4959//7130
f 670//944 596//857 6776//9516
f 716//1005 670//944 756//1056
f 2158//2955 2156//2953 2127//2907
f 2158//2955 2127//2907 2129//2910
f 1142//1575 1134//1565 1210//1666
f 714//1003 756//1056 670//944
f 714//1003 670//944 655//925
f 714//1003 748//1044 756//1056
f 756//1056 748//1044 6774//9514
f 5473//7924 6771//9510 5490//7948
f 714//1003 655//925 748//1044
f 6771//9510 5483//7938 5490//7948
f 3260//4593 3259//4591 3285//4633
f 670//944 6776//9516 655//925
f 3051//4285 3015//4236 6688//9417
f 479//723 472//714 745//1040
f 745//1040 472//714 709//996
f 747//1043 837//1167 6773//9513
f 3231//4550 3178//4477 3205//4513
f 696//978 748//1044 655//925
f 696//978 6774//9514 748//1044
f 696//978 655//925 6776//9516
f 5650//8164 6772//9512 5792//8374
f 1210//1666 1188//1631 1199//1647
f 1701//2345 1200//1648 1199//1647
f 1701//2345 1199//1647 3260//4592
f 1210//1666 1199//1647 1200//1648
f 1701//2345 3260//4592 3285//4634
f 1142//1575 946//1306 1134//1565
f 946//1306 925//1279 1134//1565
f 3256//4586 3231//4550 3205//4513
f 3230//4549 3303//4659 3205//4513
f 3256//4586 3205//4513 3303//4659
f 3015//4237 2988//4189 6688//9418
f 1295//1776 1290//1770 1305//1787
f 5485//7941 5425//7845 5490//7948
f 5473//7924 5490//7948 5425//7845
f 5485//7941 5490//7948 5483//7938
f 1439//1984 1297//1778 1790//2451
f 656//926 596//857 709//995
f 4309//6131 4960//7131 6775//9515
f 4309//6131 3358//4747 4960//7131
f 3178//4477 3258//4588 3259//4589
f 3178//4477 3231//4550 3258//4588
f 3285//4634 3259//4590 3397//4806
f 709//997 472//715 710//998
f 712//1001 747//1042 6774//9514
f 6792//9532 837//1167 747//1043
f 1143//1576 1142//1575 1210//1666
f 1701//2345 3286//4635 1201//1649
f 1701//2345 3285//4634 3286//4635
f 1701//2345 1201//1649 1200//1648
f 6774//9514 713//1002 712//1001
f 82//146 83//148 38//63
f 806//1127 837//1167 6792//9532
f 3079//4328 3212//4523 3188//4488
f 6777//9517 604//865 713//1002
f 1227//1688 1297//1778 1253//1718
f 1298//1779 1297//1778 1227//1688
f 669//943 713//1002 604//865
f 669//943 712//1001 713//1002
f 1143//1576 946//1306 1142//1575
f 712//1001 580//838 747//1042
f 1201//1649 1210//1666 1200//1648
f 669//943 604//865 595//856
f 595//856 604//865 6776//9516
f 669//943 703//989 712//1001
f 669//943 595//856 703//989
f 693//975 712//1001 703//989
f 806//1127 807//1128 837//1167
f 595//856 6776//9516 425//649
f 425//649 6776//9516 596//857
f 693//975 580//838 712//1001
f 3285//4634 3397//4806 3286//4635
f 653//923 693//975 703//989
f 653//923 703//989 595//856
f 653//923 595//856 585//845
f 1723//2373 1201//1649 3286//4635
f 1723//2373 1210//1666 1201//1649
f 653//923 585//845 693//975
f 595//856 425//649 585//845
f 472//714 466//708 710//999
f 709//996 710//999 689//968
f 710//999 466//708 689//968
f 693//975 685//963 580//838
f 628//892 685//963 693//975
f 628//892 693//975 585//845
f 1143//1576 1210//1666 1144//1577
f 5887//8512 5841//8439 5869//8479
f 5850//8455 5869//8479 5841//8439
f 5850//8455 5841//8439 5777//8348
f 1355//1855 1934//2639 1790//2451
f 4961//7132 3358//4747 3262//4595
f 3332//4705 3262//4596 3358//4746
f 1355//1855 1297//1778 1298//1779
f 1355//1855 1790//2451 1297//1778
f 1791//2452 1790//2450 1934//2640
f 4961//7132 6759//9494 4960//7131
f 4961//7132 4960//7131 3358//4747
f 957//1322 946//1306 1143//1576
f 1144//1577 957//1322 1143//1576
f 2379//3274 2419//3337 2392//3291
f 628//893 585//846 685//964
f 806//1127 6792//9532 807//1128
f 709//996 689//968 656//926
f 186//314 213//359 57//101
f 3257//4587 3258//4588 3231//4550
f 573//830 585//845 425//649
f 1207//1659 1195//1641 1206//1657
f 1207//1659 1206//1657 1221//1680
f 641//911 685//963 585//845
f 641//911 585//845 573//830
f 641//911 686//965 685//963
f 675//951 685//963 686//965
f 675//951 580//838 685//963
f 641//911 573//830 686//965
f 3397//4806 3306//4665 3286//4635
f 1723//2373 3286//4635 3306//4665
f 625//887 675//951 686//965
f 625//887 686//965 573//830
f 625//887 573//830 564//821
f 573//830 425//649 564//821
f 3256//4586 3257//4587 3231//4550
f 625//887 564//821 675//951
f 675//951 667//941 580//838
f 1723//2373 1211//1668 1210//1667
f 1723//2373 3306//4665 1211//1668
f 83//148 88//157 75//132
f 603//864 675//951 564//821
f 603//864 667//941 675//951
f 556//812 564//821 425//649
f 603//864 564//821 556//812
f 5798//8385 6768//9505 5785//8357
f 5798//8385 5785//8357 5807//8397
f 425//650 596//857 656//926
f 603//864 556//812 667//941
f 1291//1771 6778//9518 1290//1770
f 594//855 667//941 556//812
f 594//855 652//922 667//941
f 580//838 667//941 652//922
f 88//157 83//148 166//288
f 1155//1591 957//1322 1144//1577
f 580//839 6792//9532 747//1043
f 689//968 457//697 671//945
f 656//926 689//968 671//945
f 466//708 457//697 689//968
f 556//812 425//649 548//802
f 594//855 556//812 548//802
f 594//855 548//802 652//922
f 3256//4586 3326//4695 3257//4587
f 3305//4663 3258//4588 3257//4587
f 3305//4663 3257//4587 3326//4695
f 583//843 652//922 548//802
f 580//838 652//922 640//910
f 583//843 640//910 652//922
f 3258//4588 3283//4630 3259//4589
f 583//843 548//802 542//795
f 583//843 542//795 640//910
f 425//649 542//795 548//802
f 280//467 298//499 283//473
f 592//853 640//910 542//795
f 3258//4588 3282//4628 3283//4630
f 592//853 542//795 623//885
f 592//853 623//885 640//910
f 613//874 640//910 623//885
f 613//874 580//838 640//910
f 425//649 535//787 542//795
f 1144//1577 1210//1666 1155//1591
f 563//820 623//885 542//795
f 563//820 542//795 535//787
f 563//820 613//874 623//885
f 1791//2452 1934//2640 1993//2727
f 3332//4705 3210//4520 3262//4596
f 3305//4663 3282//4628 3258//4588
f 1210//1666 1211//1668 1223//1684
f 1990//2724 1223//1684 1211//1668
f 1990//2724 1211//1668 3306//4665
f 563//820 535//787 613//874
f 1990//2724 3306//4665 3307//4666
f 3397//4806 3307//4666 3306//4665
f 525//777 535//787 425//649
f 561//818 535//787 525//777
f 561//818 613//874 535//787
f 561//818 602//863 613//874
f 613//874 602//863 580//838
f 671//945 454//691 656//926
f 457//697 454//691 671//945
f 561//818 525//777 602//863
f 525//777 425//649 499//745
f 560//817 602//863 525//777
f 560//817 525//777 517//767
f 525//777 499//745 517//767
f 590//851 580//838 602//863
f 560//817 590//851 602//863
f 560//817 517//767 590//851
f 656//927 454//692 629//894
f 590//851 6779//9519 580//838
f 541//794 590//851 517//767
f 541//794 591//852 590//851
f 541//794 517//767 512//760
f 503//749 517//767 499//745
f 503//749 512//760 517//767
f 541//794 512//760 591//852
f 590//851 581//840 6779//9519
f 590//851 591//852 581//840
f 425//650 656//926 605//866
f 554//809 581//840 591//852
f 554//809 591//852 512//760
f 554//809 512//760 503//749
f 554//810 503//750 581//841
f 524//776 581//840 503//749
f 524//776 570//827 581//840
f 6779//9519 581//840 570//827
f 524//776 503//749 499//745
f 524//776 498//744 570//827
f 524//776 499//745 498//744
f 493//738 498//744 499//745
f 533//785 559//816 570//827
f 6779//9519 570//827 559//816
f 533//785 570//827 498//744
f 533//785 498//744 493//738
f 533//785 493//738 559//816
f 493//738 499//745 485//730
f 532//784 6780//9520 559//816
f 532//784 559//816 493//738
f 532//784 493//738 484//729
f 493//738 485//730 484//729
f 532//784 484//729 6781//9521
f 511//759 6782//9522 484//729
f 971//1343 957//1322 1155//1591
f 1210//1666 971//1343 1155//1591
f 511//759 484//729 483//728
f 485//730 483//728 484//729
f 1990//2724 1224//1685 1223//1684
f 1990//2724 3307//4666 1224//1685
f 511//759 483//728 6783//9523
f 510//758 540//793 6784//9524
f 510//758 6785//9525 483//728
f 510//758 483//728 478//722
f 485//730 478//722 483//728
f 510//758 478//722 540//793
f 485//730 474//717 478//722
f 485//730 6796//9536 474//717
f 502//748 540//793 478//722
f 502//748 478//722 474//717
f 521//772 6779//9519 540//793
f 521//772 540//793 531//783
f 502//748 531//783 540//793
f 502//748 474//717 531//783
f 497//743 531//783 474//717
f 497//743 521//772 531//783
f 497//743 474//717 471//713
f 6796//9536 471//713 474//717
f 497//743 471//713 521//772
f 491//736 521//772 471//713
f 491//736 6786//9526 521//772
f 491//736 471//713 6787//9527
f 369//583 6788//9528 356//568
f 369//583 356//568 6789//9529
f 369//583 6789//9529 6788//9528
f 346//554 521//773 6790//9530
f 346//554 6791//9531 521//773
f 203//343 266//443 251//415
f 543//796 425//650 605//866
f 3283//4630 3282//4628 3284//4631
f 3305//4664 3284//4632 3282//4629
f 1224//1685 1210//1666 1223//1684
f 6796//9536 485//730 499//745
f 656//926 629//895 606//867
f 629//895 450//686 606//867
f 454//691 450//686 629//895
f 656//926 606//867 605//866
f 5650//8164 5507//7975 6766//9503
f 2156//2953 2157//2954 2127//2907
f 2156//2953 2154//2949 2157//2954
f 1224//1685 1225//1686 1210//1666
f 2458//3392 2391//3289 2350//3236
f 2458//3392 2379//3274 2391//3289
f 5503//7969 5483//7937 6766//9502
f 1355//1855 1298//1779 1227//1688
f 6796//9536 499//745 425//649
f 1789//2449 1225//1686 1224//1685
f 1789//2449 1224//1685 3307//4666
f 1789//2449 3307//4666 3330//4702
f 3397//4806 3330//4702 3307//4666
f 450//686 443//676 606//867
f 606//867 443//676 605//866
f 3283//4630 3397//4807 3259//4589
f 1166//1603 1210//1666 1179//1620
f 580//839 684//961 6792//9532
f 6766//9502 5507//7976 5503//7969
f 1166//1603 971//1343 1210//1666
f 3331//4703 3330//4702 3397//4806
f 549//803 605//866 565//822
f 1789//2449 3330//4702 3331//4703
f 255//425 296//496 280//468
f 605//866 443//676 565//822
f 1789//2449 1234//1696 1225//1686
f 1789//2449 3331//4703 1234//1696
f 3051//4284 2988//4189 3015//4237
f 3327//4696 3283//4630 3284//4631
f 3305//4663 3352//4735 3284//4631
f 3327//4696 3284//4631 3352//4735
f 1253//1719 6661//9383 1215//1672
f 1166//1603 1179//1620 1167//1604
f 549//803 543//796 605//866
f 674//949 684//961 580//839
f 5650//8165 6903//9647 5838//8435
f 5650//8164 5792//8374 6903//9648
f 5650//8164 5838//8436 6913//9664
f 5650//8164 6925//9676 5507//7975
f 995//1377 971//1343 1166//1603
f 1167//1604 995//1377 1166//1603
f 443//676 438//668 565//822
f 565//822 433//662 549//803
f 438//668 433//662 565//822
f 273//456 270//451 267//447
f 684//961 666//939 6793//9533
f 674//950 666//940 684//962
f 674//949 580//839 666//939
f 549//803 430//659 543//796
f 433//662 430//659 549//803
f 639//908 666//939 580//839
f 639//908 580//839 622//883
f 87//154 264//441 176//300
f 2071//2827 1236//1698 1234//1696
f 2071//2827 1234//1696 3331//4703
f 1225//1686 1234//1696 1236//1698
f 2071//2828 3331//4704 3397//4808
f 6779//9519 622//883 580//839
f 543//796 430//659 526//778
f 1943//2657 1905//2599 1865//2541
f 1943//2657 1904//2598 1905//2599
f 425//650 543//796 513//761
f 666//939 622//883 6794//9534
f 639//909 622//884 666//940
f 543//796 526//778 513//761
f 600//861 622//883 6779//9519
f 526//778 428//656 513//761
f 430//659 428//656 526//778
f 2379//3274 2392//3291 2391//3289
f 2071//2827 1235//1697 1236//1698
f 425//650 339//546 6796//9537
f 600//861 601//862 622//883
f 2071//2827 3355//4740 1235//1697
f 2071//2829 3397//4809 3355//4741
f 600//861 6779//9519 601//862
f 1210//1666 1225//1686 6801//9542
f 1236//1698 6801//9542 1225//1686
f 427//652 425//650 513//761
f 428//657 427//653 513//762
f 83//148 75//132 22//39
f 73//130 22//39 75//132
f 5777//8348 5648//8161 5716//8249
f 1179//1620 1210//1666 6801//9542
f 1042//1444 6795//9535 1050//1454
f 1056//1464 1055//1462 1065//1476
f 1056//1464 1050//1454 1055//1462
f 1086//1504 1085//1501 1093//1511
f 1086//1504 1075//1488 1085//1501
f 1102//1522 1093//1511 1112//1536
f 425//650 422//646 339//546
f 1113//1539 1112//1536 1123//1552
f 1130//1561 1123//1552 1139//1570
f 266//444 252//418 251//416
f 1236//1698 1235//1697 6801//9542
f 6801//9542 1008//1397 1167//1604
f 1008//1397 995//1377 1167//1604
f 1179//1620 6801//9542 1167//1604
f 1813//2480 1235//1697 3355//4740
f 1813//2480 3355//4740 6802//9543
f 1176//1617 1162//1599 1175//1614
f 1176//1617 1175//1614 1184//1626
f 1185//1628 1184//1626 1195//1641
f 3355//4740 3397//4806 6802//9543
f 3328//4698 3397//4807 3283//4630
f 1232//1694 1221//1680 1243//1706
f 3051//4285 3016//4238 2988//4192
f 3327//4696 3328//4698 3283//4630
f 1244//1708 1243//1706 1250//1714
f 1813//2480 6799//9540 1235//1697
f 1258//1725 1250//1714 6800//9541
f 57//101 213//359 6907//9654
f 1314//1800 1305//1787 1323//1814
f 2129//2910 2127//2907 2097//2862
f 2129//2910 2097//2862 2099//2865
f 1341//1837 1340//1835 1352//1849
f 1341//1837 1333//1827 1340//1835
f 255//425 262//432 296//496
f 2122//2899 2175//2974 2121//2897
f 3329//4700 3397//4807 3328//4698
f 3353//4737 3328//4698 3395//4803
f 3353//4738 3329//4701 3328//4699
f 3327//4696 3395//4803 3328//4698
f 3353//4737 3354//4739 3329//4700
f 6907//9655 213//360 87//154
f 6903//9649 5798//8384 5807//8397
f 3329//4700 3354//4739 3397//4807
f 3397//4806 3420//4842 6802//9543
f 175//298 185//313 203//344
f 6805//9547 214//361 170//292
f 186//314 57//101 9//19
f 163//284 170//292 159//278
f 170//292 207//349 159//278
f 159//279 207//349 6803//9544
f 6803//9544 207//349 144//253
f 207//349 175//299 144//253
f 218//366 231//388 214//361
f 214//361 207//349 170//292
f 251//415 191//326 203//343
f 154//270 145//254 203//343
f 6821//9563 175//299 203//343
f 163//284 159//278 157//274
f 143//252 6803//9544 144//253
f 143//252 144//253 124//221
f 175//299 134//240 144//253
f 2122//2899 2119//2893 2151//2941
f 2122//2899 2151//2941 2175//2974
f 2122//2899 2090//2852 2119//2893
f 231//388 243//403 214//362
f 243//403 207//349 214//362
f 185//313 199//339 203//344
f 52//91 110//197 7//13
f 163//284 169//291 170//292
f 163//284 157//274 161//282
f 159//278 158//276 157//274
f 159//278 150//262 158//276
f 144//253 129//229 127//226
f 144//253 127//226 124//221
f 159//278 151//264 150//262
f 143//252 122//218 121//216
f 143//252 124//221 122//218
f 143//252 121//216 6804//9546
f 144//253 131//235 129//229
f 144//253 132//237 131//235
f 144//253 134//240 132//237
f 243//403 231//388 218//366
f 214//361 6805//9547 198//337
f 6805//9547 170//292 184//312
f 169//291 174//297 170//292
f 164//285 162//283 169//291
f 164//285 169//291 163//284
f 214//361 198//337 206//348
f 164//285 163//284 161//282
f 156//273 6806//9548 161//282
f 156//273 161//282 157//274
f 164//285 161//282 6807//9549
f 6808//9550 198//338 192//328
f 156//273 157//275 158//277
f 149//260 158//276 150//262
f 149//260 6809//9551 158//276
f 156//273 158//276 6810//9552
f 6805//9547 184//312 192//329
f 149//261 150//263 151//265
f 152//266 6811//9553 151//264
f 149//260 151//264 6812//9554
f 152//266 151//264 159//278
f 170//292 174//297 177//302
f 152//266 159//278 6803//9545
f 170//292 177//302 184//312
f 152//267 139//247 6813//9555
f 169//291 162//283 174//297
f 118//212 142//251 6814//9556
f 118//212 6815//9557 121//216
f 164//285 6816//9558 162//283
f 118//213 121//217 122//219
f 125//223 122//219 124//222
f 118//212 122//218 123//220
f 125//224 123//220 122//218
f 125//224 124//221 127//226
f 152//267 6817//9559 139//247
f 130//232 128//228 127//226
f 130//233 127//227 129//230
f 125//224 127//226 128//228
f 130//234 129//231 131//236
f 130//233 131//236 132//238
f 118//212 123//220 142//251
f 135//242 133//239 132//237
f 130//232 132//237 133//239
f 135//243 132//238 134//241
f 135//242 134//240 175//299
f 6818//9560 142//251 139//248
f 125//224 128//228 123//220
f 130//232 133//239 128//228
f 135//242 175//299 136//244
f 135//242 136//244 133//239
f 153//268 145//254 154//270
f 173//296 174//297 167//289
f 119//214 117//211 142//251
f 140//249 142//251 117//211
f 140//249 139//248 142//251
f 201//341 206//348 198//337
f 137//245 136//244 175//299
f 137//245 133//239 136//244
f 137//245 28//51 133//239
f 28//51 128//228 133//239
f 126//225 123//220 128//228
f 194//331 192//328 198//338
f 119//214 142//251 123//220
f 180//306 184//312 177//302
f 140//249 138//246 139//248
f 6825//9567 139//248 138//246
f 173//296 177//302 174//297
f 6832//9574 192//329 184//312
f 168//290 174//297 162//283
f 168//290 167//289 174//297
f 180//306 177//302 179//304
f 173//296 172//294 177//302
f 173//296 167//289 172//294
f 180//306 179//304 184//312
f 201//341 6835//9577 206//348
f 140//249 141//250 138//246
f 140//249 117//211 141//250
f 119//214 120//215 117//211
f 119//214 123//220 120//215
f 194//331 6834//9576 192//328
f 194//331 198//338 6834//9576
f 201//341 198//337 6835//9577
f 203//343 145//254 6821//9563
f 153//268 146//255 145//254
f 153//269 154//271 146//256
f 87//154 213//360 264//440
f 68//125 120//215 31//56
f 68//125 117//211 120//215
f 28//51 126//225 128//228
f 68//125 141//250 117//211
f 84//149 6835//9577 66//118
f 74//131 47//82 168//290
f 71//128 141//250 27//49
f 71//128 138//246 141//250
f 71//128 6825//9567 138//246
f 84//149 206//348 6835//9577
f 71//128 35//60 6825//9567
f 146//255 6820//9562 145//254
f 172//295 6912//9662 97//172
f 172//295 97//172 100//178
f 172//295 100//178 6822//9564
f 84//149 65//116 214//361
f 50//88 154//270 203//345
f 84//149 214//361 206//348
f 74//131 168//290 162//283
f 74//131 162//283 6819//9561
f 28//51 137//245 26//47
f 137//245 175//299 6821//9563
f 70//127 120//215 123//220
f 65//116 148//258 214//361
f 50//88 39//64 154//270
f 154//270 39//64 6823//9565
f 137//245 6821//9563 76//133
f 211//356 214//361 148//258
f 70//127 123//220 126//225
f 70//127 126//225 28//51
f 72//129 6825//9567 35//60
f 154//270 6824//9566 146//255
f 167//289 6826//9568 172//294
f 167//289 47//82 6827//9569
f 168//290 47//82 167//289
f 179//305 109//195 6828//9570
f 179//305 106//187 109//195
f 179//305 6829//9571 106//187
f 179//305 112//201 6830//9572
f 179//305 115//206 112//201
f 179//305 6831//9573 115//206
f 177//302 6954//9707 179//304
f 172//294 6954//9707 177//302
f 179//304 6833//9575 184//312
f 70//127 31//56 120//215
f 68//125 27//49 141//250
f 5824//8416 5792//8373 5798//8384
f 3182//4481 6802//9543 3420//4842
f 6903//9650 5824//8417 5798//8387
f 3016//4239 2940//4108 2988//4190
f 211//356 218//367 214//361
f 4961//7132 3262//4595 7035//9791
f 243//404 218//368 6840//9582
f 105//186 2//3 8//18
f 105//186 9//19 2//3
f 251//417 252//419 160//280
f 251//417 160//280 191//327
f 243//404 6840//9582 244//405
f 239//398 225//380 243//403
f 243//404 225//380 207//350
f 243//403 244//405 239//398
f 3017//4240 2940//4108 3016//4239
f 3051//4284 3017//4240 3016//4239
f 6836//9578 6837//9579 6838//9580
f 175//298 178//303 185//313
f 270//451 269//450 267//447
f 267//447 269//450 264//441
f 2392//3291 2419//3337 2391//3289
f 264//441 269//450 268//448
f 1864//2540 6839//9581 1993//2728
f 160//281 203//345 191//326
f 5887//8512 5869//8479 5888//8513
f 5887//8512 5888//8513 5880//8498
f 175//298 207//350 7088//9858
f 82//146 38//63 42//72
f 175//298 190//321 178//303
f 5491//7949 5483//7938 5503//7969
f 2151//2941 2176//2975 2175//2974
f 3017//4240 3018//4242 2940//4108
f 83//148 51//90 38//63
f 2127//2907 2095//2859 2097//2862
f 2127//2907 2157//2954 2095//2859
f 2097//2862 2130//2911 2099//2865
f 2223//3043 2198//3005 2154//2949
f 5485//7941 5483//7938 5491//7949
f 244//405 240//399 239//398
f 225//380 239//398 240//399
f 7093//9864 225//380 233//391
f 7093//9864 226//381 225//380
f 7098//9870 225//380 215//363
f 7098//9870 207//350 225//380
f 7098//9870 212//358 207//350
f 7094//9865 207//350 197//336
f 7088//9858 207//350 189//319
f 7096//9867 175//298 183//311
f 190//321 175//298 7096//9867
f 3080//4329 3018//4243 3017//4241
f 3107//4371 3080//4330 3017//4240
f 3051//4284 3107//4371 3017//4240
f 2150//2940 2176//2975 2151//2941
f 2150//2940 2151//2941 2119//2893
f 1355//1855 6972//9728 1934//2639
f 6963//9717 2988//4189 2940//4108
f 5491//7949 5503//7969 5492//7951
f 2940//4108 3018//4242 3019//4244
f 3080//4330 3019//4244 3018//4242
f 6903//9649 5792//8373 5824//8416
f 5486//7942 5453//7888 5491//7949
f 5486//7943 5491//7950 5492//7952
f 5485//7941 5491//7949 5453//7888
f 5887//8512 5880//8498 5877//8493
f 147//257 8//18 10//23
f 4128//5870 4075//5793 4108//5841
f 4041//5746 4023//5722 4057//5770
f 5245//7552 5105//7345 5244//7550
f 5293//7631 5292//7628 5407//7817
f 4060//5773 4041//5746 4071//5789
f 5408//7819 5293//7631 5407//7817
f 4071//5789 4041//5746 4057//5770
f 5108//7349 5105//7345 5245//7552
f 5408//7819 5295//7634 5293//7631
f 5406//7815 5291//7626 5405//7813
f 4060//5773 4071//5789 4089//5813
f 4443//6330 4363//6213 4422//6299
f 5192//7475 5071//7294 5108//7349
f 5291//7626 5290//7624 5405//7813
f 5297//7637 5295//7634 5408//7819
f 5192//7475 5108//7349 5245//7552
f 5409//7821 5297//7637 5408//7819
f 4108//5841 4060//5773 4089//5813
f 4075//5793 4060//5773 4108//5841
f 5299//7642 5297//7637 5409//7821
f 5410//7823 5299//7642 5409//7821
f 5407//7817 5292//7628 5406//7815
f 4057//5770 4023//5722 4037//5742
f 5183//7463 5182//7461 5376//7765
f 5290//7624 5289//7622 5404//7811
f 5292//7628 5291//7626 5406//7815
f 3999//5687 3963//5638 3979//5660
f 5289//7622 5288//7620 5403//7809
f 3963//5638 3942//5609 3979//5660
f 4363//6213 4347//6190 4422//6299
f 4225//6004 4205//5974 4264//6061
f 4380//6239 4443//6330 4441//6327
f 3979//5660 3942//5609 3960//5635
f 5288//7620 5287//7618 5402//7807
f 5405//7813 5290//7624 5404//7811
f 4092//5817 4075//5793 4128//5870
f 3942//5609 3923//5584 3960//5635
f 5402//7807 5287//7618 5401//7805
f 3960//5635 3923//5584 3938//5605
f 5287//7618 5286//7616 5401//7805
f 4327//6159 4306//6126 4378//6237
f 3923//5584 3901//5555 3938//5605
f 5404//7811 5289//7622 5403//7809
f 5302//7646 5299//7642 5410//7823
f 4146//5895 4092//5817 4128//5870
f 3938//5605 3901//5555 3919//5579
f 4380//6239 4363//6213 4443//6330
f 3901//5555 3883//5531 3919//5579
f 5400//7803 5285//7614 5398//7800
f 3919//5579 3883//5531 3897//5551
f 5285//7614 5283//7611 5398//7800
f 3883//5531 3865//5507 3897//5551
f 5398//7800 5283//7611 5344//7707
f 3897//5551 3865//5507 3880//5528
f 5283//7611 5281//7608 5344//7707
f 4347//6190 4327//6159 4400//6268
f 5411//7825 5302//7646 5410//7823
f 3865//5507 3843//5477 3880//5528
f 4458//6351 4380//6239 4441//6327
f 5311//7655 5183//7463 5376//7765
f 5184//7465 5183//7463 5311//7655
f 3880//5528 3843//5477 3862//5504
f 5403//7809 5288//7620 5402//7807
f 5341//7703 5281//7608 5340//7701
f 3862//5504 3822//5447 3841//5475
f 5281//7608 5279//7604 5340//7701
f 3822//5447 3800//5414 3841//5475
f 5340//7701 5279//7604 5339//7699
f 3841//5475 3800//5414 3818//5441
f 3843//5477 3822//5447 3862//5504
f 3800//5414 3776//5378 3818//5441
f 5339//7699 5227//7527 5338//7697
f 3818//5441 3776//5378 3797//5410
f 5193//7477 5071//7294 5192//7475
f 3776//5378 3751//5343 3797//5410
f 3797//5410 3751//5343 3773//5374
f 4403//6271 4380//6239 4458//6351
f 5226//7525 5225//7523 5336//7694
f 3751//5343 3732//5314 3773//5374
f 3773//5374 3732//5314 3749//5340
f 5336//7694 5225//7523 5266//7586
f 5225//7523 5224//7521 5266//7586
f 3732//5314 3713//5288 3749//5340
f 5266//7586 5224//7521 5264//7583
f 5224//7521 5223//7519 5264//7583
f 3713//5288 3694//5262 3749//5340
f 3749//5340 3694//5262 3729//5311
f 5264//7583 5223//7519 5263//7581
f 5223//7519 5181//7459 5263//7581
f 3694//5262 3679//5238 3729//5311
f 3729//5311 3679//5238 3710//5285
f 5263//7581 5180//7457 5261//7578
f 5263//7581 5181//7459 5180//7457
f 3679//5238 3658//5207 3691//5259
f 3679//5238 3691//5259 3710//5285
f 5180//7457 5179//7455 5261//7578
f 5261//7578 5179//7455 5215//7509
f 3691//5259 3658//5207 3676//5235
f 3658//5207 3635//5171 3676//5235
f 5179//7455 5178//7453 5215//7509
f 5040//7243 5071//7294 5193//7477
f 5215//7509 5178//7453 5213//7506
f 4474//6375 4403//6271 4458//6351
f 5194//7479 5040//7243 5193//7477
f 3676//5235 3635//5171 3654//5201
f 3635//5171 3618//5146 3654//5201
f 4425//6302 4403//6271 4474//6375
f 4246//6032 4281//6087 4302//6121
f 3654//5201 3618//5146 3632//5167
f 3618//5146 3599//5114 3632//5167
f 5136//7391 5135//7389 5211//7503
f 5211//7503 5135//7389 5169//7442
f 3632//5167 3599//5114 3614//5142
f 5041//7245 5040//7243 5194//7479
f 5135//7389 5134//7387 5169//7442
f 5169//7442 5134//7387 5168//7440
f 3614//5142 6841//9583 3596//5111
f 6842//9584 3561//5058 3596//5111
f 5134//7387 5102//7340 5168//7440
f 5168//7440 5102//7340 5166//7437
f 3596//5111 3561//5058 3577//5084
f 3561//5058 3537//5021 3577//5084
f 5102//7340 5101//7338 5166//7437
f 5166//7437 5101//7338 5129//7380
f 3577//5084 3537//5021 3558//5054
f 5101//7338 5100//7336 5129//7380
f 3537//5021 3519//4993 3558//5054
f 5105//7345 5103//7342 5244//7550
f 5129//7380 5100//7336 5128//7378
f 3558//5054 3519//4993 3534//5016
f 5100//7336 5070//7292 5128//7378
f 5128//7378 5070//7292 5095//7328
f 4490//6399 4425//6302 4474//6375
f 5146//7405 5041//7245 5194//7479
f 5014//7206 5041//7245 5146//7405
f 5372//7757 5229//7531 5371//7755
f 4112//5847 4092//5817 4146//5895
f 5279//7604 5227//7527 5339//7699
f 5228//7529 5302//7646 5411//7825
f 4148//5897 4130//5872 4180//5941
f 5243//7548 5142//7401 5314//7661
f 4163//5918 4112//5847 4146//5895
f 5230//7533 5229//7531 5372//7757
f 4202//5971 4148//5897 4180//5941
f 5373//7759 5230//7533 5372//7757
f 3519//4993 3496//4958 3514//4985
f 5095//7328 5069//7290 5093//7324
f 3514//4985 3496//4958 3493//4954
f 4180//5941 4130//5872 4163//5918
f 3496//4958 3476//4927 3493//4954
f 5376//7765 5182//7461 5375//7763
f 5039//7241 5038//7239 5092//7322
f 3476//4927 3454//4891 3493//4954
f 4246//6032 4225//6004 4281//6087
f 4422//6299 4347//6190 4400//6268
f 3493//4954 3454//4891 3472//4921
f 5038//7239 5013//7204 5064//7280
f 5312//7657 5187//7469 5184//7465
f 5312//7657 5184//7465 5311//7655
f 5244//7550 5103//7342 5243//7548
f 5064//7280 5013//7204 5062//7277
f 3472//4921 3434//4861 3451//4887
f 5013//7204 5012//7202 5062//7277
f 3434//4861 3414//4833 3451//4887
f 5062//7277 5012//7202 5032//7231
f 3451//4887 3414//4833 3431//4858
f 5012//7202 5011//7200 5032//7231
f 3414//4833 3390//4796 3431//4858
f 5032//7231 5011//7200 5030//7228
f 3431//4858 3390//4796 3411//4830
f 5011//7200 4978//7154 5030//7228
f 3390//4796 3371//4766 3411//4830
f 4524//6450 4445//6332 4508//6426
f 5030//7228 4978//7154 5004//7191
f 3411//4830 3371//4766 3386//4790
f 4978//7154 4948//7113 5004//7191
f 3371//4766 3349//4729 3386//4790
f 5004//7191 4948//7113 6843//9585
f 3386//4790 3349//4729 3367//4761
f 4948//7113 4947//7111 6844//9586
f 3349//4729 3348//4727 3367//4761
f 6845//9587 4947//7111 4973//7147
f 4947//7111 4920//7071 4973//7147
f 3348//4727 3320//4684 3367//4761
f 4973//7147 4920//7071 4943//7104
f 5147//7407 5015//7208 5014//7206
f 4920//7071 4919//7069 4943//7104
f 3320//4684 3299//4653 3344//4722
f 4943//7104 4919//7069 4941//7101
f 4165//5920 4148//5897 4202//5971
f 3344//4722 3299//4653 3317//4680
f 4919//7069 4895//7032 4941//7101
f 3299//4653 3277//4620 3317//4680
f 4941//7101 4895//7032 4915//7063
f 3317//4680 3277//4620 3296//4650
f 4895//7032 4894//7030 4915//7063
f 3277//4620 3252//4580 3296//4650
f 3296//4650 3252//4580 3275//4618
f 4915//7063 4894//7030 4891//7024
f 4894//7030 4867//6990 4891//7024
f 3252//4580 3224//4540 3275//4618
f 4867//6990 4843//6951 4891//7024
f 3224//4540 6846//9588 3275//4618
f 5371//7755 5228//7529 5411//7825
f 3275//4618 6847//9589 3250//4578
f 4891//7024 4843//6951 4864//6985
f 4843//6951 4842//6949 4864//6985
f 5147//7407 5014//7206 5146//7405
f 6848//9590 3201//4507 3250//4578
f 3250//4578 3201//4507 3220//4536
f 4864//6985 4842//6949 4861//6981
f 4842//6949 4819//6912 4861//6981
f 3201//4507 3172//4468 3220//4536
f 3220//4536 3172//4468 3198//4504
f 4861//6981 4819//6912 4838//6943
f 4819//6912 4818//6910 4838//6943
f 3172//4468 3151//4437 3198//4504
f 3198//4504 3151//4437 3197//4502
f 4838//6943 4818//6910 4814//6903
f 4460//6353 4445//6332 4524//6450
f 5019//7213 5015//7208 5147//7407
f 3197//4502 3151//4437 3169//4465
f 4814//6903 4797//6875 6849//9591
f 4797//6875 4773//6832 6850//9592
f 3151//4437 3121//4392 3169//4465
f 3169//4465 3121//4392 3146//4432
f 5232//7536 5230//7533 5373//7759
f 4400//6268 4327//6159 4378//6237
f 5103//7342 5142//7401 5243//7548
f 6851//9593 4753//6799 4793//6868
f 6852//9594 4773//6832 4753//6799
f 4222//6001 4165//5920 4202//5971
f 3121//4392 3095//4352 3146//4432
f 3146//4432 3095//4352 3118//4389
f 5374//7761 5232//7536 5373//7759
f 4324//6155 4246//6032 4302//6121
f 4793//6868 4753//6799 4772//6829
f 3118//4389 3095//4352 3117//4387
f 3095//4352 3067//4312 3117//4387
f 4753//6799 4734//6771 4772//6829
f 4772//6829 4734//6771 4751//6795
f 3117//4387 3067//4312 3090//4347
f 4734//6771 4715//6743 4751//6795
f 4751//6795 4715//6743 4748//6791
f 3090//4347 3067//4312 3064//4309
f 3067//4312 3033//4263 3064//4309
f 4748//6791 4715//6743 4730//6763
f 3064//4309 3033//4263 3063//4307
f 3033//4263 3003//4219 3063//4307
f 4715//6743 4689//6700 4730//6763
f 4730//6763 4689//6700 4713//6738
f 3063//4307 3003//4219 3029//4259
f 3003//4219 3001//4215 3029//4259
f 4689//6700 4669//6670 4713//6738
f 4713//6738 4669//6670 4687//6696
f 3029//4259 3001//4215 6853//9595
f 4183//5944 4165//5920 4222//6001
f 4266//6064 4246//6032 4324//6155
f 3001//4215 2979//4177 6854//9596
f 5235//7540 5232//7536 5374//7761
f 4243//6029 4183//5944 4222//6001
f 2979//4177 2978//4175 6018//8663
f 5137//7393 5187//7469 5312//7657
f 6018//8663 2978//4175 2976//4173
f 2978//4175 2955//4133 2976//4173
f 5313//7659 5137//7393 5312//7657
f 5375//7763 5235//7540 5374//7761
f 5182//7461 5235//7540 5375//7763
f 4205//5974 4183//5944 4243//6029
f 4635//6619 4634//6617 4667//6666
f 4342//6182 4266//6064 4324//6155
f 4667//6666 4634//6617 4650//6642
f 2976//4173 2955//4133 2975//4171
f 4634//6617 4617//6591 4650//6642
f 4285//6091 4266//6064 4342//6182
f 2955//4133 2932//4097 2975//4171
f 4650//6642 4617//6591 4631//6612
f 2975//4171 2932//4097 2951//4128
f 4617//6591 4602//6569 4631//6612
f 2932//4097 2930//4094 2951//4128
f 4631//6612 4602//6569 4615//6587
f 2951//4128 2930//4094 2950//4126
f 4602//6569 4583//6540 4615//6587
f 2930//4094 2903//4051 2950//4126
f 4615//6587 4583//6540 4600//6565
f 2950//4126 2903//4051 2927//4091
f 4583//6540 4562//6505 4600//6565
f 2903//4051 6855//9597 2927//4091
f 4600//6565 4562//6505 4581//6536
f 2927//4091 6856//9598 2925//4088
f 2438//3366 2491//3439 2493//3442
f 5139//7396 5137//7393 5313//7659
f 2438//3366 2404//3312 2491//3439
f 4130//5872 4112//5847 4163//5918
f 5229//7531 5228//7529 5371//7755
f 4360//6209 4285//6091 4342//6182
f 2440//3368 2496//3446 2498//3449
f 2440//3368 2498//3449 2408//3319
f 4264//6061 4205//5974 4243//6029
f 2441//3369 2498//3449 2500//3452
f 2441//3369 2500//3452 2409//3321
f 2441//3369 2408//3319 2498//3449
f 2442//3370 2500//3452 2502//3455
f 2442//3370 2502//3455 2410//3323
f 2442//3370 2409//3321 2500//3452
f 2443//3371 2502//3455 2504//3458
f 5314//7661 5139//7396 5313//7659
f 2443//3371 2410//3323 2502//3455
f 2444//3372 2504//3458 2506//3461
f 2444//3372 2506//3461 2412//3327
f 5092//7322 5038//7239 5064//7280
f 2445//3373 2506//3461 2508//3464
f 2445//3373 2508//3464 2413//3329
f 2445//3373 2412//3327 2506//3461
f 2446//3374 2508//3464 2510//3467
f 4445//6332 4490//6399 4508//6426
f 5070//7292 5069//7290 5095//7328
f 4581//6536 4562//6505 4559//6500
f 2925//4088 6858//9600 2898//4046
f 4562//6505 4544//6478 4559//6500
f 6858//9600 2877//4010 2898//4046
f 5069//7290 5039//7241 5093//7324
f 2446//3374 2413//3329 2508//3464
f 2511//3469 2510//3467 2564//3538
f 2511//3469 2564//3538 2448//3377
f 4306//6126 4285//6091 4360//6209
f 2512//3470 2564//3538 2566//3541
f 2512//3470 2566//3541 2449//3379
f 2512//3470 2448//3377 2564//3538
f 2513//3471 2566//3541 2568//3544
f 2513//3471 2568//3544 2450//3381
f 2513//3471 2449//3379 2566//3541
f 2514//3472 2568//3544 2570//3547
f 5142//7401 5139//7396 5314//7661
f 2514//3472 2450//3381 2568//3544
f 2515//3473 2570//3547 2571//3549
f 5093//7324 5039//7241 5092//7322
f 2515//3473 2571//3549 2516//3474
f 4378//6237 4306//6126 4360//6209
f 4445//6332 4425//6302 4490//6399
f 3534//5016 3519//4993 3514//4985
f 5178//7453 5136//7391 5213//7506
f 5213//7506 5136//7391 5211//7503
f 3777//5380 3800//5415 3802//5417
f 4247//6034 4225//6005 4246//6033
f 2572//3551 2571//3549 2632//3645
f 4247//6034 4246//6033 4268//6067
f 2572//3551 2516//3474 2571//3549
f 2573//3552 2632//3645 2634//3648
f 2573//3552 2634//3648 2518//3478
f 5334//7692 5264//7584 5263//7582
f 2574//3553 2634//3648 2636//3651
f 2574//3553 2636//3651 2575//3554
f 2574//3553 2518//3478 2634//3648
f 2898//4046 2877//4010 2897//4044
f 4267//6066 4246//6033 4266//6065
f 4197//5963 4199//5965 4177//5935
f 5439//7867 5404//7812 5458//7897
f 4544//6478 4523//6448 4559//6500
f 2877//4010 2844//3958 2897//4044
f 4559//6500 4523//6448 4542//6474
f 2897//4044 2844//3958 2873//4006
f 4523//6448 4506//6423 4542//6474
f 2844//3958 2842//3955 2873//4006
f 4728//6761 4730//6764 4713//6739
f 4747//6790 4730//6764 4746//6788
f 5335//7693 5391//7791 5266//7587
f 4747//6790 4748//6792 4730//6764
f 4728//6761 4713//6739 4727//6759
f 4542//6474 4506//6423 4521//6444
f 2873//4006 2842//3955 2872//4004
f 4506//6423 4489//6396 4521//6444
f 2842//3955 2803//3902 2872//4004
f 4521//6444 4489//6396 4504//6419
f 2872//4004 2803//3902 2837//3950
f 4489//6396 4473//6373 4504//6419
f 2803//3902 2800//3898 2837//3950
f 4504//6419 4473//6373 4487//6392
f 2837//3950 2800//3898 2836//3948
f 4473//6373 4457//6349 4487//6392
f 2800//3898 2768//3850 2836//3948
f 4487//6392 4457//6349 4471//6369
f 2836//3948 2768//3850 2797//3895
f 4307//6128 4285//6092 4306//6127
f 2768//3850 2766//3847 2797//3895
f 4307//6128 4306//6127 4329//6162
f 2797//3895 2766//3847 2795//3892
f 4307//6128 4308//6129 4285//6092
f 2766//3847 2730//3792 2795//3892
f 4328//6161 4306//6127 4327//6160
f 2795//3892 2730//3792 2794//3890
f 4439//6323 4421//6297 4436//6318
f 2730//3792 2728//3789 2794//3890
f 4436//6318 4421//6297 4419//6293
f 2794//3890 2728//3789 2761//3842
f 4421//6297 4399//6266 4419//6293
f 2728//3789 2726//3786 2761//3842
f 2761//3842 2726//3786 2760//3840
f 4419//6293 4399//6266 4397//6262
f 4399//6266 4376//6234 4397//6262
f 2726//3786 2686//3723 2760//3840
f 2760//3840 2686//3723 2759//3838
f 4397//6262 4376//6234 4374//6230
f 4376//6234 4359//6207 4374//6230
f 2759//3838 2686//3723 2722//3782
f 4374//6230 4359//6207 4358//6204
f 4359//6207 4341//6180 4358//6204
f 2686//3723 2684//3720 2722//3782
f 2722//3782 2684//3720 2721//3780
f 4358//6204 4341//6180 4340//6177
f 4341//6180 4323//6153 4340//6177
f 2684//3720 2636//3652 2721//3780
f 2721//3780 2636//3652 2720//3778
f 4340//6177 4323//6153 4321//6149
f 4323//6153 4301//6119 4321//6149
f 2636//3652 2634//3649 2720//3778
f 2720//3778 2634//3649 2678//3714
f 4321//6149 4301//6119 4299//6115
f 4301//6119 4280//6085 4299//6115
f 2634//3649 2632//3646 2678//3714
f 4791//6866 4812//6899 4793//6869
f 4728//6761 4746//6788 4730//6764
f 4791//6866 4793//6869 4772//6830
f 4711//6736 4713//6739 4687//6697
f 6857//9599 4793//6869 4812//6899
f 2678//3714 2632//3646 2677//3712
f 4280//6085 4262//6056 4299//6115
f 2637//3653 2636//3651 2684//3721
f 2432//3360 2478//3420 2480//3423
f 2637//3653 2575//3554 2636//3651
f 2638//3654 2684//3721 2686//3724
f 2638//3654 2686//3724 2577//3558
f 4427//6306 4425//6303 4447//6335
f 4299//6115 4262//6056 4278//6081
f 4427//6306 4403//6272 4425//6303
f 2632//3646 2571//3550 2676//3710
f 4262//6056 4242//6027 4278//6081
f 4278//6081 4242//6027 4261//6053
f 2676//3710 2571//3550 2675//3708
f 2571//3550 2570//3548 2675//3708
f 2431//3359 2478//3420 2398//3300
f 4261//6053 4221//5999 4240//6023
f 2675//3708 2570//3548 2674//3706
f 2570//3548 2568//3545 2674//3706
f 4221//5999 4201//5969 4240//6023
f 4240//6023 4201//5969 4219//5995
f 2674//3706 2568//3545 2623//3636
f 2568//3545 2566//3542 2623//3636
f 2639//3655 2686//3724 2640//3656
f 2639//3655 2577//3558 2686//3724
f 4201//5969 4179//5939 4219//5995
f 4219//5995 4179//5939 4199//5966
f 2623//3636 2566//3542 2622//3634
f 2566//3542 2564//3539 2622//3634
f 4179//5939 4161//5915 4199//5966
f 4199//5966 4161//5915 4177//5936
f 2622//3634 2564//3539 2621//3632
f 4161//5915 4144//5892 4177//5936
f 2564//3539 2510//3468 2621//3632
f 4177//5936 4144//5892 4160//5912
f 2621//3632 2510//3468 2620//3630
f 4144//5892 4126//5867 4160//5912
f 2510//3468 2508//3465 2620//3630
f 4160//5912 4126//5867 4142//5888
f 2620//3630 2508//3465 2619//3628
f 4126//5867 4107//5839 4142//5888
f 2508//3465 2506//3462 2619//3628
f 4142//5888 4107//5839 4124//5863
f 2619//3628 2506//3462 2618//3626
f 4107//5839 4088//5811 4124//5863
f 2506//3462 2504//3459 2618//3626
f 4124//5863 4088//5811 4105//5835
f 2618//3626 2504//3459 2617//3624
f 4088//5811 4070//5787 4105//5835
f 2504//3459 2502//3456 2617//3624
f 4105//5835 4070//5787 4086//5807
f 2617//3624 2502//3456 2616//3622
f 4836//6941 4858//6976 4838//6944
f 4070//5787 4056//5768 4086//5807
f 2502//3456 2500//3453 2616//3622
f 4086//5807 4056//5768 4068//5783
f 2687//3725 2686//3724 2726//3787
f 2687//3725 2726//3787 2641//3658
f 2616//3622 2500//3453 2615//3620
f 2687//3725 2640//3656 2686//3724
f 2688//3726 2726//3787 2728//3790
f 2688//3726 2728//3790 2642//3660
f 2688//3726 2641//3658 2726//3787
f 2689//3727 2728//3790 2730//3793
f 4528//6456 4529//6457 4510//6428
f 2689//3727 2642//3660 2728//3790
f 4056//5768 4036//5740 4068//5783
f 2500//3453 2498//3450 2615//3620
f 4068//5783 4036//5740 4054//5764
f 2615//3620 2498//3450 2614//3618
f 4036//5740 4019//5717 4054//5764
f 2498//3450 2496//3447 2614//3618
f 4054//5764 4019//5717 4034//5736
f 2614//3618 2496//3447 2553//3527
f 2731//3794 2730//3793 2766//3848
f 2429//3357 2471//3410 2474//3414
f 4568//6517 4567//6514 4591//6552
f 4019//5717 3998//5685 4034//5736
f 2496//3447 2493//3443 2553//3527
f 4034//5736 3998//5685 4017//5713
f 2553//3527 2493//3443 2613//3616
f 3998//5685 3978//5658 4017//5713
f 2493//3443 2491//3440 2613//3616
f 2613//3616 2491//3440 2612//3614
f 4017//5713 3978//5658 3996//5681
f 3978//5658 3959//5633 3996//5681
f 2491//3440 2488//3435 2612//3614
f 2612//3614 2488//3435 2611//3612
f 3996//5681 3959//5633 3976//5654
f 3959//5633 3937//5603 3976//5654
f 2488//3435 2486//3432 2611//3612
f 2611//3612 2486//3432 2610//3610
f 3976//5654 3937//5603 3957//5629
f 3937//5603 3918//5577 3957//5629
f 2486//3432 2484//3429 2610//3610
f 2610//3610 2484//3429 2609//3608
f 3957//5629 3918//5577 3935//5599
f 3918//5577 3896//5549 3935//5599
f 4836//6941 4838//6944 4814//6904
f 4859//6978 4885//7016 4861//6982
f 2609//3608 2484//3429 2608//3606
f 2484//3429 2482//3426 2608//3606
f 3896//5549 3879//5526 3935//5599
f 3935//5599 3879//5526 3916//5573
f 2482//3426 2480//3424 2608//3606
f 3879//5526 3861//5502 3916//5573
f 3916//5573 3861//5502 3894//5545
f 2608//3606 2480//3424 2607//3604
f 2480//3424 2478//3421 2607//3604
f 3861//5502 3839//5472 3894//5545
f 3894//5545 3839//5472 3877//5522
f 2607//3604 2478//3421 2606//3602
f 3839//5472 3816//5438 3877//5522
f 2478//3421 2476//3417 2606//3602
f 3877//5522 3816//5438 3859//5498
f 2606//3602 2476//3417 2605//3600
f 3816//5438 3796//5408 3859//5498
f 2476//3417 2474//3415 2605//3600
f 3859//5498 3796//5408 3836//5467
f 2605//3600 2474//3415 2673//3704
f 3796//5408 3772//5372 3836//5467
f 2474//3415 2471//3411 2673//3704
f 3836//5467 3772//5372 3814//5434
f 5337//7696 5266//7587 5391//7791
f 2673//3704 2471//3411 2672//3702
f 3772//5372 3748//5338 3814//5434
f 2471//3411 2543//3515 2672//3702
f 5440//7868 5405//7814 5459//7899
f 2672//3702 2543//3515 2671//3700
f 2543//3515 2540//3511 2671//3700
f 3794//5404 3748//5338 3770//5368
f 2671//3700 2540//3511 2670//3698
f 3748//5338 3727//5308 3770//5368
f 2540//3511 2538//3508 2670//3698
f 2670//3698 2538//3508 2669//3696
f 3770//5368 3727//5308 3746//5332
f 3727//5308 3709//5283 3746//5332
f 2538//3508 2536//3505 2669//3696
f 2669//3696 2536//3505 2719//3776
f 3746//5332 3709//5283 3725//5304
f 3709//5283 3690//5257 3725//5304
f 2731//3794 2766//3848 2692//3732
f 2732//3795 2766//3848 2768//3851
f 5442//7870 5462//7905 5408//7820
f 2732//3795 2692//3732 2766//3848
f 2536//3505 2533//3501 2719//3776
f 2719//3776 2533//3501 2718//3774
f 3690//5257 3675//5233 3725//5304
f 3725//5304 3675//5233 3707//5279
f 2718//3774 2533//3501 2717//3772
f 2533//3501 2599//3592 2717//3772
f 3675//5233 3653//5199 3707//5279
f 3707//5279 3653//5199 3688//5253
f 2717//3772 2599//3592 2758//3836
f 2599//3592 2597//3589 2758//3836
f 3653//5199 3631//5165 3688//5253
f 3688//5253 3631//5165 3673//5229
f 2758//3836 2597//3589 2757//3834
f 3631//5165 3613//5140 3673//5229
f 2597//3589 2594//3585 2757//3834
f 3673//5229 3613//5140 3650//5194
f 2757//3834 2594//3585 2756//3832
f 3613//5140 3595//5109 3650//5194
f 4721//6751 4693//6705 4720//6749
f 3650//5194 3595//5109 3629//5161
f 2756//3832 2665//3690 2793//3888
f 3595//5109 3576//5082 3629//5161
f 2665//3690 2663//3687 2793//3888
f 2793//3888 2663//3687 2792//3885
f 3629//5161 3576//5082 3611//5136
f 3576//5082 3557//5052 3611//5136
f 2663//3687 2660//3683 2792//3885
f 2792//3885 2660//3683 2791//3883
f 4739//6778 4720//6749 4738//6776
f 4102//5832 4105//5836 4086//5808
f 2791//3883 2660//3683 2835//3946
f 2660//3683 2713//3766 2835//3946
f 2466//3405 2538//3509 2425//3349
f 4102//5832 4086//5808 4101//5830
f 4084//5805 4086//5808 4068//5784
f 4084//5805 4101//5830 4086//5808
f 4066//5781 4068//5784 4054//5765
f 4066//5781 4054//5765 4051//5760
f 2804//3904 2803//3903 2842//3956
f 2804//3904 2842//3956 2771//3854
f 4052//5762 4034//5737 4031//5732
f 2805//3905 2842//3956 2844//3959
f 4052//5762 4051//5760 4054//5765
f 2805//3905 2771//3854 2842//3956
f 4032//5734 4034//5737 4017//5714
f 4032//5734 4017//5714 4014//5709
f 4032//5734 4031//5732 4034//5737
f 2846//3961 2877//4011 6858//9601
f 2466//3405 2536//3506 2538//3509
f 2465//3404 2464//3402 2533//3502
f 6859//9602 2903//4052 2879//4013
f 2465//3404 2533//3502 2536//3506
f 2904//4053 2903//4052 2930//4095
f 2904//4053 2930//4095 2880//4015
f 2904//4053 2879//4013 2903//4052
f 2905//4054 2930//4095 2932//4098
f 4739//6778 4740//6779 4720//6749
f 2905//4054 2880//4015 2930//4095
f 5439//7867 5459//7899 5405//7814
f 5438//7866 5404//7812 5403//7810
f 5438//7866 5403//7810 5457//7895
f 2934//4100 2955//4134 2978//4176
f 2934//4100 2978//4176 2936//4103
f 4217//5993 4219//5996 4199//5965
f 5438//7866 5458//7897 5404//7812
f 3593//5105 3513//4983 6860//9603
f 2956//4135 2978//4176 2979//4178
f 3513//4983 3491//4950 6861//9604
f 2713//3766 2710//3761 2835//3946
f 6862//9605 3491//4950 3555//5048
f 2835//3946 2710//3761 2871//4002
f 3491//4950 3492//4952 3555//5048
f 2956//4135 2979//4178 2957//4136
f 2956//4135 2936//4103 2978//4176
f 2980//4179 2979//4178 3001//4216
f 2980//4180 3001//4217 2957//4137
f 2980//4179 2957//4136 2979//4178
f 2981//4181 3001//4216 3003//4220
f 2981//4181 3003//4220 2982//4182
f 2981//4181 2957//4136 3001//4216
f 3004//4221 3003//4220 3033//4264
f 3004//4221 3033//4264 3005//4222
f 3004//4221 2982//4182 3003//4220
f 3555//5048 3492//4952 3529//5008
f 3034//4265 3033//4264 3067//4313
f 3034//4265 3067//4313 3006//4224
f 3034//4265 3005//4222 3033//4264
f 3035//4266 3067//4313 3036//4267
f 3035//4266 3006//4224 3067//4313
f 3068//4314 3067//4313 3095//4353
f 2871//4002 2710//3761 2870//4000
f 3068//4314 3095//4353 3069//4315
f 3068//4314 3036//4267 3067//4313
f 3492//4952 3471//4919 3529//5008
f 2710//3761 2753//3826 2870//4000
f 2870//4000 2753//3826 2896//4042
f 3471//4919 3450//4885 3529//5008
f 3529//5008 3450//4885 3511//4979
f 2896//4042 2753//3826 2895//4040
f 3450//4885 3430//4856 3511//4979
f 2753//3826 2749//3819 2895//4040
f 3096//4354 3095//4353 3121//4393
f 3096//4354 3121//4393 3097//4355
f 3096//4354 3069//4315 3095//4353
f 4711//6736 4727//6759 4713//6739
f 3122//4394 3121//4393 3151//4438
f 3122//4394 3151//4438 3098//4357
f 3122//4394 3097//4355 3121//4393
f 3123//4395 3151//4438 3124//4396
f 2895//4040 2749//3819 2924//4086
f 3430//4856 3410//4828 3511//4979
f 2749//3819 2788//3878 2924//4086
f 3123//4395 3098//4357 3151//4438
f 3152//4439 3151//4438 3172//4469
f 3152//4439 3172//4469 3153//4440
f 3152//4439 3124//4396 3151//4438
f 2924//4086 2788//3878 6863//9607
f 3173//4470 3172//4469 3201//4508
f 4875//7001 4876//7002 4848//6959
f 3511//4979 3410//4828 3489//4946
f 3410//4828 3385//4788 3489//4946
f 4904//7044 4874//6999 4873//6997
f 4238//6021 4257//6048 4240//6024
f 4859//6978 4838//6944 4858//6976
f 3173//4470 3153//4440 3172//4469
f 4904//7044 4905//7045 4874//6999
f 3489//4946 3366//4759 3469//4915
f 6864//9608 3224//4541 3202//4509
f 3225//4542 3224//4541 3252//4581
f 2786//3875 2832//3941 6865//9609
f 6866//9610 2832//3941 2974//4169
f 3469//4915 3366//4759 3448//4881
f 3366//4759 3343//4720 3448//4881
f 2974//4169 2832//3941 2973//4167
f 3343//4720 3316//4678 3448//4881
f 2832//3941 2830//3938 2973//4167
f 3225//4542 3252//4581 3226//4543
f 3225//4542 3202//4509 3224//4541
f 3253//4582 3252//4581 3277//4621
f 4015//5711 4014//5709 4017//5714
f 3448//4881 3316//4678 3428//4852
f 2973//4167 2830//3938 2999//4213
f 3253//4582 3226//4543 3252//4581
f 3278//4622 3277//4621 3299//4654
f 3316//4678 3295//4648 3428//4852
f 2999//4213 2830//3938 6867//9611
f 3295//4648 3274//4615 3428//4852
f 2830//3938 2867//3995 6868//9612
f 3428//4852 3274//4615 3408//4824
f 6869//9613 2867//3995 3062//4305
f 3278//4622 3299//4654 3279//4623
f 4987//7166 4955//7124 4954//7122
f 3300//4655 3299//4654 3320//4685
f 4987//7166 4954//7122 5025//7222
f 4859//6978 4861//6982 4838//6944
f 4886//7018 4861//6982 4885//7016
f 3300//4655 3279//4623 3299//4654
f 3274//4615 3249//4576 3408//4824
f 2867//3995 2864//3991 3062//4305
f 3062//4305 2864//3991 3061//4303
f 3249//4576 3219//4534 3408//4824
f 3408//4824 3219//4534 3383//4784
f 3061//4303 2864//3991 3089//4345
f 3219//4534 3195//4498 3383//4784
f 4886//7018 4864//6986 4861//6982
f 3089//4345 2864//3991 3116//4385
f 3195//4498 3196//4500 3383//4784
f 3322//4688 3320//4685 3348//4728
f 3322//4688 3348//4728 3325//4692
f 5023//7219 4984//7161 5049//7257
f 3324//4690 3348//4728 3349//4730
f 3324//4691 3349//4731 3325//4693
f 3324//4690 3325//4692 3348//4728
f 3350//4732 3349//4730 3371//4767
f 5023//7219 5024//7220 4985//7163
f 3116//4385 2864//3991 3115//4382
f 3196//4500 3168//4463 3383//4784
f 4912//7058 4938//7097 4891//7025
f 3350//4732 3325//4692 3349//4730
f 3372//4768 3371//4767 3390//4797
f 3372//4768 3390//4797 3373//4769
f 5022//7218 5049//7257 4984//7161
f 3391//4798 3390//4797 3414//4834
f 3391//4798 3414//4834 3392//4799
f 3391//4798 3373//4769 3390//4797
f 3416//4837 3414//4834 3434//4862
f 5048//7255 5047//7252 5080//7305
f 3416//4837 3392//4799 3414//4834
f 2592//3583 2663//3688 2665//3691
f 5048//7256 5080//7306 5021//7215
f 3994//5679 3993//5677 3996//5682
f 3456//4895 3454//4892 3476//4928
f 3456//4895 3476//4928 3457//4896
f 3994//5679 3976//5655 3973//5650
f 3477//4929 3476//4928 3496//4959
f 4939//7099 4968//7140 4915//7064
f 5079//7304 5046//7250 5116//7361
f 3477//4929 3457//4896 3476//4928
f 3497//4960 3496//4959 3519//4994
f 3497//4960 3519//4994 3498//4961
f 5079//7304 5080//7305 5047//7252
f 4939//7099 4891//7025 4938//7097
f 4939//7099 4915//7064 4891//7025
f 4940//7100 4969//7142 4941//7102
f 4940//7100 4915//7064 4968//7140
f 4940//7100 4941//7102 4915//7064
f 4970//7144 5002//7187 4943//7105
f 4683//6691 4667//6667 4682//6689
f 3520//4995 3519//4994 3521//4996
f 4970//7144 4941//7102 4969//7142
f 4970//7144 4943//7105 4941//7102
f 4971//7145 4943//7105 5002//7187
f 3520//4995 3498//4961 3519//4994
f 3538//5023 3519//4994 3537//5022
f 3538//5023 3537//5022 3539//5024
f 3538//5023 3521//4996 3519//4994
f 3562//5060 3537//5022 3561//5059
f 5078//7303 5116//7361 5046//7250
f 3562//5060 3539//5024 3537//5022
f 5114//7358 5077//7301 5076//7299
f 3974//5652 3973//5650 3976//5655
f 3955//5627 3957//5630 3935//5600
f 4971//7145 4973//7148 4943//7105
f 6870//9614 5058//7271 5004//7192
f 3974//5652 3957//5630 3954//5625
f 3955//5627 3935//5600 3932//5595
f 3955//5627 3954//5625 3957//5630
f 3933//5597 3935//5600 3916//5574
f 4663//6662 4667//6667 4650//6643
f 5029//7227 5059//7273 5030//7229
f 5029//7227 5004//7192 5058//7271
f 5029//7227 5030//7229 5004//7192
f 3115//4382 2864//3991 3145//4430
f 3168//4463 3145//4430 3383//4784
f 3145//4430 2864//3991 3383//4784
f 2864//3991 2893//4036 3383//4784
f 3383//4784 2893//4036 3364//4755
f 5113//7357 5112//7355 5152//7413
f 3913//5570 3916//5574 3894//5546
f 3913//5570 3894//5546 3891//5541
f 5113//7357 5076//7299 5112//7355
f 3892//5543 3894//5546 3877//5523
f 3892//5543 3877//5523 3874//5518
f 3364//4755 2893//4036 3339//4714
f 2893//4036 2923//4083 3339//4714
f 3339//4714 2923//4083 6871//9615
f 3892//5543 3891//5541 3894//5546
f 3875//5520 3859//5499 3856//5494
f 3636//5173 3635//5172 3658//5208
f 3636//5173 3658//5208 3660//5210
f 2923//4083 2922//4081 6872//9616
f 5151//7412 5112//7355 5111//7353
f 6873//9617 2922//4081 3314//4674
f 5060//7275 5088//7316 5032//7232
f 5151//7412 5111//7353 5199//7487
f 2922//4081 2947//4121 3314//4674
f 3314//4674 2947//4121 3293//4644
f 2947//4121 2971//4163 3293//4644
f 3293//4644 2971//4163 3272//4611
f 2971//4163 2969//4160 3272//4611
f 3659//5209 3658//5208 3679//5239
f 5150//7411 5110//7351 5198//7485
f 3272//4611 2969//4160 3246//4571
f 2969//4160 6874//9618 3246//4571
f 3246//4571 6875//9619 3216//4528
f 3659//5209 3660//5210 3658//5208
f 3680//5240 3679//5239 3694//5263
f 6876//9620 3216//4529 2997//4208
f 3216//4529 6877//9621 2997//4208
f 3680//5240 3694//5263 3696//5265
f 5148//7409 5147//7408 5197//7483
f 3695//5264 3694//5263 3713//5289
f 3695//5264 3713//5289 3715//5291
f 3695//5264 3696//5265 3694//5263
f 3714//5290 3713//5289 3732//5315
f 3714//5290 3732//5315 3734//5317
f 3714//5290 3715//5291 3713//5289
f 3733//5316 3732//5315 3751//5344
f 3733//5316 3751//5344 3753//5346
f 2997//4209 3026//4254 6878//9622
f 6879//9623 3026//4254 3192//4493
f 3026//4254 3059//4299 3192//4493
f 3192//4493 3059//4299 3166//4459
f 3059//4299 3057//4295 3166//4459
f 3166//4459 3057//4295 3142//4425
f 3733//5316 3734//5317 3732//5315
f 3752//5345 3751//5344 3776//5379
f 2661//3685 2660//3684 2590//3580
f 3752//5345 3753//5346 3751//5344
f 3777//5380 3776//5379 3800//5415
f 2661//3685 2713//3767 2660//3684
f 3857//5496 3859//5499 3836//5468
f 3801//5416 3800//5415 3822//5448
f 3801//5416 3822//5448 3823//5449
f 3801//5416 3802//5417 3800//5415
f 3844//5479 3822//5448 3843//5478
f 3844//5479 3843//5478 3845//5480
f 3844//5479 3823//5449 3822//5448
f 3057//4295 3086//4339 3142//4425
f 3086//4339 3113//4378 3142//4425
f 4663//6662 4682//6689 4667//6667
f 5060//7275 5030//7229 5059//7273
f 5060//7275 5032//7232 5030//7229
f 5061//7276 5089//7318 5062//7278
f 5061//7276 5032//7232 5088//7316
f 2708//3759 2655//3676 2753//3827
f 5061//7276 5062//7278 5032//7232
f 5090//7320 5122//7368 5064//7281
f 4648//6640 4650//6643 4631//6613
f 2708//3759 2753//3827 2710//3762
f 3866//5509 3843//5478 3865//5508
f 4258//6050 4240//6024 4257//6048
f 4258//6050 4261//6054 4240//6024
f 5090//7320 5062//7278 5089//7318
f 3866//5509 3845//5480 3843//5478
f 3884//5533 3865//5508 3883//5532
f 3884//5533 3883//5532 3885//5534
f 2707//3758 2749//3820 2753//3827
f 3902//5557 3883//5532 3901//5556
f 3902//5557 3901//5556 3903//5558
f 5090//7320 5064//7281 5062//7278
f 3902//5557 3885//5534 3883//5532
f 3924//5586 3901//5556 3923//5585
f 3924//5586 3923//5585 3925//5587
f 3924//5586 3903//5558 3901//5556
f 3943//5611 3923//5585 3942//5610
f 4584//6542 4493//6404 4564//6508
f 3943//5611 3925//5587 3923//5585
f 3857//5496 3856//5494 3859//5499
f 4276//6079 4296//6111 4278//6082
f 4276//6079 4278//6082 4261//6054
f 3837//5469 3836//5468 3814//5435
f 3837//5469 3834//5464 3836//5468
f 5091//7321 5123//7370 5092//7323
f 4648//6640 4631//6613 4647//6638
f 4297//6113 4317//6144 4299//6116
f 4297//6113 4278//6082 4296//6111
f 3744//5330 3770//5369 3746//5333
f 4297//6113 4299//6116 4278//6082
f 4319//6147 4321//6150 4299//6116
f 5091//7321 5064//7281 5122//7368
f 5091//7321 5092//7323 5064//7281
f 4319//6147 4299//6116 4317//6144
f 3722//5299 3746//5333 3725//5305
f 5124//7372 5162//7430 5093//7325
f 3744//5330 3746//5333 3743//5328
f 5124//7372 5092//7323 5123//7370
f 5124//7372 5093//7325 5092//7323
f 4337//6174 4340//6178 4321//6150
f 5125//7373 5163//7432 5095//7329
f 4629//6610 4631//6613 4615//6588
f 5125//7373 5093//7325 5162//7430
f 5125//7373 5095//7329 5093//7325
f 5126//7374 5164//7434 5128//7379
f 3705//5277 3707//5280 3704//5275
f 4061//5775 4041//5747 4060//5774
f 4061//5775 4060//5774 4062//5776
f 4354//6200 4371//6226 4358//6205
f 5126//7374 5095//7329 5163//7432
f 5126//7374 5128//7379 5095//7329
f 4076//5795 4060//5774 4075//5794
f 5165//7436 5207//7497 5129//7381
f 4629//6610 4647//6638 4631//6613
f 5165//7436 5128//7379 5164//7434
f 5165//7436 5129//7381 5128//7379
f 5167//7439 5129//7381 5207//7497
f 5167//7439 5166//7438 5129//7381
f 4598//6563 4600//6566 4581//6537
f 4076//5795 4075//5794 4094//5820
f 5259//7576 5330//7685 5213//7507
f 4598//6563 4581//6537 4597//6561
f 5259//7576 5213//7507 5211//7504
f 5260//7577 5331//7687 5215//7510
f 4076//5795 4062//5776 4060//5774
f 4093//5819 4075//5794 4092//5818
f 5248//7556 5194//7480 5193//7478
f 5195//7481 5250//7559 5146//7406
f 4093//5819 4094//5820 4075//5794
f 4113//5849 4092//5818 4112//5848
f 4113//5849 4112//5848 4132//5875
f 5260//7577 5213//7507 5330//7685
f 3686//5251 3688//5254 3685//5249
f 4131//5874 4112//5848 4130//5873
f 3671//5227 3688//5254 3673//5230
f 3647//5190 3673//5230 3650//5195
f 5260//7577 5215//7510 5213//7507
f 5262//7580 5332//7689 5261//7579
f 4579//6534 4581//6537 4559//6501
f 5262//7580 5215//7510 5331//7687
f 4131//5874 4132//5875 4112//5848
f 5248//7556 5249//7557 5194//7480
f 3627//5159 3650//5195 3629//5162
f 5262//7580 5261//7579 5215//7510
f 3627//5159 3648//5191 3650//5195
f 4166//5922 4148//5898 4165//5921
f 4166//5922 4165//5921 4185//5947
f 5333//7691 5389//7786 5263//7582
f 3627//5159 3629//5162 3626//5157
f 4184//5946 4165//5921 4183//5945
f 5333//7691 5261//7579 5332//7689
f 5333//7691 5263//7582 5261//7579
f 4579//6534 4597//6561 4581//6537
f 5334//7692 5263//7582 5389//7786
f 3609//5134 3626//5157 3629//5162
f 4184//5946 4183//5945 4207//5977
f 4184//5946 4185//5947 4165//5921
f 4206//5976 4183//5945 4205//5975
f 4206//5976 4205//5975 4227//6007
f 2437//3365 2491//3439 2404//3312
f 4206//5976 4207//5977 4183//5945
f 4226//6006 4205//5975 4225//6005
f 2437//3365 2488//3436 2491//3439
f 2436//3364 2402//3308 2486//3433
f 4354//6200 4358//6205 4340//6178
f 2436//3364 2486//3433 2488//3436
f 4372//6228 4393//6257 4374//6231
f 4226//6006 4227//6007 4205//5975
f 4217//5993 4199//5965 4216//5991
f 4372//6228 4358//6205 4371//6226
f 4157//5909 4160//5913 4142//5889
f 5337//7696 5336//7695 5266//7587
f 4197//5963 4216//5991 4199//5965
f 4372//6228 4374//6231 4358//6205
f 3530//5010 3529//5009 3511//4980
f 4267//6066 4268//6067 4246//6033
f 4286//6093 4266//6065 4285//6092
f 2435//3363 2486//3433 2402//3308
f 2435//3363 2484//3430 2486//3433
f 3509//4977 3511//4980 3485//4941
f 4286//6093 4285//6092 4308//6129
f 3486//4943 3485//4941 3511//4980
f 3467//4913 3489//4947 3469//4916
f 3486//4943 3511//4980 3489//4947
f 3467//4913 3469//4916 3444//4876
f 5443//7871 5408//7820 5462//7905
f 5443//7871 5463//7907 5409//7822
f 4328//6161 4329//6162 4306//6127
f 3509//4977 3508//4975 3511//4980
f 5444//7872 5409//7822 5463//7907
f 5444//7872 5410//7824 5409//7822
f 2433//3361 2399//3302 2480//3423
f 4394//6259 4416//6289 4397//6263
f 2433//3361 2480//3423 2482//3427
f 2432//3360 2398//3300 2478//3420
f 5445//7873 5447//7876 5411//7826
f 4364//6215 4347//6191 4363//6214
f 4364//6215 4363//6214 4382//6242
f 5443//7871 5409//7822 5408//7820
f 4381//6241 4363//6214 4380//6240
f 4381//6241 4380//6240 4405//6274
f 4381//6241 4382//6242 4363//6214
f 4404//6273 4380//6240 4403//6272
f 2783//3872 2832//3942 2745//3814
f 4404//6273 4405//6274 4380//6240
f 2432//3360 2480//3423 2399//3302
f 2783//3872 2830//3939 2832//3942
f 4140//5886 4124//5864 4139//5884
f 4140//5886 4142//5889 4124//5864
f 4157//5909 4142//5889 4156//5907
f 3446//4879 3448//4882 3425//4848
f 3446//4879 3444//4876 3469//4916
f 4446//6334 4425//6303 4445//6333
f 4446//6334 4445//6333 4462//6356
f 2431//3359 2476//3418 2478//3420
f 2430//3358 2396//3296 2474//3414
f 3426//4850 3448//4882 3428//4853
f 4446//6334 4447//6335 4425//6303
f 4461//6355 4445//6333 4460//6354
f 3426//4850 3428//4853 3405//4820
f 4461//6355 4462//6356 4445//6333
f 3426//4850 3425//4848 3448//4882
f 3406//4822 3408//4825 3380//4780
f 3406//4822 3405//4820 3428//4853
f 4494//6406 4476//6377 4493//6405
f 4494//6406 4493//6405 4512//6431
f 5317//7665 5245//7553 5244//7551
f 2430//3358 2474//3414 2476//3418
f 2429//3357 2428//3355 2471//3410
f 4511//6430 4493//6405 4510//6428
f 2429//3357 2474//3414 2396//3296
f 4511//6430 4510//6428 4529//6457
f 4511//6430 4512//6431 4493//6405
f 4528//6456 4510//6428 4527//6454
f 5394//7796 5428//7849 5339//7700
f 4140//5886 4156//5907 4142//5889
f 3381//4782 3408//4825 3383//4785
f 3381//4782 3383//4785 3361//4751
f 3381//4782 3380//4780 3408//4825
f 4568//6517 4549//6486 4567//6514
f 5440//7868 5460//7901 5406//7816
f 5439//7867 5405//7814 5404//7812
f 2472//3412 2427//3353 2543//3516
f 5394//7796 5339//7700 5338//7698
f 2472//3412 2471//3410 2428//3355
f 5395//7797 5339//7700 5428//7849
f 4589//6549 4591//6552 4567//6514
f 4588//6548 4567//6514 4587//6546
f 4588//6548 4587//6546 4608//6577
f 4604//6572 4510//6429 4584//6542
f 4607//6576 4587//6546 4606//6574
f 5076//7300 4922//7076 4921//7074
f 4607//6576 4608//6577 4587//6546
f 4417//6291 4434//6315 4419//6294
f 4417//6291 4397//6263 4416//6289
f 2472//3412 2543//3516 2471//3410
f 3362//4753 3361//4751 3383//4785
f 2469//3408 2543//3516 2427//3353
f 5335//7693 5266//7587 5264//7584
f 3337//4712 3364//4756 3339//4715
f 3337//4712 3339//4715 6880//9624
f 4417//6291 4419//6294 4397//6263
f 5441//7869 5406//7816 5460//7901
f 4122//5861 4124//5864 4105//5836
f 5440//7868 5406//7816 5405//7814
f 4435//6317 4419//6294 4434//6315
f 4674//6677 4657//6653 4673//6675
f 4674//6677 4673//6675 4697//6711
f 5395//7797 5340//7702 5339//7700
f 4122//5861 4139//5884 4124//5864
f 5441//7869 5407//7818 5406//7816
f 2469//3408 2540//3512 2543//3516
f 2467//3406 2425//3349 2538//3509
f 5076//7300 4921//7074 5112//7356
f 2467//3406 2538//3509 2540//3512
f 4695//6708 4697//6711 4673//6675
f 4694//6707 4673//6675 4693//6705
f 4694//6707 4693//6705 4722//6752
f 4556//6496 4559//6501 4542//6475
f 4502//6417 4487//6393 4501//6415
f 4721//6751 4720//6749 4740//6779
f 4485//6390 4487//6393 4471//6370
f 4721//6751 4722//6752 4693//6705
f 4052//5762 4054//5765 4034//5737
f 5442//7870 5408//7820 5407//7818
f 4527//6455 4510//6429 4604//6572
f 3291//4642 3314//4675 3293//4645
f 6881//9625 3314//4675 3290//4640
f 3291//4642 3290//4640 3314//4675
f 4015//5711 4017//5714 3996//5682
f 3291//4642 3293//4645 3267//4603
f 3270//4609 3293//4645 3272//4612
f 3270//4609 3267//4603 3293//4645
f 4760//6811 4759//6809 4758//6807
f 4760//6811 4758//6807 4807//6892
f 3244//4569 3272//4612 3246//4572
f 4779//6840 4758//6807 4778//6838
f 4779//6840 4778//6838 4806//6890
f 4779//6840 4807//6892 4758//6807
f 3244//4569 3246//4572 3213//4524
f 2534//3503 2533//3502 2464//3402
f 2534//3503 2599//3593 2533//3502
f 5316//7664 5244//7551 5243//7549
f 5412//7827 5448//7878 5371//7756
f 5412//7827 5411//7826 5447//7876
f 5412//7827 5371//7756 5411//7826
f 5413//7828 5371//7756 5448//7878
f 4805//6889 4778//6838 4804//6887
f 5413//7828 5372//7758 5371//7756
f 4805//6889 4806//6890 4778//6838
f 4827//6928 4804//6887 4803//6885
f 4827//6928 4803//6885 4850//6962
f 5316//7664 5243//7549 5382//7773
f 4826//6926 4803//6885 4825//6923
f 4826//6927 4825//6924 4850//6963
f 4826//6926 4850//6962 4803//6885
f 4849//6961 4825//6923 4848//6959
f 4849//6961 4848//6959 4876//7002
f 4849//6961 4850//6962 4825//6923
f 4875//7001 4848//6959 4874//6999
f 4875//7001 4874//6999 4905//7045
f 5315//7663 5314//7662 5381//7771
f 4015//5711 3996//5682 3993//5677
f 3214//4526 3213//4524 3246//4572
f 5315//7663 5243//7549 5314//7662
f 4903//7043 4873//6997 4902//7041
f 4903//7043 4902//7041 4927//7082
f 4926//7081 4902//7041 4958//7128
f 4926//7081 4927//7082 4902//7041
f 4957//7127 4902//7041 4925//7079
f 3994//5679 3996//5682 3976//5655
f 6882//9626 3192//4494 3163//4455
f 4957//7127 4958//7128 4902//7041
f 3164//4457 3192//4494 3166//4460
f 3164//4457 3166//4460 3139//4421
f 3164//4457 3163//4455 3192//4494
f 3140//4423 3166//4460 3142//4426
f 3140//4423 3142//4426 3109//4373
f 3140//4423 3139//4421 3166//4460
f 4986//7165 4954//7122 4985//7163
f 4986//7165 4985//7163 5024//7220
f 4896//7034 4922//7076 5076//7300
f 4986//7165 5025//7222 4954//7122
f 5023//7219 4985//7163 4984//7161
f 2891//4034 2889//4030 2922//4082
f 2592//3583 2527//3491 2663//3688
f 5437//7865 5403//7810 5402//7808
f 5022//7218 4984//7161 5021//7216
f 5022//7218 5021//7216 5080//7305
f 4519//6442 4521//6445 4504//6420
f 5048//7255 5021//7216 5047//7252
f 5416//7831 5452//7886 5375//7764
f 3974//5652 3976//5655 3957//5630
f 5415//7830 5451//7884 5374//7762
f 5079//7304 5047//7252 5046//7250
f 5417//7832 5375//7764 5452//7886
f 2591//3582 2590//3580 2660//3684
f 5416//7831 5375//7764 5374//7762
f 5078//7303 5046//7250 5077//7301
f 5078//7303 5077//7301 5115//7359
f 2591//3582 2663//3688 2527//3491
f 2591//3582 2660//3684 2663//3688
f 4547//6482 4460//6353 4524//6450
f 5110//7352 5019//7213 5147//7407
f 4980//7157 5019//7213 5110//7352
f 2920//4079 2888//4028 2947//4122
f 2891//4034 2922//4082 2923//4084
f 5377//7767 5419//7835 5311//7656
f 3933//5597 3932//5595 3935//5600
f 2920//4079 2922//4082 2889//4030
f 3111//4376 3142//4426 3113//4379
f 5114//7358 5115//7359 5077//7301
f 3875//5520 3877//5523 3859//5499
f 3875//5520 3874//5518 3877//5523
f 3111//4376 3113//4379 3083//4335
f 2920//4079 2947//4122 2922//4082
f 3084//4337 3113//4379 3086//4340
f 3056//4294 3086//4340 3057//4296
f 5111//7354 4949//7115 4980//7157
f 5151//7412 5152//7413 5112//7355
f 5150//7411 5111//7353 5110//7351
f 2919//4078 2918//4076 2971//4164
f 5111//7354 4980//7157 5110//7352
f 5150//7411 5199//7487 5111//7353
f 5148//7409 5110//7351 5147//7408
f 2919//4078 2971//4164 2947//4122
f 5148//7409 5198//7485 5110//7351
f 5196//7482 5147//7408 5146//7406
f 5196//7482 5146//7406 5250//7559
f 4493//6404 4476//6378 4564//6508
f 5196//7482 5197//7483 5147//7408
f 5195//7481 5146//7406 5194//7480
f 2661//3685 2589//3578 2713//3767
f 5077//7302 4896//7034 5076//7300
f 3857//5496 3836//5468 3834//5464
f 2945//4119 2971//4164 2918//4076
f 2658//3681 2713//3767 2589//3578
f 2658//3681 2710//3762 2713//3767
f 2657//3680 2656//3678 2710//3762
f 5396//7798 5341//7704 5340//7702
f 2708//3759 2710//3762 2656//3678
f 3024//4252 3059//4300 3026//4255
f 4238//6021 4240//6024 4219//5996
f 2707//3758 2753//3827 2655//3676
f 4337//6174 4353//6198 4340//6178
f 3024//4252 3026//4255 2994//4203
f 2995//4206 2997//4210 2968//4158
f 3705//5277 3725//5305 3707//5280
f 3722//5299 3743//5328 3746//5333
f 3686//5251 3707//5280 3688//5254
f 4354//6200 4340//6178 4353//6198
f 4654//6649 4549//6487 4636//6622
f 4868//6992 4900//7039 5077//7302
f 5112//7356 4949//7115 5111//7354
f 4921//7074 4949//7115 5112//7356
f 5195//7481 5194//7480 5249//7557
f 2784//3873 2745//3814 2832//3942
f 3686//5251 3704//5275 3707//5280
f 3671//5227 3685//5249 3688//5254
f 3647//5190 3650//5195 3648//5191
f 4845//6955 4844//6953 5046//7251
f 3609//5134 3629//5162 3611//5137
f 4567//6515 4654//6649 4671//6673
f 2784//3873 2832//3942 2786//3876
f 3530//5010 3511//4980 3508//4975
f 3446//4879 3469//4916 3448//4882
f 4717//6746 4567//6515 4690//6702
f 4394//6259 4374//6231 4393//6257
f 5047//7253 4754//6801 4774//6834
f 4556//6496 4542//6475 4555//6494
f 5378//7768 5311//7656 5419//7835
f 5377//7767 5311//7656 5376//7766
f 4394//6259 4397//6263 4374//6231
f 3406//4822 3428//4853 3408//4825
f 4567//6515 4549//6487 4654//6649
f 4540//6472 4521//6445 4539//6470
f 6883//9627 2968//4158 2997//4210
f 5317//7665 5244//7551 5383//7775
f 4804//6888 4778//6839 4803//6886
f 4778//6839 4758//6808 4803//6886
f 3362//4753 3383//4785 3364//4756
f 5433//7860 5400//7804 5398//7801
f 4803//6886 4758//6808 4825//6925
f 5395//7797 5429//7851 5340//7702
f 2945//4119 2969//4161 2971//4164
f 4510//6429 4493//6404 4584//6542
f 4758//6808 4759//6810 4825//6925
f 5379//7769 5421//7839 5313//7660
f 4825//6925 4759//6810 4848//6960
f 4485//6390 4501//6415 4487//6393
f 4435//6317 4436//6319 4419//6294
f 5378//7768 5312//7658 5311//7656
f 5445//7873 5411//7826 5410//7824
f 4502//6417 4504//6420 4487//6393
f 3214//4526 3246//4572 3216//4530
f 5047//7253 4774//6834 4798//6877
f 5047//7253 4798//6877 4821//6917
f 4720//6750 4693//6706 4873//6998
f 5316//7664 5383//7775 5244//7551
f 4519//6442 4539//6470 4521//6445
f 4874//7000 4720//6750 4873//6998
f 5415//7830 5374//7762 5373//7760
f 3110//4375 3109//4373 3142//4426
f 5417//7832 5376//7766 5375//7764
f 5047//7253 4845//6955 5046//7251
f 5416//7831 5374//7762 5451//7884
f 4567//6516 4754//6802 5047//7254
f 3084//4337 3086//4340 3055//4292
f 3056//4294 3055//4292 3086//4340
f 3084//4337 3083//4335 3113//4379
f 4567//6515 4735//6773 4754//6801
f 2919//4078 2947//4122 2888//4028
f 4873//6998 4693//6706 4902//7042
f 4693//6706 4673//6676 4902//7042
f 5396//7798 5340//7702 5429//7851
f 5077//7302 4900//7039 4896//7034
f 5380//7770 5381//7771 5314//7662
f 2995//4206 3026//4255 2997//4210
f 5437//7865 5457//7895 5403//7810
f 2995//4206 2994//4203 3026//4255
f 4540//6472 4555//6494 4542//6475
f 5046//7251 4844//6953 4868//6992
f 5046//7251 4868//6992 5077//7302
f 5021//7217 4567//6515 5047//7253
f 4567//6515 4671//6673 4690//6702
f 4587//6547 4567//6515 5021//7217
f 4759//6810 4738//6777 4848//6960
f 4738//6777 4720//6750 4874//7000
f 4848//6960 4738//6777 4874//7000
f 4606//6575 4587//6547 4984//7162
f 5399//7802 5432//7858 5398//7801
f 5379//7769 5313//7660 5312//7658
f 4985//7164 4606//6575 4984//7162
f 4622//6599 4606//6575 4985//7164
f 5047//7253 4821//6917 4845//6955
f 4954//7123 4622//6599 4985//7164
f 5380//7770 5314//7662 5313//7660
f 5315//7663 5382//7773 5243//7549
f 5380//7770 5313//7660 5421//7839
f 4902//7042 4673//6676 4925//7080
f 4640//6628 4622//6599 4954//7123
f 4673//6676 4657//6654 4925//7080
f 4984//7162 4587//6547 5021//7217
f 5399//7802 5398//7801 5344//7708
f 4955//7125 4640//6628 4954//7123
f 5433//7860 5398//7801 5432//7858
f 4540//6472 4542//6475 4521//6445
f 2466//3405 2424//3347 2536//3506
f 2945//4119 2944//4117 2969//4161
f 2438//3366 2493//3442 2405//3314
f 2862//3989 2825//3931 2893//4037
f 3982//5663 3963//5638 3999//5687
f 3454//4891 3434//4861 3472//4921
f 4657//6654 4640//6628 4955//7125
f 4903//7043 4928//7084 4873//6997
f 6884//9628 3174//4471 3201//4508
f 4636//6622 4527//6455 4618//6593
f 4925//7080 4657//6654 4955//7125
f 3497//4960 3478//4930 3496//4959
f 4042//5748 4023//5723 4041//5747
f 3777//5380 3778//5381 3776//5379
f 3752//5345 3776//5379 3778//5381
f 4020//5719 3982//5663 3999//5687
f 4002//5692 3982//5663 4020//5719
f 3659//5209 3679//5239 3681//5241
f 3680//5240 3681//5241 3679//5239
f 4567//6515 4717//6746 4735//6773
f 4805//6889 4804//6887 4828//6929
f 4827//6928 4828//6929 4804//6887
f 4674//6677 4675//6678 4657//6653
f 4658//6655 4659//6656 4640//6629
f 4588//6548 4590//6550 4567//6514
f 4589//6549 4567//6514 4590//6550
f 4568//6517 4569//6518 4549//6486
f 4550//6488 4551//6489 4527//6454
f 2827//3935 2864//3992 2867//3996
f 2437//3365 2403//3310 2488//3436
f 4494//6406 4495//6407 4476//6377
f 6885//9629 2969//4161 2944//4117
f 4477//6379 4476//6377 4495//6407
f 2637//3653 2684//3721 2576//3556
f 4242//6027 4221//5999 4261//6053
f 5379//7769 5312//7658 5420//7837
f 4037//5742 4002//5692 4020//5719
f 4477//6379 4478//6380 4460//6354
f 4404//6273 4403//6272 4428//6307
f 4348//6192 4349//6193 4327//6160
f 4364//6215 4365//6216 4347//6191
f 5378//7768 5420//7837 5312//7658
f 2783//3872 2744//3812 2830//3939
f 5377//7767 5376//7766 5418//7833
f 2746//3816 2786//3876 2788//3879
f 2746//3816 2788//3879 2705//3754
f 4024//5724 4005//5698 4002//5693
f 4653//6647 4635//6619 4667//6666
f 4669//6670 4653//6647 4687//6696
f 3024//4252 2993//4201 3059//4300
f 2657//3680 2710//3762 2588//3576
f 4549//6487 4527//6455 4636//6622
f 3023//4251 3022//4249 3057//4296
f 3023//4251 3059//4300 2993//4201
f 3023//4251 3057//4296 3059//4300
f 3619//5148 3620//5149 3618//5147
f 3056//4294 3057//4296 3022//4249
f 3636//5173 3637//5174 3635//5172
f 5113//7357 5153//7415 5076//7299
f 6886//9630 3563//5061 3561//5059
f 5344//7707 5281//7608 5341//7703
f 3111//4376 3082//4333 3142//4426
f 3600//5116 3599//5115 3618//5147
f 5227//7527 5226//7525 5338//7697
f 4476//6378 4460//6353 4547//6482
f 3416//4837 3434//4862 3417//4838
f 3456//4895 3436//4864 3454//4892
f 5417//7832 5418//7833 5376//7766
f 3477//4929 3496//4959 3478//4930
f 3350//4732 3371//4767 3351//4733
f 3372//4768 3351//4733 3371//4767
f 2592//3583 2665//3691 2528//3493
f 4987//7166 4988//7167 4955//7124
f 5415//7830 5373//7760 5450//7882
f 2595//3587 2665//3691 2594//3586
f 3110//4375 3142//4426 3082//4333
f 3322//4688 3301//4656 3320//4685
f 2891//4034 2923//4084 2858//3982
f 5414//7829 5373//7760 5372//7758
f 4023//5722 4002//5692 4037//5742
f 2595//3587 2594//3586 2530//3497
f 5414//7829 5372//7758 5449//7880
f 3300//4655 3320//4685 3301//4656
f 3278//4622 3254//4583 3277//4621
f 4956//7126 4989//7169 4925//7079
f 2595//3587 2528//3493 2665//3691
f 4956//7126 4955//7124 4988//7167
f 4956//7126 4925//7079 4955//7124
f 2892//4035 2893//4037 2860//3985
f 3253//4582 3277//4621 3254//4583
f 2892//4035 2923//4084 2893//4037
f 5338//7697 5226//7525 5336//7694
f 4281//6087 4225//6004 4264//6061
f 6887//9631 3190//4490 3216//4530
f 3385//4788 3366//4759 3489//4946
f 3173//4470 3201//4508 3174//4471
f 2892//4035 2858//3982 2923//4084
f 3214//4526 3216//4530 3190//4490
f 2531//3499 2597//3590 2462//3398
f 3244//4569 3243//4567 3272//4612
f 5414//7829 5450//7882 5373//7760
f 2531//3499 2530//3497 2594//3586
f 2532//3500 2597//3590 2599//3593
f 5413//7828 5449//7880 5372//7758
f 2532//3500 2599//3593 2463//3400
f 2532//3500 2462//3398 2597//3590
f 2534//3503 2463//3400 2599//3593
f 4760//6811 4780//6841 4759//6809
f 2934//4100 2907//4057 2955//4134
f 5445//7873 5410//7824 5446//7874
f 5317//7665 5318//7666 5245//7553
f 3533//5014 3513//4983 3593//5105
f 2933//4099 2906//4055 2932//4098
f 3270//4609 3272//4612 3243//4567
f 6888//9632 6889//9633 6890//9634
f 6891//9635 6893//9637 6892//9636
f 2465//3404 2536//3506 2424//3347
f 5401//7805 5286//7616 5400//7803
f 2846//3961 2806//3906 2877//4011
f 2845//3960 2772//3856 2844//3959
f 4527//6455 4604//6572 4618//6593
f 2594//3585 2665//3690 2756//3832
f 4694//6707 4696//6709 4673//6675
f 2467//3406 2540//3512 2426//3351
f 2859//3984 2893//4037 2825//3931
f 4658//6655 4657//6653 4675//6678
f 2859//3984 2860//3985 2893//4037
f 4641//6630 4640//6629 4659//6656
f 3337//4712 3336//4710 3364//4756
f 4641//6630 4622//6600 4640//6629
f 4623//6601 4624//6602 4606//6574
f 2469//3408 2426//3351 2540//3512
f 4623//6601 4622//6600 4642//6631
f 4623//6601 4606//6574 4622//6600
f 3362//4753 3364//4756 3336//4710
f 4607//6576 4606//6574 4624//6602
f 2862//3989 2893//4037 2864//3992
f 4550//6488 4549//6486 4569//6518
f 2689//3727 2730//3793 2691//3730
f 4528//6456 4527//6454 4551//6489
f 2862//3989 2864//3992 2826//3933
f 4477//6379 4460//6354 4476//6377
f 2827//3935 2867//3996 2782//3870
f 4461//6355 4460//6354 4478//6380
f 2430//3358 2476//3418 2397//3298
f 2828//3936 2867//3996 2830//3939
f 2827//3935 2826//3933 2864//3992
f 2828//3936 2782//3870 2867//3996
f 2431//3359 2397//3298 2476//3418
f 2828//3936 2830//3939 2744//3812
f 5286//7616 5285//7614 5400//7803
f 2434//3362 2482//3427 2484//3430
f 2433//3361 2482//3427 2400//3304
f 4328//6161 4327//6160 4349//6193
f 4455//6345 4439//6323 4436//6318
f 4348//6192 4347//6191 4365//6216
f 3467//4913 3466//4911 3489//4947
f 5444//7872 5446//7874 5410//7824
f 4348//6192 4327//6160 4347//6191
f 4457//6349 4440//6325 4471//6369
f 4440//6325 4439//6323 4455//6345
f 4471//6369 4440//6325 4455//6345
f 2444//3372 2411//3325 2504//3458
f 2434//3362 2484//3430 2401//3306
f 3486//4943 3489//4947 3466//4911
f 4286//6093 4287//6094 4266//6065
f 2434//3362 2400//3304 2482//3427
f 2573//3552 2517//3476 2632//3645
f 2446//3374 2510//3467 2447//3375
f 3530//5010 3528//5006 3529//5009
f 2572//3551 2632//3645 2517//3476
f 5246//7554 5319//7668 5192//7476
f 3553//5046 3552//5044 3555//5049
f 3553//5046 3529//5009 3528//5006
f 3553//5046 3555//5049 3529//5009
f 2436//3364 2488//3436 2403//3310
f 6894//9638 3555//5049 3552//5044
f 2435//3363 2401//3306 2484//3430
f 4226//6006 4225//6005 4248//6035
f 3599//5114 6895//9639 3614//5142
f 5246//7554 5192//7476 5245//7553
f 5246//7554 5245//7553 5318//7666
f 6896//9640 3591//5102 3593//5106
f 4166//5922 4167//5923 4148//5898
f 5247//7555 5320//7670 5193//7478
f 3590//5101 3608//5132 3611//5137
f 3590//5101 3593//5106 3591//5102
f 3590//5101 3611//5137 3593//5106
f 5247//7555 5192//7476 5319//7668
f 3609//5134 3611//5137 3608//5132
f 4149//5899 4148//5898 4167//5923
f 4149//5899 4150//5900 4130//5873
f 4149//5899 4130//5873 4148//5898
f 5247//7555 5193//7478 5192//7476
f 3647//5190 3670//5225 3673//5230
f 4131//5874 4130//5873 4150//5900
f 4113//5849 4114//5850 4092//5818
f 5248//7556 5193//7478 5320//7670
f 3671//5227 3673//5230 3670//5225
f 2784//3873 2786//3876 2704//3752
f 3367//4761 3320//4684 3344//4722
f 4093//5819 4092//5818 4114//5850
f 4061//5775 4043//5749 4041//5747
f 3705//5277 3723//5300 3725//5305
f 4042//5748 4025//5725 4023//5723
f 3983//5665 3965//5641 3963//5639
f 2746//3816 2704//3752 2786//3876
f 4042//5748 4041//5747 4043//5749
f 4818//6910 4797//6875 4814//6903
f 3983//5665 3982//5664 3984//5666
f 3884//5533 3867//5510 3865//5508
f 2747//3817 2705//3754 2788//3879
f 4004//5697 3984//5666 3982//5664
f 3722//5299 3725//5305 3723//5300
f 4024//5724 4023//5723 4025//5725
f 3744//5330 3767//5364 3770//5369
f 4024//5724 4002//5693 4023//5723
f 4004//5697 4002//5693 4005//5698
f 3768//5366 3791//5400 3794//5405
f 4004//5697 3982//5664 4002//5693
f 3983//5665 3963//5639 3982//5664
f 3768//5366 3770//5369 3767//5364
f 3768//5366 3794//5405 3770//5369
f 3792//5402 3812//5431 3814//5435
f 3792//5402 3794//5405 3791//5400
f 3792//5402 3814//5435 3794//5405
f 3964//5640 3944//5612 3942//5610
f 3964//5640 3963//5639 3965//5641
f 3837//5469 3814//5435 3812//5431
f 3964//5640 3942//5610 3963//5639
f 2747//3817 2788//3879 2749//3820
f 3943//5611 3942//5610 3944//5612
f 2747//3817 2749//3820 2706//3756
f 4687//6696 4653//6647 4667//6666
f 3866//5509 3865//5508 3867//5510
f 2707//3758 2706//3756 2749//3820
f 4747//6790 4767//6821 4748//6792
f 2658//3681 2588//3576 2710//3762
f 3619//5148 3635//5172 3637//5174
f 3619//5148 3618//5147 3635//5172
f 3600//5116 3601//5117 3599//5115
f 3600//5116 3618//5147 3620//5149
f 2439//3367 2493//3442 2496//3446
f 3913//5570 3912//5568 3916//5574
f 2439//3367 2496//3446 2407//3317
f 4564//6508 4476//6378 4547//6482
f 3933//5597 3916//5574 3912//5568
f 6897//9641 3599//5115 3601//5117
f 5114//7358 5076//7299 5153//7415
f 3562//5060 3561//5059 3563//5061
f 3435//4863 3434//4862 3454//4892
f 3435//4863 3417//4838 3434//4862
f 3435//4863 3454//4892 3436//4864
f 4957//7127 4925//7079 4989//7169
f 2531//3499 2594//3586 2597//3590
f 2788//3878 2786//3875 6898//9642
f 4904//7044 4873//6997 4928//7084
f 2933//4099 2955//4134 2907//4057
f 4761//6812 4762//6813 4738//6776
f 2933//4099 2932//4098 2955//4134
f 4761//6812 4759//6809 4780//6841
f 2905//4054 2932//4098 2906//4055
f 4761//6812 4738//6776 4759//6809
f 2845//3960 2877//4011 2806//3906
f 5442//7870 5407//7818 5461//7903
f 2845//3960 2844//3959 2877//4011
f 2805//3905 2844//3959 2772//3856
f 2804//3904 2735//3800 2803//3903
f 2770//3853 2734//3798 2800//3899
f 2769//3852 2800//3899 2734//3798
f 2770//3853 2803//3903 2735//3800
f 4066//5781 4082//5801 4068//5784
f 2770//3853 2800//3899 2803//3903
f 2769//3852 2733//3796 2768//3851
f 3557//5052 3533//5014 3593//5105
f 4084//5805 4068//5784 4082//5801
f 2769//3852 2768//3851 2800//3899
f 4102//5832 4121//5859 4105//5836
f 3611//5136 3557//5052 3593//5105
f 2515//3473 2451//3383 2570//3547
f 2731//3794 2691//3730 2730//3793
f 2732//3795 2768//3851 2733//3796
f 4695//6708 4673//6675 4696//6709
f 3814//5434 3748//5338 3794//5404
f 4122//5861 4105//5836 4121//5859
f 5441//7869 5461//7903 5407//7818
f 4658//6655 4640//6629 4657//6653
f 2439//3367 2405//3314 2493//3442
f 4641//6630 4642//6631 4622//6600
f 2440//3368 2407//3317 2496//3446
f 2443//3371 2504//3458 2411//3325
f 4550//6488 4527//6454 4549//6486
f 2638//3654 2576//3556 2684//3721
f 2677//3712 2632//3646 2676//3710
f 4157//5909 4174//5931 4160//5913
f 4427//6306 4428//6307 4403//6272
f 2511//3469 2447//3375 2510//3467
f 4175//5933 4196//5961 4177//5935
f 4175//5933 4160//5913 4174//5931
f 4175//5933 4177//5935 4160//5913
f 2514//3472 2570//3547 2451//3383
f 4197//5963 4177//5935 4196//5961
f 4267//6066 4266//6065 4287//6094
f 4217//5993 4237//6019 4219//5996
f 4247//6034 4248//6035 4225//6005
f 4739//6778 4738//6776 4762//6813
f 5259//7576 5211//7504 5258//7574
f 4663//6662 4650//6643 4662//6660
f 4749//6793 4788//6861 4751//6796
f 4749//6793 4748//6792 4767//6821
f 4749//6793 4751//6796 4748//6792
f 4768//6823 4789//6863 4772//6830
f 4768//6823 4751//6796 4788//6861
f 4238//6021 4219//5996 4237//6019
f 4768//6823 4772//6830 4751//6796
f 4258//6050 4275//6077 4261//6054
f 4791//6866 4772//6830 4789//6863
f 4648//6640 4662//6660 4650//6643
f 4519//6442 4504//6420 4518//6440
f 4276//6079 4261//6054 4275//6077
f 5393//7795 5336//7695 5392//7793
f 6899//9643 4835//6939 4814//6904
f 4711//6736 4687//6697 4709//6733
f 4836//6941 4814//6904 4835//6939
f 4319//6147 4336//6172 4321//6150
f 4579//6534 4559//6501 4578//6532
f 5393//7795 5427//7847 5338//7698
f 5337//7696 5392//7793 5336//7695
f 4337//6174 4321//6150 4336//6172
f 4886//7018 4911//7056 4864//6986
f 4685//6694 4687//6697 4667//6667
f 4887//7019 4911//7056 4891//7025
f 4685//6694 4667//6667 4684//6692
f 4887//7019 4864//6986 4911//7056
f 4887//7019 4891//7025 4864//6986
f 4685//6694 4709//6733 4687//6697
f 5436//7864 5402//7808 5401//7806
f 4912//7058 4891//7025 4911//7056
f 5436//7864 5401//7806 5455//7891
f 4971//7145 5003//7189 4973//7148
f 4683//6691 4684//6692 4667//6667
f 4435//6317 4452//6341 4436//6319
f 6900//9644 4973//7148 5003//7189
f 4453//6343 4468//6365 4455//6346
f 4453//6343 4436//6319 4452//6341
f 4453//6343 4455//6346 4436//6319
f 4469//6367 4484//6388 4471//6370
f 4469//6367 4455//6346 4468//6365
f 4469//6367 4471//6370 4455//6346
f 4485//6390 4471//6370 4484//6388
f 4613//6585 4615//6588 4600//6566
f 4502//6417 4518//6440 4504//6420
f 4598//6563 4612//6583 4600//6566
f 5334//7692 5390//7788 5264//7584
f 5433//7860 5434//7861 5400//7804
f 5212//7505 5211//7504 5169//7443
f 5393//7795 5338//7698 5336//7695
f 5437//7865 5402//7808 5456//7893
f 5212//7505 5169//7443 5257//7572
f 4577//6531 4559//6501 4576//6529
f 4556//6496 4576//6529 4559//6501
f 5399//7802 5344//7708 5431//7855
f 5394//7796 5338//7698 5427//7847
f 5436//7864 5456//7893 5402//7808
f 5435//7863 5401//7806 5400//7804
f 5435//7863 5400//7804 5434//7861
f 4629//6610 4615//6588 4628//6608
f 5435//7863 5455//7891 5401//7806
f 5167//7439 5208//7499 5166//7438
f 5397//7799 5341//7704 5430//7853
f 5209//7501 5256//7570 5168//7441
f 5212//7505 5258//7574 5211//7504
f 4613//6585 4600//6566 4612//6583
f 4577//6531 4578//6532 4559//6501
f 5210//7502 5257//7572 5169//7443
f 5209//7501 5166//7438 5208//7499
f 5397//7799 5344//7708 5341//7704
f 4613//6585 4628//6608 4615//6588
f 5209//7501 5168//7441 5166//7438
f 5397//7799 5431//7855 5344//7708
f 5210//7502 5169//7443 5168//7441
f 5210//7502 5168//7441 5256//7570
f 5396//7798 5430//7853 5341//7704
f 5335//7693 5264//7584 5390//7788
f 1253//1718 1215//1672 1227//1688
f 2940//4108 3019//4244 6963//9717
f 79//141 203//343 160//281
f 6924//9675 111//198 115//207
f 116//209 115//208 111//199
f 116//210 114//204 115//207
f 113//203 115//207 114//204
f 113//203 112//202 115//207
f 6902//9646 112//202 114//204
f 113//203 114//204 112//202
f 6903//9649 5807//8397 5825//8418
f 1938//2648 1936//2644 1968//2690
f 1939//2649 1968//2691 1936//2645
f 1940//2650 1968//2690 1935//2641
f 1939//2649 1935//2642 1968//2691
f 1940//2650 1938//2648 1968//2690
f 83//148 22//39 51//90
f 4961//7132 7035//9791 5523//8002
f 82//146 7//13 110//197
f 4499//6412 4466//6362 4450//6339
f 3399//4811 3463//4907 3442//4873
f 4192//5957 4193//5958 4171//5928
f 3399//4811 3442//4873 3423//4845
f 6904//9651 6906//9653 6905//9652
f 4625//6605 4596//6560 4595//6557
f 4625//6604 4595//6558 4574//6524
f 292//490 6731//9465 263//436
f 107//190 106//188 108//192
f 6947//9699 108//193 106//189
f 1939//2649 1936//2645 1937//2647
f 1938//2648 1937//2646 1936//2644
f 103//183 109//196 106//189
f 103//183 106//189 104//184
f 107//191 104//184 106//189
f 103//183 104//184 109//196
f 6908//9656 109//196 104//184
f 577//835 576//834 6901//9645
f 3080//4330 6946//9697 3019//4244
f 6963//9717 3019//4244 6946//9698
f 577//835 578//836 576//834
f 1939//2649 1937//2647 1935//2642
f 264//441 268//448 176//300
f 211//357 6909//9657 218//369
f 224//379 229//385 6909//9658
f 266//445 190//322 287//479
f 178//303 190//321 185//313
f 6910//9659 229//385 224//379
f 203//344 190//321 266//445
f 185//313 190//321 199//339
f 199//339 190//321 203//344
f 5850//8455 5777//8348 5835//8432
f 577//835 6901//9645 578//836
f 6903//9648 6913//9664 5838//8436
f 1226//1687 1227//1688 1215//1672
f 1226//1687 1215//1672 6950//9703
f 87//154 57//101 6907//9654
f 218//368 249//411 6840//9582
f 147//257 10//23 4//7
f 1941//2652 1938//2648 1940//2650
f 1941//2652 1942//2654 1938//2648
f 1334//1829 1323//1814 1333//1827
f 6840//9582 249//411 244//405
f 1456//2013 1443//1990 1455//2011
f 1405//1933 1395//1920 1415//1949
f 1699//2343 1675//2313 1698//2341
f 1481//2048 1471//2034 1488//2056
f 1529//2123 1518//2105 1528//2121
f 1552//2155 1543//2141 1551//2153
f 2069//2825 2034//2779 2067//2822
f 1621//2245 1603//2223 7234//10031
f 1930//2634 1899//2591 1929//2631
f 1809//2473 1785//2442 1861//2534
f 4855//6972 4811//6898 4766//6820
f 4855//6972 4810//6897 4811//6898
f 97//173 6912//9663 99//176
f 3419//4841 3397//4807 3354//4739
f 4678//6685 4646//6637 4626//6606
f 98//174 97//173 99//176
f 98//174 100//179 97//173
f 6914//9665 6916//9667 6915//9666
f 6917//9668 100//179 99//176
f 98//175 99//177 100//180
f 6918//9669 6920//9671 6919//9670
f 51//90 22//39 38//63
f 2095//2859 2096//2860 2097//2862
f 2130//2911 2097//2862 2098//2863
f 2095//2859 2157//2954 2126//2905
f 2157//2954 2154//2949 2155//2951
f 2298//3162 2197//3003 2198//3005
f 1226//1687 6950//9703 1227//1688
f 2298//3162 2350//3236 2275//3124
f 2350//3236 2391//3289 2317//3190
f 6910//9659 224//379 6909//9658
f 211//357 148//259 63//111
f 1509//2094 1501//2081 1518//2105
f 6921//9672 6923//9674 6922//9673
f 2092//2856 2067//2822 2090//2852
f 38//63 7//13 42//72
f 1941//2653 1940//2651 1942//2655
f 5625//8128 5622//8125 5629//8134
f 5625//8128 6926//9677 5622//8125
f 4010//5704 6927//9678 3988//5672
f 4010//5704 3988//5672 4047//5755
f 5501//7966 5502//7968 6928//9679
f 5634//8141 5636//8145 6929//9680
f 3784//5391 6930//9681 3761//5357
f 5634//8141 5629//8134 5636//8145
f 3784//5391 3761//5357 3827//5454
f 3570//5072 6931//9682 3547//5036
f 5501//7966 5495//7955 5502//7968
f 5154//7418 5117//7363 5251//7561
f 5154//7418 6932//9683 5117//7363
f 5752//8306 6933//9684 5754//8309
f 5752//8306 5754//8309 5740//8287
f 3570//5072 3547//5036 3604//5124
f 5797//8382 5825//8419 5807//8397
f 5797//8382 5807//8397 5785//8357
f 5154//7419 5251//7562 6934//9685
f 5501//7967 6935//9686 5495//7956
f 5797//8383 5785//8358 5825//8420
f 5634//8142 6937//9688 5629//8135
f 3784//5392 3827//5455 6939//9690
f 3570//5073 3604//5125 6940//9691
f 5625//8129 5629//8135 6942//9693
f 4010//5705 4047//5756 6943//9694
f 5752//8307 5740//8288 6944//9695
f 3080//4330 2989//4193 6946//9697
f 1940//2650 1935//2641 1942//2654
f 283//472 298//499 273//456
f 4743//6784 4707//6730 4679//6686
f 4743//6784 4679//6686 4660//6658
f 82//147 42//73 7//13
f 5785//8357 5722//8258 5825//8418
f 6949//9701 3664//5216 3604//5125
f 3604//5126 3664//5216 6948//9700
f 6948//9700 5722//8258 5785//8359
f 5825//8418 5722//8258 7042//9799
f 6951//9704 6953//9706 6952//9705
f 5508//7977 5503//7969 5507//7976
f 2885//4021 2854//3973 6963//9717
f 116//210 111//198 114//204
f 2941//4109 2942//4111 6963//9717
f 2942//4111 2885//4021 6963//9717
f 3080//4330 3052//4286 2989//4193
f 3052//4287 6963//9717 2989//4194
f 107//191 108//193 104//184
f 6909//9657 235//393 218//369
f 3052//4288 2941//4110 6963//9718
f 3664//5216 5722//8258 6948//9700
f 2095//2859 2128//2908 2096//2860
f 2097//2862 2096//2860 2098//2863
f 2130//2911 2098//2863 2100//2866
f 2157//2954 2155//2951 2126//2905
f 2313//3185 2385//3282 2415//3333
f 2313//3185 2312//3183 2385//3282
f 2313//3185 2288//3146 2312//3183
f 2298//3162 2222//3041 2197//3003
f 2298//3162 2275//3124 2238//3064
f 2350//3236 2297//3160 2275//3124
f 3051//4284 3137//4418 3107//4371
f 3051//4284 3136//4417 3137//4418
f 2854//3974 2584//3571 6963//9719
f 6955//9708 6957//9710 6956//9709
f 3374//4771 3419//4841 3354//4739
f 2942//4111 2914//4067 2885//4021
f 190//323 292//491 367//580
f 3052//4286 2942//4111 2941//4109
f 5659//8179 5531//8011 5658//8178
f 5531//8011 6959//9712 5658//8178
f 6958//9711 5531//8011 5659//8179
f 211//357 235//393 6909//9657
f 2095//2859 2126//2905 2128//2908
f 2298//3162 2238//3064 2222//3041
f 2350//3236 2317//3190 2297//3160
f 3052//4286 3053//4289 2942//4112
f 3053//4289 2990//4195 2942//4112
f 2990//4196 2914//4068 2942//4113
f 3353//4737 3374//4771 3354//4739
f 6960//9713 6961//9714 6962//9715
f 2584//3571 7044//9802 6963//9719
f 5722//8259 7043//9801 7042//9800
f 6964//9720 6966//9722 6965//9721
f 5843//8441 7042//9800 7043//9801
f 5850//8455 7030//9786 5865//8474
f 5850//8455 5865//8474 5869//8479
f 5515//7989 5507//7975 6925//9676
f 2914//4067 2915//4069 2885//4021
f 5524//8004 5515//7989 6925//9676
f 5524//8004 6925//9676 6958//9711
f 4787//6859 4745//6787 4726//6758
f 6967//9723 6969//9725 6968//9724
f 5537//8017 5524//8004 6958//9711
f 2990//4195 2915//4070 2914//4067
f 5537//8017 6958//9711 5532//8012
f 5532//8012 6958//9711 5659//8179
f 3396//4804 3374//4771 3418//4840
f 3353//4737 3418//4840 3374//4771
f 3419//4841 3374//4771 3375//4773
f 3396//4805 3375//4774 3374//4772
f 5648//8161 5628//8133 5716//8249
f 5648//8161 5523//8002 5628//8133
f 2885//4021 2886//4023 2854//3973
f 2991//4197 2967//4155 2915//4070
f 2967//4156 2885//4021 2915//4071
f 2990//4195 2991//4197 2915//4070
f 6970//9726 90//161 47//82
f 2967//4157 2886//4024 2885//4022
f 90//162 6971//9727 47//83
f 5485//7941 5426//7846 5425//7845
f 5485//7941 5453//7888 5426//7846
f 3419//4841 3375//4773 3438//4867
f 2967//4155 2943//4114 2886//4025
f 2943//4115 2854//3973 2886//4026
f 38//63 22//40 7//13
f 2943//4116 2855//3977 2854//3975
f 3664//5217 5498//7962 5722//8259
f 2854//3976 2740//3807 2584//3572
f 2943//4114 2916//4072 2855//3978
f 2916//4073 2854//3974 2855//3979
f 3664//5217 6949//9702 5498//7962
f 2585//3573 2584//3572 2740//3807
f 2651//3671 2585//3573 2740//3807
f 2916//4074 2778//3864 2854//3975
f 5533//8013 5532//8012 5667//8189
f 5667//8189 5532//8012 5659//8179
f 5537//8017 5532//8012 5533//8013
f 2822//3927 2823//3928 2700//3746
f 2653//3674 2702//3749 2459//3394
f 2701//3748 2524//3487 2652//3672
f 2701//3748 2652//3672 2779//3867
f 6973//9729 6975//9731 6974//9730
f 2701//3748 2743//3811 2524//3487
f 2742//3810 2652//3672 2700//3746
f 2742//3810 2700//3746 2823//3928
f 2742//3810 2779//3867 2652//3672
f 2822//3927 2700//3746 2741//3808
f 2822//3927 2741//3808 2887//4027
f 2653//3674 2459//3394 2524//3487
f 2856//3980 2778//3865 2916//4072
f 2586//3574 2459//3394 2702//3749
f 2856//3980 2887//4027 2741//3808
f 2586//3574 2421//3343 2459//3394
f 1147//1580 1158//1594 1160//1596
f 2653//3674 2524//3487 2743//3811
f 2856//3980 2741//3808 2778//3865
f 2525//3489 2587//3575 2393//3292
f 2525//3489 2421//3343 2654//3675
f 1159//1595 1158//1594 1171//1609
f 1159//1595 1171//1609 1172//1610
f 1734//2385 1833//2500 1656//2293
f 2525//3489 2393//3292 2421//3343
f 2460//3396 2526//3490 2380//3275
f 1734//2385 1655//2292 1831//2498
f 1734//2385 1656//2293 1655//2292
f 2460//3396 2393//3292 2587//3575
f 2460//3396 2380//3275 2393//3292
f 1735//2386 1835//2502 1658//2295
f 1735//2386 1656//2293 1833//2500
f 1735//2386 1657//2294 1656//2293
f 1735//2386 1658//2295 1657//2294
f 1765//2420 1836//2503 1659//2296
f 1765//2420 1658//2295 1835//2502
f 1765//2420 1659//2296 1658//2295
f 1737//2388 1838//2505 1660//2297
f 1737//2388 1659//2296 1836//2503
f 1737//2388 1660//2297 1659//2296
f 1739//2390 1839//2506 1662//2299
f 1739//2390 1660//2297 1838//2505
f 1159//1595 1160//1596 1158//1594
f 1739//2390 1662//2299 1661//2298
f 1741//2392 1840//2507 1663//2300
f 1741//2392 1662//2299 1839//2506
f 2422//3345 2461//3397 2352//3238
f 5872//8485 5871//8482 5874//8489
f 2422//3345 2380//3275 2526//3490
f 2422//3345 2352//3238 2380//3275
f 2394//3294 2423//3346 2335//3216
f 2394//3294 2352//3238 2461//3397
f 2394//3294 2335//3216 2352//3238
f 2362//3250 2395//3295 2318//3192
f 2362//3250 2335//3216 2423//3346
f 5872//8486 5873//8487 5871//8483
f 1739//2390 1661//2298 1660//2297
f 2363//3251 2381//3277 2301//3166
f 2363//3251 2318//3192 2395//3295
f 2363//3251 2301//3166 2318//3192
f 2336//3218 2364//3252 2276//3126
f 1741//2392 1663//2300 1662//2299
f 1742//2393 1841//2508 1665//2302
f 2336//3218 2301//3166 2381//3277
f 1742//2393 1663//2300 1840//2507
f 1742//2393 1664//2301 1663//2300
f 2336//3218 2276//3126 2301//3166
f 2337//3219 2353//3240 2259//3096
f 2337//3219 2276//3126 2364//3252
f 1742//2393 1665//2302 1664//2301
f 1743//2394 1843//2510 1666//2303
f 1743//2394 1665//2302 1841//2508
f 1743//2394 1666//2303 1665//2302
f 1768//2423 1844//2511 1667//2304
f 1768//2423 1666//2303 1843//2510
f 1768//2423 1667//2304 1666//2303
f 1744//2395 1845//2512 1668//2305
f 1744//2395 1667//2304 1844//2511
f 2337//3219 2259//3096 2276//3126
f 6976//9732 6977//9733 6978//9734
f 1744//2395 1668//2305 1667//2304
f 1770//2425 1882//2563 1686//2326
f 1770//2425 1668//2305 1845//2512
f 2362//3250 2318//3192 2335//3216
f 2302//3168 2338//3220 2241//3070
f 2302//3168 2259//3096 2353//3240
f 2302//3168 2241//3070 2259//3096
f 2303//3170 2319//3194 2225//3045
f 2303//3170 2241//3070 2338//3220
f 2303//3170 2225//3045 2241//3070
f 1770//2425 1686//2326 1668//2305
f 5789//8370 6979//9735 5805//8395
f 6980//9736 1804//2466 1802//2464
f 1771//2426 1884//2566 1687//2327
f 1771//2426 1686//2326 1882//2563
f 5789//8370 5805//8395 5791//8372
f 1803//2465 1802//2464 1804//2466
f 1803//2465 1778//2434 1802//2464
f 1803//2465 1805//2468 1778//2434
f 1779//2435 1778//2434 1805//2468
f 1779//2435 1747//2398 1778//2434
f 1771//2426 1687//2327 1686//2326
f 1772//2428 1885//2568 1688//2328
f 1772//2428 1687//2327 1884//2566
f 1772//2428 1688//2328 1687//2327
f 2277//3128 2304//3171 2203//3012
f 2277//3128 2225//3045 2319//3194
f 2277//3128 2203//3012 2225//3045
f 1773//2429 1886//2569 1690//2330
f 1779//2435 1780//2436 1747//2398
f 2260//3098 2278//3129 2183//2985
f 2260//3098 2203//3012 2304//3171
f 1773//2429 1688//2328 1885//2568
f 1773//2429 1689//2329 1688//2328
f 1773//2429 1690//2330 1689//2329
f 5790//8371 5805//8395 6981//9737
f 5790//8371 5791//8372 5805//8395
f 1748//2399 1747//2398 1780//2436
f 1748//2399 1710//2355 1747//2398
f 1748//2399 1749//2400 1710//2355
f 1711//2356 1710//2355 1749//2400
f 1846//2513 1914//2608 1707//2352
f 1846//2513 1690//2330 1886//2569
f 1846//2513 1707//2352 1690//2330
f 2260//3098 2183//2985 2203//3012
f 2242//3072 2261//3099 2161//2958
f 1711//2356 1712//2357 1710//2355
f 1711//2356 1714//2359 1712//2357
f 1713//2358 1712//2357 1714//2359
f 1713//2358 1691//2331 1712//2357
f 1713//2358 1692//2332 1691//2331
f 1713//2358 1715//2361 1692//2332
f 1693//2333 1692//2332 1715//2361
f 1693//2333 1669//2306 1692//2332
f 1693//2333 1694//2334 1669//2306
f 1670//2307 1669//2306 1694//2334
f 1670//2307 1642//2277 1669//2306
f 1670//2307 1671//2308 1642//2277
f 2242//3072 2183//2985 2278//3129
f 2242//3072 2161//2958 2183//2985
f 1644//2279 1642//2277 1671//2308
f 1644//2279 1643//2278 1642//2277
f 1644//2279 1645//2280 1643//2278
f 1633//2263 1643//2278 1645//2280
f 1633//2263 1632//2262 1643//2278
f 2226//3047 2243//3074 2131//2912
f 2226//3047 2161//2958 2261//3099
f 1633//2263 1635//2265 1632//2262
f 1634//2264 1632//2262 1635//2265
f 1634//2264 1624//2250 1632//2262
f 1634//2264 1626//2252 1624//2250
f 1625//2251 1624//2250 1626//2252
f 1625//2251 1616//2239 1624//2250
f 2226//3047 2131//2912 2161//2958
f 1617//2240 1616//2239 1627//2254
f 1617//2240 1609//2231 1616//2239
f 2204//3014 2245//3078 2132//2914
f 2204//3014 2131//2912 2243//3074
f 1617//2240 1618//2241 1609//2231
f 1610//2232 1609//2231 1618//2241
f 1610//2232 1597//2215 1609//2231
f 1610//2232 1611//2233 1597//2215
f 1598//2216 1597//2215 1611//2233
f 1598//2216 1590//2206 1597//2215
f 1598//2216 1599//2217 1590//2206
f 1591//2207 1590//2206 1599//2217
f 1591//2207 1583//2197 1590//2206
f 1591//2207 1592//2208 1583//2197
f 1584//2198 1583//2197 1592//2208
f 2204//3014 2132//2914 2131//2912
f 2205//3015 2227//3048 2102//2871
f 2205//3015 2132//2914 2245//3078
f 1799//2460 1915//2609 1708//2353
f 2205//3015 2102//2871 2132//2914
f 1584//2198 1573//2184 1583//2197
f 1584//2198 1585//2199 1573//2184
f 1575//2186 1573//2184 1585//2199
f 1575//2186 1574//2185 1573//2184
f 1575//2186 1562//2169 1574//2185
f 2162//2960 2206//3016 2073//2831
f 2162//2960 2102//2871 2227//3048
f 1575//2186 1576//2187 1562//2169
f 2162//2960 2073//2831 2102//2871
f 1799//2460 1707//2352 1914//2608
f 5806//8396 6984//9740 6983//9739
f 1799//2460 1708//2353 1707//2352
f 1848//2515 1917//2611 1709//2354
f 2163//2961 2184//2987 2039//2786
f 2163//2961 2073//2831 2206//3016
f 1563//2170 1562//2169 1576//2187
f 1563//2170 1553//2156 1562//2169
f 1563//2170 1564//2171 1553//2156
f 2586//3574 2654//3675 2421//3343
f 1554//2157 1553//2156 1564//2171
f 1554//2157 1545//2145 1553//2156
f 1554//2157 1555//2158 1545//2145
f 1546//2146 1545//2145 1555//2158
f 1546//2146 1547//2147 1545//2145
f 5806//8396 6985//9741 6986//9742
f 1538//2135 1545//2145 1547//2147
f 1538//2135 1532//2127 1545//2145
f 1538//2135 1539//2136 1532//2127
f 1533//2128 1532//2127 1539//2136
f 2163//2961 2039//2786 2073//2831
f 2133//2916 2185//2989 1994//2730
f 2133//2916 2039//2786 2184//2987
f 2133//2916 1994//2730 2039//2786
f 1848//2515 1708//2353 1915//2609
f 2103//2873 2164//2962 1995//2732
f 1848//2515 1709//2354 1708//2353
f 2103//2873 1994//2730 2185//2989
f 1533//2128 1521//2112 1532//2127
f 1850//2517 1954//2669 1745//2396
f 1533//2128 1534//2129 1521//2112
f 1522//2113 1521//2112 1534//2129
f 1522//2113 1512//2097 1521//2112
f 1522//2113 1523//2114 1512//2097
f 1513//2098 1512//2097 1523//2114
f 1513//2098 1505//2088 1512//2097
f 1513//2098 1514//2099 1505//2088
f 1506//2089 1505//2088 1514//2099
f 1506//2089 1495//2073 1505//2088
f 1506//2089 1507//2090 1495//2073
f 1496//2074 1495//2073 1507//2090
f 1496//2074 1485//2052 1495//2073
f 1496//2074 1497//2075 1485//2052
f 2103//2873 1995//2732 1994//2730
f 2074//2833 2134//2918 1967//2688
f 2074//2833 1995//2732 2164//2962
f 1486//2053 1485//2052 1497//2075
f 1486//2053 1476//2041 1485//2052
f 1486//2053 1487//2054 1476//2041
f 1477//2042 1476//2041 1487//2054
f 1477//2042 1465//2027 1476//2041
f 1477//2042 1467//2029 1465//2027
f 1466//2028 1465//2027 1467//2029
f 1466//2028 1459//2018 1465//2027
f 1466//2028 1461//2020 1459//2018
f 1460//2019 1459//2018 1461//2020
f 1460//2019 1448//2000 1459//2018
f 1460//2019 1450//2002 1448//2000
f 1449//2001 1448//2000 1450//2002
f 1449//2001 1440//1986 1448//2000
f 2074//2833 1967//2688 1995//2732
f 2075//2834 2136//2920 1942//2654
f 2075//2834 1967//2688 2134//2918
f 1850//2517 1709//2354 1917//2611
f 1850//2517 1745//2396 1709//2354
f 1851//2518 1956//2671 1746//2397
f 1851//2518 1745//2396 1954//2669
f 5810//8401 6988//9744 6987//9743
f 5810//8401 6989//9745 6990//9746
f 2075//2834 1942//2654 1967//2688
f 1449//2001 1441//1987 1440//1986
f 1428//1970 1440//1986 1441//1987
f 2040//2788 2105//2875 1903//2597
f 1851//2518 1746//2397 1745//2396
f 2040//2788 1942//2654 2136//2920
f 1428//1970 1427//1969 1440//1986
f 1428//1970 1429//1971 1427//1969
f 6991//9747 6992//9748 6993//9749
f 1852//2519 1977//2703 1775//2431
f 1421//1959 1427//1969 1429//1971
f 1421//1959 1420//1958 1427//1969
f 1852//2519 1746//2397 1956//2671
f 1421//1959 1422//1960 1420//1958
f 1410//1941 1420//1958 1422//1960
f 1410//1941 1399//1926 1420//1958
f 1410//1941 1412//1943 1399//1926
f 1852//2519 1774//2430 1746//2397
f 1852//2519 1775//2431 1774//2430
f 2040//2788 1903//2597 1942//2654
f 1918//2612 1978//2704 1776//2432
f 1996//2734 2076//2835 1905//2599
f 1400//1927 1399//1926 1412//1943
f 1400//1927 1391//1915 1399//1926
f 1400//1927 1401//1928 1391//1915
f 1392//1916 1391//1915 1401//1928
f 1392//1916 1386//1907 1391//1915
f 1392//1916 1388//1909 1386//1907
f 1387//1908 1386//1907 1388//1909
f 1387//1908 1377//1892 1386//1907
f 1387//1908 1378//1893 1377//1892
f 1918//2612 1775//2431 1977//2703
f 1996//2734 1903//2597 2105//2875
f 1918//2612 1776//2432 1775//2431
f 1855//2524 1800//2461 1890//2575
f 1855//2524 6994//9750 1800//2461
f 1855//2524 1801//2462 6995//9751
f 1996//2734 1904//2598 1903//2597
f 6996//9752 6998//9754 6997//9753
f 1147//1580 1146//1579 1158//1594
f 1147//1580 1148//1581 1146//1579
f 1136//1567 1146//1579 1148//1581
f 1996//2734 1905//2599 1904//2598
f 1998//2736 2077//2836 1865//2541
f 1998//2736 1905//2599 2076//2835
f 1998//2736 1865//2541 1905//2599
f 1971//2694 2042//2790 1815//2482
f 1971//2694 1865//2541 2077//2836
f 1971//2694 1815//2482 1865//2541
f 1945//2659 2044//2792 1817//2484
f 1945//2659 1815//2482 2042//2790
f 6999//9755 5874//8489 5871//8482
f 1945//2659 1816//2483 1815//2482
f 1945//2659 1817//2484 1816//2483
f 1946//2660 2001//2739 1792//2453
f 1946//2660 1817//2484 2044//2792
f 7000//9756 5871//8482 5858//8465
f 1946//2660 1792//2453 1817//2484
f 1367//1876 1377//1892 1378//1893
f 1367//1876 1365//1874 1377//1892
f 1367//1876 1366//1875 1365//1874
f 1367//1876 1368//1877 1366//1875
f 1357//1857 1366//1875 1368//1877
f 1357//1857 1356//1856 1366//1875
f 1357//1857 1358//1858 1356//1856
f 1346//1842 1356//1856 1358//1858
f 1346//1842 1337//1832 1356//1856
f 1346//1842 1347//1843 1337//1832
f 1906//2600 2003//2742 1793//2454
f 1906//2600 1792//2453 2001//2739
f 1338//1833 1337//1832 1347//1843
f 1906//2600 6185//8833 1792//2453
f 1338//1833 1327//1820 1337//1832
f 1338//1833 1329//1822 1327//1820
f 1328//1821 1327//1820 1329//1822
f 1328//1821 1317//1806 1327//1820
f 1328//1821 1318//1807 1317//1806
f 1311//1796 1317//1806 1318//1807
f 1311//1796 1310//1795 1317//1806
f 1311//1796 1312//1797 1310//1795
f 1300//1781 1310//1795 1312//1797
f 1300//1781 1299//1780 1310//1795
f 1300//1781 1301//1782 1299//1780
f 1293//1773 1299//1780 1301//1782
f 1293//1773 1285//1762 1299//1780
f 1293//1773 1287//1764 1285//1762
f 1286//1763 1285//1762 1287//1764
f 1286//1763 1278//1753 1285//1762
f 1286//1763 1280//1755 1278//1753
f 1279//1754 1278//1753 1280//1755
f 1279//1754 1270//1742 1278//1753
f 1279//1754 1271//1743 1270//1742
f 1906//2600 1793//2454 6185//8833
f 1866//2542 1972//2695 1754//2409
f 1866//2542 1793//2454 2003//2742
f 1866//2542 1754//2409 1793//2454
f 1907//2601 1973//2696 1755//2410
f 1907//2601 1754//2409 1972//2695
f 1907//2601 1755//2410 1754//2409
f 1818//2485 1948//2662 1725//2376
f 1818//2485 1755//2410 1973//2696
f 1818//2485 1725//2376 1755//2410
f 1819//2486 1949//2663 1727//2378
f 1819//2486 1725//2376 1948//2662
f 1819//2486 1726//2377 1725//2376
f 1819//2486 1727//2378 1726//2377
f 1821//2488 1908//2602 1703//2348
f 1821//2488 1727//2378 1949//2663
f 1821//2488 1703//2348 1727//2378
f 1822//2489 1909//2603 1705//2350
f 1822//2489 1703//2348 1908//2602
f 1822//2489 1704//2349 1703//2348
f 1822//2489 1705//2350 1704//2349
f 1794//2455 1911//2605 1706//2351
f 1794//2455 1705//2350 1909//2603
f 1794//2455 1706//2351 1705//2350
f 1824//2491 1869//2546 1681//2321
f 1824//2491 1706//2351 1911//2605
f 1824//2491 1681//2321 1706//2351
f 1756//2411 1871//2548 1682//2322
f 1756//2411 1681//2321 1869//2546
f 1756//2411 1682//2322 1681//2321
f 1757//2412 1873//2552 1684//2324
f 1757//2412 1682//2322 1871//2548
f 1757//2412 1683//2323 1682//2322
f 1262//1730 1270//1742 1271//1743
f 1262//1730 1261//1729 1270//1742
f 1262//1730 1263//1731 1261//1729
f 1254//1720 1261//1729 1263//1731
f 1254//1720 1247//1711 1261//1729
f 1254//1720 1255//1721 1247//1711
f 1757//2412 1684//2324 1683//2323
f 1248//1712 1247//1711 1255//1721
f 1759//2414 1874//2553 1685//2325
f 1759//2414 1684//2324 1873//2552
f 1759//2414 1685//2325 1684//2324
f 1760//2415 1825//2492 1649//2286
f 1760//2415 1685//2325 1874//2553
f 1248//1712 1238//1700 1247//1711
f 1760//2415 1649//2286 1685//2325
f 1728//2379 1826//2493 1651//2288
f 1728//2379 1649//2286 1825//2492
f 1248//1712 1240//1702 1238//1700
f 1728//2379 1650//2287 1649//2286
f 1728//2379 1651//2288 1650//2287
f 1239//1701 1238//1700 1240//1702
f 1762//2417 1827//2494 1652//2289
f 1762//2417 1651//2288 1826//2493
f 1762//2417 1652//2289 1651//2288
f 1239//1701 1228//1689 1238//1700
f 1239//1701 1229//1690 1228//1689
f 1730//2381 1828//2495 1653//2290
f 1730//2381 1652//2289 1827//2494
f 1730//2381 1653//2290 1652//2289
f 1731//2382 1830//2497 1654//2291
f 1731//2382 1653//2290 1828//2495
f 1731//2382 1654//2291 1653//2290
f 1733//2384 1831//2498 1655//2292
f 1217//1674 1228//1689 1229//1690
f 1625//2251 1627//2254 1616//2239
f 1733//2384 1655//2292 1654//2291
f 3105//4368 7035//9791 7036//9793
f 5809//8400 5803//8393 7001//9757
f 5809//8400 5808//8398 5803//8393
f 7002//9758 7004//9760 7003//9759
f 1136//1567 1126//1556 1146//1579
f 1136//1567 1128//1558 1126//1556
f 1127//1557 1126//1556 1128//1558
f 7005//9761 7007//9763 7006//9762
f 5802//8391 5803//8393 5808//8398
f 5802//8391 7008//9764 5803//8393
f 5802//8392 5808//8399 7009//9765
f 7010//9766 7011//9767 7012//9768
f 7013//9769 7015//9771 7014//9770
f 5795//8379 5788//8368 7016//9772
f 5795//8380 7017//9773 5788//8369
f 5852//8458 5853//8459 7018//9774
f 5852//8458 5849//8453 5853//8459
f 5851//8456 5853//8460 5849//8454
f 5851//8457 7019//9775 5853//8459
f 7020//9776 5858//8465 5871//8482
f 1127//1557 1119//1547 1126//1556
f 1127//1557 1120//1548 1119//1547
f 1107//1529 1119//1547 1120//1548
f 1107//1529 1106//1528 1119//1547
f 5829//8425 5814//8405 5836//8433
f 1107//1529 1108//1530 1106//1528
f 1097//1515 1106//1528 1108//1530
f 5829//8425 5836//8433 7021//9777
f 5827//8422 7022//9778 5836//8433
f 5827//8422 5836//8433 5814//8405
f 1097//1515 1096//1514 1106//1528
f 2222//3042 2155//2952 2197//3004
f 5826//8421 5836//8433 7023//9779
f 1733//2384 1654//2291 1830//2497
f 5826//8421 7024//9780 5836//8433
f 1217//1674 1216//1673 1228//1689
f 1217//1674 1218//1675 1216//1673
f 1203//1651 1216//1673 1218//1675
f 1203//1651 1202//1650 1216//1673
f 1203//1651 1204//1652 1202//1650
f 7025//9781 7026//9782 7027//9783
f 761//1063 1059//1468 1061//1470
f 1192//1635 1202//1650 1204//1652
f 1192//1635 1180//1621 1202//1650
f 761//1063 7028//9784 1059//1468
f 1192//1635 1182//1623 1180//1621
f 1181//1622 1180//1621 1182//1623
f 1181//1622 1171//1609 1180//1621
f 5781//8352 7029//9785 5774//8342
f 5666//8187 5664//8185 5663//8184
f 5876//8492 7351//10161 5869//8479
f 5794//8378 5788//8368 7031//9787
f 5794//8378 7032//9788 5788//8368
f 1097//1515 1098//1516 1096//1514
f 1090//1508 1096//1514 1098//1516
f 1090//1508 1089//1507 1096//1514
f 5865//8475 7034//9790 5871//8484
f 5865//8475 5871//8484 5869//8480
f 7035//9791 3262//4595 3210//4521
f 5523//8003 7035//9792 3105//4369
f 5782//8353 5774//8342 7037//9794
f 2197//3004 2154//2950 2198//3006
f 2155//2952 2154//2950 2197//3004
f 5796//8381 5835//8432 5777//8348
f 2126//2906 2155//2952 2222//3042
f 5796//8381 5777//8348 5716//8249
f 5796//8381 5716//8249 5628//8133
f 1181//1622 1172//1610 1171//1609
f 2238//3065 2126//2906 2222//3042
f 1090//1508 1081//1496 1089//1507
f 5628//8133 5523//8002 5613//8112
f 1090//1508 1083//1498 1081//1496
f 2128//2909 2126//2906 2238//3065
f 2275//3125 2128//2909 2238//3065
f 2096//2861 2128//2909 2275//3125
f 7038//9795 7039//9796 7040//9797
f 1082//1497 1081//1496 1083//1498
f 5869//8479 5871//8482 5873//8488
f 1082//1497 1070//1482 1081//1496
f 1082//1497 1071//1483 1070//1482
f 2297//3161 2096//2861 2275//3125
f 2098//2864 2096//2861 2297//3161
f 2317//3191 2098//2864 2297//3161
f 2100//2867 2098//2864 2317//3191
f 1890//2575 1800//2461 1777//2433
f 1890//2575 1777//2433 1776//2432
f 1891//2577 1890//2575 1776//2432
f 1978//2704 1891//2577 1776//2432
f 5692//8219 5693//8220 5663//8184
f 5692//8219 5663//8184 7041//9798
f 5679//8203 5678//8202 5663//8184
f 2391//3290 2100//2867 2317//3191
f 2419//3338 2100//2867 2391//3290
f 7351//10161 5888//8513 5869//8479
f 1060//1469 1070//1482 1071//1483
f 1060//1469 1059//1468 1070//1482
f 1060//1469 1061//1470 1059//1468
f 5679//8203 5663//8184 5693//8220
f 1942//2656 1935//2643 1967//2689
f 2318//3193 2301//3167 2585//3573
f 5666//8187 5663//8184 5678//8202
f 2349//3235 2125//2904 6972//9728
f 2125//2904 7036//9793 6972//9728
f 2276//3127 2259//3097 2585//3573
f 1993//2729 1934//2639 6972//9728
f 1995//2733 2100//2867 1994//2731
f 2259//3097 2241//3071 2585//3573
f 1994//2731 2100//2867 2039//2787
f 2039//2787 2100//2867 2073//2832
f 7042//9800 5843//8442 5880//8499
f 5843//8441 7043//9801 5880//8500
f 5880//8499 7043//9801 5722//8259
f 2778//3866 2741//3809 2854//3976
f 2741//3809 2700//3747 2854//3976
f 2854//3976 2700//3747 2740//3807
f 2700//3747 2652//3673 2740//3807
f 2652//3673 2524//3488 2740//3807
f 2524//3488 2459//3395 2740//3807
f 2459//3395 2421//3344 2740//3807
f 2421//3344 2393//3293 2740//3807
f 2740//3807 2393//3293 2651//3671
f 2393//3293 2380//3276 2651//3671
f 2380//3276 2352//3239 2651//3671
f 2352//3239 2335//3217 2651//3671
f 2651//3671 2335//3217 2585//3573
f 2335//3217 2318//3193 2585//3573
f 1935//2643 2100//2867 1967//2689
f 2301//3167 2276//3127 2585//3573
f 1967//2689 2100//2867 1995//2733
f 2241//3071 2225//3046 2585//3573
f 2913//4065 2100//2868 2419//3339
f 2225//3046 2203//3013 2585//3573
f 2073//2832 2100//2867 2102//2872
f 2203//3013 2183//2986 2585//3573
f 2102//2872 2100//2867 2132//2915
f 2183//2986 2161//2959 2585//3573
f 2132//2915 2100//2867 2131//2913
f 2161//2959 2131//2913 2585//3573
f 2131//2913 2100//2867 7044//9803
f 2131//2913 7044//9803 2584//3572
f 2131//2913 2584//3572 2585//3573
f 5498//7961 2913//4065 2419//3339
f 6677//9403 2100//2869 2913//4066
f 5851//8457 5849//8453 7045//9804
f 1589//2205 1580//2192 1588//2203
f 1604//2225 1596//2213 1603//2223
f 1718//2365 1698//2341 1751//2403
f 1900//2593 1861//2534 1899//2591
f 1676//2315 7046//9805 1675//2313
f 1433//1976 1425//1965 1443//1990
f 1489//2058 1488//2056 1501//2081
f 1537//2134 1528//2121 1536//2132
f 1416//1952 1415//1949 1425//1965
f 1589//2205 1588//2203 1596//2213
f 1579//2191 1567//2175 1580//2192
f 1537//2134 1536//2132 1543//2141
f 1558//2162 1559//2163 1567//2175
f 1962//2681 1929//2631 1961//2680
f 1558//2162 1551//2153 1559//2163
f 2312//3183 2288//3146 2217//3033
f 22//39 147//257 4//7
f 7048//9808 94//168 7047//9806
f 7047//9807 94//169 66//118
f 5872//8485 5874//8489 5873//8488
f 94//168 7048//9808 66//119
f 7049//9812 76//134 80//143
f 2385//3282 2312//3183 2372//3265
f 2372//3266 2312//3184 2371//3262
f 5668//8190 5533//8013 5667//8189
f 5534//8014 5533//8013 5668//8190
f 244//405 249//411 250//412
f 3829//5457 3854//5491 3830//5458
f 3829//5457 3872//5516 3854//5491
f 3871//5515 3889//5539 3872//5516
f 3764//5360 3810//5429 3788//5397
f 3643//5183 7396//10216 3666//5219
f 3588//5099 3623//5153 3606//5129
f 3909//5565 3930//5593 3910//5566
f 3909//5565 3910//5566 3889//5539
f 3572//5077 3644//5184 3573//5078
f 3764//5360 3788//5397 3765//5362
f 3970//5647 3991//5675 3971//5648
f 3970//5647 3971//5648 3952//5623
f 4028//5729 4049//5758 4029//5730
f 4028//5729 4029//5730 4011//5706
f 4048//5757 4064//5779 4049//5758
f 4079//5798 4080//5799 4064//5779
f 4254//6045 4255//6046 4233//6015
f 3462//4906 3506//4972 3482//4936
f 3462//4906 3526//5004 3506//4972
f 4351//6196 4334//6170 4314//6141
f 4390//6254 4368//6222 4369//6223
f 4390//6254 4369//6223 4334//6170
f 4431//6312 4432//6313 4414//6287
f 3161//4452 3241//4564 3212//4523
f 4431//6312 4414//6287 4391//6255
f 4536//6466 4516//6438 4500//6413
f 3572//5075 3606//5129 3644//5184
f 3525//5003 3573//5078 3551//5043
f 3264//4599 3335//4709 3311//4671
f 3334//4708 3402//4815 3378//4778
f 3187//4487 3288//4637 3265//4600
f 3187//4487 3265//4600 3239//4561
f 3161//4452 3239//4561 3241//4564
f 4136//5881 4137//5882 4118//5856
f 4313//6140 4314//6141 4294//6109
f 7048//9809 92//164 66//120
f 5869//8479 5873//8488 5874//8489
f 160//280 252//419 79//142
f 2325//3201 2312//3183 2217//3033
f 2371//3263 2312//3183 2325//3201
f 2217//3033 2175//2974 2176//2975
f 5666//8187 5665//8186 5664//8185
f 6959//9712 5664//8185 5665//8186
f 5533//8013 5534//8014 5537//8017
f 78//139 76//135 67//123
f 77//137 80//144 76//136
f 77//137 7049//9813 80//144
f 77//137 76//136 78//140
f 92//165 62//108 66//118
f 78//140 67//124 77//138
f 85//150 86//152 47//83
f 89//158 62//108 92//165
f 7063//9828 86//153 7051//9815
f 86//153 85//151 7051//9815
f 89//159 7048//9810 7053//9818
f 89//159 7053//9818 7052//9816
f 7054//9819 104//185 101//181
f 104//185 108//194 101//181
f 101//181 108//194 7055//9820
f 114//205 111//200 7056//9821
f 7048//9811 89//160 92//166
f 7057//9822 7059//9824 7058//9823
f 7060//9825 7061//9826 7062//9827
f 7050//9814 7064//9830 39//65
f 7064//9831 81//145 39//66
f 81//145 39//66 7064//9831
f 50//88 203//345 79//141
f 5869//8479 5874//8489 7065//9832
f 4645//6636 4626//6606 4611//6582
f 4645//6636 4611//6582 4596//6559
f 86//152 7063//9829 47//83
f 3182//4481 3420//4842 7172//9955
f 1855//2524 1854//2522 1801//2462
f 6980//9736 1801//2463 1859//2531
f 1858//2530 1859//2531 1801//2463
f 1858//2530 1801//2463 1854//2523
f 5535//8015 5534//8014 5669//8191
f 5669//8191 5534//8014 5668//8190
f 5537//8017 5534//8014 5535//8015
f 89//158 7052//9817 62//108
f 5658//8178 6959//9712 5659//8179
f 7066//9833 7067//9834 7068//9835
f 5876//8492 5869//8479 7065//9832
f 3396//4804 3438//4867 3375//4773
f 4//7 10//23 7072//9839
f 12//26 7072//9839 10//23
f 10//23 8//18 7073//9841
f 225//380 236//394 233//391
f 225//380 240//399 236//394
f 225//380 219//370 215//363
f 225//380 226//381 219//370
f 207//350 212//358 209//353
f 207//350 209//353 202//342
f 175//298 181//307 183//311
f 175//298 7088//9858 181//307
f 10//23 7073//9841 12//26
f 22//39 4//7 7//14
f 5508//7977 5507//7976 5515//7989
f 7071//9838 4//7 7072//9839
f 11//24 7072//9839 12//26
f 11//24 12//26 7073//9841
f 7073//9841 8//18 7071//9838
f 5665//8186 5659//8179 6959//9712
f 5665//8186 5667//8189 5659//8179
f 5486//7942 5492//7951 5493//7953
f 11//25 7073//9842 7072//9840
f 761//1064 7070//9837 7069//9836
f 2035//2782 1961//2680 1986//2717
f 2035//2782 1986//2717 2034//2779
f 1786//2443 1751//2403 1787//2445
f 1463//2024 1462//2022 1471//2034
f 1463//2024 1455//2011 1462//2022
f 1786//2443 1787//2445 1785//2442
f 4706//6728 4660//6658 4646//6637
f 211//357 63//111 7168//9950
f 5536//8016 5535//8015 5669//8191
f 5537//8017 5535//8015 5536//8016
f 2150//2940 2119//2893 7239//10036
f 2150//2940 7239//10036 2176//2975
f 5325//7680 5161//7429 7394//10214
f 5325//7680 7394//10214 5086//7314
f 4//7 8//18 2//3
f 7071//9838 8//18 4//7
f 5492//7951 5503//7969 5493//7953
f 7075//9844 47//82 46//80
f 7076//9845 7078//9847 7077//9846
f 7079//9848 7080//9849 7081//9850
f 4965//7136 4883//7014 4856//6973
f 9//19 57//101 7090//9860
f 5486//7942 5493//7953 5469//7918
f 5487//7944 5469//7918 5493//7953
f 7082//9851 7084//9853 7083//9852
f 3353//4737 3395//4803 3418//4840
f 65//116 7092//9863 148//258
f 5487//7944 5493//7953 5503//7969
f 7103//9876 5536//8016 5669//8191
f 5537//8017 5536//8016 7097//9869
f 7097//9869 5536//8016 7103//9876
f 7085//9854 62//109 56//100
f 71//128 27//49 7117//9891
f 70//127 28//51 7089//9859
f 72//129 35//60 34//59
f 72//129 34//59 36//61
f 211//357 222//376 235//393
f 207//350 195//332 197//336
f 207//350 202//342 195//332
f 207//350 7094//9865 187//315
f 207//350 187//315 189//319
f 5085//7312 4996//7179 4966//7137
f 5085//7312 4998//7182 4996//7179
f 753//1051 7087//9856 6911//9660
f 761//1065 7087//9857 753//1052
f 5665//8186 5668//8190 5667//8189
f 5525//8005 5515//7989 5524//8004
f 5525//8005 5524//8004 5537//8017
f 68//125 7089//9859 27//49
f 137//245 76//133 26//47
f 5538//8018 5525//8005 5537//8017
f 5538//8018 5537//8017 7097//9869
f 252//419 7187//9978 79//142
f 753//1052 6911//9661 7099//9871
f 3//5 4//7 2//3
f 87//155 9//20 7090//9861
f 761//1065 753//1052 7099//9872
f 298//499 275//458 273//456
f 7090//9860 57//101 87//155
f 5876//8492 7065//9832 5870//8481
f 223//378 235//393 222//376
f 7091//9862 221//374 222//377
f 223//378 222//376 221//375
f 5665//8186 5669//8191 5668//8190
f 84//149 69//126 7095//9866
f 84//149 66//118 7112//9885
f 84//149 7112//9885 69//126
f 84//149 7095//9866 65//116
f 1855//2524 1856//2525 1854//2522
f 1858//2530 1854//2523 1856//2526
f 148//259 7092//9863 63//111
f 6//11 4//7 3//5
f 223//378 221//375 235//393
f 63//111 7092//9863 65//117
f 4//8 6//11 7//14
f 6819//9561 36//61 74//131
f 7144//9922 2176//2975 7239//10036
f 5665//8186 7103//9876 5669//8191
f 235//393 221//375 228//384
f 4908//7052 4856//6973 4833//6937
f 1855//2524 1890//2575 1889//2572
f 1855//2524 1857//2528 1856//2525
f 1855//2524 1889//2572 1857//2528
f 3256//4586 3303//4659 3326//4695
f 4293//6106 4294//6109 4272//6072
f 3310//4670 3378//4778 3379//4779
f 3310//4670 3379//4779 3335//4709
f 3441//4871 3482//4936 3483//4937
f 3441//4872 3483//4938 3463//4908
f 3505//4971 3551//5043 3526//5004
f 3741//5325 3765//5362 7396//10216
f 4170//5927 4171//5928 4153//5904
f 4170//5927 4153//5904 4137//5882
f 4232//6014 4233//6015 4273//6073
f 4232//6014 4273//6074 4193//5958
f 4293//6106 4272//6072 4255//6046
f 4465//6361 4450//6339 4432//6313
f 4413//6286 4391//6255 4368//6222
f 4117//5855 4118//5856 4119//5857
f 4594//6556 4574//6524 4553//6492
f 4573//6523 4537//6467 4516//6438
f 4573//6523 4553//6492 4537//6468
f 4515//6436 4575//6525 4466//6363
f 4515//6437 4500//6414 4575//6526
f 3622//5152 3667//5220 3623//5153
f 3238//4560 3311//4671 3288//4637
f 3377//4777 3423//4845 3400//4812
f 3377//4777 3400//4812 3402//4815
f 3929//5592 3952//5623 3930//5593
f 3622//5152 3666//5219 3667//5220
f 3809//5428 3830//5458 3810//5429
f 3990//5674 4011//5706 3991//5675
f 4117//5855 4119//5857 4080//5799
f 5526//8006 5515//7989 5525//8005
f 5526//8006 5508//7977 5515//7989
f 3327//4696 3304//4660 3395//4803
f 3327//4697 3352//4736 3304//4661
f 5876//8492 5868//8478 5860//8467
f 5876//8492 5870//8481 5868//8478
f 7//15 6//12 3//5
f 3230//4549 3255//4585 3280//4625
f 3230//4549 3280//4625 3303//4659
f 300//502 190//324 367//581
f 4995//7178 4933//7091 4909//7053
f 4995//7178 4909//7053 4883//7014
f 5666//8187 5678//8202 7100//9873
f 5666//8188 7102//9875 7101//9874
f 5666//8187 7103//9876 5665//8186
f 9//20 1//1 2//4
f 2//4 7189//9982 3//5
f 5//9 7//14 3//5
f 5//10 3//6 7183//9970
f 3176//4475 3229//4548 3255//4585
f 7107//9880 5870//8481 7065//9832
f 3155//4443 3228//4546 3229//4548
f 3155//4443 3204//4512 3228//4546
f 2253//3088 2217//3033 2176//2975
f 5468//7916 5328//7683 5327//7682
f 5468//7916 5388//7785 5328//7683
f 1625//2251 1626//2252 1627//2254
f 1127//1557 1128//1558 1120//1548
f 1203//1651 1218//1675 1204//1652
f 1090//1508 1098//1516 1083//1498
f 1159//1595 1172//1610 1160//1596
f 1248//1712 1255//1721 1240//1702
f 1279//1754 1280//1755 1271//1743
f 1300//1781 1312//1797 1301//1782
f 1779//2435 1805//2468 1780//2436
f 1367//1876 1378//1893 1368//1877
f 1400//1927 1412//1943 1401//1928
f 1428//1970 1441//1987 1429//1971
f 1466//2028 1467//2029 1461//2020
f 1496//2074 1507//2090 1497//2075
f 1522//2113 1534//2129 1523//2114
f 1546//2146 1555//2158 1547//2147
f 1575//2186 1585//2199 1576//2187
f 1598//2216 1611//2233 1599//2217
f 1338//1833 1347//1843 1329//1822
f 1713//2358 1714//2359 1715//2361
f 1644//2279 1671//2308 1645//2280
f 5486//7942 5469//7918 5453//7888
f 7104//9877 7105//9878 7106//9879
f 6980//9736 1859//2531 1804//2466
f 3396//4804 3437//4866 3438//4867
f 5868//8478 5870//8481 7107//9880
f 5121//7367 5028//7226 5027//7225
f 5121//7367 5027//7225 4998//7182
f 746//1041 6761//9496 421//644
f 79//141 7111//9884 50//88
f 4744//6785 4726//6758 4707//6730
f 761//1065 6761//9496 746//1041
f 7108//9881 5863//8471 5862//8469
f 7109//9882 5862//8469 7110//9883
f 79//142 7120//9896 7111//9884
f 7095//9866 7112//9885 65//116
f 7095//9866 69//126 7112//9885
f 1858//2530 1856//2526 1894//2584
f 1889//2573 1894//2584 1856//2526
f 1889//2574 1856//2527 1857//2529
f 5159//7427 5056//7269 5028//7226
f 5868//8478 7107//9880 5862//8469
f 7118//9892 61//106 66//121
f 61//107 7113//9887 66//118
f 62//110 7118//9893 66//122
f 7142//9919 746//1041 421//644
f 761//1065 746//1041 7142//9919
f 64//115 7120//9896 79//142
f 5473//7924 5425//7845 5388//7785
f 87//155 7186//9976 9//20
f 235//393 228//384 218//369
f 58//102 7113//9887 61//107
f 228//384 246//407 218//369
f 4809//6896 4766//6820 4745//6787
f 39//64 50//88 20//35
f 246//408 250//412 218//368
f 7112//9885 7113//9887 58//102
f 218//368 250//412 249//411
f 7311//10117 5523//8003 3105//4368
f 5513//7985 5523//8002 7311//10117
f 2//4 1//1 7189//9982
f 9//20 7184//9971 1//1
f 56//100 62//109 59//103
f 59//103 62//109 7114//9888
f 56//100 59//103 40//67
f 43//74 7086//9855 48//84
f 43//74 40//68 7086//9855
f 49//86 7074//9843 44//76
f 49//86 48//84 7074//9843
f 45//78 7074//9843 46//80
f 45//78 44//76 7074//9843
f 47//82 74//131 41//70
f 26//47 76//133 7115//9889
f 3396//4804 3418//4840 3437//4866
f 1670//2307 1694//2334 1671//2308
f 1803//2465 1804//2466 1805//2468
f 1387//1908 1388//1909 1378//1893
f 1392//1916 1401//1928 1388//1909
f 1346//1842 1358//1858 1347//1843
f 1357//1857 1368//1877 1358//1858
f 1254//1720 1263//1731 1255//1721
f 1584//2198 1592//2208 1585//2199
f 1563//2170 1576//2187 1564//2171
f 1286//1763 1287//1764 1280//1755
f 1693//2333 1715//2361 1694//2334
f 1633//2263 1645//2280 1635//2265
f 1293//1773 1301//1782 1287//1764
f 1634//2264 1635//2265 1626//2252
f 1711//2356 1749//2400 1714//2359
f 1748//2399 1780//2436 1749//2400
f 1328//1821 1329//1822 1318//1807
f 1262//1730 1271//1743 1263//1731
f 1311//1796 1318//1807 1312//1797
f 1410//1941 1422//1960 1412//1943
f 1136//1567 1148//1581 1128//1558
f 1554//2157 1564//2171 1555//2158
f 1097//1515 1108//1530 1098//1516
f 1538//2135 1547//2147 1539//2136
f 1217//1674 1229//1690 1218//1675
f 1147//1580 1160//1596 1148//1581
f 1460//2019 1461//2020 1450//2002
f 1617//2240 1627//2254 1618//2241
f 1477//2042 1487//2054 1467//2029
f 1486//2053 1497//2075 1487//2054
f 1107//1529 1120//1548 1108//1530
f 1533//2128 1539//2136 1534//2129
f 1591//2207 1599//2217 1592//2208
f 1239//1701 1240//1702 1229//1690
f 1610//2232 1618//2241 1611//2233
f 1421//1959 1429//1971 1422//1960
f 1082//1497 1083//1498 1071//1483
f 1060//1469 1071//1483 1061//1470
f 1192//1635 1204//1652 1182//1623
f 1506//2089 1514//2099 1507//2090
f 1449//2001 1450//2002 1441//1987
f 1513//2098 1523//2114 1514//2099
f 1181//1622 1182//1623 1172//1610
f 761//1065 729//1021 7116//9890
f 761//1065 7200//9997 729//1021
f 761//1063 1061//1470 7310//10116
f 47//82 41//70 46//80
f 49//87 44//77 48//85
f 34//59 35//60 36//61
f 45//79 46//81 44//77
f 7117//9891 27//49 35//60
f 35//60 27//49 36//61
f 44//76 43//74 48//84
f 26//47 24//44 28//51
f 46//80 41//70 44//76
f 41//70 43//74 44//76
f 7112//9886 58//102 65//117
f 7172//9956 3397//4806 3419//4841
f 7172//9956 3419//4841 3438//4867
f 5860//8467 5868//8478 5862//8469
f 5863//8472 7119//9895 5862//8470
f 7172//9956 3420//4842 3397//4806
f 36//61 33//58 74//131
f 7036//9793 2125//2904 3105//4368
f 54//95 7120//9896 64//115
f 54//95 64//115 7143//9920
f 54//96 7143//9921 7120//9897
f 4882//7013 4833//6937 4810//6897
f 27//49 33//58 36//61
f 24//44 27//49 7089//9859
f 28//51 24//44 7089//9859
f 74//131 33//58 41//70
f 32//57 26//47 7115//9889
f 7121//9898 32//57 7115//9889
f 60//104 50//89 7111//9884
f 61//107 7118//9894 58//102
f 7122//9899 7123//9900 7124//9901
f 5487//7944 5503//7969 5494//7954
f 7//13 7188//9980 52//91
f 3460//4902 7172//9956 3438//4868
f 3128//4404 3154//4442 3175//4474
f 3128//4404 3175//4474 3204//4512
f 2984//4185 3007//4226 3037//4269
f 2358//3246 2416//3334 2453//3386
f 2387//3284 2519//3480 2520//3481
f 2909//4060 2960//4142 2983//4184
f 2849//3965 2908//4059 2937//4105
f 2737//3804 2807//3908 2848//3964
f 2984//4185 3037//4269 3070//4317
f 2358//3246 2415//3333 2416//3334
f 2387//3284 2520//3481 2578//3560
f 3038//4270 3099//4359 3126//4400
f 2455//3389 2644//3663 2645//3665
f 2455//3389 2645//3665 2694//3735
f 3305//4663 3326//4695 3352//4735
f 273//456 275//458 270//451
f 5387//7784 5206//7496 5205//7495
f 5387//7784 5255//7569 5206//7496
f 24//44 25//46 27//49
f 27//50 7125//9902 33//58
f 25//46 7125//9902 27//50
f 33//58 7125//9902 41//70
f 26//48 25//46 24//45
f 41//71 40//69 43//75
f 7121//9898 25//46 26//48
f 32//57 7121//9898 26//47
f 7125//9902 40//69 41//71
f 5885//8509 5888//8513 7351//10161
f 1858//2530 1894//2584 1859//2531
f 5424//7843 5327//7682 5255//7569
f 63//112 65//117 58//102
f 63//112 58//102 7169//9952
f 7127//9904 7128//9905 7129//9906
f 7130//9907 7132//9909 7131//9908
f 7133//9910 7135//9912 7134//9911
f 7136//9913 7137//9914 7138//9915
f 7139//9916 7141//9918 7140//9917
f 5539//8019 5538//8018 7097//9869
f 5539//8019 7097//9869 5670//8192
f 58//102 7118//9893 55//97
f 37//62 20//36 50//89
f 79//142 7187//9978 64//115
f 7190//9984 190//324 300//502
f 301//503 7190//9984 300//502
f 50//89 60//104 7126//9903
f 64//115 60//104 7143//9920
f 247//409 246//407 7168//9950
f 247//409 7167//9949 246//407
f 5026//7224 4966//7137 4933//7091
f 7237//10034 2325//3201 2217//3033
f 7//14 5//9 7185//9974
f 30//55 19//33 7118//9894
f 20//35 23//41 30//55
f 5671//8193 5539//8019 5670//8192
f 5540//8020 5539//8019 5671//8193
f 5538//8018 5539//8019 5540//8020
f 3603//5120 7172//9956 3460//4902
f 247//409 7168//9950 7167//9949
f 241//400 236//394 240//399
f 241//400 240//399 7145//9925
f 182//309 183//311 181//307
f 182//309 7146//9926 183//311
f 232//389 7147//9927 233//391
f 232//389 233//391 236//394
f 188//317 189//319 187//315
f 188//317 7148//9928 189//319
f 196//334 197//336 195//332
f 196//334 7149//9929 197//336
f 19//33 30//55 23//41
f 208//351 212//358 7150//9930
f 208//351 209//353 212//358
f 29//52 7118//9894 19//33
f 220//372 215//363 219//370
f 227//382 219//370 226//381
f 220//372 7151//9931 215//363
f 227//382 226//381 7152//9932
f 7111//9884 7143//9920 60//104
f 37//62 50//89 7126//9903
f 188//318 187//316 7153//9933
f 208//352 7154//9934 209//354
f 241//401 7155//9935 236//395
f 220//373 219//371 7156//9936
f 227//383 7157//9937 219//371
f 232//390 236//395 7158//9938
f 182//310 181//308 7159//9939
f 196//335 195//333 7160//9940
f 5487//7944 5470//7919 5469//7918
f 5487//7944 5494//7954 5470//7919
f 7169//9952 58//102 55//98
f 7163//9945 7164//9946 7165//9947
f 5526//8006 5525//8005 5538//8018
f 275//458 276//459 270//451
f 268//448 269//450 271//453
f 270//451 271//453 269//450
f 7199//9996 5540//8020 5671//8193
f 60//104 37//62 7126//9903
f 7161//9941 263//437 7096//9867
f 263//437 190//325 7096//9868
f 7162//9943 263//438 7161//9942
f 2371//3263 2325//3201 7237//10034
f 7144//9922 2253//3088 2176//2975
f 3437//4866 3439//4869 3438//4867
f 250//413 7168//9951 230//386
f 102//182 7168//9950 63//113
f 7168//9951 102//182 230//386
f 5540//8020 7199//9996 5538//8018
f 3438//4867 3439//4869 3460//4903
f 7187//9978 60//104 64//115
f 7338//10147 5513//7985 4230//6011
f 7333//10141 5513//7985 4310//6132
f 4230//6011 5513//7985 7333//10141
f 4310//6133 5513//7986 7328//10134
f 5523//8002 5513//7985 7170//9953
f 63//112 7169//9952 55//97
f 5160//7428 5086//7314 5056//7269
f 63//113 96//171 102//182
f 7176//9960 306//510 6797//9538
f 1277//1752 1008//1397 7166//9948
f 96//171 63//114 93//167
f 19//34 21//38 29//52
f 60//104 20//35 37//62
f 275//458 298//499 278//462
f 275//458 278//462 276//459
f 3479//4932 3439//4869 7397//10217
f 7397//10217 3439//4869 3437//4866
f 3479//4932 3460//4903 3439//4869
f 7176//9960 308//512 306//510
f 3503//4968 7172//9955 3603//5121
f 7237//10034 2217//3033 2253//3088
f 280//468 296//496 7182//9968
f 266//446 382//596 252//419
f 1168//1605 1008//1397 1277//1752
f 280//469 7182//9968 298//499
f 230//386 102//182 7179//9964
f 5679//8203 7173//9957 5678//8202
f 5326//7681 5205//7495 5161//7429
f 63//113 55//99 53//93
f 1648//2284 1260//1727 7174//9958
f 1648//2284 7175//9959 3503//4968
f 1648//2285 3503//4969 1260//1728
f 5880//8498 5888//8513 5882//8503
f 5880//8498 5883//8505 5881//8501
f 5880//8498 5882//8503 5883//8505
f 3523//4999 3603//5122 7193//9989
f 3523//5000 3503//4968 3603//5120
f 2273//3121 1260//1727 3503//4968
f 19//34 13//27 21//38
f 2808//3909 2881//4017 2908//4059
f 2697//3743 2773//3858 2807//3908
f 2808//3909 2848//3964 2881//4017
f 2882//4018 2937//4105 2958//4139
f 2454//3387 2578//3560 2579//3561
f 2580//3564 2694//3736 2695//3737
f 2580//3565 2695//3738 2736//3803
f 2454//3388 2579//3562 2644//3664
f 2961//4143 2983//4184 2959//4140
f 3008//4227 3070//4317 3099//4359
f 2386//3283 2453//3386 2417//3335
f 2386//3283 2417//3335 2519//3480
f 2882//4018 2958//4139 2960//4142
f 2961//4143 2959//4140 3007//4226
f 3542//5028 3603//5120 3460//4902
f 2273//3121 3503//4968 3523//5000
f 2273//3122 3523//5001 1260//1728
f 23//42 14//28 19//34
f 53//93 55//99 7118//9894
f 382//596 266//446 339//546
f 263//439 6731//9466 190//325
f 347//555 349//558 6797//9538
f 29//53 21//38 7184//9972
f 13//27 18//32 21//38
f 1991//2725 7177//9962 1260//1727
f 1991//2725 1260//1727 3523//5000
f 1991//2725 3523//5000 7178//9963
f 1889//2574 1890//2576 1891//2578
f 1889//2573 1892//2580 1894//2584
f 1889//2573 1891//2579 1892//2580
f 18//32 17//31 21//38
f 63//114 53//93 7186//9977
f 93//167 63//113 91//163
f 298//500 7179//9965 217//365
f 230//386 7179//9965 298//500
f 102//182 217//365 7179//9964
f 96//171 93//167 91//163
f 347//555 350//559 349//558
f 353//564 7180//9966 349//558
f 353//564 349//558 350//559
f 3479//4932 3480//4933 3460//4904
f 3542//5028 3460//4903 3480//4934
f 102//182 193//330 205//347
f 102//182 210//355 217//365
f 102//182 205//347 210//355
f 102//182 96//171 193//330
f 15//29 18//32 16//30
f 15//29 17//31 18//32
f 15//29 16//30 17//31
f 29//53 9//21 7118//9892
f 293//492 7190//9985 7181//9967
f 293//492 7181//9967 287//479
f 293//493 287//480 7190//9986
f 17//31 7189//9983 21//38
f 262//434 263//439 296//497
f 7189//9983 1//2 21//38
f 263//439 7162//9944 296//497
f 296//497 7162//9944 7182//9969
f 1//2 7184//9972 21//38
f 7182//9969 250//413 298//500
f 250//414 230//387 298//500
f 23//42 5//10 7183//9970
f 20//37 5//10 23//42
f 7185//9975 5//10 20//37
f 298//500 217//365 278//463
f 217//365 210//355 278//463
f 278//463 210//355 276//460
f 210//355 205//347 276//460
f 276//460 205//347 270//452
f 205//347 193//330 271//454
f 271//454 193//330 268//449
f 193//330 96//171 268//449
f 382//597 285//476 309//515
f 7118//9892 9//21 53//94
f 96//171 91//163 268//449
f 9//22 7186//9977 53//93
f 268//449 91//163 176//301
f 91//163 63//114 176//301
f 7186//9977 87//156 63//114
f 60//105 7185//9975 20//37
f 309//515 285//476 252//420
f 328//534 285//476 382//597
f 329//535 285//476 328//534
f 336//543 285//476 329//535
f 342//550 285//476 336//543
f 355//567 285//476 342//550
f 400//619 285//476 355//567
f 384//600 285//476 400//619
f 387//603 285//476 384//600
f 7261//10061 285//475 387//604
f 406//627 285//476 7274//10077
f 14//28 7189//9983 19//34
f 285//476 52//92 252//420
f 3//6 7189//9983 23//43
f 252//420 52//92 7187//9979
f 287//481 190//325 7190//9985
f 7188//9981 7//16 7187//9979
f 7187//9979 7//17 60//105
f 7//17 7185//9975 60//105
f 7183//9970 3//6 23//42
f 19//34 7189//9983 13//27
f 23//42 7189//9983 14//28
f 7184//9973 9//21 29//54
f 63//114 87//156 176//301
f 270//452 205//347 271//454
f 352//562 7190//9985 301//504
f 352//562 301//504 421//645
f 5681//8206 5670//8192 7171//9954
f 5681//8206 7171//9954 7203//10000
f 5681//8206 5671//8193 5670//8192
f 353//565 350//560 7191//9987
f 352//562 308//513 7176//9961
f 306//510 347//555 6797//9538
f 308//512 347//555 306//510
f 1679//2319 7192//9988 3524//5002
f 1679//2319 1266//1735 7194//9991
f 7215//10012 1168//1605 1277//1752
f 7193//9990 3545//5033 3524//5002
f 7193//9990 3603//5121 3545//5033
f 352//563 305//508 308//514
f 1679//2319 3524//5002 1266//1735
f 2371//3264 7196//9993 2342//3226
f 350//559 347//555 389//606
f 1275//1749 7166//9948 1266//1735
f 308//513 305//509 307//511
f 352//562 307//511 305//509
f 2294//3156 1266//1735 3524//5002
f 352//562 312//518 307//511
f 308//513 307//511 312//518
f 308//513 312//518 7197//9994
f 2294//3156 3524//5002 3545//5033
f 352//562 7198//9995 312//518
f 5884//8507 5882//8504 5888//8514
f 2294//3157 3545//5034 1266//1736
f 1680//2320 1266//1735 3545//5033
f 1680//2320 1275//1749 1266//1735
f 5681//8206 7203//10000 5671//8193
f 7197//9994 319//525 308//513
f 3501//4965 3480//4933 3479//4932
f 309//515 252//420 382//597
f 3545//5033 3603//5120 3546//5035
f 1680//2320 3545//5033 1275//1749
f 352//562 319//525 7197//9994
f 3501//4965 3542//5028 3480//4934
f 389//606 347//555 383//598
f 1276//1750 7166//9948 1275//1749
f 2295//3158 1275//1749 3545//5033
f 2295//3158 1276//1750 1275//1749
f 3568//5068 3546//5035 3603//5120
f 3568//5068 3603//5120 7217//10014
f 2295//3158 3545//5033 3546//5035
f 319//525 7201//9998 308//513
f 2295//3158 3546//5035 1276//1750
f 352//562 7201//9998 319//525
f 1702//2346 3546//5035 3568//5068
f 1702//2346 1276//1750 3546//5035
f 1702//2347 3568//5069 1276//1751
f 3501//4965 3502//4966 3542//5029
f 7209//10006 1277//1752 7166//9948
f 308//512 7201//9998 347//556
f 3568//5068 7217//10014 3569//5070
f 5494//7954 5503//7969 5508//7977
f 2072//2830 7202//9999 1276//1750
f 2072//2830 1276//1750 3568//5068
f 2072//2830 3568//5068 3569//5070
f 2072//2830 3569//5070 7204//10001
f 3542//5028 3502//4966 3566//5065
f 1978//2705 1892//2580 1891//2579
f 347//555 7201//9998 333//539
f 2331//3208 3569//5070 7205//10002
f 2648//3668 2736//3802 2773//3858
f 2331//3209 7206//10003 3569//5071
f 5778//8349 7207//10004 5773//8341
f 2326//3202 7195//9992 2323//3199
f 2326//3202 2342//3227 7195//9992
f 2371//3263 2342//3227 2343//3228
f 2326//3202 2343//3228 2342//3227
f 400//620 382//596 339//546
f 352//562 333//540 7201//9998
f 3566//5065 3603//5120 3542//5028
f 393//610 395//613 399//618
f 728//1020 7200//9997 421//644
f 728//1020 729//1021 7200//9997
f 393//611 7208//10005 395//614
f 2094//2858 3583//5091 7210//10007
f 3541//5027 3502//4967 3459//4900
f 3541//5027 3566//5065 3502//4966
f 3459//4900 3502//4966 3501//4965
f 399//618 395//613 391//608
f 2094//2858 7211//10008 3583//5091
f 389//606 391//608 395//613
f 333//539 7214//10011 347//556
f 352//562 7214//10011 333//540
f 2347//3233 3583//5091 7212//10009
f 2347//3233 7213//10010 3583//5091
f 7215//10012 1277//1752 1364//1871
f 7209//10006 1364//1872 1277//1752
f 7214//10011 338//545 347//556
f 328//534 382//597 329//535
f 336//543 382//597 342//550
f 729//1021 728//1020 421//644
f 2326//3202 2323//3199 2343//3228
f 329//535 382//597 336//543
f 345//553 338//545 341//549
f 345//553 341//549 7216//10013
f 352//562 7216//10013 341//549
f 389//606 383//598 391//608
f 399//618 391//608 6798//9539
f 3603//5120 3566//5065 3543//5030
f 345//553 7216//10013 338//545
f 338//545 348//557 347//556
f 6798//9539 391//608 416//638
f 416//638 7246//10044 6798//9539
f 3541//5027 3543//5031 3566//5065
f 7116//9890 729//1021 421//644
f 382//597 400//619 355//567
f 352//562 396//615 394//612
f 352//562 421//645 7218//10015
f 352//562 407//628 404//624
f 352//562 7219//10016 407//628
f 352//562 398//617 396//615
f 352//562 401//621 398//617
f 352//562 381//595 380//594
f 352//562 394//612 7221//10018
f 352//562 368//582 360//572
f 352//562 410//631 7222//10019
f 352//562 7223//10020 386//602
f 352//562 386//602 381//595
f 352//562 404//624 401//621
f 352//562 380//594 378//592
f 352//562 378//592 374//588
f 352//562 374//588 7224//10021
f 352//562 7220//10017 368//582
f 352//562 357//569 348//557
f 352//562 7225//10022 415//637
f 352//562 7244//10042 357//569
f 352//562 415//637 410//631
f 3544//5032 3603//5120 3543//5030
f 1309//1792 7209//10006 1308//1791
f 1309//1792 1364//1872 7209//10006
f 3683//5244 7217//10014 3603//5120
f 7245//10043 5864//8473 5858//8465
f 422//646 427//654 339//546
f 422//646 425//650 427//652
f 411//632 339//546 7250//10048
f 427//654 7250//10048 339//546
f 720//1010 679//955 698//980
f 544//797 536//788 550//804
f 527//779 544//797 518//769
f 720//1010 698//980 719//1009
f 527//779 536//788 544//797
f 544//797 550//804 566//823
f 434//663 427//654 428//656
f 884//1228 719//1009 737//1029
f 884//1228 836//1166 850//1187
f 1036//1436 995//1377 1008//1397
f 7226//10023 1055//1462 1050//1454
f 434//663 428//656 430//659
f 1075//1489 1065//1477 1055//1463
f 1036//1436 971//1343 995//1377
f 434//663 430//659 433//662
f 438//668 443//676 461//703
f 438//668 434//663 433//662
f 461//703 443//676 450//686
f 1101//1520 1112//1536 1093//1511
f 1101//1520 1093//1511 1085//1501
f 544//797 566//823 586//847
f 884//1228 737//1029 752//1050
f 1036//1436 957//1322 971//1343
f 461//703 450//686 454//691
f 900//1249 957//1322 1036//1436
f 900//1249 946//1306 957//1322
f 900//1249 925//1279 946//1306
f 1151//1585 1175//1614 1162//1599
f 1151//1585 1162//1599 1139//1570
f 1184//1627 1206//1658 1195//1642
f 461//703 454//691 457//697
f 461//703 457//697 466//708
f 900//1249 908//1257 925//1279
f 1394//1918 1395//1920 1390//1912
f 514//763 466//708 472//714
f 720//1010 586//847 607//868
f 883//1227 900//1249 874//1218
f 720//1010 657//928 679//955
f 884//1228 874//1218 900//1249
f 514//763 472//714 479//723
f 884//1228 862//1204 874//1218
f 720//1010 544//797 586//847
f 884//1228 752//1050 771//1077
f 7227//10024 1305//1787 1290//1770
f 2120//2894 2119//2893 2090//2852
f 2120//2894 7239//10036 2119//2893
f 1394//1918 1415//1949 1395//1920
f 884//1228 850//1187 862//1204
f 544//797 479//723 494//739
f 1567//2176 1588//2204 1580//2193
f 720//1010 607//868 630//896
f 1986//2717 1961//2680 1929//2631
f 1810//2474 1785//2442 1787//2445
f 1810//2474 1861//2534 1785//2442
f 884//1228 820//1147 836//1166
f 544//797 494//739 504//751
f 1371//1882 1390//1913 1381//1899
f 884//1228 771//1077 788//1101
f 1551//2154 1543//2142 1536//2133
f 720//1010 630//896 657//928
f 1340//1836 1359//1861 1352//1850
f 544//797 504//751 518//769
f 884//1228 788//1101 820//1147
f 544//797 514//763 479//723
f 461//703 466//708 514//763
f 884//1228 720//1010 719//1009
f 409//630 339//546 7247//10045
f 411//632 7247//10045 339//546
f 5828//8424 7228//10025 7229//10026
f 5828//8424 7231//10028 7230//10027
f 357//569 347//556 348//557
f 3663//5214 3641//5181 7217//10014
f 3663//5214 7217//10014 3683//5244
f 2361//3249 1308//1791 7232//10029
f 2361//3249 7233//10030 3641//5181
f 1567//2176 1559//2164 1588//2204
f 1221//1681 1206//1658 1243//1707
f 1340//1836 1333//1828 1359//1861
f 1471//2035 1462//2023 1488//2057
f 1371//1882 1359//1861 1390//1913
f 1394//1919 1390//1914 1415//1950
f 1455//2012 1443//1991 1462//2023
f 1986//2718 1929//2632 2034//2780
f 1184//1627 1175//1615 1206//1658
f 1151//1586 1139//1571 1175//1616
f 1528//2122 1518//2106 1536//2133
f 1551//2154 1536//2133 1559//2164
f 1075//1489 1055//1463 1085//1502
f 1810//2475 1787//2446 1861//2535
f 1123//1553 1112//1537 1139//1572
f 1101//1521 1085//1503 1112//1538
f 1675//2314 7235//10032 1698//2342
f 1899//2592 1861//2536 1929//2633
f 2067//2823 2034//2781 2090//2853
f 1751//2404 1698//2342 1787//2447
f 2120//2895 2090//2854 7239//10037
f 342//550 382//597 355//567
f 3105//4368 2125//2904 2349//3235
f 347//556 7244//10042 383//599
f 1425//1966 1415//1951 1443//1991
f 1250//1715 1243//1707 7236//10033
f 1596//2214 1588//2204 1603//2224
f 1323//1815 1305//1788 1333//1828
f 1501//2082 1488//2057 1518//2106
f 2371//3263 2343//3228 2324//3200
f 2343//3228 2323//3199 2324//3200
f 2361//3249 3641//5181 1308//1791
f 2322//3198 2323//3199 2309//3177
f 2324//3200 2323//3199 2322//3198
f 347//556 357//569 7244//10042
f 5809//8400 7238//10035 5808//8398
f 438//668 461//703 434//663
f 1008//1397 1168//1605 1036//1436
f 2179//2981 1308//1791 3641//5181
f 2179//2981 1309//1792 1308//1791
f 2179//2981 3641//5181 3642//5182
f 3663//5214 3642//5182 3641//5181
f 1364//1871 1168//1605 7215//10012
f 1462//2022 1454//2009 1488//2056
f 1055//1462 7242//10040 1085//1501
f 2090//2852 1784//2441 7239//10036
f 2034//2779 1549//2150 2090//2852
f 7243//10041 1283//1759 1305//1787
f 1305//1787 1283//1759 1333//1827
f 1929//2631 1549//2150 2034//2779
f 1443//1990 1454//2009 1462//2022
f 1861//2534 1549//2150 1929//2631
f 1333//1827 1283//1759 1359//1860
f 1359//1860 1283//1759 1390//1912
f 1787//2445 1549//2150 1861//2534
f 1698//2341 1549//2150 1787//2445
f 7240//10038 1549//2150 1698//2341
f 1139//1570 1111//1534 1175//1614
f 1536//2132 1549//2150 1559//2163
f 1390//1912 1283//1759 1415//1949
f 1283//1759 1454//2009 1415//1949
f 1588//2203 1549//2150 1603//2223
f 1112//1536 1111//1534 1139//1570
f 1559//2163 1549//2150 1588//2203
f 1085//1501 7241//10039 1112//1536
f 1415//1949 1454//2009 1443//1990
f 1518//2105 1454//2009 1536//2132
f 1488//2056 1454//2009 1518//2105
f 1549//2150 1784//2441 2090//2852
f 1454//2009 1549//2150 1536//2132
f 1206//1657 1111//1534 1243//1706
f 1111//1534 7243//10041 1243//1706
f 1549//2150 7240//10038 1603//2223
f 1175//1614 1111//1534 1206//1657
f 7241//10039 1111//1534 1112//1536
f 3565//5064 3543//5030 3541//5027
f 3565//5064 3544//5032 3543//5030
f 7244//10042 360//572 383//599
f 411//632 7250//10048 7247//10045
f 7245//10043 5858//8465 7255//10055
f 2179//2981 3642//5182 1309//1792
f 1641//2275 1309//1792 3642//5182
f 1641//2275 3642//5182 3663//5214
f 1641//2276 3663//5215 1309//1793
f 544//797 720//1010 884//1228
f 2371//3263 2324//3200 2357//3245
f 2196//3001 1315//1801 1309//1792
f 2196//3001 1309//1792 3663//5214
f 409//630 339//546 7247//10045
f 1316//1804 1309//1794 1315//1802
f 1364//1872 1309//1792 1316//1805
f 3782//5386 3683//5244 3603//5120
f 3105//4368 2349//3235 7311//10117
f 2196//3002 3663//5215 1315//1803
f 416//638 7272//10075 7246//10044
f 3544//5032 3567//5066 3603//5120
f 2390//3287 1315//1801 3663//5214
f 2390//3287 3663//5214 3683//5244
f 2390//3287 1316//1805 1315//1801
f 3565//5064 3567//5066 3544//5032
f 2357//3245 2324//3200 2322//3198
f 1111//1534 1283//1759 7243//10041
f 368//582 7220//10017 360//572
f 2390//3287 3684//5246 1316//1805
f 2390//3288 3683//5245 3684//5247
f 3702//5272 3684//5246 3683//5244
f 4641//6630 4659//6656 4642//6631
f 2442//3370 2410//3323 2409//3321
f 4568//6517 4591//6552 4569//6518
f 4589//6549 4590//6550 4591//6552
f 4588//6548 4608//6577 4590//6550
f 4623//6601 4642//6631 4624//6602
f 4658//6655 4675//6678 4659//6656
f 4674//6677 4697//6711 4675//6678
f 4695//6708 4696//6709 4697//6711
f 4694//6707 4722//6752 4696//6709
f 4721//6751 4740//6779 4722//6752
f 4739//6778 4762//6813 4740//6779
f 4827//6928 4850//6962 4828//6929
f 4849//6961 4876//7002 4850//6962
f 4904//7044 4928//7084 4905//7045
f 4903//7043 4927//7082 4928//7084
f 4956//7126 4988//7167 4989//7169
f 5023//7219 5049//7257 5024//7220
f 5079//7304 5116//7361 5080//7305
f 5078//7303 5115//7359 5116//7361
f 5148//7409 5197//7483 5198//7485
f 4494//6406 4512//6431 4495//6407
f 4461//6355 4478//6380 4462//6356
f 5196//7482 5250//7559 5197//7483
f 5195//7481 5249//7557 5250//7559
f 5247//7555 5319//7668 5320//7670
f 5246//7554 5318//7666 5319//7668
f 5316//7664 5382//7773 5383//7775
f 5379//7769 5420//7837 5421//7839
f 5378//7768 5419//7835 5420//7837
f 5377//7767 5418//7833 5419//7835
f 4427//6306 4447//6335 4428//6307
f 5416//7831 5451//7884 5452//7886
f 5415//7830 5450//7882 5451//7884
f 5412//7827 5447//7876 5448//7878
f 5445//7873 5446//7874 5447//7876
f 5444//7872 5463//7907 5446//7874
f 5441//7869 5460//7901 5461//7903
f 5440//7868 5459//7899 5460//7901
f 5439//7867 5458//7897 5459//7899
f 5438//7866 5457//7895 5458//7897
f 4328//6161 4349//6193 4329//6162
f 4307//6128 4329//6162 4308//6129
f 4166//5922 4185//5947 4167//5923
f 4093//5819 4114//5850 4094//5820
f 4076//5795 4094//5820 4062//5776
f 4042//5748 4043//5749 4025//5725
f 4024//5724 4025//5725 4005//5698
f 4004//5697 4005//5698 3984//5666
f 3983//5665 3984//5666 3965//5641
f 3964//5640 3965//5641 3944//5612
f 3924//5586 3925//5587 3903//5558
f 3866//5509 3867//5510 3845//5480
f 3752//5345 3778//5381 3753//5346
f 3733//5316 3753//5346 3734//5317
f 3714//5290 3734//5317 3715//5291
f 3680//5240 3696//5265 3681//5241
f 3659//5209 3681//5241 3660//5210
f 3636//5173 3660//5210 3637//5174
f 3619//5148 3637//5174 3620//5149
f 3600//5116 3620//5149 3601//5117
f 3538//5023 3539//5024 3521//4996
f 3520//4995 3521//4996 3498//4961
f 3497//4960 3498//4961 3478//4930
f 3456//4895 3457//4896 3436//4864
f 3435//4863 3436//4864 3417//4838
f 3350//4732 3351//4733 3325//4692
f 3173//4470 3174//4471 3153//4440
f 3152//4439 3153//4440 3124//4396
f 3123//4395 3124//4396 3098//4357
f 3122//4394 3098//4357 3097//4355
f 3096//4354 3097//4355 3069//4315
f 3034//4265 3006//4224 3005//4222
f 3004//4221 3005//4222 2982//4182
f 2981//4181 2982//4182 2957//4136
f 2956//4135 2957//4136 2936//4103
f 2933//4099 2907//4057 2906//4055
f 2904//4053 2880//4015 2879//4013
f 2846//3961 7248//10046 2806//3906
f 2804//3904 2771//3854 2735//3800
f 2770//3853 2735//3800 2734//3798
f 2769//3852 2734//3798 2733//3796
f 2732//3795 2733//3796 2692//3732
f 2731//3794 2692//3732 2691//3730
f 2689//3727 2691//3730 2642//3660
f 5437//7865 5456//7893 5457//7895
f 2688//3726 2642//3660 2641//3658
f 2687//3725 2641//3658 2640//3656
f 5435//7863 5434//7861 5455//7891
f 5396//7798 5429//7851 5430//7853
f 5395//7797 5428//7849 5429//7851
f 5337//7696 5391//7791 5392//7793
f 5334//7692 5389//7786 5390//7788
f 5333//7691 5332//7689 5389//7786
f 5262//7580 5331//7687 5332//7689
f 5212//7505 5257//7572 5258//7574
f 5209//7501 5208//7499 5256//7570
f 5124//7372 5123//7370 5162//7430
f 5090//7320 5089//7318 5122//7368
f 5061//7276 5088//7316 5089//7318
f 5029//7227 5058//7271 5059//7273
f 4971//7145 5002//7187 5003//7189
f 4940//7100 4968//7140 4969//7142
f 3686//5251 3685//5249 3704//5275
f 3627//5159 3626//5157 3648//5191
f 3705//5277 3704//5275 3723//5300
f 2441//3369 2409//3321 2408//3319
f 2747//3817 2706//3756 2705//3754
f 2443//3371 2411//3325 2410//3323
f 2444//3372 2412//3327 2411//3325
f 2445//3373 2413//3329 2412//3327
f 2446//3374 2447//3375 2413//3329
f 2511//3469 2448//3377 2447//3375
f 2512//3470 2449//3379 2448//3377
f 2513//3471 2450//3381 2449//3379
f 2638//3654 2577//3558 2576//3556
f 2637//3653 2576//3556 2575//3554
f 4886//7018 4885//7016 4911//7056
f 4859//6978 4858//6976 4885//7016
f 4836//6941 4835//6939 4858//6976
f 4791//6866 4789//6863 4812//6899
f 4728//6761 4727//6759 4746//6788
f 4711//6736 4709//6733 4727//6759
f 4685//6694 4684//6692 4709//6733
f 4648//6640 4647//6638 4662//6660
f 4629//6610 4628//6608 4647//6638
f 4613//6585 4612//6583 4628//6608
f 4577//6531 4576//6529 4578//6532
f 4556//6496 4555//6494 4576//6529
f 4540//6472 4539//6470 4555//6494
f 4502//6417 4501//6415 4518//6440
f 4485//6390 4484//6388 4501//6415
f 4469//6367 4468//6365 4484//6388
f 4453//6343 4452//6341 4468//6365
f 4435//6317 4434//6315 4452//6341
f 4417//6291 4416//6289 4434//6315
f 4394//6259 4393//6257 4416//6289
f 4511//6430 4529//6457 4512//6431
f 4297//6113 4296//6111 4317//6144
f 4276//6079 4275//6077 4296//6111
f 4197//5963 4196//5961 4216//5991
f 4175//5933 4174//5931 4196//5961
f 4157//5909 4156//5907 4174//5931
f 4122//5861 4121//5859 4139//5884
f 4102//5832 4101//5830 4121//5859
f 4084//5805 4082//5801 4101//5830
f 4015//5711 3993//5677 4014//5709
f 3974//5652 3954//5625 3973//5650
f 3955//5627 3932//5595 3954//5625
f 3933//5597 3912//5568 3932//5595
f 3892//5543 3874//5518 3891//5541
f 3875//5520 3856//5494 3874//5518
f 3857//5496 3834//5464 3856//5494
f 3837//5469 3812//5431 3834//5464
f 3792//5402 3791//5400 3812//5431
f 3744//5330 3743//5328 3767//5364
f 3722//5299 3723//5300 3743//5328
f 2658//3681 2589//3578 2588//3576
f 2708//3759 2656//3678 2655//3676
f 2891//4034 2858//3982 2889//4030
f 3609//5134 3608//5132 3626//5157
f 3590//5101 3591//5102 3608//5132
f 3553//5046 3528//5006 3552//5044
f 3530//5010 3508//4975 3528//5006
f 3509//4977 3485//4941 3508//4975
f 3486//4943 3466//4911 3485//4941
f 3446//4879 3425//4848 3444//4876
f 3426//4850 3405//4820 3425//4848
f 3337//4712 7249//10047 3336//4710
f 3291//4642 3267//4603 3290//4640
f 2515//3473 2516//3474 2451//3383
f 3164//4457 3139//4421 3163//4455
f 3140//4423 3109//4373 3139//4421
f 3110//4375 3082//4333 3109//4373
f 3111//4376 3083//4335 3082//4333
f 3023//4251 2993//4201 3022//4249
f 3024//4252 2994//4203 2993//4201
f 2995//4206 2968//4158 2994//4203
f 2919//4078 2888//4028 2918//4076
f 2920//4079 2889//4030 2888//4028
f 2429//3357 2396//3296 2428//3355
f 2862//3989 2826//3933 2825//3931
f 2783//3872 2745//3814 2744//3812
f 2784//3873 2704//3752 2745//3814
f 2746//3816 2705//3754 2704//3752
f 2469//3408 2427//3353 2426//3351
f 2467//3406 2426//3351 2425//3349
f 2435//3363 2402//3308 2401//3306
f 2434//3362 2401//3306 2400//3304
f 2466//3405 2425//3349 2424//3347
f 2531//3499 2462//3398 2530//3497
f 2532//3500 2463//3400 2462//3398
f 2430//3358 2397//3298 2396//3296
f 2472//3412 2428//3355 2427//3353
f 2592//3583 2528//3493 2527//3491
f 2591//3582 2527//3491 2590//3580
f 2431//3359 2398//3300 2397//3298
f 2432//3360 2399//3302 2398//3300
f 2534//3503 2464//3402 2463//3400
f 2440//3368 2408//3319 2407//3317
f 2437//3365 2404//3312 2403//3310
f 2436//3364 2403//3310 2402//3308
f 2595//3587 2530//3497 2528//3493
f 2433//3361 2400//3304 2399//3302
f 2465//3404 2424//3347 2464//3402
f 2661//3685 2590//3580 2589//3578
f 2438//3366 2405//3314 2404//3312
f 2657//3680 2588//3576 2656//3678
f 2439//3367 2407//3317 2405//3314
f 2707//3758 2655//3676 2706//3756
f 4354//6200 4353//6198 4371//6226
f 3278//4622 3279//4623 3254//4583
f 3225//4542 3226//4543 3202//4509
f 5442//7870 5461//7903 5462//7905
f 2828//3936 2744//3812 2782//3870
f 2827//3935 2782//3870 2826//3933
f 4140//5886 4139//5884 4156//5907
f 2859//3984 2825//3931 2860//3985
f 2892//4035 2860//3985 2858//3982
f 3801//5416 3823//5449 3802//5417
f 3777//5380 3802//5417 3778//5381
f 2945//4119 2918//4076 2944//4117
f 4760//6811 4807//6892 4780//6841
f 3695//5264 3715//5291 3696//5265
f 5150//7411 5198//7485 5199//7487
f 5151//7412 5199//7487 5152//7413
f 5113//7357 5152//7413 5153//7415
f 3056//4294 3022//4249 3055//4292
f 3084//4337 3055//4292 3083//4335
f 5114//7358 5153//7415 5115//7359
f 4528//6456 4551//6489 4529//6457
f 4477//6379 4495//6407 4478//6380
f 4149//5899 4167//5923 4150//5900
f 4550//6488 4569//6518 4551//6489
f 3884//5533 3885//5534 3867//5510
f 3902//5557 3903//5558 3885//5534
f 5022//7218 5080//7305 5049//7257
f 3943//5611 3944//5612 3925//5587
f 4206//5976 4227//6007 4207//5977
f 2514//3472 2451//3383 2450//3381
f 3068//4314 3069//4315 3036//4267
f 2572//3551 2517//3476 2516//3474
f 2573//3552 2518//3478 2517//3476
f 2574//3553 2575//3554 2518//3478
f 3214//4526 3190//4490 3213//4524
f 3244//4569 3213//4524 3243//4567
f 3270//4609 3243//4567 3267//4603
f 3562//5060 3563//5061 3539//5024
f 4337//6174 4336//6172 4353//6198
f 5248//7556 5320//7670 5249//7557
f 3362//4753 3336//4710 3361//4751
f 3381//4782 3361//4751 3380//4780
f 3406//4822 3380//4780 3405//4820
f 5317//7665 5383//7775 5318//7666
f 5394//7796 5427//7847 5428//7849
f 3467//4913 3444//4876 3466//4911
f 3477//4929 3478//4930 3457//4896
f 5393//7795 5392//7793 5427//7847
f 5443//7871 5462//7905 5463//7907
f 5315//7663 5381//7771 5382//7773
f 5380//7770 5421//7839 5381//7771
f 4061//5775 4062//5776 4043//5749
f 3416//4837 3417//4838 3392//4799
f 5417//7832 5452//7886 5418//7833
f 3391//4798 3392//4799 3373//4769
f 3647//5190 3648//5191 3670//5225
f 3671//5227 3670//5225 3685//5249
f 3372//4768 3373//4769 3351//4733
f 4986//7165 5024//7220 5025//7222
f 4446//6334 4462//6356 4447//6335
f 4113//5849 4132//5875 4114//5850
f 3768//5366 3767//5364 3791//5400
f 3322//4688 3325//4692 3301//4656
f 3300//4655 3301//4656 3279//4623
f 4404//6273 4428//6307 4405//6274
f 4381//6241 4405//6274 4382//6242
f 4987//7166 5025//7222 4988//7167
f 3913//5570 3891//5541 3912//5568
f 4957//7127 4989//7169 4958//7128
f 4926//7081 4958//7128 4927//7082
f 4131//5874 4150//5900 4132//5875
f 3994//5679 3973//5650 3993//5677
f 4875//7001 4905//7045 4876//7002
f 4032//5734 4014//5709 4031//5732
f 4052//5762 4031//5732 4051//5760
f 4066//5781 4051//5760 4082//5801
f 3253//4582 3254//4583 3226//4543
f 5335//7693 5390//7788 5391//7791
f 4805//6889 4828//6929 4806//6890
f 4663//6662 4662//6660 4682//6689
f 4683//6691 4682//6689 4684//6692
f 4779//6840 4806//6890 4807//6892
f 5397//7799 5430//7853 5431//7855
f 4217//5993 4216//5991 4237//6019
f 4238//6021 4237//6019 4257//6048
f 4258//6050 4257//6048 4275//6077
f 5260//7577 5330//7685 5331//7687
f 4319//6147 4317//6144 4336//6172
f 5125//7373 5162//7430 5163//7432
f 4184//5946 4207//5977 4185//5947
f 4372//6228 4371//6226 4393//6257
f 5259//7576 5258//7574 5330//7685
f 5399//7802 5431//7855 5432//7858
f 4761//6812 4780//6841 4762//6813
f 3035//4266 3036//4267 3006//4224
f 4226//6006 4248//6035 4227//6007
f 5210//7502 5256//7570 5257//7572
f 4247//6034 4268//6067 4248//6035
f 4519//6442 4518//6440 4539//6470
f 4267//6066 4287//6094 4268//6067
f 5433//7860 5432//7858 5434//7861
f 4579//6534 4578//6532 4597//6561
f 4598//6563 4597//6561 4612//6583
f 4607//6576 4624//6602 4608//6577
f 2934//4100 2936//4103 2907//4057
f 4286//6093 4308//6129 4287//6094
f 5413//7828 5448//7878 5449//7880
f 5091//7321 5122//7368 5123//7370
f 5414//7829 5449//7880 5450//7882
f 3844//5479 3845//5480 3823//5449
f 4747//6790 4746//6788 4767//6821
f 4749//6793 4767//6821 4788//6861
f 4768//6823 4788//6861 4789//6863
f 5167//7439 5207//7497 5208//7499
f 5165//7436 5164//7434 5207//7497
f 2905//4054 2906//4055 2880//4015
f 5436//7864 5455//7891 5456//7893
f 5126//7374 5163//7432 5164//7434
f 5060//7275 5059//7273 5088//7316
f 4364//6215 4382//6242 4365//6216
f 4348//6192 4365//6216 4349//6193
f 2639//3655 2640//3656 2577//3558
f 4912//7058 4911//7056 4938//7097
f 4939//7099 4938//7097 4968//7140
f 2845//3960 2806//3906 2772//3856
f 4970//7144 4969//7142 5002//7187
f 2805//3905 2772//3856 2771//3854
f 383//598 397//616 391//608
f 416//638 391//608 7272//10075
f 1902//2595 1316//1805 3684//5246
f 1902//2595 1326//1818 1316//1805
f 1326//1818 1364//1872 1316//1805
f 7144//9922 2174//2973 2149//2939
f 1902//2596 3684//5248 1326//1819
f 3702//5272 3683//5244 3719//5296
f 2220//3038 1326//1818 3684//5246
f 2220//3038 3684//5246 3702//5272
f 7144//9922 2149//2939 7251//10050
f 5883//8506 5882//8504 5884//8507
f 383//599 360//572 374//588
f 383//599 374//588 378//592
f 2220//3039 3702//5273 1326//1819
f 2357//3245 2322//3198 2309//3177
f 1335//1830 1364//1872 1326//1818
f 7254//10053 1364//1872 1336//1831
f 1336//1831 1364//1872 1335//1830
f 3582//5089 3603//5120 3567//5067
f 3582//5090 3567//5066 3565//5064
f 2284//3139 2309//3177 7237//10034
f 2253//3088 2284//3139 7237//10034
f 2149//2939 2174//2973 7251//10050
f 2457//3391 1326//1818 3702//5272
f 2457//3391 1335//1830 1326//1818
f 3739//5323 3683//5244 3782//5386
f 3739//5323 3719//5296 3683//5244
f 2457//3391 3702//5272 3719//5296
f 383//599 378//592 380//594
f 1189//1632 1168//1605 1364//1871
f 2457//3391 3719//5296 1335//1830
f 2357//3245 2309//3177 2341//3225
f 2341//3225 2309//3177 2340//3224
f 2340//3224 2309//3177 2284//3139
f 434//663 461//703 514//763
f 427//652 434//663 514//763
f 884//1228 900//1249 1036//1436
f 2237//3063 1335//1830 3719//5296
f 2237//3063 1336//1831 1335//1830
f 380//594 381//595 383//599
f 2237//3063 3719//5296 3720//5297
f 3739//5323 3720//5297 3719//5296
f 383//599 381//595 386//602
f 2237//3063 3720//5297 1336//1831
f 383//599 386//602 7252//10051
f 383//599 7252//10051 397//616
f 1966//2687 1336//1831 3720//5297
f 7382//10198 5628//8133 5687//8212
f 5613//8112 5632//8138 5628//8133
f 5632//8138 5687//8212 5628//8133
f 1966//2687 3720//5297 3739//5323
f 7254//10053 1336//1831 1345//1841
f 1966//2687 1345//1841 1336//1831
f 3739//5323 3782//5386 3760//5355
f 1966//2687 3739//5323 1345//1841
f 2274//3123 1345//1841 3739//5323
f 2274//3123 3739//5323 3760//5355
f 400//620 339//546 7261//10062
f 2340//3224 2284//3140 2285//3141
f 2253//3088 2285//3142 2284//3139
f 384//600 400//619 387//603
f 7262//10063 3760//5355 3782//5386
f 2274//3123 3760//5355 1345//1841
f 2583//3569 7253//10052 1345//1841
f 2583//3569 1345//1841 3760//5355
f 2583//3570 3760//5356 7256//10056
f 7274//10078 7250//10049 427//654
f 412//633 339//547 7274//10079
f 412//634 7261//10062 339//546
f 397//616 7252//10051 394//612
f 2038//2785 7257//10057 3760//5355
f 397//616 394//612 396//615
f 7262//10063 3783//5390 3760//5355
f 2038//2785 3760//5355 3783//5390
f 3662//5213 3603//5123 3582//5090
f 2038//2785 3783//5390 7258//10058
f 412//634 7274//10077 7261//10062
f 397//616 396//615 398//617
f 2296//3159 7259//10059 3783//5390
f 2340//3224 2285//3141 2321//3197
f 2296//3159 3783//5390 7260//10060
f 401//621 397//616 398//617
f 2117//2891 7265//10066 7144//9923
f 2117//2891 7144//9922 1784//2441
f 7144//9924 7265//10067 2253//3088
f 3826//5453 7262//10063 3782//5386
f 2285//3142 2253//3089 2266//3107
f 2321//3197 2285//3141 2266//3108
f 397//616 7266//10069 7272//10075
f 1189//1632 1364//1872 1267//1737
f 397//616 401//621 404//624
f 2117//2891 1784//2441 7265//10066
f 387//603 400//619 7261//10062
f 2332//3210 1375//1889 7263//10064
f 397//616 404//624 7266//10069
f 2332//3210 7264//10065 3826//5453
f 2332//3210 3826//5453 1375//1889
f 397//616 7272//10075 391//608
f 7266//10069 404//624 407//628
f 1037//1438 1036//1436 1168//1606
f 1037//1438 1168//1605 1189//1632
f 1814//2481 1375//1889 3826//5453
f 1814//2481 3826//5453 3851//5488
f 3826//5453 3782//5386 3851//5488
f 1384//1904 7254//10053 1375//1889
f 1267//1737 1364//1873 1376//1890
f 1814//2481 3851//5488 1375//1889
f 2348//3234 1384//1904 1375//1889
f 2348//3234 1375//1889 3851//5488
f 3887//5537 3782//5386 7328//10135
f 3887//5537 3851//5488 3782//5386
f 2348//3234 3851//5488 1384//1904
f 7274//10077 427//655 429//658
f 429//658 427//655 514//763
f 544//797 884//1228 1036//1436
f 1036//1437 1037//1438 1013//1405
f 2812//3914 1384//1904 3851//5488
f 2321//3197 2266//3108 7387//10207
f 3887//5537 3870//5514 3851//5488
f 2812//3914 3851//5488 3870//5514
f 2253//3089 2233//3054 2266//3107
f 7265//10066 2233//3054 2253//3089
f 7387//10207 2266//3108 2233//3055
f 2812//3914 3870//5514 1384//1904
f 414//636 7272//10075 410//631
f 2153//2948 7267//10070 1384//1904
f 2153//2948 1384//1904 3870//5514
f 2153//2948 3870//5514 3887//5537
f 414//636 410//631 415//637
f 2153//2948 3887//5537 7268//10071
f 414//636 415//637 7272//10075
f 1037//1438 1189//1632 1267//1737
f 2377//3272 7269//10072 3887//5537
f 2377//3272 3887//5537 7270//10073
f 1756//2411 1870//2547 1871//2548
f 1737//2388 1836//2503 1838//2505
f 1744//2395 1844//2511 7402//10222
f 2040//2788 2104//2874 2105//2875
f 1743//2394 1841//2508 1842//2509
f 1744//2395 7402//10222 1845//2512
f 1743//2394 1842//2509 1843//2510
f 1773//2429 1885//2568 1886//2569
f 1799//2460 1914//2608 1915//2609
f 1945//2659 2042//2790 2044//2792
f 1852//2519 1956//2671 1977//2703
f 1866//2542 2003//2742 1972//2695
f 2040//2788 2136//2920 2104//2874
f 1794//2455 1910//2604 1911//2605
f 1794//2455 1909//2603 1910//2604
f 1756//2411 1869//2546 1870//2547
f 1728//2379 1825//2492 1826//2493
f 1730//2381 1827//2494 1828//2495
f 1818//2485 1973//2696 1948//2662
f 1735//2386 1833//2500 1835//2502
f 5514//7987 5523//8002 7170//9953
f 4406//6276 7170//9953 7271//10074
f 5514//7987 7170//9953 4406//6276
f 5514//7987 5512//7983 5523//8002
f 5852//8458 7273//10076 5849//8453
f 3907//5563 7328//10136 3782//5387
f 444//677 429//658 514//764
f 1036//1437 1013//1405 1014//1406
f 1111//1535 7275//10080 1283//1760
f 1014//1406 1013//1405 7302//10107
f 1013//1405 1037//1438 7302//10107
f 1283//1760 7280//10085 1454//2010
f 7387//10207 2233//3055 2283//3137
f 1549//2150 1454//2010 7279//10084
f 7279//10084 1602//2222 1549//2151
f 1549//2150 1602//2222 1784//2441
f 2283//3138 2233//3056 2251//3084
f 446//681 514//764 451//687
f 446//681 444//677 514//764
f 439//669 429//658 444//677
f 439//669 435//664 429//658
f 544//798 1036//1437 7285//10090
f 1283//1760 1322//1813 7280//10085
f 1111//1535 1110//1533 7275//10080
f 7241//10039 1110//1533 1111//1535
f 1036//1437 1014//1406 1009//1398
f 1037//1438 1267//1737 1376//1890
f 966//1336 1036//1437 972//1344
f 966//1336 958//1323 1036//1437
f 2523//3485 7276//10081 3987//5670
f 2523//3485 1426//1967 7277//10082
f 2066//2821 2233//3054 7265//10068
f 2523//3486 3987//5671 1426//1968
f 7278//10083 1426//1967 3987//5670
f 439//670 444//678 435//665
f 446//682 451//688 444//679
f 1014//1407 7302//10108 1009//1399
f 1036//1437 1009//1398 7305//10111
f 966//1337 972//1345 958//1324
f 1036//1437 958//1323 7285//10090
f 1036//1436 7305//10111 972//1344
f 1037//1438 1376//1890 7302//10107
f 1674//2312 1602//2222 1639//2271
f 2066//2821 7265//10066 1928//2630
f 1100//1519 7241//10039 1092//1510
f 1100//1519 1110//1533 7241//10039
f 1220//1679 1231//1693 7275//10080
f 1332//1826 1351//1848 7280//10085
f 1332//1826 7280//10085 1322//1813
f 1283//1760 7275//10080 1231//1693
f 1454//2010 1517//2104 7279//10084
f 1454//2010 7280//10085 1424//1964
f 2265//3105 2251//3085 2233//3057
f 2283//3137 2251//3086 2282//3136
f 2282//3136 2251//3086 2265//3106
f 1100//1519 1092//1510 1110//1533
f 7241//10039 1064//1475 1092//1510
f 1283//1760 1257//1724 1282//1758
f 1283//1760 1231//1693 1257//1724
f 1283//1760 1282//1758 1304//1786
f 1454//2010 1424//1964 1442//1989
f 1454//2010 1470//2033 1500//2080
f 1454//2010 1500//2080 1517//2104
f 1283//1760 1304//1786 1322//1813
f 1385//1905 1364//1872 7254//10053
f 1385//1905 1376//1890 1364//1872
f 7281//10086 1110//1533 1122//1551
f 1454//2010 1442//1989 1470//2033
f 1385//1906 7254//10054 1376//1891
f 2116//2889 1602//2222 2089//2850
f 1602//2222 1674//2312 2089//2850
f 1674//2312 1639//2271 2089//2850
f 2089//2850 1639//2271 2065//2819
f 1639//2271 7282//10087 2065//2819
f 2065//2819 7283//10088 2064//2817
f 2064//2817 7284//10089 2033//2777
f 2032//2775 7286//10091 1985//2715
f 2066//2821 1928//2630 2173//2971
f 7287//10092 1517//2104 1960//2678
f 1517//2104 1500//2080 1959//2676
f 1959//2676 1500//2080 1923//2622
f 1923//2622 1500//2080 1922//2619
f 1500//2080 1470//2033 1922//2619
f 1859//2532 1470//2033 1804//2467
f 1804//2467 1470//2033 1805//2469
f 1780//2437 1470//2033 1749//2401
f 1470//2033 1442//1989 1749//2401
f 1749//2401 1442//1989 1714//2360
f 1635//2266 1442//1989 1626//2253
f 1626//2253 1442//1989 1627//2255
f 1627//2255 1424//1964 1618//2242
f 1618//2242 1424//1964 1611//2234
f 1599//2218 1424//1964 1592//2209
f 1592//2209 1424//1964 1585//2200
f 1564//2172 7288//10093 1555//2159
f 1555//2159 7289//10094 1547//2148
f 1547//2148 7290//10095 1539//2137
f 1539//2137 7291//10096 1534//2130
f 1507//2091 1351//1848 1497//2076
f 1497//2076 1351//1848 1487//2055
f 1467//2030 1332//1826 1461//2021
f 1332//1826 1322//1813 1461//2021
f 1461//2021 1322//1813 1450//2003
f 1322//1813 1304//1786 1450//2003
f 1450//2003 1304//1786 1441//1988
f 1441//1988 1304//1786 1429//1972
f 1429//1972 1304//1786 1422//1961
f 1304//1786 1282//1758 1422//1961
f 1412//1944 1282//1758 1401//1929
f 1401//1929 1282//1758 1388//1910
f 1257//1724 1231//1693 1368//1878
f 1368//1878 1231//1693 1358//1859
f 1358//1859 1231//1693 1347//1844
f 1347//1844 1231//1693 1329//1823
f 1231//1693 1220//1679 1329//1823
f 1329//1823 1220//1679 1318//1808
f 1318//1808 1220//1679 1312//1798
f 1280//1756 7292//10097 1271//1744
f 1271//1744 7293//10098 1263//1732
f 7294//10099 1578//2190 2033//2777
f 1263//1732 7295//10100 1255//1722
f 7296//10101 1122//1551 1255//1722
f 1255//1722 1122//1551 1240//1703
f 1122//1551 1110//1533 1240//1703
f 1240//1703 1110//1533 1229//1691
f 1110//1533 1092//1510 1229//1691
f 1229//1691 1092//1510 1218//1676
f 1218//1676 1092//1510 1204//1653
f 1092//1510 1064//1475 1204//1653
f 1204//1653 1064//1475 1182//1624
f 1182//1624 1064//1475 1172//1611
f 1172//1611 1064//1475 1160//1597
f 1064//1475 7297//10102 1160//1597
f 1160//1597 7298//10103 1148//1582
f 1148//1582 7299//10104 1128//1559
f 1128//1559 7300//10105 1120//1549
f 1120//1549 7301//10106 1108//1531
f 2173//2971 1928//2630 2148//2937
f 544//798 406//627 514//764
f 451//687 406//627 444//677
f 444//677 406//627 435//664
f 435//664 406//627 429//658
f 1985//2715 7303//10109 1960//2678
f 7304//10110 958//1323 972//1344
f 406//627 7274//10077 429//658
f 1108//1531 7306//10112 1098//1517
f 1098//1517 7307//10113 1083//1499
f 1083//1499 7308//10114 1071//1484
f 1071//1484 7309//10115 1061//1471
f 2031//2774 2086//2847 1985//2716
f 2146//2934 2116//2890 2089//2851
f 2114//2886 2064//2818 2144//2931
f 2114//2886 2145//2932 2065//2820
f 2114//2886 2065//2820 2064//2818
f 2088//2849 2144//2931 2064//2818
f 2063//2816 2032//2776 1985//2716
f 2088//2849 2064//2818 2033//2778
f 2063//2816 1985//2716 2086//2847
f 2031//2774 1985//2716 1960//2679
f 2146//2934 2089//2851 2170//2968
f 2115//2887 2089//2851 2065//2820
f 2115//2887 2065//2820 2145//2932
f 2115//2887 2170//2968 2089//2851
f 7285//10090 406//627 544//798
f 514//764 406//627 451//687
f 2193//2997 2173//2972 2148//2938
f 1534//2130 7312//10118 1523//2115
f 2232//3053 2194//2998 2249//3082
f 2087//2848 2032//2776 7405//10225
f 2087//2848 2033//2778 2032//2776
f 2193//2997 2148//2938 2212//3026
f 1671//2309 1442//1989 1645//2281
f 1645//2281 1442//1989 1635//2266
f 2193//2997 2231//3052 2173//2972
f 2192//2996 2148//2938 2147//2935
f 2192//2996 2147//2935 2191//2995
f 1442//1989 1424//1964 1627//2255
f 1611//2234 1424//1964 1599//2218
f 1424//1964 7313//10119 1585//2200
f 2192//2996 2212//3026 2148//2938
f 2172//2970 2147//2935 2116//2890
f 2172//2970 2116//2890 2190//2994
f 2232//3053 2215//3029 2194//2998
f 2250//3083 2265//3106 2233//3055
f 1805//2469 1470//2033 1780//2437
f 2250//3083 2233//3055 2215//3029
f 1894//2585 1470//2033 1859//2532
f 1892//2581 1470//2033 1894//2585
f 1922//2619 1892//2581 1978//2706
f 1922//2619 1470//2033 1892//2581
f 1982//2712 1922//2620 2025//2767
f 1585//2200 7314//10120 1576//2188
f 1960//2678 1517//2104 1959//2676
f 1576//2188 7315//10121 1564//2172
f 2172//2970 2191//2995 2147//2935
f 1578//2190 7316//10122 2032//2775
f 2215//3030 2066//2821 2194//2999
f 2030//2773 2062//2815 1960//2679
f 1982//2712 2028//2771 1923//2623
f 2033//2777 1578//2190 2032//2775
f 2147//2936 7317//10123 2116//2889
f 2148//2937 7318//10124 2147//2936
f 2194//2999 2066//2821 2173//2971
f 2214//3028 2249//3082 2194//2998
f 2233//3054 2066//2821 2215//3030
f 1984//2714 1959//2677 1923//2623
f 1422//1961 1282//1758 1412//1944
f 1714//2360 1442//1989 1715//2362
f 1982//2712 1923//2623 1922//2620
f 1282//1758 1257//1724 1388//1910
f 1388//1910 1257//1724 1378//1894
f 1220//1679 7319//10125 1312//1798
f 1312//1798 7320//10126 1301//1783
f 1301//1783 7321//10127 1287//1765
f 1287//1765 7322//10128 1280//1756
f 2087//2848 7388//10208 2033//2778
f 1378//1894 1257//1724 1368//1878
f 2025//2768 1922//2621 1957//2672
f 2063//2816 7405//10225 2032//2776
f 1351//1848 1332//1826 1487//2055
f 2088//2849 2033//2778 7388//10208
f 2232//3053 2250//3083 2215//3029
f 2214//3028 2194//2998 2173//2972
f 1984//2714 1923//2623 2028//2771
f 2214//3028 2173//2972 2231//3052
f 1514//2100 1351//1848 1507//2091
f 1984//2714 2061//2814 1959//2677
f 1715//2362 1442//1989 1694//2335
f 1694//2335 1442//1989 1671//2309
f 7323//10129 1351//1848 1514//2100
f 1523//2115 7324//10130 1514//2100
f 2031//2774 1960//2679 2062//2815
f 2030//2773 1960//2679 1959//2677
f 2030//2773 1959//2677 2061//2814
f 1487//2055 1332//1826 1467//2030
f 1957//2672 1922//2620 1978//2704
f 2146//2934 2190//2994 2116//2890
f 7325//10131 7326//10132 7327//10133
f 7328//10135 7333//10142 4310//6134
f 7328//10135 3907//5563 7333//10142
f 3718//5295 3782//5387 3603//5123
f 5778//8349 5773//8341 6982//9738
f 5867//8477 7329//10137 5861//8468
f 3100//4360 3126//4400 3154//4442
f 7336//10145 3907//5563 3782//5387
f 5679//8204 5691//8218 7330//10138
f 5679//8203 5693//8220 7331//10139
f 5679//8204 5688//8215 5690//8217
f 5679//8204 7332//10140 5688//8215
f 5679//8204 5690//8217 5691//8218
f 3701//5271 3603//5123 3699//5269
f 3701//5271 3718//5295 3603//5123
f 3718//5295 3738//5322 3782//5387
f 3759//5354 3782//5387 3738//5322
f 3737//5321 3738//5322 3718//5295
f 3701//5271 3717//5294 3718//5295
f 3737//5321 3718//5295 3717//5294
f 3907//5563 4230//6012 7333//10142
f 3758//5353 3759//5354 3738//5322
f 3758//5353 3738//5322 3756//5351
f 3737//5321 3756//5351 3738//5322
f 5833//8430 7335//10144 7334//10143
f 3759//5354 3781//5385 3782//5387
f 3850//5487 7336//10145 3782//5387
f 3758//5353 3781//5385 3759//5354
f 3758//5353 3780//5384 3781//5385
f 3805//5421 3782//5388 3781//5385
f 3805//5422 3781//5385 3780//5384
f 3805//5423 3806//5424 3782//5389
f 5541//8021 5538//8018 7199//9996
f 5541//8021 5526//8006 5538//8018
f 3907//5563 7336//10145 4230//6012
f 3782//5387 3806//5425 3850//5487
f 3849//5486 3850//5487 3806//5425
f 3805//5422 3825//5452 3806//5425
f 3849//5486 3806//5425 3825//5452
f 4230//6012 7336//10145 7338//10148
f 3869//5513 7337//10146 3850//5487
f 3869//5513 3850//5487 3848//5485
f 3849//5486 3848//5485 3850//5487
f 3968//5645 7339//10149 3949//5618
f 7339//10149 3906//5562 3949//5618
f 4008//5702 4097//5825 7339//10149
f 3927//5590 3949//5618 3906//5562
f 7340//10150 3905//5561 3906//5562
f 3927//5590 3906//5562 3905//5561
f 3927//5590 3946//5615 3949//5618
f 3948//5617 3949//5618 3946//5615
f 3948//5617 3968//5645 3949//5618
f 4008//5702 7339//10149 4009//5703
f 3948//5617 3967//5644 3968//5645
f 3986//5669 7339//10149 3968//5645
f 3986//5669 3968//5645 3967//5644
f 5516//7990 5494//7954 5508//7977
f 3986//5669 4009//5703 7339//10149
f 4008//5702 4009//5703 4007//5701
f 3986//5669 4007//5701 4009//5703
f 4046//5754 4097//5825 4008//5702
f 4046//5754 4045//5752 4097//5825
f 4045//5752 4406//6276 7271//10074
f 5689//8216 5690//8217 5688//8215
f 5689//8216 5688//8215 5680//8205
f 5689//8216 5680//8205 7349//10159
f 1851//2518 1955//2670 1956//2671
f 1770//2425 1845//2512 1882//2563
f 1739//2390 1838//2505 1839//2506
f 1851//2518 1954//2669 1955//2670
f 1822//2489 1908//2602 1909//2603
f 1906//2600 2001//2739 2003//2742
f 1971//2694 2077//2836 2078//2837
f 1971//2694 2078//2837 2042//2790
f 1742//2393 1840//2507 1841//2508
f 2075//2834 2134//2918 2135//2919
f 2075//2834 2135//2919 2136//2920
f 1848//2515 1915//2609 1916//2610
f 1848//2515 1916//2610 1917//2611
f 1819//2486 1948//2662 1949//2663
f 1772//2428 1884//2566 1885//2568
f 1996//2734 2105//2875 2076//2835
f 1731//2382 1828//2495 1829//2496
f 1734//2385 1831//2498 1832//2499
f 1734//2385 1832//2499 1833//2500
f 1731//2382 1829//2496 1830//2497
f 1760//2415 1872//2549 1825//2492
f 1760//2415 1874//2553 1872//2550
f 1757//2412 1871//2548 1873//2552
f 5789//8370 5791//8372 7341//10151
f 7342//10152 7343//10153 7344//10154
f 5781//8352 5774//8342 7345//10155
f 5782//8353 7346//10156 5774//8342
f 5829//8425 5813//8404 5814//8405
f 5829//8425 7347//10157 5830//8427
f 5829//8425 5830//8427 7348//10158
f 5829//8425 5819//8410 5811//8402
f 5829//8425 5812//8403 5813//8404
f 5829//8425 5811//8402 5812//8403
f 5829//8425 5831//8428 5827//8422
f 5829//8426 5827//8423 5819//8411
f 5689//8216 7349//10159 5690//8217
f 5550//8034 7199//9996 5683//8208
f 5541//8021 7199//9996 5550//8034
f 5885//8509 5884//8507 5888//8513
f 5691//8218 5690//8217 7349//10159
f 2525//3489 2654//3675 2587//3575
f 2242//3073 2279//3130 2261//3100
f 2742//3810 2823//3928 2779//3867
f 2653//3674 2781//3869 2702//3749
f 2204//3014 2244//3076 2245//3078
f 2242//3072 2278//3129 2279//3131
f 2856//3980 2916//4072 2917//4075
f 2856//3980 2917//4075 2887//4027
f 2362//3250 2423//3346 2395//3295
f 2204//3014 2243//3074 2244//3076
f 1741//2392 1839//2506 1837//2504
f 1741//2392 1837//2504 1840//2507
f 2302//3169 2383//3279 2338//3221
f 2133//2917 2184//2988 2208//3018
f 2074//2833 2164//2962 2134//2918
f 2302//3168 2353//3240 2383//3280
f 2653//3674 2743//3811 2781//3869
f 1759//2414 1873//2552 1874//2553
f 2133//2916 2208//3019 2185//2989
f 1771//2427 1883//2564 1884//2567
f 1771//2426 1882//2563 1883//2565
f 2162//2960 2227//3048 2206//3016
f 1850//2517 1953//2667 1954//2669
f 1998//2736 2076//2835 2077//2836
f 1821//2488 1950//2664 1908//2602
f 1821//2488 1949//2663 1950//2664
f 1733//2384 1830//2497 1831//2498
f 2277//3128 2319//3194 2304//3171
f 2336//3218 2381//3277 2364//3252
f 1850//2517 1917//2611 1953//2668
f 2422//3345 2526//3490 2461//3397
f 5551//8035 5541//8021 5550//8034
f 5684//8209 5550//8034 5683//8208
f 5551//8035 5550//8034 5684//8209
f 5516//7991 5508//7977 5526//8006
f 7351//10161 7350//10160 5885//8509
f 5867//8477 5861//8468 7033//9789
f 5541//8021 5551//8035 5552//8036
f 5552//8036 5551//8035 5684//8209
f 5790//8371 7352//10162 5791//8372
f 5541//8021 5552//8036 5553//8037
f 5553//8037 5552//8036 5685//8210
f 5685//8210 5552//8036 5684//8209
f 5610//8107 5618//8120 5624//8127
f 5610//8107 5624//8127 5613//8112
f 5859//8466 5861//8468 7329//10137
f 1762//2417 1875//2554 1827//2494
f 1762//2417 1826//2493 1875//2554
f 1907//2601 2002//2740 1973//2696
f 2303//3170 2338//3220 2319//3194
f 1907//2601 1972//2695 2002//2740
f 2103//2873 2185//2989 2164//2962
f 2363//3251 2395//3295 2381//3277
f 1918//2612 1977//2703 1978//2704
f 2337//3219 2382//3278 2353//3240
f 2394//3294 2461//3397 2423//3346
f 1846//2513 7390//10210 1914//2608
f 2337//3219 2364//3252 2382//3278
f 2260//3098 2304//3171 2278//3129
f 2226//3047 2262//3101 2243//3074
f 1846//2513 1886//2569 7390//10210
f 2586//3574 2702//3749 2654//3675
f 2226//3047 2261//3099 2262//3101
f 2701//3748 2779//3867 2780//3868
f 1768//2423 1843//2510 1844//2511
f 2163//2961 2207//3017 2184//2987
f 2822//3927 2887//4027 2857//3981
f 2163//2961 2206//3016 2207//3017
f 1946//2660 2000//2738 2001//2739
f 1946//2660 2044//2792 2000//2738
f 1824//2491 1911//2605 1869//2546
f 2701//3748 2780//3868 2743//3811
f 2822//3927 2857//3981 2823//3928
f 2205//3015 2245//3078 2227//3048
f 2460//3396 2587//3575 2526//3490
f 1765//2420 1834//2501 1836//2503
f 1765//2420 1835//2502 1834//2501
f 5543//8023 5526//8006 5541//8021
f 5541//8021 5553//8037 5554//8038
f 5554//8038 5553//8037 5701//8229
f 5701//8229 5553//8037 5697//8225
f 5697//8225 5553//8037 5685//8210
f 5541//8021 5554//8038 5543//8023
f 5682//8207 5684//8209 5683//8208
f 5832//8429 5827//8422 5831//8428
f 5832//8429 5831//8428 7353//10163
f 7354//10164 5682//8207 5683//8208
f 5702//8230 5554//8038 5701//8229
f 5543//8023 5554//8038 5542//8022
f 5542//8022 5554//8038 5702//8230
f 5832//8429 7353//10163 5827//8422
f 5884//8507 5881//8502 5883//8506
f 5778//8349 5779//8350 7207//10004
f 5555//8039 5542//8022 5702//8230
f 5682//8207 5685//8210 5684//8209
f 5819//8410 5827//8422 7353//10163
f 5542//8022 5555//8039 5543//8023
f 5827//8422 5816//8407 5817//8408
f 5827//8422 5817//8408 5818//8409
f 5827//8422 5818//8409 7355//10165
f 5827//8422 5815//8406 5816//8407
f 5827//8422 5814//8405 5815//8406
f 5886//8510 5881//8502 5884//8507
f 5779//8350 5778//8349 6982//9738
f 5861//8468 5859//8466 7033//9789
f 5884//8507 5885//8509 7350//10160
f 5682//8207 7354//10164 5685//8210
f 5543//8023 5555//8039 5556//8040
f 5703//8231 5555//8039 5702//8230
f 5556//8040 5555//8039 5703//8231
f 5692//8219 5710//8238 5695//8223
f 5692//8219 5695//8223 5694//8222
f 5692//8219 5711//8239 5710//8238
f 5692//8219 7356//10166 5693//8220
f 5692//8219 5694//8222 7357//10167
f 5692//8219 7358//10168 5711//8239
f 5697//8225 5685//8210 7354//10164
f 5697//8225 7354//10164 7365//10176
f 5693//8221 7359//10169 7360//10170
f 7380//10194 5512//7983 5514//7987
f 5613//8112 5523//8002 5512//7983
f 7454//10280 5613//8112 5512//7983
f 5557//8041 5543//8023 5556//8040
f 5557//8041 5556//8040 5705//8233
f 5705//8233 5556//8040 5704//8232
f 5704//8232 5556//8040 5703//8231
f 5697//8225 7365//10176 5701//8229
f 5819//8410 7353//10163 5811//8402
f 5884//8508 7350//10160 5886//8511
f 3737//5321 3700//5270 3756//5351
f 3737//5321 3717//5294 3700//5270
f 7361//10171 5875//8490 5787//8363
f 7362//10173 7363//10174 7364//10175
f 5787//8364 5845//8444 5793//8375
f 5848//8450 7374//10186 5847//8448
f 3805//5422 3804//5420 3825//5452
f 3805//5422 3780//5384 3804//5420
f 5698//8226 5701//8229 7365//10176
f 5698//8226 5702//8230 5701//8229
f 5820//8412 5812//8403 5811//8402
f 5820//8412 5811//8402 7353//10163
f 5820//8412 7353//10163 7366//10177
f 5543//8023 5557//8041 5558//8042
f 5558//8042 5557//8041 5705//8233
f 3948//5617 3946//5615 3967//5644
f 3986//5669 3967//5644 3947//5616
f 3986//5669 3947//5616 4007//5701
f 7367//10178 5848//8451 5847//8449
f 5698//8226 7365//10176 5702//8230
f 5820//8412 7366//10177 5812//8403
f 5793//8376 5845//8445 5786//8360
f 5793//8377 5786//8361 5787//8365
f 5786//8362 5845//8446 5787//8366
f 7368//10180 7370//10182 7369//10181
f 7371//10183 7373//10185 7372//10184
f 3701//5271 3699//5269 3717//5294
f 5559//8043 5558//8042 5707//8235
f 5543//8023 5558//8042 5559//8043
f 5707//8235 5558//8042 5705//8233
f 7458//10285 5514//7988 4406//6276
f 7380//10194 5514//7987 7458//10286
f 7367//10179 7374//10187 5848//8452
f 3758//5353 3757//5352 3780//5384
f 3758//5353 3756//5351 3757//5352
f 2172//2970 2190//2994 2191//2995
f 2232//3053 2249//3082 2250//3083
f 2193//2997 2212//3026 2213//3027
f 2193//2997 2213//3027 2231//3052
f 2088//2849 2112//2884 2144//2931
f 1984//2714 2028//2771 2029//2772
f 2115//2888 2145//2933 2111//2881
f 2031//2774 2062//2815 2086//2847
f 1984//2714 2029//2772 2061//2814
f 2115//2887 2111//2882 2170//2968
f 2088//2849 7388//10208 2112//2884
f 5699//8227 5703//8231 5702//8230
f 5699//8227 5702//8230 7365//10176
f 5821//8413 5812//8403 7366//10177
f 5821//8413 5813//8404 5812//8403
f 5699//8227 7365//10176 7375//10188
f 5821//8413 7366//10177 7376//10189
f 3603//5123 3662//5213 3699//5269
f 3849//5486 3825//5452 3848//5485
f 5787//8367 5875//8491 7361//10172
f 7271//10074 4097//5825 4045//5752
f 5560//8044 5543//8023 5559//8043
f 5708//8236 5559//8043 5707//8235
f 5560//8044 5559//8043 5708//8236
f 5699//8227 7375//10188 5703//8231
f 5821//8413 7376//10189 5813//8404
f 3869//5513 3847//5483 7340//10150
f 3869//5513 3848//5485 3847//5483
f 3927//5590 3905//5561 3946//5615
f 5704//8232 5703//8231 7375//10188
f 5822//8414 5814//8405 5813//8404
f 5822//8414 5813//8404 7376//10189
f 5704//8232 7375//10188 5700//8228
f 2063//2816 2086//2847 7405//10225
f 2087//2848 7405//10225 7388//10208
f 2214//3028 2231//3052 2249//3082
f 1982//2712 2025//2767 2028//2771
f 2146//2934 2170//2968 2190//2994
f 2192//2996 2191//2995 2212//3026
f 2030//2773 2061//2814 2062//2815
f 2114//2886 2144//2931 2145//2932
f 5543//8023 5560//8044 7378//10191
f 7378//10191 5560//8044 5708//8236
f 5822//8414 5815//8406 5814//8405
f 5822//8414 7376//10189 5816//8407
f 5822//8414 5816//8407 5815//8406
f 5704//8232 5700//8228 5705//8233
f 7377//10190 5694//8222 5695//8223
f 4008//5702 4007//5701 4046//5754
f 5516//7991 5526//8006 5543//8023
f 5696//8224 5695//8223 5710//8238
f 5706//8234 5705//8233 5700//8228
f 5706//8234 5707//8235 5705//8233
f 5823//8415 5817//8408 5816//8407
f 5823//8415 5816//8407 7376//10189
f 5706//8234 5700//8228 7381//10197
f 5696//8224 7381//10197 5695//8223
f 7381//10197 5700//8228 5695//8223
f 5823//8415 7376//10189 7379//10193
f 7382//10199 5687//8213 5784//8355
f 5696//8224 5710//8238 7381//10197
f 5706//8234 7381//10197 5707//8235
f 5823//8415 7379//10193 5817//8408
f 5516//7991 5543//8023 7378//10192
f 5624//8127 5632//8138 5613//8112
f 7381//10197 5708//8236 5707//8235
f 7381//10197 5710//8238 5711//8239
f 7379//10193 5818//8409 5817//8408
f 5624//8127 5620//8123 5632//8138
f 5774//8342 7382//10200 5776//8345
f 5774//8343 5776//8346 7419//10241
f 5620//8123 7383//10203 5617//8118
f 5632//8138 5620//8123 5616//8116
f 5616//8116 5620//8123 5617//8118
f 5618//8120 5619//8121 7383//10203
f 5619//8121 5617//8118 7383//10203
f 5619//8122 5616//8117 5617//8119
f 5632//8139 5616//8116 5615//8114
f 5647//8160 5687//8214 5632//8139
f 5751//8305 5784//8356 5687//8214
f 5751//8305 5687//8214 5725//8262
f 3971//5648 3930//5593 3952//5623
f 4029//5730 3991//5675 4011//5706
f 7384//10204 5453//7888 5469//7918
f 4029//5730 4049//5758 4099//5827
f 4099//5827 4049//5758 4064//5779
f 1831//2498 1830//2497 1829//2496
f 4064//5779 4080//5799 4099//5827
f 3854//5491 3872//5516 3889//5539
f 1827//2494 1829//2496 1828//2495
f 4273//6073 4153//5904 4193//5958
f 4273//6073 4255//6046 4272//6072
f 1872//2549 1873//2552 1871//2548
f 4314//6141 4369//6223 4294//6109
f 4369//6223 4314//6141 4334//6170
f 4414//6287 4432//6313 4369//6223
f 4369//6223 4432//6313 4450//6339
f 3971//5648 3991//5675 4029//5730
f 4450//6339 4466//6362 4575//6527
f 4045//5752 4046//5754 4007//5701
f 3947//5616 3967//5644 3946//5615
f 3905//5561 3947//5616 3946//5615
f 7385//10205 1869//2546 1911//2605
f 3788//5397 3854//5491 3765//5362
f 3847//5483 3848//5485 3825//5452
f 3804//5420 3780//5384 3757//5352
f 3700//5270 3717//5294 3699//5269
f 4611//6582 4626//6606 4661//6659
f 1910//2604 1909//2603 2209//3020
f 3459//4900 3565//5064 3541//5027
f 2209//3020 1909//2603 1908//2602
f 4834//6938 4707//6730 4726//6758
f 3394//4802 3418//4840 3395//4803
f 4834//6938 4766//6820 4811//6898
f 3304//4660 3352//4735 3326//4695
f 1911//2605 1910//2604 7400//10220
f 3255//4585 3229//4548 3228//4546
f 3175//4474 3228//4546 3204//4512
f 4934//7092 4933//7091 4966//7137
f 3071//4318 3154//4442 3126//4400
f 3071//4318 3126//4400 3099//4359
f 4998//7182 4997//7180 4996//7179
f 5056//7269 5086//7314 5087//7315
f 2960//4142 2958//4139 2959//4140
f 7394//10214 5087//7315 5086//7314
f 2937//4105 2908//4059 2881//4017
f 2695//3737 2807//3908 2773//3858
f 2736//3802 2695//3739 2773//3858
f 7386//10206 5255//7569 5327//7682
f 5327//7682 5328//7683 7401//10221
f 5388//7785 7401//10221 5328//7683
f 2520//3481 2519//3480 2417//3335
f 2209//3020 1949//2663 1948//2662
f 2372//3265 2415//3333 2385//3282
f 3526//5004 3644//5184 3506//4972
f 3506//4972 3483//4937 3482//4936
f 2414//3331 2340//3224 2321//3197
f 3424//4846 3400//4812 3423//4845
f 2250//3083 2282//3136 2265//3106
f 3378//4778 3402//4815 3403//4816
f 3266//4601 3239//4561 3265//4600
f 3241//4564 3239//4561 3240//4562
f 2190//2994 2171//2969 2191//2995
f 2171//2969 2190//2994 2170//2968
f 2002//2741 2209//3020 1973//2697
f 3404//4818 3188//4488 3212//4523
f 2144//2931 2112//2884 2113//2885
f 7388//10208 2113//2885 2112//2884
f 2113//2885 2086//2847 1957//2673
f 2113//2885 7405//10225 2086//2847
f 2028//2771 2026//2769 2029//2772
f 2002//2740 2003//2742 2001//2739
f 2026//2769 2028//2771 2025//2767
f 1957//2673 2026//2769 2025//2767
f 1957//2673 1978//2704 1977//2703
f 3107//4371 3404//4818 3080//4330
f 3404//4818 3052//4286 3080//4330
f 3404//4818 3053//4289 3052//4286
f 1915//2609 1914//2608 7389//10209
f 2991//4197 2992//4198 2967//4155
f 2779//3867 2823//3928 2857//3981
f 2780//3868 2781//3869 2743//3811
f 1882//2563 7402//10222 1883//2565
f 7391//10211 1882//2563 1845//2512
f 1842//2509 1844//2511 1843//2510
f 1842//2509 1841//2508 1837//2504
f 1837//2504 1841//2508 1840//2507
f 1837//2504 1839//2506 1838//2505
f 2654//3675 2703//3750 2587//3575
f 2703//3750 2526//3490 2587//3575
f 1835//2502 1833//2500 1834//2501
f 2703//3750 2381//3277 2395//3295
f 4193//5958 4153//5904 4171//5928
f 4255//6046 4273//6073 4233//6015
f 1825//2492 1872//2549 1826//2493
f 4294//6109 4273//6073 4272//6072
f 1873//2552 1872//2549 1874//2553
f 3854//5491 7396//10216 3765//5362
f 2279//3131 2278//3129 2304//3171
f 4909//7053 5000//7185 4883//7014
f 4966//7137 4996//7179 4997//7180
f 3606//5129 3623//5153 3667//5220
f 2279//3131 2262//3101 2261//3099
f 3644//5184 3526//5004 3551//5043
f 3424//4846 3401//4813 3400//4812
f 3402//4815 3400//4812 3401//4813
f 2078//2837 2076//2835 2105//2875
f 3266//4601 3240//4562 3239//4561
f 3311//4671 3335//4709 3379//4779
f 2244//3077 2243//3075 2262//3102
f 2244//3076 2246//3079 2245//3078
f 2246//3079 2227//3048 2245//3078
f 2703//3750 2654//3675 2702//3749
f 2992//4198 2916//4072 2943//4114
f 2279//3130 2319//3194 2338//3220
f 2279//3131 2338//3220 2383//3280
f 2135//2919 2134//2918 2165//2963
f 2134//2918 2164//2962 2165//2963
f 2165//2963 2164//2962 2185//2989
f 2208//3019 2165//2963 2185//2989
f 2002//2740 1972//2695 2003//2742
f 2206//3016 2227//3048 2246//3079
f 2191//2995 2171//2969 2212//3026
f 2244//3076 2262//3101 2279//3131
f 2807//3908 2695//3737 2848//3964
f 2983//4184 2960//4142 2959//4140
f 3565//5064 3459//4900 3582//5090
f 2304//3171 2319//3194 2279//3131
f 2076//2835 2078//2837 2077//2836
f 2381//3277 2382//3278 2364//3252
f 5610//8107 5619//8121 5618//8120
f 5615//8115 5616//8116 5619//8121
f 2423//3346 2703//3750 2395//3295
f 2703//3750 2423//3346 2461//3397
f 2526//3490 2703//3750 2461//3397
f 1838//2505 1836//2503 1837//2504
f 1883//2565 1885//2568 1884//2566
f 1885//2568 7411//10233 1886//2569
f 2992//4198 2917//4075 2916//4072
f 2967//4155 2992//4198 2943//4114
f 1916//2610 1915//2609 7406//10226
f 1955//2670 1954//2669 1953//2667
f 2044//2792 2042//2790 2078//2837
f 1977//2703 1956//2671 1957//2673
f 2000//2738 2044//2792 2078//2837
f 2086//2847 2062//2815 1957//2673
f 2111//2882 2145//2932 2144//2931
f 3404//4818 3189//4489 3188//4488
f 3212//4523 3241//4564 3242//4565
f 2213//3027 2212//3026 2171//2969
f 3288//4637 3266//4601 3265//4600
f 3379//4779 3288//4637 3311//4671
f 2250//3083 2249//3082 2231//3052
f 1973//2696 2209//3020 1948//2662
f 3442//4873 3424//4846 3423//4845
f 3463//4907 3483//4937 3442//4873
f 2341//3225 2371//3263 2357//3245
f 2341//3225 2372//3265 2371//3263
f 2415//3333 2417//3335 2416//3334
f 3551//5043 3573//5078 3644//5184
f 5425//7845 5426//7846 7403//10223
f 7392//10212 5388//7785 5425//7845
f 2453//3386 2416//3334 2417//3335
f 2645//3665 2644//3663 2579//3561
f 1950//2664 1949//2663 2209//3020
f 5255//7569 7404//10224 5206//7496
f 5205//7495 5206//7496 7404//10224
f 7393//10213 5161//7429 5205//7495
f 5028//7226 5056//7269 5087//7315
f 3037//4269 3099//4359 3070//4317
f 3037//4269 3071//4318 3099//4359
f 3667//5220 3666//5219 7396//10216
f 5027//7225 4999//7183 4998//7182
f 4934//7092 4966//7137 4967//7138
f 3280//4625 3255//4585 3228//4546
f 3326//4695 3303//4659 3304//4660
f 4856//6973 4883//7014 5000//7185
f 4833//6937 4856//6973 5000//7185
f 5000//7185 4810//6897 4833//6937
f 3304//4660 3394//4802 3395//4803
f 7395//10215 3437//4866 3418//4840
f 4745//6787 4766//6820 4834//6938
f 4726//6758 4745//6787 4834//6938
f 1908//2602 1950//2664 2209//3020
f 3459//4900 3501//4965 3479//4932
f 4679//6686 4661//6659 4660//6658
f 4661//6659 4646//6637 4660//6658
f 4626//6606 4646//6637 4661//6659
f 7398//10218 1911//2605 7399//10219
f 4595//6558 4553//6492 4574//6524
f 3947//5616 4045//5752 4007//5701
f 4516//6438 4537//6467 4500//6413
f 1869//2546 7400//10220 1870//2547
f 3854//5491 3810//5429 3830//5458
f 4369//6223 4368//6222 4391//6255
f 1870//2547 1872//2549 1871//2548
f 4118//5856 4137//5882 4153//5904
f 5453//7888 7403//10223 5426//7846
f 2001//2739 2000//2738 2002//2740
f 3107//4371 3137//4418 3404//4818
f 3212//4523 3242//4565 3404//4818
f 2340//3224 2414//3331 2341//3225
f 2170//2968 2111//2882 2171//2969
f 2144//2931 2113//2885 2111//2882
f 3889//5539 3910//5566 3854//5491
f 2029//2772 2026//2769 2061//2814
f 1917//2611 1916//2610 1953//2667
f 1826//2493 1872//2549 1875//2554
f 4391//6255 4414//6287 4369//6223
f 1844//2511 1842//2509 7402//10222
f 4080//5799 4119//5857 4099//5827
f 3810//5429 3854//5491 3788//5397
f 4500//6413 4537//6468 4575//6527
f 1956//2671 1955//2670 1957//2673
f 3442//4873 3483//4937 3424//4846
f 7394//10214 7401//10221 5087//7315
f 3402//4815 3401//4813 3403//4816
f 3136//4417 3189//4489 3137//4418
f 4933//7091 4934//7092 4909//7053
f 4966//7137 4997//7180 4967//7138
f 4707//6730 4834//6938 4679//6686
f 3606//5129 3667//5220 3644//5184
f 2578//3560 2520//3481 2579//3561
f 2136//2920 2135//2919 2104//2874
f 1831//2498 1829//2496 1832//2499
f 1833//2500 1832//2499 1834//2501
f 2206//3016 2246//3079 2207//3017
f 3154//4442 3071//4318 3175//4474
f 2321//3197 7387//10207 2414//3331
f 2415//3333 2372//3265 2417//3335
f 3288//4637 3379//4779 3266//4601
f 2848//3964 2695//3739 2881//4017
f 3699//5269 3662//5213 3700//5270
f 3378//4778 3403//4816 3379//4779
f 3506//4972 3644//5184 3483//4937
f 5028//7226 5087//7315 5027//7225
f 2990//4195 3053//4289 2991//4197
f 3825//5452 3804//5420 3847//5483
f 4998//7182 4999//7183 4997//7180
f 4294//6109 4369//6223 4273//6073
f 2694//3735 2645//3665 2695//3739
f 1910//2604 2209//3020 7400//10220
f 2937//4105 2881//4017 2958//4139
f 3241//4564 3240//4562 3242//4565
f 2105//2875 2104//2874 2078//2837
f 3930//5593 3971//5648 3910//5566
f 2353//3240 2382//3278 2383//3280
f 2702//3749 2781//3869 2703//3750
f 2887//4027 2917//4075 2857//3981
f 3756//5351 3700//5270 3757//5352
f 2244//3076 2279//3131 2246//3079
f 2381//3277 2703//3750 2382//3278
f 2779//3867 2857//3981 2780//3868
f 3303//4659 3280//4625 3304//4660
f 2184//2987 2207//3017 2208//3019
f 3582//5090 3459//4900 3662//5213
f 4118//5856 4153//5904 4119//5857
f 1870//2547 7400//10220 1872//2549
f 1885//2568 1883//2565 7411//10233
f 4810//6897 5000//7185 4811//6898
f 2231//3052 2213//3027 2250//3083
f 3007//4226 2959//4140 3037//4269
f 3479//4932 7397//10217 3459//4900
f 4450//6339 4575//6527 4369//6223
f 4553//6492 4595//6558 4537//6467
f 4596//6559 4611//6582 4595//6558
f 7340//10150 3847//5483 3905//5561
f 1827//2494 1875//2554 1829//2496
f 1836//2503 1834//2501 1837//2504
f 3401//4814 3424//4847 3403//4817
f 7454//10280 5610//8107 5613//8112
f 4999//7184 4967//7139 4997//7181
f 5725//8262 5687//8214 5677//8201
f 5027//7225 5087//7315 4999//7183
f 5784//8356 5751//8305 5750//8304
f 7413//10235 5687//8214 5647//8160
f 5632//8139 5615//8114 5612//8111
f 7412//10234 5751//8305 5725//8262
f 5677//8201 5687//8212 7407//10227
f 7409//10230 5647//8160 5635//8143
f 3424//4846 3379//4779 3403//4816
f 3910//5566 3971//5648 3854//5491
f 3266//4602 3242//4566 3240//4563
f 5635//8143 5647//8160 5626//8130
f 5647//8160 5632//8139 5626//8130
f 7410//10232 5751//8305 7412//10234
f 5750//8304 5751//8305 7436//10261
f 7425//10249 5784//8356 5750//8304
f 5714//8245 5677//8201 7408//10229
f 5725//8262 5677//8201 5714//8245
f 7407//10227 5687//8214 5651//8166
f 5653//8171 5687//8214 7413//10235
f 5642//8153 5647//8160 7409//10230
f 7408//10229 5677//8201 7414//10236
f 7382//10201 5784//8356 5768//8330
f 7409//10230 5635//8143 7433//10257
f 7413//10235 5647//8160 5642//8153
f 7412//10234 5725//8262 5721//8255
f 5626//8130 5632//8139 7420//10243
f 7436//10261 5751//8305 5735//8278
f 5745//8296 5750//8304 7436//10261
f 7414//10236 5677//8201 5675//8198
f 5675//8198 5677//8201 7407//10228
f 5651//8166 5687//8214 5653//8171
f 5758//8314 5784//8356 7425//10249
f 2135//2919 2165//2963 2104//2874
f 2520//3481 2417//3335 2579//3561
f 3175//4474 3071//4318 3228//4546
f 3189//4489 3404//4818 3137//4418
f 3424//4846 3483//4937 3379//4779
f 7401//10221 5454//7889 5087//7315
f 3266//4601 3379//4779 3242//4565
f 4934//7092 5000//7185 4909//7053
f 2061//2814 1957//2673 2062//2815
f 2857//3981 2781//3869 2780//3868
f 7406//10226 1953//2667 1916//2610
f 1842//2509 1837//2504 7402//10222
f 3394//4802 3459//4900 7397//10217
f 2881//4017 2959//4140 2958//4139
f 2104//2874 2165//2963 2078//2837
f 5494//7954 7401//10221 5470//7919
f 2026//2769 1957//2673 2061//2814
f 4967//7138 5087//7315 4934//7092
f 4999//7183 5087//7315 4967//7138
f 2171//2969 2250//3083 2213//3027
f 4153//5904 4099//5827 4119//5857
f 2645//3665 2579//3561 2695//3737
f 3228//4546 3304//4660 3280//4625
f 7411//10233 1953//2667 7406//10226
f 1953//2667 1957//2673 1955//2670
f 2250//3083 7387//10207 2282//3136
f 3804//5420 3757//5352 3847//5483
f 3905//5561 4045//5752 3947//5616
f 2246//3079 2208//3019 2207//3017
f 3053//4289 2992//4198 2991//4197
f 4834//6938 4661//6659 4679//6686
f 3379//4779 3404//4818 3242//4565
f 3662//5213 3757//5352 3700//5270
f 2414//3331 2372//3265 2341//3225
f 5087//7315 5000//7185 4934//7092
f 4661//6659 4595//6558 4611//6582
f 5674//8197 5673//8195 7414//10236
f 5674//8197 7414//10236 5675//8198
f 5736//8280 5735//8278 5751//8305
f 5734//8276 5735//8279 7436//10262
f 5715//8248 5714//8245 7408//10229
f 5746//8298 7436//10262 5745//8297
f 5744//8294 5750//8304 5745//8296
f 5713//8243 5725//8262 5714//8245
f 5652//8169 5653//8172 5651//8167
f 5765//8326 5764//8323 5784//8356
f 5654//8173 5653//8171 7413//10235
f 5641//8151 5640//8149 7413//10235
f 5763//8321 5784//8356 5764//8323
f 5767//8329 7382//10200 5768//8330
f 5641//8151 7413//10235 5642//8153
f 5767//8329 5766//8328 7382//10200
f 5763//8321 5762//8319 5784//8356
f 5759//8315 5758//8314 7425//10249
f 5759//8315 7425//10249 5755//8310
f 5713//8243 5712//8240 5725//8262
f 5575//8061 7420//10243 5632//8139
f 5623//8126 5627//8131 5626//8130
f 5623//8126 5626//8130 7420//10243
f 5643//8155 7409//10231 5642//8154
f 5635//8143 5626//8130 5627//8131
f 5676//8200 7407//10228 5661//8181
f 5676//8200 5675//8198 7407//10228
f 5720//8254 5719//8252 7412//10234
f 5720//8254 7412//10234 5721//8255
f 7410//10232 5730//8271 5751//8305
f 5736//8280 5751//8305 5730//8271
f 5744//8294 5743//8292 5750//8304
f 5765//8326 5784//8356 5757//8312
f 5654//8173 7413//10235 5646//8159
f 5763//8322 5764//8324 5762//8320
f 5784//8356 5762//8319 5768//8330
f 5750//8304 5743//8292 7425//10249
f 5676//8200 5661//8181 5675//8198
f 5674//8197 5675//8198 5673//8195
f 5725//8262 5712//8240 5721//8255
f 5759//8315 5755//8310 5758//8314
f 5720//8254 5721//8255 5719//8252
f 5784//8356 5758//8314 5757//8312
f 5623//8126 7420//10243 5627//8131
f 5641//8152 5642//8154 5640//8150
f 5767//8329 5768//8330 5766//8328
f 5744//8295 5745//8297 5743//8293
f 5736//8281 5730//8272 5735//8279
f 5746//8299 5745//8296 7436//10261
f 5734//8277 7436//10261 5735//8278
f 5713//8244 5714//8246 5712//8241
f 5654//8173 5646//8159 5653//8171
f 5643//8156 5642//8153 7409//10230
f 5715//8248 7423//10247 5714//8245
f 5715//8248 7408//10229 7423//10247
f 5765//8327 5757//8313 5764//8325
f 5652//8170 5651//8166 5653//8171
f 5675//8199 7415//10237 5673//8196
f 5642//8153 7433//10257 5640//8149
f 7416//10238 7417//10239 7418//10240
f 5575//8062 5627//8131 7420//10244
f 5712//8240 7421//10245 5721//8255
f 5721//8256 7422//10246 5719//8253
f 5661//8181 7424//10248 5675//8198
f 7419//10242 5776//8347 7382//10202
f 5755//8310 7426//10250 5758//8314
f 5768//8330 7427//10251 5766//8328
f 5653//8171 5516//7992 5651//8166
f 5745//8296 7428//10252 5743//8292
f 7429//10253 7430//10254 7431//10255
f 5646//8159 7432//10256 5653//8171
f 5653//8171 7433//10257 5516//7992
f 5516//7991 7378//10192 5651//8168
f 5714//8247 7434//10259 5712//8242
f 5730//8271 7435//10260 5735//8278
f 5757//8312 7437//10263 5764//8323
f 5764//8323 7438//10264 5762//8319
f 5762//8319 7439//10265 5768//8330
f 5612//8111 5575//8061 5632//8139
f 5758//8314 7440//10266 5757//8312
f 7441//10267 7443//10269 7442//10268
f 7444//10270 7446//10272 7445//10271
f 4099//5827 3971//5648 4029//5730
f 2917//4075 2992//4198 2857//3981
f 3667//5220 3854//5491 3644//5184
f 2703//3750 2383//3280 2382//3278
f 2000//2738 2078//2837 2002//2740
f 5000//7185 4834//6938 4811//6898
f 5516//7990 5454//7889 5494//7954
f 1883//2565 1953//2667 7411//10233
f 3394//4802 3304//4660 3459//4900
f 5454//7889 5000//7185 5087//7315
f 3483//4937 3404//4818 3379//4779
f 3905//5561 3847//5483 4045//5752
f 3037//4269 2959//4140 3071//4318
f 1957//2673 2111//2882 2113//2885
f 2959//4140 3228//4546 3071//4318
f 2417//3335 2695//3739 2579//3561
f 5494//7954 5454//7889 7401//10221
f 3662//5213 3847//5483 3757//5352
f 2111//2882 2250//3083 2171//2969
f 1837//2504 1883//2565 7402//10222
f 7396//10216 3854//5491 3667//5220
f 4834//6938 4595//6558 4661//6659
f 2857//3981 2703//3750 2781//3869
f 1875//2554 1832//2499 1829//2496
f 3404//4818 2992//4198 3053//4289
f 1832//2499 1837//2504 1834//2501
f 2209//3020 1872//2549 7400//10220
f 2250//3083 2414//3331 7387//10207
f 2279//3131 2208//3019 2246//3079
f 4099//5827 3854//5491 3971//5648
f 2881//4017 2695//3739 2959//4140
f 2992//4198 2703//3750 2857//3981
f 2372//3265 2695//3739 2417//3335
f 4273//6073 4099//5827 4153//5904
f 1832//2499 1913//2607 1837//2504
f 5627//8132 5575//8061 5635//8144
f 7447//10273 7448//10274 7449//10275
f 5615//8114 5575//8061 5612//8111
f 7450//10276 7452//10278 7451//10277
f 2078//2837 2209//3020 2002//2740
f 3644//5184 3527//5005 3483//4937
f 1837//2504 2059//2809 1883//2565
f 5516//7990 5509//7978 5454//7889
f 1883//2565 2059//2809 1953//2667
f 2208//3019 2365//3253 2165//2963
f 3483//4937 3527//5005 3404//4818
f 4595//6558 4575//6527 4537//6468
f 2111//2882 2230//3051 2250//3083
f 3854//5492 3831//5459 3644//5184
f 2695//3739 3125//4398 2959//4141
f 2703//3750 2279//3132 2383//3280
f 1913//2607 2059//2809 1837//2504
f 3831//5459 3527//5005 3644//5185
f 5000//7185 4910//7054 4834//6938
f 7433//10258 5635//8144 5516//7990
f 5619//8121 5606//8101 5615//8114
f 5615//8114 5606//8101 5575//8061
f 3500//4964 3847//5484 3662//5213
f 3125//4398 3228//4546 2959//4141
f 4910//7054 4595//6558 4834//6938
f 2414//3331 2695//3739 2372//3265
f 2279//3132 2365//3253 2208//3019
f 1875//2555 1913//2607 1832//2499
f 1872//2549 1913//2607 1875//2554
f 3459//4901 3500//4964 3662//5213
f 2078//2837 2165//2963 2209//3020
f 4045//5753 4209//5981 4406//6277
f 3304//4660 3500//4964 3459//4901
f 2006//2746 1872//2551 2209//3020
f 4369//6224 4234//6016 4273//6075
f 2230//3051 2414//3331 2250//3083
f 2059//2809 1957//2673 1953//2667
f 3228//4547 3125//4398 3304//4662
f 3500//4964 3736//5320 3847//5484
f 3854//5492 4099//5827 3831//5459
f 5610//8107 5606//8101 5619//8121
f 2006//2746 2007//2747 1872//2551
f 3125//4398 3500//4964 3304//4662
f 1872//2551 2007//2747 1913//2607
f 3847//5484 3736//5320 4045//5753
f 4369//6223 4575//6527 4234//6016
f 4234//6016 4099//5827 4273//6075
f 4135//5879 4209//5981 4045//5753
f 1957//2673 2230//3051 2111//2883
f 4910//7054 4575//6527 4595//6558
f 2007//2747 2059//2809 1913//2607
f 2992//4199 2279//3132 2703//3751
f 5000//7185 5454//7889 4910//7054
f 3125//4398 3302//4658 3500//4964
f 5575//8061 5565//8049 5635//8143
f 5516//7993 5499//7963 5509//7978
f 2365//3253 2209//3020 2165//2963
f 1957//2674 2189//2993 2230//3051
f 4099//5828 4012//5707 3831//5459
f 3831//5459 3624//5154 3527//5005
f 2006//2746 7456//10283 2007//2747
f 5635//8143 5517//7994 5516//7993
f 5509//7978 7515//10348 5454//7890
f 2189//2993 2228//3049 2230//3051
f 2007//2747 1974//2698 2059//2809
f 2992//4198 2824//3929 2279//3132
f 4315//6142 4234//6016 4575//6528
f 5499//7963 5488//7945 5509//7978
f 3302//4658 7466//10295 3500//4964
f 3527//5005 3624//5154 7453//10279
f 4910//7054 4627//6607 4575//6528
f 2209//3021 7457//10284 2006//2746
f 2414//3332 7479//10308 2695//3740
f 5516//7993 5517//7994 5499//7963
f 3404//4819 7455//10282 2992//4199
f 5454//7890 7480//10309 4910//7054
f 3125//4398 3227//4545 3302//4658
f 7526//10359 3227//4545 3125//4398
f 2824//3929 2365//3253 2279//3132
f 1957//2674 2188//2992 2189//2993
f 2230//3051 7487//10316 2414//3332
f 5635//8143 5511//7982 5517//7994
f 7466//10295 3522//4998 3500//4964
f 3527//5005 7455//10282 3404//4819
f 2059//2809 2085//2846 1957//2674
f 4135//5879 4187//5950 4209//5981
f 5610//8108 5601//8093 5606//8101
f 2228//3049 2248//3081 2230//3051
f 5509//7979 5488//7945 7503//10335
f 5600//8092 5599//8091 5606//8101
f 3527//5005 3443//4874 7455//10282
f 4575//6528 4554//6493 7489//10319
f 5575//8061 5561//8045 5565//8049
f 5598//8090 5597//8089 5606//8101
f 5601//8093 5600//8092 5606//8101
f 3500//4964 3698//5268 3736//5320
f 1974//2698 2023//2764 2059//2809
f 4315//6142 4316//6143 4234//6016
f 5599//8091 5598//8090 5606//8101
f 2008//2748 2009//2750 2007//2747
f 5565//8049 5544//8024 5635//8143
f 5512//7984 5549//8032 7454//10281
f 1957//2674 2108//2878 2109//2879
f 2059//2809 2057//2807 2058//2808
f 1974//2698 2022//2763 2023//2764
f 7456//10283 2045//2793 2007//2747
f 4575//6528 4392//6256 4315//6142
f 4316//6143 4295//6110 4234//6016
f 4214//5989 4194//5959 4234//6016
f 5575//8061 5567//8052 5566//8051
f 4134//5878 4151//5902 4135//5879
f 7455//10282 3162//4453 2992//4199
f 2009//2750 2010//2751 2007//2747
f 5595//8086 5594//8085 5610//8108
f 2059//2810 2084//2845 2085//2846
f 5635//8143 5527//8007 5518//7995
f 1957//2674 2169//2967 2188//2992
f 3125//4398 2695//3740 7514//10346
f 2248//3081 2308//3176 2230//3051
f 3624//5154 3589//5100 7453//10279
f 3527//5005 7453//10279 3507//4973
f 2021//2762 2022//2763 1974//2698
f 5635//8143 5518//7995 5511//7982
f 3846//5482 3868//5512 3736//5320
f 2010//2751 2011//2752 2007//2747
f 5575//8061 5577//8064 5576//8063
f 1974//2698 2020//2761 2021//2762
f 2013//2754 2014//2755 2007//2747
f 3886//5536 3904//5560 3736//5320
f 3736//5320 3904//5560 4045//5753
f 2007//2747 2014//2755 1974//2698
f 2015//2756 2016//2757 1974//2698
f 2016//2757 2017//2758 1974//2698
f 2059//2809 2056//2806 2057//2807
f 2308//3176 7487//10316 2230//3051
f 3621//5151 3640//5180 3500//4964
f 5575//8061 5562//8046 5561//8045
f 4406//6277 4366//6218 4385//6247
f 3831//5459 3811//5430 3789//5398
f 4012//5707 3832//5462 3831//5459
f 4209//5981 4270//6070 4288//6096
f 4234//6016 4172//5929 4099//5828
f 4194//5959 4172//5929 4234//6016
f 4627//6607 4554//6493 4575//6528
f 4172//5929 4154//5905 4099//5828
f 3527//5005 3464//4909 3443//4874
f 7466//10295 3499//4963 3522//4998
f 2045//2793 2046//2794 2007//2747
f 4135//5879 4116//5854 4134//5878
f 2011//2752 2012//2753 2007//2747
f 2018//2759 2019//2760 1974//2698
f 5565//8049 5545//8025 5544//8024
f 4096//5824 4116//5854 4135//5879
f 5594//8085 5593//8084 5610//8108
f 3624//5154 7527//10360 7488//10317
f 2019//2760 2020//2761 1974//2698
f 3832//5462 3811//5430 3831//5459
f 4910//7054 4680//6687 4627//6607
f 2012//2753 2013//2754 2007//2747
f 2017//2758 2018//2759 1974//2698
f 2365//3253 7498//10329 2209//3021
f 3868//5512 3886//5536 3736//5320
f 3698//5268 3716//5293 3736//5320
f 3831//5460 7527//10360 3624//5154
f 3522//4998 3564//5063 3500//4964
f 2014//2755 2015//2756 1974//2698
f 4012//5707 3855//5493 3832//5462
f 2188//2992 2211//3025 2189//2993
f 5592//8082 5591//8080 5610//8108
f 5635//8143 5528//8008 5527//8007
f 3716//5293 3735//5319 3736//5320
f 3926//5589 3945//5614 4045//5753
f 1957//2674 2142//2929 2143//2930
f 2079//2838 2080//2840 2006//2746
f 3945//5614 3966//5643 4045//5753
f 3966//5643 3985//5668 4045//5753
f 4026//5727 4044//5751 4045//5753
f 4154//5905 4138//5883 4099//5828
f 4295//6110 4274//6076 4234//6016
f 2046//2794 2047//2795 2007//2747
f 5575//8061 5568//8053 5567//8052
f 5575//8061 5578//8065 5577//8064
f 5593//8084 5592//8082 5610//8108
f 4209//5981 4249//6037 4270//6070
f 2059//2810 2083//2844 2084//2845
f 4392//6256 4370//6225 4315//6142
f 3985//5668 4006//5700 4045//5753
f 4006//5700 4026//5727 4045//5753
f 4045//5753 4063//5778 4135//5879
f 4135//5879 4077//5796 4096//5824
f 2209//3021 2138//2922 7457//10284
f 5606//8101 5579//8066 5575//8061
f 4451//6340 4433//6314 4575//6528
f 2059//2809 2055//2805 2056//2806
f 1957//2674 2107//2877 2108//2878
f 5579//8066 5578//8065 5575//8061
f 4063//5778 4077//5796 4135//5879
f 4044//5751 4063//5778 4045//5753
f 3904//5560 3926//5589 4045//5753
f 5504//7970 5510//7980 5512//7984
f 5504//7970 5512//7984 7380//10195
f 5548//8030 7454//10281 5549//8032
f 5548//8030 5547//8028 7454//10281
f 2059//2809 2054//2804 2055//2805
f 3564//5063 3581//5088 3500//4964
f 4406//6277 7506//10338 4366//6218
f 4209//5981 4229//6010 4249//6037
f 4370//6225 4352//6197 4315//6142
f 3831//5460 3703//5274 7527//10360
f 1957//2674 2109//2879 2142//2929
f 2059//2810 2082//2843 2083//2844
f 4012//5707 3873//5517 3855//5493
f 7454//10281 5574//8059 5610//8108
f 2047//2795 2048//2796 2007//2747
f 5575//8061 5569//8054 5568//8053
f 4138//5883 4120//5858 4099//5828
f 3227//4545 7468//10297 3302//4658
f 5575//8061 5563//8047 5562//8046
f 3527//5005 3484//4939 3464//4909
f 3507//4973 3484//4939 3527//5005
f 4120//5858 4100//5829 4099//5828
f 4274//6076 4256//6047 4234//6016
f 7489//10319 4483//6387 4575//6528
f 2080//2840 2081//2841 2006//2746
f 2006//2746 2081//2841 7456//10283
f 5606//8102 5580//8067 5579//8066
f 1957//2674 2168//2966 2169//2967
f 3640//5180 3661//5212 3500//4964
f 3735//5319 3755//5350 3736//5320
f 5512//7984 5510//7980 5549//8032
f 7454//10281 5547//8028 5564//8048
f 5504//7971 7380//10196 5510//7981
f 5548//8031 5549//8033 5547//8029
f 2048//2796 2049//2798 2007//2747
f 2006//2746 7457//10284 2079//2838
f 4433//6314 4415//6288 4575//6528
f 4012//5707 3890//5540 3873//5517
f 4575//6528 4415//6288 4392//6256
f 1957//2674 2106//2876 2107//2877
f 2085//2846 2106//2876 1957//2674
f 4256//6047 4235//6017 4234//6016
f 5635//8143 5529//8009 5528//8008
f 2365//3253 7496//10326 7498//10329
f 5544//8024 5529//8009 5635//8143
f 5574//8059 5573//8058 5610//8108
f 4100//5829 4081//5800 4099//5828
f 3755//5350 3779//5383 3736//5320
f 2109//2879 2141//2928 2142//2929
f 3443//4874 7498//10329 7455//10282
f 5590//8079 5589//8078 5610//8108
f 5591//8080 5590//8079 5610//8108
f 2059//2809 2053//2803 2054//2804
f 5606//8102 5581//8068 5580//8067
f 2058//2808 2082//2843 2059//2809
f 4209//5981 7506//10338 4406//6277
f 4065//5780 4050//5759 4099//5828
f 3931//5594 3911//5567 4012//5707
f 3661//5212 3682//5243 3500//4964
f 3500//4964 3682//5243 3698//5268
f 3831//5460 3721//5298 3703//5274
f 5582//8069 5581//8068 5606//8102
f 3911//5567 3890//5540 4012//5707
f 5575//8061 5570//8055 5569//8054
f 4235//6017 4214//5989 4234//6016
f 4081//5800 4065//5780 4099//5828
f 4451//6340 4575//6528 4467//6364
f 4467//6364 4575//6528 4483//6387
f 2305//3172 2365//3253 2320//3195
f 5572//8057 5610//8108 5573//8058
f 5595//8086 5610//8108 5572//8057
f 2167//2965 2168//2966 1957//2674
f 3054//4290 3020//4245 2992//4199
f 5520//7999 5519//7997 5518//7995
f 3081//4331 3054//4290 2992//4199
f 5566//8051 5563//8047 5575//8061
f 4406//6277 4385//6247 4384//6245
f 5583//8070 5606//8102 5584//8071
f 5570//8055 5575//8061 5571//8056
f 3162//4453 3138//4419 2992//4199
f 3682//5243 3697//5267 3698//5268
f 3081//4331 2992//4199 3108//4372
f 2053//2803 2059//2809 2052//2802
f 4316//6143 4315//6142 4335//6171
f 4335//6171 4315//6142 4352//6197
f 4208//5979 4229//6010 4209//5981
f 4187//5950 4208//5979 4209//5981
f 5582//8069 5606//8102 5583//8070
f 2008//2748 2007//2747 2050//2799
f 2050//2799 2007//2747 2049//2798
f 2169//2967 2187//2991 2188//2992
f 2306//3173 2365//3254 2305//3172
f 3972//5649 3953//5624 4012//5707
f 3953//5624 3931//5594 4012//5707
f 3992//5676 4012//5707 4013//5708
f 3742//5326 3721//5298 3831//5460
f 7496//10326 2365//3254 2280//3133
f 2052//2802 2059//2809 2051//2801
f 4030//5731 4012//5707 4099//5828
f 4030//5731 4099//5828 4050//5759
f 3602//5119 3500//4964 3581//5088
f 3621//5151 3500//4964 3602//5119
f 4013//5708 4012//5707 4030//5731
f 3972//5649 4012//5707 3992//5676
f 3779//5383 3803//5419 3736//5320
f 3625//5155 3624//5154 3645//5186
f 5588//8077 5610//8108 5589//8078
f 5587//8076 5610//8108 5588//8077
f 2992//4199 3020//4245 3021//4247
f 4235//6017 4215//5990 4214//5989
f 3736//5320 3803//5419 3824//5451
f 5606//8101 5597//8089 5585//8072
f 2059//2810 2023//2764 2051//2801
f 5575//8061 5576//8063 5571//8056
f 5610//8108 5586//8074 5601//8093
f 3522//4998 3540//5026 3564//5063
f 3736//5320 3824//5451 3846//5482
f 1957//2674 2143//2930 2167//2965
f 5606//8102 5585//8072 5584//8071
f 5610//8108 5587//8076 5586//8074
f 2209//3021 2166//2964 2138//2922
f 3624//5154 7488//10317 3645//5186
f 2365//3253 2339//3222 2320//3195
f 4209//5981 4288//6096 7506//10338
f 5565//8049 5561//8045 5546//8026
f 2992//4199 3138//4419 3108//4372
f 5518//7995 5527//8007 5520//7999
f 5562//8046 5434//7862 5561//8045
f 5455//7892 5434//7862 5562//8046
f 3602//5119 3581//5088 3903//5559
f 3903//5559 3581//5088 3885//5535
f 5563//8047 5455//7892 5562//8046
f 3581//5088 3564//5063 3885//5535
f 3944//5613 3621//5151 3925//5588
f 5456//7894 5455//7892 5563//8047
f 3640//5180 3621//5151 3944//5613
f 3867//5511 3564//5063 3845//5481
f 3564//5063 3540//5026 3845//5481
f 5430//7854 5429//7852 5544//8024
f 5457//7896 5456//7894 5563//8047
f 5544//8024 5429//7852 5529//8009
f 5429//7852 5428//7850 5529//8009
f 4135//5879 4151//5902 5591//8080
f 5591//8080 4905//7046 5590//8079
f 4551//6490 4063//5778 4529//6458
f 3661//5212 3640//5180 3965//5642
f 3802//5418 7459//10288 3778//5382
f 3984//5667 3661//5212 3965//5642
f 4406//6277 4384//6245 5549//8032
f 3778//5382 7460//10289 3753//5347
f 5549//8032 4384//6245 5547//8028
f 4384//6246 4385//6248 5547//8029
f 3753//5347 7461//10290 3734//5318
f 3803//5419 3779//5383 4150//5901
f 4114//5851 3735//5319 4094//5821
f 5591//8080 4876//7003 4905//7046
f 3755//5350 3735//5319 4114//5851
f 4905//7046 4928//7085 5590//8079
f 3715//5292 7462//10291 3696//5266
f 4167//5924 3803//5419 4150//5901
f 7463//10292 3393//4801 3696//5266
f 5449//7881 5448//7879 5577//8064
f 3824//5451 3803//5419 4167//5924
f 5578//8065 5449//7881 5577//8064
f 5547//8028 4385//6247 5564//8048
f 4385//6247 4366//6218 5564//8048
f 3681//5242 7464//10293 3660//5211
f 3682//5243 3661//5212 3984//5667
f 4077//5796 4063//5778 4591//6553
f 3660//5211 7465//10294 3637//5175
f 4366//6218 7506//10338 5564//8048
f 5197//7484 5250//7560 5599//8091
f 5591//8080 4850//6964 4876//7003
f 4044//5751 4026//5727 4478//6381
f 4590//6551 4077//5796 4591//6553
f 3620//5150 3302//4658 3601//5118
f 5257//7573 5256//7571 5517//7994
f 3302//4658 7468//10297 3601//5118
f 5256//7571 5208//7500 7467//10296
f 7468//10297 3227//4545 3563//5062
f 5208//7500 5207//7498 7469//10298
f 5567//8052 5458//7898 5566//8051
f 3868//5512 3846//5482 4207//5978
f 4005//5699 3682//5243 3984//5667
f 5459//7900 5458//7898 5567//8052
f 5517//7994 5164//7435 5499//7964
f 3697//5267 3682//5243 4005//5699
f 5164//7435 5163//7433 5499//7964
f 3521//4997 7526//10359 3498//4962
f 5163//7433 5162//7431 5499//7964
f 5568//8053 5459//7900 5567//8052
f 4025//5726 3697//5267 4005//5699
f 5162//7431 5123//7371 5499//7964
f 3478//4931 7470//10299 3457//4897
f 5571//8056 5463//7908 5570//8055
f 5123//7371 5122//7369 5488//7945
f 3457//4897 7526//10359 3436//4865
f 5122//7369 5089//7319 5488//7945
f 3436//4865 7471//10300 3417//4839
f 3621//5151 3602//5119 3925//5588
f 4096//5824 4077//5796 4608//6578
f 5089//7319 5088//7317 5488//7945
f 4227//6008 3868//5512 4207//5978
f 5591//8080 4828//6930 4850//6964
f 5088//7317 5059//7274 5488//7945
f 3698//5268 3697//5267 4025//5726
f 5059//7274 5058//7272 5488//7945
f 3373//4770 7526//10359 3351//4734
f 5488//7945 5058//7272 7503//10335
f 3886//5536 3868//5512 4227//6008
f 5592//8082 4187//5950 5591//8080
f 4529//6458 4063//5778 4512//6432
f 5003//7190 5002//7188 7472//10301
f 5595//8086 4229//6010 5594//8085
f 4187//5950 4135//5880 5591//8081
f 4208//5980 4187//5951 5592//8083
f 4624//6603 4096//5824 4608//6578
f 4642//6632 4096//5824 4624//6603
f 5584//8071 5421//7840 5583//8070
f 5569//8054 5460//7902 5568//8053
f 4329//6163 3926//5589 4308//6130
f 5381//7772 5421//7840 5584//8071
f 3945//5614 3926//5589 4329//6163
f 5024//7221 5049//7258 5588//8077
f 4349//6194 3945//5614 4329//6163
f 5382//7774 5381//7772 5584//8071
f 5585//8073 5382//7774 5584//8071
f 3226//4544 7473//10302 3202//4510
f 5383//7776 5382//7774 5585//8073
f 4659//6657 4096//5824 4642//6632
f 3966//5643 3945//5614 4365//6217
f 5597//8089 5383//7776 5585//8073
f 4911//7057 4885//7017 7474//10303
f 5461//7904 5460//7902 5569//8054
f 7514//10347 2695//3741 3174//4472
f 4885//7017 4858//6977 7475//10304
f 3174//4473 2695//3740 3153//4441
f 5025//7223 5024//7221 5588//8077
f 3716//5293 3698//5268 4043//5750
f 4116//5854 4096//5824 4659//6657
f 4382//6243 3966//5643 4365//6217
f 2695//3740 7479//10308 3124//4397
f 5318//7667 5383//7776 5597//8089
f 3124//4397 7479//10308 3098//4358
f 4062//5777 3716//5293 4043//5750
f 3985//5668 3966//5643 4382//6243
f 5462//7906 5461//7904 5569//8054
f 5594//8085 4229//6010 5593//8084
f 3097//4356 7476//10305 3069//4316
f 4063//5778 4044//5751 4512//6432
f 5589//8078 5025//7223 5588//8077
f 4789//6864 4788//6862 7515//10348
f 5570//8055 5462//7906 5569//8054
f 5199//7488 5198//7486 5600//8092
f 7515//10348 4788//6862 5454//7890
f 4675//6679 4116//5854 4659//6657
f 3036//4268 7477//10306 3006//4225
f 4229//6010 4208//5979 5593//8084
f 4006//5700 3985//5668 4428//6308
f 4094//5821 3716//5293 4062//5777
f 3735//5319 3716//5293 4094//5821
f 4512//6432 4044//5751 4495//6408
f 4746//6789 4727//6760 7480//10309
f 3005//4223 7478//10307 2982//4183
f 4727//6760 4709//6734 7480//10309
f 2982//4183 7479//10308 2957//4138
f 4988//7168 5025//7223 5589//8078
f 4709//6734 4684//6693 7481//10310
f 4447//6336 4006//5700 4428//6308
f 4697//6712 4116//5854 4675//6679
f 4989//7170 4988//7168 5589//8078
f 5593//8084 4208//5979 5592//8082
f 4696//6710 4116//5854 4697//6712
f 4026//5727 4006//5700 4447//6336
f 5198//7486 5197//7484 5600//8092
f 4958//7129 4989//7170 5589//8078
f 5463//7908 5462//7906 5570//8055
f 3498//4962 7482//10311 3478//4931
f 5591//8080 4151//5902 4828//6930
f 4151//5902 4740//6780 4762//6814
f 4608//6578 4077//5796 4590//6551
f 2907//4058 7483//10312 2906//4056
f 4495//6408 4044//5751 4478//6381
f 4478//6381 4026//5727 4462//6357
f 2906//4056 7484//10313 2880//4016
f 5600//8092 5197//7484 5599//8091
f 4628//6609 4612//6584 7480//10309
f 5590//8079 4958//7129 5589//8078
f 3734//5318 7485//10314 3715//5292
f 4151//5902 4762//6814 4780//6842
f 3098//4358 7486//10315 3097//4356
f 3645//5186 2080//2840 3625//5155
f 2080//2840 2079//2838 3625//5155
f 3625//5156 2079//2839 3624//5154
f 7487//10316 2308//3176 2806//3907
f 3624//5154 2079//2838 3589//5100
f 2806//3907 2308//3176 2772//3857
f 2079//2838 7457//10284 3589//5100
f 2320//3195 2339//3222 3020//4245
f 4555//6495 4539//6471 4910//7055
f 2772//3857 2308//3176 2771//3855
f 4539//6471 4518//6441 4910//7055
f 2771//3855 2308//3176 2735//3801
f 4518//6441 4501//6416 4910//7055
f 2735//3801 2308//3176 2734//3799
f 4501//6416 4484//6389 4910//7055
f 2734//3799 2308//3176 2733//3797
f 4484//6389 4468//6366 4910//7055
f 4910//7055 4468//6366 4680//6687
f 2427//3354 2023//2764 2426//3352
f 2308//3176 2248//3081 2692//3733
f 2692//3733 2248//3081 2691//3731
f 4452//6342 4434//6316 4680//6687
f 3507//4974 2138//2923 3484//4940
f 3484//4939 2138//2922 3464//4909
f 4434//6316 4416//6290 4680//6687
f 2138//2922 2166//2964 3464//4909
f 2081//2841 2080//2840 3645//5186
f 4353//6199 4336//6173 4554//6493
f 4336//6173 4317//6145 4554//6493
f 4317//6145 4296//6112 4554//6493
f 2188//2992 2187//2991 2518//3479
f 3054//4290 2320//3195 3020//4245
f 4100//5829 3723//5301 4081//5800
f 4275//6078 4257//6049 7490//10320
f 4237//6020 4216//5992 4483//6387
f 2450//3382 2167//2965 2449//3380
f 2167//2965 2143//2930 2449//3380
f 4216//5992 4196//5962 4483//6387
f 2449//3380 2143//2930 2448//3378
f 4483//6387 4196//5962 4467//6364
f 2143//2930 2142//2929 2448//3378
f 2448//3378 2142//2929 2447//3376
f 4467//6364 4174//5932 4451//6340
f 2142//2929 2141//2928 2447//3376
f 4174//5932 4156//5908 4451//6340
f 2447//3376 2141//2928 2413//3330
f 4451//6340 4156//5908 4433//6314
f 3721//5298 2046//2794 3703//5274
f 2047//2795 2046//2794 3721//5298
f 4433//6314 4139//5885 4415//6288
f 3742//5326 2047//2795 3721//5298
f 4139//5885 4121//5860 4415//6288
f 2412//3328 2108//2878 2411//3326
f 4415//6288 4121//5860 4392//6256
f 2108//2878 2107//2877 2411//3326
f 4121//5860 4101//5831 4392//6256
f 2411//3326 2107//2877 2410//3324
f 4392//6256 4101//5831 4370//6225
f 4101//5831 4082//5802 4370//6225
f 3831//5461 2048//2797 3742//5327
f 3789//5398 2048//2796 3831//5460
f 4082//5802 4051//5761 4370//6225
f 3811//5430 2049//2798 3789//5398
f 4370//6225 4051//5761 4352//6197
f 2085//2846 2084//2845 2408//3320
f 2018//2759 2017//2758 2528//3494
f 2408//3320 2084//2845 2407//3318
f 3832//5462 2050//2799 3811//5430
f 2084//2845 2083//2844 2407//3318
f 4031//5733 4014//5710 4335//6171
f 3083//4336 2050//2799 3832//5462
f 4335//6171 4014//5710 4316//6143
f 3055//4293 2050//2799 3083//4336
f 4014//5710 3993//5678 4316//6143
f 2528//3494 2017//2758 2527//3492
f 3022//4250 2050//2799 3055//4293
f 3109//4374 3082//4334 3832//5462
f 2993//4202 2050//2799 3022//4250
f 3139//4422 3109//4374 3832//5462
f 2082//2843 2058//2808 2403//3311
f 2994//4204 2050//2799 2993//4202
f 2403//3311 2058//2808 2402//3309
f 3163//4456 3139//4422 3832//5462
f 2058//2808 2057//2807 2402//3309
f 2017//2758 2016//2757 2527//3492
f 2402//3309 2057//2807 2401//3307
f 7491//10321 3163//4456 3832//5462
f 2057//2807 2056//2806 2401//3307
f 3932//5596 3912//5569 4235//6017
f 2401//3307 2056//2806 2400//3305
f 4235//6017 3912//5569 4215//5990
f 2056//2806 2055//2805 2400//3305
f 3912//5569 3891//5542 4215//5990
f 2400//3305 2055//2805 2399//3303
f 3021//4247 2365//3253 2992//4199
f 3591//5103 7492//10322 3992//5676
f 2399//3303 2054//2804 2398//3301
f 3190//4491 7493//10323 3855//5493
f 2054//2804 2053//2803 2398//3301
f 3213//4525 3190//4491 3855//5493
f 2398//3301 2053//2803 2397//3299
f 3243//4568 3213//4525 3855//5493
f 2888//4029 2008//2748 2918//4077
f 2009//2750 2008//2748 2888//4029
f 2339//3222 2365//3253 3021//4247
f 3020//4246 2339//3223 3021//4248
f 2052//2802 2051//2801 2396//3297
f 3464//4909 2166//2964 3443//4874
f 2396//3297 2051//2801 2428//3356
f 7494//10324 3552//5045 3992//5676
f 2051//2801 2023//2764 2428//3356
f 2889//4031 2009//2750 2888//4029
f 2428//3356 2023//2764 2427//3354
f 3873//5517 3267//4604 3855//5493
f 3290//4641 3267//4604 3873//5517
f 7488//10318 2081//2842 3645//5187
f 2858//3983 2009//2750 2889//4031
f 2010//2751 2009//2750 2860//3986
f 3743//5329 3723//5301 4100//5829
f 2825//3932 2010//2751 2860//3986
f 3336//4711 7495//10325 3873//5517
f 3723//5301 3704//5276 4081//5800
f 2305//3172 2320//3195 3081//4331
f 3108//4372 2305//3172 3081//4331
f 2021//2762 2020//2761 2464//3403
f 2306//3173 2305//3172 3108//4372
f 2464//3403 2020//2761 2463//3401
f 4065//5780 3685//5250 4050//5759
f 2020//2761 2019//2760 2463//3401
f 3685//5250 3670//5226 4050//5759
f 2048//2796 2047//2795 3742//5326
f 3528//5007 3508//4976 3953//5624
f 3670//5226 3648//5192 4050//5759
f 3361//4752 3336//4711 3873//5517
f 2050//2799 2049//2798 3811//5430
f 2011//2752 2010//2751 2826//3934
f 2782//3871 2011//2752 2826//3934
f 3082//4334 3083//4336 3832//5462
f 2008//2749 2050//2800 2994//4205
f 3855//5493 7497//10328 3832//5462
f 2968//4159 2008//2748 2994//4204
f 2527//3492 2016//2757 2590//3581
f 2704//3753 2012//2753 2745//3815
f 3267//4604 3243//4568 3855//5493
f 3425//4849 3405//4821 3911//5567
f 3444//4877 3425//4849 3911//5567
f 2860//3986 2009//2750 2858//3983
f 2826//3934 2010//2751 2825//3932
f 3552//5045 3528//5007 3972//5649
f 3972//5649 3528//5007 3953//5624
f 2745//3815 2012//2753 2744//3813
f 2706//3757 2013//2754 2705//3755
f 2655//3677 2014//2755 2706//3757
f 3485//4942 3466//4912 3931//5594
f 2014//2755 2013//2754 2706//3757
f 3466//4912 3444//4877 3931//5594
f 3953//5624 3485//4942 3931//5594
f 3508//4976 3485//4942 3953//5624
f 4296//6112 4275//6078 7489//10319
f 2016//2757 2015//2756 2589//3579
f 3931//5594 3444//4877 3911//5567
f 3856//5495 3834//5465 4172//5929
f 4274//6076 3954//5626 4256//6047
f 4013//5708 3591//5103 3992//5676
f 2083//2844 2082//2843 2405//3315
f 3911//5567 3405//4821 3890//5540
f 2106//2876 2085//2846 2409//3322
f 3405//4821 3380//4781 3890//5540
f 2409//3322 2085//2846 2408//3320
f 3380//4781 3361//4752 3890//5540
f 2462//3399 2018//2759 2530//3498
f 3890//5540 3361//4752 3873//5517
f 2109//2879 2108//2878 2412//3328
f 2656//3679 2014//2755 2655//3677
f 4554//6493 4296//6112 7489//10319
f 2426//3352 2022//2763 2425//3350
f 2691//3731 2248//3081 2642//3661
f 3992//5676 3552//5045 3972//5649
f 4393//6258 4371//6227 4627//6607
f 7499//10331 3290//4641 3873//5517
f 4138//5883 3791//5401 4120//5858
f 4154//5905 3812//5432 4138//5883
f 3812//5432 3791//5401 4138//5883
f 2589//3579 2015//2756 2588//3577
f 2053//2803 2052//2802 2397//3299
f 4194//5959 3856//5495 4172//5929
f 3874//5519 3856//5495 4194//5959
f 4214//5989 3874//5519 4194//5959
f 2918//4077 2008//2748 2944//4118
f 3891//5542 3874//5519 4214//5989
f 2944//4118 2008//2748 7500//10332
f 2590//3581 2016//2757 2589//3579
f 7501//10333 2008//2748 2968//4159
f 3954//5626 3932//5596 4256//6047
f 4256//6047 3932//5596 4235//6017
f 3608//5133 3591//5103 4013//5708
f 3973//5651 3954//5626 4274//6076
f 4295//6110 3973//5651 4274//6076
f 3993//5678 3973//5651 4295//6110
f 4316//6143 3993//5678 4295//6110
f 2405//3315 2082//2843 2404//3313
f 4030//5731 3608//5133 4013//5708
f 2407//3318 2083//2844 2405//3315
f 4352//6197 4031//5733 4335//6171
f 4051//5761 4031//5733 4352//6197
f 3626//5158 3608//5133 4030//5731
f 2410//3324 2106//2876 2409//3322
f 4050//5759 3626//5158 4030//5731
f 2049//2798 2048//2796 3789//5398
f 3648//5192 3626//5158 4050//5759
f 2107//2877 2106//2876 2410//3324
f 2530//3498 2018//2759 2528//3494
f 2413//3330 2109//2879 2412//3328
f 4156//5908 4139//5885 4433//6314
f 2141//2928 2109//2879 2413//3330
f 2019//2760 2018//2759 2462//3399
f 2576//3557 2211//3025 2575//3555
f 2189//2993 2211//3025 2576//3557
f 4627//6607 4353//6199 4554//6493
f 2577//3559 2189//2993 2576//3557
f 4416//6290 4393//6258 4680//6687
f 2641//3659 2228//3049 2640//3657
f 4680//6687 4393//6258 4627//6607
f 4578//6533 4576//6530 4910//7055
f 2642//3661 2228//3049 2641//3659
f 2248//3081 2228//3049 2642//3661
f 4120//5858 3767//5365 4100//5829
f 3767//5365 3743//5329 4100//5829
f 2023//2764 2022//2763 2426//3352
f 2733//3797 2308//3176 2692//3733
f 3791//5401 3767//5365 4120//5858
f 3351//4734 7502//10334 3325//4694
f 3443//4875 2209//3022 7498//10330
f 3392//4800 7526//10359 3373//4770
f 4151//5902 4780//6842 4807//6893
f 4151//5902 4807//6893 4806//6891
f 4151//5902 4806//6891 4828//6930
f 5590//8079 4927//7083 4958//7129
f 5590//8079 4928//7085 4927//7083
f 4740//6780 4134//5878 4722//6753
f 3301//4657 3125//4399 3279//4624
f 5002//7188 4969//7143 7504//10336
f 4134//5878 4696//6710 4722//6753
f 4591//6553 4063//5778 4569//6519
f 5115//7360 5153//7416 5586//8074
f 4569//6519 4063//5778 4551//6490
f 5586//8075 5153//7417 5601//8094
f 7496//10327 2280//3134 3162//4454
f 3162//4454 2280//3134 3138//4420
f 2280//3133 2365//3254 3138//4419
f 3325//4694 7505//10337 3301//4657
f 5080//7307 5116//7362 5587//8076
f 5598//8090 5320//7671 5597//8089
f 5320//7671 5319//7669 5597//8089
f 3081//4332 2320//3196 3054//4291
f 4428//6308 3985//5668 4405//6275
f 5319//7669 5318//7667 5597//8089
f 4249//6037 4229//6010 5595//8086
f 4365//6217 3945//5614 4349//6194
f 3926//5589 3904//5560 4308//6130
f 5421//7840 5420//7838 5583//8070
f 4308//6130 3904//5560 4287//6095
f 3904//5560 3886//5536 4287//6095
f 5420//7838 5419//7836 5582//8069
f 4287//6095 3886//5536 4268//6068
f 2365//3255 2824//3930 2992//4200
f 5582//8069 5419//7836 5581//8068
f 7506//10338 4288//6096 5574//8060
f 4288//6096 4270//6070 5573//8058
f 5419//7836 5418//7834 5581//8068
f 4268//6068 3886//5536 4248//6036
f 5418//7834 5452//7887 5581//8068
f 5581//8068 5452//7887 5580//8067
f 4248//6036 3886//5536 4227//6008
f 4597//6562 4578//6533 4910//7055
f 7480//10309 4597//6562 4910//7055
f 4612//6584 4597//6562 7480//10309
f 2880//4016 7487//10316 2879//4014
f 4647//6639 4628//6609 7507//10339
f 4662//6661 4647//6639 7508//10340
f 3227//4545 7526//10359 3521//4997
f 4682//6690 4662//6661 7509//10341
f 5580//8067 5451//7885 5579//8066
f 5451//7885 5450//7883 5579//8066
f 4185//5948 3824//5451 4167//5924
f 5579//8066 5450//7883 5578//8065
f 4684//6693 4682//6690 7510//10342
f 5448//7879 5447//7877 5577//8064
f 5572//8057 4249//6037 5595//8086
f 5577//8064 5447//7877 5576//8063
f 5574//8059 4288//6096 5573//8058
f 3006//4225 7511//10343 3005//4223
f 4767//6822 4746//6789 5454//7890
f 4788//6862 4767//6822 5454//7890
f 4270//6070 4249//6037 5572//8057
f 4812//6900 4789//6864 7512//10344
f 3153//4441 2695//3740 3124//4397
f 4858//6977 4835//6940 7513//10345
f 5509//7979 4911//7057 7515//10348
f 5331//7688 5330//7686 7516//10349
f 5460//7902 5459//7900 5568//8053
f 4968//7141 4938//7098 7503//10335
f 5566//8051 5457//7896 5563//8047
f 3279//4624 3125//4399 3254//4584
f 4969//7143 4968//7141 7517//10350
f 4151//5902 4134//5878 4740//6780
f 5511//7982 5331//7688 7518//10351
f 5153//7416 5152//7414 5601//8093
f 5332//7690 5331//7688 5511//7982
f 4462//6357 4026//5727 4447//6336
f 3393//4801 7519//10352 3681//5242
f 5561//8045 5432//7859 5546//8026
f 5432//7859 5431//7856 5546//8026
f 5434//7862 5432//7859 5561//8045
f 3845//5481 3540//5026 3823//5450
f 5452//7887 5451//7885 5580//8067
f 5545//8025 5430//7854 5544//8024
f 3885//5535 3564//5063 3867//5511
f 5499//7964 5123//7371 5488//7945
f 3823//5450 3499//4963 3802//5418
f 5447//7877 5446//7875 5576//8063
f 3522//4998 3499//4963 3823//5450
f 5446//7875 5463//7908 5571//8056
f 5576//8063 5446//7875 5571//8056
f 3696//5266 3393//4801 3681//5242
f 5258//7575 5257//7573 5517//7994
f 5389//7787 5332//7690 5511//7982
f 5518//7995 5389//7787 5511//7982
f 5428//7850 5427//7848 5528//8008
f 5528//8008 5427//7848 5527//8007
f 3925//5588 3602//5119 3903//5559
f 3499//4963 7520//10353 3802//5418
f 3540//5026 3522//4998 3823//5450
f 5390//7789 5389//7787 5518//7995
f 5529//8009 5428//7850 5528//8008
f 5519//7998 5390//7790 5518//7996
f 5391//7792 5390//7789 5519//7997
f 5527//8007 5392//7794 5520//7999
f 5392//7794 5391//7792 5520//7999
f 5520//7999 5391//7792 5519//7997
f 5427//7848 5392//7794 5527//8007
f 5330//7686 5258//7575 7521//10354
f 7479//10308 2414//3332 2957//4138
f 3125//4399 7514//10346 3254//4584
f 3069//4316 7522//10355 3036//4268
f 7466//10295 3302//4658 3620//5150
f 3637//5175 7466//10295 3620//5150
f 2957//4138 2414//3332 2936//4104
f 3703//5274 2045//2793 7527//10360
f 4081//5800 3704//5276 4065//5780
f 2516//3475 2169//2967 2451//3384
f 5431//7856 5430//7854 5545//8025
f 5565//8049 5431//7856 5545//8025
f 5546//8027 5431//7857 5565//8050
f 4257//6049 4237//6020 7523//10356
f 2187//2991 2169//2967 2516//3475
f 2451//3384 2168//2966 2450//3382
f 3254//4584 7514//10346 3226//4544
f 3965//5642 3640//5180 3944//5613
f 7503//10335 4938//7098 5509//7979
f 5458//7898 5457//7896 5566//8051
f 4938//7098 4911//7057 5509//7979
f 4043//5750 3698//5268 4025//5726
f 3563//5062 3227//4545 3539//5025
f 4132//5876 3755//5350 4114//5851
f 3779//5383 3755//5350 4132//5876
f 2414//3332 7487//10316 2936//4104
f 5450//7883 5449//7881 5578//8065
f 3846//5482 3824//5451 4185//5948
f 5207//7498 5164//7435 5517//7994
f 4207//5978 3846//5482 4185//5948
f 2936//4104 7524//10357 2907//4058
f 3539//5025 3227//4545 3521//4997
f 4468//6366 4452//6342 4680//6687
f 2640//3657 2228//3049 2577//3559
f 2228//3049 2189//2993 2577//3559
f 4371//6227 4353//6199 4627//6607
f 2169//2967 2168//2966 2451//3384
f 2166//2964 2209//3021 3443//4874
f 7525//10358 4237//6020 4483//6387
f 2168//2966 2167//2965 2450//3382
f 4196//5962 4174//5932 4467//6364
f 5583//8070 5420//7838 5582//8069
f 4215//5990 3891//5542 4214//5989
f 2055//2805 2054//2804 2399//3303
f 2397//3299 2052//2802 2396//3297
f 4172//5929 3834//5465 4154//5905
f 3834//5465 3812//5432 4154//5905
f 3704//5276 3685//5250 4065//5780
f 3138//4419 2306//3173 3108//4372
f 2463//3401 2019//2760 2462//3399
f 2046//2794 2045//2793 3703//5274
f 5249//7558 5320//7671 5598//8090
f 5599//8091 5249//7558 5598//8090
f 2365//3256 2306//3174 3138//4420
f 5250//7560 5249//7558 5599//8091
f 5601//8093 5199//7488 5600//8092
f 5152//7414 5199//7488 5601//8093
f 2588//3577 2014//2755 2656//3679
f 2705//3755 2013//2754 2704//3753
f 2744//3813 2011//2752 2782//3871
f 2013//2754 2012//2753 2704//3753
f 5116//7362 5115//7360 5586//8074
f 5587//8076 5116//7362 5586//8074
f 2012//2753 2011//2752 2744//3813
f 7526//10359 3125//4399 3301//4657
f 5588//8077 5080//7307 5587//8076
f 5049//7258 5080//7307 5588//8077
f 4576//6530 4555//6495 4910//7055
f 5573//8058 4270//6070 5572//8057
f 7458//10287 4406//6277 5549//8032
f 4150//5901 3779//5383 4132//5876
f 3417//4839 7528//10361 3392//4800
f 4405//6275 3985//5668 4382//6243
f 5454//7890 4746//6789 7480//10309
f 2211//3025 2188//2992 2575//3555
f 2575//3555 2188//2992 2518//3479
f 4134//5878 4116//5854 4696//6710
f 2517//3477 2187//2991 2516//3475
f 2518//3479 2187//2991 2517//3477
f 2404//3313 2082//2843 2403//3311
f 2425//3350 2022//2763 2424//3348
f 2022//2763 2021//2762 2424//3348
f 2424//3348 2021//2762 2464//3403
f 2015//2756 2014//2755 2588//3577
