# PadForge: shell re-filed to the part it belongs to
o Decal
v 59.349033 -22.711365 25.715443
v 59.203960 -22.701529 25.982880
v 58.543255 -22.897831 25.457220
v 58.742062 -22.890444 25.253695
v 59.518047 -22.721066 25.402887
v 58.974575 -22.876411 25.020676
v 60.179283 -22.501881 25.656689
v 60.071983 -22.496584 26.044289
v 59.972576 -22.467951 26.371124
v 58.290688 -23.023649 24.645641
v 58.027565 -23.051451 24.794994
v 57.650520 -23.163116 24.034250
v 57.974258 -23.117405 23.932131
v 58.602081 -22.982630 24.478809
v 58.357159 -23.053318 23.822460
v 57.778156 -23.176123 23.151581
v 57.422031 -23.232487 23.201086
v 57.342449 -23.256784 22.333380
v 57.711330 -23.196903 22.337864
v 58.201740 -23.098713 23.099476
v 58.148655 -23.115040 22.343386
v 57.785675 -23.176363 21.523458
v 57.429966 -23.232731 21.465370
v 57.667343 -23.163256 20.631023
v 57.990200 -23.117598 20.741131
v 58.208954 -23.098972 21.586143
v 58.372448 -23.053591 20.860664
v 58.316906 -23.023254 20.024818
v 58.055119 -23.050827 19.867971
v 58.579533 -22.897018 19.203398
v 58.776272 -22.889885 19.414272
v 58.627071 -22.982531 20.201214
v 59.006535 -22.876316 19.657024
v 59.384300 -22.712158 18.951359
v 59.242977 -22.702188 18.676361
v 60.007599 -22.471479 18.287157
v 60.102261 -22.500099 18.621819
v 59.548775 -22.722454 19.274572
v 60.210926 -22.532539 19.017487
v 60.893368 -22.265659 18.415640
v 60.848576 -22.216990 18.049198
v 61.728779 -21.947535 17.963247
v 61.723454 -22.018894 18.341499
v 60.947456 -22.321150 18.852119
v 61.723038 -22.098280 18.791389
v 62.559731 -21.768995 18.411228
v 62.615555 -21.673933 18.046917
v 63.473156 -21.405460 18.284685
v 63.369869 -21.526525 18.614498
v 62.503971 -21.873060 18.846577
v 63.258457 -21.654819 19.008354
v 64.119568 -21.299326 18.945288
v 64.264267 -21.155939 18.677010
v 64.954330 -20.935009 19.209019
v 64.760361 -21.101225 19.412872
v 63.953449 -21.451935 19.266014
v 64.529152 -21.279295 19.652719
v 65.246567 -20.951748 20.028461
v 65.505730 -20.762299 19.876715
v 65.915382 -20.634792 20.640884
v 65.593872 -20.845890 20.747940
v 64.932106 -21.157469 20.202778
v 65.203262 -21.076027 20.866409
v 65.812744 -20.779463 21.529291
v 66.168709 -20.557821 21.473129
v 66.264404 -20.527363 22.335691
v 65.892296 -20.755447 22.340340
v 65.378304 -21.023592 21.591476
v 65.444405 -21.003466 22.345915
v 65.826691 -20.773560 23.150089
v 66.184196 -20.551609 23.197098
v 65.944916 -20.622324 24.026297
v 65.620544 -20.834244 23.927847
v 65.390198 -21.018042 23.099039
v 65.226128 -21.065218 23.819855
v 65.283638 -20.934917 24.641584
v 65.546494 -20.743917 24.786257
v 65.001701 -20.912333 25.450180
v 64.803398 -21.080542 25.252213
v 64.963402 -21.141151 24.475746
v 64.563210 -21.254160 25.018318
v 64.158073 -21.266027 25.715919
v 64.309975 -21.128635 25.979675
v 63.505192 -21.368587 26.368759
v 63.398823 -21.487532 26.046652
v 63.985821 -21.417179 25.402878
v 63.283741 -21.616495 25.662653
v 62.568932 -21.731794 26.251530
v 62.624641 -21.634348 26.605165
v 61.713638 -21.907457 26.687145
v 61.710464 -21.984257 26.321650
v 62.511799 -21.836588 25.826939
v 61.711254 -22.064947 25.883829
v 60.865673 -22.233265 26.246445
v 60.824650 -22.209055 26.608385
v 60.923054 -22.289829 25.822990
v 53.227428 -23.056320 36.276890
v 53.462902 -22.970795 36.408470
v 52.935982 -23.014967 37.073524
v 52.755527 -23.095215 36.895355
v 52.934494 -23.157867 36.116714
v 52.532921 -23.190918 36.671234
v 53.212841 -23.140564 35.453751
v 53.571762 -23.032604 35.559380
v 53.853050 -22.943821 35.645908
v 52.144142 -23.148705 37.376534
v 52.274265 -23.073471 37.605030
v 51.513252 -23.138350 37.999580
v 51.430828 -23.208244 37.729511
v 51.988052 -23.236961 37.084473
v 51.331726 -23.291651 37.372982
v 50.639248 -23.272573 37.943607
v 50.678040 -23.206490 38.239029
v 49.807495 -23.273752 38.323780
v 49.810593 -23.336329 38.020489
v 50.594688 -23.350723 37.554153
v 49.817059 -23.411356 37.616375
v 48.981956 -23.399727 37.938679
v 48.937012 -23.339830 38.236656
v 48.101353 -23.403738 37.995720
v 48.189220 -23.460442 37.721481
v 49.039154 -23.470758 37.547871
v 48.300117 -23.528330 37.362759
v 47.473232 -23.520994 37.369049
v 47.339214 -23.467739 37.601460
v 46.675705 -23.528757 37.070980
v 46.858116 -23.577061 36.890015
v 47.638763 -23.583406 37.074924
v 47.088318 -23.633951 36.664280
v 46.383316 -23.629257 36.273052
v 46.147327 -23.586784 36.406586
v 45.755634 -23.639503 35.644238
v 46.036140 -23.675831 35.556396
v 46.683167 -23.677883 36.111507
v 46.402355 -23.717506 35.449512
v 45.824333 -23.719305 34.763626
v 45.517368 -23.687160 34.808792
v 45.432098 -23.725626 33.938709
v 45.746319 -23.755013 33.935131
v 46.224266 -23.755238 34.710087
v 46.160648 -23.788019 33.931942
v 45.823715 -23.781097 33.106991
v 45.517082 -23.752497 33.068855
v 45.755054 -23.767057 32.233833
v 46.034924 -23.796268 32.314976
v 46.223503 -23.812809 33.154163
v 46.400974 -23.829401 32.415855
v 46.381744 -23.801735 31.599636
v 46.146484 -23.769997 31.472254
v 46.674587 -23.759291 30.808558
v 46.856163 -23.793266 30.983877
v 46.681419 -23.837561 31.755894
v 47.086189 -23.832651 31.205214
v 47.470963 -23.769966 30.506088
v 47.337841 -23.734749 30.278826
v 48.099724 -23.696682 29.885164
v 48.186691 -23.732502 30.154745
v 47.635918 -23.810047 30.795855
v 48.296749 -23.773720 30.509209
v 48.979385 -23.685144 29.939222
v 48.935226 -23.647564 29.645100
v 49.805592 -23.587301 29.558353
v 49.808128 -23.627293 29.858147
v 49.035877 -23.727615 30.325838
v 49.814152 -23.672974 30.258251
v 50.637012 -23.561676 29.934208
v 50.676140 -23.517899 29.642727
v 51.511707 -23.438602 29.881409
v 51.429260 -23.487497 30.146679
v 50.592205 -23.611107 30.319208
v 51.330116 -23.543882 30.498432
v 52.143627 -23.408125 30.499012
v 52.273331 -23.351360 30.275705
v 52.935917 -23.258858 30.807076
v 52.756443 -23.323978 30.979677
v 51.988167 -23.473238 30.785849
v 52.534969 -23.400888 31.198599
v 53.229626 -23.241375 31.598164
v 53.463646 -23.167637 31.472376
v 53.854271 -23.082769 32.235168
v 53.574577 -23.163420 32.315693
v 52.938076 -23.328627 31.752953
v 53.216820 -23.261456 32.416088
v 53.783466 -23.099977 33.109135
v 54.091167 -23.013805 33.070885
v 54.175171 -22.964239 33.940868
v 53.857929 -23.053715 33.937496
v 53.390278 -23.204641 33.155941
v 53.452053 -23.162703 33.935268
v 53.781689 -23.032408 34.766514
v 54.090351 -22.942047 34.810696
v 53.388901 -23.141806 34.713856
v 35.590195 -23.883553 26.039721
v 34.915874 -23.895573 25.480089
v 35.066536 -23.948061 25.328316
v 35.704884 -23.937674 25.846416
v 36.364017 -23.874598 26.448673
v 36.435863 -23.925320 26.235647
v 34.357624 -23.903019 24.806820
v 33.947300 -23.909779 24.035164
v 34.161320 -23.961571 23.961042
v 34.548100 -23.957092 24.689016
v 33.685337 -23.945601 23.201384
v 33.600849 -23.945852 22.328087
v 33.837654 -23.984234 22.330969
v 33.923756 -23.978056 23.162823
v 33.683865 -23.925264 21.456869
v 33.942307 -23.898567 20.619740
v 34.156780 -23.940355 20.699717
v 33.920975 -23.966223 21.497746
v 34.353745 -23.862869 19.848061
v 34.913342 -23.825850 19.173397
v 35.062054 -23.873268 19.330635
v 34.544685 -23.909069 19.969154
v 35.587139 -23.785612 18.614780
v 36.360909 -23.748497 18.202753
v 36.432133 -23.798344 18.425222
v 35.702110 -23.836187 18.812452
v 37.197899 -23.710827 17.944696
v 38.071907 -23.680828 17.861219
v 38.067944 -23.732918 18.106026
v 37.233833 -23.763224 18.189306
v 38.944763 -23.657532 17.945089
v 39.783947 -23.647240 18.203629
v 39.705727 -23.701693 18.426502
v 38.904224 -23.712271 18.190145
v 40.556805 -23.647205 18.615686
v 41.232105 -23.658907 19.175079
v 41.078163 -23.714773 19.332012
v 40.438656 -23.704422 18.814522
v 41.790340 -23.673592 19.848778
v 42.201962 -23.693680 20.621527
v 41.982471 -23.747099 20.700508
v 41.596130 -23.730272 19.971537
v 42.459457 -23.710945 21.457214
v 42.542889 -23.730270 22.329382
v 42.300945 -23.781624 22.331167
v 42.217884 -23.764780 21.499886
v 42.459278 -23.746906 23.200500
v 42.201191 -23.766279 24.038141
v 41.981449 -23.816217 23.963135
v 42.217224 -23.798965 23.164343
v 41.789604 -23.784674 24.810244
v 41.230225 -23.806387 25.485317
v 41.076397 -23.854561 25.332994
v 41.593880 -23.835680 24.694164
v 40.555279 -23.826061 26.044109
v 39.779663 -23.831438 26.453613
v 39.702236 -23.867020 26.235428
v 40.435135 -23.873322 25.851763
v 38.943256 -23.835167 26.710331
v 38.070873 -23.850046 26.794432
v 38.069767 -23.898521 26.556263
v 38.902256 -23.882647 26.471939
v 37.199436 -23.861109 26.710794
v 37.236549 -23.913260 26.470598
v 53.184612 -23.092331 13.023868
v 53.458294 -23.023083 13.176470
v 52.937134 -23.180136 13.834866
v 52.726734 -23.233604 13.625850
v 52.870316 -23.168985 12.848895
v 52.487461 -23.291916 13.382147
v 53.130779 -23.039089 12.201653
v 53.515076 -22.944580 12.318209
v 53.842361 -22.861317 12.418078
v 52.126709 -23.363697 14.083151
v 52.279762 -23.326271 14.355706
v 51.523010 -23.456785 14.739129
v 51.423992 -23.479675 14.412350
v 51.956997 -23.402290 13.764162
v 51.314426 -23.501757 14.022309
v 50.645226 -23.582008 14.613022
v 50.693817 -23.569109 14.972293
v 49.829628 -23.659859 15.055078
v 49.829899 -23.666361 14.685921
v 50.593296 -23.592438 14.185684
v 49.832439 -23.670071 14.243331
v 49.013870 -23.729572 14.611491
v 48.964581 -23.726204 14.971626
v 48.134495 -23.767672 14.738291
v 48.234333 -23.770824 14.410089
v 49.071110 -23.730204 14.183844
v 48.349285 -23.772133 14.019566
v 47.532345 -23.789757 14.081824
v 47.378666 -23.783627 14.355799
v 46.722954 -23.773417 13.836656
v 46.933830 -23.782793 13.626445
v 47.706551 -23.795168 13.762437
v 47.176994 -23.792765 13.382346
v 46.478291 -23.747112 13.026586
v 46.203693 -23.736406 13.180328
v 45.820717 -23.677446 12.423763
v 46.149216 -23.689129 12.322597
v 46.796604 -23.758404 12.850751
v 46.538189 -23.701443 12.204722
v 45.947197 -23.616083 11.541065
v 45.587040 -23.601521 11.593319
v 45.503410 -23.511717 10.727607
v 45.872494 -23.530842 10.722746
v 46.372978 -23.631094 11.479336
v 46.313072 -23.550837 10.714248
v 45.945587 -23.437302 9.904510
v 45.586281 -23.411505 9.861739
v 45.819618 -23.302210 9.030841
v 46.146675 -23.337082 9.123236
v 46.371014 -23.464115 9.949531
v 46.535118 -23.374294 9.225323
v 46.476276 -23.233818 8.419488
v 46.203136 -23.186331 8.273500
v 46.723701 -23.063843 7.615849
v 46.933212 -23.124828 7.818794
v 46.794125 -23.284622 8.581414
v 47.175900 -23.191994 8.050035
v 47.533474 -23.011677 7.359742
v 47.381184 -22.937397 7.094091
v 48.138660 -22.807823 6.709369
v 48.237003 -22.893784 7.028054
v 47.706642 -23.093708 7.665521
v 48.350533 -22.990717 7.403335
v 49.017715 -22.775372 6.825388
v 48.969696 -22.679171 6.475123
v 49.835186 -22.557220 6.392077
v 49.834282 -22.661404 6.751923
v 49.073540 -22.883570 7.237189
v 49.835686 -22.779781 7.178550
v 50.650211 -22.562216 6.827047
v 50.700085 -22.451576 6.475931
v 51.529072 -22.366123 6.710522
v 51.428455 -22.480650 7.030664
v 50.596664 -22.686941 7.239324
v 51.317047 -22.610466 7.406667
v 52.129375 -22.425848 7.361608
v 52.284237 -22.309355 7.094444
v 52.939175 -22.283554 7.614714
v 52.726727 -22.400293 7.819075
v 51.957882 -22.555851 7.668168
v 52.486095 -22.531557 8.051007
v 53.182522 -22.414133 8.417461
v 53.458397 -22.296444 8.270174
v 53.841236 -22.346390 9.025397
v 53.511890 -22.462824 9.119206
v 52.866688 -22.546118 8.580593
v 53.126225 -22.595881 9.222852
v 53.714939 -22.549540 9.899094
v 54.075329 -22.437349 9.854718
v 54.159069 -22.558567 10.720235
v 53.790070 -22.663250 10.717113
v 53.292835 -22.677305 9.946023
v 53.353786 -22.783436 10.710409
v 53.717022 -22.799099 11.535600
v 54.076229 -22.703783 11.586336
v 53.295788 -22.907335 11.475635
v 47.922878 -23.871084 32.008217
v 48.526554 -23.840862 31.950102
v 48.524109 -23.835403 32.592682
v 47.872559 -23.861824 32.606876
v 47.402203 -23.881926 32.016693
v 47.283550 -23.869308 32.588600
v 47.539646 -23.874947 31.638956
v 47.919586 -23.866495 31.496157
v 48.496967 -23.831997 31.372223
v 49.179363 -23.797018 31.905497
v 49.854584 -23.744820 31.885984
v 49.866070 -23.737700 32.568947
v 49.192253 -23.791376 32.578636
v 49.149849 -23.787651 31.284243
v 49.840405 -23.736294 31.251320
v 50.526546 -23.689568 31.904734
v 51.170769 -23.628963 31.948494
v 51.191673 -23.617096 32.593056
v 50.535633 -23.681852 32.578846
v 50.528961 -23.680387 31.281706
v 51.176933 -23.622211 31.367466
v 51.761532 -23.560839 32.005592
v 52.263210 -23.487059 32.012596
v 52.387444 -23.446789 32.589008
v 51.823700 -23.536356 32.607323
v 51.747059 -23.563375 31.489128
v 52.119061 -23.508701 31.633133
v 47.832645 -23.842834 33.255157
v 48.515003 -23.816195 33.257694
v 48.509056 -23.791069 33.930374
v 47.815369 -23.818518 33.932167
v 47.200386 -23.850330 33.240646
v 47.169113 -23.826668 33.931126
v 49.195511 -23.771252 33.252743
v 49.872463 -23.716177 33.251141
v 49.874542 -23.689602 33.929775
v 49.195015 -23.745234 33.931229
v 50.544880 -23.659559 33.253136
v 51.211559 -23.592192 33.258533
v 51.221527 -23.563988 33.931469
v 50.549648 -23.632227 33.931732
v 51.870678 -23.505392 33.256599
v 52.473286 -23.407261 33.242592
v 52.505085 -23.374504 33.933750
v 51.890430 -23.475256 33.934048
v 47.833412 -23.793715 34.606514
v 48.516289 -23.767389 34.605953
v 48.526592 -23.738672 35.269600
v 47.873672 -23.765541 35.258961
v 47.200539 -23.799789 34.622841
v 47.283623 -23.771257 35.274860
v 49.196472 -23.722263 34.607601
v 49.872910 -23.666801 34.612000
v 49.867008 -23.639118 35.293552
v 49.194004 -23.693710 35.286049
v 50.545498 -23.609785 34.608906
v 51.212311 -23.541782 34.608429
v 51.192917 -23.517426 35.273083
v 50.536957 -23.582684 35.287987
v 51.870544 -23.453876 34.609863
v 52.472019 -23.353504 34.626717
v 52.384945 -23.342957 35.279423
v 51.823486 -23.435724 35.263222
v 47.924240 -23.731701 35.858482
v 48.529663 -23.697922 35.916729
v 48.500595 -23.648005 36.496490
v 47.921757 -23.690235 36.374588
v 47.401535 -23.742241 35.852390
v 47.540012 -23.708376 36.230469
v 49.182003 -23.651423 35.959316
v 49.856117 -23.597387 35.980114
v 49.842579 -23.544163 36.616203
v 49.153069 -23.598112 36.583698
v 50.528313 -23.541975 35.960815
v 51.172375 -23.482157 35.919357
v 51.178524 -23.433512 36.499264
v 50.531147 -23.488398 36.585388
v 51.760506 -23.416019 35.861492
v 52.260437 -23.340111 35.855850
v 52.115993 -23.334463 36.233780
v 51.745651 -23.380728 36.377296
v 59.807755 -22.780584 20.457415
v 60.407093 -22.634460 20.404978
v 60.404316 -22.664148 21.040415
v 59.756641 -22.809757 21.047779
v 59.300560 -22.884964 20.461502
v 59.184761 -22.919315 21.026079
v 59.434326 -22.835331 20.090258
v 59.807140 -22.748709 19.956758
v 60.381248 -22.595476 19.841631
v 61.065006 -22.459961 20.363991
v 61.753559 -22.270830 20.346167
v 61.763062 -22.301979 21.024117
v 61.076363 -22.490578 21.031401
v 61.038975 -22.415043 19.758593
v 61.740738 -22.221361 19.727829
v 62.445454 -22.080603 20.365412
v 63.111584 -21.891115 20.408201
v 63.133026 -21.914120 21.045454
v 62.453781 -22.111856 21.033762
v 62.445648 -22.026276 19.758280
v 63.114090 -21.839890 19.841871
v 63.721752 -21.704197 20.463219
v 64.236702 -21.517080 20.468044
v 64.362198 -21.484365 21.035164
v 63.785831 -21.701826 21.055523
v 63.705563 -21.669949 19.958410
v 64.092201 -21.538578 20.093958
v 59.714325 -22.825676 21.691336
v 60.392803 -22.676176 21.701128
v 60.379913 -22.660213 22.369587
v 59.694092 -22.830093 22.363966
v 59.101341 -22.942257 21.671886
v 59.067516 -22.950514 22.355009
v 61.071526 -22.481976 21.701290
v 61.761578 -22.294086 21.701820
v 61.761787 -22.292820 22.374887
v 61.068134 -22.481720 22.374895
v 62.456295 -22.103262 21.702776
v 63.148060 -21.902618 21.704521
v 63.159061 -21.898239 22.370071
v 62.460518 -22.100780 22.375099
v 63.830906 -21.681660 21.696901
v 64.451416 -21.459320 21.678665
v 64.485489 -21.441778 22.357443
v 63.853802 -21.673758 22.365480
v 59.710155 -22.824772 23.030643
v 60.384708 -22.651829 23.036755
v 60.392876 -22.637674 23.685358
v 59.747265 -22.808104 23.670755
v 59.094604 -22.941919 23.037140
v 59.171097 -22.918776 23.677443
v 61.069431 -22.479626 23.042589
v 61.761684 -22.290993 23.048155
v 61.757774 -22.278011 23.712872
v 61.066956 -22.466311 23.704777
v 62.459305 -22.099258 23.042727
v 63.153992 -21.897768 23.036894
v 63.139755 -21.889168 23.684633
v 62.454609 -22.086447 23.704706
v 63.838501 -21.676384 23.030079
v 64.457573 -21.447979 23.036083
v 64.375908 -21.468290 23.672676
v 63.796383 -21.680260 23.667421
v 59.789421 -22.764681 24.249693
v 60.390820 -22.606905 24.309778
v 60.359661 -22.566214 24.857994
v 59.785667 -22.742838 24.742489
v 59.279072 -22.884407 24.239527
v 59.409508 -22.834135 24.604832
v 61.052444 -22.433392 24.353930
v 61.746784 -22.243521 24.374737
v 61.731991 -22.191046 24.973499
v 61.022175 -22.385851 24.942961
v 62.448193 -22.051174 24.352219
v 63.123333 -21.860689 24.305990
v 63.130428 -21.805344 24.852352
v 62.450081 -21.993423 24.940413
v 63.737324 -21.676743 24.241964
v 64.256332 -21.494766 24.229208
v 64.114777 -21.513203 24.593483
v 63.726234 -21.637791 24.730591
v 47.929207 -23.296223 8.750068
v 48.530609 -23.234921 8.684627
v 48.523788 -23.327278 9.319575
v 47.875397 -23.377760 9.344458
v 47.426922 -23.329386 8.776709
v 47.309315 -23.403374 9.345109
v 47.571808 -23.265875 8.414018
v 47.938332 -23.220404 8.261131
v 48.511780 -23.144907 8.137779
v 49.182446 -23.158709 8.636778
v 49.857487 -23.076193 8.617146
v 49.863544 -23.178923 9.289943
v 49.190250 -23.257868 9.300391
v 49.161560 -23.059031 8.051147
v 49.849571 -22.971346 8.020114
v 50.529953 -22.996124 8.638424
v 51.175690 -22.916214 8.687199
v 51.193497 -23.015768 9.322578
v 50.534424 -23.101027 9.302248
v 50.535282 -22.888292 8.052413
v 51.180935 -22.814222 8.139626
v 51.769333 -22.834764 8.752113
v 52.260349 -22.748188 8.777000
v 52.380852 -22.810507 9.346440
v 51.829887 -22.916386 9.347117
v 51.749920 -22.750830 8.261623
v 52.112213 -22.710558 8.414652
v 47.833344 -23.457403 9.991536
v 48.511875 -23.410524 9.981746
v 48.504871 -23.489742 10.654853
v 47.815460 -23.536104 10.669463
v 47.227055 -23.481894 9.994974
v 47.196217 -23.561007 10.684457
v 49.189827 -23.342943 9.970650
v 49.866020 -23.266264 9.967669
v 49.866440 -23.348824 10.645807
v 49.187897 -23.423819 10.649062
v 50.540634 -23.190680 9.971700
v 51.212029 -23.106087 9.983371
v 51.222092 -23.194057 10.655184
v 50.544491 -23.276171 10.649354
v 51.876762 -23.001366 9.992802
v 52.465946 -22.890316 9.995141
v 52.499054 -22.984312 10.683441
v 51.897572 -23.092123 10.669335
v 47.834274 -23.613804 11.346249
v 48.513298 -23.571154 11.333114
v 48.526138 -23.646219 12.003502
v 47.876488 -23.685089 12.003639
v 47.227474 -23.637264 11.375881
v 47.309631 -23.706099 12.028633
v 49.190788 -23.509319 11.328300
v 49.866539 -23.438503 11.330747
v 49.864204 -23.523640 12.020094
v 49.191597 -23.590160 12.014299
v 50.541901 -23.367544 11.328960
v 51.214329 -23.287867 11.334064
v 51.197159 -23.376278 12.005140
v 50.536491 -23.454250 12.015409
v 51.879292 -23.189850 11.346674
v 52.468502 -23.088667 11.375265
v 52.384754 -23.193968 12.028300
v 51.834106 -23.285147 12.004612
v 47.929779 -23.743334 12.611548
v 48.532524 -23.707333 12.662498
v 48.512741 -23.749401 13.236093
v 47.938831 -23.782869 13.122898
v 47.425823 -23.763508 12.608135
v 47.570953 -23.786177 12.978926
v 49.183388 -23.655758 12.700903
v 49.857502 -23.593508 12.720172
v 49.848488 -23.642275 13.347179
v 49.161533 -23.701998 13.317382
v 50.531452 -23.524420 12.701448
v 51.179230 -23.449118 12.663059
v 51.182861 -23.496943 13.235742
v 50.535603 -23.572500 13.317458
v 51.772724 -23.367384 12.611034
v 52.264206 -23.290447 12.606554
v 52.114071 -23.350731 12.976874
v 51.751835 -23.420227 13.121174
v 36.139099 -24.137386 20.435873
v 36.728893 -24.132515 20.381920
v 36.713432 -24.177258 21.022526
v 36.079376 -24.169596 21.031595
v 35.650505 -24.123545 20.447954
v 35.529533 -24.144440 21.013397
v 35.797176 -24.095364 20.085096
v 36.156105 -24.093206 19.941149
v 36.720860 -24.074781 19.824659
v 37.374924 -24.116901 20.340612
v 38.048729 -24.097502 20.322763
v 38.043777 -24.148342 21.004616
v 37.372246 -24.166759 21.012375
v 37.366726 -24.052958 19.741703
v 38.054058 -24.032188 19.711449
v 38.723049 -24.081465 20.341373
v 39.372898 -24.063435 20.382923
v 39.380539 -24.109966 21.024940
v 38.716572 -24.132715 21.013844
v 38.741394 -24.015333 19.741795
v 39.389942 -24.002495 19.824356
v 39.972164 -24.038324 20.436031
v 40.470348 -24.000053 20.446661
v 40.586502 -24.018303 21.015001
v 40.025146 -24.070698 21.033867
v 39.961807 -23.991928 19.938921
v 40.326599 -23.977057 20.083611
v 36.033981 -24.190720 21.677385
v 36.696827 -24.202433 21.685644
v 36.688335 -24.216970 22.355850
v 36.014778 -24.205130 22.352226
v 35.444607 -24.162310 21.659693
v 35.412800 -24.176975 22.345373
v 37.366634 -24.193676 21.684767
v 38.040821 -24.175943 21.684986
v 38.039951 -24.191311 22.360245
v 37.363297 -24.208668 22.360296
v 38.716877 -24.160446 21.685829
v 39.392838 -24.136211 21.687496
v 39.400394 -24.151789 22.356447
v 38.718922 -24.176062 22.360748
v 40.066586 -24.091999 21.679522
v 40.667881 -24.034742 21.661684
v 40.698166 -24.050285 22.346117
v 40.084572 -24.107523 22.352865
v 36.035797 -24.191370 23.021936
v 36.698013 -24.219618 23.026453
v 36.716396 -24.206364 23.680376
v 36.081905 -24.194603 23.665552
v 35.447182 -24.159826 23.030340
v 35.532387 -24.165508 23.671932
v 37.367428 -24.222471 23.031254
v 38.041111 -24.205729 23.036469
v 38.044113 -24.202076 23.708599
v 37.373474 -24.200119 23.699892
v 38.717583 -24.190716 23.031507
v 39.393677 -24.166569 23.027233
v 39.381771 -24.170767 23.682913
v 38.717697 -24.193466 23.701365
v 40.066212 -24.122395 23.023212
v 40.666302 -24.065302 23.031952
v 40.583290 -24.078457 23.675447
v 40.024448 -24.130802 23.668747
v 36.141769 -24.185322 24.253578
v 36.732628 -24.187155 24.314302
v 36.725056 -24.150604 24.861551
v 36.159466 -24.157078 24.742687
v 35.652260 -24.164040 24.236776
v 35.799728 -24.151669 24.595020
v 37.377296 -24.178114 24.358738
v 38.049267 -24.163298 24.380730
v 38.055344 -24.124208 24.978746
v 37.369835 -24.138126 24.947144
v 38.723633 -24.157623 24.360580
v 39.374020 -24.154596 24.316980
v 39.390411 -24.120884 24.864227
v 38.741695 -24.109718 24.947714
v 39.970409 -24.127167 24.255569
v 40.466381 -24.087555 24.238842
v 40.322170 -24.082582 24.597010
v 39.959484 -24.105124 24.744303
v 40.309326 -23.777502 19.060600
v 40.174488 -23.857244 19.333500
v 39.536552 -23.857332 19.074087
v 39.621407 -23.776047 18.731680
v 40.894516 -23.787230 19.517712
v 40.699955 -23.864088 19.711744
v 41.351715 -23.799845 20.100248
v 41.679058 -23.815680 20.784996
v 41.339489 -23.888577 20.869219
v 41.077251 -23.875490 20.236082
v 41.886852 -23.831322 21.540913
v 41.956154 -23.848167 22.334307
v 41.563908 -23.919636 22.337910
v 41.502739 -23.904068 21.584026
v 41.885983 -23.864382 23.128014
v 41.502602 -23.936064 23.092808
v 41.678474 -23.881805 23.885178
v 41.337055 -23.952566 23.806311
v 41.349461 -23.900045 24.569019
v 41.074959 -23.970289 24.439451
v 40.891636 -23.918402 25.152275
v 40.696785 -23.986441 24.961277
v 40.307076 -23.933945 25.610392
v 39.618271 -23.924726 25.934994
v 39.534603 -23.995455 25.600958
v 40.170731 -24.000599 25.339342
v 38.861774 -23.939089 26.143589
v 38.067104 -23.954798 26.213331
v 38.063755 -24.016306 25.825474
v 38.818527 -24.001848 25.763882
v 37.272491 -23.968307 26.142578
v 37.308315 -24.030291 25.763556
v 36.515041 -23.981115 25.933359
v 36.594643 -24.042967 25.596212
v 35.831894 -23.992907 25.602095
v 35.961964 -24.055029 25.331533
v 35.249786 -24.003450 25.143871
v 35.441086 -24.064081 24.953318
v 34.792038 -24.010193 24.563084
v 34.462605 -24.013641 23.880594
v 34.797546 -24.069647 23.802221
v 35.063301 -24.069447 24.431810
v 34.252300 -24.016918 23.127024
v 34.177811 -24.034220 22.333986
v 34.564354 -24.087400 22.337460
v 34.631557 -24.066532 23.090418
v 34.247208 -24.016853 21.540134
v 34.625011 -24.071428 21.582178
v 34.454933 -23.993984 20.783543
v 34.790852 -24.050968 20.868807
v 34.784473 -23.966423 20.099379
v 35.054241 -24.028318 20.234272
v 35.242554 -23.935719 19.515816
v 35.432922 -24.002167 19.711216
v 35.825291 -23.901247 19.058758
v 36.510723 -23.866791 18.731035
v 36.589325 -23.941185 19.072208
v 35.956902 -23.972929 19.334515
v 37.268566 -23.833223 18.523127
v 38.064835 -23.805574 18.453859
v 38.061619 -23.885572 18.848085
v 37.305405 -23.911655 18.909103
v 38.861782 -23.785528 18.524273
v 38.818459 -23.867615 18.910318
v 52.964417 -23.249355 34.663692
v 53.013260 -23.269972 33.934238
v 52.832874 -23.244209 35.351784
v 52.631413 -23.253479 35.957493
v 52.314384 -23.277721 36.442867
v 51.837597 -23.317896 36.767117
v 51.239498 -23.368315 36.973770
v 50.555706 -23.423866 37.107563
v 49.828621 -23.481344 37.155216
v 49.101105 -23.537558 37.103340
v 48.414112 -23.591066 36.966896
v 47.808189 -23.640436 36.760719
v 47.324200 -23.683960 36.437901
v 47.005814 -23.720013 35.952824
v 46.805473 -23.752232 35.347137
v 46.674435 -23.784567 34.659622
v 46.626160 -23.814161 33.931049
v 46.674076 -23.838127 33.202644
v 46.804916 -23.856060 32.516388
v 47.005417 -23.867525 31.913830
v 47.323483 -23.865786 31.431698
v 47.805889 -23.844193 31.109562
v 48.410400 -23.808199 30.903278
v 49.097630 -23.763212 30.767328
v 49.825924 -23.710815 30.715637
v 50.553234 -23.652548 30.762196
v 51.237877 -23.591280 30.894564
v 51.838501 -23.529732 31.100304
v 52.317825 -23.468842 31.424324
v 52.635715 -23.410101 31.910261
v 52.836651 -23.355453 32.516624
v 52.966591 -23.307028 33.204849
v 52.593018 -22.654716 8.710591
v 52.289585 -22.636341 8.241082
v 52.781429 -22.707680 9.302199
v 52.906563 -22.786715 9.978553
v 52.954094 -22.885912 10.698381
v 52.909405 -22.999260 11.419560
v 52.785805 -23.117004 12.099587
v 52.596355 -23.229639 12.696624
v 52.291027 -23.334097 13.169546
v 51.821854 -23.426594 13.473563
v 51.230839 -23.511028 13.659919
v 50.556217 -23.592205 13.781693
v 49.839382 -23.664927 13.826265
v 49.122459 -23.723845 13.780802
v 48.447006 -23.768009 13.658862
v 47.853951 -23.796469 13.473783
v 47.383778 -23.799192 13.171129
v 47.080662 -23.766125 12.698438
v 46.893909 -23.709316 12.101300
v 46.770756 -23.640539 11.421655
v 46.724739 -23.563395 10.700666
v 46.769634 -23.481550 9.980133
v 46.892361 -23.399345 9.302762
v 47.080044 -23.321037 8.710589
v 47.384083 -23.241941 8.240513
v 47.854107 -23.158129 7.933304
v 48.447102 -23.068884 7.741728
v 49.123688 -22.972979 7.616533
v 49.841541 -22.877787 7.570889
v 50.557735 -22.790751 7.618198
v 51.231159 -22.716930 7.744247
v 51.821411 -22.661329 7.935067
v 40.043053 -23.930305 19.600140
v 39.451427 -23.933380 19.413807
v 40.510735 -23.933804 19.900494
v 40.812450 -23.943604 20.365437
v 40.999088 -23.956974 20.953793
v 41.122044 -23.971813 21.626581
v 41.167061 -23.987436 22.341703
v 41.120323 -24.003078 23.056957
v 40.995758 -24.018642 23.728691
v 40.807671 -24.033922 24.313351
v 40.505962 -24.047810 24.775608
v 40.040661 -24.059982 25.078463
v 39.450882 -24.064222 25.267756
v 38.775978 -24.059500 25.390394
v 38.059994 -24.073885 25.436415
v 37.344402 -24.087620 25.389423
v 36.672195 -24.100946 25.263374
v 36.086281 -24.111492 25.073050
v 35.623360 -24.119049 24.771141
v 35.320839 -24.122526 24.309317
v 35.130169 -24.121927 23.724819
v 35.003853 -24.116596 23.055347
v 34.953533 -24.136412 22.341034
v 34.999760 -24.121185 21.625134
v 35.125252 -24.103045 20.952921
v 35.315563 -24.083727 20.365845
v 35.618542 -24.062019 19.901758
v 36.081596 -24.037380 19.600611
v 36.667408 -24.010860 19.413244
v 37.340828 -23.984602 19.289867
v 38.058197 -23.961420 19.244423
v 38.775784 -23.944036 19.290415
v 53.622234 -22.980242 13.269722
v 54.027439 -22.813663 12.474595
v 53.056320 -23.149208 13.953435
v 52.372456 -23.302330 14.520041
v 51.578922 -23.443562 14.924107
v 50.723190 -23.560583 15.185752
v 49.829475 -23.656090 15.263810
v 48.934601 -23.723598 15.185569
v 48.078041 -23.765865 14.924105
v 47.284988 -23.779089 14.520925
v 46.603294 -23.767950 13.955946
v 46.038246 -23.729095 13.274094
v 45.634720 -23.670744 12.480994
v 45.373081 -23.592199 11.625040
v 45.294666 -23.500755 10.730371
v 45.372791 -23.395231 9.835670
v 45.634464 -23.282152 8.978658
v 46.038506 -23.156244 8.184793
v 46.604828 -23.028629 7.500868
v 47.288151 -22.891317 6.934575
v 48.083035 -22.758614 6.529144
v 48.940037 -22.621019 6.267573
v 49.835575 -22.497757 6.188794
v 50.729614 -22.384758 6.268067
v 51.585796 -22.300644 6.529498
v 52.377274 -22.237913 6.934557
v 53.059425 -22.216560 7.499032
v 53.623070 -22.224361 8.181362
v 54.027443 -22.279860 8.972505
v 54.288269 -22.369747 9.828339
v 54.367546 -22.498808 10.722115
v 54.288643 -22.646353 11.617604
v 59.115589 -22.661863 26.134439
v 59.917908 -22.422737 26.542480
v 58.433582 -22.865829 25.564270
v 57.872299 -23.020802 24.879564
v 57.475845 -23.139359 24.085625
v 57.218204 -23.209200 23.227825
v 57.144321 -23.236248 22.331074
v 57.226410 -23.209578 21.434097
v 57.493156 -23.139780 20.575489
v 57.900803 -23.020620 19.779501
v 58.471085 -22.865286 19.092648
v 59.156425 -22.662876 18.521027
v 59.955242 -22.426538 18.112122
v 60.818687 -22.157175 17.847160
v 61.727268 -21.877485 17.766994
v 62.639130 -21.584436 17.847767
v 63.520279 -21.305696 18.114012
v 64.337410 -21.036011 18.528599
v 65.050293 -20.809568 19.102768
v 65.640045 -20.615664 19.792358
v 66.073471 -20.482365 20.587225
v 66.350334 -20.389044 21.442480
v 66.444351 -20.362995 22.333315
v 66.366249 -20.382359 23.222874
v 66.103752 -20.469101 24.075407
v 65.682556 -20.596931 24.866657
v 65.099586 -20.786268 25.552900
v 64.386253 -21.010483 26.125616
v 63.553711 -21.270145 26.535154
v 62.647301 -21.542225 26.797216
v 61.715511 -21.849316 26.880777
v 60.793247 -22.148874 26.806664
v 53.606476 -22.917412 36.490086
v 54.012478 -22.893417 35.694935
v 53.038517 -22.969286 37.174789
v 52.354794 -23.026014 37.745361
v 51.559940 -23.098663 38.152737
v 50.702049 -23.165449 38.417946
v 49.805729 -23.238235 38.495548
v 48.908970 -23.302679 38.416954
v 48.051533 -23.371532 38.151218
v 47.255680 -23.433926 37.743988
v 46.571972 -23.501217 37.173862
v 46.002407 -23.559526 36.489468
v 45.596569 -23.618866 35.694023
v 45.331818 -23.666821 34.836613
v 45.254131 -23.708954 33.940723
v 45.331638 -23.734339 33.044781
v 45.596294 -23.750450 32.187820
v 46.001801 -23.749304 31.392443
v 46.571304 -23.739918 30.708817
v 47.254631 -23.711832 30.138601
v 48.050396 -23.676325 29.732210
v 48.907604 -23.623808 29.466438
v 49.804161 -23.564592 29.388481
v 50.700493 -23.490240 29.465487
v 51.558430 -23.410814 29.730879
v 52.353935 -23.314989 30.137655
v 53.037971 -23.221754 30.708906
v 53.606716 -23.121340 31.393484
v 54.012814 -23.036999 32.189510
v 54.276237 -22.961107 33.046680
v 54.354210 -22.913687 33.942509
v 54.275860 -22.886848 34.837852
v 59.677586 -22.722979 25.102016
v 59.198467 -22.855595 24.802145
v 60.280495 -22.526073 25.287594
v 58.905727 -22.937716 24.329029
v 58.727909 -22.987682 23.733871
v 58.614906 -23.020483 23.060339
v 58.572487 -23.033226 22.348875
v 58.622135 -23.020685 21.635750
v 58.742958 -22.987875 20.959003
v 58.929665 -22.937483 20.360794
v 59.227997 -22.855541 19.885862
v 59.703922 -22.724794 19.586983
v 60.307156 -22.555782 19.399691
v 60.996033 -22.362894 19.278553
v 61.727627 -22.157404 19.229870
v 62.463493 -21.950781 19.275482
v 63.166466 -21.752338 19.395151
v 63.796635 -21.573637 19.583630
v 64.298775 -21.426624 19.886021
v 64.615219 -21.334040 20.365501
v 64.812798 -21.275053 20.966717
v 64.942352 -21.237043 21.641983
v 64.995605 -21.220472 22.351467
v 64.951309 -21.229519 23.059555
v 64.830826 -21.262463 23.729937
v 64.639908 -21.316092 24.321743
v 64.325630 -21.400003 24.792580
v 63.822994 -21.539032 25.093731
v 63.187317 -21.715078 25.285866
v 62.469627 -21.915567 25.409147
v 61.717293 -22.125256 25.457308
v 60.975296 -22.332689 25.409235
v -51.520607 -23.465960 30.663261
v -48.071339 -23.601810 30.665596
v -48.071339 -23.777142 32.582047
v -51.520611 -23.641428 32.581577
v -58.885040 -23.129732 19.832443
v -58.885979 -23.129766 23.281071
v -60.802437 -23.220890 23.281071
v -60.803375 -23.220915 19.832443
v -48.052814 -23.596979 12.467627
v -51.501450 -23.446480 12.466693
v -51.501446 -23.621811 10.550230
v -48.052814 -23.772436 10.549300
v -40.687981 -23.922064 23.299843
v -40.687057 -23.922180 19.851208
v -38.770603 -24.182041 19.851208
v -38.769680 -24.182150 23.299843
v 1.871821 -1.261232 48.679913
v 1.876560 -2.615200 49.343864
v 3.744065 -2.619784 49.346176
v 3.741149 -1.258547 48.681602
v 1.867290 0.969803 47.220409
v 1.868771 0.032419 47.945465
v 3.740015 0.036927 47.939377
v 3.739123 0.974421 47.212955
v -1.880245 -3.564036 49.790100
v -1.876817 -2.614442 49.343475
v -3.744211 -2.618047 49.345295
v -3.747103 -3.568402 49.793888
v -5.609690 -1.253220 48.681683
v -5.611759 -2.620169 49.346386
v -3.741425 -1.256993 48.680721
v -1.872029 -1.260385 48.679432
v 0.000075 -2.612391 49.342426
v 0.000231 -1.264863 48.678650
v 5.611700 -2.622718 49.347645
v 5.609621 -1.255714 48.683270
v -5.611093 0.976244 47.207504
v -5.610673 0.040506 47.933186
v -3.740182 0.037833 47.938663
v -3.739270 0.975033 47.212467
v -1.867209 0.970462 47.219906
v -1.868779 0.033257 47.944992
v 0.000328 0.028507 47.951115
v 0.000352 0.965884 47.227222
v 5.610692 0.039268 47.934299
v 5.611188 0.975703 47.208088
v 5.614326 -3.585216 49.784061
v 3.747163 -3.570950 49.795105
v 1.880089 -3.564883 49.790512
v 0.000010 -3.564155 49.782097
v -5.614290 -3.581411 49.782417
v 0.000108 -15.737734 -11.926181
v -2.001628 -15.738191 -11.925582
v -2.001653 -14.882025 -13.000381
v -0.000269 -14.884375 -12.997898
v 2.001319 -15.738636 -11.924977
v 2.001341 -14.884677 -12.997647
v 0.000838 -16.266621 -11.026248
v -1.999619 -16.266790 -11.024919
v -1.999704 -14.431163 -13.385571
v 0.000558 -14.439642 -13.383232
v 2.001297 -16.265736 -11.026601
v 2.000574 -14.465064 -13.410257
v 36.369125 -22.290792 46.640491
v 36.369267 -22.841696 43.644230
v 40.369720 -22.838621 43.644855
v 40.369572 -22.309181 46.641003
v -40.451332 -22.861593 43.643692
v -36.450897 -22.852591 43.642105
v -36.450844 -22.266104 46.639664
v -40.451298 -22.276037 46.640026
v -7.480899 -1.270355 48.658581
v -7.483852 -2.632993 49.331409
v -7.484046 0.960536 47.194450
v -7.482284 0.021198 47.910683
v -7.487607 -3.603269 49.754795
v 7.484324 -2.635607 49.332764
v 7.480937 -1.271167 48.660461
v 7.481875 0.021216 47.912354
v 7.484232 0.960232 47.194668
v 7.487662 -3.607934 49.757061
v -6.686560 3.992558 1.050444
v -3.342566 3.935667 1.051564
v -3.342638 3.569227 -0.868533
v -6.686870 3.610389 -0.867902
v 0.000271 3.895081 1.051308
v 0.000297 3.530633 -0.869407
v 3.343048 3.935293 1.049069
v 3.343117 3.568748 -0.870991
v 6.687231 3.975547 1.048827
v 6.687320 3.606188 -0.870920
v -3.342731 3.189149 -2.788888
v -6.687034 3.220587 -2.788707
v 0.000310 3.147112 -2.788090
v 3.343335 3.178975 -2.788732
v 6.687544 3.208767 -2.788837
v -13.890675 4.678054 4.931099
v -9.259563 4.695449 4.930610
v -9.259593 4.415053 3.186457
v -13.890958 4.385573 3.185922
v -4.628844 4.640433 4.931602
v -4.628776 4.340847 3.189436
v 0.000210 4.590184 4.931161
v 0.000215 4.286275 3.189023
v 4.629295 4.640057 4.929279
v 4.629246 4.340397 3.186896
v 9.259950 4.681024 4.929894
v 9.259979 4.384275 3.187500
v 13.890713 4.679233 4.929325
v 13.890809 4.375010 3.187638
v -9.259702 4.096455 1.445727
v -13.891096 4.041229 1.445139
v -4.628746 4.026525 1.447598
v 0.000219 3.969733 1.446914
v 4.629222 4.026047 1.444925
v 9.260029 4.071121 1.445574
v 13.890910 4.049744 1.446722
vn 0.2088 -0.9686 0.1353
vn 0.1388 -0.9635 0.2288
vn 0.0777 -0.9756 0.2055
vn 0.1714 -0.9784 0.1153
vn 0.2254 -0.9661 0.1256
vn 0.1799 -0.9785 0.1008
vn 0.2564 -0.9579 0.1289
vn 0.2497 -0.9592 0.1323
vn 0.2010 -0.9523 0.2296
vn 0.1593 -0.9842 0.0771
vn 0.0384 -0.9865 0.1589
vn 0.0239 -0.9942 0.1044
vn 0.1633 -0.9856 0.0450
vn 0.1692 -0.9837 0.0611
vn 0.1760 -0.9838 0.0330
vn 0.1684 -0.9855 0.0216
vn 0.0203 -0.9985 0.0517
vn 0.0190 -0.9998 0.0003
vn 0.1702 -0.9854 0.0010
vn 0.1829 -0.9830 0.0158
vn 0.1852 -0.9827 0.0011
vn 0.1687 -0.9855 -0.0196
vn 0.0217 -0.9985 -0.0509
vn 0.0267 -0.9943 -0.1031
vn 0.1638 -0.9855 -0.0430
vn 0.1831 -0.9830 -0.0136
vn 0.1764 -0.9838 -0.0308
vn 0.1600 -0.9843 -0.0747
vn 0.0421 -0.9869 -0.1560
vn 0.0809 -0.9764 -0.2002
vn 0.1723 -0.9787 -0.1115
vn 0.1700 -0.9837 -0.0584
vn 0.1810 -0.9787 -0.0968
vn 0.2022 -0.9698 -0.1365
vn 0.1408 -0.9649 -0.2217
vn 0.1956 -0.9534 -0.2298
vn 0.2317 -0.9615 -0.1476
vn 0.2101 -0.9698 -0.1241
vn 0.2360 -0.9626 -0.1334
vn 0.2559 -0.9537 -0.1579
vn 0.2403 -0.9406 -0.2400
vn 0.2836 -0.9237 -0.2577
vn 0.2816 -0.9439 -0.1725
vn 0.2547 -0.9568 -0.1404
vn 0.2743 -0.9496 -0.1516
vn 0.3117 -0.9306 -0.1916
vn 0.3321 -0.9008 -0.2798
vn 0.3901 -0.8693 -0.3035
vn 0.3505 -0.9117 -0.2144
vn 0.2970 -0.9402 -0.1668
vn 0.3260 -0.9269 -0.1860
vn 0.4055 -0.8851 -0.2286
vn 0.4605 -0.8304 -0.3137
vn 0.5299 -0.7981 -0.2868
vn 0.4661 -0.8602 -0.2068
vn 0.3733 -0.9063 -0.1983
vn 0.4334 -0.8844 -0.1731
vn 0.5009 -0.8523 -0.1509
vn 0.5748 -0.7877 -0.2217
vn 0.5944 -0.7908 -0.1464
vn 0.5073 -0.8566 -0.0940
vn 0.4669 -0.8767 -0.1159
vn 0.4685 -0.8809 -0.0674
vn 0.5064 -0.8610 -0.0465
vn 0.6032 -0.7942 -0.0739
vn 0.6073 -0.7944 -0.0024
vn 0.5061 -0.8625 -0.0012
vn 0.4642 -0.8851 -0.0330
vn 0.4622 -0.8868 -0.0000
vn 0.5065 -0.8611 0.0446
vn 0.6046 -0.7934 0.0699
vn 0.5963 -0.7896 0.1446
vn 0.5072 -0.8568 0.0934
vn 0.4622 -0.8862 0.0325
vn 0.4649 -0.8828 0.0670
vn 0.4988 -0.8534 0.1515
vn 0.5761 -0.7865 0.2224
vn 0.5266 -0.7998 0.2882
vn 0.4570 -0.8649 0.2074
vn 0.4592 -0.8806 0.1168
vn 0.4205 -0.8902 0.1753
vn 0.3925 -0.8910 0.2284
vn 0.4489 -0.8365 0.3144
vn 0.3777 -0.8727 0.3095
vn 0.3421 -0.9142 0.2171
vn 0.3629 -0.9098 0.2014
vn 0.3213 -0.9276 0.1904
vn 0.3067 -0.9304 0.2009
vn 0.3258 -0.9013 0.2856
vn 0.2932 -0.9233 0.2480
vn 0.2833 -0.9430 0.1748
vn 0.2942 -0.9400 0.1728
vn 0.2716 -0.9492 0.1590
vn 0.2709 -0.9520 0.1426
vn 0.2566 -0.9396 0.2264
vn 0.2584 -0.9558 0.1404
vn 0.2703 -0.9551 0.1212
vn 0.2741 -0.9530 0.1290
vn 0.2522 -0.9528 0.1689
vn 0.2470 -0.9552 0.1634
vn 0.2591 -0.9599 0.1067
vn 0.2337 -0.9606 0.1505
vn 0.2580 -0.9633 0.0735
vn 0.2719 -0.9585 0.0853
vn 0.2769 -0.9565 0.0921
vn 0.2020 -0.9608 0.1898
vn 0.2107 -0.9579 0.1953
vn 0.1621 -0.9655 0.2038
vn 0.1542 -0.9684 0.1959
vn 0.1846 -0.9671 0.1748
vn 0.1395 -0.9746 0.1749
vn 0.1124 -0.9743 0.1952
vn 0.1163 -0.9718 0.2052
vn 0.0745 -0.9759 0.2051
vn 0.0745 -0.9780 0.1948
vn 0.1054 -0.9797 0.1707
vn 0.0753 -0.9826 0.1699
vn 0.0388 -0.9800 0.1954
vn 0.0350 -0.9782 0.2048
vn -0.0036 -0.9789 0.2045
vn 0.0038 -0.9803 0.1973
vn 0.0468 -0.9839 0.1726
vn 0.0181 -0.9837 0.1788
vn -0.0358 -0.9803 0.1940
vn -0.0437 -0.9790 0.1991
vn -0.0795 -0.9810 0.1771
vn -0.0746 -0.9824 0.1714
vn -0.0198 -0.9833 0.1810
vn -0.0626 -0.9853 0.1589
vn -0.0942 -0.9868 0.1319
vn -0.0981 -0.9853 0.1402
vn -0.0996 -0.9898 0.1021
vn -0.0941 -0.9911 0.0946
vn -0.0831 -0.9897 0.1166
vn -0.0794 -0.9935 0.0817
vn -0.0896 -0.9939 0.0648
vn -0.0967 -0.9929 0.0687
vn -0.0956 -0.9947 0.0373
vn -0.0879 -0.9954 0.0371
vn -0.0724 -0.9957 0.0582
vn -0.0698 -0.9969 0.0369
vn -0.0892 -0.9960 0.0092
vn -0.0964 -0.9953 0.0057
vn -0.0989 -0.9947 -0.0288
vn -0.0931 -0.9954 -0.0215
vn -0.0718 -0.9973 0.0154
vn -0.0782 -0.9969 -0.0089
vn -0.0927 -0.9939 -0.0602
vn -0.0970 -0.9929 -0.0685
vn -0.0777 -0.9912 -0.1070
vn -0.0726 -0.9922 -0.1012
vn -0.0814 -0.9957 -0.0450
vn -0.0603 -0.9942 -0.0887
vn -0.0329 -0.9917 -0.1246
vn -0.0410 -0.9907 -0.1297
vn -0.0002 -0.9908 -0.1351
vn 0.0072 -0.9918 -0.1279
vn -0.0171 -0.9936 -0.1117
vn 0.0209 -0.9937 -0.1100
vn 0.0411 -0.9912 -0.1260
vn 0.0374 -0.9901 -0.1351
vn 0.0734 -0.9881 -0.1354
vn 0.0734 -0.9894 -0.1253
vn 0.0485 -0.9934 -0.1040
vn 0.0740 -0.9921 -0.1014
vn 0.1078 -0.9861 -0.1261
vn 0.1117 -0.9844 -0.1360
vn 0.1564 -0.9784 -0.1354
vn 0.1484 -0.9807 -0.1274
vn 0.1010 -0.9896 -0.1023
vn 0.1339 -0.9853 -0.1064
vn 0.1967 -0.9729 -0.1217
vn 0.2057 -0.9703 -0.1273
vn 0.2489 -0.9634 -0.0999
vn 0.2432 -0.9654 -0.0942
vn 0.1792 -0.9781 -0.1062
vn 0.2293 -0.9700 -0.0807
vn 0.2677 -0.9622 -0.0492
vn 0.2721 -0.9606 -0.0571
vn 0.2758 -0.9611 -0.0165
vn 0.2702 -0.9628 -0.0097
vn 0.2556 -0.9662 -0.0342
vn 0.2553 -0.9669 0.0021
vn 0.2673 -0.9634 0.0182
vn 0.2740 -0.9616 0.0151
vn 0.2733 -0.9611 0.0398
vn 0.2665 -0.9630 0.0395
vn 0.2508 -0.9678 0.0236
vn 0.2498 -0.9675 0.0392
vn 0.2682 -0.9615 0.0601
vn 0.2745 -0.9595 0.0635
vn 0.2522 -0.9662 0.0542
vn -0.1177 -0.9728 0.1998
vn -0.1595 -0.9715 0.1752
vn -0.1478 -0.9754 0.1638
vn -0.1067 -0.9768 0.1857
vn -0.0712 -0.9754 0.2087
vn -0.0623 -0.9797 0.1905
vn -0.1897 -0.9724 0.1357
vn -0.1811 -0.9787 0.0970
vn -0.1647 -0.9828 0.0835
vn -0.1731 -0.9772 0.1232
vn -0.1543 -0.9868 0.0491
vn -0.1540 -0.9880 -0.0102
vn -0.1468 -0.9891 -0.0071
vn -0.1439 -0.9886 0.0448
vn -0.1603 -0.9853 -0.0586
vn -0.1552 -0.9826 -0.1015
vn -0.1537 -0.9832 -0.0988
vn -0.1546 -0.9863 -0.0566
vn -0.1430 -0.9792 -0.1442
vn -0.1177 -0.9767 -0.1796
vn -0.1235 -0.9750 -0.1846
vn -0.1472 -0.9785 -0.1444
vn -0.0803 -0.9764 -0.2005
vn -0.0391 -0.9773 -0.2081
vn -0.0386 -0.9770 -0.2095
vn -0.0821 -0.9752 -0.2057
vn -0.0022 -0.9778 -0.2096
vn 0.0301 -0.9774 -0.2093
vn 0.0297 -0.9777 -0.2077
vn -0.0015 -0.9780 -0.2084
vn 0.0602 -0.9761 -0.2087
vn 0.0912 -0.9739 -0.2078
vn 0.0905 -0.9733 -0.2107
vn 0.0592 -0.9762 -0.2086
vn 0.1261 -0.9712 -0.2023
vn 0.1616 -0.9698 -0.1829
vn 0.1670 -0.9678 -0.1882
vn 0.1281 -0.9696 -0.2085
vn 0.1874 -0.9711 -0.1480
vn 0.2008 -0.9740 -0.1048
vn 0.1982 -0.9749 -0.1020
vn 0.1908 -0.9704 -0.1478
vn 0.2070 -0.9764 -0.0617
vn 0.2089 -0.9777 -0.0202
vn 0.2006 -0.9795 -0.0201
vn 0.1999 -0.9780 -0.0594
vn 0.2076 -0.9780 0.0200
vn 0.2032 -0.9773 0.0600
vn 0.2013 -0.9778 0.0579
vn 0.2011 -0.9794 0.0183
vn 0.1923 -0.9762 0.1004
vn 0.1679 -0.9765 0.1354
vn 0.1734 -0.9746 0.1414
vn 0.1961 -0.9753 0.1014
vn 0.1166 -0.9811 0.1546
vn 0.0715 -0.9843 0.1611
vn 0.0724 -0.9833 0.1668
vn 0.1179 -0.9793 0.1645
vn 0.0487 -0.9826 0.1790
vn 0.0157 -0.9797 0.1998
vn 0.0167 -0.9830 0.1829
vn 0.0494 -0.9839 0.1719
vn -0.0264 -0.9778 0.2077
vn -0.0214 -0.9820 0.1879
vn 0.2661 -0.9626 -0.0512
vn 0.2693 -0.9621 -0.0439
vn 0.2461 -0.9692 -0.0032
vn 0.2411 -0.9705 -0.0075
vn 0.2585 -0.9639 -0.0634
vn 0.2313 -0.9727 -0.0167
vn 0.2598 -0.9603 -0.1012
vn 0.2699 -0.9585 -0.0915
vn 0.2741 -0.9579 -0.0852
vn 0.1965 -0.9804 0.0172
vn 0.2048 -0.9786 0.0201
vn 0.1610 -0.9867 0.0239
vn 0.1535 -0.9880 0.0198
vn 0.1823 -0.9832 0.0082
vn 0.1416 -0.9899 0.0070
vn 0.1195 -0.9927 0.0165
vn 0.1232 -0.9921 0.0217
vn 0.0905 -0.9957 0.0200
vn 0.0902 -0.9958 0.0149
vn 0.1139 -0.9935 0.0021
vn 0.0903 -0.9959 0.0010
vn 0.0625 -0.9979 0.0156
vn 0.0596 -0.9980 0.0197
vn 0.0276 -0.9994 0.0206
vn 0.0335 -0.9993 0.0183
vn 0.0678 -0.9977 0.0038
vn 0.0435 -0.9990 0.0104
vn -0.0017 -0.9999 0.0169
vn -0.0077 -0.9998 0.0177
vn -0.0400 -0.9992 -0.0001
vn -0.0377 -0.9993 -0.0025
vn 0.0086 -0.9999 0.0135
vn -0.0332 -0.9994 -0.0069
vn -0.0561 -0.9977 -0.0370
vn -0.0564 -0.9979 -0.0313
vn -0.0574 -0.9964 -0.0619
vn -0.0559 -0.9962 -0.0673
vn -0.0545 -0.9975 -0.0459
vn -0.0513 -0.9958 -0.0757
vn -0.0522 -0.9946 -0.0892
vn -0.0552 -0.9947 -0.0867
vn -0.0554 -0.9925 -0.1089
vn -0.0515 -0.9928 -0.1085
vn -0.0447 -0.9946 -0.0935
vn -0.0422 -0.9932 -0.1086
vn -0.0540 -0.9901 -0.1296
vn -0.0581 -0.9894 -0.1332
vn -0.0624 -0.9844 -0.1644
vn -0.0591 -0.9858 -0.1571
vn -0.0436 -0.9912 -0.1248
vn -0.0494 -0.9880 -0.1464
vn -0.0591 -0.9788 -0.1961
vn -0.0615 -0.9769 -0.2045
vn -0.0409 -0.9686 -0.2453
vn -0.0366 -0.9701 -0.2400
vn -0.0516 -0.9818 -0.1828
vn -0.0271 -0.9728 -0.2300
vn 0.0081 -0.9637 -0.2667
vn 0.0003 -0.9627 -0.2706
vn 0.0470 -0.9595 -0.2778
vn 0.0540 -0.9607 -0.2724
vn 0.0221 -0.9662 -0.2570
vn 0.0659 -0.9638 -0.2583
vn 0.0920 -0.9579 -0.2720
vn 0.0889 -0.9563 -0.2787
vn 0.1253 -0.9521 -0.2790
vn 0.1248 -0.9541 -0.2722
vn 0.0973 -0.9619 -0.2555
vn 0.1240 -0.9587 -0.2560
vn 0.1556 -0.9492 -0.2737
vn 0.1595 -0.9468 -0.2795
vn 0.1941 -0.9402 -0.2797
vn 0.1872 -0.9428 -0.2759
vn 0.1494 -0.9540 -0.2598
vn 0.1762 -0.9476 -0.2666
vn 0.2241 -0.9357 -0.2725
vn 0.2312 -0.9333 -0.2747
vn 0.2647 -0.9302 -0.2542
vn 0.2613 -0.9322 -0.2505
vn 0.2131 -0.9394 -0.2686
vn 0.2565 -0.9348 -0.2458
vn 0.2801 -0.9356 -0.2150
vn 0.2815 -0.9335 -0.2221
vn 0.2813 -0.9399 -0.1936
vn 0.2787 -0.9420 -0.1868
vn 0.2781 -0.9383 -0.2054
vn 0.2736 -0.9454 -0.1772
vn 0.2728 -0.9475 -0.1666
vn 0.2770 -0.9456 -0.1705
vn 0.2745 -0.9504 -0.1464
vn 0.2695 -0.9520 -0.1455
vn 0.2645 -0.9509 -0.1608
vn 0.2591 -0.9550 -0.1441
vn 0.2687 -0.9555 -0.1214
vn 0.2738 -0.9544 -0.1189
vn 0.2575 -0.9581 -0.1252
vn 0.0340 -0.9994 0.0030
vn 0.0579 -0.9983 -0.0028
vn 0.0548 -0.9983 0.0205
vn 0.0283 -0.9993 0.0241
vn -0.0072 -1.0000 0.0006
vn -0.0091 -0.9997 0.0215
vn 0.0004 -0.9996 -0.0291
vn 0.0309 -0.9988 -0.0371
vn 0.0544 -0.9978 -0.0388
vn 0.0714 -0.9974 -0.0050
vn 0.0794 -0.9968 -0.0037
vn 0.0811 -0.9965 0.0196
vn 0.0730 -0.9972 0.0188
vn 0.0668 -0.9971 -0.0364
vn 0.0774 -0.9964 -0.0337
vn 0.0881 -0.9961 -0.0014
vn 0.1040 -0.9946 0.0039
vn 0.1105 -0.9935 0.0256
vn 0.0899 -0.9957 0.0216
vn 0.0888 -0.9955 -0.0324
vn 0.1039 -0.9941 -0.0311
vn 0.1313 -0.9913 0.0121
vn 0.1755 -0.9844 0.0113
vn 0.1807 -0.9831 0.0303
vn 0.1401 -0.9896 0.0312
vn 0.1313 -0.9910 -0.0268
vn 0.1650 -0.9861 -0.0176
vn 0.0255 -0.9991 0.0334
vn 0.0529 -0.9980 0.0339
vn 0.0527 -0.9980 0.0361
vn 0.0252 -0.9990 0.0363
vn -0.0077 -0.9995 0.0302
vn -0.0069 -0.9993 0.0365
vn 0.0736 -0.9967 0.0340
vn 0.0823 -0.9960 0.0347
vn 0.0829 -0.9959 0.0362
vn 0.0739 -0.9966 0.0360
vn 0.0917 -0.9951 0.0357
vn 0.1147 -0.9927 0.0371
vn 0.1163 -0.9925 0.0371
vn 0.0926 -0.9950 0.0365
vn 0.1454 -0.9886 0.0380
vn 0.1820 -0.9826 0.0362
vn 0.1827 -0.9824 0.0383
vn 0.1470 -0.9884 0.0377
vn 0.0250 -0.9989 0.0391
vn 0.0527 -0.9979 0.0382
vn 0.0542 -0.9972 0.0511
vn 0.0274 -0.9985 0.0481
vn -0.0082 -0.9991 0.0428
vn -0.0101 -0.9986 0.0511
vn 0.0737 -0.9966 0.0378
vn 0.0828 -0.9959 0.0374
vn 0.0820 -0.9953 0.0518
vn 0.0730 -0.9959 0.0525
vn 0.0927 -0.9950 0.0371
vn 0.1161 -0.9926 0.0368
vn 0.1131 -0.9924 0.0475
vn 0.0918 -0.9945 0.0506
vn 0.1471 -0.9884 0.0371
vn 0.1840 -0.9821 0.0402
vn 0.1845 -0.9818 0.0450
vn 0.1434 -0.9887 0.0430
vn 0.0326 -0.9971 0.0684
vn 0.0569 -0.9957 0.0736
vn 0.0529 -0.9927 0.1083
vn 0.0291 -0.9938 0.1073
vn -0.0087 -0.9974 0.0713
vn -0.0013 -0.9950 0.0999
vn 0.0713 -0.9946 0.0753
vn 0.0806 -0.9940 0.0741
vn 0.0788 -0.9916 0.1027
vn 0.0663 -0.9922 0.1055
vn 0.0906 -0.9932 0.0724
vn 0.1076 -0.9919 0.0681
vn 0.1083 -0.9889 0.1018
vn 0.0920 -0.9905 0.1020
vn 0.1358 -0.9889 0.0610
vn 0.1806 -0.9816 0.0626
vn 0.1705 -0.9812 0.0902
vn 0.1365 -0.9857 0.0986
vn 0.2155 -0.9753 -0.0481
vn 0.2421 -0.9685 -0.0587
vn 0.2395 -0.9706 -0.0235
vn 0.2063 -0.9783 -0.0212
vn 0.1769 -0.9832 -0.0459
vn 0.1734 -0.9846 -0.0213
vn 0.1867 -0.9792 -0.0798
vn 0.2176 -0.9715 -0.0935
vn 0.2424 -0.9648 -0.1018
vn 0.2574 -0.9641 -0.0646
vn 0.2648 -0.9620 -0.0660
vn 0.2647 -0.9642 -0.0182
vn 0.2605 -0.9653 -0.0202
vn 0.2553 -0.9611 -0.1052
vn 0.2655 -0.9580 -0.1080
vn 0.2723 -0.9599 -0.0662
vn 0.2880 -0.9556 -0.0624
vn 0.2922 -0.9562 -0.0158
vn 0.2721 -0.9621 -0.0180
vn 0.2764 -0.9544 -0.1127
vn 0.2914 -0.9494 -0.1174
vn 0.3214 -0.9454 -0.0550
vn 0.3809 -0.9226 -0.0604
vn 0.3827 -0.9235 -0.0252
vn 0.3263 -0.9452 -0.0144
vn 0.3243 -0.9388 -0.1163
vn 0.3684 -0.9236 -0.1059
vn 0.2051 -0.9787 -0.0027
vn 0.2427 -0.9701 0.0044
vn 0.2456 -0.9693 0.0104
vn 0.2116 -0.9773 0.0056
vn 0.1743 -0.9847 -0.0087
vn 0.1753 -0.9845 0.0011
vn 0.2631 -0.9647 0.0076
vn 0.2641 -0.9645 0.0070
vn 0.2639 -0.9646 0.0022
vn 0.2590 -0.9659 0.0064
vn 0.2719 -0.9623 0.0065
vn 0.2935 -0.9559 0.0056
vn 0.2932 -0.9560 0.0022
vn 0.2718 -0.9624 0.0022
vn 0.3258 -0.9454 0.0024
vn 0.3775 -0.9260 -0.0072
vn 0.3743 -0.9273 0.0040
vn 0.3259 -0.9454 0.0031
vn 0.2176 -0.9760 0.0096
vn 0.2470 -0.9689 0.0115
vn 0.2487 -0.9680 0.0341
vn 0.2246 -0.9740 0.0294
vn 0.1743 -0.9846 0.0110
vn 0.1762 -0.9840 0.0260
vn 0.2544 -0.9670 0.0122
vn 0.2639 -0.9645 0.0116
vn 0.2639 -0.9638 0.0377
vn 0.2543 -0.9664 0.0366
vn 0.2717 -0.9623 0.0114
vn 0.2925 -0.9562 0.0106
vn 0.2894 -0.9566 0.0335
vn 0.2712 -0.9618 0.0371
vn 0.3262 -0.9452 0.0101
vn 0.3755 -0.9267 0.0144
vn 0.3759 -0.9262 0.0305
vn 0.3218 -0.9464 0.0275
vn 0.2370 -0.9701 0.0515
vn 0.2530 -0.9653 0.0644
vn 0.2561 -0.9607 0.1075
vn 0.2402 -0.9663 0.0930
vn 0.1846 -0.9816 0.0490
vn 0.1962 -0.9775 0.0768
vn 0.2547 -0.9644 0.0716
vn 0.2637 -0.9618 0.0734
vn 0.2642 -0.9575 0.1160
vn 0.2528 -0.9609 0.1131
vn 0.2713 -0.9597 0.0735
vn 0.2850 -0.9560 0.0700
vn 0.2891 -0.9491 0.1252
vn 0.2754 -0.9537 0.1206
vn 0.3138 -0.9475 0.0617
vn 0.3708 -0.9264 0.0657
vn 0.3577 -0.9268 0.1140
vn 0.3174 -0.9401 0.1246
vn 0.0694 -0.9874 -0.1425
vn 0.0937 -0.9839 -0.1520
vn 0.0869 -0.9875 -0.1313
vn 0.0602 -0.9904 -0.1243
vn 0.0297 -0.9895 -0.1412
vn 0.0238 -0.9921 -0.1228
vn 0.0401 -0.9850 -0.1677
vn 0.0698 -0.9815 -0.1780
vn 0.0947 -0.9784 -0.1838
vn 0.1091 -0.9813 -0.1588
vn 0.1184 -0.9795 -0.1629
vn 0.1150 -0.9835 -0.1399
vn 0.1065 -0.9849 -0.1363
vn 0.1093 -0.9763 -0.1870
vn 0.1212 -0.9742 -0.1902
vn 0.1277 -0.9778 -0.1663
vn 0.1427 -0.9757 -0.1665
vn 0.1431 -0.9789 -0.1460
vn 0.1235 -0.9819 -0.1438
vn 0.1330 -0.9718 -0.1947
vn 0.1464 -0.9691 -0.1986
vn 0.1666 -0.9725 -0.1628
vn 0.2071 -0.9641 -0.1661
vn 0.2074 -0.9667 -0.1500
vn 0.1701 -0.9746 -0.1458
vn 0.1700 -0.9652 -0.1985
vn 0.1992 -0.9611 -0.1913
vn 0.0537 -0.9918 -0.1163
vn 0.0821 -0.9895 -0.1188
vn 0.0787 -0.9899 -0.1178
vn 0.0500 -0.9921 -0.1146
vn 0.0208 -0.9930 -0.1159
vn 0.0181 -0.9936 -0.1119
vn 0.1039 -0.9872 -0.1213
vn 0.1113 -0.9860 -0.1245
vn 0.1074 -0.9864 -0.1247
vn 0.1008 -0.9875 -0.1211
vn 0.1187 -0.9845 -0.1290
vn 0.1406 -0.9810 -0.1339
vn 0.1363 -0.9818 -0.1325
vn 0.1140 -0.9851 -0.1286
vn 0.1693 -0.9758 -0.1385
vn 0.2027 -0.9685 -0.1445
vn 0.1971 -0.9703 -0.1399
vn 0.1650 -0.9768 -0.1364
vn 0.0472 -0.9925 -0.1130
vn 0.0752 -0.9903 -0.1166
vn 0.0738 -0.9918 -0.1041
vn 0.0478 -0.9933 -0.1051
vn 0.0146 -0.9940 -0.1080
vn 0.0119 -0.9947 -0.1017
vn 0.0967 -0.9880 -0.1207
vn 0.1036 -0.9868 -0.1248
vn 0.1000 -0.9890 -0.1091
vn 0.0925 -0.9901 -0.1057
vn 0.1105 -0.9856 -0.1279
vn 0.1320 -0.9826 -0.1307
vn 0.1263 -0.9850 -0.1175
vn 0.1076 -0.9878 -0.1126
vn 0.1601 -0.9780 -0.1337
vn 0.1926 -0.9720 -0.1344
vn 0.1880 -0.9741 -0.1259
vn 0.1523 -0.9805 -0.1245
vn 0.0523 -0.9948 -0.0877
vn 0.0750 -0.9937 -0.0836
vn 0.0718 -0.9960 -0.0524
vn 0.0498 -0.9974 -0.0529
vn 0.0134 -0.9963 -0.0848
vn 0.0215 -0.9980 -0.0599
vn 0.0888 -0.9926 -0.0833
vn 0.0967 -0.9916 -0.0862
vn 0.0937 -0.9938 -0.0593
vn 0.0837 -0.9949 -0.0555
vn 0.1046 -0.9904 -0.0899
vn 0.1186 -0.9883 -0.0964
vn 0.1164 -0.9911 -0.0648
vn 0.1039 -0.9927 -0.0620
vn 0.1418 -0.9842 -0.1057
vn 0.1807 -0.9777 -0.1066
vn 0.1691 -0.9823 -0.0802
vn 0.1397 -0.9877 -0.0703
vn -0.0166 -0.9971 -0.0748
vn 0.0093 -0.9964 -0.0841
vn 0.0028 -0.9986 -0.0522
vn -0.0261 -0.9986 -0.0459
vn -0.0646 -0.9950 -0.0760
vn -0.0690 -0.9965 -0.0471
vn -0.0531 -0.9922 -0.1126
vn -0.0175 -0.9921 -0.1240
vn 0.0086 -0.9917 -0.1286
vn 0.0221 -0.9958 -0.0894
vn 0.0263 -0.9955 -0.0909
vn 0.0254 -0.9980 -0.0576
vn 0.0211 -0.9982 -0.0561
vn 0.0198 -0.9914 -0.1291
vn 0.0271 -0.9912 -0.1295
vn 0.0302 -0.9954 -0.0913
vn 0.0416 -0.9953 -0.0875
vn 0.0468 -0.9974 -0.0549
vn 0.0294 -0.9979 -0.0577
vn 0.0340 -0.9907 -0.1314
vn 0.0434 -0.9902 -0.1325
vn 0.0654 -0.9947 -0.0789
vn 0.1109 -0.9906 -0.0797
vn 0.1149 -0.9921 -0.0503
vn 0.0740 -0.9960 -0.0493
vn 0.0665 -0.9895 -0.1286
vn 0.0999 -0.9881 -0.1168
vn -0.0315 -0.9991 -0.0289
vn -0.0014 -0.9996 -0.0296
vn -0.0078 -0.9999 -0.0117
vn -0.0363 -0.9993 -0.0027
vn -0.0690 -0.9971 -0.0315
vn -0.0700 -0.9975 0.0019
vn 0.0199 -0.9993 -0.0308
vn 0.0247 -0.9992 -0.0316
vn 0.0241 -0.9995 -0.0220
vn 0.0170 -0.9997 -0.0194
vn 0.0293 -0.9991 -0.0320
vn 0.0498 -0.9983 -0.0318
vn 0.0503 -0.9985 -0.0226
vn 0.0290 -0.9993 -0.0224
vn 0.0787 -0.9964 -0.0317
vn 0.1147 -0.9928 -0.0344
vn 0.1145 -0.9932 -0.0220
vn 0.0795 -0.9966 -0.0224
vn -0.0412 -0.9991 0.0103
vn -0.0138 -0.9999 0.0080
vn -0.0077 -0.9997 0.0231
vn -0.0367 -0.9993 0.0121
vn -0.0747 -0.9971 0.0161
vn -0.0792 -0.9968 0.0133
vn 0.0106 -0.9999 0.0032
vn 0.0189 -0.9998 -0.0056
vn 0.0121 -0.9995 0.0305
vn 0.0079 -0.9995 0.0308
vn 0.0275 -0.9996 -0.0119
vn 0.0498 -0.9987 -0.0136
vn 0.0439 -0.9990 0.0117
vn 0.0213 -0.9995 0.0231
vn 0.0793 -0.9968 -0.0135
vn 0.1161 -0.9932 -0.0099
vn 0.1175 -0.9931 0.0045
vn 0.0753 -0.9972 0.0029
vn -0.0270 -0.9989 0.0395
vn 0.0007 -0.9989 0.0467
vn -0.0035 -0.9955 0.0942
vn -0.0319 -0.9951 0.0936
vn -0.0790 -0.9959 0.0443
vn -0.0692 -0.9941 0.0834
vn 0.0117 -0.9985 0.0531
vn 0.0141 -0.9981 0.0604
vn 0.0190 -0.9957 0.0908
vn 0.0105 -0.9957 0.0916
vn 0.0127 -0.9981 0.0604
vn 0.0305 -0.9985 0.0465
vn 0.0254 -0.9951 0.0954
vn 0.0133 -0.9954 0.0954
vn 0.0670 -0.9973 0.0316
vn 0.1143 -0.9929 0.0329
vn 0.1035 -0.9922 0.0699
vn 0.0677 -0.9941 0.0847
vn 0.1268 -0.9679 -0.2172
vn 0.1153 -0.9698 -0.2151
vn 0.0745 -0.9750 -0.2092
vn 0.0855 -0.9731 -0.2139
vn 0.1729 -0.9657 -0.1939
vn 0.1676 -0.9679 -0.1875
vn 0.1954 -0.9701 -0.1439
vn 0.1933 -0.9766 -0.0940
vn 0.1867 -0.9790 -0.0817
vn 0.1928 -0.9725 -0.1304
vn 0.1877 -0.9807 -0.0546
vn 0.1864 -0.9823 -0.0203
vn 0.1760 -0.9842 -0.0208
vn 0.1780 -0.9828 -0.0487
vn 0.1899 -0.9817 0.0131
vn 0.1803 -0.9836 0.0067
vn 0.1976 -0.9790 0.0503
vn 0.1911 -0.9808 0.0377
vn 0.2015 -0.9746 0.0981
vn 0.1986 -0.9764 0.0849
vn 0.1794 -0.9726 0.1479
vn 0.1737 -0.9746 0.1417
vn 0.1180 -0.9767 0.1793
vn 0.0700 -0.9814 0.1787
vn 0.0596 -0.9816 0.1814
vn 0.1100 -0.9775 0.1799
vn 0.0480 -0.9851 0.1649
vn 0.0181 -0.9868 0.1612
vn 0.0185 -0.9879 0.1537
vn 0.0395 -0.9859 0.1623
vn -0.0132 -0.9863 0.1642
vn -0.0075 -0.9873 0.1585
vn -0.0480 -0.9841 0.1711
vn -0.0380 -0.9848 0.1696
vn -0.0921 -0.9804 0.1740
vn -0.0835 -0.9807 0.1767
vn -0.1368 -0.9787 0.1530
vn -0.1359 -0.9790 0.1516
vn -0.1575 -0.9817 0.1069
vn -0.1479 -0.9870 0.0622
vn -0.1496 -0.9875 0.0489
vn -0.1594 -0.9824 0.0969
vn -0.1337 -0.9903 0.0381
vn -0.1367 -0.9906 -0.0013
vn -0.1309 -0.9914 0.0027
vn -0.1348 -0.9903 0.0338
vn -0.1445 -0.9881 -0.0519
vn -0.1350 -0.9898 -0.0462
vn -0.1504 -0.9844 -0.0915
vn -0.1440 -0.9864 -0.0793
vn -0.1526 -0.9782 -0.1408
vn -0.1500 -0.9804 -0.1278
vn -0.1292 -0.9732 -0.1902
vn -0.1234 -0.9752 -0.1839
vn -0.0802 -0.9738 -0.2130
vn -0.0331 -0.9770 -0.2105
vn -0.0221 -0.9785 -0.2051
vn -0.0679 -0.9753 -0.2104
vn 0.0016 -0.9788 -0.2047
vn 0.0294 -0.9787 -0.2032
vn 0.0287 -0.9803 -0.1952
vn 0.0064 -0.9804 -0.1969
vn 0.0558 -0.9769 -0.2064
vn 0.0500 -0.9787 -0.1992
vn 0.2234 -0.9736 0.0468
vn 0.2210 -0.9745 0.0389
vn 0.2288 -0.9718 0.0577
vn 0.2298 -0.9697 0.0830
vn 0.2053 -0.9709 0.1232
vn 0.1579 -0.9769 0.1441
vn 0.1213 -0.9824 0.1421
vn 0.0975 -0.9857 0.1373
vn 0.0768 -0.9876 0.1368
vn 0.0572 -0.9884 0.1406
vn 0.0374 -0.9882 0.1483
vn 0.0063 -0.9883 0.1524
vn -0.0355 -0.9905 0.1327
vn -0.0551 -0.9942 0.0924
vn -0.0512 -0.9966 0.0648
vn -0.0443 -0.9978 0.0500
vn -0.0417 -0.9985 0.0367
vn -0.0437 -0.9988 0.0234
vn -0.0501 -0.9987 0.0079
vn -0.0535 -0.9984 -0.0207
vn -0.0334 -0.9975 -0.0622
vn 0.0085 -0.9965 -0.0830
vn 0.0394 -0.9960 -0.0797
vn 0.0582 -0.9957 -0.0725
vn 0.0754 -0.9948 -0.0689
vn 0.0937 -0.9932 -0.0689
vn 0.1162 -0.9906 -0.0729
vn 0.1525 -0.9855 -0.0741
vn 0.2002 -0.9784 -0.0520
vn 0.2253 -0.9742 -0.0096
vn 0.2252 -0.9741 0.0180
vn 0.2215 -0.9747 0.0305
vn 0.2550 -0.9489 -0.1857
vn 0.2343 -0.9458 -0.2247
vn 0.2500 -0.9544 -0.1630
vn 0.2404 -0.9586 -0.1528
vn 0.2338 -0.9618 -0.1424
vn 0.2306 -0.9642 -0.1306
vn 0.2313 -0.9660 -0.1155
vn 0.2296 -0.9694 -0.0868
vn 0.2044 -0.9779 -0.0444
vn 0.1584 -0.9871 -0.0225
vn 0.1264 -0.9917 -0.0235
vn 0.1077 -0.9938 -0.0267
vn 0.0916 -0.9955 -0.0260
vn 0.0758 -0.9969 -0.0217
vn 0.0587 -0.9982 -0.0139
vn 0.0296 -0.9995 -0.0092
vn -0.0121 -0.9996 -0.0274
vn -0.0326 -0.9973 -0.0653
vn -0.0291 -0.9956 -0.0892
vn -0.0220 -0.9947 -0.1005
vn -0.0181 -0.9938 -0.1098
vn -0.0174 -0.9927 -0.1195
vn -0.0204 -0.9910 -0.1325
vn -0.0211 -0.9869 -0.1600
vn 0.0021 -0.9792 -0.2029
vn 0.0483 -0.9729 -0.2261
vn 0.0829 -0.9706 -0.2261
vn 0.1045 -0.9690 -0.2238
vn 0.1231 -0.9664 -0.2255
vn 0.1410 -0.9627 -0.2308
vn 0.1601 -0.9576 -0.2394
vn 0.1910 -0.9507 -0.2442
vn 0.0899 -0.9784 -0.1861
vn 0.0576 -0.9815 -0.1825
vn 0.1403 -0.9773 -0.1586
vn 0.1655 -0.9808 -0.1036
vn 0.1616 -0.9848 -0.0644
vn 0.1546 -0.9871 -0.0413
vn 0.1530 -0.9880 -0.0213
vn 0.1566 -0.9877 -0.0019
vn 0.1653 -0.9860 0.0197
vn 0.1704 -0.9837 0.0576
vn 0.1452 -0.9830 0.1125
vn 0.0885 -0.9849 0.1490
vn 0.0404 -0.9874 0.1531
vn 0.0255 -0.9900 0.1386
vn 0.0194 -0.9913 0.1303
vn 0.0014 -0.9908 0.1351
vn -0.0203 -0.9892 0.1450
vn -0.0584 -0.9867 0.1515
vn -0.1115 -0.9857 0.1264
vn -0.1352 -0.9883 0.0711
vn -0.1277 -0.9913 0.0303
vn -0.1158 -0.9929 0.0257
vn -0.1094 -0.9940 0.0033
vn -0.1106 -0.9931 -0.0385
vn -0.1177 -0.9911 -0.0617
vn -0.1214 -0.9875 -0.1007
vn -0.0951 -0.9834 -0.1548
vn -0.0417 -0.9825 -0.1814
vn -0.0054 -0.9840 -0.1783
vn 0.0133 -0.9850 -0.1721
vn 0.0280 -0.9849 -0.1710
vn 0.0419 -0.9838 -0.1746
vn 0.2710 -0.9617 -0.0425
vn 0.2756 -0.9575 -0.0847
vn 0.2484 -0.9687 -0.0019
vn 0.2071 -0.9781 0.0211
vn 0.1623 -0.9864 0.0247
vn 0.1239 -0.9920 0.0226
vn 0.0907 -0.9957 0.0209
vn 0.0593 -0.9980 0.0204
vn 0.0268 -0.9994 0.0209
vn -0.0091 -0.9998 0.0181
vn -0.0410 -0.9992 0.0009
vn -0.0569 -0.9979 -0.0298
vn -0.0578 -0.9965 -0.0609
vn -0.0560 -0.9947 -0.0863
vn -0.0564 -0.9924 -0.1091
vn -0.0590 -0.9892 -0.1339
vn -0.0631 -0.9841 -0.1658
vn -0.0625 -0.9764 -0.2067
vn -0.0424 -0.9680 -0.2475
vn -0.0012 -0.9622 -0.2724
vn 0.0466 -0.9590 -0.2794
vn 0.0890 -0.9557 -0.2805
vn 0.1260 -0.9514 -0.2809
vn 0.1607 -0.9461 -0.2812
vn 0.1960 -0.9394 -0.2812
vn 0.2337 -0.9323 -0.2761
vn 0.2667 -0.9291 -0.2560
vn 0.2829 -0.9325 -0.2244
vn 0.2826 -0.9391 -0.1956
vn 0.2786 -0.9449 -0.1717
vn 0.2763 -0.9498 -0.1470
vn 0.2755 -0.9539 -0.1189
vn 0.0889 -0.9493 0.3016
vn 0.1660 -0.9366 0.3085
vn 0.0004 -0.9608 0.2771
vn -0.0646 -0.9733 0.2205
vn -0.0927 -0.9848 0.1467
vn -0.1033 -0.9920 0.0730
vn -0.1055 -0.9944 -0.0004
vn -0.1010 -0.9922 -0.0736
vn -0.0882 -0.9853 -0.1464
vn -0.0585 -0.9742 -0.2179
vn 0.0058 -0.9625 -0.2712
vn 0.0924 -0.9515 -0.2934
vn 0.1679 -0.9391 -0.2998
vn 0.2267 -0.9230 -0.3108
vn 0.2830 -0.9005 -0.3302
vn 0.3439 -0.8699 -0.3535
vn 0.4150 -0.8290 -0.3750
vn 0.4966 -0.7809 -0.3789
vn 0.5746 -0.7442 -0.3407
vn 0.6270 -0.7328 -0.2643
vn 0.6546 -0.7354 -0.1754
vn 0.6696 -0.7373 -0.0895
vn 0.6757 -0.7372 -0.0033
vn 0.6718 -0.7360 0.0841
vn 0.6576 -0.7334 0.1723
vn 0.6291 -0.7312 0.2638
vn 0.5736 -0.7446 0.3413
vn 0.4876 -0.7854 0.3812
vn 0.4015 -0.8311 0.3848
vn 0.3378 -0.8714 0.3557
vn 0.2954 -0.9025 0.3134
vn 0.2407 -0.9219 0.3036
vn 0.2747 -0.9526 0.1304
vn 0.2775 -0.9562 0.0931
vn 0.2535 -0.9523 0.1698
vn 0.2123 -0.9573 0.1961
vn 0.1630 -0.9652 0.2047
vn 0.1168 -0.9715 0.2063
vn 0.0746 -0.9756 0.2064
vn 0.0347 -0.9779 0.2059
vn -0.0042 -0.9787 0.2054
vn -0.0450 -0.9787 0.2001
vn -0.0804 -0.9806 0.1785
vn -0.0987 -0.9849 0.1420
vn -0.1002 -0.9896 0.1033
vn -0.0977 -0.9928 0.0694
vn -0.0967 -0.9946 0.0376
vn -0.0974 -0.9952 0.0054
vn -0.0996 -0.9946 -0.0295
vn -0.0978 -0.9927 -0.0699
vn -0.0789 -0.9910 -0.1081
vn -0.0425 -0.9905 -0.1307
vn -0.0010 -0.9907 -0.1360
vn 0.0371 -0.9900 -0.1363
vn 0.0735 -0.9879 -0.1367
vn 0.1122 -0.9842 -0.1371
vn 0.1574 -0.9781 -0.1363
vn 0.2076 -0.9698 -0.1282
vn 0.2506 -0.9629 -0.1005
vn 0.2731 -0.9602 -0.0579
vn 0.2765 -0.9609 -0.0168
vn 0.2750 -0.9613 0.0149
vn 0.2744 -0.9608 0.0400
vn 0.2753 -0.9592 0.0642
vn 0.2350 -0.9638 0.1258
vn 0.1831 -0.9788 0.0914
vn 0.2551 -0.9574 0.1352
vn 0.1657 -0.9848 0.0520
vn 0.1683 -0.9854 0.0270
vn 0.1741 -0.9846 0.0132
vn 0.1763 -0.9843 0.0011
vn 0.1742 -0.9846 -0.0110
vn 0.1686 -0.9854 -0.0248
vn 0.1662 -0.9849 -0.0494
vn 0.1827 -0.9792 -0.0882
vn 0.2158 -0.9695 -0.1160
vn 0.2399 -0.9629 -0.1235
vn 0.2544 -0.9588 -0.1262
vn 0.2687 -0.9541 -0.1322
vn 0.2846 -0.9480 -0.1427
vn 0.3047 -0.9394 -0.1571
vn 0.3427 -0.9250 -0.1639
vn 0.3987 -0.9068 -0.1371
vn 0.4303 -0.8989 -0.0823
vn 0.4314 -0.9011 -0.0440
vn 0.4247 -0.9051 -0.0199
vn 0.4201 -0.9075 0.0023
vn 0.4198 -0.9074 0.0222
vn 0.4236 -0.9048 0.0444
vn 0.4202 -0.9034 0.0857
vn 0.3874 -0.9107 0.1437
vn 0.3351 -0.9266 0.1704
vn 0.3017 -0.9394 0.1630
vn 0.2829 -0.9474 0.1494
vn 0.2669 -0.9536 0.1397
vn 0.2518 -0.9584 0.1341
vn -0.0391 -0.9951 -0.0910
vn 0.0475 -0.9989 -0.0000
vn -0.0434 -0.9949 0.0910
vn -0.1344 -0.9909 -0.0000
vn -0.0003 0.4672 0.8841
vn -0.0010 0.4323 0.9017
vn 0.0006 0.4309 0.9024
vn -0.0003 0.4682 0.8836
vn 0.0014 0.6118 0.7910
vn 0.0007 0.5542 0.8324
vn 0.0008 0.5561 0.8311
vn 0.0014 0.6124 0.7905
vn 0.0012 0.4244 0.9055
vn 0.0010 0.4324 0.9017
vn -0.0006 0.4310 0.9024
vn -0.0019 0.4231 0.9061
vn -0.0069 0.4698 0.8827
vn -0.0076 0.4262 0.9046
vn 0.0003 0.4683 0.8836
vn 0.0003 0.4672 0.8841
vn -0.0000 0.4318 0.9020
vn -0.0000 0.4667 0.8844
vn 0.0075 0.4260 0.9047
vn 0.0066 0.4696 0.8829
vn -0.0074 0.6111 0.7915
vn -0.0076 0.5569 0.8306
vn -0.0008 0.5562 0.8310
vn -0.0015 0.6124 0.7905
vn -0.0014 0.6119 0.7909
vn -0.0007 0.5542 0.8324
vn -0.0000 0.5531 0.8331
vn -0.0000 0.6115 0.7912
vn 0.0074 0.5569 0.8305
vn 0.0072 0.6113 0.7913
vn 0.0092 0.4132 0.9106
vn 0.0019 0.4230 0.9061
vn -0.0012 0.4244 0.9055
vn -0.0000 0.4225 0.9064
vn -0.0092 0.4132 0.9106
vn -0.0000 -0.8243 -0.5661
vn -0.0001 -0.8243 -0.5661
vn -0.0005 -0.7204 -0.6936
vn -0.0026 -0.7265 -0.6872
vn -0.0000 -0.8244 -0.5660
vn -0.0047 -0.7325 -0.6808
vn -0.0000 -0.8623 -0.5064
vn -0.0001 -0.8623 -0.5064
vn -0.0009 -0.6522 -0.7581
vn -0.0051 -0.6653 -0.7465
vn 0.0001 -0.8623 -0.5064
vn -0.0093 -0.6783 -0.7347
vn -0.0019 -0.9841 0.1774
vn 0.0024 -0.9814 0.1919
vn -0.0140 0.4707 0.8822
vn -0.0134 0.4233 0.9059
vn -0.0132 0.6095 0.7927
vn -0.0144 0.5564 0.8308
vn -0.0142 0.4065 0.9135
vn 0.0132 0.4230 0.9060
vn 0.0136 0.4704 0.8824
vn 0.0139 0.5566 0.8307
vn 0.0129 0.6100 0.7923
vn 0.0141 0.4064 0.9136
vn 0.0144 0.9814 -0.1914
vn 0.0130 0.9819 -0.1892
vn 0.0121 0.9812 -0.1925
vn 0.0125 0.9809 -0.1940
vn -0.0000 0.9824 -0.1870
vn 0.0004 0.9815 -0.1917
vn -0.0115 0.9822 -0.1876
vn -0.0108 0.9811 -0.1935
vn -0.0114 0.9821 -0.1882
vn -0.0106 0.9808 -0.1946
vn 0.0112 0.9806 -0.1958
vn 0.0106 0.9804 -0.1965
vn 0.0007 0.9805 -0.1963
vn -0.0101 0.9799 -0.1993
vn -0.0098 0.9795 -0.2010
vn -0.0050 0.9868 -0.1620
vn 0.0044 0.9866 -0.1631
vn 0.0038 0.9849 -0.1730
vn -0.0070 0.9846 -0.1746
vn 0.0125 0.9858 -0.1674
vn 0.0130 0.9848 -0.1729
vn -0.0000 0.9853 -0.1707
vn -0.0000 0.9847 -0.1744
vn -0.0101 0.9854 -0.1697
vn -0.0103 0.9847 -0.1737
vn -0.0039 0.9856 -0.1693
vn -0.0035 0.9847 -0.1741
vn 0.0012 0.9854 -0.1700
vn 0.0022 0.9845 -0.1751
vn 0.0032 0.9831 -0.1829
vn -0.0090 0.9823 -0.1870
vn 0.0136 0.9838 -0.1785
vn -0.0000 0.9840 -0.1782
vn -0.0106 0.9840 -0.1777
vn -0.0031 0.9839 -0.1788
vn 0.0033 0.9836 -0.1803
vt 0.510241 0.180117
vt 0.507246 0.186007
vt 0.491713 0.174031
vt 0.495910 0.169587
vt 0.513896 0.172989
vt 0.501079 0.164262
vt 0.529620 0.178870
vt 0.527312 0.187616
vt 0.525406 0.194813
vt 0.485205 0.155773
vt 0.479510 0.159050
vt 0.470681 0.141785
vt 0.477738 0.139560
vt 0.492232 0.151934
vt 0.486438 0.137035
vt 0.473113 0.121859
vt 0.465257 0.122939
vt 0.463454 0.103297
vt 0.471565 0.103409
vt 0.482790 0.120665
vt 0.481555 0.103548
vt 0.473328 0.084950
vt 0.465484 0.083656
vt 0.471157 0.064804
vt 0.478189 0.067227
vt 0.482993 0.086410
vt 0.486864 0.069996
vt 0.485932 0.050984
vt 0.480274 0.047524
vt 0.492709 0.032539
vt 0.496849 0.037161
vt 0.492918 0.055053
vt 0.501953 0.042712
vt 0.511232 0.026666
vt 0.508328 0.020589
vt 0.526414 0.011841
vt 0.528209 0.019235
vt 0.514777 0.034035
vt 0.530380 0.028236
vt 0.546880 0.014595
vt 0.546259 0.006430
vt 0.567068 0.004552
vt 0.566470 0.012967
vt 0.547688 0.024547
vt 0.565907 0.023229
vt 0.586201 0.014569
vt 0.588040 0.006401
vt 0.608340 0.011810
vt 0.605306 0.019220
vt 0.584241 0.024534
vt 0.601940 0.028252
vt 0.623007 0.026741
vt 0.627135 0.020615
vt 0.643550 0.032672
vt 0.638176 0.037369
vt 0.618250 0.034172
vt 0.631811 0.043002
vt 0.649730 0.051314
vt 0.656694 0.047787
vt 0.666363 0.065155
vt 0.657950 0.067625
vt 0.641372 0.055450
vt 0.647797 0.070437
vt 0.663122 0.085315
vt 0.672393 0.084001
vt 0.674586 0.103574
vt 0.665024 0.103681
vt 0.651915 0.086790
vt 0.653463 0.103809
vt 0.663438 0.122019
vt 0.672745 0.123120
vt 0.667035 0.141899
vt 0.658553 0.139629
vt 0.652186 0.120799
vt 0.648315 0.137057
vt 0.650569 0.155809
vt 0.657628 0.159173
vt 0.644645 0.174215
vt 0.639162 0.169650
vt 0.642089 0.151873
vt 0.632651 0.164182
vt 0.623989 0.180268
vt 0.628214 0.186259
vt 0.609161 0.195058
vt 0.606063 0.187803
vt 0.619097 0.173004
vt 0.602608 0.178966
vt 0.586463 0.192452
vt 0.588315 0.200448
vt 0.566741 0.202254
vt 0.566183 0.194024
vt 0.584478 0.182707
vt 0.565668 0.184000
vt 0.546213 0.192333
vt 0.545504 0.200302
vt 0.547130 0.182632
vt 0.320666 0.289338
vt 0.326264 0.292391
vt 0.314366 0.307322
vt 0.310009 0.303175
vt 0.313767 0.285656
vt 0.304757 0.298077
vt 0.320012 0.270790
vt 0.328334 0.273195
vt 0.334974 0.275206
vt 0.296334 0.314068
vt 0.299508 0.319350
vt 0.282357 0.328239
vt 0.280288 0.322007
vt 0.292562 0.307382
vt 0.277852 0.313939
vt 0.262520 0.326979
vt 0.263573 0.333766
vt 0.243960 0.335737
vt 0.243877 0.328753
vt 0.261308 0.318105
vt 0.243833 0.319607
vt 0.225210 0.327102
vt 0.224325 0.333960
vt 0.205469 0.328624
vt 0.207357 0.322272
vt 0.226334 0.318178
vt 0.209691 0.314117
vt 0.191159 0.314514
vt 0.188197 0.319919
vt 0.173183 0.308049
vt 0.177290 0.303792
vt 0.194789 0.307732
vt 0.182364 0.298598
vt 0.166422 0.290074
vt 0.161101 0.293226
vt 0.152167 0.276115
vt 0.158514 0.274010
vt 0.173142 0.286288
vt 0.166670 0.271495
vt 0.153519 0.256254
vt 0.146587 0.257374
vt 0.144553 0.237811
vt 0.151670 0.237647
vt 0.162506 0.254929
vt 0.160925 0.237471
vt 0.153196 0.219028
vt 0.146256 0.218232
vt 0.151518 0.199440
vt 0.157883 0.201234
vt 0.162199 0.220004
vt 0.166074 0.203415
vt 0.165515 0.185104
vt 0.160161 0.182241
vt 0.171987 0.167293
vt 0.176144 0.171286
vt 0.172291 0.188589
vt 0.181299 0.176214
vt 0.189824 0.160422
vt 0.186794 0.155256
vt 0.203912 0.146355
vt 0.205886 0.152494
vt 0.193554 0.166960
vt 0.208337 0.160424
vt 0.223658 0.147484
vt 0.222674 0.140807
vt 0.242276 0.138810
vt 0.242299 0.145634
vt 0.224916 0.156204
vt 0.242401 0.154593
vt 0.260972 0.147187
vt 0.261915 0.140561
vt 0.280782 0.145888
vt 0.278823 0.151950
vt 0.259906 0.155880
vt 0.276528 0.159836
vt 0.295007 0.159726
vt 0.298075 0.154618
vt 0.313133 0.166524
vt 0.308876 0.170499
vt 0.291372 0.166232
vt 0.303749 0.175423
vt 0.319785 0.184255
vt 0.325290 0.181373
vt 0.334303 0.198508
vt 0.327739 0.200352
vt 0.312992 0.187775
vt 0.319495 0.202605
vt 0.332742 0.218135
vt 0.339934 0.217267
vt 0.341990 0.236842
vt 0.334580 0.236763
vt 0.323644 0.219204
vt 0.325196 0.236689
vt 0.333041 0.255393
vt 0.340276 0.256422
vt 0.323903 0.254177
vt 0.843055 0.356424
vt 0.827811 0.343860
vt 0.831167 0.340454
vt 0.845556 0.352213
vt 0.860424 0.365803
vt 0.862056 0.360951
vt 0.815324 0.328561
vt 0.806033 0.311165
vt 0.810837 0.309505
vt 0.819485 0.326018
vt 0.800366 0.292281
vt 0.798465 0.272660
vt 0.803758 0.272734
vt 0.805541 0.291490
vt 0.800468 0.253051
vt 0.806228 0.234194
vt 0.811022 0.236009
vt 0.805639 0.253991
vt 0.815593 0.216836
vt 0.828136 0.201581
vt 0.831461 0.205145
vt 0.819735 0.219535
vt 0.843416 0.189060
vt 0.860807 0.179718
vt 0.862385 0.184747
vt 0.845872 0.193438
vt 0.879709 0.173992
vt 0.899367 0.172043
vt 0.899254 0.177572
vt 0.880433 0.179398
vt 0.919022 0.174026
vt 0.937909 0.179794
vt 0.936131 0.184835
vt 0.918080 0.179440
vt 0.955259 0.189196
vt 0.970469 0.201779
vt 0.966982 0.205350
vt 0.952624 0.193586
vt 0.982921 0.217080
vt 0.992190 0.234469
vt 0.987231 0.236280
vt 0.978620 0.219780
vt 0.997855 0.253343
vt 0.999768 0.272958
vt 0.994306 0.273028
vt 0.992516 0.254278
vt 0.997783 0.292574
vt 0.992039 0.311438
vt 0.987076 0.309779
vt 0.992441 0.291781
vt 0.982682 0.328798
vt 0.970145 0.344048
vt 0.966655 0.340642
vt 0.978374 0.326256
vt 0.954871 0.356562
vt 0.937485 0.365891
vt 0.935732 0.361035
vt 0.952245 0.352347
vt 0.918591 0.371599
vt 0.898948 0.373535
vt 0.898890 0.368196
vt 0.917692 0.366375
vt 0.879307 0.371555
vt 0.880090 0.366335
vt 0.859126 0.154719
vt 0.865528 0.158062
vt 0.853464 0.172937
vt 0.848521 0.168266
vt 0.851833 0.150908
vt 0.843007 0.162915
vt 0.858005 0.136285
vt 0.866852 0.138724
vt 0.874498 0.140844
vt 0.834916 0.178655
vt 0.838490 0.184773
vt 0.821289 0.193423
vt 0.818987 0.186062
vt 0.830992 0.171538
vt 0.816490 0.177396
vt 0.801419 0.190665
vt 0.802546 0.198745
vt 0.783044 0.200560
vt 0.783044 0.192245
vt 0.800230 0.181099
vt 0.783102 0.182390
vt 0.764698 0.190588
vt 0.763575 0.198688
vt 0.744963 0.193325
vt 0.747240 0.185933
vt 0.765999 0.181013
vt 0.749823 0.177250
vt 0.731533 0.178519
vt 0.728034 0.184670
vt 0.713456 0.172862
vt 0.718268 0.168158
vt 0.735475 0.171386
vt 0.723723 0.162786
vt 0.708133 0.154661
vt 0.701898 0.158043
vt 0.693508 0.140905
vt 0.700954 0.138735
vt 0.715322 0.150814
vt 0.709659 0.136245
vt 0.696554 0.121100
vt 0.688425 0.122141
vt 0.686832 0.102575
vt 0.695159 0.102623
vt 0.706123 0.119872
vt 0.704988 0.102613
vt 0.696997 0.084173
vt 0.688917 0.083030
vt 0.694482 0.064321
vt 0.701835 0.066607
vt 0.706523 0.085383
vt 0.710454 0.069095
vt 0.709440 0.050781
vt 0.703330 0.047257
vt 0.715304 0.032499
vt 0.719955 0.037357
vt 0.716507 0.054659
vt 0.725245 0.042784
vt 0.733528 0.026988
vt 0.730237 0.020707
vt 0.747452 0.012042
vt 0.749479 0.019532
vt 0.737242 0.034152
vt 0.751777 0.028206
vt 0.767120 0.014847
vt 0.766270 0.006654
vt 0.785873 0.004742
vt 0.785589 0.013171
vt 0.768110 0.024404
vt 0.785320 0.023020
vt 0.804015 0.014738
vt 0.805433 0.006506
vt 0.824132 0.011761
vt 0.821542 0.019319
vt 0.802487 0.024332
vt 0.818710 0.028061
vt 0.837314 0.026682
vt 0.841152 0.020323
vt 0.855814 0.032044
vt 0.850642 0.036985
vt 0.833089 0.033925
vt 0.844877 0.042500
vt 0.860843 0.050384
vt 0.867440 0.046772
vt 0.875857 0.063859
vt 0.868061 0.066233
vt 0.853339 0.054363
vt 0.859053 0.068827
vt 0.872440 0.083878
vt 0.880898 0.082651
vt 0.882399 0.102305
vt 0.873764 0.102430
vt 0.862589 0.085185
vt 0.863678 0.102501
vt 0.871816 0.121004
vt 0.880194 0.121981
vt 0.862053 0.119843
vt 0.200050 0.194033
vt 0.213572 0.192660
vt 0.213606 0.207035
vt 0.199018 0.207410
vt 0.188451 0.194298
vt 0.185851 0.207126
vt 0.191463 0.185856
vt 0.199955 0.182632
vt 0.212850 0.179742
vt 0.228206 0.191567
vt 0.243365 0.191047
vt 0.243717 0.206329
vt 0.228584 0.206600
vt 0.227491 0.177706
vt 0.242990 0.176847
vt 0.258462 0.191389
vt 0.272942 0.192306
vt 0.273508 0.206722
vt 0.258760 0.206443
vt 0.258458 0.177486
vt 0.273032 0.179318
vt 0.286256 0.193509
vt 0.297560 0.193631
vt 0.300514 0.206520
vt 0.287764 0.206944
vt 0.285847 0.182029
vt 0.294264 0.185171
vt 0.198226 0.221968
vt 0.213510 0.221894
vt 0.213499 0.236997
vt 0.197960 0.237114
vt 0.184097 0.221737
vt 0.183498 0.237234
vt 0.228773 0.221721
vt 0.243981 0.221573
vt 0.244157 0.236810
vt 0.228888 0.236895
vt 0.259091 0.221568
vt 0.274088 0.221589
vt 0.274448 0.236697
vt 0.259332 0.236743
vt 0.288966 0.221517
vt 0.302603 0.221151
vt 0.303488 0.236661
vt 0.289553 0.236672
vt 0.198495 0.252254
vt 0.213790 0.252100
vt 0.214159 0.266993
vt 0.199541 0.266832
vt 0.184358 0.252720
vt 0.186355 0.267337
vt 0.229046 0.252077
vt 0.244244 0.252064
vt 0.244244 0.267361
vt 0.229129 0.267244
vt 0.259358 0.251944
vt 0.274358 0.251834
vt 0.274040 0.266750
vt 0.259292 0.267124
vt 0.289222 0.251850
vt 0.302844 0.252186
vt 0.300981 0.266836
vt 0.288260 0.266456
vt 0.200799 0.280295
vt 0.214382 0.281466
vt 0.213884 0.294512
vt 0.200897 0.291810
vt 0.189158 0.280224
vt 0.192327 0.288692
vt 0.229018 0.282372
vt 0.244160 0.282725
vt 0.244034 0.297038
vt 0.228547 0.296362
vt 0.259257 0.282239
vt 0.273719 0.281200
vt 0.274026 0.294236
vt 0.259493 0.296225
vt 0.286962 0.279900
vt 0.298212 0.279720
vt 0.295068 0.288210
vt 0.286734 0.291398
vt 0.520161 0.061210
vt 0.534038 0.060054
vt 0.533723 0.074375
vt 0.518799 0.074485
vt 0.508513 0.061251
vt 0.505678 0.073978
vt 0.511750 0.052866
vt 0.520425 0.049904
vt 0.533762 0.047283
vt 0.549297 0.059144
vt 0.565286 0.058790
vt 0.565241 0.074055
vt 0.549295 0.074155
vt 0.549065 0.045466
vt 0.565387 0.044789
vt 0.581345 0.059291
vt 0.596847 0.060352
vt 0.597131 0.074663
vt 0.581275 0.074298
vt 0.581773 0.045582
vt 0.597311 0.047529
vt 0.611175 0.061661
vt 0.623520 0.061788
vt 0.626461 0.074496
vt 0.612559 0.074915
vt 0.611101 0.050301
vt 0.620307 0.053331
vt 0.517708 0.088970
vt 0.533329 0.089186
vt 0.533092 0.104208
vt 0.517197 0.104032
vt 0.503676 0.088478
vt 0.502840 0.103844
vt 0.549184 0.089240
vt 0.565214 0.089253
vt 0.565202 0.104386
vt 0.549089 0.104328
vt 0.581349 0.089342
vt 0.597524 0.089393
vt 0.597777 0.104316
vt 0.581435 0.104380
vt 0.613685 0.089284
vt 0.628550 0.088866
vt 0.629426 0.104057
vt 0.614222 0.104197
vt 0.517568 0.119029
vt 0.533240 0.119153
vt 0.533528 0.133775
vt 0.518509 0.133374
vt 0.503493 0.119161
vt 0.505304 0.133569
vt 0.549130 0.119335
vt 0.565202 0.119446
vt 0.565205 0.134430
vt 0.549171 0.134209
vt 0.581407 0.119357
vt 0.597652 0.119189
vt 0.597382 0.133739
vt 0.581385 0.134199
vt 0.613854 0.119071
vt 0.628748 0.119217
vt 0.626835 0.133465
vt 0.612883 0.133289
vt 0.519697 0.146488
vt 0.533709 0.147847
vt 0.533286 0.160341
vt 0.519792 0.157602
vt 0.507928 0.146215
vt 0.511058 0.154528
vt 0.549075 0.148908
vt 0.565204 0.149345
vt 0.565247 0.162972
vt 0.548730 0.162250
vt 0.581493 0.148843
vt 0.597209 0.147702
vt 0.597778 0.160151
vt 0.581951 0.162164
vt 0.611626 0.146241
vt 0.624020 0.145924
vt 0.620890 0.154201
vt 0.611668 0.157275
vt 0.741682 0.058772
vt 0.755199 0.057357
vt 0.754827 0.071691
vt 0.740291 0.072140
vt 0.730498 0.059295
vt 0.727657 0.072075
vt 0.733853 0.051160
vt 0.742109 0.047792
vt 0.754990 0.044985
vt 0.769866 0.056273
vt 0.785081 0.055812
vt 0.784970 0.071025
vt 0.769801 0.071244
vt 0.769644 0.043037
vt 0.785157 0.042269
vt 0.800234 0.056262
vt 0.814782 0.057324
vt 0.814936 0.071702
vt 0.800084 0.071258
vt 0.800610 0.042997
vt 0.815154 0.044900
vt 0.828187 0.058691
vt 0.839279 0.059151
vt 0.841839 0.071988
vt 0.829333 0.072115
vt 0.827936 0.047648
vt 0.836083 0.050984
vt 0.739150 0.086746
vt 0.754353 0.086580
vt 0.754001 0.101782
vt 0.738552 0.101994
vt 0.725619 0.086690
vt 0.724708 0.102237
vt 0.769585 0.086381
vt 0.784818 0.086277
vt 0.784630 0.101605
vt 0.769344 0.101649
vt 0.800013 0.086393
vt 0.815142 0.086592
vt 0.815161 0.101794
vt 0.799899 0.101658
vt 0.830183 0.086736
vt 0.843549 0.086637
vt 0.844082 0.102220
vt 0.830433 0.101998
vt 0.738786 0.117285
vt 0.753997 0.117049
vt 0.754108 0.132169
vt 0.739565 0.132063
vt 0.725239 0.117814
vt 0.726905 0.132549
vt 0.769207 0.117009
vt 0.784418 0.117045
vt 0.784164 0.132606
vt 0.769038 0.132427
vt 0.799621 0.117040
vt 0.814759 0.117103
vt 0.814160 0.132262
vt 0.799289 0.132480
vt 0.829784 0.117344
vt 0.843118 0.117860
vt 0.840989 0.132645
vt 0.828535 0.132167
vt 0.740598 0.145772
vt 0.754101 0.146933
vt 0.753547 0.159798
vt 0.740722 0.157157
vt 0.729397 0.145574
vt 0.732540 0.153911
vt 0.768697 0.147876
vt 0.783849 0.148304
vt 0.783533 0.162384
vt 0.768101 0.161647
vt 0.799013 0.147926
vt 0.813590 0.147019
vt 0.813570 0.159875
vt 0.798990 0.161693
vt 0.826986 0.145866
vt 0.838028 0.145667
vt 0.834577 0.154002
vt 0.826374 0.157239
vt 0.855755 0.230476
vt 0.868978 0.229293
vt 0.868590 0.243673
vt 0.854384 0.243810
vt 0.844843 0.230709
vt 0.842059 0.243383
vt 0.848127 0.222577
vt 0.856200 0.219397
vt 0.868827 0.216740
vt 0.883444 0.228360
vt 0.898539 0.227972
vt 0.898378 0.243297
vt 0.883339 0.243427
vt 0.883308 0.214895
vt 0.898715 0.214189
vt 0.913643 0.228416
vt 0.928195 0.229394
vt 0.928312 0.243811
vt 0.913442 0.243502
vt 0.914120 0.214934
vt 0.928652 0.216806
vt 0.941637 0.230598
vt 0.952807 0.230845
vt 0.955402 0.243583
vt 0.942777 0.243987
vt 0.941445 0.219472
vt 0.949629 0.222680
vt 0.853320 0.258305
vt 0.868174 0.258498
vt 0.867955 0.273522
vt 0.852858 0.273366
vt 0.840119 0.257848
vt 0.839349 0.273199
vt 0.883175 0.258529
vt 0.898272 0.258522
vt 0.898221 0.273679
vt 0.883069 0.273626
vt 0.913411 0.258596
vt 0.928557 0.258627
vt 0.928698 0.273638
vt 0.913425 0.273684
vt 0.943685 0.258486
vt 0.957199 0.258065
vt 0.957873 0.273420
vt 0.944061 0.273539
vt 0.853289 0.288385
vt 0.868154 0.288490
vt 0.868542 0.303180
vt 0.854316 0.302793
vt 0.840072 0.288528
vt 0.841961 0.302955
vt 0.883140 0.288666
vt 0.898221 0.288788
vt 0.898274 0.303865
vt 0.883266 0.303615
vt 0.913363 0.288736
vt 0.928509 0.288627
vt 0.928214 0.303332
vt 0.913345 0.303696
vt 0.943613 0.288582
vt 0.957101 0.288773
vt 0.955204 0.303202
vt 0.942630 0.303000
vt 0.855628 0.316028
vt 0.868886 0.317381
vt 0.868690 0.329725
vt 0.856024 0.326968
vt 0.844675 0.315600
vt 0.847940 0.323683
vt 0.883324 0.318454
vt 0.898382 0.318934
vt 0.898509 0.332434
vt 0.883142 0.331661
vt 0.913493 0.318519
vt 0.928039 0.317502
vt 0.928438 0.329813
vt 0.913915 0.331709
vt 0.941410 0.316184
vt 0.952510 0.315787
vt 0.949306 0.323835
vt 0.941153 0.327078
vt 0.949595 0.199310
vt 0.946428 0.205614
vt 0.932127 0.199707
vt 0.934167 0.191816
vt 0.962729 0.209634
vt 0.958180 0.214181
vt 0.972959 0.222807
vt 0.980339 0.238220
vt 0.972515 0.240207
vt 0.966690 0.225940
vt 0.984924 0.255260
vt 0.986496 0.273116
vt 0.977501 0.273213
vt 0.976209 0.256263
vt 0.984841 0.290972
vt 0.976116 0.290161
vt 0.980172 0.308004
vt 0.972331 0.306194
vt 0.972706 0.323382
vt 0.966420 0.320399
vt 0.962406 0.336510
vt 0.957852 0.332096
vt 0.949236 0.346793
vt 0.933803 0.354246
vt 0.931807 0.346544
vt 0.946090 0.340644
vt 0.916718 0.358886
vt 0.898812 0.360490
vt 0.898720 0.351621
vt 0.915712 0.350296
vt 0.880911 0.358836
vt 0.881742 0.350237
vt 0.863845 0.354144
vt 0.865683 0.346427
vt 0.848444 0.346635
vt 0.851451 0.340473
vt 0.835308 0.336299
vt 0.839732 0.331877
vt 0.825033 0.323130
vt 0.817600 0.307727
vt 0.825282 0.305916
vt 0.831178 0.320142
vt 0.812986 0.290685
vt 0.811404 0.272832
vt 0.820215 0.272945
vt 0.821536 0.289881
vt 0.813066 0.254991
vt 0.821596 0.256015
vt 0.817750 0.237971
vt 0.825397 0.239985
vt 0.825233 0.222581
vt 0.831335 0.225744
vt 0.835541 0.209437
vt 0.839919 0.214012
vt 0.848699 0.199156
vt 0.864116 0.191711
vt 0.865901 0.199597
vt 0.851653 0.205472
vt 0.881203 0.187077
vt 0.899130 0.185476
vt 0.898998 0.194550
vt 0.881988 0.195866
vt 0.917064 0.187130
vt 0.916014 0.195925
vt 0.314118 0.253034
vt 0.315098 0.236661
vt 0.311226 0.268474
vt 0.306710 0.282042
vt 0.299618 0.292887
vt 0.288980 0.300189
vt 0.275583 0.304914
vt 0.260238 0.308016
vt 0.243905 0.309183
vt 0.227550 0.308113
vt 0.212095 0.305129
vt 0.198467 0.300556
vt 0.187582 0.293389
vt 0.180334 0.282611
vt 0.175677 0.269080
vt 0.172576 0.253682
vt 0.171345 0.237343
vt 0.172295 0.220995
vt 0.175136 0.205588
vt 0.179571 0.192070
vt 0.186633 0.181270
vt 0.197362 0.173990
vt 0.210883 0.169254
vt 0.226294 0.166100
vt 0.242650 0.164848
vt 0.259004 0.165815
vt 0.274412 0.168729
vt 0.287933 0.173305
vt 0.298738 0.180508
vt 0.306023 0.191312
vt 0.310753 0.204869
vt 0.313878 0.220295
vt 0.846903 0.057499
vt 0.840185 0.047003
vt 0.851026 0.070820
vt 0.853653 0.086112
vt 0.854472 0.102410
vt 0.853178 0.118744
vt 0.850095 0.134138
vt 0.845551 0.147618
vt 0.838511 0.158241
vt 0.827926 0.165094
vt 0.814610 0.169332
vt 0.799408 0.172095
vt 0.783275 0.173090
vt 0.767168 0.172028
vt 0.752024 0.169219
vt 0.738778 0.164977
vt 0.728365 0.158135
vt 0.721696 0.147519
vt 0.717626 0.134062
vt 0.715020 0.118726
vt 0.714181 0.102463
vt 0.715406 0.086228
vt 0.718389 0.070989
vt 0.722820 0.057712
vt 0.729780 0.047228
vt 0.740367 0.040339
vt 0.753732 0.035982
vt 0.769004 0.033108
vt 0.785206 0.032030
vt 0.801356 0.033054
vt 0.816521 0.035868
vt 0.829764 0.040157
vt 0.943373 0.211747
vt 0.930124 0.207478
vt 0.953805 0.218542
vt 0.960559 0.228959
vt 0.964754 0.242160
vt 0.967502 0.257261
vt 0.968486 0.273313
vt 0.967399 0.289363
vt 0.964552 0.304428
vt 0.960261 0.317526
vt 0.953455 0.327852
vt 0.943051 0.334645
vt 0.929855 0.338942
vt 0.914717 0.341766
vt 0.898620 0.342796
vt 0.882550 0.341714
vt 0.867462 0.338843
vt 0.854309 0.334510
vt 0.843933 0.327677
vt 0.837132 0.317298
vt 0.832847 0.304159
vt 0.830029 0.289094
vt 0.829002 0.273063
vt 0.830082 0.257027
vt 0.832953 0.241950
vt 0.837295 0.228796
vt 0.844131 0.218423
vt 0.854496 0.211648
vt 0.867638 0.207395
vt 0.882756 0.204605
vt 0.898864 0.203589
vt 0.914971 0.204652
vt 0.869130 0.159943
vt 0.878800 0.142037
vt 0.856246 0.175566
vt 0.840501 0.188216
vt 0.822584 0.197564
vt 0.803179 0.203291
vt 0.783044 0.205238
vt 0.762944 0.203244
vt 0.743682 0.197484
vt 0.726065 0.188131
vt 0.710748 0.175508
vt 0.698390 0.159945
vt 0.689319 0.142125
vt 0.683852 0.122727
vt 0.682149 0.102548
vt 0.684371 0.082388
vt 0.690344 0.063035
vt 0.699893 0.045273
vt 0.712686 0.029764
vt 0.728386 0.017172
vt 0.746312 0.007827
vt 0.765792 0.002044
vt 0.786033 0.000000
vt 0.806230 0.001875
vt 0.825590 0.007509
vt 0.843311 0.016745
vt 0.858725 0.029264
vt 0.871152 0.044740
vt 0.880243 0.062523
vt 0.885657 0.081961
vt 0.887257 0.102234
vt 0.884907 0.122531
vt 0.505692 0.189272
vt 0.524488 0.198748
vt 0.489474 0.176529
vt 0.476483 0.160876
vt 0.466964 0.142992
vt 0.461139 0.123515
vt 0.459208 0.103240
vt 0.461373 0.082969
vt 0.467454 0.063495
vt 0.477271 0.045607
vt 0.490505 0.029956
vt 0.506823 0.017238
vt 0.525551 0.007817
vt 0.546040 0.002012
vt 0.567498 -0.000000
vt 0.589133 0.001958
vt 0.610099 0.007733
vt 0.629555 0.017183
vt 0.646702 0.029994
vt 0.660695 0.045788
vt 0.671109 0.063791
vt 0.677574 0.083285
vt 0.679912 0.103516
vt 0.677941 0.123724
vt 0.671810 0.143160
vt 0.661670 0.161083
vt 0.647843 0.176817
vt 0.630673 0.189618
vt 0.610943 0.199058
vt 0.589410 0.204809
vt 0.567150 0.206720
vt 0.545241 0.204631
vt 0.329413 0.294108
vt 0.338710 0.276337
vt 0.316818 0.309656
vt 0.301294 0.322322
vt 0.283521 0.331746
vt 0.264165 0.337584
vt 0.244007 0.339666
vt 0.223827 0.337818
vt 0.204407 0.332197
vt 0.186531 0.322960
vt 0.170871 0.310444
vt 0.158107 0.295000
vt 0.148596 0.277298
vt 0.142687 0.258003
vt 0.140549 0.237903
vt 0.142351 0.217784
vt 0.147937 0.198431
vt 0.157148 0.180631
vt 0.169648 0.165046
vt 0.185089 0.152349
vt 0.202802 0.142901
vt 0.222121 0.137051
vt 0.242263 0.134971
vt 0.262445 0.136833
vt 0.281883 0.142477
vt 0.299801 0.151743
vt 0.315529 0.164288
vt 0.328388 0.179752
vt 0.337996 0.197471
vt 0.343979 0.216779
vt 0.346158 0.236886
vt 0.344346 0.257001
vt 0.517467 0.165963
vt 0.506276 0.159079
vt 0.531766 0.170235
vt 0.499287 0.148392
vt 0.495116 0.134917
vt 0.492404 0.119737
vt 0.491465 0.103688
vt 0.492602 0.087604
vt 0.495526 0.072361
vt 0.499935 0.058833
vt 0.507082 0.048134
vt 0.518234 0.041311
vt 0.532385 0.037127
vt 0.548473 0.034380
vt 0.565572 0.033381
vt 0.582755 0.034428
vt 0.599147 0.037253
vt 0.613873 0.041579
vt 0.625604 0.048549
vt 0.633111 0.059327
vt 0.637758 0.072862
vt 0.640846 0.088002
vt 0.642056 0.103930
vt 0.641079 0.119831
vt 0.638198 0.134865
vt 0.633709 0.148194
vt 0.626293 0.158803
vt 0.614580 0.165768
vt 0.599716 0.170163
vt 0.582963 0.173036
vt 0.565380 0.174092
vt 0.548025 0.173053
vt 0.810582 0.373808
vt 0.887896 0.373808
vt 0.888067 0.416917
vt 0.810753 0.416917
vt 0.000000 0.421943
vt 0.077241 0.421943
vt 0.077241 0.464921
vt 0.000000 0.464921
vt 0.384259 0.000001
vt 0.461573 0.000001
vt 0.461402 0.043110
vt 0.384087 0.043110
vt 0.000000 0.000001
vt 0.077241 0.000001
vt 0.077241 0.043324
vt 0.000000 0.043324
vt 0.599352 0.380647
vt 0.599243 0.414389
vt 0.557404 0.414489
vt 0.557472 0.380585
vt 0.599456 0.321013
vt 0.599425 0.347451
vt 0.557499 0.347266
vt 0.557510 0.320802
vt 0.683414 0.437862
vt 0.683340 0.414380
vt 0.725177 0.414465
vt 0.725237 0.437994
vt 0.766963 0.380539
vt 0.767011 0.414529
vt 0.725119 0.380565
vt 0.683237 0.380635
vt 0.641287 0.414307
vt 0.641287 0.380682
vt 0.515567 0.414563
vt 0.515622 0.380575
vt 0.767037 0.320779
vt 0.766992 0.347196
vt 0.725097 0.347260
vt 0.725092 0.320804
vt 0.683140 0.321005
vt 0.683167 0.347440
vt 0.641289 0.347565
vt 0.641292 0.321142
vt 0.515599 0.347202
vt 0.515559 0.320766
vt 0.515502 0.438202
vt 0.557333 0.438037
vt 0.599162 0.437873
vt 0.641286 0.437778
vt 0.767069 0.438139
vt 0.954806 0.417939
vt 0.909759 0.417953
vt 0.909749 0.387192
vt 0.954801 0.387207
vt 0.999851 0.417954
vt 0.999847 0.387237
vt 0.954812 0.441344
vt 0.909775 0.441355
vt 0.909773 0.373986
vt 0.954812 0.374108
vt 0.999849 0.441349
vt 0.999850 0.374061
vt 0.889288 0.138218
vt 0.889315 0.069881
vt 0.979040 0.069952
vt 0.979014 0.138174
vt 0.884419 0.000064
vt 0.974144 0.000013
vt 0.974177 0.068528
vt 0.884452 0.068522
vt 0.808892 0.380610
vt 0.808973 0.414616
vt 0.809006 0.320922
vt 0.808930 0.347289
vt 0.809045 0.438306
vt 0.473603 0.414656
vt 0.473690 0.380633
vt 0.473659 0.347281
vt 0.473588 0.320887
vt 0.473524 0.438384
vt 0.786592 0.295607
vt 0.711712 0.295607
vt 0.711712 0.251820
vt 0.786592 0.251820
vt 0.636833 0.295607
vt 0.636833 0.251820
vt 0.561954 0.295607
vt 0.561954 0.251820
vt 0.487076 0.295607
vt 0.487076 0.251820
vt 0.711712 0.207960
vt 0.786592 0.207960
vt 0.636833 0.207960
vt 0.561954 0.207960
vt 0.487076 0.207960
vt 1.000000 0.525500
vt 0.896336 0.525500
vt 0.896336 0.485913
vt 1.000000 0.485913
vt 0.792672 0.525500
vt 0.792672 0.485913
vt 0.689009 0.525500
vt 0.689009 0.485913
vt 0.585347 0.525500
vt 0.585347 0.485913
vt 0.481687 0.525500
vt 0.481687 0.485913
vt 0.378029 0.525500
vt 0.378029 0.485913
vt 0.896336 0.446236
vt 1.000000 0.446236
vt 0.792672 0.446236
vt 0.689009 0.446236
vt 0.585347 0.446236
vt 0.481687 0.446236
vt 0.378029 0.446236
s 0
f 1/1/1 2/2/2 3/3/3 4/4/4
f 5/5/5 1/1/1 4/4/4 6/6/6
f 1/1/1 5/5/5 7/7/7 8/8/8
f 2/2/2 1/1/1 8/8/8 9/9/9
f 10/10/10 11/11/11 12/12/12 13/13/13
f 14/14/14 10/10/10 13/13/13 15/15/15
f 10/10/10 14/14/14 6/6/6 4/4/4
f 11/11/11 10/10/10 4/4/4 3/3/3
f 16/16/16 17/17/17 18/18/18 19/19/19
f 20/20/20 16/16/16 19/19/19 21/21/21
f 16/16/16 20/20/20 15/15/15 13/13/13
f 17/17/17 16/16/16 13/13/13 12/12/12
f 22/22/22 23/23/23 24/24/24 25/25/25
f 26/26/26 22/22/22 25/25/25 27/27/27
f 22/22/22 26/26/26 21/21/21 19/19/19
f 23/23/23 22/22/22 19/19/19 18/18/18
f 28/28/28 29/29/29 30/30/30 31/31/31
f 32/32/32 28/28/28 31/31/31 33/33/33
f 28/28/28 32/32/32 27/27/27 25/25/25
f 29/29/29 28/28/28 25/25/25 24/24/24
f 34/34/34 35/35/35 36/36/36 37/37/37
f 38/38/38 34/34/34 37/37/37 39/39/39
f 34/34/34 38/38/38 33/33/33 31/31/31
f 35/35/35 34/34/34 31/31/31 30/30/30
f 40/40/40 41/41/41 42/42/42 43/43/43
f 44/44/44 40/40/40 43/43/43 45/45/45
f 40/40/40 44/44/44 39/39/39 37/37/37
f 41/41/41 40/40/40 37/37/37 36/36/36
f 46/46/46 47/47/47 48/48/48 49/49/49
f 50/50/50 46/46/46 49/49/49 51/51/51
f 46/46/46 50/50/50 45/45/45 43/43/43
f 47/47/47 46/46/46 43/43/43 42/42/42
f 52/52/52 53/53/53 54/54/54 55/55/55
f 56/56/56 52/52/52 55/55/55 57/57/57
f 52/52/52 56/56/56 51/51/51 49/49/49
f 53/53/53 52/52/52 49/49/49 48/48/48
f 58/58/58 59/59/59 60/60/60 61/61/61
f 62/62/62 58/58/58 61/61/61 63/63/63
f 58/58/58 62/62/62 57/57/57 55/55/55
f 59/59/59 58/58/58 55/55/55 54/54/54
f 64/64/64 65/65/65 66/66/66 67/67/67
f 68/68/68 64/64/64 67/67/67 69/69/69
f 64/64/64 68/68/68 63/63/63 61/61/61
f 65/65/65 64/64/64 61/61/61 60/60/60
f 70/70/70 71/71/71 72/72/72 73/73/73
f 74/74/74 70/70/70 73/73/73 75/75/75
f 70/70/70 74/74/74 69/69/69 67/67/67
f 71/71/71 70/70/70 67/67/67 66/66/66
f 76/76/76 77/77/77 78/78/78 79/79/79
f 80/80/80 76/76/76 79/79/79 81/81/81
f 76/76/76 80/80/80 75/75/75 73/73/73
f 77/77/77 76/76/76 73/73/73 72/72/72
f 82/82/82 83/83/83 84/84/84 85/85/85
f 86/86/86 82/82/82 85/85/85 87/87/87
f 82/82/82 86/86/86 81/81/81 79/79/79
f 83/83/83 82/82/82 79/79/79 78/78/78
f 88/88/88 89/89/89 90/90/90 91/91/91
f 92/92/92 88/88/88 91/91/91 93/93/93
f 88/88/88 92/92/92 87/87/87 85/85/85
f 89/89/89 88/88/88 85/85/85 84/84/84
f 94/94/94 95/95/95 9/9/9 8/8/8
f 96/96/96 94/94/94 8/8/8 7/7/7
f 94/94/94 96/96/96 93/93/93 91/91/91
f 95/95/95 94/94/94 91/91/91 90/90/90
f 97/97/97 98/98/98 99/99/99 100/100/100
f 101/101/101 97/97/97 100/100/100 102/102/102
f 97/97/97 101/101/101 103/103/103 104/104/104
f 98/98/98 97/97/97 104/104/104 105/105/105
f 106/106/106 107/107/107 108/108/108 109/109/109
f 110/110/110 106/106/106 109/109/109 111/111/111
f 106/106/106 110/110/110 102/102/102 100/100/100
f 107/107/107 106/106/106 100/100/100 99/99/99
f 112/112/112 113/113/113 114/114/114 115/115/115
f 116/116/116 112/112/112 115/115/115 117/117/117
f 112/112/112 116/116/116 111/111/111 109/109/109
f 113/113/113 112/112/112 109/109/109 108/108/108
f 118/118/118 119/119/119 120/120/120 121/121/121
f 122/122/122 118/118/118 121/121/121 123/123/123
f 118/118/118 122/122/122 117/117/117 115/115/115
f 119/119/119 118/118/118 115/115/115 114/114/114
f 124/124/124 125/125/125 126/126/126 127/127/127
f 128/128/128 124/124/124 127/127/127 129/129/129
f 124/124/124 128/128/128 123/123/123 121/121/121
f 125/125/125 124/124/124 121/121/121 120/120/120
f 130/130/130 131/131/131 132/132/132 133/133/133
f 134/134/134 130/130/130 133/133/133 135/135/135
f 130/130/130 134/134/134 129/129/129 127/127/127
f 131/131/131 130/130/130 127/127/127 126/126/126
f 136/136/136 137/137/137 138/138/138 139/139/139
f 140/140/140 136/136/136 139/139/139 141/141/141
f 136/136/136 140/140/140 135/135/135 133/133/133
f 137/137/137 136/136/136 133/133/133 132/132/132
f 142/142/142 143/143/143 144/144/144 145/145/145
f 146/146/146 142/142/142 145/145/145 147/147/147
f 142/142/142 146/146/146 141/141/141 139/139/139
f 143/143/143 142/142/142 139/139/139 138/138/138
f 148/148/148 149/149/149 150/150/150 151/151/151
f 152/152/152 148/148/148 151/151/151 153/153/153
f 148/148/148 152/152/152 147/147/147 145/145/145
f 149/149/149 148/148/148 145/145/145 144/144/144
f 154/154/154 155/155/155 156/156/156 157/157/157
f 158/158/158 154/154/154 157/157/157 159/159/159
f 154/154/154 158/158/158 153/153/153 151/151/151
f 155/155/155 154/154/154 151/151/151 150/150/150
f 160/160/160 161/161/161 162/162/162 163/163/163
f 164/164/164 160/160/160 163/163/163 165/165/165
f 160/160/160 164/164/164 159/159/159 157/157/157
f 161/161/161 160/160/160 157/157/157 156/156/156
f 166/166/166 167/167/167 168/168/168 169/169/169
f 170/170/170 166/166/166 169/169/169 171/171/171
f 166/166/166 170/170/170 165/165/165 163/163/163
f 167/167/167 166/166/166 163/163/163 162/162/162
f 172/172/172 173/173/173 174/174/174 175/175/175
f 176/176/176 172/172/172 175/175/175 177/177/177
f 172/172/172 176/176/176 171/171/171 169/169/169
f 173/173/173 172/172/172 169/169/169 168/168/168
f 178/178/178 179/179/179 180/180/180 181/181/181
f 182/182/182 178/178/178 181/181/181 183/183/183
f 178/178/178 182/182/182 177/177/177 175/175/175
f 179/179/179 178/178/178 175/175/175 174/174/174
f 184/184/184 185/185/185 186/186/186 187/187/187
f 188/188/188 184/184/184 187/187/187 189/189/189
f 184/184/184 188/188/188 183/183/183 181/181/181
f 185/185/185 184/184/184 181/181/181 180/180/180
f 190/190/190 191/191/191 105/105/105 104/104/104
f 192/192/192 190/190/190 104/104/104 103/103/103
f 190/190/190 192/192/192 189/189/189 187/187/187
f 191/191/191 190/190/190 187/187/187 186/186/186
f 193/193/193 194/194/194 195/195/195 196/196/196
f 197/197/197 193/193/193 196/196/196 198/198/198
f 199/199/199 200/200/200 201/201/201 202/202/202
f 194/194/194 199/199/199 202/202/202 195/195/195
f 203/203/203 204/204/204 205/205/205 206/206/206
f 200/200/200 203/203/203 206/206/206 201/201/201
f 207/207/207 208/208/208 209/209/209 210/210/210
f 204/204/204 207/207/207 210/210/210 205/205/205
f 211/211/211 212/212/212 213/213/213 214/214/214
f 208/208/208 211/211/211 214/214/214 209/209/209
f 215/215/215 216/216/216 217/217/217 218/218/218
f 212/212/212 215/215/215 218/218/218 213/213/213
f 219/219/219 220/220/220 221/221/221 222/222/222
f 216/216/216 219/219/219 222/222/222 217/217/217
f 223/223/223 224/224/224 225/225/225 226/226/226
f 220/220/220 223/223/223 226/226/226 221/221/221
f 227/227/227 228/228/228 229/229/229 230/230/230
f 224/224/224 227/227/227 230/230/230 225/225/225
f 231/231/231 232/232/232 233/233/233 234/234/234
f 228/228/228 231/231/231 234/234/234 229/229/229
f 235/235/235 236/236/236 237/237/237 238/238/238
f 232/232/232 235/235/235 238/238/238 233/233/233
f 239/239/239 240/240/240 241/241/241 242/242/242
f 236/236/236 239/239/239 242/242/242 237/237/237
f 243/243/243 244/244/244 245/245/245 246/246/246
f 240/240/240 243/243/243 246/246/246 241/241/241
f 247/247/247 248/248/248 249/249/249 250/250/250
f 244/244/244 247/247/247 250/250/250 245/245/245
f 251/251/251 252/252/252 253/253/253 254/254/254
f 248/248/248 251/251/251 254/254/254 249/249/249
f 255/255/255 197/197/197 198/198/198 256/256/256
f 252/252/252 255/255/255 256/256/256 253/253/253
f 257/257/257 258/258/258 259/259/259 260/260/260
f 261/261/261 257/257/257 260/260/260 262/262/262
f 257/257/257 261/261/261 263/263/263 264/264/264
f 258/258/258 257/257/257 264/264/264 265/265/265
f 266/266/266 267/267/267 268/268/268 269/269/269
f 270/270/270 266/266/266 269/269/269 271/271/271
f 266/266/266 270/270/270 262/262/262 260/260/260
f 267/267/267 266/266/266 260/260/260 259/259/259
f 272/272/272 273/273/273 274/274/274 275/275/275
f 276/276/276 272/272/272 275/275/275 277/277/277
f 272/272/272 276/276/276 271/271/271 269/269/269
f 273/273/273 272/272/272 269/269/269 268/268/268
f 278/278/278 279/279/279 280/280/280 281/281/281
f 282/282/282 278/278/278 281/281/281 283/283/283
f 278/278/278 282/282/282 277/277/277 275/275/275
f 279/279/279 278/278/278 275/275/275 274/274/274
f 284/284/284 285/285/285 286/286/286 287/287/287
f 288/288/288 284/284/284 287/287/287 289/289/289
f 284/284/284 288/288/288 283/283/283 281/281/281
f 285/285/285 284/284/284 281/281/281 280/280/280
f 290/290/290 291/291/291 292/292/292 293/293/293
f 294/294/294 290/290/290 293/293/293 295/295/295
f 290/290/290 294/294/294 289/289/289 287/287/287
f 291/291/291 290/290/290 287/287/287 286/286/286
f 296/296/296 297/297/297 298/298/298 299/299/299
f 300/300/300 296/296/296 299/299/299 301/301/301
f 296/296/296 300/300/300 295/295/295 293/293/293
f 297/297/297 296/296/296 293/293/293 292/292/292
f 302/302/302 303/303/303 304/304/304 305/305/305
f 306/306/306 302/302/302 305/305/305 307/307/307
f 302/302/302 306/306/306 301/301/301 299/299/299
f 303/303/303 302/302/302 299/299/299 298/298/298
f 308/308/308 309/309/309 310/310/310 311/311/311
f 312/312/312 308/308/308 311/311/311 313/313/313
f 308/308/308 312/312/312 307/307/307 305/305/305
f 309/309/309 308/308/308 305/305/305 304/304/304
f 314/314/314 315/315/315 316/316/316 317/317/317
f 318/318/318 314/314/314 317/317/317 319/319/319
f 314/314/314 318/318/318 313/313/313 311/311/311
f 315/315/315 314/314/314 311/311/311 310/310/310
f 320/320/320 321/321/321 322/322/322 323/323/323
f 324/324/324 320/320/320 323/323/323 325/325/325
f 320/320/320 324/324/324 319/319/319 317/317/317
f 321/321/321 320/320/320 317/317/317 316/316/316
f 326/326/326 327/327/327 328/328/328 329/329/329
f 330/330/330 326/326/326 329/329/329 331/331/331
f 326/326/326 330/330/330 325/325/325 323/323/323
f 327/327/327 326/326/326 323/323/323 322/322/322
f 332/332/332 333/333/333 334/334/334 335/335/335
f 336/336/336 332/332/332 335/335/335 337/337/337
f 332/332/332 336/336/336 331/331/331 329/329/329
f 333/333/333 332/332/332 329/329/329 328/328/328
f 338/338/338 339/339/339 340/340/340 341/341/341
f 342/342/342 338/338/338 341/341/341 343/343/343
f 338/338/338 342/342/342 337/337/337 335/335/335
f 339/339/339 338/338/338 335/335/335 334/334/334
f 344/344/344 345/345/345 346/346/346 347/347/347
f 348/348/348 344/344/344 347/347/347 349/349/349
f 344/344/344 348/348/348 343/343/343 341/341/341
f 345/345/345 344/344/344 341/341/341 340/340/340
f 350/350/350 351/351/351 265/265/265 264/264/264
f 352/352/352 350/350/350 264/264/264 263/263/263
f 350/350/350 352/352/352 349/349/349 347/347/347
f 351/351/351 350/350/350 347/347/347 346/346/346
f 353/353/353 354/354/354 355/355/355 356/356/356
f 357/357/357 353/353/353 356/356/356 358/358/358
f 353/353/353 357/357/357 359/359/359 360/360/360
f 354/354/354 353/353/353 360/360/360 361/361/361
f 362/362/362 363/363/363 364/364/364 365/365/365
f 354/354/354 362/362/362 365/365/365 355/355/355
f 362/362/362 354/354/354 361/361/361 366/366/366
f 363/363/363 362/362/362 366/366/366 367/367/367
f 368/368/368 369/369/369 370/370/370 371/371/371
f 363/363/363 368/368/368 371/371/371 364/364/364
f 368/368/368 363/363/363 367/367/367 372/372/372
f 369/369/369 368/368/368 372/372/372 373/373/373
f 374/374/374 375/375/375 376/376/376 377/377/377
f 369/369/369 374/374/374 377/377/377 370/370/370
f 374/374/374 369/369/369 373/373/373 378/378/378
f 375/375/375 374/374/374 378/378/378 379/379/379
f 380/380/380 381/381/381 382/382/382 383/383/383
f 384/384/384 380/380/380 383/383/383 385/385/385
f 380/380/380 384/384/384 358/358/358 356/356/356
f 381/381/381 380/380/380 356/356/356 355/355/355
f 386/386/386 387/387/387 388/388/388 389/389/389
f 381/381/381 386/386/386 389/389/389 382/382/382
f 386/386/386 381/381/381 355/355/355 365/365/365
f 387/387/387 386/386/386 365/365/365 364/364/364
f 390/390/390 391/391/391 392/392/392 393/393/393
f 387/387/387 390/390/390 393/393/393 388/388/388
f 390/390/390 387/387/387 364/364/364 371/371/371
f 391/391/391 390/390/390 371/371/371 370/370/370
f 394/394/394 395/395/395 396/396/396 397/397/397
f 391/391/391 394/394/394 397/397/397 392/392/392
f 394/394/394 391/391/391 370/370/370 377/377/377
f 395/395/395 394/394/394 377/377/377 376/376/376
f 398/398/398 399/399/399 400/400/400 401/401/401
f 402/402/402 398/398/398 401/401/401 403/403/403
f 398/398/398 402/402/402 385/385/385 383/383/383
f 399/399/399 398/398/398 383/383/383 382/382/382
f 404/404/404 405/405/405 406/406/406 407/407/407
f 399/399/399 404/404/404 407/407/407 400/400/400
f 404/404/404 399/399/399 382/382/382 389/389/389
f 405/405/405 404/404/404 389/389/389 388/388/388
f 408/408/408 409/409/409 410/410/410 411/411/411
f 405/405/405 408/408/408 411/411/411 406/406/406
f 408/408/408 405/405/405 388/388/388 393/393/393
f 409/409/409 408/408/408 393/393/393 392/392/392
f 412/412/412 413/413/413 414/414/414 415/415/415
f 409/409/409 412/412/412 415/415/415 410/410/410
f 412/412/412 409/409/409 392/392/392 397/397/397
f 413/413/413 412/412/412 397/397/397 396/396/396
f 416/416/416 417/417/417 418/418/418 419/419/419
f 420/420/420 416/416/416 419/419/419 421/421/421
f 416/416/416 420/420/420 403/403/403 401/401/401
f 417/417/417 416/416/416 401/401/401 400/400/400
f 422/422/422 423/423/423 424/424/424 425/425/425
f 417/417/417 422/422/422 425/425/425 418/418/418
f 422/422/422 417/417/417 400/400/400 407/407/407
f 423/423/423 422/422/422 407/407/407 406/406/406
f 426/426/426 427/427/427 428/428/428 429/429/429
f 423/423/423 426/426/426 429/429/429 424/424/424
f 426/426/426 423/423/423 406/406/406 411/411/411
f 427/427/427 426/426/426 411/411/411 410/410/410
f 430/430/430 431/431/431 432/432/432 433/433/433
f 427/427/427 430/430/430 433/433/433 428/428/428
f 430/430/430 427/427/427 410/410/410 415/415/415
f 431/431/431 430/430/430 415/415/415 414/414/414
f 434/434/434 435/435/435 436/436/436 437/437/437
f 438/438/438 434/434/434 437/437/437 439/439/439
f 434/434/434 438/438/438 440/440/440 441/441/441
f 435/435/435 434/434/434 441/441/441 442/442/442
f 443/443/443 444/444/444 445/445/445 446/446/446
f 435/435/435 443/443/443 446/446/446 436/436/436
f 443/443/443 435/435/435 442/442/442 447/447/447
f 444/444/444 443/443/443 447/447/447 448/448/448
f 449/449/449 450/450/450 451/451/451 452/452/452
f 444/444/444 449/449/449 452/452/452 445/445/445
f 449/449/449 444/444/444 448/448/448 453/453/453
f 450/450/450 449/449/449 453/453/453 454/454/454
f 455/455/455 456/456/456 457/457/457 458/458/458
f 450/450/450 455/455/455 458/458/458 451/451/451
f 455/455/455 450/450/450 454/454/454 459/459/459
f 456/456/456 455/455/455 459/459/459 460/460/460
f 461/461/461 462/462/462 463/463/463 464/464/464
f 465/465/465 461/461/461 464/464/464 466/466/466
f 461/461/461 465/465/465 439/439/439 437/437/437
f 462/462/462 461/461/461 437/437/437 436/436/436
f 467/467/467 468/468/468 469/469/469 470/470/470
f 462/462/462 467/467/467 470/470/470 463/463/463
f 467/467/467 462/462/462 436/436/436 446/446/446
f 468/468/468 467/467/467 446/446/446 445/445/445
f 471/471/471 472/472/472 473/473/473 474/474/474
f 468/468/468 471/471/471 474/474/474 469/469/469
f 471/471/471 468/468/468 445/445/445 452/452/452
f 472/472/472 471/471/471 452/452/452 451/451/451
f 475/475/475 476/476/476 477/477/477 478/478/478
f 472/472/472 475/475/475 478/478/478 473/473/473
f 475/475/475 472/472/472 451/451/451 458/458/458
f 476/476/476 475/475/475 458/458/458 457/457/457
f 479/479/479 480/480/480 481/481/481 482/482/482
f 483/483/483 479/479/479 482/482/482 484/484/484
f 479/479/479 483/483/483 466/466/466 464/464/464
f 480/480/480 479/479/479 464/464/464 463/463/463
f 485/485/485 486/486/486 487/487/487 488/488/488
f 480/480/480 485/485/485 488/488/488 481/481/481
f 485/485/485 480/480/480 463/463/463 470/470/470
f 486/486/486 485/485/485 470/470/470 469/469/469
f 489/489/489 490/490/490 491/491/491 492/492/492
f 486/486/486 489/489/489 492/492/492 487/487/487
f 489/489/489 486/486/486 469/469/469 474/474/474
f 490/490/490 489/489/489 474/474/474 473/473/473
f 493/493/493 494/494/494 495/495/495 496/496/496
f 490/490/490 493/493/493 496/496/496 491/491/491
f 493/493/493 490/490/490 473/473/473 478/478/478
f 494/494/494 493/493/493 478/478/478 477/477/477
f 497/497/497 498/498/498 499/499/499 500/500/500
f 501/501/501 497/497/497 500/500/500 502/502/502
f 497/497/497 501/501/501 484/484/484 482/482/482
f 498/498/498 497/497/497 482/482/482 481/481/481
f 503/503/503 504/504/504 505/505/505 506/506/506
f 498/498/498 503/503/503 506/506/506 499/499/499
f 503/503/503 498/498/498 481/481/481 488/488/488
f 504/504/504 503/503/503 488/488/488 487/487/487
f 507/507/507 508/508/508 509/509/509 510/510/510
f 504/504/504 507/507/507 510/510/510 505/505/505
f 507/507/507 504/504/504 487/487/487 492/492/492
f 508/508/508 507/507/507 492/492/492 491/491/491
f 511/511/511 512/512/512 513/513/513 514/514/514
f 508/508/508 511/511/511 514/514/514 509/509/509
f 511/511/511 508/508/508 491/491/491 496/496/496
f 512/512/512 511/511/511 496/496/496 495/495/495
f 515/515/515 516/516/516 517/517/517 518/518/518
f 519/519/519 515/515/515 518/518/518 520/520/520
f 515/515/515 519/519/519 521/521/521 522/522/522
f 516/516/516 515/515/515 522/522/522 523/523/523
f 524/524/524 525/525/525 526/526/526 527/527/527
f 516/516/516 524/524/524 527/527/527 517/517/517
f 524/524/524 516/516/516 523/523/523 528/528/528
f 525/525/525 524/524/524 528/528/528 529/529/529
f 530/530/530 531/531/531 532/532/532 533/533/533
f 525/525/525 530/530/530 533/533/533 526/526/526
f 530/530/530 525/525/525 529/529/529 534/534/534
f 531/531/531 530/530/530 534/534/534 535/535/535
f 536/536/536 537/537/537 538/538/538 539/539/539
f 531/531/531 536/536/536 539/539/539 532/532/532
f 536/536/536 531/531/531 535/535/535 540/540/540
f 537/537/537 536/536/536 540/540/540 541/541/541
f 542/542/542 543/543/543 544/544/544 545/545/545
f 546/546/546 542/542/542 545/545/545 547/547/547
f 542/542/542 546/546/546 520/520/520 518/518/518
f 543/543/543 542/542/542 518/518/518 517/517/517
f 548/548/548 549/549/549 550/550/550 551/551/551
f 543/543/543 548/548/548 551/551/551 544/544/544
f 548/548/548 543/543/543 517/517/517 527/527/527
f 549/549/549 548/548/548 527/527/527 526/526/526
f 552/552/552 553/553/553 554/554/554 555/555/555
f 549/549/549 552/552/552 555/555/555 550/550/550
f 552/552/552 549/549/549 526/526/526 533/533/533
f 553/553/553 552/552/552 533/533/533 532/532/532
f 556/556/556 557/557/557 558/558/558 559/559/559
f 553/553/553 556/556/556 559/559/559 554/554/554
f 556/556/556 553/553/553 532/532/532 539/539/539
f 557/557/557 556/556/556 539/539/539 538/538/538
f 560/560/560 561/561/561 562/562/562 563/563/563
f 564/564/564 560/560/560 563/563/563 565/565/565
f 560/560/560 564/564/564 547/547/547 545/545/545
f 561/561/561 560/560/560 545/545/545 544/544/544
f 566/566/566 567/567/567 568/568/568 569/569/569
f 561/561/561 566/566/566 569/569/569 562/562/562
f 566/566/566 561/561/561 544/544/544 551/551/551
f 567/567/567 566/566/566 551/551/551 550/550/550
f 570/570/570 571/571/571 572/572/572 573/573/573
f 567/567/567 570/570/570 573/573/573 568/568/568
f 570/570/570 567/567/567 550/550/550 555/555/555
f 571/571/571 570/570/570 555/555/555 554/554/554
f 574/574/574 575/575/575 576/576/576 577/577/577
f 571/571/571 574/574/574 577/577/577 572/572/572
f 574/574/574 571/571/571 554/554/554 559/559/559
f 575/575/575 574/574/574 559/559/559 558/558/558
f 578/578/578 579/579/579 580/580/580 581/581/581
f 582/582/582 578/578/578 581/581/581 583/583/583
f 578/578/578 582/582/582 565/565/565 563/563/563
f 579/579/579 578/578/578 563/563/563 562/562/562
f 584/584/584 585/585/585 586/586/586 587/587/587
f 579/579/579 584/584/584 587/587/587 580/580/580
f 584/584/584 579/579/579 562/562/562 569/569/569
f 585/585/585 584/584/584 569/569/569 568/568/568
f 588/588/588 589/589/589 590/590/590 591/591/591
f 585/585/585 588/588/588 591/591/591 586/586/586
f 588/588/588 585/585/585 568/568/568 573/573/573
f 589/589/589 588/588/588 573/573/573 572/572/572
f 592/592/592 593/593/593 594/594/594 595/595/595
f 589/589/589 592/592/592 595/595/595 590/590/590
f 592/592/592 589/589/589 572/572/572 577/577/577
f 593/593/593 592/592/592 577/577/577 576/576/576
f 596/596/596 597/597/597 598/598/598 599/599/599
f 600/600/600 596/596/596 599/599/599 601/601/601
f 596/596/596 600/600/600 602/602/602 603/603/603
f 597/597/597 596/596/596 603/603/603 604/604/604
f 605/605/605 606/606/606 607/607/607 608/608/608
f 597/597/597 605/605/605 608/608/608 598/598/598
f 605/605/605 597/597/597 604/604/604 609/609/609
f 606/606/606 605/605/605 609/609/609 610/610/610
f 611/611/611 612/612/612 613/613/613 614/614/614
f 606/606/606 611/611/611 614/614/614 607/607/607
f 611/611/611 606/606/606 610/610/610 615/615/615
f 612/612/612 611/611/611 615/615/615 616/616/616
f 617/617/617 618/618/618 619/619/619 620/620/620
f 612/612/612 617/617/617 620/620/620 613/613/613
f 617/617/617 612/612/612 616/616/616 621/621/621
f 618/618/618 617/617/617 621/621/621 622/622/622
f 623/623/623 624/624/624 625/625/625 626/626/626
f 627/627/627 623/623/623 626/626/626 628/628/628
f 623/623/623 627/627/627 601/601/601 599/599/599
f 624/624/624 623/623/623 599/599/599 598/598/598
f 629/629/629 630/630/630 631/631/631 632/632/632
f 624/624/624 629/629/629 632/632/632 625/625/625
f 629/629/629 624/624/624 598/598/598 608/608/608
f 630/630/630 629/629/629 608/608/608 607/607/607
f 633/633/633 634/634/634 635/635/635 636/636/636
f 630/630/630 633/633/633 636/636/636 631/631/631
f 633/633/633 630/630/630 607/607/607 614/614/614
f 634/634/634 633/633/633 614/614/614 613/613/613
f 637/637/637 638/638/638 639/639/639 640/640/640
f 634/634/634 637/637/637 640/640/640 635/635/635
f 637/637/637 634/634/634 613/613/613 620/620/620
f 638/638/638 637/637/637 620/620/620 619/619/619
f 641/641/641 642/642/642 643/643/643 644/644/644
f 645/645/645 641/641/641 644/644/644 646/646/646
f 641/641/641 645/645/645 628/628/628 626/626/626
f 642/642/642 641/641/641 626/626/626 625/625/625
f 647/647/647 648/648/648 649/649/649 650/650/650
f 642/642/642 647/647/647 650/650/650 643/643/643
f 647/647/647 642/642/642 625/625/625 632/632/632
f 648/648/648 647/647/647 632/632/632 631/631/631
f 651/651/651 652/652/652 653/653/653 654/654/654
f 648/648/648 651/651/651 654/654/654 649/649/649
f 651/651/651 648/648/648 631/631/631 636/636/636
f 652/652/652 651/651/651 636/636/636 635/635/635
f 655/655/655 656/656/656 657/657/657 658/658/658
f 652/652/652 655/655/655 658/658/658 653/653/653
f 655/655/655 652/652/652 635/635/635 640/640/640
f 656/656/656 655/655/655 640/640/640 639/639/639
f 659/659/659 660/660/660 661/661/661 662/662/662
f 663/663/663 659/659/659 662/662/662 664/664/664
f 659/659/659 663/663/663 646/646/646 644/644/644
f 660/660/660 659/659/659 644/644/644 643/643/643
f 665/665/665 666/666/666 667/667/667 668/668/668
f 660/660/660 665/665/665 668/668/668 661/661/661
f 665/665/665 660/660/660 643/643/643 650/650/650
f 666/666/666 665/665/665 650/650/650 649/649/649
f 669/669/669 670/670/670 671/671/671 672/672/672
f 666/666/666 669/669/669 672/672/672 667/667/667
f 669/669/669 666/666/666 649/649/649 654/654/654
f 670/670/670 669/669/669 654/654/654 653/653/653
f 673/673/673 674/674/674 675/675/675 676/676/676
f 670/670/670 673/673/673 676/676/676 671/671/671
f 673/673/673 670/670/670 653/653/653 658/658/658
f 674/674/674 673/673/673 658/658/658 657/657/657
f 677/677/677 678/678/678 679/679/679 680/680/680
f 230/230/230 677/677/677 680/680/680 225/225/225
f 677/677/677 230/230/230 229/229/229 681/681/681
f 678/678/678 677/677/677 681/681/681 682/682/682
f 683/683/683 684/684/684 685/685/685 686/686/686
f 681/681/681 683/683/683 686/686/686 682/682/682
f 683/683/683 681/681/681 229/229/229 234/234/234
f 684/684/684 683/683/683 234/234/234 233/233/233
f 687/687/687 688/688/688 689/689/689 690/690/690
f 684/684/684 687/687/687 690/690/690 685/685/685
f 687/687/687 684/684/684 233/233/233 238/238/238
f 688/688/688 687/687/687 238/238/238 237/237/237
f 691/691/691 692/692/692 689/689/689 688/688/688
f 242/242/242 691/691/691 688/688/688 237/237/237
f 691/691/691 242/242/242 241/241/241 693/693/693
f 692/692/692 691/691/691 693/693/693 694/694/694
f 695/695/695 696/696/696 694/694/694 693/693/693
f 246/246/246 695/695/695 693/693/693 241/241/241
f 695/695/695 246/246/246 245/245/245 697/697/697
f 696/696/696 695/695/695 697/697/697 698/698/698
f 699/699/699 700/700/700 701/701/701 702/702/702
f 697/697/697 699/699/699 702/702/702 698/698/698
f 699/699/699 697/697/697 245/245/245 250/250/250
f 700/700/700 699/699/699 250/250/250 249/249/249
f 703/703/703 704/704/704 705/705/705 706/706/706
f 700/700/700 703/703/703 706/706/706 701/701/701
f 703/703/703 700/700/700 249/249/249 254/254/254
f 704/704/704 703/703/703 254/254/254 253/253/253
f 707/707/707 708/708/708 705/705/705 704/704/704
f 256/256/256 707/707/707 704/704/704 253/253/253
f 707/707/707 256/256/256 198/198/198 709/709/709
f 708/708/708 707/707/707 709/709/709 710/710/710
f 711/711/711 712/712/712 710/710/710 709/709/709
f 196/196/196 711/711/711 709/709/709 198/198/198
f 711/711/711 196/196/196 195/195/195 713/713/713
f 712/712/712 711/711/711 713/713/713 714/714/714
f 715/715/715 716/716/716 717/717/717 718/718/718
f 713/713/713 715/715/715 718/718/718 714/714/714
f 715/715/715 713/713/713 195/195/195 202/202/202
f 716/716/716 715/715/715 202/202/202 201/201/201
f 719/719/719 720/720/720 721/721/721 722/722/722
f 716/716/716 719/719/719 722/722/722 717/717/717
f 719/719/719 716/716/716 201/201/201 206/206/206
f 720/720/720 719/719/719 206/206/206 205/205/205
f 723/723/723 724/724/724 721/721/721 720/720/720
f 210/210/210 723/723/723 720/720/720 205/205/205
f 723/723/723 210/210/210 209/209/209 725/725/725
f 724/724/724 723/723/723 725/725/725 726/726/726
f 727/727/727 728/728/728 726/726/726 725/725/725
f 214/214/214 727/727/727 725/725/725 209/209/209
f 727/727/727 214/214/214 213/213/213 729/729/729
f 728/728/728 727/727/727 729/729/729 730/730/730
f 731/731/731 732/732/732 733/733/733 734/734/734
f 729/729/729 731/731/731 734/734/734 730/730/730
f 731/731/731 729/729/729 213/213/213 218/218/218
f 732/732/732 731/731/731 218/218/218 217/217/217
f 735/735/735 736/736/736 737/737/737 738/738/738
f 732/732/732 735/735/735 738/738/738 733/733/733
f 735/735/735 732/732/732 217/217/217 222/222/222
f 736/736/736 735/735/735 222/222/222 221/221/221
f 739/739/739 740/740/740 737/737/737 736/736/736
f 226/226/226 739/739/739 736/736/736 221/221/221
f 739/739/739 226/226/226 225/225/225 680/680/680
f 740/740/740 739/739/739 680/680/680 679/679/679
f 741/741/741 742/742/742 189/189/189 192/192/192
f 743/743/743 741/741/741 192/192/192 103/103/103
f 741/741/741 743/743/743 414/414/414 413/413/413
f 742/742/742 741/741/741 413/413/413 396/396/396
f 744/744/744 743/743/743 103/103/103 101/101/101
f 745/745/745 744/744/744 101/101/101 102/102/102
f 744/744/744 745/745/745 432/432/432 431/431/431
f 743/743/743 744/744/744 431/431/431 414/414/414
f 746/746/746 433/433/433 432/432/432 745/745/745
f 110/110/110 746/746/746 745/745/745 102/102/102
f 746/746/746 110/110/110 111/111/111 747/747/747
f 433/433/433 746/746/746 747/747/747 428/428/428
f 748/748/748 747/747/747 111/111/111 116/116/116
f 749/749/749 748/748/748 116/116/116 117/117/117
f 748/748/748 749/749/749 424/424/424 429/429/429
f 747/747/747 748/748/748 429/429/429 428/428/428
f 750/750/750 749/749/749 117/117/117 122/122/122
f 751/751/751 750/750/750 122/122/122 123/123/123
f 750/750/750 751/751/751 418/418/418 425/425/425
f 749/749/749 750/750/750 425/425/425 424/424/424
f 752/752/752 751/751/751 123/123/123 128/128/128
f 753/753/753 752/752/752 128/128/128 129/129/129
f 752/752/752 753/753/753 421/421/421 419/419/419
f 751/751/751 752/752/752 419/419/419 418/418/418
f 754/754/754 420/420/420 421/421/421 753/753/753
f 134/134/134 754/754/754 753/753/753 129/129/129
f 754/754/754 134/134/134 135/135/135 755/755/755
f 420/420/420 754/754/754 755/755/755 403/403/403
f 756/756/756 755/755/755 135/135/135 140/140/140
f 757/757/757 756/756/756 140/140/140 141/141/141
f 756/756/756 757/757/757 385/385/385 402/402/402
f 755/755/755 756/756/756 402/402/402 403/403/403
f 758/758/758 384/384/384 385/385/385 757/757/757
f 146/146/146 758/758/758 757/757/757 141/141/141
f 758/758/758 146/146/146 147/147/147 759/759/759
f 384/384/384 758/758/758 759/759/759 358/358/358
f 760/760/760 759/759/759 147/147/147 152/152/152
f 761/761/761 760/760/760 152/152/152 153/153/153
f 760/760/760 761/761/761 359/359/359 357/357/357
f 759/759/759 760/760/760 357/357/357 358/358/358
f 762/762/762 360/360/360 359/359/359 761/761/761
f 158/158/158 762/762/762 761/761/761 153/153/153
f 762/762/762 158/158/158 159/159/159 763/763/763
f 360/360/360 762/762/762 763/763/763 361/361/361
f 764/764/764 366/366/366 361/361/361 763/763/763
f 164/164/164 764/764/764 763/763/763 159/159/159
f 764/764/764 164/164/164 165/165/165 765/765/765
f 366/366/366 764/764/764 765/765/765 367/367/367
f 766/766/766 372/372/372 367/367/367 765/765/765
f 170/170/170 766/766/766 765/765/765 165/165/165
f 766/766/766 170/170/170 171/171/171 767/767/767
f 372/372/372 766/766/766 767/767/767 373/373/373
f 768/768/768 767/767/767 171/171/171 176/176/176
f 769/769/769 768/768/768 176/176/176 177/177/177
f 768/768/768 769/769/769 379/379/379 378/378/378
f 767/767/767 768/768/768 378/378/378 373/373/373
f 770/770/770 375/375/375 379/379/379 769/769/769
f 182/182/182 770/770/770 769/769/769 177/177/177
f 770/770/770 182/182/182 183/183/183 771/771/771
f 375/375/375 770/770/770 771/771/771 376/376/376
f 772/772/772 771/771/771 183/183/183 188/188/188
f 742/742/742 772/772/772 188/188/188 189/189/189
f 772/772/772 742/742/742 396/396/396 395/395/395
f 771/771/771 772/772/772 395/395/395 376/376/376
f 773/773/773 537/537/537 541/541/541 774/774/774
f 342/342/342 773/773/773 774/774/774 337/337/337
f 773/773/773 342/342/342 343/343/343 775/775/775
f 537/537/537 773/773/773 775/775/775 538/538/538
f 776/776/776 775/775/775 343/343/343 348/348/348
f 777/777/777 776/776/776 348/348/348 349/349/349
f 776/776/776 777/777/777 558/558/558 557/557/557
f 775/775/775 776/776/776 557/557/557 538/538/538
f 778/778/778 575/575/575 558/558/558 777/777/777
f 352/352/352 778/778/778 777/777/777 349/349/349
f 778/778/778 352/352/352 263/263/263 779/779/779
f 575/575/575 778/778/778 779/779/779 576/576/576
f 780/780/780 779/779/779 263/263/263 261/261/261
f 781/781/781 780/780/780 261/261/261 262/262/262
f 780/780/780 781/781/781 594/594/594 593/593/593
f 779/779/779 780/780/780 593/593/593 576/576/576
f 782/782/782 595/595/595 594/594/594 781/781/781
f 270/270/270 782/782/782 781/781/781 262/262/262
f 782/782/782 270/270/270 271/271/271 783/783/783
f 595/595/595 782/782/782 783/783/783 590/590/590
f 784/784/784 783/783/783 271/271/271 276/276/276
f 785/785/785 784/784/784 276/276/276 277/277/277
f 784/784/784 785/785/785 586/586/586 591/591/591
f 783/783/783 784/784/784 591/591/591 590/590/590
f 786/786/786 785/785/785 277/277/277 282/282/282
f 787/787/787 786/786/786 282/282/282 283/283/283
f 786/786/786 787/787/787 580/580/580 587/587/587
f 785/785/785 786/786/786 587/587/587 586/586/586
f 788/788/788 787/787/787 283/283/283 288/288/288
f 789/789/789 788/788/788 288/288/288 289/289/289
f 788/788/788 789/789/789 583/583/583 581/581/581
f 787/787/787 788/788/788 581/581/581 580/580/580
f 790/790/790 582/582/582 583/583/583 789/789/789
f 294/294/294 790/790/790 789/789/789 289/289/289
f 790/790/790 294/294/294 295/295/295 791/791/791
f 582/582/582 790/790/790 791/791/791 565/565/565
f 792/792/792 564/564/564 565/565/565 791/791/791
f 300/300/300 792/792/792 791/791/791 295/295/295
f 792/792/792 300/300/300 301/301/301 793/793/793
f 564/564/564 792/792/792 793/793/793 547/547/547
f 794/794/794 546/546/546 547/547/547 793/793/793
f 306/306/306 794/794/794 793/793/793 301/301/301
f 794/794/794 306/306/306 307/307/307 795/795/795
f 546/546/546 794/794/794 795/795/795 520/520/520
f 796/796/796 795/795/795 307/307/307 312/312/312
f 797/797/797 796/796/796 312/312/312 313/313/313
f 796/796/796 797/797/797 521/521/521 519/519/519
f 795/795/795 796/796/796 519/519/519 520/520/520
f 798/798/798 522/522/522 521/521/521 797/797/797
f 318/318/318 798/798/798 797/797/797 313/313/313
f 798/798/798 318/318/318 319/319/319 799/799/799
f 522/522/522 798/798/798 799/799/799 523/523/523
f 800/800/800 799/799/799 319/319/319 324/324/324
f 801/801/801 800/800/800 324/324/324 325/325/325
f 800/800/800 801/801/801 529/529/529 528/528/528
f 799/799/799 800/800/800 528/528/528 523/523/523
f 802/802/802 801/801/801 325/325/325 330/330/330
f 803/803/803 802/802/802 330/330/330 331/331/331
f 802/802/802 803/803/803 535/535/535 534/534/534
f 801/801/801 802/802/802 534/534/534 529/529/529
f 804/804/804 803/803/803 331/331/331 336/336/336
f 774/774/774 804/804/804 336/336/336 337/337/337
f 804/804/804 774/774/774 541/541/541 540/540/540
f 803/803/803 804/804/804 540/540/540 535/535/535
f 805/805/805 806/806/806 679/679/679 678/678/678
f 807/807/807 805/805/805 678/678/678 682/682/682
f 805/805/805 807/807/807 622/622/622 621/621/621
f 806/806/806 805/805/805 621/621/621 616/616/616
f 808/808/808 618/618/618 622/622/622 807/807/807
f 686/686/686 808/808/808 807/807/807 682/682/682
f 808/808/808 686/686/686 685/685/685 809/809/809
f 618/618/618 808/808/808 809/809/809 619/619/619
f 810/810/810 809/809/809 685/685/685 690/690/690
f 811/811/811 810/810/810 690/690/690 689/689/689
f 810/810/810 811/811/811 639/639/639 638/638/638
f 809/809/809 810/810/810 638/638/638 619/619/619
f 812/812/812 656/656/656 639/639/639 811/811/811
f 692/692/692 812/812/812 811/811/811 689/689/689
f 812/812/812 692/692/692 694/694/694 813/813/813
f 656/656/656 812/812/812 813/813/813 657/657/657
f 814/814/814 813/813/813 694/694/694 696/696/696
f 815/815/815 814/814/814 696/696/696 698/698/698
f 814/814/814 815/815/815 675/675/675 674/674/674
f 813/813/813 814/814/814 674/674/674 657/657/657
f 816/816/816 676/676/676 675/675/675 815/815/815
f 702/702/702 816/816/816 815/815/815 698/698/698
f 816/816/816 702/702/702 701/701/701 817/817/817
f 676/676/676 816/816/816 817/817/817 671/671/671
f 818/818/818 817/817/817 701/701/701 706/706/706
f 819/819/819 818/818/818 706/706/706 705/705/705
f 818/818/818 819/819/819 667/667/667 672/672/672
f 817/817/817 818/818/818 672/672/672 671/671/671
f 820/820/820 668/668/668 667/667/667 819/819/819
f 708/708/708 820/820/820 819/819/819 705/705/705
f 820/820/820 708/708/708 710/710/710 821/821/821
f 668/668/668 820/820/820 821/821/821 661/661/661
f 822/822/822 821/821/821 710/710/710 712/712/712
f 823/823/823 822/822/822 712/712/712 714/714/714
f 822/822/822 823/823/823 664/664/664 662/662/662
f 821/821/821 822/822/822 662/662/662 661/661/661
f 824/824/824 663/663/663 664/664/664 823/823/823
f 718/718/718 824/824/824 823/823/823 714/714/714
f 824/824/824 718/718/718 717/717/717 825/825/825
f 663/663/663 824/824/824 825/825/825 646/646/646
f 826/826/826 825/825/825 717/717/717 722/722/722
f 827/827/827 826/826/826 722/722/722 721/721/721
f 826/826/826 827/827/827 628/628/628 645/645/645
f 825/825/825 826/826/826 645/645/645 646/646/646
f 828/828/828 827/827/827 721/721/721 724/724/724
f 829/829/829 828/828/828 724/724/724 726/726/726
f 828/828/828 829/829/829 601/601/601 627/627/627
f 827/827/827 828/828/828 627/627/627 628/628/628
f 830/830/830 829/829/829 726/726/726 728/728/728
f 831/831/831 830/830/830 728/728/728 730/730/730
f 830/830/830 831/831/831 602/602/602 600/600/600
f 829/829/829 830/830/830 600/600/600 601/601/601
f 832/832/832 603/603/603 602/602/602 831/831/831
f 734/734/734 832/832/832 831/831/831 730/730/730
f 832/832/832 734/734/734 733/733/733 833/833/833
f 603/603/603 832/832/832 833/833/833 604/604/604
f 834/834/834 833/833/833 733/733/733 738/738/738
f 835/835/835 834/834/834 738/738/738 737/737/737
f 834/834/834 835/835/835 610/610/610 609/609/609
f 833/833/833 834/834/834 609/609/609 604/604/604
f 836/836/836 835/835/835 737/737/737 740/740/740
f 806/806/806 836/836/836 740/740/740 679/679/679
f 836/836/836 806/806/806 616/616/616 615/615/615
f 835/835/835 836/836/836 615/615/615 610/610/610
f 837/837/837 258/258/258 265/265/265 838/838/838
f 258/258/258 837/837/837 839/839/839 259/259/259
f 840/840/840 267/267/267 259/259/259 839/839/839
f 267/267/267 840/840/840 841/841/841 268/268/268
f 842/842/842 273/273/273 268/268/268 841/841/841
f 273/273/273 842/842/842 843/843/843 274/274/274
f 844/844/844 279/279/279 274/274/274 843/843/843
f 279/279/279 844/844/844 845/845/845 280/280/280
f 846/846/846 285/285/285 280/280/280 845/845/845
f 285/285/285 846/846/846 847/847/847 286/286/286
f 848/848/848 291/291/291 286/286/286 847/847/847
f 291/291/291 848/848/848 849/849/849 292/292/292
f 850/850/850 297/297/297 292/292/292 849/849/849
f 297/297/297 850/850/850 851/851/851 298/298/298
f 852/852/852 303/303/303 298/298/298 851/851/851
f 303/303/303 852/852/852 853/853/853 304/304/304
f 854/854/854 309/309/309 304/304/304 853/853/853
f 309/309/309 854/854/854 855/855/855 310/310/310
f 856/856/856 315/315/315 310/310/310 855/855/855
f 315/315/315 856/856/856 857/857/857 316/316/316
f 858/858/858 321/321/321 316/316/316 857/857/857
f 321/321/321 858/858/858 859/859/859 322/322/322
f 860/860/860 327/327/327 322/322/322 859/859/859
f 327/327/327 860/860/860 861/861/861 328/328/328
f 862/862/862 333/333/333 328/328/328 861/861/861
f 333/333/333 862/862/862 863/863/863 334/334/334
f 864/864/864 339/339/339 334/334/334 863/863/863
f 339/339/339 864/864/864 865/865/865 340/340/340
f 866/866/866 345/345/345 340/340/340 865/865/865
f 345/345/345 866/866/866 867/867/867 346/346/346
f 868/868/868 351/351/351 346/346/346 867/867/867
f 351/351/351 868/868/868 838/838/838 265/265/265
f 869/869/869 2/2/2 9/9/9 870/870/870
f 2/2/2 869/869/869 871/871/871 3/3/3
f 872/872/872 11/11/11 3/3/3 871/871/871
f 11/11/11 872/872/872 873/873/873 12/12/12
f 874/874/874 17/17/17 12/12/12 873/873/873
f 17/17/17 874/874/874 875/875/875 18/18/18
f 876/876/876 23/23/23 18/18/18 875/875/875
f 23/23/23 876/876/876 877/877/877 24/24/24
f 878/878/878 29/29/29 24/24/24 877/877/877
f 29/29/29 878/878/878 879/879/879 30/30/30
f 880/880/880 35/35/35 30/30/30 879/879/879
f 35/35/35 880/880/880 881/881/881 36/36/36
f 882/882/882 41/41/41 36/36/36 881/881/881
f 41/41/41 882/882/882 883/883/883 42/42/42
f 884/884/884 47/47/47 42/42/42 883/883/883
f 47/47/47 884/884/884 885/885/885 48/48/48
f 886/886/886 53/53/53 48/48/48 885/885/885
f 53/53/53 886/886/886 887/887/887 54/54/54
f 888/888/888 59/59/59 54/54/54 887/887/887
f 59/59/59 888/888/888 889/889/889 60/60/60
f 890/890/890 65/65/65 60/60/60 889/889/889
f 65/65/65 890/890/890 891/891/891 66/66/66
f 892/892/892 71/71/71 66/66/66 891/891/891
f 71/71/71 892/892/892 893/893/893 72/72/72
f 894/894/894 77/77/77 72/72/72 893/893/893
f 77/77/77 894/894/894 895/895/895 78/78/78
f 896/896/896 83/83/83 78/78/78 895/895/895
f 83/83/83 896/896/896 897/897/897 84/84/84
f 898/898/898 89/89/89 84/84/84 897/897/897
f 89/89/89 898/898/898 899/899/899 90/90/90
f 900/900/900 95/95/95 90/90/90 899/899/899
f 95/95/95 900/900/900 870/870/870 9/9/9
f 901/901/901 98/98/98 105/105/105 902/902/902
f 98/98/98 901/901/901 903/903/903 99/99/99
f 904/904/904 107/107/107 99/99/99 903/903/903
f 107/107/107 904/904/904 905/905/905 108/108/108
f 906/906/906 113/113/113 108/108/108 905/905/905
f 113/113/113 906/906/906 907/907/907 114/114/114
f 908/908/908 119/119/119 114/114/114 907/907/907
f 119/119/119 908/908/908 909/909/909 120/120/120
f 910/910/910 125/125/125 120/120/120 909/909/909
f 125/125/125 910/910/910 911/911/911 126/126/126
f 912/912/912 131/131/131 126/126/126 911/911/911
f 131/131/131 912/912/912 913/913/913 132/132/132
f 914/914/914 137/137/137 132/132/132 913/913/913
f 137/137/137 914/914/914 915/915/915 138/138/138
f 916/916/916 143/143/143 138/138/138 915/915/915
f 143/143/143 916/916/916 917/917/917 144/144/144
f 918/918/918 149/149/149 144/144/144 917/917/917
f 149/149/149 918/918/918 919/919/919 150/150/150
f 920/920/920 155/155/155 150/150/150 919/919/919
f 155/155/155 920/920/920 921/921/921 156/156/156
f 922/922/922 161/161/161 156/156/156 921/921/921
f 161/161/161 922/922/922 923/923/923 162/162/162
f 924/924/924 167/167/167 162/162/162 923/923/923
f 167/167/167 924/924/924 925/925/925 168/168/168
f 926/926/926 173/173/173 168/168/168 925/925/925
f 173/173/173 926/926/926 927/927/927 174/174/174
f 928/928/928 179/179/179 174/174/174 927/927/927
f 179/179/179 928/928/928 929/929/929 180/180/180
f 930/930/930 185/185/185 180/180/180 929/929/929
f 185/185/185 930/930/930 931/931/931 186/186/186
f 932/932/932 191/191/191 186/186/186 931/931/931
f 191/191/191 932/932/932 902/902/902 105/105/105
f 933/933/933 5/5/5 6/6/6 934/934/934
f 500/500/500 933/933/933 934/934/934 502/502/502
f 933/933/933 500/500/500 499/499/499 935/935/935
f 5/5/5 933/933/933 935/935/935 7/7/7
f 936/936/936 14/14/14 15/15/15 937/937/937
f 501/501/501 936/936/936 937/937/937 484/484/484
f 936/936/936 501/501/501 502/502/502 934/934/934
f 14/14/14 936/936/936 934/934/934 6/6/6
f 938/938/938 20/20/20 21/21/21 939/939/939
f 483/483/483 938/938/938 939/939/939 466/466/466
f 938/938/938 483/483/483 484/484/484 937/937/937
f 20/20/20 938/938/938 937/937/937 15/15/15
f 940/940/940 26/26/26 27/27/27 941/941/941
f 465/465/465 940/940/940 941/941/941 439/439/439
f 940/940/940 465/465/465 466/466/466 939/939/939
f 26/26/26 940/940/940 939/939/939 21/21/21
f 942/942/942 32/32/32 33/33/33 943/943/943
f 438/438/438 942/942/942 943/943/943 440/440/440
f 942/942/942 438/438/438 439/439/439 941/941/941
f 32/32/32 942/942/942 941/941/941 27/27/27
f 944/944/944 38/38/38 39/39/39 945/945/945
f 441/441/441 944/944/944 945/945/945 442/442/442
f 944/944/944 441/441/441 440/440/440 943/943/943
f 38/38/38 944/944/944 943/943/943 33/33/33
f 946/946/946 44/44/44 45/45/45 947/947/947
f 447/447/447 946/946/946 947/947/947 448/448/448
f 946/946/946 447/447/447 442/442/442 945/945/945
f 44/44/44 946/946/946 945/945/945 39/39/39
f 948/948/948 50/50/50 51/51/51 949/949/949
f 453/453/453 948/948/948 949/949/949 454/454/454
f 948/948/948 453/453/453 448/448/448 947/947/947
f 50/50/50 948/948/948 947/947/947 45/45/45
f 950/950/950 56/56/56 57/57/57 951/951/951
f 459/459/459 950/950/950 951/951/951 460/460/460
f 950/950/950 459/459/459 454/454/454 949/949/949
f 56/56/56 950/950/950 949/949/949 51/51/51
f 952/952/952 62/62/62 63/63/63 953/953/953
f 456/456/456 952/952/952 953/953/953 457/457/457
f 952/952/952 456/456/456 460/460/460 951/951/951
f 62/62/62 952/952/952 951/951/951 57/57/57
f 954/954/954 68/68/68 69/69/69 955/955/955
f 476/476/476 954/954/954 955/955/955 477/477/477
f 954/954/954 476/476/476 457/457/457 953/953/953
f 68/68/68 954/954/954 953/953/953 63/63/63
f 956/956/956 74/74/74 75/75/75 957/957/957
f 494/494/494 956/956/956 957/957/957 495/495/495
f 956/956/956 494/494/494 477/477/477 955/955/955
f 74/74/74 956/956/956 955/955/955 69/69/69
f 958/958/958 80/80/80 81/81/81 959/959/959
f 512/512/512 958/958/958 959/959/959 513/513/513
f 958/958/958 512/512/512 495/495/495 957/957/957
f 80/80/80 958/958/958 957/957/957 75/75/75
f 960/960/960 86/86/86 87/87/87 961/961/961
f 514/514/514 960/960/960 961/961/961 509/509/509
f 960/960/960 514/514/514 513/513/513 959/959/959
f 86/86/86 960/960/960 959/959/959 81/81/81
f 962/962/962 92/92/92 93/93/93 963/963/963
f 510/510/510 962/962/962 963/963/963 505/505/505
f 962/962/962 510/510/510 509/509/509 961/961/961
f 92/92/92 962/962/962 961/961/961 87/87/87
f 964/964/964 96/96/96 7/7/7 935/935/935
f 506/506/506 964/964/964 935/935/935 499/499/499
f 964/964/964 506/506/506 505/505/505 963/963/963
f 96/96/96 964/964/964 963/963/963 93/93/93
f 965/965/965 966/966/965 967/967/965 968/968/965
f 969/969/966 970/970/966 971/971/966 972/972/966
f 973/973/967 974/974/967 975/975/967 976/976/967
f 977/977/968 978/978/968 979/979/968 980/980/968
f 981/981/969 982/982/970 983/983/971 984/984/972
f 985/985/973 986/986/974 987/987/975 988/988/976
f 986/986/974 981/981/969 984/984/972 987/987/975
f 989/989/977 990/990/978 991/991/979 992/992/980
f 993/993/981 994/994/982 991/991/979 995/995/983
f 996/996/984 990/990/978 997/997/985 998/998/986
f 999/999/987 1000/1000/988 984/984/972 983/983/971
f 1001/1001/989 1002/1002/990 1003/1003/991 1004/1004/992
f 1005/1005/993 1006/1006/994 1007/1007/995 1008/1008/996
f 1009/1009/997 1010/1010/998 988/988/976 987/987/975
f 1002/1002/990 993/993/981 995/995/983 1003/1003/991
f 1006/1006/994 996/996/984 998/998/986 1007/1007/995
f 1000/1000/988 1009/1009/997 987/987/975 984/984/972
f 1011/1011/999 999/999/987 983/983/971 1012/1012/1000
f 1013/1013/1001 982/982/970 997/997/985 1014/1014/1002
f 994/994/982 1015/1015/1003 992/992/980 991/991/979
f 1016/1016/1004 1017/1017/1005 1018/1018/1006 1019/1019/1007
f 1020/1020/1008 1016/1016/1004 1019/1019/1007 1021/1021/1009
f 1022/1022/1010 1023/1023/1011 1017/1017/1005 1016/1016/1004
f 1024/1024/1012 1025/1025/1013 1019/1019/1007 1018/1018/1006
f 1026/1026/1014 1022/1022/1010 1016/1016/1004 1020/1020/1008
f 1025/1025/1013 1027/1027/1015 1021/1021/1009 1019/1019/1007
f 1028/1028/1016 1029/1029/1016 1030/1030/1016 1031/1031/1016
f 1032/1032/1017 1033/1033/1017 1034/1034/1017 1035/1035/1017
f 998/998/986 997/997/985 982/982/970 981/981/969
f 1008/1008/996 1007/1007/995 986/986/974 985/985/973
f 1007/1007/995 998/998/986 981/981/969 986/986/974
f 1012/1012/1000 983/983/971 982/982/970 1013/1013/1001
f 1014/1014/1002 997/997/985 990/990/978 989/989/977
f 995/995/983 991/991/979 990/990/978 996/996/984
f 1004/1004/992 1003/1003/991 1006/1006/994 1005/1005/993
f 1003/1003/991 995/995/983 996/996/984 1006/1006/994
f 1036/1036/1018 1037/1037/1019 994/994/982 993/993/981
f 1038/1038/1020 1039/1039/1021 1002/1002/990 1001/1001/989
f 1039/1039/1021 1036/1036/1018 993/993/981 1002/1002/990
f 1037/1037/1019 1040/1040/1022 1015/1015/1003 994/994/982
f 1041/1041/1023 1042/1042/1024 1000/1000/988 999/999/987
f 1043/1043/1025 1044/1044/1026 1010/1010/998 1009/1009/997
f 1042/1042/1024 1043/1043/1025 1009/1009/997 1000/1000/988
f 1045/1045/1027 1041/1041/1023 999/999/987 1011/1011/999
f 1046/1046/1028 1047/1047/1029 1048/1048/1030 1049/1049/1031
f 1047/1047/1029 1050/1050/1032 1051/1051/1033 1048/1048/1030
f 1050/1050/1032 1052/1052/1034 1053/1053/1035 1051/1051/1033
f 1052/1052/1034 1054/1054/1036 1055/1055/1037 1053/1053/1035
f 1049/1049/1031 1048/1048/1030 1056/1056/1038 1057/1057/1039
f 1048/1048/1030 1051/1051/1033 1058/1058/1040 1056/1056/1038
f 1051/1051/1033 1053/1053/1035 1059/1059/1041 1058/1058/1040
f 1053/1053/1035 1055/1055/1037 1060/1060/1042 1059/1059/1041
f 1061/1061/1043 1062/1062/1044 1063/1063/1045 1064/1064/1046
f 1062/1062/1044 1065/1065/1047 1066/1066/1048 1063/1063/1045
f 1065/1065/1047 1067/1067/1049 1068/1068/1050 1066/1066/1048
f 1067/1067/1049 1069/1069/1051 1070/1070/1052 1068/1068/1050
f 1069/1069/1051 1071/1071/1053 1072/1072/1054 1070/1070/1052
f 1071/1071/1053 1073/1073/1055 1074/1074/1056 1072/1072/1054
f 1064/1064/1046 1063/1063/1045 1075/1075/1057 1076/1076/1058
f 1063/1063/1045 1066/1066/1048 1077/1077/1059 1075/1075/1057
f 1066/1066/1048 1068/1068/1050 1078/1078/1060 1077/1077/1059
f 1068/1068/1050 1070/1070/1052 1079/1079/1061 1078/1078/1060
f 1070/1070/1052 1072/1072/1054 1080/1080/1062 1079/1079/1061
f 1072/1072/1054 1074/1074/1056 1081/1081/1063 1080/1080/1062
