# Blender 4.5.12 LTS
# www.blender.org
o Capture
v -5.806309 -16.768425 19.846695
v -5.807867 -16.768425 20.332207
v -5.806309 -17.960571 19.846695
v -5.806201 -16.768425 19.361435
v -5.806890 -16.768425 18.818771
v -5.806201 -17.957516 19.361435
v -5.806890 -17.954098 18.818771
v -5.806201 -19.133030 19.361435
v -5.806308 -19.138378 19.846703
v -5.806201 -20.177280 19.361435
v -5.806890 -19.127048 18.818779
v -5.807724 -19.119797 18.161095
v -5.806890 -20.170441 18.818779
v -5.806890 -20.335255 18.818771
v -5.807724 -20.162155 18.161095
v -5.807724 -20.154503 17.457718
v -5.807724 -20.326969 18.161095
v -5.841999 -20.457035 18.170311
v -5.807725 -20.319313 17.457710
v -5.879544 -20.314377 17.161797
v -5.840871 -20.449512 17.474930
v -5.910317 -20.444668 17.184914
v -5.940309 -20.546741 17.526581
v -6.002637 -20.542175 17.254227
v -6.089261 -20.607491 17.593910
v -5.944824 -20.553875 18.197968
v -5.945886 -20.561691 18.828522
v -6.098365 -20.614132 18.232552
v -6.101098 -20.621532 18.837570
v -6.284788 -20.634441 18.262543
v -6.270950 -20.628250 17.658188
v -6.470407 -20.634731 18.286652
v -6.288742 -20.641537 18.845207
v -6.466956 -20.641655 18.855408
v -6.292277 -20.647842 19.362984
v -6.295269 -20.653751 19.848335
v -6.103500 -20.627956 19.362770
v -6.464739 -20.647881 19.366341
v -6.465446 -20.653751 19.848381
v -6.572470 -20.647999 19.376312
v -6.564608 -20.653748 19.848358
v -6.647835 -20.648159 19.389603
v -6.593880 -20.641861 18.872131
v -6.698487 -20.642208 18.900719
v -6.621531 -20.634937 18.303574
v -6.624957 -20.629002 17.719986
v -6.768722 -20.635517 18.351250
v -6.801591 -20.628811 17.704720
v -7.071902 -20.638512 18.589569
v -6.885992 -20.643513 18.993195
v -7.336668 -20.634205 18.238525
v -7.159380 -20.639584 18.654366
v -7.427896 -20.635494 18.328873
v -7.200078 -20.625153 18.682091
v -6.959157 -20.644444 19.024696
v -7.003675 -20.630074 19.043228
v -6.838476 -20.649132 19.427818
v -6.886813 -20.634537 19.437141
v -6.798025 -20.653694 19.847603
v -6.771297 -20.648605 19.415771
v -6.731864 -20.653736 19.848091
v -6.771732 -20.658848 20.280922
v -6.628261 -20.653744 19.848312
v -6.651258 -20.659336 20.307289
v -6.705270 -20.665291 20.796577
v -6.577602 -20.659496 20.320526
v -6.470771 -20.659618 20.330437
v -6.604259 -20.665638 20.824928
v -6.479311 -20.665844 20.841484
v -6.637384 -20.672565 21.393692
v -6.489668 -20.672768 21.410484
v -6.643667 -20.678497 21.965851
v -6.778733 -20.671982 21.346191
v -7.072833 -20.668865 21.107758
v -6.818089 -20.678684 21.981071
v -7.337560 -20.673141 21.458588
v -7.454764 -20.680527 22.024895
v -6.833927 -20.681927 22.162750
v -6.817005 -20.683914 22.326172
v -6.663426 -20.681675 22.142059
v -7.408287 -20.682278 22.168854
v -7.390777 -20.684086 22.317398
v -7.974512 -20.682644 22.199432
v -8.002094 -20.681393 22.096451
v -8.477062 -20.682938 22.223816
v -7.958165 -20.684174 22.324898
v -7.947427 -20.686333 22.502281
v -8.467491 -20.684238 22.330872
v -8.948541 -20.684273 22.333603
v -8.464303 -20.686321 22.501793
v -8.948601 -20.686317 22.501709
v -8.464302 -20.668911 22.688667
v -8.948600 -20.668903 22.688477
v -7.939433 -20.668926 22.689384
v -8.464289 -20.611740 22.843575
v -8.948586 -20.611732 22.843483
v -8.464274 -20.517277 22.947762
v -7.931316 -20.611744 22.844048
v -7.925181 -20.517277 22.947876
v -7.299382 -20.611755 22.844597
v -7.274882 -20.517281 22.948013
v -7.331817 -20.668938 22.690208
v -6.633846 -20.611507 22.847946
v -6.586686 -20.516994 22.948494
v -6.365039 -20.610760 22.809250
v -6.698202 -20.668747 22.697418
v -6.460318 -20.668140 22.669693
v -6.765510 -20.686199 22.513954
v -6.561194 -20.685745 22.476433
v -7.363784 -20.686348 22.502838
v -6.644980 -20.683590 22.299355
v -6.410068 -20.684715 22.391731
v -6.327815 -20.682850 22.238106
v -6.521361 -20.683380 22.282143
v -6.262046 -20.666805 22.538605
v -6.133595 -20.664440 22.336014
v -6.140059 -20.609180 22.660057
v -6.058329 -20.514397 22.741615
v -5.992320 -20.606468 22.432243
v -5.898249 -20.511486 22.500366
v -5.951799 -20.601902 22.157753
v -5.849539 -20.506641 22.208229
v -6.104856 -20.660301 22.091614
v -5.954007 -20.594769 21.497650
v -5.848640 -20.499119 21.524200
v -5.951585 -20.586948 20.866882
v -6.111263 -20.653660 21.464165
v -6.109194 -20.646259 20.858902
v -6.302056 -20.673065 21.434547
v -6.291331 -20.679256 22.027748
v -6.299697 -20.665966 20.851616
v -6.297588 -20.659660 20.333717
v -6.107399 -20.639832 20.333511
v -5.949548 -20.580334 20.332947
v -6.105595 -20.633896 19.848099
v -5.947946 -20.574318 19.847496
v -5.841718 -20.478073 19.846901
v -5.946825 -20.568306 19.362190
v -5.841357 -20.471985 19.361618
v -5.806201 -20.342091 19.361435
v -5.841639 -20.465202 18.821205
v -5.806309 -20.348206 19.846703
v -5.806308 -20.183392 19.846703
v -5.807867 -20.354321 20.332207
v -5.843287 -20.484169 20.332390
v -5.810422 -20.361160 20.875229
v -5.807867 -20.189503 20.332207
v -5.810423 -20.196346 20.875229
v -5.807867 -19.143726 20.332207
v -5.810423 -19.149715 20.875229
v -5.807867 -17.963627 20.332207
v -5.810422 -17.967049 20.875229
v -5.810422 -16.768425 20.875229
v -5.813519 -17.971195 21.533043
v -5.813518 -16.768425 21.533051
v -5.815453 -17.975021 22.225037
v -5.813519 -19.156967 21.533043
v -5.815454 -19.163662 22.225044
v -5.813520 -20.204636 21.533043
v -5.813519 -20.369450 21.533043
v -5.815455 -20.212288 22.225044
v -5.815453 -20.377102 22.225044
v -5.866894 -20.217224 22.523064
v -5.866892 -20.382038 22.523064
v -6.031086 -20.220200 22.768791
v -5.866892 -19.167980 22.523064
v -6.031085 -19.170586 22.768791
v -5.866891 -17.977489 22.523064
v -5.866889 -16.768425 22.523064
v -6.031084 -17.978981 22.768799
v -6.031082 -16.768425 22.768806
v -6.276816 -17.979874 22.932999
v -6.276814 -16.768425 22.932999
v -6.570962 -17.980320 22.982018
v -6.276817 -19.172157 22.932999
v -6.570964 -19.172939 22.982010
v -6.276819 -20.221992 22.932999
v -6.276819 -20.386806 22.932999
v -6.570965 -20.222889 22.982002
v -6.570965 -20.387703 22.982018
v -7.266716 -20.223190 22.982491
v -7.266716 -20.388004 22.982491
v -7.923137 -20.223190 22.982483
v -7.266715 -19.173203 22.982491
v -7.923137 -19.173203 22.982483
v -7.266714 -17.980473 22.982491
v -7.266713 -16.768425 22.982491
v -7.923136 -17.980473 22.982491
v -7.923136 -16.768425 22.982491
v -8.464271 -17.980473 22.982491
v -8.464271 -16.768425 22.982498
v -8.948566 -17.980473 22.982613
v -8.464271 -19.173203 22.982491
v -8.948566 -19.173203 22.982613
v -8.464271 -20.223190 22.982491
v -8.464271 -20.388004 22.982491
v -8.948566 -20.223190 22.982613
v -8.948566 -20.388004 22.982613
v -9.434475 -20.223198 22.982994
v -9.434475 -20.388012 22.982994
v -9.978965 -20.223202 22.983582
v -9.434475 -19.173206 22.982994
v -9.978965 -19.173214 22.983582
v -9.434475 -17.980476 22.983002
v -9.434475 -16.768425 22.983002
v -9.978964 -17.980480 22.983574
v -9.978964 -16.768425 22.983566
v -10.639004 -17.980484 22.984268
v -10.639004 -16.768425 22.984268
v -11.342090 -17.980335 22.984261
v -10.639004 -19.173222 22.984268
v -11.342090 -19.172966 22.984268
v -10.639004 -20.223213 22.984268
v -10.639004 -20.388027 22.984268
v -11.342090 -20.222923 22.984268
v -11.342090 -20.387733 22.984261
v -11.640904 -20.222027 22.913048
v -11.640904 -20.386837 22.913048
v -11.877686 -20.220230 22.770508
v -11.640904 -19.172184 22.913048
v -11.877686 -19.170612 22.770508
v -11.640904 -17.979893 22.913048
v -11.640904 -16.768425 22.913048
v -11.877686 -17.978992 22.770508
v -11.877686 -16.768425 22.770508
v -12.019852 -17.977497 22.533264
v -12.019852 -16.768425 22.533264
v -12.090605 -17.975021 22.234909
v -12.019852 -19.167995 22.533264
v -12.090607 -19.163666 22.234909
v -12.019852 -20.217236 22.533264
v -12.019852 -20.382053 22.533264
v -12.090607 -20.212296 22.234909
v -12.090605 -20.377110 22.234909
v -12.089088 -20.204639 21.533371
v -12.089088 -20.369453 21.533371
v -12.087649 -20.196354 20.875465
v -12.089089 -19.156971 21.533371
v -12.087651 -19.149719 20.875458
v -12.089089 -17.971199 21.533371
v -12.089089 -16.768425 21.533371
v -12.087652 -17.967052 20.875458
v -12.087652 -16.768425 20.875458
v -12.086465 -17.963631 20.332329
v -12.086465 -16.768425 20.332329
v -12.085669 -17.960575 19.846619
v -12.086465 -19.143730 20.332329
v -12.085669 -19.138378 19.846619
v -12.086464 -20.189510 20.332329
v -12.086464 -20.354324 20.332329
v -12.085668 -20.183388 19.846619
v -12.085668 -20.348202 19.846619
v -12.085402 -20.177269 19.361000
v -12.085402 -20.342083 19.361000
v -12.085404 -20.170429 18.817947
v -12.085404 -19.133022 19.361000
v -12.085405 -19.127037 18.817940
v -12.085404 -17.957512 19.361000
v -12.085404 -16.768425 19.361000
v -12.085404 -17.954090 18.817940
v -12.085404 -16.768425 18.817940
v -12.085404 -17.949947 18.159927
v -12.085404 -16.768425 18.159920
v -12.085404 -17.946121 17.457664
v -12.085404 -19.119785 18.159935
v -12.085405 -19.113083 17.457687
v -12.085402 -20.162140 18.159943
v -12.085402 -20.326954 18.159950
v -12.085405 -20.154488 17.457703
v -12.085404 -20.319302 17.457710
v -12.013231 -20.149548 17.159729
v -12.013231 -20.314362 17.159744
v -11.869794 -20.146553 16.922112
v -12.013231 -19.108765 17.159706
v -11.869794 -19.106144 16.922096
v -12.013231 -17.943653 17.159691
v -12.013231 -16.768425 17.159676
v -11.869794 -17.942158 16.922081
v -11.869794 -16.768425 16.922073
v -11.624061 -17.941246 16.778763
v -11.624061 -16.768425 16.778755
v -11.334198 -17.940792 16.706856
v -11.624061 -19.104557 16.778763
v -11.334199 -19.103764 16.706856
v -11.624061 -20.144745 16.778778
v -11.624061 -20.309563 16.778778
v -11.334198 -20.143833 16.706863
v -11.334198 -20.308647 16.706856
v -10.632192 -20.143539 16.706856
v -10.632192 -20.308353 16.706856
v -9.974957 -20.143547 16.707710
v -10.632192 -19.103504 16.706856
v -9.974957 -19.103516 16.707710
v -10.632192 -17.940647 16.706856
v -10.632192 -16.768425 16.706856
v -9.974957 -17.940651 16.707710
v -9.974957 -16.768425 16.707710
v -9.432631 -17.940655 16.708405
v -9.432631 -16.768425 16.708405
v -8.947564 -17.940659 16.708885
v -9.432631 -19.103523 16.708405
v -8.947565 -19.103527 16.708878
v -9.432631 -20.143559 16.708405
v -9.432631 -20.308372 16.708405
v -8.947565 -20.143562 16.708878
v -8.947564 -20.308376 16.708885
v -8.462108 -20.143566 16.709038
v -8.462108 -20.308380 16.709038
v -7.918808 -20.143566 16.709030
v -8.462108 -19.103531 16.709038
v -7.918808 -19.103531 16.709030
v -8.462108 -17.940662 16.709030
v -8.462108 -16.768425 16.709038
v -7.918808 -17.940662 16.709038
v -7.918807 -16.768425 16.709038
v -7.260209 -17.940662 16.709038
v -7.260209 -16.768425 16.709038
v -6.557850 -17.940811 16.709686
v -7.260209 -19.103531 16.709038
v -6.557850 -19.103794 16.709686
v -7.260209 -20.143566 16.709038
v -7.260209 -20.308380 16.709038
v -6.557850 -20.143871 16.709686
v -6.557851 -20.308685 16.709686
v -6.259480 -20.144779 16.781693
v -6.259480 -20.309589 16.781693
v -6.022255 -20.146576 16.924728
v -6.259479 -19.104591 16.781693
v -6.022254 -19.106171 16.924728
v -6.259477 -17.941265 16.781693
v -6.259476 -16.768425 16.781693
v -6.022251 -17.942165 16.924728
v -6.022248 -16.768425 16.924728
v -5.879541 -17.943661 17.161797
v -5.879539 -16.768425 17.161797
v -5.807724 -17.946129 17.457710
v -5.879542 -19.108780 17.161797
v -5.807724 -19.113098 17.457710
v -5.879544 -20.149567 17.161797
v -5.807724 -16.768425 17.457718
v -5.807724 -17.949955 18.161095
v -5.807724 -16.768425 18.161095
v -6.557850 -16.768425 16.709686
v -6.022256 -20.311390 16.924728
v -6.049285 -20.441746 16.952309
v -6.281264 -20.439995 16.813011
v -6.130372 -20.539455 17.035049
v -6.346618 -20.537865 16.906960
v -6.251530 -20.600979 17.157707
v -6.441111 -20.599628 17.047661
v -6.141371 -20.603352 17.351685
v -6.398770 -20.622780 17.305038
v -6.550313 -20.621735 17.219238
v -6.507803 -20.624111 17.414490
v -6.311387 -20.624657 17.459160
v -6.488198 -20.625629 17.539238
v -6.458480 -20.628819 17.704994
v -6.647316 -20.625816 17.554527
v -6.632843 -20.623894 17.396553
v -6.816654 -20.625553 17.533188
v -6.800596 -20.623550 17.368729
v -7.400335 -20.625187 17.526749
v -7.382396 -20.623367 17.377235
v -7.970479 -20.624809 17.495903
v -7.448184 -20.626957 17.671806
v -7.999079 -20.626072 17.599884
v -7.687931 -20.631203 17.973663
v -8.091972 -20.629120 17.787674
v -7.753456 -20.633141 18.060295
v -7.781113 -20.619270 18.101021
v -8.124035 -20.631435 17.860146
v -8.142473 -20.617981 17.904671
v -8.527616 -20.629311 17.739952
v -8.947694 -20.628143 17.699844
v -8.536832 -20.615578 17.788292
v -8.515074 -20.627560 17.673195
v -8.947692 -20.626907 17.633820
v -8.488720 -20.625431 17.547470
v -8.475416 -20.624504 17.471390
v -8.947634 -20.625168 17.526047
v -8.947600 -20.624371 17.460579
v -9.406352 -20.625420 17.547096
v -9.419493 -20.624489 17.470825
v -9.895300 -20.626049 17.599159
v -9.380280 -20.627552 17.673141
v -9.803370 -20.629112 17.787659
v -9.367766 -20.629307 17.739952
v -9.358537 -20.615582 17.788284
v -9.771441 -20.631435 17.860229
v -9.752986 -20.617989 17.904747
v -10.142321 -20.633137 18.060677
v -10.468083 -20.635494 18.329453
v -10.114643 -20.619278 18.101387
v -10.207482 -20.631191 17.973892
v -10.444901 -20.626915 17.670784
v -10.558711 -20.634186 18.238907
v -11.089225 -20.628761 17.705025
v -10.823141 -20.638489 18.589821
v -11.008756 -20.643494 18.993492
v -10.736400 -20.639584 18.654747
v -11.120649 -20.635471 18.350533
v -11.262222 -20.634884 18.302620
v -11.191264 -20.642166 18.900429
v -11.292215 -20.641815 18.871582
v -11.243473 -20.648129 19.389946
v -11.123534 -20.648590 19.416801
v -11.265122 -20.653717 19.849098
v -11.316547 -20.647957 19.376259
v -11.422928 -20.647831 19.365959
v -11.327522 -20.653709 19.848679
v -11.425829 -20.653702 19.848312
v -11.317440 -20.659458 20.320877
v -11.424035 -20.659576 20.330559
v -11.244069 -20.659306 20.307915
v -11.294259 -20.665600 20.825195
v -11.192793 -20.665257 20.796883
v -11.419310 -20.665802 20.841721
v -11.265934 -20.672527 21.393990
v -11.263386 -20.678471 21.975731
v -11.123782 -20.671951 21.346489
v -11.413422 -20.672733 21.410805
v -11.600895 -20.673023 21.434883
v -11.425400 -20.678650 21.990768
v -11.614843 -20.679214 22.037605
v -11.402102 -20.681839 22.158951
v -11.580225 -20.682816 22.239143
v -11.387469 -20.683357 22.283699
v -11.245349 -20.681652 22.143288
v -11.264364 -20.683575 22.301239
v -11.078846 -20.681908 22.164078
v -11.093077 -20.678654 21.981071
v -11.096336 -20.683903 22.328217
v -10.496653 -20.682262 22.170021
v -10.514998 -20.684078 22.319084
v -9.926403 -20.682636 22.200264
v -10.448423 -20.680504 22.025536
v -10.207595 -20.676125 21.723991
v -9.897349 -20.681381 22.096970
v -9.803563 -20.678226 21.909935
v -9.407298 -20.682018 22.149002
v -8.948159 -20.682278 22.170082
v -9.380420 -20.679802 22.024307
v -9.420901 -20.682934 22.224243
v -9.431103 -20.684238 22.331398
v -8.948378 -20.683064 22.234581
v -9.943737 -20.684170 22.325989
v -9.434508 -20.686321 22.502350
v -9.954948 -20.686333 22.503433
v -9.434506 -20.668911 22.689209
v -9.963045 -20.668922 22.690521
v -9.434493 -20.611740 22.844101
v -9.434479 -20.517284 22.948280
v -9.971033 -20.611748 22.845161
v -9.976981 -20.517288 22.948967
v -10.607224 -20.611763 22.846405
v -10.631060 -20.517303 22.949806
v -11.280526 -20.611519 22.850220
v -10.575243 -20.668938 22.692047
v -10.542849 -20.686340 22.504677
v -11.216833 -20.668739 22.699699
v -11.458735 -20.668125 22.649742
v -11.148884 -20.686195 22.516228
v -11.348914 -20.685730 22.478554
v -11.498960 -20.684689 22.393372
v -11.647081 -20.666786 22.540283
v -11.768948 -20.609180 22.661743
v -11.753182 -20.664410 22.346199
v -11.801289 -20.660263 22.101471
v -11.894441 -20.606457 22.442436
v -11.954304 -20.601883 22.167618
v -11.988500 -20.511494 22.510559
v -12.056530 -20.506645 22.218086
v -11.850500 -20.514416 22.743309
v -11.877686 -20.385040 22.770500
v -11.619070 -20.516159 22.882111
v -11.326700 -20.517017 22.950760
v -11.553569 -20.610764 22.789299
v -12.053998 -20.499119 21.524529
v -12.052404 -20.490948 20.873375
v -11.948724 -20.594746 21.497986
v -11.946664 -20.586926 20.867096
v -11.791585 -20.653618 21.464508
v -11.789224 -20.646214 20.859100
v -11.598868 -20.665924 20.851830
v -11.787169 -20.639786 20.333443
v -11.597078 -20.659615 20.333702
v -11.785940 -20.633846 19.847740
v -11.944906 -20.580307 20.332954
v -11.943829 -20.574291 19.847237
v -12.051074 -20.484161 20.332481
v -12.050208 -20.478065 19.846779
v -12.050005 -20.471973 19.361168
v -12.050144 -20.465187 18.820381
v -11.943813 -20.568275 19.361649
v -11.944369 -20.561661 18.827660
v -11.786045 -20.627907 19.362160
v -11.786880 -20.621479 18.836685
v -11.595922 -20.647785 19.362434
v -11.596478 -20.641479 18.844353
v -11.595954 -20.653702 19.848045
v -11.416983 -20.641605 18.854660
v -11.597120 -20.634380 18.261330
v -11.409646 -20.634678 18.285568
v -11.609619 -20.628185 17.658043
v -11.787842 -20.614075 18.231262
v -11.796075 -20.607433 17.593658
v -11.945011 -20.553837 18.196724
v -12.050305 -20.457016 18.169144
v -11.949097 -20.546700 17.526405
v -11.887811 -20.542130 17.252075
v -12.051328 -20.449490 17.474899
v -11.981876 -20.444645 17.182831
v -11.842617 -20.441723 16.949707
v -11.869794 -20.311371 16.922119
v -11.602272 -20.439968 16.810112
v -11.761085 -20.539410 17.032440
v -11.639289 -20.600906 17.155083
v -11.536910 -20.537815 16.904045
v -11.272930 -20.537045 16.842331
v -11.442411 -20.599556 17.044716
v -11.209750 -20.598938 16.993896
v -11.333211 -20.621658 17.216263
v -11.142744 -20.621189 17.177681
v -11.257294 -20.623817 17.393761
v -11.491313 -20.622704 17.302406
v -11.573576 -20.624588 17.457001
v -11.380318 -20.624039 17.411964
v -11.395525 -20.625561 17.537148
v -11.420144 -20.628757 17.705025
v -11.239000 -20.625751 17.552368
v -11.074156 -20.625492 17.531075
v -11.258050 -20.628941 17.720055
v -11.091137 -20.623482 17.365967
v -10.492237 -20.625141 17.525040
v -10.510045 -20.623314 17.375015
v -9.923553 -20.624775 17.494774
v -9.940318 -20.623238 17.368210
v -9.951210 -20.621071 17.190506
v -9.429350 -20.623177 17.362915
v -8.947577 -20.623158 17.360809
v -9.432636 -20.621094 17.191696
v -8.947571 -20.621105 17.192421
v -9.432636 -20.598793 17.004494
v -8.947572 -20.598804 17.005302
v -9.959152 -20.598774 17.003105
v -9.432633 -20.536839 16.848618
v -8.947569 -20.536850 16.849312
v -9.432631 -20.438828 16.743462
v -9.967062 -20.536819 16.847466
v -9.972984 -20.438816 16.742645
v -10.600606 -20.536800 16.846092
v -10.624295 -20.438805 16.741669
v -10.568963 -20.598747 17.001480
v -10.537199 -20.621048 17.189133
v -11.318882 -20.439087 16.740730
v -9.974957 -20.308361 16.707710
v -8.947566 -20.438835 16.743988
v -8.462109 -20.438839 16.744095
v -7.920782 -20.438843 16.743988
v -8.462111 -20.536850 16.849266
v -7.926703 -20.536850 16.848831
v -8.462112 -20.598808 17.005165
v -7.934615 -20.598804 17.004509
v -8.462112 -20.621109 17.192406
v -8.465438 -20.623192 17.363602
v -7.942557 -20.621105 17.191971
v -7.953516 -20.623268 17.369637
v -7.355197 -20.621105 17.191475
v -6.749293 -20.621262 17.180634
v -7.323430 -20.598797 17.003738
v -6.682286 -20.599003 16.996803
v -7.291789 -20.536842 16.848312
v -7.268104 -20.438835 16.743858
v -6.619110 -20.537098 16.845192
v -6.573166 -20.439125 16.743568
v -7.918808 -20.308380 16.709038
v -11.746543 -20.603287 17.349464
v -12.085402 -20.335243 18.817940
v -12.087651 -20.361164 20.875458
v -9.978964 -20.388016 22.983566
v -8.948571 -20.517277 22.947830
v -8.947775 -20.680462 22.063583
v -9.367795 -20.677731 21.956757
v -8.947717 -20.678932 21.996803
v -9.358570 -20.661324 21.908592
v -9.771361 -20.675541 21.836624
v -9.752916 -20.658821 21.792282
v -10.141899 -20.673771 21.636467
v -10.114237 -20.657440 21.595940
v -10.467429 -20.671406 21.367867
v -10.431901 -20.655590 21.332466
v -10.558738 -20.673122 21.459160
v -10.735972 -20.667419 21.042419
v -10.695271 -20.651699 21.014877
v -10.823205 -20.668842 21.108154
v -10.936235 -20.662720 20.672134
v -10.891708 -20.647015 20.653801
v -11.056927 -20.658188 20.269035
v -11.008875 -20.663879 20.704567
v -11.123617 -20.658829 20.281998
v -11.163236 -20.653721 19.849663
v -11.097376 -20.653702 19.849243
v -11.047116 -20.638733 19.849319
v -11.056913 -20.649139 19.428902
v -11.008561 -20.634563 19.438179
v -10.936325 -20.644447 19.025055
v -10.891789 -20.630100 19.043541
v -10.876944 -20.584946 19.051292
v -10.695681 -20.625168 18.682449
v -10.682107 -20.580242 18.693268
v -10.432533 -20.621113 18.365013
v -10.420681 -20.576286 18.378464
v -10.105415 -20.574020 18.116554
v -10.408832 -20.531391 18.392082
v -10.096189 -20.528473 18.131905
v -10.668533 -20.535206 18.704262
v -10.373283 -20.516811 18.428177
v -10.283104 -20.517899 18.518295
v -10.068512 -20.513725 18.173172
v -10.627817 -20.520496 18.732483
v -10.817564 -20.524685 19.078224
v -10.510740 -20.521336 18.801903
v -10.675478 -20.525288 19.127960
v -10.268089 -20.522964 18.936470
v -9.975574 -20.524448 19.058952
v -10.107356 -20.520027 18.693977
v -10.367973 -20.526497 19.228088
v -10.010934 -20.527611 19.320152
v -10.428188 -20.530231 19.536476
v -10.448368 -20.534065 19.853104
v -10.036376 -20.530827 19.585541
v -10.770794 -20.529587 19.483376
v -10.927973 -20.529274 19.457512
v -10.801103 -20.534065 19.853226
v -10.963350 -20.534065 19.853287
v -10.770811 -20.538536 20.222580
v -10.675406 -20.542828 20.577332
v -10.428145 -20.537891 20.169418
v -10.928002 -20.538849 20.248512
v -10.976345 -20.553761 20.257149
v -10.817504 -20.543430 20.627052
v -10.862024 -20.558361 20.644897
v -10.627438 -20.547619 20.972778
v -10.668135 -20.562710 20.999847
v -10.510379 -20.546780 20.903374
v -10.372685 -20.551304 21.277267
v -10.282546 -20.550213 21.187126
v -10.408211 -20.566502 21.312187
v -10.068138 -20.554390 21.532097
v -10.095793 -20.569424 21.572197
v -9.722183 -20.556683 21.722092
v -9.998731 -20.552971 21.415024
v -9.672473 -20.554966 21.579971
v -9.864244 -20.550034 21.172279
v -9.741832 -20.546494 20.879738
v -10.106862 -20.548084 21.011436
v -9.572494 -20.551243 21.272285
v -9.480563 -20.546925 20.915100
v -9.264233 -20.551971 21.332253
v -8.947702 -20.552216 21.352211
v -9.215166 -20.547230 20.940453
v -9.317322 -20.556118 21.674889
v -9.343206 -20.558018 21.832047
v -8.947720 -20.556484 21.704842
v -8.947720 -20.558445 21.867020
v -8.578117 -20.556118 21.674889
v -8.222872 -20.554966 21.579880
v -8.631146 -20.551971 21.332184
v -8.552237 -20.558022 21.832062
v -8.543008 -20.573166 21.879784
v -8.173167 -20.556683 21.722023
v -8.154716 -20.571598 21.765930
v -7.826924 -20.554382 21.531754
v -7.799251 -20.569416 21.571838
v -7.896351 -20.552967 21.414673
v -7.522182 -20.551300 21.276733
v -7.612356 -20.550209 21.186607
v -7.486637 -20.566494 21.311661
v -7.267617 -20.547615 20.972458
v -7.226902 -20.562706 20.999512
v -7.077825 -20.543430 20.626770
v -7.384691 -20.546776 20.903023
v -7.219914 -20.542828 20.577019
v -7.627341 -20.545147 20.768448
v -7.919853 -20.543663 20.645935
v -7.788093 -20.548084 21.010910
v -7.527429 -20.541618 20.476860
v -7.884475 -20.540504 20.384766
v -7.467199 -20.537884 20.168488
v -7.447013 -20.534054 19.851868
v -7.859021 -20.537292 20.119385
v -7.124583 -20.538528 20.221626
v -6.967401 -20.538841 20.247513
v -7.094277 -20.534050 19.851791
v -6.932027 -20.534050 19.851753
v -7.124573 -20.529579 19.482430
v -7.219969 -20.525284 19.127640
v -7.467229 -20.530220 19.535545
v -6.967382 -20.529266 19.456528
v -6.919038 -20.544239 19.446701
v -7.077873 -20.524685 19.077950
v -7.033351 -20.539593 19.058922
v -7.267906 -20.520496 18.732178
v -7.227207 -20.535206 18.703926
v -7.384964 -20.521336 18.801559
v -7.522633 -20.516808 18.427650
v -7.612774 -20.517899 18.517776
v -7.487106 -20.531387 18.391541
v -7.827205 -20.513725 18.172829
v -7.799548 -20.528469 18.131554
v -8.173198 -20.511429 17.982841
v -7.896614 -20.515141 18.289894
v -8.222906 -20.513149 18.124947
v -8.031093 -20.518078 18.532600
v -8.153500 -20.521618 18.825119
v -7.788456 -20.520023 18.693436
v -8.322871 -20.516869 18.432610
v -8.414791 -20.521191 18.789749
v -8.631149 -20.516140 18.372581
v -8.947688 -20.515896 18.352585
v -8.680206 -20.520885 18.764366
v -8.578071 -20.511993 18.029976
v -8.552186 -20.510090 17.872826
v -8.947670 -20.511627 17.999985
v -8.947671 -20.509666 17.837799
v -9.317270 -20.511993 18.029968
v -9.672524 -20.513145 18.125031
v -9.264247 -20.516140 18.372650
v -9.343150 -20.510090 17.872803
v -9.352381 -20.524761 17.823898
v -9.722228 -20.511429 17.982903
v -9.740682 -20.526310 17.937820
v -9.746834 -20.572388 17.921188
v -9.355457 -20.570328 17.806000
v -8.947683 -20.569191 17.768456
v -8.539902 -20.570324 17.806007
v -8.947686 -20.614094 17.750114
v -8.947679 -20.524139 17.786987
v -8.542973 -20.524761 17.823906
v -8.154761 -20.526302 17.937744
v -8.148617 -20.572384 17.921112
v -7.790330 -20.574013 18.116196
v -7.475265 -20.576279 18.377922
v -7.213641 -20.580223 18.692924
v -7.463424 -20.621101 18.364464
v -7.018511 -20.584927 19.050980
v -6.902924 -20.589451 19.441833
v -6.865021 -20.593849 19.849358
v -6.902936 -20.598167 20.257408
v -6.848272 -20.638710 19.847733
v -6.881771 -20.549000 19.851143
v -6.919052 -20.553745 20.256126
v -7.033292 -20.558353 20.644600
v -7.018449 -20.602535 20.648964
v -7.003610 -20.646984 20.653488
v -7.213331 -20.607082 21.006943
v -7.199765 -20.651680 21.014534
v -7.474789 -20.610935 21.321709
v -7.790028 -20.613205 21.583626
v -7.462945 -20.655582 21.331917
v -7.780808 -20.657429 21.595566
v -7.427410 -20.671406 21.367279
v -7.159060 -20.667419 21.042030
v -7.753143 -20.673771 21.636078
v -7.688579 -20.676136 21.723579
v -8.123981 -20.675541 21.836540
v -8.142422 -20.658817 21.792206
v -8.527642 -20.677731 21.956757
v -8.092324 -20.678234 21.909798
v -8.515232 -20.679806 22.024277
v -8.489823 -20.682022 22.148712
v -8.536861 -20.661324 21.908592
v -8.539932 -20.617035 21.894119
v -8.947714 -20.662857 21.946716
v -8.947711 -20.618202 21.931618
v -9.355492 -20.617035 21.894112
v -8.947711 -20.573792 21.916649
v -9.352420 -20.573166 21.879776
v -9.740617 -20.571598 21.766006
v -9.746765 -20.614910 21.779076
v -10.105014 -20.613213 21.583992
v -10.420054 -20.610943 21.322258
v -10.681702 -20.607101 21.007278
v -10.876866 -20.602558 20.649284
v -10.992461 -20.598194 20.258453
v -11.008578 -20.642788 20.259903
v -11.030360 -20.593872 19.850937
v -10.992442 -20.589474 19.442871
v -11.013606 -20.549019 19.852707
v -10.976324 -20.544250 19.447716
v -10.862098 -20.539600 19.059212
v -8.148568 -20.614906 21.778999
v -6.959088 -20.662712 20.671776
v -6.838486 -20.658180 20.267944
v -6.886768 -20.663902 20.704193
v -6.886826 -20.642757 20.258858
v -9.572618 -20.516869 18.432785
v -9.215245 -20.520885 18.764503
v -9.480754 -20.521194 18.790024
v -9.201430 -20.524574 19.069199
v -8.947706 -20.520760 18.754211
v -8.947710 -20.524506 19.063416
v -8.947706 -20.527687 19.326416
v -8.694025 -20.524570 19.069023
v -8.690225 -20.527733 19.330109
v -8.440359 -20.524708 19.080315
v -8.432756 -20.527824 19.337608
v -8.186698 -20.524845 19.091614
v -7.920094 -20.524445 19.058342
v -8.175290 -20.527916 19.345085
v -7.884618 -20.527603 19.319450
v -8.163886 -20.530987 19.598572
v -7.859087 -20.530815 19.584663
v -8.158169 -20.534054 19.852074
v -8.425155 -20.530941 19.594887
v -8.686424 -20.530895 19.591202
v -8.421346 -20.534058 19.852188
v -8.684521 -20.534058 19.852303
v -8.425117 -20.537174 20.109505
v -8.432680 -20.540287 20.366837
v -8.163825 -20.537125 20.105614
v -8.686406 -20.537216 20.113403
v -8.947688 -20.537243 20.115410
v -8.690187 -20.540379 20.374512
v -8.947682 -20.540428 20.378395
v -8.693970 -20.543541 20.635620
v -8.680156 -20.547230 20.940315
v -8.440241 -20.543400 20.624176
v -8.947679 -20.543610 20.641380
v -8.947683 -20.547356 20.950592
v -9.201347 -20.543545 20.635796
v -9.205153 -20.540382 20.374710
v -9.454995 -20.543404 20.624519
v -9.462610 -20.540291 20.367249
v -9.708641 -20.543270 20.613251
v -9.975236 -20.543671 20.646530
v -9.720063 -20.540199 20.359772
v -10.010731 -20.540508 20.385445
v -9.731485 -20.537128 20.106308
v -10.036282 -20.537296 20.120262
v -9.737220 -20.534065 19.852814
v -9.470222 -20.537178 20.109970
v -9.474046 -20.534061 19.852676
v -9.208959 -20.537220 20.113632
v -9.210870 -20.534058 19.852547
v -8.947695 -20.534058 19.852409
v -9.208987 -20.530899 19.591431
v -8.947701 -20.530872 19.589417
v -9.205210 -20.527733 19.330315
v -9.470281 -20.530945 19.595360
v -9.462727 -20.527832 19.338013
v -9.731576 -20.530991 19.599281
v -9.720243 -20.527920 19.345711
v -9.708909 -20.524853 19.092140
v -9.742163 -20.521622 18.825562
v -9.455171 -20.524712 19.080673
v -9.939864 -20.522057 18.861382
v -9.864593 -20.518082 18.532990
v -9.999084 -20.515144 18.290237
v -10.046594 -20.534065 19.852951
v -10.367830 -20.541622 20.477379
v -10.267731 -20.545151 20.768929
v -9.939456 -20.546062 20.844055
v -8.414658 -20.546921 20.914825
v -8.186511 -20.543262 20.612732
v -8.153263 -20.546490 20.879303
v -8.175167 -20.540192 20.359169
v -7.955572 -20.546055 20.843506
v -8.030837 -20.550034 21.171906
v -8.322785 -20.551243 21.272102
v -7.848792 -20.534050 19.851967
v -7.527531 -20.526493 19.227562
v -7.627605 -20.522961 18.935974
v -7.955868 -20.522053 18.860825
v -8.947564 -16.768425 16.708878
v -11.334198 -16.768425 16.706856
v -12.085404 -16.768425 17.457664
v -12.085669 -16.768425 19.846619
v -12.090605 -16.768421 22.234909
v -11.342090 -16.768425 22.984268
v -8.948566 -16.768425 22.982613
v -7.923137 -20.388004 22.982491
v -6.570961 -16.768425 22.982018
v -6.298874 -20.516132 22.902054
v -6.031086 -20.385017 22.768799
v -5.815451 -16.768425 22.225044
v -5.845713 -20.490948 20.873138
v -6.481007 -20.678684 21.980927
v -6.506123 -20.681870 22.157883
vn 1.0000 -0.0000 0.0017
vn 1.0000 -0.0000 0.0040
vn 1.0000 -0.0000 -0.0005
vn 1.0000 -0.0000 -0.0013
vn 1.0000 -0.0000 -0.0006
vn 0.9915 -0.1302 -0.0027
vn 0.9929 -0.0000 -0.1188
vn 0.9918 -0.1278 -0.0018
vn 0.8603 -0.5098 -0.0050
vn 0.9839 -0.1303 -0.1224
vn 0.9146 -0.1370 -0.3805
vn 0.8533 -0.5099 -0.1090
vn 0.7854 -0.5247 -0.3285
vn 0.5346 -0.8425 -0.0662
vn 0.4832 -0.8524 -0.1997
vn 0.2424 -0.9696 -0.0343
vn 0.5355 -0.8445 -0.0076
vn 0.5287 -0.8488 -0.0097
vn 0.2379 -0.9712 -0.0092
vn 0.2344 -0.9721 -0.0110
vn 0.0535 -0.9985 -0.0106
vn 0.0559 -0.9983 -0.0181
vn 0.0001 -0.9999 -0.0112
vn 0.0528 -0.9985 -0.0119
vn -0.0000 -0.9999 -0.0122
vn 0.0524 -0.9986 -0.0119
vn 0.0521 -0.9986 -0.0119
vn 0.2323 -0.9726 -0.0111
vn 0.0004 -0.9999 -0.0122
vn 0.0003 -0.9999 -0.0123
vn 0.0001 -0.9999 -0.0111
vn 0.0001 -0.9999 -0.0144
vn 0.0001 -0.9999 -0.0114
vn -0.0002 -0.9999 -0.0145
vn 0.0013 -0.9999 -0.0128
vn 0.0027 -0.9999 -0.0132
vn 0.0009 -0.9999 -0.0129
vn -0.1119 -0.9917 0.0629
vn -0.0936 -0.9922 0.0825
vn -0.5525 -0.7495 0.3648
vn -0.1235 -0.9916 0.0391
vn -0.6177 -0.7464 0.2478
vn -0.1314 -0.9912 0.0143
vn -0.6572 -0.7441 0.1198
vn -0.1376 -0.9904 -0.0111
vn 0.0025 -0.9999 -0.0124
vn -0.0004 -0.9999 -0.0119
vn -0.0036 -0.9999 -0.0125
vn -0.0001 -0.9999 -0.0121
vn -0.0005 -0.9999 -0.0122
vn -0.0005 -0.9999 -0.0123
vn -0.0001 -0.9999 -0.0112
vn -0.0001 -0.9999 -0.0113
vn -0.0001 -0.9999 -0.0140
vn -0.0002 -0.9999 -0.0115
vn -0.0028 -0.9999 -0.0137
vn 0.0002 -0.9999 -0.0141
vn -0.0021 -0.9999 -0.0141
vn 0.0004 -0.9999 -0.0135
vn 0.0003 -0.9999 -0.0143
vn 0.0002 -0.9999 -0.0122
vn -0.0000 -0.9999 -0.0153
vn 0.0005 -0.9999 -0.0132
vn -0.0004 -0.9999 -0.0139
vn -0.0001 -0.9992 0.0403
vn -0.0000 -0.9992 0.0403
vn -0.0002 -0.9752 0.2214
vn 0.0001 -0.9752 0.2213
vn -0.0003 -0.9751 0.2216
vn -0.0002 -0.8550 0.5185
vn 0.0003 -0.8553 0.5182
vn -0.0001 -0.5212 0.8535
vn -0.0004 -0.8545 0.5195
vn -0.0002 -0.5201 0.8541
vn -0.0013 -0.8525 0.5227
vn -0.0006 -0.5168 0.8561
vn -0.0010 -0.9749 0.2228
vn 0.0359 -0.8492 0.5269
vn 0.0703 -0.5132 0.8554
vn 0.1812 -0.8573 0.4818
vn 0.0133 -0.9740 0.2262
vn 0.0758 -0.9743 0.2121
vn 0.0031 -0.9991 0.0425
vn 0.0170 -0.9992 0.0376
vn -0.0002 -0.9992 0.0402
vn 0.0382 -0.9989 0.0257
vn 0.0501 -0.9987 0.0017
vn 0.1594 -0.9764 0.1460
vn 0.2224 -0.9731 0.0597
vn 0.3591 -0.8665 0.3467
vn 0.5989 -0.5397 0.5917
vn 0.4873 -0.8573 0.1663
vn 0.7912 -0.5291 0.3067
vn 0.5297 -0.8479 0.0243
vn 0.8546 -0.5151 0.0654
vn 0.2352 -0.9720 -0.0005
vn 0.5241 -0.8516 -0.0096
vn 0.8546 -0.5193 -0.0039
vn 0.5215 -0.8532 -0.0085
vn 0.2305 -0.9730 -0.0116
vn 0.2299 -0.9732 -0.0111
vn 0.0514 -0.9986 -0.0115
vn 0.0544 -0.9985 -0.0109
vn 0.0517 -0.9986 -0.0120
vn 0.0519 -0.9986 -0.0120
vn 0.2302 -0.9731 -0.0111
vn 0.5213 -0.8534 -0.0087
vn 0.2309 -0.9729 -0.0111
vn 0.5221 -0.8528 -0.0091
vn 0.8527 -0.5224 -0.0048
vn 0.5247 -0.8512 -0.0096
vn 0.8541 -0.5202 -0.0062
vn 0.9913 -0.1316 -0.0020
vn 0.8563 -0.5164 -0.0067
vn 0.9912 -0.1325 0.0001
vn 0.9912 -0.1326 0.0022
vn 0.8523 -0.5230 -0.0033
vn 0.9912 -0.1323 0.0029
vn 1.0000 -0.0000 0.0047
vn 1.0000 -0.0000 0.0038
vn 0.9962 -0.0000 0.0867
vn 0.9914 -0.1311 0.0019
vn 0.9876 -0.1311 0.0860
vn 0.9287 -0.0000 0.3709
vn 0.9191 -0.1390 0.3687
vn 0.7071 -0.0000 0.7071
vn 0.3682 -0.0000 0.9297
vn 0.0828 -0.0000 0.9966
vn 0.3685 -0.1375 0.9194
vn 0.0839 -0.1295 0.9880
vn 0.0003 -0.0000 1.0000
vn 0.0002 -0.1292 0.9916
vn -0.0000 -0.0000 1.0000
vn 0.0001 -0.0000 1.0000
vn 0.0005 -0.0000 1.0000
vn 0.0001 -0.1308 0.9914
vn 0.0005 -0.1309 0.9914
vn 0.0009 -0.0000 1.0000
vn 0.0010 -0.1308 0.9914
vn 0.0011 -0.0000 1.0000
vn -0.1167 -0.0000 0.9932
vn 0.0007 -0.1291 0.9916
vn -0.1183 -0.1310 0.9843
vn -0.3783 -0.0000 0.9257
vn -0.3774 -0.1375 0.9158
vn -0.7078 -0.0000 0.7064
vn -0.9263 -0.0000 0.3768
vn -0.9934 -0.0000 0.1151
vn -0.9172 -0.1392 0.3734
vn -0.9845 -0.1325 0.1150
vn -1.0000 -0.0000 -0.0022
vn -0.9914 -0.1308 -0.0039
vn -1.0000 -0.0000 -0.0019
vn -1.0000 -0.0000 -0.0011
vn -0.9912 -0.1326 -0.0036
vn -0.9911 -0.1328 -0.0028
vn -1.0000 -0.0000 -0.0003
vn -0.9912 -0.1326 -0.0019
vn -1.0000 -0.0000 -0.0000
vn -0.9929 -0.0000 -0.1185
vn -0.9914 -0.1306 -0.0013
vn -0.9836 -0.1331 -0.1220
vn -0.9248 -0.0000 -0.3805
vn -0.9143 -0.1388 -0.3805
vn -0.7018 -0.0000 -0.7124
vn -0.7017 -0.0000 -0.7124
vn -0.3761 -0.0000 -0.9266
vn -0.1213 -0.0000 -0.9926
vn -0.3739 -0.1371 -0.9173
vn -0.1225 -0.1311 -0.9838
vn 0.0006 -0.0000 -1.0000
vn 0.0009 -0.1292 -0.9916
vn 0.0013 -0.0000 -1.0000
vn 0.0011 -0.0000 -1.0000
vn 0.0007 -0.0000 -1.0000
vn 0.0012 -0.1308 -0.9914
vn 0.0006 -0.1310 -0.9914
vn 0.0002 -0.0000 -1.0000
vn 0.0001 -0.1308 -0.9914
vn -0.0000 -0.0000 -1.0000
vn 0.0005 -0.0000 -1.0000
vn 0.1186 -0.0000 -0.9929
vn 0.0002 -0.1293 -0.9916
vn 0.1197 -0.1310 -0.9841
vn 0.3799 -0.0000 -0.9250
vn 0.3777 -0.1372 -0.9157
vn 0.7074 -0.0000 -0.7069
vn 0.9249 -0.0000 -0.3802
vn 0.6994 -0.1415 -0.7006
vn 0.5971 -0.5304 -0.6018
vn 0.3206 -0.5238 -0.7892
vn 0.3613 -0.8564 -0.3689
vn 0.1882 -0.8506 -0.4910
vn 0.1641 -0.9709 -0.1742
vn 0.0813 -0.9697 -0.2305
vn 0.2192 -0.9710 -0.0950
vn 0.0396 -0.9979 -0.0515
vn 0.0183 -0.9978 -0.0643
vn 0.0513 -0.9981 -0.0334
vn -0.0008 -0.9999 -0.0157
vn -0.0005 -0.9999 -0.0142
vn -0.0000 -0.9999 -0.0159
vn -0.0003 -0.9999 -0.0147
vn -0.0003 -0.9999 -0.0122
vn -0.0005 -0.9999 -0.0133
vn -0.0002 -0.9999 -0.0122
vn -0.0005 -0.9999 -0.0135
vn 0.0003 -0.9999 -0.0136
vn 0.0023 -0.9999 -0.0159
vn 0.0027 -0.9998 -0.0201
vn -0.0711 -0.9929 0.0955
vn -0.3699 -0.7549 0.5416
vn -0.0480 -0.9935 0.1033
vn -0.2530 -0.7565 0.6031
vn -0.0252 -0.9935 0.1114
vn -0.0000 -0.9933 0.1157
vn -0.1264 -0.7573 0.6408
vn 0.0010 -0.9998 -0.0206
vn -0.0000 -0.9998 -0.0194
vn 0.0002 -0.9999 -0.0143
vn -0.0000 -0.9999 -0.0143
vn -0.0002 -0.9999 -0.0143
vn -0.0004 -0.9999 -0.0137
vn -0.0010 -0.9998 -0.0206
vn -0.0028 -0.9998 -0.0201
vn 0.0252 -0.9935 0.1113
vn 0.1265 -0.7573 0.6407
vn 0.0480 -0.9935 0.1032
vn 0.2531 -0.7566 0.6029
vn 0.0710 -0.9929 0.0954
vn 0.0935 -0.9922 0.0824
vn 0.3700 -0.7549 0.5415
vn -0.0023 -0.9999 -0.0159
vn 0.0005 -0.9999 -0.0135
vn -0.0009 -0.9999 -0.0129
vn 0.0002 -0.9999 -0.0144
vn -0.0014 -0.9999 -0.0129
vn -0.0029 -0.9999 -0.0132
vn 0.1116 -0.9918 0.0627
vn -0.0001 -0.9999 -0.0114
vn -0.0004 -0.9999 -0.0123
vn -0.0004 -0.9999 -0.0122
vn -0.0027 -0.9999 -0.0124
vn -0.0000 -0.9999 -0.0121
vn 0.0005 -0.9999 -0.0122
vn 0.0005 -0.9999 -0.0123
vn -0.0000 -0.9999 -0.0112
vn -0.0001 -0.9999 -0.0143
vn 0.0001 -0.9999 -0.0115
vn -0.0515 -0.9986 -0.0118
vn -0.0555 -0.9984 -0.0102
vn -0.0008 -0.9999 -0.0156
vn -0.0529 -0.9986 0.0020
vn -0.0001 -0.9999 -0.0156
vn -0.0004 -0.9999 -0.0144
vn -0.0004 -0.9999 -0.0141
vn -0.0005 -0.9999 -0.0132
vn -0.0004 -0.9999 -0.0135
vn 0.0033 -0.9998 -0.0175
vn 0.0004 -0.9999 -0.0139
vn 0.0035 -0.9997 -0.0222
vn 0.0002 -0.9999 -0.0146
vn -0.0000 -0.9999 -0.0147
vn 0.0014 -0.9997 -0.0230
vn 0.0001 -0.9992 0.0403
vn 0.0004 -0.9752 0.2214
vn 0.0005 -0.9751 0.2216
vn 0.0008 -0.8550 0.5186
vn 0.0010 -0.5211 0.8535
vn 0.0010 -0.8545 0.5195
vn 0.0012 -0.5201 0.8541
vn 0.0018 -0.8525 0.5228
vn 0.0013 -0.5167 0.8562
vn -0.0545 -0.8506 0.5230
vn 0.0012 -0.9748 0.2229
vn 0.0002 -0.9992 0.0402
vn -0.0209 -0.9736 0.2275
vn -0.0804 -0.9752 0.2063
vn -0.0042 -0.9991 0.0431
vn -0.0179 -0.9991 0.0395
vn -0.0397 -0.9989 0.0263
vn -0.1636 -0.9753 0.1481
vn -0.3624 -0.8647 0.3478
vn -0.2184 -0.9739 0.0624
vn -0.2369 -0.9715 0.0058
vn -0.4817 -0.8597 0.1700
vn -0.5265 -0.8493 0.0397
vn -0.7878 -0.5321 0.3103
vn -0.8509 -0.5174 0.0910
vn -0.6011 -0.5368 0.5921
vn -0.7016 -0.1426 0.6982
vn -0.3224 -0.5296 0.7846
vn -0.1006 -0.5155 0.8510
vn -0.1885 -0.8599 0.4743
vn -0.8550 -0.5186 -0.0089
vn -0.8530 -0.5219 -0.0087
vn -0.5248 -0.8511 -0.0127
vn -0.5219 -0.8529 -0.0122
vn -0.2309 -0.9729 -0.0130
vn -0.2301 -0.9731 -0.0128
vn -0.0518 -0.9986 -0.0124
vn -0.2301 -0.9731 -0.0126
vn -0.0519 -0.9986 -0.0123
vn -0.2302 -0.9731 -0.0122
vn -0.5212 -0.8533 -0.0119
vn -0.5211 -0.8534 -0.0111
vn -0.8523 -0.5230 -0.0084
vn -0.8521 -0.5233 -0.0075
vn -0.8525 -0.5226 -0.0065
vn -0.8534 -0.5212 -0.0062
vn -0.5219 -0.8530 -0.0104
vn -0.5233 -0.8521 -0.0101
vn -0.2306 -0.9730 -0.0118
vn -0.2312 -0.9728 -0.0116
vn -0.0520 -0.9986 -0.0121
vn -0.0521 -0.9986 -0.0121
vn -0.0520 -0.9986 -0.0122
vn -0.0523 -0.9986 -0.0108
vn -0.0544 -0.9984 -0.0176
vn -0.2331 -0.9724 -0.0096
vn -0.2373 -0.9709 -0.0330
vn -0.5275 -0.8495 -0.0080
vn -0.8559 -0.5171 -0.0049
vn -0.5267 -0.8476 -0.0644
vn -0.4796 -0.8553 -0.1962
vn -0.8492 -0.5169 -0.1077
vn -0.7834 -0.5288 -0.3267
vn -0.5923 -0.5315 -0.6055
vn -0.6940 -0.1421 -0.7058
vn -0.3173 -0.5242 -0.7903
vn -0.3581 -0.8571 -0.3704
vn -0.1633 -0.9710 -0.1745
vn -0.1864 -0.8509 -0.4912
vn -0.0563 -0.8408 -0.5384
vn -0.0805 -0.9698 -0.2302
vn -0.0218 -0.9675 -0.2518
vn -0.0180 -0.9978 -0.0641
vn -0.0041 -0.9977 -0.0683
vn -0.0399 -0.9979 -0.0517
vn -0.0511 -0.9982 -0.0322
vn 0.0008 -0.9999 -0.0157
vn 0.0005 -0.9999 -0.0142
vn -0.0001 -0.9999 -0.0158
vn 0.0003 -0.9999 -0.0147
vn -0.0001 -0.9999 -0.0144
vn 0.0005 -0.9999 -0.0133
vn 0.0001 -0.9979 -0.0653
vn -0.0000 -0.9979 -0.0653
vn 0.0005 -0.9693 -0.2459
vn 0.0002 -0.9693 -0.2458
vn 0.0006 -0.9692 -0.2461
vn 0.0009 -0.8449 -0.5349
vn 0.0003 -0.8452 -0.5345
vn 0.0011 -0.5153 -0.8570
vn 0.0011 -0.8444 -0.5358
vn 0.0013 -0.5143 -0.8576
vn 0.0022 -0.8423 -0.5389
vn 0.0016 -0.5110 -0.8596
vn 0.0017 -0.9689 -0.2474
vn 0.0007 -0.9979 -0.0653
vn -0.1033 -0.5101 -0.8539
vn 0.0013 -0.1304 -0.9915
vn 0.0006 -0.5157 -0.8567
vn -0.0000 -0.5154 -0.8570
vn -0.0002 -0.5144 -0.8575
vn -0.0002 -0.8449 -0.5349
vn -0.0004 -0.8444 -0.5357
vn -0.0001 -0.9693 -0.2459
vn -0.0002 -0.9693 -0.2460
vn -0.0001 -0.9979 -0.0652
vn -0.0006 -0.9979 -0.0653
vn 0.0039 -0.9977 -0.0683
vn -0.0014 -0.9689 -0.2473
vn 0.0212 -0.9675 -0.2518
vn -0.0015 -0.8424 -0.5388
vn -0.0006 -0.5112 -0.8595
vn 0.0549 -0.8407 -0.5387
vn 0.1009 -0.5100 -0.8543
vn -0.0000 -0.1305 -0.9914
vn -0.2175 -0.9717 -0.0920
vn -0.9912 -0.1321 -0.0016
vn -0.9912 -0.1321 -0.0039
vn 0.0011 -0.1304 0.9915
vn 0.0005 -0.5216 0.8532
vn -0.0000 -0.9998 -0.0218
vn 0.0282 -0.9860 -0.1641
vn -0.0000 -0.9867 -0.1625
vn 0.1279 -0.7211 -0.6809
vn 0.0598 -0.9857 -0.1577
vn 0.2624 -0.7200 -0.6424
vn 0.0857 -0.9868 -0.1373
vn 0.3842 -0.7237 -0.5732
vn 0.1030 -0.9881 -0.1140
vn 0.4806 -0.7289 -0.4875
vn 0.0021 -0.9999 -0.0141
vn 0.1204 -0.9883 -0.0933
vn 0.5623 -0.7298 -0.3890
vn 0.0027 -0.9999 -0.0136
vn 0.1358 -0.9884 -0.0681
vn 0.6270 -0.7314 -0.2681
vn 0.1413 -0.9892 -0.0388
vn 0.0041 -0.9999 -0.0136
vn 0.0034 -0.9999 -0.0125
vn 0.0002 -0.9999 -0.0119
vn 0.1372 -0.9905 -0.0111
vn 0.6704 -0.7420 -0.0071
vn 0.1311 -0.9913 0.0142
vn 0.6571 -0.7442 0.1195
vn 0.1232 -0.9916 0.0389
vn 0.6177 -0.7466 0.2473
vn 0.8669 -0.3502 0.3547
vn 0.5524 -0.7496 0.3645
vn 0.7746 -0.3596 0.5203
vn 0.4687 -0.7533 0.4613
vn 0.6598 -0.3671 0.6557
vn 0.5239 -0.3653 0.7695
vn 0.4906 -0.7265 0.4813
vn 0.3917 -0.7237 0.5682
vn 0.5777 -0.7213 0.3822
vn 0.1089 -0.9893 0.0970
vn 0.0885 -0.9890 0.1184
vn 0.1293 -0.9887 0.0758
vn 0.1473 -0.9879 0.0489
vn 0.1540 -0.9879 0.0174
vn 0.1536 -0.9881 -0.0119
vn 0.1520 -0.9875 -0.0410
vn 0.6885 -0.7113 -0.1413
vn 0.1448 -0.9868 -0.0721
vn 0.6512 -0.7055 -0.2796
vn 0.1277 -0.9869 -0.0990
vn 0.5818 -0.7055 -0.4047
vn 0.1077 -0.9870 -0.1195
vn 0.4961 -0.7063 -0.5051
vn 0.0862 -0.9866 -0.1384
vn 0.3954 -0.7032 -0.5909
vn 0.0591 -0.9861 -0.1550
vn 0.0283 -0.9863 -0.1626
vn -0.0000 -0.9865 -0.1639
vn -0.0284 -0.9863 -0.1626
vn -0.1315 -0.7003 -0.7016
vn -0.0592 -0.9861 -0.1550
vn -0.2701 -0.6993 -0.6618
vn -0.0862 -0.9866 -0.1384
vn -0.3955 -0.7032 -0.5908
vn -0.1076 -0.9870 -0.1195
vn -0.4961 -0.7062 -0.5051
vn -0.1277 -0.9869 -0.0989
vn -0.5820 -0.7055 -0.4045
vn -0.1448 -0.9868 -0.0720
vn -0.1520 -0.9875 -0.0409
vn -0.1536 -0.9881 -0.0119
vn -0.1539 -0.9879 0.0175
vn -0.6886 -0.7146 0.1229
vn -0.1473 -0.9879 0.0490
vn -0.6497 -0.7144 0.2599
vn -0.1293 -0.9887 0.0758
vn -0.5775 -0.7213 0.3824
vn -0.1089 -0.9893 0.0970
vn -0.4905 -0.7265 0.4813
vn -0.0885 -0.9890 0.1184
vn -0.3916 -0.7237 0.5683
vn -0.0616 -0.9887 0.1369
vn -0.0296 -0.9893 0.1429
vn -0.0000 -0.9898 0.1426
vn 0.0296 -0.9893 0.1429
vn 0.1311 -0.7260 0.6751
vn 0.0617 -0.9887 0.1369
vn 0.2686 -0.7206 0.6392
vn 0.3579 -0.3636 0.8601
vn 0.1761 -0.3697 0.9123
vn -0.0000 -0.3747 0.9272
vn -0.1761 -0.3697 0.9123
vn -0.0000 -0.7580 0.6522
vn -0.0000 -0.7303 0.6831
vn -0.1310 -0.7260 0.6751
vn -0.2685 -0.7206 0.6392
vn -0.3577 -0.3636 0.8602
vn -0.5238 -0.3653 0.7696
vn -0.6597 -0.3671 0.6557
vn -0.7744 -0.3596 0.5205
vn -0.4688 -0.7532 0.4614
vn -0.8667 -0.3502 0.3553
vn -0.9214 -0.3476 0.1736
vn -0.9380 -0.3466 -0.0036
vn -0.9230 -0.3394 -0.1811
vn -0.6706 -0.7418 -0.0071
vn -0.6983 -0.7158 -0.0091
vn -0.6885 -0.7114 -0.1410
vn -0.6513 -0.7055 -0.2792
vn -0.8704 -0.3311 -0.3644
vn -0.6274 -0.7312 -0.2678
vn -0.7800 -0.3281 -0.5328
vn -0.5625 -0.7296 -0.3889
vn -0.6666 -0.3270 -0.6699
vn -0.5301 -0.3222 -0.7843
vn -0.4808 -0.7288 -0.4876
vn -0.3844 -0.7236 -0.5733
vn -0.1032 -0.9881 -0.1141
vn -0.1207 -0.9883 -0.0934
vn -0.0859 -0.9868 -0.1374
vn -0.0033 -0.9998 -0.0176
vn -0.0599 -0.9857 -0.1578
vn -0.2626 -0.7199 -0.6424
vn -0.0282 -0.9860 -0.1642
vn -0.0035 -0.9997 -0.0223
vn -0.0014 -0.9997 -0.0231
vn -0.0002 -0.9999 -0.0147
vn -0.1280 -0.7211 -0.6809
vn -0.1769 -0.3168 -0.9318
vn -0.0000 -0.7235 -0.6903
vn -0.0000 -0.3180 -0.9481
vn 0.1769 -0.3169 -0.9318
vn -0.0000 -0.7017 -0.7125
vn 0.1315 -0.7003 -0.7016
vn 0.2699 -0.6993 -0.6619
vn 0.3612 -0.3174 -0.8768
vn 0.5300 -0.3223 -0.7844
vn 0.6665 -0.3271 -0.6699
vn 0.7799 -0.3281 -0.5331
vn 0.8701 -0.3311 -0.3650
vn 0.9230 -0.3395 -0.1814
vn 0.6630 -0.7362 -0.1356
vn 0.9380 -0.3466 -0.0037
vn 0.9215 -0.3476 0.1732
vn 0.6983 -0.7157 -0.0091
vn 0.6887 -0.7146 0.1227
vn 0.6500 -0.7143 0.2596
vn -0.3614 -0.3173 -0.8768
vn -0.1362 -0.9883 -0.0681
vn -0.1417 -0.9891 -0.0388
vn -0.0042 -0.9999 -0.0136
vn -0.6633 -0.7360 -0.1354
vn -0.0001 -0.1304 0.9915
vn 0.3143 -0.5266 0.7899
vn 0.7008 -0.1428 0.6989
vn 0.8527 -0.5224 -0.0028
vn 0.0004 -0.9999 -0.0138
vn 0.0006 -0.9999 -0.0151
vt 0.526370 0.751476
vt 0.528084 0.751473
vt 0.528093 0.755707
vt 0.526379 0.755699
vt 0.524656 0.751480
vt 0.524664 0.755692
vt 0.522737 0.751484
vt 0.522745 0.755684
vt 0.524670 0.759856
vt 0.522751 0.759839
vt 0.526386 0.759871
vt 0.526392 0.763572
vt 0.524675 0.763554
vt 0.522754 0.763534
vt 0.520424 0.763511
vt 0.520423 0.759818
vt 0.520418 0.755675
vt 0.522754 0.764118
vt 0.520422 0.764094
vt 0.524676 0.764138
vt 0.517933 0.763489
vt 0.517933 0.759800
vt 0.517930 0.764072
vt 0.520453 0.764571
vt 0.517974 0.764550
vt 0.522762 0.764595
vt 0.516853 0.764059
vt 0.516855 0.763475
vt 0.516886 0.764538
vt 0.792156 0.021484
vt 0.791674 0.021698
vt 0.791427 0.020395
vt 0.791868 0.020092
vt 0.792232 0.023635
vt 0.791732 0.023750
vt 0.791114 0.021956
vt 0.790910 0.020762
vt 0.791145 0.023886
vt 0.791765 0.026004
vt 0.791170 0.026044
vt 0.792271 0.025968
vt 0.790496 0.026076
vt 0.790475 0.024001
vt 0.790470 0.022192
vt 0.789806 0.022359
vt 0.789809 0.024088
vt 0.789857 0.026114
vt 0.790498 0.027923
vt 0.789880 0.027936
vt 0.791176 0.027920
vt 0.790489 0.029656
vt 0.789880 0.029656
vt 0.791171 0.029655
vt 0.789521 0.029656
vt 0.789491 0.027970
vt 0.789398 0.026171
vt 0.789287 0.029655
vt 0.789215 0.028014
vt 0.789017 0.026268
vt 0.788737 0.024308
vt 0.789265 0.024145
vt 0.789216 0.022408
vt 0.788255 0.022343
vt 0.787657 0.025151
vt 0.786694 0.023890
vt 0.788344 0.026594
vt 0.788081 0.026701
vt 0.787348 0.025375
vt 0.786374 0.024206
vt 0.786247 0.024332
vt 0.787200 0.025471
vt 0.787915 0.026765
vt 0.788342 0.028178
vt 0.788523 0.028146
vt 0.788768 0.028105
vt 0.788480 0.029652
vt 0.788669 0.029652
vt 0.788911 0.029654
vt 0.788763 0.031205
vt 0.789199 0.031297
vt 0.788520 0.031160
vt 0.789469 0.031342
vt 0.788336 0.032718
vt 0.788988 0.033045
vt 0.789355 0.033141
vt 0.789855 0.031376
vt 0.789807 0.033198
vt 0.789733 0.035224
vt 0.789201 0.035168
vt 0.788693 0.035005
vt 0.789715 0.036954
vt 0.789138 0.036904
vt 0.788202 0.036968
vt 0.787647 0.034160
vt 0.786682 0.035418
vt 0.786248 0.037454
vt 0.785421 0.036382
vt 0.788134 0.037914
vt 0.786407 0.037971
vt 0.789056 0.037830
vt 0.788190 0.038494
vt 0.786465 0.038506
vt 0.789116 0.038386
vt 0.784390 0.038113
vt 0.784296 0.037739
vt 0.784445 0.038566
vt 0.782596 0.038216
vt 0.782553 0.037941
vt 0.782629 0.038602
vt 0.784484 0.039202
vt 0.786563 0.039169
vt 0.782640 0.039214
vt 0.780911 0.038615
vt 0.780912 0.038257
vt 0.780910 0.039217
vt 0.780910 0.039887
vt 0.782642 0.039885
vt 0.784517 0.039874
vt 0.780909 0.040477
vt 0.782644 0.040474
vt 0.784551 0.040463
vt 0.780909 0.040979
vt 0.782646 0.040976
vt 0.784577 0.040963
vt 0.786808 0.040428
vt 0.786907 0.040926
vt 0.786682 0.039842
vt 0.788863 0.040372
vt 0.789056 0.040852
vt 0.788619 0.039808
vt 0.790160 0.040131
vt 0.790447 0.040569
vt 0.789804 0.039614
vt 0.788374 0.039159
vt 0.789413 0.039011
vt 0.789946 0.038708
vt 0.790468 0.039228
vt 0.789554 0.038322
vt 0.790849 0.038550
vt 0.790240 0.038167
vt 0.789612 0.037882
vt 0.791374 0.038908
vt 0.790920 0.039676
vt 0.791295 0.040046
vt 0.791819 0.039198
vt 0.792109 0.037808
vt 0.791621 0.037605
vt 0.791048 0.037357
vt 0.792195 0.035658
vt 0.791689 0.035554
vt 0.791090 0.035425
vt 0.792247 0.033325
vt 0.791737 0.033300
vt 0.791136 0.033267
vt 0.790404 0.035313
vt 0.790451 0.033237
vt 0.790387 0.037123
vt 0.790476 0.031389
vt 0.791159 0.031390
vt 0.791761 0.031389
vt 0.791772 0.029651
vt 0.791774 0.027913
vt 0.792282 0.029646
vt 0.792271 0.031386
vt 0.792283 0.027905
vt 0.526394 0.764155
vt 0.526395 0.764632
vt 0.524677 0.764614
vt 0.528109 0.763590
vt 0.528110 0.764174
vt 0.528112 0.764650
vt 0.530024 0.764671
vt 0.530030 0.764195
vt 0.530028 0.763611
vt 0.528101 0.759886
vt 0.530018 0.759903
vt 0.530010 0.755715
vt 0.530002 0.751469
vt 0.532328 0.751464
vt 0.532335 0.755725
vt 0.532343 0.759924
vt 0.534777 0.751459
vt 0.534783 0.755733
vt 0.534789 0.759943
vt 0.534799 0.763657
vt 0.532353 0.763635
vt 0.532358 0.764219
vt 0.534805 0.764242
vt 0.535863 0.763669
vt 0.535868 0.764249
vt 0.535856 0.759955
vt 0.536902 0.763679
vt 0.536903 0.764260
vt 0.536899 0.759963
vt 0.535851 0.755740
vt 0.536896 0.755744
vt 0.535847 0.751457
vt 0.536895 0.751456
vt 0.537940 0.751456
vt 0.537940 0.755747
vt 0.537941 0.759969
vt 0.538993 0.751456
vt 0.538993 0.755749
vt 0.538992 0.759972
vt 0.538991 0.763690
vt 0.537941 0.763686
vt 0.537939 0.764268
vt 0.538986 0.764274
vt 0.541450 0.763693
vt 0.541447 0.764277
vt 0.541452 0.759974
vt 0.543770 0.763694
vt 0.543769 0.764278
vt 0.543771 0.759975
vt 0.541452 0.755750
vt 0.543772 0.755751
vt 0.541452 0.751457
vt 0.543772 0.751457
vt 0.545682 0.751458
vt 0.545682 0.755752
vt 0.545682 0.759976
vt 0.547392 0.751459
vt 0.547392 0.755752
vt 0.547392 0.759977
vt 0.547392 0.763695
vt 0.545681 0.763695
vt 0.545681 0.764278
vt 0.547392 0.764279
vt 0.549109 0.763696
vt 0.549109 0.764280
vt 0.549109 0.759977
vt 0.551035 0.763697
vt 0.551036 0.764281
vt 0.551034 0.759978
vt 0.549109 0.755753
vt 0.551034 0.755754
vt 0.549109 0.751459
vt 0.551034 0.751460
vt 0.553369 0.751461
vt 0.553369 0.755755
vt 0.553370 0.759979
vt 0.555858 0.751462
vt 0.555858 0.755755
vt 0.555858 0.759978
vt 0.555859 0.763696
vt 0.553371 0.763697
vt 0.553374 0.764281
vt 0.555862 0.764279
vt 0.556943 0.763692
vt 0.556944 0.764274
vt 0.556944 0.759976
vt 0.557917 0.763686
vt 0.557915 0.764267
vt 0.557922 0.759971
vt 0.556946 0.755754
vt 0.557926 0.755751
vt 0.556947 0.751462
vt 0.557929 0.751463
vt 0.558914 0.751465
vt 0.558908 0.755749
vt 0.558901 0.759964
vt 0.560003 0.751469
vt 0.559994 0.755743
vt 0.559985 0.759953
vt 0.559973 0.763667
vt 0.558891 0.763679
vt 0.558886 0.764262
vt 0.559967 0.764252
vt 0.562455 0.763647
vt 0.562450 0.764232
vt 0.562468 0.759936
vt 0.564783 0.763625
vt 0.564781 0.764209
vt 0.564796 0.759918
vt 0.562479 0.755737
vt 0.564808 0.755729
vt 0.562490 0.751476
vt 0.564820 0.751483
vt 0.566741 0.751489
vt 0.566729 0.755723
vt 0.566717 0.759902
vt 0.568458 0.751494
vt 0.568446 0.755717
vt 0.568434 0.759888
vt 0.568423 0.763589
vt 0.566705 0.763606
vt 0.566703 0.764190
vt 0.568421 0.764173
vt 0.570142 0.763573
vt 0.570141 0.764157
vt 0.570151 0.759875
vt 0.572065 0.763555
vt 0.572065 0.764139
vt 0.572072 0.759860
vt 0.570161 0.755711
vt 0.572081 0.755705
vt 0.570174 0.751499
vt 0.572093 0.751505
vt 0.574421 0.751513
vt 0.574409 0.755698
vt 0.574401 0.759842
vt 0.576905 0.751522
vt 0.576894 0.755694
vt 0.576887 0.759827
vt 0.576885 0.763516
vt 0.574396 0.763534
vt 0.574398 0.764118
vt 0.576887 0.764099
vt 0.577971 0.763504
vt 0.577972 0.764087
vt 0.577973 0.759818
vt 0.578953 0.763500
vt 0.578951 0.764084
vt 0.578956 0.759815
vt 0.577978 0.755691
vt 0.578960 0.755692
vt 0.577986 0.751528
vt 0.578964 0.751534
vt 0.579969 0.751539
vt 0.579967 0.755694
vt 0.579964 0.759814
vt 0.581027 0.751543
vt 0.581027 0.755697
vt 0.581024 0.759816
vt 0.581021 0.763501
vt 0.579961 0.763499
vt 0.579956 0.764082
vt 0.581016 0.764085
vt 0.583511 0.763504
vt 0.583507 0.764088
vt 0.583513 0.759820
vt 0.585842 0.763507
vt 0.585840 0.764091
vt 0.585844 0.759822
vt 0.583515 0.755700
vt 0.585845 0.755703
vt 0.583516 0.751547
vt 0.585845 0.751550
vt 0.587767 0.751551
vt 0.587767 0.755704
vt 0.587766 0.759824
vt 0.589486 0.751552
vt 0.589486 0.755705
vt 0.589485 0.759825
vt 0.589484 0.763509
vt 0.587765 0.763509
vt 0.587764 0.764093
vt 0.589484 0.764093
vt 0.505333 0.763478
vt 0.507053 0.763477
vt 0.507054 0.764061
vt 0.505334 0.764062
vt 0.505332 0.759793
vt 0.507052 0.759793
vt 0.508980 0.763476
vt 0.508982 0.764059
vt 0.508979 0.759791
vt 0.507052 0.755673
vt 0.508977 0.755672
vt 0.505331 0.755674
vt 0.507051 0.751520
vt 0.508977 0.751518
vt 0.505331 0.751521
vt 0.511312 0.751516
vt 0.511312 0.755669
vt 0.511314 0.759788
vt 0.513801 0.751513
vt 0.513802 0.755666
vt 0.513804 0.759785
vt 0.513807 0.763469
vt 0.511316 0.763472
vt 0.511320 0.764056
vt 0.513812 0.764053
vt 0.514896 0.763468
vt 0.514900 0.764051
vt 0.514893 0.759783
vt 0.515876 0.763470
vt 0.515878 0.764053
vt 0.515875 0.759785
vt 0.514891 0.755663
vt 0.515873 0.755662
vt 0.514890 0.751509
vt 0.515870 0.751505
vt 0.516846 0.751500
vt 0.516852 0.755663
vt 0.516855 0.759789
vt 0.517922 0.751496
vt 0.517929 0.755667
vt 0.520410 0.751490
vt 0.515879 0.764533
vt 0.514873 0.764531
vt 0.790497 0.018715
vt 0.791344 0.019242
vt 0.790970 0.019624
vt 0.790212 0.019164
vt 0.790520 0.020082
vt 0.789857 0.019691
vt 0.789999 0.020604
vt 0.789465 0.020297
vt 0.790311 0.021147
vt 0.789615 0.020989
vt 0.789173 0.020922
vt 0.789688 0.021431
vt 0.789125 0.021481
vt 0.788191 0.021392
vt 0.788244 0.020809
vt 0.786509 0.020793
vt 0.786449 0.021331
vt 0.786284 0.021852
vt 0.784476 0.020729
vt 0.784418 0.021184
vt 0.784320 0.021562
vt 0.785434 0.022924
vt 0.783992 0.022235
vt 0.785207 0.023230
vt 0.783883 0.022494
vt 0.785110 0.023377
vt 0.783818 0.022658
vt 0.782403 0.022235
vt 0.782436 0.022054
vt 0.782478 0.021812
vt 0.780928 0.021909
vt 0.780928 0.021668
vt 0.780928 0.022097
vt 0.780928 0.021277
vt 0.782571 0.021358
vt 0.782616 0.021080
vt 0.780929 0.021037
vt 0.779287 0.021354
vt 0.779243 0.021076
vt 0.779377 0.021809
vt 0.777540 0.021554
vt 0.777444 0.021175
vt 0.777863 0.022230
vt 0.779419 0.022052
vt 0.777972 0.022490
vt 0.779452 0.022232
vt 0.778036 0.022654
vt 0.776741 0.023371
vt 0.776645 0.023224
vt 0.776420 0.022918
vt 0.775476 0.024199
vt 0.775159 0.023882
vt 0.775603 0.024326
vt 0.775580 0.021839
vt 0.773619 0.022327
vt 0.774194 0.025141
vt 0.773137 0.024293
vt 0.774501 0.025366
vt 0.773507 0.026583
vt 0.772852 0.026254
vt 0.773767 0.026690
vt 0.772629 0.024128
vt 0.772684 0.022390
vt 0.772485 0.026155
vt 0.772646 0.028002
vt 0.772379 0.027955
vt 0.773080 0.028096
vt 0.772934 0.029647
vt 0.772564 0.029644
vt 0.772334 0.029643
vt 0.771994 0.027920
vt 0.772034 0.026097
vt 0.771979 0.029641
vt 0.772373 0.031329
vt 0.771988 0.031362
vt 0.772642 0.031285
vt 0.772472 0.033128
vt 0.772020 0.033184
vt 0.772841 0.033032
vt 0.773116 0.034993
vt 0.772606 0.035155
vt 0.772075 0.035211
vt 0.772652 0.036892
vt 0.772077 0.036941
vt 0.773589 0.036958
vt 0.771376 0.033222
vt 0.771403 0.035298
vt 0.771406 0.037109
vt 0.772172 0.037871
vt 0.771544 0.038155
vt 0.772726 0.037821
vt 0.772227 0.038313
vt 0.771834 0.038699
vt 0.772663 0.038379
vt 0.773650 0.037907
vt 0.773591 0.038489
vt 0.775554 0.037447
vt 0.775388 0.037966
vt 0.775326 0.038502
vt 0.777360 0.038564
vt 0.777420 0.038110
vt 0.777519 0.037735
vt 0.775148 0.035411
vt 0.776408 0.036376
vt 0.777851 0.037064
vt 0.779364 0.037489
vt 0.779270 0.037940
vt 0.779223 0.038214
vt 0.780913 0.038021
vt 0.780915 0.037636
vt 0.779188 0.038601
vt 0.779175 0.039213
vt 0.777318 0.039200
vt 0.779172 0.039884
vt 0.777284 0.039872
vt 0.779169 0.040473
vt 0.777250 0.040461
vt 0.779166 0.040975
vt 0.777223 0.040961
vt 0.774880 0.040923
vt 0.774978 0.040425
vt 0.775102 0.039838
vt 0.772721 0.040847
vt 0.772911 0.040366
vt 0.773153 0.039803
vt 0.775224 0.039166
vt 0.773402 0.039154
vt 0.771969 0.039606
vt 0.772363 0.039004
vt 0.771614 0.040123
vt 0.771310 0.039218
vt 0.770934 0.038538
vt 0.770858 0.039665
vt 0.770409 0.038895
vt 0.770745 0.037342
vt 0.770171 0.037589
vt 0.769683 0.037790
vt 0.769963 0.039183
vt 0.770483 0.040035
vt 0.560007 0.764728
vt 0.558913 0.764739
vt 0.557913 0.764742
vt 0.556916 0.764750
vt 0.771328 0.040561
vt 0.555824 0.764753
vt 0.553347 0.764755
vt 0.562478 0.764708
vt 0.769613 0.035639
vt 0.770119 0.035536
vt 0.769582 0.033305
vt 0.770091 0.033282
vt 0.564787 0.764685
vt 0.770692 0.033251
vt 0.770718 0.035409
vt 0.770085 0.031371
vt 0.770686 0.031373
vt 0.771369 0.031373
vt 0.770688 0.029637
vt 0.771370 0.029639
vt 0.770086 0.029632
vt 0.769575 0.029626
vt 0.769574 0.031367
vt 0.568420 0.764650
vt 0.566701 0.764666
vt 0.570139 0.764633
vt 0.769580 0.027885
vt 0.770091 0.027893
vt 0.769595 0.025946
vt 0.770105 0.025983
vt 0.572056 0.764616
vt 0.770692 0.027901
vt 0.770706 0.026024
vt 0.771390 0.026058
vt 0.771375 0.027906
vt 0.772098 0.024070
vt 0.771427 0.023981
vt 0.770741 0.023865
vt 0.772108 0.022340
vt 0.771438 0.022171
vt 0.770777 0.021933
vt 0.770142 0.023728
vt 0.770203 0.021675
vt 0.769636 0.023613
vt 0.769714 0.021461
vt 0.770974 0.020737
vt 0.770448 0.020370
vt 0.770003 0.020068
vt 0.576843 0.764577
vt 0.577940 0.764568
vt 0.574367 0.764595
vt 0.770529 0.019216
vt 0.770903 0.019599
vt 0.578950 0.764564
vt 0.579983 0.764562
vt 0.771378 0.018689
vt 0.771663 0.019139
vt 0.771355 0.020057
vt 0.772016 0.019666
vt 0.772960 0.018895
vt 0.773200 0.019468
vt 0.772771 0.018403
vt 0.773444 0.020121
vt 0.772407 0.020272
vt 0.771877 0.020580
vt 0.773629 0.020787
vt 0.772703 0.020899
vt 0.772268 0.020966
vt 0.771583 0.021125
vt 0.772210 0.021409
vt 0.772763 0.021459
vt 0.773684 0.021373
vt 0.775359 0.020776
vt 0.775418 0.021316
vt 0.777387 0.020718
vt 0.779209 0.020686
vt 0.777347 0.020081
vt 0.775261 0.020111
vt 0.779197 0.020073
vt 0.780929 0.020677
vt 0.780930 0.020073
vt 0.780930 0.019400
vt 0.779196 0.019399
vt 0.777315 0.019406
vt 0.780931 0.018801
vt 0.779194 0.018800
vt 0.777282 0.018808
vt 0.780931 0.018288
vt 0.779192 0.018288
vt 0.777256 0.018296
vt 0.775019 0.018840
vt 0.774923 0.018330
vt 0.775142 0.019436
vt 0.585846 0.764569
vt 0.583532 0.764566
vt 0.581052 0.764563
vt 0.587764 0.764571
vt 0.589483 0.764572
vt 0.507055 0.764540
vt 0.505334 0.764540
vt 0.782672 0.018293
vt 0.782669 0.018805
vt 0.784611 0.018307
vt 0.784584 0.018819
vt 0.508976 0.764538
vt 0.782666 0.019404
vt 0.784550 0.019417
vt 0.784517 0.020092
vt 0.782664 0.020078
vt 0.782651 0.020691
vt 0.786608 0.020128
vt 0.786728 0.019453
vt 0.788428 0.020143
vt 0.788674 0.019491
vt 0.786852 0.018857
vt 0.788914 0.018918
vt 0.786949 0.018348
vt 0.789104 0.018426
vt 0.513776 0.764531
vt 0.511294 0.764534
vt 0.551029 0.764755
vt 0.549109 0.764754
vt 0.547392 0.764753
vt 0.545681 0.764752
vt 0.780915 0.037393
vt 0.779407 0.037244
vt 0.777961 0.036801
vt 0.780915 0.037204
vt 0.779441 0.037062
vt 0.778027 0.036634
vt 0.776733 0.035918
vt 0.776636 0.036067
vt 0.775595 0.034965
vt 0.775468 0.035092
vt 0.774495 0.033923
vt 0.774643 0.033826
vt 0.774186 0.034150
vt 0.773763 0.032597
vt 0.773930 0.032532
vt 0.773502 0.032707
vt 0.773503 0.031119
vt 0.773321 0.031152
vt 0.773078 0.031195
vt 0.773174 0.029645
vt 0.773322 0.028137
vt 0.773363 0.029645
vt 0.773503 0.028170
vt 0.773932 0.026755
vt 0.774649 0.025462
vt 0.774087 0.026821
vt 0.773669 0.028205
vt 0.774785 0.025556
vt 0.775718 0.024445
vt 0.776832 0.023512
vt 0.776925 0.023655
vt 0.775835 0.024567
vt 0.774923 0.025654
vt 0.451761 0.002284
vt 0.451629 0.002152
vt 0.452737 0.001229
vt 0.452840 0.001382
vt 0.450709 0.003258
vt 0.450860 0.003362
vt 0.452080 0.002603
vt 0.451274 0.003608
vt 0.453086 0.001796
vt 0.450023 0.004516
vt 0.450188 0.004586
vt 0.450691 0.004762
vt 0.452133 0.004084
vt 0.451780 0.005117
vt 0.452702 0.003226
vt 0.453169 0.004518
vt 0.453044 0.005443
vt 0.453295 0.003818
vt 0.452954 0.006382
vt 0.451566 0.006209
vt 0.450353 0.006021
vt 0.451495 0.007330
vt 0.450246 0.007330
vt 0.452917 0.007329
vt 0.449797 0.005929
vt 0.449672 0.007330
vt 0.450353 0.008638
vt 0.449797 0.008730
vt 0.451567 0.008450
vt 0.450691 0.009894
vt 0.450188 0.010070
vt 0.451780 0.009540
vt 0.449618 0.008762
vt 0.449486 0.007329
vt 0.450023 0.010137
vt 0.450861 0.011294
vt 0.450710 0.011395
vt 0.451275 0.011048
vt 0.451763 0.012372
vt 0.451632 0.012502
vt 0.452082 0.012053
vt 0.453087 0.012860
vt 0.452841 0.013275
vt 0.452739 0.013423
vt 0.453998 0.014110
vt 0.454066 0.013947
vt 0.454242 0.013444
vt 0.453563 0.012001
vt 0.454596 0.012355
vt 0.452704 0.011431
vt 0.453996 0.010965
vt 0.454921 0.011090
vt 0.453297 0.010838
vt 0.455861 0.011180
vt 0.455687 0.012567
vt 0.455499 0.013780
vt 0.456808 0.012638
vt 0.456808 0.013886
vt 0.456808 0.011216
vt 0.455408 0.014337
vt 0.456808 0.014461
vt 0.458116 0.013780
vt 0.458208 0.014337
vt 0.457929 0.012567
vt 0.459374 0.013444
vt 0.459550 0.013947
vt 0.459021 0.012354
vt 0.458242 0.014514
vt 0.456808 0.014644
vt 0.459618 0.014110
vt 0.460776 0.013273
vt 0.460878 0.013422
vt 0.460530 0.012859
vt 0.461855 0.012371
vt 0.461986 0.012500
vt 0.461536 0.012051
vt 0.462342 0.011047
vt 0.462756 0.011293
vt 0.462907 0.011394
vt 0.463593 0.010136
vt 0.463428 0.010069
vt 0.462925 0.009893
vt 0.461483 0.010571
vt 0.461836 0.009538
vt 0.460914 0.011429
vt 0.460447 0.010137
vt 0.460572 0.009212
vt 0.460321 0.010837
vt 0.460662 0.008273
vt 0.462050 0.008447
vt 0.463263 0.008635
vt 0.462121 0.007325
vt 0.463370 0.007325
vt 0.460699 0.007326
vt 0.463819 0.008726
vt 0.463944 0.007325
vt 0.463263 0.006017
vt 0.463819 0.005926
vt 0.462050 0.006205
vt 0.462925 0.004761
vt 0.463428 0.004585
vt 0.461836 0.005115
vt 0.463998 0.005890
vt 0.464130 0.007324
vt 0.463593 0.004515
vt 0.462755 0.003361
vt 0.462906 0.003257
vt 0.462341 0.003607
vt 0.461854 0.002283
vt 0.461985 0.002150
vt 0.461534 0.002602
vt 0.460529 0.001795
vt 0.460775 0.001380
vt 0.460878 0.001228
vt 0.459619 0.000541
vt 0.459550 0.000708
vt 0.459374 0.001211
vt 0.460053 0.002654
vt 0.459020 0.002300
vt 0.460912 0.003224
vt 0.459620 0.003690
vt 0.458695 0.003565
vt 0.460320 0.003816
vt 0.457755 0.003475
vt 0.457929 0.002088
vt 0.458117 0.000875
vt 0.456808 0.002017
vt 0.456808 0.000768
vt 0.456808 0.003439
vt 0.458208 0.000318
vt 0.456808 0.000194
vt 0.455500 0.000875
vt 0.455408 0.000318
vt 0.455687 0.002088
vt 0.454242 0.001211
vt 0.454066 0.000708
vt 0.454596 0.002301
vt 0.455374 0.000138
vt 0.456808 0.000007
vt 0.453997 0.000541
vt 0.778163 0.022973
vt 0.778098 0.022812
vt 0.779515 0.022572
vt 0.779484 0.022401
vt 0.780927 0.022269
vt 0.780927 0.022441
vt 0.782339 0.022574
vt 0.782371 0.022404
vt 0.458243 0.000138
vt 0.783691 0.022978
vt 0.783756 0.022816
vt 0.784926 0.023660
vt 0.785020 0.023517
vt 0.786132 0.024451
vt 0.786015 0.024573
vt 0.786926 0.025662
vt 0.787064 0.025565
vt 0.787760 0.026831
vt 0.787605 0.026899
vt 0.788177 0.028213
vt 0.788010 0.028249
vt 0.788310 0.029656
vt 0.788141 0.029660
vt 0.788008 0.031073
vt 0.788173 0.031100
vt 0.788338 0.031127
vt 0.463998 0.008759
vt 0.787601 0.032425
vt 0.787755 0.032484
vt 0.786919 0.033659
vt 0.787058 0.033748
vt 0.787909 0.032542
vt 0.787194 0.033835
vt 0.786241 0.034972
vt 0.786125 0.034860
vt 0.786006 0.034745
vt 0.784917 0.035659
vt 0.785010 0.035791
vt 0.785100 0.035924
vt 0.786368 0.035099
vt 0.785198 0.036072
vt 0.787343 0.033932
vt 0.783870 0.036806
vt 0.783805 0.036639
vt 0.783978 0.037069
vt 0.782390 0.037064
vt 0.782423 0.037247
vt 0.782465 0.037492
vt 0.782359 0.036902
vt 0.783744 0.036490
vt 0.780916 0.037037
vt 0.779472 0.036900
vt 0.779504 0.036739
vt 0.780916 0.036871
vt 0.782328 0.036742
vt 0.455374 0.014514
vt 0.778151 0.036338
vt 0.778088 0.036486
vt 0.776917 0.035653
vt 0.776824 0.035786
vt 0.775711 0.034853
vt 0.775830 0.034739
vt 0.774918 0.033651
vt 0.774780 0.033740
vt 0.774084 0.032474
vt 0.774238 0.032415
vt 0.773668 0.031092
vt 0.773832 0.031065
vt 0.773534 0.029649
vt 0.773703 0.029654
vt 0.773835 0.028241
vt 0.449618 0.005894
vt 0.774243 0.026889
vt 0.783681 0.036342
vt 0.788076 0.032607
vt 0.455861 0.003475
vt 0.454921 0.003566
vt 0.455910 0.004554
vt 0.455011 0.004595
vt 0.456808 0.004534
vt 0.457706 0.004554
vt 0.456808 0.005465
vt 0.455896 0.005479
vt 0.457720 0.005478
vt 0.458604 0.004594
vt 0.458631 0.005505
vt 0.459502 0.004634
vt 0.459543 0.005531
vt 0.460446 0.004516
vt 0.460572 0.005440
vt 0.460662 0.006379
vt 0.459583 0.006429
vt 0.458658 0.006416
vt 0.459603 0.007326
vt 0.458672 0.007327
vt 0.457733 0.006402
vt 0.457740 0.007327
vt 0.458658 0.008238
vt 0.457733 0.008251
vt 0.459583 0.008224
vt 0.458632 0.009149
vt 0.457720 0.009176
vt 0.459543 0.009122
vt 0.456808 0.008259
vt 0.456808 0.007327
vt 0.456808 0.009190
vt 0.457706 0.010100
vt 0.456808 0.010121
vt 0.458605 0.010060
vt 0.457755 0.011179
vt 0.458695 0.011089
vt 0.455910 0.010101
vt 0.455896 0.009177
vt 0.454985 0.009150
vt 0.455012 0.010061
vt 0.454114 0.010021
vt 0.454073 0.009124
vt 0.453170 0.010139
vt 0.453044 0.009215
vt 0.452954 0.008276
vt 0.454033 0.008226
vt 0.454958 0.008239
vt 0.454013 0.007329
vt 0.454944 0.007328
vt 0.455876 0.007328
vt 0.455883 0.008252
vt 0.456808 0.006396
vt 0.455883 0.006403
vt 0.454958 0.006417
vt 0.454985 0.005506
vt 0.454033 0.006431
vt 0.454073 0.005533
vt 0.454113 0.004635
vt 0.453995 0.003692
vt 0.453562 0.002656
vt 0.452134 0.010572
vt 0.459621 0.010963
vt 0.459503 0.010019
vt 0.460054 0.011999
vt 0.461482 0.004082
vt 0.543776 0.764752
vt 0.541474 0.764751
vt 0.539029 0.764748
vt 0.537968 0.764744
vt 0.536904 0.764737
vt 0.535839 0.764724
vt 0.534762 0.764719
vt 0.532329 0.764695
s 1
f 1/1/1 2/2/2 151/3/2 3/4/1
f 4/5/3 1/1/1 3/4/1 6/6/3
f 5/7/4 4/5/3 6/6/3 7/8/4
f 8/9/3 11/10/4 7/8/4 6/6/3
f 9/11/1 8/9/3 6/6/3 3/4/1
f 143/12/1 10/13/3 8/9/3 9/11/1
f 13/14/4 11/10/4 8/9/3 10/13/3
f 13/14/4 15/15/5 12/16/5 11/10/4
f 11/10/4 12/16/5 341/17/5 7/8/4
f 15/15/5 13/14/4 14/18/6 17/19/8
f 14/18/6 13/14/4 10/13/3 140/20/113
f 15/15/5 16/21/7 338/22/7 12/16/5
f 16/21/7 15/15/5 17/19/8 19/23/10
f 18/24/9 21/25/12 19/23/10 17/19/8
f 141/26/114 18/24/9 17/19/8 14/18/6
f 16/21/7 19/23/10 20/27/11 339/28/188
f 19/23/10 21/25/12 22/29/13 20/27/11
f 21/30/12 23/31/14 24/32/15 22/33/13
f 23/31/14 21/30/12 18/34/9 26/35/17
f 23/31/14 25/36/16 351/37/196 24/32/15
f 25/36/16 23/31/14 26/35/17 28/38/19
f 27/39/18 29/40/20 28/38/19 26/35/17
f 141/41/114 27/39/18 26/35/17 18/34/9
f 29/40/20 33/42/24 30/43/21 28/38/19
f 31/44/22 25/36/16 28/38/19 30/43/21
f 357/45/201 31/44/22 30/43/21 32/46/23
f 33/42/24 34/47/25 32/46/23 30/43/21
f 34/47/25 33/42/24 35/48/26 38/49/25
f 33/42/24 29/40/20 37/50/28 35/48/26
f 36/51/27 39/52/25 38/49/25 35/48/26
f 135/53/108 36/51/27 35/48/26 37/50/28
f 39/52/25 41/54/25 40/55/25 38/49/25
f 43/56/25 34/47/25 38/49/25 40/55/25
f 41/54/25 63/57/49 42/58/29 40/55/25
f 44/59/30 43/56/25 40/55/25 42/58/29
f 43/56/25 44/59/30 47/60/33 45/61/31
f 34/47/25 43/56/25 45/61/31 32/46/23
f 46/62/32 357/45/201 32/46/23 45/61/31
f 48/63/34 46/62/32 45/61/31 47/60/33
f 48/63/34 47/60/33 49/64/35 51/65/37
f 44/59/30 50/66/36 49/64/35 47/60/33
f 50/66/36 55/67/41 52/68/38 49/64/35
f 53/69/39 51/65/37 49/64/35 52/68/38
f 745/70/481 53/69/39 52/68/38 54/71/40
f 55/67/41 56/72/42 54/71/40 52/68/38
f 58/73/44 56/72/42 55/67/41 57/74/43
f 50/66/36 60/75/46 57/74/43 55/67/41
f 750/76/486 58/73/44 57/74/43 59/77/45
f 60/75/46 61/78/47 59/77/45 57/74/43
f 44/59/30 42/58/29 60/75/46 50/66/36
f 63/57/49 61/78/47 60/75/46 42/58/29
f 62/79/48 61/78/47 63/57/49 64/80/50
f 61/78/47 62/79/48 794/81/530 59/77/45
f 64/80/50 63/57/49 41/54/25 66/82/25
f 795/83/531 62/79/48 64/80/50 65/84/51
f 65/84/51 64/80/50 66/82/25 68/85/25
f 67/86/25 69/87/25 68/85/25 66/82/25
f 39/52/25 67/86/25 66/82/25 41/54/25
f 69/87/25 71/88/53 70/89/52 68/85/25
f 73/90/55 65/84/51 68/85/25 70/89/52
f 71/88/53 888/91/537 72/92/54 70/89/52
f 75/93/57 73/90/55 70/89/52 72/92/54
f 74/94/56 795/83/531 65/84/51 73/90/55
f 76/95/58 74/94/56 73/90/55 75/93/57
f 76/95/58 75/93/57 77/96/59 765/97/501
f 75/93/57 78/98/60 81/99/63 77/96/59
f 75/93/57 72/92/54 80/100/62 78/98/60
f 78/98/60 79/101/61 82/102/61 81/99/63
f 111/103/25 79/101/61 78/98/60 80/100/62
f 83/104/25 84/105/64 77/96/59 81/99/63
f 86/106/25 83/104/25 81/99/63 82/102/61
f 84/105/64 83/104/25 85/107/25 771/108/507
f 83/104/25 86/106/25 88/109/25 85/107/25
f 87/110/65 86/106/25 82/102/61 110/111/85
f 86/106/25 87/110/65 90/112/66 88/109/25
f 89/113/25 445/114/25 85/107/25 88/109/25
f 91/115/66 89/113/25 88/109/25 90/112/66
f 93/116/68 91/115/66 90/112/66 92/117/67
f 87/110/65 94/118/69 92/117/67 90/112/66
f 96/119/71 93/116/68 92/117/67 95/120/70
f 94/118/69 98/121/73 95/120/70 92/117/67
f 581/122/384 96/119/71 95/120/70 97/123/72
f 98/121/73 99/124/74 97/123/72 95/120/70
f 99/124/74 98/121/73 100/125/75 101/126/76
f 98/121/73 94/118/69 102/127/77 100/125/75
f 103/128/78 104/129/79 101/126/76 100/125/75
f 106/130/81 103/128/78 100/125/75 102/127/77
f 104/129/79 103/128/78 105/131/80 884/132/534
f 103/128/78 106/130/81 107/133/82 105/131/80
f 106/130/81 108/134/83 109/135/84 107/133/82
f 108/134/83 106/130/81 102/127/77 110/111/85
f 108/134/83 79/101/61 111/103/25 109/135/84
f 79/101/61 108/134/83 110/111/85 82/102/61
f 94/118/69 87/110/65 110/111/85 102/127/77
f 112/136/86 115/137/88 107/133/82 109/135/84
f 114/138/25 112/136/86 109/135/84 111/103/25
f 116/139/89 115/137/88 112/136/86 113/140/87
f 114/138/25 889/141/538 113/140/87 112/136/86
f 115/137/88 116/139/89 119/142/92 117/143/90
f 115/137/88 117/143/90 105/131/80 107/133/82
f 117/143/90 118/144/91 884/132/534 105/131/80
f 120/145/93 118/144/91 117/143/90 119/142/92
f 122/146/95 120/145/93 119/142/92 121/147/94
f 116/139/89 123/148/96 121/147/94 119/142/92
f 125/149/98 122/146/95 121/147/94 124/150/97
f 123/148/96 127/151/100 124/150/97 121/147/94
f 887/152/536 125/149/98 124/150/97 126/153/99
f 127/151/100 128/154/101 126/153/99 124/150/97
f 128/154/101 127/151/100 129/155/102 131/156/104
f 127/151/100 123/148/96 130/157/103 129/155/102
f 71/88/53 69/87/25 131/156/104 129/155/102
f 888/91/537 71/88/53 129/155/102 130/157/103
f 69/87/25 67/86/25 132/158/105 131/156/104
f 133/159/106 128/154/101 131/156/104 132/158/105
f 67/86/25 39/52/25 36/51/27 132/158/105
f 135/53/108 133/159/106 132/158/105 36/51/27
f 128/154/101 133/159/106 134/160/107 126/153/99
f 133/159/106 135/53/108 136/161/109 134/160/107
f 136/161/109 135/53/108 37/50/28 138/162/111
f 137/163/110 145/164/117 134/160/107 136/161/109
f 137/163/110 136/161/109 138/162/111 139/165/112
f 27/39/18 141/41/114 139/165/112 138/162/111
f 29/40/20 27/39/18 138/162/111 37/50/28
f 142/166/115 137/167/110 139/168/112 140/20/113
f 141/26/114 14/18/6 140/20/113 139/168/112
f 143/12/1 142/166/115 140/20/113 10/13/3
f 143/12/1 147/169/2 144/170/116 142/166/115
f 145/171/117 137/167/110 142/166/115 144/170/116
f 887/172/536 145/171/117 144/170/116 146/173/118
f 147/169/2 148/174/119 146/173/118 144/170/116
f 147/169/2 143/12/1 9/11/1 149/175/2
f 148/174/119 147/169/2 149/175/2 150/176/119
f 150/176/119 149/175/2 151/3/2 152/177/119
f 149/175/2 9/11/1 3/4/1 151/3/2
f 2/2/2 153/178/119 152/177/119 151/3/2
f 153/178/119 155/179/120 154/180/120 152/177/119
f 157/181/120 150/176/119 152/177/119 154/180/120
f 155/179/120 886/182/121 156/183/121 154/180/120
f 158/184/121 157/181/120 154/180/120 156/183/121
f 161/185/121 159/186/120 157/181/120 158/184/121
f 148/174/119 150/176/119 157/181/120 159/186/120
f 146/173/118 148/174/119 159/186/120 160/187/122
f 161/185/121 162/188/123 160/187/122 159/186/120
f 162/188/123 161/185/121 163/189/124 164/190/125
f 161/185/121 158/184/121 166/191/124 163/189/124
f 165/192/126 885/193/535 164/190/125 163/189/124
f 167/194/126 165/192/126 163/189/124 166/191/124
f 167/194/126 166/191/124 168/195/124 170/196/126
f 166/191/124 158/184/121 156/183/121 168/195/124
f 169/197/124 171/198/126 170/196/126 168/195/124
f 886/182/121 169/197/124 168/195/124 156/183/121
f 171/198/126 173/199/127 172/200/127 170/196/126
f 175/201/127 167/194/126 170/196/126 172/200/127
f 173/199/127 883/202/128 174/203/128 172/200/127
f 176/204/128 175/201/127 172/200/127 174/203/128
f 176/204/128 179/205/128 177/206/127 175/201/127
f 165/192/126 167/194/126 175/201/127 177/206/127
f 885/193/535 165/192/126 177/206/127 178/207/129
f 179/205/128 180/208/130 178/207/129 177/206/127
f 179/205/128 181/209/131 182/210/132 180/208/130
f 181/209/131 179/205/128 176/204/128 184/211/131
f 181/209/131 183/212/133 882/213/533 182/210/132
f 183/212/133 181/209/131 184/211/131 185/214/133
f 185/214/133 184/211/131 186/215/131 188/216/133
f 184/211/131 176/204/128 174/203/128 186/215/131
f 187/217/131 189/218/133 188/216/133 186/215/131
f 883/202/128 187/217/131 186/215/131 174/203/128
f 189/218/133 191/219/134 190/220/134 188/216/133
f 193/221/134 185/214/133 188/216/133 190/220/134
f 191/219/134 881/222/135 192/223/135 190/220/134
f 194/224/135 193/221/134 190/220/134 192/223/135
f 197/225/135 195/226/134 193/221/134 194/224/135
f 183/212/133 185/214/133 193/221/134 195/226/134
f 882/213/533 183/212/133 195/226/134 196/227/136
f 197/225/135 198/228/137 196/227/136 195/226/134
f 197/225/135 199/229/138 200/230/139 198/228/137
f 199/229/138 197/225/135 194/224/135 202/231/138
f 199/229/138 201/232/140 580/233/383 200/230/139
f 201/232/140 199/229/138 202/231/138 203/234/140
f 203/234/140 202/231/138 204/235/138 206/236/140
f 202/231/138 194/224/135 192/223/135 204/235/138
f 205/237/138 207/238/140 206/236/140 204/235/138
f 881/222/135 205/237/138 204/235/138 192/223/135
f 207/238/140 209/239/135 208/240/135 206/236/140
f 211/241/135 203/234/140 206/236/140 208/240/135
f 209/239/135 880/242/141 210/243/141 208/240/135
f 212/244/141 211/241/135 208/240/135 210/243/141
f 215/245/141 213/246/135 211/241/135 212/244/141
f 201/232/140 203/234/140 211/241/135 213/246/135
f 580/233/383 201/232/140 213/246/135 214/247/142
f 215/245/141 216/248/143 214/247/142 213/246/135
f 216/248/143 215/245/141 217/249/144 218/250/145
f 215/245/141 212/244/141 220/251/144 217/249/144
f 219/252/146 474/253/291 218/250/145 217/249/144
f 221/254/146 219/252/146 217/249/144 220/251/144
f 221/254/146 220/251/144 222/255/144 224/256/146
f 220/251/144 212/244/141 210/243/141 222/255/144
f 223/257/144 225/258/146 224/256/146 222/255/144
f 880/242/141 223/257/144 222/255/144 210/243/141
f 225/258/146 227/259/147 226/260/147 224/256/146
f 229/261/147 221/254/146 224/256/146 226/260/147
f 227/259/147 879/262/148 228/263/148 226/260/147
f 230/264/148 229/261/147 226/260/147 228/263/148
f 230/264/148 233/265/148 231/266/147 229/261/147
f 219/252/146 221/254/146 229/261/147 231/266/147
f 474/253/291 219/252/146 231/266/147 232/267/149
f 233/265/148 234/268/150 232/267/149 231/266/147
f 233/265/148 235/269/151 236/270/152 234/268/150
f 235/269/151 233/265/148 230/264/148 238/271/151
f 235/269/151 237/272/151 579/273/382 236/270/152
f 235/269/151 238/271/151 239/274/151 237/272/151
f 239/274/151 238/271/151 240/275/151 242/276/151
f 238/271/151 230/264/148 228/263/148 240/275/151
f 241/277/151 243/278/151 242/276/151 240/275/151
f 879/262/148 241/277/151 240/275/151 228/263/148
f 243/278/151 245/279/153 244/280/153 242/276/151
f 247/281/153 239/274/151 242/276/151 244/280/153
f 245/279/153 878/282/154 246/283/154 244/280/153
f 248/284/154 247/281/153 244/280/153 246/283/154
f 251/285/154 249/286/153 247/281/153 248/284/154
f 237/272/151 239/274/151 247/281/153 249/286/153
f 579/273/382 237/272/151 249/286/153 250/287/155
f 251/285/154 252/288/156 250/287/155 249/286/153
f 251/285/154 253/289/157 254/290/158 252/288/156
f 253/289/157 251/285/154 248/284/154 256/291/157
f 253/289/157 255/292/159 578/293/381 254/290/158
f 253/289/157 256/291/157 257/294/159 255/292/159
f 257/294/159 256/291/157 258/295/157 260/296/159
f 256/291/157 248/284/154 246/283/154 258/295/157
f 259/297/157 261/298/159 260/296/159 258/295/157
f 878/282/154 259/297/157 258/295/157 246/283/154
f 261/298/159 263/299/159 262/300/159 260/296/159
f 265/301/159 257/294/159 260/296/159 262/300/159
f 263/299/159 877/302/160 264/303/160 262/300/159
f 266/304/160 265/301/159 262/300/159 264/303/160
f 269/305/160 267/306/159 265/301/159 266/304/160
f 255/292/159 257/294/159 265/301/159 267/306/159
f 578/293/381 255/292/159 267/306/159 268/307/161
f 269/305/160 270/308/162 268/307/161 267/306/159
f 270/308/162 269/305/160 271/309/163 272/310/164
f 269/305/160 266/304/160 274/311/163 271/309/163
f 273/312/165 514/313/329 272/310/164 271/309/163
f 275/314/165 273/312/165 271/309/163 274/311/163
f 275/314/165 274/311/163 276/315/163 278/316/166
f 274/311/163 266/304/160 264/303/160 276/315/163
f 277/317/163 279/318/166 278/316/166 276/315/163
f 877/302/160 277/317/163 276/315/163 264/303/160
f 279/318/166 281/319/167 280/320/167 278/316/166
f 283/321/167 275/314/165 278/316/166 280/320/167
f 281/319/167 876/322/168 282/323/168 280/320/167
f 284/324/168 283/321/167 280/320/167 282/323/168
f 284/324/168 287/325/168 285/326/167 283/321/167
f 273/312/165 275/314/165 283/321/167 285/326/167
f 514/313/329 273/312/165 285/326/167 286/327/169
f 287/325/168 288/328/170 286/327/169 285/326/167
f 287/325/168 289/329/171 290/330/172 288/328/170
f 289/329/171 287/325/168 284/324/168 292/331/171
f 289/329/171 291/332/173 556/333/362 290/330/172
f 291/332/173 289/329/171 292/331/171 293/334/173
f 293/334/173 292/331/171 294/335/171 296/336/173
f 292/331/171 284/324/168 282/323/168 294/335/171
f 295/337/171 297/338/173 296/336/173 294/335/171
f 876/322/168 295/337/171 294/335/171 282/323/168
f 297/338/173 299/339/174 298/340/174 296/336/173
f 301/341/174 293/334/173 296/336/173 298/340/174
f 299/339/174 875/342/171 300/343/171 298/340/174
f 302/344/175 301/341/174 298/340/174 300/343/171
f 305/345/175 303/346/174 301/341/174 302/344/175
f 291/332/173 293/334/173 301/341/174 303/346/174
f 556/333/362 291/332/173 303/346/174 304/347/176
f 305/345/175 306/348/177 304/347/176 303/346/174
f 305/349/175 307/350/178 308/351/179 306/352/177
f 307/350/178 305/349/175 302/353/175 310/354/178
f 307/350/178 309/355/180 576/356/379 308/351/179
f 309/355/180 307/350/178 310/354/178 311/357/180
f 311/357/180 310/354/178 312/358/178 314/359/180
f 310/354/178 302/353/175 300/360/171 312/358/178
f 313/361/178 315/362/180 314/359/180 312/358/178
f 875/363/171 313/361/178 312/358/178 300/360/171
f 315/362/180 317/364/181 316/365/181 314/359/180
f 319/366/181 311/357/180 314/359/180 316/365/181
f 317/364/181 343/367/182 318/368/182 316/365/181
f 320/369/182 319/366/181 316/365/181 318/368/182
f 323/370/182 321/371/181 319/366/181 320/369/182
f 309/355/180 311/357/180 319/366/181 321/371/181
f 576/356/379 309/355/180 321/371/181 322/372/183
f 323/370/182 324/373/184 322/372/183 321/371/181
f 324/373/184 323/370/182 325/374/185 326/375/186
f 323/370/182 320/369/182 328/376/185 325/374/185
f 327/377/187 344/378/189 326/375/186 325/374/185
f 329/379/187 327/377/187 325/374/185 328/376/185
f 329/379/187 328/376/185 330/380/185 332/381/187
f 328/376/185 320/369/182 318/368/182 330/380/185
f 331/382/185 333/383/187 332/381/187 330/380/185
f 343/367/182 331/382/185 330/380/185 318/368/182
f 333/383/187 335/384/188 334/385/188 332/381/187
f 337/386/188 329/379/187 332/381/187 334/385/188
f 335/384/188 340/387/7 336/388/7 334/385/188
f 338/22/7 337/386/188 334/385/188 336/388/7
f 338/22/7 16/21/7 339/28/188 337/386/188
f 327/377/187 329/379/187 337/386/188 339/28/188
f 344/378/189 327/377/187 339/28/188 20/27/11
f 12/16/5 338/22/7 336/388/7 341/17/5
f 340/387/7 342/389/5 341/17/5 336/388/7
f 342/389/5 5/7/4 7/8/4 341/17/5
f 344/378/189 345/390/190 346/391/191 326/375/186
f 345/390/190 344/378/189 20/27/11 22/29/13
f 346/392/191 345/393/190 347/394/192 348/395/193
f 347/394/192 345/393/190 22/33/13 24/32/15
f 349/396/194 350/397/195 348/395/193 347/394/192
f 349/396/194 347/394/192 24/32/15 351/37/196
f 350/397/195 349/396/194 352/398/197 353/399/198
f 352/398/197 349/396/194 351/37/196 355/400/199
f 354/401/25 359/402/25 353/399/198 352/398/197
f 354/401/25 352/398/197 355/400/199 356/403/200
f 31/44/22 357/45/201 356/403/200 355/400/199
f 25/36/16 31/44/22 355/400/199 351/37/196
f 356/403/200 357/45/201 46/62/32 358/404/202
f 354/401/25 356/403/200 358/404/202 359/402/25
f 360/405/203 361/406/204 359/402/25 358/404/202
f 48/63/34 360/405/203 358/404/202 46/62/32
f 363/407/206 361/406/204 360/405/203 362/408/205
f 48/63/34 365/409/207 362/408/205 360/405/203
f 567/410/25 363/407/206 362/408/205 364/411/25
f 365/409/207 366/412/208 364/411/25 362/408/205
f 51/65/37 367/413/209 365/409/207 48/63/34
f 367/413/209 368/414/210 366/412/208 365/409/207
f 368/414/210 367/413/209 369/415/211 371/416/213
f 367/413/209 51/65/37 53/69/39 369/415/211
f 370/417/212 372/418/214 371/416/213 369/415/211
f 745/70/481 370/417/212 369/415/211 53/69/39
f 371/416/213 372/418/214 375/419/217 373/420/215
f 368/414/210 371/416/213 373/420/215 376/421/218
f 374/422/216 377/423/219 376/421/218 373/420/215
f 737/424/473 374/422/216 373/420/215 375/419/217
f 376/421/218 377/423/219 380/425/221 378/426/220
f 376/421/218 378/426/220 366/412/208 368/414/210
f 366/412/208 378/426/220 379/427/25 364/411/25
f 378/426/220 380/425/221 381/428/25 379/427/25
f 381/428/25 380/425/221 382/429/222 383/430/25
f 380/425/221 377/423/219 385/431/224 382/429/222
f 384/432/223 536/433/25 383/430/25 382/429/222
f 384/432/223 382/429/222 385/431/224 386/434/225
f 386/434/225 385/431/224 387/435/226 389/436/228
f 385/431/224 377/423/219 374/422/216 387/435/226
f 388/437/227 390/438/229 389/436/228 387/435/226
f 737/424/473 388/437/227 387/435/226 374/422/216
f 389/436/228 390/438/229 393/439/232 391/440/230
f 386/434/225 389/436/228 391/440/230 394/441/233
f 392/442/231 396/443/235 394/441/233 391/440/230
f 611/444/414 392/442/231 391/440/230 393/439/232
f 384/432/223 386/434/225 394/441/233 395/445/234
f 396/443/235 397/446/236 395/445/234 394/441/233
f 398/447/237 401/448/240 397/446/236 396/443/235
f 398/447/237 396/443/235 392/442/231 400/449/239
f 398/447/237 399/450/238 403/451/241 401/448/240
f 399/450/238 398/447/237 400/449/239 606/452/409
f 397/446/236 401/448/240 402/453/52 532/454/345
f 401/448/240 403/451/241 404/455/25 402/453/52
f 403/451/241 405/456/242 408/457/25 404/455/25
f 399/450/238 406/458/243 405/456/242 403/451/241
f 406/458/243 601/459/404 407/460/244 405/456/242
f 405/456/242 407/460/244 410/461/25 408/457/25
f 409/462/25 501/463/25 404/455/25 408/457/25
f 411/464/25 409/462/25 408/457/25 410/461/25
f 411/464/25 410/461/25 412/465/25 413/466/25
f 410/461/25 407/460/244 414/467/245 412/465/25
f 415/468/25 417/469/25 413/466/25 412/465/25
f 416/470/246 415/468/25 412/465/25 414/467/245
f 415/468/25 416/470/246 420/471/249 418/472/247
f 417/469/25 415/468/25 418/472/247 421/473/23
f 419/474/248 423/475/201 421/473/23 418/472/247
f 431/476/256 419/474/248 418/472/247 420/471/249
f 484/477/301 417/469/25 421/473/23 422/478/250
f 423/475/201 424/479/251 422/478/250 421/473/23
f 424/479/251 423/475/201 425/480/252 426/481/253
f 425/480/252 423/475/201 419/474/248 428/482/254
f 427/483/25 464/484/281 426/481/253 425/480/252
f 427/483/25 425/480/252 428/482/254 429/485/25
f 430/486/255 432/487/204 429/485/25 428/482/254
f 431/476/256 430/486/255 428/482/254 419/474/248
f 431/476/256 436/488/258 433/489/257 430/486/255
f 434/490/206 432/487/204 430/486/255 433/489/257
f 446/491/25 434/490/206 433/489/257 435/492/25
f 436/488/258 438/493/260 435/492/25 433/489/257
f 431/476/256 592/494/395 437/495/259 436/488/258
f 439/496/261 438/493/260 436/488/258 437/495/259
f 442/497/264 440/498/262 438/493/260 439/496/261
f 438/493/260 440/498/262 443/499/25 435/492/25
f 440/498/262 441/500/263 445/114/25 443/499/25
f 442/497/264 582/501/385 441/500/263 440/498/262
f 444/502/25 446/491/25 435/492/25 443/499/25
f 89/113/25 444/502/25 443/499/25 445/114/25
f 445/114/25 441/500/263 771/108/507 85/107/25
f 446/491/25 444/502/25 447/503/265 448/504/265
f 444/502/25 89/113/25 91/115/66 447/503/265
f 449/505/266 450/506/267 448/504/265 447/503/265
f 93/116/68 449/505/266 447/503/265 91/115/66
f 450/506/267 449/505/266 451/507/268 453/508/270
f 449/505/266 93/116/68 96/119/71 451/507/268
f 452/509/269 454/510/271 453/508/270 451/507/268
f 581/122/384 452/509/269 451/507/268 96/119/71
f 454/510/271 456/511/273 455/512/272 453/508/270
f 458/513/275 450/506/267 453/508/270 455/512/272
f 456/511/273 476/514/293 457/515/274 455/512/272
f 460/516/277 458/513/275 455/512/272 457/515/274
f 450/506/267 458/513/275 459/517/276 448/504/265
f 458/513/275 460/516/277 462/518/279 459/517/276
f 460/516/277 461/519/278 463/520/280 462/518/279
f 461/519/278 460/516/277 457/515/274 477/521/294
f 432/487/204 434/490/206 459/517/276 462/518/279
f 429/485/25 432/487/204 462/518/279 463/520/280
f 427/483/25 429/485/25 463/520/280 464/484/281
f 461/519/278 465/522/282 464/484/281 463/520/280
f 464/484/281 465/522/282 467/523/284 426/481/253
f 465/522/282 461/519/278 477/521/294 466/524/283
f 465/522/282 466/524/283 469/525/286 467/523/284
f 468/526/285 424/479/251 426/481/253 467/523/284
f 470/527/287 468/526/285 467/523/284 469/525/286
f 472/528/289 470/527/287 469/525/286 471/529/288
f 466/524/283 473/530/290 471/529/288 469/525/286
f 234/268/150 472/531/289 471/532/288 232/267/149
f 473/533/290 474/253/291 232/267/149 471/532/288
f 474/253/291 473/533/290 475/534/292 218/250/145
f 475/535/292 473/530/290 466/524/283 477/521/294
f 476/536/293 216/248/143 218/250/145 475/534/292
f 476/514/293 475/535/292 477/521/294 457/515/274
f 216/248/143 476/536/293 456/537/273 214/247/142
f 478/538/295 472/531/289 234/268/150 236/270/152
f 470/527/287 472/528/289 478/539/295 480/540/297
f 479/541/296 481/542/298 480/540/297 478/539/295
f 479/543/296 478/538/295 236/270/152 579/273/382
f 481/542/298 483/544/300 482/545/299 480/540/297
f 468/526/285 470/527/287 480/540/297 482/545/299
f 483/544/300 484/477/301 422/478/250 482/545/299
f 424/479/251 468/526/285 482/545/299 422/478/250
f 483/544/300 481/542/298 488/546/305 485/547/302
f 484/477/301 483/544/300 485/547/302 486/548/303
f 487/549/304 500/550/317 486/548/303 485/547/302
f 489/551/306 487/549/304 485/547/302 488/546/305
f 491/552/308 489/551/306 488/546/305 490/553/307
f 481/542/298 479/541/296 490/553/307 488/546/305
f 252/288/156 491/554/308 490/555/307 250/287/155
f 479/543/296 579/273/382 250/287/155 490/555/307
f 492/556/309 491/554/308 252/288/156 254/290/158
f 491/552/308 492/557/309 494/558/311 489/551/306
f 492/557/309 493/559/310 495/560/312 494/558/311
f 493/561/310 492/556/309 254/290/158 578/293/381
f 496/562/313 487/549/304 489/551/306 494/558/311
f 497/563/314 496/562/313 494/558/311 495/560/312
f 496/562/313 497/563/314 499/564/316 498/565/315
f 487/549/304 496/562/313 498/565/315 500/550/317
f 409/462/25 411/464/25 500/550/317 498/565/315
f 501/463/25 409/462/25 498/565/315 499/564/316
f 500/550/317 411/464/25 413/466/25 486/548/303
f 503/566/52 501/463/25 499/564/316 502/567/318
f 497/563/314 505/568/320 502/567/318 499/564/316
f 529/569/342 503/566/52 502/567/318 504/570/319
f 505/568/320 506/571/321 504/570/319 502/567/318
f 505/568/320 497/563/314 495/560/312 507/572/322
f 506/571/321 505/568/320 507/572/322 509/573/324
f 508/574/323 511/575/326 509/573/324 507/572/322
f 493/559/310 508/574/323 507/572/322 495/560/312
f 577/576/380 506/571/321 509/573/324 510/577/325
f 511/575/326 512/578/327 510/577/325 509/573/324
f 511/579/326 270/308/162 272/310/164 512/580/327
f 270/308/162 511/579/326 508/581/323 268/307/161
f 512/578/327 513/582/328 516/583/331 510/577/325
f 514/313/329 513/584/328 512/580/327 272/310/164
f 513/584/328 514/313/329 286/327/169 515/585/330
f 516/583/331 513/582/328 515/586/330 518/587/333
f 517/588/332 577/576/380 510/577/325 516/583/331
f 517/588/332 516/583/331 518/587/333 520/589/335
f 519/590/334 521/591/336 520/589/335 518/587/333
f 555/592/361 519/590/334 518/587/333 515/586/330
f 521/591/336 523/593/338 522/594/337 520/589/335
f 525/595/339 517/588/332 520/589/335 522/594/337
f 523/593/338 533/596/61 524/597/25 522/594/337
f 527/598/25 525/595/339 522/594/337 524/597/25
f 577/576/380 517/588/332 525/595/339 526/599/340
f 527/598/25 528/600/341 526/599/340 525/595/339
f 527/598/25 524/597/25 530/601/343 528/600/341
f 528/600/341 529/569/342 504/570/319 526/599/340
f 532/454/345 529/569/342 528/600/341 530/601/343
f 524/597/25 533/596/61 531/602/344 530/601/343
f 397/446/236 532/454/345 530/601/343 531/602/344
f 503/566/52 529/569/342 532/454/345 402/453/52
f 531/602/344 533/596/61 535/603/61 534/604/346
f 397/446/236 531/602/344 534/604/346 395/445/234
f 536/433/25 384/432/223 395/445/234 534/604/346
f 537/605/25 536/433/25 534/604/346 535/603/61
f 536/433/25 537/605/25 539/606/25 383/430/25
f 538/607/347 537/605/25 535/603/61 554/608/360
f 537/605/25 538/607/347 541/609/347 539/606/25
f 540/610/25 381/428/25 383/430/25 539/606/25
f 542/611/348 540/610/25 539/606/25 541/609/347
f 544/612/350 542/611/348 541/609/347 543/613/349
f 538/607/347 545/614/351 543/613/349 541/609/347
f 547/615/353 544/612/350 543/613/349 546/616/352
f 545/614/351 549/617/355 546/616/352 543/613/349
f 557/618/363 547/615/353 546/616/352 548/619/354
f 549/617/355 550/620/356 548/619/354 546/616/352
f 550/620/356 549/617/355 551/621/357 552/622/358
f 549/617/355 545/614/351 553/623/359 551/621/357
f 519/590/334 555/592/361 552/622/358 551/621/357
f 521/591/336 519/590/334 551/621/357 553/623/359
f 545/614/351 538/607/347 554/608/360 553/623/359
f 523/593/338 521/591/336 553/623/359 554/608/360
f 533/596/61 523/593/338 554/608/360 535/603/61
f 550/624/356 552/625/358 290/330/172 556/333/362
f 552/625/358 555/626/361 288/328/170 290/330/172
f 288/328/170 555/626/361 515/585/330 286/327/169
f 550/624/356 556/333/362 304/347/176 548/627/354
f 306/348/177 557/628/363 548/627/354 304/347/176
f 558/629/364 557/630/363 306/352/177 308/351/179
f 557/618/363 558/631/364 560/632/366 547/615/353
f 558/631/364 559/633/365 561/634/367 560/632/366
f 559/635/365 558/629/364 308/351/179 576/356/379
f 562/636/368 544/612/350 547/615/353 560/632/366
f 563/637/369 562/636/368 560/632/366 561/634/367
f 562/636/368 563/637/369 566/638/370 564/639/348
f 544/612/350 562/636/368 564/639/348 542/611/348
f 565/640/25 540/610/25 542/611/348 564/639/348
f 567/410/25 565/640/25 564/639/348 566/638/370
f 363/407/206 567/410/25 566/638/370 568/641/371
f 563/637/369 570/642/373 568/641/371 566/638/370
f 361/406/204 363/407/206 568/641/371 569/643/372
f 570/642/373 571/644/374 569/643/372 568/641/371
f 570/642/373 563/637/369 561/634/367 572/645/375
f 571/644/374 570/642/373 572/645/375 574/646/377
f 573/647/376 575/648/378 574/646/377 572/645/375
f 559/633/365 573/647/376 572/645/375 561/634/367
f 350/397/195 571/644/374 574/646/377 348/395/193
f 575/648/378 346/392/191 348/395/193 574/646/377
f 575/649/378 324/373/184 326/375/186 346/391/191
f 324/373/184 575/649/378 573/650/376 322/372/183
f 559/635/365 576/356/379 322/372/183 573/650/376
f 571/644/374 350/397/195 353/399/198 569/643/372
f 359/402/25 361/406/204 569/643/372 353/399/198
f 565/640/25 567/410/25 364/411/25 379/427/25
f 540/610/25 565/640/25 379/427/25 381/428/25
f 506/571/321 577/576/380 526/599/340 504/570/319
f 493/561/310 578/293/381 268/307/161 508/581/323
f 501/463/25 503/566/52 402/453/52 404/455/25
f 417/469/25 484/477/301 486/548/303 413/466/25
f 434/490/206 446/491/25 448/504/265 459/517/276
f 454/651/271 580/233/383 214/247/142 456/537/273
f 454/651/271 452/652/269 200/230/139 580/233/383
f 452/652/269 581/653/384 198/228/137 200/230/139
f 198/228/137 581/653/384 97/654/72 196/227/136
f 584/655/387 582/501/385 442/497/264 583/656/386
f 439/496/261 586/657/389 583/656/386 442/497/264
f 774/658/510 584/655/387 583/656/386 585/659/388
f 586/657/389 587/660/390 585/659/388 583/656/386
f 589/661/392 587/660/390 586/657/389 588/662/391
f 439/496/261 437/495/259 588/662/391 586/657/389
f 591/663/394 589/661/392 588/662/391 590/664/393
f 437/495/259 592/494/395 590/664/393 588/662/391
f 591/663/394 590/664/393 593/665/396 594/666/397
f 590/664/393 592/494/395 595/667/398 593/665/396
f 596/668/399 597/669/400 594/666/397 593/665/396
f 599/670/402 596/668/399 593/665/396 595/667/398
f 786/671/522 597/669/400 596/668/399 598/672/401
f 599/670/402 600/673/403 598/672/401 596/668/399
f 599/670/402 416/470/246 414/467/245 600/673/403
f 599/670/402 595/667/398 420/471/249 416/470/246
f 600/673/403 601/459/404 602/674/405 598/672/401
f 407/460/244 601/459/404 600/673/403 414/467/245
f 602/674/405 601/459/404 406/458/243 604/675/407
f 603/676/406 786/671/522 598/672/401 602/674/405
f 603/676/406 602/674/405 604/675/407 605/677/408
f 606/452/409 607/678/410 605/677/408 604/675/407
f 399/450/238 606/452/409 604/675/407 406/458/243
f 609/679/412 607/678/410 606/452/409 400/449/239
f 605/677/408 607/678/410 608/680/411 788/681/524
f 607/678/410 609/679/412 610/682/413 608/680/411
f 609/679/412 611/444/414 612/683/415 610/682/413
f 611/444/414 609/679/412 400/449/239 392/442/231
f 611/444/414 393/439/232 613/684/416 612/683/415
f 615/685/418 614/686/417 612/683/415 613/684/416
f 614/686/417 616/687/419 610/682/413 612/683/415
f 617/688/420 614/689/417 615/690/418 619/691/421
f 616/692/419 614/689/417 617/688/420 620/693/422
f 618/694/244 622/695/244 620/693/422 617/688/420
f 618/694/244 617/688/420 619/691/421 859/696/244
f 791/697/527 616/692/419 620/693/422 621/698/423
f 622/695/244 623/699/244 621/698/423 620/693/422
f 623/699/244 622/695/244 624/700/244 627/701/244
f 622/695/244 618/694/244 626/702/244 624/700/244
f 625/703/244 628/704/244 627/701/244 624/700/244
f 857/705/244 625/703/244 624/700/244 626/702/244
f 627/701/244 628/704/244 631/706/244 629/707/244
f 623/699/244 627/701/244 629/707/244 632/708/244
f 630/709/244 634/710/244 632/708/244 629/707/244
f 860/711/244 630/709/244 629/707/244 631/706/244
f 621/698/423 623/699/244 632/708/244 633/712/424
f 634/710/244 635/713/425 633/712/424 632/708/244
f 634/710/244 636/714/244 639/715/426 635/713/425
f 636/714/244 634/710/244 630/709/244 638/716/244
f 636/714/244 637/717/244 641/718/428 639/715/426
f 637/717/244 636/714/244 638/716/244 861/719/244
f 640/720/427 789/721/525 635/713/425 639/715/426
f 642/722/429 640/720/427 639/715/426 641/718/428
f 642/722/429 641/718/428 643/723/430 644/724/431
f 641/718/428 637/717/244 645/725/244 643/723/430
f 646/726/432 648/727/433 644/724/431 643/723/430
f 647/728/244 646/726/432 643/723/430 645/725/244
f 647/728/244 652/729/244 649/730/434 646/726/432
f 650/731/435 648/727/433 646/726/432 649/730/434
f 779/732/515 650/731/435 649/730/434 651/733/436
f 652/729/244 653/734/244 651/733/436 649/730/434
f 653/734/244 652/729/244 654/735/244 657/736/244
f 652/729/244 647/728/244 656/737/244 654/735/244
f 655/738/244 658/739/244 657/736/244 654/735/244
f 863/740/244 655/738/244 654/735/244 656/737/244
f 657/736/244 658/739/244 661/741/244 659/742/244
f 653/734/244 657/736/244 659/742/244 662/743/244
f 660/744/244 664/745/244 662/743/244 659/742/244
f 830/746/244 660/744/244 659/742/244 661/741/244
f 651/733/436 653/734/244 662/743/244 663/747/437
f 664/745/244 665/748/438 663/747/437 662/743/244
f 664/745/244 666/749/244 669/750/439 665/748/438
f 666/749/244 664/745/244 660/744/244 668/751/244
f 666/749/244 667/752/244 671/753/441 669/750/439
f 667/752/244 666/749/244 668/751/244 870/754/244
f 670/755/440 777/756/513 665/748/438 669/750/439
f 672/757/442 670/755/440 669/750/439 671/753/441
f 672/757/442 671/753/441 673/758/443 674/759/444
f 671/753/441 667/752/244 675/760/244 673/758/443
f 676/761/445 678/762/446 674/759/444 673/758/443
f 677/763/244 676/761/445 673/758/443 675/760/244
f 677/763/244 682/764/244 679/765/447 676/761/445
f 680/766/448 678/762/446 676/761/445 679/765/447
f 753/767/489 680/766/448 679/765/447 681/768/449
f 682/764/244 683/769/244 681/768/449 679/765/447
f 683/769/244 682/764/244 684/770/244 687/771/244
f 682/764/244 677/763/244 686/772/244 684/770/244
f 685/773/244 688/774/244 687/771/244 684/770/244
f 868/775/244 685/773/244 684/770/244 686/772/244
f 687/771/244 688/774/244 691/776/244 689/777/244
f 683/769/244 687/771/244 689/777/244 692/778/244
f 690/779/244 694/780/244 692/778/244 689/777/244
f 871/781/244 690/779/244 689/777/244 691/776/244
f 681/768/449 683/769/244 692/778/244 693/782/450
f 694/780/244 695/783/451 693/782/450 692/778/244
f 694/780/244 696/784/244 699/785/452 695/783/451
f 696/784/244 694/780/244 690/779/244 698/786/244
f 696/784/244 697/787/244 701/788/454 699/785/452
f 697/787/244 696/784/244 698/786/244 872/789/244
f 700/790/453 751/791/487 695/783/451 699/785/452
f 702/792/455 700/790/453 699/785/452 701/788/454
f 702/792/455 701/788/454 703/793/456 704/794/457
f 701/788/454 697/787/244 705/795/244 703/793/456
f 706/796/458 708/797/459 704/794/457 703/793/456
f 707/798/244 706/796/458 703/793/456 705/795/244
f 707/798/244 712/799/244 709/800/460 706/796/458
f 710/801/461 708/797/459 706/796/458 709/800/460
f 740/802/476 710/801/461 709/800/460 711/803/462
f 712/799/244 713/804/244 711/803/462 709/800/460
f 713/804/244 712/799/244 714/805/244 717/806/244
f 712/799/244 707/798/244 716/807/244 714/805/244
f 715/808/244 718/809/244 717/806/244 714/805/244
f 874/810/244 715/808/244 714/805/244 716/807/244
f 717/806/244 718/809/244 721/811/244 719/812/244
f 713/804/244 717/806/244 719/812/244 722/813/244
f 720/814/244 724/815/244 722/813/244 719/812/244
f 801/816/244 720/814/244 719/812/244 721/811/244
f 711/803/462 713/804/244 722/813/244 723/817/463
f 724/815/244 725/818/464 723/817/463 722/813/244
f 724/815/244 726/819/244 729/820/465 725/818/464
f 726/819/244 724/815/244 720/814/244 728/821/244
f 726/819/244 727/822/244 731/823/467 729/820/465
f 727/822/244 726/819/244 728/821/244 797/824/244
f 730/825/466 738/826/474 725/818/464 729/820/465
f 732/827/468 730/825/466 729/820/465 731/823/467
f 732/827/468 731/823/467 619/691/421 615/690/418
f 731/823/467 727/822/244 859/696/244 619/691/421
f 732/828/468 615/685/418 613/684/416 733/829/469
f 730/830/466 732/828/468 733/829/469 734/831/470
f 390/438/229 388/437/227 734/831/470 733/829/469
f 393/439/232 390/438/229 733/829/469 613/684/416
f 388/437/227 737/424/473 735/832/471 734/831/470
f 738/833/474 730/830/466 734/831/470 735/832/471
f 739/834/475 738/833/474 735/832/471 736/835/472
f 737/424/473 375/419/217 736/835/472 735/832/471
f 725/818/464 738/826/474 739/836/475 723/817/463
f 740/802/476 711/803/462 723/817/463 739/836/475
f 740/837/476 739/834/475 736/835/472 741/838/477
f 710/839/461 740/837/476 741/838/477 742/840/478
f 372/418/214 370/417/212 742/840/478 741/838/477
f 375/419/217 372/418/214 741/838/477 736/835/472
f 370/417/212 745/70/481 743/841/479 742/840/478
f 708/842/459 710/839/461 742/840/478 743/841/479
f 704/843/457 708/842/459 743/841/479 744/844/480
f 745/70/481 54/71/40 744/844/480 743/841/479
f 54/71/40 56/72/42 746/845/482 744/844/480
f 702/846/455 704/843/457 744/844/480 746/845/482
f 56/72/42 58/73/44 747/847/483 746/845/482
f 700/848/453 702/846/455 746/845/482 747/847/483
f 58/73/44 750/76/486 748/849/484 747/847/483
f 751/850/487 700/848/453 747/847/483 748/849/484
f 752/851/488 751/850/487 748/849/484 749/852/485
f 750/76/486 796/853/532 749/852/485 748/849/484
f 695/783/451 751/791/487 752/854/488 693/782/450
f 753/767/489 681/768/449 693/782/450 752/854/488
f 753/855/489 752/851/488 749/852/485 754/856/490
f 680/857/448 753/855/489 754/856/490 756/858/492
f 755/859/491 757/860/493 756/858/492 754/856/490
f 796/853/532 755/859/491 754/856/490 749/852/485
f 757/860/493 760/861/496 758/862/494 756/858/492
f 678/863/446 680/857/448 756/858/492 758/862/494
f 674/864/444 678/863/446 758/862/494 759/865/495
f 760/861/496 761/866/497 759/865/495 758/862/494
f 760/861/496 762/867/498 764/868/500 761/866/497
f 760/861/496 757/860/493 763/869/499 762/867/498
f 74/94/56 76/95/58 762/867/498 763/869/499
f 762/867/498 76/95/58 765/97/501 764/868/500
f 766/870/502 767/871/503 761/866/497 764/868/500
f 769/872/505 766/870/502 764/868/500 765/97/501
f 772/873/508 767/871/503 766/870/502 768/874/504
f 769/872/505 770/875/506 768/874/504 766/870/502
f 84/105/64 769/872/505 765/97/501 77/96/59
f 84/105/64 771/108/507 770/875/506 769/872/505
f 441/500/263 582/501/385 770/875/506 771/108/507
f 770/875/506 582/501/385 584/655/387 768/874/504
f 774/658/510 772/873/508 768/874/504 584/655/387
f 767/871/503 772/873/508 773/876/509 792/877/528
f 772/873/508 774/658/510 775/878/511 773/876/509
f 774/658/510 585/659/388 776/879/512 775/878/511
f 778/880/514 777/881/513 775/878/511 776/879/512
f 777/881/513 670/882/440 773/876/509 775/878/511
f 665/748/438 777/756/513 778/883/514 663/747/437
f 779/732/515 651/733/436 663/747/437 778/883/514
f 779/884/515 778/880/514 776/879/512 780/885/516
f 650/886/435 779/884/515 780/885/516 781/887/517
f 587/660/390 589/661/392 781/887/517 780/885/516
f 585/659/388 587/660/390 780/885/516 776/879/512
f 589/661/392 591/663/394 782/888/518 781/887/517
f 648/889/433 650/886/435 781/887/517 782/888/518
f 644/890/431 648/889/433 782/888/518 783/891/519
f 591/663/394 594/666/397 783/891/519 782/888/518
f 594/666/397 597/669/400 784/892/520 783/891/519
f 642/893/429 644/890/431 783/891/519 784/892/520
f 597/669/400 786/671/522 785/894/521 784/892/520
f 640/895/427 642/893/429 784/892/520 785/894/521
f 786/671/522 603/676/406 787/896/523 785/894/521
f 789/897/525 640/895/427 785/894/521 787/896/523
f 790/898/526 789/897/525 787/896/523 788/681/524
f 603/676/406 605/677/408 788/681/524 787/896/523
f 635/713/425 789/721/525 790/899/526 633/712/424
f 791/697/527 621/698/423 633/712/424 790/899/526
f 791/900/527 790/898/526 788/681/524 608/680/411
f 616/687/419 791/900/527 608/680/411 610/682/413
f 670/882/440 672/901/442 792/877/528 773/876/509
f 761/866/497 767/871/503 792/877/528 759/865/495
f 672/901/442 674/864/444 759/865/495 792/877/528
f 757/860/493 755/859/491 793/902/529 763/869/499
f 795/83/531 74/94/56 763/869/499 793/902/529
f 62/79/48 795/83/531 793/902/529 794/81/530
f 755/859/491 796/853/532 794/81/530 793/902/529
f 796/853/532 750/76/486 59/77/45 794/81/530
f 798/903/244 799/904/244 797/824/244 728/821/244
f 801/816/244 798/903/244 728/821/244 720/814/244
f 799/904/244 798/903/244 800/905/244 856/906/244
f 798/903/244 801/816/244 802/907/244 800/905/244
f 802/907/244 801/816/244 721/811/244 804/908/244
f 803/909/244 849/910/244 800/905/244 802/907/244
f 803/909/244 802/907/244 804/908/244 805/911/244
f 806/912/244 807/913/244 805/911/244 804/908/244
f 718/809/244 806/912/244 804/908/244 721/811/244
f 807/913/244 806/912/244 808/914/244 810/915/244
f 806/912/244 718/809/244 715/808/244 808/914/244
f 809/916/244 811/917/244 810/915/244 808/914/244
f 874/810/244 809/916/244 808/914/244 715/808/244
f 811/917/244 813/918/244 812/919/244 810/915/244
f 815/920/244 807/913/244 810/915/244 812/919/244
f 813/918/244 871/781/244 814/921/244 812/919/244
f 817/922/244 815/920/244 812/919/244 814/921/244
f 805/911/244 807/913/244 815/920/244 816/923/244
f 817/922/244 818/924/244 816/923/244 815/920/244
f 817/922/244 819/925/244 822/926/244 818/924/244
f 819/925/244 817/922/244 814/921/244 821/927/244
f 819/925/244 820/928/244 824/929/244 822/926/244
f 820/928/244 819/925/244 821/927/244 867/930/244
f 823/931/244 846/932/244 818/924/244 822/926/244
f 825/933/244 823/931/244 822/926/244 824/929/244
f 825/933/244 824/929/244 826/934/244 829/935/244
f 824/929/244 820/928/244 828/936/244 826/934/244
f 827/937/244 830/746/244 829/935/244 826/934/244
f 864/938/244 827/937/244 826/934/244 828/936/244
f 830/746/244 661/741/244 831/939/244 829/935/244
f 832/940/244 825/933/244 829/935/244 831/939/244
f 834/941/244 832/940/244 831/939/244 833/942/244
f 661/741/244 658/739/244 833/942/244 831/939/244
f 834/941/244 833/942/244 835/943/244 837/944/244
f 833/942/244 658/739/244 655/738/244 835/943/244
f 836/945/244 838/946/244 837/944/244 835/943/244
f 863/740/244 836/945/244 835/943/244 655/738/244
f 838/946/244 840/947/244 839/948/244 837/944/244
f 842/949/244 834/941/244 837/944/244 839/948/244
f 840/947/244 860/711/244 841/950/244 839/948/244
f 843/951/244 842/949/244 839/948/244 841/950/244
f 843/951/244 845/952/244 844/953/244 842/949/244
f 832/940/244 834/941/244 842/949/244 844/953/244
f 845/952/244 846/932/244 823/931/244 844/953/244
f 825/933/244 832/940/244 844/953/244 823/931/244
f 848/954/244 846/932/244 845/952/244 847/955/244
f 843/951/244 850/956/244 847/955/244 845/952/244
f 803/909/244 848/954/244 847/955/244 849/910/244
f 850/956/244 851/957/244 849/910/244 847/955/244
f 843/951/244 841/950/244 852/958/244 850/956/244
f 853/959/244 851/957/244 850/956/244 852/958/244
f 841/950/244 860/711/244 631/706/244 852/958/244
f 628/704/244 853/959/244 852/958/244 631/706/244
f 851/957/244 853/959/244 854/960/244 856/906/244
f 853/959/244 628/704/244 625/703/244 854/960/244
f 855/961/244 799/904/244 856/906/244 854/960/244
f 857/705/244 855/961/244 854/960/244 625/703/244
f 849/910/244 851/957/244 856/906/244 800/905/244
f 857/705/244 626/702/244 858/962/244 855/961/244
f 797/824/244 799/904/244 855/961/244 858/962/244
f 626/702/244 618/694/244 859/696/244 858/962/244
f 727/822/244 797/824/244 858/962/244 859/696/244
f 818/924/244 846/932/244 848/954/244 816/923/244
f 803/909/244 805/911/244 816/923/244 848/954/244
f 860/711/244 840/947/244 638/716/244 630/709/244
f 840/947/244 838/946/244 861/719/244 638/716/244
f 861/719/244 838/946/244 836/945/244 862/963/244
f 637/717/244 861/719/244 862/963/244 645/725/244
f 656/737/244 647/728/244 645/725/244 862/963/244
f 863/740/244 656/737/244 862/963/244 836/945/244
f 830/746/244 827/937/244 668/751/244 660/744/244
f 866/964/244 864/938/244 828/936/244 865/965/244
f 820/928/244 867/930/244 865/965/244 828/936/244
f 868/775/244 866/964/244 865/965/244 685/773/244
f 867/930/244 688/774/244 685/773/244 865/965/244
f 691/776/244 688/774/244 867/930/244 821/927/244
f 868/775/244 686/772/244 869/966/244 866/964/244
f 870/754/244 864/938/244 866/964/244 869/966/244
f 686/772/244 677/763/244 675/760/244 869/966/244
f 667/752/244 870/754/244 869/966/244 675/760/244
f 827/937/244 864/938/244 870/754/244 668/751/244
f 871/781/244 691/776/244 821/927/244 814/921/244
f 871/781/244 813/918/244 698/786/244 690/779/244
f 813/918/244 811/917/244 872/789/244 698/786/244
f 872/789/244 811/917/244 809/916/244 873/967/244
f 697/787/244 872/789/244 873/967/244 705/795/244
f 716/807/244 707/798/244 705/795/244 873/967/244
f 874/810/244 716/807/244 873/967/244 809/916/244
f 595/667/398 592/494/395 431/476/256 420/471/249
f 99/968/74 882/213/533 196/227/136 97/654/72
f 99/968/74 101/969/76 182/210/132 882/213/533
f 101/969/76 104/970/79 180/208/130 182/210/132
f 180/208/130 104/970/79 884/971/534 178/207/129
f 118/972/91 885/193/535 178/207/129 884/971/534
f 885/193/535 118/972/91 120/973/93 164/190/125
f 122/974/95 162/188/123 164/190/125 120/973/93
f 162/188/123 122/974/95 125/975/98 160/187/122
f 887/172/536 146/173/118 160/187/122 125/975/98
f 145/164/117 887/152/536 126/153/99 134/160/107
f 889/141/538 888/91/537 130/157/103 113/140/87
f 123/148/96 116/139/89 113/140/87 130/157/103
f 72/92/54 888/91/537 889/141/538 80/100/62
f 114/138/25 111/103/25 80/100/62 889/141/538
