# Blender 4.5.12 LTS
# www.blender.org
o RightStickClick
v 17.720259 -18.807301 4.225906
v 17.720259 -18.400013 5.081421
v 17.189579 -18.807301 4.199772
v 18.250933 -18.807301 4.199772
v 17.720259 -19.130966 3.331726
v 17.720261 -19.353786 2.592911
v 17.277225 -19.130966 3.309910
v 18.163290 -19.130966 3.309906
v 18.602068 -19.130966 3.244881
v 18.090876 -19.353786 2.574661
v 18.457933 -19.353786 2.520264
v 18.052708 -19.458530 2.187145
v 18.381966 -19.458530 2.138351
v 18.036928 -19.532211 2.026909
v 17.720261 -19.458530 2.203514
v 17.720263 -19.532215 2.042507
v 17.387810 -19.458530 2.187145
v 17.403589 -19.532211 2.026909
v 17.349642 -19.353786 2.574665
v 17.058552 -19.458530 2.138351
v 16.982584 -19.353786 2.520260
v 17.089964 -19.532211 1.980427
v 16.735680 -19.458530 2.057430
v 16.782419 -19.532211 1.903351
v 16.622646 -19.353786 2.430054
v 16.422268 -19.458530 1.945335
v 16.273252 -19.353786 2.305092
v 16.483885 -19.532211 1.796574
v 16.121386 -19.458530 1.802986
v 16.197287 -19.532211 1.660984
v 15.937829 -19.353786 2.146400
v 15.835866 -19.458530 1.631897
v 15.619531 -19.353786 1.955666
v 15.925322 -19.532211 1.498020
v 15.568538 -19.458530 1.433586
v 15.670685 -19.532211 1.309120
v 15.321511 -19.353786 1.734585
v 15.321881 -19.458530 1.210083
v 15.046537 -19.353786 1.485424
v 15.435738 -19.532211 1.096226
v 15.098380 -19.458530 0.963425
v 15.222845 -19.532211 0.861275
v 14.797377 -19.353783 1.210445
v 14.900067 -19.458530 0.696091
v 14.576297 -19.353783 0.912434
v 15.033944 -19.532211 0.606636
v 14.728977 -19.458530 0.410568
v 14.870978 -19.532211 0.334667
v 14.385566 -19.353783 0.594128
v 14.586627 -19.458530 0.109688
v 14.226872 -19.353783 0.258701
v 14.735385 -19.532211 0.048080
v 14.474528 -19.458530 -0.203720
v 14.628607 -19.532211 -0.250462
v 14.101905 -19.353783 -0.090679
v 14.393612 -19.458530 -0.526588
v 14.011699 -19.353783 -0.450623
v 14.551535 -19.532211 -0.558002
v 14.344811 -19.458530 -0.855846
v 14.505050 -19.532211 -0.871632
v 13.957296 -19.353783 -0.817680
v 14.328441 -19.458530 -1.188305
v 13.939045 -19.353783 -1.188305
v 14.489454 -19.532211 -1.188301
v 14.344811 -19.458530 -1.520756
v 14.505050 -19.532211 -1.504971
v 13.957296 -19.353783 -1.558922
v 14.393612 -19.458530 -1.850014
v 14.011700 -19.353783 -1.925983
v 14.551534 -19.532211 -1.818600
v 14.474529 -19.458530 -2.172886
v 14.628607 -19.532211 -2.126144
v 14.101907 -19.353783 -2.285915
v 14.586629 -19.458530 -2.486298
v 14.226875 -19.353783 -2.635311
v 14.735385 -19.532211 -2.424675
v 14.728978 -19.458530 -2.787178
v 14.870978 -19.532211 -2.711273
v 14.385568 -19.353783 -2.970737
v 14.900067 -19.458530 -3.072697
v 14.576297 -19.353783 -3.289032
v 15.033945 -19.532211 -2.983238
v 15.098380 -19.458530 -3.340027
v 15.222845 -19.532211 -3.237881
v 14.797378 -19.353783 -3.587051
v 15.321882 -19.458530 -3.586678
v 15.046541 -19.353783 -3.862030
v 15.435738 -19.532211 -3.472832
v 15.568539 -19.458530 -3.810181
v 15.670685 -19.532211 -3.685719
v 15.321514 -19.353783 -4.111187
v 15.835868 -19.458530 -4.008495
v 15.619534 -19.353783 -4.332268
v 15.925322 -19.532211 -3.874615
v 16.121389 -19.458530 -4.179585
v 16.197290 -19.532207 -4.037590
v 15.937833 -19.353783 -4.522999
v 16.422272 -19.458530 -4.321938
v 16.273258 -19.353783 -4.681690
v 16.483891 -19.532211 -4.173172
v 16.735683 -19.458530 -4.434032
v 16.782421 -19.532207 -4.279961
v 16.622650 -19.353783 -4.806660
v 17.058554 -19.458530 -4.514946
v 16.982588 -19.353783 -4.896862
v 17.089966 -19.532211 -4.357029
v 17.387812 -19.458530 -4.563751
v 17.403593 -19.532207 -4.403511
v 17.349646 -19.353783 -4.951263
v 17.720264 -19.458530 -4.580124
v 17.720264 -19.353783 -4.969517
v 17.720264 -19.532211 -4.419102
v 18.052717 -19.458530 -4.563747
v 18.036936 -19.532207 -4.403511
v 18.090885 -19.353783 -4.951263
v 18.381975 -19.458530 -4.514946
v 18.457943 -19.353783 -4.896858
v 18.350565 -19.532211 -4.357025
v 18.704847 -19.458530 -4.434029
v 18.658108 -19.532207 -4.279949
v 18.817881 -19.353783 -4.806652
v 19.018259 -19.458530 -4.321938
v 19.167274 -19.353783 -4.681690
v 18.956638 -19.532211 -4.173172
v 19.319139 -19.458530 -4.179585
v 19.243238 -19.532207 -4.037582
v 19.502697 -19.353783 -4.522999
v 19.604660 -19.458530 -4.008495
v 19.820995 -19.353783 -4.332264
v 19.515203 -19.532211 -3.874619
v 19.871988 -19.458530 -3.810181
v 19.769844 -19.532211 -3.685719
v 20.119011 -19.353783 -4.111183
v 20.118645 -19.458530 -3.586678
v 20.393988 -19.353783 -3.862019
v 20.004791 -19.532211 -3.472828
v 20.342150 -19.458530 -3.340023
v 20.217686 -19.532211 -3.237873
v 20.643148 -19.353783 -3.587044
v 20.540461 -19.458530 -3.072693
v 20.864229 -19.353783 -3.289028
v 20.406582 -19.532211 -2.983242
v 20.711548 -19.458530 -2.787174
v 20.569550 -19.532211 -2.711273
v 21.054960 -19.353783 -2.970726
v 20.853899 -19.458530 -2.486290
v 21.213652 -19.353783 -2.635303
v 20.705141 -19.532211 -2.424679
v 20.965994 -19.458530 -2.172882
v 20.811920 -19.532211 -2.126141
v 21.338619 -19.353783 -2.285915
v 21.046911 -19.458530 -1.850014
v 21.428822 -19.353783 -1.925972
v 20.888990 -19.532211 -1.818596
v 21.095715 -19.458530 -1.520748
v 20.935474 -19.532211 -1.504967
v 21.483227 -19.353783 -1.558918
v 21.112083 -19.458530 -1.188297
v 21.501476 -19.353783 -1.188297
v 20.951067 -19.532211 -1.188297
v 21.095709 -19.458530 -0.855843
v 20.935472 -19.532211 -0.871628
v 21.483225 -19.353783 -0.817680
v 21.046909 -19.458530 -0.526588
v 21.428822 -19.353783 -0.450619
v 20.888990 -19.532211 -0.557995
v 20.965994 -19.458530 -0.203712
v 20.811914 -19.532211 -0.250450
v 21.338614 -19.353783 -0.090679
v 20.853893 -19.458530 0.109695
v 21.213648 -19.353783 0.258713
v 20.705135 -19.532211 0.048084
v 20.711544 -19.458530 0.410580
v 20.569542 -19.532211 0.334679
v 21.054953 -19.353783 0.594135
v 20.540455 -19.458530 0.696102
v 20.864222 -19.353783 0.912441
v 20.406574 -19.532211 0.606644
v 20.342140 -19.458530 0.963432
v 20.217674 -19.532211 0.861282
v 20.643143 -19.353783 1.210457
v 20.118635 -19.458530 1.210083
v 20.393980 -19.353786 1.485432
v 20.004782 -19.532211 1.096230
v 19.871981 -19.458530 1.433586
v 19.769835 -19.532211 1.309120
v 20.119005 -19.353786 1.734585
v 19.604650 -19.458530 1.631897
v 19.820986 -19.353786 1.955669
v 19.515198 -19.532211 1.498020
v 19.319130 -19.458530 1.802982
v 19.243229 -19.532211 1.660980
v 19.502686 -19.353786 2.146393
v 19.018250 -19.458530 1.945335
v 19.167265 -19.353786 2.305092
v 18.956631 -19.532211 1.796574
v 18.704838 -19.458530 2.057438
v 18.658098 -19.532211 1.903355
v 18.817869 -19.353786 2.430058
v 19.032331 -19.130966 3.137047
v 19.449993 -19.130966 2.987659
v 19.291893 -18.807301 3.992714
v 19.540232 -18.400009 4.811378
v 19.792179 -18.807301 3.813782
v 18.776510 -18.807301 4.121876
v 18.943411 -18.400009 4.960945
v 19.113022 -17.863396 5.813641
v 18.334787 -18.400013 5.051151
v 18.420002 -17.863400 5.916363
v 17.720261 -17.863400 5.950817
v 18.511730 -17.151756 6.847710
v 19.295597 -17.151756 6.731525
v 18.602459 -16.308949 7.768894
v 17.720257 -17.151756 6.886684
v 16.928783 -17.151756 6.847710
v 17.720261 -16.308945 7.812340
v 16.838053 -16.308945 7.768890
v 17.720257 -15.378826 8.651096
v 16.755842 -15.378826 8.603603
v 17.720257 -14.370754 9.395336
v 18.684669 -15.378826 8.603611
v 19.639814 -15.378826 8.462044
v 18.757614 -14.370752 9.344246
v 19.785007 -14.370754 9.191978
v 18.820545 -13.294083 9.983200
v 19.910263 -13.294083 9.821693
v 18.868248 -12.342509 10.467537
v 17.720257 -13.294083 10.037388
v 16.619965 -13.294083 9.983200
v 17.720257 -12.342509 10.524071
v 16.572262 -12.342509 10.467537
v 17.720257 -11.709731 10.802162
v 16.545004 -11.709731 10.744286
v 17.720257 -11.236351 10.975960
v 18.895506 -11.709731 10.744286
v 20.059464 -11.709731 10.571777
v 18.912540 -11.236351 10.917244
v 20.093369 -11.236351 10.742233
v 21.251295 -11.236351 10.452042
v 22.375301 -11.236351 10.050026
v 21.200844 -11.709731 10.285728
v 22.308790 -11.709731 9.889450
v 21.120117 -12.342509 10.019611
v 22.202370 -12.342509 9.632530
v 20.978848 -13.294083 9.553890
v 20.005211 -12.342509 10.299026
v 22.016125 -13.294083 9.182896
v 20.792469 -14.370752 8.939487
v 21.770422 -14.370754 8.589706
v 20.576435 -15.378826 8.227310
v 21.485615 -15.378826 7.902126
v 20.332960 -16.308945 7.424675
v 21.164640 -16.308945 7.127213
v 20.064262 -17.151756 6.538895
v 19.476183 -16.308945 7.639397
v 20.810410 -17.151756 6.272022
v 19.792601 -17.863400 5.643337
v 20.452272 -17.863396 5.407394
v 20.119564 -18.400009 4.604160
v 21.085567 -17.863400 5.107777
v 21.686533 -17.863396 4.747658
v 20.675741 -18.400009 4.341034
v 21.526726 -17.151756 5.933125
v 22.206472 -17.151756 5.525810
v 21.963066 -16.308945 6.749470
v 22.720732 -16.308945 6.295464
v 22.358450 -15.378826 7.489182
v 23.186724 -15.378826 6.992874
v 22.709272 -14.370752 8.145527
v 23.600191 -14.370754 7.611679
v 23.011934 -13.294083 8.711769
v 23.956902 -13.294083 8.145535
v 23.241348 -12.342509 9.140972
v 24.227283 -12.342509 8.550198
v 23.372440 -11.709731 9.386230
v 24.381786 -11.709731 8.781414
v 23.454367 -11.236351 9.539505
v 24.478344 -11.236351 8.925926
v 25.437078 -11.236351 8.214706
v 26.321676 -11.236351 7.413147
v 25.326822 -11.709731 8.080360
v 26.198782 -11.709731 7.290253
v 25.150408 -12.342509 7.865391
v 26.002140 -12.342509 7.093613
v 24.841665 -13.294083 7.489185
v 25.658009 -13.294082 6.749474
v 24.434351 -14.370752 6.992874
v 25.203999 -14.370754 6.295464
v 23.962223 -15.378826 6.417580
v 24.677753 -15.378826 5.769215
v 23.430126 -16.308945 5.769215
v 24.084661 -16.308945 5.176117
v 22.842907 -17.151756 5.053684
v 23.430126 -17.151756 4.521587
v 22.249208 -17.863400 4.330254
v 22.768375 -17.863396 3.859818
v 21.697672 -18.400009 3.658203
v 22.153612 -18.400009 3.245060
v 21.154951 -18.807301 2.996891
v 21.203522 -18.400009 4.024784
v 20.728226 -18.807301 3.313461
v 20.272461 -18.807301 3.586552
v 20.231447 -19.130966 2.569962
v 20.587696 -19.130966 2.305687
v 19.850954 -19.130966 2.797958
v 20.916397 -19.130966 2.007847
v 21.548677 -18.807301 2.640125
v 21.214243 -19.130966 1.679146
v 21.478521 -19.130966 1.322903
v 21.905447 -18.807301 2.246403
v 22.566757 -18.400009 2.789127
v 22.222006 -18.807301 1.819683
v 22.933334 -18.400009 2.294975
v 22.495106 -18.807301 1.363918
v 23.249590 -18.400009 1.767200
v 22.722334 -18.807301 0.883636
v 21.706518 -19.130966 0.942410
v 21.896217 -19.130966 0.541447
v 22.045603 -19.130966 0.123783
v 22.153435 -19.130966 -0.306480
v 22.901274 -18.807301 0.383350
v 23.719934 -18.400009 0.631695
v 23.030434 -18.807301 -0.132038
v 23.869505 -18.400009 0.034870
v 23.108335 -18.807301 -0.657616
v 23.959713 -18.400009 -0.573761
v 23.134470 -18.807301 -1.188297
v 22.218470 -19.130966 -0.745258
v 22.240286 -19.130966 -1.188297
v 22.218472 -19.130966 -1.631329
v 22.153437 -19.130966 -2.070110
v 23.108337 -18.807301 -1.718975
v 23.959717 -18.400009 -1.802826
v 23.030439 -18.807301 -2.244545
v 23.869511 -18.400009 -2.411453
v 22.901278 -18.807301 -2.759941
v 23.719940 -18.400009 -3.008274
v 22.722342 -18.807301 -3.260223
v 22.045609 -19.130966 -2.500374
v 21.896223 -19.130966 -2.918034
v 21.706526 -19.130966 -3.318996
v 21.478529 -19.130966 -3.699486
v 22.495115 -18.807301 -3.740509
v 23.249598 -18.400009 -4.143784
v 22.222013 -18.807301 -4.196270
v 22.933344 -18.400009 -4.671562
v 21.905455 -18.807301 -4.622993
v 22.566765 -18.400009 -5.165718
v 21.548689 -18.807301 -5.016720
v 21.214251 -19.130966 -4.055733
v 20.916407 -19.130966 -4.384438
v 20.587706 -19.130966 -4.682281
v 20.231457 -19.130966 -4.946564
v 21.154963 -18.807301 -5.373489
v 21.697687 -18.400009 -6.034801
v 20.728237 -18.807301 -5.690041
v 21.203535 -18.400009 -6.401379
v 20.272478 -18.807301 -5.963150
v 20.675758 -18.400009 -6.717632
v 19.792198 -18.807301 -6.190372
v 19.850967 -19.130966 -5.174557
v 19.450006 -19.130966 -5.364258
v 19.032347 -19.130966 -5.513645
v 18.602081 -19.130966 -5.621479
v 19.291912 -18.807301 -6.369312
v 19.540251 -18.400009 -7.187973
v 18.776527 -18.807301 -6.498478
v 18.943430 -18.400009 -7.337547
v 18.250948 -18.807301 -6.576374
v 18.334801 -18.400009 -7.427757
v 17.720266 -18.807301 -6.602512
v 18.163301 -19.130966 -5.686508
v 17.720266 -19.130966 -5.708328
v 17.277231 -19.130966 -5.686508
v 16.838453 -19.130966 -5.621479
v 17.189590 -18.807301 -6.576374
v 17.105736 -18.400009 -7.427757
v 16.664007 -18.807301 -6.498478
v 16.497107 -18.400009 -7.337547
v 16.148624 -18.807301 -6.369324
v 15.900286 -18.400009 -7.187977
v 15.648339 -18.807301 -6.190376
v 16.408188 -19.130966 -5.513653
v 15.990527 -19.130966 -5.364262
v 15.589565 -19.130966 -5.174561
v 15.209072 -19.130966 -4.946564
v 15.168055 -18.807301 -5.963150
v 14.764776 -18.400009 -6.717636
v 14.712295 -18.807301 -5.690052
v 14.236997 -18.400009 -6.401382
v 14.285568 -18.807301 -5.373493
v 13.742845 -18.400009 -6.034801
v 13.891841 -18.807301 -5.016727
v 14.852823 -19.130966 -4.682289
v 14.524123 -19.130966 -4.384441
v 14.226276 -19.130966 -4.055744
v 13.962000 -19.130966 -3.699497
v 13.535074 -18.807301 -4.623001
v 12.873764 -18.400009 -5.165722
v 13.218514 -18.807301 -4.196274
v 12.507184 -18.400009 -4.671570
v 12.945414 -18.807301 -3.740520
v 12.190930 -18.400009 -4.143791
v 12.718185 -18.807301 -3.260231
v 13.734004 -19.130966 -3.319004
v 13.544304 -19.130966 -2.918045
v 13.394917 -19.130966 -2.500385
v 13.287086 -19.130966 -2.070118
v 12.539248 -18.807301 -2.759953
v 11.720587 -18.400009 -3.008286
v 12.410087 -18.807301 -2.244564
v 11.571016 -18.400009 -2.411469
v 12.332188 -18.807301 -1.718987
v 11.480808 -18.400009 -1.802837
v 12.306055 -18.807301 -1.188309
v 13.222053 -19.130966 -1.631336
v 13.200236 -19.130966 -1.188305
v 13.222053 -19.130966 -0.745266
v 13.287086 -19.130966 -0.306492
v 12.332188 -18.807301 -0.657623
v 11.480807 -18.400009 -0.573765
v 12.410085 -18.807301 -0.132046
v 11.571013 -18.400009 0.034859
v 12.539248 -18.807301 0.383339
v 11.720585 -18.400009 0.631680
v 12.718184 -18.807301 0.883625
v 13.394916 -19.130966 0.123779
v 13.544302 -19.130966 0.541439
v 13.734001 -19.130966 0.942394
v 13.961997 -19.130966 1.322891
v 12.945411 -18.807301 1.363911
v 12.190928 -18.400009 1.767189
v 13.218513 -18.807301 1.819672
v 12.507183 -18.400009 2.294968
v 13.535070 -18.807301 2.246395
v 12.873760 -18.400009 2.789116
v 13.891835 -18.807301 2.640125
v 14.226274 -19.130966 1.679138
v 14.524120 -19.130966 2.007839
v 14.852819 -19.130966 2.305683
v 15.209067 -19.130966 2.569962
v 14.285563 -18.807301 2.996891
v 13.742840 -18.400009 3.658203
v 14.712287 -18.807301 3.313450
v 14.236992 -18.400009 4.024780
v 15.168051 -18.807301 3.586548
v 14.764771 -18.400009 4.341030
v 15.648334 -18.807301 3.813774
v 15.589561 -19.130966 2.797958
v 15.990523 -19.130966 2.987652
v 16.408182 -19.130966 3.137039
v 16.838446 -19.130966 3.244869
v 16.148617 -18.807301 3.992714
v 15.900278 -18.400009 4.811378
v 16.664000 -18.807301 4.121872
v 16.497099 -18.400009 4.960945
v 16.327488 -17.863396 5.813641
v 17.105726 -18.400013 5.051151
v 17.020512 -17.863400 5.916363
v 15.647909 -17.863400 5.643330
v 16.144909 -17.151756 6.731525
v 15.964324 -16.308945 7.639389
v 15.376245 -17.151756 6.538891
v 15.107546 -16.308945 7.424671
v 14.630100 -17.151756 6.272015
v 14.275867 -16.308945 7.127205
v 14.988239 -17.863396 5.407379
v 13.913784 -17.151756 5.933113
v 14.354943 -17.863400 5.107769
v 13.477441 -16.308945 6.749458
v 13.234040 -17.151756 5.525803
v 12.719775 -16.308945 6.295456
v 13.753977 -17.863396 4.747650
v 12.597604 -17.151756 5.053677
v 13.191303 -17.863400 4.330250
v 12.010385 -16.308945 5.769199
v 12.010385 -17.151756 4.521572
v 11.355851 -16.308945 5.176105
v 12.672140 -17.863396 3.859814
v 11.478286 -17.151756 3.934353
v 12.201711 -17.863400 3.340652
v 10.762755 -16.308945 4.521572
v 11.006156 -17.151756 3.297916
v 10.236506 -16.308945 3.812183
v 11.784299 -17.863396 2.777985
v 10.598843 -17.151756 2.618172
v 11.424192 -17.863400 2.177017
v 9.782500 -16.308945 3.054516
v 10.259947 -17.151756 1.901859
v 9.404758 -16.308945 2.256092
v 11.124572 -17.863396 1.543724
v 9.993071 -17.151756 1.155712
v 10.888627 -17.863400 0.884048
v 9.107288 -16.308945 1.424408
v 9.800433 -17.151756 0.387051
v 8.892569 -16.308945 0.567631
v 10.718315 -17.863396 0.204472
v 9.684252 -17.151756 -0.396820
v 10.615600 -17.863400 -0.488556
v 8.763069 -16.308945 -0.306099
v 9.645275 -17.151756 -1.188305
v 8.719625 -16.308945 -1.188305
v 10.581141 -17.863396 -1.188305
v 9.684253 -17.151756 -1.979782
v 10.615601 -17.863400 -1.888054
v 8.763069 -16.308945 -2.070507
v 9.800435 -17.151752 -2.763653
v 8.892570 -16.308945 -2.944237
v 10.718318 -17.863396 -2.581078
v 9.993073 -17.151752 -3.532318
v 10.888630 -17.863396 -3.260658
v 9.107289 -16.308945 -3.801018
v 10.259949 -17.151752 -4.278465
v 9.404758 -16.308945 -4.632694
v 11.124575 -17.863396 -3.920326
v 10.598844 -17.151752 -4.994778
v 11.424194 -17.863396 -4.553619
v 9.782502 -16.308945 -5.431126
v 11.006159 -17.151752 -5.674526
v 10.236507 -16.308945 -6.188789
v 11.784303 -17.863396 -5.154583
v 11.478289 -17.151752 -6.310963
v 12.201714 -17.863396 -5.717262
v 10.762758 -16.308945 -6.898178
v 12.010387 -17.151752 -6.898178
v 11.355852 -16.308945 -7.552715
v 12.672144 -17.863396 -6.236423
v 12.597609 -17.151752 -7.430286
v 13.191308 -17.863396 -6.706856
v 12.010389 -16.308945 -8.145813
v 13.234045 -17.151752 -7.902409
v 12.719782 -16.308945 -8.672058
v 13.753983 -17.863396 -7.124264
v 13.913790 -17.151752 -8.309719
v 14.354948 -17.863396 -7.484371
v 13.477447 -16.308945 -9.126064
v 14.630104 -17.151752 -8.648613
v 14.275875 -16.308945 -9.503803
v 14.988244 -17.863396 -7.783985
v 15.376252 -17.151752 -8.915489
v 15.647916 -17.863396 -8.019936
v 15.107553 -16.308945 -9.801277
v 16.144918 -17.151752 -9.108131
v 15.964333 -16.308945 -10.015995
v 16.327497 -17.863396 -8.190247
v 16.928793 -17.151752 -9.224312
v 17.020521 -17.863396 -8.292961
v 16.838062 -16.308945 -10.145496
v 17.720268 -17.151752 -9.263287
v 17.720268 -16.308945 -10.188942
v 17.720266 -17.863396 -8.327423
v 18.511745 -17.151752 -9.224312
v 18.420019 -17.863396 -8.292961
v 18.602476 -16.308945 -10.145496
v 19.295620 -17.151752 -9.108128
v 19.476206 -16.308945 -10.015991
v 19.113041 -17.863396 -8.190247
v 20.064285 -17.151752 -8.915489
v 19.792622 -17.863396 -8.019932
v 20.332987 -16.308945 -9.801273
v 20.810431 -17.151752 -8.648613
v 21.164661 -16.308945 -9.503799
v 20.452293 -17.863396 -7.783985
v 21.526745 -17.151752 -8.309715
v 21.085585 -17.863396 -7.484364
v 21.963089 -16.308945 -9.126057
v 22.206491 -17.151752 -7.902397
v 22.720755 -16.308945 -8.672054
v 21.686552 -17.863396 -7.124260
v 22.842926 -17.151752 -7.430271
v 22.249226 -17.863396 -6.706844
v 23.430147 -16.308945 -8.145802
v 23.430147 -17.151752 -6.898170
v 24.084682 -16.308945 -7.552700
v 22.768385 -17.863396 -6.236412
v 23.962242 -17.151752 -6.310951
v 23.238819 -17.863396 -5.717251
v 24.677776 -16.308945 -6.898170
v 24.434372 -17.151752 -5.674519
v 25.204025 -16.308945 -6.188774
v 23.656229 -17.863396 -5.154579
v 24.841682 -17.151752 -4.994774
v 24.016336 -17.863396 -4.553612
v 25.658028 -16.308945 -5.431110
v 25.180578 -17.151752 -4.278458
v 26.035774 -16.308945 -4.632683
v 24.315954 -17.863396 -3.920311
v 25.447453 -17.151752 -3.532310
v 24.551897 -17.863396 -3.260643
v 26.333237 -16.308945 -3.801003
v 25.640091 -17.151752 -2.763641
v 26.547956 -16.308945 -2.944218
v 24.722208 -17.863396 -2.581059
v 25.756271 -17.151756 -1.979763
v 24.824923 -17.863400 -1.888039
v 26.677454 -16.308945 -2.070488
v 25.795248 -17.151756 -1.188286
v 26.720898 -16.308945 -1.188286
v 24.859383 -17.863396 -1.188290
v 25.756269 -17.151756 -0.396809
v 24.824923 -17.863400 -0.488541
v 26.677450 -16.308945 -0.306080
v 25.640085 -17.151756 0.387062
v 26.547951 -16.308945 0.567650
v 24.722202 -17.863396 0.204483
v 25.447449 -17.151756 1.155731
v 24.551891 -17.863400 0.884064
v 26.333227 -16.308945 1.424427
v 25.180573 -17.151756 1.901878
v 26.035755 -16.308945 2.256111
v 24.315948 -17.863396 1.543736
v 24.841673 -17.151756 2.618191
v 24.016327 -17.863400 2.177029
v 25.658016 -16.308945 3.054539
v 24.434359 -17.151756 3.297932
v 25.204008 -16.308945 3.812202
v 23.656218 -17.863396 2.777992
v 23.962227 -17.151756 3.934364
v 23.238806 -17.863400 3.340664
v 24.677757 -16.308945 4.521591
v 25.326122 -15.378826 5.053688
v 25.901415 -15.378826 4.278194
v 25.901411 -14.370752 5.525822
v 26.520216 -14.370751 4.691669
v 26.397722 -13.294082 5.933136
v 27.054070 -13.294082 5.048370
v 26.773928 -12.342509 6.241879
v 27.458727 -12.342509 5.318768
v 26.988894 -11.709731 6.418297
v 27.689957 -11.709731 5.473263
v 27.123240 -11.236351 6.528553
v 27.834465 -11.236351 5.569820
v 28.448050 -11.236351 4.545845
v 28.958567 -11.236351 3.466782
v 28.294771 -11.709731 4.463917
v 28.797997 -11.709730 3.400265
v 28.049519 -12.342509 4.332825
v 28.541069 -12.342508 3.293850
v 27.620310 -13.294082 4.103405
v 28.091438 -13.294082 3.107605
v 27.054071 -14.370751 3.800747
v 27.498253 -14.370751 2.861897
v 26.397726 -15.378826 3.449924
v 26.810673 -15.378826 2.577091
v 27.135864 -15.378826 1.667915
v 27.370594 -15.378826 0.731285
v 27.848043 -14.370751 1.883945
v 28.100529 -14.370751 0.876472
v 28.462448 -13.294082 2.070324
v 28.730247 -13.294082 1.001740
v 28.928165 -12.342508 2.211597
v 29.207577 -12.342507 1.096687
v 29.194279 -11.709730 2.292324
v 29.480328 -11.709730 1.150944
v 29.360592 -11.236350 2.342781
v 29.650787 -11.236348 1.184853
v 29.825806 -11.236348 0.004013
v 29.884523 -11.236349 -1.188274
v 29.652847 -11.709728 -0.013023
v 29.710724 -11.709729 -1.188282
v 29.376095 -12.342507 -0.040279
v 29.432629 -12.342507 -1.188286
v 28.891764 -13.294082 -0.087986
v 28.945950 -13.294083 -1.188286
v 28.252804 -14.370751 -0.150921
v 28.303892 -14.370752 -1.188290
v 27.512163 -15.378826 -0.223866
v 27.559660 -15.378826 -1.188286
v 27.512167 -15.378826 -2.152702
v 27.370602 -15.378826 -3.107857
v 28.252804 -14.370751 -2.225643
v 28.100534 -14.370752 -3.253044
v 28.891766 -13.294081 -2.288574
v 28.730255 -13.294081 -3.378307
v 29.376097 -12.342508 -2.336281
v 29.207584 -12.342507 -3.473255
v 29.652849 -11.709729 -2.363537
v 29.480335 -11.709729 -3.527508
v 29.825809 -11.236349 -2.380569
v 29.650795 -11.236349 -3.561405
v 29.360601 -11.236349 -4.719337
v 28.958582 -11.236349 -5.843353
v 29.194292 -11.709729 -4.668892
v 28.798010 -11.709729 -5.776836
v 28.928173 -12.342508 -4.588169
v 28.541086 -12.342507 -5.670414
v 28.462456 -13.294081 -4.446888
v 28.091454 -13.294081 -5.484169
v 27.848051 -14.370751 -4.260513
v 27.498266 -14.370752 -5.238468
v 27.135874 -15.378824 -4.044476
v 26.810688 -15.378824 -4.953659
v 26.397743 -15.378824 -5.826496
v 25.901428 -15.378824 -6.654766
v 27.054089 -14.370751 -6.177319
v 26.520233 -14.370752 -7.068233
v 27.620329 -13.294081 -6.479973
v 27.054089 -13.294081 -7.424942
v 28.049540 -12.342508 -6.709393
v 27.458750 -12.342507 -7.695328
v 28.294790 -11.709729 -6.840481
v 27.689976 -11.709729 -7.849827
v 28.448067 -11.236349 -6.922413
v 27.834486 -11.236349 -7.946388
v 27.123262 -11.236349 -8.905125
v 26.321705 -11.236349 -9.789719
v 26.988918 -11.709729 -8.794865
v 26.198811 -11.709729 -9.666824
v 26.773952 -12.342508 -8.618446
v 26.002169 -12.342507 -9.470184
v 26.397745 -13.294081 -8.309708
v 25.658033 -13.294081 -9.126053
v 25.901432 -14.370751 -7.902390
v 25.204025 -14.370752 -8.672043
v 25.326138 -15.378824 -7.430267
v 24.677776 -15.378824 -8.145798
v 23.962246 -15.378824 -8.794163
v 23.186747 -15.378824 -9.369453
v 24.434376 -14.370751 -9.369453
v 23.600222 -14.370752 -9.988262
v 24.841690 -13.294081 -9.865768
v 23.956932 -13.294081 -10.522114
v 25.150434 -12.342508 -10.241970
v 24.227318 -12.342507 -10.926773
v 25.326853 -11.709729 -10.456932
v 24.381817 -11.709729 -11.157997
v 25.437111 -11.236349 -10.591282
v 24.478376 -11.236349 -11.302509
v 23.454401 -11.236349 -11.916088
v 22.375336 -11.236349 -12.426609
v 23.372471 -11.709729 -11.762817
v 22.308825 -11.709729 -12.266045
v 23.241381 -12.342508 -11.517563
v 22.202402 -12.342507 -12.009113
v 23.011965 -13.294081 -11.088352
v 22.016159 -13.294081 -11.559483
v 22.709301 -14.370751 -10.522114
v 21.770451 -14.370752 -10.966297
v 22.358475 -15.378824 -9.865772
v 21.485643 -15.378824 -10.278717
v 20.576466 -15.378824 -10.603909
v 19.639845 -15.378824 -10.838634
v 20.792501 -14.370751 -11.316082
v 19.785036 -14.370752 -11.568569
v 20.978882 -13.294081 -11.930489
v 19.910297 -13.294081 -12.198288
v 21.120155 -12.342508 -12.396206
v 20.005243 -12.342507 -12.675617
v 21.200880 -11.709729 -12.662319
v 20.059498 -11.709729 -12.948368
v 21.251331 -11.236349 -12.828632
v 20.093405 -11.236349 -13.118824
v 18.912565 -11.236349 -13.293842
v 17.720272 -11.236349 -13.352562
v 18.895531 -11.709729 -13.120880
v 17.720272 -11.709729 -13.178761
v 18.868273 -12.342508 -12.844131
v 17.720272 -12.342507 -12.900669
v 18.820568 -13.294081 -12.359802
v 17.720270 -13.294081 -12.413990
v 18.757635 -14.370751 -11.720848
v 17.720268 -14.370752 -11.771923
v 18.684689 -15.378824 -10.980202
v 17.720268 -15.378824 -11.027699
v 16.755852 -15.378824 -10.980206
v 15.800699 -15.378824 -10.838638
v 16.682905 -14.370751 -11.720848
v 15.655508 -14.370752 -11.568569
v 16.619974 -13.294081 -12.359810
v 15.530250 -13.294081 -12.198292
v 16.572273 -12.342508 -12.844135
v 15.435301 -12.342507 -12.675621
v 16.545015 -11.709729 -13.120884
v 15.381048 -11.709729 -12.948368
v 16.527981 -11.236349 -13.293842
v 15.347142 -11.236349 -13.118832
v 14.189214 -11.236349 -12.828644
v 13.065207 -11.236349 -12.426617
v 14.239664 -11.709729 -12.662319
v 13.131719 -11.709729 -12.266045
v 14.320389 -12.342508 -12.396210
v 13.238140 -12.342507 -12.009121
v 14.461663 -13.294081 -11.930492
v 13.424385 -13.294081 -11.559490
v 14.648042 -14.370751 -11.316086
v 13.670093 -14.370752 -10.966305
v 14.864078 -15.378824 -10.603912
v 13.954896 -15.378824 -10.278725
v 13.082063 -15.378824 -9.865776
v 12.253791 -15.378824 -9.369465
v 12.731239 -14.370751 -10.522121
v 11.840320 -14.370752 -9.988270
v 12.428578 -13.294081 -11.088364
v 11.483610 -13.294081 -10.522121
v 12.199161 -12.342508 -11.517574
v 11.213225 -12.342507 -10.926785
v 12.068070 -11.709729 -11.762829
v 11.058725 -11.709729 -11.158012
v 11.986142 -11.236349 -11.916100
v 10.962166 -11.236349 -11.302517
v 10.003431 -11.236349 -10.591293
v 9.118835 -11.236349 -9.789734
v 10.113688 -11.709729 -10.456947
v 9.241732 -11.709729 -9.666840
v 10.290107 -12.342508 -10.241989
v 9.438374 -12.342507 -9.470203
v 10.598848 -13.294081 -9.865784
v 9.782506 -13.294081 -9.126072
v 11.006161 -14.370751 -9.369465
v 10.236510 -14.370752 -8.672062
v 11.478291 -15.378824 -8.794178
v 10.762759 -15.378824 -8.145813
v 10.114394 -15.378824 -7.430286
v 9.539103 -15.378824 -6.654785
v 9.539104 -14.370751 -7.902409
v 8.920297 -14.370752 -7.068260
v 9.042792 -13.294081 -8.309727
v 8.386445 -13.294081 -7.424961
v 8.666589 -12.342508 -8.618465
v 7.981788 -12.342507 -7.695347
v 8.451623 -11.709729 -8.794888
v 7.750561 -11.709729 -7.849850
v 8.317274 -11.236349 -8.905144
v 7.606050 -11.236349 -7.946407
v 6.992468 -11.236349 -6.922436
v 6.481952 -11.236349 -5.843372
v 7.145745 -11.709729 -6.840504
v 6.642522 -11.709729 -5.776855
v 7.390999 -12.342508 -6.709412
v 6.899447 -12.342507 -5.670437
v 7.820206 -13.294081 -6.479992
v 7.349080 -13.294081 -5.484184
v 8.386443 -14.370751 -6.177334
v 7.942265 -14.370752 -5.238483
v 9.042789 -15.378824 -5.826511
v 8.629843 -15.378826 -4.953678
v 8.304655 -15.378826 -4.044495
v 8.069925 -15.378826 -3.107876
v 7.592479 -14.370751 -4.260536
v 7.339995 -14.370752 -3.253059
v 6.978074 -13.294081 -4.446911
v 6.710273 -13.294081 -3.378326
v 6.512357 -12.342508 -4.588188
v 6.232945 -12.342507 -3.473274
v 6.246242 -11.709729 -4.668911
v 5.960196 -11.709729 -3.527531
v 6.079927 -11.236349 -4.719364
v 5.789736 -11.236349 -3.561436
v 5.614718 -11.236349 -2.380596
v 5.556002 -11.236349 -1.188305
v 5.787679 -11.709729 -2.363567
v 5.729803 -11.709731 -1.188305
v 6.064429 -12.342508 -2.336308
v 6.007895 -12.342508 -1.188301
v 6.548759 -13.294081 -2.288601
v 6.494573 -13.294083 -1.188305
v 7.187718 -14.370751 -2.225674
v 7.136631 -14.370752 -1.188301
v 7.928356 -15.378826 -2.152721
v 7.880862 -15.378826 -1.188305
v 7.928355 -15.378826 -0.223881
v 8.069923 -15.378826 0.731266
v 7.187716 -14.370751 -0.150936
v 7.339991 -14.370751 0.876457
v 6.548756 -13.294082 -0.088001
v 6.710269 -13.294082 1.001724
v 6.064427 -12.342507 -0.040298
v 6.232940 -12.342507 1.096664
v 5.787677 -11.709730 -0.013042
v 5.960192 -11.709730 1.150921
v 5.614716 -11.236348 0.003990
v 5.789732 -11.236348 1.184830
v 6.079923 -11.236350 2.342758
v 6.481948 -11.236351 3.466763
v 6.246237 -11.709730 2.292301
v 6.642518 -11.709730 3.400249
v 6.512352 -12.342508 2.211578
v 6.899442 -12.342509 3.293831
v 6.978071 -13.294082 2.070305
v 7.349077 -13.294082 3.107586
v 7.592476 -14.370751 1.883926
v 7.942263 -14.370751 2.861881
v 8.304653 -15.378826 1.667889
v 8.629843 -15.378826 2.577072
v 9.042788 -15.378826 3.449898
v 9.539100 -15.378826 4.278175
v 8.386442 -14.370751 3.800728
v 8.920296 -14.370751 4.691647
v 7.820203 -13.294082 4.103386
v 8.386442 -13.294082 5.048355
v 7.390995 -12.342509 4.332806
v 7.981783 -12.342509 5.318741
v 7.145741 -11.709731 4.463902
v 7.750557 -11.709731 5.473244
v 6.992465 -11.236351 4.545822
v 7.606048 -11.236351 5.569798
v 8.317269 -11.236351 6.528534
v 9.118828 -11.236351 7.413132
v 8.451616 -11.709731 6.418278
v 9.241724 -11.709731 7.290237
v 8.666583 -12.342509 6.241859
v 9.438366 -12.342509 7.093590
v 9.042788 -13.294083 5.933113
v 9.782500 -13.294083 6.749458
v 9.539100 -14.370752 5.525803
v 10.236506 -14.370752 6.295456
v 10.114392 -15.378826 5.053677
v 10.762755 -15.378826 5.769199
v 11.478286 -15.378826 6.417568
v 12.253784 -15.378826 6.992859
v 11.006156 -14.370752 6.992859
v 11.840313 -14.370754 7.611671
v 10.598843 -13.294083 7.489174
v 11.483603 -13.294083 8.145515
v 10.290100 -12.342509 7.865376
v 11.213219 -12.342509 8.550179
v 10.113682 -11.709731 8.080341
v 11.058719 -11.709731 8.781406
v 10.003426 -11.236351 8.214695
v 10.962160 -11.236351 8.925911
v 11.986135 -11.236351 9.539497
v 13.065200 -11.236351 10.050011
v 12.068064 -11.709731 9.386230
v 13.131712 -11.709731 9.889442
v 12.199155 -12.342509 9.140972
v 13.238134 -12.342509 9.632523
v 12.428573 -13.294083 8.711758
v 13.424379 -13.294083 9.182880
v 12.731233 -14.370752 8.145515
v 13.670082 -14.370754 8.589703
v 13.082056 -15.378826 7.489174
v 13.954888 -15.378826 7.902119
v 14.864070 -15.378826 8.227303
v 15.800689 -15.378826 8.462036
v 14.648033 -14.370752 8.939487
v 15.655499 -14.370754 9.191971
v 14.461656 -13.294083 9.553890
v 15.530239 -13.294083 9.821686
v 14.320382 -12.342509 10.019611
v 15.435292 -12.342509 10.299019
v 14.239655 -11.709731 10.285721
v 15.381040 -11.709731 10.571770
v 14.189204 -11.236351 10.452034
v 15.347132 -11.236351 10.742226
v 16.527967 -11.236351 10.917244
v 16.682896 -14.370752 9.344246
v 23.512722 -18.400009 1.211025
v 23.989979 -18.400009 -1.188297
v 23.512728 -18.400009 -3.587612
v 22.153624 -18.400009 -5.621658
v 20.119585 -18.400009 -6.980762
v 17.720268 -18.400009 -7.458015
v 15.320950 -18.400009 -6.980770
v 13.286905 -18.400009 -5.621658
v 11.927799 -18.400009 -3.587624
v 11.450545 -18.400009 -1.188305
v 11.927796 -18.400009 1.211018
v 13.286901 -18.400009 3.245060
v 15.320945 -18.400009 4.604160
v 18.350557 -19.532215 1.980427
v 18.642519 -19.661831 1.851994
v 18.936092 -19.661831 1.746990
v 18.642517 -20.379593 1.851990
v 18.340084 -19.661831 1.927788
v 18.340082 -20.379593 1.927788
v 18.031668 -19.661831 1.973499
v 18.031668 -20.379593 1.973499
v 17.720261 -19.661831 1.988831
v 17.720261 -20.379593 1.988838
v 17.408852 -19.661831 1.973499
v 17.408852 -20.379593 1.973499
v 17.100435 -19.661831 1.927788
v 17.100435 -20.379593 1.927788
v 16.797998 -19.661831 1.851990
v 16.797998 -20.379593 1.851990
v 16.504423 -19.661831 1.746990
v 16.504427 -20.379593 1.746986
v 16.222588 -19.661831 1.613655
v 16.222588 -20.379593 1.613647
v 15.955141 -19.661831 1.453392
v 15.955141 -20.379593 1.453392
v 15.704733 -19.661831 1.267635
v 15.704733 -20.379593 1.267635
v 15.473689 -19.661831 1.058277
v 15.473689 -20.379593 1.058277
v 15.264334 -19.661831 0.827232
v 15.264334 -20.379593 0.827232
v 15.078571 -19.661831 0.576817
v 15.078571 -20.379593 0.576817
v 14.918311 -19.661831 0.309372
v 14.918311 -20.379593 0.309376
v 14.784971 -19.661831 0.027531
v 14.784971 -20.379593 0.027534
v 14.679968 -19.661831 -0.266045
v 14.679968 -20.379593 -0.266045
v 14.604174 -19.661831 -0.568470
v 14.604174 -20.379593 -0.568470
v 14.558461 -19.661831 -0.876892
v 14.558461 -20.379593 -0.876892
v 14.543126 -19.661831 -1.188305
v 14.543124 -20.379593 -1.188305
v 14.558461 -19.661831 -1.499714
v 14.558461 -20.379593 -1.499714
v 14.604174 -19.661831 -1.808128
v 14.604174 -20.379593 -1.808125
v 14.679968 -19.661831 -2.110561
v 14.679968 -20.379593 -2.110561
v 14.784971 -19.661831 -2.404137
v 14.784971 -20.379593 -2.404137
v 14.918311 -19.661831 -2.685974
v 14.918311 -20.379593 -2.685974
v 15.078571 -19.661831 -2.953423
v 15.078571 -20.379593 -2.953430
v 15.264334 -19.661831 -3.203827
v 15.264334 -20.379593 -3.203827
v 15.473689 -19.661831 -3.434875
v 15.473689 -20.379593 -3.434875
v 15.704733 -19.661831 -3.644230
v 15.704733 -20.379593 -3.644230
v 15.955141 -19.661831 -3.829994
v 15.955141 -20.379593 -3.829994
v 16.222591 -19.661831 -3.990250
v 16.222591 -20.379593 -3.990253
v 16.504427 -19.661831 -4.123592
v 16.504429 -20.379593 -4.123585
v 16.798000 -19.661831 -4.228600
v 16.798000 -20.379593 -4.228600
v 17.100435 -19.661831 -4.304386
v 17.100435 -20.379593 -4.304386
v 17.408854 -19.661831 -4.350101
v 17.408854 -20.379593 -4.350101
v 17.720264 -19.661831 -4.365433
v 17.720264 -20.379593 -4.365437
v 18.031673 -19.661831 -4.350094
v 18.031673 -20.379593 -4.350094
v 18.340092 -19.661831 -4.304386
v 18.340092 -20.379593 -4.304386
v 18.642527 -19.661831 -4.228596
v 18.642527 -20.379593 -4.228588
v 18.936102 -19.661831 -4.123592
v 18.936102 -20.379593 -4.123585
v 19.217937 -19.661831 -3.990246
v 19.217937 -20.379593 -3.990246
v 19.485388 -19.661831 -3.829994
v 19.485388 -20.379593 -3.829987
v 19.735794 -19.661831 -3.644230
v 19.735794 -20.379593 -3.644230
v 19.966839 -19.661831 -3.434875
v 19.966841 -20.379593 -3.434875
v 20.176195 -19.661831 -3.203827
v 20.176195 -20.379593 -3.203827
v 20.361956 -19.661831 -2.953423
v 20.361956 -20.379593 -2.953423
v 20.522215 -19.661831 -2.685974
v 20.522217 -20.379593 -2.685974
v 20.655554 -19.661831 -2.404133
v 20.655554 -20.379593 -2.404137
v 20.760559 -19.661831 -2.110561
v 20.760559 -20.379593 -2.110561
v 20.836351 -19.661831 -1.808125
v 20.836349 -20.379593 -1.808125
v 20.882061 -19.661831 -1.499710
v 20.882061 -20.379593 -1.499710
v 20.897396 -19.661831 -1.188297
v 20.897394 -20.379593 -1.188297
v 20.882061 -19.661831 -0.876888
v 20.882061 -20.379593 -0.876888
v 20.836349 -19.661831 -0.568466
v 20.836349 -20.379593 -0.568466
v 20.760553 -19.661831 -0.266033
v 20.760553 -20.379593 -0.266033
v 20.655550 -19.661831 0.027542
v 20.655550 -20.379593 0.027546
v 20.522209 -19.661831 0.309380
v 20.522207 -20.379593 0.309376
v 20.361946 -19.661831 0.576828
v 20.361946 -20.379593 0.576828
v 20.176186 -19.661831 0.827240
v 20.176186 -20.379593 0.827236
v 19.966829 -19.661831 1.058277
v 19.966827 -20.379593 1.058277
v 19.735785 -19.661831 1.267632
v 19.735785 -20.379593 1.267635
v 19.485376 -19.661831 1.453392
v 19.485378 -20.379593 1.453392
v 19.217930 -19.661831 1.613647
v 19.217930 -20.379593 1.613647
v 19.217930 -22.217697 1.613655
v 18.936096 -20.379593 1.746986
v 18.936092 -22.217697 1.746990
v 18.936094 -24.036098 1.746986
v 18.642517 -22.217697 1.851990
v 18.340082 -22.217697 1.927788
v 18.642517 -24.036098 1.851990
v 18.340084 -24.036098 1.927788
v 18.642517 -24.694763 1.851990
v 18.340082 -24.694763 1.927788
v 18.646761 -24.753857 1.865620
v 18.936092 -24.694763 1.746990
v 19.217930 -24.694763 1.613655
v 18.941683 -24.753857 1.760139
v 19.224813 -24.753857 1.626205
v 18.958454 -24.773560 1.799610
v 19.245462 -24.773560 1.663860
v 19.109398 -24.773560 2.154770
v 18.659487 -24.773560 1.906509
v 18.774023 -24.773560 2.274506
v 18.351492 -24.773560 1.983681
v 18.342936 -24.753857 1.941761
v 18.428490 -24.773560 2.360943
v 18.037399 -24.773560 2.030216
v 18.076094 -24.773560 2.413078
v 18.033100 -24.753857 1.987679
v 17.720263 -24.773560 2.045834
v 17.720264 -24.773560 2.430565
v 17.403120 -24.773560 2.030216
v 17.720261 -24.753857 2.003082
v 17.720261 -24.694763 1.988831
v 17.407419 -24.753857 1.987679
v 17.097584 -24.753857 1.941761
v 17.408852 -24.694763 1.973499
v 17.100435 -24.694763 1.927788
v 17.408852 -24.036098 1.973499
v 17.100435 -24.036098 1.927788
v 17.408852 -22.217697 1.973499
v 17.720261 -24.036098 1.988838
v 17.720261 -22.217697 1.988831
v 18.031668 -24.036098 1.973499
v 18.031668 -22.217697 1.973499
v 18.031668 -24.694763 1.973499
v 17.100435 -22.217697 1.927788
v 16.797998 -22.217697 1.851994
v 16.504423 -22.217697 1.746990
v 16.797998 -24.036098 1.851990
v 16.504425 -24.036098 1.746986
v 16.797998 -24.694763 1.851994
v 16.504423 -24.694763 1.746990
v 16.793758 -24.753857 1.865623
v 16.498835 -24.753857 1.760139
v 16.781031 -24.773560 1.906509
v 17.089027 -24.773560 1.983681
v 16.666492 -24.773560 2.274506
v 16.482061 -24.773560 1.799610
v 16.331116 -24.773560 2.154766
v 16.195053 -24.773560 1.663860
v 16.009195 -24.773560 2.002739
v 16.215704 -24.753857 1.626198
v 15.922703 -24.773560 1.500702
v 15.947031 -24.753857 1.465218
v 15.703760 -24.773560 1.820042
v 15.667714 -24.773560 1.311588
v 15.417839 -24.773560 1.608326
v 15.695477 -24.753857 1.278622
v 15.432448 -24.773560 1.098465
v 15.463378 -24.753857 1.068325
v 15.154080 -24.773560 1.369751
v 15.219274 -24.773560 0.863266
v 14.915127 -24.773560 1.106522
v 15.253068 -24.753857 0.836235
v 15.030129 -24.773560 0.608364
v 15.066462 -24.753857 0.584702
v 14.703145 -24.773560 0.821278
v 14.866955 -24.773560 0.336121
v 14.520301 -24.773560 0.516689
v 14.905474 -24.753857 0.316063
v 14.731194 -24.773560 0.049240
v 14.771526 -24.753857 0.032963
v 14.368196 -24.773560 0.195763
v 14.624286 -24.773560 -0.249584
v 14.248432 -24.773560 -0.138481
v 14.666047 -24.753857 -0.261929
v 14.547118 -24.773560 -0.557415
v 14.589911 -24.753857 -0.565712
v 14.161995 -24.773560 -0.482773
v 14.500579 -24.773560 -0.871338
v 14.109867 -24.773560 -0.833843
v 14.543991 -24.753857 -0.875504
v 14.484965 -24.773560 -1.188305
v 14.528585 -24.753857 -1.188301
v 14.092380 -24.773560 -1.188309
v 14.500579 -24.773560 -1.505268
v 14.109867 -24.773560 -1.542778
v 14.543991 -24.753857 -1.501102
v 14.547118 -24.773560 -1.819191
v 14.589911 -24.753857 -1.810898
v 14.161996 -24.773560 -1.893848
v 14.624286 -24.773560 -2.127026
v 14.248433 -24.773560 -2.238140
v 14.666047 -24.753857 -2.114677
v 14.731194 -24.773560 -2.425850
v 14.771526 -24.753857 -2.409569
v 14.368198 -24.773560 -2.572372
v 14.866957 -24.773560 -2.712730
v 14.520306 -24.773560 -2.893299
v 14.905474 -24.753857 -2.692669
v 15.030130 -24.773560 -2.984970
v 15.066460 -24.753857 -2.961319
v 14.703151 -24.773560 -3.197887
v 15.219275 -24.773560 -3.239864
v 14.915133 -24.773560 -3.483128
v 15.253069 -24.753857 -3.212837
v 15.432451 -24.773560 -3.475063
v 15.463378 -24.753857 -3.444920
v 15.154085 -24.773560 -3.746361
v 15.667716 -24.773560 -3.688190
v 15.417846 -24.773560 -3.984924
v 15.695478 -24.753857 -3.655220
v 15.922707 -24.773560 -3.877304
v 15.947031 -24.753857 -3.841816
v 15.703766 -24.773560 -4.196651
v 16.195057 -24.773560 -4.040459
v 16.009207 -24.773560 -4.379345
v 16.215706 -24.753857 -4.002804
v 16.482067 -24.773560 -4.176208
v 16.498838 -24.753857 -4.136745
v 16.331127 -24.773560 -4.531372
v 16.781034 -24.773560 -4.283115
v 16.666504 -24.773560 -4.651115
v 16.793760 -24.753857 -4.242226
v 17.089029 -24.773560 -4.360279
v 17.097584 -24.753857 -4.318363
v 17.012039 -24.773560 -4.737553
v 17.403122 -24.773560 -4.406826
v 17.364435 -24.773560 -4.789688
v 17.407421 -24.753857 -4.364281
v 17.720264 -24.773560 -4.422432
v 17.720264 -24.753857 -4.379684
v 17.720264 -24.773560 -4.807178
v 18.037407 -24.773560 -4.406822
v 18.076096 -24.773560 -4.789688
v 18.033108 -24.753857 -4.364277
v 18.351500 -24.773560 -4.360279
v 18.342943 -24.753857 -4.318359
v 18.428493 -24.773560 -4.737553
v 18.659494 -24.773560 -4.283115
v 18.774031 -24.773560 -4.651112
v 18.646770 -24.753857 -4.242226
v 18.958464 -24.773560 -4.176208
v 18.941692 -24.753857 -4.136742
v 19.109409 -24.773560 -4.531372
v 19.245474 -24.773560 -4.040459
v 19.431330 -24.773560 -4.379333
v 19.224823 -24.753857 -4.002800
v 19.517824 -24.773560 -3.877304
v 19.493496 -24.753857 -3.841816
v 19.736767 -24.773560 -4.196640
v 19.772812 -24.773560 -3.688190
v 20.022684 -24.773560 -3.984924
v 19.745050 -24.753857 -3.655220
v 20.008076 -24.773560 -3.475063
v 19.977150 -24.753857 -3.444916
v 20.286442 -24.773560 -3.746353
v 20.221251 -24.773560 -3.239864
v 20.525393 -24.773560 -3.483128
v 20.187458 -24.753857 -3.212837
v 20.410398 -24.773560 -2.984962
v 20.374065 -24.753857 -2.961304
v 20.737373 -24.773560 -3.197887
v 20.573572 -24.773560 -2.712723
v 20.920223 -24.773560 -2.893291
v 20.535055 -24.753857 -2.692657
v 20.709332 -24.773560 -2.425838
v 20.669001 -24.753857 -2.409569
v 21.072329 -24.773560 -2.572361
v 20.816238 -24.773560 -2.127022
v 21.192091 -24.773560 -2.238129
v 20.774479 -24.753857 -2.114677
v 20.893402 -24.773560 -1.819191
v 20.850615 -24.753857 -1.810898
v 21.278528 -24.773560 -1.893841
v 20.939943 -24.773560 -1.505264
v 21.330654 -24.773560 -1.542767
v 20.896532 -24.753857 -1.501095
v 20.955557 -24.773560 -1.188297
v 20.911936 -24.753857 -1.188297
v 21.348141 -24.773560 -1.188305
v 20.939943 -24.773560 -0.871330
v 21.330654 -24.773560 -0.833839
v 20.896532 -24.753857 -0.875500
v 20.893402 -24.773560 -0.557411
v 20.850615 -24.753857 -0.565704
v 21.278528 -24.773560 -0.482769
v 20.816235 -24.773560 -0.249580
v 21.192087 -24.773560 -0.138474
v 20.774473 -24.753857 -0.261921
v 20.709324 -24.773560 0.049248
v 20.668991 -24.753857 0.032967
v 21.072325 -24.773560 0.195763
v 20.573565 -24.773560 0.336128
v 20.920218 -24.773560 0.516693
v 20.535046 -24.753857 0.316067
v 20.410391 -24.773560 0.608372
v 20.374058 -24.753857 0.584709
v 20.737377 -24.773560 0.821278
v 20.221247 -24.773560 0.863270
v 20.525393 -24.773560 1.106522
v 20.187450 -24.753857 0.836243
v 20.008072 -24.773560 1.098465
v 19.977139 -24.753857 1.068325
v 20.286442 -24.773560 1.369751
v 19.772806 -24.773560 1.311588
v 20.022680 -24.773560 1.608326
v 19.745041 -24.753857 1.278622
v 19.517813 -24.773560 1.500702
v 19.493486 -24.753857 1.465218
v 19.736757 -24.773560 1.820049
v 20.328716 -24.773560 2.683460
v 19.431320 -24.773560 2.002743
v 19.933819 -24.773560 2.918980
v 20.492062 -24.773560 3.940620
v 19.517504 -24.773560 3.115028
v 19.970839 -24.773560 4.185616
v 19.083696 -24.773560 3.269459
v 19.427656 -24.773560 4.378647
v 18.636667 -24.773560 3.380970
v 18.867882 -24.773560 4.518024
v 18.180706 -24.773560 3.448231
v 18.296888 -24.773560 4.602104
v 17.720268 -24.773560 3.470806
v 17.720272 -24.773560 4.630318
v 17.259825 -24.773560 3.448231
v 17.143648 -24.773560 4.602112
v 16.803848 -24.773560 3.380970
v 17.364431 -24.773560 2.413078
v 17.012030 -24.773560 2.360943
v 16.572630 -24.773560 4.518024
v 16.356813 -24.773560 3.269455
v 16.012844 -24.773560 4.378635
v 15.923001 -24.773560 3.115017
v 15.469658 -24.773560 4.185604
v 15.506690 -24.773560 2.918980
v 14.948442 -24.773560 3.940613
v 15.111803 -24.773560 2.683460
v 14.454101 -24.773560 3.646309
v 14.742255 -24.773560 2.410603
v 13.991542 -24.773560 3.305382
v 14.401454 -24.773560 2.103237
v 13.565022 -24.773560 2.921402
v 14.092807 -24.773556 1.764206
v 13.178797 -24.773552 2.497929
v 13.819082 -24.773556 1.396942
v 12.836321 -24.773560 2.039253
v 13.583052 -24.773556 1.004890
v 12.541042 -24.773552 1.549671
v 13.386756 -24.773556 0.591915
v 12.295504 -24.773560 1.034031
v 13.232233 -24.773556 0.161907
v 12.102237 -24.773552 0.497181
v 13.120731 -24.773556 -0.280945
v 11.962790 -24.773560 -0.055676
v 13.053495 -24.773556 -0.732468
v 11.878708 -24.773552 -0.619305
v 13.030946 -24.773556 -1.188320
v 11.850507 -24.773560 -1.188328
v 13.053497 -24.773556 -1.644173
v 11.878710 -24.773552 -1.757355
v 13.120733 -24.773556 -2.095688
v 11.962794 -24.773560 -2.320980
v 13.232237 -24.773556 -2.538536
v 12.102242 -24.773552 -2.873814
v 13.386761 -24.773556 -2.968533
v 12.295511 -24.773560 -3.410652
v 13.583061 -24.773556 -3.381500
v 12.541058 -24.773552 -3.926292
v 13.819096 -24.773556 -3.773563
v 12.836342 -24.773560 -4.415882
v 14.092822 -24.773556 -4.140823
v 13.178821 -24.773552 -4.874557
v 14.401470 -24.773556 -4.479847
v 13.565047 -24.773560 -5.298031
v 14.742270 -24.773556 -4.787212
v 13.991566 -24.773552 -5.682014
v 15.111821 -24.773556 -5.060081
v 14.454127 -24.773560 -6.022942
v 15.506717 -24.773556 -5.295597
v 14.948483 -24.773552 -6.317242
v 15.923035 -24.773556 -5.491638
v 15.469713 -24.773560 -6.562244
v 16.356848 -24.773556 -5.646069
v 16.012903 -24.773552 -6.755257
v 16.803877 -24.773556 -5.757576
v 16.572680 -24.773560 -6.894634
v 17.259838 -24.773556 -5.824833
v 17.143671 -24.773552 -6.978710
v 17.720268 -24.773556 -5.847404
v 17.720270 -24.773560 -7.006920
v 18.180702 -24.773556 -5.824833
v 18.296877 -24.773552 -6.978710
v 18.636667 -24.773556 -5.757576
v 18.867878 -24.773560 -6.894630
v 19.083702 -24.773556 -5.646065
v 19.427662 -24.773552 -6.755245
v 19.517515 -24.773556 -5.491627
v 19.970852 -24.773560 -6.562218
v 19.933830 -24.773556 -5.295578
v 20.492075 -24.773552 -6.317211
v 20.328722 -24.773556 -5.060062
v 20.986425 -24.773560 -6.022915
v 20.698267 -24.773556 -4.787201
v 21.448977 -24.773552 -5.681999
v 21.039062 -24.773556 -4.479843
v 21.875488 -24.773560 -5.298027
v 21.347702 -24.773556 -4.140823
v 22.261703 -24.773552 -4.874561
v 21.621428 -24.773556 -3.773567
v 22.604176 -24.773560 -4.415894
v 21.857462 -24.773556 -3.381508
v 22.899460 -24.773552 -3.926304
v 22.053762 -24.773556 -2.968529
v 23.145004 -24.773560 -3.410660
v 22.208286 -24.773556 -2.538525
v 23.338280 -24.773552 -2.873806
v 22.319790 -24.773556 -2.095673
v 23.477730 -24.773560 -2.320969
v 22.387026 -24.773556 -1.644157
v 23.561815 -24.773552 -1.757336
v 22.409578 -24.773556 -1.188305
v 23.590017 -24.773560 -1.188316
v 22.387026 -24.773556 -0.732460
v 23.561815 -24.773552 -0.619289
v 22.319790 -24.773556 -0.280937
v 23.477732 -24.773560 -0.055664
v 22.208286 -24.773556 0.161911
v 23.338282 -24.773552 0.497192
v 22.053764 -24.773556 0.591919
v 23.145014 -24.773560 1.034035
v 21.857468 -24.773556 1.004890
v 22.899477 -24.773552 1.549675
v 21.621439 -24.773556 1.396942
v 22.604206 -24.773560 2.039242
v 21.347719 -24.773556 1.764194
v 22.261734 -24.773552 2.497917
v 21.039074 -24.773560 2.103226
v 21.875513 -24.773560 2.921387
v 20.698271 -24.773560 2.410595
v 21.448986 -24.773560 3.305374
v 20.986418 -24.773560 3.646309
v 21.924252 -24.773560 3.879642
v 22.405306 -24.773560 3.446747
v 21.402596 -24.773560 4.263958
v 22.237675 -24.791859 4.264072
v 21.676914 -24.791859 4.677208
v 22.754881 -24.791859 3.798634
v 22.502882 -24.846764 4.589359
v 23.050678 -24.846760 4.096382
v 21.909027 -24.846764 5.026886
v 22.719868 -24.944061 4.855507
v 23.292692 -24.944061 4.339996
v 22.888632 -25.089542 5.062511
v 22.098938 -24.944061 5.312988
v 22.246645 -25.089542 5.535511
v 21.435652 -24.944061 5.707718
v 21.560907 -25.089542 5.943604
v 20.736597 -24.944061 6.036190
v 21.274609 -24.846764 5.404434
v 21.077774 -24.791859 5.033752
v 20.605927 -24.846764 5.718632
v 20.446213 -24.791859 5.330498
v 19.909275 -24.846764 5.966091
v 19.788177 -24.791859 5.564243
v 19.191509 -24.846764 6.144741
v 20.008358 -24.944061 6.294872
v 20.085419 -25.089542 6.550594
v 19.258076 -24.944061 6.481617
v 19.309851 -25.089542 6.743641
v 18.492901 -24.944061 6.594257
v 18.518906 -25.089542 6.860065
v 17.720270 -24.944061 6.632038
v 18.459465 -24.846764 6.252499
v 18.418596 -24.791859 5.834793
v 17.720276 -24.846764 6.288651
v 16.981071 -24.846764 6.252499
v 17.720276 -24.791859 5.868942
v 17.021942 -24.791859 5.834797
v 17.720278 -24.773560 5.372940
v 17.070246 -24.773560 5.341148
v 18.370295 -24.773560 5.341145
v 19.013992 -24.773560 5.246399
v 19.645060 -24.773560 5.089333
v 19.110146 -24.791859 5.732994
v 20.257462 -24.773560 4.871807
v 20.845154 -24.773560 4.595684
v 16.426521 -24.773560 5.246399
v 16.330364 -24.791859 5.732994
v 15.795436 -24.773560 5.089325
v 15.183031 -24.773560 4.871788
v 15.652318 -24.791859 5.564236
v 14.994281 -24.791859 5.330490
v 15.531218 -24.846764 5.966080
v 16.249002 -24.846764 6.144737
v 14.834567 -24.846764 5.718616
v 15.432137 -24.944061 6.294868
v 16.182434 -24.944061 6.481617
v 15.355078 -25.089542 6.550591
v 14.703894 -24.944061 6.036175
v 14.602262 -25.089542 6.283161
v 14.004850 -24.944061 5.707710
v 13.879595 -25.089542 5.943596
v 13.341579 -24.944061 5.312996
v 14.165895 -24.846764 5.404427
v 14.362727 -24.791859 5.033745
v 13.531491 -24.846764 5.026886
v 13.763606 -24.791859 4.677216
v 12.937646 -24.846764 4.589367
v 13.202853 -24.791859 4.264080
v 12.389853 -24.846760 4.096397
v 12.720658 -24.944061 4.855511
v 12.551891 -25.089542 5.062515
v 12.147837 -24.944061 4.340012
v 11.959604 -25.089542 4.529488
v 11.628870 -24.944061 3.771202
v 11.422962 -25.089542 3.941303
v 11.168461 -24.944061 3.154800
v 11.893610 -24.846760 3.552502
v 12.217181 -24.791859 3.285198
v 11.453401 -24.846760 2.963161
v 11.801661 -24.791859 2.728928
v 11.073713 -24.846760 2.333862
v 11.443313 -24.791859 2.135010
v 10.757872 -24.846760 1.670849
v 10.771314 -24.944057 2.496563
v 10.536117 -25.089542 2.623112
v 10.440924 -24.944061 1.802998
v 10.194408 -25.089542 1.905781
v 10.180779 -24.944057 1.080627
v 9.925342 -25.089542 1.158634
v 9.993021 -24.944061 0.336533
v 10.509200 -24.846760 0.980350
v 10.910603 -24.791859 0.857784
v 10.329733 -24.846760 0.269115
v 10.741269 -24.791859 0.186707
v 10.221503 -24.846760 -0.456112
v 10.639153 -24.791855 -0.497520
v 10.185198 -24.846760 -1.188328
v 9.879788 -24.944057 -0.422226
v 9.614012 -25.089542 -0.395878
v 9.841805 -24.944061 -1.188328
v 9.574720 -25.089542 -1.188324
v 9.879790 -24.944057 -1.954422
v 9.614014 -25.089542 -1.980770
v 9.993026 -24.944061 -2.713188
v 10.221505 -24.846760 -1.920544
v 10.639156 -24.791855 -1.879143
v 10.329740 -24.846760 -2.645767
v 10.741274 -24.791859 -2.563370
v 10.509210 -24.846760 -3.356991
v 10.910611 -24.791859 -3.234425
v 10.757886 -24.846760 -4.047474
v 10.180789 -24.944057 -3.457272
v 9.925351 -25.089542 -3.535263
v 10.440938 -24.944061 -4.179626
v 10.194423 -25.089542 -4.282402
v 10.771335 -24.944057 -4.873192
v 10.536135 -25.089542 -4.999733
v 11.168485 -24.944061 -5.531437
v 11.073732 -24.846760 -4.710491
v 11.443330 -24.791859 -4.511631
v 11.453424 -24.846760 -5.339790
v 11.801685 -24.791859 -5.105556
v 11.893638 -24.846760 -5.929127
v 12.217210 -24.791855 -5.661831
v 12.389882 -24.846760 -6.473022
v 11.628896 -24.944057 -6.147831
v 11.422984 -25.089542 -6.317924
v 12.147862 -24.944061 -6.716637
v 11.959626 -25.089542 -6.906109
v 12.720683 -24.944057 -7.232140
v 12.551912 -25.089542 -7.439133
v 13.341607 -24.944061 -7.689606
v 12.937673 -24.846760 -6.966000
v 13.202881 -24.791855 -6.640709
v 13.531520 -24.846760 -7.403515
v 13.763637 -24.791859 -7.053837
v 14.165940 -24.846760 -7.781055
v 14.362775 -24.791855 -7.410381
v 14.834629 -24.846760 -8.095253
v 14.004891 -24.944057 -8.084339
v 13.879631 -25.089542 -8.320225
v 14.703953 -24.944061 -8.412807
v 14.602312 -25.089542 -8.659790
v 15.432201 -24.944057 -8.671494
v 15.355132 -25.089542 -8.927212
v 16.182486 -24.944061 -8.858231
v 15.531285 -24.846760 -8.342705
v 15.652387 -24.791855 -7.940861
v 16.249060 -24.846760 -8.521355
v 16.330423 -24.791859 -8.109615
v 16.981096 -24.846760 -8.629105
v 17.021969 -24.791855 -8.211399
v 17.720272 -24.846760 -8.665260
v 16.947657 -24.944057 -8.970860
v 16.921644 -25.089542 -9.236671
v 17.720270 -24.944061 -9.008640
v 17.720270 -25.089542 -9.275730
v 18.492895 -24.944057 -8.970860
v 18.518904 -25.089542 -9.236671
v 19.258078 -24.944061 -8.858219
v 18.459454 -24.846760 -8.629105
v 18.418583 -24.791855 -8.211399
v 19.191504 -24.846760 -8.521343
v 19.110142 -24.791859 -8.109612
v 19.909285 -24.846760 -8.342693
v 19.788185 -24.791855 -7.940842
v 20.605942 -24.846760 -8.095222
v 20.008368 -24.944057 -8.671478
v 20.085434 -25.089542 -8.927197
v 20.736616 -24.944061 -8.412781
v 20.838255 -25.089542 -8.659767
v 21.435669 -24.944057 -8.084312
v 21.560928 -25.089542 -8.320202
v 22.098946 -24.944061 -7.689587
v 21.274624 -24.846760 -7.781025
v 21.077791 -24.791851 -7.410347
v 21.909031 -24.846760 -7.403484
v 21.676918 -24.791859 -7.053810
v 22.502871 -24.846760 -6.965981
v 22.237663 -24.791855 -6.640686
v 23.050655 -24.846760 -6.473019
v 22.719860 -24.944057 -7.232117
v 22.888630 -25.089542 -7.439121
v 23.292671 -24.944061 -6.716633
v 23.480909 -25.089542 -6.906105
v 23.811632 -24.944057 -6.147831
v 24.017544 -25.089542 -6.317924
v 24.272036 -24.944061 -5.531437
v 23.546890 -24.846760 -5.929127
v 23.223318 -24.791859 -5.661831
v 23.987095 -24.846760 -5.339790
v 23.638834 -24.791859 -5.105564
v 24.366785 -24.846760 -4.710495
v 23.997187 -24.791859 -4.511639
v 24.682638 -24.846760 -4.047474
v 24.669188 -24.944057 -4.873192
v 24.904390 -25.089542 -4.999729
v 24.999588 -24.944061 -4.179626
v 25.246105 -25.089542 -4.282398
v 25.259737 -24.944057 -3.457264
v 25.515177 -25.089542 -3.535248
v 25.447495 -24.944061 -2.713161
v 24.931316 -24.846760 -3.356983
v 24.529913 -24.791859 -3.234417
v 25.110786 -24.846760 -2.645756
v 24.699253 -24.791859 -2.563362
v 25.219019 -24.846760 -1.920536
v 24.801371 -24.791859 -1.879124
v 25.255325 -24.846760 -1.188316
v 25.560734 -24.944057 -1.954411
v 25.826509 -25.089542 -1.980751
v 25.598717 -24.944061 -1.188309
v 25.865801 -25.089542 -1.188305
v 25.560734 -24.944057 -0.422215
v 25.826509 -25.089542 -0.395855
v 25.447493 -24.944061 0.336555
v 25.219019 -24.846760 -0.456089
v 24.801371 -24.791859 -0.497501
v 25.110786 -24.846760 0.269135
v 24.699251 -24.791859 0.186737
v 24.931316 -24.846760 0.980366
v 24.529913 -24.791859 0.857800
v 24.682642 -24.846760 1.670860
v 25.259733 -24.944057 1.080647
v 25.515171 -25.089542 1.158653
v 24.999588 -24.944061 1.803017
v 25.246099 -25.089542 1.905796
v 24.669201 -24.944057 2.496574
v 24.904398 -25.089542 2.623123
v 24.272064 -24.944061 3.154804
v 24.366804 -24.846760 2.333870
v 23.997208 -24.791859 2.135010
v 23.987125 -24.846760 2.963158
v 23.638865 -24.791859 2.728916
v 23.546921 -24.846760 3.552486
v 23.223352 -24.791859 3.285191
v 23.811659 -24.944061 3.771194
v 24.017563 -25.089542 3.941296
v 24.164639 -25.290180 4.062798
v 23.480925 -25.089542 4.529480
v 24.493677 -25.089542 3.303864
v 24.651976 -25.290180 3.410343
v 25.072393 -25.290180 2.713516
v 24.746950 -25.552944 3.474228
v 25.173191 -25.552944 2.767754
v 24.778608 -25.907467 3.495522
v 24.252878 -25.552944 4.135704
v 23.696039 -25.552944 4.746040
v 24.282288 -25.907471 4.160011
v 23.722925 -25.907471 4.773109
v 24.252869 -26.383377 4.135715
v 23.696028 -26.383381 4.746052
v 24.164618 -26.878162 4.062820
v 24.746944 -26.383377 3.474239
v 25.173183 -26.383377 2.767761
v 24.651960 -26.878159 3.410355
v 25.072382 -26.878159 2.713535
v 24.493658 -27.289295 3.303894
v 24.904381 -27.289295 2.623154
v 24.272036 -27.621674 3.154846
v 24.017536 -27.289295 3.941326
v 23.480890 -27.289295 4.529518
v 23.811625 -27.621677 3.771233
v 23.292656 -27.621674 4.340042
v 23.546886 -27.880196 3.552532
v 23.259033 -28.062023 3.314438
v 23.050636 -27.880196 4.096436
v 23.987097 -27.880196 2.963192
v 23.677263 -28.062019 2.754539
v 24.366783 -27.880196 2.333904
v 24.037949 -28.062023 2.156757
v 24.682623 -27.880196 1.670910
v 24.669182 -27.621677 2.496609
v 24.999573 -27.621674 1.803055
v 25.259722 -27.621677 1.080708
v 25.246084 -27.289295 1.905838
v 25.422171 -26.878159 1.979244
v 25.515162 -27.289295 1.158703
v 25.697618 -26.878159 1.214409
v 25.709377 -27.289295 0.389042
v 25.896437 -26.878159 0.426495
v 25.826508 -27.289295 -0.395813
v 25.447491 -27.621674 0.336609
v 25.560728 -27.621677 -0.422161
v 25.110779 -27.880196 0.269196
v 24.744591 -28.062019 0.195782
v 24.931303 -27.880196 0.980427
v 25.219013 -27.880196 -0.456036
v 24.847378 -28.062023 -0.492924
v 25.255325 -27.880196 -1.188267
v 24.881855 -28.062019 -1.188271
v 25.598717 -27.621674 -1.188267
v 25.219021 -27.880196 -1.920486
v 24.847387 -28.062023 -1.883587
v 25.110794 -27.880196 -2.645706
v 25.560736 -27.621677 -1.954365
v 25.826511 -27.289295 -1.980717
v 25.447502 -27.621674 -2.713123
v 25.259750 -27.621677 -3.457211
v 25.709391 -27.289295 -2.765560
v 25.896450 -26.878159 -2.803024
v 25.515190 -27.289295 -3.535210
v 25.697645 -26.878159 -3.590931
v 25.246126 -27.289295 -4.282360
v 25.422211 -26.878159 -4.355782
v 24.904428 -27.289295 -4.999683
v 24.999617 -27.621674 -4.179569
v 24.669233 -27.621677 -4.873131
v 24.682669 -27.880196 -4.047421
v 24.337997 -28.062019 -3.903522
v 24.931332 -27.880196 -3.356930
v 24.366837 -27.880196 -4.710423
v 24.038004 -28.062023 -4.533268
v 23.987158 -27.880196 -5.339714
v 23.677326 -28.062019 -5.131054
v 24.272097 -27.621674 -5.531372
v 23.546947 -27.880196 -5.929054
v 23.259100 -28.062023 -5.690956
v 23.050697 -27.880196 -6.472969
v 23.811682 -27.621677 -6.147766
v 24.017588 -27.289295 -6.317867
v 23.292711 -27.621674 -6.716583
v 22.719877 -27.621677 -7.232098
v 23.480940 -27.289295 -6.906071
v 23.615391 -26.878159 -7.041412
v 22.888643 -27.289295 -7.439098
v 23.009193 -26.878159 -7.586964
v 22.246655 -27.289295 -7.912102
v 22.352163 -26.878159 -8.071049
v 21.560925 -27.289295 -8.320202
v 22.098946 -27.621674 -7.689583
v 21.435667 -27.621677 -8.084312
v 21.909033 -27.880196 -7.403484
v 21.702581 -28.062016 -7.092064
v 22.502890 -27.880196 -6.965954
v 21.274620 -27.880196 -7.781036
v 21.099556 -28.062016 -7.450932
v 20.605944 -27.880196 -8.095222
v 20.463902 -28.062016 -7.749599
v 20.736620 -27.621674 -8.412781
v 19.909294 -27.880196 -8.342686
v 19.801598 -28.062016 -7.984856
v 19.191517 -27.880196 -8.521343
v 20.008375 -27.621677 -8.671474
v 20.085442 -27.289295 -8.927189
v 19.258085 -27.621674 -8.858215
v 18.492901 -27.621677 -8.970860
v 19.309864 -27.289295 -9.120232
v 19.346844 -26.878159 -9.307388
v 18.518909 -27.289295 -9.236668
v 18.537485 -26.878159 -9.426533
v 17.720264 -27.289295 -9.275730
v 17.720264 -26.878159 -9.466503
v 16.921614 -27.289295 -9.236671
v 17.720261 -27.621674 -9.008640
v 16.947618 -27.621677 -8.970860
v 17.720261 -27.880196 -8.665253
v 17.720257 -28.062016 -8.291546
v 18.459459 -27.880196 -8.629097
v 16.981052 -27.880196 -8.629097
v 17.017397 -28.062016 -8.257164
v 16.248985 -27.880196 -8.521343
v 16.321339 -28.062016 -8.154713
v 16.182423 -27.621674 -8.858219
v 15.531203 -27.880196 -8.342686
v 15.638895 -28.062016 -7.984856
v 14.834550 -27.880196 -8.095219
v 15.432125 -27.621677 -8.671474
v 15.355069 -27.289295 -8.927197
v 14.703882 -27.621674 -8.412781
v 14.004840 -27.621677 -8.084312
v 14.602252 -27.289295 -8.659767
v 14.529664 -26.878159 -8.836189
v 13.879586 -27.289295 -8.320206
v 13.790123 -26.878159 -8.488697
v 13.193865 -27.289295 -7.912109
v 13.088363 -26.878159 -8.071056
v 12.551880 -27.289295 -7.439114
v 13.341571 -27.621674 -7.689583
v 12.720645 -27.621677 -7.232109
v 13.531480 -27.880196 -7.403484
v 13.737930 -28.062016 -7.092068
v 14.165882 -27.880196 -7.781025
v 12.937631 -27.880196 -6.965958
v 13.173530 -28.062016 -6.676243
v 12.389834 -27.880196 -6.472984
v 12.652959 -28.062016 -6.207779
v 12.147820 -27.621674 -6.716602
v 11.893591 -27.880196 -5.929085
v 12.181439 -28.062023 -5.690987
v 11.453386 -27.880196 -5.339748
v 11.628853 -27.621677 -6.147785
v 11.422948 -27.289295 -6.317890
v 11.168447 -27.621674 -5.531391
v 10.771312 -27.621677 -4.873161
v 10.946831 -27.289295 -5.680454
v 10.788535 -26.878159 -5.786926
v 10.536114 -27.289295 -4.999702
v 10.368117 -26.878159 -5.090096
v 10.194413 -27.289295 -4.282379
v 10.018332 -26.878159 -4.355801
v 9.925346 -27.289295 -3.535233
v 10.440928 -27.621674 -4.179592
v 10.180783 -27.621677 -3.457233
v 10.757874 -27.880196 -4.047451
v 11.102546 -28.062019 -3.903549
v 11.073709 -27.880196 -4.710457
v 10.509203 -27.880196 -3.356953
v 10.866366 -28.062023 -3.247757
v 10.329734 -27.880196 -2.645718
v 10.695923 -28.062019 -2.572304
v 9.993022 -27.621674 -2.713139
v 10.221502 -27.880196 -1.920498
v 10.593141 -28.062023 -1.883598
v 10.185195 -27.880196 -1.188282
v 9.879786 -27.621677 -1.954380
v 9.614010 -27.289295 -1.980732
v 9.841801 -27.621674 -1.188286
v 9.879788 -27.621677 -0.422192
v 9.574717 -27.289295 -1.188286
v 9.383944 -26.878159 -1.188290
v 9.614012 -27.289295 -0.395836
v 9.424170 -26.878159 -0.377022
v 9.731139 -27.289295 0.389008
v 9.544078 -26.878159 0.426453
v 9.925348 -27.289295 1.158653
v 9.993025 -27.621674 0.336575
v 10.180785 -27.621677 1.080662
v 10.329736 -27.880196 0.269157
v 10.695925 -28.062019 0.195747
v 10.221503 -27.880196 -0.456066
v 10.509206 -27.880196 0.980381
v 10.866369 -28.062023 0.871185
v 10.757879 -27.880196 1.670864
v 11.102552 -28.062019 1.526966
v 10.440929 -27.621674 1.803013
v 11.073718 -27.880196 2.333870
v 11.402553 -28.062023 2.156715
v 11.453403 -27.880196 2.963161
v 10.771318 -27.621677 2.496571
v 10.536120 -27.289295 2.623112
v 11.168463 -27.621674 3.154804
v 11.628870 -27.621677 3.771198
v 10.946842 -27.289295 3.303864
v 10.788543 -26.878159 3.410332
v 11.422962 -27.289295 3.941303
v 11.275885 -26.878162 4.062798
v 11.959604 -27.289295 4.529488
v 11.825150 -26.878162 4.664829
v 12.551892 -27.289295 5.062515
v 12.147838 -27.621674 4.340012
v 12.720659 -27.621677 4.855511
v 12.389854 -27.880196 4.096397
v 12.652980 -28.062019 3.831188
v 11.893610 -27.880196 3.552498
v 12.937648 -27.880196 4.589367
v 13.173547 -28.062023 4.299652
v 13.531500 -27.880196 5.026886
v 13.737948 -28.062019 4.715466
v 13.341590 -27.621674 5.312996
v 14.165921 -27.880196 5.404434
v 14.340983 -28.062023 5.074329
v 14.834612 -27.880196 5.718636
v 14.004875 -27.621677 5.707718
v 13.879615 -27.289295 5.943604
v 14.703934 -27.621674 6.036201
v 15.432185 -27.621677 6.294884
v 14.602295 -27.289295 6.283180
v 14.529693 -26.878162 6.459602
v 15.355119 -27.289295 6.550598
v 15.300067 -26.878166 6.733257
v 16.130692 -27.289295 6.743641
v 16.093704 -26.878162 6.930790
v 16.921627 -27.289295 6.860065
v 16.182468 -27.621674 6.481621
v 16.947634 -27.621677 6.594257
v 16.249043 -27.880196 6.144745
v 16.981075 -27.880196 6.252499
v 16.321398 -28.062016 5.778114
v 15.531271 -27.880196 5.966095
v 15.638968 -28.062023 5.608265
v 15.741872 -28.164318 5.265404
v 14.976652 -28.062019 5.373009
v 15.112387 -28.164318 5.041813
v 15.217823 -28.214050 4.784153
v 14.508290 -28.164318 4.757977
v 14.638262 -28.214050 4.511856
v 13.935281 -28.164318 4.416988
v 14.088584 -28.214050 4.184753
v 13.399053 -28.164318 4.021938
v 13.574260 -28.214050 3.805851
v 12.904547 -28.164318 3.576939
v 13.100012 -28.214050 3.379097
v 12.456699 -28.164318 3.086113
v 12.670577 -28.214050 2.908451
v 12.181460 -28.062023 3.314404
v 12.059531 -28.164318 2.554413
v 12.289786 -28.214050 2.398693
v 11.717059 -28.164318 1.986820
v 11.763236 -28.062019 2.754505
v 11.961479 -28.214050 1.854584
v 11.432240 -28.164318 1.388954
v 11.688475 -28.214050 1.281517
v 11.208034 -28.164318 0.766434
v 11.473589 -28.214050 0.684902
v 11.046247 -28.164318 0.125317
v 11.318541 -28.214050 0.070496
v 10.948689 -28.164318 -0.528343
v 11.225049 -28.214050 -0.555897
v 10.593142 -28.062023 -0.492954
v 10.915966 -28.164318 -1.188274
v 11.193692 -28.214050 -1.188274
v 10.948688 -28.164318 -1.848209
v 10.558664 -28.062019 -1.188274
v 11.225047 -28.214050 -1.820660
v 11.046245 -28.164318 -2.501873
v 11.318539 -28.214050 -2.447052
v 11.208032 -28.164318 -3.143009
v 11.473587 -28.214050 -3.061474
v 11.432235 -28.164318 -3.765537
v 11.688471 -28.214050 -3.658112
v 11.717049 -28.164318 -4.363407
v 11.961471 -28.214050 -4.231174
v 11.402543 -28.062023 -4.533306
v 12.059515 -28.164318 -4.931000
v 12.289772 -28.214050 -4.775272
v 12.456679 -28.164318 -5.462692
v 11.763219 -28.062019 -5.131088
v 12.670556 -28.214050 -5.285030
v 12.904525 -28.164318 -5.953529
v 13.099994 -28.214050 -5.755676
v 13.399035 -28.164318 -6.398533
v 13.574243 -28.214050 -6.182442
v 13.935262 -28.164318 -6.793579
v 14.088568 -28.214050 -6.561348
v 14.508251 -28.164318 -7.134563
v 14.638224 -28.214050 -6.888447
v 14.340942 -28.062016 -7.450924
v 15.112324 -28.164318 -7.418388
v 15.217764 -28.214050 -7.160736
v 15.741801 -28.164318 -7.641991
v 14.976591 -28.062016 -7.749596
v 15.821736 -28.214050 -7.375271
v 16.390471 -28.164318 -7.803436
v 16.444170 -28.214050 -7.530182
v 17.052120 -28.164318 -7.900826
v 17.079092 -28.214050 -7.623642
v 17.720257 -28.164318 -7.933506
v 17.720257 -28.214050 -7.654995
v 18.388390 -28.164318 -7.900826
v 18.361418 -28.214050 -7.623642
v 18.423115 -28.062016 -8.257164
v 19.050030 -28.164318 -7.803436
v 18.996330 -28.214050 -7.530182
v 19.698692 -28.164318 -7.641991
v 19.119160 -28.062016 -8.154713
v 19.618757 -28.214050 -7.375271
v 20.328167 -28.164318 -7.418400
v 20.222729 -28.214050 -7.160736
v 20.932251 -28.164318 -7.134567
v 20.802277 -28.214050 -6.888447
v 21.505249 -28.164318 -6.793579
v 21.351946 -28.214050 -6.561352
v 22.041487 -28.164318 -6.398521
v 21.866280 -28.214050 -6.182438
v 22.266991 -28.062016 -6.676243
v 22.536003 -28.164318 -5.953510
v 22.340536 -28.214050 -5.755665
v 22.983860 -28.164318 -5.462662
v 22.787571 -28.062016 -6.207760
v 22.769983 -28.214050 -5.285007
v 23.381033 -28.164318 -4.930962
v 23.150774 -28.214050 -4.775238
v 23.723497 -28.164318 -4.363373
v 23.479076 -28.214050 -4.231140
v 24.008308 -28.164318 -3.765503
v 23.752077 -28.214050 -3.658081
v 24.232506 -28.164318 -3.142982
v 23.966949 -28.214050 -3.061455
v 24.574167 -28.062023 -3.247730
v 24.394285 -28.164318 -2.501869
v 24.121988 -28.214050 -2.447048
v 24.491837 -28.164318 -1.848198
v 24.744608 -28.062019 -2.572285
v 24.215477 -28.214050 -1.820652
v 24.524553 -28.164318 -1.188263
v 24.246826 -28.214050 -1.188263
v 24.491829 -28.164318 -0.528313
v 24.215467 -28.214050 -0.555866
v 24.394268 -28.164318 0.125359
v 24.121977 -28.214050 0.070541
v 24.232477 -28.164318 0.766476
v 23.966921 -28.214050 0.684940
v 24.574141 -28.062023 0.871227
v 24.008265 -28.164318 1.388988
v 23.752031 -28.214050 1.281563
v 23.723444 -28.164318 1.986855
v 24.337954 -28.062019 1.527008
v 23.479023 -28.214050 1.854618
v 23.380966 -28.164318 2.554447
v 23.150711 -28.214050 2.398724
v 22.983793 -28.164318 3.086147
v 22.769917 -28.214050 2.908485
v 22.535944 -28.164318 3.576977
v 22.340477 -28.214050 3.379128
v 22.041443 -28.164318 4.021965
v 22.787508 -28.062019 3.831223
v 22.266947 -28.062023 4.299683
v 21.702553 -28.062019 4.715485
v 22.502846 -27.880196 4.589397
v 21.909002 -27.880196 5.026909
v 22.719833 -27.621677 4.855541
v 22.098913 -27.621674 5.313011
v 22.888605 -27.289295 5.062538
v 23.009155 -26.878166 5.210392
v 22.246624 -27.289295 5.535526
v 22.352133 -26.878162 5.694466
v 21.560898 -27.289295 5.943615
v 21.650370 -26.878166 6.112106
v 20.838224 -27.289295 6.283180
v 21.435640 -27.621677 5.707729
v 20.736589 -27.621674 6.036190
v 21.274595 -27.880196 5.404442
v 21.099531 -28.062023 5.074329
v 20.605917 -27.880196 5.718632
v 20.463879 -28.062019 5.373005
v 19.909254 -27.880196 5.966095
v 19.801559 -28.062023 5.608265
v 19.191467 -27.880196 6.144745
v 20.008337 -27.621677 6.294884
v 19.258039 -27.621674 6.481628
v 20.085400 -27.289295 6.550606
v 20.140450 -26.878166 6.733261
v 19.309818 -27.289295 6.743645
v 19.346806 -26.878162 6.930798
v 18.518871 -27.289295 6.860065
v 18.537453 -26.878166 7.049934
v 17.720245 -27.289295 6.899132
v 18.492859 -27.621677 6.594261
v 17.720240 -27.621674 6.632046
v 18.459419 -27.880196 6.252502
v 18.423075 -28.062023 5.880569
v 17.720242 -27.880196 6.288654
v 17.720242 -28.062019 5.914944
v 17.720242 -28.164318 5.556900
v 17.017420 -28.062023 5.880566
v 17.052145 -28.164318 5.524223
v 17.079117 -28.214050 5.247036
v 16.390532 -28.164318 5.426842
v 16.444227 -28.214050 5.153584
v 15.821805 -28.214050 4.998688
v 16.470278 -28.238182 5.021023
v 17.092199 -28.238182 5.112556
v 16.479450 -28.226601 4.974354
v 15.860583 -28.238182 4.869286
v 15.268977 -28.238182 4.659157
v 15.874235 -28.226597 4.823734
v 15.878785 -28.169186 4.808552
v 15.286983 -28.226601 4.615147
v 15.292986 -28.169186 4.600479
v 14.723516 -28.226597 4.350414
v 14.730914 -28.169186 4.336399
v 14.189143 -28.226597 4.032429
v 14.701317 -28.238182 4.392448
v 14.162962 -28.238182 4.072086
v 13.659261 -28.238182 3.701012
v 13.194843 -28.238182 3.283108
v 13.689184 -28.226597 3.664108
v 13.699158 -28.169186 3.651802
v 13.228227 -28.226597 3.249317
v 13.239356 -28.169186 3.238052
v 12.810868 -28.226597 2.791912
v 12.823045 -28.169186 2.781799
v 12.440822 -28.226597 2.296543
v 12.774339 -28.238182 2.822258
v 12.401495 -28.238182 2.323143
v 12.080060 -28.238182 1.790432
v 11.812786 -28.238182 1.229412
v 12.121806 -28.226597 1.767849
v 12.135722 -28.169186 1.760323
v 11.856548 -28.226597 1.211063
v 11.871137 -28.169186 1.204948
v 11.647777 -28.226597 0.631424
v 11.662894 -28.169186 0.626778
v 11.497149 -28.226597 0.034534
v 11.602423 -28.238182 0.645344
v 11.450644 -28.238182 0.043900
v 11.359124 -28.238182 -0.569252
v 11.328429 -28.238182 -1.188274
v 11.406323 -28.226597 -0.573963
v 11.422056 -28.169186 -0.575531
v 11.375861 -28.226597 -1.188282
v 11.391671 -28.169186 -1.188274
v 11.406321 -28.226597 -1.802589
v 11.422054 -28.169186 -1.801022
v 11.497145 -28.226597 -2.411102
v 11.359121 -28.238182 -1.807293
v 11.450640 -28.238182 -2.420464
v 11.602420 -28.238182 -3.021919
v 11.812784 -28.238182 -3.605999
v 11.647774 -28.226597 -3.007992
v 11.662892 -28.169186 -3.003349
v 11.856546 -28.226597 -3.587646
v 11.871134 -28.169186 -3.581532
v 12.121797 -28.226597 -4.144436
v 12.135712 -28.169186 -4.136909
v 12.440804 -28.226597 -4.673126
v 12.080052 -28.238182 -4.167019
v 12.401480 -28.238182 -4.699722
v 12.774319 -28.238182 -5.198841
v 13.194822 -28.238182 -5.659691
v 12.810847 -28.226597 -5.168499
v 12.823023 -28.169186 -5.158382
v 13.228208 -28.226597 -5.625904
v 13.239334 -28.169186 -5.614643
v 13.689168 -28.226597 -6.040703
v 13.699142 -28.169186 -6.028400
v 14.189125 -28.226597 -6.409027
v 13.659244 -28.238182 -6.077610
v 14.162942 -28.238182 -6.448689
v 14.701279 -28.238182 -6.769039
v 15.268915 -28.238182 -7.035740
v 14.723477 -28.226597 -6.727005
v 14.730876 -28.169186 -6.712990
v 15.286924 -28.226597 -6.991730
v 15.292927 -28.169186 -6.977066
v 15.874168 -28.226597 -7.200314
v 15.878718 -28.169186 -7.185131
v 16.479393 -28.226597 -7.350948
v 15.860515 -28.238182 -7.245872
v 16.470222 -28.238182 -7.397621
v 17.092178 -28.238182 -7.489162
v 17.720257 -28.238182 -7.519882
v 17.096786 -28.226597 -7.441822
v 17.098320 -28.169186 -7.426037
v 17.720257 -28.226597 -7.472313
v 17.720257 -28.169186 -7.456459
v 18.343725 -28.226597 -7.441818
v 18.342188 -28.169186 -7.426037
v 18.961105 -28.226597 -7.350948
v 18.348331 -28.238182 -7.489159
v 18.970280 -28.238182 -7.397614
v 19.579977 -28.238182 -7.245872
v 20.171577 -28.238182 -7.035740
v 19.566326 -28.226597 -7.200321
v 19.561775 -28.169186 -7.185139
v 20.153566 -28.226597 -6.991737
v 20.147566 -28.169186 -6.977074
v 20.717024 -28.226597 -6.727005
v 20.709623 -28.169186 -6.712994
v 21.251387 -28.226597 -6.409023
v 20.739222 -28.238182 -6.769047
v 21.277571 -28.238182 -6.448685
v 21.781279 -28.238182 -6.077602
v 22.245705 -28.238182 -5.659676
v 21.751356 -28.226597 -6.040695
v 21.741379 -28.169186 -6.028393
v 22.212324 -28.226597 -5.625885
v 22.201197 -28.169186 -5.614624
v 22.629692 -28.226597 -5.168468
v 22.617517 -28.169186 -5.158352
v 22.999741 -28.226597 -4.673092
v 22.666220 -28.238182 -5.198814
v 23.039066 -28.238182 -4.699692
v 23.360497 -28.238182 -4.166985
v 23.627762 -28.238182 -3.605968
v 23.318750 -28.226597 -4.144405
v 23.304836 -28.169186 -4.136875
v 23.584000 -28.226597 -3.587627
v 23.569410 -28.169186 -3.581509
v 23.792765 -28.226597 -3.007980
v 23.777645 -28.169186 -3.003338
v 23.943382 -28.226597 -2.411098
v 23.838118 -28.238182 -3.021908
v 23.989887 -28.238182 -2.420452
v 24.081400 -28.238182 -1.807285
v 24.112089 -28.238182 -1.188263
v 24.034201 -28.226597 -1.802586
v 24.018467 -28.169186 -1.801018
v 24.064655 -28.226597 -1.188267
v 24.048847 -28.169186 -1.188263
v 24.034193 -28.226597 -0.573936
v 24.018463 -28.169186 -0.575500
v 23.943371 -28.226597 0.034584
v 24.081392 -28.238182 -0.569229
v 23.989872 -28.238182 0.043941
v 23.838089 -28.238182 0.645382
v 23.627720 -28.238182 1.229443
v 23.792734 -28.226597 0.631458
v 23.777617 -28.169186 0.626816
v 23.583956 -28.226597 1.211098
v 23.569368 -28.169186 1.204979
v 23.318695 -28.226597 1.767883
v 23.304781 -28.169186 1.760353
v 22.999676 -28.226597 2.296577
v 23.360443 -28.238182 1.790462
v 23.039000 -28.238182 2.323174
v 22.666153 -28.238182 2.822292
v 22.245644 -28.238182 3.283138
v 22.629623 -28.226597 2.791954
v 22.617449 -28.169186 2.781837
v 22.212261 -28.226597 3.249355
v 22.201134 -28.169186 3.238091
v 21.751312 -28.226597 3.664131
v 21.741337 -28.169186 3.651833
v 21.251362 -28.226597 4.032436
v 21.781235 -28.238182 3.701038
v 21.277544 -28.238182 4.072109
v 21.866236 -28.214050 3.805882
v 21.351921 -28.214050 4.184769
v 21.505226 -28.164318 4.417004
v 20.802258 -28.214050 4.511856
v 20.932230 -28.164318 4.757977
v 20.222706 -28.214050 4.784149
v 20.739201 -28.238182 4.392448
v 20.171551 -28.238182 4.659149
v 20.717005 -28.226597 4.350418
v 20.709604 -28.169186 4.336403
v 20.153543 -28.226597 4.615135
v 20.147541 -28.169186 4.600471
v 19.566288 -28.226597 4.823727
v 19.561739 -28.169186 4.808540
v 18.961063 -28.226597 4.974354
v 19.579941 -28.238182 4.869282
v 18.970232 -28.238182 5.021027
v 19.618719 -28.214050 4.998680
v 19.698654 -28.164318 5.265400
v 18.996286 -28.214050 5.153587
v 19.049982 -28.164318 5.426846
v 18.361376 -28.214050 5.247044
v 18.388348 -28.164318 5.524227
v 17.720242 -28.214050 5.278393
v 18.348291 -28.238182 5.112568
v 17.720240 -28.238182 5.143272
v 18.343685 -28.226597 5.065220
v 18.342150 -28.169186 5.049442
v 17.720242 -28.226597 5.095715
v 17.096806 -28.226597 5.065216
v 17.720240 -28.169186 5.079853
v 17.098341 -28.169186 5.049438
v 17.720240 -28.008533 5.079853
v 17.720243 -27.948292 5.063438
v 17.098341 -28.008533 5.049438
v 18.342150 -28.008533 5.049442
v 18.340467 -27.948288 5.033100
v 18.958006 -28.008533 4.958797
v 18.958006 -28.169186 4.958797
v 19.561739 -28.008533 4.808540
v 18.954653 -27.948292 4.942696
v 18.944595 -27.928207 4.894398
v 19.556751 -27.948288 4.792839
v 20.140974 -27.948292 4.585323
v 19.541790 -27.928207 4.745739
v 20.121262 -27.928207 4.539879
v 19.469484 -27.928207 4.518063
v 20.025991 -27.928211 4.320206
v 19.292459 -27.928204 3.960651
v 18.895979 -27.928211 4.660934
v 18.310982 -27.928207 4.747116
v 18.776953 -27.928204 4.089359
v 18.251171 -27.928204 4.166988
v 18.648743 -27.928204 3.386295
v 18.186666 -27.928196 3.451664
v 19.102154 -27.928196 3.278076
v 18.572567 -27.928196 2.758396
v 18.990023 -27.928196 2.674915
v 18.528208 -27.928200 2.189407
v 18.148153 -27.928196 2.809113
v 17.720263 -27.928196 2.826275
v 18.125425 -27.928196 2.225471
v 18.108278 -27.928196 1.686882
v 17.720264 -27.928200 2.237843
v 17.720264 -27.928196 1.695217
v 17.315102 -27.928196 2.225471
v 17.332251 -27.928196 1.686882
v 16.912317 -27.928200 2.189407
v 17.292370 -27.928196 2.809109
v 17.253849 -27.928196 3.451664
v 16.867956 -27.928196 2.758392
v 16.791779 -27.928204 3.386295
v 16.450500 -27.928196 2.674915
v 16.338369 -27.928196 3.278076
v 16.044495 -27.928196 2.561287
v 16.514297 -27.928196 2.130753
v 16.559593 -27.928196 1.625156
v 16.125093 -27.928200 2.053169
v 16.177933 -27.928196 1.577198
v 15.748767 -27.928196 1.960350
v 15.802237 -27.928196 1.523438
v 15.396193 -27.928200 1.860439
v 15.654428 -27.928196 2.420124
v 15.475341 -27.928196 2.939713
v 15.289129 -27.928196 2.256962
v 15.075442 -27.928204 2.714279
v 14.957421 -27.928196 2.077324
v 14.703647 -27.928196 2.455368
v 14.674272 -27.928196 1.857697
v 15.078248 -27.928196 1.761581
v 15.097184 -27.928196 1.434776
v 14.842483 -27.928196 1.689480
v 14.770379 -27.928196 1.453712
v 14.671522 -27.928200 1.135769
v 14.454638 -27.928196 1.574539
v 14.070022 -27.928196 1.822445
v 14.275000 -27.928196 1.242832
v 13.810916 -27.928204 1.451180
v 14.111835 -27.928196 0.877529
v 13.585363 -27.928196 1.051933
v 13.970675 -27.928196 0.487461
v 14.571612 -27.928196 0.783188
v 15.008518 -27.928196 0.729717
v 14.478791 -27.928200 0.406857
v 14.401210 -27.928196 0.017666
v 14.954761 -27.928196 0.354027
v 14.906804 -27.928196 -0.027634
v 15.402551 -27.928200 0.322899
v 15.377317 -27.928196 -0.057564
v 15.826127 -27.928196 0.307449
v 15.427065 -27.928196 0.705826
v 15.442279 -27.928200 1.089672
v 15.831761 -27.928196 0.700199
v 15.826134 -27.928196 1.104893
v 16.224512 -27.928196 0.705833
v 16.229368 -27.928200 0.302593
v 16.209053 -27.928200 1.129410
v 16.607227 -27.928196 0.715725
v 16.589525 -27.928196 1.154644
v 16.616150 -27.928196 0.303291
v 16.982414 -27.928196 0.726131
v 16.990757 -27.928200 0.306503
v 16.967896 -27.928200 1.176388
v 17.352592 -27.928196 0.733303
v 17.344517 -27.928196 1.190453
v 17.357483 -27.928196 0.309212
v 17.720264 -27.928196 0.736080
v 17.720264 -27.928200 0.310436
v 17.720264 -27.928200 1.195557
v 18.087936 -27.928196 0.733303
v 18.096012 -27.928196 1.190453
v 18.083046 -27.928196 0.309212
v 18.458115 -27.928196 0.726131
v 18.449770 -27.928200 0.306499
v 18.472633 -27.928200 1.176388
v 18.833302 -27.928196 0.715725
v 18.851004 -27.928196 1.154640
v 18.824381 -27.928196 0.303291
v 19.216015 -27.928196 0.705833
v 19.211163 -27.928200 0.302593
v 19.231470 -27.928200 1.129406
v 19.608767 -27.928196 0.700199
v 19.614393 -27.928196 1.104897
v 19.614403 -27.928196 0.307449
v 20.013464 -27.928196 0.705826
v 20.037979 -27.928200 0.322903
v 19.998247 -27.928200 1.089672
v 20.432009 -27.928196 0.729725
v 20.381510 -27.928196 1.092346
v 20.485765 -27.928196 0.354027
v 20.868914 -27.928196 0.783199
v 20.961735 -27.928200 0.406868
v 20.769005 -27.928200 1.135777
v 21.328691 -27.928196 0.877537
v 21.855158 -27.928196 1.051945
v 21.469852 -27.928196 0.487473
v 21.165524 -27.928196 1.242836
v 21.629604 -27.928204 1.451195
v 20.985886 -27.928196 1.574539
v 21.370499 -27.928196 1.822453
v 20.766253 -27.928196 1.857697
v 20.670145 -27.928196 1.453716
v 20.343342 -27.928196 1.434776
v 20.598042 -27.928196 1.689484
v 20.362274 -27.928196 1.761581
v 20.044333 -27.928200 1.860443
v 20.483099 -27.928196 2.077324
v 20.736870 -27.928196 2.455376
v 20.151390 -27.928196 2.256966
v 20.365072 -27.928204 2.714279
v 19.786093 -27.928196 2.420128
v 19.965179 -27.928196 2.939713
v 19.396030 -27.928196 2.561291
v 19.691755 -27.928196 1.960350
v 19.638288 -27.928196 1.523445
v 19.315428 -27.928200 2.053169
v 19.262594 -27.928196 1.577198
v 18.926228 -27.928196 2.130753
v 18.880932 -27.928196 1.625156
v 18.495447 -27.928196 1.663116
v 20.000908 -27.928196 1.472954
v 19.542452 -27.928204 3.128658
v 19.792747 -27.928204 3.782379
v 20.272888 -27.928204 3.556061
v 20.559990 -27.928207 4.069065
v 20.728357 -27.928204 3.284161
v 21.066444 -27.928211 3.767387
v 21.154642 -27.928204 2.969109
v 21.540340 -27.928207 3.417938
v 21.547808 -27.928204 2.614185
v 21.977310 -27.928211 3.024345
v 21.074150 -27.928204 2.159321
v 21.903919 -27.928204 2.222652
v 22.372999 -27.928207 2.590271
v 22.219767 -27.928204 1.798473
v 22.723867 -27.928211 2.120098
v 22.492144 -27.928204 1.345608
v 23.026379 -27.928207 1.618263
v 22.718693 -27.928204 0.868553
v 23.277935 -27.928211 1.089722
v 22.044155 -27.928204 0.629993
v 22.897047 -27.928204 0.371773
v 23.475941 -27.928207 0.539436
v 23.025751 -27.928204 -0.139877
v 22.193594 -27.928196 0.190567
v 22.301821 -27.928204 -0.261875
v 21.583479 -27.928196 0.081467
v 21.666962 -27.928196 -0.335991
v 21.039318 -27.928196 0.017666
v 21.097980 -27.928200 -0.380356
v 20.533726 -27.928196 -0.027634
v 20.063211 -27.928196 -0.057564
v 20.571682 -27.928196 -0.413116
v 20.595448 -27.928196 -0.800289
v 20.084959 -27.928200 -0.435925
v 20.099022 -27.928196 -0.812557
v 19.634697 -27.928196 -0.450451
v 19.641872 -27.928196 -0.820629
v 19.215071 -27.928200 -0.458790
v 19.624292 -27.928196 -0.075260
v 19.211857 -27.928196 -0.084183
v 18.820786 -27.928196 -0.087780
v 18.445478 -27.928196 -0.088306
v 18.820263 -27.928196 -0.463085
v 18.820557 -27.928196 -0.828236
v 18.443762 -27.928200 -0.464806
v 18.443142 -27.928196 -0.829502
v 18.079063 -27.928196 -0.465431
v 18.078508 -27.928196 -0.830063
v 17.720266 -27.928200 -0.465466
v 18.080332 -27.928196 -0.088013
v 17.720264 -27.928196 -0.087662
v 17.360197 -27.928196 -0.088017
v 16.995050 -27.928196 -0.088306
v 17.361465 -27.928196 -0.465431
v 17.362022 -27.928196 -0.830063
v 16.996769 -27.928200 -0.464806
v 16.997389 -27.928196 -0.829502
v 16.620268 -27.928196 -0.463085
v 16.619974 -27.928196 -0.828236
v 16.225460 -27.928200 -0.458794
v 16.619743 -27.928196 -0.087784
v 16.228674 -27.928196 -0.084187
v 15.816236 -27.928196 -0.075264
v 15.805831 -27.928196 -0.450451
v 15.798658 -27.928196 -0.820629
v 15.355570 -27.928200 -0.435936
v 15.341507 -27.928196 -0.812557
v 14.868844 -27.928196 -0.413120
v 14.845078 -27.928196 -0.800293
v 14.342547 -27.928200 -0.380360
v 14.306490 -27.928196 -0.783142
v 13.773566 -27.928196 -0.335995
v 13.138705 -27.928204 -0.261894
v 13.857046 -27.928196 0.081459
v 13.722850 -27.928196 -0.760410
v 13.073346 -27.928196 -0.722946
v 13.705683 -27.928196 -1.188305
v 13.051381 -27.928204 -1.188301
v 14.294110 -27.928200 -1.188301
v 13.722850 -27.928196 -1.616199
v 13.073346 -27.928196 -1.653660
v 13.773566 -27.928196 -2.040611
v 14.306490 -27.928196 -1.593468
v 14.845078 -27.928196 -1.576317
v 14.342547 -27.928200 -1.996254
v 14.401210 -27.928196 -2.394272
v 14.868844 -27.928196 -1.963490
v 14.906804 -27.928196 -2.348972
v 15.355570 -27.928200 -1.940678
v 15.377317 -27.928196 -2.319050
v 15.805831 -27.928196 -1.926159
v 15.341507 -27.928196 -1.564053
v 15.336398 -27.928200 -1.188301
v 15.798658 -27.928196 -1.555981
v 15.795877 -27.928196 -1.188305
v 16.222744 -27.928196 -1.551090
v 16.225460 -27.928200 -1.917812
v 16.221510 -27.928200 -1.188305
v 16.619974 -27.928196 -1.548370
v 16.619625 -27.928196 -1.188305
v 16.620266 -27.928196 -1.913521
v 16.997387 -27.928196 -1.547104
v 16.996765 -27.928200 -1.911800
v 16.997427 -27.928200 -1.188301
v 17.362020 -27.928196 -1.546547
v 17.362122 -27.928196 -1.188305
v 17.361464 -27.928196 -1.911182
v 17.720264 -27.928196 -1.546448
v 17.720264 -27.928200 -1.911137
v 17.720264 -27.928200 -1.188305
v 18.078508 -27.928196 -1.546547
v 18.078407 -27.928196 -1.188305
v 18.079063 -27.928196 -1.911182
v 18.443142 -27.928196 -1.547104
v 18.443764 -27.928200 -1.911800
v 18.443104 -27.928200 -1.188301
v 18.820557 -27.928196 -1.548370
v 18.820906 -27.928196 -1.188305
v 18.820265 -27.928196 -1.913521
v 19.217787 -27.928196 -1.551086
v 19.215073 -27.928200 -1.917809
v 19.219021 -27.928200 -1.188305
v 19.641872 -27.928196 -1.555977
v 19.644651 -27.928196 -1.188305
v 19.634697 -27.928196 -1.926159
v 20.099022 -27.928196 -1.564053
v 20.084959 -27.928200 -1.940670
v 20.104132 -27.928200 -1.188301
v 20.595448 -27.928196 -1.576317
v 20.603783 -27.928196 -1.188305
v 20.571686 -27.928196 -1.963490
v 21.134039 -27.928196 -1.593464
v 21.097980 -27.928200 -1.996250
v 21.146418 -27.928200 -1.188301
v 21.717678 -27.928196 -1.616192
v 22.367184 -27.928196 -1.653648
v 21.666965 -27.928196 -2.040607
v 21.734846 -27.928196 -1.188297
v 22.389147 -27.928204 -1.188297
v 21.717678 -27.928196 -0.760406
v 22.367180 -27.928196 -0.722942
v 21.134039 -27.928196 -0.783134
v 23.103367 -27.928204 -0.661572
v 23.704958 -27.928207 -0.604992
v 23.129402 -27.928204 -1.188286
v 23.733852 -27.928211 -1.188274
v 23.103369 -27.928204 -1.714989
v 23.704962 -27.928207 -1.771542
v 23.025759 -27.928204 -2.236679
v 23.618820 -27.928211 -2.349285
v 22.301823 -27.928204 -2.114708
v 22.897060 -27.928204 -2.748333
v 23.475962 -27.928207 -2.915970
v 22.718714 -27.928204 -3.245110
v 22.193605 -27.928196 -2.567158
v 22.044168 -27.928204 -3.006573
v 21.583487 -27.928196 -2.458065
v 21.469860 -27.928196 -2.864075
v 21.039322 -27.928196 -2.394268
v 20.961739 -27.928200 -2.783474
v 20.533728 -27.928196 -2.348972
v 20.063211 -27.928196 -2.319042
v 20.485765 -27.928196 -2.730633
v 20.432011 -27.928196 -3.106331
v 20.037979 -27.928200 -2.699516
v 20.013464 -27.928196 -3.082436
v 19.614405 -27.928196 -2.684052
v 19.608770 -27.928196 -3.076801
v 19.211164 -27.928200 -2.679199
v 19.624292 -27.928196 -2.301342
v 19.211859 -27.928196 -2.292419
v 18.820791 -27.928196 -2.288826
v 18.445482 -27.928196 -2.288300
v 18.824385 -27.928196 -2.679893
v 18.833307 -27.928196 -3.092331
v 18.449774 -27.928200 -2.683113
v 18.458118 -27.928196 -3.102734
v 18.083050 -27.928196 -2.685825
v 18.087938 -27.928196 -3.109909
v 17.720264 -27.928200 -2.687050
v 18.080334 -27.928196 -2.288597
v 17.720264 -27.928196 -2.288944
v 17.360195 -27.928196 -2.288597
v 16.995049 -27.928196 -2.288300
v 17.357481 -27.928196 -2.685825
v 17.352591 -27.928196 -3.109909
v 16.990757 -27.928200 -2.683102
v 16.982412 -27.928196 -3.102737
v 16.616150 -27.928196 -2.679893
v 16.607227 -27.928196 -3.092335
v 16.229368 -27.928200 -2.679199
v 16.619743 -27.928196 -2.288826
v 16.228674 -27.928196 -2.292419
v 15.816236 -27.928196 -2.301342
v 15.826127 -27.928196 -2.684052
v 15.831763 -27.928196 -3.076809
v 15.402551 -27.928200 -2.699516
v 15.427065 -27.928196 -3.082436
v 14.954761 -27.928196 -2.730633
v 15.008518 -27.928196 -3.106335
v 14.478791 -27.928200 -2.783482
v 14.571612 -27.928196 -3.159801
v 13.970675 -27.928196 -2.864082
v 13.396365 -27.928204 -3.006584
v 13.857046 -27.928196 -2.458073
v 14.111835 -27.928196 -3.254147
v 13.585362 -27.928196 -3.428539
v 14.275000 -27.928196 -3.619438
v 14.454638 -27.928196 -3.951145
v 13.810915 -27.928204 -3.827789
v 14.671522 -27.928200 -3.512375
v 14.770379 -27.928196 -3.830318
v 15.059013 -27.928196 -3.468948
v 15.097184 -27.928196 -3.811382
v 15.442279 -27.928200 -3.466293
v 15.439616 -27.928196 -3.849552
v 15.826134 -27.928196 -3.481499
v 15.802237 -27.928196 -3.900047
v 16.209055 -27.928200 -3.506020
v 16.177935 -27.928196 -3.953808
v 16.589525 -27.928196 -3.531246
v 16.224514 -27.928196 -3.082443
v 16.559593 -27.928196 -4.001762
v 16.967892 -27.928200 -3.552994
v 16.945080 -27.928196 -4.039722
v 17.344517 -27.928196 -3.567059
v 17.332251 -27.928196 -4.063492
v 17.720264 -27.928200 -3.572166
v 17.720264 -27.928196 -4.071823
v 18.096014 -27.928196 -3.567059
v 17.720264 -27.928196 -3.112694
v 18.108280 -27.928196 -4.063484
v 18.472639 -27.928200 -3.552994
v 18.495453 -27.928196 -4.039719
v 18.851006 -27.928196 -3.531246
v 18.880939 -27.928196 -4.001759
v 19.231476 -27.928200 -3.506016
v 19.262598 -27.928196 -3.953804
v 19.614399 -27.928196 -3.481499
v 19.216019 -27.928196 -3.082436
v 19.638296 -27.928196 -3.900047
v 19.998253 -27.928200 -3.466290
v 20.000916 -27.928196 -3.849552
v 20.381517 -27.928196 -3.468948
v 20.343349 -27.928196 -3.811382
v 20.769005 -27.928200 -3.512375
v 20.670155 -27.928196 -3.830318
v 20.868917 -27.928196 -3.159798
v 21.165531 -27.928196 -3.619427
v 21.629620 -27.928204 -3.827782
v 20.985895 -27.928196 -3.951141
v 21.328695 -27.928196 -3.254135
v 21.855171 -27.928196 -3.428532
v 22.492174 -27.928204 -3.722179
v 23.026424 -27.928207 -3.994808
v 22.219799 -27.928204 -4.175037
v 22.723925 -27.928211 -4.496635
v 21.903955 -27.928204 -4.599216
v 22.373058 -27.928207 -4.966797
v 21.547842 -27.928204 -4.990757
v 21.370516 -27.928196 -4.199043
v 21.074167 -27.928204 -4.535919
v 20.736887 -27.928196 -4.831970
v 20.766264 -27.928196 -4.234291
v 20.483110 -27.928196 -4.453922
v 20.598051 -27.928196 -4.066078
v 20.362286 -27.928196 -4.138184
v 20.044340 -27.928200 -4.237041
v 19.691765 -27.928196 -4.336956
v 20.151405 -27.928196 -4.633560
v 20.365089 -27.928204 -5.090881
v 19.786104 -27.928196 -4.796730
v 19.965193 -27.928196 -5.316322
v 19.396040 -27.928196 -4.937893
v 19.542467 -27.928204 -5.505264
v 18.990036 -27.928196 -5.051521
v 19.315439 -27.928200 -4.429771
v 18.926237 -27.928196 -4.507359
v 18.528215 -27.928200 -4.566017
v 18.125431 -27.928196 -4.602077
v 18.572580 -27.928196 -5.134998
v 18.648762 -27.928204 -5.762909
v 18.148163 -27.928196 -5.185715
v 18.186684 -27.928196 -5.828274
v 17.720266 -27.928196 -5.202881
v 17.720266 -27.928204 -5.850243
v 17.292374 -27.928196 -5.185715
v 17.720264 -27.928200 -4.614456
v 17.315102 -27.928196 -4.602077
v 16.912317 -27.928200 -4.566017
v 16.514297 -27.928196 -4.507359
v 16.867958 -27.928196 -5.134998
v 16.791775 -27.928204 -5.762913
v 16.450502 -27.928196 -5.051521
v 16.338362 -27.928196 -5.654682
v 16.044497 -27.928196 -4.937893
v 15.898067 -27.928204 -5.505264
v 15.654429 -27.928196 -4.796730
v 16.125095 -27.928200 -4.429771
v 15.748769 -27.928196 -4.336956
v 15.396193 -27.928200 -4.237045
v 15.078249 -27.928196 -4.138191
v 15.289132 -27.928196 -4.633568
v 15.075446 -27.928204 -5.090881
v 14.957424 -27.928196 -4.453926
v 14.703650 -27.928196 -4.831982
v 14.674272 -27.928196 -4.234299
v 14.366367 -27.928204 -4.535923
v 14.842484 -27.928196 -4.066082
v 13.892690 -27.928204 -4.990768
v 14.070019 -27.928196 -4.199055
v 13.536582 -27.928204 -4.599236
v 13.067483 -27.928207 -4.966824
v 13.220737 -27.928204 -4.175060
v 12.716623 -27.928211 -4.496655
v 12.948364 -27.928204 -3.722195
v 12.414121 -27.928207 -3.994831
v 12.721821 -27.928204 -3.245132
v 12.162572 -27.928211 -3.466286
v 12.543473 -27.928204 -2.748344
v 11.964573 -27.928207 -2.915989
v 12.414769 -27.928204 -2.236687
v 13.246929 -27.928196 -2.567165
v 13.138705 -27.928204 -2.114712
v 11.821706 -27.928211 -2.349293
v 12.337156 -27.928204 -1.715000
v 11.735562 -27.928207 -1.771553
v 12.311124 -27.928204 -1.188297
v 11.706669 -27.928211 -1.188282
v 12.337157 -27.928204 -0.661591
v 11.735564 -27.928207 -0.605011
v 12.414770 -27.928204 -0.139904
v 11.821709 -27.928211 -0.027275
v 12.543474 -27.928204 0.371754
v 11.964574 -27.928207 0.539410
v 12.721822 -27.928204 0.868534
v 13.246929 -27.928196 0.190556
v 13.396365 -27.928204 0.629978
v 12.162574 -27.928211 1.089695
v 12.948368 -27.928204 1.345592
v 12.414126 -27.928207 1.618240
v 13.220745 -27.928204 1.798462
v 12.716635 -27.928211 2.120075
v 13.536592 -27.928204 2.222633
v 13.067499 -27.928207 2.590237
v 13.892699 -27.928204 2.614166
v 13.463188 -27.928211 3.024315
v 14.366368 -27.928204 2.159317
v 14.285865 -27.928204 2.969093
v 13.900160 -27.928207 3.417912
v 14.712154 -27.928204 3.284153
v 14.374062 -27.928211 3.767384
v 15.167633 -27.928204 3.556061
v 14.880531 -27.928207 4.069065
v 15.647780 -27.928204 3.782379
v 15.414536 -27.928211 4.320206
v 15.898073 -27.928204 3.128658
v 16.148066 -27.928204 3.960651
v 15.971039 -27.928207 4.518063
v 16.663563 -27.928204 4.089359
v 16.544537 -27.928211 4.660934
v 17.189337 -27.928204 4.166992
v 17.129519 -27.928207 4.747116
v 17.720253 -27.928204 4.193039
v 17.720247 -27.928211 4.776031
v 17.720259 -27.928204 3.473629
v 17.720243 -27.928207 5.014164
v 17.105083 -27.928207 4.984070
v 18.335413 -27.928207 4.984070
v 17.100027 -27.948288 5.033096
v 16.495916 -27.928207 4.894390
v 16.485859 -27.948292 4.942699
v 15.898732 -27.928207 4.745743
v 15.883772 -27.948288 4.792847
v 15.319267 -27.928207 4.539886
v 14.763265 -27.928207 4.278595
v 15.299556 -27.948292 4.585331
v 14.739002 -27.948288 4.321949
v 15.292986 -28.008533 4.600479
v 15.878785 -28.008533 4.808552
v 14.730914 -28.008533 4.336399
v 14.197871 -28.008533 4.019203
v 14.197871 -28.169186 4.019203
v 14.207395 -27.948292 4.005592
v 13.699158 -28.008533 3.651806
v 13.239356 -28.008533 3.238052
v 13.710023 -27.948288 3.639160
v 13.742619 -27.928207 3.601238
v 13.251454 -27.948292 3.226498
v 13.287752 -27.928207 3.191841
v 12.836257 -27.948288 2.771450
v 12.875898 -27.928207 2.740379
v 12.468130 -27.948292 2.278614
v 12.823045 -28.008533 2.781799
v 12.453931 -28.008533 2.287674
v 12.453931 -28.169186 2.287674
v 12.135722 -28.008533 1.760319
v 11.871137 -28.008533 1.204945
v 12.150770 -27.948288 1.752640
v 12.195916 -27.928207 1.729603
v 11.886890 -27.948292 1.198719
v 11.934149 -27.928207 1.180031
v 11.679201 -27.948288 0.622055
v 11.728122 -27.928207 0.607891
v 11.529355 -27.948292 0.028244
v 11.662894 -28.008533 0.626778
v 11.512650 -28.008533 0.031414
v 11.512650 -28.169186 0.031414
v 11.422056 -28.008533 -0.575531
v 11.391671 -28.008533 -1.188274
v 11.439003 -27.948288 -0.577122
v 11.489842 -27.928207 -0.581905
v 11.408699 -27.948292 -1.188271
v 11.459780 -27.928207 -1.188274
v 11.439000 -27.948288 -1.799427
v 11.489840 -27.928207 -1.794651
v 11.529351 -27.948292 -2.404800
v 11.422054 -28.008533 -1.801022
v 11.512646 -28.008533 -2.407978
v 11.512646 -28.169186 -2.407978
v 11.662892 -28.008533 -3.003349
v 11.871134 -28.008533 -3.581532
v 11.679198 -27.948288 -2.998627
v 11.728120 -27.928207 -2.984463
v 11.886888 -27.948292 -3.575302
v 11.934147 -27.928207 -3.556614
v 12.150761 -27.948288 -4.129227
v 12.195908 -27.928207 -4.106186
v 12.468114 -27.948292 -4.655201
v 12.135712 -28.008533 -4.136909
v 12.453913 -28.008533 -4.664261
v 12.453913 -28.169186 -4.664261
v 12.823021 -28.008533 -5.158382
v 13.239332 -28.008533 -5.614643
v 12.836235 -27.948288 -5.148026
v 12.875877 -27.928207 -5.116966
v 13.251431 -27.948292 -5.603085
v 13.287728 -27.928207 -5.568424
v 13.710006 -27.948288 -6.015755
v 13.742600 -27.928207 -5.977829
v 14.207376 -27.948292 -6.382198
v 13.699141 -28.008533 -6.028400
v 14.197852 -28.008533 -6.395805
v 14.197853 -28.169186 -6.395805
v 14.730876 -28.008533 -6.712990
v 15.292927 -28.008533 -6.977066
v 14.738964 -27.948288 -6.698536
v 14.763227 -27.928207 -6.655190
v 15.299499 -27.948292 -6.961914
v 15.319211 -27.928207 -6.916466
v 15.883707 -27.948288 -7.169437
v 15.898667 -27.928207 -7.122334
v 16.485806 -27.948292 -7.319290
v 15.878718 -28.008533 -7.185131
v 16.482450 -28.008533 -7.335396
v 16.482450 -28.169186 -7.335396
v 17.098320 -28.008533 -7.426037
v 17.720257 -28.008533 -7.456459
v 17.100006 -27.948288 -7.409698
v 17.105061 -27.928207 -7.360672
v 17.720257 -27.948292 -7.440033
v 17.720257 -27.928207 -7.390766
v 18.340502 -27.948288 -7.409698
v 18.335449 -27.928207 -7.360676
v 18.954695 -27.948292 -7.319290
v 18.342188 -28.008533 -7.426037
v 18.958050 -28.008533 -7.335396
v 18.958050 -28.169186 -7.335396
v 19.561775 -28.008533 -7.185143
v 20.147566 -28.008533 -6.977074
v 19.556789 -27.948288 -7.169441
v 19.541826 -27.928207 -7.122334
v 20.140993 -27.948292 -6.961918
v 20.121283 -27.928207 -6.916473
v 20.701534 -27.948288 -6.698547
v 20.677275 -27.928207 -6.655193
v 21.233131 -27.948292 -6.382198
v 20.709623 -28.008533 -6.712994
v 21.242661 -28.008533 -6.395805
v 21.242661 -28.169186 -6.395805
v 21.741379 -28.008533 -6.028393
v 22.201197 -28.008533 -5.614624
v 21.730515 -27.948288 -6.015747
v 21.697920 -27.928207 -5.977821
v 22.189096 -27.948292 -5.603069
v 22.152798 -27.928207 -5.568409
v 22.604303 -27.948288 -5.147995
v 22.564663 -27.928207 -5.116936
v 22.972435 -27.948292 -4.655167
v 22.617517 -28.008533 -5.158352
v 22.986633 -28.008533 -4.664227
v 22.986633 -28.169186 -4.664227
v 23.304836 -28.008533 -4.136875
v 23.569410 -28.008533 -3.581509
v 23.289789 -27.948288 -4.129196
v 23.244642 -27.928207 -4.106155
v 23.553658 -27.948292 -3.575275
v 23.506397 -27.928207 -3.556587
v 23.761337 -27.948288 -2.998615
v 23.712418 -27.928207 -2.984444
v 23.911177 -27.948292 -2.404800
v 23.777645 -28.008533 -3.003338
v 23.927883 -28.008533 -2.407970
v 23.927883 -28.169186 -2.407970
v 24.018465 -28.008533 -1.801018
v 24.048845 -28.008533 -1.188263
v 24.001520 -27.948288 -1.799423
v 23.950680 -27.928207 -1.794647
v 24.031818 -27.948292 -1.188267
v 23.980740 -27.928207 -1.188267
v 24.001516 -27.948288 -0.577099
v 23.950678 -27.928207 -0.581882
v 23.911161 -27.948292 0.028282
v 24.018463 -28.008533 -0.575500
v 23.927868 -28.008533 0.031452
v 23.927868 -28.169186 0.031452
v 23.777617 -28.008533 0.626816
v 23.569368 -28.008533 1.204979
v 23.761311 -27.948288 0.622093
v 23.712391 -27.928207 0.607925
v 23.553616 -27.948292 1.198750
v 23.506357 -27.928207 1.180061
v 23.289730 -27.948288 1.752670
v 23.244583 -27.928207 1.729630
v 22.972370 -27.948292 2.278648
v 23.304781 -28.008533 1.760353
v 22.986568 -28.008533 2.287708
v 22.986568 -28.169186 2.287708
v 22.617449 -28.008533 2.781837
v 22.201134 -28.008533 3.238091
v 22.604235 -27.948288 2.771484
v 22.564596 -27.928207 2.740414
v 22.189035 -27.948292 3.226536
v 22.152739 -27.928207 3.191875
v 21.730471 -27.948288 3.639194
v 21.697878 -27.928207 3.601261
v 21.233112 -27.948292 4.005608
v 21.741337 -28.008533 3.651833
v 21.242632 -28.008533 4.019218
v 21.242632 -28.169186 4.019218
v 20.709604 -28.008533 4.336403
v 20.147541 -28.008533 4.600471
v 20.701517 -27.948288 4.321949
v 20.677256 -27.928207 4.278599
v 21.204538 -27.928207 3.964771
v 22.929770 -27.928207 2.251469
v 23.861046 -27.928207 0.018761
v 23.618813 -27.928211 -0.027241
v 23.861055 -27.928207 -2.395283
v 23.277969 -27.928211 -3.466267
v 22.929834 -27.928207 -4.627991
v 21.977364 -27.928211 -5.400887
v 21.540377 -27.928207 -5.794502
v 21.066471 -27.928211 -6.143982
v 21.154673 -27.928204 -5.345695
v 20.728378 -27.928204 -5.660755
v 20.272902 -27.928204 -5.932667
v 20.560005 -27.928207 -6.445660
v 19.792763 -27.928204 -6.158978
v 20.026012 -27.928211 -6.696796
v 19.292480 -27.928204 -6.337246
v 19.469517 -27.928207 -6.894657
v 18.776983 -27.928204 -6.465958
v 19.102171 -27.928196 -5.654682
v 18.896017 -27.928211 -7.037537
v 18.251196 -27.928204 -6.543594
v 18.311014 -27.928207 -7.123718
v 17.720264 -27.928204 -6.569645
v 17.720259 -27.928211 -7.152637
v 17.189327 -27.928204 -6.543594
v 17.129498 -27.928207 -7.123714
v 16.663538 -27.928204 -6.465958
v 17.253853 -27.928196 -5.828274
v 16.544489 -27.928211 -7.037533
v 16.148035 -27.928204 -6.337246
v 15.970983 -27.928207 -6.894657
v 15.647753 -27.928204 -6.158978
v 15.414487 -27.928211 -6.696793
v 15.167618 -27.928204 -5.932663
v 14.880501 -27.928207 -6.445652
v 14.712148 -27.928204 -5.660755
v 15.475341 -27.928196 -5.316322
v 14.374044 -27.928211 -6.143974
v 14.285859 -27.928204 -5.345699
v 13.900145 -27.928207 -5.794514
v 13.463169 -27.928211 -5.400906
v 14.235949 -27.928207 -6.341354
v 16.495863 -27.928207 -7.270992
v 18.944637 -27.928207 -7.270992
v 21.204565 -27.928207 -6.341354
v 12.510715 -27.928207 -4.628025
v 11.579470 -27.928207 -2.395294
v 11.579474 -27.928207 0.018726
v 12.510730 -27.928207 2.251442
v 14.235967 -27.928207 3.964760
v 16.482506 -28.008533 4.958797
v 16.482506 -28.169186 4.958797
v 19.217787 -27.928196 -0.825516
v 17.720264 -27.928196 -0.830162
v 16.222744 -27.928196 -0.825516
v 14.836745 -27.928196 -1.188305
v 16.945080 -27.928196 1.663116
v 15.059013 -27.928196 1.092342
v 15.439616 -27.928196 1.472942
v 19.119114 -28.062019 5.778114
v 20.328144 -28.164318 5.041809
v 17.720247 -26.878162 7.089909
v 16.903048 -26.878166 7.049934
v 17.720255 -26.383381 7.204361
v 16.891903 -26.383381 7.163853
v 17.720261 -25.907471 7.242523
v 18.548607 -26.383381 7.163853
v 18.552328 -25.907471 7.201828
v 19.369001 -26.383381 7.043087
v 19.376404 -25.907471 7.080517
v 20.173479 -26.383381 6.842857
v 20.184490 -25.907471 6.879387
v 20.954384 -26.383381 6.565456
v 20.968904 -25.907471 6.600731
v 21.704052 -26.383381 6.213196
v 20.910824 -26.878162 6.459602
v 21.721949 -25.907471 6.246895
v 22.415442 -26.383381 5.789833
v 22.436546 -25.907471 5.821613
v 23.081493 -26.383381 5.299103
v 23.105604 -25.907471 5.328667
v 23.081503 -25.552944 5.299095
v 23.009178 -25.290180 5.210373
v 22.415445 -25.552944 5.789825
v 22.352146 -25.290180 5.694454
v 21.704058 -25.552944 6.213192
v 21.650377 -25.290180 6.112095
v 20.954386 -25.552944 6.565449
v 20.910830 -25.290180 6.459599
v 20.173487 -25.552944 6.842857
v 20.140459 -25.290180 6.733257
v 19.369013 -25.552944 7.043087
v 19.346830 -25.290180 6.930790
v 18.548620 -25.552944 7.163853
v 18.537479 -25.290180 7.049934
v 17.720264 -25.552944 7.204361
v 16.891901 -25.552944 7.163853
v 17.720266 -25.290180 7.089901
v 16.903046 -25.290180 7.049934
v 17.720268 -25.089542 6.899132
v 16.921623 -25.089542 6.860062
v 16.130659 -25.089542 6.743633
v 16.947632 -24.944061 6.594250
v 16.093681 -25.290180 6.930790
v 16.071499 -25.552944 7.043087
v 15.300039 -25.290180 6.733246
v 15.267019 -25.552944 6.842846
v 14.529668 -25.290180 6.459587
v 14.486118 -25.552944 6.565445
v 13.790128 -25.290180 6.112087
v 13.736449 -25.552944 6.213184
v 13.088367 -25.290180 5.694450
v 13.025064 -25.552944 5.789822
v 12.431344 -25.290180 5.210373
v 13.193872 -25.089542 5.535511
v 12.359015 -25.552944 5.299095
v 11.825150 -25.290180 4.664829
v 11.744480 -25.552944 4.746040
v 11.275885 -25.290180 4.062798
v 11.187639 -25.552944 4.135700
v 10.788543 -25.290180 3.410332
v 10.693563 -25.552944 3.474216
v 10.368118 -25.290180 2.713501
v 10.946841 -25.089542 3.303864
v 10.267320 -25.552944 2.767738
v 10.018330 -25.290180 1.979202
v 9.912680 -25.552944 2.023251
v 9.742887 -25.290180 1.214344
v 9.633414 -25.552944 1.247780
v 9.544074 -25.290180 0.426434
v 9.431838 -25.552944 0.448914
v 9.424170 -25.290180 -0.377052
v 9.731135 -25.089542 0.388973
v 9.310266 -25.552944 -0.365753
v 9.383946 -25.290180 -1.188320
v 9.269481 -25.552944 -1.188316
v 9.424172 -25.290180 -1.999588
v 9.310267 -25.552944 -2.010872
v 9.544079 -25.290180 -2.803070
v 9.431841 -25.552944 -2.825535
v 9.742894 -25.290180 -3.590969
v 9.731140 -25.089542 -2.765614
v 9.633421 -25.552944 -3.624397
v 10.018340 -25.290180 -4.355816
v 9.912688 -25.552944 -4.399864
v 10.368133 -25.290180 -5.090122
v 10.267329 -25.552944 -5.144344
v 10.788559 -25.290180 -5.786957
v 10.693573 -25.552944 -5.850834
v 11.275904 -25.290176 -6.439419
v 10.946861 -25.089542 -5.680489
v 11.187649 -25.552940 -6.512310
v 11.825170 -25.290180 -7.041443
v 11.744490 -25.552940 -7.122646
v 12.431361 -25.290176 -7.586994
v 12.359024 -25.552940 -7.675705
v 13.088386 -25.290180 -8.071068
v 13.025075 -25.552940 -8.166435
v 13.790155 -25.290176 -8.488716
v 13.193896 -25.089542 -7.912128
v 13.736466 -25.552940 -8.589806
v 14.529706 -25.290180 -8.836212
v 14.486139 -25.552940 -8.942062
v 15.300077 -25.290176 -9.109867
v 15.267040 -25.552940 -9.219463
v 16.093712 -25.290180 -9.307400
v 16.071516 -25.552940 -9.419689
v 16.903063 -25.290176 -9.426533
v 16.130705 -25.089542 -9.120247
v 16.891912 -25.552940 -9.540455
v 17.720270 -25.290180 -9.466503
v 17.720268 -25.552940 -9.580975
v 18.537483 -25.290176 -9.426533
v 18.548632 -25.552940 -9.540455
v 19.346840 -25.290180 -9.307392
v 19.369030 -25.552940 -9.419685
v 20.140480 -25.290176 -9.109852
v 19.309856 -25.089542 -9.120239
v 20.173508 -25.552940 -9.219444
v 20.910851 -25.290180 -8.836189
v 20.954409 -25.552940 -8.942043
v 21.650396 -25.290176 -8.488693
v 21.704079 -25.552940 -8.589787
v 22.352158 -25.290180 -8.071053
v 22.415464 -25.552940 -8.166416
v 23.009182 -25.290176 -7.586971
v 22.246653 -25.089542 -7.912109
v 23.081514 -25.552940 -7.675690
v 23.615368 -25.290180 -7.041439
v 23.696049 -25.552940 -7.122639
v 24.164629 -25.290176 -6.439419
v 24.252882 -25.552940 -6.512306
v 24.651968 -25.290180 -5.786953
v 24.746958 -25.552944 -5.850830
v 25.072393 -25.290180 -5.090111
v 24.493662 -25.089542 -5.680489
v 25.173201 -25.552944 -5.144337
v 25.422190 -25.290180 -4.355812
v 25.527842 -25.552944 -4.399849
v 25.697632 -25.290180 -3.590961
v 25.807106 -25.552944 -3.624378
v 25.896446 -25.290180 -2.803047
v 26.008686 -25.552944 -2.825516
v 26.016352 -25.290180 -1.999569
v 25.709385 -25.089542 -2.765594
v 26.130255 -25.552944 -2.010860
v 26.056574 -25.290180 -1.188301
v 26.171040 -25.552944 -1.188297
v 26.016352 -25.290180 -0.377033
v 26.130255 -25.552944 -0.365730
v 25.896444 -25.290180 0.426456
v 26.008680 -25.552944 0.448940
v 25.697626 -25.290180 1.214375
v 25.709385 -25.089542 0.388996
v 25.807098 -25.552944 1.247810
v 25.422180 -25.290180 1.979221
v 25.527826 -25.552944 2.023281
v 25.563040 -25.907463 2.037964
v 25.843584 -25.907463 1.258961
v 25.206785 -25.907467 2.785839
v 25.527822 -26.383377 2.023293
v 25.807095 -26.383377 1.247826
v 26.008677 -26.383377 0.448959
v 26.046091 -25.907463 0.456440
v 26.130253 -26.383377 -0.365711
v 26.168222 -25.907463 -0.361958
v 26.016350 -26.878159 -0.376995
v 26.171040 -26.383377 -1.188282
v 26.209196 -25.907463 -1.188290
v 26.130257 -26.383377 -2.010841
v 26.056574 -26.878159 -1.188274
v 26.016354 -26.878159 -1.999542
v 25.865801 -27.289295 -1.188271
v 26.168226 -25.907463 -2.014610
v 26.008688 -26.383377 -2.825493
v 26.046101 -25.907463 -2.833000
v 25.807114 -26.383377 -3.624363
v 25.843603 -25.907463 -3.635513
v 25.527851 -26.383373 -4.399841
v 25.563065 -25.907463 -4.414532
v 25.173218 -26.383373 -5.144318
v 25.206808 -25.907463 -5.162407
v 25.072422 -26.878159 -5.090076
v 24.746975 -26.383373 -5.850803
v 24.778627 -25.907463 -5.872105
v 24.252899 -26.383373 -6.512280
v 24.652004 -26.878159 -5.786911
v 24.164660 -26.878159 -6.439377
v 24.493710 -27.289295 -5.680435
v 24.282307 -25.907463 -6.536594
v 23.696060 -26.383373 -7.122620
v 23.722942 -25.907463 -7.149700
v 23.081520 -26.383373 -7.675678
v 23.105629 -25.907463 -7.705257
v 22.415466 -26.383373 -8.166416
v 22.436565 -25.907463 -8.198204
v 21.704079 -26.383373 -8.589787
v 21.721972 -25.907463 -8.623486
v 21.650396 -26.878159 -8.488693
v 20.954411 -26.383373 -8.942043
v 20.968929 -25.907463 -8.977322
v 20.173512 -26.383373 -9.219444
v 20.910851 -26.878159 -8.836189
v 20.140484 -26.878159 -9.109848
v 20.838255 -27.289295 -8.659767
v 20.184521 -25.907463 -9.255978
v 19.369034 -26.383373 -9.419685
v 19.376429 -25.907463 -9.457119
v 18.548632 -26.383373 -9.540455
v 18.552347 -25.907463 -9.578426
v 17.720266 -26.383373 -9.580975
v 17.720268 -25.907463 -9.619129
v 16.891901 -26.383373 -9.540455
v 16.888189 -25.907463 -9.578426
v 16.903042 -26.878159 -9.426533
v 16.071497 -26.383373 -9.419689
v 16.064110 -25.907463 -9.457123
v 15.267018 -26.383373 -9.219452
v 16.093678 -26.878159 -9.307392
v 15.300035 -26.878159 -9.109852
v 16.130650 -27.289295 -9.120239
v 15.256021 -25.907463 -9.255989
v 14.486118 -26.383373 -8.942051
v 14.471608 -25.907463 -8.977341
v 13.736449 -26.383373 -8.589794
v 13.718563 -25.907463 -8.623497
v 13.025064 -26.383373 -8.166424
v 13.003968 -25.907463 -8.198215
v 12.359011 -26.383373 -7.675694
v 12.334907 -25.907463 -7.705269
v 12.431335 -26.878159 -7.586971
v 11.744474 -26.383373 -7.122639
v 11.717589 -25.907463 -7.149704
v 11.187634 -26.383373 -6.512299
v 11.825140 -26.878159 -7.041424
v 11.275874 -26.878159 -6.439400
v 11.959588 -27.289295 -6.906082
v 11.158224 -25.907463 -6.536606
v 10.693559 -26.383373 -5.850822
v 10.661904 -25.907463 -5.872120
v 10.267321 -26.383377 -5.144337
v 10.233726 -25.907463 -5.162418
v 9.912685 -26.383377 -4.399857
v 9.877471 -25.907463 -4.414547
v 9.633419 -26.383377 -3.624382
v 9.596930 -25.907463 -3.635532
v 9.742891 -26.878159 -3.590954
v 9.431840 -26.383377 -2.825516
v 9.394429 -25.907463 -2.833015
v 9.310266 -26.383377 -2.010860
v 9.544078 -26.878159 -2.803043
v 9.424170 -26.878159 -1.999557
v 9.731137 -27.289295 -2.765579
v 9.272298 -25.907463 -2.014629
v 9.269480 -26.383377 -1.188297
v 9.231325 -25.907463 -1.188305
v 9.310266 -26.383377 -0.365738
v 9.272298 -25.907463 -0.361980
v 9.431840 -26.383377 0.448925
v 9.394427 -25.907463 0.456413
v 9.633417 -26.383377 1.247791
v 9.596925 -25.907463 1.258930
v 9.742891 -26.878159 1.214363
v 9.912683 -26.383377 2.023262
v 9.877464 -25.907463 2.037941
v 10.267321 -26.383377 2.767738
v 10.018332 -26.878159 1.979206
v 10.368121 -26.878159 2.713501
v 10.194415 -27.289295 1.905792
v 10.233721 -25.907467 2.785812
v 10.693563 -26.383377 3.474216
v 10.661902 -25.907471 3.495514
v 11.187639 -26.383377 4.135700
v 11.158224 -25.907471 4.159996
v 11.744480 -26.383381 4.746040
v 11.717588 -25.907471 4.773098
v 12.359015 -26.383381 5.299095
v 12.334905 -25.907471 5.328663
v 12.431344 -26.878166 5.210373
v 13.025066 -26.383381 5.789822
v 13.003964 -25.907471 5.821609
v 13.736457 -26.383381 6.213184
v 13.088371 -26.878162 5.694454
v 13.790141 -26.878166 6.112095
v 13.193880 -27.289295 5.535511
v 13.718558 -25.907471 6.246883
v 14.486131 -26.383381 6.565449
v 14.471605 -25.907471 6.600727
v 15.267035 -26.383381 6.842857
v 15.256019 -25.907471 6.879379
v 16.071512 -26.383381 7.043087
v 16.064108 -25.907471 7.080517
v 16.888186 -25.907471 7.201828
v 20.838230 -25.089542 6.283180
v 23.615376 -25.290180 4.664825
v 23.615349 -26.878162 4.664845
v 22.840950 -24.773556 2.969288
v 23.227287 -24.773556 2.452095
v 23.560410 -24.773556 1.899998
v 23.837452 -24.773556 1.318459
v 24.055529 -24.773556 0.712948
v 24.295261 -24.791859 1.509335
v 24.212893 -24.773556 0.089352
v 24.307781 -24.773556 -0.546432
v 24.339607 -24.773556 -1.188316
v 24.307781 -24.773556 -1.830193
v 24.835621 -24.791859 -1.188320
v 24.212893 -24.773556 -2.465981
v 24.055527 -24.773556 -3.089569
v 23.837442 -24.773556 -3.695076
v 23.560389 -24.773556 -4.276627
v 24.295258 -24.791859 -3.885963
v 23.227253 -24.773556 -4.828735
v 22.840914 -24.773556 -5.345932
v 22.405273 -24.773552 -5.823383
v 21.924236 -24.773552 -6.256264
v 22.754856 -24.791859 -6.175274
v 21.402601 -24.773552 -6.640556
v 20.845169 -24.773552 -6.972271
v 20.257477 -24.773552 -7.248398
v 19.645067 -24.773552 -7.465931
v 20.446228 -24.791859 -7.707096
v 19.013985 -24.773552 -7.623001
v 18.370281 -24.773552 -7.717751
v 17.720272 -24.773552 -7.749546
v 17.070269 -24.773552 -7.717751
v 17.720272 -24.791859 -8.245560
v 16.426579 -24.773552 -7.623013
v 15.795503 -24.773552 -7.465950
v 15.183093 -24.773552 -7.248428
v 14.595395 -24.773552 -6.972301
v 14.994342 -24.791859 -7.707127
v 14.037951 -24.773552 -6.640583
v 13.516307 -24.773552 -6.256283
v 13.035259 -24.773552 -5.823395
v 12.599610 -24.773552 -5.345932
v 12.685681 -24.791859 -6.175282
v 12.213264 -24.773552 -4.828728
v 11.880126 -24.773556 -4.276619
v 11.603076 -24.773556 -3.695076
v 11.384995 -24.773556 -3.089569
v 11.145264 -24.791859 -3.885963
v 11.227633 -24.773552 -2.465988
v 11.132743 -24.773552 -1.830212
v 11.100915 -24.773552 -1.188335
v 11.132741 -24.773552 -0.546452
v 10.604901 -24.791859 -1.188335
v 11.227629 -24.773552 0.089333
v 11.384988 -24.773556 0.712933
v 11.603065 -24.773556 1.318447
v 11.880109 -24.773556 1.899994
v 11.145252 -24.791859 1.509323
v 12.213241 -24.773556 2.452099
v 12.599583 -24.773556 2.969307
v 13.035231 -24.773560 3.446762
v 13.516279 -24.773560 3.879654
v 12.685652 -24.791859 3.798649
v 14.037921 -24.773560 4.263958
v 14.595348 -24.773560 4.595669
v 19.485378 -24.694763 1.453392
v 19.485378 -24.036098 1.453392
v 19.735785 -24.694763 1.267635
v 19.735785 -24.036098 1.267635
v 19.966829 -24.694763 1.058277
v 19.966827 -24.036098 1.058277
v 20.176188 -24.694763 0.827236
v 20.176186 -24.036098 0.827232
v 20.361946 -24.694763 0.576824
v 20.361946 -24.036098 0.576824
v 20.522207 -24.694763 0.309376
v 20.522207 -24.036098 0.309376
v 20.655550 -24.694763 0.027542
v 20.655550 -24.036098 0.027546
v 20.760553 -24.694763 -0.266033
v 20.760553 -24.036098 -0.266033
v 20.836349 -24.694763 -0.568466
v 20.836349 -24.036098 -0.568466
v 20.882061 -24.694763 -0.876888
v 20.882061 -24.036098 -0.876888
v 20.897396 -24.694763 -1.188297
v 20.897394 -24.036098 -1.188297
v 20.882061 -24.694763 -1.499710
v 20.882061 -24.036098 -1.499710
v 20.836349 -24.694763 -1.808125
v 20.836349 -24.036098 -1.808125
v 20.760557 -24.694763 -2.110561
v 20.760559 -24.036098 -2.110561
v 20.655554 -24.694763 -2.404133
v 20.655554 -24.036098 -2.404137
v 20.522217 -24.694763 -2.685974
v 20.522217 -24.036098 -2.685974
v 20.361956 -24.694763 -2.953423
v 20.361956 -24.036098 -2.953423
v 20.176195 -24.694763 -3.203827
v 20.176195 -24.036098 -3.203827
v 19.966839 -24.694763 -3.434875
v 19.966839 -24.036098 -3.434875
v 19.735794 -24.694763 -3.644230
v 19.735794 -24.036098 -3.644230
v 19.485386 -24.694763 -3.829994
v 19.485386 -24.036098 -3.829994
v 19.217937 -24.694763 -3.990250
v 19.217937 -24.036098 -3.990246
v 18.936102 -24.694763 -4.123592
v 18.936102 -24.036098 -4.123585
v 18.642529 -24.694763 -4.228596
v 18.642529 -24.036098 -4.228588
v 18.340092 -24.694763 -4.304386
v 18.340092 -24.036098 -4.304382
v 18.031673 -24.694763 -4.350101
v 18.031673 -24.036098 -4.350101
v 17.720264 -24.694763 -4.365437
v 17.720264 -24.036098 -4.365437
v 17.408854 -24.694763 -4.350101
v 17.408854 -24.036098 -4.350101
v 17.100435 -24.694763 -4.304386
v 17.100435 -24.036098 -4.304386
v 16.798000 -24.694763 -4.228600
v 16.798000 -24.036098 -4.228600
v 16.504427 -24.694763 -4.123592
v 16.504429 -24.036098 -4.123585
v 16.222591 -24.694763 -3.990253
v 16.222591 -24.036098 -3.990253
v 15.955141 -24.694763 -3.829998
v 15.955141 -24.036098 -3.829994
v 15.704733 -24.694763 -3.644234
v 15.704733 -24.036098 -3.644234
v 15.473689 -24.694763 -3.434875
v 15.473689 -24.036098 -3.434879
v 15.264334 -24.694763 -3.203831
v 15.264334 -24.036098 -3.203831
v 15.078571 -24.694763 -2.953430
v 15.078571 -24.036098 -2.953434
v 14.918311 -24.694763 -2.685978
v 14.918311 -24.036098 -2.685978
v 14.784971 -24.694763 -2.404137
v 14.784971 -24.036098 -2.404137
v 14.679968 -24.694763 -2.110561
v 14.679968 -24.036098 -2.110561
v 14.604174 -24.694763 -1.808128
v 14.604174 -24.036098 -1.808125
v 14.558461 -24.694763 -1.499714
v 14.558461 -24.036098 -1.499714
v 14.543126 -24.694763 -1.188305
v 14.543124 -24.036098 -1.188301
v 14.558461 -24.694763 -0.876896
v 14.558461 -24.036098 -0.876892
v 14.604174 -24.694763 -0.568470
v 14.604174 -24.036098 -0.568470
v 14.679968 -24.694763 -0.266045
v 14.679968 -24.036098 -0.266045
v 14.784971 -24.694763 0.027534
v 14.784971 -24.036098 0.027542
v 14.918311 -24.694763 0.309376
v 14.918311 -24.036098 0.309376
v 15.078571 -24.694763 0.576824
v 15.078571 -24.036098 0.576817
v 15.264334 -24.694763 0.827232
v 15.264334 -24.036098 0.827232
v 15.473689 -24.694763 1.058277
v 15.473689 -24.036098 1.058270
v 15.704733 -24.694763 1.267632
v 15.704733 -24.036098 1.267632
v 15.955141 -24.694763 1.453392
v 15.955141 -24.036098 1.453392
v 16.222588 -24.694763 1.613647
v 16.222588 -24.036098 1.613647
v 16.222588 -22.217697 1.613647
v 15.955141 -22.217697 1.453392
v 15.704733 -22.217697 1.267632
v 15.473689 -22.217697 1.058277
v 15.264334 -22.217697 0.827232
v 15.078571 -22.217697 0.576824
v 14.918311 -22.217697 0.309376
v 14.784971 -22.217697 0.027534
v 14.679968 -22.217697 -0.266045
v 14.604174 -22.217697 -0.568470
v 14.558461 -22.217697 -0.876896
v 14.543126 -22.217697 -1.188305
v 14.558461 -22.217697 -1.499714
v 14.604174 -22.217697 -1.808128
v 14.679968 -22.217697 -2.110561
v 14.784971 -22.217697 -2.404137
v 14.918311 -22.217697 -2.685978
v 15.078571 -22.217697 -2.953430
v 15.264334 -22.217697 -3.203831
v 15.473689 -22.217697 -3.434875
v 15.704733 -22.217697 -3.644230
v 15.955141 -22.217697 -3.829994
v 16.222591 -22.217697 -3.990253
v 16.504427 -22.217697 -4.123592
v 16.798000 -22.217697 -4.228600
v 17.100435 -22.217697 -4.304386
v 17.408854 -22.217697 -4.350101
v 17.720264 -22.217697 -4.365437
v 18.031673 -22.217697 -4.350101
v 18.340092 -22.217697 -4.304386
v 18.642529 -22.217697 -4.228588
v 18.936102 -22.217697 -4.123592
v 19.217937 -22.217697 -3.990250
v 19.485386 -22.217697 -3.829994
v 19.735794 -22.217697 -3.644230
v 19.966839 -22.217697 -3.434875
v 20.176195 -22.217697 -3.203827
v 20.361956 -22.217697 -2.953423
v 20.522217 -22.217697 -2.685974
v 20.655554 -22.217697 -2.404133
v 20.760557 -22.217697 -2.110561
v 20.836349 -22.217697 -1.808125
v 20.882061 -22.217697 -1.499710
v 20.897396 -22.217697 -1.188297
v 20.882061 -22.217697 -0.876888
v 20.836349 -22.217697 -0.568466
v 20.760553 -22.217697 -0.266033
v 20.655550 -22.217697 0.027542
v 20.522207 -22.217697 0.309376
v 20.361946 -22.217697 0.576824
v 20.176188 -22.217697 0.827236
v 19.966829 -22.217697 1.058277
v 19.735785 -22.217697 1.267635
v 19.485378 -22.217697 1.453392
v 19.217930 -24.036098 1.613647
vn -0.0000 -0.9221 0.3868
vn -0.0000 -0.8775 0.4796
vn -0.0379 -0.9221 0.3850
vn 0.0379 -0.9221 0.3850
vn -0.0000 -0.9489 0.3154
vn -0.0000 -0.9615 0.2747
vn -0.0309 -0.9489 0.3139
vn 0.0309 -0.9489 0.3139
vn 0.0615 -0.9489 0.3094
vn 0.0269 -0.9615 0.2734
vn 0.0536 -0.9615 0.2694
vn 0.0330 -0.9416 0.3352
vn 0.0657 -0.9416 0.3303
vn 0.0700 -0.6998 0.7109
vn -0.0000 -0.9416 0.3368
vn -0.0000 -0.6998 0.7143
vn -0.0330 -0.9416 0.3352
vn -0.0700 -0.6998 0.7109
vn -0.0269 -0.9615 0.2734
vn -0.0657 -0.9416 0.3303
vn -0.0536 -0.9615 0.2694
vn -0.1394 -0.6998 0.7006
vn -0.0978 -0.9416 0.3223
vn -0.2074 -0.6998 0.6836
vn -0.0797 -0.9615 0.2629
vn -0.1289 -0.9416 0.3112
vn -0.1051 -0.9615 0.2538
vn -0.2734 -0.6998 0.6599
vn -0.1588 -0.9416 0.2970
vn -0.3367 -0.6998 0.6300
vn -0.1295 -0.9615 0.2423
vn -0.1871 -0.9416 0.2800
vn -0.1526 -0.9615 0.2284
vn -0.3969 -0.6998 0.5939
vn -0.2137 -0.9416 0.2604
vn -0.4532 -0.6998 0.5522
vn -0.1743 -0.9615 0.2124
vn -0.2382 -0.9416 0.2381
vn -0.1943 -0.9615 0.1943
vn -0.5051 -0.6998 0.5051
vn -0.2604 -0.9416 0.2137
vn -0.5522 -0.6998 0.4532
vn -0.2124 -0.9615 0.1743
vn -0.2800 -0.9416 0.1871
vn -0.2284 -0.9615 0.1526
vn -0.5939 -0.6998 0.3969
vn -0.2970 -0.9416 0.1588
vn -0.6300 -0.6998 0.3367
vn -0.2423 -0.9615 0.1295
vn -0.3112 -0.9416 0.1289
vn -0.2538 -0.9615 0.1051
vn -0.6599 -0.6998 0.2734
vn -0.3223 -0.9416 0.0978
vn -0.6836 -0.6998 0.2074
vn -0.2629 -0.9615 0.0797
vn -0.3303 -0.9416 0.0657
vn -0.2694 -0.9615 0.0536
vn -0.7006 -0.6998 0.1394
vn -0.3352 -0.9416 0.0330
vn -0.7109 -0.6998 0.0700
vn -0.2734 -0.9615 0.0269
vn -0.3368 -0.9416 -0.0000
vn -0.2747 -0.9615 -0.0000
vn -0.7143 -0.6998 -0.0000
vn -0.3352 -0.9416 -0.0330
vn -0.7109 -0.6998 -0.0700
vn -0.2734 -0.9615 -0.0269
vn -0.3303 -0.9416 -0.0657
vn -0.2694 -0.9615 -0.0536
vn -0.7006 -0.6998 -0.1394
vn -0.3223 -0.9416 -0.0978
vn -0.6836 -0.6998 -0.2074
vn -0.2629 -0.9615 -0.0797
vn -0.3112 -0.9416 -0.1289
vn -0.2538 -0.9615 -0.1051
vn -0.6599 -0.6998 -0.2734
vn -0.2970 -0.9416 -0.1588
vn -0.6300 -0.6998 -0.3367
vn -0.2423 -0.9615 -0.1295
vn -0.2800 -0.9416 -0.1871
vn -0.2284 -0.9615 -0.1526
vn -0.5939 -0.6998 -0.3969
vn -0.2604 -0.9416 -0.2137
vn -0.5522 -0.6998 -0.4532
vn -0.2124 -0.9615 -0.1743
vn -0.2382 -0.9416 -0.2382
vn -0.1943 -0.9615 -0.1943
vn -0.5051 -0.6998 -0.5051
vn -0.2137 -0.9416 -0.2604
vn -0.4532 -0.6998 -0.5522
vn -0.1743 -0.9615 -0.2124
vn -0.1871 -0.9416 -0.2800
vn -0.1526 -0.9615 -0.2284
vn -0.3969 -0.6998 -0.5939
vn -0.1588 -0.9416 -0.2970
vn -0.3367 -0.6998 -0.6300
vn -0.1295 -0.9615 -0.2423
vn -0.1289 -0.9416 -0.3112
vn -0.1051 -0.9615 -0.2538
vn -0.2734 -0.6998 -0.6599
vn -0.0978 -0.9416 -0.3223
vn -0.2074 -0.6998 -0.6836
vn -0.0797 -0.9615 -0.2629
vn -0.0657 -0.9416 -0.3303
vn -0.0536 -0.9615 -0.2694
vn -0.1394 -0.6998 -0.7006
vn -0.0330 -0.9416 -0.3352
vn -0.0700 -0.6998 -0.7109
vn -0.0269 -0.9615 -0.2734
vn -0.0000 -0.9416 -0.3368
vn -0.0000 -0.9615 -0.2747
vn -0.0000 -0.6998 -0.7143
vn 0.0330 -0.9416 -0.3352
vn 0.0700 -0.6998 -0.7109
vn 0.0269 -0.9615 -0.2734
vn 0.0657 -0.9416 -0.3303
vn 0.0536 -0.9615 -0.2694
vn 0.1394 -0.6998 -0.7006
vn 0.0978 -0.9416 -0.3223
vn 0.2074 -0.6998 -0.6836
vn 0.0797 -0.9615 -0.2629
vn 0.1289 -0.9416 -0.3112
vn 0.1051 -0.9615 -0.2538
vn 0.2734 -0.6998 -0.6599
vn 0.1588 -0.9416 -0.2970
vn 0.3367 -0.6998 -0.6300
vn 0.1295 -0.9615 -0.2423
vn 0.1871 -0.9416 -0.2800
vn 0.1526 -0.9615 -0.2284
vn 0.3968 -0.6998 -0.5939
vn 0.2137 -0.9416 -0.2604
vn 0.4532 -0.6998 -0.5522
vn 0.1743 -0.9615 -0.2124
vn 0.2382 -0.9416 -0.2382
vn 0.1943 -0.9615 -0.1943
vn 0.5051 -0.6998 -0.5051
vn 0.2604 -0.9416 -0.2137
vn 0.5522 -0.6998 -0.4532
vn 0.2124 -0.9615 -0.1743
vn 0.2800 -0.9416 -0.1871
vn 0.2284 -0.9615 -0.1526
vn 0.5939 -0.6998 -0.3969
vn 0.2970 -0.9416 -0.1588
vn 0.6300 -0.6998 -0.3367
vn 0.2423 -0.9615 -0.1295
vn 0.3112 -0.9416 -0.1289
vn 0.2538 -0.9615 -0.1051
vn 0.6599 -0.6998 -0.2734
vn 0.3223 -0.9416 -0.0978
vn 0.6836 -0.6998 -0.2074
vn 0.2629 -0.9615 -0.0797
vn 0.3303 -0.9416 -0.0657
vn 0.2694 -0.9615 -0.0536
vn 0.7006 -0.6998 -0.1394
vn 0.3352 -0.9416 -0.0330
vn 0.7109 -0.6998 -0.0700
vn 0.2734 -0.9615 -0.0269
vn 0.3368 -0.9416 -0.0000
vn 0.2747 -0.9615 -0.0000
vn 0.7143 -0.6998 -0.0000
vn 0.3352 -0.9416 0.0330
vn 0.7109 -0.6998 0.0700
vn 0.2734 -0.9615 0.0269
vn 0.3303 -0.9416 0.0657
vn 0.2694 -0.9615 0.0536
vn 0.7006 -0.6998 0.1394
vn 0.3223 -0.9416 0.0978
vn 0.6836 -0.6998 0.2074
vn 0.2629 -0.9615 0.0797
vn 0.3112 -0.9416 0.1289
vn 0.2538 -0.9615 0.1051
vn 0.6599 -0.6998 0.2734
vn 0.2970 -0.9416 0.1588
vn 0.6300 -0.6998 0.3367
vn 0.2423 -0.9615 0.1295
vn 0.2800 -0.9416 0.1871
vn 0.2284 -0.9615 0.1526
vn 0.5939 -0.6998 0.3969
vn 0.2604 -0.9416 0.2137
vn 0.5522 -0.6998 0.4532
vn 0.2124 -0.9615 0.1743
vn 0.2382 -0.9416 0.2382
vn 0.1943 -0.9615 0.1943
vn 0.5051 -0.6998 0.5051
vn 0.2137 -0.9416 0.2604
vn 0.4532 -0.6998 0.5522
vn 0.1743 -0.9615 0.2124
vn 0.1871 -0.9416 0.2800
vn 0.1526 -0.9615 0.2284
vn 0.3968 -0.6998 0.5939
vn 0.1588 -0.9416 0.2970
vn 0.3367 -0.6998 0.6300
vn 0.1295 -0.9615 0.2423
vn 0.1289 -0.9416 0.3112
vn 0.1051 -0.9615 0.2538
vn 0.2734 -0.6998 0.6599
vn 0.0978 -0.9416 0.3223
vn 0.2074 -0.6998 0.6836
vn 0.0797 -0.9615 0.2629
vn 0.0916 -0.9489 0.3019
vn 0.1207 -0.9489 0.2914
vn 0.1123 -0.9221 0.3702
vn 0.1392 -0.8775 0.4589
vn 0.1480 -0.9221 0.3574
vn 0.0755 -0.9221 0.3794
vn 0.0936 -0.8775 0.4703
vn 0.1106 -0.8237 0.5561
vn 0.0470 -0.8775 0.4772
vn 0.0556 -0.8237 0.5642
vn -0.0000 -0.8237 0.5670
vn 0.0628 -0.7678 0.6376
vn 0.1250 -0.7678 0.6284
vn 0.0695 -0.7046 0.7061
vn -0.0000 -0.7678 0.6407
vn -0.0628 -0.7678 0.6376
vn -0.0000 -0.7046 0.7096
vn -0.0696 -0.7046 0.7061
vn -0.0000 -0.6318 0.7751
vn -0.0760 -0.6318 0.7714
vn -0.0000 -0.5530 0.8332
vn 0.0760 -0.6318 0.7714
vn 0.1512 -0.6318 0.7602
vn 0.0817 -0.5530 0.8292
vn 0.1625 -0.5530 0.8172
vn 0.0858 -0.4836 0.8711
vn 0.1708 -0.4836 0.8585
vn 0.0886 -0.4287 0.8991
vn -0.0000 -0.4836 0.8753
vn -0.0858 -0.4836 0.8711
vn -0.0000 -0.4287 0.9035
vn -0.0886 -0.4287 0.8991
vn -0.0000 -0.3733 0.9277
vn -0.0909 -0.3733 0.9232
vn -0.0000 -0.3446 0.9387
vn 0.0909 -0.3733 0.9232
vn 0.1810 -0.3733 0.9099
vn 0.0920 -0.3446 0.9342
vn 0.1831 -0.3446 0.9207
vn 0.2725 -0.3446 0.8983
vn 0.3592 -0.3447 0.8673
vn 0.2693 -0.3733 0.8877
vn 0.3550 -0.3733 0.8571
vn 0.2623 -0.4287 0.8646
vn 0.3457 -0.4287 0.8347
vn 0.2541 -0.4836 0.8376
vn 0.1763 -0.4287 0.8861
vn 0.3350 -0.4836 0.8087
vn 0.2419 -0.5530 0.7973
vn 0.3188 -0.5530 0.7697
vn 0.2250 -0.6318 0.7417
vn 0.2966 -0.6318 0.7161
vn 0.2060 -0.7046 0.6790
vn 0.2715 -0.7046 0.6556
vn 0.1860 -0.7678 0.6131
vn 0.1384 -0.7046 0.6959
vn 0.2452 -0.7678 0.5919
vn 0.1646 -0.8237 0.5425
vn 0.2170 -0.8237 0.5238
vn 0.1835 -0.8775 0.4431
vn 0.2673 -0.8237 0.5000
vn 0.3150 -0.8237 0.4714
vn 0.2261 -0.8775 0.4229
vn 0.3020 -0.7678 0.5651
vn 0.3560 -0.7678 0.5327
vn 0.3345 -0.7046 0.6258
vn 0.3942 -0.7046 0.5900
vn 0.3654 -0.6318 0.6836
vn 0.4306 -0.6318 0.6445
vn 0.3928 -0.5530 0.7348
vn 0.4629 -0.5530 0.6928
vn 0.4126 -0.4836 0.7719
vn 0.4863 -0.4836 0.7278
vn 0.4259 -0.4287 0.7968
vn 0.5019 -0.4287 0.7512
vn 0.4373 -0.3733 0.8182
vn 0.5154 -0.3733 0.7714
vn 0.4425 -0.3446 0.8279
vn 0.5215 -0.3447 0.7805
vn 0.5955 -0.3446 0.7257
vn 0.6638 -0.3447 0.6638
vn 0.5885 -0.3733 0.7171
vn 0.6560 -0.3733 0.6560
vn 0.5731 -0.4287 0.6984
vn 0.6388 -0.4287 0.6388
vn 0.5553 -0.4836 0.6766
vn 0.6189 -0.4836 0.6189
vn 0.5286 -0.5530 0.6440
vn 0.5891 -0.5530 0.5891
vn 0.4917 -0.6318 0.5992
vn 0.5481 -0.6318 0.5481
vn 0.4501 -0.7046 0.5485
vn 0.5017 -0.7046 0.5017
vn 0.4065 -0.7678 0.4953
vn 0.4530 -0.7678 0.4531
vn 0.3597 -0.8237 0.4383
vn 0.4009 -0.8237 0.4009
vn 0.3042 -0.8775 0.3707
vn 0.3391 -0.8775 0.3391
vn 0.2454 -0.9221 0.2990
vn 0.2664 -0.8775 0.3987
vn 0.2149 -0.9221 0.3217
vn 0.1824 -0.9221 0.3412
vn 0.1752 -0.9489 0.2623
vn 0.2001 -0.9489 0.2438
vn 0.1487 -0.9489 0.2782
vn 0.2230 -0.9489 0.2230
vn 0.2735 -0.9221 0.2735
vn 0.2438 -0.9489 0.2001
vn 0.2623 -0.9489 0.1752
vn 0.2990 -0.9221 0.2454
vn 0.3707 -0.8775 0.3042
vn 0.3217 -0.9221 0.2149
vn 0.3987 -0.8775 0.2664
vn 0.3412 -0.9221 0.1824
vn 0.4229 -0.8775 0.2261
vn 0.3574 -0.9221 0.1480
vn 0.2782 -0.9489 0.1487
vn 0.2914 -0.9489 0.1207
vn 0.3018 -0.9489 0.0916
vn 0.3094 -0.9489 0.0615
vn 0.3702 -0.9221 0.1123
vn 0.4589 -0.8775 0.1392
vn 0.3794 -0.9221 0.0755
vn 0.4703 -0.8775 0.0936
vn 0.3850 -0.9221 0.0379
vn 0.4772 -0.8775 0.0470
vn 0.3868 -0.9221 -0.0000
vn 0.3139 -0.9489 0.0309
vn 0.3154 -0.9489 -0.0000
vn 0.3139 -0.9489 -0.0309
vn 0.3094 -0.9489 -0.0615
vn 0.3850 -0.9221 -0.0379
vn 0.4772 -0.8775 -0.0470
vn 0.3794 -0.9221 -0.0755
vn 0.4703 -0.8775 -0.0936
vn 0.3702 -0.9221 -0.1123
vn 0.4589 -0.8775 -0.1392
vn 0.3574 -0.9221 -0.1480
vn 0.3018 -0.9489 -0.0916
vn 0.2914 -0.9489 -0.1207
vn 0.2782 -0.9489 -0.1487
vn 0.2623 -0.9489 -0.1752
vn 0.3412 -0.9221 -0.1824
vn 0.4229 -0.8775 -0.2261
vn 0.3217 -0.9221 -0.2149
vn 0.3987 -0.8775 -0.2664
vn 0.2990 -0.9221 -0.2454
vn 0.3707 -0.8775 -0.3042
vn 0.2735 -0.9221 -0.2735
vn 0.2438 -0.9489 -0.2001
vn 0.2230 -0.9489 -0.2230
vn 0.2001 -0.9489 -0.2438
vn 0.1752 -0.9489 -0.2623
vn 0.2454 -0.9221 -0.2990
vn 0.3042 -0.8775 -0.3707
vn 0.2149 -0.9221 -0.3217
vn 0.2664 -0.8775 -0.3987
vn 0.1824 -0.9221 -0.3412
vn 0.2261 -0.8775 -0.4229
vn 0.1480 -0.9221 -0.3574
vn 0.1487 -0.9489 -0.2782
vn 0.1207 -0.9489 -0.2914
vn 0.0916 -0.9489 -0.3018
vn 0.0615 -0.9489 -0.3094
vn 0.1123 -0.9221 -0.3702
vn 0.1392 -0.8775 -0.4589
vn 0.0755 -0.9221 -0.3794
vn 0.0936 -0.8775 -0.4703
vn 0.0379 -0.9221 -0.3850
vn 0.0470 -0.8775 -0.4772
vn -0.0000 -0.9221 -0.3869
vn 0.0309 -0.9489 -0.3139
vn -0.0000 -0.9489 -0.3154
vn -0.0309 -0.9489 -0.3139
vn -0.0615 -0.9489 -0.3094
vn -0.0379 -0.9221 -0.3850
vn -0.0470 -0.8775 -0.4772
vn -0.0755 -0.9221 -0.3794
vn -0.0936 -0.8775 -0.4703
vn -0.1123 -0.9221 -0.3702
vn -0.1392 -0.8775 -0.4589
vn -0.1480 -0.9221 -0.3574
vn -0.0916 -0.9489 -0.3019
vn -0.1207 -0.9489 -0.2914
vn -0.1487 -0.9489 -0.2782
vn -0.1752 -0.9489 -0.2623
vn -0.1824 -0.9221 -0.3412
vn -0.2261 -0.8775 -0.4229
vn -0.2149 -0.9221 -0.3217
vn -0.2664 -0.8775 -0.3987
vn -0.2454 -0.9221 -0.2990
vn -0.3042 -0.8775 -0.3707
vn -0.2735 -0.9221 -0.2735
vn -0.2001 -0.9489 -0.2438
vn -0.2230 -0.9489 -0.2230
vn -0.2438 -0.9489 -0.2001
vn -0.2623 -0.9489 -0.1752
vn -0.2990 -0.9221 -0.2454
vn -0.3707 -0.8775 -0.3042
vn -0.3217 -0.9221 -0.2149
vn -0.3987 -0.8775 -0.2664
vn -0.3412 -0.9221 -0.1824
vn -0.4229 -0.8775 -0.2261
vn -0.3574 -0.9221 -0.1480
vn -0.2782 -0.9489 -0.1487
vn -0.2914 -0.9489 -0.1207
vn -0.3018 -0.9489 -0.0916
vn -0.3094 -0.9489 -0.0615
vn -0.3702 -0.9221 -0.1123
vn -0.4589 -0.8775 -0.1392
vn -0.3794 -0.9221 -0.0755
vn -0.4703 -0.8775 -0.0936
vn -0.3850 -0.9221 -0.0379
vn -0.4772 -0.8775 -0.0470
vn -0.3868 -0.9221 -0.0000
vn -0.3139 -0.9489 -0.0309
vn -0.3154 -0.9489 -0.0000
vn -0.3139 -0.9489 0.0309
vn -0.3094 -0.9489 0.0615
vn -0.3850 -0.9221 0.0379
vn -0.4772 -0.8775 0.0470
vn -0.3794 -0.9221 0.0755
vn -0.4703 -0.8775 0.0936
vn -0.3702 -0.9221 0.1123
vn -0.4589 -0.8775 0.1392
vn -0.3574 -0.9221 0.1480
vn -0.3019 -0.9489 0.0916
vn -0.2914 -0.9489 0.1207
vn -0.2782 -0.9489 0.1487
vn -0.2623 -0.9489 0.1752
vn -0.3412 -0.9221 0.1824
vn -0.4229 -0.8775 0.2261
vn -0.3217 -0.9221 0.2149
vn -0.3987 -0.8775 0.2664
vn -0.2990 -0.9221 0.2454
vn -0.3707 -0.8775 0.3042
vn -0.2735 -0.9221 0.2735
vn -0.2438 -0.9489 0.2001
vn -0.2230 -0.9489 0.2230
vn -0.2001 -0.9489 0.2438
vn -0.1752 -0.9489 0.2623
vn -0.2454 -0.9221 0.2990
vn -0.3042 -0.8775 0.3707
vn -0.2149 -0.9221 0.3217
vn -0.2664 -0.8775 0.3987
vn -0.1824 -0.9221 0.3412
vn -0.2261 -0.8775 0.4229
vn -0.1480 -0.9221 0.3574
vn -0.1487 -0.9489 0.2782
vn -0.1207 -0.9489 0.2914
vn -0.0916 -0.9489 0.3019
vn -0.0615 -0.9489 0.3094
vn -0.1123 -0.9221 0.3702
vn -0.1392 -0.8775 0.4589
vn -0.0755 -0.9221 0.3794
vn -0.0936 -0.8775 0.4703
vn -0.1106 -0.8237 0.5561
vn -0.0470 -0.8775 0.4772
vn -0.0556 -0.8237 0.5642
vn -0.1646 -0.8237 0.5425
vn -0.1250 -0.7678 0.6284
vn -0.1384 -0.7046 0.6959
vn -0.1860 -0.7678 0.6131
vn -0.2060 -0.7046 0.6790
vn -0.2452 -0.7678 0.5919
vn -0.2715 -0.7046 0.6556
vn -0.2170 -0.8237 0.5238
vn -0.3020 -0.7678 0.5651
vn -0.2673 -0.8237 0.5000
vn -0.3345 -0.7046 0.6258
vn -0.3560 -0.7678 0.5327
vn -0.3942 -0.7046 0.5900
vn -0.3150 -0.8237 0.4714
vn -0.4065 -0.7678 0.4953
vn -0.3597 -0.8237 0.4383
vn -0.4501 -0.7046 0.5485
vn -0.4531 -0.7678 0.4530
vn -0.5017 -0.7046 0.5017
vn -0.4009 -0.8237 0.4009
vn -0.4953 -0.7678 0.4065
vn -0.4383 -0.8237 0.3597
vn -0.5485 -0.7046 0.4501
vn -0.5327 -0.7678 0.3560
vn -0.5900 -0.7046 0.3942
vn -0.4714 -0.8237 0.3150
vn -0.5651 -0.7678 0.3020
vn -0.5000 -0.8237 0.2673
vn -0.6258 -0.7046 0.3345
vn -0.5919 -0.7678 0.2452
vn -0.6556 -0.7046 0.2715
vn -0.5238 -0.8237 0.2170
vn -0.6131 -0.7678 0.1860
vn -0.5425 -0.8237 0.1646
vn -0.6790 -0.7046 0.2060
vn -0.6284 -0.7678 0.1250
vn -0.6959 -0.7046 0.1384
vn -0.5561 -0.8237 0.1106
vn -0.6376 -0.7678 0.0628
vn -0.5642 -0.8237 0.0556
vn -0.7061 -0.7046 0.0695
vn -0.6407 -0.7678 -0.0000
vn -0.7096 -0.7046 -0.0000
vn -0.5670 -0.8237 -0.0000
vn -0.6376 -0.7678 -0.0628
vn -0.5642 -0.8237 -0.0556
vn -0.7061 -0.7046 -0.0695
vn -0.6284 -0.7678 -0.1250
vn -0.6959 -0.7046 -0.1384
vn -0.5561 -0.8237 -0.1106
vn -0.6131 -0.7678 -0.1860
vn -0.5425 -0.8237 -0.1646
vn -0.6790 -0.7046 -0.2060
vn -0.5919 -0.7678 -0.2452
vn -0.6556 -0.7046 -0.2715
vn -0.5238 -0.8237 -0.2170
vn -0.5651 -0.7678 -0.3020
vn -0.5000 -0.8237 -0.2673
vn -0.6258 -0.7046 -0.3345
vn -0.5327 -0.7678 -0.3560
vn -0.5900 -0.7046 -0.3942
vn -0.4714 -0.8237 -0.3150
vn -0.4953 -0.7678 -0.4065
vn -0.4383 -0.8237 -0.3597
vn -0.5485 -0.7046 -0.4501
vn -0.4531 -0.7678 -0.4530
vn -0.5017 -0.7046 -0.5017
vn -0.4009 -0.8237 -0.4009
vn -0.4065 -0.7678 -0.4953
vn -0.3597 -0.8237 -0.4383
vn -0.4501 -0.7046 -0.5485
vn -0.3560 -0.7678 -0.5327
vn -0.3942 -0.7046 -0.5900
vn -0.3150 -0.8237 -0.4714
vn -0.3020 -0.7678 -0.5651
vn -0.2673 -0.8237 -0.5000
vn -0.3345 -0.7046 -0.6258
vn -0.2452 -0.7678 -0.5919
vn -0.2715 -0.7046 -0.6555
vn -0.2170 -0.8237 -0.5238
vn -0.1860 -0.7678 -0.6131
vn -0.1646 -0.8237 -0.5425
vn -0.2060 -0.7046 -0.6790
vn -0.1250 -0.7678 -0.6284
vn -0.1384 -0.7046 -0.6959
vn -0.1106 -0.8237 -0.5561
vn -0.0628 -0.7678 -0.6376
vn -0.0556 -0.8237 -0.5642
vn -0.0695 -0.7046 -0.7061
vn -0.0000 -0.7678 -0.6407
vn -0.0000 -0.7046 -0.7096
vn -0.0000 -0.8237 -0.5670
vn 0.0628 -0.7678 -0.6376
vn 0.0556 -0.8237 -0.5642
vn 0.0696 -0.7046 -0.7061
vn 0.1250 -0.7678 -0.6284
vn 0.1384 -0.7046 -0.6959
vn 0.1106 -0.8237 -0.5561
vn 0.1860 -0.7678 -0.6131
vn 0.1646 -0.8237 -0.5425
vn 0.2060 -0.7046 -0.6790
vn 0.2452 -0.7678 -0.5919
vn 0.2715 -0.7046 -0.6555
vn 0.2170 -0.8237 -0.5238
vn 0.3020 -0.7678 -0.5651
vn 0.2673 -0.8237 -0.5000
vn 0.3345 -0.7046 -0.6258
vn 0.3560 -0.7678 -0.5327
vn 0.3942 -0.7046 -0.5900
vn 0.3150 -0.8237 -0.4714
vn 0.4065 -0.7678 -0.4953
vn 0.3597 -0.8237 -0.4383
vn 0.4501 -0.7046 -0.5485
vn 0.4530 -0.7678 -0.4530
vn 0.5017 -0.7046 -0.5017
vn 0.4009 -0.8237 -0.4009
vn 0.4953 -0.7678 -0.4065
vn 0.4383 -0.8237 -0.3597
vn 0.5485 -0.7046 -0.4501
vn 0.5327 -0.7678 -0.3560
vn 0.5900 -0.7046 -0.3942
vn 0.4714 -0.8237 -0.3150
vn 0.5651 -0.7678 -0.3020
vn 0.5000 -0.8237 -0.2673
vn 0.6258 -0.7046 -0.3345
vn 0.5919 -0.7678 -0.2452
vn 0.6556 -0.7046 -0.2715
vn 0.5238 -0.8237 -0.2170
vn 0.6131 -0.7678 -0.1860
vn 0.5425 -0.8237 -0.1646
vn 0.6790 -0.7046 -0.2060
vn 0.6284 -0.7678 -0.1250
vn 0.6959 -0.7046 -0.1384
vn 0.5561 -0.8237 -0.1106
vn 0.6376 -0.7678 -0.0628
vn 0.5642 -0.8237 -0.0556
vn 0.7061 -0.7046 -0.0695
vn 0.6407 -0.7678 -0.0000
vn 0.7096 -0.7046 -0.0000
vn 0.5670 -0.8237 -0.0000
vn 0.6376 -0.7678 0.0628
vn 0.5642 -0.8237 0.0556
vn 0.7061 -0.7046 0.0696
vn 0.6284 -0.7678 0.1250
vn 0.6959 -0.7046 0.1384
vn 0.5561 -0.8237 0.1106
vn 0.6131 -0.7678 0.1860
vn 0.5425 -0.8237 0.1646
vn 0.6790 -0.7046 0.2060
vn 0.5919 -0.7678 0.2452
vn 0.6556 -0.7046 0.2715
vn 0.5238 -0.8237 0.2170
vn 0.5651 -0.7678 0.3020
vn 0.5000 -0.8237 0.2673
vn 0.6258 -0.7046 0.3345
vn 0.5327 -0.7678 0.3560
vn 0.5900 -0.7046 0.3942
vn 0.4714 -0.8237 0.3150
vn 0.4953 -0.7678 0.4065
vn 0.4383 -0.8237 0.3597
vn 0.5485 -0.7046 0.4501
vn 0.5992 -0.6318 0.4917
vn 0.6445 -0.6318 0.4306
vn 0.6440 -0.5530 0.5286
vn 0.6928 -0.5530 0.4629
vn 0.6766 -0.4836 0.5553
vn 0.7278 -0.4836 0.4863
vn 0.6984 -0.4287 0.5732
vn 0.7512 -0.4287 0.5019
vn 0.7171 -0.3733 0.5885
vn 0.7713 -0.3733 0.5154
vn 0.7256 -0.3446 0.5955
vn 0.7805 -0.3447 0.5215
vn 0.8279 -0.3447 0.4425
vn 0.8673 -0.3447 0.3592
vn 0.8182 -0.3733 0.4373
vn 0.8571 -0.3733 0.3550
vn 0.7968 -0.4287 0.4259
vn 0.8347 -0.4287 0.3457
vn 0.7719 -0.4836 0.4126
vn 0.8087 -0.4836 0.3350
vn 0.7348 -0.5530 0.3928
vn 0.7697 -0.5530 0.3188
vn 0.6836 -0.6318 0.3654
vn 0.7161 -0.6318 0.2966
vn 0.7417 -0.6318 0.2250
vn 0.7602 -0.6318 0.1512
vn 0.7973 -0.5530 0.2419
vn 0.8172 -0.5530 0.1625
vn 0.8376 -0.4836 0.2541
vn 0.8585 -0.4836 0.1708
vn 0.8646 -0.4287 0.2623
vn 0.8861 -0.4287 0.1763
vn 0.8877 -0.3733 0.2693
vn 0.9099 -0.3733 0.1810
vn 0.8983 -0.3447 0.2725
vn 0.9207 -0.3447 0.1831
vn 0.9342 -0.3446 0.0920
vn 0.9387 -0.3446 -0.0000
vn 0.9232 -0.3733 0.0909
vn 0.9277 -0.3733 -0.0000
vn 0.8991 -0.4287 0.0886
vn 0.9035 -0.4287 -0.0000
vn 0.8711 -0.4836 0.0858
vn 0.8753 -0.4836 -0.0000
vn 0.8292 -0.5530 0.0817
vn 0.8332 -0.5530 -0.0000
vn 0.7714 -0.6318 0.0760
vn 0.7751 -0.6318 -0.0000
vn 0.7714 -0.6318 -0.0760
vn 0.7602 -0.6318 -0.1512
vn 0.8292 -0.5530 -0.0817
vn 0.8172 -0.5530 -0.1625
vn 0.8711 -0.4836 -0.0858
vn 0.8585 -0.4836 -0.1708
vn 0.8991 -0.4287 -0.0886
vn 0.8861 -0.4287 -0.1763
vn 0.9232 -0.3733 -0.0909
vn 0.9099 -0.3733 -0.1810
vn 0.9342 -0.3446 -0.0920
vn 0.9207 -0.3446 -0.1831
vn 0.8983 -0.3446 -0.2725
vn 0.8673 -0.3447 -0.3592
vn 0.8878 -0.3733 -0.2693
vn 0.8571 -0.3733 -0.3550
vn 0.8646 -0.4287 -0.2623
vn 0.8347 -0.4287 -0.3457
vn 0.8376 -0.4836 -0.2541
vn 0.8087 -0.4836 -0.3350
vn 0.7973 -0.5530 -0.2419
vn 0.7697 -0.5530 -0.3188
vn 0.7417 -0.6318 -0.2250
vn 0.7161 -0.6318 -0.2966
vn 0.6836 -0.6318 -0.3654
vn 0.6445 -0.6318 -0.4306
vn 0.7348 -0.5530 -0.3928
vn 0.6928 -0.5530 -0.4629
vn 0.7719 -0.4836 -0.4126
vn 0.7278 -0.4836 -0.4863
vn 0.7968 -0.4287 -0.4259
vn 0.7512 -0.4287 -0.5019
vn 0.8182 -0.3733 -0.4373
vn 0.7714 -0.3733 -0.5154
vn 0.8279 -0.3447 -0.4425
vn 0.7805 -0.3447 -0.5215
vn 0.7257 -0.3446 -0.5955
vn 0.6638 -0.3447 -0.6638
vn 0.7171 -0.3733 -0.5885
vn 0.6560 -0.3733 -0.6560
vn 0.6984 -0.4287 -0.5731
vn 0.6388 -0.4287 -0.6388
vn 0.6766 -0.4836 -0.5553
vn 0.6189 -0.4836 -0.6189
vn 0.6440 -0.5530 -0.5286
vn 0.5891 -0.5530 -0.5891
vn 0.5992 -0.6318 -0.4917
vn 0.5481 -0.6318 -0.5481
vn 0.4917 -0.6318 -0.5992
vn 0.4306 -0.6318 -0.6445
vn 0.5286 -0.5530 -0.6440
vn 0.4629 -0.5530 -0.6928
vn 0.5553 -0.4836 -0.6766
vn 0.4863 -0.4836 -0.7278
vn 0.5732 -0.4287 -0.6984
vn 0.5019 -0.4287 -0.7512
vn 0.5885 -0.3733 -0.7171
vn 0.5154 -0.3733 -0.7713
vn 0.5955 -0.3446 -0.7256
vn 0.5215 -0.3447 -0.7805
vn 0.4425 -0.3446 -0.8279
vn 0.3592 -0.3446 -0.8673
vn 0.4373 -0.3733 -0.8182
vn 0.3550 -0.3733 -0.8571
vn 0.4259 -0.4287 -0.7968
vn 0.3457 -0.4287 -0.8347
vn 0.4126 -0.4836 -0.7719
vn 0.3350 -0.4836 -0.8087
vn 0.3928 -0.5530 -0.7348
vn 0.3188 -0.5530 -0.7697
vn 0.3654 -0.6318 -0.6836
vn 0.2966 -0.6318 -0.7161
vn 0.2250 -0.6318 -0.7417
vn 0.1512 -0.6318 -0.7602
vn 0.2419 -0.5530 -0.7973
vn 0.1625 -0.5530 -0.8172
vn 0.2541 -0.4836 -0.8376
vn 0.1708 -0.4836 -0.8585
vn 0.2623 -0.4287 -0.8646
vn 0.1763 -0.4287 -0.8861
vn 0.2693 -0.3733 -0.8878
vn 0.1810 -0.3733 -0.9099
vn 0.2725 -0.3446 -0.8983
vn 0.1831 -0.3446 -0.9207
vn 0.0920 -0.3446 -0.9342
vn -0.0000 -0.3447 -0.9387
vn 0.0909 -0.3733 -0.9232
vn -0.0000 -0.3733 -0.9277
vn 0.0886 -0.4287 -0.8991
vn -0.0000 -0.4287 -0.9035
vn 0.0858 -0.4836 -0.8711
vn -0.0000 -0.4836 -0.8753
vn 0.0817 -0.5530 -0.8292
vn -0.0000 -0.5530 -0.8332
vn 0.0760 -0.6318 -0.7714
vn -0.0000 -0.6318 -0.7751
vn -0.0760 -0.6318 -0.7714
vn -0.1512 -0.6318 -0.7602
vn -0.0817 -0.5530 -0.8292
vn -0.1625 -0.5530 -0.8172
vn -0.0858 -0.4836 -0.8711
vn -0.1708 -0.4836 -0.8585
vn -0.0886 -0.4287 -0.8991
vn -0.1763 -0.4287 -0.8861
vn -0.0909 -0.3733 -0.9232
vn -0.1810 -0.3733 -0.9099
vn -0.0920 -0.3446 -0.9342
vn -0.1831 -0.3447 -0.9207
vn -0.2725 -0.3447 -0.8983
vn -0.3592 -0.3447 -0.8673
vn -0.2693 -0.3733 -0.8877
vn -0.3550 -0.3733 -0.8571
vn -0.2623 -0.4287 -0.8646
vn -0.3457 -0.4287 -0.8347
vn -0.2541 -0.4836 -0.8376
vn -0.3350 -0.4836 -0.8087
vn -0.2419 -0.5530 -0.7973
vn -0.3188 -0.5530 -0.7697
vn -0.2250 -0.6318 -0.7417
vn -0.2966 -0.6318 -0.7161
vn -0.3654 -0.6318 -0.6836
vn -0.4306 -0.6318 -0.6445
vn -0.3928 -0.5530 -0.7348
vn -0.4629 -0.5530 -0.6928
vn -0.4126 -0.4836 -0.7719
vn -0.4863 -0.4836 -0.7278
vn -0.4259 -0.4287 -0.7968
vn -0.5019 -0.4287 -0.7512
vn -0.4373 -0.3733 -0.8182
vn -0.5154 -0.3733 -0.7714
vn -0.4425 -0.3446 -0.8279
vn -0.5215 -0.3446 -0.7805
vn -0.5955 -0.3446 -0.7257
vn -0.6638 -0.3447 -0.6638
vn -0.5885 -0.3733 -0.7171
vn -0.6560 -0.3733 -0.6560
vn -0.5731 -0.4287 -0.6984
vn -0.6388 -0.4287 -0.6388
vn -0.5553 -0.4836 -0.6766
vn -0.6189 -0.4836 -0.6189
vn -0.5286 -0.5530 -0.6440
vn -0.5891 -0.5530 -0.5891
vn -0.4917 -0.6318 -0.5992
vn -0.5481 -0.6318 -0.5481
vn -0.5992 -0.6318 -0.4917
vn -0.6445 -0.6318 -0.4306
vn -0.6440 -0.5530 -0.5286
vn -0.6928 -0.5530 -0.4629
vn -0.6766 -0.4836 -0.5553
vn -0.7278 -0.4836 -0.4863
vn -0.6984 -0.4287 -0.5731
vn -0.7512 -0.4287 -0.5019
vn -0.7171 -0.3733 -0.5885
vn -0.7713 -0.3733 -0.5154
vn -0.7256 -0.3446 -0.5955
vn -0.7805 -0.3447 -0.5215
vn -0.8279 -0.3447 -0.4425
vn -0.8673 -0.3447 -0.3592
vn -0.8182 -0.3733 -0.4373
vn -0.8571 -0.3733 -0.3550
vn -0.7968 -0.4287 -0.4259
vn -0.8347 -0.4287 -0.3457
vn -0.7719 -0.4836 -0.4126
vn -0.8087 -0.4836 -0.3350
vn -0.7348 -0.5530 -0.3928
vn -0.7697 -0.5530 -0.3188
vn -0.6836 -0.6318 -0.3654
vn -0.7161 -0.6318 -0.2966
vn -0.7417 -0.6318 -0.2250
vn -0.7602 -0.6318 -0.1512
vn -0.7973 -0.5530 -0.2419
vn -0.8172 -0.5530 -0.1625
vn -0.8376 -0.4836 -0.2541
vn -0.8585 -0.4836 -0.1708
vn -0.8646 -0.4287 -0.2623
vn -0.8861 -0.4287 -0.1763
vn -0.8877 -0.3733 -0.2693
vn -0.9099 -0.3733 -0.1810
vn -0.8983 -0.3446 -0.2725
vn -0.9207 -0.3447 -0.1831
vn -0.9342 -0.3446 -0.0920
vn -0.9387 -0.3447 -0.0000
vn -0.9232 -0.3733 -0.0909
vn -0.9277 -0.3733 -0.0000
vn -0.8991 -0.4287 -0.0886
vn -0.9035 -0.4287 -0.0000
vn -0.8711 -0.4836 -0.0858
vn -0.8753 -0.4836 -0.0000
vn -0.8292 -0.5530 -0.0817
vn -0.8332 -0.5530 -0.0000
vn -0.7714 -0.6318 -0.0760
vn -0.7751 -0.6318 -0.0000
vn -0.7714 -0.6318 0.0760
vn -0.7602 -0.6318 0.1512
vn -0.8292 -0.5530 0.0817
vn -0.8172 -0.5530 0.1625
vn -0.8711 -0.4836 0.0858
vn -0.8585 -0.4836 0.1708
vn -0.8991 -0.4287 0.0886
vn -0.8861 -0.4287 0.1763
vn -0.9232 -0.3733 0.0909
vn -0.9099 -0.3733 0.1810
vn -0.9342 -0.3446 0.0920
vn -0.9207 -0.3447 0.1831
vn -0.8983 -0.3447 0.2725
vn -0.8673 -0.3447 0.3592
vn -0.8877 -0.3733 0.2693
vn -0.8571 -0.3733 0.3550
vn -0.8646 -0.4287 0.2623
vn -0.8347 -0.4287 0.3457
vn -0.8376 -0.4836 0.2541
vn -0.8087 -0.4836 0.3350
vn -0.7973 -0.5530 0.2419
vn -0.7697 -0.5530 0.3188
vn -0.7417 -0.6318 0.2250
vn -0.7161 -0.6318 0.2966
vn -0.6836 -0.6318 0.3654
vn -0.6445 -0.6318 0.4306
vn -0.7348 -0.5530 0.3928
vn -0.6928 -0.5530 0.4629
vn -0.7719 -0.4836 0.4126
vn -0.7278 -0.4836 0.4863
vn -0.7968 -0.4287 0.4259
vn -0.7512 -0.4287 0.5019
vn -0.8182 -0.3733 0.4373
vn -0.7714 -0.3733 0.5154
vn -0.8279 -0.3446 0.4425
vn -0.7805 -0.3446 0.5215
vn -0.7257 -0.3446 0.5955
vn -0.6638 -0.3447 0.6638
vn -0.7171 -0.3733 0.5885
vn -0.6560 -0.3733 0.6560
vn -0.6984 -0.4287 0.5731
vn -0.6388 -0.4287 0.6388
vn -0.6766 -0.4836 0.5553
vn -0.6189 -0.4836 0.6189
vn -0.6440 -0.5530 0.5286
vn -0.5891 -0.5530 0.5891
vn -0.5992 -0.6318 0.4917
vn -0.5481 -0.6318 0.5481
vn -0.4917 -0.6318 0.5992
vn -0.4306 -0.6318 0.6445
vn -0.5286 -0.5530 0.6440
vn -0.4629 -0.5530 0.6928
vn -0.5553 -0.4836 0.6766
vn -0.4863 -0.4836 0.7278
vn -0.5731 -0.4287 0.6984
vn -0.5019 -0.4287 0.7512
vn -0.5885 -0.3733 0.7171
vn -0.5154 -0.3733 0.7713
vn -0.5955 -0.3447 0.7256
vn -0.5215 -0.3446 0.7805
vn -0.4425 -0.3446 0.8279
vn -0.3592 -0.3446 0.8673
vn -0.4373 -0.3733 0.8182
vn -0.3550 -0.3733 0.8571
vn -0.4259 -0.4287 0.7968
vn -0.3457 -0.4287 0.8347
vn -0.4126 -0.4836 0.7719
vn -0.3350 -0.4836 0.8087
vn -0.3928 -0.5530 0.7348
vn -0.3188 -0.5530 0.7697
vn -0.3654 -0.6318 0.6836
vn -0.2966 -0.6318 0.7161
vn -0.2250 -0.6318 0.7417
vn -0.1512 -0.6318 0.7602
vn -0.2419 -0.5530 0.7973
vn -0.1625 -0.5530 0.8172
vn -0.2541 -0.4836 0.8376
vn -0.1708 -0.4836 0.8585
vn -0.2623 -0.4287 0.8646
vn -0.1763 -0.4287 0.8861
vn -0.2693 -0.3733 0.8878
vn -0.1810 -0.3733 0.9099
vn -0.2725 -0.3446 0.8983
vn -0.1831 -0.3446 0.9207
vn -0.0920 -0.3446 0.9342
vn -0.0817 -0.5530 0.8292
vn 0.4430 -0.8775 0.1835
vn 0.4796 -0.8775 -0.0000
vn 0.4431 -0.8775 -0.1835
vn 0.3391 -0.8775 -0.3391
vn 0.1835 -0.8775 -0.4431
vn -0.0000 -0.8775 -0.4796
vn -0.1835 -0.8775 -0.4431
vn -0.3391 -0.8775 -0.3391
vn -0.4431 -0.8775 -0.1835
vn -0.4796 -0.8775 -0.0000
vn -0.4431 -0.8775 0.1835
vn -0.3391 -0.8775 0.3391
vn -0.1835 -0.8775 0.4431
vn 0.1394 -0.6998 0.7006
vn 0.2846 -0.1962 0.9383
vn 0.3752 -0.1962 0.9059
vn 0.2903 -0.0000 0.9569
vn 0.1913 -0.1962 0.9617
vn 0.1951 -0.0000 0.9808
vn 0.0961 -0.1962 0.9758
vn 0.0980 -0.0000 0.9952
vn -0.0000 -0.1962 0.9806
vn -0.0000 -0.0000 1.0000
vn -0.0961 -0.1962 0.9758
vn -0.0980 -0.0000 0.9952
vn -0.1913 -0.1962 0.9617
vn -0.1951 -0.0000 0.9808
vn -0.2846 -0.1962 0.9383
vn -0.2903 -0.0000 0.9569
vn -0.3752 -0.1962 0.9059
vn -0.3827 -0.0000 0.9239
vn -0.4622 -0.1962 0.8648
vn -0.4714 -0.0000 0.8819
vn -0.5448 -0.1962 0.8153
vn -0.5556 -0.0000 0.8315
vn -0.6221 -0.1962 0.7580
vn -0.6344 -0.0000 0.7730
vn -0.6934 -0.1962 0.6934
vn -0.7071 -0.0000 0.7071
vn -0.7580 -0.1962 0.6221
vn -0.7730 -0.0000 0.6344
vn -0.8153 -0.1962 0.5448
vn -0.8315 -0.0000 0.5556
vn -0.8648 -0.1962 0.4622
vn -0.8819 -0.0000 0.4714
vn -0.9059 -0.1962 0.3752
vn -0.9239 -0.0000 0.3827
vn -0.9383 -0.1962 0.2846
vn -0.9569 -0.0000 0.2903
vn -0.9617 -0.1962 0.1913
vn -0.9808 -0.0000 0.1951
vn -0.9758 -0.1962 0.0961
vn -0.9952 -0.0000 0.0980
vn -0.9806 -0.1962 -0.0000
vn -1.0000 -0.0000 -0.0000
vn -0.9758 -0.1962 -0.0961
vn -0.9952 -0.0000 -0.0980
vn -0.9617 -0.1962 -0.1913
vn -0.9808 -0.0000 -0.1951
vn -0.9383 -0.1962 -0.2846
vn -0.9569 -0.0000 -0.2903
vn -0.9059 -0.1962 -0.3752
vn -0.9239 -0.0000 -0.3827
vn -0.8648 -0.1962 -0.4622
vn -0.8819 -0.0000 -0.4714
vn -0.8153 -0.1962 -0.5448
vn -0.8315 -0.0000 -0.5556
vn -0.7580 -0.1962 -0.6221
vn -0.7730 -0.0000 -0.6344
vn -0.6934 -0.1962 -0.6934
vn -0.7071 -0.0000 -0.7071
vn -0.6221 -0.1962 -0.7580
vn -0.6344 -0.0000 -0.7730
vn -0.5448 -0.1962 -0.8153
vn -0.5556 -0.0000 -0.8315
vn -0.4622 -0.1962 -0.8648
vn -0.4714 -0.0000 -0.8819
vn -0.3753 -0.1962 -0.9059
vn -0.3827 -0.0000 -0.9239
vn -0.2846 -0.1962 -0.9383
vn -0.2903 -0.0000 -0.9569
vn -0.1913 -0.1962 -0.9617
vn -0.1951 -0.0000 -0.9808
vn -0.0961 -0.1962 -0.9758
vn -0.0980 -0.0000 -0.9952
vn -0.0000 -0.1962 -0.9806
vn -0.0000 -0.0000 -1.0000
vn 0.0961 -0.1962 -0.9758
vn 0.0980 -0.0000 -0.9952
vn 0.1913 -0.1962 -0.9617
vn 0.1951 -0.0000 -0.9808
vn 0.2846 -0.1962 -0.9383
vn 0.2903 -0.0000 -0.9569
vn 0.3752 -0.1962 -0.9059
vn 0.3827 -0.0000 -0.9239
vn 0.4622 -0.1962 -0.8648
vn 0.4714 -0.0000 -0.8819
vn 0.5448 -0.1962 -0.8153
vn 0.5556 -0.0000 -0.8315
vn 0.6221 -0.1962 -0.7580
vn 0.6344 -0.0000 -0.7730
vn 0.6934 -0.1962 -0.6934
vn 0.7071 -0.0000 -0.7071
vn 0.7580 -0.1962 -0.6221
vn 0.7730 -0.0000 -0.6344
vn 0.8153 -0.1962 -0.5448
vn 0.8315 -0.0000 -0.5556
vn 0.8648 -0.1962 -0.4622
vn 0.8819 -0.0000 -0.4714
vn 0.9059 -0.1962 -0.3752
vn 0.9239 -0.0000 -0.3827
vn 0.9383 -0.1962 -0.2846
vn 0.9569 -0.0000 -0.2903
vn 0.9617 -0.1962 -0.1913
vn 0.9808 -0.0000 -0.1951
vn 0.9758 -0.1962 -0.0961
vn 0.9952 -0.0000 -0.0980
vn 0.9806 -0.1962 -0.0000
vn 1.0000 -0.0000 -0.0000
vn 0.9758 -0.1962 0.0961
vn 0.9952 -0.0000 0.0980
vn 0.9617 -0.1962 0.1913
vn 0.9808 -0.0000 0.1951
vn 0.9383 -0.1962 0.2846
vn 0.9569 -0.0000 0.2903
vn 0.9059 -0.1962 0.3752
vn 0.9239 -0.0000 0.3827
vn 0.8648 -0.1962 0.4622
vn 0.8819 -0.0000 0.4714
vn 0.8153 -0.1962 0.5448
vn 0.8315 -0.0000 0.5556
vn 0.7580 -0.1962 0.6221
vn 0.7730 -0.0000 0.6344
vn 0.6934 -0.1962 0.6934
vn 0.7071 -0.0000 0.7071
vn 0.6221 -0.1962 0.7580
vn 0.6344 -0.0000 0.7730
vn 0.5448 -0.1962 0.8153
vn 0.5556 -0.0000 0.8315
vn 0.4622 -0.1962 0.8648
vn 0.4714 -0.0000 0.8819
vn 0.3827 -0.0000 0.9239
vn 0.2882 0.1187 0.9502
vn 0.1937 0.1186 0.9739
vn 0.2225 0.6420 0.7337
vn 0.3799 0.1188 0.9174
vn 0.4680 0.1190 0.8757
vn 0.2933 0.6423 0.7081
vn 0.3611 0.6426 0.6757
vn 0.0794 0.9783 0.1915
vn 0.0976 0.9783 0.1826
vn -0.0000 1.0000 -0.0000
vn 0.0603 0.9782 0.1986
vn 0.0405 0.9782 0.2037
vn 0.1496 0.6418 0.7522
vn 0.0204 0.9782 0.2068
vn 0.0752 0.6416 0.7633
vn -0.0000 0.9782 0.2078
vn -0.0204 0.9782 0.2068
vn -0.0000 0.6416 0.7670
vn -0.0000 0.1185 0.9930
vn -0.0752 0.6416 0.7633
vn -0.1496 0.6418 0.7522
vn -0.0973 0.1185 0.9882
vn -0.1937 0.1186 0.9739
vn 0.0973 0.1185 0.9882
vn -0.2882 0.1187 0.9502
vn -0.3799 0.1188 0.9174
vn -0.2225 0.6420 0.7337
vn -0.2933 0.6423 0.7081
vn -0.0603 0.9782 0.1986
vn -0.0405 0.9782 0.2037
vn -0.0794 0.9783 0.1915
vn -0.0976 0.9783 0.1826
vn -0.3611 0.6426 0.6757
vn -0.1149 0.9784 0.1718
vn -0.4254 0.6431 0.6368
vn -0.1310 0.9785 0.1595
vn -0.4855 0.6435 0.5918
vn -0.1457 0.9785 0.1456
vn -0.5409 0.6440 0.5410
vn -0.1590 0.9786 0.1305
vn -0.5911 0.6444 0.4852
vn -0.1707 0.9787 0.1140
vn -0.6354 0.6449 0.4247
vn -0.1809 0.9788 0.0966
vn -0.6737 0.6452 0.3602
vn -0.1892 0.9788 0.0783
vn -0.7055 0.6457 0.2923
vn -0.1958 0.9789 0.0594
vn -0.7305 0.6459 0.2216
vn -0.2004 0.9789 0.0399
vn -0.7485 0.6462 0.1489
vn -0.2033 0.9789 0.0200
vn -0.7594 0.6463 0.0748
vn -0.2042 0.9789 -0.0000
vn -0.7630 0.6463 -0.0000
vn -0.2033 0.9789 -0.0200
vn -0.7594 0.6463 -0.0748
vn -0.2004 0.9789 -0.0398
vn -0.7485 0.6462 -0.1489
vn -0.1958 0.9789 -0.0594
vn -0.7305 0.6459 -0.2216
vn -0.1892 0.9788 -0.0783
vn -0.7055 0.6457 -0.2923
vn -0.1809 0.9787 -0.0966
vn -0.6737 0.6453 -0.3602
vn -0.1708 0.9787 -0.1140
vn -0.6354 0.6449 -0.4247
vn -0.1590 0.9786 -0.1305
vn -0.5911 0.6444 -0.4852
vn -0.1457 0.9785 -0.1456
vn -0.5409 0.6440 -0.5410
vn -0.1310 0.9785 -0.1595
vn -0.4856 0.6435 -0.5918
vn -0.1149 0.9784 -0.1718
vn -0.4254 0.6431 -0.6368
vn -0.0976 0.9783 -0.1826
vn -0.3611 0.6426 -0.6757
vn -0.0794 0.9783 -0.1915
vn -0.2933 0.6423 -0.7081
vn -0.0603 0.9782 -0.1986
vn -0.2225 0.6420 -0.7337
vn -0.0405 0.9782 -0.2037
vn -0.1496 0.6418 -0.7522
vn -0.0204 0.9782 -0.2068
vn -0.0752 0.6416 -0.7633
vn -0.0000 0.9782 -0.2078
vn -0.0000 0.6416 -0.7671
vn 0.0204 0.9782 -0.2068
vn 0.0752 0.6416 -0.7634
vn 0.0405 0.9782 -0.2037
vn 0.1496 0.6418 -0.7522
vn 0.0603 0.9782 -0.1986
vn 0.2225 0.6420 -0.7337
vn 0.0794 0.9783 -0.1915
vn 0.2933 0.6423 -0.7081
vn 0.0976 0.9783 -0.1826
vn 0.3611 0.6426 -0.6757
vn 0.1149 0.9784 -0.1718
vn 0.4254 0.6431 -0.6368
vn 0.1310 0.9785 -0.1595
vn 0.4856 0.6435 -0.5917
vn 0.1457 0.9785 -0.1456
vn 0.5409 0.6440 -0.5410
vn 0.1590 0.9786 -0.1305
vn 0.5911 0.6444 -0.4852
vn 0.1707 0.9787 -0.1140
vn 0.6354 0.6449 -0.4247
vn 0.1809 0.9788 -0.0966
vn 0.6737 0.6453 -0.3602
vn 0.1892 0.9788 -0.0783
vn 0.7055 0.6457 -0.2923
vn 0.1958 0.9789 -0.0594
vn 0.7305 0.6459 -0.2216
vn 0.2005 0.9789 -0.0398
vn 0.7485 0.6462 -0.1489
vn 0.2033 0.9789 -0.0200
vn 0.7594 0.6463 -0.0748
vn 0.2042 0.9789 -0.0000
vn 0.7631 0.6463 -0.0000
vn 0.2033 0.9789 0.0200
vn 0.7594 0.6463 0.0748
vn 0.2005 0.9789 0.0399
vn 0.7485 0.6462 0.1489
vn 0.1958 0.9789 0.0594
vn 0.7305 0.6459 0.2217
vn 0.1892 0.9788 0.0783
vn 0.7055 0.6456 0.2923
vn 0.1809 0.9788 0.0966
vn 0.6737 0.6453 0.3602
vn 0.1707 0.9787 0.1140
vn 0.6354 0.6449 0.4247
vn 0.1590 0.9786 0.1305
vn 0.5911 0.6444 0.4852
vn 0.1457 0.9785 0.1456
vn 0.5409 0.6440 0.5410
vn 0.1310 0.9785 0.1595
vn 0.4856 0.6435 0.5918
vn 0.1149 0.9784 0.1718
vn 0.4254 0.6431 0.6368
vn 0.0120 0.9998 0.0147
vn 0.0134 0.9998 0.0135
vn 0.0105 0.9998 0.0158
vn 0.0536 0.9964 0.0657
vn 0.0469 0.9964 0.0707
vn 0.0598 0.9964 0.0602
vn 0.1288 0.9790 0.1580
vn 0.1437 0.9790 0.1447
vn 0.1127 0.9790 0.1699
vn 0.2406 0.9247 0.2952
vn 0.2683 0.9247 0.2702
vn 0.3866 0.7909 0.4743
vn 0.2106 0.9247 0.3173
vn 0.3384 0.7909 0.5099
vn 0.1785 0.9247 0.3363
vn 0.2869 0.7909 0.5405
vn 0.1449 0.9247 0.3521
vn 0.0956 0.9790 0.1801
vn 0.0398 0.9964 0.0749
vn 0.0776 0.9790 0.1885
vn 0.0323 0.9964 0.0784
vn 0.0588 0.9790 0.1952
vn 0.0245 0.9964 0.0812
vn 0.0395 0.9790 0.2000
vn 0.1098 0.9247 0.3646
vn 0.1765 0.7909 0.5859
vn 0.0738 0.9247 0.3735
vn 0.1186 0.7909 0.6003
vn 0.0371 0.9247 0.3789
vn 0.0596 0.7909 0.6090
vn -0.0000 0.9247 0.3808
vn 0.0198 0.9790 0.2029
vn 0.0083 0.9964 0.0844
vn -0.0000 0.9790 0.2039
vn -0.0198 0.9790 0.2029
vn -0.0000 0.9964 0.0848
vn -0.0083 0.9964 0.0844
vn -0.0000 0.9998 0.0190
vn -0.0019 0.9998 0.0189
vn 0.0019 0.9998 0.0189
vn 0.0037 0.9998 0.0187
vn 0.0055 0.9998 0.0182
vn 0.0164 0.9964 0.0832
vn 0.0072 0.9998 0.0176
vn 0.0089 0.9998 0.0168
vn -0.0037 0.9998 0.0187
vn -0.0164 0.9964 0.0832
vn -0.0055 0.9998 0.0182
vn -0.0072 0.9998 0.0176
vn -0.0245 0.9964 0.0812
vn -0.0323 0.9964 0.0784
vn -0.0588 0.9790 0.1952
vn -0.0395 0.9790 0.2000
vn -0.0776 0.9790 0.1885
vn -0.1098 0.9247 0.3646
vn -0.0738 0.9247 0.3736
vn -0.1765 0.7909 0.5859
vn -0.1449 0.9247 0.3521
vn -0.2328 0.7909 0.5659
vn -0.1785 0.9247 0.3363
vn -0.2869 0.7909 0.5405
vn -0.2106 0.9247 0.3173
vn -0.0956 0.9790 0.1801
vn -0.0398 0.9964 0.0749
vn -0.1127 0.9790 0.1699
vn -0.0469 0.9964 0.0707
vn -0.1288 0.9790 0.1580
vn -0.0536 0.9964 0.0657
vn -0.1437 0.9790 0.1447
vn -0.2406 0.9247 0.2951
vn -0.3866 0.7909 0.4743
vn -0.2683 0.9247 0.2702
vn -0.4312 0.7909 0.4342
vn -0.2935 0.9247 0.2426
vn -0.4717 0.7909 0.3898
vn -0.3160 0.9247 0.2126
vn -0.1572 0.9790 0.1299
vn -0.0654 0.9964 0.0540
vn -0.1692 0.9790 0.1138
vn -0.0704 0.9964 0.0474
vn -0.1795 0.9790 0.0966
vn -0.0747 0.9964 0.0402
vn -0.1882 0.9790 0.0785
vn -0.3353 0.9247 0.1805
vn -0.5389 0.7909 0.2900
vn -0.3515 0.9247 0.1466
vn -0.5648 0.7909 0.2355
vn -0.3642 0.9247 0.1112
vn -0.5853 0.7909 0.1787
vn -0.3734 0.9247 0.0748
vn -0.1950 0.9790 0.0596
vn -0.0811 0.9964 0.0248
vn -0.1999 0.9790 0.0400
vn -0.0832 0.9964 0.0167
vn -0.2029 0.9790 0.0201
vn -0.0844 0.9964 0.0084
vn -0.2039 0.9790 -0.0000
vn -0.3789 0.9247 0.0376
vn -0.6090 0.7909 0.0604
vn -0.3808 0.9247 -0.0000
vn -0.6120 0.7909 -0.0000
vn -0.3789 0.9247 -0.0376
vn -0.6090 0.7909 -0.0604
vn -0.3734 0.9247 -0.0748
vn -0.2029 0.9790 -0.0201
vn -0.0844 0.9964 -0.0084
vn -0.1999 0.9790 -0.0400
vn -0.0832 0.9964 -0.0167
vn -0.1950 0.9790 -0.0596
vn -0.0811 0.9964 -0.0248
vn -0.1882 0.9790 -0.0785
vn -0.3642 0.9247 -0.1112
vn -0.5853 0.7909 -0.1788
vn -0.3515 0.9247 -0.1466
vn -0.5648 0.7909 -0.2356
vn -0.3353 0.9247 -0.1805
vn -0.5389 0.7909 -0.2900
vn -0.3160 0.9247 -0.2126
vn -0.1795 0.9790 -0.0966
vn -0.0747 0.9964 -0.0402
vn -0.1692 0.9790 -0.1138
vn -0.0704 0.9964 -0.0474
vn -0.1572 0.9790 -0.1299
vn -0.0654 0.9964 -0.0540
vn -0.1437 0.9790 -0.1447
vn -0.2935 0.9247 -0.2426
vn -0.4717 0.7909 -0.3898
vn -0.2683 0.9247 -0.2702
vn -0.4312 0.7909 -0.4342
vn -0.2406 0.9247 -0.2952
vn -0.3866 0.7909 -0.4743
vn -0.2106 0.9247 -0.3173
vn -0.1288 0.9790 -0.1580
vn -0.0536 0.9964 -0.0658
vn -0.1127 0.9790 -0.1699
vn -0.0469 0.9964 -0.0707
vn -0.0956 0.9790 -0.1801
vn -0.0398 0.9964 -0.0749
vn -0.0776 0.9790 -0.1885
vn -0.1785 0.9247 -0.3363
vn -0.2869 0.7909 -0.5405
vn -0.1449 0.9247 -0.3521
vn -0.2328 0.7909 -0.5659
vn -0.1098 0.9247 -0.3646
vn -0.1765 0.7909 -0.5859
vn -0.0738 0.9247 -0.3736
vn -0.0588 0.9790 -0.1952
vn -0.0245 0.9964 -0.0812
vn -0.0395 0.9790 -0.2000
vn -0.0164 0.9964 -0.0832
vn -0.0198 0.9790 -0.2029
vn -0.0083 0.9964 -0.0844
vn -0.0000 0.9790 -0.2039
vn -0.0371 0.9247 -0.3790
vn -0.0596 0.7909 -0.6090
vn -0.0000 0.9247 -0.3808
vn -0.0000 0.7909 -0.6119
vn 0.0371 0.9247 -0.3790
vn 0.0596 0.7909 -0.6090
vn 0.0738 0.9247 -0.3736
vn 0.0198 0.9790 -0.2029
vn 0.0083 0.9964 -0.0844
vn 0.0395 0.9790 -0.2000
vn 0.0164 0.9964 -0.0832
vn 0.0588 0.9790 -0.1952
vn 0.0245 0.9964 -0.0812
vn 0.0776 0.9790 -0.1885
vn 0.1098 0.9247 -0.3646
vn 0.1765 0.7909 -0.5859
vn 0.1449 0.9247 -0.3521
vn 0.2328 0.7909 -0.5659
vn 0.1785 0.9247 -0.3363
vn 0.2869 0.7909 -0.5405
vn 0.2106 0.9247 -0.3173
vn 0.0956 0.9790 -0.1801
vn 0.0398 0.9964 -0.0749
vn 0.1127 0.9790 -0.1699
vn 0.0469 0.9964 -0.0707
vn 0.1288 0.9790 -0.1580
vn 0.0536 0.9964 -0.0657
vn 0.1437 0.9790 -0.1447
vn 0.2406 0.9247 -0.2951
vn 0.3866 0.7909 -0.4743
vn 0.2683 0.9247 -0.2702
vn 0.4312 0.7909 -0.4342
vn 0.2935 0.9247 -0.2426
vn 0.4717 0.7909 -0.3898
vn 0.3160 0.9247 -0.2126
vn 0.1572 0.9790 -0.1299
vn 0.0654 0.9964 -0.0540
vn 0.1692 0.9790 -0.1138
vn 0.0704 0.9964 -0.0474
vn 0.1795 0.9790 -0.0966
vn 0.0747 0.9964 -0.0402
vn 0.1882 0.9790 -0.0785
vn 0.3353 0.9247 -0.1805
vn 0.5389 0.7909 -0.2900
vn 0.3515 0.9247 -0.1466
vn 0.5648 0.7909 -0.2356
vn 0.3642 0.9247 -0.1112
vn 0.5853 0.7909 -0.1788
vn 0.3734 0.9247 -0.0748
vn 0.1950 0.9790 -0.0596
vn 0.0811 0.9964 -0.0248
vn 0.1999 0.9790 -0.0400
vn 0.0832 0.9964 -0.0167
vn 0.2029 0.9790 -0.0201
vn 0.0844 0.9964 -0.0084
vn 0.2039 0.9790 -0.0000
vn 0.3789 0.9247 -0.0376
vn 0.6090 0.7909 -0.0604
vn 0.3808 0.9247 -0.0000
vn 0.6120 0.7909 -0.0000
vn 0.3789 0.9247 0.0376
vn 0.6090 0.7909 0.0604
vn 0.3734 0.9247 0.0748
vn 0.2029 0.9790 0.0201
vn 0.0844 0.9964 0.0084
vn 0.1999 0.9790 0.0400
vn 0.0832 0.9964 0.0167
vn 0.1950 0.9790 0.0596
vn 0.0811 0.9964 0.0248
vn 0.1882 0.9790 0.0785
vn 0.3642 0.9247 0.1112
vn 0.5853 0.7909 0.1788
vn 0.3515 0.9247 0.1466
vn 0.5648 0.7909 0.2356
vn 0.3353 0.9247 0.1805
vn 0.5389 0.7909 0.2900
vn 0.3160 0.9247 0.2126
vn 0.1795 0.9790 0.0966
vn 0.0747 0.9964 0.0402
vn 0.1692 0.9790 0.1138
vn 0.0704 0.9964 0.0474
vn 0.1572 0.9790 0.1299
vn 0.0654 0.9964 0.0540
vn 0.2935 0.9247 0.2426
vn 0.4717 0.7909 0.3898
vn 0.6437 0.5501 0.5319
vn 0.4312 0.7909 0.4342
vn 0.5077 0.7909 0.3416
vn 0.6929 0.5501 0.4661
vn 0.7353 0.5501 0.3957
vn 0.8023 0.2550 0.5397
vn 0.8515 0.2550 0.4582
vn 0.8296 0.0136 0.5581
vn 0.7454 0.2550 0.6159
vn 0.6814 0.2550 0.6861
vn 0.7708 0.0136 0.6369
vn 0.7046 0.0136 0.7094
vn 0.7618 -0.1527 0.6295
vn 0.6964 -0.1527 0.7012
vn 0.7293 -0.3239 0.6026
vn 0.8200 -0.1527 0.5516
vn 0.8702 -0.1527 0.4683
vn 0.7850 -0.3239 0.5281
vn 0.8331 -0.3239 0.4484
vn 0.7057 -0.5258 0.4748
vn 0.7490 -0.5258 0.4031
vn 0.5790 -0.7162 0.3895
vn 0.6557 -0.5258 0.5418
vn 0.5994 -0.5258 0.6035
vn 0.5379 -0.7163 0.4445
vn 0.4918 -0.7163 0.4951
vn 0.4040 -0.8516 0.3339
vn 0.2776 -0.9329 0.2294
vn 0.3693 -0.8516 0.3719
vn 0.4349 -0.8516 0.2926
vn 0.2988 -0.9329 0.2010
vn 0.4616 -0.8516 0.2484
vn 0.3171 -0.9329 0.1707
vn 0.4838 -0.8516 0.2018
vn 0.6145 -0.7163 0.3307
vn 0.6441 -0.7162 0.2686
vn 0.6674 -0.7162 0.2038
vn 0.7851 -0.5258 0.3274
vn 0.8732 -0.3239 0.3642
vn 0.8135 -0.5258 0.2485
vn 0.9048 -0.3239 0.2764
vn 0.8340 -0.5258 0.1670
vn 0.9277 -0.3239 0.1858
vn 0.8464 -0.5258 0.0839
vn 0.6843 -0.7162 0.1370
vn 0.6944 -0.7162 0.0689
vn 0.5140 -0.8516 0.1029
vn 0.3532 -0.9329 0.0707
vn 0.5013 -0.8516 0.1531
vn 0.5216 -0.8516 0.0517
vn 0.3585 -0.9329 0.0356
vn 0.5242 -0.8516 -0.0000
vn 0.3602 -0.9329 -0.0000
vn 0.6979 -0.7162 -0.0000
vn 0.5216 -0.8516 -0.0517
vn 0.3585 -0.9329 -0.0355
vn 0.5140 -0.8516 -0.1029
vn 0.6944 -0.7162 -0.0689
vn 0.8464 -0.5258 -0.0839
vn 0.6843 -0.7162 -0.1370
vn 0.6674 -0.7162 -0.2038
vn 0.8340 -0.5258 -0.1670
vn 0.9277 -0.3239 -0.1858
vn 0.8135 -0.5258 -0.2484
vn 0.9048 -0.3239 -0.2763
vn 0.7851 -0.5258 -0.3274
vn 0.8732 -0.3239 -0.3642
vn 0.7490 -0.5258 -0.4031
vn 0.6441 -0.7162 -0.2686
vn 0.6145 -0.7163 -0.3307
vn 0.4838 -0.8516 -0.2018
vn 0.3324 -0.9329 -0.1386
vn 0.5013 -0.8516 -0.1531
vn 0.4616 -0.8516 -0.2484
vn 0.3171 -0.9329 -0.1707
vn 0.4349 -0.8516 -0.2926
vn 0.2988 -0.9329 -0.2010
vn 0.5790 -0.7162 -0.3895
vn 0.4040 -0.8516 -0.3339
vn 0.2776 -0.9329 -0.2294
vn 0.3693 -0.8516 -0.3719
vn 0.5379 -0.7163 -0.4445
vn 0.6557 -0.5258 -0.5418
vn 0.4918 -0.7163 -0.4951
vn 0.4409 -0.7163 -0.5409
vn 0.5994 -0.5258 -0.6035
vn 0.6667 -0.3239 -0.6713
vn 0.5374 -0.5258 -0.6593
vn 0.5977 -0.3239 -0.7333
vn 0.4703 -0.5258 -0.7087
vn 0.5231 -0.3239 -0.7883
vn 0.3988 -0.5258 -0.7513
vn 0.3859 -0.7163 -0.5814
vn 0.3272 -0.7163 -0.6164
vn 0.2898 -0.8517 -0.4367
vn 0.1990 -0.9330 -0.2999
vn 0.3311 -0.8517 -0.4062
vn 0.2457 -0.8517 -0.4629
vn 0.1688 -0.9330 -0.3179
vn 0.1994 -0.8517 -0.4847
vn 0.1369 -0.9330 -0.3328
vn 0.2655 -0.7163 -0.6454
vn 0.1512 -0.8517 -0.5018
vn 0.1038 -0.9330 -0.3446
vn 0.1016 -0.8517 -0.5141
vn 0.2013 -0.7163 -0.6682
vn 0.2454 -0.5258 -0.8144
vn 0.1352 -0.7163 -0.6846
vn 0.0679 -0.7163 -0.6945
vn 0.1649 -0.5258 -0.8345
vn 0.1834 -0.3239 -0.9281
vn 0.0828 -0.5258 -0.8465
vn 0.0921 -0.3239 -0.9416
vn -0.0000 -0.5258 -0.8506
vn -0.0000 -0.3239 -0.9461
vn -0.0828 -0.5258 -0.8465
vn -0.0000 -0.7163 -0.6978
vn -0.0679 -0.7163 -0.6945
vn -0.0000 -0.8517 -0.5241
vn -0.0000 -0.9330 -0.3598
vn 0.0510 -0.8517 -0.5216
vn -0.0510 -0.8517 -0.5216
vn -0.0350 -0.9330 -0.3581
vn -0.1016 -0.8517 -0.5141
vn -0.0697 -0.9330 -0.3530
vn -0.1352 -0.7163 -0.6846
vn -0.1512 -0.8517 -0.5018
vn -0.1038 -0.9330 -0.3446
vn -0.1994 -0.8517 -0.4847
vn -0.2013 -0.7163 -0.6682
vn -0.2454 -0.5258 -0.8144
vn -0.2655 -0.7163 -0.6454
vn -0.3272 -0.7163 -0.6164
vn -0.3236 -0.5258 -0.7866
vn -0.3600 -0.3239 -0.8749
vn -0.3988 -0.5258 -0.7513
vn -0.4436 -0.3239 -0.8356
vn -0.4703 -0.5258 -0.7087
vn -0.5231 -0.3239 -0.7883
vn -0.5374 -0.5258 -0.6593
vn -0.3859 -0.7163 -0.5814
vn -0.4409 -0.7163 -0.5409
vn -0.2898 -0.8517 -0.4367
vn -0.1990 -0.9330 -0.2999
vn -0.2457 -0.8517 -0.4629
vn -0.3311 -0.8517 -0.4063
vn -0.2274 -0.9330 -0.2790
vn -0.3693 -0.8516 -0.3719
vn -0.2537 -0.9329 -0.2555
vn -0.4918 -0.7163 -0.4951
vn -0.4040 -0.8516 -0.3339
vn -0.2776 -0.9329 -0.2294
vn -0.4349 -0.8516 -0.2926
vn -0.5380 -0.7163 -0.4445
vn -0.6557 -0.5258 -0.5418
vn -0.5790 -0.7162 -0.3895
vn -0.6145 -0.7162 -0.3307
vn -0.7058 -0.5258 -0.4748
vn -0.7850 -0.3239 -0.5281
vn -0.7490 -0.5258 -0.4031
vn -0.8331 -0.3239 -0.4483
vn -0.7851 -0.5258 -0.3274
vn -0.8732 -0.3239 -0.3642
vn -0.8135 -0.5258 -0.2485
vn -0.6441 -0.7162 -0.2686
vn -0.6674 -0.7162 -0.2038
vn -0.4838 -0.8516 -0.2018
vn -0.3324 -0.9329 -0.1386
vn -0.4616 -0.8516 -0.2484
vn -0.5013 -0.8516 -0.1531
vn -0.3445 -0.9329 -0.1052
vn -0.5140 -0.8516 -0.1029
vn -0.3532 -0.9329 -0.0707
vn -0.6843 -0.7162 -0.1370
vn -0.5216 -0.8516 -0.0517
vn -0.3585 -0.9329 -0.0355
vn -0.5242 -0.8516 -0.0000
vn -0.6944 -0.7162 -0.0689
vn -0.8464 -0.5258 -0.0839
vn -0.6979 -0.7162 -0.0000
vn -0.6944 -0.7162 0.0689
vn -0.8506 -0.5258 -0.0000
vn -0.9461 -0.3239 -0.0000
vn -0.8464 -0.5258 0.0839
vn -0.9415 -0.3239 0.0934
vn -0.8340 -0.5258 0.1670
vn -0.9277 -0.3239 0.1858
vn -0.8135 -0.5258 0.2485
vn -0.6843 -0.7162 0.1370
vn -0.6674 -0.7162 0.2038
vn -0.5140 -0.8516 0.1029
vn -0.3532 -0.9329 0.0707
vn -0.5216 -0.8516 0.0517
vn -0.5013 -0.8516 0.1531
vn -0.3445 -0.9329 0.1052
vn -0.4838 -0.8516 0.2018
vn -0.3324 -0.9329 0.1386
vn -0.6441 -0.7162 0.2686
vn -0.4616 -0.8516 0.2484
vn -0.3171 -0.9329 0.1707
vn -0.4349 -0.8516 0.2926
vn -0.6145 -0.7162 0.3307
vn -0.7490 -0.5258 0.4031
vn -0.5790 -0.7162 0.3895
vn -0.5379 -0.7163 0.4445
vn -0.7057 -0.5258 0.4748
vn -0.7850 -0.3239 0.5281
vn -0.6557 -0.5258 0.5418
vn -0.7293 -0.3239 0.6026
vn -0.5994 -0.5258 0.6035
vn -0.6667 -0.3239 0.6713
vn -0.5374 -0.5258 0.6593
vn -0.4918 -0.7163 0.4951
vn -0.4409 -0.7163 0.5409
vn -0.3693 -0.8516 0.3719
vn -0.2537 -0.9329 0.2555
vn -0.4040 -0.8516 0.3339
vn -0.3311 -0.8517 0.4063
vn -0.2274 -0.9330 0.2790
vn -0.2898 -0.8517 0.4367
vn -0.1990 -0.9330 0.2999
vn -0.3859 -0.7163 0.5814
vn -0.2457 -0.8517 0.4629
vn -0.1688 -0.9330 0.3179
vn -0.1994 -0.8517 0.4847
vn -0.3272 -0.7163 0.6164
vn -0.3988 -0.5258 0.7513
vn -0.2655 -0.7163 0.6454
vn -0.2013 -0.7163 0.6682
vn -0.3236 -0.5258 0.7866
vn -0.3600 -0.3239 0.8749
vn -0.2454 -0.5258 0.8144
vn -0.2729 -0.3239 0.9059
vn -0.1649 -0.5258 0.8345
vn -0.1834 -0.3239 0.9281
vn -0.0828 -0.5258 0.8465
vn -0.1352 -0.7163 0.6846
vn -0.0679 -0.7163 0.6945
vn -0.1016 -0.8517 0.5141
vn -0.0510 -0.8517 0.5216
vn -0.0697 -0.9330 0.3530
vn -0.1512 -0.8517 0.5018
vn -0.1038 -0.9330 0.3446
vn -0.0655 -0.9739 0.2174
vn -0.1369 -0.9330 0.3328
vn -0.0864 -0.9739 0.2100
vn -0.0669 -0.9844 0.1626
vn -0.1065 -0.9739 0.2006
vn -0.0825 -0.9844 0.1554
vn -0.1256 -0.9738 0.1893
vn -0.0973 -0.9844 0.1466
vn -0.1436 -0.9738 0.1761
vn -0.1112 -0.9844 0.1364
vn -0.1602 -0.9738 0.1613
vn -0.1240 -0.9844 0.1249
vn -0.1753 -0.9738 0.1448
vn -0.1357 -0.9844 0.1122
vn -0.2776 -0.9329 0.2294
vn -0.1887 -0.9738 0.1269
vn -0.1461 -0.9844 0.0983
vn -0.2003 -0.9738 0.1078
vn -0.2988 -0.9329 0.2010
vn -0.1551 -0.9844 0.0835
vn -0.2100 -0.9738 0.0876
vn -0.1626 -0.9844 0.0678
vn -0.2176 -0.9738 0.0665
vn -0.1686 -0.9843 0.0515
vn -0.2231 -0.9738 0.0447
vn -0.1728 -0.9843 0.0346
vn -0.2264 -0.9738 0.0225
vn -0.1754 -0.9843 0.0174
vn -0.3585 -0.9329 0.0355
vn -0.2276 -0.9738 -0.0000
vn -0.1763 -0.9843 -0.0000
vn -0.2264 -0.9738 -0.0225
vn -0.3602 -0.9329 -0.0000
vn -0.1754 -0.9843 -0.0174
vn -0.2231 -0.9738 -0.0447
vn -0.1728 -0.9843 -0.0346
vn -0.2176 -0.9738 -0.0665
vn -0.1686 -0.9843 -0.0515
vn -0.2100 -0.9738 -0.0876
vn -0.1626 -0.9844 -0.0678
vn -0.2003 -0.9738 -0.1078
vn -0.1551 -0.9844 -0.0835
vn -0.3171 -0.9329 -0.1707
vn -0.1887 -0.9738 -0.1269
vn -0.1461 -0.9844 -0.0983
vn -0.1753 -0.9738 -0.1448
vn -0.2988 -0.9329 -0.2010
vn -0.1357 -0.9844 -0.1122
vn -0.1602 -0.9738 -0.1613
vn -0.1240 -0.9844 -0.1249
vn -0.1436 -0.9738 -0.1762
vn -0.1112 -0.9844 -0.1364
vn -0.1256 -0.9738 -0.1893
vn -0.0973 -0.9844 -0.1466
vn -0.1065 -0.9739 -0.2006
vn -0.0825 -0.9844 -0.1554
vn -0.1688 -0.9330 -0.3179
vn -0.0864 -0.9739 -0.2100
vn -0.0669 -0.9844 -0.1627
vn -0.0655 -0.9739 -0.2174
vn -0.1369 -0.9330 -0.3328
vn -0.0507 -0.9844 -0.1684
vn -0.0440 -0.9739 -0.2228
vn -0.0341 -0.9844 -0.1725
vn -0.0221 -0.9739 -0.2260
vn -0.0171 -0.9844 -0.1750
vn -0.0000 -0.9739 -0.2270
vn -0.0000 -0.9844 -0.1758
vn 0.0221 -0.9739 -0.2260
vn 0.0171 -0.9844 -0.1750
vn 0.0350 -0.9330 -0.3581
vn 0.0440 -0.9739 -0.2228
vn 0.0341 -0.9844 -0.1725
vn 0.0655 -0.9739 -0.2174
vn 0.0697 -0.9330 -0.3530
vn 0.0507 -0.9844 -0.1684
vn 0.0864 -0.9739 -0.2100
vn 0.0669 -0.9844 -0.1626
vn 0.1065 -0.9739 -0.2006
vn 0.0825 -0.9844 -0.1554
vn 0.1256 -0.9738 -0.1893
vn 0.0973 -0.9844 -0.1466
vn 0.1436 -0.9738 -0.1762
vn 0.1112 -0.9844 -0.1364
vn 0.2274 -0.9330 -0.2790
vn 0.1602 -0.9738 -0.1613
vn 0.1240 -0.9844 -0.1249
vn 0.1753 -0.9738 -0.1448
vn 0.2537 -0.9329 -0.2555
vn 0.1357 -0.9844 -0.1122
vn 0.1887 -0.9738 -0.1269
vn 0.1461 -0.9844 -0.0983
vn 0.2003 -0.9738 -0.1078
vn 0.1551 -0.9844 -0.0835
vn 0.2100 -0.9738 -0.0876
vn 0.1626 -0.9844 -0.0678
vn 0.2176 -0.9738 -0.0665
vn 0.1686 -0.9843 -0.0515
vn 0.3445 -0.9329 -0.1052
vn 0.2231 -0.9738 -0.0447
vn 0.1728 -0.9843 -0.0346
vn 0.2264 -0.9738 -0.0225
vn 0.3532 -0.9329 -0.0707
vn 0.1754 -0.9843 -0.0174
vn 0.2276 -0.9738 -0.0000
vn 0.1763 -0.9843 -0.0000
vn 0.2264 -0.9738 0.0225
vn 0.1754 -0.9843 0.0174
vn 0.2231 -0.9738 0.0447
vn 0.1728 -0.9843 0.0346
vn 0.2176 -0.9738 0.0665
vn 0.1686 -0.9843 0.0515
vn 0.3445 -0.9329 0.1052
vn 0.2100 -0.9738 0.0876
vn 0.1626 -0.9844 0.0678
vn 0.2003 -0.9738 0.1078
vn 0.3324 -0.9329 0.1386
vn 0.1551 -0.9844 0.0835
vn 0.1887 -0.9738 0.1269
vn 0.1461 -0.9844 0.0983
vn 0.1753 -0.9738 0.1448
vn 0.1357 -0.9844 0.1122
vn 0.1602 -0.9738 0.1613
vn 0.1240 -0.9844 0.1249
vn 0.1436 -0.9738 0.1762
vn 0.2537 -0.9329 0.2555
vn 0.2274 -0.9330 0.2790
vn 0.1990 -0.9330 0.2999
vn 0.3311 -0.8517 0.4063
vn 0.2898 -0.8517 0.4367
vn 0.4409 -0.7163 0.5409
vn 0.3859 -0.7163 0.5815
vn 0.5374 -0.5258 0.6593
vn 0.5977 -0.3239 0.7333
vn 0.4703 -0.5258 0.7087
vn 0.5231 -0.3239 0.7883
vn 0.3988 -0.5258 0.7513
vn 0.4436 -0.3239 0.8356
vn 0.3236 -0.5258 0.7866
vn 0.3272 -0.7163 0.6164
vn 0.2655 -0.7163 0.6454
vn 0.2457 -0.8517 0.4629
vn 0.1688 -0.9330 0.3179
vn 0.1994 -0.8517 0.4847
vn 0.1369 -0.9330 0.3328
vn 0.1512 -0.8517 0.5018
vn 0.1038 -0.9330 0.3446
vn 0.1016 -0.8517 0.5141
vn 0.2013 -0.7163 0.6682
vn 0.1352 -0.7163 0.6846
vn 0.2454 -0.5258 0.8144
vn 0.2729 -0.3239 0.9059
vn 0.1648 -0.5258 0.8345
vn 0.1834 -0.3239 0.9281
vn 0.0828 -0.5258 0.8465
vn 0.0921 -0.3239 0.9416
vn -0.0000 -0.5258 0.8506
vn 0.0679 -0.7163 0.6945
vn -0.0000 -0.7163 0.6978
vn 0.0510 -0.8517 0.5216
vn 0.0350 -0.9330 0.3581
vn -0.0000 -0.8517 0.5241
vn -0.0000 -0.9330 0.3598
vn -0.0000 -0.9739 0.2270
vn -0.0350 -0.9330 0.3581
vn -0.0221 -0.9739 0.2260
vn -0.0171 -0.9844 0.1750
vn -0.0440 -0.9739 0.2228
vn -0.0341 -0.9844 0.1725
vn -0.0507 -0.9844 0.1684
vn 0.0048 -0.9997 -0.0242
vn 0.0024 -0.9997 -0.0246
vn 0.1333 -0.7258 -0.6749
vn 0.0071 -0.9997 -0.0236
vn 0.0094 -0.9997 -0.0228
vn 0.1985 -0.7257 -0.6588
vn 0.2858 -0.1348 -0.9487
vn 0.2617 -0.7257 -0.6362
vn 0.3770 -0.1348 -0.9164
vn 0.3226 -0.7257 -0.6077
vn 0.4646 -0.1348 -0.8752
vn 0.3804 -0.7257 -0.5733
vn 0.0116 -0.9997 -0.0218
vn 0.0136 -0.9997 -0.0206
vn 0.0156 -0.9997 -0.0192
vn 0.0174 -0.9997 -0.0175
vn 0.4347 -0.7256 -0.5334
vn 0.6260 -0.1348 -0.7681
vn 0.4849 -0.7256 -0.4883
vn 0.6982 -0.1347 -0.7031
vn 0.5305 -0.7255 -0.4384
vn 0.7638 -0.1347 -0.6312
vn 0.5710 -0.7255 -0.3842
vn 0.0190 -0.9997 -0.0157
vn 0.0204 -0.9997 -0.0138
vn 0.0217 -0.9997 -0.0117
vn 0.0227 -0.9997 -0.0095
vn 0.6061 -0.7255 -0.3262
vn 0.8725 -0.1346 -0.4696
vn 0.6352 -0.7255 -0.2649
vn 0.9145 -0.1346 -0.3814
vn 0.6583 -0.7254 -0.2011
vn 0.9477 -0.1346 -0.2895
vn 0.6749 -0.7254 -0.1352
vn 0.0236 -0.9997 -0.0072
vn 0.0242 -0.9997 -0.0048
vn 0.0246 -0.9997 -0.0024
vn 0.0246 -0.9997 -0.0000
vn 0.6850 -0.7254 -0.0679
vn 0.9861 -0.1345 -0.0978
vn 0.6883 -0.7254 -0.0000
vn 0.9909 -0.1345 -0.0000
vn 0.6850 -0.7254 0.0679
vn 0.9861 -0.1345 0.0978
vn 0.6749 -0.7254 0.1352
vn 0.0246 -0.9997 0.0024
vn 0.0242 -0.9997 0.0048
vn 0.0236 -0.9997 0.0072
vn 0.0227 -0.9997 0.0095
vn 0.6583 -0.7254 0.2011
vn 0.9477 -0.1346 0.2895
vn 0.6352 -0.7255 0.2649
vn 0.9145 -0.1346 0.3814
vn 0.6061 -0.7254 0.3262
vn 0.8726 -0.1346 0.4696
vn 0.5710 -0.7255 0.3842
vn 0.0217 -0.9997 0.0117
vn 0.0204 -0.9997 0.0138
vn 0.0190 -0.9997 0.0157
vn 0.0174 -0.9997 0.0175
vn 0.5305 -0.7255 0.4384
vn 0.7638 -0.1347 0.6312
vn 0.4849 -0.7256 0.4883
vn 0.6982 -0.1347 0.7031
vn 0.4347 -0.7256 0.5334
vn 0.6260 -0.1347 0.7681
vn 0.3804 -0.7257 0.5733
vn 0.0156 -0.9997 0.0191
vn 0.0136 -0.9997 0.0206
vn 0.0116 -0.9997 0.0218
vn 0.0094 -0.9997 0.0228
vn 0.3226 -0.7257 0.6077
vn 0.4646 -0.1348 0.8752
vn 0.2617 -0.7257 0.6363
vn 0.3770 -0.1348 0.9164
vn 0.1985 -0.7257 0.6588
vn 0.2858 -0.1348 0.9487
vn 0.1333 -0.7258 0.6749
vn 0.0071 -0.9997 0.0236
vn 0.0048 -0.9997 0.0242
vn 0.0024 -0.9997 0.0246
vn -0.0000 -0.9997 0.0247
vn 0.0670 -0.7257 0.6847
vn 0.0965 -0.1349 0.9862
vn -0.0000 -0.7258 0.6879
vn -0.0000 -0.1349 0.9909
vn -0.0670 -0.7257 0.6847
vn -0.0965 -0.1349 0.9862
vn -0.1333 -0.7257 0.6749
vn -0.0024 -0.9997 0.0246
vn -0.0048 -0.9997 0.0242
vn -0.0071 -0.9997 0.0237
vn -0.0094 -0.9997 0.0228
vn -0.1985 -0.7257 0.6588
vn -0.2858 -0.1348 0.9487
vn -0.2617 -0.7257 0.6363
vn -0.3770 -0.1348 0.9164
vn -0.3226 -0.7256 0.6078
vn -0.4646 -0.1348 0.8752
vn -0.3804 -0.7257 0.5733
vn -0.0116 -0.9997 0.0218
vn -0.0136 -0.9997 0.0206
vn -0.0156 -0.9997 0.0191
vn -0.0174 -0.9997 0.0175
vn -0.4347 -0.7256 0.5334
vn -0.6260 -0.1347 0.7681
vn -0.4849 -0.7256 0.4882
vn -0.6982 -0.1347 0.7031
vn -0.5305 -0.7255 0.4384
vn -0.7638 -0.1347 0.6312
vn -0.5710 -0.7255 0.3842
vn -0.0190 -0.9997 0.0157
vn -0.0204 -0.9997 0.0138
vn -0.0217 -0.9997 0.0117
vn -0.0227 -0.9997 0.0095
vn -0.6061 -0.7254 0.3262
vn -0.8726 -0.1346 0.4696
vn -0.6352 -0.7255 0.2649
vn -0.9145 -0.1346 0.3814
vn -0.6583 -0.7254 0.2011
vn -0.9477 -0.1346 0.2895
vn -0.6749 -0.7254 0.1352
vn -0.0236 -0.9997 0.0072
vn -0.0242 -0.9997 0.0048
vn -0.0246 -0.9997 0.0024
vn -0.0246 -0.9997 -0.0000
vn -0.6850 -0.7254 0.0679
vn -0.9861 -0.1345 0.0978
vn -0.6883 -0.7254 -0.0000
vn -0.9909 -0.1345 -0.0000
vn -0.6850 -0.7254 -0.0679
vn -0.9861 -0.1345 -0.0978
vn -0.6749 -0.7254 -0.1352
vn -0.0246 -0.9997 -0.0024
vn -0.0242 -0.9997 -0.0048
vn -0.0236 -0.9997 -0.0072
vn -0.0227 -0.9997 -0.0095
vn -0.6583 -0.7254 -0.2011
vn -0.9477 -0.1346 -0.2895
vn -0.6352 -0.7255 -0.2650
vn -0.9145 -0.1346 -0.3814
vn -0.6061 -0.7255 -0.3262
vn -0.8725 -0.1346 -0.4696
vn -0.5710 -0.7255 -0.3842
vn -0.0217 -0.9997 -0.0117
vn -0.0204 -0.9997 -0.0138
vn -0.0190 -0.9997 -0.0157
vn -0.0174 -0.9997 -0.0175
vn -0.5305 -0.7255 -0.4384
vn -0.7638 -0.1347 -0.6312
vn -0.4849 -0.7256 -0.4883
vn -0.6982 -0.1347 -0.7031
vn -0.4347 -0.7256 -0.5334
vn -0.6260 -0.1347 -0.7681
vn -0.3804 -0.7257 -0.5733
vn -0.0156 -0.9997 -0.0192
vn -0.0136 -0.9997 -0.0206
vn 0.1112 -0.9844 0.1364
vn 0.0973 -0.9844 0.1466
vn 0.1256 -0.9738 0.1893
vn 0.0825 -0.9844 0.1554
vn 0.1065 -0.9739 0.2006
vn 0.0669 -0.9844 0.1626
vn -0.0116 -0.9997 -0.0218
vn -0.0094 -0.9997 -0.0228
vn -0.3226 -0.7257 -0.6077
vn -0.4646 -0.1348 -0.8752
vn -0.2617 -0.7257 -0.6363
vn -0.3770 -0.1348 -0.9164
vn -0.1985 -0.7257 -0.6588
vn -0.2858 -0.1348 -0.9487
vn -0.1333 -0.7258 -0.6749
vn -0.0071 -0.9997 -0.0236
vn -0.0048 -0.9997 -0.0242
vn 0.0507 -0.9844 0.1684
vn 0.0655 -0.9739 0.2174
vn 0.0341 -0.9844 0.1725
vn 0.0440 -0.9739 0.2228
vn 0.0171 -0.9844 0.1750
vn 0.0221 -0.9739 0.2260
vn -0.0000 -0.9844 0.1758
vn -0.0024 -0.9997 -0.0246
vn -0.0000 -0.9997 -0.0247
vn -0.0670 -0.7257 -0.6847
vn -0.0965 -0.1349 -0.9862
vn -0.0000 -0.7258 -0.6879
vn 0.0670 -0.7257 -0.6847
vn -0.0000 -0.1349 -0.9909
vn 0.0965 -0.1349 -0.9862
vn -0.0000 -0.1321 -0.9912
vn -0.0000 -0.6563 -0.7545
vn 0.0965 -0.1322 -0.9865
vn -0.0965 -0.1322 -0.9865
vn -0.0734 -0.6564 -0.7508
vn -0.1921 -0.1323 -0.9724
vn -0.1920 -0.1349 -0.9721
vn -0.2860 -0.1325 -0.9490
vn -0.1462 -0.6566 -0.7399
vn -0.0383 -0.9802 -0.1941
vn -0.2175 -0.6571 -0.7218
vn -0.2867 -0.6575 -0.6968
vn -0.0569 -0.9803 -0.1891
vn -0.0749 -0.9804 -0.1824
vn -0.0000 -1.0000 -0.0000
vn -0.0000 -0.9802 -0.1980
vn 0.0192 -0.9802 -0.1970
vn -0.0192 -0.9802 -0.1970
vn 0.0734 -0.6564 -0.7508
vn 0.0383 -0.9802 -0.1941
vn 0.1462 -0.6567 -0.7399
vn 0.0569 -0.9803 -0.1891
vn 0.2175 -0.6571 -0.7218
vn 0.0749 -0.9804 -0.1824
vn 0.0921 -0.9805 -0.1737
vn 0.2867 -0.6575 -0.6968
vn 0.3530 -0.6582 -0.6650
vn 0.3771 -0.1328 -0.9166
vn 0.2860 -0.1325 -0.9490
vn 0.4648 -0.1331 -0.8754
vn 0.5480 -0.1335 -0.8257
vn 0.5479 -0.1348 -0.8256
vn 0.4160 -0.6588 -0.6268
vn 0.6262 -0.1340 -0.7681
vn 0.6983 -0.1344 -0.7030
vn 0.4749 -0.6596 -0.5826
vn 0.1234 -0.9807 -0.1516
vn 0.5292 -0.6604 -0.5328
vn 0.1373 -0.9808 -0.1384
vn 0.5784 -0.6611 -0.4779
vn 0.1497 -0.9809 -0.1239
vn 0.6220 -0.6619 -0.4184
vn 0.7639 -0.1348 -0.6311
vn 0.8221 -0.1353 -0.5530
vn 0.8221 -0.1347 -0.5531
vn 0.8725 -0.1357 -0.4695
vn 0.9144 -0.1360 -0.3813
vn 0.6596 -0.6626 -0.3549
vn 0.1701 -0.9812 -0.0917
vn 0.6908 -0.6631 -0.2881
vn 0.1779 -0.9812 -0.0743
vn 0.7154 -0.6637 -0.2185
vn 0.1839 -0.9813 -0.0563
vn 0.7332 -0.6640 -0.1468
vn 0.9475 -0.1363 -0.2893
vn 0.9714 -0.1365 -0.1945
vn 0.9716 -0.1345 -0.1946
vn 0.9858 -0.1367 -0.0977
vn 0.9906 -0.1367 -0.0000
vn 0.7439 -0.6643 -0.0738
vn 0.1909 -0.9814 -0.0190
vn 0.7475 -0.6643 -0.0000
vn 0.1919 -0.9814 -0.0000
vn 0.7439 -0.6643 0.0738
vn 0.1910 -0.9814 0.0190
vn 0.7332 -0.6640 0.1468
vn 0.9858 -0.1367 0.0977
vn 0.9714 -0.1365 0.1945
vn 0.9716 -0.1345 0.1946
vn 0.9475 -0.1363 0.2893
vn 0.9144 -0.1360 0.3813
vn 0.7154 -0.6637 0.2185
vn 0.1839 -0.9813 0.0563
vn 0.6908 -0.6631 0.2881
vn 0.1779 -0.9812 0.0743
vn 0.6595 -0.6626 0.3549
vn 0.1701 -0.9812 0.0917
vn 0.6220 -0.6619 0.4184
vn 0.8725 -0.1357 0.4695
vn 0.8221 -0.1353 0.5530
vn 0.8221 -0.1346 0.5531
vn 0.7639 -0.1349 0.6311
vn 0.6983 -0.1344 0.7030
vn 0.5784 -0.6612 0.4779
vn 0.1497 -0.9809 0.1239
vn 0.5292 -0.6604 0.5328
vn 0.1373 -0.9808 0.1384
vn 0.4749 -0.6596 0.5826
vn 0.1234 -0.9807 0.1516
vn 0.4160 -0.6588 0.6268
vn 0.6262 -0.1340 0.7681
vn 0.5481 -0.1335 0.8257
vn 0.5479 -0.1348 0.8256
vn 0.4648 -0.1332 0.8754
vn 0.3771 -0.1328 0.9166
vn 0.3530 -0.6582 0.6650
vn 0.0921 -0.9805 0.1737
vn 0.2867 -0.6575 0.6968
vn 0.0749 -0.9804 0.1824
vn 0.2175 -0.6570 0.7218
vn 0.0569 -0.9803 0.1891
vn 0.1462 -0.6567 0.7399
vn 0.2860 -0.1325 0.9490
vn 0.1921 -0.1323 0.9724
vn 0.1920 -0.1349 0.9721
vn 0.0965 -0.1322 0.9865
vn -0.0000 -0.1321 0.9912
vn 0.0734 -0.6565 0.7508
vn 0.0192 -0.9802 0.1970
vn -0.0000 -0.6563 0.7545
vn -0.0000 -0.9802 0.1981
vn -0.0734 -0.6564 0.7508
vn -0.0192 -0.9802 0.1971
vn -0.1462 -0.6567 0.7399
vn -0.0965 -0.1322 0.9865
vn -0.1921 -0.1323 0.9724
vn -0.1920 -0.1348 0.9721
vn -0.2860 -0.1325 0.9490
vn -0.3771 -0.1328 0.9166
vn -0.2175 -0.6571 0.7218
vn -0.0569 -0.9803 0.1891
vn -0.2867 -0.6575 0.6968
vn -0.0749 -0.9804 0.1824
vn -0.3530 -0.6582 0.6650
vn -0.0921 -0.9805 0.1737
vn -0.4160 -0.6588 0.6268
vn -0.4648 -0.1331 0.8754
vn -0.5481 -0.1335 0.8257
vn -0.5479 -0.1348 0.8256
vn -0.6262 -0.1340 0.7681
vn -0.6983 -0.1344 0.7030
vn -0.4749 -0.6596 0.5826
vn -0.1234 -0.9807 0.1516
vn -0.5292 -0.6604 0.5328
vn -0.1373 -0.9808 0.1384
vn -0.5784 -0.6612 0.4779
vn -0.1497 -0.9809 0.1239
vn -0.6220 -0.6619 0.4184
vn -0.7639 -0.1349 0.6311
vn -0.8221 -0.1353 0.5530
vn -0.8221 -0.1346 0.5531
vn -0.8725 -0.1357 0.4695
vn -0.9144 -0.1360 0.3813
vn -0.6595 -0.6626 0.3549
vn -0.1701 -0.9812 0.0917
vn -0.6908 -0.6632 0.2881
vn -0.1779 -0.9812 0.0743
vn -0.7154 -0.6637 0.2185
vn -0.1839 -0.9813 0.0563
vn -0.7332 -0.6640 0.1468
vn -0.9475 -0.1363 0.2893
vn -0.9714 -0.1365 0.1945
vn -0.9716 -0.1345 0.1946
vn -0.9858 -0.1367 0.0977
vn -0.9906 -0.1367 -0.0000
vn -0.7439 -0.6643 0.0738
vn -0.1909 -0.9814 0.0190
vn -0.7475 -0.6643 -0.0000
vn -0.1919 -0.9814 -0.0000
vn -0.7439 -0.6643 -0.0738
vn -0.1910 -0.9814 -0.0190
vn -0.7332 -0.6640 -0.1468
vn -0.9858 -0.1367 -0.0977
vn -0.9714 -0.1365 -0.1945
vn -0.9716 -0.1345 -0.1946
vn -0.9475 -0.1363 -0.2894
vn -0.9144 -0.1360 -0.3813
vn -0.7154 -0.6637 -0.2185
vn -0.1839 -0.9813 -0.0563
vn -0.6908 -0.6631 -0.2881
vn -0.1779 -0.9812 -0.0743
vn -0.6595 -0.6626 -0.3549
vn -0.1701 -0.9812 -0.0917
vn -0.6220 -0.6619 -0.4184
vn -0.8725 -0.1357 -0.4695
vn -0.8221 -0.1353 -0.5530
vn -0.8221 -0.1346 -0.5531
vn -0.7639 -0.1349 -0.6311
vn -0.6983 -0.1344 -0.7030
vn -0.5784 -0.6612 -0.4779
vn -0.1497 -0.9809 -0.1239
vn -0.5292 -0.6603 -0.5328
vn -0.1372 -0.9808 -0.1384
vn -0.4749 -0.6596 -0.5826
vn -0.1234 -0.9807 -0.1516
vn -0.4160 -0.6588 -0.6268
vn -0.6262 -0.1340 -0.7681
vn -0.5480 -0.1335 -0.8257
vn -0.5479 -0.1348 -0.8256
vn -0.4648 -0.1332 -0.8754
vn -0.3771 -0.1328 -0.9166
vn -0.3530 -0.6582 -0.6650
vn -0.0921 -0.9805 -0.1737
vn -0.1083 -0.9806 -0.1635
vn -0.1607 -0.9811 -0.1083
vn -0.1883 -0.9814 -0.0378
vn -0.1883 -0.9814 0.0378
vn -0.1607 -0.9810 0.1083
vn 0.1083 -0.9806 0.1635
vn 0.0383 -0.9802 0.1941
vn -0.0383 -0.9802 0.1941
vn -0.1083 -0.9806 0.1635
vn 0.1607 -0.9811 0.1083
vn 0.1883 -0.9814 0.0378
vn 0.1883 -0.9814 -0.0378
vn 0.1607 -0.9811 -0.1083
vn 0.1083 -0.9806 -0.1635
vn 0.1921 -0.1323 -0.9724
vn 0.1920 -0.1349 -0.9721
vn 0.0697 -0.9330 0.3530
vn 0.0864 -0.9739 0.2100
vn -0.0000 -0.3239 0.9461
vn -0.0921 -0.3239 0.9416
vn -0.0000 -0.1527 0.9883
vn -0.0962 -0.1527 0.9836
vn -0.0000 0.0136 0.9999
vn 0.0962 -0.1527 0.9836
vn 0.0973 0.0136 0.9952
vn 0.1915 -0.1527 0.9695
vn 0.1938 0.0136 0.9809
vn 0.2851 -0.1527 0.9463
vn 0.2885 0.0136 0.9574
vn 0.3760 -0.1527 0.9139
vn 0.3804 0.0136 0.9247
vn 0.4634 -0.1527 0.8729
vn 0.3599 -0.3239 0.8749
vn 0.4689 0.0136 0.8832
vn 0.5465 -0.1527 0.8234
vn 0.5529 0.0136 0.8331
vn 0.6244 -0.1527 0.7660
vn 0.6318 0.0136 0.7751
vn 0.6109 0.2550 0.7495
vn 0.5276 0.5502 0.6473
vn 0.5347 0.2550 0.8057
vn 0.4618 0.5501 0.6958
vn 0.4534 0.2550 0.8541
vn 0.3916 0.5502 0.7376
vn 0.3679 0.2550 0.8942
vn 0.3177 0.5502 0.7723
vn 0.2789 0.2550 0.9258
vn 0.2409 0.5502 0.7996
vn 0.1874 0.2550 0.9486
vn 0.1618 0.5502 0.8192
vn 0.0941 0.2550 0.9624
vn 0.0813 0.5502 0.8311
vn -0.0000 0.2550 0.9669
vn -0.0941 0.2550 0.9624
vn -0.0000 0.5502 0.8351
vn -0.0813 0.5502 0.8311
vn -0.0000 0.7909 0.6119
vn -0.0596 0.7909 0.6090
vn -0.1186 0.7909 0.6003
vn -0.0371 0.9247 0.3790
vn -0.1618 0.5502 0.8192
vn -0.1874 0.2550 0.9486
vn -0.2409 0.5502 0.7996
vn -0.2789 0.2550 0.9258
vn -0.3177 0.5502 0.7723
vn -0.3679 0.2550 0.8942
vn -0.3916 0.5502 0.7376
vn -0.4534 0.2550 0.8541
vn -0.4618 0.5501 0.6958
vn -0.5347 0.2550 0.8057
vn -0.5276 0.5502 0.6473
vn -0.3384 0.7909 0.5099
vn -0.6109 0.2550 0.7495
vn -0.5885 0.5501 0.5925
vn -0.6814 0.2550 0.6861
vn -0.6437 0.5501 0.5319
vn -0.7454 0.2550 0.6159
vn -0.6929 0.5501 0.4661
vn -0.8023 0.2550 0.5397
vn -0.7353 0.5501 0.3957
vn -0.5077 0.7909 0.3416
vn -0.8515 0.2550 0.4582
vn -0.7707 0.5501 0.3214
vn -0.8925 0.2550 0.3722
vn -0.7987 0.5501 0.2439
vn -0.9248 0.2550 0.2824
vn -0.8188 0.5501 0.1640
vn -0.9481 0.2550 0.1899
vn -0.8310 0.5501 0.0824
vn -0.6001 0.7909 0.1202
vn -0.9622 0.2550 0.0954
vn -0.8351 0.5501 -0.0000
vn -0.9670 0.2550 -0.0000
vn -0.8310 0.5501 -0.0824
vn -0.9622 0.2550 -0.0954
vn -0.8188 0.5501 -0.1640
vn -0.9481 0.2550 -0.1899
vn -0.7987 0.5501 -0.2439
vn -0.6001 0.7909 -0.1202
vn -0.9248 0.2550 -0.2824
vn -0.7707 0.5501 -0.3214
vn -0.8924 0.2550 -0.3722
vn -0.7353 0.5501 -0.3957
vn -0.8515 0.2550 -0.4582
vn -0.6929 0.5501 -0.4661
vn -0.8023 0.2550 -0.5397
vn -0.6437 0.5501 -0.5319
vn -0.5077 0.7909 -0.3416
vn -0.7454 0.2550 -0.6159
vn -0.5885 0.5501 -0.5925
vn -0.6814 0.2550 -0.6861
vn -0.5276 0.5502 -0.6473
vn -0.6109 0.2550 -0.7495
vn -0.4618 0.5502 -0.6958
vn -0.5347 0.2550 -0.8057
vn -0.3916 0.5502 -0.7376
vn -0.3384 0.7909 -0.5099
vn -0.4534 0.2550 -0.8541
vn -0.3177 0.5502 -0.7723
vn -0.3679 0.2550 -0.8942
vn -0.2409 0.5502 -0.7996
vn -0.2789 0.2550 -0.9258
vn -0.1618 0.5502 -0.8192
vn -0.1874 0.2550 -0.9486
vn -0.0813 0.5502 -0.8311
vn -0.1186 0.7909 -0.6003
vn -0.0941 0.2550 -0.9624
vn -0.0000 0.5502 -0.8351
vn -0.0000 0.2550 -0.9669
vn 0.0813 0.5502 -0.8311
vn 0.0941 0.2550 -0.9624
vn 0.1618 0.5502 -0.8192
vn 0.1874 0.2550 -0.9486
vn 0.2409 0.5502 -0.7996
vn 0.1186 0.7909 -0.6003
vn 0.2789 0.2550 -0.9258
vn 0.3177 0.5502 -0.7723
vn 0.3679 0.2550 -0.8942
vn 0.3916 0.5502 -0.7376
vn 0.4534 0.2550 -0.8541
vn 0.4618 0.5501 -0.6958
vn 0.5347 0.2550 -0.8057
vn 0.5276 0.5502 -0.6473
vn 0.3384 0.7909 -0.5099
vn 0.6109 0.2550 -0.7495
vn 0.5885 0.5501 -0.5925
vn 0.6814 0.2550 -0.6861
vn 0.6437 0.5502 -0.5319
vn 0.7454 0.2550 -0.6159
vn 0.6929 0.5501 -0.4661
vn 0.8023 0.2550 -0.5397
vn 0.7353 0.5501 -0.3957
vn 0.5077 0.7909 -0.3416
vn 0.8515 0.2550 -0.4582
vn 0.7707 0.5501 -0.3214
vn 0.8924 0.2550 -0.3722
vn 0.7987 0.5501 -0.2439
vn 0.9248 0.2550 -0.2824
vn 0.8188 0.5501 -0.1640
vn 0.9481 0.2550 -0.1899
vn 0.8310 0.5501 -0.0824
vn 0.6001 0.7909 -0.1202
vn 0.9622 0.2550 -0.0954
vn 0.8351 0.5501 -0.0000
vn 0.9670 0.2550 -0.0000
vn 0.8310 0.5501 0.0824
vn 0.9622 0.2550 0.0954
vn 0.8188 0.5501 0.1640
vn 0.9481 0.2550 0.1899
vn 0.7987 0.5501 0.2439
vn 0.6000 0.7909 0.1202
vn 0.9248 0.2550 0.2824
vn 0.7707 0.5501 0.3214
vn 0.8924 0.2550 0.3722
vn 0.9229 0.0136 0.3849
vn 0.9563 0.0136 0.2921
vn 0.8805 0.0136 0.4739
vn 0.9121 -0.1527 0.3804
vn 0.9452 -0.1527 0.2887
vn 0.9690 -0.1527 0.1941
vn 0.9804 0.0136 0.1964
vn 0.9834 -0.1527 0.0975
vn 0.9950 0.0136 0.0987
vn 0.9415 -0.3239 0.0934
vn 0.9883 -0.1527 -0.0000
vn 0.9999 0.0136 -0.0000
vn 0.9834 -0.1527 -0.0975
vn 0.9461 -0.3239 -0.0000
vn 0.9415 -0.3239 -0.0934
vn 0.8506 -0.5258 -0.0000
vn 0.9950 0.0136 -0.0987
vn 0.9690 -0.1527 -0.1941
vn 0.9804 0.0136 -0.1963
vn 0.9452 -0.1527 -0.2887
vn 0.9563 0.0136 -0.2921
vn 0.9121 -0.1527 -0.3804
vn 0.9229 0.0136 -0.3849
vn 0.8703 -0.1527 -0.4683
vn 0.8805 0.0136 -0.4739
vn 0.8331 -0.3239 -0.4483
vn 0.8200 -0.1527 -0.5516
vn 0.8296 0.0136 -0.5581
vn 0.7618 -0.1527 -0.6295
vn 0.7850 -0.3239 -0.5281
vn 0.7293 -0.3239 -0.6026
vn 0.7057 -0.5258 -0.4748
vn 0.7708 0.0136 -0.6369
vn 0.6964 -0.1527 -0.7012
vn 0.7046 0.0136 -0.7094
vn 0.6244 -0.1527 -0.7660
vn 0.6318 0.0136 -0.7751
vn 0.5465 -0.1527 -0.8234
vn 0.5529 0.0136 -0.8331
vn 0.4634 -0.1527 -0.8729
vn 0.4689 0.0136 -0.8832
vn 0.4436 -0.3239 -0.8356
vn 0.3760 -0.1527 -0.9139
vn 0.3804 0.0136 -0.9247
vn 0.2851 -0.1527 -0.9463
vn 0.3599 -0.3239 -0.8749
vn 0.2729 -0.3239 -0.9059
vn 0.3236 -0.5258 -0.7866
vn 0.2885 0.0136 -0.9574
vn 0.1915 -0.1527 -0.9695
vn 0.1938 0.0136 -0.9809
vn 0.0962 -0.1527 -0.9836
vn 0.0974 0.0136 -0.9952
vn -0.0000 -0.1527 -0.9883
vn -0.0000 0.0136 -0.9999
vn -0.0962 -0.1527 -0.9836
vn -0.0974 0.0136 -0.9952
vn -0.0921 -0.3239 -0.9416
vn -0.1915 -0.1527 -0.9695
vn -0.1938 0.0136 -0.9809
vn -0.2851 -0.1527 -0.9463
vn -0.1834 -0.3239 -0.9282
vn -0.2729 -0.3239 -0.9059
vn -0.1649 -0.5258 -0.8345
vn -0.2885 0.0136 -0.9574
vn -0.3760 -0.1527 -0.9139
vn -0.3804 0.0136 -0.9247
vn -0.4634 -0.1527 -0.8729
vn -0.4689 0.0136 -0.8832
vn -0.5465 -0.1527 -0.8234
vn -0.5529 0.0136 -0.8331
vn -0.6244 -0.1527 -0.7660
vn -0.6318 0.0136 -0.7751
vn -0.5977 -0.3239 -0.7333
vn -0.6964 -0.1527 -0.7012
vn -0.7046 0.0136 -0.7094
vn -0.7618 -0.1527 -0.6295
vn -0.6667 -0.3239 -0.6713
vn -0.7293 -0.3239 -0.6026
vn -0.5994 -0.5258 -0.6035
vn -0.7708 0.0136 -0.6369
vn -0.8200 -0.1527 -0.5516
vn -0.8296 0.0136 -0.5581
vn -0.8703 -0.1527 -0.4683
vn -0.8805 0.0136 -0.4738
vn -0.9121 -0.1527 -0.3804
vn -0.9229 0.0136 -0.3849
vn -0.9452 -0.1527 -0.2887
vn -0.9563 0.0136 -0.2921
vn -0.9048 -0.3239 -0.2764
vn -0.9690 -0.1527 -0.1941
vn -0.9804 0.0136 -0.1964
vn -0.9834 -0.1527 -0.0975
vn -0.9277 -0.3239 -0.1858
vn -0.9415 -0.3239 -0.0934
vn -0.8340 -0.5258 -0.1670
vn -0.9950 0.0136 -0.0987
vn -0.9883 -0.1527 -0.0000
vn -0.9999 0.0136 -0.0000
vn -0.9834 -0.1527 0.0975
vn -0.9950 0.0136 0.0987
vn -0.9690 -0.1527 0.1941
vn -0.9804 0.0136 0.1964
vn -0.9452 -0.1527 0.2887
vn -0.9563 0.0136 0.2921
vn -0.9048 -0.3239 0.2764
vn -0.9121 -0.1527 0.3804
vn -0.9229 0.0136 0.3849
vn -0.8702 -0.1527 0.4683
vn -0.8732 -0.3239 0.3642
vn -0.8331 -0.3239 0.4484
vn -0.7851 -0.5258 0.3274
vn -0.8805 0.0136 0.4739
vn -0.8200 -0.1527 0.5516
vn -0.8296 0.0136 0.5581
vn -0.7618 -0.1527 0.6295
vn -0.7708 0.0136 0.6369
vn -0.6964 -0.1527 0.7012
vn -0.7046 0.0136 0.7094
vn -0.6244 -0.1527 0.7660
vn -0.6318 0.0136 0.7751
vn -0.5977 -0.3239 0.7333
vn -0.5465 -0.1527 0.8234
vn -0.5529 0.0136 0.8331
vn -0.4634 -0.1527 0.8729
vn -0.5231 -0.3239 0.7883
vn -0.4436 -0.3239 0.8356
vn -0.4703 -0.5258 0.7087
vn -0.4689 0.0136 0.8832
vn -0.3760 -0.1527 0.9139
vn -0.3804 0.0136 0.9247
vn -0.2851 -0.1527 0.9463
vn -0.2885 0.0136 0.9574
vn -0.1915 -0.1527 0.9695
vn -0.1938 0.0136 0.9809
vn -0.0973 0.0136 0.9952
vn 0.2328 0.7909 0.5659
vn 0.5885 0.5501 0.5925
vn 0.6667 -0.3239 0.6713
vn 0.0147 0.9998 0.0121
vn 0.0158 0.9998 0.0106
vn 0.0167 0.9998 0.0090
vn 0.0176 0.9998 0.0073
vn 0.0182 0.9998 0.0056
vn 0.0783 0.9964 0.0327
vn 0.0187 0.9998 0.0037
vn 0.0189 0.9998 0.0019
vn 0.0190 0.9998 -0.0000
vn 0.0189 0.9998 -0.0019
vn 0.0848 0.9964 -0.0000
vn 0.0187 0.9998 -0.0037
vn 0.0182 0.9998 -0.0056
vn 0.0176 0.9998 -0.0073
vn 0.0167 0.9998 -0.0090
vn 0.0783 0.9964 -0.0327
vn 0.0158 0.9998 -0.0106
vn 0.0147 0.9998 -0.0121
vn 0.0134 0.9998 -0.0135
vn 0.0120 0.9998 -0.0147
vn 0.0598 0.9964 -0.0602
vn 0.0105 0.9998 -0.0158
vn 0.0089 0.9998 -0.0168
vn 0.0072 0.9998 -0.0176
vn 0.0055 0.9998 -0.0182
vn 0.0323 0.9964 -0.0784
vn 0.0037 0.9998 -0.0187
vn 0.0019 0.9998 -0.0189
vn -0.0000 0.9998 -0.0190
vn -0.0019 0.9998 -0.0189
vn -0.0000 0.9964 -0.0848
vn -0.0037 0.9998 -0.0187
vn -0.0055 0.9998 -0.0182
vn -0.0072 0.9998 -0.0176
vn -0.0089 0.9998 -0.0168
vn -0.0323 0.9964 -0.0784
vn -0.0105 0.9998 -0.0158
vn -0.0120 0.9998 -0.0147
vn -0.0134 0.9998 -0.0135
vn -0.0147 0.9998 -0.0121
vn -0.0598 0.9964 -0.0602
vn -0.0158 0.9998 -0.0106
vn -0.0167 0.9998 -0.0090
vn -0.0176 0.9998 -0.0073
vn -0.0182 0.9998 -0.0056
vn -0.0783 0.9964 -0.0327
vn -0.0187 0.9998 -0.0037
vn -0.0189 0.9998 -0.0019
vn -0.0190 0.9998 -0.0000
vn -0.0189 0.9998 0.0019
vn -0.0848 0.9964 -0.0000
vn -0.0187 0.9998 0.0037
vn -0.0182 0.9998 0.0056
vn -0.0176 0.9998 0.0073
vn -0.0167 0.9998 0.0090
vn -0.0783 0.9964 0.0327
vn -0.0158 0.9998 0.0106
vn -0.0147 0.9998 0.0121
vn -0.0134 0.9998 0.0135
vn -0.0120 0.9998 0.0147
vn -0.0598 0.9964 0.0602
vn -0.0105 0.9998 0.0158
vn -0.0089 0.9998 0.0168
vn 0.5516 0.1192 0.8256
vn 0.6298 0.1194 0.7675
vn 0.7020 0.1196 0.7021
vn 0.7674 0.1198 0.6299
vn 0.8254 0.1201 0.5516
vn 0.8755 0.1203 0.4680
vn 0.9171 0.1204 0.3799
vn 0.9499 0.1206 0.2882
vn 0.9736 0.1207 0.1937
vn 0.9879 0.1208 0.0973
vn 0.9927 0.1208 -0.0000
vn 0.9879 0.1208 -0.0973
vn 0.9736 0.1207 -0.1937
vn 0.9499 0.1206 -0.2882
vn 0.9171 0.1205 -0.3799
vn 0.8755 0.1203 -0.4680
vn 0.8254 0.1201 -0.5516
vn 0.7674 0.1198 -0.6299
vn 0.7020 0.1196 -0.7021
vn 0.6298 0.1194 -0.7675
vn 0.5516 0.1192 -0.8256
vn 0.4680 0.1190 -0.8757
vn 0.3799 0.1188 -0.9174
vn 0.2882 0.1187 -0.9502
vn 0.1937 0.1186 -0.9739
vn 0.0973 0.1185 -0.9882
vn -0.0000 0.1185 -0.9930
vn -0.0973 0.1185 -0.9882
vn -0.1937 0.1186 -0.9739
vn -0.2882 0.1187 -0.9502
vn -0.3799 0.1188 -0.9174
vn -0.4680 0.1190 -0.8757
vn -0.5516 0.1192 -0.8256
vn -0.6298 0.1194 -0.7675
vn -0.7020 0.1196 -0.7021
vn -0.7674 0.1198 -0.6299
vn -0.8254 0.1201 -0.5516
vn -0.8755 0.1203 -0.4680
vn -0.9171 0.1205 -0.3799
vn -0.9499 0.1206 -0.2882
vn -0.9736 0.1207 -0.1937
vn -0.9879 0.1208 -0.0973
vn -0.9927 0.1208 -0.0000
vn -0.9879 0.1208 0.0973
vn -0.9736 0.1207 0.1937
vn -0.9499 0.1206 0.2882
vn -0.9171 0.1205 0.3799
vn -0.8755 0.1202 0.4680
vn -0.8254 0.1200 0.5516
vn -0.7674 0.1198 0.6299
vn -0.7020 0.1196 0.7021
vn -0.6298 0.1194 0.7675
vn -0.5516 0.1192 0.8256
vn -0.4680 0.1190 0.8757
vt 0.946054 0.178846
vt 0.946121 0.175753
vt 0.947886 0.175705
vt 0.948123 0.178790
vt 0.943989 0.178699
vt 0.944359 0.175627
vt 0.946188 0.172655
vt 0.944730 0.172551
vt 0.947650 0.172616
vt 0.946243 0.170146
vt 0.947459 0.170113
vt 0.945031 0.170059
vt 0.949100 0.172434
vt 0.949638 0.175485
vt 0.948665 0.169962
vt 0.948437 0.168671
vt 0.947359 0.168806
vt 0.946272 0.168836
vt 0.948338 0.168104
vt 0.947315 0.168232
vt 0.946285 0.168260
vt 0.945188 0.168758
vt 0.945257 0.168187
vt 0.944116 0.168575
vt 0.944241 0.168013
vt 0.943832 0.169855
vt 0.942660 0.169533
vt 0.943068 0.168288
vt 0.943247 0.167741
vt 0.942053 0.167899
vt 0.942285 0.167372
vt 0.941525 0.169098
vt 0.940438 0.168554
vt 0.941081 0.167412
vt 0.941363 0.166911
vt 0.940161 0.166833
vt 0.940491 0.166362
vt 0.939409 0.167907
vt 0.938449 0.167161
vt 0.939302 0.166166
vt 0.939677 0.165729
vt 0.938513 0.165419
vt 0.938929 0.165021
vt 0.937566 0.166325
vt 0.936770 0.165406
vt 0.937801 0.164597
vt 0.938254 0.164242
vt 0.937173 0.163710
vt 0.937658 0.163401
vt 0.936067 0.164414
vt 0.935466 0.163357
vt 0.936635 0.162765
vt 0.937148 0.162505
vt 0.936192 0.161773
vt 0.936728 0.161564
vt 0.934970 0.162247
vt 0.934586 0.161094
vt 0.935849 0.160741
vt 0.936403 0.160586
vt 0.935608 0.159681
vt 0.936175 0.159581
vt 0.934317 0.159908
vt 0.934165 0.158702
vt 0.935472 0.158602
vt 0.936046 0.158559
vt 0.935443 0.157516
vt 0.936018 0.157528
vt 0.934132 0.157487
vt 0.934219 0.156274
vt 0.935520 0.156431
vt 0.936092 0.156500
vt 0.935703 0.155360
vt 0.936265 0.155485
vt 0.934424 0.155076
vt 0.934745 0.153904
vt 0.935991 0.154312
vt 0.936538 0.154491
vt 0.936380 0.153296
vt 0.936906 0.153528
vt 0.935180 0.152768
vt 0.935724 0.151681
vt 0.936866 0.152324
vt 0.937368 0.152607
vt 0.937445 0.151404
vt 0.937917 0.151735
vt 0.936372 0.150652
vt 0.937118 0.149692
vt 0.938112 0.150546
vt 0.938549 0.150921
vt 0.938860 0.149757
vt 0.939258 0.150172
vt 0.937954 0.148810
vt 0.938872 0.148013
vt 0.939682 0.149045
vt 0.940037 0.149498
vt 0.940569 0.148417
vt 0.940878 0.148902
vt 0.939865 0.147311
vt 0.940921 0.146709
vt 0.941513 0.147879
vt 0.941773 0.148392
vt 0.942506 0.147436
vt 0.942715 0.147972
vt 0.942031 0.146214
vt 0.943185 0.145830
vt 0.943537 0.147092
vt 0.943692 0.147646
vt 0.944598 0.146851
vt 0.944697 0.147418
vt 0.944370 0.145561
vt 0.945576 0.145409
vt 0.945676 0.146716
vt 0.945720 0.147290
vt 0.946763 0.146686
vt 0.946750 0.147262
vt 0.946792 0.145376
vt 0.948004 0.145463
vt 0.947847 0.146764
vt 0.947778 0.147335
vt 0.948919 0.146947
vt 0.948794 0.147509
vt 0.949203 0.145668
vt 0.950375 0.145989
vt 0.949967 0.147235
vt 0.949788 0.147782
vt 0.950982 0.147623
vt 0.950750 0.148150
vt 0.951510 0.146424
vt 0.952597 0.146968
vt 0.951954 0.148110
vt 0.951672 0.148611
vt 0.952874 0.148689
vt 0.952544 0.149160
vt 0.953626 0.147616
vt 0.954586 0.148361
vt 0.953733 0.149356
vt 0.953358 0.149793
vt 0.954522 0.150103
vt 0.954106 0.150501
vt 0.955469 0.149197
vt 0.956265 0.150116
vt 0.955234 0.150925
vt 0.954781 0.151280
vt 0.955862 0.151812
vt 0.955377 0.152121
vt 0.956968 0.151108
vt 0.957569 0.152165
vt 0.956400 0.152757
vt 0.955887 0.153017
vt 0.956843 0.153750
vt 0.956307 0.153958
vt 0.958065 0.153275
vt 0.958449 0.154428
vt 0.957186 0.154781
vt 0.956632 0.154936
vt 0.957427 0.155841
vt 0.956860 0.155941
vt 0.958718 0.155614
vt 0.958870 0.156820
vt 0.957563 0.156920
vt 0.956989 0.156963
vt 0.957592 0.158006
vt 0.957017 0.157994
vt 0.958903 0.158035
vt 0.958816 0.159248
vt 0.957515 0.159091
vt 0.956943 0.159022
vt 0.957332 0.160162
vt 0.956770 0.160038
vt 0.958611 0.160446
vt 0.958290 0.161619
vt 0.957044 0.161211
vt 0.956497 0.161031
vt 0.956655 0.162226
vt 0.956128 0.161994
vt 0.957855 0.162754
vt 0.957311 0.163841
vt 0.956169 0.163198
vt 0.955667 0.162915
vt 0.955589 0.164118
vt 0.955118 0.163788
vt 0.956663 0.164870
vt 0.955917 0.165830
vt 0.954923 0.164976
vt 0.954486 0.164602
vt 0.954175 0.165765
vt 0.953777 0.165350
vt 0.955081 0.166712
vt 0.954162 0.167509
vt 0.953354 0.166477
vt 0.952998 0.166025
vt 0.952466 0.167106
vt 0.952157 0.166620
vt 0.953170 0.168211
vt 0.952114 0.168813
vt 0.951522 0.167644
vt 0.951262 0.167130
vt 0.950529 0.168087
vt 0.950320 0.167550
vt 0.951004 0.169308
vt 0.949850 0.169692
vt 0.949498 0.168430
vt 0.949343 0.167876
vt 0.951913 0.171648
vt 0.950526 0.172110
vt 0.953036 0.174535
vt 0.951360 0.175093
vt 0.950176 0.178532
vt 0.952194 0.178073
vt 0.954158 0.177419
vt 0.950758 0.181827
vt 0.948379 0.182126
vt 0.953097 0.181295
vt 0.945982 0.182192
vt 0.951433 0.185635
vt 0.948677 0.185982
vt 0.945900 0.186058
vt 0.952156 0.189716
vt 0.948997 0.190114
vt 0.945814 0.190202
vt 0.943130 0.185861
vt 0.943590 0.182021
vt 0.942638 0.189976
vt 0.945728 0.194381
vt 0.942143 0.194127
vt 0.949322 0.194282
vt 0.945643 0.198604
vt 0.941644 0.198321
vt 0.949650 0.198493
vt 0.952888 0.193832
vt 0.953628 0.197990
vt 0.954378 0.202198
vt 0.949985 0.202754
vt 0.945558 0.202877
vt 0.955026 0.205831
vt 0.950273 0.206434
vt 0.945484 0.206568
vt 0.941141 0.202566
vt 0.940706 0.206231
vt 0.945436 0.208980
vt 0.940421 0.208627
vt 0.950461 0.208840
vt 0.945399 0.210755
vt 0.940210 0.210390
vt 0.950599 0.210609
vt 0.955449 0.208207
vt 0.955759 0.209955
vt 0.960350 0.207089
vt 0.960831 0.208797
vt 0.965119 0.205496
vt 0.965764 0.207149
vt 0.964241 0.203248
vt 0.959697 0.204766
vt 0.962896 0.199810
vt 0.958696 0.201213
vt 0.961339 0.195829
vt 0.957537 0.197099
vt 0.959802 0.191896
vt 0.956392 0.193033
vt 0.958282 0.188002
vt 0.955261 0.189009
vt 0.956776 0.184140
vt 0.954141 0.185019
vt 0.955372 0.180537
vt 0.956048 0.176575
vt 0.957562 0.179559
vt 0.959312 0.183008
vt 0.959645 0.178372
vt 0.961725 0.181632
vt 0.957846 0.175550
vt 0.963956 0.185125
vt 0.961190 0.186703
vt 0.966206 0.188648
vt 0.963084 0.190429
vt 0.968481 0.192206
vt 0.964999 0.194193
vt 0.970785 0.195807
vt 0.966939 0.198002
vt 0.972774 0.198916
vt 0.968614 0.201291
vt 0.974074 0.200949
vt 0.969708 0.203442
vt 0.975030 0.202445
vt 0.970512 0.205024
vt 0.978174 0.198040
vt 0.979272 0.199435
vt 0.981970 0.194744
vt 0.983199 0.196024
vt 0.980298 0.193003
vt 0.976681 0.196144
vt 0.977741 0.190342
vt 0.974397 0.193245
vt 0.974779 0.187260
vt 0.971752 0.189888
vt 0.971854 0.184213
vt 0.969139 0.186569
vt 0.968959 0.181197
vt 0.966554 0.183284
vt 0.966090 0.178207
vt 0.963992 0.180026
vt 0.963414 0.175415
vt 0.961602 0.176986
vt 0.961099 0.172998
vt 0.959535 0.174354
vt 0.958959 0.170764
vt 0.957625 0.171921
vt 0.956183 0.172941
vt 0.954649 0.173815
vt 0.954519 0.170328
vt 0.955712 0.169483
vt 0.953248 0.171052
vt 0.956817 0.168526
vt 0.957822 0.167464
vt 0.960173 0.169482
vt 0.958719 0.166310
vt 0.961257 0.168087
vt 0.962522 0.171496
vt 0.963791 0.169861
vt 0.962198 0.166592
vt 0.964894 0.168110
vt 0.959498 0.165073
vt 0.962988 0.165013
vt 0.965820 0.166259
vt 0.960152 0.163765
vt 0.960675 0.162400
vt 0.963619 0.163364
vt 0.961062 0.160990
vt 0.964086 0.161660
vt 0.966560 0.164326
vt 0.967107 0.162330
vt 0.964384 0.159920
vt 0.967455 0.160289
vt 0.961308 0.159549
vt 0.964509 0.158158
vt 0.967602 0.158225
vt 0.961412 0.158090
vt 0.961372 0.156629
vt 0.964461 0.156392
vt 0.961190 0.155178
vt 0.964241 0.154640
vt 0.967546 0.156156
vt 0.967288 0.154103
vt 0.963850 0.152918
vt 0.966829 0.152084
vt 0.960866 0.153753
vt 0.963292 0.151243
vt 0.966175 0.150121
vt 0.960404 0.152365
vt 0.959808 0.151030
vt 0.962572 0.149630
vt 0.959085 0.149760
vt 0.961698 0.148095
vt 0.965331 0.148231
vt 0.964307 0.146433
vt 0.960677 0.146654
vt 0.963111 0.144744
vt 0.958240 0.148567
vt 0.959520 0.145320
vt 0.961755 0.143180
vt 0.957282 0.147462
vt 0.956221 0.146457
vt 0.958238 0.144105
vt 0.955066 0.145560
vt 0.956843 0.143022
vt 0.960252 0.141757
vt 0.958618 0.140487
vt 0.955349 0.142081
vt 0.956866 0.139385
vt 0.953829 0.144781
vt 0.953769 0.141291
vt 0.955015 0.138459
vt 0.952522 0.144126
vt 0.951156 0.143604
vt 0.952120 0.140659
vt 0.949746 0.143217
vt 0.950417 0.140192
vt 0.953082 0.137719
vt 0.951086 0.137172
vt 0.948676 0.139895
vt 0.949046 0.136823
vt 0.948305 0.142971
vt 0.946914 0.139769
vt 0.946981 0.136676
vt 0.946847 0.142867
vt 0.945385 0.142906
vt 0.945149 0.139817
vt 0.943935 0.143089
vt 0.943397 0.140038
vt 0.944912 0.136732
vt 0.942859 0.136991
vt 0.941675 0.140429
vt 0.940841 0.137449
vt 0.942509 0.143413
vt 0.939999 0.140987
vt 0.938877 0.138103
vt 0.941122 0.143874
vt 0.939787 0.144470
vt 0.938386 0.141707
vt 0.938516 0.145194
vt 0.936852 0.142581
vt 0.936987 0.138947
vt 0.935189 0.139972
vt 0.935410 0.143602
vt 0.933500 0.141168
vt 0.937323 0.146039
vt 0.934076 0.144758
vt 0.931936 0.142524
vt 0.936218 0.146996
vt 0.935213 0.148058
vt 0.932862 0.146041
vt 0.934316 0.149212
vt 0.931778 0.147435
vt 0.930513 0.144026
vt 0.929244 0.145661
vt 0.930837 0.148930
vt 0.928141 0.147413
vt 0.933537 0.150450
vt 0.930047 0.150509
vt 0.927215 0.149264
vt 0.932883 0.151757
vt 0.932360 0.153122
vt 0.929416 0.152159
vt 0.931974 0.154532
vt 0.928949 0.153862
vt 0.926475 0.151197
vt 0.925928 0.153193
vt 0.928652 0.155603
vt 0.925580 0.155233
vt 0.931727 0.155974
vt 0.928526 0.157364
vt 0.925433 0.157297
vt 0.931623 0.157432
vt 0.931663 0.158893
vt 0.928574 0.159130
vt 0.931845 0.160344
vt 0.928794 0.160882
vt 0.925489 0.159366
vt 0.925747 0.161420
vt 0.929185 0.162604
vt 0.926206 0.163438
vt 0.932169 0.161770
vt 0.929743 0.164280
vt 0.926860 0.165401
vt 0.932631 0.163157
vt 0.933227 0.164492
vt 0.930463 0.165892
vt 0.933950 0.165762
vt 0.931337 0.167427
vt 0.927704 0.167291
vt 0.928728 0.169090
vt 0.932358 0.168868
vt 0.929924 0.170779
vt 0.934795 0.166955
vt 0.933515 0.170203
vt 0.931280 0.172342
vt 0.935753 0.168060
vt 0.936814 0.169066
vt 0.934797 0.171417
vt 0.937969 0.169962
vt 0.936192 0.172500
vt 0.932783 0.173766
vt 0.934418 0.175035
vt 0.937686 0.173441
vt 0.936169 0.176138
vt 0.939206 0.170741
vt 0.939266 0.174231
vt 0.938020 0.177064
vt 0.940514 0.171396
vt 0.941879 0.171918
vt 0.940915 0.174863
vt 0.943289 0.172305
vt 0.942618 0.175330
vt 0.939953 0.177803
vt 0.941949 0.178350
vt 0.941226 0.181618
vt 0.938913 0.180984
vt 0.940392 0.185394
vt 0.937713 0.184660
vt 0.939499 0.189441
vt 0.936428 0.188601
vt 0.935119 0.183668
vt 0.936674 0.180127
vt 0.933453 0.187463
vt 0.930605 0.186039
vt 0.932634 0.182426
vt 0.934529 0.179054
vt 0.930283 0.180946
vt 0.932499 0.177777
vt 0.927910 0.184344
vt 0.925394 0.182392
vt 0.928089 0.179243
vt 0.930605 0.176306
vt 0.926072 0.177334
vt 0.928864 0.174657
vt 0.923081 0.180203
vt 0.920995 0.177797
vt 0.924252 0.175235
vt 0.927293 0.172846
vt 0.922646 0.172969
vt 0.925907 0.170889
vt 0.919153 0.175199
vt 0.917576 0.172433
vt 0.921271 0.170556
vt 0.924719 0.168805
vt 0.920138 0.168020
vt 0.923742 0.166615
vt 0.916277 0.169526
vt 0.915270 0.166505
vt 0.919260 0.165385
vt 0.922984 0.164340
vt 0.918644 0.162676
vt 0.922452 0.162002
vt 0.914563 0.163400
vt 0.914164 0.160241
vt 0.918296 0.159921
vt 0.922152 0.159623
vt 0.918220 0.157144
vt 0.922087 0.157226
vt 0.914077 0.157058
vt 0.914302 0.153881
vt 0.918417 0.154373
vt 0.922257 0.154834
vt 0.918884 0.151635
vt 0.922661 0.152470
vt 0.914837 0.150742
vt 0.915678 0.147671
vt 0.919618 0.148956
vt 0.923295 0.150157
vt 0.920610 0.146362
vt 0.924152 0.147917
vt 0.916815 0.144697
vt 0.918239 0.141848
vt 0.921853 0.143878
vt 0.925224 0.145772
vt 0.923332 0.141527
vt 0.926502 0.143743
vt 0.919935 0.139153
vt 0.921887 0.136637
vt 0.925035 0.139333
vt 0.927972 0.141849
vt 0.926945 0.137316
vt 0.929621 0.140107
vt 0.924076 0.134325
vt 0.926481 0.132238
vt 0.929043 0.135496
vt 0.931433 0.138536
vt 0.931309 0.133890
vt 0.933390 0.137150
vt 0.929079 0.130397
vt 0.931846 0.128820
vt 0.933723 0.132515
vt 0.935473 0.135963
vt 0.936259 0.131382
vt 0.937663 0.134985
vt 0.934753 0.127521
vt 0.937774 0.126513
vt 0.938894 0.130503
vt 0.939938 0.134227
vt 0.941602 0.129887
vt 0.942277 0.133696
vt 0.940878 0.125806
vt 0.944038 0.125408
vt 0.944358 0.129540
vt 0.944656 0.133396
vt 0.947135 0.129464
vt 0.947053 0.133331
vt 0.947221 0.125320
vt 0.950397 0.125546
vt 0.949905 0.129661
vt 0.949445 0.133501
vt 0.952643 0.130128
vt 0.951809 0.133904
vt 0.953536 0.126081
vt 0.956608 0.126922
vt 0.955322 0.130862
vt 0.954122 0.134538
vt 0.957916 0.131854
vt 0.956361 0.135395
vt 0.959582 0.128059
vt 0.962430 0.129483
vt 0.960401 0.133096
vt 0.958506 0.136468
vt 0.962752 0.134576
vt 0.960536 0.137745
vt 0.965126 0.131178
vt 0.967641 0.133130
vt 0.964946 0.136279
vt 0.962430 0.139216
vt 0.966963 0.138188
vt 0.964171 0.140865
vt 0.969954 0.135319
vt 0.972040 0.137725
vt 0.968783 0.140287
vt 0.965742 0.142677
vt 0.970389 0.142553
vt 0.967128 0.144633
vt 0.973882 0.140323
vt 0.975459 0.143089
vt 0.971764 0.144966
vt 0.968316 0.146717
vt 0.972897 0.147502
vt 0.969293 0.148907
vt 0.976758 0.145996
vt 0.977765 0.149017
vt 0.973775 0.150137
vt 0.970051 0.151182
vt 0.974391 0.152846
vt 0.970583 0.153520
vt 0.978472 0.152122
vt 0.978871 0.155281
vt 0.974739 0.155602
vt 0.970883 0.155899
vt 0.974815 0.158378
vt 0.970948 0.158297
vt 0.978958 0.158464
vt 0.978733 0.161641
vt 0.974618 0.161149
vt 0.970778 0.160689
vt 0.974151 0.163887
vt 0.970374 0.163052
vt 0.978198 0.164780
vt 0.977357 0.167851
vt 0.973417 0.166566
vt 0.969740 0.165365
vt 0.972425 0.169160
vt 0.968883 0.167605
vt 0.976220 0.170825
vt 0.974796 0.173674
vt 0.971182 0.171644
vt 0.967811 0.169750
vt 0.969703 0.173995
vt 0.966533 0.171779
vt 0.973100 0.176369
vt 0.971148 0.178885
vt 0.968000 0.176189
vt 0.965063 0.173673
vt 0.976528 0.178762
vt 0.974325 0.181603
vt 0.979991 0.181179
vt 0.977534 0.184347
vt 0.983497 0.183624
vt 0.980784 0.187124
vt 0.986525 0.185735
vt 0.983590 0.189522
vt 0.988504 0.187117
vt 0.985424 0.191090
vt 0.989959 0.188133
vt 0.986773 0.192244
vt 0.991179 0.182860
vt 0.992727 0.183728
vt 0.993424 0.178361
vt 0.995050 0.179074
vt 0.991213 0.177393
vt 0.989074 0.181679
vt 0.987832 0.175913
vt 0.985854 0.179875
vt 0.983917 0.174199
vt 0.982125 0.177785
vt 0.980048 0.172504
vt 0.978441 0.175720
vt 0.981332 0.169146
vt 0.985347 0.170454
vt 0.982280 0.165679
vt 0.986405 0.166587
vt 0.990580 0.167504
vt 0.989412 0.171776
vt 0.994185 0.168296
vt 0.992922 0.172917
vt 0.996542 0.168815
vt 0.995217 0.173665
vt 0.998275 0.169196
vt 0.996905 0.174214
vt 0.997384 0.163858
vt 0.999146 0.164068
vt 0.997737 0.158843
vt 0.999511 0.158879
vt 0.995324 0.158794
vt 0.994988 0.163573
vt 0.991634 0.158721
vt 0.991322 0.163138
vt 0.987360 0.158636
vt 0.987078 0.162635
vt 0.983138 0.158550
vt 0.982884 0.162136
vt 0.983039 0.154957
vt 0.987249 0.154628
vt 0.982588 0.151391
vt 0.986746 0.150651
vt 0.990954 0.149900
vt 0.991510 0.154294
vt 0.994588 0.149253
vt 0.995190 0.154005
vt 0.996964 0.148830
vt 0.997596 0.153817
vt 0.998711 0.148519
vt 0.999366 0.153680
vt 0.995845 0.143928
vt 0.997554 0.143448
vt 0.994252 0.139160
vt 0.995905 0.138514
vt 0.992004 0.140038
vt 0.993522 0.144582
vt 0.988567 0.141382
vt 0.989969 0.145583
vt 0.984586 0.142939
vt 0.985855 0.146742
vt 0.980652 0.144476
vt 0.981790 0.147886
vt 0.979185 0.141194
vt 0.982950 0.139279
vt 0.977405 0.138072
vt 0.980963 0.135797
vt 0.984563 0.133494
vt 0.986759 0.137340
vt 0.987673 0.131505
vt 0.990048 0.135665
vt 0.989706 0.130205
vt 0.992199 0.134571
vt 0.991202 0.129249
vt 0.993781 0.133766
vt 0.986797 0.126104
vt 0.988192 0.125007
vt 0.983500 0.122309
vt 0.984781 0.121079
vt 0.981759 0.123980
vt 0.984901 0.127597
vt 0.979098 0.126538
vt 0.982001 0.129881
vt 0.976016 0.129499
vt 0.978644 0.132527
vt 0.972970 0.132425
vt 0.975326 0.135140
vt 0.970359 0.129954
vt 0.973104 0.126744
vt 0.967519 0.127751
vt 0.969936 0.124287
vt 0.972380 0.120781
vt 0.975881 0.123495
vt 0.974492 0.117754
vt 0.978278 0.120689
vt 0.975873 0.115775
vt 0.979847 0.118855
vt 0.976889 0.114319
vt 0.981001 0.117506
vt 0.971616 0.113100
vt 0.972485 0.111552
vt 0.967118 0.110855
vt 0.967830 0.109229
vt 0.966149 0.113065
vt 0.970436 0.115205
vt 0.964669 0.116446
vt 0.968631 0.118425
vt 0.962955 0.120362
vt 0.966542 0.122153
vt 0.961260 0.124230
vt 0.964476 0.125837
vt 0.957903 0.122947
vt 0.959210 0.118931
vt 0.954436 0.121998
vt 0.955343 0.117874
vt 0.956260 0.113699
vt 0.960532 0.114866
vt 0.957052 0.110094
vt 0.961674 0.111356
vt 0.957571 0.107737
vt 0.962421 0.109062
vt 0.957953 0.106004
vt 0.962971 0.107374
vt 0.952615 0.106895
vt 0.952825 0.105132
vt 0.947599 0.106542
vt 0.947636 0.104767
vt 0.947551 0.108955
vt 0.952329 0.109291
vt 0.947477 0.112645
vt 0.951894 0.112956
vt 0.947392 0.116918
vt 0.951391 0.117201
vt 0.947307 0.121141
vt 0.950892 0.121395
vt 0.943713 0.121240
vt 0.943384 0.117030
vt 0.940147 0.121691
vt 0.939407 0.117533
vt 0.938657 0.113325
vt 0.943050 0.112768
vt 0.938009 0.109691
vt 0.942762 0.109089
vt 0.937586 0.107315
vt 0.942574 0.106683
vt 0.937276 0.105567
vt 0.942436 0.104913
vt 0.932685 0.108433
vt 0.932204 0.106725
vt 0.927916 0.110027
vt 0.927271 0.108373
vt 0.928795 0.112274
vt 0.933338 0.110757
vt 0.930139 0.115712
vt 0.934339 0.114309
vt 0.931696 0.119693
vt 0.935498 0.118423
vt 0.933233 0.123626
vt 0.936642 0.122489
vt 0.929951 0.125093
vt 0.928036 0.121329
vt 0.926829 0.126874
vt 0.924554 0.123316
vt 0.922250 0.119715
vt 0.926096 0.117520
vt 0.920261 0.116606
vt 0.924421 0.114231
vt 0.918961 0.114573
vt 0.923327 0.112080
vt 0.918005 0.113077
vt 0.922523 0.110498
vt 0.914861 0.117482
vt 0.913763 0.116087
vt 0.911065 0.120779
vt 0.909836 0.119498
vt 0.912737 0.122519
vt 0.916354 0.119378
vt 0.915294 0.125181
vt 0.918638 0.122277
vt 0.918256 0.128263
vt 0.921283 0.125635
vt 0.921181 0.131309
vt 0.923896 0.128953
vt 0.918710 0.133920
vt 0.915501 0.131175
vt 0.916507 0.136760
vt 0.913044 0.134343
vt 0.909538 0.131898
vt 0.912251 0.128398
vt 0.906510 0.129787
vt 0.909445 0.126000
vt 0.904531 0.128406
vt 0.907611 0.124432
vt 0.903076 0.127390
vt 0.906262 0.123278
vt 0.901856 0.132662
vt 0.900308 0.131794
vt 0.899611 0.137161
vt 0.897985 0.136448
vt 0.901821 0.138129
vt 0.903961 0.133843
vt 0.905203 0.139609
vt 0.907181 0.135647
vt 0.909118 0.141323
vt 0.910910 0.137737
vt 0.912987 0.143018
vt 0.914593 0.139803
vt 0.911703 0.146376
vt 0.907688 0.145068
vt 0.910755 0.149843
vt 0.906630 0.148935
vt 0.902455 0.148018
vt 0.903623 0.143746
vt 0.898850 0.147226
vt 0.900113 0.142605
vt 0.896493 0.146708
vt 0.897818 0.141858
vt 0.894760 0.146326
vt 0.896130 0.141308
vt 0.895651 0.151664
vt 0.893889 0.151454
vt 0.895298 0.156679
vt 0.893524 0.156643
vt 0.897711 0.156728
vt 0.898048 0.151949
vt 0.901401 0.156802
vt 0.901713 0.152384
vt 0.905675 0.156887
vt 0.905957 0.152888
vt 0.909897 0.156972
vt 0.910151 0.153386
vt 0.909996 0.160565
vt 0.905786 0.160894
vt 0.910447 0.164131
vt 0.906289 0.164871
vt 0.902081 0.165622
vt 0.901525 0.161228
vt 0.898447 0.166270
vt 0.897845 0.161517
vt 0.896071 0.166692
vt 0.895439 0.161705
vt 0.894324 0.167003
vt 0.893669 0.161843
vt 0.897190 0.171594
vt 0.895481 0.172074
vt 0.898783 0.176362
vt 0.897130 0.177008
vt 0.901031 0.175484
vt 0.899513 0.170940
vt 0.904468 0.174140
vt 0.903066 0.169939
vt 0.908449 0.172583
vt 0.907180 0.168780
vt 0.912383 0.171046
vt 0.911245 0.167636
vt 0.913850 0.174328
vt 0.910085 0.176243
vt 0.915630 0.177450
vt 0.912072 0.179725
vt 0.908472 0.182029
vt 0.906276 0.178182
vt 0.905362 0.184018
vt 0.902987 0.179857
vt 0.903329 0.185317
vt 0.900836 0.180951
vt 0.901833 0.186273
vt 0.899254 0.181756
vt 0.906238 0.189418
vt 0.904843 0.190516
vt 0.909535 0.193214
vt 0.908255 0.194443
vt 0.911276 0.191542
vt 0.908134 0.187925
vt 0.913937 0.188985
vt 0.911034 0.185641
vt 0.917019 0.186023
vt 0.914391 0.182995
vt 0.920065 0.183098
vt 0.917709 0.180383
vt 0.922676 0.185568
vt 0.919931 0.188778
vt 0.925516 0.187771
vt 0.923099 0.191235
vt 0.920655 0.194741
vt 0.917155 0.192028
vt 0.918543 0.197768
vt 0.914757 0.194833
vt 0.917162 0.199747
vt 0.913188 0.196668
vt 0.916146 0.201203
vt 0.912034 0.198016
vt 0.921419 0.202422
vt 0.920550 0.203970
vt 0.925917 0.204667
vt 0.925205 0.206293
vt 0.926886 0.202457
vt 0.922599 0.200317
vt 0.928366 0.199076
vt 0.924404 0.197098
vt 0.930080 0.195160
vt 0.926493 0.193369
vt 0.931775 0.191292
vt 0.928559 0.189685
vt 0.935132 0.192575
vt 0.933825 0.196591
vt 0.938599 0.193524
vt 0.937692 0.197648
vt 0.936775 0.201823
vt 0.932503 0.200656
vt 0.935983 0.205428
vt 0.931361 0.204166
vt 0.935464 0.207785
vt 0.930614 0.206461
vt 0.935082 0.209519
vt 0.930064 0.208148
vt 0.423169 0.000523
vt 0.423165 0.000026
vt 0.424271 0.000019
vt 0.424274 0.000516
vt 0.425378 0.000013
vt 0.425380 0.000510
vt 0.423182 0.003064
vt 0.424286 0.003058
vt 0.425391 0.003052
vt 0.426486 0.000008
vt 0.426486 0.000505
vt 0.426494 0.003046
vt 0.427590 0.000504
vt 0.427598 0.003041
vt 0.427602 0.000009
vt 0.356917 0.003568
vt 0.356884 0.001032
vt 0.357990 0.001015
vt 0.358021 0.003556
vt 0.356865 0.000537
vt 0.357982 0.000518
vt 0.359096 0.001003
vt 0.359125 0.003545
vt 0.359090 0.000506
vt 0.360197 0.000495
vt 0.360202 0.000992
vt 0.360229 0.003534
vt 0.361307 0.000981
vt 0.361333 0.003523
vt 0.361303 0.000485
vt 0.362408 0.000475
vt 0.362413 0.000971
vt 0.362438 0.003513
vt 0.363518 0.000961
vt 0.363542 0.003503
vt 0.363513 0.000465
vt 0.364619 0.000455
vt 0.364623 0.000951
vt 0.364646 0.003493
vt 0.365728 0.000942
vt 0.365751 0.003483
vt 0.365724 0.000445
vt 0.366829 0.000435
vt 0.366833 0.000932
vt 0.366856 0.003473
vt 0.367938 0.000923
vt 0.367960 0.003464
vt 0.367934 0.000426
vt 0.369039 0.000416
vt 0.369043 0.000913
vt 0.369065 0.003454
vt 0.370148 0.000904
vt 0.370169 0.003445
vt 0.370143 0.000407
vt 0.371248 0.000398
vt 0.371253 0.000894
vt 0.371274 0.003436
vt 0.372357 0.000885
vt 0.372378 0.003426
vt 0.372353 0.000388
vt 0.373458 0.000379
vt 0.373462 0.000876
vt 0.373483 0.003417
vt 0.374567 0.000867
vt 0.374588 0.003408
vt 0.374563 0.000370
vt 0.375668 0.000361
vt 0.375672 0.000858
vt 0.375692 0.003399
vt 0.376776 0.000849
vt 0.376797 0.003390
vt 0.376772 0.000352
vt 0.377877 0.000344
vt 0.377881 0.000840
vt 0.377901 0.003381
vt 0.378986 0.000831
vt 0.379006 0.003373
vt 0.378982 0.000335
vt 0.380087 0.000326
vt 0.380091 0.000823
vt 0.380110 0.003364
vt 0.381195 0.000814
vt 0.381215 0.003355
vt 0.381191 0.000318
vt 0.382296 0.000309
vt 0.382300 0.000806
vt 0.382320 0.003347
vt 0.383405 0.000797
vt 0.383424 0.003338
vt 0.383401 0.000301
vt 0.384506 0.000292
vt 0.384509 0.000789
vt 0.384529 0.003330
vt 0.385614 0.000781
vt 0.385633 0.003322
vt 0.385610 0.000284
vt 0.386715 0.000276
vt 0.386719 0.000772
vt 0.386738 0.003313
vt 0.387823 0.000764
vt 0.387842 0.003305
vt 0.387820 0.000268
vt 0.388924 0.000259
vt 0.388928 0.000756
vt 0.388946 0.003297
vt 0.390032 0.000748
vt 0.390051 0.003289
vt 0.390029 0.000251
vt 0.391133 0.000243
vt 0.391137 0.000740
vt 0.391155 0.003281
vt 0.392242 0.000732
vt 0.392260 0.003273
vt 0.392238 0.000235
vt 0.393342 0.000227
vt 0.393346 0.000724
vt 0.393364 0.003265
vt 0.394451 0.000716
vt 0.394469 0.003257
vt 0.394447 0.000220
vt 0.395552 0.000212
vt 0.395555 0.000708
vt 0.395573 0.003250
vt 0.396660 0.000701
vt 0.396677 0.003242
vt 0.396656 0.000204
vt 0.397760 0.000196
vt 0.397764 0.000693
vt 0.397782 0.003234
vt 0.398868 0.000685
vt 0.398886 0.003226
vt 0.398865 0.000189
vt 0.399969 0.000181
vt 0.399973 0.000678
vt 0.399990 0.003219
vt 0.401077 0.000670
vt 0.401095 0.003211
vt 0.401074 0.000173
vt 0.402178 0.000166
vt 0.402182 0.000662
vt 0.402199 0.003204
vt 0.403286 0.000655
vt 0.403304 0.003196
vt 0.403283 0.000158
vt 0.404387 0.000151
vt 0.404390 0.000647
vt 0.404408 0.003188
vt 0.405495 0.000640
vt 0.405512 0.003181
vt 0.405491 0.000143
vt 0.406596 0.000136
vt 0.406599 0.000632
vt 0.406617 0.003173
vt 0.407704 0.000625
vt 0.407721 0.003166
vt 0.407700 0.000128
vt 0.408805 0.000121
vt 0.408808 0.000617
vt 0.408825 0.003158
vt 0.409913 0.000610
vt 0.409930 0.003151
vt 0.409909 0.000113
vt 0.411013 0.000106
vt 0.411017 0.000602
vt 0.411034 0.003144
vt 0.412121 0.000595
vt 0.412138 0.003136
vt 0.412118 0.000098
vt 0.413222 0.000091
vt 0.413226 0.000588
vt 0.413243 0.003129
vt 0.414330 0.000580
vt 0.414347 0.003121
vt 0.414327 0.000084
vt 0.415431 0.000076
vt 0.415435 0.000573
vt 0.415451 0.003114
vt 0.416539 0.000566
vt 0.416556 0.003107
vt 0.416536 0.000069
vt 0.417641 0.000062
vt 0.417644 0.000558
vt 0.417660 0.003099
vt 0.418749 0.000551
vt 0.418765 0.003092
vt 0.418745 0.000054
vt 0.419850 0.000047
vt 0.419853 0.000544
vt 0.419869 0.003085
vt 0.420958 0.000537
vt 0.420973 0.003078
vt 0.420955 0.000040
vt 0.422060 0.000033
vt 0.422063 0.000530
vt 0.422078 0.003071
vt 0.421013 0.009586
vt 0.422117 0.009579
vt 0.423221 0.009572
vt 0.424325 0.009565
vt 0.423263 0.016010
vt 0.422159 0.016017
vt 0.424367 0.016003
vt 0.425429 0.009559
vt 0.425471 0.015996
vt 0.425487 0.018328
vt 0.424383 0.018335
vt 0.423279 0.018342
vt 0.425488 0.018543
vt 0.424384 0.018550
vt 0.423280 0.018557
vt 0.422175 0.018349
vt 0.422176 0.018565
vt 0.704783 0.153447
vt 0.704725 0.153583
vt 0.703715 0.153107
vt 0.703811 0.152930
vt 0.705836 0.153766
vt 0.705777 0.153957
vt 0.704196 0.154833
vt 0.703063 0.154299
vt 0.705376 0.155252
vt 0.706860 0.154227
vt 0.706591 0.155555
vt 0.706890 0.154084
vt 0.707985 0.154190
vt 0.707965 0.154390
vt 0.707831 0.155736
vt 0.709081 0.154443
vt 0.709082 0.155796
vt 0.709081 0.154296
vt 0.710196 0.154387
vt 0.710334 0.155733
vt 0.710176 0.154187
vt 0.427696 0.018312
vt 0.427700 0.018527
vt 0.426593 0.018536
vt 0.426591 0.018320
vt 0.357053 0.019054
vt 0.357054 0.018839
vt 0.358158 0.018830
vt 0.358160 0.019045
vt 0.711271 0.154078
vt 0.711300 0.154221
vt 0.359262 0.018820
vt 0.359264 0.019036
vt 0.359242 0.016488
vt 0.358138 0.016498
vt 0.357034 0.016508
vt 0.359186 0.010051
vt 0.358082 0.010061
vt 0.356978 0.010071
vt 0.427637 0.009545
vt 0.427679 0.015981
vt 0.426575 0.015988
vt 0.426533 0.009552
vt 0.360290 0.010041
vt 0.360346 0.016478
vt 0.361393 0.010031
vt 0.361450 0.016469
vt 0.361470 0.018800
vt 0.360366 0.018810
vt 0.361473 0.019016
vt 0.360369 0.019026
vt 0.713376 0.153436
vt 0.713434 0.153571
vt 0.712383 0.153949
vt 0.712323 0.153757
vt 0.711573 0.155548
vt 0.712788 0.155242
vt 0.713967 0.154820
vt 0.714346 0.152916
vt 0.714443 0.153092
vt 0.715098 0.154283
vt 0.715400 0.152517
vt 0.716172 0.153639
vt 0.715316 0.152396
vt 0.716166 0.151697
vt 0.716296 0.151851
vt 0.717176 0.152893
vt 0.717123 0.151100
vt 0.718103 0.152053
vt 0.717016 0.150997
vt 0.717713 0.150146
vt 0.717871 0.150272
vt 0.718942 0.151126
vt 0.718535 0.149375
vt 0.719686 0.150122
vt 0.718410 0.149294
vt 0.718927 0.148323
vt 0.719108 0.148416
vt 0.720328 0.149050
vt 0.719584 0.147407
vt 0.720861 0.147920
vt 0.719445 0.147351
vt 0.719763 0.146298
vt 0.719959 0.146355
vt 0.721281 0.146744
vt 0.720229 0.145272
vt 0.721583 0.145533
vt 0.720081 0.145244
vt 0.720187 0.144149
vt 0.720391 0.144168
vt 0.721765 0.144298
vt 0.720444 0.143053
vt 0.721825 0.143051
vt 0.720294 0.143053
vt 0.720184 0.141958
vt 0.720388 0.141938
vt 0.721762 0.141805
vt 0.720223 0.140835
vt 0.721577 0.140570
vt 0.720075 0.140863
vt 0.719754 0.139810
vt 0.719950 0.139752
vt 0.721271 0.139360
vt 0.719572 0.138702
vt 0.720849 0.138185
vt 0.719433 0.138758
vt 0.718913 0.137788
vt 0.719094 0.137693
vt 0.720312 0.137057
vt 0.718518 0.136737
vt 0.719667 0.135986
vt 0.718393 0.136818
vt 0.717694 0.135968
vt 0.717852 0.135841
vt 0.718921 0.134984
vt 0.717101 0.135015
vt 0.718079 0.134059
vt 0.716994 0.135118
vt 0.716143 0.134421
vt 0.716273 0.134266
vt 0.717150 0.133222
vt 0.715375 0.133602
vt 0.716144 0.132478
vt 0.715291 0.133724
vt 0.714320 0.133207
vt 0.714416 0.133030
vt 0.715068 0.131837
vt 0.713406 0.132554
vt 0.713936 0.131304
vt 0.713349 0.132689
vt 0.712295 0.132371
vt 0.712354 0.132179
vt 0.712756 0.130884
vt 0.711271 0.131909
vt 0.711540 0.130582
vt 0.711241 0.132053
vt 0.710146 0.131947
vt 0.710166 0.131747
vt 0.710300 0.130400
vt 0.709050 0.131694
vt 0.709049 0.130340
vt 0.709051 0.131840
vt 0.707956 0.131949
vt 0.707935 0.131750
vt 0.707797 0.130404
vt 0.706831 0.131915
vt 0.706558 0.130589
vt 0.706860 0.132059
vt 0.705808 0.132380
vt 0.705748 0.132188
vt 0.705343 0.130894
vt 0.704697 0.132565
vt 0.704164 0.131317
vt 0.704755 0.132701
vt 0.703785 0.133221
vt 0.703688 0.133044
vt 0.703033 0.131853
vt 0.702731 0.133619
vt 0.701959 0.132497
vt 0.702815 0.133741
vt 0.701965 0.134440
vt 0.701835 0.134286
vt 0.700955 0.133243
vt 0.701009 0.135036
vt 0.700028 0.134083
vt 0.701116 0.135139
vt 0.700419 0.135991
vt 0.700260 0.135864
vt 0.699189 0.135010
vt 0.699596 0.136762
vt 0.698445 0.136015
vt 0.699722 0.136843
vt 0.699204 0.137814
vt 0.699023 0.137720
vt 0.697803 0.137087
vt 0.698547 0.138730
vt 0.697270 0.138216
vt 0.698686 0.138785
vt 0.698368 0.139839
vt 0.698172 0.139781
vt 0.696850 0.139392
vt 0.697903 0.140864
vt 0.696548 0.140604
vt 0.698050 0.140892
vt 0.697944 0.141988
vt 0.697740 0.141969
vt 0.696366 0.141839
vt 0.697687 0.143084
vt 0.696306 0.143085
vt 0.697838 0.143083
vt 0.697947 0.144178
vt 0.697743 0.144198
vt 0.696369 0.144332
vt 0.697908 0.145302
vt 0.696554 0.145566
vt 0.698056 0.145274
vt 0.698377 0.146326
vt 0.698181 0.146384
vt 0.696860 0.146777
vt 0.698559 0.147435
vt 0.697283 0.147952
vt 0.698698 0.147379
vt 0.699218 0.148349
vt 0.699038 0.148443
vt 0.697819 0.149080
vt 0.699613 0.149400
vt 0.698464 0.150150
vt 0.699738 0.149319
vt 0.700437 0.150169
vt 0.700279 0.150296
vt 0.699211 0.151152
vt 0.701030 0.151122
vt 0.700052 0.152077
vt 0.701137 0.151018
vt 0.701988 0.151715
vt 0.701858 0.151870
vt 0.700981 0.152915
vt 0.702756 0.152534
vt 0.701987 0.153658
vt 0.702840 0.152412
vt 0.699910 0.156698
vt 0.698609 0.155740
vt 0.701300 0.157524
vt 0.702765 0.158212
vt 0.699341 0.161120
vt 0.697601 0.160087
vt 0.701175 0.161979
vt 0.703087 0.162656
vt 0.704291 0.158753
vt 0.705056 0.163143
vt 0.705864 0.159143
vt 0.707065 0.163436
vt 0.707468 0.159377
vt 0.709093 0.163533
vt 0.709087 0.159455
vt 0.711121 0.163431
vt 0.710707 0.159373
vt 0.713128 0.163132
vt 0.712310 0.159134
vt 0.713882 0.158740
vt 0.715097 0.162640
vt 0.717006 0.161958
vt 0.715407 0.158195
vt 0.718838 0.161094
vt 0.716870 0.157504
vt 0.720576 0.160057
vt 0.718258 0.156673
vt 0.722201 0.158855
vt 0.719556 0.155712
vt 0.723699 0.157503
vt 0.720753 0.154629
vt 0.725055 0.156012
vt 0.721837 0.153435
vt 0.726258 0.154397
vt 0.722798 0.152142
vt 0.727294 0.152674
vt 0.723626 0.150762
vt 0.728155 0.150859
vt 0.724315 0.149309
vt 0.728832 0.148970
vt 0.724856 0.147796
vt 0.729320 0.147025
vt 0.725247 0.146238
vt 0.729613 0.145042
vt 0.725481 0.144650
vt 0.729710 0.143041
vt 0.725558 0.143046
vt 0.729608 0.141040
vt 0.725477 0.141443
vt 0.729310 0.139058
vt 0.725238 0.139855
vt 0.728817 0.137114
vt 0.724844 0.138298
vt 0.728134 0.135227
vt 0.724298 0.136787
vt 0.727268 0.133414
vt 0.723606 0.135335
vt 0.726227 0.131694
vt 0.722774 0.133957
vt 0.725021 0.130082
vt 0.721810 0.132667
vt 0.723661 0.128595
vt 0.720723 0.131476
vt 0.722159 0.127246
vt 0.719522 0.130397
vt 0.720530 0.126049
vt 0.718222 0.129439
vt 0.718790 0.125016
vt 0.716832 0.128612
vt 0.716956 0.124157
vt 0.715366 0.127925
vt 0.715044 0.123481
vt 0.713840 0.127384
vt 0.713075 0.122993
vt 0.712267 0.126994
vt 0.711066 0.122700
vt 0.710663 0.126759
vt 0.709038 0.122604
vt 0.709044 0.126682
vt 0.707010 0.122706
vt 0.707424 0.126763
vt 0.705003 0.123004
vt 0.705821 0.127002
vt 0.703034 0.123497
vt 0.704250 0.127396
vt 0.701125 0.124178
vt 0.702724 0.127942
vt 0.699293 0.125043
vt 0.701261 0.128633
vt 0.697556 0.126080
vt 0.699873 0.129463
vt 0.695930 0.127281
vt 0.698575 0.130425
vt 0.694432 0.128634
vt 0.697378 0.131507
vt 0.693076 0.130125
vt 0.696294 0.132701
vt 0.691874 0.131740
vt 0.695333 0.133994
vt 0.690837 0.133463
vt 0.694505 0.135374
vt 0.689976 0.135278
vt 0.693816 0.136827
vt 0.689299 0.137167
vt 0.693275 0.138341
vt 0.688811 0.139112
vt 0.692885 0.139899
vt 0.688518 0.141094
vt 0.692650 0.141487
vt 0.688421 0.143096
vt 0.692573 0.143090
vt 0.688523 0.145097
vt 0.692655 0.144693
vt 0.688822 0.147079
vt 0.692893 0.146281
vt 0.689315 0.149023
vt 0.693287 0.147838
vt 0.689997 0.150910
vt 0.693833 0.149350
vt 0.690863 0.152722
vt 0.694525 0.150801
vt 0.691904 0.154443
vt 0.695357 0.152179
vt 0.693110 0.156054
vt 0.696321 0.153469
vt 0.694470 0.157542
vt 0.697408 0.154660
vt 0.695972 0.158890
vt 0.696140 0.162261
vt 0.694304 0.160912
vt 0.692610 0.159392
vt 0.693199 0.162270
vt 0.691378 0.160635
vt 0.695174 0.163721
vt 0.694349 0.164967
vt 0.692256 0.163430
vt 0.690326 0.161697
vt 0.691394 0.164490
vt 0.689269 0.162762
vt 0.693520 0.166218
vt 0.680109 0.434412
vt 0.677304 0.436942
vt 0.676610 0.436091
vt 0.679336 0.433635
vt 0.674264 0.439185
vt 0.673656 0.438271
vt 0.671017 0.441122
vt 0.670502 0.440153
vt 0.695945 0.167501
vt 0.696584 0.166293
vt 0.667596 0.442732
vt 0.667178 0.441717
vt 0.698370 0.168784
vt 0.698939 0.167396
vt 0.697283 0.164973
vt 0.699507 0.166014
vt 0.701822 0.166833
vt 0.701393 0.168264
vt 0.701000 0.169573
vt 0.704208 0.167423
vt 0.703921 0.168890
vt 0.703631 0.170362
vt 0.664032 0.444001
vt 0.663715 0.442950
vt 0.660360 0.444915
vt 0.660148 0.443838
vt 0.656616 0.445466
vt 0.656509 0.444372
vt 0.706367 0.170626
vt 0.706498 0.169266
vt 0.652834 0.445657
vt 0.652835 0.444563
vt 0.709102 0.170890
vt 0.709100 0.169390
vt 0.706642 0.167778
vt 0.709099 0.167895
vt 0.711837 0.170619
vt 0.711702 0.169259
vt 0.711555 0.167772
vt 0.709096 0.166145
vt 0.711382 0.166030
vt 0.706810 0.166036
vt 0.704546 0.165706
vt 0.702325 0.165156
vt 0.700170 0.164394
vt 0.698102 0.163426
vt 0.713646 0.165694
vt 0.713987 0.167410
vt 0.715865 0.165138
vt 0.716372 0.166814
vt 0.718017 0.164370
vt 0.718686 0.165988
vt 0.719256 0.167369
vt 0.716805 0.168244
vt 0.714279 0.168876
vt 0.717201 0.169552
vt 0.714572 0.170347
vt 0.719829 0.168756
vt 0.645310 0.444909
vt 0.641638 0.443992
vt 0.641957 0.442941
vt 0.645524 0.443832
vt 0.638076 0.442720
vt 0.638495 0.441706
vt 0.634655 0.441107
vt 0.635172 0.440139
vt 0.722251 0.167466
vt 0.721609 0.166260
vt 0.631411 0.439168
vt 0.632020 0.438255
vt 0.724672 0.166177
vt 0.723840 0.164928
vt 0.720906 0.164941
vt 0.723012 0.163684
vt 0.724983 0.162228
vt 0.725929 0.163385
vt 0.726793 0.164443
vt 0.726800 0.160588
vt 0.727855 0.161647
vt 0.728914 0.162710
vt 0.628372 0.436922
vt 0.629067 0.436073
vt 0.625569 0.434390
vt 0.626343 0.433614
vt 0.623033 0.431594
vt 0.623882 0.430896
vt 0.730654 0.160599
vt 0.729599 0.159730
vt 0.620780 0.428568
vt 0.621692 0.427958
vt 0.732393 0.158489
vt 0.731146 0.157653
vt 0.728446 0.158780
vt 0.729905 0.156821
vt 0.731163 0.154730
vt 0.732480 0.155436
vt 0.733684 0.156082
vt 0.732208 0.152528
vt 0.733589 0.153101
vt 0.734975 0.153676
vt 0.618837 0.425337
vt 0.619805 0.424818
vt 0.617222 0.421930
vt 0.618236 0.421510
vt 0.615950 0.418383
vt 0.617000 0.418065
vt 0.735768 0.151066
vt 0.734461 0.150669
vt 0.615033 0.414729
vt 0.616109 0.414515
vt 0.736561 0.148457
vt 0.735089 0.148164
vt 0.733031 0.150234
vt 0.733623 0.147873
vt 0.733979 0.145465
vt 0.735467 0.145611
vt 0.736827 0.145744
vt 0.734097 0.143035
vt 0.735591 0.143033
vt 0.737092 0.143031
vt 0.614479 0.411003
vt 0.615572 0.410896
vt 0.614297 0.407242
vt 0.615395 0.407243
vt 0.614482 0.403480
vt 0.615574 0.403589
vt 0.736819 0.140319
vt 0.735460 0.140456
vt 0.615039 0.399755
vt 0.616115 0.399970
vt 0.736547 0.137607
vt 0.735076 0.137903
vt 0.733973 0.140605
vt 0.733611 0.138198
vt 0.733012 0.135838
vt 0.734440 0.135400
vt 0.735747 0.135000
vt 0.732183 0.133547
vt 0.733562 0.132971
vt 0.734947 0.132392
vt 0.615959 0.396102
vt 0.617009 0.396422
vt 0.617235 0.392556
vt 0.618248 0.392978
vt 0.618853 0.389151
vt 0.619820 0.389671
vt 0.733649 0.129989
vt 0.732447 0.130638
vt 0.620799 0.385921
vt 0.621710 0.386533
vt 0.732352 0.127586
vt 0.731107 0.128424
vt 0.731132 0.131348
vt 0.729868 0.129260
vt 0.728404 0.127305
vt 0.729555 0.126352
vt 0.730607 0.125480
vt 0.726753 0.125501
vt 0.727805 0.124439
vt 0.728863 0.123375
vt 0.623053 0.382897
vt 0.623901 0.383596
vt 0.625592 0.380103
vt 0.626365 0.380880
vt 0.628397 0.377574
vt 0.629091 0.378424
vt 0.726737 0.121647
vt 0.725875 0.122707
vt 0.631437 0.375330
vt 0.632045 0.376244
vt 0.724611 0.119919
vt 0.723782 0.121169
vt 0.724932 0.123866
vt 0.722957 0.122415
vt 0.720848 0.121164
vt 0.721547 0.119843
vt 0.722186 0.118636
vt 0.718625 0.120123
vt 0.719192 0.118740
vt 0.719761 0.117352
vt 0.634683 0.373393
vt 0.635199 0.374362
vt 0.638105 0.371783
vt 0.638523 0.372798
vt 0.641668 0.370514
vt 0.641985 0.371565
vt 0.717131 0.116564
vt 0.716738 0.117872
vt 0.645340 0.369600
vt 0.645553 0.370677
vt 0.714500 0.115775
vt 0.714210 0.117247
vt 0.716308 0.119304
vt 0.713923 0.118713
vt 0.711489 0.118358
vt 0.711633 0.116871
vt 0.711764 0.115511
vt 0.709032 0.118241
vt 0.709031 0.116747
vt 0.709029 0.115247
vt 0.649084 0.369049
vt 0.649191 0.370143
vt 0.652866 0.368858
vt 0.652865 0.369951
vt 0.656647 0.369052
vt 0.656538 0.370147
vt 0.706294 0.115518
vt 0.706429 0.116878
vt 0.660390 0.369606
vt 0.660176 0.370683
vt 0.703559 0.115789
vt 0.703852 0.117260
vt 0.706576 0.118365
vt 0.704144 0.118726
vt 0.701759 0.119323
vt 0.701326 0.117893
vt 0.700930 0.116585
vt 0.699445 0.120148
vt 0.698875 0.118767
vt 0.698302 0.117381
vt 0.664061 0.370523
vt 0.663742 0.371573
vt 0.667624 0.371794
vt 0.667204 0.372809
vt 0.671044 0.373408
vt 0.670527 0.374376
vt 0.695880 0.118670
vt 0.696522 0.119876
vt 0.674289 0.375347
vt 0.673679 0.376260
vt 0.693459 0.119960
vt 0.694291 0.121208
vt 0.697225 0.121195
vt 0.695119 0.122452
vt 0.693148 0.123908
vt 0.692203 0.122751
vt 0.691338 0.121693
vt 0.691331 0.125548
vt 0.690277 0.124489
vt 0.689217 0.123427
vt 0.677327 0.377593
vt 0.676631 0.378442
vt 0.680130 0.380125
vt 0.679355 0.380901
vt 0.682666 0.382920
vt 0.681817 0.383618
vt 0.687478 0.125537
vt 0.688532 0.126406
vt 0.684918 0.385946
vt 0.684006 0.386557
vt 0.685739 0.127648
vt 0.686985 0.128483
vt 0.689685 0.127356
vt 0.688226 0.129315
vt 0.686968 0.131406
vt 0.685651 0.130700
vt 0.684448 0.130054
vt 0.685923 0.133609
vt 0.684543 0.133036
vt 0.683157 0.132460
vt 0.686861 0.389178
vt 0.685894 0.389696
vt 0.688477 0.392584
vt 0.687463 0.393004
vt 0.689750 0.396131
vt 0.688700 0.396450
vt 0.682363 0.135070
vt 0.683670 0.135467
vt 0.690667 0.399785
vt 0.689591 0.399999
vt 0.681570 0.137680
vt 0.683042 0.137972
vt 0.685100 0.135902
vt 0.684508 0.138264
vt 0.684152 0.140671
vt 0.682664 0.140526
vt 0.681305 0.140392
vt 0.684034 0.143102
vt 0.682540 0.143103
vt 0.681039 0.143105
vt 0.691221 0.403510
vt 0.690129 0.403617
vt 0.691403 0.407272
vt 0.690305 0.407271
vt 0.691218 0.411034
vt 0.690127 0.410925
vt 0.681312 0.145817
vt 0.682671 0.145681
vt 0.690662 0.414759
vt 0.689586 0.414544
vt 0.681584 0.148529
vt 0.683056 0.148233
vt 0.684158 0.145532
vt 0.684521 0.147938
vt 0.685119 0.150298
vt 0.683691 0.150736
vt 0.682385 0.151137
vt 0.685948 0.152589
vt 0.684569 0.153166
vt 0.683185 0.153744
vt 0.689742 0.418413
vt 0.688692 0.418092
vt 0.688467 0.421959
vt 0.687454 0.421537
vt 0.686849 0.425364
vt 0.685882 0.424844
vt 0.684482 0.156147
vt 0.685684 0.155498
vt 0.684903 0.428594
vt 0.683992 0.427982
vt 0.685779 0.158550
vt 0.687024 0.157712
vt 0.686999 0.154789
vt 0.688263 0.156876
vt 0.689727 0.158831
vt 0.688576 0.159785
vt 0.687524 0.160656
vt 0.682648 0.431618
vt 0.681800 0.430919
vt 0.681062 0.430311
vt 0.683199 0.427449
vt 0.678661 0.432958
vt 0.685040 0.424391
vt 0.682399 0.426912
vt 0.684192 0.423935
vt 0.680321 0.429699
vt 0.681402 0.426243
vt 0.683134 0.423367
vt 0.679394 0.428936
vt 0.677980 0.432273
vt 0.677133 0.431421
vt 0.675980 0.430264
vt 0.678134 0.427897
vt 0.680046 0.425333
vt 0.674753 0.429032
vt 0.676793 0.426792
vt 0.678602 0.424365
vt 0.681695 0.422595
vt 0.680163 0.421773
vt 0.677327 0.423509
vt 0.678810 0.421047
vt 0.675607 0.425816
vt 0.676129 0.422706
vt 0.677540 0.420365
vt 0.674494 0.424898
vt 0.673669 0.427944
vt 0.672651 0.426922
vt 0.671617 0.425884
vt 0.673364 0.423966
vt 0.674913 0.421889
vt 0.672265 0.423059
vt 0.673731 0.421095
vt 0.670613 0.424873
vt 0.674995 0.418998
vt 0.676249 0.419672
vt 0.676046 0.416788
vt 0.677360 0.417336
vt 0.678712 0.417899
vt 0.680044 0.418453
vt 0.679636 0.415331
vt 0.678235 0.414904
vt 0.681015 0.415751
vt 0.681462 0.419043
vt 0.682484 0.416199
vt 0.683222 0.413270
vt 0.681716 0.412969
vt 0.680302 0.412686
vt 0.683666 0.410284
vt 0.682137 0.410132
vt 0.680703 0.409988
vt 0.678867 0.412399
vt 0.679247 0.409844
vt 0.677471 0.412119
vt 0.677831 0.409704
vt 0.676874 0.414488
vt 0.677953 0.407265
vt 0.679378 0.407266
vt 0.680846 0.407267
vt 0.677832 0.404827
vt 0.679248 0.404688
vt 0.680704 0.404545
vt 0.677473 0.402412
vt 0.678869 0.402133
vt 0.680305 0.401847
vt 0.682138 0.404403
vt 0.682290 0.407267
vt 0.681719 0.401566
vt 0.679640 0.399202
vt 0.678239 0.399628
vt 0.681020 0.398782
vt 0.683225 0.401265
vt 0.683667 0.404252
vt 0.682489 0.398335
vt 0.681468 0.395491
vt 0.680050 0.396080
vt 0.678718 0.396633
vt 0.680172 0.392760
vt 0.678818 0.393485
vt 0.677547 0.394167
vt 0.677366 0.397195
vt 0.676256 0.394858
vt 0.676051 0.397742
vt 0.675001 0.395532
vt 0.676877 0.400042
vt 0.673738 0.393434
vt 0.674921 0.392640
vt 0.676138 0.391825
vt 0.672274 0.391468
vt 0.673373 0.390562
vt 0.674504 0.389631
vt 0.670622 0.389654
vt 0.671628 0.388644
vt 0.672662 0.387607
vt 0.675618 0.388715
vt 0.677336 0.391022
vt 0.673681 0.386585
vt 0.670628 0.385771
vt 0.669701 0.386905
vt 0.671542 0.384654
vt 0.674766 0.385497
vt 0.676804 0.387739
vt 0.672516 0.383465
vt 0.670076 0.381662
vt 0.669223 0.382940
vt 0.668423 0.384141
vt 0.667469 0.380105
vt 0.666745 0.381461
vt 0.666067 0.382734
vt 0.667611 0.385360
vt 0.665377 0.384027
vt 0.666821 0.386547
vt 0.664708 0.385285
vt 0.668799 0.388008
vt 0.662480 0.384235
vt 0.663023 0.382917
vt 0.663582 0.381563
vt 0.660158 0.383408
vt 0.660569 0.382043
vt 0.660994 0.380640
vt 0.657764 0.382810
vt 0.658041 0.381411
vt 0.658326 0.379974
vt 0.661412 0.379259
vt 0.664133 0.380229
vt 0.658608 0.378558
vt 0.655606 0.379571
vt 0.655462 0.381030
vt 0.655749 0.378133
vt 0.658908 0.377050
vt 0.661858 0.377788
vt 0.655899 0.376602
vt 0.652861 0.376463
vt 0.652860 0.377999
vt 0.652859 0.379439
vt 0.649822 0.376601
vt 0.649971 0.378131
vt 0.650112 0.379569
vt 0.652858 0.380903
vt 0.650254 0.381028
vt 0.652857 0.382328
vt 0.650392 0.382447
vt 0.655323 0.382449
vt 0.647950 0.382807
vt 0.647675 0.381408
vt 0.647392 0.379970
vt 0.645557 0.383403
vt 0.645147 0.382038
vt 0.644724 0.380635
vt 0.643234 0.384229
vt 0.642693 0.382911
vt 0.642135 0.381556
vt 0.644307 0.379253
vt 0.647112 0.378554
vt 0.641585 0.380222
vt 0.639650 0.382725
vt 0.640337 0.384019
vt 0.638972 0.381452
vt 0.640998 0.378801
vt 0.643862 0.377782
vt 0.638249 0.380095
vt 0.635641 0.381650
vt 0.636493 0.382930
vt 0.637292 0.384131
vt 0.633200 0.383452
vt 0.634173 0.384642
vt 0.635086 0.385759
vt 0.638103 0.385351
vt 0.636013 0.386894
vt 0.638892 0.386538
vt 0.636913 0.387998
vt 0.641006 0.385278
vt 0.635089 0.389642
vt 0.634084 0.388632
vt 0.633051 0.387594
vt 0.633436 0.391456
vt 0.632338 0.390549
vt 0.631207 0.389617
vt 0.631971 0.393421
vt 0.630789 0.392626
vt 0.629572 0.391810
vt 0.630094 0.388700
vt 0.632033 0.386571
vt 0.628375 0.391006
vt 0.628162 0.394151
vt 0.629453 0.394843
vt 0.626891 0.393468
vt 0.627099 0.390150
vt 0.628909 0.387723
vt 0.625538 0.392742
vt 0.624240 0.395473
vt 0.625658 0.396062
vt 0.626989 0.396617
vt 0.623217 0.398316
vt 0.624686 0.398764
vt 0.626065 0.399184
vt 0.628341 0.397179
vt 0.627466 0.399612
vt 0.629655 0.397727
vt 0.628828 0.400027
vt 0.630706 0.395518
vt 0.628230 0.402396
vt 0.626835 0.402117
vt 0.625399 0.401829
vt 0.627870 0.404812
vt 0.626454 0.404671
vt 0.624998 0.404527
vt 0.627747 0.407250
vt 0.626323 0.407249
vt 0.624855 0.407248
vt 0.623564 0.404383
vt 0.623985 0.401546
vt 0.623411 0.407247
vt 0.624996 0.409970
vt 0.626452 0.409827
vt 0.623563 0.410112
vt 0.621878 0.407247
vt 0.622034 0.404231
vt 0.622033 0.410263
vt 0.622475 0.413250
vt 0.623981 0.412949
vt 0.625395 0.412668
vt 0.623210 0.416179
vt 0.624680 0.415732
vt 0.626059 0.415313
vt 0.626831 0.412382
vt 0.627460 0.414887
vt 0.628226 0.412104
vt 0.628822 0.414473
vt 0.627868 0.409688
vt 0.629648 0.416774
vt 0.628334 0.417320
vt 0.626981 0.417882
vt 0.630698 0.418983
vt 0.629443 0.419657
vt 0.628152 0.420348
vt 0.631961 0.421081
vt 0.630778 0.421875
vt 0.629561 0.422690
vt 0.626881 0.421030
vt 0.625649 0.418435
vt 0.628362 0.423493
vt 0.631194 0.424884
vt 0.632326 0.423953
vt 0.630080 0.425800
vt 0.627087 0.424348
vt 0.625527 0.421755
vt 0.628894 0.426776
vt 0.630933 0.429018
vt 0.632018 0.427930
vt 0.633037 0.426909
vt 0.633183 0.431050
vt 0.634156 0.429861
vt 0.635070 0.428744
vt 0.634071 0.425871
vt 0.635998 0.427610
vt 0.635076 0.424862
vt 0.636900 0.426507
vt 0.633425 0.423047
vt 0.638877 0.427968
vt 0.638088 0.429155
vt 0.637276 0.430374
vt 0.640991 0.429230
vt 0.640322 0.430488
vt 0.639633 0.431781
vt 0.643219 0.430280
vt 0.642676 0.431597
vt 0.642117 0.432952
vt 0.638953 0.433054
vt 0.636476 0.431575
vt 0.641566 0.434285
vt 0.644706 0.433874
vt 0.645130 0.432472
vt 0.644287 0.435256
vt 0.640978 0.435706
vt 0.638230 0.434410
vt 0.643842 0.436727
vt 0.646792 0.437464
vt 0.647091 0.435957
vt 0.647373 0.434541
vt 0.649800 0.437912
vt 0.649951 0.436382
vt 0.650093 0.434944
vt 0.647659 0.433103
vt 0.650237 0.433485
vt 0.647935 0.431705
vt 0.650376 0.432066
vt 0.645542 0.431107
vt 0.648183 0.430447
vt 0.645911 0.429880
vt 0.643706 0.429095
vt 0.641591 0.428098
vt 0.644074 0.428199
vt 0.646190 0.428952
vt 0.642044 0.427242
vt 0.639585 0.426901
vt 0.640119 0.426094
vt 0.637708 0.425514
vt 0.638318 0.424764
vt 0.635978 0.423953
vt 0.636658 0.423266
vt 0.634411 0.422232
vt 0.635155 0.421615
vt 0.633021 0.420367
vt 0.633822 0.419827
vt 0.631824 0.418377
vt 0.632674 0.417919
vt 0.630828 0.416282
vt 0.631719 0.415909
vt 0.630045 0.414100
vt 0.630968 0.413817
vt 0.629480 0.411853
vt 0.630426 0.411664
vt 0.629140 0.409563
vt 0.630100 0.409467
vt 0.629026 0.407250
vt 0.629991 0.407251
vt 0.629141 0.404938
vt 0.630102 0.405034
vt 0.629483 0.402648
vt 0.630430 0.402838
vt 0.630050 0.400402
vt 0.630973 0.400685
vt 0.630835 0.398220
vt 0.631725 0.398593
vt 0.631832 0.396125
vt 0.632682 0.396584
vt 0.633031 0.394136
vt 0.633831 0.394677
vt 0.634421 0.392272
vt 0.635165 0.392889
vt 0.635989 0.390551
vt 0.636669 0.391239
vt 0.637721 0.388991
vt 0.638330 0.389742
vt 0.639598 0.387606
vt 0.640132 0.388413
vt 0.641605 0.386410
vt 0.642057 0.387266
vt 0.643721 0.385414
vt 0.644088 0.386310
vt 0.645926 0.384630
vt 0.646204 0.385558
vt 0.648198 0.384064
vt 0.648385 0.385015
vt 0.650516 0.383723
vt 0.650610 0.384687
vt 0.652857 0.383609
vt 0.652857 0.384578
vt 0.655198 0.383725
vt 0.655104 0.384689
vt 0.657516 0.384067
vt 0.657329 0.385018
vt 0.659788 0.384635
vt 0.659509 0.385562
vt 0.661993 0.385420
vt 0.661625 0.386316
vt 0.664108 0.386417
vt 0.663655 0.387272
vt 0.666114 0.387614
vt 0.665580 0.388421
vt 0.667991 0.389001
vt 0.667380 0.389751
vt 0.669721 0.390562
vt 0.669041 0.391249
vt 0.671288 0.392284
vt 0.670544 0.392900
vt 0.672678 0.394148
vt 0.671877 0.394688
vt 0.673875 0.396138
vt 0.673025 0.396597
vt 0.674871 0.398234
vt 0.673980 0.398606
vt 0.675655 0.400416
vt 0.674731 0.400698
vt 0.676220 0.402662
vt 0.675273 0.402852
vt 0.676561 0.404953
vt 0.675600 0.405048
vt 0.676675 0.407265
vt 0.675709 0.407265
vt 0.676560 0.409577
vt 0.675599 0.409481
vt 0.676218 0.411868
vt 0.675272 0.411677
vt 0.675652 0.414114
vt 0.674729 0.413831
vt 0.674867 0.416295
vt 0.673976 0.415922
vt 0.673870 0.418390
vt 0.673020 0.417931
vt 0.672671 0.420380
vt 0.671870 0.419839
vt 0.671280 0.422243
vt 0.670537 0.421626
vt 0.669712 0.423964
vt 0.669033 0.423276
vt 0.667981 0.425524
vt 0.667371 0.424773
vt 0.668788 0.426517
vt 0.669689 0.427622
vt 0.666809 0.427977
vt 0.666103 0.426909
vt 0.667598 0.429164
vt 0.670615 0.428756
vt 0.668409 0.430385
vt 0.671529 0.429873
vt 0.669208 0.431586
vt 0.672501 0.431063
vt 0.670060 0.432865
vt 0.667452 0.434420
vt 0.666729 0.433064
vt 0.666051 0.431790
vt 0.664702 0.435714
vt 0.664116 0.434293
vt 0.663566 0.432959
vt 0.663008 0.431604
vt 0.665363 0.430496
vt 0.664695 0.429237
vt 0.662466 0.430286
vt 0.660143 0.431112
vt 0.660554 0.432477
vt 0.660976 0.433880
vt 0.657750 0.431708
vt 0.658025 0.433107
vt 0.658308 0.434545
vt 0.661393 0.435262
vt 0.658588 0.435961
vt 0.661838 0.436733
vt 0.658887 0.437469
vt 0.655878 0.437914
vt 0.655729 0.436384
vt 0.655588 0.434946
vt 0.652839 0.438051
vt 0.652839 0.436516
vt 0.652841 0.435076
vt 0.652842 0.433612
vt 0.655445 0.433487
vt 0.655308 0.432068
vt 0.652842 0.432187
vt 0.652843 0.430905
vt 0.655184 0.430792
vt 0.650501 0.430790
vt 0.652843 0.429937
vt 0.650596 0.429826
vt 0.648371 0.429497
vt 0.648458 0.429058
vt 0.650639 0.429380
vt 0.646319 0.428524
vt 0.648485 0.428925
vt 0.650653 0.429245
vt 0.646359 0.428394
vt 0.644244 0.427785
vt 0.644296 0.427660
vt 0.646412 0.428216
vt 0.648521 0.428743
vt 0.644367 0.427488
vt 0.642318 0.426728
vt 0.642405 0.426564
vt 0.642254 0.426847
vt 0.640441 0.425609
vt 0.640544 0.425454
vt 0.640366 0.425721
vt 0.638600 0.424417
vt 0.638686 0.424312
vt 0.636972 0.422949
vt 0.637067 0.422853
vt 0.638803 0.424169
vt 0.637199 0.422722
vt 0.635603 0.421244
vt 0.635746 0.421126
vt 0.635498 0.421330
vt 0.634304 0.419502
vt 0.634458 0.419399
vt 0.634192 0.419578
vt 0.633066 0.417707
vt 0.633185 0.417643
vt 0.632130 0.415737
vt 0.632255 0.415685
vt 0.633349 0.417555
vt 0.632426 0.415614
vt 0.631523 0.413647
vt 0.631701 0.413593
vt 0.631394 0.413687
vt 0.630995 0.411549
vt 0.631177 0.411513
vt 0.630863 0.411576
vt 0.630543 0.409424
vt 0.630678 0.409410
vt 0.630437 0.407251
vt 0.630571 0.407251
vt 0.630862 0.409392
vt 0.630757 0.407251
vt 0.630679 0.405092
vt 0.630864 0.405111
vt 0.630545 0.405079
vt 0.630999 0.402953
vt 0.631180 0.402990
vt 0.630867 0.402927
vt 0.631399 0.400816
vt 0.631528 0.400855
vt 0.632137 0.398766
vt 0.632261 0.398818
vt 0.631705 0.400910
vt 0.632433 0.398889
vt 0.633193 0.396861
vt 0.633356 0.396949
vt 0.633074 0.396796
vt 0.634313 0.395002
vt 0.634467 0.395106
vt 0.634201 0.394926
vt 0.635508 0.393174
vt 0.635613 0.393261
vt 0.636983 0.391556
vt 0.637078 0.391652
vt 0.635756 0.393379
vt 0.637209 0.391784
vt 0.638697 0.390194
vt 0.638815 0.390338
vt 0.638612 0.390089
vt 0.640453 0.388899
vt 0.640556 0.389053
vt 0.640378 0.388786
vt 0.642267 0.387661
vt 0.642330 0.387781
vt 0.644258 0.386724
vt 0.644309 0.386850
vt 0.642418 0.387945
vt 0.644380 0.387022
vt 0.646372 0.386116
vt 0.646426 0.386294
vt 0.646333 0.385987
vt 0.648498 0.385587
vt 0.648534 0.385769
vt 0.648471 0.385454
vt 0.650653 0.385133
vt 0.650667 0.385268
vt 0.652857 0.385025
vt 0.652857 0.385161
vt 0.650685 0.385453
vt 0.652856 0.385347
vt 0.655046 0.385269
vt 0.655028 0.385454
vt 0.655060 0.385134
vt 0.657215 0.385590
vt 0.657179 0.385772
vt 0.657242 0.385457
vt 0.659380 0.385991
vt 0.659340 0.386120
vt 0.661455 0.386729
vt 0.661403 0.386855
vt 0.659287 0.386298
vt 0.661332 0.387027
vt 0.663381 0.387787
vt 0.663294 0.387951
vt 0.663445 0.387667
vt 0.665258 0.388906
vt 0.665155 0.389061
vt 0.665333 0.388793
vt 0.667099 0.390097
vt 0.667013 0.390202
vt 0.668727 0.391566
vt 0.668631 0.391662
vt 0.666895 0.390346
vt 0.668500 0.391793
vt 0.670096 0.393271
vt 0.669953 0.393389
vt 0.670200 0.393185
vt 0.671395 0.395013
vt 0.671240 0.395117
vt 0.671507 0.394938
vt 0.672633 0.396808
vt 0.672514 0.396873
vt 0.673569 0.398778
vt 0.673444 0.398830
vt 0.672350 0.396960
vt 0.673273 0.398901
vt 0.674176 0.400868
vt 0.673999 0.400922
vt 0.674305 0.400828
vt 0.674704 0.402966
vt 0.674523 0.403003
vt 0.674837 0.402940
vt 0.675157 0.405092
vt 0.675023 0.405105
vt 0.675264 0.407265
vt 0.675129 0.407264
vt 0.674838 0.405123
vt 0.674944 0.407264
vt 0.675022 0.409423
vt 0.674837 0.409405
vt 0.675156 0.409437
vt 0.674703 0.411562
vt 0.674521 0.411526
vt 0.674835 0.411589
vt 0.674302 0.413700
vt 0.674173 0.413660
vt 0.673565 0.415750
vt 0.673441 0.415698
vt 0.673996 0.413606
vt 0.673269 0.415626
vt 0.672509 0.417655
vt 0.672345 0.417567
vt 0.672628 0.417719
vt 0.671389 0.419513
vt 0.671235 0.419410
vt 0.671501 0.419589
vt 0.670193 0.421341
vt 0.670089 0.421255
vt 0.668719 0.422959
vt 0.668623 0.422863
vt 0.669946 0.421136
vt 0.668492 0.422731
vt 0.667004 0.424321
vt 0.666887 0.424177
vt 0.667090 0.424426
vt 0.665248 0.425616
vt 0.665145 0.425462
vt 0.665323 0.425729
vt 0.665570 0.426102
vt 0.664096 0.428105
vt 0.663644 0.427249
vt 0.663434 0.426854
vt 0.661980 0.429101
vt 0.661613 0.428205
vt 0.661443 0.427791
vt 0.661391 0.427666
vt 0.663371 0.426734
vt 0.663283 0.426570
vt 0.661321 0.427494
vt 0.659328 0.428399
vt 0.659275 0.428221
vt 0.659368 0.428529
vt 0.657202 0.428929
vt 0.657166 0.428746
vt 0.657229 0.429062
vt 0.657315 0.429501
vt 0.659496 0.428957
vt 0.657502 0.430451
vt 0.659775 0.429885
vt 0.655090 0.429828
vt 0.655047 0.429382
vt 0.652843 0.429489
vt 0.652843 0.429354
vt 0.655033 0.429247
vt 0.655015 0.429062
vt 0.652843 0.429168
vt 0.650672 0.429060
vt 0.650725 0.428512
vt 0.652843 0.428617
vt 0.654961 0.428513
vt 0.652843 0.428392
vt 0.654939 0.428289
vt 0.650748 0.428288
vt 0.657060 0.428206
vt 0.657016 0.427985
vt 0.659116 0.427693
vt 0.659050 0.427478
vt 0.493925 0.164966
vt 0.493887 0.164781
vt 0.496001 0.164255
vt 0.496058 0.164435
vt 0.491749 0.165286
vt 0.491730 0.165098
vt 0.661024 0.426776
vt 0.661111 0.426984
vt 0.498053 0.163526
vt 0.498128 0.163700
vt 0.497716 0.162748
vt 0.495745 0.163449
vt 0.493715 0.163954
vt 0.495119 0.161475
vt 0.496890 0.160844
vt 0.493293 0.161931
vt 0.491644 0.164260
vt 0.491432 0.162206
vt 0.491204 0.159673
vt 0.492840 0.159442
vt 0.494445 0.159058
vt 0.491067 0.157398
vt 0.492570 0.157218
vt 0.494048 0.156923
vt 0.492413 0.155204
vt 0.493822 0.154996
vt 0.490987 0.155332
vt 0.489552 0.159751
vt 0.489552 0.157459
vt 0.489552 0.155375
vt 0.492297 0.153341
vt 0.490926 0.153425
vt 0.489552 0.153454
vt 0.488118 0.155332
vt 0.488179 0.153425
vt 0.488037 0.157398
vt 0.486692 0.155204
vt 0.486808 0.153341
vt 0.486535 0.157218
vt 0.487901 0.159673
vt 0.486265 0.159441
vt 0.484660 0.159058
vt 0.485057 0.156923
vt 0.485283 0.154996
vt 0.483101 0.158529
vt 0.483619 0.156521
vt 0.483905 0.154722
vt 0.485443 0.153206
vt 0.484092 0.153036
vt 0.482572 0.154393
vt 0.482762 0.152846
vt 0.482238 0.156021
vt 0.481324 0.154039
vt 0.481478 0.152667
vt 0.480945 0.155443
vt 0.481604 0.157860
vt 0.480188 0.157062
vt 0.478872 0.156145
vt 0.479771 0.154807
vt 0.480198 0.153689
vt 0.477678 0.155097
vt 0.478768 0.154029
vt 0.479364 0.153434
vt 0.480265 0.152532
vt 0.479108 0.152599
vt 0.477991 0.153027
vt 0.478758 0.151473
vt 0.480130 0.151320
vt 0.477355 0.151852
vt 0.476629 0.153905
vt 0.475711 0.152590
vt 0.474913 0.151177
vt 0.476777 0.150559
vt 0.478405 0.150225
vt 0.474244 0.149683
vt 0.476277 0.149178
vt 0.478076 0.148893
vt 0.479952 0.150036
vt 0.479761 0.148706
vt 0.477801 0.147515
vt 0.475875 0.147741
vt 0.479592 0.147354
vt 0.481257 0.147248
vt 0.481347 0.148595
vt 0.481433 0.149951
vt 0.482811 0.147186
vt 0.482846 0.148541
vt 0.482866 0.149931
vt 0.481487 0.151310
vt 0.482846 0.151364
vt 0.484257 0.149951
vt 0.484202 0.151451
vt 0.484274 0.148524
vt 0.485643 0.148526
vt 0.485612 0.149986
vt 0.485549 0.151540
vt 0.486940 0.150023
vt 0.486889 0.151617
vt 0.486970 0.148537
vt 0.488268 0.148547
vt 0.488251 0.150049
vt 0.488222 0.151667
vt 0.489552 0.150058
vt 0.489552 0.151685
vt 0.489552 0.148551
vt 0.490837 0.148547
vt 0.490854 0.150049
vt 0.490883 0.151667
vt 0.492165 0.150023
vt 0.492216 0.151617
vt 0.492135 0.148538
vt 0.493462 0.148526
vt 0.493493 0.149986
vt 0.493556 0.151540
vt 0.494848 0.149951
vt 0.494903 0.151451
vt 0.494831 0.148524
vt 0.496259 0.148541
vt 0.496239 0.149931
vt 0.496259 0.151364
vt 0.497672 0.149951
vt 0.497618 0.151310
vt 0.497758 0.148596
vt 0.499344 0.148706
vt 0.499153 0.150036
vt 0.498975 0.151320
vt 0.500700 0.150225
vt 0.500346 0.151474
vt 0.501029 0.148893
vt 0.502828 0.149178
vt 0.502328 0.150559
vt 0.501750 0.151853
vt 0.504192 0.151177
vt 0.503393 0.152590
vt 0.504861 0.149683
vt 0.502476 0.153905
vt 0.501114 0.153027
vt 0.499996 0.152599
vt 0.501427 0.155098
vt 0.500337 0.154030
vt 0.499741 0.153434
vt 0.498839 0.152532
vt 0.498906 0.153689
vt 0.499334 0.154807
vt 0.497781 0.154039
vt 0.497627 0.152667
vt 0.498160 0.155443
vt 0.500233 0.156146
vt 0.498916 0.157062
vt 0.497501 0.157860
vt 0.496866 0.156021
vt 0.496532 0.154393
vt 0.496004 0.158529
vt 0.495485 0.156521
vt 0.495200 0.154722
vt 0.496343 0.152846
vt 0.495013 0.153036
vt 0.493662 0.153206
vt 0.498590 0.160043
vt 0.499606 0.161859
vt 0.501399 0.160791
vt 0.500203 0.159080
vt 0.503077 0.159554
vt 0.501712 0.157965
vt 0.504624 0.158160
vt 0.503104 0.156708
vt 0.506025 0.156623
vt 0.504365 0.155322
vt 0.507268 0.154959
vt 0.505483 0.153820
vt 0.508339 0.153182
vt 0.506447 0.152217
vt 0.509229 0.151311
vt 0.507249 0.150528
vt 0.509930 0.149362
vt 0.507881 0.148769
vt 0.505390 0.148127
vt 0.510436 0.147356
vt 0.508337 0.146957
vt 0.505773 0.146525
vt 0.503230 0.147741
vt 0.503526 0.146263
vt 0.501304 0.147515
vt 0.501511 0.146106
vt 0.499514 0.147355
vt 0.499648 0.145990
vt 0.497848 0.147249
vt 0.497925 0.145909
vt 0.501639 0.144680
vt 0.499732 0.144619
vt 0.497974 0.144576
vt 0.496330 0.145858
vt 0.496356 0.144547
vt 0.496294 0.147186
vt 0.494845 0.145828
vt 0.494855 0.144530
vt 0.494833 0.147154
vt 0.493449 0.147142
vt 0.493447 0.145813
vt 0.492120 0.147140
vt 0.492114 0.145807
vt 0.493448 0.144520
vt 0.492112 0.144515
vt 0.490823 0.145804
vt 0.490821 0.144514
vt 0.490827 0.147141
vt 0.489552 0.145804
vt 0.489552 0.144513
vt 0.489552 0.147142
vt 0.488278 0.147141
vt 0.488282 0.145804
vt 0.486985 0.147140
vt 0.486991 0.145807
vt 0.488284 0.144513
vt 0.486993 0.144515
vt 0.485658 0.145813
vt 0.485657 0.144520
vt 0.485656 0.147141
vt 0.484260 0.145828
vt 0.484251 0.144530
vt 0.484272 0.147154
vt 0.482774 0.145857
vt 0.481180 0.145909
vt 0.482749 0.144547
vt 0.481131 0.144575
vt 0.479457 0.145990
vt 0.479373 0.144619
vt 0.477594 0.146106
vt 0.477466 0.144679
vt 0.475579 0.146263
vt 0.475400 0.144760
vt 0.473332 0.146525
vt 0.473100 0.144893
vt 0.473715 0.148127
vt 0.473022 0.143245
vt 0.475339 0.143245
vt 0.477422 0.143245
vt 0.473100 0.141597
vt 0.475400 0.141730
vt 0.477466 0.141811
vt 0.473332 0.139965
vt 0.475579 0.140227
vt 0.477594 0.140384
vt 0.479373 0.141871
vt 0.479344 0.143245
vt 0.479457 0.140500
vt 0.477801 0.138975
vt 0.475875 0.138749
vt 0.479592 0.139136
vt 0.481257 0.139242
vt 0.481180 0.140581
vt 0.481131 0.141915
vt 0.482811 0.139304
vt 0.482775 0.140633
vt 0.482749 0.141943
vt 0.481112 0.143245
vt 0.482739 0.143245
vt 0.484251 0.141961
vt 0.484246 0.143245
vt 0.484260 0.140662
vt 0.485658 0.140677
vt 0.485657 0.141970
vt 0.485656 0.143245
vt 0.486993 0.141975
vt 0.486993 0.143245
vt 0.486991 0.140684
vt 0.488282 0.140686
vt 0.488284 0.141977
vt 0.488284 0.143245
vt 0.489552 0.141977
vt 0.489552 0.143245
vt 0.489553 0.140686
vt 0.490823 0.140686
vt 0.490821 0.141977
vt 0.490821 0.143245
vt 0.492112 0.141975
vt 0.492112 0.143245
vt 0.492114 0.140684
vt 0.493447 0.140678
vt 0.493448 0.141970
vt 0.493449 0.143245
vt 0.494855 0.141961
vt 0.494859 0.143245
vt 0.494845 0.140662
vt 0.496331 0.140633
vt 0.496356 0.141943
vt 0.496366 0.143245
vt 0.497974 0.141915
vt 0.497993 0.143245
vt 0.497925 0.140581
vt 0.499648 0.140501
vt 0.499732 0.141871
vt 0.499762 0.143245
vt 0.501639 0.141811
vt 0.501683 0.143245
vt 0.501511 0.140385
vt 0.503526 0.140228
vt 0.503705 0.141730
vt 0.503766 0.143245
vt 0.506005 0.141598
vt 0.506083 0.143245
vt 0.505774 0.139965
vt 0.506005 0.144893
vt 0.503705 0.144760
vt 0.508611 0.145110
vt 0.508704 0.143245
vt 0.510741 0.145311
vt 0.510844 0.143245
vt 0.510741 0.141180
vt 0.508611 0.141381
vt 0.510436 0.139135
vt 0.508337 0.139534
vt 0.509931 0.137129
vt 0.507881 0.137722
vt 0.505390 0.138363
vt 0.509230 0.135180
vt 0.507250 0.135963
vt 0.504861 0.136808
vt 0.503230 0.138750
vt 0.502828 0.137312
vt 0.501304 0.138976
vt 0.501029 0.137598
vt 0.499514 0.139136
vt 0.499344 0.137785
vt 0.497848 0.139242
vt 0.497758 0.137895
vt 0.500700 0.136265
vt 0.499154 0.136454
vt 0.497672 0.136539
vt 0.496259 0.137950
vt 0.496239 0.136559
vt 0.496294 0.139304
vt 0.494831 0.137967
vt 0.494848 0.136539
vt 0.494834 0.139336
vt 0.493449 0.139349
vt 0.493462 0.137964
vt 0.492120 0.139351
vt 0.492135 0.137953
vt 0.493493 0.136504
vt 0.492165 0.136467
vt 0.490837 0.137943
vt 0.490854 0.136442
vt 0.490827 0.139350
vt 0.489553 0.137939
vt 0.489553 0.136432
vt 0.489553 0.139348
vt 0.488278 0.139350
vt 0.488268 0.137943
vt 0.486985 0.139351
vt 0.486970 0.137953
vt 0.488251 0.136442
vt 0.486940 0.136467
vt 0.485643 0.137964
vt 0.485612 0.136504
vt 0.485656 0.139349
vt 0.484274 0.137967
vt 0.484257 0.136539
vt 0.484272 0.139336
vt 0.482846 0.137949
vt 0.481347 0.137895
vt 0.482866 0.136559
vt 0.481434 0.136539
vt 0.479761 0.137784
vt 0.479952 0.136454
vt 0.478076 0.137597
vt 0.478405 0.136265
vt 0.476277 0.137312
vt 0.476777 0.135931
vt 0.474244 0.136807
vt 0.474913 0.135313
vt 0.473715 0.138363
vt 0.475712 0.133900
vt 0.477355 0.134638
vt 0.478759 0.135017
vt 0.479109 0.133891
vt 0.477991 0.133463
vt 0.476629 0.132585
vt 0.480266 0.133958
vt 0.480131 0.135170
vt 0.481478 0.133823
vt 0.481487 0.135180
vt 0.482762 0.133644
vt 0.482846 0.135126
vt 0.484092 0.133454
vt 0.484202 0.135039
vt 0.485443 0.133284
vt 0.485549 0.134950
vt 0.486808 0.133150
vt 0.486889 0.134873
vt 0.488179 0.133066
vt 0.488222 0.134823
vt 0.489553 0.133036
vt 0.489553 0.134805
vt 0.490926 0.133066
vt 0.490883 0.134823
vt 0.492297 0.133150
vt 0.492216 0.134873
vt 0.493662 0.133284
vt 0.493556 0.134950
vt 0.495013 0.133454
vt 0.494903 0.135039
vt 0.496343 0.133644
vt 0.496259 0.135126
vt 0.497627 0.133823
vt 0.497618 0.135180
vt 0.498840 0.133958
vt 0.498975 0.135171
vt 0.499997 0.133891
vt 0.500347 0.135017
vt 0.501115 0.133463
vt 0.501751 0.134638
vt 0.502328 0.135931
vt 0.503394 0.133900
vt 0.504192 0.135314
vt 0.502476 0.132586
vt 0.506447 0.134274
vt 0.505483 0.132671
vt 0.508339 0.133309
vt 0.507268 0.131532
vt 0.506026 0.129868
vt 0.504365 0.131169
vt 0.504625 0.128331
vt 0.503104 0.129783
vt 0.501427 0.131393
vt 0.500337 0.132461
vt 0.500233 0.130345
vt 0.501712 0.128526
vt 0.499335 0.131683
vt 0.499741 0.133056
vt 0.498907 0.132801
vt 0.497781 0.132451
vt 0.498160 0.131047
vt 0.496533 0.132097
vt 0.496867 0.130470
vt 0.498917 0.129428
vt 0.497501 0.128630
vt 0.496004 0.127961
vt 0.495486 0.129970
vt 0.495200 0.131769
vt 0.494445 0.127432
vt 0.494048 0.129567
vt 0.493822 0.131494
vt 0.492413 0.131286
vt 0.492570 0.129272
vt 0.490987 0.131159
vt 0.491068 0.129092
vt 0.492840 0.127049
vt 0.491204 0.126817
vt 0.489553 0.126740
vt 0.489553 0.129032
vt 0.489553 0.131115
vt 0.487901 0.126817
vt 0.488038 0.129092
vt 0.488118 0.131159
vt 0.486692 0.131286
vt 0.486535 0.129272
vt 0.485283 0.131494
vt 0.485057 0.129567
vt 0.486265 0.127049
vt 0.484660 0.127432
vt 0.483101 0.127961
vt 0.483620 0.129970
vt 0.483905 0.131769
vt 0.481605 0.128630
vt 0.482239 0.130469
vt 0.482573 0.132097
vt 0.481324 0.132451
vt 0.480945 0.131047
vt 0.480199 0.132801
vt 0.479771 0.131683
vt 0.480189 0.129428
vt 0.478872 0.130345
vt 0.477678 0.131393
vt 0.478768 0.132461
vt 0.479364 0.133056
vt 0.476001 0.129782
vt 0.477393 0.128526
vt 0.474740 0.131169
vt 0.473622 0.132670
vt 0.473080 0.129867
vt 0.474481 0.128330
vt 0.471837 0.131532
vt 0.470766 0.133308
vt 0.472658 0.134274
vt 0.469876 0.135180
vt 0.471856 0.135963
vt 0.469175 0.137128
vt 0.471224 0.137722
vt 0.468669 0.139134
vt 0.470768 0.139533
vt 0.470494 0.141380
vt 0.468364 0.141180
vt 0.468261 0.143245
vt 0.470401 0.143245
vt 0.468364 0.145310
vt 0.470494 0.145110
vt 0.468669 0.147356
vt 0.470768 0.146957
vt 0.469174 0.149362
vt 0.471224 0.148768
vt 0.469875 0.151310
vt 0.471855 0.150527
vt 0.472658 0.152216
vt 0.470766 0.153182
vt 0.471837 0.154958
vt 0.473622 0.153820
vt 0.473079 0.156623
vt 0.474740 0.155321
vt 0.474480 0.158160
vt 0.476001 0.156708
vt 0.476027 0.159553
vt 0.477393 0.157964
vt 0.477705 0.160791
vt 0.478902 0.159080
vt 0.479498 0.161859
vt 0.480515 0.160042
vt 0.481389 0.162748
vt 0.482215 0.160844
vt 0.483359 0.163448
vt 0.483986 0.161475
vt 0.485390 0.163954
vt 0.485811 0.161931
vt 0.487461 0.164259
vt 0.487673 0.162206
vt 0.489552 0.164362
vt 0.489552 0.162298
vt 0.489552 0.165205
vt 0.487374 0.165098
vt 0.489552 0.165393
vt 0.487355 0.165286
vt 0.485217 0.164781
vt 0.485179 0.164966
vt 0.483046 0.164435
vt 0.483103 0.164255
vt 0.481052 0.163526
vt 0.480977 0.163699
vt 0.479083 0.162601
vt 0.478991 0.162766
vt 0.644664 0.426770
vt 0.644578 0.426978
vt 0.642664 0.426077
vt 0.642771 0.425879
vt 0.646637 0.427473
vt 0.646572 0.427688
vt 0.640849 0.424995
vt 0.640975 0.424809
vt 0.639151 0.423742
vt 0.639295 0.423569
vt 0.637587 0.422332
vt 0.637747 0.422173
vt 0.477216 0.161489
vt 0.477107 0.161646
vt 0.475346 0.160347
vt 0.475470 0.160202
vt 0.473721 0.158885
vt 0.473859 0.158753
vt 0.472250 0.157273
vt 0.472401 0.157154
vt 0.636172 0.420776
vt 0.636346 0.420633
vt 0.470946 0.155527
vt 0.471108 0.155423
vt 0.634916 0.419092
vt 0.635104 0.418968
vt 0.633834 0.417295
vt 0.634034 0.417189
vt 0.632934 0.415403
vt 0.633142 0.415317
vt 0.469822 0.153664
vt 0.469994 0.153576
vt 0.468887 0.151701
vt 0.469067 0.151630
vt 0.468151 0.149658
vt 0.468337 0.149604
vt 0.632227 0.413433
vt 0.632443 0.413368
vt 0.467620 0.147555
vt 0.467811 0.147518
vt 0.631716 0.411405
vt 0.631937 0.411362
vt 0.631409 0.409338
vt 0.631633 0.409316
vt 0.631306 0.407251
vt 0.631532 0.407252
vt 0.467300 0.145410
vt 0.467494 0.145392
vt 0.467193 0.143245
vt 0.467387 0.143245
vt 0.467300 0.141080
vt 0.467494 0.141098
vt 0.631411 0.405165
vt 0.631635 0.405187
vt 0.467620 0.138935
vt 0.467811 0.138972
vt 0.631719 0.403098
vt 0.631940 0.403141
vt 0.632232 0.401070
vt 0.632448 0.401135
vt 0.632940 0.399101
vt 0.633149 0.399186
vt 0.468151 0.136832
vt 0.468337 0.136886
vt 0.468887 0.134789
vt 0.469067 0.134860
vt 0.469822 0.132826
vt 0.469994 0.132914
vt 0.633842 0.397209
vt 0.634041 0.397315
vt 0.470946 0.130963
vt 0.471108 0.131067
vt 0.634925 0.395413
vt 0.635113 0.395537
vt 0.636182 0.393730
vt 0.636356 0.393872
vt 0.637598 0.392174
vt 0.637758 0.392333
vt 0.472250 0.129217
vt 0.472401 0.129336
vt 0.473721 0.127605
vt 0.473859 0.127737
vt 0.475346 0.126143
vt 0.475470 0.126288
vt 0.639163 0.390764
vt 0.639306 0.390938
vt 0.477108 0.124845
vt 0.477217 0.125001
vt 0.640861 0.389512
vt 0.640986 0.389699
vt 0.642676 0.388431
vt 0.642783 0.388630
vt 0.644590 0.387532
vt 0.644677 0.387739
vt 0.478991 0.123724
vt 0.479083 0.123890
vt 0.480977 0.122791
vt 0.481052 0.122964
vt 0.483046 0.122056
vt 0.483103 0.122236
vt 0.646584 0.386822
vt 0.646650 0.387037
vt 0.485179 0.121525
vt 0.485218 0.121709
vt 0.648641 0.386310
vt 0.648685 0.386530
vt 0.650738 0.386001
vt 0.650761 0.386225
vt 0.652856 0.385898
vt 0.652856 0.386123
vt 0.487355 0.121204
vt 0.487375 0.121392
vt 0.489553 0.121097
vt 0.489553 0.121285
vt 0.491750 0.121204
vt 0.491731 0.121392
vt 0.654974 0.386003
vt 0.654952 0.386227
vt 0.493926 0.121525
vt 0.493888 0.121709
vt 0.657072 0.386312
vt 0.657027 0.386533
vt 0.659128 0.386826
vt 0.659062 0.387041
vt 0.661121 0.387537
vt 0.661035 0.387744
vt 0.496059 0.122056
vt 0.496002 0.122236
vt 0.498129 0.122791
vt 0.498054 0.122965
vt 0.500115 0.123724
vt 0.500022 0.123890
vt 0.663035 0.388438
vt 0.662928 0.388636
vt 0.501998 0.124845
vt 0.501889 0.125001
vt 0.664850 0.389519
vt 0.664724 0.389706
vt 0.666547 0.390773
vt 0.666404 0.390946
vt 0.668111 0.392184
vt 0.667951 0.392342
vt 0.503760 0.126143
vt 0.503636 0.126288
vt 0.505384 0.127605
vt 0.505246 0.127738
vt 0.506855 0.129217
vt 0.506704 0.129336
vt 0.669527 0.393740
vt 0.669352 0.393882
vt 0.508159 0.130963
vt 0.507997 0.131067
vt 0.670783 0.395423
vt 0.670595 0.395548
vt 0.671864 0.397221
vt 0.671665 0.397326
vt 0.672765 0.399113
vt 0.672556 0.399198
vt 0.509283 0.132827
vt 0.509112 0.132915
vt 0.510218 0.134789
vt 0.510038 0.134860
vt 0.510954 0.136832
vt 0.510768 0.136886
vt 0.673473 0.401082
vt 0.673256 0.401147
vt 0.511485 0.138936
vt 0.511294 0.138972
vt 0.673984 0.403110
vt 0.673763 0.403154
vt 0.674291 0.405177
vt 0.674067 0.405199
vt 0.674394 0.407264
vt 0.674169 0.407264
vt 0.511805 0.141080
vt 0.511611 0.141099
vt 0.511912 0.143246
vt 0.511718 0.143246
vt 0.511805 0.145411
vt 0.511611 0.145392
vt 0.674290 0.409351
vt 0.674066 0.409329
vt 0.511485 0.147555
vt 0.511294 0.147519
vt 0.673982 0.411418
vt 0.673761 0.411374
vt 0.673470 0.413445
vt 0.673254 0.413380
vt 0.672762 0.415415
vt 0.672553 0.415329
vt 0.510954 0.149659
vt 0.510768 0.149605
vt 0.510218 0.151702
vt 0.510038 0.151631
vt 0.509283 0.153664
vt 0.509111 0.153576
vt 0.671860 0.417306
vt 0.671660 0.417200
vt 0.508159 0.155528
vt 0.507997 0.155424
vt 0.670777 0.419103
vt 0.670589 0.418978
vt 0.669520 0.420786
vt 0.669346 0.420643
vt 0.668104 0.422341
vt 0.667944 0.422182
vt 0.506855 0.157274
vt 0.506704 0.157155
vt 0.505384 0.158886
vt 0.505246 0.158753
vt 0.503759 0.160348
vt 0.503635 0.160203
vt 0.666539 0.423751
vt 0.666395 0.423577
vt 0.501997 0.161646
vt 0.501888 0.161490
vt 0.664841 0.425003
vt 0.664715 0.424816
vt 0.663025 0.426084
vt 0.662918 0.425885
vt 0.500114 0.162767
vt 0.500022 0.162601
vt 0.503078 0.126937
vt 0.501400 0.125700
vt 0.500203 0.127411
vt 0.499607 0.124632
vt 0.498590 0.126448
vt 0.497716 0.123742
vt 0.496890 0.125647
vt 0.495746 0.123042
vt 0.495119 0.125015
vt 0.493715 0.122536
vt 0.493294 0.124560
vt 0.491644 0.122231
vt 0.491432 0.124285
vt 0.489553 0.122128
vt 0.489553 0.124192
vt 0.487461 0.122231
vt 0.487673 0.124285
vt 0.485390 0.122536
vt 0.485811 0.124560
vt 0.483359 0.123042
vt 0.483986 0.125015
vt 0.481389 0.123742
vt 0.482215 0.125646
vt 0.479499 0.124631
vt 0.480515 0.126448
vt 0.477706 0.125699
vt 0.478903 0.127410
vt 0.476028 0.126937
vt 0.648628 0.428202
vt 0.648672 0.427981
vt 0.652839 0.439797
vt 0.649632 0.439641
vt 0.656046 0.439642
vt 0.652839 0.441440
vt 0.649472 0.441263
vt 0.656206 0.441265
vt 0.659225 0.439174
vt 0.659543 0.440776
vt 0.662341 0.438397
vt 0.662814 0.439961
vt 0.665365 0.437321
vt 0.665989 0.438831
vt 0.668269 0.435955
vt 0.669037 0.437397
vt 0.671023 0.434312
vt 0.671928 0.435672
vt 0.673602 0.432409
vt 0.674636 0.433674
vt 0.675396 0.434604
vt 0.672594 0.436672
vt 0.676005 0.435351
vt 0.673127 0.437475
vt 0.670054 0.439308
vt 0.669601 0.438457
vt 0.666814 0.440833
vt 0.666447 0.439942
vt 0.663439 0.442035
vt 0.663161 0.441112
vt 0.659963 0.442900
vt 0.659776 0.441954
vt 0.656417 0.443417
vt 0.656324 0.442458
vt 0.652837 0.443612
vt 0.652839 0.442647
vt 0.649353 0.442456
vt 0.649257 0.443415
vt 0.649162 0.444368
vt 0.649053 0.445462
vt 0.645711 0.442894
vt 0.642235 0.442026
vt 0.645900 0.441949
vt 0.642516 0.441104
vt 0.638861 0.440823
vt 0.639231 0.439932
vt 0.635623 0.439295
vt 0.636078 0.438446
vt 0.632551 0.437460
vt 0.633086 0.436659
vt 0.629674 0.435334
vt 0.630286 0.434588
vt 0.627020 0.432939
vt 0.627702 0.432256
vt 0.624621 0.430291
vt 0.625364 0.429681
vt 0.622487 0.427427
vt 0.623288 0.426892
vt 0.620648 0.424368
vt 0.621497 0.423914
vt 0.619119 0.421144
vt 0.620008 0.420776
vt 0.617914 0.417788
vt 0.618836 0.417508
vt 0.617047 0.414330
vt 0.617992 0.414142
vt 0.616523 0.410804
vt 0.617484 0.410711
vt 0.616350 0.407244
vt 0.617309 0.407245
vt 0.616525 0.403684
vt 0.617485 0.403780
vt 0.617052 0.400159
vt 0.617997 0.400349
vt 0.617923 0.396702
vt 0.618844 0.396983
vt 0.619130 0.393346
vt 0.620019 0.393717
vt 0.620661 0.390123
vt 0.621509 0.390580
vt 0.622503 0.387066
vt 0.623303 0.387603
vt 0.624639 0.384204
vt 0.625381 0.384816
vt 0.627040 0.381557
vt 0.627721 0.382242
vt 0.629696 0.379165
vt 0.630305 0.379911
vt 0.632574 0.377041
vt 0.633107 0.377843
vt 0.635647 0.375207
vt 0.636099 0.376058
vt 0.638886 0.373682
vt 0.639253 0.374573
vt 0.642261 0.372480
vt 0.642539 0.373403
vt 0.645737 0.371615
vt 0.645924 0.372561
vt 0.649283 0.371097
vt 0.649376 0.372057
vt 0.652863 0.370903
vt 0.652861 0.371868
vt 0.656443 0.371100
vt 0.656347 0.372059
vt 0.659989 0.371621
vt 0.659799 0.372566
vt 0.663465 0.372488
vt 0.663184 0.373410
vt 0.666838 0.373692
vt 0.666468 0.374583
vt 0.670076 0.375219
vt 0.669622 0.376069
vt 0.673148 0.377055
vt 0.672613 0.377856
vt 0.676025 0.379181
vt 0.675413 0.379927
vt 0.678679 0.381576
vt 0.677996 0.382259
vt 0.681078 0.384224
vt 0.680335 0.384834
vt 0.683212 0.387088
vt 0.682411 0.387623
vt 0.685051 0.390147
vt 0.684201 0.390601
vt 0.686580 0.393370
vt 0.685691 0.393738
vt 0.687785 0.396727
vt 0.686863 0.397006
vt 0.688653 0.400184
vt 0.687708 0.400372
vt 0.689177 0.403710
vt 0.688217 0.403803
vt 0.689351 0.407270
vt 0.688392 0.407269
vt 0.689175 0.410830
vt 0.688215 0.410735
vt 0.688649 0.414356
vt 0.687705 0.414166
vt 0.687778 0.417813
vt 0.686857 0.417531
vt 0.686571 0.421169
vt 0.685683 0.420798
vt 0.684574 0.420337
vt 0.685708 0.417181
vt 0.683066 0.419710
vt 0.684147 0.416705
vt 0.684926 0.413610
vt 0.686527 0.413930
vt 0.685396 0.410453
vt 0.687020 0.410615
vt 0.685559 0.407268
vt 0.687194 0.407268
vt 0.683822 0.407268
vt 0.685397 0.404082
vt 0.687021 0.403921
vt 0.684929 0.400925
vt 0.686530 0.400606
vt 0.684152 0.397830
vt 0.685714 0.397355
vt 0.683073 0.394825
vt 0.684581 0.394198
vt 0.681704 0.391939
vt 0.683143 0.391168
vt 0.680056 0.389200
vt 0.681413 0.388291
vt 0.678612 0.390167
vt 0.678146 0.386634
vt 0.679407 0.385596
vt 0.675993 0.384266
vt 0.677147 0.383110
vt 0.673617 0.382120
vt 0.674651 0.380856
vt 0.671040 0.380215
vt 0.671946 0.378856
vt 0.668287 0.378570
vt 0.669055 0.377129
vt 0.665384 0.377202
vt 0.666009 0.375692
vt 0.664721 0.378809
vt 0.662361 0.376124
vt 0.662835 0.374560
vt 0.659246 0.375345
vt 0.659564 0.373743
vt 0.656068 0.374874
vt 0.656228 0.373252
vt 0.652860 0.374718
vt 0.652861 0.373075
vt 0.649654 0.374872
vt 0.649494 0.373250
vt 0.646475 0.375341
vt 0.646157 0.373739
vt 0.646813 0.377046
vt 0.643359 0.376118
vt 0.642886 0.374554
vt 0.640335 0.377194
vt 0.639711 0.375684
vt 0.637432 0.378561
vt 0.636664 0.377119
vt 0.634678 0.380203
vt 0.633773 0.378844
vt 0.632099 0.382107
vt 0.631065 0.380842
vt 0.629722 0.384251
vt 0.628569 0.383094
vt 0.630948 0.385483
vt 0.627567 0.386618
vt 0.626307 0.385580
vt 0.625656 0.389182
vt 0.624299 0.388273
vt 0.624007 0.391920
vt 0.622567 0.391148
vt 0.622635 0.394805
vt 0.621128 0.394178
vt 0.621555 0.397810
vt 0.619993 0.397334
vt 0.620775 0.400905
vt 0.619174 0.400584
vt 0.622479 0.401245
vt 0.620305 0.404061
vt 0.618681 0.403899
vt 0.620142 0.407247
vt 0.618507 0.407246
vt 0.620304 0.410432
vt 0.618679 0.410593
vt 0.620771 0.413589
vt 0.619170 0.413908
vt 0.621548 0.416685
vt 0.619986 0.417160
vt 0.622626 0.419690
vt 0.621118 0.420316
vt 0.624231 0.419024
vt 0.623995 0.422576
vt 0.622556 0.423347
vt 0.625643 0.425315
vt 0.624286 0.426224
vt 0.627552 0.427881
vt 0.626291 0.428918
vt 0.629706 0.430249
vt 0.628552 0.431405
vt 0.632082 0.432395
vt 0.631048 0.433659
vt 0.634659 0.434300
vt 0.633753 0.435659
vt 0.635623 0.432853
vt 0.637413 0.435944
vt 0.636644 0.437386
vt 0.640315 0.437313
vt 0.639691 0.438822
vt 0.643338 0.438391
vt 0.642864 0.439955
vt 0.646453 0.439169
vt 0.646135 0.440771
vt 0.691075 0.157715
vt 0.689714 0.155898
vt 0.688540 0.153957
vt 0.687563 0.151913
vt 0.686793 0.149785
vt 0.686237 0.147592
vt 0.685900 0.145357
vt 0.685785 0.143099
vt 0.685894 0.140842
vt 0.686225 0.138605
vt 0.686775 0.136411
vt 0.687539 0.134281
vt 0.688511 0.132234
vt 0.689680 0.130290
vt 0.691036 0.128470
vt 0.692566 0.126788
vt 0.694256 0.125264
vt 0.696089 0.123910
vt 0.698048 0.122740
vt 0.700114 0.121766
vt 0.702267 0.120998
vt 0.704485 0.120443
vt 0.706749 0.120107
vt 0.709035 0.119992
vt 0.711321 0.120101
vt 0.713585 0.120431
vt 0.715806 0.120980
vt 0.717961 0.121743
vt 0.720029 0.122711
vt 0.721991 0.123875
vt 0.723827 0.125224
vt 0.725521 0.126744
vt 0.727056 0.128422
vt 0.728417 0.130239
vt 0.729591 0.132179
vt 0.730568 0.134223
vt 0.731338 0.136352
vt 0.731894 0.138544
vt 0.732231 0.140780
vt 0.732346 0.143037
vt 0.732237 0.145295
vt 0.731907 0.147531
vt 0.731356 0.149725
vt 0.730592 0.151856
vt 0.729620 0.153903
vt 0.728451 0.155846
vt 0.727095 0.157667
vt 0.725565 0.159348
vt 0.723875 0.160873
vt 0.722042 0.162227
vt 0.720083 0.163396
vt 0.421072 0.018572
vt 0.421071 0.018356
vt 0.419968 0.018579
vt 0.419967 0.018364
vt 0.421055 0.016024
vt 0.419951 0.016032
vt 0.418863 0.018371
vt 0.418848 0.016039
vt 0.418864 0.018586
vt 0.417759 0.018378
vt 0.417744 0.016046
vt 0.417760 0.018593
vt 0.416655 0.018385
vt 0.416640 0.016053
vt 0.416656 0.018600
vt 0.415551 0.018392
vt 0.415536 0.016060
vt 0.415552 0.018608
vt 0.414447 0.018399
vt 0.414432 0.016067
vt 0.414448 0.018615
vt 0.413343 0.018407
vt 0.413328 0.016075
vt 0.413345 0.018622
vt 0.412240 0.018414
vt 0.412224 0.016082
vt 0.412241 0.018629
vt 0.411136 0.018421
vt 0.411120 0.016089
vt 0.411137 0.018637
vt 0.410032 0.018429
vt 0.410016 0.016097
vt 0.410033 0.018644
vt 0.408928 0.018436
vt 0.408912 0.016104
vt 0.408929 0.018652
vt 0.407824 0.018444
vt 0.407808 0.016112
vt 0.407826 0.018659
vt 0.406720 0.018451
vt 0.406704 0.016119
vt 0.406722 0.018666
vt 0.405616 0.018458
vt 0.405600 0.016127
vt 0.405618 0.018674
vt 0.404512 0.018466
vt 0.404496 0.016134
vt 0.404514 0.018681
vt 0.403408 0.018474
vt 0.403393 0.016142
vt 0.403411 0.018689
vt 0.402305 0.018481
vt 0.402289 0.016149
vt 0.402307 0.018696
vt 0.401201 0.018489
vt 0.401185 0.016157
vt 0.401203 0.018704
vt 0.400097 0.018496
vt 0.400081 0.016164
vt 0.400099 0.018712
vt 0.398993 0.018504
vt 0.398977 0.016172
vt 0.398995 0.018719
vt 0.397889 0.018512
vt 0.397873 0.016180
vt 0.397891 0.018727
vt 0.396786 0.018519
vt 0.396769 0.016187
vt 0.396788 0.018735
vt 0.395682 0.018527
vt 0.395665 0.016195
vt 0.395684 0.018742
vt 0.394578 0.018535
vt 0.394561 0.016203
vt 0.394580 0.018750
vt 0.393474 0.018543
vt 0.393458 0.016211
vt 0.393476 0.018758
vt 0.392370 0.018551
vt 0.392354 0.016219
vt 0.392372 0.018766
vt 0.391267 0.018559
vt 0.391250 0.016227
vt 0.391268 0.018774
vt 0.390163 0.018567
vt 0.390146 0.016235
vt 0.390164 0.018782
vt 0.389059 0.018575
vt 0.389042 0.016243
vt 0.389061 0.018790
vt 0.387956 0.018583
vt 0.387939 0.016251
vt 0.387957 0.018798
vt 0.386852 0.018591
vt 0.386835 0.016259
vt 0.386853 0.018806
vt 0.385749 0.018599
vt 0.385731 0.016267
vt 0.385750 0.018814
vt 0.384645 0.018608
vt 0.384627 0.016276
vt 0.384646 0.018823
vt 0.383541 0.018616
vt 0.383524 0.016284
vt 0.383542 0.018831
vt 0.382438 0.018624
vt 0.382420 0.016292
vt 0.382439 0.018840
vt 0.381334 0.018633
vt 0.381316 0.016301
vt 0.381335 0.018848
vt 0.380231 0.018641
vt 0.380212 0.016310
vt 0.380232 0.018857
vt 0.379127 0.018650
vt 0.379109 0.016318
vt 0.379128 0.018866
vt 0.378024 0.018659
vt 0.378005 0.016327
vt 0.378025 0.018874
vt 0.376920 0.018668
vt 0.376901 0.016336
vt 0.376922 0.018883
vt 0.375817 0.018677
vt 0.375798 0.016345
vt 0.375818 0.018892
vt 0.374713 0.018686
vt 0.374694 0.016354
vt 0.374715 0.018901
vt 0.373610 0.018695
vt 0.373590 0.016363
vt 0.373612 0.018910
vt 0.372506 0.018704
vt 0.372487 0.016372
vt 0.372508 0.018919
vt 0.371403 0.018713
vt 0.371383 0.016381
vt 0.371405 0.018929
vt 0.370299 0.018723
vt 0.370279 0.016391
vt 0.370302 0.018938
vt 0.369196 0.018732
vt 0.369176 0.016400
vt 0.369198 0.018948
vt 0.368092 0.018742
vt 0.368072 0.016410
vt 0.368095 0.018957
vt 0.366989 0.018751
vt 0.366968 0.016419
vt 0.366991 0.018967
vt 0.365885 0.018761
vt 0.365865 0.016429
vt 0.365888 0.018976
vt 0.364781 0.018771
vt 0.364761 0.016439
vt 0.364784 0.018986
vt 0.363678 0.018781
vt 0.363657 0.016449
vt 0.363680 0.018996
vt 0.362574 0.018791
vt 0.362553 0.016459
vt 0.362577 0.019006
vt 0.363601 0.010011
vt 0.362497 0.010021
vt 0.364705 0.010001
vt 0.365809 0.009991
vt 0.366913 0.009981
vt 0.368017 0.009972
vt 0.369121 0.009962
vt 0.370225 0.009953
vt 0.371329 0.009943
vt 0.372433 0.009934
vt 0.373537 0.009925
vt 0.374641 0.009916
vt 0.375745 0.009907
vt 0.376849 0.009898
vt 0.377954 0.009889
vt 0.379058 0.009880
vt 0.380162 0.009872
vt 0.381266 0.009863
vt 0.382370 0.009855
vt 0.383474 0.009846
vt 0.384578 0.009838
vt 0.385682 0.009829
vt 0.386786 0.009821
vt 0.387891 0.009813
vt 0.388995 0.009805
vt 0.390099 0.009797
vt 0.391203 0.009789
vt 0.392307 0.009781
vt 0.393411 0.009773
vt 0.394515 0.009765
vt 0.395619 0.009757
vt 0.396724 0.009750
vt 0.397828 0.009742
vt 0.398932 0.009734
vt 0.400036 0.009726
vt 0.401140 0.009719
vt 0.402244 0.009711
vt 0.403348 0.009704
vt 0.404452 0.009696
vt 0.405556 0.009688
vt 0.406661 0.009681
vt 0.407765 0.009674
vt 0.408869 0.009666
vt 0.409973 0.009659
vt 0.411077 0.009651
vt 0.412181 0.009644
vt 0.413285 0.009637
vt 0.414389 0.009629
vt 0.415493 0.009622
vt 0.416597 0.009615
vt 0.417701 0.009608
vt 0.418805 0.009600
vt 0.419909 0.009593
s 1
f 2/1/2 1/2/1 4/3/4 208/4/208
f 1/2/1 2/1/2 458/5/458 3/6/3
f 5/7/5 1/2/1 3/6/3 7/8/7
f 1/2/1 5/7/5 8/9/8 4/3/4
f 5/7/5 6/10/6 10/11/10 8/9/8
f 6/10/6 5/7/5 7/8/7 19/12/19
f 9/13/9 205/14/205 4/3/4 8/9/8
f 11/15/11 9/13/9 8/9/8 10/11/10
f 13/16/13 11/15/11 10/11/10 12/17/12
f 6/10/6 15/18/15 12/17/12 10/11/10
f 960/19/960 13/16/13 12/17/12 14/20/14
f 15/18/15 16/21/16 14/20/14 12/17/12
f 16/21/16 15/18/15 17/22/17 18/23/18
f 15/18/15 6/10/6 19/12/19 17/22/17
f 20/24/20 22/25/22 18/23/18 17/22/17
f 21/26/21 20/24/20 17/22/17 19/12/19
f 20/24/20 21/26/21 25/27/25 23/28/23
f 22/25/22 20/24/20 23/28/23 24/29/24
f 26/30/26 28/31/28 24/29/24 23/28/23
f 27/32/27 26/30/26 23/28/23 25/27/25
f 26/30/26 27/32/27 31/33/31 29/34/29
f 28/31/28 26/30/26 29/34/29 30/35/30
f 32/36/32 34/37/34 30/35/30 29/34/29
f 33/38/33 32/36/32 29/34/29 31/33/31
f 32/36/32 33/38/33 37/39/37 35/40/35
f 34/37/34 32/36/32 35/40/35 36/41/36
f 38/42/38 40/43/40 36/41/36 35/40/35
f 39/44/39 38/42/38 35/40/35 37/39/37
f 38/42/38 39/44/39 43/45/43 41/46/41
f 40/43/40 38/42/38 41/46/41 42/47/42
f 44/48/44 46/49/46 42/47/42 41/46/41
f 45/50/45 44/48/44 41/46/41 43/45/43
f 44/48/44 45/50/45 49/51/49 47/52/47
f 46/49/46 44/48/44 47/52/47 48/53/48
f 50/54/50 52/55/52 48/53/48 47/52/47
f 51/56/51 50/54/50 47/52/47 49/51/49
f 50/54/50 51/56/51 55/57/55 53/58/53
f 52/55/52 50/54/50 53/58/53 54/59/54
f 56/60/56 58/61/58 54/59/54 53/58/53
f 57/62/57 56/60/56 53/58/53 55/57/55
f 56/60/56 57/62/57 61/63/61 59/64/59
f 58/61/58 56/60/56 59/64/59 60/65/60
f 62/66/62 64/67/64 60/65/60 59/64/59
f 63/68/63 62/66/62 59/64/59 61/63/61
f 62/66/62 63/68/63 67/69/67 65/70/65
f 64/67/64 62/66/62 65/70/65 66/71/66
f 68/72/68 70/73/70 66/71/66 65/70/65
f 69/74/69 68/72/68 65/70/65 67/69/67
f 68/72/68 69/74/69 73/75/73 71/76/71
f 70/73/70 68/72/68 71/76/71 72/77/72
f 74/78/74 76/79/76 72/77/72 71/76/71
f 75/80/75 74/78/74 71/76/71 73/75/73
f 74/78/74 75/80/75 79/81/79 77/82/77
f 76/79/76 74/78/74 77/82/77 78/83/78
f 80/84/80 82/85/82 78/83/78 77/82/77
f 81/86/81 80/84/80 77/82/77 79/81/79
f 80/84/80 81/86/81 85/87/85 83/88/83
f 82/85/82 80/84/80 83/88/83 84/89/84
f 86/90/86 88/91/88 84/89/84 83/88/83
f 87/92/87 86/90/86 83/88/83 85/87/85
f 86/90/86 87/92/87 91/93/91 89/94/89
f 88/91/88 86/90/86 89/94/89 90/95/90
f 92/96/92 94/97/94 90/95/90 89/94/89
f 93/98/93 92/96/92 89/94/89 91/93/91
f 92/96/92 93/98/93 97/99/97 95/100/95
f 94/97/94 92/96/92 95/100/95 96/101/96
f 98/102/98 100/103/100 96/101/96 95/100/95
f 99/104/99 98/102/98 95/100/95 97/99/97
f 98/102/98 99/104/99 103/105/103 101/106/101
f 100/103/100 98/102/98 101/106/101 102/107/102
f 104/108/104 106/109/106 102/107/102 101/106/101
f 105/110/105 104/108/104 101/106/101 103/105/103
f 104/108/104 105/110/105 109/111/109 107/112/107
f 106/109/106 104/108/104 107/112/107 108/113/108
f 110/114/110 112/115/112 108/113/108 107/112/107
f 111/116/111 110/114/110 107/112/107 109/111/109
f 110/114/110 111/116/111 115/117/115 113/118/113
f 112/115/112 110/114/110 113/118/113 114/119/114
f 116/120/116 118/121/118 114/119/114 113/118/113
f 117/122/117 116/120/116 113/118/113 115/117/115
f 116/120/116 117/122/117 121/123/121 119/124/119
f 118/121/118 116/120/116 119/124/119 120/125/120
f 122/126/122 124/127/124 120/125/120 119/124/119
f 123/128/123 122/126/122 119/124/119 121/123/121
f 122/126/122 123/128/123 127/129/127 125/130/125
f 124/127/124 122/126/122 125/130/125 126/131/126
f 128/132/128 130/133/130 126/131/126 125/130/125
f 129/134/129 128/132/128 125/130/125 127/129/127
f 128/132/128 129/134/129 133/135/133 131/136/131
f 130/133/130 128/132/128 131/136/131 132/137/132
f 134/138/134 136/139/136 132/137/132 131/136/131
f 135/140/135 134/138/134 131/136/131 133/135/133
f 134/138/134 135/140/135 139/141/139 137/142/137
f 136/139/136 134/138/134 137/142/137 138/143/138
f 140/144/140 142/145/142 138/143/138 137/142/137
f 141/146/141 140/144/140 137/142/137 139/141/139
f 140/144/140 141/146/141 145/147/145 143/148/143
f 142/145/142 140/144/140 143/148/143 144/149/144
f 146/150/146 148/151/148 144/149/144 143/148/143
f 147/152/147 146/150/146 143/148/143 145/147/145
f 146/150/146 147/152/147 151/153/151 149/154/149
f 148/151/148 146/150/146 149/154/149 150/155/150
f 152/156/152 154/157/154 150/155/150 149/154/149
f 153/158/153 152/156/152 149/154/149 151/153/151
f 152/156/152 153/158/153 157/159/157 155/160/155
f 154/157/154 152/156/152 155/160/155 156/161/156
f 158/162/158 160/163/160 156/161/156 155/160/155
f 159/164/159 158/162/158 155/160/155 157/159/157
f 158/162/158 159/164/159 163/165/163 161/166/161
f 160/163/160 158/162/158 161/166/161 162/167/162
f 164/168/164 166/169/166 162/167/162 161/166/161
f 165/170/165 164/168/164 161/166/161 163/165/163
f 164/168/164 165/170/165 169/171/169 167/172/167
f 166/169/166 164/168/164 167/172/167 168/173/168
f 170/174/170 172/175/172 168/173/168 167/172/167
f 171/176/171 170/174/170 167/172/167 169/171/169
f 170/174/170 171/176/171 175/177/175 173/178/173
f 172/175/172 170/174/170 173/178/173 174/179/174
f 176/180/176 178/181/178 174/179/174 173/178/173
f 177/182/177 176/180/176 173/178/173 175/177/175
f 176/180/176 177/182/177 181/183/181 179/184/179
f 178/181/178 176/180/176 179/184/179 180/185/180
f 182/186/182 184/187/184 180/185/180 179/184/179
f 183/188/183 182/186/182 179/184/179 181/183/181
f 182/186/182 183/188/183 187/189/187 185/190/185
f 184/187/184 182/186/182 185/190/185 186/191/186
f 188/192/188 190/193/190 186/191/186 185/190/185
f 189/194/189 188/192/188 185/190/185 187/189/187
f 188/192/188 189/194/189 193/195/193 191/196/191
f 190/193/190 188/192/188 191/196/191 192/197/192
f 194/198/194 196/199/196 192/197/192 191/196/191
f 195/200/195 194/198/194 191/196/191 193/195/193
f 194/198/194 195/200/195 199/201/199 197/202/197
f 196/199/196 194/198/194 197/202/197 198/203/198
f 13/16/13 960/19/960 198/203/198 197/202/197
f 11/15/11 13/16/13 197/202/197 199/201/199
f 195/200/195 201/204/201 200/205/200 199/201/199
f 9/13/9 11/15/11 199/201/199 200/205/200
f 201/204/201 204/206/204 202/207/202 200/205/200
f 205/14/205 9/13/9 200/205/200 202/207/202
f 206/208/206 205/14/205 202/207/202 203/209/203
f 204/206/204 259/210/259 203/209/203 202/207/202
f 205/14/205 206/208/206 208/4/208 4/3/4
f 206/208/206 207/211/207 209/212/209 208/4/208
f 207/211/207 206/208/206 203/209/203 257/213/257
f 210/214/210 2/1/2 208/4/208 209/212/209
f 207/211/207 212/215/212 211/216/211 209/212/209
f 214/217/214 210/214/210 209/212/209 211/216/211
f 212/215/212 255/218/255 213/219/213 211/216/211
f 216/220/216 214/217/214 211/216/211 213/219/213
f 210/214/210 214/217/214 215/221/215 459/222/459
f 214/217/214 216/220/216 217/223/217 215/221/215
f 216/220/216 218/224/218 219/225/219 217/223/217
f 218/224/218 216/220/216 213/219/213 221/226/221
f 218/224/218 220/227/220 946/228/946 219/225/219
f 220/227/220 218/224/218 221/226/221 223/229/223
f 222/230/222 224/231/224 223/229/223 221/226/221
f 255/218/255 222/230/222 221/226/221 213/219/213
f 224/231/224 226/232/226 225/233/225 223/229/223
f 228/234/228 220/227/220 223/229/223 225/233/225
f 226/232/226 246/235/246 227/236/227 225/233/225
f 230/237/230 228/234/228 225/233/225 227/236/227
f 220/227/220 228/234/228 229/238/229 946/228/946
f 228/234/228 230/237/230 231/239/231 229/238/229
f 230/237/230 232/240/232 233/241/233 231/239/231
f 232/240/232 230/237/230 227/236/227 235/242/235
f 232/240/232 234/243/234 945/244/945 233/241/233
f 234/243/234 232/240/232 235/242/235 237/245/237
f 236/246/236 238/247/238 237/245/237 235/242/235
f 246/235/246 236/246/236 235/242/235 227/236/227
f 238/247/238 236/246/236 241/248/241 239/249/239
f 242/250/242 240/251/240 239/249/239 241/248/241
f 244/252/244 242/250/242 241/248/241 243/253/243
f 236/246/236 246/235/246 243/253/243 241/248/241
f 247/254/247 244/252/244 243/253/243 245/255/245
f 246/235/246 226/232/226 245/255/245 243/253/243
f 249/256/249 247/254/247 245/255/245 248/257/248
f 226/232/226 224/231/224 248/257/248 245/255/245
f 251/258/251 249/256/249 248/257/248 250/259/250
f 224/231/224 222/230/222 250/259/250 248/257/248
f 253/260/253 251/258/251 250/259/250 252/261/252
f 222/230/222 255/218/255 252/261/252 250/259/250
f 256/262/256 253/260/253 252/261/252 254/263/254
f 255/218/255 212/215/212 254/263/254 252/261/252
f 258/264/258 256/262/256 254/263/254 257/213/257
f 212/215/212 207/211/207 257/213/257 254/263/254
f 259/210/259 258/264/258 257/213/257 203/209/203
f 258/264/258 259/210/259 262/265/262 260/266/260
f 256/262/256 258/264/258 260/266/260 263/267/263
f 261/268/261 264/269/264 263/267/263 260/266/260
f 300/270/300 261/268/261 260/266/260 262/265/262
f 264/269/264 266/271/266 265/272/265 263/267/263
f 253/260/253 256/262/256 263/267/263 265/272/265
f 266/271/266 268/273/268 267/274/267 265/272/265
f 251/258/251 253/260/253 265/272/265 267/274/267
f 268/273/268 270/275/270 269/276/269 267/274/267
f 249/256/249 251/258/251 267/274/267 269/276/269
f 270/275/270 272/277/272 271/278/271 269/276/269
f 247/254/247 249/256/249 269/276/269 271/278/271
f 272/277/272 274/279/274 273/280/273 271/278/271
f 244/252/244 247/254/247 271/278/271 273/280/273
f 274/279/274 276/281/276 275/282/275 273/280/273
f 242/250/242 244/252/244 273/280/273 275/282/275
f 276/281/276 278/283/278 277/284/277 275/282/275
f 240/251/240 242/250/242 275/282/275 277/284/277
f 278/283/278 276/281/276 281/285/281 279/286/279
f 282/287/282 280/288/280 279/286/279 281/285/281
f 284/289/284 282/287/282 281/285/281 283/290/283
f 276/281/276 274/279/274 283/290/283 281/285/281
f 286/291/286 284/289/284 283/290/283 285/292/285
f 274/279/274 272/277/272 285/292/285 283/290/283
f 288/293/288 286/291/286 285/292/285 287/294/287
f 272/277/272 270/275/270 287/294/287 285/292/285
f 290/295/290 288/293/288 287/294/287 289/296/289
f 270/275/270 268/273/268 289/296/289 287/294/287
f 292/297/292 290/295/290 289/296/289 291/298/291
f 268/273/268 266/271/266 291/298/291 289/296/289
f 294/299/294 292/297/292 291/298/291 293/300/293
f 266/271/266 264/269/264 293/300/293 291/298/291
f 296/301/296 294/299/294 293/300/293 295/302/295
f 264/269/264 261/268/261 295/302/295 293/300/293
f 298/303/298 296/301/296 295/302/295 297/304/297
f 261/268/261 300/270/300 297/304/297 295/302/295
f 307/305/307 298/303/298 297/304/297 299/306/299
f 300/270/300 301/307/301 299/306/299 297/304/297
f 301/307/301 300/270/300 262/265/262 302/308/302
f 301/307/301 303/309/303 304/310/304 299/306/299
f 303/309/303 301/307/301 302/308/302 305/311/305
f 303/309/303 189/194/189 187/189/187 304/310/304
f 189/194/189 303/309/303 305/311/305 193/195/193
f 201/204/201 195/200/195 193/195/193 305/311/305
f 204/206/204 201/204/201 305/311/305 302/308/302
f 306/312/306 307/305/307 299/306/299 304/310/304
f 183/188/183 306/312/306 304/310/304 187/189/187
f 307/305/307 306/312/306 308/313/308 310/314/310
f 306/312/306 183/188/183 181/183/181 308/313/308
f 309/315/309 312/316/312 310/314/310 308/313/308
f 177/182/177 309/315/309 308/313/308 181/183/181
f 298/303/298 307/305/307 310/314/310 311/317/311
f 312/316/312 313/318/313 311/317/311 310/314/310
f 313/318/313 312/316/312 314/319/314 315/320/315
f 312/316/312 309/315/309 317/321/317 314/319/314
f 316/322/316 947/323/947 315/320/315 314/319/314
f 318/324/318 316/322/316 314/319/314 317/321/317
f 171/176/171 318/324/318 317/321/317 175/177/175
f 309/315/309 177/182/177 175/177/175 317/321/317
f 316/322/316 318/324/318 319/325/319 321/326/321
f 318/324/318 171/176/171 169/171/169 319/325/319
f 320/327/320 323/328/323 321/326/321 319/325/319
f 165/170/165 320/327/320 319/325/319 169/171/169
f 947/323/947 316/322/316 321/326/321 322/329/322
f 323/328/323 324/330/324 322/329/322 321/326/321
f 324/330/324 323/328/323 325/331/325 326/332/326
f 323/328/323 320/327/320 328/333/328 325/331/325
f 327/334/327 948/335/948 326/332/326 325/331/325
f 329/336/329 327/334/327 325/331/325 328/333/328
f 159/164/159 329/336/329 328/333/328 163/165/163
f 320/327/320 165/170/165 163/165/163 328/333/328
f 327/334/327 329/336/329 330/337/330 332/338/332
f 329/336/329 159/164/159 157/159/157 330/337/330
f 331/339/331 334/340/334 332/338/332 330/337/330
f 153/158/153 331/339/331 330/337/330 157/159/157
f 948/335/948 327/334/327 332/338/332 333/341/333
f 334/340/334 335/342/335 333/341/333 332/338/332
f 335/342/335 334/340/334 336/343/336 337/344/337
f 334/340/334 331/339/331 339/345/339 336/343/336
f 338/346/338 949/347/949 337/344/337 336/343/336
f 340/348/340 338/346/338 336/343/336 339/345/339
f 147/152/147 340/348/340 339/345/339 151/153/151
f 331/339/331 153/158/153 151/153/151 339/345/339
f 338/346/338 340/348/340 341/349/341 343/350/343
f 340/348/340 147/152/147 145/147/145 341/349/341
f 342/351/342 345/352/345 343/350/343 341/349/341
f 141/146/141 342/351/342 341/349/341 145/147/145
f 949/347/949 338/346/338 343/350/343 344/353/344
f 345/352/345 346/354/346 344/353/344 343/350/343
f 346/354/346 345/352/345 347/355/347 348/356/348
f 345/352/345 342/351/342 350/357/350 347/355/347
f 349/358/349 950/359/950 348/356/348 347/355/347
f 351/360/351 349/358/349 347/355/347 350/357/350
f 135/140/135 351/360/351 350/357/350 139/141/139
f 342/351/342 141/146/141 139/141/139 350/357/350
f 349/358/349 351/360/351 352/361/352 354/362/354
f 351/360/351 135/140/135 133/135/133 352/361/352
f 353/363/353 356/364/356 354/362/354 352/361/352
f 129/134/129 353/363/353 352/361/352 133/135/133
f 950/359/950 349/358/349 354/362/354 355/365/355
f 356/364/356 357/366/357 355/365/355 354/362/354
f 357/366/357 356/364/356 358/367/358 359/368/359
f 356/364/356 353/363/353 361/369/361 358/367/358
f 360/370/360 951/371/951 359/368/359 358/367/358
f 362/372/362 360/370/360 358/367/358 361/369/361
f 123/128/123 362/372/362 361/369/361 127/129/127
f 353/363/353 129/134/129 127/129/127 361/369/361
f 360/370/360 362/372/362 363/373/363 365/374/365
f 362/372/362 123/128/123 121/123/121 363/373/363
f 364/375/364 367/376/367 365/374/365 363/373/363
f 117/122/117 364/375/364 363/373/363 121/123/121
f 951/371/951 360/370/360 365/374/365 366/377/366
f 367/376/367 368/378/368 366/377/366 365/374/365
f 368/378/368 367/376/367 369/379/369 370/380/370
f 367/376/367 364/375/364 372/381/372 369/379/369
f 371/382/371 952/383/952 370/380/370 369/379/369
f 373/384/373 371/382/371 369/379/369 372/381/372
f 111/116/111 373/384/373 372/381/372 115/117/115
f 364/375/364 117/122/117 115/117/115 372/381/372
f 371/382/371 373/384/373 374/385/374 376/386/376
f 373/384/373 111/116/111 109/111/109 374/385/374
f 375/387/375 378/388/378 376/386/376 374/385/374
f 105/110/105 375/387/375 374/385/374 109/111/109
f 952/383/952 371/382/371 376/386/376 377/389/377
f 378/388/378 379/390/379 377/389/377 376/386/376
f 379/390/379 378/388/378 380/391/380 381/392/381
f 378/388/378 375/387/375 383/393/383 380/391/380
f 382/394/382 953/395/953 381/392/381 380/391/380
f 384/396/384 382/394/382 380/391/380 383/393/383
f 99/104/99 384/396/384 383/393/383 103/105/103
f 375/387/375 105/110/105 103/105/103 383/393/383
f 382/394/382 384/396/384 385/397/385 387/398/387
f 384/396/384 99/104/99 97/99/97 385/397/385
f 386/399/386 389/400/389 387/398/387 385/397/385
f 93/98/93 386/399/386 385/397/385 97/99/97
f 953/395/953 382/394/382 387/398/387 388/401/388
f 389/400/389 390/402/390 388/401/388 387/398/387
f 390/402/390 389/400/389 391/403/391 392/404/392
f 389/400/389 386/399/386 394/405/394 391/403/391
f 393/406/393 954/407/954 392/404/392 391/403/391
f 395/408/395 393/406/393 391/403/391 394/405/394
f 87/92/87 395/408/395 394/405/394 91/93/91
f 386/399/386 93/98/93 91/93/91 394/405/394
f 393/406/393 395/408/395 396/409/396 398/410/398
f 395/408/395 87/92/87 85/87/85 396/409/396
f 397/411/397 400/412/400 398/410/398 396/409/396
f 81/86/81 397/411/397 396/409/396 85/87/85
f 954/407/954 393/406/393 398/410/398 399/413/399
f 400/412/400 401/414/401 399/413/399 398/410/398
f 401/414/401 400/412/400 402/415/402 403/416/403
f 400/412/400 397/411/397 405/417/405 402/415/402
f 404/418/404 955/419/955 403/416/403 402/415/402
f 406/420/406 404/418/404 402/415/402 405/417/405
f 75/80/75 406/420/406 405/417/405 79/81/79
f 397/411/397 81/86/81 79/81/79 405/417/405
f 404/418/404 406/420/406 407/421/407 409/422/409
f 406/420/406 75/80/75 73/75/73 407/421/407
f 408/423/408 411/424/411 409/422/409 407/421/407
f 69/74/69 408/423/408 407/421/407 73/75/73
f 955/419/955 404/418/404 409/422/409 410/425/410
f 411/424/411 412/426/412 410/425/410 409/422/409
f 412/426/412 411/424/411 413/427/413 414/428/414
f 411/424/411 408/423/408 416/429/416 413/427/413
f 415/430/415 956/431/956 414/428/414 413/427/413
f 417/432/417 415/430/415 413/427/413 416/429/416
f 63/68/63 417/432/417 416/429/416 67/69/67
f 408/423/408 69/74/69 67/69/67 416/429/416
f 415/430/415 417/432/417 418/433/418 420/434/420
f 417/432/417 63/68/63 61/63/61 418/433/418
f 419/435/419 422/436/422 420/434/420 418/433/418
f 57/62/57 419/435/419 418/433/418 61/63/61
f 956/431/956 415/430/415 420/434/420 421/437/421
f 422/436/422 423/438/423 421/437/421 420/434/420
f 423/438/423 422/436/422 424/439/424 425/440/425
f 422/436/422 419/435/419 427/441/427 424/439/424
f 426/442/426 957/443/957 425/440/425 424/439/424
f 428/444/428 426/442/426 424/439/424 427/441/427
f 51/56/51 428/444/428 427/441/427 55/57/55
f 419/435/419 57/62/57 55/57/55 427/441/427
f 426/442/426 428/444/428 429/445/429 431/446/431
f 428/444/428 51/56/51 49/51/49 429/445/429
f 430/447/430 433/448/433 431/446/431 429/445/429
f 45/50/45 430/447/430 429/445/429 49/51/49
f 957/443/957 426/442/426 431/446/431 432/449/432
f 433/448/433 434/450/434 432/449/432 431/446/431
f 434/450/434 433/448/433 435/451/435 436/452/436
f 433/448/433 430/447/430 438/453/438 435/451/435
f 437/454/437 958/455/958 436/452/436 435/451/435
f 439/456/439 437/454/437 435/451/435 438/453/438
f 39/44/39 439/456/439 438/453/438 43/45/43
f 430/447/430 45/50/45 43/45/43 438/453/438
f 437/454/437 439/456/439 440/457/440 442/458/442
f 439/456/439 39/44/39 37/39/37 440/457/440
f 441/459/441 444/460/444 442/458/442 440/457/440
f 33/38/33 441/459/441 440/457/440 37/39/37
f 958/455/958 437/454/437 442/458/442 443/461/443
f 444/460/444 445/462/445 443/461/443 442/458/442
f 445/462/445 444/460/444 446/463/446 447/464/447
f 444/460/444 441/459/441 449/465/449 446/463/446
f 448/466/448 959/467/959 447/464/447 446/463/446
f 450/468/450 448/466/448 446/463/446 449/465/449
f 27/32/27 450/468/450 449/465/449 31/33/31
f 441/459/441 33/38/33 31/33/31 449/465/449
f 448/466/448 450/468/450 451/469/451 453/470/453
f 450/468/450 27/32/27 25/27/25 451/469/451
f 452/471/452 455/472/455 453/470/453 451/469/451
f 21/26/21 452/471/452 451/469/451 25/27/25
f 959/467/959 448/466/448 453/470/453 454/473/454
f 455/472/455 456/474/456 454/473/454 453/470/453
f 456/474/456 455/472/455 3/6/3 458/5/458
f 455/472/455 452/471/452 7/8/7 3/6/3
f 456/474/456 457/475/457 460/476/460 454/473/454
f 457/475/457 456/474/456 458/5/458 459/222/459
f 2/1/2 210/214/210 459/222/459 458/5/458
f 461/477/461 457/475/457 459/222/459 215/221/215
f 457/475/457 461/477/461 463/478/463 460/476/460
f 461/477/461 462/479/462 464/480/464 463/478/463
f 462/479/462 461/477/461 215/221/215 217/223/217
f 465/481/465 467/482/467 460/476/460 463/478/463
f 466/483/466 465/481/465 463/478/463 464/480/464
f 465/481/465 466/483/466 470/484/470 468/485/468
f 467/482/467 465/481/465 468/485/468 469/486/469
f 471/487/471 473/488/473 469/486/469 468/485/468
f 472/489/472 471/487/471 468/485/468 470/484/470
f 471/487/471 472/489/472 476/490/476 474/491/474
f 473/488/473 471/487/471 474/491/474 475/492/475
f 477/493/477 479/494/479 475/492/475 474/491/474
f 478/495/478 477/493/477 474/491/474 476/490/476
f 477/493/477 478/495/478 482/496/482 480/497/480
f 479/494/479 477/493/477 480/497/480 481/498/481
f 483/499/483 485/500/485 481/498/481 480/497/480
f 484/501/484 483/499/483 480/497/480 482/496/482
f 483/499/483 484/501/484 488/502/488 486/503/486
f 485/500/485 483/499/483 486/503/486 487/504/487
f 489/505/489 491/506/491 487/504/487 486/503/486
f 490/507/490 489/505/489 486/503/486 488/502/488
f 489/505/489 490/507/490 494/508/494 492/509/492
f 491/506/491 489/505/489 492/509/492 493/510/493
f 495/511/495 497/512/497 493/510/493 492/509/492
f 496/513/496 495/511/495 492/509/492 494/508/494
f 495/511/495 496/513/496 500/514/500 498/515/498
f 497/512/497 495/511/495 498/515/498 499/516/499
f 501/517/501 503/518/503 499/516/499 498/515/498
f 502/519/502 501/517/501 498/515/498 500/514/500
f 501/517/501 502/519/502 506/520/506 504/521/504
f 503/518/503 501/517/501 504/521/504 505/522/505
f 507/523/507 509/524/509 505/522/505 504/521/504
f 508/525/508 507/523/507 504/521/504 506/520/506
f 507/523/507 508/525/508 512/526/512 510/527/510
f 509/524/509 507/523/507 510/527/510 511/528/511
f 513/529/513 515/530/515 511/528/511 510/527/510
f 514/531/514 513/529/513 510/527/510 512/526/512
f 513/529/513 514/531/514 518/532/518 516/533/516
f 515/530/515 513/529/513 516/533/516 517/534/517
f 519/535/519 521/536/521 517/534/517 516/533/516
f 520/537/520 519/535/519 516/533/516 518/532/518
f 519/535/519 520/537/520 524/538/524 522/539/522
f 521/536/521 519/535/519 522/539/522 523/540/523
f 525/541/525 527/542/527 523/540/523 522/539/522
f 526/543/526 525/541/525 522/539/522 524/538/524
f 525/541/525 526/543/526 530/544/530 528/545/528
f 527/542/527 525/541/525 528/545/528 529/546/529
f 531/547/531 533/548/533 529/546/529 528/545/528
f 532/549/532 531/547/531 528/545/528 530/544/530
f 531/547/531 532/549/532 536/550/536 534/551/534
f 533/548/533 531/547/531 534/551/534 535/552/535
f 537/553/537 539/554/539 535/552/535 534/551/534
f 538/555/538 537/553/537 534/551/534 536/550/536
f 537/553/537 538/555/538 542/556/542 540/557/540
f 539/554/539 537/553/537 540/557/540 541/558/541
f 543/559/543 545/560/545 541/558/541 540/557/540
f 544/561/544 543/559/543 540/557/540 542/556/542
f 543/559/543 544/561/544 548/562/548 546/563/546
f 545/560/545 543/559/543 546/563/546 547/564/547
f 549/565/549 551/566/551 547/564/547 546/563/546
f 550/567/550 549/565/549 546/563/546 548/562/548
f 549/565/549 550/567/550 554/568/554 552/569/552
f 551/566/551 549/565/549 552/569/552 553/570/553
f 555/571/555 557/572/557 553/570/553 552/569/552
f 556/573/556 555/571/555 552/569/552 554/568/554
f 555/571/555 556/573/556 560/574/560 558/575/558
f 557/572/557 555/571/555 558/575/558 559/576/559
f 561/577/561 563/578/563 559/576/559 558/575/558
f 562/579/562 561/577/561 558/575/558 560/574/560
f 561/577/561 562/579/562 566/580/566 564/581/564
f 563/578/563 561/577/561 564/581/564 565/582/565
f 567/583/567 569/584/569 565/582/565 564/581/564
f 568/585/568 567/583/567 564/581/564 566/580/566
f 567/583/567 568/585/568 572/586/572 570/587/570
f 569/584/569 567/583/567 570/587/570 571/588/571
f 573/589/573 575/590/575 571/588/571 570/587/570
f 574/591/574 573/589/573 570/587/570 572/586/572
f 573/589/573 574/591/574 578/592/578 576/593/576
f 575/590/575 573/589/573 576/593/576 577/594/577
f 579/595/579 581/596/581 577/594/577 576/593/576
f 580/597/580 579/595/579 576/593/576 578/592/578
f 579/595/579 580/597/580 584/598/584 582/599/582
f 581/596/581 579/595/579 582/599/582 583/600/583
f 585/601/585 587/602/587 583/600/583 582/599/582
f 586/603/586 585/601/585 582/599/582 584/598/584
f 585/601/585 586/603/586 590/604/590 588/605/588
f 587/602/587 585/601/585 588/605/588 589/606/589
f 591/607/591 593/608/593 589/606/589 588/605/588
f 592/609/592 591/607/591 588/605/588 590/604/590
f 591/607/591 592/609/592 596/610/596 594/611/594
f 593/608/593 591/607/591 594/611/594 595/612/595
f 597/613/597 599/614/599 595/612/595 594/611/594
f 598/615/598 597/613/597 594/611/594 596/610/596
f 597/613/597 598/615/598 602/616/602 600/617/600
f 599/614/599 597/613/597 600/617/600 601/618/601
f 603/619/603 605/620/605 601/618/601 600/617/600
f 604/621/604 603/619/603 600/617/600 602/616/602
f 603/619/603 604/621/604 608/622/608 606/623/606
f 605/620/605 603/619/603 606/623/606 607/624/607
f 609/625/609 611/626/611 607/624/607 606/623/606
f 610/627/610 609/625/609 606/623/606 608/622/608
f 609/625/609 610/627/610 614/628/614 612/629/612
f 611/626/611 609/625/609 612/629/612 613/630/613
f 615/631/615 617/632/617 613/630/613 612/629/612
f 616/633/616 615/631/615 612/629/612 614/628/614
f 615/631/615 616/633/616 620/634/620 618/635/618
f 617/632/617 615/631/615 618/635/618 619/636/619
f 294/299/294 296/301/296 619/636/619 618/635/618
f 292/297/292 294/299/294 618/635/618 620/634/620
f 616/633/616 622/637/622 621/638/621 620/634/620
f 290/295/290 292/297/292 620/634/620 621/638/621
f 622/637/622 624/639/624 623/640/623 621/638/621
f 288/293/288 290/295/290 621/638/621 623/640/623
f 624/639/624 626/641/626 625/642/625 623/640/623
f 286/291/286 288/293/288 623/640/623 625/642/625
f 626/641/626 628/643/628 627/644/627 625/642/625
f 284/289/284 286/291/286 625/642/625 627/644/627
f 628/643/628 630/645/630 629/646/629 627/644/627
f 282/287/282 284/289/284 627/644/627 629/646/629
f 630/645/630 632/647/632 631/648/631 629/646/629
f 280/288/280 282/287/282 629/646/629 631/648/631
f 632/647/632 630/645/630 635/649/635 633/650/633
f 636/651/636 634/652/634 633/650/633 635/649/635
f 638/653/638 636/651/636 635/649/635 637/654/637
f 630/645/630 628/643/628 637/654/637 635/649/635
f 640/655/640 638/653/638 637/654/637 639/656/639
f 628/643/628 626/641/626 639/656/639 637/654/637
f 642/657/642 640/655/640 639/656/639 641/658/641
f 626/641/626 624/639/624 641/658/641 639/656/639
f 644/659/644 642/657/642 641/658/641 643/660/643
f 624/639/624 622/637/622 643/660/643 641/658/641
f 610/627/610 644/659/644 643/660/643 614/628/614
f 622/637/622 616/633/616 614/628/614 643/660/643
f 642/657/642 644/659/644 645/661/645 647/662/647
f 644/659/644 610/627/610 608/622/608 645/661/645
f 646/663/646 648/664/648 647/662/647 645/661/645
f 604/621/604 646/663/646 645/661/645 608/622/608
f 648/664/648 650/665/650 649/666/649 647/662/647
f 640/655/640 642/657/642 647/662/647 649/666/649
f 650/665/650 652/667/652 651/668/651 649/666/649
f 638/653/638 640/655/640 649/666/649 651/668/651
f 652/667/652 654/669/654 653/670/653 651/668/651
f 636/651/636 638/653/638 651/668/651 653/670/653
f 654/669/654 656/671/656 655/672/655 653/670/653
f 634/652/634 636/651/636 653/670/653 655/672/655
f 656/671/656 654/669/654 659/673/659 657/674/657
f 660/675/660 658/676/658 657/674/657 659/673/659
f 662/677/662 660/675/660 659/673/659 661/678/661
f 654/669/654 652/667/652 661/678/661 659/673/659
f 664/679/664 662/677/662 661/678/661 663/680/663
f 652/667/652 650/665/650 663/680/663 661/678/661
f 666/681/666 664/679/664 663/680/663 665/682/665
f 650/665/650 648/664/648 665/682/665 663/680/663
f 668/683/668 666/681/666 665/682/665 667/684/667
f 648/664/648 646/663/646 667/684/667 665/682/665
f 598/615/598 668/683/668 667/684/667 602/616/602
f 646/663/646 604/621/604 602/616/602 667/684/667
f 666/681/666 668/683/668 669/685/669 671/686/671
f 668/683/668 598/615/598 596/610/596 669/685/669
f 670/687/670 672/688/672 671/686/671 669/685/669
f 592/609/592 670/687/670 669/685/669 596/610/596
f 672/688/672 674/689/674 673/690/673 671/686/671
f 664/679/664 666/681/666 671/686/671 673/690/673
f 674/689/674 676/691/676 675/692/675 673/690/673
f 662/677/662 664/679/664 673/690/673 675/692/675
f 676/691/676 678/693/678 677/694/677 675/692/675
f 660/675/660 662/677/662 675/692/675 677/694/677
f 678/693/678 680/695/680 679/696/679 677/694/677
f 658/676/658 660/675/660 677/694/677 679/696/679
f 680/695/680 678/693/678 683/697/683 681/698/681
f 684/699/684 682/700/682 681/698/681 683/697/683
f 686/701/686 684/699/684 683/697/683 685/702/685
f 678/693/678 676/691/676 685/702/685 683/697/683
f 688/703/688 686/701/686 685/702/685 687/704/687
f 676/691/676 674/689/674 687/704/687 685/702/685
f 690/705/690 688/703/688 687/704/687 689/706/689
f 674/689/674 672/688/672 689/706/689 687/704/687
f 692/707/692 690/705/690 689/706/689 691/708/691
f 672/688/672 670/687/670 691/708/691 689/706/689
f 586/603/586 692/707/692 691/708/691 590/604/590
f 670/687/670 592/609/592 590/604/590 691/708/691
f 690/705/690 692/707/692 693/709/693 695/710/695
f 692/707/692 586/603/586 584/598/584 693/709/693
f 694/711/694 696/712/696 695/710/695 693/709/693
f 580/597/580 694/711/694 693/709/693 584/598/584
f 696/712/696 698/713/698 697/714/697 695/710/695
f 688/703/688 690/705/690 695/710/695 697/714/697
f 698/713/698 700/715/700 699/716/699 697/714/697
f 686/701/686 688/703/688 697/714/697 699/716/699
f 700/715/700 702/717/702 701/718/701 699/716/699
f 684/699/684 686/701/686 699/716/699 701/718/701
f 702/717/702 704/719/704 703/720/703 701/718/701
f 682/700/682 684/699/684 701/718/701 703/720/703
f 704/719/704 702/717/702 707/721/707 705/722/705
f 708/723/708 706/724/706 705/722/705 707/721/707
f 710/725/710 708/723/708 707/721/707 709/726/709
f 702/717/702 700/715/700 709/726/709 707/721/707
f 712/727/712 710/725/710 709/726/709 711/728/711
f 700/715/700 698/713/698 711/728/711 709/726/709
f 714/729/714 712/727/712 711/728/711 713/730/713
f 698/713/698 696/712/696 713/730/713 711/728/711
f 716/731/716 714/729/714 713/730/713 715/732/715
f 696/712/696 694/711/694 715/732/715 713/730/713
f 574/591/574 716/731/716 715/732/715 578/592/578
f 694/711/694 580/597/580 578/592/578 715/732/715
f 714/729/714 716/731/716 717/733/717 719/734/719
f 716/731/716 574/591/574 572/586/572 717/733/717
f 718/735/718 720/736/720 719/734/719 717/733/717
f 568/585/568 718/735/718 717/733/717 572/586/572
f 720/736/720 722/737/722 721/738/721 719/734/719
f 712/727/712 714/729/714 719/734/719 721/738/721
f 722/737/722 724/739/724 723/740/723 721/738/721
f 710/725/710 712/727/712 721/738/721 723/740/723
f 724/739/724 726/741/726 725/742/725 723/740/723
f 708/723/708 710/725/710 723/740/723 725/742/725
f 726/741/726 728/743/728 727/744/727 725/742/725
f 706/724/706 708/723/708 725/742/725 727/744/727
f 728/743/728 726/741/726 731/745/731 729/746/729
f 732/747/732 730/748/730 729/746/729 731/745/731
f 734/749/734 732/747/732 731/745/731 733/750/733
f 726/741/726 724/739/724 733/750/733 731/745/731
f 736/751/736 734/749/734 733/750/733 735/752/735
f 724/739/724 722/737/722 735/752/735 733/750/733
f 738/753/738 736/751/736 735/752/735 737/754/737
f 722/737/722 720/736/720 737/754/737 735/752/735
f 740/755/740 738/753/738 737/754/737 739/756/739
f 720/736/720 718/735/718 739/756/739 737/754/737
f 562/579/562 740/755/740 739/756/739 566/580/566
f 718/735/718 568/585/568 566/580/566 739/756/739
f 738/753/738 740/755/740 741/757/741 743/758/743
f 740/755/740 562/579/562 560/574/560 741/757/741
f 742/759/742 744/760/744 743/758/743 741/757/741
f 556/573/556 742/759/742 741/757/741 560/574/560
f 744/760/744 746/761/746 745/762/745 743/758/743
f 736/751/736 738/753/738 743/758/743 745/762/745
f 746/761/746 748/763/748 747/764/747 745/762/745
f 734/749/734 736/751/736 745/762/745 747/764/747
f 748/763/748 750/765/750 749/766/749 747/764/747
f 732/747/732 734/749/734 747/764/747 749/766/749
f 750/765/750 752/767/752 751/768/751 749/766/749
f 730/748/730 732/747/732 749/766/749 751/768/751
f 752/767/752 750/765/750 755/769/755 753/770/753
f 756/771/756 754/772/754 753/770/753 755/769/755
f 758/773/758 756/771/756 755/769/755 757/774/757
f 750/765/750 748/763/748 757/774/757 755/769/755
f 760/775/760 758/773/758 757/774/757 759/776/759
f 748/763/748 746/761/746 759/776/759 757/774/757
f 762/777/762 760/775/760 759/776/759 761/778/761
f 746/761/746 744/760/744 761/778/761 759/776/759
f 764/779/764 762/777/762 761/778/761 763/780/763
f 744/760/744 742/759/742 763/780/763 761/778/761
f 550/567/550 764/779/764 763/780/763 554/568/554
f 742/759/742 556/573/556 554/568/554 763/780/763
f 762/777/762 764/779/764 765/781/765 767/782/767
f 764/779/764 550/567/550 548/562/548 765/781/765
f 766/783/766 768/784/768 767/782/767 765/781/765
f 544/561/544 766/783/766 765/781/765 548/562/548
f 768/784/768 770/785/770 769/786/769 767/782/767
f 760/775/760 762/777/762 767/782/767 769/786/769
f 770/785/770 772/787/772 771/788/771 769/786/769
f 758/773/758 760/775/760 769/786/769 771/788/771
f 772/787/772 774/789/774 773/790/773 771/788/771
f 756/771/756 758/773/758 771/788/771 773/790/773
f 774/789/774 776/791/776 775/792/775 773/790/773
f 754/772/754 756/771/756 773/790/773 775/792/775
f 776/791/776 774/789/774 779/793/779 777/794/777
f 780/795/780 778/796/778 777/794/777 779/793/779
f 782/797/782 780/795/780 779/793/779 781/798/781
f 774/789/774 772/787/772 781/798/781 779/793/779
f 784/799/784 782/797/782 781/798/781 783/800/783
f 772/787/772 770/785/770 783/800/783 781/798/781
f 786/801/786 784/799/784 783/800/783 785/802/785
f 770/785/770 768/784/768 785/802/785 783/800/783
f 788/803/788 786/801/786 785/802/785 787/804/787
f 768/784/768 766/783/766 787/804/787 785/802/785
f 538/555/538 788/803/788 787/804/787 542/556/542
f 766/783/766 544/561/544 542/556/542 787/804/787
f 786/801/786 788/803/788 789/805/789 791/806/791
f 788/803/788 538/555/538 536/550/536 789/805/789
f 790/807/790 792/808/792 791/806/791 789/805/789
f 532/549/532 790/807/790 789/805/789 536/550/536
f 792/808/792 794/809/794 793/810/793 791/806/791
f 784/799/784 786/801/786 791/806/791 793/810/793
f 794/809/794 796/811/796 795/812/795 793/810/793
f 782/797/782 784/799/784 793/810/793 795/812/795
f 796/811/796 798/813/798 797/814/797 795/812/795
f 780/795/780 782/797/782 795/812/795 797/814/797
f 798/813/798 800/815/800 799/816/799 797/814/797
f 778/796/778 780/795/780 797/814/797 799/816/799
f 800/815/800 798/813/798 803/817/803 801/818/801
f 804/819/804 802/820/802 801/818/801 803/817/803
f 806/821/806 804/819/804 803/817/803 805/822/805
f 798/813/798 796/811/796 805/822/805 803/817/803
f 808/823/808 806/821/806 805/822/805 807/824/807
f 796/811/796 794/809/794 807/824/807 805/822/805
f 810/825/810 808/823/808 807/824/807 809/826/809
f 794/809/794 792/808/792 809/826/809 807/824/807
f 812/827/812 810/825/810 809/826/809 811/828/811
f 792/808/792 790/807/790 811/828/811 809/826/809
f 526/543/526 812/827/812 811/828/811 530/544/530
f 790/807/790 532/549/532 530/544/530 811/828/811
f 810/825/810 812/827/812 813/829/813 815/830/815
f 812/827/812 526/543/526 524/538/524 813/829/813
f 814/831/814 816/832/816 815/830/815 813/829/813
f 520/537/520 814/831/814 813/829/813 524/538/524
f 816/832/816 818/833/818 817/834/817 815/830/815
f 808/823/808 810/825/810 815/830/815 817/834/817
f 818/833/818 820/835/820 819/836/819 817/834/817
f 806/821/806 808/823/808 817/834/817 819/836/819
f 820/835/820 822/837/822 821/838/821 819/836/819
f 804/819/804 806/821/806 819/836/819 821/838/821
f 822/837/822 824/839/824 823/840/823 821/838/821
f 802/820/802 804/819/804 821/838/821 823/840/823
f 824/839/824 822/837/822 827/841/827 825/842/825
f 828/843/828 826/844/826 825/842/825 827/841/827
f 830/845/830 828/843/828 827/841/827 829/846/829
f 822/837/822 820/835/820 829/846/829 827/841/827
f 832/847/832 830/845/830 829/846/829 831/848/831
f 820/835/820 818/833/818 831/848/831 829/846/829
f 834/849/834 832/847/832 831/848/831 833/850/833
f 818/833/818 816/832/816 833/850/833 831/848/831
f 836/851/836 834/849/834 833/850/833 835/852/835
f 816/832/816 814/831/814 835/852/835 833/850/833
f 514/531/514 836/851/836 835/852/835 518/532/518
f 814/831/814 520/537/520 518/532/518 835/852/835
f 834/849/834 836/851/836 837/853/837 839/854/839
f 836/851/836 514/531/514 512/526/512 837/853/837
f 838/855/838 840/856/840 839/854/839 837/853/837
f 508/525/508 838/855/838 837/853/837 512/526/512
f 840/856/840 842/857/842 841/858/841 839/854/839
f 832/847/832 834/849/834 839/854/839 841/858/841
f 842/857/842 844/859/844 843/860/843 841/858/841
f 830/845/830 832/847/832 841/858/841 843/860/843
f 844/859/844 846/861/846 845/862/845 843/860/843
f 828/843/828 830/845/830 843/860/843 845/862/845
f 846/861/846 848/863/848 847/864/847 845/862/845
f 826/844/826 828/843/828 845/862/845 847/864/847
f 848/863/848 846/861/846 851/865/851 849/866/849
f 852/867/852 850/868/850 849/866/849 851/865/851
f 854/869/854 852/867/852 851/865/851 853/870/853
f 846/861/846 844/859/844 853/870/853 851/865/851
f 856/871/856 854/869/854 853/870/853 855/872/855
f 844/859/844 842/857/842 855/872/855 853/870/853
f 858/873/858 856/871/856 855/872/855 857/874/857
f 842/857/842 840/856/840 857/874/857 855/872/855
f 860/875/860 858/873/858 857/874/857 859/876/859
f 840/856/840 838/855/838 859/876/859 857/874/857
f 502/519/502 860/875/860 859/876/859 506/520/506
f 838/855/838 508/525/508 506/520/506 859/876/859
f 858/873/858 860/875/860 861/877/861 863/878/863
f 860/875/860 502/519/502 500/514/500 861/877/861
f 862/879/862 864/880/864 863/878/863 861/877/861
f 496/513/496 862/879/862 861/877/861 500/514/500
f 864/880/864 866/881/866 865/882/865 863/878/863
f 856/871/856 858/873/858 863/878/863 865/882/865
f 866/881/866 868/883/868 867/884/867 865/882/865
f 854/869/854 856/871/856 865/882/865 867/884/867
f 868/883/868 870/885/870 869/886/869 867/884/867
f 852/867/852 854/869/854 867/884/867 869/886/869
f 870/885/870 872/887/872 871/888/871 869/886/869
f 850/868/850 852/867/852 869/886/869 871/888/871
f 872/887/872 870/885/870 875/889/875 873/890/873
f 876/891/876 874/892/874 873/890/873 875/889/875
f 878/893/878 876/891/876 875/889/875 877/894/877
f 870/885/870 868/883/868 877/894/877 875/889/875
f 880/895/880 878/893/878 877/894/877 879/896/879
f 868/883/868 866/881/866 879/896/879 877/894/877
f 882/897/882 880/895/880 879/896/879 881/898/881
f 866/881/866 864/880/864 881/898/881 879/896/879
f 884/899/884 882/897/882 881/898/881 883/900/883
f 864/880/864 862/879/862 883/900/883 881/898/881
f 490/507/490 884/899/884 883/900/883 494/508/494
f 862/879/862 496/513/496 494/508/494 883/900/883
f 882/897/882 884/899/884 885/901/885 887/902/887
f 884/899/884 490/507/490 488/502/488 885/901/885
f 886/903/886 888/904/888 887/902/887 885/901/885
f 484/501/484 886/903/886 885/901/885 488/502/488
f 888/904/888 890/905/890 889/906/889 887/902/887
f 880/895/880 882/897/882 887/902/887 889/906/889
f 890/905/890 892/907/892 891/908/891 889/906/889
f 878/893/878 880/895/880 889/906/889 891/908/891
f 892/907/892 894/909/894 893/910/893 891/908/891
f 876/891/876 878/893/878 891/908/891 893/910/893
f 894/909/894 896/911/896 895/912/895 893/910/893
f 874/892/874 876/891/876 893/910/893 895/912/895
f 896/911/896 894/909/894 899/913/899 897/914/897
f 900/915/900 898/916/898 897/914/897 899/913/899
f 902/917/902 900/915/900 899/913/899 901/918/901
f 894/909/894 892/907/892 901/918/901 899/913/899
f 904/919/904 902/917/902 901/918/901 903/920/903
f 892/907/892 890/905/890 903/920/903 901/918/901
f 906/921/906 904/919/904 903/920/903 905/922/905
f 890/905/890 888/904/888 905/922/905 903/920/903
f 908/923/908 906/921/906 905/922/905 907/924/907
f 888/904/888 886/903/886 907/924/907 905/922/905
f 478/495/478 908/923/908 907/924/907 482/496/482
f 886/903/886 484/501/484 482/496/482 907/924/907
f 906/921/906 908/923/908 909/925/909 911/926/911
f 908/923/908 478/495/478 476/490/476 909/925/909
f 910/927/910 912/928/912 911/926/911 909/925/909
f 472/489/472 910/927/910 909/925/909 476/490/476
f 912/928/912 914/929/914 913/930/913 911/926/911
f 904/919/904 906/921/906 911/926/911 913/930/913
f 914/929/914 916/931/916 915/932/915 913/930/913
f 902/917/902 904/919/904 913/930/913 915/932/915
f 916/931/916 918/933/918 917/934/917 915/932/915
f 900/915/900 902/917/902 915/932/915 917/934/917
f 918/933/918 920/935/920 919/936/919 917/934/917
f 898/916/898 900/915/900 917/934/917 919/936/919
f 920/935/920 918/933/918 923/937/923 921/938/921
f 924/939/924 922/940/922 921/938/921 923/937/923
f 926/941/926 924/939/924 923/937/923 925/942/925
f 918/933/918 916/931/916 925/942/925 923/937/923
f 928/943/928 926/941/926 925/942/925 927/944/927
f 916/931/916 914/929/914 927/944/927 925/942/925
f 930/945/930 928/943/928 927/944/927 929/946/929
f 914/929/914 912/928/912 929/946/929 927/944/927
f 932/947/932 930/945/930 929/946/929 931/948/931
f 912/928/912 910/927/910 931/948/931 929/946/929
f 466/483/466 932/947/932 931/948/931 470/484/470
f 910/927/910 472/489/472 470/484/470 931/948/931
f 930/945/930 932/947/932 933/949/933 935/950/935
f 932/947/932 466/483/466 464/480/464 933/949/933
f 934/951/934 936/952/936 935/950/935 933/949/933
f 462/479/462 934/951/934 933/949/933 464/480/464
f 936/952/936 938/953/938 937/954/937 935/950/935
f 928/943/928 930/945/930 935/950/935 937/954/937
f 938/953/938 940/955/940 939/956/939 937/954/937
f 926/941/926 928/943/928 937/954/937 939/956/939
f 940/955/940 942/957/942 941/958/941 939/956/939
f 924/939/924 926/941/926 939/956/939 941/958/941
f 942/957/942 944/959/944 943/960/943 941/958/941
f 922/940/922 924/939/924 941/958/941 943/960/943
f 944/959/944 942/957/942 233/241/233 945/244/945
f 942/957/942 940/955/940 231/239/231 233/241/233
f 940/955/940 938/953/938 229/238/229 231/239/231
f 938/953/938 936/952/936 946/228/946 229/238/229
f 936/952/936 934/951/934 219/225/219 946/228/946
f 934/951/934 462/479/462 217/223/217 219/225/219
f 313/318/313 617/632/617 619/636/619 311/317/311
f 296/301/296 298/303/298 311/317/311 619/636/619
f 617/632/617 313/318/313 315/320/315 613/630/613
f 947/323/947 611/626/611 613/630/613 315/320/315
f 611/626/611 947/323/947 322/329/322 607/624/607
f 324/330/324 605/620/605 607/624/607 322/329/322
f 605/620/605 324/330/324 326/332/326 601/618/601
f 948/335/948 599/614/599 601/618/601 326/332/326
f 599/614/599 948/335/948 333/341/333 595/612/595
f 335/342/335 593/608/593 595/612/595 333/341/333
f 593/608/593 335/342/335 337/344/337 589/606/589
f 949/347/949 587/602/587 589/606/589 337/344/337
f 587/602/587 949/347/949 344/353/344 583/600/583
f 346/354/346 581/596/581 583/600/583 344/353/344
f 581/596/581 346/354/346 348/356/348 577/594/577
f 950/359/950 575/590/575 577/594/577 348/356/348
f 575/590/575 950/359/950 355/365/355 571/588/571
f 357/366/357 569/584/569 571/588/571 355/365/355
f 569/584/569 357/366/357 359/368/359 565/582/565
f 951/371/951 563/578/563 565/582/565 359/368/359
f 563/578/563 951/371/951 366/377/366 559/576/559
f 368/378/368 557/572/557 559/576/559 366/377/366
f 557/572/557 368/378/368 370/380/370 553/570/553
f 952/383/952 551/566/551 553/570/553 370/380/370
f 551/566/551 952/383/952 377/389/377 547/564/547
f 379/390/379 545/560/545 547/564/547 377/389/377
f 545/560/545 379/390/379 381/392/381 541/558/541
f 953/395/953 539/554/539 541/558/541 381/392/381
f 539/554/539 953/395/953 388/401/388 535/552/535
f 390/402/390 533/548/533 535/552/535 388/401/388
f 533/548/533 390/402/390 392/404/392 529/546/529
f 954/407/954 527/542/527 529/546/529 392/404/392
f 527/542/527 954/407/954 399/413/399 523/540/523
f 401/414/401 521/536/521 523/540/523 399/413/399
f 521/536/521 401/414/401 403/416/403 517/534/517
f 955/419/955 515/530/515 517/534/517 403/416/403
f 515/530/515 955/419/955 410/425/410 511/528/511
f 412/426/412 509/524/509 511/528/511 410/425/410
f 509/524/509 412/426/412 414/428/414 505/522/505
f 956/431/956 503/518/503 505/522/505 414/428/414
f 503/518/503 956/431/956 421/437/421 499/516/499
f 423/438/423 497/512/497 499/516/499 421/437/421
f 497/512/497 423/438/423 425/440/425 493/510/493
f 957/443/957 491/506/491 493/510/493 425/440/425
f 491/506/491 957/443/957 432/449/432 487/504/487
f 434/450/434 485/500/485 487/504/487 432/449/432
f 485/500/485 434/450/434 436/452/436 481/498/481
f 958/455/958 479/494/479 481/498/481 436/452/436
f 479/494/479 958/455/958 443/461/443 475/492/475
f 445/462/445 473/488/473 475/492/475 443/461/443
f 473/488/473 445/462/445 447/464/447 469/486/469
f 959/467/959 467/482/467 469/486/469 447/464/447
f 467/482/467 959/467/959 454/473/454 460/476/460
f 452/471/452 21/26/21 19/12/19 7/8/7
f 259/210/259 204/206/204 302/308/302 262/265/262
f 962/961/962 196/962/196 198/963/198 961/964/961
f 960/965/960 964/966/964 961/964/961 198/963/198
f 1089/967/1088 962/961/962 961/964/961 963/968/963
f 964/966/964 965/969/965 963/968/963 961/964/961
f 964/966/964 960/965/960 14/970/14 966/971/966
f 965/969/965 964/966/964 966/971/966 967/972/967
f 968/973/968 969/974/969 967/972/967 966/971/966
f 16/975/16 968/973/968 966/971/966 14/970/14
f 969/976/969 968/977/968 970/978/970 971/979/971
f 968/977/968 16/980/16 18/981/18 970/978/970
f 972/982/972 973/983/973 971/979/971 970/978/970
f 22/984/22 972/982/972 970/978/970 18/981/18
f 972/982/972 22/984/22 24/985/24 974/986/974
f 973/983/973 972/982/972 974/986/974 975/987/975
f 976/988/976 977/989/977 975/987/975 974/986/974
f 28/990/28 976/988/976 974/986/974 24/985/24
f 976/988/976 28/990/28 30/991/30 978/992/978
f 977/989/977 976/988/976 978/992/978 979/993/979
f 980/994/980 981/995/981 979/993/979 978/992/978
f 34/996/34 980/994/980 978/992/978 30/991/30
f 980/994/980 34/996/34 36/997/36 982/998/982
f 981/995/981 980/994/980 982/998/982 983/999/983
f 984/1000/984 985/1001/985 983/999/983 982/998/982
f 40/1002/40 984/1000/984 982/998/982 36/997/36
f 984/1000/984 40/1002/40 42/1003/42 986/1004/986
f 985/1001/985 984/1000/984 986/1004/986 987/1005/987
f 988/1006/988 989/1007/989 987/1005/987 986/1004/986
f 46/1008/46 988/1006/988 986/1004/986 42/1003/42
f 988/1006/988 46/1008/46 48/1009/48 990/1010/990
f 989/1007/989 988/1006/988 990/1010/990 991/1011/991
f 992/1012/992 993/1013/993 991/1011/991 990/1010/990
f 52/1014/52 992/1012/992 990/1010/990 48/1009/48
f 992/1012/992 52/1014/52 54/1015/54 994/1016/994
f 993/1013/993 992/1012/992 994/1016/994 995/1017/995
f 996/1018/996 997/1019/997 995/1017/995 994/1016/994
f 58/1020/58 996/1018/996 994/1016/994 54/1015/54
f 996/1018/996 58/1020/58 60/1021/60 998/1022/998
f 997/1019/997 996/1018/996 998/1022/998 999/1023/999
f 1000/1024/1000 1001/1025/1001 999/1023/999 998/1022/998
f 64/1026/64 1000/1024/1000 998/1022/998 60/1021/60
f 1000/1024/1000 64/1026/64 66/1027/66 1002/1028/1002
f 1001/1025/1001 1000/1024/1000 1002/1028/1002 1003/1029/1003
f 1004/1030/1004 1005/1031/1005 1003/1029/1003 1002/1028/1002
f 70/1032/70 1004/1030/1004 1002/1028/1002 66/1027/66
f 1004/1030/1004 70/1032/70 72/1033/72 1006/1034/1006
f 1005/1031/1005 1004/1030/1004 1006/1034/1006 1007/1035/1007
f 1008/1036/1008 1009/1037/1009 1007/1035/1007 1006/1034/1006
f 76/1038/76 1008/1036/1008 1006/1034/1006 72/1033/72
f 1008/1036/1008 76/1038/76 78/1039/78 1010/1040/1010
f 1009/1037/1009 1008/1036/1008 1010/1040/1010 1011/1041/1011
f 1012/1042/1012 1013/1043/1013 1011/1041/1011 1010/1040/1010
f 82/1044/82 1012/1042/1012 1010/1040/1010 78/1039/78
f 1012/1042/1012 82/1044/82 84/1045/84 1014/1046/1014
f 1013/1043/1013 1012/1042/1012 1014/1046/1014 1015/1047/1015
f 1016/1048/1016 1017/1049/1017 1015/1047/1015 1014/1046/1014
f 88/1050/88 1016/1048/1016 1014/1046/1014 84/1045/84
f 1016/1048/1016 88/1050/88 90/1051/90 1018/1052/1018
f 1017/1049/1017 1016/1048/1016 1018/1052/1018 1019/1053/1019
f 1020/1054/1020 1021/1055/1021 1019/1053/1019 1018/1052/1018
f 94/1056/94 1020/1054/1020 1018/1052/1018 90/1051/90
f 1020/1054/1020 94/1056/94 96/1057/96 1022/1058/1022
f 1021/1055/1021 1020/1054/1020 1022/1058/1022 1023/1059/1023
f 1024/1060/1024 1025/1061/1025 1023/1059/1023 1022/1058/1022
f 100/1062/100 1024/1060/1024 1022/1058/1022 96/1057/96
f 1024/1060/1024 100/1062/100 102/1063/102 1026/1064/1026
f 1025/1061/1025 1024/1060/1024 1026/1064/1026 1027/1065/1027
f 1028/1066/1028 1029/1067/1029 1027/1065/1027 1026/1064/1026
f 106/1068/106 1028/1066/1028 1026/1064/1026 102/1063/102
f 1028/1066/1028 106/1068/106 108/1069/108 1030/1070/1030
f 1029/1067/1029 1028/1066/1028 1030/1070/1030 1031/1071/1031
f 1032/1072/1032 1033/1073/1033 1031/1071/1031 1030/1070/1030
f 112/1074/112 1032/1072/1032 1030/1070/1030 108/1069/108
f 1032/1072/1032 112/1074/112 114/1075/114 1034/1076/1034
f 1033/1073/1033 1032/1072/1032 1034/1076/1034 1035/1077/1035
f 1036/1078/1036 1037/1079/1037 1035/1077/1035 1034/1076/1034
f 118/1080/118 1036/1078/1036 1034/1076/1034 114/1075/114
f 1036/1078/1036 118/1080/118 120/1081/120 1038/1082/1038
f 1037/1079/1037 1036/1078/1036 1038/1082/1038 1039/1083/1039
f 1040/1084/1040 1041/1085/1041 1039/1083/1039 1038/1082/1038
f 124/1086/124 1040/1084/1040 1038/1082/1038 120/1081/120
f 1040/1084/1040 124/1086/124 126/1087/126 1042/1088/1042
f 1041/1085/1041 1040/1084/1040 1042/1088/1042 1043/1089/1043
f 1044/1090/1044 1045/1091/1045 1043/1089/1043 1042/1088/1042
f 130/1092/130 1044/1090/1044 1042/1088/1042 126/1087/126
f 1044/1090/1044 130/1092/130 132/1093/132 1046/1094/1046
f 1045/1091/1045 1044/1090/1044 1046/1094/1046 1047/1095/1047
f 1048/1096/1048 1049/1097/1049 1047/1095/1047 1046/1094/1046
f 136/1098/136 1048/1096/1048 1046/1094/1046 132/1093/132
f 1048/1096/1048 136/1098/136 138/1099/138 1050/1100/1050
f 1049/1097/1049 1048/1096/1048 1050/1100/1050 1051/1101/1051
f 1052/1102/1052 1053/1103/1053 1051/1101/1051 1050/1100/1050
f 142/1104/142 1052/1102/1052 1050/1100/1050 138/1099/138
f 1052/1102/1052 142/1104/142 144/1105/144 1054/1106/1054
f 1053/1103/1053 1052/1102/1052 1054/1106/1054 1055/1107/1055
f 1056/1108/1056 1057/1109/1057 1055/1107/1055 1054/1106/1054
f 148/1110/148 1056/1108/1056 1054/1106/1054 144/1105/144
f 1056/1108/1056 148/1110/148 150/1111/150 1058/1112/1058
f 1057/1109/1057 1056/1108/1056 1058/1112/1058 1059/1113/1059
f 1060/1114/1060 1061/1115/1061 1059/1113/1059 1058/1112/1058
f 154/1116/154 1060/1114/1060 1058/1112/1058 150/1111/150
f 1060/1114/1060 154/1116/154 156/1117/156 1062/1118/1062
f 1061/1115/1061 1060/1114/1060 1062/1118/1062 1063/1119/1063
f 1064/1120/1064 1065/1121/1065 1063/1119/1063 1062/1118/1062
f 160/1122/160 1064/1120/1064 1062/1118/1062 156/1117/156
f 1064/1120/1064 160/1122/160 162/1123/162 1066/1124/1066
f 1065/1121/1065 1064/1120/1064 1066/1124/1066 1067/1125/1067
f 1068/1126/1068 1069/1127/1069 1067/1125/1067 1066/1124/1066
f 166/1128/166 1068/1126/1068 1066/1124/1066 162/1123/162
f 1068/1126/1068 166/1128/166 168/1129/168 1070/1130/1070
f 1069/1127/1069 1068/1126/1068 1070/1130/1070 1071/1131/1071
f 1072/1132/1072 1073/1133/1073 1071/1131/1071 1070/1130/1070
f 172/1134/172 1072/1132/1072 1070/1130/1070 168/1129/168
f 1072/1132/1072 172/1134/172 174/1135/174 1074/1136/1074
f 1073/1133/1073 1072/1132/1072 1074/1136/1074 1075/1137/1075
f 1076/1138/1076 1077/1139/1077 1075/1137/1075 1074/1136/1074
f 178/1140/178 1076/1138/1076 1074/1136/1074 174/1135/174
f 1076/1138/1076 178/1140/178 180/1141/180 1078/1142/1078
f 1077/1139/1077 1076/1138/1076 1078/1142/1078 1079/1143/1079
f 1080/1144/1080 1081/1145/1081 1079/1143/1079 1078/1142/1078
f 184/1146/184 1080/1144/1080 1078/1142/1078 180/1141/180
f 1080/1144/1080 184/1146/184 186/1147/186 1082/1148/1082
f 1081/1145/1081 1080/1144/1080 1082/1148/1082 1083/1149/1083
f 1084/1150/1084 1085/1151/1085 1083/1149/1083 1082/1148/1082
f 190/1152/190 1084/1150/1084 1082/1148/1082 186/1147/186
f 1084/1150/1084 190/1152/190 192/1153/192 1086/1154/1086
f 1085/1151/1085 1084/1150/1084 1086/1154/1086 1087/1155/1087
f 962/961/962 1089/967/1088 1087/1155/1087 1086/1154/1086
f 196/962/196 962/961/962 1086/1154/1086 192/1153/192
f 3552/1156/1085 1085/1151/1085 1087/1155/1087 1088/1157/1087
f 1089/967/1088 1090/1158/1088 1088/1157/1087 1087/1155/1087
f 1090/1158/1088 1089/967/1088 963/968/963 1092/1159/963
f 1090/1158/1088 1091/1160/1088 3553/1161/1087 1088/1157/1087
f 1091/1160/1088 1090/1158/1088 1092/1159/963 1094/1162/963
f 1093/1163/965 1095/1164/965 1094/1162/963 1092/1159/963
f 965/969/965 1093/1163/965 1092/1159/963 963/968/963
f 1095/1164/965 1097/1165/1090 1096/1166/1089 1094/1162/963
f 1099/1167/1092 1091/1160/1088 1094/1162/963 1096/1166/1089
f 1097/1165/1090 1109/1168/1101 1098/1169/1091 1096/1166/1089
f 1101/1170/1094 1099/1167/1092 1096/1166/1089 1098/1169/1091
f 1091/1160/1088 1099/1167/1092 1100/1171/1093 3553/1161/1087
f 1099/1167/1092 1101/1170/1094 1102/1172/1095 1100/1171/1093
f 1101/1173/1094 1103/1174/1096 1104/1175/1097 1102/1176/1095
f 1103/1174/1096 1101/1173/1094 1098/1177/1091 1106/1178/1099
f 1103/1174/1096 1105/1179/1098 1308/1180/1098 1104/1175/1097
f 1105/1179/1098 1103/1174/1096 1106/1178/1099 1107/1181/1098
f 1108/1182/1100 1110/1183/1098 1107/1181/1098 1106/1178/1099
f 1109/1184/1101 1108/1182/1100 1106/1178/1099 1098/1177/1091
f 1108/1182/1100 1109/1184/1101 1113/1185/1103 1111/1186/1102
f 1110/1183/1098 1108/1182/1100 1111/1186/1102 1112/1187/1098
f 1114/1188/1104 1115/1189/1098 1112/1187/1098 1111/1186/1102
f 1117/1190/1106 1114/1188/1104 1111/1186/1102 1113/1185/1103
f 1115/1189/1098 1114/1188/1104 1116/1191/1105 1324/1192/1098
f 1114/1188/1104 1117/1190/1106 1119/1193/1108 1116/1191/1105
f 1118/1194/1107 1117/1195/1106 1113/1196/1103 1130/1197/1112
f 1117/1198/1106 1118/1199/1107 1121/1200/1110 1119/1201/1108
f 1120/1202/1109 1141/1203/1118 1116/1191/1105 1119/1193/1108
f 1122/1204/1111 1120/1205/1109 1119/1201/1108 1121/1200/1110
f 1124/1206/973 1122/1204/1111 1121/1200/1110 1123/1207/971
f 1118/1199/1107 1126/1208/969 1123/1207/971 1121/1200/1110
f 1131/1209/973 1124/1206/973 1123/1207/971 1125/1210/971
f 1126/1208/969 1127/1211/969 1125/1210/971 1123/1207/971
f 1127/1212/969 1126/1213/969 1128/1214/967 1129/1215/967
f 1126/1213/969 1118/1194/1107 1130/1197/1112 1128/1214/967
f 1095/1164/965 1093/1163/965 1129/1215/967 1128/1214/967
f 1097/1165/1090 1095/1164/965 1128/1214/967 1130/1197/1112
f 1109/1168/1101 1097/1165/1090 1130/1197/1112 1113/1196/1103
f 969/974/969 1127/1212/969 1129/1215/967 967/972/967
f 1093/1163/965 965/969/965 967/972/967 1129/1215/967
f 1127/1211/969 969/976/969 971/979/971 1125/1210/971
f 973/983/973 1131/1209/973 1125/1210/971 971/979/971
f 1131/1209/973 973/983/973 975/987/975 1132/1216/975
f 1124/1206/973 1131/1209/973 1132/1216/975 1134/1217/975
f 1133/1218/977 1135/1219/977 1134/1217/975 1132/1216/975
f 977/989/977 1133/1218/977 1132/1216/975 975/987/975
f 1135/1219/977 1137/1220/1114 1136/1221/1113 1134/1217/975
f 1122/1204/1111 1124/1206/973 1134/1217/975 1136/1221/1113
f 1137/1220/1114 1139/1222/1116 1138/1223/1115 1136/1221/1113
f 1120/1205/1109 1122/1204/1111 1136/1221/1113 1138/1223/1115
f 1139/1224/1116 1143/1225/1119 1140/1226/1117 1138/1227/1115
f 1141/1203/1118 1120/1202/1109 1138/1227/1115 1140/1226/1117
f 1325/1228/1098 1141/1203/1118 1140/1226/1117 1142/1229/1098
f 1143/1225/1119 1144/1230/1098 1142/1229/1098 1140/1226/1117
f 1143/1225/1119 1139/1224/1116 1147/1231/1121 1145/1232/1120
f 1144/1230/1098 1143/1225/1119 1145/1232/1120 1146/1233/1098
f 1148/1234/1122 1150/1235/1098 1146/1233/1098 1145/1232/1120
f 1149/1236/1123 1148/1234/1122 1145/1232/1120 1147/1231/1121
f 1148/1234/1122 1149/1236/1123 1153/1237/1125 1151/1238/1124
f 1150/1235/1098 1148/1234/1122 1151/1238/1124 1152/1239/1098
f 1154/1240/1126 1156/1241/1098 1152/1239/1098 1151/1238/1124
f 1155/1242/1127 1154/1240/1126 1151/1238/1124 1153/1237/1125
f 1154/1240/1126 1155/1242/1127 1159/1243/1129 1157/1244/1128
f 1156/1241/1098 1154/1240/1126 1157/1244/1128 1158/1245/1098
f 1160/1246/1130 1162/1247/1098 1158/1245/1098 1157/1244/1128
f 1161/1248/1131 1160/1246/1130 1157/1244/1128 1159/1243/1129
f 1160/1246/1130 1161/1248/1131 1165/1249/1133 1163/1250/1132
f 1162/1247/1098 1160/1246/1130 1163/1250/1132 1164/1251/1098
f 1166/1252/1134 1168/1253/1098 1164/1251/1098 1163/1250/1132
f 1167/1254/1135 1166/1252/1134 1163/1250/1132 1165/1249/1133
f 1166/1252/1134 1167/1254/1135 1171/1255/1137 1169/1256/1136
f 1168/1253/1098 1166/1252/1134 1169/1256/1136 1170/1257/1098
f 1172/1258/1138 1174/1259/1098 1170/1257/1098 1169/1256/1136
f 1173/1260/1139 1172/1258/1138 1169/1256/1136 1171/1255/1137
f 1172/1258/1138 1173/1260/1139 1177/1261/1141 1175/1262/1140
f 1174/1259/1098 1172/1258/1138 1175/1262/1140 1176/1263/1098
f 1178/1264/1142 1180/1265/1098 1176/1263/1098 1175/1262/1140
f 1179/1266/1143 1178/1264/1142 1175/1262/1140 1177/1261/1141
f 1178/1264/1142 1179/1266/1143 1183/1267/1145 1181/1268/1144
f 1180/1265/1098 1178/1264/1142 1181/1268/1144 1182/1269/1098
f 1184/1270/1146 1186/1271/1098 1182/1269/1098 1181/1268/1144
f 1185/1272/1147 1184/1270/1146 1181/1268/1144 1183/1267/1145
f 1184/1270/1146 1185/1272/1147 1189/1273/1149 1187/1274/1148
f 1186/1271/1098 1184/1270/1146 1187/1274/1148 1188/1275/1098
f 1190/1276/1150 1192/1277/1098 1188/1275/1098 1187/1274/1148
f 1191/1278/1151 1190/1276/1150 1187/1274/1148 1189/1273/1149
f 1190/1276/1150 1191/1278/1151 1195/1279/1153 1193/1280/1152
f 1192/1277/1098 1190/1276/1150 1193/1280/1152 1194/1281/1098
f 1196/1282/1154 1198/1283/1098 1194/1281/1098 1193/1280/1152
f 1197/1284/1155 1196/1282/1154 1193/1280/1152 1195/1279/1153
f 1196/1282/1154 1197/1284/1155 1201/1285/1157 1199/1286/1156
f 1198/1283/1098 1196/1282/1154 1199/1286/1156 1200/1287/1098
f 1202/1288/1158 1204/1289/1098 1200/1287/1098 1199/1286/1156
f 1203/1290/1159 1202/1288/1158 1199/1286/1156 1201/1285/1157
f 1202/1288/1158 1203/1290/1159 1207/1291/1161 1205/1292/1160
f 1204/1289/1098 1202/1288/1158 1205/1292/1160 1206/1293/1098
f 1208/1294/1162 1210/1295/1098 1206/1293/1098 1205/1292/1160
f 1209/1296/1163 1208/1294/1162 1205/1292/1160 1207/1291/1161
f 1208/1294/1162 1209/1296/1163 1213/1297/1165 1211/1298/1164
f 1210/1295/1098 1208/1294/1162 1211/1298/1164 1212/1299/1098
f 1214/1300/1166 1216/1301/1098 1212/1299/1098 1211/1298/1164
f 1215/1302/1167 1214/1300/1166 1211/1298/1164 1213/1297/1165
f 1214/1300/1166 1215/1302/1167 1219/1303/1169 1217/1304/1168
f 1216/1301/1098 1214/1300/1166 1217/1304/1168 1218/1305/1098
f 1220/1306/1170 1222/1307/1098 1218/1305/1098 1217/1304/1168
f 1221/1308/1171 1220/1306/1170 1217/1304/1168 1219/1303/1169
f 1220/1306/1170 1221/1308/1171 1225/1309/1173 1223/1310/1172
f 1222/1307/1098 1220/1306/1170 1223/1310/1172 1224/1311/1098
f 1226/1312/1174 1228/1313/1098 1224/1311/1098 1223/1310/1172
f 1227/1314/1175 1226/1312/1174 1223/1310/1172 1225/1309/1173
f 1226/1312/1174 1227/1314/1175 1231/1315/1177 1229/1316/1176
f 1228/1313/1098 1226/1312/1174 1229/1316/1176 1230/1317/1098
f 1232/1318/1178 1234/1319/1098 1230/1317/1098 1229/1316/1176
f 1233/1320/1179 1232/1318/1178 1229/1316/1176 1231/1315/1177
f 1232/1318/1178 1233/1320/1179 1237/1321/1181 1235/1322/1180
f 1234/1319/1098 1232/1318/1178 1235/1322/1180 1236/1323/1098
f 1238/1324/1182 1240/1325/1098 1236/1323/1098 1235/1322/1180
f 1239/1326/1183 1238/1324/1182 1235/1322/1180 1237/1321/1181
f 1238/1324/1182 1239/1326/1183 1243/1327/1185 1241/1328/1184
f 1240/1325/1098 1238/1324/1182 1241/1328/1184 1242/1329/1098
f 1244/1330/1186 1246/1331/1098 1242/1329/1098 1241/1328/1184
f 1245/1332/1187 1244/1330/1186 1241/1328/1184 1243/1327/1185
f 1244/1330/1186 1245/1332/1187 1249/1333/1189 1247/1334/1188
f 1246/1331/1098 1244/1330/1186 1247/1334/1188 1248/1335/1098
f 1250/1336/1190 1252/1337/1098 1248/1335/1098 1247/1334/1188
f 1251/1338/1191 1250/1336/1190 1247/1334/1188 1249/1333/1189
f 1250/1336/1190 1251/1338/1191 1255/1339/1193 1253/1340/1192
f 1252/1337/1098 1250/1336/1190 1253/1340/1192 1254/1341/1098
f 1256/1342/1194 1258/1343/1098 1254/1341/1098 1253/1340/1192
f 1257/1344/1195 1256/1342/1194 1253/1340/1192 1255/1339/1193
f 1256/1342/1194 1257/1344/1195 1261/1345/1197 1259/1346/1196
f 1258/1343/1098 1256/1342/1194 1259/1346/1196 1260/1347/1098
f 1262/1348/1198 1264/1349/1098 1260/1347/1098 1259/1346/1196
f 1263/1350/1199 1262/1348/1198 1259/1346/1196 1261/1345/1197
f 1262/1348/1198 1263/1350/1199 1267/1351/1201 1265/1352/1200
f 1264/1349/1098 1262/1348/1198 1265/1352/1200 1266/1353/1098
f 1268/1354/1202 1270/1355/1098 1266/1353/1098 1265/1352/1200
f 1269/1356/1203 1268/1354/1202 1265/1352/1200 1267/1351/1201
f 1268/1354/1202 1269/1356/1203 1273/1357/1205 1271/1358/1204
f 1270/1355/1098 1268/1354/1202 1271/1358/1204 1272/1359/1098
f 1274/1360/1206 1276/1361/1098 1272/1359/1098 1271/1358/1204
f 1275/1362/1207 1274/1360/1206 1271/1358/1204 1273/1357/1205
f 1274/1360/1206 1275/1362/1207 1279/1363/1209 1277/1364/1208
f 1276/1361/1098 1274/1360/1206 1277/1364/1208 1278/1365/1098
f 1280/1366/1210 1282/1367/1098 1278/1365/1098 1277/1364/1208
f 1281/1368/1211 1280/1366/1210 1277/1364/1208 1279/1363/1209
f 1280/1366/1210 1281/1368/1211 1285/1369/1213 1283/1370/1212
f 1282/1367/1098 1280/1366/1210 1283/1370/1212 1284/1371/1098
f 1286/1372/1214 1288/1373/1098 1284/1371/1098 1283/1370/1212
f 1287/1374/1215 1286/1372/1214 1283/1370/1212 1285/1369/1213
f 1286/1372/1214 1287/1374/1215 1291/1375/1217 1289/1376/1216
f 1288/1373/1098 1286/1372/1214 1289/1376/1216 1290/1377/1098
f 1292/1378/1218 1294/1379/1098 1290/1377/1098 1289/1376/1216
f 1293/1380/1219 1292/1378/1218 1289/1376/1216 1291/1375/1217
f 1292/1378/1218 1293/1380/1219 1297/1381/1221 1295/1382/1220
f 1294/1379/1098 1292/1378/1218 1295/1382/1220 1296/1383/1098
f 1298/1384/1222 1300/1385/1098 1296/1383/1098 1295/1382/1220
f 1299/1386/1223 1298/1384/1222 1295/1382/1220 1297/1381/1221
f 1298/1384/1222 1299/1386/1223 1303/1387/1225 1301/1388/1224
f 1300/1385/1098 1298/1384/1222 1301/1388/1224 1302/1389/1098
f 1304/1390/1226 1306/1391/1098 1302/1389/1098 1301/1388/1224
f 1305/1392/1227 1304/1390/1226 1301/1388/1224 1303/1387/1225
f 1304/1390/1226 1305/1392/1227 1102/1176/1095 1104/1175/1097
f 1306/1391/1098 1304/1390/1226 1104/1175/1097 1308/1180/1098
f 1302/1389/1098 1306/1391/1098 1307/1393/1098 1435/1394/1098
f 1306/1391/1098 1308/1180/1098 1309/1395/1098 1307/1393/1098
f 1308/1180/1098 1105/1179/1098 1311/1396/1098 1309/1395/1098
f 1310/1397/1098 1437/1398/1098 1307/1393/1098 1309/1395/1098
f 1312/1399/1098 1310/1397/1098 1309/1395/1098 1311/1396/1098
f 1314/1400/1098 1312/1399/1098 1311/1396/1098 1313/1401/1098
f 1105/1179/1098 1107/1181/1098 1313/1401/1098 1311/1396/1098
f 1316/1402/1098 1314/1400/1098 1313/1401/1098 1315/1403/1098
f 1107/1181/1098 1110/1183/1098 1315/1403/1098 1313/1401/1098
f 1318/1404/1098 1316/1402/1098 1315/1403/1098 1317/1405/1098
f 1110/1183/1098 1112/1187/1098 1317/1405/1098 1315/1403/1098
f 1320/1406/1098 1318/1404/1098 1317/1405/1098 1319/1407/1098
f 1112/1187/1098 1115/1189/1098 1319/1407/1098 1317/1405/1098
f 1322/1408/1098 1320/1406/1098 1319/1407/1098 1321/1409/1098
f 1115/1189/1098 1324/1192/1098 1321/1409/1098 1319/1407/1098
f 1326/1410/1098 1322/1408/1098 1321/1409/1098 1323/1411/1098
f 1324/1192/1098 1325/1228/1098 1323/1411/1098 1321/1409/1098
f 1141/1203/1118 1325/1228/1098 1324/1192/1098 1116/1191/1105
f 1325/1228/1098 1142/1229/1098 1327/1412/1098 1323/1411/1098
f 1328/1413/1098 1326/1410/1098 1323/1411/1098 1327/1412/1098
f 1330/1414/1098 1328/1413/1098 1327/1412/1098 1329/1415/1098
f 1142/1229/1098 1144/1230/1098 1329/1415/1098 1327/1412/1098
f 1332/1416/1098 1330/1414/1098 1329/1415/1098 1331/1417/1098
f 1144/1230/1098 1146/1233/1098 1331/1417/1098 1329/1415/1098
f 1334/1418/1098 1332/1416/1098 1331/1417/1098 1333/1419/1098
f 1146/1233/1098 1150/1235/1098 1333/1419/1098 1331/1417/1098
f 1336/1420/1098 1334/1418/1098 1333/1419/1098 1335/1421/1098
f 1150/1235/1098 1152/1239/1098 1335/1421/1098 1333/1419/1098
f 1338/1422/1098 1336/1420/1098 1335/1421/1098 1337/1423/1098
f 1152/1239/1098 1156/1241/1098 1337/1423/1098 1335/1421/1098
f 1340/1424/1098 1338/1422/1098 1337/1423/1098 1339/1425/1098
f 1156/1241/1098 1158/1245/1098 1339/1425/1098 1337/1423/1098
f 1342/1426/1098 1340/1424/1098 1339/1425/1098 1341/1427/1098
f 1158/1245/1098 1162/1247/1098 1341/1427/1098 1339/1425/1098
f 1344/1428/1098 1342/1426/1098 1341/1427/1098 1343/1429/1098
f 1162/1247/1098 1164/1251/1098 1343/1429/1098 1341/1427/1098
f 1346/1430/1098 1344/1428/1098 1343/1429/1098 1345/1431/1098
f 1164/1251/1098 1168/1253/1098 1345/1431/1098 1343/1429/1098
f 1348/1432/1098 1346/1430/1098 1345/1431/1098 1347/1433/1098
f 1168/1253/1098 1170/1257/1098 1347/1433/1098 1345/1431/1098
f 1350/1434/1098 1348/1432/1098 1347/1433/1098 1349/1435/1098
f 1170/1257/1098 1174/1259/1098 1349/1435/1098 1347/1433/1098
f 1352/1436/1098 1350/1434/1098 1349/1435/1098 1351/1437/1098
f 1174/1259/1098 1176/1263/1098 1351/1437/1098 1349/1435/1098
f 1354/1438/1098 1352/1436/1098 1351/1437/1098 1353/1439/1098
f 1176/1263/1098 1180/1265/1098 1353/1439/1098 1351/1437/1098
f 1356/1440/1098 1354/1438/1098 1353/1439/1098 1355/1441/1098
f 1180/1265/1098 1182/1269/1098 1355/1441/1098 1353/1439/1098
f 1358/1442/1098 1356/1440/1098 1355/1441/1098 1357/1443/1098
f 1182/1269/1098 1186/1271/1098 1357/1443/1098 1355/1441/1098
f 1360/1444/1098 1358/1442/1098 1357/1443/1098 1359/1445/1098
f 1186/1271/1098 1188/1275/1098 1359/1445/1098 1357/1443/1098
f 1362/1446/1098 1360/1444/1098 1359/1445/1098 1361/1447/1098
f 1188/1275/1098 1192/1277/1098 1361/1447/1098 1359/1445/1098
f 1364/1448/1098 1362/1446/1098 1361/1447/1098 1363/1449/1098
f 1192/1277/1098 1194/1281/1098 1363/1449/1098 1361/1447/1098
f 1366/1450/1098 1364/1448/1098 1363/1449/1098 1365/1451/1098
f 1194/1281/1098 1198/1283/1098 1365/1451/1098 1363/1449/1098
f 1368/1452/1098 1366/1450/1098 1365/1451/1098 1367/1453/1098
f 1198/1283/1098 1200/1287/1098 1367/1453/1098 1365/1451/1098
f 1370/1454/1098 1368/1452/1098 1367/1453/1098 1369/1455/1098
f 1200/1287/1098 1204/1289/1098 1369/1455/1098 1367/1453/1098
f 1372/1456/1098 1370/1454/1098 1369/1455/1098 1371/1457/1098
f 1204/1289/1098 1206/1293/1098 1371/1457/1098 1369/1455/1098
f 1374/1458/1098 1372/1456/1098 1371/1457/1098 1373/1459/1098
f 1206/1293/1098 1210/1295/1098 1373/1459/1098 1371/1457/1098
f 1376/1460/1098 1374/1458/1098 1373/1459/1098 1375/1461/1098
f 1210/1295/1098 1212/1299/1098 1375/1461/1098 1373/1459/1098
f 1378/1462/1098 1376/1460/1098 1375/1461/1098 1377/1463/1098
f 1212/1299/1098 1216/1301/1098 1377/1463/1098 1375/1461/1098
f 1380/1464/1098 1378/1462/1098 1377/1463/1098 1379/1465/1098
f 1216/1301/1098 1218/1305/1098 1379/1465/1098 1377/1463/1098
f 1382/1466/1098 1380/1464/1098 1379/1465/1098 1381/1467/1098
f 1218/1305/1098 1222/1307/1098 1381/1467/1098 1379/1465/1098
f 1384/1468/1098 1382/1466/1098 1381/1467/1098 1383/1469/1098
f 1222/1307/1098 1224/1311/1098 1383/1469/1098 1381/1467/1098
f 1386/1470/1098 1384/1468/1098 1383/1469/1098 1385/1471/1098
f 1224/1311/1098 1228/1313/1098 1385/1471/1098 1383/1469/1098
f 1388/1472/1098 1386/1470/1098 1385/1471/1098 1387/1473/1098
f 1228/1313/1098 1230/1317/1098 1387/1473/1098 1385/1471/1098
f 1390/1474/1098 1388/1472/1098 1387/1473/1098 1389/1475/1098
f 1230/1317/1098 1234/1319/1098 1389/1475/1098 1387/1473/1098
f 1392/1476/1098 1390/1474/1098 1389/1475/1098 1391/1477/1098
f 1234/1319/1098 1236/1323/1098 1391/1477/1098 1389/1475/1098
f 1394/1478/1098 1392/1476/1098 1391/1477/1098 1393/1479/1098
f 1236/1323/1098 1240/1325/1098 1393/1479/1098 1391/1477/1098
f 1396/1480/1098 1394/1478/1098 1393/1479/1098 1395/1481/1098
f 1240/1325/1098 1242/1329/1098 1395/1481/1098 1393/1479/1098
f 1398/1482/1098 1396/1480/1098 1395/1481/1098 1397/1483/1098
f 1242/1329/1098 1246/1331/1098 1397/1483/1098 1395/1481/1098
f 1400/1484/1098 1398/1482/1098 1397/1483/1098 1399/1485/1098
f 1246/1331/1098 1248/1335/1098 1399/1485/1098 1397/1483/1098
f 1402/1486/1098 1400/1484/1098 1399/1485/1098 1401/1487/1098
f 1248/1335/1098 1252/1337/1098 1401/1487/1098 1399/1485/1098
f 1404/1488/1098 1402/1486/1098 1401/1487/1098 1403/1489/1098
f 1252/1337/1098 1254/1341/1098 1403/1489/1098 1401/1487/1098
f 1406/1490/1098 1404/1488/1098 1403/1489/1098 1405/1491/1098
f 1254/1341/1098 1258/1343/1098 1405/1491/1098 1403/1489/1098
f 1408/1492/1098 1406/1490/1098 1405/1491/1098 1407/1493/1098
f 1258/1343/1098 1260/1347/1098 1407/1493/1098 1405/1491/1098
f 1410/1494/1098 1408/1492/1098 1407/1493/1098 1409/1495/1098
f 1260/1347/1098 1264/1349/1098 1409/1495/1098 1407/1493/1098
f 1412/1496/1098 1410/1494/1098 1409/1495/1098 1411/1497/1098
f 1264/1349/1098 1266/1353/1098 1411/1497/1098 1409/1495/1098
f 1414/1498/1098 1412/1496/1098 1411/1497/1098 1413/1499/1098
f 1266/1353/1098 1270/1355/1098 1413/1499/1098 1411/1497/1098
f 1416/1500/1098 1414/1498/1098 1413/1499/1098 1415/1501/1098
f 1270/1355/1098 1272/1359/1098 1415/1501/1098 1413/1499/1098
f 1418/1502/1098 1416/1500/1098 1415/1501/1098 1417/1503/1098
f 1272/1359/1098 1276/1361/1098 1417/1503/1098 1415/1501/1098
f 1420/1504/1098 1418/1502/1098 1417/1503/1098 1419/1505/1098
f 1276/1361/1098 1278/1365/1098 1419/1505/1098 1417/1503/1098
f 1422/1506/1098 1420/1504/1098 1419/1505/1098 1421/1507/1098
f 1278/1365/1098 1282/1367/1098 1421/1507/1098 1419/1505/1098
f 1424/1508/1098 1422/1506/1098 1421/1507/1098 1423/1509/1098
f 1282/1367/1098 1284/1371/1098 1423/1509/1098 1421/1507/1098
f 1426/1510/1098 1424/1508/1098 1423/1509/1098 1425/1511/1098
f 1284/1371/1098 1288/1373/1098 1425/1511/1098 1423/1509/1098
f 1428/1512/1098 1426/1510/1098 1425/1511/1098 1427/1513/1098
f 1288/1373/1098 1290/1377/1098 1427/1513/1098 1425/1511/1098
f 1430/1514/1098 1428/1512/1098 1427/1513/1098 1429/1515/1098
f 1290/1377/1098 1294/1379/1098 1429/1515/1098 1427/1513/1098
f 1432/1516/1098 1430/1514/1098 1429/1515/1098 1431/1517/1098
f 1294/1379/1098 1296/1383/1098 1431/1517/1098 1429/1515/1098
f 1434/1518/1098 1432/1516/1098 1431/1517/1098 1433/1519/1098
f 1296/1383/1098 1300/1385/1098 1433/1519/1098 1431/1517/1098
f 1436/1520/1098 1434/1518/1098 1433/1519/1098 1435/1394/1098
f 1300/1385/1098 1302/1389/1098 1435/1394/1098 1433/1519/1098
f 1437/1398/1098 1436/1520/1098 1435/1394/1098 1307/1393/1098
f 1436/1520/1098 1437/1398/1098 1440/1521/1230 1438/1522/1228
f 1434/1518/1098 1436/1520/1098 1438/1522/1228 1439/1523/1229
f 1441/1524/1231 1443/1525/1233 1439/1523/1229 1438/1522/1228
f 1442/1526/1232 1441/1524/1231 1438/1522/1228 1440/1521/1230
f 1441/1524/1231 1442/1526/1232 1446/1527/1236 1444/1528/1234
f 1443/1525/1233 1441/1524/1231 1444/1528/1234 1445/1529/1235
f 1447/1530/1237 1448/1531/1238 1445/1529/1235 1444/1528/1234
f 1450/1532/1240 1447/1530/1237 1444/1528/1234 1446/1527/1236
f 1448/1533/1238 1447/1534/1237 1449/1535/1239 1677/1536/1467
f 1447/1534/1237 1450/1537/1240 1451/1538/1241 1449/1535/1239
f 1450/1537/1240 1452/1539/1242 1453/1540/1243 1451/1538/1241
f 1452/1541/1242 1450/1532/1240 1446/1527/1236 1455/1542/1245
f 1452/1539/1242 1454/1543/1244 3325/1544/2571 1453/1540/1243
f 1454/1545/1244 1452/1541/1242 1455/1542/1245 1457/1546/1247
f 1456/1547/1246 1458/1548/1248 1457/1546/1247 1455/1542/1245
f 1442/1526/1232 1456/1547/1246 1455/1542/1245 1446/1527/1236
f 1458/1548/1248 1460/1549/1250 1459/1550/1249 1457/1546/1247
f 1462/1551/1252 1454/1545/1244 1457/1546/1247 1459/1550/1249
f 1460/1549/1250 1480/1552/1270 1461/1553/1251 1459/1550/1249
f 1464/1554/1254 1462/1551/1252 1459/1550/1249 1461/1553/1251
f 1454/1543/1244 1462/1555/1252 1463/1556/1253 3325/1544/2571
f 1462/1555/1252 1464/1557/1254 1465/1558/1255 1463/1556/1253
f 1464/1557/1254 1466/1559/1256 1467/1560/1257 1465/1558/1255
f 1466/1561/1256 1464/1554/1254 1461/1553/1251 1469/1562/1259
f 1466/1559/1256 1468/1563/1258 3071/1564/2317 1467/1560/1257
f 1468/1565/1258 1466/1561/1256 1469/1562/1259 1471/1566/1261
f 1470/1567/1260 1473/1568/1263 1471/1566/1261 1469/1562/1259
f 1480/1552/1270 1470/1567/1260 1469/1562/1259 1461/1553/1251
f 3074/1569/2320 1468/1565/1258 1471/1566/1261 1472/1570/1262
f 1473/1568/1263 1474/1571/1264 1472/1570/1262 1471/1566/1261
f 1474/1571/1264 1473/1568/1263 1475/1572/1265 1476/1573/1266
f 1473/1568/1263 1470/1567/1260 1477/1574/1267 1475/1572/1265
f 1320/1406/1098 1322/1408/1098 1476/1573/1266 1475/1572/1265
f 1318/1404/1098 1320/1406/1098 1475/1572/1265 1477/1574/1267
f 1316/1402/1098 1318/1404/1098 1477/1574/1267 1478/1575/1268
f 1470/1567/1260 1480/1552/1270 1478/1575/1268 1477/1574/1267
f 1314/1400/1098 1316/1402/1098 1478/1575/1268 1479/1576/1269
f 1480/1552/1270 1460/1549/1250 1479/1576/1269 1478/1575/1268
f 1312/1399/1098 1314/1400/1098 1479/1576/1269 1481/1577/1271
f 1460/1549/1250 1458/1548/1248 1481/1577/1271 1479/1576/1269
f 1310/1397/1098 1312/1399/1098 1481/1577/1271 1482/1578/1272
f 1458/1548/1248 1456/1547/1246 1482/1578/1272 1481/1577/1271
f 1437/1398/1098 1310/1397/1098 1482/1578/1272 1440/1521/1230
f 1456/1547/1246 1442/1526/1232 1440/1521/1230 1482/1578/1272
f 1322/1408/1098 1326/1410/1098 1483/1579/1273 1476/1573/1266
f 1484/1580/1274 1474/1571/1264 1476/1573/1266 1483/1579/1273
f 1326/1410/1098 1328/1413/1098 1485/1581/1275 1483/1579/1273
f 1487/1582/1277 1484/1580/1274 1483/1579/1273 1485/1581/1275
f 1328/1413/1098 1330/1414/1098 1486/1583/1276 1485/1581/1275
f 1488/1584/1278 1487/1582/1277 1485/1581/1275 1486/1583/1276
f 1487/1582/1277 1488/1584/1278 1491/1585/1281 1489/1586/1279
f 1484/1580/1274 1487/1582/1277 1489/1586/1279 1490/1587/1280
f 1492/1588/1282 1493/1589/1283 1490/1587/1280 1489/1586/1279
f 1495/1590/1285 1492/1588/1282 1489/1586/1279 1491/1585/1281
f 1493/1591/1283 1492/1592/1282 1494/1593/1284 3073/1594/2319
f 1492/1592/1282 1495/1595/1285 1496/1596/1286 1494/1593/1284
f 1495/1595/1285 1497/1597/1287 1498/1598/1288 1496/1596/1286
f 1497/1599/1287 1495/1590/1285 1491/1585/1281 1500/1600/1290
f 1497/1597/1287 1499/1601/1289 3086/1602/2332 1498/1598/1288
f 1499/1603/1289 1497/1599/1287 1500/1600/1290 1502/1604/1292
f 1501/1605/1291 1503/1606/1293 1502/1604/1292 1500/1600/1290
f 1488/1584/1278 1501/1605/1291 1500/1600/1290 1491/1585/1281
f 1503/1606/1293 1505/1607/1295 1504/1608/1294 1502/1604/1292
f 1507/1609/1297 1499/1603/1289 1502/1604/1292 1504/1608/1294
f 1505/1607/1295 3388/1610/2634 1506/1611/1296 1504/1608/1294
f 1509/1612/1299 1507/1609/1297 1504/1608/1294 1506/1611/1296
f 1499/1601/1289 1507/1613/1297 1508/1614/1298 3086/1602/2332
f 1507/1613/1297 1509/1615/1299 1510/1616/1300 1508/1614/1298
f 1509/1615/1299 1511/1617/1301 1512/1618/1302 1510/1616/1300
f 1511/1619/1301 1509/1612/1299 1506/1611/1296 1514/1620/1304
f 1511/1617/1301 1513/1621/1303 3095/1622/2341 1512/1618/1302
f 1513/1623/1303 1511/1619/1301 1514/1620/1304 1516/1624/1306
f 1515/1625/1305 1517/1626/1307 1516/1624/1306 1514/1620/1304
f 3388/1610/2634 1515/1625/1305 1514/1620/1304 1506/1611/1296
f 1517/1626/1307 1519/1627/1309 1518/1628/1308 1516/1624/1306
f 1521/1629/1311 1513/1623/1303 1516/1624/1306 1518/1628/1308
f 1519/1627/1309 3383/1630/2629 1520/1631/1310 1518/1628/1308
f 1523/1632/1313 1521/1629/1311 1518/1628/1308 1520/1631/1310
f 1513/1621/1303 1521/1633/1311 1522/1634/1312 3095/1622/2341
f 1521/1633/1311 1523/1635/1313 1524/1636/1314 1522/1634/1312
f 1523/1635/1313 1525/1637/1315 1526/1638/1316 1524/1636/1314
f 1525/1639/1315 1523/1632/1313 1520/1631/1310 1528/1640/1318
f 1525/1637/1315 1527/1641/1317 3104/1642/2350 1526/1638/1316
f 1527/1643/1317 1525/1639/1315 1528/1640/1318 1530/1644/1320
f 1529/1645/1319 1531/1646/1321 1530/1644/1320 1528/1640/1318
f 3383/1630/2629 1529/1645/1319 1528/1640/1318 1520/1631/1310
f 1531/1646/1321 1533/1647/1323 1532/1648/1322 1530/1644/1320
f 1535/1649/1325 1527/1643/1317 1530/1644/1320 1532/1648/1322
f 1533/1647/1323 3378/1650/2624 1534/1651/1324 1532/1648/1322
f 1537/1652/1327 1535/1649/1325 1532/1648/1322 1534/1651/1324
f 1527/1641/1317 1535/1653/1325 1536/1654/1326 3104/1642/2350
f 1535/1653/1325 1537/1655/1327 1538/1656/1328 1536/1654/1326
f 1537/1655/1327 1539/1657/1329 1540/1658/1330 1538/1656/1328
f 1539/1659/1329 1537/1652/1327 1534/1651/1324 1542/1660/1332
f 1539/1657/1329 1541/1661/1331 3113/1662/2359 1540/1658/1330
f 1541/1663/1331 1539/1659/1329 1542/1660/1332 1544/1664/1334
f 1543/1665/1333 1545/1666/1335 1544/1664/1334 1542/1660/1332
f 3378/1650/2624 1543/1665/1333 1542/1660/1332 1534/1651/1324
f 1545/1666/1335 1547/1667/1337 1546/1668/1336 1544/1664/1334
f 1549/1669/1339 1541/1663/1331 1544/1664/1334 1546/1668/1336
f 1547/1667/1337 3373/1670/2619 1548/1671/1338 1546/1668/1336
f 1551/1672/1341 1549/1669/1339 1546/1668/1336 1548/1671/1338
f 1541/1661/1331 1549/1673/1339 1550/1674/1340 3113/1662/2359
f 1549/1673/1339 1551/1675/1341 1552/1676/1342 1550/1674/1340
f 1551/1675/1341 1553/1677/1343 1554/1678/1344 1552/1676/1342
f 1553/1679/1343 1551/1672/1341 1548/1671/1338 1556/1680/1346
f 1553/1677/1343 1555/1681/1345 3122/1682/2368 1554/1678/1344
f 1555/1683/1345 1553/1679/1343 1556/1680/1346 1558/1684/1348
f 1557/1685/1347 1559/1686/1349 1558/1684/1348 1556/1680/1346
f 3373/1670/2619 1557/1685/1347 1556/1680/1346 1548/1671/1338
f 1559/1686/1349 1561/1687/1351 1560/1688/1350 1558/1684/1348
f 1563/1689/1353 1555/1683/1345 1558/1684/1348 1560/1688/1350
f 1561/1687/1351 3368/1690/2614 1562/1691/1352 1560/1688/1350
f 1565/1692/1355 1563/1689/1353 1560/1688/1350 1562/1691/1352
f 1555/1681/1345 1563/1693/1353 1564/1694/1354 3122/1682/2368
f 1563/1693/1353 1565/1695/1355 1566/1696/1356 1564/1694/1354
f 1565/1695/1355 1567/1697/1357 1568/1698/1358 1566/1696/1356
f 1567/1699/1357 1565/1692/1355 1562/1691/1352 1570/1700/1360
f 1567/1697/1357 1569/1701/1359 3131/1702/2377 1568/1698/1358
f 1569/1703/1359 1567/1699/1357 1570/1700/1360 1572/1704/1362
f 1571/1705/1361 1573/1706/1363 1572/1704/1362 1570/1700/1360
f 3368/1690/2614 1571/1705/1361 1570/1700/1360 1562/1691/1352
f 1573/1706/1363 1575/1707/1365 1574/1708/1364 1572/1704/1362
f 1577/1709/1367 1569/1703/1359 1572/1704/1362 1574/1708/1364
f 1575/1707/1365 3363/1710/2609 1576/1711/1366 1574/1708/1364
f 1579/1712/1369 1577/1709/1367 1574/1708/1364 1576/1711/1366
f 1569/1701/1359 1577/1713/1367 1578/1714/1368 3131/1702/2377
f 1577/1713/1367 1579/1715/1369 1580/1716/1370 1578/1714/1368
f 1579/1715/1369 1581/1717/1371 1582/1718/1372 1580/1716/1370
f 1581/1719/1371 1579/1712/1369 1576/1711/1366 1584/1720/1374
f 1581/1717/1371 1583/1721/1373 3140/1722/2386 1582/1718/1372
f 1583/1723/1373 1581/1719/1371 1584/1720/1374 1586/1724/1376
f 1585/1725/1375 1587/1726/1377 1586/1724/1376 1584/1720/1374
f 3363/1710/2609 1585/1725/1375 1584/1720/1374 1576/1711/1366
f 1587/1726/1377 1589/1727/1379 1588/1728/1378 1586/1724/1376
f 1591/1729/1381 1583/1723/1373 1586/1724/1376 1588/1728/1378
f 1589/1727/1379 3358/1730/2604 1590/1731/1380 1588/1728/1378
f 1593/1732/1383 1591/1729/1381 1588/1728/1378 1590/1731/1380
f 1583/1721/1373 1591/1733/1381 1592/1734/1382 3140/1722/2386
f 1591/1733/1381 1593/1735/1383 1594/1736/1384 1592/1734/1382
f 1593/1735/1383 1595/1737/1385 1596/1738/1386 1594/1736/1384
f 1595/1739/1385 1593/1732/1383 1590/1731/1380 1598/1740/1388
f 1595/1737/1385 1597/1741/1387 3149/1742/2395 1596/1738/1386
f 1597/1743/1387 1595/1739/1385 1598/1740/1388 1600/1744/1390
f 1599/1745/1389 1601/1746/1391 1600/1744/1390 1598/1740/1388
f 3358/1730/2604 1599/1745/1389 1598/1740/1388 1590/1731/1380
f 1601/1746/1391 1603/1747/1393 1602/1748/1392 1600/1744/1390
f 1605/1749/1395 1597/1743/1387 1600/1744/1390 1602/1748/1392
f 1603/1747/1393 3353/1750/2599 1604/1751/1394 1602/1748/1392
f 1607/1752/1397 1605/1749/1395 1602/1748/1392 1604/1751/1394
f 1597/1741/1387 1605/1753/1395 1606/1754/1396 3149/1742/2395
f 1605/1753/1395 1607/1755/1397 1608/1756/1398 1606/1754/1396
f 1607/1755/1397 1609/1757/1399 1610/1758/1400 1608/1756/1398
f 1609/1759/1399 1607/1752/1397 1604/1751/1394 1612/1760/1402
f 1609/1757/1399 1611/1761/1401 3158/1762/2404 1610/1758/1400
f 1611/1763/1401 1609/1759/1399 1612/1760/1402 1614/1764/1404
f 1613/1765/1403 1615/1766/1405 1614/1764/1404 1612/1760/1402
f 3353/1750/2599 1613/1765/1403 1612/1760/1402 1604/1751/1394
f 1615/1766/1405 1617/1767/1407 1616/1768/1406 1614/1764/1404
f 1619/1769/1409 1611/1763/1401 1614/1764/1404 1616/1768/1406
f 1617/1767/1407 3348/1770/2594 1618/1771/1408 1616/1768/1406
f 1621/1772/1411 1619/1769/1409 1616/1768/1406 1618/1771/1408
f 1611/1761/1401 1619/1773/1409 1620/1774/1410 3158/1762/2404
f 1619/1773/1409 1621/1775/1411 1622/1776/1412 1620/1774/1410
f 1621/1775/1411 1623/1777/1413 1624/1778/1414 1622/1776/1412
f 1623/1779/1413 1621/1772/1411 1618/1771/1408 1626/1780/1416
f 1623/1777/1413 1625/1781/1415 3167/1782/2413 1624/1778/1414
f 1625/1783/1415 1623/1779/1413 1626/1780/1416 1628/1784/1418
f 1627/1785/1417 1629/1786/1419 1628/1784/1418 1626/1780/1416
f 3348/1770/2594 1627/1785/1417 1626/1780/1416 1618/1771/1408
f 1629/1786/1419 1631/1787/1421 1630/1788/1420 1628/1784/1418
f 1633/1789/1423 1625/1783/1415 1628/1784/1418 1630/1788/1420
f 1631/1787/1421 3343/1790/2589 1632/1791/1422 1630/1788/1420
f 1635/1792/1425 1633/1789/1423 1630/1788/1420 1632/1791/1422
f 1625/1781/1415 1633/1793/1423 1634/1794/1424 3167/1782/2413
f 1633/1793/1423 1635/1795/1425 1636/1796/1426 1634/1794/1424
f 1635/1795/1425 1637/1797/1427 1638/1798/1428 1636/1796/1426
f 1637/1799/1427 1635/1792/1425 1632/1791/1422 1640/1800/1430
f 1637/1797/1427 1639/1801/1429 3176/1802/2422 1638/1798/1428
f 1639/1803/1429 1637/1799/1427 1640/1800/1430 1642/1804/1432
f 1641/1805/1431 1643/1806/1433 1642/1804/1432 1640/1800/1430
f 3343/1790/2589 1641/1805/1431 1640/1800/1430 1632/1791/1422
f 1643/1806/1433 1645/1807/1435 1644/1808/1434 1642/1804/1432
f 1647/1809/1437 1639/1803/1429 1642/1804/1432 1644/1808/1434
f 1645/1807/1435 3338/1810/2584 1646/1811/1436 1644/1808/1434
f 1649/1812/1439 1647/1809/1437 1644/1808/1434 1646/1811/1436
f 1639/1801/1429 1647/1813/1437 1648/1814/1438 3176/1802/2422
f 1647/1813/1437 1649/1815/1439 1650/1816/1440 1648/1814/1438
f 1649/1815/1439 1651/1817/1441 1652/1818/1442 1650/1816/1440
f 1651/1819/1441 1649/1812/1439 1646/1811/1436 1654/1820/1444
f 1651/1817/1441 1653/1821/1443 3185/1822/2431 1652/1818/1442
f 1653/1823/1443 1651/1819/1441 1654/1820/1444 1656/1824/1446
f 1655/1825/1445 1657/1826/1447 1656/1824/1446 1654/1820/1444
f 3338/1810/2584 1655/1825/1445 1654/1820/1444 1646/1811/1436
f 1657/1826/1447 1659/1827/1449 1658/1828/1448 1656/1824/1446
f 1661/1829/1451 1653/1823/1443 1656/1824/1446 1658/1828/1448
f 1659/1827/1449 3333/1830/2579 1660/1831/1450 1658/1828/1448
f 1663/1832/1453 1661/1829/1451 1658/1828/1448 1660/1831/1450
f 1653/1821/1443 1661/1833/1451 1662/1834/1452 3185/1822/2431
f 1661/1833/1451 1663/1835/1453 1664/1836/1454 1662/1834/1452
f 1663/1835/1453 1665/1837/1455 1666/1838/1456 1664/1836/1454
f 1665/1839/1455 1663/1832/1453 1660/1831/1450 1668/1840/1458
f 1665/1837/1455 1667/1841/1457 1678/1842/1468 1666/1838/1456
f 1667/1843/1457 1665/1839/1455 1668/1840/1458 1670/1844/1460
f 1669/1845/1459 1671/1846/1461 1670/1844/1460 1668/1840/1458
f 3333/1830/2579 1669/1845/1459 1668/1840/1458 1660/1831/1450
f 1671/1846/1461 1673/1847/1463 1672/1848/1462 1670/1844/1460
f 1674/1849/1464 1667/1843/1457 1670/1844/1460 1672/1848/1462
f 1673/1847/1463 1443/1525/1233 1445/1529/1235 1672/1848/1462
f 1448/1531/1238 1674/1849/1464 1672/1848/1462 1445/1529/1235
f 1667/1841/1457 1674/1850/1464 1675/1851/1465 1678/1842/1468
f 1674/1850/1464 1448/1533/1238 1677/1536/1467 1675/1851/1465
f 1676/1852/1466 1679/1853/1469 1678/1842/1468 1675/1851/1465
f 3326/1854/2572 1676/1852/1466 1675/1851/1465 1677/1536/1467
f 1679/1853/1469 1680/1855/1470 1666/1838/1456 1678/1842/1468
f 1680/1855/1470 1679/1853/1469 1681/1856/1471 1682/1857/1472
f 1679/1853/1469 1676/1852/1466 1684/1858/1474 1681/1856/1471
f 1683/1859/1473 3191/1860/2437 1682/1857/1472 1681/1856/1471
f 1686/1861/1476 1683/1859/1473 1681/1856/1471 1684/1858/1474
f 1676/1852/1466 3326/1854/2572 1685/1862/1475 1684/1858/1474
f 1687/1863/1477 1686/1861/1476 1684/1858/1474 1685/1862/1475
f 1687/1863/1477 1689/1864/1479 1688/1865/1478 1686/1861/1476
f 1691/1866/1481 1683/1859/1473 1686/1861/1476 1688/1865/1478
f 1689/1864/1479 3327/1867/2573 1690/1868/1480 1688/1865/1478
f 1693/1869/1483 1691/1866/1481 1688/1865/1478 1690/1868/1480
f 1683/1859/1473 1691/1866/1481 1692/1870/1482 3191/1860/2437
f 1691/1866/1481 1693/1869/1483 1694/1871/1484 1692/1870/1482
f 1694/1871/1484 1693/1869/1483 1695/1872/1485 1696/1873/1486
f 1693/1869/1483 1690/1868/1480 1698/1874/1488 1695/1872/1485
f 1697/1875/1487 1710/1876/1500 1696/1873/1486 1695/1872/1485
f 1700/1877/1490 1697/1875/1487 1695/1872/1485 1698/1874/1488
f 1690/1868/1480 3327/1867/2573 1699/1878/1489 1698/1874/1488
f 1701/1879/1491 1700/1877/1490 1698/1874/1488 1699/1878/1489
f 1700/1877/1490 1701/1879/1491 1704/1880/1494 1702/1881/1492
f 1697/1875/1487 1700/1877/1490 1702/1881/1492 1705/1882/1495
f 1703/1883/1493 1706/1884/1496 1705/1882/1495 1702/1881/1492
f 2044/1885/1834 1703/1883/1493 1702/1881/1492 1704/1880/1494
f 1706/1884/1496 1708/1886/1498 1707/1887/1497 1705/1882/1495
f 1710/1876/1500 1697/1875/1487 1705/1882/1495 1707/1887/1497
f 1708/1886/1498 2035/1888/1825 1709/1889/1499 1707/1887/1497
f 1711/1890/1501 1710/1876/1500 1707/1887/1497 1709/1889/1499
f 1710/1876/1500 1711/1890/1501 1713/1891/1503 1696/1873/1486
f 1712/1892/1502 1711/1890/1501 1709/1889/1499 1724/1893/1514
f 1711/1890/1501 1712/1892/1502 1715/1894/1505 1713/1891/1503
f 1714/1895/1504 1694/1871/1484 1696/1873/1486 1713/1891/1503
f 1716/1896/1506 1714/1895/1504 1713/1891/1503 1715/1894/1505
f 1718/1897/1508 1716/1896/1506 1715/1894/1505 1717/1898/1507
f 1712/1892/1502 1720/1899/1510 1717/1898/1507 1715/1894/1505
f 3198/1900/2444 1718/1897/1508 1717/1898/1507 1719/1901/1509
f 1720/1899/1510 1721/1902/1511 1719/1901/1509 1717/1898/1507
f 1721/1902/1511 1720/1899/1510 1722/1903/1512 1725/1904/1515
f 1720/1899/1510 1712/1892/1502 1724/1893/1514 1722/1903/1512
f 1723/1905/1513 1726/1906/1516 1725/1904/1515 1722/1903/1512
f 2031/1907/1821 1723/1905/1513 1722/1903/1512 1724/1893/1514
f 1726/1906/1516 1728/1908/1518 1727/1909/1517 1725/1904/1515
f 1729/1910/1519 1721/1902/1511 1725/1904/1515 1727/1909/1517
f 1728/1908/1518 1731/1911/1521 1730/1912/1520 1727/1909/1517
f 1733/1913/1523 1729/1910/1519 1727/1909/1517 1730/1912/1520
f 1731/1911/1521 2021/1914/1811 1732/1915/1522 1730/1912/1520
f 1735/1916/1525 1733/1913/1523 1730/1912/1520 1732/1915/1522
f 1729/1910/1519 1733/1913/1523 1734/1917/1524 3204/1918/2450
f 1733/1913/1523 1735/1916/1525 1737/1919/1527 1734/1917/1524
f 1736/1920/1526 1735/1916/1525 1732/1915/1522 1748/1921/1538
f 1735/1916/1525 1736/1920/1526 1739/1922/1529 1737/1919/1527
f 1738/1923/1528 3203/1924/2449 1734/1917/1524 1737/1919/1527
f 1740/1925/1530 1738/1923/1528 1737/1919/1527 1739/1922/1529
f 1742/1926/1532 1740/1925/1530 1739/1922/1529 1741/1927/1531
f 1736/1920/1526 1744/1928/1534 1741/1927/1531 1739/1922/1529
f 3214/1929/2460 1742/1926/1532 1741/1927/1531 1743/1930/1533
f 1744/1928/1534 1745/1931/1535 1743/1930/1533 1741/1927/1531
f 1745/1931/1535 1744/1928/1534 1746/1932/1536 1749/1933/1539
f 1744/1928/1534 1736/1920/1526 1748/1921/1538 1746/1932/1536
f 1747/1934/1537 1750/1935/1540 1749/1933/1539 1746/1932/1536
f 2017/1936/1807 1747/1934/1537 1746/1932/1536 1748/1921/1538
f 1750/1935/1540 1752/1937/1542 1751/1938/1541 1749/1933/1539
f 1753/1939/1543 1745/1931/1535 1749/1933/1539 1751/1938/1541
f 1752/1937/1542 1755/1940/1545 1754/1941/1544 1751/1938/1541
f 1757/1942/1547 1753/1939/1543 1751/1938/1541 1754/1941/1544
f 1755/1940/1545 2007/1943/1797 1756/1944/1546 1754/1941/1544
f 1759/1945/1549 1757/1942/1547 1754/1941/1544 1756/1944/1546
f 1753/1939/1543 1757/1942/1547 1758/1946/1548 3220/1947/2466
f 1757/1942/1547 1759/1945/1549 1761/1948/1551 1758/1946/1548
f 1760/1949/1550 1759/1945/1549 1756/1944/1546 1772/1950/1562
f 1759/1945/1549 1760/1949/1550 1763/1951/1553 1761/1948/1551
f 1762/1952/1552 3219/1953/2465 1758/1946/1548 1761/1948/1551
f 1764/1954/1554 1762/1952/1552 1761/1948/1551 1763/1951/1553
f 1766/1955/1556 1764/1954/1554 1763/1951/1553 1765/1956/1555
f 1760/1949/1550 1768/1957/1558 1765/1956/1555 1763/1951/1553
f 3230/1958/2476 1766/1955/1556 1765/1956/1555 1767/1959/1557
f 1768/1957/1558 1769/1960/1559 1767/1959/1557 1765/1956/1555
f 1769/1960/1559 1768/1957/1558 1770/1961/1560 1773/1962/1563
f 1768/1957/1558 1760/1949/1550 1772/1950/1562 1770/1961/1560
f 1771/1963/1561 1774/1964/1564 1773/1962/1563 1770/1961/1560
f 2003/1965/1793 1771/1963/1561 1770/1961/1560 1772/1950/1562
f 1774/1964/1564 1776/1966/1566 1775/1967/1565 1773/1962/1563
f 1777/1968/1567 1769/1960/1559 1773/1962/1563 1775/1967/1565
f 1776/1966/1566 1779/1969/1569 1778/1970/1568 1775/1967/1565
f 1781/1971/1571 1777/1968/1567 1775/1967/1565 1778/1970/1568
f 1779/1969/1569 1993/1972/1783 1780/1973/1570 1778/1970/1568
f 1783/1974/1573 1781/1971/1571 1778/1970/1568 1780/1973/1570
f 1777/1968/1567 1781/1971/1571 1782/1975/1572 3236/1976/2482
f 1781/1971/1571 1783/1974/1573 1785/1977/1575 1782/1975/1572
f 1784/1978/1574 1783/1974/1573 1780/1973/1570 1796/1979/1586
f 1783/1974/1573 1784/1978/1574 1787/1980/1577 1785/1977/1575
f 1786/1981/1576 3235/1982/2481 1782/1975/1572 1785/1977/1575
f 1788/1983/1578 1786/1981/1576 1785/1977/1575 1787/1980/1577
f 1790/1984/1580 1788/1983/1578 1787/1980/1577 1789/1985/1579
f 1784/1978/1574 1792/1986/1582 1789/1985/1579 1787/1980/1577
f 3246/1987/2492 1790/1984/1580 1789/1985/1579 1791/1988/1581
f 1792/1986/1582 1793/1989/1583 1791/1988/1581 1789/1985/1579
f 1793/1989/1583 1792/1986/1582 1794/1990/1584 1797/1991/1587
f 1792/1986/1582 1784/1978/1574 1796/1979/1586 1794/1990/1584
f 1795/1992/1585 1798/1993/1588 1797/1991/1587 1794/1990/1584
f 1989/1994/1779 1795/1992/1585 1794/1990/1584 1796/1979/1586
f 1798/1993/1588 1800/1995/1590 1799/1996/1589 1797/1991/1587
f 1801/1997/1591 1793/1989/1583 1797/1991/1587 1799/1996/1589
f 1800/1995/1590 1803/1998/1593 1802/1999/1592 1799/1996/1589
f 1805/2000/1595 1801/1997/1591 1799/1996/1589 1802/1999/1592
f 1803/1998/1593 1979/2001/1769 1804/2002/1594 1802/1999/1592
f 1807/2003/1597 1805/2000/1595 1802/1999/1592 1804/2002/1594
f 1801/1997/1591 1805/2000/1595 1806/2004/1596 3252/2005/2498
f 1805/2000/1595 1807/2003/1597 1809/2006/1599 1806/2004/1596
f 1808/2007/1598 1807/2003/1597 1804/2002/1594 1820/2008/1610
f 1807/2003/1597 1808/2007/1598 1811/2009/1601 1809/2006/1599
f 1810/2010/1600 3251/2011/2497 1806/2004/1596 1809/2006/1599
f 1812/2012/1602 1810/2010/1600 1809/2006/1599 1811/2009/1601
f 1814/2013/1604 1812/2012/1602 1811/2009/1601 1813/2014/1603
f 1808/2007/1598 1816/2015/1606 1813/2014/1603 1811/2009/1601
f 3262/2016/2508 1814/2013/1604 1813/2014/1603 1815/2017/1605
f 1816/2015/1606 1817/2018/1607 1815/2017/1605 1813/2014/1603
f 1817/2018/1607 1816/2015/1606 1818/2019/1608 1821/2020/1611
f 1816/2015/1606 1808/2007/1598 1820/2008/1610 1818/2019/1608
f 1819/2021/1609 1822/2022/1612 1821/2020/1611 1818/2019/1608
f 1975/2023/1765 1819/2021/1609 1818/2019/1608 1820/2008/1610
f 1822/2022/1612 1824/2024/1614 1823/2025/1613 1821/2020/1611
f 1825/2026/1615 1817/2018/1607 1821/2020/1611 1823/2025/1613
f 1824/2024/1614 1827/2027/1617 1826/2028/1616 1823/2025/1613
f 1829/2029/1619 1825/2026/1615 1823/2025/1613 1826/2028/1616
f 1827/2027/1617 1965/2030/1755 1828/2031/1618 1826/2028/1616
f 1831/2032/1621 1829/2029/1619 1826/2028/1616 1828/2031/1618
f 1825/2026/1615 1829/2029/1619 1830/2033/1620 3268/2034/2514
f 1829/2029/1619 1831/2032/1621 1833/2035/1623 1830/2033/1620
f 1832/2036/1622 1831/2032/1621 1828/2031/1618 1844/2037/1634
f 1831/2032/1621 1832/2036/1622 1835/2038/1625 1833/2035/1623
f 1834/2039/1624 3267/2040/2513 1830/2033/1620 1833/2035/1623
f 1836/2041/1626 1834/2039/1624 1833/2035/1623 1835/2038/1625
f 1838/2042/1628 1836/2041/1626 1835/2038/1625 1837/2043/1627
f 1832/2036/1622 1840/2044/1630 1837/2043/1627 1835/2038/1625
f 3278/2045/2524 1838/2042/1628 1837/2043/1627 1839/2046/1629
f 1840/2044/1630 1841/2047/1631 1839/2046/1629 1837/2043/1627
f 1841/2047/1631 1840/2044/1630 1842/2048/1632 1845/2049/1635
f 1840/2044/1630 1832/2036/1622 1844/2037/1634 1842/2048/1632
f 1843/2050/1633 1846/2051/1636 1845/2049/1635 1842/2048/1632
f 1961/2052/1751 1843/2050/1633 1842/2048/1632 1844/2037/1634
f 1846/2051/1636 1848/2053/1638 1847/2054/1637 1845/2049/1635
f 1849/2055/1639 1841/2047/1631 1845/2049/1635 1847/2054/1637
f 1848/2053/1638 1851/2056/1641 1850/2057/1640 1847/2054/1637
f 1853/2058/1643 1849/2055/1639 1847/2054/1637 1850/2057/1640
f 1851/2056/1641 1951/2059/1741 1852/2060/1642 1850/2057/1640
f 1855/2061/1645 1853/2058/1643 1850/2057/1640 1852/2060/1642
f 1849/2055/1639 1853/2058/1643 1854/2062/1644 3284/2063/2530
f 1853/2058/1643 1855/2061/1645 1857/2064/1647 1854/2062/1644
f 1856/2065/1646 1855/2061/1645 1852/2060/1642 1868/2066/1658
f 1855/2061/1645 1856/2065/1646 1859/2067/1649 1857/2064/1647
f 1858/2068/1648 3283/2069/2529 1854/2062/1644 1857/2064/1647
f 1860/2070/1650 1858/2068/1648 1857/2064/1647 1859/2067/1649
f 1862/2071/1652 1860/2070/1650 1859/2067/1649 1861/2072/1651
f 1856/2065/1646 1864/2073/1654 1861/2072/1651 1859/2067/1649
f 3294/2074/2540 1862/2071/1652 1861/2072/1651 1863/2075/1653
f 1864/2073/1654 1865/2076/1655 1863/2075/1653 1861/2072/1651
f 1865/2076/1655 1864/2073/1654 1866/2077/1656 1869/2078/1659
f 1864/2073/1654 1856/2065/1646 1868/2066/1658 1866/2077/1656
f 1867/2079/1657 1870/2080/1660 1869/2078/1659 1866/2077/1656
f 1947/2081/1737 1867/2079/1657 1866/2077/1656 1868/2066/1658
f 1870/2080/1660 1872/2082/1662 1871/2083/1661 1869/2078/1659
f 1873/2084/1663 1865/2076/1655 1869/2078/1659 1871/2083/1661
f 1872/2082/1662 1875/2085/1665 1874/2086/1664 1871/2083/1661
f 1877/2087/1667 1873/2084/1663 1871/2083/1661 1874/2086/1664
f 1875/2085/1665 1937/2088/1727 1876/2089/1666 1874/2086/1664
f 1879/2090/1669 1877/2087/1667 1874/2086/1664 1876/2089/1666
f 1873/2084/1663 1877/2087/1667 1878/2091/1668 3300/2092/2546
f 1877/2087/1667 1879/2090/1669 1881/2093/1671 1878/2091/1668
f 1880/2094/1670 1879/2090/1669 1876/2089/1666 1892/2095/1682
f 1879/2090/1669 1880/2094/1670 1883/2096/1673 1881/2093/1671
f 1882/2097/1672 3299/2098/2545 1878/2091/1668 1881/2093/1671
f 1884/2099/1674 1882/2097/1672 1881/2093/1671 1883/2096/1673
f 1886/2100/1676 1884/2099/1674 1883/2096/1673 1885/2101/1675
f 1880/2094/1670 1888/2102/1678 1885/2101/1675 1883/2096/1673
f 3310/2103/2556 1886/2100/1676 1885/2101/1675 1887/2104/1677
f 1888/2102/1678 1889/2105/1679 1887/2104/1677 1885/2101/1675
f 1889/2105/1679 1888/2102/1678 1890/2106/1680 1893/2107/1683
f 1888/2102/1678 1880/2094/1670 1892/2095/1682 1890/2106/1680
f 1891/2108/1681 1894/2109/1684 1893/2107/1683 1890/2106/1680
f 1933/2110/1723 1891/2108/1681 1890/2106/1680 1892/2095/1682
f 1894/2109/1684 1896/2111/1686 1895/2112/1685 1893/2107/1683
f 1897/2113/1687 1889/2105/1679 1893/2107/1683 1895/2112/1685
f 1896/2111/1686 1899/2114/1689 1898/2115/1688 1895/2112/1685
f 1901/2116/1691 1897/2113/1687 1895/2112/1685 1898/2115/1688
f 1899/2114/1689 1920/2117/1710 1900/2118/1690 1898/2115/1688
f 1903/2119/1693 1901/2116/1691 1898/2115/1688 1900/2118/1690
f 1897/2113/1687 1901/2116/1691 1902/2120/1692 3316/2121/2562
f 1901/2116/1691 1903/2119/1693 1905/2122/1695 1902/2120/1692
f 1904/2123/1694 1903/2119/1693 1900/2118/1690 1917/2124/1707
f 1903/2119/1693 1904/2123/1694 1907/2125/1697 1905/2122/1695
f 1906/2126/1696 3315/2127/2561 1902/2120/1692 1905/2122/1695
f 1908/2128/1698 1906/2126/1696 1905/2122/1695 1907/2125/1697
f 1910/2129/1700 1908/2128/1698 1907/2125/1697 1909/2130/1699
f 1904/2123/1694 1912/2131/1702 1909/2130/1699 1907/2125/1697
f 3034/2132/2280 1910/2129/1700 1909/2130/1699 1911/2133/1701
f 1912/2131/1702 1913/2134/1703 1911/2133/1701 1909/2130/1699
f 1913/2134/1703 1912/2131/1702 1914/2135/1704 1915/2136/1705
f 1912/2131/1702 1904/2123/1694 1917/2124/1707 1914/2135/1704
f 1916/2137/1706 2083/2138/1873 1915/2136/1705 1914/2135/1704
f 1918/2139/1708 1916/2137/1706 1914/2135/1704 1917/2124/1707
f 1920/2117/1710 1918/2139/1708 1917/2124/1707 1900/2118/1690
f 2086/2140/1876 1916/2137/1706 1918/2139/1708 1919/2141/1709
f 1920/2117/1710 1921/2142/1711 1919/2141/1709 1918/2139/1708
f 1921/2142/1711 1920/2117/1710 1899/2114/1689 1923/2143/1713
f 1921/2142/1711 1922/2144/1712 2088/2145/1878 1919/2141/1709
f 1922/2144/1712 1921/2142/1711 1923/2143/1713 1924/2146/1714
f 1925/2147/1715 1926/2148/1716 1924/2146/1714 1923/2143/1713
f 1896/2111/1686 1925/2147/1715 1923/2143/1713 1899/2114/1689
f 1926/2148/1716 1925/2147/1715 1927/2149/1717 1928/2150/1718
f 1925/2147/1715 1896/2111/1686 1894/2109/1684 1927/2149/1717
f 1929/2151/1719 1930/2152/1720 1928/2150/1718 1927/2149/1717
f 1891/2108/1681 1929/2151/1719 1927/2149/1717 1894/2109/1684
f 1930/2152/1720 1929/2151/1719 1931/2153/1721 1932/2154/1722
f 1929/2151/1719 1891/2108/1681 1933/2110/1723 1931/2153/1721
f 1934/2155/1724 1935/2156/1725 1932/2154/1722 1931/2153/1721
f 1937/2088/1727 1934/2155/1724 1931/2153/1721 1933/2110/1723
f 1935/2156/1725 1934/2155/1724 1936/2157/1726 1938/2158/1728
f 1934/2155/1724 1937/2088/1727 1875/2085/1665 1936/2157/1726
f 1937/2088/1727 1933/2110/1723 1892/2095/1682 1876/2089/1666
f 1939/2159/1729 1940/2160/1730 1938/2158/1728 1936/2157/1726
f 1872/2082/1662 1939/2159/1729 1936/2157/1726 1875/2085/1665
f 1940/2160/1730 1939/2159/1729 1941/2161/1731 1942/2162/1732
f 1939/2159/1729 1872/2082/1662 1870/2080/1660 1941/2161/1731
f 1943/2163/1733 1944/2164/1734 1942/2162/1732 1941/2161/1731
f 1867/2079/1657 1943/2163/1733 1941/2161/1731 1870/2080/1660
f 1944/2164/1734 1943/2163/1733 1945/2165/1735 1946/2166/1736
f 1943/2163/1733 1867/2079/1657 1947/2081/1737 1945/2165/1735
f 1948/2167/1738 1949/2168/1739 1946/2166/1736 1945/2165/1735
f 1951/2059/1741 1948/2167/1738 1945/2165/1735 1947/2081/1737
f 1949/2168/1739 1948/2167/1738 1950/2169/1740 1952/2170/1742
f 1948/2167/1738 1951/2059/1741 1851/2056/1641 1950/2169/1740
f 1951/2059/1741 1947/2081/1737 1868/2066/1658 1852/2060/1642
f 1953/2171/1743 1954/2172/1744 1952/2170/1742 1950/2169/1740
f 1848/2053/1638 1953/2171/1743 1950/2169/1740 1851/2056/1641
f 1954/2172/1744 1953/2171/1743 1955/2173/1745 1956/2174/1746
f 1953/2171/1743 1848/2053/1638 1846/2051/1636 1955/2173/1745
f 1957/2175/1747 1958/2176/1748 1956/2174/1746 1955/2173/1745
f 1843/2050/1633 1957/2175/1747 1955/2173/1745 1846/2051/1636
f 1958/2176/1748 1957/2175/1747 1959/2177/1749 1960/2178/1750
f 1957/2175/1747 1843/2050/1633 1961/2052/1751 1959/2177/1749
f 1962/2179/1752 1963/2180/1753 1960/2178/1750 1959/2177/1749
f 1965/2030/1755 1962/2179/1752 1959/2177/1749 1961/2052/1751
f 1963/2180/1753 1962/2179/1752 1964/2181/1754 1966/2182/1756
f 1962/2179/1752 1965/2030/1755 1827/2027/1617 1964/2181/1754
f 1965/2030/1755 1961/2052/1751 1844/2037/1634 1828/2031/1618
f 1967/2183/1757 1968/2184/1758 1966/2182/1756 1964/2181/1754
f 1824/2024/1614 1967/2183/1757 1964/2181/1754 1827/2027/1617
f 1968/2184/1758 1967/2183/1757 1969/2185/1759 1970/2186/1760
f 1967/2183/1757 1824/2024/1614 1822/2022/1612 1969/2185/1759
f 1971/2187/1761 1972/2188/1762 1970/2186/1760 1969/2185/1759
f 1819/2021/1609 1971/2187/1761 1969/2185/1759 1822/2022/1612
f 1972/2188/1762 1971/2187/1761 1973/2189/1763 1974/2190/1764
f 1971/2187/1761 1819/2021/1609 1975/2023/1765 1973/2189/1763
f 1976/2191/1766 1977/2192/1767 1974/2190/1764 1973/2189/1763
f 1979/2001/1769 1976/2191/1766 1973/2189/1763 1975/2023/1765
f 1977/2192/1767 1976/2191/1766 1978/2193/1768 1980/2194/1770
f 1976/2191/1766 1979/2001/1769 1803/1998/1593 1978/2193/1768
f 1979/2001/1769 1975/2023/1765 1820/2008/1610 1804/2002/1594
f 1981/2195/1771 1982/2196/1772 1980/2194/1770 1978/2193/1768
f 1800/1995/1590 1981/2195/1771 1978/2193/1768 1803/1998/1593
f 1982/2196/1772 1981/2195/1771 1983/2197/1773 1984/2198/1774
f 1981/2195/1771 1800/1995/1590 1798/1993/1588 1983/2197/1773
f 1985/2199/1775 1986/2200/1776 1984/2198/1774 1983/2197/1773
f 1795/1992/1585 1985/2199/1775 1983/2197/1773 1798/1993/1588
f 1986/2200/1776 1985/2199/1775 1987/2201/1777 1988/2202/1778
f 1985/2199/1775 1795/1992/1585 1989/1994/1779 1987/2201/1777
f 1990/2203/1780 1991/2204/1781 1988/2202/1778 1987/2201/1777
f 1993/1972/1783 1990/2203/1780 1987/2201/1777 1989/1994/1779
f 1991/2204/1781 1990/2203/1780 1992/2205/1782 1994/2206/1784
f 1990/2203/1780 1993/1972/1783 1779/1969/1569 1992/2205/1782
f 1993/1972/1783 1989/1994/1779 1796/1979/1586 1780/1973/1570
f 1995/2207/1785 1996/2208/1786 1994/2206/1784 1992/2205/1782
f 1776/1966/1566 1995/2207/1785 1992/2205/1782 1779/1969/1569
f 1996/2208/1786 1995/2207/1785 1997/2209/1787 1998/2210/1788
f 1995/2207/1785 1776/1966/1566 1774/1964/1564 1997/2209/1787
f 1999/2211/1789 2000/2212/1790 1998/2210/1788 1997/2209/1787
f 1771/1963/1561 1999/2211/1789 1997/2209/1787 1774/1964/1564
f 2000/2212/1790 1999/2211/1789 2001/2213/1791 2002/2214/1792
f 1999/2211/1789 1771/1963/1561 2003/1965/1793 2001/2213/1791
f 2004/2215/1794 2005/2216/1795 2002/2214/1792 2001/2213/1791
f 2007/1943/1797 2004/2215/1794 2001/2213/1791 2003/1965/1793
f 2005/2216/1795 2004/2215/1794 2006/2217/1796 2008/2218/1798
f 2004/2215/1794 2007/1943/1797 1755/1940/1545 2006/2217/1796
f 2007/1943/1797 2003/1965/1793 1772/1950/1562 1756/1944/1546
f 2009/2219/1799 2010/2220/1800 2008/2218/1798 2006/2217/1796
f 1752/1937/1542 2009/2219/1799 2006/2217/1796 1755/1940/1545
f 2010/2220/1800 2009/2219/1799 2011/2221/1801 2012/2222/1802
f 2009/2219/1799 1752/1937/1542 1750/1935/1540 2011/2221/1801
f 2013/2223/1803 2014/2224/1804 2012/2222/1802 2011/2221/1801
f 1747/1934/1537 2013/2223/1803 2011/2221/1801 1750/1935/1540
f 2014/2224/1804 2013/2223/1803 2015/2225/1805 2016/2226/1806
f 2013/2223/1803 1747/1934/1537 2017/1936/1807 2015/2225/1805
f 2018/2227/1808 2019/2228/1809 2016/2226/1806 2015/2225/1805
f 2021/1914/1811 2018/2227/1808 2015/2225/1805 2017/1936/1807
f 2019/2228/1809 2018/2227/1808 2020/2229/1810 2022/2230/1812
f 2018/2227/1808 2021/1914/1811 1731/1911/1521 2020/2229/1810
f 2021/1914/1811 2017/1936/1807 1748/1921/1538 1732/1915/1522
f 2023/2231/1813 2024/2232/1814 2022/2230/1812 2020/2229/1810
f 1728/1908/1518 2023/2231/1813 2020/2229/1810 1731/1911/1521
f 2024/2232/1814 2023/2231/1813 2025/2233/1815 2026/2234/1816
f 2023/2231/1813 1728/1908/1518 1726/1906/1516 2025/2233/1815
f 2027/2235/1817 2028/2236/1818 2026/2234/1816 2025/2233/1815
f 1723/1905/1513 2027/2235/1817 2025/2233/1815 1726/1906/1516
f 2028/2236/1818 2027/2235/1817 2029/2237/1819 2030/2238/1820
f 2027/2235/1817 1723/1905/1513 2031/1907/1821 2029/2237/1819
f 2032/2239/1822 2033/2240/1823 2030/2238/1820 2029/2237/1819
f 2035/1888/1825 2032/2239/1822 2029/2237/1819 2031/1907/1821
f 2033/2240/1823 2032/2239/1822 2034/2241/1824 2036/2242/1826
f 2032/2239/1822 2035/1888/1825 1708/1886/1498 2034/2241/1824
f 2035/1888/1825 2031/1907/1821 1724/1893/1514 1709/1889/1499
f 2037/2243/1827 2038/2244/1828 2036/2242/1826 2034/2241/1824
f 1706/1884/1496 2037/2243/1827 2034/2241/1824 1708/1886/1498
f 2038/2244/1828 2037/2243/1827 2039/2245/1829 2040/2246/1830
f 2037/2243/1827 1706/1884/1496 1703/1883/1493 2039/2245/1829
f 2041/2247/1831 2042/2248/1832 2040/2246/1830 2039/2245/1829
f 2044/1885/1834 2041/2247/1831 2039/2245/1829 1703/1883/1493
f 2042/2248/1832 2041/2247/1831 2043/2249/1833 2246/2250/2036
f 2041/2247/1831 2044/1885/1834 2045/2251/1835 2043/2249/1833
f 2045/2251/1835 2044/1885/1834 1704/1880/1494 2047/2252/1837
f 2046/2253/1836 2248/2254/2038 2043/2249/1833 2045/2251/1835
f 2046/2253/1836 2045/2251/1835 2047/2252/1837 2048/2255/1838
f 2049/2256/1839 2050/2257/1840 2048/2255/1838 2047/2252/1837
f 1701/1879/1491 2049/2256/1839 2047/2252/1837 1704/1880/1494
f 2050/2257/1840 2049/2256/1839 2051/2258/1841 2053/2259/1843
f 2049/2256/1839 1701/1879/1491 1699/1878/1489 2051/2258/1841
f 2052/2260/1842 2054/2261/1844 2053/2259/1843 2051/2258/1841
f 3327/1867/2573 2052/2260/1842 2051/2258/1841 1699/1878/1489
f 2054/2261/1844 2056/2262/1846 2055/2263/1845 2053/2259/1843
f 2058/2264/1848 2050/2257/1840 2053/2259/1843 2055/2263/1845
f 2056/2262/1846 3047/2265/2293 2057/2266/1847 2055/2263/1845
f 2059/2267/1849 2058/2264/1848 2055/2263/1845 2057/2266/1847
f 2058/2264/1848 2059/2267/1849 2062/2268/1852 2060/2269/1850
f 2050/2257/1840 2058/2264/1848 2060/2269/1850 2048/2255/1838
f 2061/2270/1851 2046/2253/1836 2048/2255/1838 2060/2269/1850
f 2063/2271/1853 2061/2270/1851 2060/2269/1850 2062/2268/1852
f 2065/2272/1855 2063/2271/1853 2062/2268/1852 2064/2273/1854
f 2059/2267/1849 2067/2274/1857 2064/2273/1854 2062/2268/1852
f 3031/2275/2277 2065/2272/1855 2064/2273/1854 2066/2276/1856
f 2067/2274/1857 2068/2277/1858 2066/2276/1856 2064/2273/1854
f 2068/2277/1858 2067/2274/1857 2069/2278/1859 2071/2279/1861
f 2067/2274/1857 2059/2267/1849 2057/2266/1847 2069/2278/1859
f 2070/2280/1860 2072/2281/1862 2071/2279/1861 2069/2278/1859
f 3047/2265/2293 2070/2280/1860 2069/2278/1859 2057/2266/1847
f 2072/2281/1862 2074/2282/1864 2073/2283/1863 2071/2279/1861
f 2076/2284/1866 2068/2277/1858 2071/2279/1861 2073/2283/1863
f 2074/2282/1864 3033/2285/2279 2075/2286/1865 2073/2283/1863
f 2077/2287/1867 2076/2284/1866 2073/2283/1863 2075/2286/1865
f 2076/2284/1866 2077/2287/1867 2080/2288/1870 2078/2289/1868
f 2068/2277/1858 2076/2284/1866 2078/2289/1868 2066/2276/1856
f 2079/2290/1869 3031/2275/2277 2066/2276/1856 2078/2289/1868
f 2081/2291/1871 2079/2290/1869 2078/2289/1868 2080/2288/1870
f 2083/2138/1873 2081/2291/1871 2080/2288/1870 1915/2136/1705
f 2077/2287/1867 1913/2134/1703 1915/2136/1705 2080/2288/1870
f 2081/2291/1871 2082/2292/1872 2268/2293/2058 2079/2290/1869
f 2082/2292/1872 2081/2291/1871 2083/2138/1873 2084/2294/1874
f 1916/2137/1706 2086/2140/1876 2084/2294/1874 2083/2138/1873
f 2269/2295/2059 2082/2292/1872 2084/2294/1874 2085/2296/1875
f 2086/2140/1876 2087/2297/1877 2085/2296/1875 2084/2294/1874
f 2087/2297/1877 2086/2140/1876 1919/2141/1709 2088/2145/1878
f 2087/2297/1877 2089/2298/1879 2090/2299/1880 2085/2296/1875
f 2089/2298/1879 2087/2297/1877 2088/2145/1878 2092/2300/1882
f 2089/2298/1879 2091/2301/1881 2275/2302/2065 2090/2299/1880
f 2091/2301/1881 2089/2298/1879 2092/2300/1882 2094/2303/1884
f 2093/2304/1883 2096/2305/1886 2094/2303/1884 2092/2300/1882
f 1922/2144/1712 2093/2304/1883 2092/2300/1882 2088/2145/1878
f 2091/2301/1881 2094/2303/1884 2095/2306/1885 3023/2307/2276
f 2094/2303/1884 2096/2305/1886 2097/2308/1887 2095/2306/1885
f 2096/2305/1886 2098/2309/1888 2099/2310/1889 2097/2308/1887
f 2096/2305/1886 2093/2304/1883 2101/2311/1891 2098/2309/1888
f 2098/2309/1888 2100/2312/1890 2809/2313/2099 2099/2310/1889
f 2102/2314/1892 2100/2312/1890 2098/2309/1888 2101/2311/1891
f 1926/2148/1716 2102/2314/1892 2101/2311/1891 1924/2146/1714
f 2093/2304/1883 1922/2144/1712 1924/2146/1714 2101/2311/1891
f 2100/2312/1890 2102/2314/1892 2103/2315/1893 2105/2316/1895
f 2102/2314/1892 1926/2148/1716 1928/2150/1718 2103/2315/1893
f 2104/2317/1894 2107/2318/1897 2105/2316/1895 2103/2315/1893
f 1930/2152/1720 2104/2317/1894 2103/2315/1893 1928/2150/1718
f 2100/2312/1890 2105/2316/1895 2106/2319/1896 2809/2313/2099
f 2105/2316/1895 2107/2318/1897 2108/2320/1898 2106/2319/1896
f 2107/2318/1897 2109/2321/1899 2110/2322/1900 2108/2320/1898
f 2107/2318/1897 2104/2317/1894 2112/2323/1902 2109/2321/1899
f 2109/2321/1899 2111/2324/1901 2822/2325/2112 2110/2322/1900
f 2113/2326/1903 2111/2324/1901 2109/2321/1899 2112/2323/1902
f 1935/2156/1725 2113/2326/1903 2112/2323/1902 1932/2154/1722
f 2104/2317/1894 1930/2152/1720 1932/2154/1722 2112/2323/1902
f 2111/2324/1901 2113/2326/1903 2114/2327/1904 2116/2328/1906
f 2113/2326/1903 1935/2156/1725 1938/2158/1728 2114/2327/1904
f 2115/2329/1905 2118/2330/1908 2116/2328/1906 2114/2327/1904
f 1940/2160/1730 2115/2329/1905 2114/2327/1904 1938/2158/1728
f 2111/2324/1901 2116/2328/1906 2117/2331/1907 2822/2325/2112
f 2116/2328/1906 2118/2330/1908 2119/2332/1909 2117/2331/1907
f 2118/2330/1908 2120/2333/1910 2121/2334/1911 2119/2332/1909
f 2118/2330/1908 2115/2329/1905 2123/2335/1913 2120/2333/1910
f 2120/2333/1910 2122/2336/1912 2834/2337/2124 2121/2334/1911
f 2124/2338/1914 2122/2336/1912 2120/2333/1910 2123/2335/1913
f 1944/2164/1734 2124/2338/1914 2123/2335/1913 1942/2162/1732
f 2115/2329/1905 1940/2160/1730 1942/2162/1732 2123/2335/1913
f 2122/2336/1912 2124/2338/1914 2125/2339/1915 2127/2340/1917
f 2124/2338/1914 1944/2164/1734 1946/2166/1736 2125/2339/1915
f 2126/2341/1916 2129/2342/1919 2127/2340/1917 2125/2339/1915
f 1949/2168/1739 2126/2341/1916 2125/2339/1915 1946/2166/1736
f 2122/2336/1912 2127/2340/1917 2128/2343/1918 2834/2337/2124
f 2127/2340/1917 2129/2342/1919 2130/2344/1920 2128/2343/1918
f 2129/2342/1919 2131/2345/1921 2132/2346/1922 2130/2344/1920
f 2129/2342/1919 2126/2341/1916 2134/2347/1924 2131/2345/1921
f 2131/2345/1921 2133/2348/1923 2846/2349/2136 2132/2346/1922
f 2135/2350/1925 2133/2348/1923 2131/2345/1921 2134/2347/1924
f 1954/2172/1744 2135/2350/1925 2134/2347/1924 1952/2170/1742
f 2126/2341/1916 1949/2168/1739 1952/2170/1742 2134/2347/1924
f 2133/2348/1923 2135/2350/1925 2136/2351/1926 2138/2352/1928
f 2135/2350/1925 1954/2172/1744 1956/2174/1746 2136/2351/1926
f 2137/2353/1927 2140/2354/1930 2138/2352/1928 2136/2351/1926
f 1958/2176/1748 2137/2353/1927 2136/2351/1926 1956/2174/1746
f 2133/2348/1923 2138/2352/1928 2139/2355/1929 2846/2349/2136
f 2138/2352/1928 2140/2354/1930 2141/2356/1931 2139/2355/1929
f 2140/2354/1930 2142/2357/1932 2143/2358/1933 2141/2356/1931
f 2140/2354/1930 2137/2353/1927 2145/2359/1935 2142/2357/1932
f 2142/2357/1932 2144/2360/1934 2858/2361/2148 2143/2358/1933
f 2146/2362/1936 2144/2360/1934 2142/2357/1932 2145/2359/1935
f 1963/2180/1753 2146/2362/1936 2145/2359/1935 1960/2178/1750
f 2137/2353/1927 1958/2176/1748 1960/2178/1750 2145/2359/1935
f 2144/2360/1934 2146/2362/1936 2147/2363/1937 2149/2364/1939
f 2146/2362/1936 1963/2180/1753 1966/2182/1756 2147/2363/1937
f 2148/2365/1938 2151/2366/1941 2149/2364/1939 2147/2363/1937
f 1968/2184/1758 2148/2365/1938 2147/2363/1937 1966/2182/1756
f 2144/2360/1934 2149/2364/1939 2150/2367/1940 2858/2361/2148
f 2149/2364/1939 2151/2366/1941 2152/2368/1942 2150/2367/1940
f 2151/2366/1941 2153/2369/1943 2154/2370/1944 2152/2368/1942
f 2151/2366/1941 2148/2365/1938 2156/2371/1946 2153/2369/1943
f 2153/2369/1943 2155/2372/1945 2870/2373/2160 2154/2370/1944
f 2157/2374/1947 2155/2372/1945 2153/2369/1943 2156/2371/1946
f 1972/2188/1762 2157/2374/1947 2156/2371/1946 1970/2186/1760
f 2148/2365/1938 1968/2184/1758 1970/2186/1760 2156/2371/1946
f 2155/2372/1945 2157/2374/1947 2158/2375/1948 2160/2376/1950
f 2157/2374/1947 1972/2188/1762 1974/2190/1764 2158/2375/1948
f 2159/2377/1949 2162/2378/1952 2160/2376/1950 2158/2375/1948
f 1977/2192/1767 2159/2377/1949 2158/2375/1948 1974/2190/1764
f 2155/2372/1945 2160/2376/1950 2161/2379/1951 2870/2373/2160
f 2160/2376/1950 2162/2378/1952 2163/2380/1953 2161/2379/1951
f 2162/2378/1952 2164/2381/1954 2165/2382/1955 2163/2380/1953
f 2162/2378/1952 2159/2377/1949 2167/2383/1957 2164/2381/1954
f 2164/2381/1954 2166/2384/1956 2882/2385/2172 2165/2382/1955
f 2168/2386/1958 2166/2384/1956 2164/2381/1954 2167/2383/1957
f 1982/2196/1772 2168/2386/1958 2167/2383/1957 1980/2194/1770
f 2159/2377/1949 1977/2192/1767 1980/2194/1770 2167/2383/1957
f 2166/2384/1956 2168/2386/1958 2169/2387/1959 2171/2388/1961
f 2168/2386/1958 1982/2196/1772 1984/2198/1774 2169/2387/1959
f 2170/2389/1960 2173/2390/1963 2171/2388/1961 2169/2387/1959
f 1986/2200/1776 2170/2389/1960 2169/2387/1959 1984/2198/1774
f 2166/2384/1956 2171/2388/1961 2172/2391/1962 2882/2385/2172
f 2171/2388/1961 2173/2390/1963 2174/2392/1964 2172/2391/1962
f 2173/2390/1963 2175/2393/1965 2176/2394/1966 2174/2392/1964
f 2173/2390/1963 2170/2389/1960 2178/2395/1968 2175/2393/1965
f 2175/2393/1965 2177/2396/1967 2894/2397/2184 2176/2394/1966
f 2179/2398/1969 2177/2396/1967 2175/2393/1965 2178/2395/1968
f 1991/2204/1781 2179/2398/1969 2178/2395/1968 1988/2202/1778
f 2170/2389/1960 1986/2200/1776 1988/2202/1778 2178/2395/1968
f 2177/2396/1967 2179/2398/1969 2180/2399/1970 2182/2400/1972
f 2179/2398/1969 1991/2204/1781 1994/2206/1784 2180/2399/1970
f 2181/2401/1971 2184/2402/1974 2182/2400/1972 2180/2399/1970
f 1996/2208/1786 2181/2401/1971 2180/2399/1970 1994/2206/1784
f 2177/2396/1967 2182/2400/1972 2183/2403/1973 2894/2397/2184
f 2182/2400/1972 2184/2402/1974 2185/2404/1975 2183/2403/1973
f 2184/2402/1974 2186/2405/1976 2187/2406/1977 2185/2404/1975
f 2184/2402/1974 2181/2401/1971 2189/2407/1979 2186/2405/1976
f 2186/2405/1976 2188/2408/1978 2906/2409/2196 2187/2406/1977
f 2190/2410/1980 2188/2408/1978 2186/2405/1976 2189/2407/1979
f 2000/2212/1790 2190/2410/1980 2189/2407/1979 1998/2210/1788
f 2181/2401/1971 1996/2208/1786 1998/2210/1788 2189/2407/1979
f 2188/2408/1978 2190/2410/1980 2191/2411/1981 2193/2412/1983
f 2190/2410/1980 2000/2212/1790 2002/2214/1792 2191/2411/1981
f 2192/2413/1982 2195/2414/1985 2193/2412/1983 2191/2411/1981
f 2005/2216/1795 2192/2413/1982 2191/2411/1981 2002/2214/1792
f 2188/2408/1978 2193/2412/1983 2194/2415/1984 2906/2409/2196
f 2193/2412/1983 2195/2414/1985 2196/2416/1986 2194/2415/1984
f 2195/2414/1985 2197/2417/1987 2198/2418/1988 2196/2416/1986
f 2195/2414/1985 2192/2413/1982 2200/2419/1990 2197/2417/1987
f 2197/2417/1987 2199/2420/1989 2918/2421/2208 2198/2418/1988
f 2201/2422/1991 2199/2420/1989 2197/2417/1987 2200/2419/1990
f 2010/2220/1800 2201/2422/1991 2200/2419/1990 2008/2218/1798
f 2192/2413/1982 2005/2216/1795 2008/2218/1798 2200/2419/1990
f 2199/2420/1989 2201/2422/1991 2202/2423/1992 2204/2424/1994
f 2201/2422/1991 2010/2220/1800 2012/2222/1802 2202/2423/1992
f 2203/2425/1993 2206/2426/1996 2204/2424/1994 2202/2423/1992
f 2014/2224/1804 2203/2425/1993 2202/2423/1992 2012/2222/1802
f 2199/2420/1989 2204/2424/1994 2205/2427/1995 2918/2421/2208
f 2204/2424/1994 2206/2426/1996 2207/2428/1997 2205/2427/1995
f 2206/2426/1996 2208/2429/1998 2209/2430/1999 2207/2428/1997
f 2206/2426/1996 2203/2425/1993 2211/2431/2001 2208/2429/1998
f 2208/2429/1998 2210/2432/2000 2930/2433/2220 2209/2430/1999
f 2212/2434/2002 2210/2432/2000 2208/2429/1998 2211/2431/2001
f 2019/2228/1809 2212/2434/2002 2211/2431/2001 2016/2226/1806
f 2203/2425/1993 2014/2224/1804 2016/2226/1806 2211/2431/2001
f 2210/2432/2000 2212/2434/2002 2213/2435/2003 2215/2436/2005
f 2212/2434/2002 2019/2228/1809 2022/2230/1812 2213/2435/2003
f 2214/2437/2004 2217/2438/2007 2215/2436/2005 2213/2435/2003
f 2024/2232/1814 2214/2437/2004 2213/2435/2003 2022/2230/1812
f 2210/2432/2000 2215/2436/2005 2216/2439/2006 2930/2433/2220
f 2215/2436/2005 2217/2438/2007 2218/2440/2008 2216/2439/2006
f 2217/2438/2007 2219/2441/2009 2220/2442/2010 2218/2440/2008
f 2217/2438/2007 2214/2437/2004 2222/2443/2012 2219/2441/2009
f 2219/2441/2009 2221/2444/2011 2942/2445/2232 2220/2442/2010
f 2223/2446/2013 2221/2444/2011 2219/2441/2009 2222/2443/2012
f 2028/2236/1818 2223/2446/2013 2222/2443/2012 2026/2234/1816
f 2214/2437/2004 2024/2232/1814 2026/2234/1816 2222/2443/2012
f 2221/2444/2011 2223/2446/2013 2224/2447/2014 2226/2448/2016
f 2223/2446/2013 2028/2236/1818 2030/2238/1820 2224/2447/2014
f 2225/2449/2015 2228/2450/2018 2226/2448/2016 2224/2447/2014
f 2033/2240/1823 2225/2449/2015 2224/2447/2014 2030/2238/1820
f 2221/2444/2011 2226/2448/2016 2227/2451/2017 2942/2445/2232
f 2226/2448/2016 2228/2450/2018 2229/2452/2019 2227/2451/2017
f 2228/2450/2018 2230/2453/2020 2231/2454/2021 2229/2452/2019
f 2228/2450/2018 2225/2449/2015 2233/2455/2023 2230/2453/2020
f 2230/2453/2020 2232/2456/2022 2954/2457/2244 2231/2454/2021
f 2234/2458/2024 2232/2456/2022 2230/2453/2020 2233/2455/2023
f 2038/2244/1828 2234/2458/2024 2233/2455/2023 2036/2242/1826
f 2225/2449/2015 2033/2240/1823 2036/2242/1826 2233/2455/2023
f 2232/2456/2022 2234/2458/2024 2235/2459/2025 2237/2460/2027
f 2234/2458/2024 2038/2244/1828 2040/2246/1830 2235/2459/2025
f 2236/2461/2026 2239/2462/2029 2237/2460/2027 2235/2459/2025
f 2042/2248/1832 2236/2461/2026 2235/2459/2025 2040/2246/1830
f 2232/2456/2022 2237/2460/2027 2238/2463/2028 2954/2457/2244
f 2237/2460/2027 2239/2462/2029 2240/2464/2030 2238/2463/2028
f 2239/2462/2029 2241/2465/2031 2242/2466/2032 2240/2464/2030
f 2239/2462/2029 2236/2461/2026 2244/2467/2034 2241/2465/2031
f 2241/2465/2031 2243/2468/2033 2966/2469/2256 2242/2466/2032
f 2245/2470/2035 2243/2468/2033 2241/2465/2031 2244/2467/2034
f 2247/2471/2037 2245/2470/2035 2244/2467/2034 2246/2250/2036
f 2236/2461/2026 2042/2248/1832 2246/2250/2036 2244/2467/2034
f 2248/2254/2038 2247/2471/2037 2246/2250/2036 2043/2249/1833
f 2247/2471/2037 2248/2254/2038 2250/2472/2040 2249/2473/2039
f 2245/2470/2035 2247/2471/2037 2249/2473/2039 2252/2474/2042
f 3032/2475/2278 2251/2476/2041 2249/2473/2039 2250/2472/2040
f 2251/2476/2041 2253/2477/2043 2252/2474/2042 2249/2473/2039
f 2253/2477/2043 2256/2478/2046 2254/2479/2044 2252/2474/2042
f 2243/2468/2033 2245/2470/2035 2252/2474/2042 2254/2479/2044
f 2243/2468/2033 2254/2479/2044 2255/2480/2045 2966/2469/2256
f 2254/2479/2044 2256/2478/2046 2257/2481/2047 2255/2480/2045
f 2256/2478/2046 2258/2482/2048 2259/2483/2049 2257/2481/2047
f 2256/2478/2046 2253/2477/2043 2261/2484/2051 2258/2482/2048
f 2258/2482/2048 2260/2485/2050 2284/2486/2074 2259/2483/2049
f 2262/2487/2052 2260/2485/2050 2258/2482/2048 2261/2484/2051
f 2265/2488/2055 2262/2487/2052 2261/2484/2051 2263/2489/2053
f 2253/2477/2043 2251/2476/2041 2263/2489/2053 2261/2484/2051
f 2266/2490/2056 2265/2488/2055 2263/2489/2053 2264/2491/2054
f 2251/2476/2041 3032/2475/2278 2264/2491/2054 2263/2489/2053
f 2265/2488/2055 2266/2490/2056 2268/2293/2058 2267/2492/2057
f 2262/2487/2052 2265/2488/2055 2267/2492/2057 2270/2493/2060
f 2082/2292/1872 2269/2295/2059 2267/2492/2057 2268/2293/2058
f 2269/2295/2059 2271/2494/2061 2270/2493/2060 2267/2492/2057
f 2271/2494/2061 2274/2495/2064 2272/2496/2062 2270/2493/2060
f 2260/2485/2050 2262/2487/2052 2270/2493/2060 2272/2496/2062
f 2260/2485/2050 2272/2496/2062 2273/2497/2063 2284/2486/2074
f 2272/2496/2062 2274/2495/2064 2276/2498/2066 2273/2497/2063
f 2274/2495/2064 2271/2494/2061 2090/2299/1880 2275/2302/2065
f 2274/2495/2064 2275/2302/2065 2277/2499/2067 2276/2498/2066
f 2280/2500/2070 2278/2501/2068 2276/2498/2066 2277/2499/2067
f 2281/2502/2071 2273/2497/2063 2276/2498/2066 2278/2501/2068
f 2278/2501/2068 2279/2503/2069 2282/2504/2072 2281/2502/2071
f 2279/2503/2069 2278/2501/2068 2280/2500/2070 2796/2505/2086
f 2283/2506/2073 2284/2486/2074 2273/2497/2063 2281/2502/2071
f 2286/2507/2076 2283/2506/2073 2281/2502/2071 2282/2504/2072
f 2283/2506/2073 2285/2508/2075 2259/2483/2049 2284/2486/2074
f 2283/2506/2073 2286/2507/2076 2288/2509/2078 2285/2508/2075
f 2286/2510/2076 2287/2511/2077 2290/2512/2080 2288/2513/2078
f 2287/2511/2077 2286/2510/2076 2282/2514/2072 2795/2515/2085
f 2289/2516/2079 2968/2517/2258 2285/2508/2075 2288/2509/2078
f 2291/2518/2081 2289/2519/2079 2288/2513/2078 2290/2512/2080
f 2293/2520/2082 2291/2518/2081 2290/2512/2080 2292/2521/2082
f 2287/2511/2077 2295/2522/2082 2292/2521/2082 2290/2512/2080
f 2293/2520/2082 2292/2521/2082 2294/2523/2082 2428/2524/2082
f 2292/2521/2082 2295/2522/2082 2297/2525/2082 2294/2523/2082
f 2295/2522/2082 2287/2511/2077 2795/2515/2085 2296/2526/2082
f 2295/2522/2082 2296/2526/2082 2298/2527/2082 2297/2525/2082
f 2300/2528/2082 2299/2529/2082 2297/2525/2082 2298/2527/2082
f 2299/2529/2082 2301/2530/2082 2294/2523/2082 2297/2525/2082
f 2299/2529/2082 2300/2528/2082 2305/2531/2082 2302/2532/2082
f 2301/2530/2082 2299/2529/2082 2302/2532/2082 2303/2533/2082
f 2304/2534/2082 2423/2535/2082 2303/2533/2082 2302/2532/2082
f 2307/2536/2082 2304/2534/2082 2302/2532/2082 2305/2531/2082
f 2300/2528/2082 2792/2537/2082 2306/2538/2082 2305/2531/2082
f 2309/2539/2082 2307/2536/2082 2305/2531/2082 2306/2538/2082
f 2425/2540/2082 2304/2534/2082 2307/2536/2082 2308/2541/2082
f 2309/2539/2082 2310/2542/2082 2308/2541/2082 2307/2536/2082
f 2310/2542/2082 2309/2539/2082 2311/2543/2082 2312/2544/2082
f 2311/2543/2082 2309/2539/2082 2306/2538/2082 2314/2545/2082
f 2313/2546/2082 3028/2547/2082 2312/2544/2082 2311/2543/2082
f 2313/2546/2082 2311/2543/2082 2314/2545/2082 2316/2548/2082
f 2315/2549/2082 2317/2550/2082 2316/2548/2082 2314/2545/2082
f 2792/2537/2082 2315/2549/2082 2314/2545/2082 2306/2538/2082
f 2317/2550/2082 2319/2551/2082 2318/2552/2082 2316/2548/2082
f 2321/2553/2082 2313/2546/2082 2316/2548/2082 2318/2552/2082
f 2319/2551/2082 2783/2554/2082 2320/2555/2082 2318/2552/2082
f 2323/2556/2082 2321/2553/2082 2318/2552/2082 2320/2555/2082
f 3028/2547/2082 2313/2546/2082 2321/2553/2082 2322/2557/2082
f 2323/2556/2082 2324/2558/2082 2322/2557/2082 2321/2553/2082
f 2324/2558/2082 2323/2556/2082 2325/2559/2082 2326/2560/2082
f 2325/2559/2082 2323/2556/2082 2320/2555/2082 2328/2561/2082
f 2327/2562/2082 3030/2563/2082 2326/2560/2082 2325/2559/2082
f 2327/2562/2082 2325/2559/2082 2328/2561/2082 2330/2564/2082
f 2329/2565/2082 2331/2566/2082 2330/2564/2082 2328/2561/2082
f 2783/2554/2082 2329/2565/2082 2328/2561/2082 2320/2555/2082
f 2331/2566/2082 2333/2567/2082 2332/2568/2082 2330/2564/2082
f 2335/2569/2082 2327/2562/2082 2330/2564/2082 2332/2568/2082
f 2333/2567/2082 2774/2570/2082 2334/2571/2082 2332/2568/2082
f 2337/2572/2082 2335/2569/2082 2332/2568/2082 2334/2571/2082
f 3030/2563/2082 2327/2562/2082 2335/2569/2082 2336/2573/2082
f 2337/2572/2082 2338/2574/2082 2336/2573/2082 2335/2569/2082
f 2338/2574/2082 2337/2572/2082 2334/2571/2082 2340/2575/2082
f 2338/2574/2082 2339/2576/2082 3029/2577/2082 2336/2573/2082
f 2339/2576/2082 2338/2574/2082 2340/2575/2082 2342/2578/2082
f 2341/2579/2082 2343/2580/2082 2342/2578/2082 2340/2575/2082
f 2774/2570/2082 2341/2579/2082 2340/2575/2082 2334/2571/2082
f 2343/2580/2082 2345/2581/2082 2344/2582/2082 2342/2578/2082
f 2347/2583/2082 2339/2576/2082 2342/2578/2082 2344/2582/2082
f 2345/2581/2082 2764/2584/2082 2346/2585/2082 2344/2582/2082
f 2349/2586/2082 2347/2583/2082 2344/2582/2082 2346/2585/2082
f 2339/2576/2082 2347/2583/2082 2348/2587/2082 3029/2577/2082
f 2347/2583/2082 2349/2586/2082 2351/2588/2082 2348/2587/2082
f 2350/2589/2082 2349/2586/2082 2346/2585/2082 2500/2590/2082
f 2349/2586/2082 2350/2589/2082 2352/2591/2082 2351/2588/2082
f 2354/2592/2082 2353/2593/2082 2351/2588/2082 2352/2591/2082
f 2353/2593/2082 2356/2594/2082 2348/2587/2082 2351/2588/2082
f 2353/2593/2082 2354/2592/2082 2489/2595/2082 2355/2596/2082
f 2356/2594/2082 2353/2593/2082 2355/2596/2082 2358/2597/2082
f 2356/2594/2082 2357/2598/2082 3029/2577/2082 2348/2587/2082
f 2357/2598/2082 2356/2594/2082 2358/2597/2082 2359/2599/2082
f 2360/2600/2082 2362/2601/2082 2359/2599/2082 2358/2597/2082
f 2361/2602/2082 2360/2600/2082 2358/2597/2082 2355/2596/2082
f 2360/2600/2082 2361/2602/2082 2365/2603/2082 2363/2604/2082
f 2362/2601/2082 2360/2600/2082 2363/2604/2082 2364/2605/2082
f 2366/2606/2082 2368/2607/2082 2364/2605/2082 2363/2604/2082
f 2367/2608/2082 2366/2606/2082 2363/2604/2082 2365/2603/2082
f 2366/2606/2082 2367/2608/2082 2371/2609/2082 2369/2610/2082
f 2368/2607/2082 2366/2606/2082 2369/2610/2082 2370/2611/2082
f 2372/2612/2082 2374/2613/2082 2370/2611/2082 2369/2610/2082
f 2373/2614/2082 2372/2612/2082 2369/2610/2082 2371/2609/2082
f 2372/2612/2082 2373/2614/2082 2377/2615/2082 2375/2616/2082
f 2374/2613/2082 2372/2612/2082 2375/2616/2082 2376/2617/2082
f 2378/2618/2082 2380/2619/2082 2376/2617/2082 2375/2616/2082
f 2379/2620/2082 2378/2618/2082 2375/2616/2082 2377/2615/2082
f 2378/2618/2082 2379/2620/2082 2383/2621/2082 2381/2622/2082
f 2380/2619/2082 2378/2618/2082 2381/2622/2082 2382/2623/2082
f 2384/2624/2082 2386/2625/2082 2382/2623/2082 2381/2622/2082
f 2385/2626/2082 2384/2624/2082 2381/2622/2082 2383/2621/2082
f 2384/2624/2082 2385/2626/2082 2389/2627/2082 2387/2628/2082
f 2386/2625/2082 2384/2624/2082 2387/2628/2082 2388/2629/2082
f 2390/2630/2082 2392/2631/2082 2388/2629/2082 2387/2628/2082
f 2391/2632/2082 2390/2630/2082 2387/2628/2082 2389/2627/2082
f 2390/2630/2082 2391/2632/2082 2395/2633/2082 2393/2634/2082
f 2392/2631/2082 2390/2630/2082 2393/2634/2082 2394/2635/2082
f 2396/2636/2082 2398/2637/2082 2394/2635/2082 2393/2634/2082
f 2397/2638/2082 2396/2636/2082 2393/2634/2082 2395/2633/2082
f 2396/2636/2082 2397/2638/2082 2401/2639/2082 2399/2640/2082
f 2398/2637/2082 2396/2636/2082 2399/2640/2082 2402/2641/2082
f 2400/2642/2082 2403/2643/2082 2402/2641/2082 2399/2640/2082
f 2446/2644/2082 2400/2642/2082 2399/2640/2082 2401/2639/2082
f 2403/2643/2082 2405/2645/2082 2404/2646/2082 2402/2641/2082
f 2407/2647/2082 2398/2637/2082 2402/2641/2082 2404/2646/2082
f 2405/2645/2082 2437/2648/2082 2406/2649/2082 2404/2646/2082
f 2409/2650/2082 2407/2647/2082 2404/2646/2082 2406/2649/2082
f 2398/2637/2082 2407/2647/2082 2408/2651/2082 2394/2635/2082
f 2407/2647/2082 2409/2650/2082 2410/2652/2082 2408/2651/2082
f 2410/2652/2082 2409/2650/2082 2406/2649/2082 2412/2653/2082
f 2411/2654/2082 2426/2655/2082 2408/2651/2082 2410/2652/2082
f 2411/2654/2082 2410/2652/2082 2412/2653/2082 2414/2656/2082
f 2413/2657/2082 2415/2658/2082 2414/2656/2082 2412/2653/2082
f 2437/2648/2082 2413/2657/2082 2412/2653/2082 2406/2649/2082
f 2415/2658/2082 2417/2659/2082 2416/2660/2082 2414/2656/2082
f 2419/2661/2082 2411/2654/2082 2414/2656/2082 2416/2660/2082
f 2417/2659/2082 2427/2662/2082 2418/2663/2082 2416/2660/2082
f 2421/2664/2082 2419/2661/2082 2416/2660/2082 2418/2663/2082
f 2426/2655/2082 2411/2654/2082 2419/2661/2082 2420/2665/2082
f 2421/2664/2082 2422/2666/2082 2420/2665/2082 2419/2661/2082
f 2422/2666/2082 2421/2664/2082 2423/2535/2082 2424/2667/2082
f 2423/2535/2082 2421/2664/2082 2418/2663/2082 2303/2533/2082
f 2304/2534/2082 2425/2540/2082 2424/2667/2082 2423/2535/2082
f 2425/2540/2082 2380/2619/2082 2382/2623/2082 2424/2667/2082
f 2386/2625/2082 2422/2666/2082 2424/2667/2082 2382/2623/2082
f 2380/2619/2082 2425/2540/2082 2308/2541/2082 2376/2617/2082
f 2422/2666/2082 2386/2625/2082 2388/2629/2082 2420/2665/2082
f 2392/2631/2082 2426/2655/2082 2420/2665/2082 2388/2629/2082
f 2426/2655/2082 2392/2631/2082 2394/2635/2082 2408/2651/2082
f 2427/2662/2082 2301/2530/2082 2303/2533/2082 2418/2663/2082
f 2301/2530/2082 2427/2662/2082 2428/2524/2082 2294/2523/2082
f 2427/2662/2082 2417/2659/2082 2429/2668/2082 2428/2524/2082
f 2430/2669/2082 2293/2520/2082 2428/2524/2082 2429/2668/2082
f 2432/2670/2082 2430/2669/2082 2429/2668/2082 2431/2671/2082
f 2417/2659/2082 2415/2658/2082 2431/2671/2082 2429/2668/2082
f 2434/2672/2082 2432/2670/2082 2431/2671/2082 2433/2673/2082
f 2415/2658/2082 2413/2657/2082 2433/2673/2082 2431/2671/2082
f 2436/2674/2082 2434/2672/2082 2433/2673/2082 2435/2675/2082
f 2413/2657/2082 2437/2648/2082 2435/2675/2082 2433/2673/2082
f 2439/2676/2082 2436/2674/2082 2435/2675/2082 2438/2677/2082
f 2437/2648/2082 2405/2645/2082 2438/2677/2082 2435/2675/2082
f 2441/2678/2082 2439/2676/2082 2438/2677/2082 2440/2679/2082
f 2405/2645/2082 2403/2643/2082 2440/2679/2082 2438/2677/2082
f 2443/2680/2082 2441/2678/2082 2440/2679/2082 2442/2681/2082
f 2403/2643/2082 2400/2642/2082 2442/2681/2082 2440/2679/2082
f 2445/2682/2082 2443/2680/2082 2442/2681/2082 2444/2683/2082
f 2400/2642/2082 2446/2644/2082 2444/2683/2082 2442/2681/2082
f 2448/2684/2082 2445/2682/2082 2444/2683/2082 2447/2685/2082
f 2446/2644/2082 2450/2686/2082 2447/2685/2082 2444/2683/2082
f 2974/2687/2082 2448/2684/2082 2447/2685/2082 2449/2688/2082
f 2450/2686/2082 2451/2689/2082 2449/2688/2082 2447/2685/2082
f 2450/2686/2082 2446/2644/2082 2401/2639/2082 2452/2690/2082
f 2451/2689/2082 2450/2686/2082 2452/2690/2082 2453/2691/2082
f 2454/2692/2082 2455/2693/2082 2453/2691/2082 2452/2690/2082
f 2397/2638/2082 2454/2692/2082 2452/2690/2082 2401/2639/2082
f 2455/2693/2082 2454/2692/2082 2456/2694/2082 2458/2695/2082
f 2454/2692/2082 2397/2638/2082 2395/2633/2082 2456/2694/2082
f 2457/2696/2082 2460/2697/2082 2458/2695/2082 2456/2694/2082
f 2391/2632/2082 2457/2696/2082 2456/2694/2082 2395/2633/2082
f 2568/2698/2082 2455/2693/2082 2458/2695/2082 2459/2699/2082
f 2460/2697/2082 2461/2700/2082 2459/2699/2082 2458/2695/2082
f 2461/2700/2082 2460/2697/2082 2462/2701/2082 2463/2702/2082
f 2460/2697/2082 2457/2696/2082 2465/2703/2082 2462/2701/2082
f 2464/2704/2082 3024/2705/2082 2463/2702/2082 2462/2701/2082
f 2466/2706/2082 2464/2704/2082 2462/2701/2082 2465/2703/2082
f 2385/2626/2082 2466/2706/2082 2465/2703/2082 2389/2627/2082
f 2457/2696/2082 2391/2632/2082 2389/2627/2082 2465/2703/2082
f 2464/2704/2082 2466/2706/2082 2467/2707/2082 2469/2708/2082
f 2466/2706/2082 2385/2626/2082 2383/2621/2082 2467/2707/2082
f 2468/2709/2082 2471/2710/2082 2469/2708/2082 2467/2707/2082
f 2379/2620/2082 2468/2709/2082 2467/2707/2082 2383/2621/2082
f 3024/2705/2082 2464/2704/2082 2469/2708/2082 2470/2711/2082
f 2471/2710/2082 2472/2712/2082 2470/2711/2082 2469/2708/2082
f 2472/2712/2082 2471/2710/2082 2473/2713/2082 2474/2714/2082
f 2471/2710/2082 2468/2709/2082 2476/2715/2082 2473/2713/2082
f 2475/2716/2082 3025/2717/2082 2474/2714/2082 2473/2713/2082
f 2477/2718/2082 2475/2716/2082 2473/2713/2082 2476/2715/2082
f 2373/2614/2082 2477/2718/2082 2476/2715/2082 2377/2615/2082
f 2468/2709/2082 2379/2620/2082 2377/2615/2082 2476/2715/2082
f 2475/2716/2082 2477/2718/2082 2478/2719/2082 2480/2720/2082
f 2477/2718/2082 2373/2614/2082 2371/2609/2082 2478/2719/2082
f 2479/2721/2082 2482/2722/2082 2480/2720/2082 2478/2719/2082
f 2367/2608/2082 2479/2721/2082 2478/2719/2082 2371/2609/2082
f 3025/2717/2082 2475/2716/2082 2480/2720/2082 2481/2723/2082
f 2482/2722/2082 2483/2724/2082 2481/2723/2082 2480/2720/2082
f 2483/2724/2082 2482/2722/2082 2484/2725/2082 2485/2726/2082
f 2482/2722/2082 2479/2721/2082 2487/2727/2082 2484/2725/2082
f 2486/2728/2082 3026/2729/2082 2485/2726/2082 2484/2725/2082
f 2488/2730/2082 2486/2728/2082 2484/2725/2082 2487/2727/2082
f 2361/2602/2082 2488/2730/2082 2487/2727/2082 2365/2603/2082
f 2479/2721/2082 2367/2608/2082 2365/2603/2082 2487/2727/2082
f 2486/2728/2082 2488/2730/2082 2489/2595/2082 2490/2731/2082
f 2488/2730/2082 2361/2602/2082 2355/2596/2082 2489/2595/2082
f 2354/2592/2082 2492/2732/2082 2490/2731/2082 2489/2595/2082
f 3026/2729/2082 2486/2728/2082 2490/2731/2082 2491/2733/2082
f 2492/2732/2082 2493/2734/2082 2491/2733/2082 2490/2731/2082
f 2493/2734/2082 2492/2732/2082 2494/2735/2082 2495/2736/2082
f 2492/2732/2082 2354/2592/2082 2352/2591/2082 2494/2735/2082
f 2496/2737/2082 2497/2738/2082 2495/2736/2082 2494/2735/2082
f 2350/2589/2082 2496/2737/2082 2494/2735/2082 2352/2591/2082
f 2497/2738/2082 2496/2737/2082 2498/2739/2082 2501/2740/2082
f 2496/2737/2082 2350/2589/2082 2500/2590/2082 2498/2739/2082
f 2499/2741/2082 2502/2742/2082 2501/2740/2082 2498/2739/2082
f 2763/2743/2082 2499/2741/2082 2498/2739/2082 2500/2590/2082
f 2502/2742/2082 2504/2744/2082 2503/2745/2082 2501/2740/2082
f 2505/2746/2082 2497/2738/2082 2501/2740/2082 2503/2745/2082
f 2504/2744/2082 2507/2747/2082 2506/2748/2082 2503/2745/2082
f 2509/2749/2082 2505/2746/2082 2503/2745/2082 2506/2748/2082
f 2507/2747/2082 2750/2750/2082 2508/2751/2082 2506/2748/2082
f 2511/2752/2082 2509/2749/2082 2506/2748/2082 2508/2751/2082
f 2505/2746/2082 2509/2749/2082 2510/2753/2082 3027/2754/2082
f 2509/2749/2082 2511/2752/2082 2513/2755/2082 2510/2753/2082
f 2512/2756/2082 2511/2752/2082 2508/2751/2082 2631/2757/2082
f 2511/2752/2082 2512/2756/2082 2514/2758/2082 2513/2755/2082
f 2516/2759/2082 2515/2760/2082 2513/2755/2082 2514/2758/2082
f 2515/2760/2082 2518/2761/2082 2510/2753/2082 2513/2755/2082
f 2515/2760/2082 2516/2759/2082 2620/2762/2082 2517/2763/2082
f 2518/2761/2082 2515/2760/2082 2517/2763/2082 2520/2764/2082
f 2518/2761/2082 2519/2765/2082 3027/2754/2082 2510/2753/2082
f 2519/2765/2082 2518/2761/2082 2520/2764/2082 2521/2766/2082
f 2522/2767/2082 2524/2768/2082 2521/2766/2082 2520/2764/2082
f 2523/2769/2082 2522/2767/2082 2520/2764/2082 2517/2763/2082
f 2522/2767/2082 2523/2769/2082 2527/2770/2082 2525/2771/2082
f 2524/2768/2082 2522/2767/2082 2525/2771/2082 2526/2772/2082
f 2528/2773/2082 2530/2774/2082 2526/2772/2082 2525/2771/2082
f 2529/2775/2082 2528/2773/2082 2525/2771/2082 2527/2770/2082
f 2528/2773/2082 2529/2775/2082 2533/2776/2082 2531/2777/2082
f 2530/2774/2082 2528/2773/2082 2531/2777/2082 2532/2778/2082
f 2534/2779/2082 2536/2780/2082 2532/2778/2082 2531/2777/2082
f 2535/2781/2082 2534/2779/2082 2531/2777/2082 2533/2776/2082
f 2534/2779/2082 2535/2781/2082 2539/2782/2082 2537/2783/2082
f 2536/2780/2082 2534/2779/2082 2537/2783/2082 2538/2784/2082
f 2540/2785/2082 2542/2786/2082 2538/2784/2082 2537/2783/2082
f 2541/2787/2082 2540/2785/2082 2537/2783/2082 2539/2782/2082
f 2540/2785/2082 2541/2787/2082 2545/2788/2082 2543/2789/2082
f 2542/2786/2082 2540/2785/2082 2543/2789/2082 2544/2790/2082
f 2546/2791/2082 2548/2792/2082 2544/2790/2082 2543/2789/2082
f 2547/2793/2082 2546/2791/2082 2543/2789/2082 2545/2788/2082
f 2546/2791/2082 2547/2793/2082 2551/2794/2082 2549/2795/2082
f 2548/2792/2082 2546/2791/2082 2549/2795/2082 2550/2796/2082
f 2552/2797/2082 2554/2798/2082 2550/2796/2082 2549/2795/2082
f 2553/2799/2082 2552/2797/2082 2549/2795/2082 2551/2794/2082
f 2552/2797/2082 2553/2799/2082 2557/2800/2082 2555/2801/2082
f 2554/2798/2082 2552/2797/2082 2555/2801/2082 2556/2802/2082
f 2558/2803/2082 2560/2804/2082 2556/2802/2082 2555/2801/2082
f 2559/2805/2082 2558/2803/2082 2555/2801/2082 2557/2800/2082
f 2558/2803/2082 2559/2805/2082 2563/2806/2082 2561/2807/2082
f 2560/2804/2082 2558/2803/2082 2561/2807/2082 2564/2808/2082
f 2562/2809/2082 2565/2810/2082 2564/2808/2082 2561/2807/2082
f 2577/2811/2082 2562/2809/2082 2561/2807/2082 2563/2806/2082
f 2565/2810/2082 2567/2812/2082 2566/2813/2082 2564/2808/2082
f 2568/2698/2082 2560/2804/2082 2564/2808/2082 2566/2813/2082
f 2567/2812/2082 2451/2689/2082 2453/2691/2082 2566/2813/2082
f 2455/2693/2082 2568/2698/2082 2566/2813/2082 2453/2691/2082
f 2560/2804/2082 2568/2698/2082 2459/2699/2082 2556/2802/2082
f 2451/2689/2082 2567/2812/2082 2569/2814/2082 2449/2688/2082
f 2567/2812/2082 2565/2810/2082 2571/2815/2082 2569/2814/2082
f 2570/2816/2082 2974/2687/2082 2449/2688/2082 2569/2814/2082
f 2572/2817/2082 2570/2816/2082 2569/2814/2082 2571/2815/2082
f 2574/2818/2082 2572/2817/2082 2571/2815/2082 2573/2819/2082
f 2565/2810/2082 2562/2809/2082 2573/2819/2082 2571/2815/2082
f 2576/2820/2082 2574/2818/2082 2573/2819/2082 2575/2821/2082
f 2562/2809/2082 2577/2811/2082 2575/2821/2082 2573/2819/2082
f 2579/2822/2082 2576/2820/2082 2575/2821/2082 2578/2823/2082
f 2577/2811/2082 2581/2824/2082 2578/2823/2082 2575/2821/2082
f 2976/2825/2082 2579/2822/2082 2578/2823/2082 2580/2826/2082
f 2581/2824/2082 2582/2827/2082 2580/2826/2082 2578/2823/2082
f 2581/2824/2082 2577/2811/2082 2563/2806/2082 2583/2828/2082
f 2582/2827/2082 2581/2824/2082 2583/2828/2082 2584/2829/2082
f 2585/2830/2082 2586/2831/2082 2584/2829/2082 2583/2828/2082
f 2559/2805/2082 2585/2830/2082 2583/2828/2082 2563/2806/2082
f 2586/2831/2082 2585/2830/2082 2587/2832/2082 2589/2833/2082
f 2585/2830/2082 2559/2805/2082 2557/2800/2082 2587/2832/2082
f 2588/2834/2082 2591/2835/2082 2589/2833/2082 2587/2832/2082
f 2553/2799/2082 2588/2834/2082 2587/2832/2082 2557/2800/2082
f 2674/2836/2082 2586/2831/2082 2589/2833/2082 2590/2837/2082
f 2591/2835/2082 2592/2838/2082 2590/2837/2082 2589/2833/2082
f 2592/2838/2082 2591/2835/2082 2593/2839/2082 2594/2840/2082
f 2591/2835/2082 2588/2834/2082 2596/2841/2082 2593/2839/2082
f 2595/2842/2082 2666/2843/2082 2594/2840/2082 2593/2839/2082
f 2597/2844/2082 2595/2842/2082 2593/2839/2082 2596/2841/2082
f 2547/2793/2082 2597/2844/2082 2596/2841/2082 2551/2794/2082
f 2588/2834/2082 2553/2799/2082 2551/2794/2082 2596/2841/2082
f 2595/2842/2082 2597/2844/2082 2598/2845/2082 2600/2846/2082
f 2597/2844/2082 2547/2793/2082 2545/2788/2082 2598/2845/2082
f 2599/2847/2082 2602/2848/2082 2600/2846/2082 2598/2845/2082
f 2541/2787/2082 2599/2847/2082 2598/2845/2082 2545/2788/2082
f 2666/2843/2082 2595/2842/2082 2600/2846/2082 2601/2849/2082
f 2602/2848/2082 2603/2850/2082 2601/2849/2082 2600/2846/2082
f 2603/2850/2082 2602/2848/2082 2604/2851/2082 2605/2852/2082
f 2602/2848/2082 2599/2847/2082 2607/2853/2082 2604/2851/2082
f 2606/2854/2082 2657/2855/2082 2605/2852/2082 2604/2851/2082
f 2608/2856/2082 2606/2854/2082 2604/2851/2082 2607/2853/2082
f 2535/2781/2082 2608/2856/2082 2607/2853/2082 2539/2782/2082
f 2599/2847/2082 2541/2787/2082 2539/2782/2082 2607/2853/2082
f 2606/2854/2082 2608/2856/2082 2609/2857/2082 2611/2858/2082
f 2608/2856/2082 2535/2781/2082 2533/2776/2082 2609/2857/2082
f 2610/2859/2082 2613/2860/2082 2611/2858/2082 2609/2857/2082
f 2529/2775/2082 2610/2859/2082 2609/2857/2082 2533/2776/2082
f 2657/2855/2082 2606/2854/2082 2611/2858/2082 2612/2861/2082
f 2613/2860/2082 2614/2862/2082 2612/2861/2082 2611/2858/2082
f 2614/2862/2082 2613/2860/2082 2615/2863/2082 2616/2864/2082
f 2613/2860/2082 2610/2859/2082 2618/2865/2082 2615/2863/2082
f 2617/2866/2082 2648/2867/2082 2616/2864/2082 2615/2863/2082
f 2619/2868/2082 2617/2866/2082 2615/2863/2082 2618/2865/2082
f 2523/2769/2082 2619/2868/2082 2618/2865/2082 2527/2770/2082
f 2610/2859/2082 2529/2775/2082 2527/2770/2082 2618/2865/2082
f 2617/2866/2082 2619/2868/2082 2620/2762/2082 2621/2869/2082
f 2619/2868/2082 2523/2769/2082 2517/2763/2082 2620/2762/2082
f 2516/2759/2082 2623/2870/2082 2621/2869/2082 2620/2762/2082
f 2648/2867/2082 2617/2866/2082 2621/2869/2082 2622/2871/2082
f 2623/2870/2082 2624/2872/2082 2622/2871/2082 2621/2869/2082
f 2624/2872/2082 2623/2870/2082 2625/2873/2082 2626/2874/2082
f 2623/2870/2082 2516/2759/2082 2514/2758/2082 2625/2873/2082
f 2627/2875/2082 2628/2876/2082 2626/2874/2082 2625/2873/2082
f 2512/2756/2082 2627/2875/2082 2625/2873/2082 2514/2758/2082
f 2628/2876/2082 2627/2875/2082 2629/2877/2082 2632/2878/2082
f 2627/2875/2082 2512/2756/2082 2631/2757/2082 2629/2877/2082
f 2630/2879/2082 2633/2880/2082 2632/2878/2082 2629/2877/2082
f 2749/2881/2082 2630/2879/2082 2629/2877/2082 2631/2757/2082
f 2633/2880/2082 2636/2882/2082 2634/2883/2082 2632/2878/2082
f 2637/2884/2082 2628/2876/2082 2632/2878/2082 2634/2883/2082
f 2638/2885/2082 2637/2884/2082 2634/2883/2082 2635/2886/2082
f 2636/2882/2082 2737/2887/2082 2635/2886/2082 2634/2883/2082
f 2637/2884/2082 2638/2885/2082 2640/2888/2082 2639/2889/2082
f 2628/2876/2082 2637/2884/2082 2639/2889/2082 2626/2874/2082
f 2642/2890/2082 2641/2891/2082 2639/2889/2082 2640/2888/2082
f 2641/2891/2082 2624/2872/2082 2626/2874/2082 2639/2889/2082
f 2641/2891/2082 2642/2890/2082 2644/2892/2082 2643/2893/2082
f 2624/2872/2082 2641/2891/2082 2643/2893/2082 2622/2871/2082
f 2646/2894/2082 2645/2895/2082 2643/2893/2082 2644/2892/2082
f 2645/2895/2082 2648/2867/2082 2622/2871/2082 2643/2893/2082
f 2645/2895/2082 2646/2894/2082 2649/2896/2082 2647/2897/2082
f 2648/2867/2082 2645/2895/2082 2647/2897/2082 2616/2864/2082
f 2651/2898/2082 2650/2899/2082 2647/2897/2082 2649/2896/2082
f 2650/2899/2082 2614/2862/2082 2616/2864/2082 2647/2897/2082
f 2650/2899/2082 2651/2898/2082 2653/2900/2082 2652/2901/2082
f 2614/2862/2082 2650/2899/2082 2652/2901/2082 2612/2861/2082
f 2655/2902/2082 2654/2903/2082 2652/2901/2082 2653/2900/2082
f 2654/2903/2082 2657/2855/2082 2612/2861/2082 2652/2901/2082
f 2654/2903/2082 2655/2902/2082 2658/2904/2082 2656/2905/2082
f 2657/2855/2082 2654/2903/2082 2656/2905/2082 2605/2852/2082
f 2660/2906/2082 2659/2907/2082 2656/2905/2082 2658/2904/2082
f 2659/2907/2082 2603/2850/2082 2605/2852/2082 2656/2905/2082
f 2659/2907/2082 2660/2906/2082 2662/2908/2082 2661/2909/2082
f 2603/2850/2082 2659/2907/2082 2661/2909/2082 2601/2849/2082
f 2664/2910/2082 2663/2911/2082 2661/2909/2082 2662/2908/2082
f 2663/2911/2082 2666/2843/2082 2601/2849/2082 2661/2909/2082
f 2663/2911/2082 2664/2910/2082 2667/2912/2082 2665/2913/2082
f 2666/2843/2082 2663/2911/2082 2665/2913/2082 2594/2840/2082
f 2669/2914/2082 2668/2915/2082 2665/2913/2082 2667/2912/2082
f 2668/2915/2082 2592/2838/2082 2594/2840/2082 2665/2913/2082
f 2668/2915/2082 2669/2914/2082 2671/2916/2082 2670/2917/2082
f 2592/2838/2082 2668/2915/2082 2670/2917/2082 2590/2837/2082
f 2673/2918/2082 2672/2919/2082 2670/2917/2082 2671/2916/2082
f 2672/2919/2082 2674/2836/2082 2590/2837/2082 2670/2917/2082
f 2672/2919/2082 2673/2918/2082 2677/2920/2082 2675/2921/2082
f 2674/2836/2082 2672/2919/2082 2675/2921/2082 2678/2922/2082
f 2676/2923/2082 2679/2924/2082 2678/2922/2082 2675/2921/2082
f 2687/2925/2082 2676/2923/2082 2675/2921/2082 2677/2920/2082
f 2679/2924/2082 2582/2827/2082 2584/2829/2082 2678/2922/2082
f 2586/2831/2082 2674/2836/2082 2678/2922/2082 2584/2829/2082
f 2582/2827/2082 2679/2924/2082 2680/2926/2082 2580/2826/2082
f 2679/2924/2082 2676/2923/2082 2682/2927/2082 2680/2926/2082
f 2681/2928/2082 2976/2825/2082 2580/2826/2082 2680/2926/2082
f 2683/2929/2082 2681/2928/2082 2680/2926/2082 2682/2927/2082
f 2685/2930/2082 2683/2929/2082 2682/2927/2082 2684/2931/2082
f 2676/2923/2082 2687/2925/2082 2684/2931/2082 2682/2927/2082
f 2978/2932/2082 2685/2930/2082 2684/2931/2082 2686/2933/2082
f 2687/2925/2082 2688/2934/2082 2686/2933/2082 2684/2931/2082
f 2688/2934/2082 2687/2925/2082 2677/2920/2082 2690/2935/2082
f 2688/2934/2082 2689/2936/2082 2981/2937/2082 2686/2933/2082
f 2689/2936/2082 2688/2934/2082 2690/2935/2082 2691/2938/2082
f 2692/2939/2082 2693/2940/2082 2691/2938/2082 2690/2935/2082
f 2673/2918/2082 2692/2939/2082 2690/2935/2082 2677/2920/2082
f 2692/2939/2082 2673/2918/2082 2671/2916/2082 2693/2940/2082
f 2693/2940/2082 2694/2941/2082 2696/2942/2082 2691/2938/2082
f 2669/2914/2082 2694/2941/2082 2693/2940/2082 2671/2916/2082
f 2694/2941/2082 2669/2914/2082 2667/2912/2082 2695/2943/2082
f 2694/2941/2082 2695/2943/2082 2698/2944/2082 2696/2942/2082
f 2697/2945/2082 2689/2936/2082 2691/2938/2082 2696/2942/2082
f 2699/2946/2082 2697/2945/2082 2696/2942/2082 2698/2944/2082
f 2701/2947/2082 2699/2946/2082 2698/2944/2082 2700/2948/2082
f 2695/2943/2082 2703/2949/2082 2700/2948/2082 2698/2944/2082
f 2990/2950/2082 2701/2947/2082 2700/2948/2082 2702/2951/2082
f 2703/2949/2082 2704/2952/2082 2702/2951/2082 2700/2948/2082
f 2664/2910/2082 2703/2949/2082 2695/2943/2082 2667/2912/2082
f 2703/2949/2082 2664/2910/2082 2662/2908/2082 2704/2952/2082
f 2704/2952/2082 2705/2953/2082 2707/2954/2082 2702/2951/2082
f 2660/2906/2082 2705/2953/2082 2704/2952/2082 2662/2908/2082
f 2705/2953/2082 2660/2906/2082 2658/2904/2082 2706/2955/2082
f 2705/2953/2082 2706/2955/2082 2709/2956/2082 2707/2954/2082
f 2708/2957/2082 2990/2950/2082 2702/2951/2082 2707/2954/2082
f 2710/2958/2082 2708/2957/2082 2707/2954/2082 2709/2956/2082
f 2712/2959/2082 2710/2958/2082 2709/2956/2082 2711/2960/2082
f 2706/2955/2082 2714/2961/2082 2711/2960/2082 2709/2956/2082
f 2999/2962/2082 2712/2959/2082 2711/2960/2082 2713/2963/2082
f 2714/2961/2082 2715/2964/2082 2713/2963/2082 2711/2960/2082
f 2655/2902/2082 2714/2961/2082 2706/2955/2082 2658/2904/2082
f 2714/2961/2082 2655/2902/2082 2653/2900/2082 2715/2964/2082
f 2715/2964/2082 2716/2965/2082 2718/2966/2082 2713/2963/2082
f 2651/2898/2082 2716/2965/2082 2715/2964/2082 2653/2900/2082
f 2716/2965/2082 2651/2898/2082 2649/2896/2082 2717/2967/2082
f 2716/2965/2082 2717/2967/2082 2720/2968/2082 2718/2966/2082
f 2719/2969/2082 2999/2962/2082 2713/2963/2082 2718/2966/2082
f 2721/2970/2082 2719/2969/2082 2718/2966/2082 2720/2968/2082
f 2723/2971/2082 2721/2970/2082 2720/2968/2082 2722/2972/2082
f 2717/2967/2082 2725/2973/2082 2722/2972/2082 2720/2968/2082
f 3008/2974/2082 2723/2971/2082 2722/2972/2082 2724/2975/2082
f 2725/2973/2082 2726/2976/2082 2724/2975/2082 2722/2972/2082
f 2646/2894/2082 2725/2973/2082 2717/2967/2082 2649/2896/2082
f 2725/2973/2082 2646/2894/2082 2644/2892/2082 2726/2976/2082
f 2726/2976/2082 2727/2977/2082 2729/2978/2082 2724/2975/2082
f 2642/2890/2082 2727/2977/2082 2726/2976/2082 2644/2892/2082
f 2727/2977/2082 2642/2890/2082 2640/2888/2082 2728/2979/2082
f 2727/2977/2082 2728/2979/2082 2731/2980/2082 2729/2978/2082
f 2730/2981/2082 3008/2974/2082 2724/2975/2082 2729/2978/2082
f 2732/2982/2082 2730/2981/2082 2729/2978/2082 2731/2980/2082
f 2734/2983/2082 2732/2982/2082 2731/2980/2082 2733/2984/2082
f 2728/2979/2082 2735/2985/2082 2733/2984/2082 2731/2980/2082
f 2737/2887/2082 2734/2983/2082 2733/2984/2082 2635/2886/2082
f 2735/2985/2082 2638/2885/2082 2635/2886/2082 2733/2984/2082
f 2638/2885/2082 2735/2985/2082 2728/2979/2082 2640/2888/2082
f 2732/2982/2082 2734/2983/2082 2736/2986/2082 3010/2987/2082
f 2734/2983/2082 2737/2887/2082 2738/2988/2082 2736/2986/2082
f 2737/2887/2082 2636/2882/2082 2740/2989/2082 2738/2988/2082
f 2739/2990/2082 3012/2991/2082 2736/2986/2082 2738/2988/2082
f 2741/2992/2082 2739/2990/2082 2738/2988/2082 2740/2989/2082
f 2743/2993/2082 2741/2992/2082 2740/2989/2082 2742/2994/2082
f 2636/2882/2082 2633/2880/2082 2742/2994/2082 2740/2989/2082
f 2745/2995/2082 2743/2993/2082 2742/2994/2082 2744/2996/2082
f 2633/2880/2082 2630/2879/2082 2744/2996/2082 2742/2994/2082
f 2747/2997/2082 2745/2995/2082 2744/2996/2082 2746/2998/2082
f 2630/2879/2082 2749/2881/2082 2746/2998/2082 2744/2996/2082
f 2751/2999/2082 2747/2997/2082 2746/2998/2082 2748/3000/2082
f 2749/2881/2082 2750/2750/2082 2748/3000/2082 2746/2998/2082
f 2750/2750/2082 2749/2881/2082 2631/2757/2082 2508/2751/2082
f 2750/2750/2082 2507/2747/2082 2752/3001/2082 2748/3000/2082
f 2753/3002/2082 2751/2999/2082 2748/3000/2082 2752/3001/2082
f 2755/3003/2082 2753/3002/2082 2752/3001/2082 2754/3004/2082
f 2507/2747/2082 2504/2744/2082 2754/3004/2082 2752/3001/2082
f 2757/3005/2082 2755/3003/2082 2754/3004/2082 2756/3006/2082
f 2504/2744/2082 2502/2742/2082 2756/3006/2082 2754/3004/2082
f 2759/3007/2082 2757/3005/2082 2756/3006/2082 2758/3008/2082
f 2502/2742/2082 2499/2741/2082 2758/3008/2082 2756/3006/2082
f 2761/3009/2082 2759/3007/2082 2758/3008/2082 2760/3010/2082
f 2499/2741/2082 2763/2743/2082 2760/3010/2082 2758/3008/2082
f 2765/3011/2082 2761/3009/2082 2760/3010/2082 2762/3012/2082
f 2763/2743/2082 2764/2584/2082 2762/3012/2082 2760/3010/2082
f 2764/2584/2082 2763/2743/2082 2500/2590/2082 2346/2585/2082
f 2764/2584/2082 2345/2581/2082 2766/3013/2082 2762/3012/2082
f 2767/3014/2082 2765/3011/2082 2762/3012/2082 2766/3013/2082
f 2769/3015/2082 2767/3014/2082 2766/3013/2082 2768/3016/2082
f 2345/2581/2082 2343/2580/2082 2768/3016/2082 2766/3013/2082
f 2771/3017/2082 2769/3015/2082 2768/3016/2082 2770/3018/2082
f 2343/2580/2082 2341/2579/2082 2770/3018/2082 2768/3016/2082
f 2773/3019/2082 2771/3017/2082 2770/3018/2082 2772/3020/2082
f 2341/2579/2082 2774/2570/2082 2772/3020/2082 2770/3018/2082
f 2776/3021/2082 2773/3019/2082 2772/3020/2082 2775/3022/2082
f 2774/2570/2082 2333/2567/2082 2775/3022/2082 2772/3020/2082
f 2778/3023/2082 2776/3021/2082 2775/3022/2082 2777/3024/2082
f 2333/2567/2082 2331/2566/2082 2777/3024/2082 2775/3022/2082
f 2780/3025/2082 2778/3023/2082 2777/3024/2082 2779/3026/2082
f 2331/2566/2082 2329/2565/2082 2779/3026/2082 2777/3024/2082
f 2782/3027/2082 2780/3025/2082 2779/3026/2082 2781/3028/2082
f 2329/2565/2082 2783/2554/2082 2781/3028/2082 2779/3026/2082
f 2785/3029/2082 2782/3027/2082 2781/3028/2082 2784/3030/2082
f 2783/2554/2082 2319/2551/2082 2784/3030/2082 2781/3028/2082
f 2787/3031/2082 2785/3029/2082 2784/3030/2082 2786/3032/2082
f 2319/2551/2082 2317/2550/2082 2786/3032/2082 2784/3030/2082
f 2789/3033/2082 2787/3031/2082 2786/3032/2082 2788/3034/2082
f 2317/2550/2082 2315/2549/2082 2788/3034/2082 2786/3032/2082
f 2791/3035/2082 2789/3033/2082 2788/3034/2082 2790/3036/2082
f 2315/2549/2082 2792/2537/2082 2790/3036/2082 2788/3034/2082
f 2296/2526/2082 2791/3035/2082 2790/3036/2082 2298/2527/2082
f 2792/2537/2082 2300/2528/2082 2298/2527/2082 2790/3036/2082
f 2791/3035/2082 2793/3037/2083 2794/3038/2084 2789/3033/2082
f 2793/3037/2083 2791/3035/2082 2296/2526/2082 2795/2515/2085
f 2793/3037/2083 2279/3039/2069 2796/3040/2086 2794/3038/2084
f 2279/3039/2069 2793/3037/2083 2795/2515/2085 2282/2514/2072
f 2797/3041/2087 2787/3031/2082 2789/3033/2082 2794/3038/2084
f 2798/3042/2088 2797/3041/2087 2794/3038/2084 2796/3040/2086
f 2797/3041/2087 2798/3042/2088 2800/3043/2090 2799/3044/2089
f 2787/3031/2082 2797/3041/2087 2799/3044/2089 2785/3029/2082
f 2801/3045/2091 2782/3027/2082 2785/3029/2082 2799/3044/2089
f 2803/3046/2093 2801/3045/2091 2799/3044/2089 2800/3043/2090
f 2782/3027/2082 2801/3045/2091 2802/3047/2092 2780/3025/2082
f 2801/3045/2091 2803/3046/2093 2804/3048/2094 2802/3047/2092
f 2803/3049/2093 2805/3050/2095 2807/3051/2097 2804/3052/2094
f 2805/3050/2095 2803/3049/2093 2800/3053/2090 2806/3054/2096
f 2807/3051/2097 2805/3050/2095 2097/2308/1887 2099/2310/1889
f 2805/3050/2095 2806/3054/2096 2095/2306/1885 2097/2308/1887
f 2808/3055/2098 2807/3051/2097 2099/2310/1889 2809/2313/2099
f 2808/3055/2098 2810/3056/2100 2804/3052/2094 2807/3051/2097
f 2811/3057/2101 2808/3055/2098 2809/2313/2099 2106/2319/1896
f 2810/3056/2100 2808/3055/2098 2811/3057/2101 2813/3058/2103
f 2812/3059/2102 2811/3057/2101 2106/2319/1896 2108/2320/1898
f 2812/3059/2102 2815/3060/2105 2813/3058/2103 2811/3057/2101
f 3021/3061/2274 2810/3062/2100 2813/3063/2103 2814/3064/2104
f 2815/3065/2105 2816/3066/2106 2814/3064/2104 2813/3063/2103
f 2816/3066/2106 2815/3065/2105 2817/3067/2107 2818/3068/2108
f 2815/3060/2105 2812/3059/2102 2820/3069/2110 2817/3070/2107
f 2819/3071/2109 3020/3072/2273 2818/3068/2108 2817/3067/2107
f 2821/3073/2111 2819/3074/2109 2817/3070/2107 2820/3069/2110
f 2820/3069/2110 2812/3059/2102 2108/2320/1898 2110/2322/1900
f 2821/3073/2111 2820/3069/2110 2110/2322/1900 2822/2325/2112
f 2823/3075/2113 2821/3073/2111 2822/2325/2112 2117/2331/1907
f 2819/3074/2109 2821/3073/2111 2823/3075/2113 2825/3076/2115
f 2824/3077/2114 2823/3075/2113 2117/2331/1907 2119/2332/1909
f 2824/3077/2114 2827/3078/2117 2825/3076/2115 2823/3075/2113
f 3020/3072/2273 2819/3071/2109 2825/3079/2115 2826/3080/2116
f 2827/3081/2117 2828/3082/2118 2826/3080/2116 2825/3079/2115
f 2828/3082/2118 2827/3081/2117 2829/3083/2119 2830/3084/2120
f 2827/3078/2117 2824/3077/2114 2832/3085/2122 2829/3086/2119
f 2831/3087/2121 3019/3088/2272 2830/3084/2120 2829/3083/2119
f 2833/3089/2123 2831/3090/2121 2829/3086/2119 2832/3085/2122
f 2832/3085/2122 2824/3077/2114 2119/2332/1909 2121/2334/1911
f 2833/3089/2123 2832/3085/2122 2121/2334/1911 2834/2337/2124
f 2835/3091/2125 2833/3089/2123 2834/2337/2124 2128/2343/1918
f 2831/3090/2121 2833/3089/2123 2835/3091/2125 2837/3092/2127
f 2836/3093/2126 2835/3091/2125 2128/2343/1918 2130/2344/1920
f 2836/3093/2126 2839/3094/2129 2837/3092/2127 2835/3091/2125
f 3019/3088/2272 2831/3087/2121 2837/3095/2127 2838/3096/2128
f 2839/3097/2129 2840/3098/2130 2838/3096/2128 2837/3095/2127
f 2840/3098/2130 2839/3097/2129 2841/3099/2131 2842/3100/2132
f 2839/3094/2129 2836/3093/2126 2844/3101/2134 2841/3102/2131
f 2843/3103/2133 3018/3104/2271 2842/3100/2132 2841/3099/2131
f 2845/3105/2135 2843/3106/2133 2841/3102/2131 2844/3101/2134
f 2844/3101/2134 2836/3093/2126 2130/2344/1920 2132/2346/1922
f 2845/3105/2135 2844/3101/2134 2132/2346/1922 2846/2349/2136
f 2847/3107/2137 2845/3105/2135 2846/2349/2136 2139/2355/1929
f 2843/3106/2133 2845/3105/2135 2847/3107/2137 2849/3108/2139
f 2848/3109/2138 2847/3107/2137 2139/2355/1929 2141/2356/1931
f 2848/3109/2138 2851/3110/2141 2849/3108/2139 2847/3107/2137
f 3018/3104/2271 2843/3103/2133 2849/3111/2139 2850/3112/2140
f 2851/3113/2141 2852/3114/2142 2850/3112/2140 2849/3111/2139
f 2852/3114/2142 2851/3113/2141 2853/3115/2143 2854/3116/2144
f 2851/3110/2141 2848/3109/2138 2856/3117/2146 2853/3118/2143
f 2855/3119/2145 3017/3120/2270 2854/3116/2144 2853/3115/2143
f 2857/3121/2147 2855/3122/2145 2853/3118/2143 2856/3117/2146
f 2856/3117/2146 2848/3109/2138 2141/2356/1931 2143/2358/1933
f 2857/3121/2147 2856/3117/2146 2143/2358/1933 2858/2361/2148
f 2859/3123/2149 2857/3121/2147 2858/2361/2148 2150/2367/1940
f 2855/3122/2145 2857/3121/2147 2859/3123/2149 2861/3124/2151
f 2860/3125/2150 2859/3123/2149 2150/2367/1940 2152/2368/1942
f 2860/3125/2150 2863/3126/2153 2861/3124/2151 2859/3123/2149
f 3017/3120/2270 2855/3119/2145 2861/3127/2151 2862/3128/2152
f 2863/3129/2153 2864/3130/2154 2862/3128/2152 2861/3127/2151
f 2864/3130/2154 2863/3129/2153 2865/3131/2155 2866/3132/2156
f 2863/3126/2153 2860/3125/2150 2868/3133/2158 2865/3134/2155
f 2867/3135/2157 3013/3136/2266 2866/3132/2156 2865/3131/2155
f 2869/3137/2159 2867/3138/2157 2865/3134/2155 2868/3133/2158
f 2868/3133/2158 2860/3125/2150 2152/2368/1942 2154/2370/1944
f 2869/3137/2159 2868/3133/2158 2154/2370/1944 2870/2373/2160
f 2871/3139/2161 2869/3137/2159 2870/2373/2160 2161/2379/1951
f 2867/3138/2157 2869/3137/2159 2871/3139/2161 2873/3140/2163
f 2872/3141/2162 2871/3139/2161 2161/2379/1951 2163/2380/1953
f 2872/3141/2162 2875/3142/2165 2873/3140/2163 2871/3139/2161
f 3013/3136/2266 2867/3135/2157 2873/3143/2163 2874/3144/2164
f 2875/3145/2165 2876/3146/2166 2874/3144/2164 2873/3143/2163
f 2876/3146/2166 2875/3145/2165 2877/3147/2167 2878/3148/2168
f 2875/3142/2165 2872/3141/2162 2880/3149/2170 2877/3150/2167
f 2879/3151/2169 3014/3152/2267 2878/3148/2168 2877/3147/2167
f 2881/3153/2171 2879/3154/2169 2877/3150/2167 2880/3149/2170
f 2880/3149/2170 2872/3141/2162 2163/2380/1953 2165/2382/1955
f 2881/3153/2171 2880/3149/2170 2165/2382/1955 2882/2385/2172
f 2883/3155/2173 2881/3153/2171 2882/2385/2172 2172/2391/1962
f 2879/3154/2169 2881/3153/2171 2883/3155/2173 2885/3156/2175
f 2884/3157/2174 2883/3155/2173 2172/2391/1962 2174/2392/1964
f 2884/3157/2174 2887/3158/2177 2885/3156/2175 2883/3155/2173
f 3014/3152/2267 2879/3151/2169 2885/3159/2175 2886/3160/2176
f 2887/3161/2177 2888/3162/2178 2886/3160/2176 2885/3159/2175
f 2888/3162/2178 2887/3161/2177 2889/3163/2179 2890/3164/2180
f 2887/3158/2177 2884/3157/2174 2892/3165/2182 2889/3166/2179
f 2891/3167/2181 3015/3168/2268 2890/3164/2180 2889/3163/2179
f 2893/3169/2183 2891/3170/2181 2889/3166/2179 2892/3165/2182
f 2892/3165/2182 2884/3157/2174 2174/2392/1964 2176/2394/1966
f 2893/3169/2183 2892/3165/2182 2176/2394/1966 2894/2397/2184
f 2895/3171/2185 2893/3169/2183 2894/2397/2184 2183/2403/1973
f 2891/3170/2181 2893/3169/2183 2895/3171/2185 2897/3172/2187
f 2896/3173/2186 2895/3171/2185 2183/2403/1973 2185/2404/1975
f 2896/3173/2186 2899/3174/2189 2897/3172/2187 2895/3171/2185
f 3015/3168/2268 2891/3167/2181 2897/3175/2187 2898/3176/2188
f 2899/3177/2189 2900/3178/2190 2898/3176/2188 2897/3175/2187
f 2900/3178/2190 2899/3177/2189 2901/3179/2191 2902/3180/2192
f 2899/3174/2189 2896/3173/2186 2904/3181/2194 2901/3182/2191
f 2903/3183/2193 3016/3184/2269 2902/3180/2192 2901/3179/2191
f 2905/3185/2195 2903/3186/2193 2901/3182/2191 2904/3181/2194
f 2904/3181/2194 2896/3173/2186 2185/2404/1975 2187/2406/1977
f 2905/3185/2195 2904/3181/2194 2187/2406/1977 2906/2409/2196
f 2907/3187/2197 2905/3185/2195 2906/2409/2196 2194/2415/1984
f 2903/3186/2193 2905/3185/2195 2907/3187/2197 2909/3188/2199
f 2908/3189/2198 2907/3187/2197 2194/2415/1984 2196/2416/1986
f 2908/3189/2198 2911/3190/2201 2909/3188/2199 2907/3187/2197
f 3016/3184/2269 2903/3183/2193 2909/3191/2199 2910/3192/2200
f 2911/3193/2201 2912/3194/2202 2910/3192/2200 2909/3191/2199
f 2912/3194/2202 2911/3193/2201 2913/3195/2203 2914/3196/2204
f 2911/3190/2201 2908/3189/2198 2916/3197/2206 2913/3198/2203
f 2915/3199/2205 2977/3200/2265 2914/3196/2204 2913/3195/2203
f 2917/3201/2207 2915/3202/2205 2913/3198/2203 2916/3197/2206
f 2916/3197/2206 2908/3189/2198 2196/2416/1986 2198/2418/1988
f 2917/3201/2207 2916/3197/2206 2198/2418/1988 2918/2421/2208
f 2919/3203/2209 2917/3201/2207 2918/2421/2208 2205/2427/1995
f 2915/3202/2205 2917/3201/2207 2919/3203/2209 2921/3204/2211
f 2920/3205/2210 2919/3203/2209 2205/2427/1995 2207/2428/1997
f 2920/3205/2210 2923/3206/2213 2921/3204/2211 2919/3203/2209
f 2977/3200/2265 2915/3199/2205 2921/3207/2211 2922/3208/2212
f 2923/3209/2213 2924/3210/2214 2922/3208/2212 2921/3207/2211
f 2924/3210/2214 2923/3209/2213 2925/3211/2215 2926/3212/2216
f 2923/3206/2213 2920/3205/2210 2928/3213/2218 2925/3214/2215
f 2927/3215/2217 2975/3216/2264 2926/3212/2216 2925/3211/2215
f 2929/3217/2219 2927/3218/2217 2925/3214/2215 2928/3213/2218
f 2928/3213/2218 2920/3205/2210 2207/2428/1997 2209/2430/1999
f 2929/3217/2219 2928/3213/2218 2209/2430/1999 2930/2433/2220
f 2931/3219/2221 2929/3217/2219 2930/2433/2220 2216/2439/2006
f 2927/3218/2217 2929/3217/2219 2931/3219/2221 2933/3220/2223
f 2932/3221/2222 2931/3219/2221 2216/2439/2006 2218/2440/2008
f 2932/3221/2222 2935/3222/2225 2933/3220/2223 2931/3219/2221
f 2975/3216/2264 2927/3215/2217 2933/3223/2223 2934/3224/2224
f 2935/3225/2225 2936/3226/2226 2934/3224/2224 2933/3223/2223
f 2936/3226/2226 2935/3225/2225 2937/3227/2227 2938/3228/2228
f 2935/3222/2225 2932/3221/2222 2940/3229/2230 2937/3230/2227
f 2939/3231/2229 2973/3232/2263 2938/3228/2228 2937/3227/2227
f 2941/3233/2231 2939/3234/2229 2937/3230/2227 2940/3229/2230
f 2940/3229/2230 2932/3221/2222 2218/2440/2008 2220/2442/2010
f 2941/3233/2231 2940/3229/2230 2220/2442/2010 2942/2445/2232
f 2943/3235/2233 2941/3233/2231 2942/2445/2232 2227/2451/2017
f 2939/3234/2229 2941/3233/2231 2943/3235/2233 2945/3236/2235
f 2944/3237/2234 2943/3235/2233 2227/2451/2017 2229/2452/2019
f 2944/3237/2234 2947/3238/2237 2945/3236/2235 2943/3235/2233
f 2973/3232/2263 2939/3231/2229 2945/3239/2235 2946/3240/2236
f 2947/3241/2237 2948/3242/2238 2946/3240/2236 2945/3239/2235
f 2948/3242/2238 2947/3241/2237 2949/3243/2239 2950/3244/2240
f 2947/3238/2237 2944/3237/2234 2952/3245/2242 2949/3246/2239
f 2951/3247/2241 2972/3248/2262 2950/3244/2240 2949/3243/2239
f 2953/3249/2243 2951/3250/2241 2949/3246/2239 2952/3245/2242
f 2952/3245/2242 2944/3237/2234 2229/2452/2019 2231/2454/2021
f 2953/3249/2243 2952/3245/2242 2231/2454/2021 2954/2457/2244
f 2955/3251/2245 2953/3249/2243 2954/2457/2244 2238/2463/2028
f 2951/3250/2241 2953/3249/2243 2955/3251/2245 2957/3252/2247
f 2956/3253/2246 2955/3251/2245 2238/2463/2028 2240/2464/2030
f 2956/3253/2246 2959/3254/2249 2957/3252/2247 2955/3251/2245
f 2972/3248/2262 2951/3247/2241 2957/3255/2247 2958/3256/2248
f 2959/3257/2249 2960/3258/2250 2958/3256/2248 2957/3255/2247
f 2960/3258/2250 2959/3257/2249 2961/3259/2251 2962/3260/2252
f 2959/3254/2249 2956/3253/2246 2964/3261/2254 2961/3262/2251
f 2963/3263/2253 2971/3264/2261 2962/3260/2252 2961/3259/2251
f 2965/3265/2255 2963/3266/2253 2961/3262/2251 2964/3261/2254
f 2964/3261/2254 2956/3253/2246 2240/2464/2030 2242/2466/2032
f 2965/3265/2255 2964/3261/2254 2242/2466/2032 2966/2469/2256
f 2967/3267/2257 2965/3265/2255 2966/2469/2256 2255/2480/2045
f 2963/3266/2253 2965/3265/2255 2967/3267/2257 2969/3268/2259
f 2968/2517/2258 2967/3267/2257 2255/2480/2045 2257/2481/2047
f 2968/2517/2258 2289/2516/2079 2969/3268/2259 2967/3267/2257
f 2971/3264/2261 2963/3263/2253 2969/3269/2259 2970/3270/2260
f 2289/2519/2079 2291/2518/2081 2970/3270/2260 2969/3269/2259
f 2432/2670/2082 2971/3264/2261 2970/3270/2260 2430/2669/2082
f 2291/2518/2081 2293/2520/2082 2430/2669/2082 2970/3270/2260
f 2971/3264/2261 2432/2670/2082 2434/2672/2082 2962/3260/2252
f 2285/2508/2075 2968/2517/2258 2257/2481/2047 2259/2483/2049
f 2436/2674/2082 2960/3258/2250 2962/3260/2252 2434/2672/2082
f 2960/3258/2250 2436/2674/2082 2439/2676/2082 2958/3256/2248
f 2441/2678/2082 2972/3248/2262 2958/3256/2248 2439/2676/2082
f 2972/3248/2262 2441/2678/2082 2443/2680/2082 2950/3244/2240
f 2445/2682/2082 2948/3242/2238 2950/3244/2240 2443/2680/2082
f 2948/3242/2238 2445/2682/2082 2448/2684/2082 2946/3240/2236
f 2974/2687/2082 2973/3232/2263 2946/3240/2236 2448/2684/2082
f 2973/3232/2263 2974/2687/2082 2570/2816/2082 2938/3228/2228
f 2572/2817/2082 2936/3226/2226 2938/3228/2228 2570/2816/2082
f 2936/3226/2226 2572/2817/2082 2574/2818/2082 2934/3224/2224
f 2576/2820/2082 2975/3216/2264 2934/3224/2224 2574/2818/2082
f 2975/3216/2264 2576/2820/2082 2579/2822/2082 2926/3212/2216
f 2976/2825/2082 2924/3210/2214 2926/3212/2216 2579/2822/2082
f 2924/3210/2214 2976/2825/2082 2681/2928/2082 2922/3208/2212
f 2683/2929/2082 2977/3200/2265 2922/3208/2212 2681/2928/2082
f 2977/3200/2265 2683/2929/2082 2685/2930/2082 2914/3196/2204
f 2978/2932/2082 2912/3194/2202 2914/3196/2204 2685/2930/2082
f 2912/3194/2202 2978/2932/2082 2979/3271/2082 2910/3192/2200
f 2979/3271/2082 2978/2932/2082 2686/2933/2082 2981/2937/2082
f 2980/3272/2082 3016/3184/2269 2910/3192/2200 2979/3271/2082
f 2980/3272/2082 2979/3271/2082 2981/2937/2082 2982/3273/2082
f 2689/2936/2082 2697/2945/2082 2982/3273/2082 2981/2937/2082
f 2984/3274/2082 2980/3272/2082 2982/3273/2082 2983/3275/2082
f 2697/2945/2082 2699/2946/2082 2983/3275/2082 2982/3273/2082
f 2986/3276/2082 2984/3274/2082 2983/3275/2082 2985/3277/2082
f 2699/2946/2082 2701/2947/2082 2985/3277/2082 2983/3275/2082
f 2988/3278/2082 2986/3276/2082 2985/3277/2082 2987/3279/2082
f 2701/2947/2082 2990/2950/2082 2987/3279/2082 2985/3277/2082
f 2991/3280/2082 2988/3278/2082 2987/3279/2082 2989/3281/2082
f 2990/2950/2082 2708/2957/2082 2989/3281/2082 2987/3279/2082
f 2993/3282/2082 2991/3280/2082 2989/3281/2082 2992/3283/2082
f 2708/2957/2082 2710/2958/2082 2992/3283/2082 2989/3281/2082
f 2995/3284/2082 2993/3282/2082 2992/3283/2082 2994/3285/2082
f 2710/2958/2082 2712/2959/2082 2994/3285/2082 2992/3283/2082
f 2997/3286/2082 2995/3284/2082 2994/3285/2082 2996/3287/2082
f 2712/2959/2082 2999/2962/2082 2996/3287/2082 2994/3285/2082
f 3000/3288/2082 2997/3286/2082 2996/3287/2082 2998/3289/2082
f 2999/2962/2082 2719/2969/2082 2998/3289/2082 2996/3287/2082
f 3002/3290/2082 3000/3288/2082 2998/3289/2082 3001/3291/2082
f 2719/2969/2082 2721/2970/2082 3001/3291/2082 2998/3289/2082
f 3004/3292/2082 3002/3290/2082 3001/3291/2082 3003/3293/2082
f 2721/2970/2082 2723/2971/2082 3003/3293/2082 3001/3291/2082
f 3006/3294/2082 3004/3292/2082 3003/3293/2082 3005/3295/2082
f 2723/2971/2082 3008/2974/2082 3005/3295/2082 3003/3293/2082
f 3009/3296/2082 3006/3294/2082 3005/3295/2082 3007/3297/2082
f 3008/2974/2082 2730/2981/2082 3007/3297/2082 3005/3295/2082
f 3011/3298/2082 3009/3296/2082 3007/3297/2082 3010/2987/2082
f 2730/2981/2082 2732/2982/2082 3010/2987/2082 3007/3297/2082
f 3012/2991/2082 3011/3298/2082 3010/2987/2082 2736/2986/2082
f 3012/2991/2082 2864/3130/2154 2866/3132/2156 3011/3298/2082
f 3013/3136/2266 3009/3296/2082 3011/3298/2082 2866/3132/2156
f 2864/3130/2154 3012/2991/2082 2739/2990/2082 2862/3128/2152
f 3009/3296/2082 3013/3136/2266 2874/3144/2164 3006/3294/2082
f 2876/3146/2166 3004/3292/2082 3006/3294/2082 2874/3144/2164
f 3004/3292/2082 2876/3146/2166 2878/3148/2168 3002/3290/2082
f 3014/3152/2267 3000/3288/2082 3002/3290/2082 2878/3148/2168
f 3000/3288/2082 3014/3152/2267 2886/3160/2176 2997/3286/2082
f 2888/3162/2178 2995/3284/2082 2997/3286/2082 2886/3160/2176
f 2995/3284/2082 2888/3162/2178 2890/3164/2180 2993/3282/2082
f 3015/3168/2268 2991/3280/2082 2993/3282/2082 2890/3164/2180
f 2991/3280/2082 3015/3168/2268 2898/3176/2188 2988/3278/2082
f 2900/3178/2190 2986/3276/2082 2988/3278/2082 2898/3176/2188
f 2986/3276/2082 2900/3178/2190 2902/3180/2192 2984/3274/2082
f 3016/3184/2269 2980/3272/2082 2984/3274/2082 2902/3180/2192
f 2741/2992/2082 3017/3120/2270 2862/3128/2152 2739/2990/2082
f 3017/3120/2270 2741/2992/2082 2743/2993/2082 2854/3116/2144
f 2745/2995/2082 2852/3114/2142 2854/3116/2144 2743/2993/2082
f 2852/3114/2142 2745/2995/2082 2747/2997/2082 2850/3112/2140
f 2751/2999/2082 3018/3104/2271 2850/3112/2140 2747/2997/2082
f 3018/3104/2271 2751/2999/2082 2753/3002/2082 2842/3100/2132
f 2755/3003/2082 2840/3098/2130 2842/3100/2132 2753/3002/2082
f 2840/3098/2130 2755/3003/2082 2757/3005/2082 2838/3096/2128
f 2759/3007/2082 3019/3088/2272 2838/3096/2128 2757/3005/2082
f 3019/3088/2272 2759/3007/2082 2761/3009/2082 2830/3084/2120
f 2765/3011/2082 2828/3082/2118 2830/3084/2120 2761/3009/2082
f 2828/3082/2118 2765/3011/2082 2767/3014/2082 2826/3080/2116
f 2769/3015/2082 3020/3072/2273 2826/3080/2116 2767/3014/2082
f 3020/3072/2273 2769/3015/2082 2771/3017/2082 2818/3068/2108
f 2773/3019/2082 2816/3066/2106 2818/3068/2108 2771/3017/2082
f 2816/3066/2106 2773/3019/2082 2776/3021/2082 2814/3064/2104
f 2778/3023/2082 3021/3061/2274 2814/3064/2104 2776/3021/2082
f 3021/3061/2274 2778/3023/2082 2780/3025/2082 2802/3047/2092
f 2810/3062/2100 3021/3061/2274 2802/3047/2092 2804/3048/2094
f 2806/3054/2096 3022/3299/2275 3023/2307/2276 2095/2306/1885
f 2798/3300/2088 3022/3299/2275 2806/3054/2096 2800/3053/2090
f 3022/3299/2275 2280/2500/2070 2277/2499/2067 3023/2307/2276
f 3022/3299/2275 2798/3300/2088 2796/2505/2086 2280/2500/2070
f 2275/2302/2065 2091/2301/1881 3023/2307/2276 2277/2499/2067
f 2461/2700/2082 2554/2798/2082 2556/2802/2082 2459/2699/2082
f 2554/2798/2082 2461/2700/2082 2463/2702/2082 2550/2796/2082
f 3024/2705/2082 2548/2792/2082 2550/2796/2082 2463/2702/2082
f 2548/2792/2082 3024/2705/2082 2470/2711/2082 2544/2790/2082
f 2472/2712/2082 2542/2786/2082 2544/2790/2082 2470/2711/2082
f 2542/2786/2082 2472/2712/2082 2474/2714/2082 2538/2784/2082
f 3025/2717/2082 2536/2780/2082 2538/2784/2082 2474/2714/2082
f 2536/2780/2082 3025/2717/2082 2481/2723/2082 2532/2778/2082
f 2483/2724/2082 2530/2774/2082 2532/2778/2082 2481/2723/2082
f 2530/2774/2082 2483/2724/2082 2485/2726/2082 2526/2772/2082
f 3026/2729/2082 2524/2768/2082 2526/2772/2082 2485/2726/2082
f 2524/2768/2082 3026/2729/2082 2491/2733/2082 2521/2766/2082
f 2493/2734/2082 2519/2765/2082 2521/2766/2082 2491/2733/2082
f 2519/2765/2082 2493/2734/2082 2495/2736/2082 3027/2754/2082
f 2497/2738/2082 2505/2746/2082 3027/2754/2082 2495/2736/2082
f 2310/2542/2082 2374/2613/2082 2376/2617/2082 2308/2541/2082
f 2374/2613/2082 2310/2542/2082 2312/2544/2082 2370/2611/2082
f 3028/2547/2082 2368/2607/2082 2370/2611/2082 2312/2544/2082
f 2368/2607/2082 3028/2547/2082 2322/2557/2082 2364/2605/2082
f 2324/2558/2082 2362/2601/2082 2364/2605/2082 2322/2557/2082
f 2362/2601/2082 2324/2558/2082 2326/2560/2082 2359/2599/2082
f 3030/2563/2082 2357/2598/2082 2359/2599/2082 2326/2560/2082
f 2357/2598/2082 3030/2563/2082 2336/2573/2082 3029/2577/2082
f 2271/2494/2061 2269/2295/2059 2085/2296/1875 2090/2299/1880
f 2266/2490/2056 3031/2275/2277 2079/2290/1869 2268/2293/2058
f 3031/2275/2277 2266/2490/2056 2264/2491/2054 2065/2272/1855
f 3032/2475/2278 2063/2271/1853 2065/2272/1855 2264/2491/2054
f 2063/2271/1853 3032/2475/2278 2250/2472/2040 2061/2270/1851
f 2248/2254/2038 2046/2253/1836 2061/2270/1851 2250/2472/2040
f 1913/2134/1703 2077/2287/1867 2075/2286/1865 1911/2133/1701
f 3033/2285/2279 3034/2132/2280 1911/2133/1701 2075/2286/1865
f 3033/2285/2279 3035/3301/2281 3036/3302/2282 3034/2132/2280
f 3035/3301/2281 3033/2285/2279 2074/2282/1864 3038/3303/2284
f 3035/3301/2281 3037/3304/2283 3324/3305/2570 3036/3302/2282
f 3037/3304/2283 3035/3301/2281 3038/3303/2284 3039/3306/2285
f 3040/3307/2286 3041/3308/2287 3039/3306/2285 3038/3303/2284
f 2072/2281/1862 3040/3307/2286 3038/3303/2284 2074/2282/1864
f 3041/3308/2287 3040/3307/2286 3042/3309/2288 3043/3310/2289
f 3040/3307/2286 2072/2281/1862 2070/2280/1860 3042/3309/2288
f 3044/3311/2290 3045/3312/2291 3043/3310/2289 3042/3309/2288
f 3047/2265/2293 3044/3311/2290 3042/3309/2288 2070/2280/1860
f 3045/3312/2291 3044/3311/2290 3046/3313/2292 3048/3314/2294
f 3044/3311/2290 3047/2265/2293 2056/2262/1846 3046/3313/2292
f 3049/3315/2295 3050/3316/2296 3048/3314/2294 3046/3313/2292
f 2054/2261/1844 3049/3315/2295 3046/3313/2292 2056/2262/1846
f 3050/3316/2296 3049/3315/2295 3051/3317/2297 3052/3318/2298
f 3049/3315/2295 2054/2261/1844 2052/2260/1842 3051/3317/2297
f 1689/1864/1479 1687/1863/1477 3052/3318/2298 3051/3317/2297
f 3327/1867/2573 1689/1864/1479 3051/3317/2297 2052/2260/1842
f 3050/3316/2296 3052/3318/2298 3053/3319/2299 3055/3320/2301
f 3052/3318/2298 1687/1863/1477 1685/1862/1475 3053/3319/2299
f 3054/3321/2300 3056/3322/2302 3055/3320/2301 3053/3319/2299
f 3326/1854/2572 3054/3321/2300 3053/3319/2299 1685/1862/1475
f 3056/3322/2302 3058/3323/2304 3057/3324/2303 3055/3320/2301
f 3048/3314/2294 3050/3316/2296 3055/3320/2301 3057/3324/2303
f 3058/3323/2304 3060/3325/2306 3059/3326/2305 3057/3324/2303
f 3045/3312/2291 3048/3314/2294 3057/3324/2303 3059/3326/2305
f 3060/3325/2306 3062/3327/2308 3061/3328/2307 3059/3326/2305
f 3043/3310/2289 3045/3312/2291 3059/3326/2305 3061/3328/2307
f 3062/3327/2308 3064/3329/2310 3063/3330/2309 3061/3328/2307
f 3041/3308/2287 3043/3310/2289 3061/3328/2307 3063/3330/2309
f 3064/3329/2310 3066/3331/2312 3065/3332/2311 3063/3330/2309
f 3039/3306/2285 3041/3308/2287 3063/3330/2309 3065/3332/2311
f 3066/3331/2312 3069/3333/2315 3067/3334/2313 3065/3332/2311
f 3037/3304/2283 3039/3306/2285 3065/3332/2311 3067/3334/2313
f 3324/3305/2570 3037/3304/2283 3067/3334/2313 3068/3335/2314
f 3069/3333/2315 3070/3336/2316 3068/3335/2314 3067/3334/2313
f 3070/3336/2316 3069/3333/2315 3071/1564/2317 3072/3337/2318
f 3069/3333/2315 3066/3331/2312 1467/1560/1257 3071/1564/2317
f 1468/1563/1258 3074/3338/2320 3072/3337/2318 3071/1564/2317
f 3075/3339/2321 3070/3336/2316 3072/3337/2318 3073/1594/2319
f 3074/3338/2320 1493/1591/1283 3073/1594/2319 3072/3337/2318
f 1493/1589/1283 3074/1569/2320 1472/1570/1262 1490/1587/1280
f 3077/3340/2323 3075/3339/2321 3073/1594/2319 1494/1593/1284
f 3070/3336/2316 3075/3339/2321 3076/3341/2322 3068/3335/2314
f 3075/3339/2321 3077/3340/2323 3078/3342/2324 3076/3341/2322
f 3077/3340/2323 3079/3343/2325 3080/3344/2326 3078/3342/2324
f 3079/3343/2325 3077/3340/2323 1494/1593/1284 1496/1596/1286
f 3079/3343/2325 3081/3345/2327 3082/3346/2328 3080/3344/2326
f 3081/3345/2327 3079/3343/2325 1496/1596/1286 1498/1598/1288
f 3081/3345/2327 3083/3347/2329 3084/3348/2330 3082/3346/2328
f 3083/3347/2329 3081/3345/2327 1498/1598/1288 3086/1602/2332
f 3083/3347/2329 3085/3349/2331 3087/3350/2333 3084/3348/2330
f 3085/3349/2331 3083/3347/2329 3086/1602/2332 1508/1614/1298
f 3085/3349/2331 3088/3351/2334 3089/3352/2335 3087/3350/2333
f 3088/3351/2334 3085/3349/2331 1508/1614/1298 1510/1616/1300
f 3088/3351/2334 3090/3353/2336 3091/3354/2337 3089/3352/2335
f 3090/3353/2336 3088/3351/2334 1510/1616/1300 1512/1618/1302
f 3090/3353/2336 3092/3355/2338 3093/3356/2339 3091/3354/2337
f 3092/3355/2338 3090/3353/2336 1512/1618/1302 3095/1622/2341
f 3092/3355/2338 3094/3357/2340 3096/3358/2342 3093/3356/2339
f 3094/3357/2340 3092/3355/2338 3095/1622/2341 1522/1634/1312
f 3094/3357/2340 3097/3359/2343 3098/3360/2344 3096/3358/2342
f 3097/3359/2343 3094/3357/2340 1522/1634/1312 1524/1636/1314
f 3097/3359/2343 3099/3361/2345 3100/3362/2346 3098/3360/2344
f 3099/3361/2345 3097/3359/2343 1524/1636/1314 1526/1638/1316
f 3099/3361/2345 3101/3363/2347 3102/3364/2348 3100/3362/2346
f 3101/3363/2347 3099/3361/2345 1526/1638/1316 3104/1642/2350
f 3101/3363/2347 3103/3365/2349 3105/3366/2351 3102/3364/2348
f 3103/3365/2349 3101/3363/2347 3104/1642/2350 1536/1654/1326
f 3103/3365/2349 3106/3367/2352 3107/3368/2353 3105/3366/2351
f 3106/3367/2352 3103/3365/2349 1536/1654/1326 1538/1656/1328
f 3106/3367/2352 3108/3369/2354 3109/3370/2355 3107/3368/2353
f 3108/3369/2354 3106/3367/2352 1538/1656/1328 1540/1658/1330
f 3108/3369/2354 3110/3371/2356 3111/3372/2357 3109/3370/2355
f 3110/3371/2356 3108/3369/2354 1540/1658/1330 3113/1662/2359
f 3110/3371/2356 3112/3373/2358 3114/3374/2360 3111/3372/2357
f 3112/3373/2358 3110/3371/2356 3113/1662/2359 1550/1674/1340
f 3112/3373/2358 3115/3375/2361 3116/3376/2362 3114/3374/2360
f 3115/3375/2361 3112/3373/2358 1550/1674/1340 1552/1676/1342
f 3115/3375/2361 3117/3377/2363 3118/3378/2364 3116/3376/2362
f 3117/3377/2363 3115/3375/2361 1552/1676/1342 1554/1678/1344
f 3117/3377/2363 3119/3379/2365 3120/3380/2366 3118/3378/2364
f 3119/3379/2365 3117/3377/2363 1554/1678/1344 3122/1682/2368
f 3119/3379/2365 3121/3381/2367 3123/3382/2369 3120/3380/2366
f 3121/3381/2367 3119/3379/2365 3122/1682/2368 1564/1694/1354
f 3121/3381/2367 3124/3383/2370 3125/3384/2371 3123/3382/2369
f 3124/3383/2370 3121/3381/2367 1564/1694/1354 1566/1696/1356
f 3124/3383/2370 3126/3385/2372 3127/3386/2373 3125/3384/2371
f 3126/3385/2372 3124/3383/2370 1566/1696/1356 1568/1698/1358
f 3126/3385/2372 3128/3387/2374 3129/3388/2375 3127/3386/2373
f 3128/3387/2374 3126/3385/2372 1568/1698/1358 3131/1702/2377
f 3128/3387/2374 3130/3389/2376 3132/3390/2378 3129/3388/2375
f 3130/3389/2376 3128/3387/2374 3131/1702/2377 1578/1714/1368
f 3130/3389/2376 3133/3391/2379 3134/3392/2380 3132/3390/2378
f 3133/3391/2379 3130/3389/2376 1578/1714/1368 1580/1716/1370
f 3133/3391/2379 3135/3393/2381 3136/3394/2382 3134/3392/2380
f 3135/3393/2381 3133/3391/2379 1580/1716/1370 1582/1718/1372
f 3135/3393/2381 3137/3395/2383 3138/3396/2384 3136/3394/2382
f 3137/3395/2383 3135/3393/2381 1582/1718/1372 3140/1722/2386
f 3137/3395/2383 3139/3397/2385 3141/3398/2387 3138/3396/2384
f 3139/3397/2385 3137/3395/2383 3140/1722/2386 1592/1734/1382
f 3139/3397/2385 3142/3399/2388 3143/3400/2389 3141/3398/2387
f 3142/3399/2388 3139/3397/2385 1592/1734/1382 1594/1736/1384
f 3142/3399/2388 3144/3401/2390 3145/3402/2391 3143/3400/2389
f 3144/3401/2390 3142/3399/2388 1594/1736/1384 1596/1738/1386
f 3144/3401/2390 3146/3403/2392 3147/3404/2393 3145/3402/2391
f 3146/3403/2392 3144/3401/2390 1596/1738/1386 3149/1742/2395
f 3146/3403/2392 3148/3405/2394 3150/3406/2396 3147/3404/2393
f 3148/3405/2394 3146/3403/2392 3149/1742/2395 1606/1754/1396
f 3148/3405/2394 3151/3407/2397 3152/3408/2398 3150/3406/2396
f 3151/3407/2397 3148/3405/2394 1606/1754/1396 1608/1756/1398
f 3151/3407/2397 3153/3409/2399 3154/3410/2400 3152/3408/2398
f 3153/3409/2399 3151/3407/2397 1608/1756/1398 1610/1758/1400
f 3153/3409/2399 3155/3411/2401 3156/3412/2402 3154/3410/2400
f 3155/3411/2401 3153/3409/2399 1610/1758/1400 3158/1762/2404
f 3155/3411/2401 3157/3413/2403 3159/3414/2405 3156/3412/2402
f 3157/3413/2403 3155/3411/2401 3158/1762/2404 1620/1774/1410
f 3157/3413/2403 3160/3415/2406 3161/3416/2407 3159/3414/2405
f 3160/3415/2406 3157/3413/2403 1620/1774/1410 1622/1776/1412
f 3160/3415/2406 3162/3417/2408 3163/3418/2409 3161/3416/2407
f 3162/3417/2408 3160/3415/2406 1622/1776/1412 1624/1778/1414
f 3162/3417/2408 3164/3419/2410 3165/3420/2411 3163/3418/2409
f 3164/3419/2410 3162/3417/2408 1624/1778/1414 3167/1782/2413
f 3164/3419/2410 3166/3421/2412 3168/3422/2414 3165/3420/2411
f 3166/3421/2412 3164/3419/2410 3167/1782/2413 1634/1794/1424
f 3166/3421/2412 3169/3423/2415 3170/3424/2416 3168/3422/2414
f 3169/3423/2415 3166/3421/2412 1634/1794/1424 1636/1796/1426
f 3169/3423/2415 3171/3425/2417 3172/3426/2418 3170/3424/2416
f 3171/3425/2417 3169/3423/2415 1636/1796/1426 1638/1798/1428
f 3171/3425/2417 3173/3427/2419 3174/3428/2420 3172/3426/2418
f 3173/3427/2419 3171/3425/2417 1638/1798/1428 3176/1802/2422
f 3173/3427/2419 3175/3429/2421 3177/3430/2423 3174/3428/2420
f 3175/3429/2421 3173/3427/2419 3176/1802/2422 1648/1814/1438
f 3175/3429/2421 3178/3431/2424 3179/3432/2425 3177/3430/2423
f 3178/3431/2424 3175/3429/2421 1648/1814/1438 1650/1816/1440
f 3178/3431/2424 3180/3433/2426 3181/3434/2427 3179/3432/2425
f 3180/3433/2426 3178/3431/2424 1650/1816/1440 1652/1818/1442
f 3180/3433/2426 3182/3435/2428 3183/3436/2429 3181/3434/2427
f 3182/3435/2428 3180/3433/2426 1652/1818/1442 3185/1822/2431
f 3182/3435/2428 3184/3437/2430 3186/3438/2432 3183/3436/2429
f 3184/3437/2430 3182/3435/2428 3185/1822/2431 1662/1834/1452
f 3184/3437/2430 3187/3439/2433 3188/3440/2434 3186/3438/2432
f 3187/3439/2433 3184/3437/2430 1662/1834/1452 1664/1836/1454
f 3187/3439/2433 1680/1855/1470 1682/1857/1472 3188/3440/2434
f 1680/1855/1470 3187/3439/2433 1664/1836/1454 1666/1838/1456
f 3189/3441/2435 3190/3442/2436 3186/3438/2432 3188/3440/2434
f 3191/1860/2437 3189/3441/2435 3188/3440/2434 1682/1857/1472
f 3189/3441/2435 3192/3443/2438 3193/3444/2439 3190/3442/2436
f 3192/3443/2438 3189/3441/2435 3191/1860/2437 1692/1870/1482
f 3192/3443/2438 1714/1895/1504 1716/1896/1506 3193/3444/2439
f 1714/1895/1504 3192/3443/2438 1692/1870/1482 1694/1871/1484
f 3194/3445/2440 3195/3446/2441 3190/3442/2436 3193/3444/2439
f 1718/1897/1508 3194/3445/2440 3193/3444/2439 1716/1896/1506
f 3195/3446/2441 3194/3445/2440 3196/3447/2442 3197/3448/2443
f 3194/3445/2440 1718/1897/1508 3198/1900/2444 3196/3447/2442
f 3199/3449/2445 3200/3450/2446 3197/3448/2443 3196/3447/2442
f 3202/3451/2448 3199/3449/2445 3196/3447/2442 3198/1900/2444
f 3200/3450/2446 3199/3449/2445 3201/3452/2447 3205/3453/2451
f 3199/3449/2445 3202/3451/2448 3203/1924/2449 3201/3452/2447
f 3203/1924/2449 3202/3451/2448 3204/1918/2450 1734/1917/1524
f 3202/3451/2448 3198/1900/2444 1719/1901/1509 3204/1918/2450
f 1721/1902/1511 1729/1910/1519 3204/1918/2450 1719/1901/1509
f 1738/1923/1528 3206/3454/2452 3201/3452/2447 3203/1924/2449
f 3206/3454/2452 3207/3455/2453 3205/3453/2451 3201/3452/2447
f 3207/3455/2453 3206/3454/2452 3208/3456/2454 3209/3457/2455
f 3206/3454/2452 1738/1923/1528 1740/1925/1530 3208/3456/2454
f 3210/3458/2456 3211/3459/2457 3209/3457/2455 3208/3456/2454
f 1742/1926/1532 3210/3458/2456 3208/3456/2454 1740/1925/1530
f 3211/3459/2457 3210/3458/2456 3212/3460/2458 3213/3461/2459
f 3210/3458/2456 1742/1926/1532 3214/1929/2460 3212/3460/2458
f 3215/3462/2461 3216/3463/2462 3213/3461/2459 3212/3460/2458
f 3218/3464/2464 3215/3462/2461 3212/3460/2458 3214/1929/2460
f 3216/3463/2462 3215/3462/2461 3217/3465/2463 3221/3466/2467
f 3215/3462/2461 3218/3464/2464 3219/1953/2465 3217/3465/2463
f 3219/1953/2465 3218/3464/2464 3220/1947/2466 1758/1946/1548
f 3218/3464/2464 3214/1929/2460 1743/1930/1533 3220/1947/2466
f 1745/1931/1535 1753/1939/1543 3220/1947/2466 1743/1930/1533
f 1762/1952/1552 3222/3467/2468 3217/3465/2463 3219/1953/2465
f 3222/3467/2468 3223/3468/2469 3221/3466/2467 3217/3465/2463
f 3223/3468/2469 3222/3467/2468 3224/3469/2470 3225/3470/2471
f 3222/3467/2468 1762/1952/1552 1764/1954/1554 3224/3469/2470
f 3226/3471/2472 3227/3472/2473 3225/3470/2471 3224/3469/2470
f 1766/1955/1556 3226/3471/2472 3224/3469/2470 1764/1954/1554
f 3227/3472/2473 3226/3471/2472 3228/3473/2474 3229/3474/2475
f 3226/3471/2472 1766/1955/1556 3230/1958/2476 3228/3473/2474
f 3231/3475/2477 3232/3476/2478 3229/3474/2475 3228/3473/2474
f 3234/3477/2480 3231/3475/2477 3228/3473/2474 3230/1958/2476
f 3232/3476/2478 3231/3475/2477 3233/3478/2479 3237/3479/2483
f 3231/3475/2477 3234/3477/2480 3235/1982/2481 3233/3478/2479
f 3235/1982/2481 3234/3477/2480 3236/1976/2482 1782/1975/1572
f 3234/3477/2480 3230/1958/2476 1767/1959/1557 3236/1976/2482
f 1769/1960/1559 1777/1968/1567 3236/1976/2482 1767/1959/1557
f 1786/1981/1576 3238/3480/2484 3233/3478/2479 3235/1982/2481
f 3238/3480/2484 3239/3481/2485 3237/3479/2483 3233/3478/2479
f 3239/3481/2485 3238/3480/2484 3240/3482/2486 3241/3483/2487
f 3238/3480/2484 1786/1981/1576 1788/1983/1578 3240/3482/2486
f 3242/3484/2488 3243/3485/2489 3241/3483/2487 3240/3482/2486
f 1790/1984/1580 3242/3484/2488 3240/3482/2486 1788/1983/1578
f 3243/3485/2489 3242/3484/2488 3244/3486/2490 3245/3487/2491
f 3242/3484/2488 1790/1984/1580 3246/1987/2492 3244/3486/2490
f 3247/3488/2493 3248/3489/2494 3245/3487/2491 3244/3486/2490
f 3250/3490/2496 3247/3488/2493 3244/3486/2490 3246/1987/2492
f 3248/3489/2494 3247/3488/2493 3249/3491/2495 3253/3492/2499
f 3247/3488/2493 3250/3490/2496 3251/2011/2497 3249/3491/2495
f 3251/2011/2497 3250/3490/2496 3252/2005/2498 1806/2004/1596
f 3250/3490/2496 3246/1987/2492 1791/1988/1581 3252/2005/2498
f 1793/1989/1583 1801/1997/1591 3252/2005/2498 1791/1988/1581
f 1810/2010/1600 3254/3493/2500 3249/3491/2495 3251/2011/2497
f 3254/3493/2500 3255/3494/2501 3253/3492/2499 3249/3491/2495
f 3255/3494/2501 3254/3493/2500 3256/3495/2502 3257/3496/2503
f 3254/3493/2500 1810/2010/1600 1812/2012/1602 3256/3495/2502
f 3258/3497/2504 3259/3498/2505 3257/3496/2503 3256/3495/2502
f 1814/2013/1604 3258/3497/2504 3256/3495/2502 1812/2012/1602
f 3259/3498/2505 3258/3497/2504 3260/3499/2506 3261/3500/2507
f 3258/3497/2504 1814/2013/1604 3262/2016/2508 3260/3499/2506
f 3263/3501/2509 3264/3502/2510 3261/3500/2507 3260/3499/2506
f 3266/3503/2512 3263/3501/2509 3260/3499/2506 3262/2016/2508
f 3264/3502/2510 3263/3501/2509 3265/3504/2511 3269/3505/2515
f 3263/3501/2509 3266/3503/2512 3267/2040/2513 3265/3504/2511
f 3267/2040/2513 3266/3503/2512 3268/2034/2514 1830/2033/1620
f 3266/3503/2512 3262/2016/2508 1815/2017/1605 3268/2034/2514
f 1817/2018/1607 1825/2026/1615 3268/2034/2514 1815/2017/1605
f 1834/2039/1624 3270/3506/2516 3265/3504/2511 3267/2040/2513
f 3270/3506/2516 3271/3507/2517 3269/3505/2515 3265/3504/2511
f 3271/3507/2517 3270/3506/2516 3272/3508/2518 3273/3509/2519
f 3270/3506/2516 1834/2039/1624 1836/2041/1626 3272/3508/2518
f 3274/3510/2520 3275/3511/2521 3273/3509/2519 3272/3508/2518
f 1838/2042/1628 3274/3510/2520 3272/3508/2518 1836/2041/1626
f 3275/3511/2521 3274/3510/2520 3276/3512/2522 3277/3513/2523
f 3274/3510/2520 1838/2042/1628 3278/2045/2524 3276/3512/2522
f 3279/3514/2525 3280/3515/2526 3277/3513/2523 3276/3512/2522
f 3282/3516/2528 3279/3514/2525 3276/3512/2522 3278/2045/2524
f 3280/3515/2526 3279/3514/2525 3281/3517/2527 3285/3518/2531
f 3279/3514/2525 3282/3516/2528 3283/2069/2529 3281/3517/2527
f 3283/2069/2529 3282/3516/2528 3284/2063/2530 1854/2062/1644
f 3282/3516/2528 3278/2045/2524 1839/2046/1629 3284/2063/2530
f 1841/2047/1631 1849/2055/1639 3284/2063/2530 1839/2046/1629
f 1858/2068/1648 3286/3519/2532 3281/3517/2527 3283/2069/2529
f 3286/3519/2532 3287/3520/2533 3285/3518/2531 3281/3517/2527
f 3287/3520/2533 3286/3519/2532 3288/3521/2534 3289/3522/2535
f 3286/3519/2532 1858/2068/1648 1860/2070/1650 3288/3521/2534
f 3290/3523/2536 3291/3524/2537 3289/3522/2535 3288/3521/2534
f 1862/2071/1652 3290/3523/2536 3288/3521/2534 1860/2070/1650
f 3291/3524/2537 3290/3523/2536 3292/3525/2538 3293/3526/2539
f 3290/3523/2536 1862/2071/1652 3294/2074/2540 3292/3525/2538
f 3295/3527/2541 3296/3528/2542 3293/3526/2539 3292/3525/2538
f 3298/3529/2544 3295/3527/2541 3292/3525/2538 3294/2074/2540
f 3296/3528/2542 3295/3527/2541 3297/3530/2543 3301/3531/2547
f 3295/3527/2541 3298/3529/2544 3299/2098/2545 3297/3530/2543
f 3299/2098/2545 3298/3529/2544 3300/2092/2546 1878/2091/1668
f 3298/3529/2544 3294/2074/2540 1863/2075/1653 3300/2092/2546
f 1865/2076/1655 1873/2084/1663 3300/2092/2546 1863/2075/1653
f 1882/2097/1672 3302/3532/2548 3297/3530/2543 3299/2098/2545
f 3302/3532/2548 3303/3533/2549 3301/3531/2547 3297/3530/2543
f 3303/3533/2549 3302/3532/2548 3304/3534/2550 3305/3535/2551
f 3302/3532/2548 1882/2097/1672 1884/2099/1674 3304/3534/2550
f 3306/3536/2552 3307/3537/2553 3305/3535/2551 3304/3534/2550
f 1886/2100/1676 3306/3536/2552 3304/3534/2550 1884/2099/1674
f 3307/3537/2553 3306/3536/2552 3308/3538/2554 3309/3539/2555
f 3306/3536/2552 1886/2100/1676 3310/2103/2556 3308/3538/2554
f 3311/3540/2557 3312/3541/2558 3309/3539/2555 3308/3538/2554
f 3314/3542/2560 3311/3540/2557 3308/3538/2554 3310/2103/2556
f 3312/3541/2558 3311/3540/2557 3313/3543/2559 3317/3544/2563
f 3311/3540/2557 3314/3542/2560 3315/2127/2561 3313/3543/2559
f 3315/2127/2561 3314/3542/2560 3316/2121/2562 1902/2120/1692
f 3314/3542/2560 3310/2103/2556 1887/2104/1677 3316/2121/2562
f 1889/2105/1679 1897/2113/1687 3316/2121/2562 1887/2104/1677
f 1906/2126/1696 3318/3545/2564 3313/3543/2559 3315/2127/2561
f 3318/3545/2564 3319/3546/2565 3317/3544/2563 3313/3543/2559
f 3319/3546/2565 3318/3545/2564 3320/3547/2566 3321/3548/2567
f 3318/3545/2564 1906/2126/1696 1908/2128/1698 3320/3547/2566
f 3322/3549/2568 3323/3550/2569 3321/3548/2567 3320/3547/2566
f 1910/2129/1700 3322/3549/2568 3320/3547/2566 1908/2128/1698
f 3323/3550/2569 3322/3549/2568 3036/3302/2282 3324/3305/2570
f 3322/3549/2568 1910/2129/1700 3034/2132/2280 3036/3302/2282
f 3323/3550/2569 3324/3305/2570 3068/3335/2314 3076/3341/2322
f 3321/3548/2567 3323/3550/2569 3076/3341/2322 3078/3342/2324
f 3319/3546/2565 3321/3548/2567 3078/3342/2324 3080/3344/2326
f 3317/3544/2563 3319/3546/2565 3080/3344/2326 3082/3346/2328
f 3312/3541/2558 3317/3544/2563 3082/3346/2328 3084/3348/2330
f 3309/3539/2555 3312/3541/2558 3084/3348/2330 3087/3350/2333
f 3307/3537/2553 3309/3539/2555 3087/3350/2333 3089/3352/2335
f 3305/3535/2551 3307/3537/2553 3089/3352/2335 3091/3354/2337
f 3303/3533/2549 3305/3535/2551 3091/3354/2337 3093/3356/2339
f 3301/3531/2547 3303/3533/2549 3093/3356/2339 3096/3358/2342
f 3296/3528/2542 3301/3531/2547 3096/3358/2342 3098/3360/2344
f 3293/3526/2539 3296/3528/2542 3098/3360/2344 3100/3362/2346
f 3291/3524/2537 3293/3526/2539 3100/3362/2346 3102/3364/2348
f 3289/3522/2535 3291/3524/2537 3102/3364/2348 3105/3366/2351
f 3287/3520/2533 3289/3522/2535 3105/3366/2351 3107/3368/2353
f 3285/3518/2531 3287/3520/2533 3107/3368/2353 3109/3370/2355
f 3280/3515/2526 3285/3518/2531 3109/3370/2355 3111/3372/2357
f 3277/3513/2523 3280/3515/2526 3111/3372/2357 3114/3374/2360
f 3275/3511/2521 3277/3513/2523 3114/3374/2360 3116/3376/2362
f 3273/3509/2519 3275/3511/2521 3116/3376/2362 3118/3378/2364
f 3271/3507/2517 3273/3509/2519 3118/3378/2364 3120/3380/2366
f 3269/3505/2515 3271/3507/2517 3120/3380/2366 3123/3382/2369
f 3264/3502/2510 3269/3505/2515 3123/3382/2369 3125/3384/2371
f 3261/3500/2507 3264/3502/2510 3125/3384/2371 3127/3386/2373
f 3259/3498/2505 3261/3500/2507 3127/3386/2373 3129/3388/2375
f 3257/3496/2503 3259/3498/2505 3129/3388/2375 3132/3390/2378
f 3255/3494/2501 3257/3496/2503 3132/3390/2378 3134/3392/2380
f 3253/3492/2499 3255/3494/2501 3134/3392/2380 3136/3394/2382
f 3248/3489/2494 3253/3492/2499 3136/3394/2382 3138/3396/2384
f 3245/3487/2491 3248/3489/2494 3138/3396/2384 3141/3398/2387
f 3243/3485/2489 3245/3487/2491 3141/3398/2387 3143/3400/2389
f 3241/3483/2487 3243/3485/2489 3143/3400/2389 3145/3402/2391
f 3239/3481/2485 3241/3483/2487 3145/3402/2391 3147/3404/2393
f 3237/3479/2483 3239/3481/2485 3147/3404/2393 3150/3406/2396
f 3232/3476/2478 3237/3479/2483 3150/3406/2396 3152/3408/2398
f 3229/3474/2475 3232/3476/2478 3152/3408/2398 3154/3410/2400
f 3227/3472/2473 3229/3474/2475 3154/3410/2400 3156/3412/2402
f 3225/3470/2471 3227/3472/2473 3156/3412/2402 3159/3414/2405
f 3223/3468/2469 3225/3470/2471 3159/3414/2405 3161/3416/2407
f 3221/3466/2467 3223/3468/2469 3161/3416/2407 3163/3418/2409
f 3216/3463/2462 3221/3466/2467 3163/3418/2409 3165/3420/2411
f 3213/3461/2459 3216/3463/2462 3165/3420/2411 3168/3422/2414
f 3211/3459/2457 3213/3461/2459 3168/3422/2414 3170/3424/2416
f 3209/3457/2455 3211/3459/2457 3170/3424/2416 3172/3426/2418
f 3207/3455/2453 3209/3457/2455 3172/3426/2418 3174/3428/2420
f 3205/3453/2451 3207/3455/2453 3174/3428/2420 3177/3430/2423
f 3200/3450/2446 3205/3453/2451 3177/3430/2423 3179/3432/2425
f 3197/3448/2443 3200/3450/2446 3179/3432/2425 3181/3434/2427
f 3195/3446/2441 3197/3448/2443 3181/3434/2427 3183/3436/2429
f 3190/3442/2436 3195/3446/2441 3183/3436/2429 3186/3438/2432
f 3066/3331/2312 3064/3329/2310 1465/1558/1255 1467/1560/1257
f 3064/3329/2310 3062/3327/2308 1463/1556/1253 1465/1558/1255
f 3062/3327/2308 3060/3325/2306 3325/1544/2571 1463/1556/1253
f 3060/3325/2306 3058/3323/2304 1453/1540/1243 3325/1544/2571
f 3058/3323/2304 3056/3322/2302 1451/1538/1241 1453/1540/1243
f 3056/3322/2302 3054/3321/2300 1449/1535/1239 1451/1538/1241
f 3054/3321/2300 3326/1854/2572 1677/1536/1467 1449/1535/1239
f 1443/1525/1233 1673/1847/1463 3328/3551/2574 1439/1523/1229
f 1673/1847/1463 1671/1846/1461 3329/3552/2575 3328/3551/2574
f 1432/1516/1098 1434/1518/1098 1439/1523/1229 3328/3551/2574
f 1430/1514/1098 1432/1516/1098 3328/3551/2574 3329/3552/2575
f 1428/1512/1098 1430/1514/1098 3329/3552/2575 3330/3553/2576
f 1671/1846/1461 1669/1845/1459 3330/3553/2576 3329/3552/2575
f 1426/1510/1098 1428/1512/1098 3330/3553/2576 3331/3554/2577
f 1669/1845/1459 3333/1830/2579 3331/3554/2577 3330/3553/2576
f 1424/1508/1098 1426/1510/1098 3331/3554/2577 3332/3555/2578
f 3333/1830/2579 1659/1827/1449 3332/3555/2578 3331/3554/2577
f 1422/1506/1098 1424/1508/1098 3332/3555/2578 3334/3556/2580
f 1659/1827/1449 1657/1826/1447 3334/3556/2580 3332/3555/2578
f 1420/1504/1098 1422/1506/1098 3334/3556/2580 3335/3557/2581
f 1657/1826/1447 1655/1825/1445 3335/3557/2581 3334/3556/2580
f 1418/1502/1098 1420/1504/1098 3335/3557/2581 3336/3558/2582
f 1655/1825/1445 3338/1810/2584 3336/3558/2582 3335/3557/2581
f 1416/1500/1098 1418/1502/1098 3336/3558/2582 3337/3559/2583
f 3338/1810/2584 1645/1807/1435 3337/3559/2583 3336/3558/2582
f 1414/1498/1098 1416/1500/1098 3337/3559/2583 3339/3560/2585
f 1645/1807/1435 1643/1806/1433 3339/3560/2585 3337/3559/2583
f 1412/1496/1098 1414/1498/1098 3339/3560/2585 3340/3561/2586
f 1643/1806/1433 1641/1805/1431 3340/3561/2586 3339/3560/2585
f 1410/1494/1098 1412/1496/1098 3340/3561/2586 3341/3562/2587
f 1641/1805/1431 3343/1790/2589 3341/3562/2587 3340/3561/2586
f 1408/1492/1098 1410/1494/1098 3341/3562/2587 3342/3563/2588
f 3343/1790/2589 1631/1787/1421 3342/3563/2588 3341/3562/2587
f 1406/1490/1098 1408/1492/1098 3342/3563/2588 3344/3564/2590
f 1631/1787/1421 1629/1786/1419 3344/3564/2590 3342/3563/2588
f 1404/1488/1098 1406/1490/1098 3344/3564/2590 3345/3565/2591
f 1629/1786/1419 1627/1785/1417 3345/3565/2591 3344/3564/2590
f 1402/1486/1098 1404/1488/1098 3345/3565/2591 3346/3566/2592
f 1627/1785/1417 3348/1770/2594 3346/3566/2592 3345/3565/2591
f 1400/1484/1098 1402/1486/1098 3346/3566/2592 3347/3567/2593
f 3348/1770/2594 1617/1767/1407 3347/3567/2593 3346/3566/2592
f 1398/1482/1098 1400/1484/1098 3347/3567/2593 3349/3568/2595
f 1617/1767/1407 1615/1766/1405 3349/3568/2595 3347/3567/2593
f 1396/1480/1098 1398/1482/1098 3349/3568/2595 3350/3569/2596
f 1615/1766/1405 1613/1765/1403 3350/3569/2596 3349/3568/2595
f 1394/1478/1098 1396/1480/1098 3350/3569/2596 3351/3570/2597
f 1613/1765/1403 3353/1750/2599 3351/3570/2597 3350/3569/2596
f 1392/1476/1098 1394/1478/1098 3351/3570/2597 3352/3571/2598
f 3353/1750/2599 1603/1747/1393 3352/3571/2598 3351/3570/2597
f 1390/1474/1098 1392/1476/1098 3352/3571/2598 3354/3572/2600
f 1603/1747/1393 1601/1746/1391 3354/3572/2600 3352/3571/2598
f 1388/1472/1098 1390/1474/1098 3354/3572/2600 3355/3573/2601
f 1601/1746/1391 1599/1745/1389 3355/3573/2601 3354/3572/2600
f 1386/1470/1098 1388/1472/1098 3355/3573/2601 3356/3574/2602
f 1599/1745/1389 3358/1730/2604 3356/3574/2602 3355/3573/2601
f 1384/1468/1098 1386/1470/1098 3356/3574/2602 3357/3575/2603
f 3358/1730/2604 1589/1727/1379 3357/3575/2603 3356/3574/2602
f 1382/1466/1098 1384/1468/1098 3357/3575/2603 3359/3576/2605
f 1589/1727/1379 1587/1726/1377 3359/3576/2605 3357/3575/2603
f 1380/1464/1098 1382/1466/1098 3359/3576/2605 3360/3577/2606
f 1587/1726/1377 1585/1725/1375 3360/3577/2606 3359/3576/2605
f 1378/1462/1098 1380/1464/1098 3360/3577/2606 3361/3578/2607
f 1585/1725/1375 3363/1710/2609 3361/3578/2607 3360/3577/2606
f 1376/1460/1098 1378/1462/1098 3361/3578/2607 3362/3579/2608
f 3363/1710/2609 1575/1707/1365 3362/3579/2608 3361/3578/2607
f 1374/1458/1098 1376/1460/1098 3362/3579/2608 3364/3580/2610
f 1575/1707/1365 1573/1706/1363 3364/3580/2610 3362/3579/2608
f 1372/1456/1098 1374/1458/1098 3364/3580/2610 3365/3581/2611
f 1573/1706/1363 1571/1705/1361 3365/3581/2611 3364/3580/2610
f 1370/1454/1098 1372/1456/1098 3365/3581/2611 3366/3582/2612
f 1571/1705/1361 3368/1690/2614 3366/3582/2612 3365/3581/2611
f 1368/1452/1098 1370/1454/1098 3366/3582/2612 3367/3583/2613
f 3368/1690/2614 1561/1687/1351 3367/3583/2613 3366/3582/2612
f 1366/1450/1098 1368/1452/1098 3367/3583/2613 3369/3584/2615
f 1561/1687/1351 1559/1686/1349 3369/3584/2615 3367/3583/2613
f 1364/1448/1098 1366/1450/1098 3369/3584/2615 3370/3585/2616
f 1559/1686/1349 1557/1685/1347 3370/3585/2616 3369/3584/2615
f 1362/1446/1098 1364/1448/1098 3370/3585/2616 3371/3586/2617
f 1557/1685/1347 3373/1670/2619 3371/3586/2617 3370/3585/2616
f 1360/1444/1098 1362/1446/1098 3371/3586/2617 3372/3587/2618
f 3373/1670/2619 1547/1667/1337 3372/3587/2618 3371/3586/2617
f 1358/1442/1098 1360/1444/1098 3372/3587/2618 3374/3588/2620
f 1547/1667/1337 1545/1666/1335 3374/3588/2620 3372/3587/2618
f 1356/1440/1098 1358/1442/1098 3374/3588/2620 3375/3589/2621
f 1545/1666/1335 1543/1665/1333 3375/3589/2621 3374/3588/2620
f 1354/1438/1098 1356/1440/1098 3375/3589/2621 3376/3590/2622
f 1543/1665/1333 3378/1650/2624 3376/3590/2622 3375/3589/2621
f 1352/1436/1098 1354/1438/1098 3376/3590/2622 3377/3591/2623
f 3378/1650/2624 1533/1647/1323 3377/3591/2623 3376/3590/2622
f 1350/1434/1098 1352/1436/1098 3377/3591/2623 3379/3592/2625
f 1533/1647/1323 1531/1646/1321 3379/3592/2625 3377/3591/2623
f 1348/1432/1098 1350/1434/1098 3379/3592/2625 3380/3593/2626
f 1531/1646/1321 1529/1645/1319 3380/3593/2626 3379/3592/2625
f 1346/1430/1098 1348/1432/1098 3380/3593/2626 3381/3594/2627
f 1529/1645/1319 3383/1630/2629 3381/3594/2627 3380/3593/2626
f 1344/1428/1098 1346/1430/1098 3381/3594/2627 3382/3595/2628
f 3383/1630/2629 1519/1627/1309 3382/3595/2628 3381/3594/2627
f 1342/1426/1098 1344/1428/1098 3382/3595/2628 3384/3596/2630
f 1519/1627/1309 1517/1626/1307 3384/3596/2630 3382/3595/2628
f 1340/1424/1098 1342/1426/1098 3384/3596/2630 3385/3597/2631
f 1517/1626/1307 1515/1625/1305 3385/3597/2631 3384/3596/2630
f 1338/1422/1098 1340/1424/1098 3385/3597/2631 3386/3598/2632
f 1515/1625/1305 3388/1610/2634 3386/3598/2632 3385/3597/2631
f 1336/1420/1098 1338/1422/1098 3386/3598/2632 3387/3599/2633
f 3388/1610/2634 1505/1607/1295 3387/3599/2633 3386/3598/2632
f 1334/1418/1098 1336/1420/1098 3387/3599/2633 3389/3600/2635
f 1505/1607/1295 1503/1606/1293 3389/3600/2635 3387/3599/2633
f 1332/1416/1098 1334/1418/1098 3389/3600/2635 3390/3601/2636
f 1503/1606/1293 1501/1605/1291 3390/3601/2636 3389/3600/2635
f 1330/1414/1098 1332/1416/1098 3390/3601/2636 1486/1583/1276
f 1501/1605/1291 1488/1584/1278 1486/1583/1276 3390/3601/2636
f 1474/1571/1264 1484/1580/1274 1490/1587/1280 1472/1570/1262
f 1305/3602/1227 3391/3603/2637 1100/1171/1093 1102/1172/1095
f 3391/3603/2637 1305/3602/1227 1303/3604/1225 3393/3605/2638
f 3391/3603/2637 3392/3606/1085 3553/1161/1087 1100/1171/1093
f 3392/3606/1085 3391/3603/2637 3393/3605/2638 3394/3607/1083
f 3395/3608/2639 3396/3609/1081 3394/3607/1083 3393/3605/2638
f 1299/3610/1223 3395/3608/2639 3393/3605/2638 1303/3604/1225
f 3396/3609/1081 3395/3608/2639 3397/3611/2640 3398/3612/1079
f 3395/3608/2639 1299/3610/1223 1297/3613/1221 3397/3611/2640
f 3399/3614/2641 3400/3615/1077 3398/3612/1079 3397/3611/2640
f 1293/3616/1219 3399/3614/2641 3397/3611/2640 1297/3613/1221
f 3400/3615/1077 3399/3614/2641 3401/3617/2642 3402/3618/1075
f 3399/3614/2641 1293/3616/1219 1291/3619/1217 3401/3617/2642
f 3403/3620/2643 3404/3621/1073 3402/3618/1075 3401/3617/2642
f 1287/3622/1215 3403/3620/2643 3401/3617/2642 1291/3619/1217
f 3404/3621/1073 3403/3620/2643 3405/3623/2644 3406/3624/1071
f 3403/3620/2643 1287/3622/1215 1285/3625/1213 3405/3623/2644
f 3407/3626/2645 3408/3627/1069 3406/3624/1071 3405/3623/2644
f 1281/3628/1211 3407/3626/2645 3405/3623/2644 1285/3625/1213
f 3408/3627/1069 3407/3626/2645 3409/3629/2646 3410/3630/1067
f 3407/3626/2645 1281/3628/1211 1279/3631/1209 3409/3629/2646
f 3411/3632/2647 3412/3633/1065 3410/3630/1067 3409/3629/2646
f 1275/3634/1207 3411/3632/2647 3409/3629/2646 1279/3631/1209
f 3412/3633/1065 3411/3632/2647 3413/3635/2648 3414/3636/1063
f 3411/3632/2647 1275/3634/1207 1273/3637/1205 3413/3635/2648
f 3415/3638/2649 3416/3639/1061 3414/3636/1063 3413/3635/2648
f 1269/3640/1203 3415/3638/2649 3413/3635/2648 1273/3637/1205
f 3416/3639/1061 3415/3638/2649 3417/3641/2650 3418/3642/1059
f 3415/3638/2649 1269/3640/1203 1267/3643/1201 3417/3641/2650
f 3419/3644/2651 3420/3645/1057 3418/3642/1059 3417/3641/2650
f 1263/3646/1199 3419/3644/2651 3417/3641/2650 1267/3643/1201
f 3420/3645/1057 3419/3644/2651 3421/3647/2652 3422/3648/1055
f 3419/3644/2651 1263/3646/1199 1261/3649/1197 3421/3647/2652
f 3423/3650/2653 3424/3651/1053 3422/3648/1055 3421/3647/2652
f 1257/3652/1195 3423/3650/2653 3421/3647/2652 1261/3649/1197
f 3424/3651/1053 3423/3650/2653 3425/3653/2654 3426/3654/1051
f 3423/3650/2653 1257/3652/1195 1255/3655/1193 3425/3653/2654
f 3427/3656/2655 3428/3657/1049 3426/3654/1051 3425/3653/2654
f 1251/3658/1191 3427/3656/2655 3425/3653/2654 1255/3655/1193
f 3428/3657/1049 3427/3656/2655 3429/3659/2656 3430/3660/1047
f 3427/3656/2655 1251/3658/1191 1249/3661/1189 3429/3659/2656
f 3431/3662/2657 3432/3663/1045 3430/3660/1047 3429/3659/2656
f 1245/3664/1187 3431/3662/2657 3429/3659/2656 1249/3661/1189
f 3432/3663/1045 3431/3662/2657 3433/3665/2658 3434/3666/1043
f 3431/3662/2657 1245/3664/1187 1243/3667/1185 3433/3665/2658
f 3435/3668/2659 3436/3669/1041 3434/3666/1043 3433/3665/2658
f 1239/3670/1183 3435/3668/2659 3433/3665/2658 1243/3667/1185
f 3436/3669/1041 3435/3668/2659 3437/3671/2660 3438/3672/1039
f 3435/3668/2659 1239/3670/1183 1237/3673/1181 3437/3671/2660
f 3439/3674/2661 3440/3675/1037 3438/3672/1039 3437/3671/2660
f 1233/3676/1179 3439/3674/2661 3437/3671/2660 1237/3673/1181
f 3440/3675/1037 3439/3674/2661 3441/3677/2662 3442/3678/1035
f 3439/3674/2661 1233/3676/1179 1231/3679/1177 3441/3677/2662
f 3443/3680/2663 3444/3681/1033 3442/3678/1035 3441/3677/2662
f 1227/3682/1175 3443/3680/2663 3441/3677/2662 1231/3679/1177
f 3444/3681/1033 3443/3680/2663 3445/3683/2664 3446/3684/1031
f 3443/3680/2663 1227/3682/1175 1225/3685/1173 3445/3683/2664
f 3447/3686/2665 3448/3687/1029 3446/3684/1031 3445/3683/2664
f 1221/3688/1171 3447/3686/2665 3445/3683/2664 1225/3685/1173
f 3448/3687/1029 3447/3686/2665 3449/3689/2666 3450/3690/1027
f 3447/3686/2665 1221/3688/1171 1219/3691/1169 3449/3689/2666
f 3451/3692/2667 3452/3693/1025 3450/3690/1027 3449/3689/2666
f 1215/3694/1167 3451/3692/2667 3449/3689/2666 1219/3691/1169
f 3452/3693/1025 3451/3692/2667 3453/3695/2668 3454/3696/1023
f 3451/3692/2667 1215/3694/1167 1213/3697/1165 3453/3695/2668
f 3455/3698/2669 3456/3699/1021 3454/3696/1023 3453/3695/2668
f 1209/3700/1163 3455/3698/2669 3453/3695/2668 1213/3697/1165
f 3456/3699/1021 3455/3698/2669 3457/3701/2670 3458/3702/1019
f 3455/3698/2669 1209/3700/1163 1207/3703/1161 3457/3701/2670
f 3459/3704/2671 3460/3705/1017 3458/3702/1019 3457/3701/2670
f 1203/3706/1159 3459/3704/2671 3457/3701/2670 1207/3703/1161
f 3460/3705/1017 3459/3704/2671 3461/3707/2672 3462/3708/1015
f 3459/3704/2671 1203/3706/1159 1201/3709/1157 3461/3707/2672
f 3463/3710/2673 3464/3711/1013 3462/3708/1015 3461/3707/2672
f 1197/3712/1155 3463/3710/2673 3461/3707/2672 1201/3709/1157
f 3464/3711/1013 3463/3710/2673 3465/3713/2674 3466/3714/1011
f 3463/3710/2673 1197/3712/1155 1195/3715/1153 3465/3713/2674
f 3467/3716/2675 3468/3717/1009 3466/3714/1011 3465/3713/2674
f 1191/3718/1151 3467/3716/2675 3465/3713/2674 1195/3715/1153
f 3468/3717/1009 3467/3716/2675 3469/3719/2676 3470/3720/1007
f 3467/3716/2675 1191/3718/1151 1189/3721/1149 3469/3719/2676
f 3471/3722/2677 3472/3723/1005 3470/3720/1007 3469/3719/2676
f 1185/3724/1147 3471/3722/2677 3469/3719/2676 1189/3721/1149
f 3472/3723/1005 3471/3722/2677 3473/3725/2678 3474/3726/1003
f 3471/3722/2677 1185/3724/1147 1183/3727/1145 3473/3725/2678
f 3475/3728/2679 3476/3729/1001 3474/3726/1003 3473/3725/2678
f 1179/3730/1143 3475/3728/2679 3473/3725/2678 1183/3727/1145
f 3476/3729/1001 3475/3728/2679 3477/3731/2680 3478/3732/999
f 3475/3728/2679 1179/3730/1143 1177/3733/1141 3477/3731/2680
f 3479/3734/2681 3480/3735/997 3478/3732/999 3477/3731/2680
f 1173/3736/1139 3479/3734/2681 3477/3731/2680 1177/3733/1141
f 3480/3735/997 3479/3734/2681 3481/3737/2682 3482/3738/995
f 3479/3734/2681 1173/3736/1139 1171/3739/1137 3481/3737/2682
f 3483/3740/2683 3484/3741/993 3482/3738/995 3481/3737/2682
f 1167/3742/1135 3483/3740/2683 3481/3737/2682 1171/3739/1137
f 3484/3741/993 3483/3740/2683 3485/3743/2684 3486/3744/991
f 3483/3740/2683 1167/3742/1135 1165/3745/1133 3485/3743/2684
f 3487/3746/2685 3488/3747/989 3486/3744/991 3485/3743/2684
f 1161/3748/1131 3487/3746/2685 3485/3743/2684 1165/3745/1133
f 3488/3747/989 3487/3746/2685 3489/3749/2686 3490/3750/987
f 3487/3746/2685 1161/3748/1131 1159/3751/1129 3489/3749/2686
f 3491/3752/2687 3492/3753/985 3490/3750/987 3489/3749/2686
f 1155/3754/1127 3491/3752/2687 3489/3749/2686 1159/3751/1129
f 3492/3753/985 3491/3752/2687 3493/3755/2688 3494/3756/983
f 3491/3752/2687 1155/3754/1127 1153/3757/1125 3493/3755/2688
f 3495/3758/2689 3496/3759/981 3494/3756/983 3493/3755/2688
f 1149/3760/1123 3495/3758/2689 3493/3755/2688 1153/3757/1125
f 3496/3759/981 3495/3758/2689 3497/3761/2690 3498/3762/979
f 3495/3758/2689 1149/3760/1123 1147/3763/1121 3497/3761/2690
f 1137/1220/1114 1135/1219/977 3498/3762/979 3497/3761/2690
f 1139/1222/1116 1137/1220/1114 3497/3761/2690 1147/3763/1121
f 3500/3764/981 3496/3759/981 3498/3762/979 3499/3765/979
f 1135/1219/977 1133/1218/977 3499/3765/979 3498/3762/979
f 981/995/981 3500/3764/981 3499/3765/979 979/993/979
f 1133/1218/977 977/989/977 979/993/979 3499/3765/979
f 3500/3764/981 981/995/981 983/999/983 3501/3766/983
f 3496/3759/981 3500/3764/981 3501/3766/983 3494/3756/983
f 3502/3767/985 3492/3753/985 3494/3756/983 3501/3766/983
f 985/1001/985 3502/3767/985 3501/3766/983 983/999/983
f 3502/3767/985 985/1001/985 987/1005/987 3503/3768/987
f 3492/3753/985 3502/3767/985 3503/3768/987 3490/3750/987
f 3504/3769/989 3488/3747/989 3490/3750/987 3503/3768/987
f 989/1007/989 3504/3769/989 3503/3768/987 987/1005/987
f 3504/3769/989 989/1007/989 991/1011/991 3505/3770/991
f 3488/3747/989 3504/3769/989 3505/3770/991 3486/3744/991
f 3506/3771/993 3484/3741/993 3486/3744/991 3505/3770/991
f 993/1013/993 3506/3771/993 3505/3770/991 991/1011/991
f 3506/3771/993 993/1013/993 995/1017/995 3507/3772/995
f 3484/3741/993 3506/3771/993 3507/3772/995 3482/3738/995
f 3508/3773/997 3480/3735/997 3482/3738/995 3507/3772/995
f 997/1019/997 3508/3773/997 3507/3772/995 995/1017/995
f 3508/3773/997 997/1019/997 999/1023/999 3509/3774/999
f 3480/3735/997 3508/3773/997 3509/3774/999 3478/3732/999
f 3510/3775/1001 3476/3729/1001 3478/3732/999 3509/3774/999
f 1001/1025/1001 3510/3775/1001 3509/3774/999 999/1023/999
f 3510/3775/1001 1001/1025/1001 1003/1029/1003 3511/3776/1003
f 3476/3729/1001 3510/3775/1001 3511/3776/1003 3474/3726/1003
f 3512/3777/1005 3472/3723/1005 3474/3726/1003 3511/3776/1003
f 1005/1031/1005 3512/3777/1005 3511/3776/1003 1003/1029/1003
f 3512/3777/1005 1005/1031/1005 1007/1035/1007 3513/3778/1007
f 3472/3723/1005 3512/3777/1005 3513/3778/1007 3470/3720/1007
f 3514/3779/1009 3468/3717/1009 3470/3720/1007 3513/3778/1007
f 1009/1037/1009 3514/3779/1009 3513/3778/1007 1007/1035/1007
f 3514/3779/1009 1009/1037/1009 1011/1041/1011 3515/3780/1011
f 3468/3717/1009 3514/3779/1009 3515/3780/1011 3466/3714/1011
f 3516/3781/1013 3464/3711/1013 3466/3714/1011 3515/3780/1011
f 1013/1043/1013 3516/3781/1013 3515/3780/1011 1011/1041/1011
f 3516/3781/1013 1013/1043/1013 1015/1047/1015 3517/3782/1015
f 3464/3711/1013 3516/3781/1013 3517/3782/1015 3462/3708/1015
f 3518/3783/1017 3460/3705/1017 3462/3708/1015 3517/3782/1015
f 1017/1049/1017 3518/3783/1017 3517/3782/1015 1015/1047/1015
f 3518/3783/1017 1017/1049/1017 1019/1053/1019 3519/3784/1019
f 3460/3705/1017 3518/3783/1017 3519/3784/1019 3458/3702/1019
f 3520/3785/1021 3456/3699/1021 3458/3702/1019 3519/3784/1019
f 1021/1055/1021 3520/3785/1021 3519/3784/1019 1019/1053/1019
f 3520/3785/1021 1021/1055/1021 1023/1059/1023 3521/3786/1023
f 3456/3699/1021 3520/3785/1021 3521/3786/1023 3454/3696/1023
f 3522/3787/1025 3452/3693/1025 3454/3696/1023 3521/3786/1023
f 1025/1061/1025 3522/3787/1025 3521/3786/1023 1023/1059/1023
f 3522/3787/1025 1025/1061/1025 1027/1065/1027 3523/3788/1027
f 3452/3693/1025 3522/3787/1025 3523/3788/1027 3450/3690/1027
f 3524/3789/1029 3448/3687/1029 3450/3690/1027 3523/3788/1027
f 1029/1067/1029 3524/3789/1029 3523/3788/1027 1027/1065/1027
f 3524/3789/1029 1029/1067/1029 1031/1071/1031 3525/3790/1031
f 3448/3687/1029 3524/3789/1029 3525/3790/1031 3446/3684/1031
f 3526/3791/1033 3444/3681/1033 3446/3684/1031 3525/3790/1031
f 1033/1073/1033 3526/3791/1033 3525/3790/1031 1031/1071/1031
f 3526/3791/1033 1033/1073/1033 1035/1077/1035 3527/3792/1035
f 3444/3681/1033 3526/3791/1033 3527/3792/1035 3442/3678/1035
f 3528/3793/1037 3440/3675/1037 3442/3678/1035 3527/3792/1035
f 1037/1079/1037 3528/3793/1037 3527/3792/1035 1035/1077/1035
f 3528/3793/1037 1037/1079/1037 1039/1083/1039 3529/3794/1039
f 3440/3675/1037 3528/3793/1037 3529/3794/1039 3438/3672/1039
f 3530/3795/1041 3436/3669/1041 3438/3672/1039 3529/3794/1039
f 1041/1085/1041 3530/3795/1041 3529/3794/1039 1039/1083/1039
f 3530/3795/1041 1041/1085/1041 1043/1089/1043 3531/3796/1043
f 3436/3669/1041 3530/3795/1041 3531/3796/1043 3434/3666/1043
f 3532/3797/1045 3432/3663/1045 3434/3666/1043 3531/3796/1043
f 1045/1091/1045 3532/3797/1045 3531/3796/1043 1043/1089/1043
f 3532/3797/1045 1045/1091/1045 1047/1095/1047 3533/3798/1047
f 3432/3663/1045 3532/3797/1045 3533/3798/1047 3430/3660/1047
f 3534/3799/1049 3428/3657/1049 3430/3660/1047 3533/3798/1047
f 1049/1097/1049 3534/3799/1049 3533/3798/1047 1047/1095/1047
f 3534/3799/1049 1049/1097/1049 1051/1101/1051 3535/3800/1051
f 3428/3657/1049 3534/3799/1049 3535/3800/1051 3426/3654/1051
f 3536/3801/1053 3424/3651/1053 3426/3654/1051 3535/3800/1051
f 1053/1103/1053 3536/3801/1053 3535/3800/1051 1051/1101/1051
f 3536/3801/1053 1053/1103/1053 1055/1107/1055 3537/3802/1055
f 3424/3651/1053 3536/3801/1053 3537/3802/1055 3422/3648/1055
f 3538/3803/1057 3420/3645/1057 3422/3648/1055 3537/3802/1055
f 1057/1109/1057 3538/3803/1057 3537/3802/1055 1055/1107/1055
f 3538/3803/1057 1057/1109/1057 1059/1113/1059 3539/3804/1059
f 3420/3645/1057 3538/3803/1057 3539/3804/1059 3418/3642/1059
f 3540/3805/1061 3416/3639/1061 3418/3642/1059 3539/3804/1059
f 1061/1115/1061 3540/3805/1061 3539/3804/1059 1059/1113/1059
f 3540/3805/1061 1061/1115/1061 1063/1119/1063 3541/3806/1063
f 3416/3639/1061 3540/3805/1061 3541/3806/1063 3414/3636/1063
f 3542/3807/1065 3412/3633/1065 3414/3636/1063 3541/3806/1063
f 1065/1121/1065 3542/3807/1065 3541/3806/1063 1063/1119/1063
f 3542/3807/1065 1065/1121/1065 1067/1125/1067 3543/3808/1067
f 3412/3633/1065 3542/3807/1065 3543/3808/1067 3410/3630/1067
f 3544/3809/1069 3408/3627/1069 3410/3630/1067 3543/3808/1067
f 1069/1127/1069 3544/3809/1069 3543/3808/1067 1067/1125/1067
f 3544/3809/1069 1069/1127/1069 1071/1131/1071 3545/3810/1071
f 3408/3627/1069 3544/3809/1069 3545/3810/1071 3406/3624/1071
f 3546/3811/1073 3404/3621/1073 3406/3624/1071 3545/3810/1071
f 1073/1133/1073 3546/3811/1073 3545/3810/1071 1071/1131/1071
f 3546/3811/1073 1073/1133/1073 1075/1137/1075 3547/3812/1075
f 3404/3621/1073 3546/3811/1073 3547/3812/1075 3402/3618/1075
f 3548/3813/1077 3400/3615/1077 3402/3618/1075 3547/3812/1075
f 1077/1139/1077 3548/3813/1077 3547/3812/1075 1075/1137/1075
f 3548/3813/1077 1077/1139/1077 1079/1143/1079 3549/3814/1079
f 3400/3615/1077 3548/3813/1077 3549/3814/1079 3398/3612/1079
f 3550/3815/1081 3396/3609/1081 3398/3612/1079 3549/3814/1079
f 1081/1145/1081 3550/3815/1081 3549/3814/1079 1079/1143/1079
f 3550/3815/1081 1081/1145/1081 1083/1149/1083 3551/3816/1083
f 3396/3609/1081 3550/3815/1081 3551/3816/1083 3394/3607/1083
f 3552/1156/1085 3392/3606/1085 3394/3607/1083 3551/3816/1083
f 1085/1151/1085 3552/1156/1085 3551/3816/1083 1083/1149/1083
f 3392/3606/1085 3552/1156/1085 1088/1157/1087 3553/1161/1087
